filename,session_root,filepath
0_pollen_890nm_2884mW_u1_poc0p2_10x0p5NA_457s50_g70_z1_256pix_basicFLIM_30f_1_0000.sdt,20260429_KPC_fixed_dishes_on_SLIM,E:\18_RK_Circadian\data\raw\20260429_KPC_fixed_dishes_on_SLIM\0_pollen_890nm_2884mW_u1_poc0p2_10x0p5NA_457s50_g70_z1_256pix_basicFLIM_30f_1_0000.sdt
1_chromablue_740nm_3033mW_u80_poc0_20x0p75NA_457s50_g70_z1_256pix_basicFLIM_30f_0000.sdt,20260429_KPC_fixed_dishes_on_SLIM,E:\18_RK_Circadian\data\raw\20260429_KPC_fixed_dishes_on_SLIM\1_chromablue_740nm_3033mW_u80_poc0_20x0p75NA_457s50_g70_z1_256pix_basicFLIM_30f_0000.sdt
2_urea_740nm_3037mW_u1_poc0_20x0p75NA_370s10_g70_z1_256pix_basicFLIM_30f_0000.sdt,20260429_KPC_fixed_dishes_on_SLIM,E:\18_RK_Circadian\data\raw\20260429_KPC_fixed_dishes_on_SLIM\2_urea_740nm_3037mW_u1_poc0_20x0p75NA_370s10_g70_z1_256pix_basicFLIM_30f_0000.sdt
3_KPCWTformP4num4_740nm_3037mW_u1_poc0p2_20x0p75NA_475s50_g70_z1_256pix_basicFLIM_30f_0000.sdt,20260429_KPC_fixed_dishes_on_SLIM,E:\18_RK_Circadian\data\raw\20260429_KPC_fixed_dishes_on_SLIM\3_KPCWTformP4num4_740nm_3037mW_u1_poc0p2_20x0p75NA_475s50_g70_z1_256pix_basicFLIM_30f_0000.sdt
3_KPCWTformP4num4_740nm_3037mW_u1_poc0p2_20x0p75NA_475s50_g70_z1_256pix_basicFLIM_30f_0001.sdt,20260429_KPC_fixed_dishes_on_SLIM,E:\18_RK_Circadian\data\raw\20260429_KPC_fixed_dishes_on_SLIM\3_KPCWTformP4num4_740nm_3037mW_u1_poc0p2_20x0p75NA_475s50_g70_z1_256pix_basicFLIM_30f_0001.sdt
3_KPCWTformP4num4_740nm_3037mW_u1_poc0p2_20x0p75NA_475s50_g70_z1_256pix_basicFLIM_30f_0002.sdt,20260429_KPC_fixed_dishes_on_SLIM,E:\18_RK_Circadian\data\raw\20260429_KPC_fixed_dishes_on_SLIM\3_KPCWTformP4num4_740nm_3037mW_u1_poc0p2_20x0p75NA_475s50_g70_z1_256pix_basicFLIM_30f_0002.sdt
3_KPCWTformP4num4_740nm_3037mW_u1_poc0p2_20x0p75NA_475s50_g70_z1_256pix_basicFLIM_30f_0003.sdt,20260429_KPC_fixed_dishes_on_SLIM,E:\18_RK_Circadian\data\raw\20260429_KPC_fixed_dishes_on_SLIM\3_KPCWTformP4num4_740nm_3037mW_u1_poc0p2_20x0p75NA_475s50_g70_z1_256pix_basicFLIM_30f_0003.sdt
3_KPCWTformP4num4_740nm_3037mW_u1_poc0p2_20x0p75NA_475s50_g70_z1_256pix_basicFLIM_30f_0004.sdt,20260429_KPC_fixed_dishes_on_SLIM,E:\18_RK_Circadian\data\raw\20260429_KPC_fixed_dishes_on_SLIM\3_KPCWTformP4num4_740nm_3037mW_u1_poc0p2_20x0p75NA_475s50_g70_z1_256pix_basicFLIM_30f_0004.sdt
3_KPCWTformP4num4_740nm_3037mW_u1_poc0p2_20x0p75NA_475s50_g70_z1_256pix_basicFLIM_30f_0005.sdt,20260429_KPC_fixed_dishes_on_SLIM,E:\18_RK_Circadian\data\raw\20260429_KPC_fixed_dishes_on_SLIM\3_KPCWTformP4num4_740nm_3037mW_u1_poc0p2_20x0p75NA_475s50_g70_z1_256pix_basicFLIM_30f_0005.sdt
3_KPCWTformP4num4_740nm_3037mW_u1_poc0p2_20x0p75NA_475s50_g70_z1_256pix_basicFLIM_30f_0006.sdt,20260429_KPC_fixed_dishes_on_SLIM,E:\18_RK_Circadian\data\raw\20260429_KPC_fixed_dishes_on_SLIM\3_KPCWTformP4num4_740nm_3037mW_u1_poc0p2_20x0p75NA_475s50_g70_z1_256pix_basicFLIM_30f_0006.sdt
3_KPCWTformP4num4_740nm_3037mW_u1_poc0p2_20x0p75NA_475s50_g70_z1_256pix_basicFLIM_30f_0007.sdt,20260429_KPC_fixed_dishes_on_SLIM,E:\18_RK_Circadian\data\raw\20260429_KPC_fixed_dishes_on_SLIM\3_KPCWTformP4num4_740nm_3037mW_u1_poc0p2_20x0p75NA_475s50_g70_z1_256pix_basicFLIM_30f_0007.sdt
3_KPCWTformP4num4_740nm_3037mW_u1_poc0p2_20x0p75NA_475s50_g70_z1_256pix_basicFLIM_30f_0008.sdt,20260429_KPC_fixed_dishes_on_SLIM,E:\18_RK_Circadian\data\raw\20260429_KPC_fixed_dishes_on_SLIM\3_KPCWTformP4num4_740nm_3037mW_u1_poc0p2_20x0p75NA_475s50_g70_z1_256pix_basicFLIM_30f_0008.sdt
3_KPCWTformP4num4_740nm_3037mW_u1_poc0p2_20x0p75NA_475s50_g70_z1_256pix_basicFLIM_30f_0009.sdt,20260429_KPC_fixed_dishes_on_SLIM,E:\18_RK_Circadian\data\raw\20260429_KPC_fixed_dishes_on_SLIM\3_KPCWTformP4num4_740nm_3037mW_u1_poc0p2_20x0p75NA_475s50_g70_z1_256pix_basicFLIM_30f_0009.sdt
3_KPCWTformP4num4_pos5_740nm_3037mW_u1_poc0p2_20x0p75NA_475s50_g70_z1_256pix_basicFLIM_30f_0010.sdt,20260429_KPC_fixed_dishes_on_SLIM,E:\18_RK_Circadian\data\raw\20260429_KPC_fixed_dishes_on_SLIM\3_KPCWTformP4num4_pos5_740nm_3037mW_u1_poc0p2_20x0p75NA_475s50_g70_z1_256pix_basicFLIM_30f_0010.sdt
3_KPCWTformP4num4_pos6_740nm_3037mW_u1_poc0p2_20x0p75NA_475s50_g70_z1_256pix_basicFLIM_30f_0011.sdt,20260429_KPC_fixed_dishes_on_SLIM,E:\18_RK_Circadian\data\raw\20260429_KPC_fixed_dishes_on_SLIM\3_KPCWTformP4num4_pos6_740nm_3037mW_u1_poc0p2_20x0p75NA_475s50_g70_z1_256pix_basicFLIM_30f_0011.sdt
3_KPCWTformP4num4_pos7_740nm_3037mW_u1_poc0p2_20x0p75NA_475s50_g70_z1_256pix_basicFLIM_30f_0012.sdt,20260429_KPC_fixed_dishes_on_SLIM,E:\18_RK_Circadian\data\raw\20260429_KPC_fixed_dishes_on_SLIM\3_KPCWTformP4num4_pos7_740nm_3037mW_u1_poc0p2_20x0p75NA_475s50_g70_z1_256pix_basicFLIM_30f_0012.sdt
3_KPCWTformP4num4_740nm_3037mW_u1_poc0p2_20x0p75NA_535s50_g70_z1_256pix_basicFLIM_90f_0000.sdt,20260429_KPC_fixed_dishes_on_SLIM,E:\18_RK_Circadian\data\raw\20260429_KPC_fixed_dishes_on_SLIM\3_KPCWTformP4num4_740nm_3037mW_u1_poc0p2_20x0p75NA_535s50_g70_z1_256pix_basicFLIM_90f_0000.sdt
3_KPCWTformP4num4_740nm_3037mW_u1_poc0p2_20x0p75NA_535s50_g70_z1_256pix_basicFLIM_90f_0001.sdt,20260429_KPC_fixed_dishes_on_SLIM,E:\18_RK_Circadian\data\raw\20260429_KPC_fixed_dishes_on_SLIM\3_KPCWTformP4num4_740nm_3037mW_u1_poc0p2_20x0p75NA_535s50_g70_z1_256pix_basicFLIM_90f_0001.sdt
3_KPCWTformP4num4_740nm_3037mW_u1_poc0p2_20x0p75NA_535s50_g70_z1_256pix_basicFLIM_90f_0002.sdt,20260429_KPC_fixed_dishes_on_SLIM,E:\18_RK_Circadian\data\raw\20260429_KPC_fixed_dishes_on_SLIM\3_KPCWTformP4num4_740nm_3037mW_u1_poc0p2_20x0p75NA_535s50_g70_z1_256pix_basicFLIM_90f_0002.sdt
3_KPCWTformP4num4_740nm_3037mW_u1_poc0p2_20x0p75NA_535s50_g70_z1_256pix_basicFLIM_90f_0003.sdt,20260429_KPC_fixed_dishes_on_SLIM,E:\18_RK_Circadian\data\raw\20260429_KPC_fixed_dishes_on_SLIM\3_KPCWTformP4num4_740nm_3037mW_u1_poc0p2_20x0p75NA_535s50_g70_z1_256pix_basicFLIM_90f_0003.sdt
3_KPCWTformP4num4_740nm_3037mW_u1_poc0p2_20x0p75NA_535s50_g70_z1_256pix_basicFLIM_90f_0004.sdt,20260429_KPC_fixed_dishes_on_SLIM,E:\18_RK_Circadian\data\raw\20260429_KPC_fixed_dishes_on_SLIM\3_KPCWTformP4num4_740nm_3037mW_u1_poc0p2_20x0p75NA_535s50_g70_z1_256pix_basicFLIM_90f_0004.sdt
3_KPCWTformP4num4_740nm_3037mW_u1_poc0p2_20x0p75NA_535s50_g70_z1_256pix_basicFLIM_90f_0005.sdt,20260429_KPC_fixed_dishes_on_SLIM,E:\18_RK_Circadian\data\raw\20260429_KPC_fixed_dishes_on_SLIM\3_KPCWTformP4num4_740nm_3037mW_u1_poc0p2_20x0p75NA_535s50_g70_z1_256pix_basicFLIM_90f_0005.sdt
3_KPCWTformP4num4_740nm_3037mW_u1_poc0p2_20x0p75NA_535s50_g70_z1_256pix_basicFLIM_90f_0006.sdt,20260429_KPC_fixed_dishes_on_SLIM,E:\18_RK_Circadian\data\raw\20260429_KPC_fixed_dishes_on_SLIM\3_KPCWTformP4num4_740nm_3037mW_u1_poc0p2_20x0p75NA_535s50_g70_z1_256pix_basicFLIM_90f_0006.sdt
3_KPCWTformP4num4_740nm_3037mW_u1_poc0p2_20x0p75NA_535s50_g70_z1_256pix_basicFLIM_90f_0007.sdt,20260429_KPC_fixed_dishes_on_SLIM,E:\18_RK_Circadian\data\raw\20260429_KPC_fixed_dishes_on_SLIM\3_KPCWTformP4num4_740nm_3037mW_u1_poc0p2_20x0p75NA_535s50_g70_z1_256pix_basicFLIM_90f_0007.sdt
3_KPCWTformP4num4_740nm_3037mW_u1_poc0p2_20x0p75NA_535s50_g70_z1_256pix_basicFLIM_90f_0008.sdt,20260429_KPC_fixed_dishes_on_SLIM,E:\18_RK_Circadian\data\raw\20260429_KPC_fixed_dishes_on_SLIM\3_KPCWTformP4num4_740nm_3037mW_u1_poc0p2_20x0p75NA_535s50_g70_z1_256pix_basicFLIM_90f_0008.sdt
3_KPCWTformP4num4_740nm_3037mW_u1_poc0p2_20x0p75NA_535s50_g70_z1_256pix_basicFLIM_90f_0009.sdt,20260429_KPC_fixed_dishes_on_SLIM,E:\18_RK_Circadian\data\raw\20260429_KPC_fixed_dishes_on_SLIM\3_KPCWTformP4num4_740nm_3037mW_u1_poc0p2_20x0p75NA_535s50_g70_z1_256pix_basicFLIM_90f_0009.sdt
4_KPCWT0416formP4num3_740nm_3037mW_u1_poc0p2_20x0p75NA_457s50_g70_z1_256pix_basicFLIM_90f_0000.sdt,20260429_KPC_fixed_dishes_on_SLIM,E:\18_RK_Circadian\data\raw\20260429_KPC_fixed_dishes_on_SLIM\4_KPCWT0416formP4num3_740nm_3037mW_u1_poc0p2_20x0p75NA_457s50_g70_z1_256pix_basicFLIM_90f_0000.sdt
4_KPCWT0416formP4num3_740nm_3037mW_u1_poc0p2_20x0p75NA_457s50_g70_z1_256pix_basicFLIM_90f_0001.sdt,20260429_KPC_fixed_dishes_on_SLIM,E:\18_RK_Circadian\data\raw\20260429_KPC_fixed_dishes_on_SLIM\4_KPCWT0416formP4num3_740nm_3037mW_u1_poc0p2_20x0p75NA_457s50_g70_z1_256pix_basicFLIM_90f_0001.sdt
4_KPCWT0416formP4num3_740nm_3037mW_u1_poc0p2_20x0p75NA_457s50_g70_z1_256pix_basicFLIM_90f_0002.sdt,20260429_KPC_fixed_dishes_on_SLIM,E:\18_RK_Circadian\data\raw\20260429_KPC_fixed_dishes_on_SLIM\4_KPCWT0416formP4num3_740nm_3037mW_u1_poc0p2_20x0p75NA_457s50_g70_z1_256pix_basicFLIM_90f_0002.sdt
4_KPCWT0416formP4num3_740nm_3037mW_u1_poc0p2_20x0p75NA_457s50_g70_z1_256pix_basicFLIM_90f_0003.sdt,20260429_KPC_fixed_dishes_on_SLIM,E:\18_RK_Circadian\data\raw\20260429_KPC_fixed_dishes_on_SLIM\4_KPCWT0416formP4num3_740nm_3037mW_u1_poc0p2_20x0p75NA_457s50_g70_z1_256pix_basicFLIM_90f_0003.sdt
4_KPCWT0416formP4num3_740nm_3037mW_u1_poc0p2_20x0p75NA_457s50_g70_z1_256pix_basicFLIM_90f_0004.sdt,20260429_KPC_fixed_dishes_on_SLIM,E:\18_RK_Circadian\data\raw\20260429_KPC_fixed_dishes_on_SLIM\4_KPCWT0416formP4num3_740nm_3037mW_u1_poc0p2_20x0p75NA_457s50_g70_z1_256pix_basicFLIM_90f_0004.sdt
4_KPCWT0416formP4num3_740nm_3037mW_u1_poc0p2_20x0p75NA_457s50_g70_z1_256pix_basicFLIM_90f_0005.sdt,20260429_KPC_fixed_dishes_on_SLIM,E:\18_RK_Circadian\data\raw\20260429_KPC_fixed_dishes_on_SLIM\4_KPCWT0416formP4num3_740nm_3037mW_u1_poc0p2_20x0p75NA_457s50_g70_z1_256pix_basicFLIM_90f_0005.sdt
4_KPCWT0416formP4num3_740nm_3037mW_u1_poc0p2_20x0p75NA_457s50_g70_z1_256pix_basicFLIM_90f_0006.sdt,20260429_KPC_fixed_dishes_on_SLIM,E:\18_RK_Circadian\data\raw\20260429_KPC_fixed_dishes_on_SLIM\4_KPCWT0416formP4num3_740nm_3037mW_u1_poc0p2_20x0p75NA_457s50_g70_z1_256pix_basicFLIM_90f_0006.sdt
4_KPCWT0416formP4num3_740nm_3037mW_u1_poc0p2_20x0p75NA_457s50_g70_z1_256pix_basicFLIM_90f_0007.sdt,20260429_KPC_fixed_dishes_on_SLIM,E:\18_RK_Circadian\data\raw\20260429_KPC_fixed_dishes_on_SLIM\4_KPCWT0416formP4num3_740nm_3037mW_u1_poc0p2_20x0p75NA_457s50_g70_z1_256pix_basicFLIM_90f_0007.sdt
4_KPCWT0416formP4num3_740nm_3037mW_u1_poc0p2_20x0p75NA_457s50_g70_z1_256pix_basicFLIM_90f_0008.sdt,20260429_KPC_fixed_dishes_on_SLIM,E:\18_RK_Circadian\data\raw\20260429_KPC_fixed_dishes_on_SLIM\4_KPCWT0416formP4num3_740nm_3037mW_u1_poc0p2_20x0p75NA_457s50_g70_z1_256pix_basicFLIM_90f_0008.sdt
4_KPCWT0416formP4num3_740nm_3037mW_u1_poc0p2_20x0p75NA_457s50_g70_z1_256pix_basicFLIM_90f_0009.sdt,20260429_KPC_fixed_dishes_on_SLIM,E:\18_RK_Circadian\data\raw\20260429_KPC_fixed_dishes_on_SLIM\4_KPCWT0416formP4num3_740nm_3037mW_u1_poc0p2_20x0p75NA_457s50_g70_z1_256pix_basicFLIM_90f_0009.sdt
4_KPCWT0416formP4num3_740nm_3037mW_u1_poc0p2_20x0p75NA_535s50_g70_z1_256pix_basicFLIM_90f_0000.sdt,20260429_KPC_fixed_dishes_on_SLIM,E:\18_RK_Circadian\data\raw\20260429_KPC_fixed_dishes_on_SLIM\4_KPCWT0416formP4num3_740nm_3037mW_u1_poc0p2_20x0p75NA_535s50_g70_z1_256pix_basicFLIM_90f_0000.sdt
4_KPCWT0416formP4num3_740nm_3037mW_u1_poc0p2_20x0p75NA_535s50_g70_z1_256pix_basicFLIM_90f_0001.sdt,20260429_KPC_fixed_dishes_on_SLIM,E:\18_RK_Circadian\data\raw\20260429_KPC_fixed_dishes_on_SLIM\4_KPCWT0416formP4num3_740nm_3037mW_u1_poc0p2_20x0p75NA_535s50_g70_z1_256pix_basicFLIM_90f_0001.sdt
4_KPCWT0416formP4num3_740nm_3037mW_u1_poc0p2_20x0p75NA_535s50_g70_z1_256pix_basicFLIM_90f_0002.sdt,20260429_KPC_fixed_dishes_on_SLIM,E:\18_RK_Circadian\data\raw\20260429_KPC_fixed_dishes_on_SLIM\4_KPCWT0416formP4num3_740nm_3037mW_u1_poc0p2_20x0p75NA_535s50_g70_z1_256pix_basicFLIM_90f_0002.sdt
4_KPCWT0416formP4num3_740nm_3037mW_u1_poc0p2_20x0p75NA_535s50_g70_z1_256pix_basicFLIM_90f_0003.sdt,20260429_KPC_fixed_dishes_on_SLIM,E:\18_RK_Circadian\data\raw\20260429_KPC_fixed_dishes_on_SLIM\4_KPCWT0416formP4num3_740nm_3037mW_u1_poc0p2_20x0p75NA_535s50_g70_z1_256pix_basicFLIM_90f_0003.sdt
4_KPCWT0416formP4num3_740nm_3037mW_u1_poc0p2_20x0p75NA_535s50_g70_z1_256pix_basicFLIM_90f_0004.sdt,20260429_KPC_fixed_dishes_on_SLIM,E:\18_RK_Circadian\data\raw\20260429_KPC_fixed_dishes_on_SLIM\4_KPCWT0416formP4num3_740nm_3037mW_u1_poc0p2_20x0p75NA_535s50_g70_z1_256pix_basicFLIM_90f_0004.sdt
4_KPCWT0416formP4num3_740nm_3037mW_u1_poc0p2_20x0p75NA_535s50_g70_z1_256pix_basicFLIM_90f_0005.sdt,20260429_KPC_fixed_dishes_on_SLIM,E:\18_RK_Circadian\data\raw\20260429_KPC_fixed_dishes_on_SLIM\4_KPCWT0416formP4num3_740nm_3037mW_u1_poc0p2_20x0p75NA_535s50_g70_z1_256pix_basicFLIM_90f_0005.sdt
4_KPCWT0416formP4num3_740nm_3037mW_u1_poc0p2_20x0p75NA_535s50_g70_z1_256pix_basicFLIM_90f_0006.sdt,20260429_KPC_fixed_dishes_on_SLIM,E:\18_RK_Circadian\data\raw\20260429_KPC_fixed_dishes_on_SLIM\4_KPCWT0416formP4num3_740nm_3037mW_u1_poc0p2_20x0p75NA_535s50_g70_z1_256pix_basicFLIM_90f_0006.sdt
4_KPCWT0416formP4num3_740nm_3037mW_u1_poc0p2_20x0p75NA_535s50_g70_z1_256pix_basicFLIM_90f_0007.sdt,20260429_KPC_fixed_dishes_on_SLIM,E:\18_RK_Circadian\data\raw\20260429_KPC_fixed_dishes_on_SLIM\4_KPCWT0416formP4num3_740nm_3037mW_u1_poc0p2_20x0p75NA_535s50_g70_z1_256pix_basicFLIM_90f_0007.sdt
4_KPCWT0416formP4num3_740nm_3037mW_u1_poc0p2_20x0p75NA_535s50_g70_z1_256pix_basicFLIM_90f_0008.sdt,20260429_KPC_fixed_dishes_on_SLIM,E:\18_RK_Circadian\data\raw\20260429_KPC_fixed_dishes_on_SLIM\4_KPCWT0416formP4num3_740nm_3037mW_u1_poc0p2_20x0p75NA_535s50_g70_z1_256pix_basicFLIM_90f_0008.sdt
4_KPCWT0416formP4num3_740nm_3037mW_u1_poc0p2_20x0p75NA_535s50_g70_z1_256pix_basicFLIM_90f_0009.sdt,20260429_KPC_fixed_dishes_on_SLIM,E:\18_RK_Circadian\data\raw\20260429_KPC_fixed_dishes_on_SLIM\4_KPCWT0416formP4num3_740nm_3037mW_u1_poc0p2_20x0p75NA_535s50_g70_z1_256pix_basicFLIM_90f_0009.sdt
5_urea_740nm_3038mW_u1_poc0_20x0p75NA_370s10_g70_z1_256pix_basicFLIM_30f_0000.sdt,20260429_KPC_fixed_dishes_on_SLIM,E:\18_RK_Circadian\data\raw\20260429_KPC_fixed_dishes_on_SLIM\5_urea_740nm_3038mW_u1_poc0_20x0p75NA_370s10_g70_z1_256pix_basicFLIM_30f_0000.sdt
6_chromablue_740nm_3040mW_u80_poc0_20x0p75NA_457s50_g70_z1_256pix_basicFLIM_30f_0000.sdt,20260429_KPC_fixed_dishes_on_SLIM,E:\18_RK_Circadian\data\raw\20260429_KPC_fixed_dishes_on_SLIM\6_chromablue_740nm_3040mW_u80_poc0_20x0p75NA_457s50_g70_z1_256pix_basicFLIM_30f_0000.sdt
7_pollen_890nm_2876mW_u1_poc0p2_10x0p5NA_457s50_g70_z1_256pix_basicFLIM_30f_0000.sdt,20260429_KPC_fixed_dishes_on_SLIM,E:\18_RK_Circadian\data\raw\20260429_KPC_fixed_dishes_on_SLIM\7_pollen_890nm_2876mW_u1_poc0p2_10x0p5NA_457s50_g70_z1_256pix_basicFLIM_30f_0000.sdt
7_pollen_890nm_2876mW_u1_poc0p2_10x0p5NA_457s50_g70_z1_256pix_basicFLIM_30f_0001.sdt,20260429_KPC_fixed_dishes_on_SLIM,E:\18_RK_Circadian\data\raw\20260429_KPC_fixed_dishes_on_SLIM\7_pollen_890nm_2876mW_u1_poc0p2_10x0p5NA_457s50_g70_z1_256pix_basicFLIM_30f_0001.sdt
0_pollen_890nm_2881mW_u1_poc0p2_10x0p5NA_457s50_g70_z1_256pix_basicFLIM_30f_0000.sdt,20260501_KPC_fixed_dishes_on_SLIM,E:\18_RK_Circadian\data\raw\20260501_KPC_fixed_dishes_on_SLIM\batch1\0_pollen_890nm_2881mW_u1_poc0p2_10x0p5NA_457s50_g70_z1_256pix_basicFLIM_30f_0000.sdt
1_chromablue_740nm_3026mW_u80_poc0_20x0p75NA_457s50_g70_z1_256pix_basicFLIM_45f_0000.sdt,20260501_KPC_fixed_dishes_on_SLIM,E:\18_RK_Circadian\data\raw\20260501_KPC_fixed_dishes_on_SLIM\batch1\1_chromablue_740nm_3026mW_u80_poc0_20x0p75NA_457s50_g70_z1_256pix_basicFLIM_45f_0000.sdt
2_urea_740nm_3024mW_u1_poc0_20x0p75NA_370s10_g70_z1_256pix_basicFLIM_45f_0000.sdt,20260501_KPC_fixed_dishes_on_SLIM,E:\18_RK_Circadian\data\raw\20260501_KPC_fixed_dishes_on_SLIM\batch1\2_urea_740nm_3024mW_u1_poc0_20x0p75NA_370s10_g70_z1_256pix_basicFLIM_45f_0000.sdt
3_KPCWT0430glu10min_740nm_3024mW_u1_poc0p15_20x0p75NA_457s50_g70_z1_256pix_basicFLIM_90f_0000.sdt,20260501_KPC_fixed_dishes_on_SLIM,E:\18_RK_Circadian\data\raw\20260501_KPC_fixed_dishes_on_SLIM\batch1\3_KPCWT0430glu10min_740nm_3024mW_u1_poc0p15_20x0p75NA_457s50_g70_z1_256pix_basicFLIM_90f_0000.sdt
3_KPCWT0430glu10min_740nm_3024mW_u1_poc0p2_20x0p75NA_457s50_g70_z1_256pix_basicFLIM_120f_0000.sdt,20260501_KPC_fixed_dishes_on_SLIM,E:\18_RK_Circadian\data\raw\20260501_KPC_fixed_dishes_on_SLIM\batch1\3_KPCWT0430glu10min_740nm_3024mW_u1_poc0p2_20x0p75NA_457s50_g70_z1_256pix_basicFLIM_120f_0000.sdt
3_KPCWT0430glu10min_740nm_3024mW_u1_poc0p2_20x0p75NA_457s50_g70_z1_256pix_basicFLIM_120f_0001.sdt,20260501_KPC_fixed_dishes_on_SLIM,E:\18_RK_Circadian\data\raw\20260501_KPC_fixed_dishes_on_SLIM\batch1\3_KPCWT0430glu10min_740nm_3024mW_u1_poc0p2_20x0p75NA_457s50_g70_z1_256pix_basicFLIM_120f_0001.sdt
3_KPCWT0430glu10min_740nm_3024mW_u1_poc0p2_20x0p75NA_457s50_g70_z1_256pix_basicFLIM_120f_0002.sdt,20260501_KPC_fixed_dishes_on_SLIM,E:\18_RK_Circadian\data\raw\20260501_KPC_fixed_dishes_on_SLIM\batch1\3_KPCWT0430glu10min_740nm_3024mW_u1_poc0p2_20x0p75NA_457s50_g70_z1_256pix_basicFLIM_120f_0002.sdt
3_KPCWT0430glu10min_740nm_3024mW_u1_poc0p2_20x0p75NA_457s50_g70_z1_256pix_basicFLIM_120f_0003.sdt,20260501_KPC_fixed_dishes_on_SLIM,E:\18_RK_Circadian\data\raw\20260501_KPC_fixed_dishes_on_SLIM\batch1\3_KPCWT0430glu10min_740nm_3024mW_u1_poc0p2_20x0p75NA_457s50_g70_z1_256pix_basicFLIM_120f_0003.sdt
3_KPCWT0430glu10min_740nm_3024mW_u1_poc0p2_20x0p75NA_457s50_g70_z1_256pix_basicFLIM_120f_0004.sdt,20260501_KPC_fixed_dishes_on_SLIM,E:\18_RK_Circadian\data\raw\20260501_KPC_fixed_dishes_on_SLIM\batch1\3_KPCWT0430glu10min_740nm_3024mW_u1_poc0p2_20x0p75NA_457s50_g70_z1_256pix_basicFLIM_120f_0004.sdt
3_KPCWT0430glu10min_740nm_3024mW_u1_poc0p2_20x0p75NA_457s50_g70_z1_256pix_basicFLIM_120f_0005.sdt,20260501_KPC_fixed_dishes_on_SLIM,E:\18_RK_Circadian\data\raw\20260501_KPC_fixed_dishes_on_SLIM\batch1\3_KPCWT0430glu10min_740nm_3024mW_u1_poc0p2_20x0p75NA_457s50_g70_z1_256pix_basicFLIM_120f_0005.sdt
3_KPCWT0430glu10min_740nm_3024mW_u1_poc0p2_20x0p75NA_457s50_g70_z1_256pix_basicFLIM_120f_0006.sdt,20260501_KPC_fixed_dishes_on_SLIM,E:\18_RK_Circadian\data\raw\20260501_KPC_fixed_dishes_on_SLIM\batch1\3_KPCWT0430glu10min_740nm_3024mW_u1_poc0p2_20x0p75NA_457s50_g70_z1_256pix_basicFLIM_120f_0006.sdt
3_KPCWT0430glu10min_740nm_3024mW_u1_poc0p2_20x0p75NA_457s50_g70_z1_256pix_basicFLIM_120f_0007.sdt,20260501_KPC_fixed_dishes_on_SLIM,E:\18_RK_Circadian\data\raw\20260501_KPC_fixed_dishes_on_SLIM\batch1\3_KPCWT0430glu10min_740nm_3024mW_u1_poc0p2_20x0p75NA_457s50_g70_z1_256pix_basicFLIM_120f_0007.sdt
3_KPCWT0430glu10min_740nm_3024mW_u1_poc0p2_20x0p75NA_457s50_g70_z1_256pix_basicFLIM_120f_0008.sdt,20260501_KPC_fixed_dishes_on_SLIM,E:\18_RK_Circadian\data\raw\20260501_KPC_fixed_dishes_on_SLIM\batch1\3_KPCWT0430glu10min_740nm_3024mW_u1_poc0p2_20x0p75NA_457s50_g70_z1_256pix_basicFLIM_120f_0008.sdt
3_KPCWT0430glu10min_740nm_3024mW_u1_poc0p2_20x0p75NA_457s50_g70_z1_256pix_basicFLIM_120f_0009.sdt,20260501_KPC_fixed_dishes_on_SLIM,E:\18_RK_Circadian\data\raw\20260501_KPC_fixed_dishes_on_SLIM\batch1\3_KPCWT0430glu10min_740nm_3024mW_u1_poc0p2_20x0p75NA_457s50_g70_z1_256pix_basicFLIM_120f_0009.sdt
3_KPCWT0430glu10min_740nm_3024mW_u1_poc0p2_20x0p75NA_535s50_g70_z1_256pix_basicFLIM_120f_0000.sdt,20260501_KPC_fixed_dishes_on_SLIM,E:\18_RK_Circadian\data\raw\20260501_KPC_fixed_dishes_on_SLIM\batch1\3_KPCWT0430glu10min_740nm_3024mW_u1_poc0p2_20x0p75NA_535s50_g70_z1_256pix_basicFLIM_120f_0000.sdt
3_KPCWT0430glu10min_740nm_3024mW_u1_poc0p2_20x0p75NA_535s50_g70_z1_256pix_basicFLIM_120f_0001.sdt,20260501_KPC_fixed_dishes_on_SLIM,E:\18_RK_Circadian\data\raw\20260501_KPC_fixed_dishes_on_SLIM\batch1\3_KPCWT0430glu10min_740nm_3024mW_u1_poc0p2_20x0p75NA_535s50_g70_z1_256pix_basicFLIM_120f_0001.sdt
3_KPCWT0430glu10min_740nm_3024mW_u1_poc0p2_20x0p75NA_535s50_g70_z1_256pix_basicFLIM_120f_0002.sdt,20260501_KPC_fixed_dishes_on_SLIM,E:\18_RK_Circadian\data\raw\20260501_KPC_fixed_dishes_on_SLIM\batch1\3_KPCWT0430glu10min_740nm_3024mW_u1_poc0p2_20x0p75NA_535s50_g70_z1_256pix_basicFLIM_120f_0002.sdt
3_KPCWT0430glu10min_740nm_3024mW_u1_poc0p2_20x0p75NA_535s50_g70_z1_256pix_basicFLIM_120f_0003.sdt,20260501_KPC_fixed_dishes_on_SLIM,E:\18_RK_Circadian\data\raw\20260501_KPC_fixed_dishes_on_SLIM\batch1\3_KPCWT0430glu10min_740nm_3024mW_u1_poc0p2_20x0p75NA_535s50_g70_z1_256pix_basicFLIM_120f_0003.sdt
3_KPCWT0430glu10min_740nm_3024mW_u1_poc0p2_20x0p75NA_535s50_g70_z1_256pix_basicFLIM_120f_0004.sdt,20260501_KPC_fixed_dishes_on_SLIM,E:\18_RK_Circadian\data\raw\20260501_KPC_fixed_dishes_on_SLIM\batch1\3_KPCWT0430glu10min_740nm_3024mW_u1_poc0p2_20x0p75NA_535s50_g70_z1_256pix_basicFLIM_120f_0004.sdt
3_KPCWT0430glu10min_740nm_3024mW_u1_poc0p2_20x0p75NA_535s50_g70_z1_256pix_basicFLIM_120f_0005.sdt,20260501_KPC_fixed_dishes_on_SLIM,E:\18_RK_Circadian\data\raw\20260501_KPC_fixed_dishes_on_SLIM\batch1\3_KPCWT0430glu10min_740nm_3024mW_u1_poc0p2_20x0p75NA_535s50_g70_z1_256pix_basicFLIM_120f_0005.sdt
3_KPCWT0430glu10min_740nm_3024mW_u1_poc0p2_20x0p75NA_535s50_g70_z1_256pix_basicFLIM_120f_0006.sdt,20260501_KPC_fixed_dishes_on_SLIM,E:\18_RK_Circadian\data\raw\20260501_KPC_fixed_dishes_on_SLIM\batch1\3_KPCWT0430glu10min_740nm_3024mW_u1_poc0p2_20x0p75NA_535s50_g70_z1_256pix_basicFLIM_120f_0006.sdt
3_KPCWT0430glu10min_740nm_3024mW_u1_poc0p2_20x0p75NA_535s50_g70_z1_256pix_basicFLIM_120f_0007.sdt,20260501_KPC_fixed_dishes_on_SLIM,E:\18_RK_Circadian\data\raw\20260501_KPC_fixed_dishes_on_SLIM\batch1\3_KPCWT0430glu10min_740nm_3024mW_u1_poc0p2_20x0p75NA_535s50_g70_z1_256pix_basicFLIM_120f_0007.sdt
3_KPCWT0430glu10min_740nm_3024mW_u1_poc0p2_20x0p75NA_535s50_g70_z1_256pix_basicFLIM_120f_0008.sdt,20260501_KPC_fixed_dishes_on_SLIM,E:\18_RK_Circadian\data\raw\20260501_KPC_fixed_dishes_on_SLIM\batch1\3_KPCWT0430glu10min_740nm_3024mW_u1_poc0p2_20x0p75NA_535s50_g70_z1_256pix_basicFLIM_120f_0008.sdt
3_KPCWT0430glu10min_740nm_3024mW_u1_poc0p2_20x0p75NA_535s50_g70_z1_256pix_basicFLIM_120f_0009.sdt,20260501_KPC_fixed_dishes_on_SLIM,E:\18_RK_Circadian\data\raw\20260501_KPC_fixed_dishes_on_SLIM\batch1\3_KPCWT0430glu10min_740nm_3024mW_u1_poc0p2_20x0p75NA_535s50_g70_z1_256pix_basicFLIM_120f_0009.sdt
4_BKO0430glu10min_740nm_3024mW_u1_poc0p2_20x0p75NA_535s50_g70_z1_256pix_basicFLIM_60f_0000.sdt,20260501_KPC_fixed_dishes_on_SLIM,E:\18_RK_Circadian\data\raw\20260501_KPC_fixed_dishes_on_SLIM\batch1\4_BKO0430glu10min_740nm_3024mW_u1_poc0p2_20x0p75NA_535s50_g70_z1_256pix_basicFLIM_60f_0000.sdt
4_BKO0430glu10min_740nm_3024mW_u1_poc0p2_20x0p75NA_535s50_g70_z1_256pix_basicFLIM_60f_0001.sdt,20260501_KPC_fixed_dishes_on_SLIM,E:\18_RK_Circadian\data\raw\20260501_KPC_fixed_dishes_on_SLIM\batch1\4_BKO0430glu10min_740nm_3024mW_u1_poc0p2_20x0p75NA_535s50_g70_z1_256pix_basicFLIM_60f_0001.sdt
4_BKO0430glu10min_740nm_3024mW_u1_poc0p2_20x0p75NA_535s50_g70_z1_256pix_basicFLIM_60f_0002.sdt,20260501_KPC_fixed_dishes_on_SLIM,E:\18_RK_Circadian\data\raw\20260501_KPC_fixed_dishes_on_SLIM\batch1\4_BKO0430glu10min_740nm_3024mW_u1_poc0p2_20x0p75NA_535s50_g70_z1_256pix_basicFLIM_60f_0002.sdt
4_BKO0430glu10min_740nm_3024mW_u1_poc0p2_20x0p75NA_535s50_g70_z1_256pix_basicFLIM_60f_0003.sdt,20260501_KPC_fixed_dishes_on_SLIM,E:\18_RK_Circadian\data\raw\20260501_KPC_fixed_dishes_on_SLIM\batch1\4_BKO0430glu10min_740nm_3024mW_u1_poc0p2_20x0p75NA_535s50_g70_z1_256pix_basicFLIM_60f_0003.sdt
4_BKO0430glu10min_740nm_3024mW_u1_poc0p2_20x0p75NA_535s50_g70_z1_256pix_basicFLIM_60f_0004.sdt,20260501_KPC_fixed_dishes_on_SLIM,E:\18_RK_Circadian\data\raw\20260501_KPC_fixed_dishes_on_SLIM\batch1\4_BKO0430glu10min_740nm_3024mW_u1_poc0p2_20x0p75NA_535s50_g70_z1_256pix_basicFLIM_60f_0004.sdt
4_BKO0430glu10min_740nm_3024mW_u1_poc0p2_20x0p75NA_535s50_g70_z1_256pix_basicFLIM_60f_0005.sdt,20260501_KPC_fixed_dishes_on_SLIM,E:\18_RK_Circadian\data\raw\20260501_KPC_fixed_dishes_on_SLIM\batch1\4_BKO0430glu10min_740nm_3024mW_u1_poc0p2_20x0p75NA_535s50_g70_z1_256pix_basicFLIM_60f_0005.sdt
4_BKO0430glu10min_740nm_3024mW_u1_poc0p2_20x0p75NA_535s50_g70_z1_256pix_basicFLIM_60f_0006.sdt,20260501_KPC_fixed_dishes_on_SLIM,E:\18_RK_Circadian\data\raw\20260501_KPC_fixed_dishes_on_SLIM\batch1\4_BKO0430glu10min_740nm_3024mW_u1_poc0p2_20x0p75NA_535s50_g70_z1_256pix_basicFLIM_60f_0006.sdt
4_BKO0430glu10min_740nm_3024mW_u1_poc0p2_20x0p75NA_535s50_g70_z1_256pix_basicFLIM_60f_0007.sdt,20260501_KPC_fixed_dishes_on_SLIM,E:\18_RK_Circadian\data\raw\20260501_KPC_fixed_dishes_on_SLIM\batch1\4_BKO0430glu10min_740nm_3024mW_u1_poc0p2_20x0p75NA_535s50_g70_z1_256pix_basicFLIM_60f_0007.sdt
4_BKO0430glu10min_740nm_3024mW_u1_poc0p2_20x0p75NA_535s50_g70_z1_256pix_basicFLIM_60f_0008.sdt,20260501_KPC_fixed_dishes_on_SLIM,E:\18_RK_Circadian\data\raw\20260501_KPC_fixed_dishes_on_SLIM\batch1\4_BKO0430glu10min_740nm_3024mW_u1_poc0p2_20x0p75NA_535s50_g70_z1_256pix_basicFLIM_60f_0008.sdt
4_BKO0430glu10min_740nm_3024mW_u1_poc0p2_20x0p75NA_535s50_g70_z1_256pix_basicFLIM_60f_0009.sdt,20260501_KPC_fixed_dishes_on_SLIM,E:\18_RK_Circadian\data\raw\20260501_KPC_fixed_dishes_on_SLIM\batch1\4_BKO0430glu10min_740nm_3024mW_u1_poc0p2_20x0p75NA_535s50_g70_z1_256pix_basicFLIM_60f_0009.sdt
4_BKO0430glu10min_740nm_3024mW_u1_poc0p2_20x0p75NA_535s50_g70_z1_256pix_basicFLIM_40f_0000.sdt,20260501_KPC_fixed_dishes_on_SLIM,E:\18_RK_Circadian\data\raw\20260501_KPC_fixed_dishes_on_SLIM\batch1\4_BKO0430glu10min_740nm_3024mW_u1_poc0p2_20x0p75NA_535s50_g70_z1_256pix_basicFLIM_40f_0000.sdt
4_BKO0430glu10min_740nm_3024mW_u1_poc0p2_20x0p75NA_535s50_g70_z1_256pix_basicFLIM_40f_0001.sdt,20260501_KPC_fixed_dishes_on_SLIM,E:\18_RK_Circadian\data\raw\20260501_KPC_fixed_dishes_on_SLIM\batch1\4_BKO0430glu10min_740nm_3024mW_u1_poc0p2_20x0p75NA_535s50_g70_z1_256pix_basicFLIM_40f_0001.sdt
4_BKO0430glu10min_740nm_3024mW_u1_poc0p2_20x0p75NA_535s50_g70_z1_256pix_basicFLIM_40f_0002.sdt,20260501_KPC_fixed_dishes_on_SLIM,E:\18_RK_Circadian\data\raw\20260501_KPC_fixed_dishes_on_SLIM\batch1\4_BKO0430glu10min_740nm_3024mW_u1_poc0p2_20x0p75NA_535s50_g70_z1_256pix_basicFLIM_40f_0002.sdt
4_BKO0430glu10min_740nm_3024mW_u1_poc0p2_20x0p75NA_535s50_g70_z1_256pix_basicFLIM_40f_0003.sdt,20260501_KPC_fixed_dishes_on_SLIM,E:\18_RK_Circadian\data\raw\20260501_KPC_fixed_dishes_on_SLIM\batch1\4_BKO0430glu10min_740nm_3024mW_u1_poc0p2_20x0p75NA_535s50_g70_z1_256pix_basicFLIM_40f_0003.sdt
4_BKO0430glu10min_740nm_3024mW_u1_poc0p2_20x0p75NA_535s50_g70_z1_256pix_basicFLIM_40f_0004.sdt,20260501_KPC_fixed_dishes_on_SLIM,E:\18_RK_Circadian\data\raw\20260501_KPC_fixed_dishes_on_SLIM\batch1\4_BKO0430glu10min_740nm_3024mW_u1_poc0p2_20x0p75NA_535s50_g70_z1_256pix_basicFLIM_40f_0004.sdt
4_BKO0430glu10min_740nm_3024mW_u1_poc0p2_20x0p75NA_535s50_g70_z1_256pix_basicFLIM_40f_0005.sdt,20260501_KPC_fixed_dishes_on_SLIM,E:\18_RK_Circadian\data\raw\20260501_KPC_fixed_dishes_on_SLIM\batch1\4_BKO0430glu10min_740nm_3024mW_u1_poc0p2_20x0p75NA_535s50_g70_z1_256pix_basicFLIM_40f_0005.sdt
4_BKO0430glu10min_740nm_3024mW_u1_poc0p2_20x0p75NA_535s50_g70_z1_256pix_basicFLIM_40f_0006.sdt,20260501_KPC_fixed_dishes_on_SLIM,E:\18_RK_Circadian\data\raw\20260501_KPC_fixed_dishes_on_SLIM\batch1\4_BKO0430glu10min_740nm_3024mW_u1_poc0p2_20x0p75NA_535s50_g70_z1_256pix_basicFLIM_40f_0006.sdt
4_BKO0430glu10min_740nm_3024mW_u1_poc0p2_20x0p75NA_535s50_g70_z1_256pix_basicFLIM_40f_0007.sdt,20260501_KPC_fixed_dishes_on_SLIM,E:\18_RK_Circadian\data\raw\20260501_KPC_fixed_dishes_on_SLIM\batch1\4_BKO0430glu10min_740nm_3024mW_u1_poc0p2_20x0p75NA_535s50_g70_z1_256pix_basicFLIM_40f_0007.sdt
4_BKO0430glu10min_740nm_3024mW_u1_poc0p2_20x0p75NA_535s50_g70_z1_256pix_basicFLIM_40f_0008.sdt,20260501_KPC_fixed_dishes_on_SLIM,E:\18_RK_Circadian\data\raw\20260501_KPC_fixed_dishes_on_SLIM\batch1\4_BKO0430glu10min_740nm_3024mW_u1_poc0p2_20x0p75NA_535s50_g70_z1_256pix_basicFLIM_40f_0008.sdt
4_BKO0430glu10min_740nm_3024mW_u1_poc0p2_20x0p75NA_535s50_g70_z1_256pix_basicFLIM_40f_0009.sdt,20260501_KPC_fixed_dishes_on_SLIM,E:\18_RK_Circadian\data\raw\20260501_KPC_fixed_dishes_on_SLIM\batch1\4_BKO0430glu10min_740nm_3024mW_u1_poc0p2_20x0p75NA_535s50_g70_z1_256pix_basicFLIM_40f_0009.sdt
4_BKO0430glu10min_740nm_3038mW_u1_poc0p2_20x0p75NA_457s50_g70_z1_256pix_basicFLIM_100f_0000.sdt,20260501_KPC_fixed_dishes_on_SLIM,E:\18_RK_Circadian\data\raw\20260501_KPC_fixed_dishes_on_SLIM\batch1\4_BKO0430glu10min_740nm_3038mW_u1_poc0p2_20x0p75NA_457s50_g70_z1_256pix_basicFLIM_100f_0000.sdt
4_BKO0430glu10min_740nm_3038mW_u1_poc0p2_20x0p75NA_457s50_g70_z1_256pix_basicFLIM_100f_0001.sdt,20260501_KPC_fixed_dishes_on_SLIM,E:\18_RK_Circadian\data\raw\20260501_KPC_fixed_dishes_on_SLIM\batch1\4_BKO0430glu10min_740nm_3038mW_u1_poc0p2_20x0p75NA_457s50_g70_z1_256pix_basicFLIM_100f_0001.sdt
4_BKO0430glu10min_740nm_3038mW_u1_poc0p2_20x0p75NA_457s50_g70_z1_256pix_basicFLIM_100f_0002.sdt,20260501_KPC_fixed_dishes_on_SLIM,E:\18_RK_Circadian\data\raw\20260501_KPC_fixed_dishes_on_SLIM\batch1\4_BKO0430glu10min_740nm_3038mW_u1_poc0p2_20x0p75NA_457s50_g70_z1_256pix_basicFLIM_100f_0002.sdt
4_BKO0430glu10min_740nm_3038mW_u1_poc0p2_20x0p75NA_457s50_g70_z1_256pix_basicFLIM_100f_0003.sdt,20260501_KPC_fixed_dishes_on_SLIM,E:\18_RK_Circadian\data\raw\20260501_KPC_fixed_dishes_on_SLIM\batch1\4_BKO0430glu10min_740nm_3038mW_u1_poc0p2_20x0p75NA_457s50_g70_z1_256pix_basicFLIM_100f_0003.sdt
4_BKO0430glu10min_740nm_3038mW_u1_poc0p2_20x0p75NA_457s50_g70_z1_256pix_basicFLIM_100f_0004.sdt,20260501_KPC_fixed_dishes_on_SLIM,E:\18_RK_Circadian\data\raw\20260501_KPC_fixed_dishes_on_SLIM\batch1\4_BKO0430glu10min_740nm_3038mW_u1_poc0p2_20x0p75NA_457s50_g70_z1_256pix_basicFLIM_100f_0004.sdt
4_BKO0430glu10min_740nm_3038mW_u1_poc0p2_20x0p75NA_457s50_g70_z1_256pix_basicFLIM_100f_0005.sdt,20260501_KPC_fixed_dishes_on_SLIM,E:\18_RK_Circadian\data\raw\20260501_KPC_fixed_dishes_on_SLIM\batch1\4_BKO0430glu10min_740nm_3038mW_u1_poc0p2_20x0p75NA_457s50_g70_z1_256pix_basicFLIM_100f_0005.sdt
4_BKO0430glu10min_740nm_3038mW_u1_poc0p2_20x0p75NA_457s50_g70_z1_256pix_basicFLIM_100f_0006.sdt,20260501_KPC_fixed_dishes_on_SLIM,E:\18_RK_Circadian\data\raw\20260501_KPC_fixed_dishes_on_SLIM\batch1\4_BKO0430glu10min_740nm_3038mW_u1_poc0p2_20x0p75NA_457s50_g70_z1_256pix_basicFLIM_100f_0006.sdt
4_BKO0430glu10min_740nm_3038mW_u1_poc0p2_20x0p75NA_457s50_g70_z1_256pix_basicFLIM_100f_0007.sdt,20260501_KPC_fixed_dishes_on_SLIM,E:\18_RK_Circadian\data\raw\20260501_KPC_fixed_dishes_on_SLIM\batch1\4_BKO0430glu10min_740nm_3038mW_u1_poc0p2_20x0p75NA_457s50_g70_z1_256pix_basicFLIM_100f_0007.sdt
4_BKO0430glu10min_740nm_3038mW_u1_poc0p2_20x0p75NA_457s50_g70_z1_256pix_basicFLIM_100f_0008.sdt,20260501_KPC_fixed_dishes_on_SLIM,E:\18_RK_Circadian\data\raw\20260501_KPC_fixed_dishes_on_SLIM\batch1\4_BKO0430glu10min_740nm_3038mW_u1_poc0p2_20x0p75NA_457s50_g70_z1_256pix_basicFLIM_100f_0008.sdt
4_BKO0430glu10min_740nm_3038mW_u1_poc0p2_20x0p75NA_457s50_g70_z1_256pix_basicFLIM_100f_0009.sdt,20260501_KPC_fixed_dishes_on_SLIM,E:\18_RK_Circadian\data\raw\20260501_KPC_fixed_dishes_on_SLIM\batch1\4_BKO0430glu10min_740nm_3038mW_u1_poc0p2_20x0p75NA_457s50_g70_z1_256pix_basicFLIM_100f_0009.sdt
5_urea_740nm_3042mW_u1_poc0_20x0p75NA_370s10_g70_z1_256pix_basicFLIM_45f_0000.sdt,20260501_KPC_fixed_dishes_on_SLIM,E:\18_RK_Circadian\data\raw\20260501_KPC_fixed_dishes_on_SLIM\batch1\5_urea_740nm_3042mW_u1_poc0_20x0p75NA_370s10_g70_z1_256pix_basicFLIM_45f_0000.sdt
6_urea_740nm_3042mW_u1_poc0_20x0p75NA_370s10_g70_z1_256pix_basicFLIM_45f_0000.sdt,20260501_KPC_fixed_dishes_on_SLIM,E:\18_RK_Circadian\data\raw\20260501_KPC_fixed_dishes_on_SLIM\batch1\6_urea_740nm_3042mW_u1_poc0_20x0p75NA_370s10_g70_z1_256pix_basicFLIM_45f_0000.sdt
7_chromablue_740nm_3042mW_u80_poc0_20x0p75NA_457s50_g70_z1_256pix_basicFLIM_45f_0000.sdt,20260501_KPC_fixed_dishes_on_SLIM,E:\18_RK_Circadian\data\raw\20260501_KPC_fixed_dishes_on_SLIM\batch1\7_chromablue_740nm_3042mW_u80_poc0_20x0p75NA_457s50_g70_z1_256pix_basicFLIM_45f_0000.sdt
8_pollen_890nm_2881mW_u1_poc0p2_10x0p5NA_457s50_g70_z1_256pix_basicFLIM_45f_0000.sdt,20260501_KPC_fixed_dishes_on_SLIM,E:\18_RK_Circadian\data\raw\20260501_KPC_fixed_dishes_on_SLIM\batch1\8_pollen_890nm_2881mW_u1_poc0p2_10x0p5NA_457s50_g70_z1_256pix_basicFLIM_45f_0000.sdt
8_pollen_890nm_2881mW_u1_poc0p2_10x0p5NA_457s50_g70_z1_256pix_basicFLIM_45f_0001.sdt,20260501_KPC_fixed_dishes_on_SLIM,E:\18_RK_Circadian\data\raw\20260501_KPC_fixed_dishes_on_SLIM\batch1\8_pollen_890nm_2881mW_u1_poc0p2_10x0p5NA_457s50_g70_z1_256pix_basicFLIM_45f_0001.sdt
9_pollen_890nm_2890mW_u1_poc0p2_10x0p5NA_457s50_g70_z1_256pix_basicFLIM_45f_0000.sdt,20260501_KPC_fixed_dishes_on_SLIM,E:\18_RK_Circadian\data\raw\20260501_KPC_fixed_dishes_on_SLIM\batch2\9_pollen_890nm_2890mW_u1_poc0p2_10x0p5NA_457s50_g70_z1_256pix_basicFLIM_45f_0000.sdt
10_chromablue_740nm_3040mW_u80_poc0_20x0p75NA_457s50_g70_z1_256pix_basicFLIM_45f_0000.sdt,20260501_KPC_fixed_dishes_on_SLIM,E:\18_RK_Circadian\data\raw\20260501_KPC_fixed_dishes_on_SLIM\batch2\10_chromablue_740nm_3040mW_u80_poc0_20x0p75NA_457s50_g70_z1_256pix_basicFLIM_45f_0000.sdt
11_urea_740nm_3046mW_u1_poc0_20x0p75NA_370s10_g70_z1_256pix_basicFLIM_45f_0000.sdt,20260501_KPC_fixed_dishes_on_SLIM,E:\18_RK_Circadian\data\raw\20260501_KPC_fixed_dishes_on_SLIM\batch2\11_urea_740nm_3046mW_u1_poc0_20x0p75NA_370s10_g70_z1_256pix_basicFLIM_45f_0000.sdt
11_urea_740nm_3046mW_u1_poc0_20x0p75NA_370s10_g70_z1_256pix_basicFLIM_45f_0001.sdt,20260501_KPC_fixed_dishes_on_SLIM,E:\18_RK_Circadian\data\raw\20260501_KPC_fixed_dishes_on_SLIM\batch2\11_urea_740nm_3046mW_u1_poc0_20x0p75NA_370s10_g70_z1_256pix_basicFLIM_45f_0001.sdt
12_urea_740nm_3041mW_u1_poc0p1_20x0p75NA_370s10_g70_z1_256pix_basicFLIM_45f_0000.sdt,20260501_KPC_fixed_dishes_on_SLIM,E:\18_RK_Circadian\data\raw\20260501_KPC_fixed_dishes_on_SLIM\batch2\12_urea_740nm_3041mW_u1_poc0p1_20x0p75NA_370s10_g70_z1_256pix_basicFLIM_45f_0000.sdt
13_KPC_live_posn1_740nm_3040mW_u1_poc0p2_20x0p75NA_4570s50_g70_z1_256pix_basicFLIM_120f_0000.sdt,20260501_KPC_fixed_dishes_on_SLIM,E:\18_RK_Circadian\data\raw\20260501_KPC_fixed_dishes_on_SLIM\batch2\13_KPC_live_posn1_740nm_3040mW_u1_poc0p2_20x0p75NA_4570s50_g70_z1_256pix_basicFLIM_120f_0000.sdt
13_KPC_live_posn1_740nm_3040mW_u1_poc0p2_20x0p75NA_4570s50_g70_z1_256pix_basicFLIM_120f_0001.sdt,20260501_KPC_fixed_dishes_on_SLIM,E:\18_RK_Circadian\data\raw\20260501_KPC_fixed_dishes_on_SLIM\batch2\13_KPC_live_posn1_740nm_3040mW_u1_poc0p2_20x0p75NA_4570s50_g70_z1_256pix_basicFLIM_120f_0001.sdt
13_KPC_live_posn1_740nm_3040mW_u1_poc0p2_20x0p75NA_4570s50_g70_z1_256pix_basicFLIM_120f_0002.sdt,20260501_KPC_fixed_dishes_on_SLIM,E:\18_RK_Circadian\data\raw\20260501_KPC_fixed_dishes_on_SLIM\batch2\13_KPC_live_posn1_740nm_3040mW_u1_poc0p2_20x0p75NA_4570s50_g70_z1_256pix_basicFLIM_120f_0002.sdt
13_KPC_live_posn1_740nm_3040mW_u1_poc0p2_20x0p75NA_4570s50_g70_z1_256pix_basicFLIM_120f_0003.sdt,20260501_KPC_fixed_dishes_on_SLIM,E:\18_RK_Circadian\data\raw\20260501_KPC_fixed_dishes_on_SLIM\batch2\13_KPC_live_posn1_740nm_3040mW_u1_poc0p2_20x0p75NA_4570s50_g70_z1_256pix_basicFLIM_120f_0003.sdt
13_KPC_live_posn1b_740nm_3040mW_u1_poc0p2_20x0p75NA_535s50_g70_z1_256pix_basicFLIM_120f_0000.sdt,20260501_KPC_fixed_dishes_on_SLIM,E:\18_RK_Circadian\data\raw\20260501_KPC_fixed_dishes_on_SLIM\batch2\13_KPC_live_posn1b_740nm_3040mW_u1_poc0p2_20x0p75NA_535s50_g70_z1_256pix_basicFLIM_120f_0000.sdt
13_KPC_live_posn1b_740nm_3040mW_u1_poc0p2_20x0p75NA_535s50_g70_z1_256pix_basicFLIM_120f_0001.sdt,20260501_KPC_fixed_dishes_on_SLIM,E:\18_RK_Circadian\data\raw\20260501_KPC_fixed_dishes_on_SLIM\batch2\13_KPC_live_posn1b_740nm_3040mW_u1_poc0p2_20x0p75NA_535s50_g70_z1_256pix_basicFLIM_120f_0001.sdt
13_KPC_live_posn1b_740nm_3040mW_u1_poc0p2_20x0p75NA_535s50_g70_z1_256pix_basicFLIM_120f_0002.sdt,20260501_KPC_fixed_dishes_on_SLIM,E:\18_RK_Circadian\data\raw\20260501_KPC_fixed_dishes_on_SLIM\batch2\13_KPC_live_posn1b_740nm_3040mW_u1_poc0p2_20x0p75NA_535s50_g70_z1_256pix_basicFLIM_120f_0002.sdt
13_KPC_live_posn1b_740nm_3040mW_u1_poc0p2_20x0p75NA_535s50_g70_z1_256pix_basicFLIM_120f_0003.sdt,20260501_KPC_fixed_dishes_on_SLIM,E:\18_RK_Circadian\data\raw\20260501_KPC_fixed_dishes_on_SLIM\batch2\13_KPC_live_posn1b_740nm_3040mW_u1_poc0p2_20x0p75NA_535s50_g70_z1_256pix_basicFLIM_120f_0003.sdt
14_KPC_live_posn2_740nm_3040mW_u1_poc0p2_20x0p75NA_535s50_g70_z1_256pix_basicFLIM_120f_0000.sdt,20260501_KPC_fixed_dishes_on_SLIM,E:\18_RK_Circadian\data\raw\20260501_KPC_fixed_dishes_on_SLIM\batch2\14_KPC_live_posn2_740nm_3040mW_u1_poc0p2_20x0p75NA_535s50_g70_z1_256pix_basicFLIM_120f_0000.sdt
14_KPC_live_posn2_740nm_3040mW_u1_poc0p2_20x0p75NA_535s50_g70_z1_256pix_basicFLIM_120f_0001.sdt,20260501_KPC_fixed_dishes_on_SLIM,E:\18_RK_Circadian\data\raw\20260501_KPC_fixed_dishes_on_SLIM\batch2\14_KPC_live_posn2_740nm_3040mW_u1_poc0p2_20x0p75NA_535s50_g70_z1_256pix_basicFLIM_120f_0001.sdt
14_KPC_live_posn2_740nm_3040mW_u1_poc0p2_20x0p75NA_535s50_g70_z1_256pix_basicFLIM_120f_0002.sdt,20260501_KPC_fixed_dishes_on_SLIM,E:\18_RK_Circadian\data\raw\20260501_KPC_fixed_dishes_on_SLIM\batch2\14_KPC_live_posn2_740nm_3040mW_u1_poc0p2_20x0p75NA_535s50_g70_z1_256pix_basicFLIM_120f_0002.sdt
14_KPC_live_posn2_740nm_3040mW_u1_poc0p2_20x0p75NA_457s50_g70_z1_256pix_basicFLIM_120f_0000.sdt,20260501_KPC_fixed_dishes_on_SLIM,E:\18_RK_Circadian\data\raw\20260501_KPC_fixed_dishes_on_SLIM\batch2\14_KPC_live_posn2_740nm_3040mW_u1_poc0p2_20x0p75NA_457s50_g70_z1_256pix_basicFLIM_120f_0000.sdt
14_KPC_live_posn2_740nm_3040mW_u1_poc0p2_20x0p75NA_457s50_g70_z1_256pix_basicFLIM_120f_0001.sdt,20260501_KPC_fixed_dishes_on_SLIM,E:\18_RK_Circadian\data\raw\20260501_KPC_fixed_dishes_on_SLIM\batch2\14_KPC_live_posn2_740nm_3040mW_u1_poc0p2_20x0p75NA_457s50_g70_z1_256pix_basicFLIM_120f_0001.sdt
14_KPC_live_posn2_740nm_3040mW_u1_poc0p2_20x0p75NA_457s50_g70_z1_256pix_basicFLIM_120f_0002.sdt,20260501_KPC_fixed_dishes_on_SLIM,E:\18_RK_Circadian\data\raw\20260501_KPC_fixed_dishes_on_SLIM\batch2\14_KPC_live_posn2_740nm_3040mW_u1_poc0p2_20x0p75NA_457s50_g70_z1_256pix_basicFLIM_120f_0002.sdt
15_KPC_live_posn3_740nm_3040mW_u1_poc0p2_20x0p75NA_457s50_g70_z1_256pix_basicFLIM_120f_0000.sdt,20260501_KPC_fixed_dishes_on_SLIM,E:\18_RK_Circadian\data\raw\20260501_KPC_fixed_dishes_on_SLIM\batch2\15_KPC_live_posn3_740nm_3040mW_u1_poc0p2_20x0p75NA_457s50_g70_z1_256pix_basicFLIM_120f_0000.sdt
15_KPC_live_posn3_740nm_3040mW_u1_poc0p2_20x0p75NA_457s50_g70_z1_256pix_basicFLIM_120f_0001.sdt,20260501_KPC_fixed_dishes_on_SLIM,E:\18_RK_Circadian\data\raw\20260501_KPC_fixed_dishes_on_SLIM\batch2\15_KPC_live_posn3_740nm_3040mW_u1_poc0p2_20x0p75NA_457s50_g70_z1_256pix_basicFLIM_120f_0001.sdt
15_KPC_live_posn3_740nm_3040mW_u1_poc0p2_20x0p75NA_457s50_g70_z1_256pix_basicFLIM_120f_0002.sdt,20260501_KPC_fixed_dishes_on_SLIM,E:\18_RK_Circadian\data\raw\20260501_KPC_fixed_dishes_on_SLIM\batch2\15_KPC_live_posn3_740nm_3040mW_u1_poc0p2_20x0p75NA_457s50_g70_z1_256pix_basicFLIM_120f_0002.sdt
15_KPC_live_posn3_740nm_3040mW_u1_poc0p2_20x0p75NA_457s50_g70_z1_256pix_basicFLIM_120f_0003.sdt,20260501_KPC_fixed_dishes_on_SLIM,E:\18_RK_Circadian\data\raw\20260501_KPC_fixed_dishes_on_SLIM\batch2\15_KPC_live_posn3_740nm_3040mW_u1_poc0p2_20x0p75NA_457s50_g70_z1_256pix_basicFLIM_120f_0003.sdt
15_KPC_live_posn3_740nm_3040mW_u1_poc0p2_20x0p75NA_457s50_g70_z1_256pix_basicFLIM_120f_0004.sdt,20260501_KPC_fixed_dishes_on_SLIM,E:\18_RK_Circadian\data\raw\20260501_KPC_fixed_dishes_on_SLIM\batch2\15_KPC_live_posn3_740nm_3040mW_u1_poc0p2_20x0p75NA_457s50_g70_z1_256pix_basicFLIM_120f_0004.sdt
15_KPC_live_posn3_740nm_3040mW_u1_poc0p2_20x0p75NA_535s50_g70_z1_256pix_basicFLIM_120f_0000.sdt,20260501_KPC_fixed_dishes_on_SLIM,E:\18_RK_Circadian\data\raw\20260501_KPC_fixed_dishes_on_SLIM\batch2\15_KPC_live_posn3_740nm_3040mW_u1_poc0p2_20x0p75NA_535s50_g70_z1_256pix_basicFLIM_120f_0000.sdt
15_KPC_live_posn3_740nm_3040mW_u1_poc0p2_20x0p75NA_535s50_g70_z1_256pix_basicFLIM_120f_0001.sdt,20260501_KPC_fixed_dishes_on_SLIM,E:\18_RK_Circadian\data\raw\20260501_KPC_fixed_dishes_on_SLIM\batch2\15_KPC_live_posn3_740nm_3040mW_u1_poc0p2_20x0p75NA_535s50_g70_z1_256pix_basicFLIM_120f_0001.sdt
15_KPC_live_posn3_740nm_3040mW_u1_poc0p2_20x0p75NA_535s50_g70_z1_256pix_basicFLIM_120f_0002.sdt,20260501_KPC_fixed_dishes_on_SLIM,E:\18_RK_Circadian\data\raw\20260501_KPC_fixed_dishes_on_SLIM\batch2\15_KPC_live_posn3_740nm_3040mW_u1_poc0p2_20x0p75NA_535s50_g70_z1_256pix_basicFLIM_120f_0002.sdt
15_KPC_live_posn3_740nm_3040mW_u1_poc0p2_20x0p75NA_535s50_g70_z1_256pix_basicFLIM_120f_0003.sdt,20260501_KPC_fixed_dishes_on_SLIM,E:\18_RK_Circadian\data\raw\20260501_KPC_fixed_dishes_on_SLIM\batch2\15_KPC_live_posn3_740nm_3040mW_u1_poc0p2_20x0p75NA_535s50_g70_z1_256pix_basicFLIM_120f_0003.sdt
15_KPC_live_posn3_740nm_3040mW_u1_poc0p2_20x0p75NA_535s50_g70_z1_256pix_basicFLIM_120f_0004.sdt,20260501_KPC_fixed_dishes_on_SLIM,E:\18_RK_Circadian\data\raw\20260501_KPC_fixed_dishes_on_SLIM\batch2\15_KPC_live_posn3_740nm_3040mW_u1_poc0p2_20x0p75NA_535s50_g70_z1_256pix_basicFLIM_120f_0004.sdt
16_KPC_live_posn4_740nm_3040mW_u1_poc0p2_20x0p75NA_535s50_g70_z1_256pix_basicFLIM_120f_0000.sdt,20260501_KPC_fixed_dishes_on_SLIM,E:\18_RK_Circadian\data\raw\20260501_KPC_fixed_dishes_on_SLIM\batch2\16_KPC_live_posn4_740nm_3040mW_u1_poc0p2_20x0p75NA_535s50_g70_z1_256pix_basicFLIM_120f_0000.sdt
16_KPC_live_posn4_740nm_3040mW_u1_poc0p2_20x0p75NA_535s50_g70_z1_256pix_basicFLIM_120f_0001.sdt,20260501_KPC_fixed_dishes_on_SLIM,E:\18_RK_Circadian\data\raw\20260501_KPC_fixed_dishes_on_SLIM\batch2\16_KPC_live_posn4_740nm_3040mW_u1_poc0p2_20x0p75NA_535s50_g70_z1_256pix_basicFLIM_120f_0001.sdt
16_KPC_live_posn4_740nm_3040mW_u1_poc0p2_20x0p75NA_535s50_g70_z1_256pix_basicFLIM_120f_0002.sdt,20260501_KPC_fixed_dishes_on_SLIM,E:\18_RK_Circadian\data\raw\20260501_KPC_fixed_dishes_on_SLIM\batch2\16_KPC_live_posn4_740nm_3040mW_u1_poc0p2_20x0p75NA_535s50_g70_z1_256pix_basicFLIM_120f_0002.sdt
16_KPC_live_posn4_740nm_3040mW_u1_poc0p2_20x0p75NA_535s50_g70_z1_256pix_basicFLIM_120f_0003.sdt,20260501_KPC_fixed_dishes_on_SLIM,E:\18_RK_Circadian\data\raw\20260501_KPC_fixed_dishes_on_SLIM\batch2\16_KPC_live_posn4_740nm_3040mW_u1_poc0p2_20x0p75NA_535s50_g70_z1_256pix_basicFLIM_120f_0003.sdt
16_KPC_live_posn4_740nm_3040mW_u1_poc0p2_20x0p75NA_457s50_g70_z1_256pix_basicFLIM_120f_0000.sdt,20260501_KPC_fixed_dishes_on_SLIM,E:\18_RK_Circadian\data\raw\20260501_KPC_fixed_dishes_on_SLIM\batch2\16_KPC_live_posn4_740nm_3040mW_u1_poc0p2_20x0p75NA_457s50_g70_z1_256pix_basicFLIM_120f_0000.sdt
16_KPC_live_posn4_740nm_3040mW_u1_poc0p2_20x0p75NA_457s50_g70_z1_256pix_basicFLIM_120f_0001.sdt,20260501_KPC_fixed_dishes_on_SLIM,E:\18_RK_Circadian\data\raw\20260501_KPC_fixed_dishes_on_SLIM\batch2\16_KPC_live_posn4_740nm_3040mW_u1_poc0p2_20x0p75NA_457s50_g70_z1_256pix_basicFLIM_120f_0001.sdt
16_KPC_live_posn4_740nm_3040mW_u1_poc0p2_20x0p75NA_457s50_g70_z1_256pix_basicFLIM_120f_0002.sdt,20260501_KPC_fixed_dishes_on_SLIM,E:\18_RK_Circadian\data\raw\20260501_KPC_fixed_dishes_on_SLIM\batch2\16_KPC_live_posn4_740nm_3040mW_u1_poc0p2_20x0p75NA_457s50_g70_z1_256pix_basicFLIM_120f_0002.sdt
16_KPC_live_posn4_740nm_3040mW_u1_poc0p2_20x0p75NA_457s50_g70_z1_256pix_basicFLIM_120f_0003.sdt,20260501_KPC_fixed_dishes_on_SLIM,E:\18_RK_Circadian\data\raw\20260501_KPC_fixed_dishes_on_SLIM\batch2\16_KPC_live_posn4_740nm_3040mW_u1_poc0p2_20x0p75NA_457s50_g70_z1_256pix_basicFLIM_120f_0003.sdt
17_KPC_live_posn5_740nm_3040mW_u1_poc0p2_20x0p75NA_457s50_g70_z1_256pix_basicFLIM_120f_0000.sdt,20260501_KPC_fixed_dishes_on_SLIM,E:\18_RK_Circadian\data\raw\20260501_KPC_fixed_dishes_on_SLIM\batch2\17_KPC_live_posn5_740nm_3040mW_u1_poc0p2_20x0p75NA_457s50_g70_z1_256pix_basicFLIM_120f_0000.sdt
17_KPC_live_posn5_740nm_3040mW_u1_poc0p2_20x0p75NA_457s50_g70_z1_256pix_basicFLIM_120f_0001.sdt,20260501_KPC_fixed_dishes_on_SLIM,E:\18_RK_Circadian\data\raw\20260501_KPC_fixed_dishes_on_SLIM\batch2\17_KPC_live_posn5_740nm_3040mW_u1_poc0p2_20x0p75NA_457s50_g70_z1_256pix_basicFLIM_120f_0001.sdt
17_KPC_live_posn5_740nm_3040mW_u1_poc0p2_20x0p75NA_457s50_g70_z1_256pix_basicFLIM_120f_0002.sdt,20260501_KPC_fixed_dishes_on_SLIM,E:\18_RK_Circadian\data\raw\20260501_KPC_fixed_dishes_on_SLIM\batch2\17_KPC_live_posn5_740nm_3040mW_u1_poc0p2_20x0p75NA_457s50_g70_z1_256pix_basicFLIM_120f_0002.sdt
17_KPC_live_posn5_740nm_3040mW_u1_poc0p2_20x0p75NA_457s50_g70_z1_256pix_basicFLIM_120f_0003.sdt,20260501_KPC_fixed_dishes_on_SLIM,E:\18_RK_Circadian\data\raw\20260501_KPC_fixed_dishes_on_SLIM\batch2\17_KPC_live_posn5_740nm_3040mW_u1_poc0p2_20x0p75NA_457s50_g70_z1_256pix_basicFLIM_120f_0003.sdt
17_KPC_live_posn5_740nm_3040mW_u1_poc0p2_20x0p75NA_457s50_g70_z1_256pix_basicFLIM_120f_0004.sdt,20260501_KPC_fixed_dishes_on_SLIM,E:\18_RK_Circadian\data\raw\20260501_KPC_fixed_dishes_on_SLIM\batch2\17_KPC_live_posn5_740nm_3040mW_u1_poc0p2_20x0p75NA_457s50_g70_z1_256pix_basicFLIM_120f_0004.sdt
17_KPC_live_posn5_740nm_3040mW_u1_poc0p2_20x0p75NA_535s50_g70_z1_256pix_basicFLIM_120f_0000.sdt,20260501_KPC_fixed_dishes_on_SLIM,E:\18_RK_Circadian\data\raw\20260501_KPC_fixed_dishes_on_SLIM\batch2\17_KPC_live_posn5_740nm_3040mW_u1_poc0p2_20x0p75NA_535s50_g70_z1_256pix_basicFLIM_120f_0000.sdt
17_KPC_live_posn5_740nm_3040mW_u1_poc0p2_20x0p75NA_535s50_g70_z1_256pix_basicFLIM_120f_0001.sdt,20260501_KPC_fixed_dishes_on_SLIM,E:\18_RK_Circadian\data\raw\20260501_KPC_fixed_dishes_on_SLIM\batch2\17_KPC_live_posn5_740nm_3040mW_u1_poc0p2_20x0p75NA_535s50_g70_z1_256pix_basicFLIM_120f_0001.sdt
17_KPC_live_posn5_740nm_3040mW_u1_poc0p2_20x0p75NA_535s50_g70_z1_256pix_basicFLIM_120f_0002.sdt,20260501_KPC_fixed_dishes_on_SLIM,E:\18_RK_Circadian\data\raw\20260501_KPC_fixed_dishes_on_SLIM\batch2\17_KPC_live_posn5_740nm_3040mW_u1_poc0p2_20x0p75NA_535s50_g70_z1_256pix_basicFLIM_120f_0002.sdt
17_KPC_live_posn5_740nm_3040mW_u1_poc0p2_20x0p75NA_535s50_g70_z1_256pix_basicFLIM_120f_0003.sdt,20260501_KPC_fixed_dishes_on_SLIM,E:\18_RK_Circadian\data\raw\20260501_KPC_fixed_dishes_on_SLIM\batch2\17_KPC_live_posn5_740nm_3040mW_u1_poc0p2_20x0p75NA_535s50_g70_z1_256pix_basicFLIM_120f_0003.sdt
17_KPC_live_posn5_740nm_3040mW_u1_poc0p2_20x0p75NA_535s50_g70_z1_256pix_basicFLIM_120f_0004.sdt,20260501_KPC_fixed_dishes_on_SLIM,E:\18_RK_Circadian\data\raw\20260501_KPC_fixed_dishes_on_SLIM\batch2\17_KPC_live_posn5_740nm_3040mW_u1_poc0p2_20x0p75NA_535s50_g70_z1_256pix_basicFLIM_120f_0004.sdt
18_urea_740nm_3040mW_u1_poc0_20x0p75NA_370s10_g70_z1_256pix_basicFLIM_45f_0000.sdt,20260501_KPC_fixed_dishes_on_SLIM,E:\18_RK_Circadian\data\raw\20260501_KPC_fixed_dishes_on_SLIM\batch2\18_urea_740nm_3040mW_u1_poc0_20x0p75NA_370s10_g70_z1_256pix_basicFLIM_45f_0000.sdt
19_chromablue_740nm_3040mW_u1_poc0_20x0p75NA_457s50_g70_z0p5_256pix_basicFLIM_45f_0000.sdt,20260501_KPC_fixed_dishes_on_SLIM,E:\18_RK_Circadian\data\raw\20260501_KPC_fixed_dishes_on_SLIM\batch2\19_chromablue_740nm_3040mW_u1_poc0_20x0p75NA_457s50_g70_z0p5_256pix_basicFLIM_45f_0000.sdt
19_chromablue_740nm_3040mW_u1_poc0_20x0p75NA_457s50_g70_z1_256pix_basicFLIM_45f_0000.sdt,20260501_KPC_fixed_dishes_on_SLIM,E:\18_RK_Circadian\data\raw\20260501_KPC_fixed_dishes_on_SLIM\batch2\19_chromablue_740nm_3040mW_u1_poc0_20x0p75NA_457s50_g70_z1_256pix_basicFLIM_45f_0000.sdt
20_pollen_890nm_2879mW_u1_poc0p2_10x0p5NA_457s50_g70_z1_256pix_basicFLIM_30f_0000.sdt,20260501_KPC_fixed_dishes_on_SLIM,E:\18_RK_Circadian\data\raw\20260501_KPC_fixed_dishes_on_SLIM\batch2\20_pollen_890nm_2879mW_u1_poc0p2_10x0p5NA_457s50_g70_z1_256pix_basicFLIM_30f_0000.sdt
0_pollen_890nm_2878mW_u1_poc0p2_10x0p5NA_457s50_g70_z1_256pix_basicFLIM_45f_0000.sdt,20260508_KPC_live_on_SLIM,E:\18_RK_Circadian\data\raw\20260508_KPC_live_on_SLIM\0_pollen_890nm_2878mW_u1_poc0p2_10x0p5NA_457s50_g70_z1_256pix_basicFLIM_45f_0000.sdt
1_chromablue_740nm_3030mW_u80_poc0_20x0p75NA_457s50_g70_z1_256pix_basicFLIM_45f_0000.sdt,20260508_KPC_live_on_SLIM,E:\18_RK_Circadian\data\raw\20260508_KPC_live_on_SLIM\1_chromablue_740nm_3030mW_u80_poc0_20x0p75NA_457s50_g70_z1_256pix_basicFLIM_45f_0000.sdt
2_urea_740nm_3033mW_u1_poc0_20x0p75NA_370s10_g70_z1_256pix_basicFLIM_45f_0000.sdt,20260508_KPC_live_on_SLIM,E:\18_RK_Circadian\data\raw\20260508_KPC_live_on_SLIM\2_urea_740nm_3033mW_u1_poc0_20x0p75NA_370s10_g70_z1_256pix_basicFLIM_45f_0000.sdt
3_KPCWTlive_740nm_3033mW_u1_poc0p2_20x0p75NA_475s50_g70_z1_256pix_basicFLIM_120f_0000.sdt,20260508_KPC_live_on_SLIM,E:\18_RK_Circadian\data\raw\20260508_KPC_live_on_SLIM\3_KPCWTlive_740nm_3033mW_u1_poc0p2_20x0p75NA_475s50_g70_z1_256pix_basicFLIM_120f_0000.sdt
3_KPCWTlive_740nm_3033mW_u1_poc0p2_20x0p75NA_475s50_g70_z1_256pix_basicFLIM_120f_0001.sdt,20260508_KPC_live_on_SLIM,E:\18_RK_Circadian\data\raw\20260508_KPC_live_on_SLIM\3_KPCWTlive_740nm_3033mW_u1_poc0p2_20x0p75NA_475s50_g70_z1_256pix_basicFLIM_120f_0001.sdt
3_KPCWTlive_740nm_3033mW_u1_poc0p2_20x0p75NA_475s50_g70_z1_256pix_basicFLIM_120f_0002.sdt,20260508_KPC_live_on_SLIM,E:\18_RK_Circadian\data\raw\20260508_KPC_live_on_SLIM\3_KPCWTlive_740nm_3033mW_u1_poc0p2_20x0p75NA_475s50_g70_z1_256pix_basicFLIM_120f_0002.sdt
3_KPCWTlive_740nm_3033mW_u1_poc0p2_20x0p75NA_475s50_g70_z1_256pix_basicFLIM_120f_0003.sdt,20260508_KPC_live_on_SLIM,E:\18_RK_Circadian\data\raw\20260508_KPC_live_on_SLIM\3_KPCWTlive_740nm_3033mW_u1_poc0p2_20x0p75NA_475s50_g70_z1_256pix_basicFLIM_120f_0003.sdt
3_KPCWTlive_740nm_3033mW_u1_poc0p2_20x0p75NA_475s50_g70_z1_256pix_basicFLIM_120f_0004.sdt,20260508_KPC_live_on_SLIM,E:\18_RK_Circadian\data\raw\20260508_KPC_live_on_SLIM\3_KPCWTlive_740nm_3033mW_u1_poc0p2_20x0p75NA_475s50_g70_z1_256pix_basicFLIM_120f_0004.sdt
3_KPCWTlive_740nm_3033mW_u1_poc0p2_20x0p75NA_475s50_g70_z1_256pix_basicFLIM_120f_0005.sdt,20260508_KPC_live_on_SLIM,E:\18_RK_Circadian\data\raw\20260508_KPC_live_on_SLIM\3_KPCWTlive_740nm_3033mW_u1_poc0p2_20x0p75NA_475s50_g70_z1_256pix_basicFLIM_120f_0005.sdt
3_KPCWTlive_740nm_3033mW_u1_poc0p2_20x0p75NA_475s50_g70_z1_256pix_basicFLIM_120f_0006.sdt,20260508_KPC_live_on_SLIM,E:\18_RK_Circadian\data\raw\20260508_KPC_live_on_SLIM\3_KPCWTlive_740nm_3033mW_u1_poc0p2_20x0p75NA_475s50_g70_z1_256pix_basicFLIM_120f_0006.sdt
3_KPCWTlive_740nm_3033mW_u1_poc0p2_20x0p75NA_475s50_g70_z1_256pix_basicFLIM_120f_0007.sdt,20260508_KPC_live_on_SLIM,E:\18_RK_Circadian\data\raw\20260508_KPC_live_on_SLIM\3_KPCWTlive_740nm_3033mW_u1_poc0p2_20x0p75NA_475s50_g70_z1_256pix_basicFLIM_120f_0007.sdt
3_KPCWTlive_740nm_3033mW_u1_poc0p2_20x0p75NA_475s50_g70_z1_256pix_basicFLIM_120f_0008.sdt,20260508_KPC_live_on_SLIM,E:\18_RK_Circadian\data\raw\20260508_KPC_live_on_SLIM\3_KPCWTlive_740nm_3033mW_u1_poc0p2_20x0p75NA_475s50_g70_z1_256pix_basicFLIM_120f_0008.sdt
3_KPCWTlive_740nm_3033mW_u1_poc0p2_20x0p75NA_475s50_g70_z1_256pix_basicFLIM_120f_0009.sdt,20260508_KPC_live_on_SLIM,E:\18_RK_Circadian\data\raw\20260508_KPC_live_on_SLIM\3_KPCWTlive_740nm_3033mW_u1_poc0p2_20x0p75NA_475s50_g70_z1_256pix_basicFLIM_120f_0009.sdt
3_KPCWTlive_740nm_3033mW_u1_poc0p2_20x0p75NA_475s50_g70_z1_256pix_basicFLIM_120f_0010.sdt,20260508_KPC_live_on_SLIM,E:\18_RK_Circadian\data\raw\20260508_KPC_live_on_SLIM\3_KPCWTlive_740nm_3033mW_u1_poc0p2_20x0p75NA_475s50_g70_z1_256pix_basicFLIM_120f_0010.sdt
3_KPCWTlive_740nm_3033mW_u1_poc0p2_20x0p75NA_475s50_g70_z1_256pix_basicFLIM_120f_0011.sdt,20260508_KPC_live_on_SLIM,E:\18_RK_Circadian\data\raw\20260508_KPC_live_on_SLIM\3_KPCWTlive_740nm_3033mW_u1_poc0p2_20x0p75NA_475s50_g70_z1_256pix_basicFLIM_120f_0011.sdt
3_KPCWTlive_740nm_3033mW_u1_poc0p2_20x0p75NA_475s50_g70_z1_256pix_basicFLIM_120f_0012.sdt,20260508_KPC_live_on_SLIM,E:\18_RK_Circadian\data\raw\20260508_KPC_live_on_SLIM\3_KPCWTlive_740nm_3033mW_u1_poc0p2_20x0p75NA_475s50_g70_z1_256pix_basicFLIM_120f_0012.sdt
3_KPCWTlive_740nm_3033mW_u1_poc0p2_20x0p75NA_475s50_g70_z1_256pix_basicFLIM_120f_0013.sdt,20260508_KPC_live_on_SLIM,E:\18_RK_Circadian\data\raw\20260508_KPC_live_on_SLIM\3_KPCWTlive_740nm_3033mW_u1_poc0p2_20x0p75NA_475s50_g70_z1_256pix_basicFLIM_120f_0013.sdt
3_KPCWTlive_740nm_3033mW_u1_poc0p2_20x0p75NA_475s50_g70_z1_256pix_basicFLIM_120f_0014.sdt,20260508_KPC_live_on_SLIM,E:\18_RK_Circadian\data\raw\20260508_KPC_live_on_SLIM\3_KPCWTlive_740nm_3033mW_u1_poc0p2_20x0p75NA_475s50_g70_z1_256pix_basicFLIM_120f_0014.sdt
3_KPCWTlive_740nm_3033mW_u1_poc0p2_20x0p75NA_475s50_g70_z1_256pix_basicFLIM_120f_0015.sdt,20260508_KPC_live_on_SLIM,E:\18_RK_Circadian\data\raw\20260508_KPC_live_on_SLIM\3_KPCWTlive_740nm_3033mW_u1_poc0p2_20x0p75NA_475s50_g70_z1_256pix_basicFLIM_120f_0015.sdt
3_KPCWTlive_740nm_3033mW_u1_poc0p2_20x0p75NA_475s50_g70_z1_256pix_basicFLIM_120f_0016.sdt,20260508_KPC_live_on_SLIM,E:\18_RK_Circadian\data\raw\20260508_KPC_live_on_SLIM\3_KPCWTlive_740nm_3033mW_u1_poc0p2_20x0p75NA_475s50_g70_z1_256pix_basicFLIM_120f_0016.sdt
3_KPCWTlive_740nm_3033mW_u1_poc0p2_20x0p75NA_475s50_g70_z1_256pix_basicFLIM_120f_0017.sdt,20260508_KPC_live_on_SLIM,E:\18_RK_Circadian\data\raw\20260508_KPC_live_on_SLIM\3_KPCWTlive_740nm_3033mW_u1_poc0p2_20x0p75NA_475s50_g70_z1_256pix_basicFLIM_120f_0017.sdt
3_KPCWTlive_740nm_3033mW_u1_poc0p2_20x0p75NA_475s50_g70_z1_256pix_basicFLIM_120f_0018.sdt,20260508_KPC_live_on_SLIM,E:\18_RK_Circadian\data\raw\20260508_KPC_live_on_SLIM\3_KPCWTlive_740nm_3033mW_u1_poc0p2_20x0p75NA_475s50_g70_z1_256pix_basicFLIM_120f_0018.sdt
3_KPCWTlive_740nm_3033mW_u1_poc0p2_20x0p75NA_475s50_g70_z1_256pix_basicFLIM_120f_0019.sdt,20260508_KPC_live_on_SLIM,E:\18_RK_Circadian\data\raw\20260508_KPC_live_on_SLIM\3_KPCWTlive_740nm_3033mW_u1_poc0p2_20x0p75NA_475s50_g70_z1_256pix_basicFLIM_120f_0019.sdt
3_KPCWTlive_740nm_3033mW_u1_poc0p2_20x0p75NA_475s50_g70_z1_256pix_basicFLIM_120f_0020.sdt,20260508_KPC_live_on_SLIM,E:\18_RK_Circadian\data\raw\20260508_KPC_live_on_SLIM\3_KPCWTlive_740nm_3033mW_u1_poc0p2_20x0p75NA_475s50_g70_z1_256pix_basicFLIM_120f_0020.sdt
3_KPCWTlive_740nm_3033mW_u1_poc0p2_20x0p75NA_475s50_g70_z1_256pix_basicFLIM_120f_0021.sdt,20260508_KPC_live_on_SLIM,E:\18_RK_Circadian\data\raw\20260508_KPC_live_on_SLIM\3_KPCWTlive_740nm_3033mW_u1_poc0p2_20x0p75NA_475s50_g70_z1_256pix_basicFLIM_120f_0021.sdt
3_KPCWTlive_740nm_3033mW_u1_poc0p2_20x0p75NA_475s50_g70_z1_256pix_basicFLIM_120f_0022.sdt,20260508_KPC_live_on_SLIM,E:\18_RK_Circadian\data\raw\20260508_KPC_live_on_SLIM\3_KPCWTlive_740nm_3033mW_u1_poc0p2_20x0p75NA_475s50_g70_z1_256pix_basicFLIM_120f_0022.sdt
3_KPCWTlive_740nm_3033mW_u1_poc0p2_20x0p75NA_475s50_g70_z1_256pix_basicFLIM_120f_0023.sdt,20260508_KPC_live_on_SLIM,E:\18_RK_Circadian\data\raw\20260508_KPC_live_on_SLIM\3_KPCWTlive_740nm_3033mW_u1_poc0p2_20x0p75NA_475s50_g70_z1_256pix_basicFLIM_120f_0023.sdt
3_KPCWTlive_740nm_3033mW_u1_poc0p2_20x0p75NA_475s50_g70_z1_256pix_basicFLIM_120f_0024.sdt,20260508_KPC_live_on_SLIM,E:\18_RK_Circadian\data\raw\20260508_KPC_live_on_SLIM\3_KPCWTlive_740nm_3033mW_u1_poc0p2_20x0p75NA_475s50_g70_z1_256pix_basicFLIM_120f_0024.sdt
3_KPCWTlive_740nm_3033mW_u1_poc0p2_20x0p75NA_475s50_g70_z1_256pix_basicFLIM_120f_overloadedposns_0000.sdt,20260508_KPC_live_on_SLIM,E:\18_RK_Circadian\data\raw\20260508_KPC_live_on_SLIM\3_KPCWTlive_740nm_3033mW_u1_poc0p2_20x0p75NA_475s50_g70_z1_256pix_basicFLIM_120f_overloadedposns_0000.sdt
3_KPCWTlive_740nm_3033mW_u1_poc0p2_20x0p75NA_475s50_g70_z1_256pix_basicFLIM_120f_overloadedposns_0001.sdt,20260508_KPC_live_on_SLIM,E:\18_RK_Circadian\data\raw\20260508_KPC_live_on_SLIM\3_KPCWTlive_740nm_3033mW_u1_poc0p2_20x0p75NA_475s50_g70_z1_256pix_basicFLIM_120f_overloadedposns_0001.sdt
3_KPCWTlive_740nm_3033mW_u1_poc0p2_20x0p75NA_475s50_g70_z1_256pix_basicFLIM_120f_overloadedposns_0002.sdt,20260508_KPC_live_on_SLIM,E:\18_RK_Circadian\data\raw\20260508_KPC_live_on_SLIM\3_KPCWTlive_740nm_3033mW_u1_poc0p2_20x0p75NA_475s50_g70_z1_256pix_basicFLIM_120f_overloadedposns_0002.sdt
3_KPCWTlive_740nm_3033mW_u1_poc0p2_20x0p75NA_475s50_g70_z1_256pix_basicFLIM_120f_overloadedposns_0003.sdt,20260508_KPC_live_on_SLIM,E:\18_RK_Circadian\data\raw\20260508_KPC_live_on_SLIM\3_KPCWTlive_740nm_3033mW_u1_poc0p2_20x0p75NA_475s50_g70_z1_256pix_basicFLIM_120f_overloadedposns_0003.sdt
3_KPCWTlive_740nm_3033mW_u1_poc0p2_20x0p75NA_475s50_g70_z1_256pix_basicFLIM_120f_overloadedposns_0004.sdt,20260508_KPC_live_on_SLIM,E:\18_RK_Circadian\data\raw\20260508_KPC_live_on_SLIM\3_KPCWTlive_740nm_3033mW_u1_poc0p2_20x0p75NA_475s50_g70_z1_256pix_basicFLIM_120f_overloadedposns_0004.sdt
3_KPCWTlive_740nm_3033mW_u1_poc0p2_20x0p75NA_475s50_g70_z1_256pix_basicFLIM_120f_overloadedposns_0005.sdt,20260508_KPC_live_on_SLIM,E:\18_RK_Circadian\data\raw\20260508_KPC_live_on_SLIM\3_KPCWTlive_740nm_3033mW_u1_poc0p2_20x0p75NA_475s50_g70_z1_256pix_basicFLIM_120f_overloadedposns_0005.sdt
3_KPCWTlive_740nm_3033mW_u1_poc0p2_20x0p75NA_475s50_g70_z1_256pix_basicFLIM_120f_overloadedposns_0006.sdt,20260508_KPC_live_on_SLIM,E:\18_RK_Circadian\data\raw\20260508_KPC_live_on_SLIM\3_KPCWTlive_740nm_3033mW_u1_poc0p2_20x0p75NA_475s50_g70_z1_256pix_basicFLIM_120f_overloadedposns_0006.sdt
3_KPCWTlive_740nm_3033mW_u1_poc0p2_20x0p75NA_475s50_g70_z1_256pix_basicFLIM_120f_overloadedtwicePos10_0007.sdt,20260508_KPC_live_on_SLIM,E:\18_RK_Circadian\data\raw\20260508_KPC_live_on_SLIM\3_KPCWTlive_740nm_3033mW_u1_poc0p2_20x0p75NA_475s50_g70_z1_256pix_basicFLIM_120f_overloadedtwicePos10_0007.sdt
3_KPCWTlive_740nm_3033mW_u1_poc0p1_20x0p75NA_475s50_g70_z1_256pix_basicFLIM_120f_overloadedposns_0000.sdt,20260508_KPC_live_on_SLIM,E:\18_RK_Circadian\data\raw\20260508_KPC_live_on_SLIM\3_KPCWTlive_740nm_3033mW_u1_poc0p1_20x0p75NA_475s50_g70_z1_256pix_basicFLIM_120f_overloadedposns_0000.sdt
3_KPCWTlive_740nm_3033mW_u1_poc0p2_20x0p75NA_535s50_g70_z1_256pix_basicFLIM_120f_0000.sdt,20260508_KPC_live_on_SLIM,E:\18_RK_Circadian\data\raw\20260508_KPC_live_on_SLIM\3_KPCWTlive_740nm_3033mW_u1_poc0p2_20x0p75NA_535s50_g70_z1_256pix_basicFLIM_120f_0000.sdt
3_KPCWTlive_740nm_3033mW_u1_poc0p2_20x0p75NA_535s50_g70_z1_256pix_basicFLIM_120f_0001.sdt,20260508_KPC_live_on_SLIM,E:\18_RK_Circadian\data\raw\20260508_KPC_live_on_SLIM\3_KPCWTlive_740nm_3033mW_u1_poc0p2_20x0p75NA_535s50_g70_z1_256pix_basicFLIM_120f_0001.sdt
3_KPCWTlive_740nm_3033mW_u1_poc0p25_20x0p75NA_535s50_g70_z1_256pix_basicFLIM_120f_0000.sdt,20260508_KPC_live_on_SLIM,E:\18_RK_Circadian\data\raw\20260508_KPC_live_on_SLIM\3_KPCWTlive_740nm_3033mW_u1_poc0p25_20x0p75NA_535s50_g70_z1_256pix_basicFLIM_120f_0000.sdt
3_KPCWTlive_740nm_3033mW_u1_poc0p25_20x0p75NA_535s50_g70_z1_256pix_basicFLIM_120f_0001.sdt,20260508_KPC_live_on_SLIM,E:\18_RK_Circadian\data\raw\20260508_KPC_live_on_SLIM\3_KPCWTlive_740nm_3033mW_u1_poc0p25_20x0p75NA_535s50_g70_z1_256pix_basicFLIM_120f_0001.sdt
3_KPCWTlive_740nm_3033mW_u1_poc0p25_20x0p75NA_535s50_g70_z1_256pix_basicFLIM_120f_0002.sdt,20260508_KPC_live_on_SLIM,E:\18_RK_Circadian\data\raw\20260508_KPC_live_on_SLIM\3_KPCWTlive_740nm_3033mW_u1_poc0p25_20x0p75NA_535s50_g70_z1_256pix_basicFLIM_120f_0002.sdt
3_KPCWTlive_740nm_3033mW_u1_poc0p25_20x0p75NA_535s50_g70_z1_256pix_basicFLIM_120f_0003.sdt,20260508_KPC_live_on_SLIM,E:\18_RK_Circadian\data\raw\20260508_KPC_live_on_SLIM\3_KPCWTlive_740nm_3033mW_u1_poc0p25_20x0p75NA_535s50_g70_z1_256pix_basicFLIM_120f_0003.sdt
3_KPCWTlive_740nm_3033mW_u1_poc0p25_20x0p75NA_535s50_g70_z1_256pix_basicFLIM_120f_0004.sdt,20260508_KPC_live_on_SLIM,E:\18_RK_Circadian\data\raw\20260508_KPC_live_on_SLIM\3_KPCWTlive_740nm_3033mW_u1_poc0p25_20x0p75NA_535s50_g70_z1_256pix_basicFLIM_120f_0004.sdt
3_KPCWTlive_740nm_3033mW_u1_poc0p25_20x0p75NA_535s50_g70_z1_256pix_basicFLIM_120f_0005.sdt,20260508_KPC_live_on_SLIM,E:\18_RK_Circadian\data\raw\20260508_KPC_live_on_SLIM\3_KPCWTlive_740nm_3033mW_u1_poc0p25_20x0p75NA_535s50_g70_z1_256pix_basicFLIM_120f_0005.sdt
3_KPCWTlive_740nm_3033mW_u1_poc0p25_20x0p75NA_535s50_g70_z1_256pix_basicFLIM_120f_0006.sdt,20260508_KPC_live_on_SLIM,E:\18_RK_Circadian\data\raw\20260508_KPC_live_on_SLIM\3_KPCWTlive_740nm_3033mW_u1_poc0p25_20x0p75NA_535s50_g70_z1_256pix_basicFLIM_120f_0006.sdt
3_KPCWTlive_740nm_3033mW_u1_poc0p25_20x0p75NA_535s50_g70_z1_256pix_basicFLIM_120f_0007.sdt,20260508_KPC_live_on_SLIM,E:\18_RK_Circadian\data\raw\20260508_KPC_live_on_SLIM\3_KPCWTlive_740nm_3033mW_u1_poc0p25_20x0p75NA_535s50_g70_z1_256pix_basicFLIM_120f_0007.sdt
3_KPCWTlive_740nm_3033mW_u1_poc0p25_20x0p75NA_535s50_g70_z1_256pix_basicFLIM_120f_0008.sdt,20260508_KPC_live_on_SLIM,E:\18_RK_Circadian\data\raw\20260508_KPC_live_on_SLIM\3_KPCWTlive_740nm_3033mW_u1_poc0p25_20x0p75NA_535s50_g70_z1_256pix_basicFLIM_120f_0008.sdt
3_KPCWTlive_740nm_3033mW_u1_poc0p25_20x0p75NA_535s50_g70_z1_256pix_basicFLIM_120f_0009.sdt,20260508_KPC_live_on_SLIM,E:\18_RK_Circadian\data\raw\20260508_KPC_live_on_SLIM\3_KPCWTlive_740nm_3033mW_u1_poc0p25_20x0p75NA_535s50_g70_z1_256pix_basicFLIM_120f_0009.sdt
3_KPCWTlive_740nm_3033mW_u1_poc0p25_20x0p75NA_535s50_g70_z1_256pix_basicFLIM_120f_0010.sdt,20260508_KPC_live_on_SLIM,E:\18_RK_Circadian\data\raw\20260508_KPC_live_on_SLIM\3_KPCWTlive_740nm_3033mW_u1_poc0p25_20x0p75NA_535s50_g70_z1_256pix_basicFLIM_120f_0010.sdt
3_KPCWTlive_740nm_3033mW_u1_poc0p25_20x0p75NA_535s50_g70_z1_256pix_basicFLIM_120f_0011.sdt,20260508_KPC_live_on_SLIM,E:\18_RK_Circadian\data\raw\20260508_KPC_live_on_SLIM\3_KPCWTlive_740nm_3033mW_u1_poc0p25_20x0p75NA_535s50_g70_z1_256pix_basicFLIM_120f_0011.sdt
3_KPCWTlive_740nm_3033mW_u1_poc0p25_20x0p75NA_535s50_g70_z1_256pix_basicFLIM_120f_0012.sdt,20260508_KPC_live_on_SLIM,E:\18_RK_Circadian\data\raw\20260508_KPC_live_on_SLIM\3_KPCWTlive_740nm_3033mW_u1_poc0p25_20x0p75NA_535s50_g70_z1_256pix_basicFLIM_120f_0012.sdt
3_KPCWTlive_740nm_3033mW_u1_poc0p25_20x0p75NA_535s50_g70_z1_256pix_basicFLIM_120f_0013.sdt,20260508_KPC_live_on_SLIM,E:\18_RK_Circadian\data\raw\20260508_KPC_live_on_SLIM\3_KPCWTlive_740nm_3033mW_u1_poc0p25_20x0p75NA_535s50_g70_z1_256pix_basicFLIM_120f_0013.sdt
3_KPCWTlive_740nm_3033mW_u1_poc0p25_20x0p75NA_535s50_g70_z1_256pix_basicFLIM_120f_0014.sdt,20260508_KPC_live_on_SLIM,E:\18_RK_Circadian\data\raw\20260508_KPC_live_on_SLIM\3_KPCWTlive_740nm_3033mW_u1_poc0p25_20x0p75NA_535s50_g70_z1_256pix_basicFLIM_120f_0014.sdt
3_KPCWTlive_740nm_3033mW_u1_poc0p25_20x0p75NA_535s50_g70_z1_256pix_basicFLIM_120f_0015.sdt,20260508_KPC_live_on_SLIM,E:\18_RK_Circadian\data\raw\20260508_KPC_live_on_SLIM\3_KPCWTlive_740nm_3033mW_u1_poc0p25_20x0p75NA_535s50_g70_z1_256pix_basicFLIM_120f_0015.sdt
3_KPCWTlive_740nm_3033mW_u1_poc0p25_20x0p75NA_535s50_g70_z1_256pix_basicFLIM_120f_0016.sdt,20260508_KPC_live_on_SLIM,E:\18_RK_Circadian\data\raw\20260508_KPC_live_on_SLIM\3_KPCWTlive_740nm_3033mW_u1_poc0p25_20x0p75NA_535s50_g70_z1_256pix_basicFLIM_120f_0016.sdt
3_KPCWTlive_740nm_3033mW_u1_poc0p25_20x0p75NA_535s50_g70_z1_256pix_basicFLIM_120f_0017.sdt,20260508_KPC_live_on_SLIM,E:\18_RK_Circadian\data\raw\20260508_KPC_live_on_SLIM\3_KPCWTlive_740nm_3033mW_u1_poc0p25_20x0p75NA_535s50_g70_z1_256pix_basicFLIM_120f_0017.sdt
3_KPCWTlive_740nm_3033mW_u1_poc0p25_20x0p75NA_535s50_g70_z1_256pix_basicFLIM_120f_0018.sdt,20260508_KPC_live_on_SLIM,E:\18_RK_Circadian\data\raw\20260508_KPC_live_on_SLIM\3_KPCWTlive_740nm_3033mW_u1_poc0p25_20x0p75NA_535s50_g70_z1_256pix_basicFLIM_120f_0018.sdt
3_KPCWTlive_740nm_3033mW_u1_poc0p25_20x0p75NA_535s50_g70_z1_256pix_basicFLIM_120f_0019.sdt,20260508_KPC_live_on_SLIM,E:\18_RK_Circadian\data\raw\20260508_KPC_live_on_SLIM\3_KPCWTlive_740nm_3033mW_u1_poc0p25_20x0p75NA_535s50_g70_z1_256pix_basicFLIM_120f_0019.sdt
3_KPCWTlive_740nm_3033mW_u1_poc0p25_20x0p75NA_535s50_g70_z1_256pix_basicFLIM_120f_0020.sdt,20260508_KPC_live_on_SLIM,E:\18_RK_Circadian\data\raw\20260508_KPC_live_on_SLIM\3_KPCWTlive_740nm_3033mW_u1_poc0p25_20x0p75NA_535s50_g70_z1_256pix_basicFLIM_120f_0020.sdt
3_KPCWTlive_740nm_3033mW_u1_poc0p25_20x0p75NA_535s50_g70_z1_256pix_basicFLIM_120f_0021.sdt,20260508_KPC_live_on_SLIM,E:\18_RK_Circadian\data\raw\20260508_KPC_live_on_SLIM\3_KPCWTlive_740nm_3033mW_u1_poc0p25_20x0p75NA_535s50_g70_z1_256pix_basicFLIM_120f_0021.sdt
3_KPCWTlive_740nm_3033mW_u1_poc0p25_20x0p75NA_535s50_g70_z1_256pix_basicFLIM_120f_0022.sdt,20260508_KPC_live_on_SLIM,E:\18_RK_Circadian\data\raw\20260508_KPC_live_on_SLIM\3_KPCWTlive_740nm_3033mW_u1_poc0p25_20x0p75NA_535s50_g70_z1_256pix_basicFLIM_120f_0022.sdt
3_KPCWTlive_740nm_3033mW_u1_poc0p25_20x0p75NA_535s50_g70_z1_256pix_basicFLIM_120f_0023.sdt,20260508_KPC_live_on_SLIM,E:\18_RK_Circadian\data\raw\20260508_KPC_live_on_SLIM\3_KPCWTlive_740nm_3033mW_u1_poc0p25_20x0p75NA_535s50_g70_z1_256pix_basicFLIM_120f_0023.sdt
3_KPCWTlive_740nm_3033mW_u1_poc0p25_20x0p75NA_535s50_g70_z1_256pix_basicFLIM_120f_0024.sdt,20260508_KPC_live_on_SLIM,E:\18_RK_Circadian\data\raw\20260508_KPC_live_on_SLIM\3_KPCWTlive_740nm_3033mW_u1_poc0p25_20x0p75NA_535s50_g70_z1_256pix_basicFLIM_120f_0024.sdt
4_urea_740nm_3030mW_u1_poc0_20x0p75NA_370s10_g70_z1_256pix_basicFLIM_120f_0000.sdt,20260508_KPC_live_on_SLIM,E:\18_RK_Circadian\data\raw\20260508_KPC_live_on_SLIM\4_urea_740nm_3030mW_u1_poc0_20x0p75NA_370s10_g70_z1_256pix_basicFLIM_120f_0000.sdt
4_urea_740nm_3030mW_u1_poc0_20x0p75NA_370s10_g70_z1_256pix_basicFLIM_120f_0001.sdt,20260508_KPC_live_on_SLIM,E:\18_RK_Circadian\data\raw\20260508_KPC_live_on_SLIM\4_urea_740nm_3030mW_u1_poc0_20x0p75NA_370s10_g70_z1_256pix_basicFLIM_120f_0001.sdt
5_chromablue_740nm_3030mW_u80_poc0_20x0p75NA_457s50_g70_z1_256pix_basicFLIM_45f_0000.sdt,20260508_KPC_live_on_SLIM,E:\18_RK_Circadian\data\raw\20260508_KPC_live_on_SLIM\5_chromablue_740nm_3030mW_u80_poc0_20x0p75NA_457s50_g70_z1_256pix_basicFLIM_45f_0000.sdt
6_pollen_890nm_2875mW_u1_poc0p2_10x0p5NA_457s50_g70_z1_256pix_basicFLIM_45f_0000.sdt,20260508_KPC_live_on_SLIM,E:\18_RK_Circadian\data\raw\20260508_KPC_live_on_SLIM\6_pollen_890nm_2875mW_u1_poc0p2_10x0p5NA_457s50_g70_z1_256pix_basicFLIM_45f_0000.sdt
0_pollen_890nm_2850mW_u1_poc0p2_10x0p5NA_457s50_g70_z1_256pix_basicFLIM_45f_0000.sdt,20260509_KPC_fixed_dishes_on_SLIM,E:\18_RK_Circadian\data\raw\20260509_KPC_fixed_dishes_on_SLIM\0_pollen_890nm_2850mW_u1_poc0p2_10x0p5NA_457s50_g70_z1_256pix_basicFLIM_45f_0000.sdt
0_pollen_890nm_2850mW_u1_poc0p2_10x0p5NA_457s50_g70_z1_256pix_basicFLIM_45f_door_closed_0000.sdt,20260509_KPC_fixed_dishes_on_SLIM,E:\18_RK_Circadian\data\raw\20260509_KPC_fixed_dishes_on_SLIM\0_pollen_890nm_2850mW_u1_poc0p2_10x0p5NA_457s50_g70_z1_256pix_basicFLIM_45f_door_closed_0000.sdt
1_chromablue_740nm_3006mW_u80_poc0_20x0p75NA_457s50_g70_z1_256pix_basicFLIM_45f_0000.sdt,20260509_KPC_fixed_dishes_on_SLIM,E:\18_RK_Circadian\data\raw\20260509_KPC_fixed_dishes_on_SLIM\1_chromablue_740nm_3006mW_u80_poc0_20x0p75NA_457s50_g70_z1_256pix_basicFLIM_45f_0000.sdt
2_urea_740nm_3008mW_u1_poc0_20x0p75NA_370s10_g70_z1_256pix_basicFLIM_45f_0000.sdt,20260509_KPC_fixed_dishes_on_SLIM,E:\18_RK_Circadian\data\raw\20260509_KPC_fixed_dishes_on_SLIM\2_urea_740nm_3008mW_u1_poc0_20x0p75NA_370s10_g70_z1_256pix_basicFLIM_45f_0000.sdt
3_KPCWTform20min_740nm_3006mW_u1_poc0p25_20x0p75NA_475s50_g70_z1_256pix_basicFLIM_120f_0000.sdt,20260509_KPC_fixed_dishes_on_SLIM,E:\18_RK_Circadian\data\raw\20260509_KPC_fixed_dishes_on_SLIM\3_KPCWTform20min_740nm_3006mW_u1_poc0p25_20x0p75NA_475s50_g70_z1_256pix_basicFLIM_120f_0000.sdt
3_KPCWTform20min_740nm_3006mW_u1_poc0p25_20x0p75NA_475s50_g70_z1_256pix_basicFLIM_120f_0001.sdt,20260509_KPC_fixed_dishes_on_SLIM,E:\18_RK_Circadian\data\raw\20260509_KPC_fixed_dishes_on_SLIM\3_KPCWTform20min_740nm_3006mW_u1_poc0p25_20x0p75NA_475s50_g70_z1_256pix_basicFLIM_120f_0001.sdt
3_KPCWTform20min_740nm_3006mW_u1_poc0p25_20x0p75NA_475s50_g70_z1_256pix_basicFLIM_120f_0002.sdt,20260509_KPC_fixed_dishes_on_SLIM,E:\18_RK_Circadian\data\raw\20260509_KPC_fixed_dishes_on_SLIM\3_KPCWTform20min_740nm_3006mW_u1_poc0p25_20x0p75NA_475s50_g70_z1_256pix_basicFLIM_120f_0002.sdt
3_KPCWTform20min_740nm_3006mW_u1_poc0p25_20x0p75NA_475s50_g70_z1_256pix_basicFLIM_120f_0003.sdt,20260509_KPC_fixed_dishes_on_SLIM,E:\18_RK_Circadian\data\raw\20260509_KPC_fixed_dishes_on_SLIM\3_KPCWTform20min_740nm_3006mW_u1_poc0p25_20x0p75NA_475s50_g70_z1_256pix_basicFLIM_120f_0003.sdt
3_KPCWTform20min_740nm_3006mW_u1_poc0p25_20x0p75NA_475s50_g70_z1_256pix_basicFLIM_120f_0004.sdt,20260509_KPC_fixed_dishes_on_SLIM,E:\18_RK_Circadian\data\raw\20260509_KPC_fixed_dishes_on_SLIM\3_KPCWTform20min_740nm_3006mW_u1_poc0p25_20x0p75NA_475s50_g70_z1_256pix_basicFLIM_120f_0004.sdt
3_KPCWTform20min_740nm_3006mW_u1_poc0p25_20x0p75NA_475s50_g70_z1_256pix_basicFLIM_120f_0005.sdt,20260509_KPC_fixed_dishes_on_SLIM,E:\18_RK_Circadian\data\raw\20260509_KPC_fixed_dishes_on_SLIM\3_KPCWTform20min_740nm_3006mW_u1_poc0p25_20x0p75NA_475s50_g70_z1_256pix_basicFLIM_120f_0005.sdt
3_KPCWTform20min_740nm_3006mW_u1_poc0p25_20x0p75NA_475s50_g70_z1_256pix_basicFLIM_120f_0006.sdt,20260509_KPC_fixed_dishes_on_SLIM,E:\18_RK_Circadian\data\raw\20260509_KPC_fixed_dishes_on_SLIM\3_KPCWTform20min_740nm_3006mW_u1_poc0p25_20x0p75NA_475s50_g70_z1_256pix_basicFLIM_120f_0006.sdt
3_KPCWTform20min_740nm_3006mW_u1_poc0p25_20x0p75NA_475s50_g70_z1_256pix_basicFLIM_120f_0007.sdt,20260509_KPC_fixed_dishes_on_SLIM,E:\18_RK_Circadian\data\raw\20260509_KPC_fixed_dishes_on_SLIM\3_KPCWTform20min_740nm_3006mW_u1_poc0p25_20x0p75NA_475s50_g70_z1_256pix_basicFLIM_120f_0007.sdt
3_KPCWTform20min_740nm_3006mW_u1_poc0p25_20x0p75NA_475s50_g70_z1_256pix_basicFLIM_120f_0008.sdt,20260509_KPC_fixed_dishes_on_SLIM,E:\18_RK_Circadian\data\raw\20260509_KPC_fixed_dishes_on_SLIM\3_KPCWTform20min_740nm_3006mW_u1_poc0p25_20x0p75NA_475s50_g70_z1_256pix_basicFLIM_120f_0008.sdt
3_KPCWTform20min_740nm_3006mW_u1_poc0p25_20x0p75NA_475s50_g70_z1_256pix_basicFLIM_120f_0009.sdt,20260509_KPC_fixed_dishes_on_SLIM,E:\18_RK_Circadian\data\raw\20260509_KPC_fixed_dishes_on_SLIM\3_KPCWTform20min_740nm_3006mW_u1_poc0p25_20x0p75NA_475s50_g70_z1_256pix_basicFLIM_120f_0009.sdt
3_KPCWTform20min_740nm_3006mW_u1_poc0p25_20x0p75NA_475s50_g70_z1_256pix_basicFLIM_120f_0010.sdt,20260509_KPC_fixed_dishes_on_SLIM,E:\18_RK_Circadian\data\raw\20260509_KPC_fixed_dishes_on_SLIM\3_KPCWTform20min_740nm_3006mW_u1_poc0p25_20x0p75NA_475s50_g70_z1_256pix_basicFLIM_120f_0010.sdt
3_KPCWTform20min_740nm_3006mW_u1_poc0p25_20x0p75NA_475s50_g70_z1_256pix_basicFLIM_120f_0011.sdt,20260509_KPC_fixed_dishes_on_SLIM,E:\18_RK_Circadian\data\raw\20260509_KPC_fixed_dishes_on_SLIM\3_KPCWTform20min_740nm_3006mW_u1_poc0p25_20x0p75NA_475s50_g70_z1_256pix_basicFLIM_120f_0011.sdt
3_KPCWTform20min_740nm_3006mW_u1_poc0p25_20x0p75NA_535s50_g70_z1_256pix_basicFLIM_120f_0000.sdt,20260509_KPC_fixed_dishes_on_SLIM,E:\18_RK_Circadian\data\raw\20260509_KPC_fixed_dishes_on_SLIM\3_KPCWTform20min_740nm_3006mW_u1_poc0p25_20x0p75NA_535s50_g70_z1_256pix_basicFLIM_120f_0000.sdt
3_KPCWTform20min_740nm_3006mW_u1_poc0p25_20x0p75NA_535s50_g70_z1_256pix_basicFLIM_120f_0001.sdt,20260509_KPC_fixed_dishes_on_SLIM,E:\18_RK_Circadian\data\raw\20260509_KPC_fixed_dishes_on_SLIM\3_KPCWTform20min_740nm_3006mW_u1_poc0p25_20x0p75NA_535s50_g70_z1_256pix_basicFLIM_120f_0001.sdt
3_KPCWTform20min_740nm_3006mW_u1_poc0p25_20x0p75NA_535s50_g70_z1_256pix_basicFLIM_120f_0002.sdt,20260509_KPC_fixed_dishes_on_SLIM,E:\18_RK_Circadian\data\raw\20260509_KPC_fixed_dishes_on_SLIM\3_KPCWTform20min_740nm_3006mW_u1_poc0p25_20x0p75NA_535s50_g70_z1_256pix_basicFLIM_120f_0002.sdt
3_KPCWTform20min_740nm_3006mW_u1_poc0p25_20x0p75NA_535s50_g70_z1_256pix_basicFLIM_120f_0003.sdt,20260509_KPC_fixed_dishes_on_SLIM,E:\18_RK_Circadian\data\raw\20260509_KPC_fixed_dishes_on_SLIM\3_KPCWTform20min_740nm_3006mW_u1_poc0p25_20x0p75NA_535s50_g70_z1_256pix_basicFLIM_120f_0003.sdt
3_KPCWTform20min_740nm_3006mW_u1_poc0p25_20x0p75NA_535s50_g70_z1_256pix_basicFLIM_120f_0004.sdt,20260509_KPC_fixed_dishes_on_SLIM,E:\18_RK_Circadian\data\raw\20260509_KPC_fixed_dishes_on_SLIM\3_KPCWTform20min_740nm_3006mW_u1_poc0p25_20x0p75NA_535s50_g70_z1_256pix_basicFLIM_120f_0004.sdt
3_KPCWTform20min_740nm_3006mW_u1_poc0p25_20x0p75NA_535s50_g70_z1_256pix_basicFLIM_120f_0005.sdt,20260509_KPC_fixed_dishes_on_SLIM,E:\18_RK_Circadian\data\raw\20260509_KPC_fixed_dishes_on_SLIM\3_KPCWTform20min_740nm_3006mW_u1_poc0p25_20x0p75NA_535s50_g70_z1_256pix_basicFLIM_120f_0005.sdt
3_KPCWTform20min_740nm_3006mW_u1_poc0p25_20x0p75NA_535s50_g70_z1_256pix_basicFLIM_120f_0006.sdt,20260509_KPC_fixed_dishes_on_SLIM,E:\18_RK_Circadian\data\raw\20260509_KPC_fixed_dishes_on_SLIM\3_KPCWTform20min_740nm_3006mW_u1_poc0p25_20x0p75NA_535s50_g70_z1_256pix_basicFLIM_120f_0006.sdt
3_KPCWTform20min_740nm_3006mW_u1_poc0p25_20x0p75NA_535s50_g70_z1_256pix_basicFLIM_120f_0007.sdt,20260509_KPC_fixed_dishes_on_SLIM,E:\18_RK_Circadian\data\raw\20260509_KPC_fixed_dishes_on_SLIM\3_KPCWTform20min_740nm_3006mW_u1_poc0p25_20x0p75NA_535s50_g70_z1_256pix_basicFLIM_120f_0007.sdt
3_KPCWTform20min_740nm_3006mW_u1_poc0p25_20x0p75NA_535s50_g70_z1_256pix_basicFLIM_120f_0008.sdt,20260509_KPC_fixed_dishes_on_SLIM,E:\18_RK_Circadian\data\raw\20260509_KPC_fixed_dishes_on_SLIM\3_KPCWTform20min_740nm_3006mW_u1_poc0p25_20x0p75NA_535s50_g70_z1_256pix_basicFLIM_120f_0008.sdt
3_KPCWTform20min_740nm_3006mW_u1_poc0p25_20x0p75NA_535s50_g70_z1_256pix_basicFLIM_120f_0009.sdt,20260509_KPC_fixed_dishes_on_SLIM,E:\18_RK_Circadian\data\raw\20260509_KPC_fixed_dishes_on_SLIM\3_KPCWTform20min_740nm_3006mW_u1_poc0p25_20x0p75NA_535s50_g70_z1_256pix_basicFLIM_120f_0009.sdt
3_KPCWTform20min_740nm_3006mW_u1_poc0p25_20x0p75NA_535s50_g70_z1_256pix_basicFLIM_120f_0010.sdt,20260509_KPC_fixed_dishes_on_SLIM,E:\18_RK_Circadian\data\raw\20260509_KPC_fixed_dishes_on_SLIM\3_KPCWTform20min_740nm_3006mW_u1_poc0p25_20x0p75NA_535s50_g70_z1_256pix_basicFLIM_120f_0010.sdt
3_KPCWTform20min_740nm_3006mW_u1_poc0p25_20x0p75NA_535s50_g70_z1_256pix_basicFLIM_120f_0011.sdt,20260509_KPC_fixed_dishes_on_SLIM,E:\18_RK_Circadian\data\raw\20260509_KPC_fixed_dishes_on_SLIM\3_KPCWTform20min_740nm_3006mW_u1_poc0p25_20x0p75NA_535s50_g70_z1_256pix_basicFLIM_120f_0011.sdt
3_KPCWTform20min_740nm_3006mW_u1_poc0p6_20x0p75NA_457s50_g70_z1_256pix_basicFLIM_120f_0000.sdt,20260509_KPC_fixed_dishes_on_SLIM,E:\18_RK_Circadian\data\raw\20260509_KPC_fixed_dishes_on_SLIM\3_KPCWTform20min_740nm_3006mW_u1_poc0p6_20x0p75NA_457s50_g70_z1_256pix_basicFLIM_120f_0000.sdt
3_KPCWTform20min_740nm_3006mW_u1_poc0p6_20x0p75NA_457s50_g70_z1_256pix_basicFLIM_120f_0001.sdt,20260509_KPC_fixed_dishes_on_SLIM,E:\18_RK_Circadian\data\raw\20260509_KPC_fixed_dishes_on_SLIM\3_KPCWTform20min_740nm_3006mW_u1_poc0p6_20x0p75NA_457s50_g70_z1_256pix_basicFLIM_120f_0001.sdt
3_KPCWTform20min_740nm_3006mW_u1_poc0p6_20x0p75NA_457s50_g70_z1_256pix_basicFLIM_120f_0002.sdt,20260509_KPC_fixed_dishes_on_SLIM,E:\18_RK_Circadian\data\raw\20260509_KPC_fixed_dishes_on_SLIM\3_KPCWTform20min_740nm_3006mW_u1_poc0p6_20x0p75NA_457s50_g70_z1_256pix_basicFLIM_120f_0002.sdt
3_KPCWTform20min_740nm_3006mW_u1_poc0p6_20x0p75NA_457s50_g70_z1_256pix_basicFLIM_120f_0003.sdt,20260509_KPC_fixed_dishes_on_SLIM,E:\18_RK_Circadian\data\raw\20260509_KPC_fixed_dishes_on_SLIM\3_KPCWTform20min_740nm_3006mW_u1_poc0p6_20x0p75NA_457s50_g70_z1_256pix_basicFLIM_120f_0003.sdt
3_KPCWTform20min_740nm_3006mW_u1_poc0p6_20x0p75NA_457s50_g70_z1_256pix_basicFLIM_120f_0004.sdt,20260509_KPC_fixed_dishes_on_SLIM,E:\18_RK_Circadian\data\raw\20260509_KPC_fixed_dishes_on_SLIM\3_KPCWTform20min_740nm_3006mW_u1_poc0p6_20x0p75NA_457s50_g70_z1_256pix_basicFLIM_120f_0004.sdt
3_KPCWTform20min_740nm_3006mW_u1_poc0p6_20x0p75NA_457s50_g70_z1_256pix_basicFLIM_120f_0005.sdt,20260509_KPC_fixed_dishes_on_SLIM,E:\18_RK_Circadian\data\raw\20260509_KPC_fixed_dishes_on_SLIM\3_KPCWTform20min_740nm_3006mW_u1_poc0p6_20x0p75NA_457s50_g70_z1_256pix_basicFLIM_120f_0005.sdt
3_KPCWTform20min_740nm_3006mW_u1_poc0p6_20x0p75NA_457s50_g70_z1_256pix_basicFLIM_120f_0006.sdt,20260509_KPC_fixed_dishes_on_SLIM,E:\18_RK_Circadian\data\raw\20260509_KPC_fixed_dishes_on_SLIM\3_KPCWTform20min_740nm_3006mW_u1_poc0p6_20x0p75NA_457s50_g70_z1_256pix_basicFLIM_120f_0006.sdt
3_KPCWTform20min_740nm_3006mW_u1_poc0p6_20x0p75NA_457s50_g70_z1_256pix_basicFLIM_120f_0007.sdt,20260509_KPC_fixed_dishes_on_SLIM,E:\18_RK_Circadian\data\raw\20260509_KPC_fixed_dishes_on_SLIM\3_KPCWTform20min_740nm_3006mW_u1_poc0p6_20x0p75NA_457s50_g70_z1_256pix_basicFLIM_120f_0007.sdt
3_KPCWTform20min_740nm_3006mW_u1_poc0p6_20x0p75NA_457s50_g70_z1_256pix_basicFLIM_120f_0008.sdt,20260509_KPC_fixed_dishes_on_SLIM,E:\18_RK_Circadian\data\raw\20260509_KPC_fixed_dishes_on_SLIM\3_KPCWTform20min_740nm_3006mW_u1_poc0p6_20x0p75NA_457s50_g70_z1_256pix_basicFLIM_120f_0008.sdt
3_KPCWTform20min_740nm_3006mW_u1_poc0p6_20x0p75NA_457s50_g70_z1_256pix_basicFLIM_120f_0009.sdt,20260509_KPC_fixed_dishes_on_SLIM,E:\18_RK_Circadian\data\raw\20260509_KPC_fixed_dishes_on_SLIM\3_KPCWTform20min_740nm_3006mW_u1_poc0p6_20x0p75NA_457s50_g70_z1_256pix_basicFLIM_120f_0009.sdt
3_KPCWTform20min_740nm_3006mW_u1_poc0p6_20x0p75NA_457s50_g70_z1_256pix_basicFLIM_120f_0010.sdt,20260509_KPC_fixed_dishes_on_SLIM,E:\18_RK_Circadian\data\raw\20260509_KPC_fixed_dishes_on_SLIM\3_KPCWTform20min_740nm_3006mW_u1_poc0p6_20x0p75NA_457s50_g70_z1_256pix_basicFLIM_120f_0010.sdt
3_KPCWTform20min_740nm_3006mW_u1_poc0p6_20x0p75NA_457s50_g70_z1_256pix_basicFLIM_120f_0011.sdt,20260509_KPC_fixed_dishes_on_SLIM,E:\18_RK_Circadian\data\raw\20260509_KPC_fixed_dishes_on_SLIM\3_KPCWTform20min_740nm_3006mW_u1_poc0p6_20x0p75NA_457s50_g70_z1_256pix_basicFLIM_120f_0011.sdt
3_KPCWTform20min_740nm_3006mW_u1_poc0p6_20x0p75NA_457s50_g70_z1_256pix_basicFLIM_120f_0012.sdt,20260509_KPC_fixed_dishes_on_SLIM,E:\18_RK_Circadian\data\raw\20260509_KPC_fixed_dishes_on_SLIM\3_KPCWTform20min_740nm_3006mW_u1_poc0p6_20x0p75NA_457s50_g70_z1_256pix_basicFLIM_120f_0012.sdt
3_KPCWTform20min_740nm_3006mW_u1_poc0p6_20x0p75NA_457s50_g70_z1_256pix_basicFLIM_120f_0013.sdt,20260509_KPC_fixed_dishes_on_SLIM,E:\18_RK_Circadian\data\raw\20260509_KPC_fixed_dishes_on_SLIM\3_KPCWTform20min_740nm_3006mW_u1_poc0p6_20x0p75NA_457s50_g70_z1_256pix_basicFLIM_120f_0013.sdt
3_KPCWTform20min_740nm_3006mW_u1_poc0p6_20x0p75NA_457s50_g70_z1_256pix_basicFLIM_120f_0014.sdt,20260509_KPC_fixed_dishes_on_SLIM,E:\18_RK_Circadian\data\raw\20260509_KPC_fixed_dishes_on_SLIM\3_KPCWTform20min_740nm_3006mW_u1_poc0p6_20x0p75NA_457s50_g70_z1_256pix_basicFLIM_120f_0014.sdt
3_KPCWTform20min_740nm_3006mW_u1_poc0p6_20x0p75NA_457s50_g70_z1_256pix_basicFLIM_120f_0015.sdt,20260509_KPC_fixed_dishes_on_SLIM,E:\18_RK_Circadian\data\raw\20260509_KPC_fixed_dishes_on_SLIM\3_KPCWTform20min_740nm_3006mW_u1_poc0p6_20x0p75NA_457s50_g70_z1_256pix_basicFLIM_120f_0015.sdt
3_KPCWTform20min_740nm_3006mW_u1_poc0p6_20x0p75NA_457s50_g70_z1_256pix_basicFLIM_120f_0016.sdt,20260509_KPC_fixed_dishes_on_SLIM,E:\18_RK_Circadian\data\raw\20260509_KPC_fixed_dishes_on_SLIM\3_KPCWTform20min_740nm_3006mW_u1_poc0p6_20x0p75NA_457s50_g70_z1_256pix_basicFLIM_120f_0016.sdt
3_KPCWTform20min_740nm_3006mW_u1_poc0p6_20x0p75NA_457s50_g70_z1_256pix_basicFLIM_120f_0017.sdt,20260509_KPC_fixed_dishes_on_SLIM,E:\18_RK_Circadian\data\raw\20260509_KPC_fixed_dishes_on_SLIM\3_KPCWTform20min_740nm_3006mW_u1_poc0p6_20x0p75NA_457s50_g70_z1_256pix_basicFLIM_120f_0017.sdt
3_KPCWTform20min_740nm_3006mW_u1_poc0p6_20x0p75NA_457s50_g70_z1_256pix_basicFLIM_120f_0018.sdt,20260509_KPC_fixed_dishes_on_SLIM,E:\18_RK_Circadian\data\raw\20260509_KPC_fixed_dishes_on_SLIM\3_KPCWTform20min_740nm_3006mW_u1_poc0p6_20x0p75NA_457s50_g70_z1_256pix_basicFLIM_120f_0018.sdt
3_KPCWTform20min_740nm_3006mW_u1_poc0p6_20x0p75NA_457s50_g70_z1_256pix_basicFLIM_120f_0019.sdt,20260509_KPC_fixed_dishes_on_SLIM,E:\18_RK_Circadian\data\raw\20260509_KPC_fixed_dishes_on_SLIM\3_KPCWTform20min_740nm_3006mW_u1_poc0p6_20x0p75NA_457s50_g70_z1_256pix_basicFLIM_120f_0019.sdt
3_KPCWTform20min_740nm_3006mW_u1_poc0p6_20x0p75NA_457s50_g70_z1_256pix_basicFLIM_120f_0020.sdt,20260509_KPC_fixed_dishes_on_SLIM,E:\18_RK_Circadian\data\raw\20260509_KPC_fixed_dishes_on_SLIM\3_KPCWTform20min_740nm_3006mW_u1_poc0p6_20x0p75NA_457s50_g70_z1_256pix_basicFLIM_120f_0020.sdt
3_KPCWTform20min_740nm_3006mW_u1_poc0p6_20x0p75NA_457s50_g70_z1_256pix_basicFLIM_120f_0021.sdt,20260509_KPC_fixed_dishes_on_SLIM,E:\18_RK_Circadian\data\raw\20260509_KPC_fixed_dishes_on_SLIM\3_KPCWTform20min_740nm_3006mW_u1_poc0p6_20x0p75NA_457s50_g70_z1_256pix_basicFLIM_120f_0021.sdt
3_KPCWTform20min_740nm_3006mW_u1_poc0p6_20x0p75NA_457s50_g70_z1_256pix_basicFLIM_120f_0022.sdt,20260509_KPC_fixed_dishes_on_SLIM,E:\18_RK_Circadian\data\raw\20260509_KPC_fixed_dishes_on_SLIM\3_KPCWTform20min_740nm_3006mW_u1_poc0p6_20x0p75NA_457s50_g70_z1_256pix_basicFLIM_120f_0022.sdt
3_KPCWTform20min_740nm_3006mW_u1_poc0p6_20x0p75NA_457s50_g70_z1_256pix_basicFLIM_120f_0023.sdt,20260509_KPC_fixed_dishes_on_SLIM,E:\18_RK_Circadian\data\raw\20260509_KPC_fixed_dishes_on_SLIM\3_KPCWTform20min_740nm_3006mW_u1_poc0p6_20x0p75NA_457s50_g70_z1_256pix_basicFLIM_120f_0023.sdt
4_BKOCO2form20min_740nm_2995mW_u1_poc0p25_20x0p75NA_457s50_g70_z1_256pix_basicFLIM_120f_0000.sdt,20260509_KPC_fixed_dishes_on_SLIM,E:\18_RK_Circadian\data\raw\20260509_KPC_fixed_dishes_on_SLIM\4_BKOCO2form20min_740nm_2995mW_u1_poc0p25_20x0p75NA_457s50_g70_z1_256pix_basicFLIM_120f_0000.sdt
4_BKOCO2form20min_740nm_2995mW_u1_poc0p25_20x0p75NA_457s50_g70_z1_256pix_basicFLIM_120f_0001.sdt,20260509_KPC_fixed_dishes_on_SLIM,E:\18_RK_Circadian\data\raw\20260509_KPC_fixed_dishes_on_SLIM\4_BKOCO2form20min_740nm_2995mW_u1_poc0p25_20x0p75NA_457s50_g70_z1_256pix_basicFLIM_120f_0001.sdt
4_BKOCO2form20min_740nm_2995mW_u1_poc0p25_20x0p75NA_457s50_g70_z1_256pix_basicFLIM_120f_0002.sdt,20260509_KPC_fixed_dishes_on_SLIM,E:\18_RK_Circadian\data\raw\20260509_KPC_fixed_dishes_on_SLIM\4_BKOCO2form20min_740nm_2995mW_u1_poc0p25_20x0p75NA_457s50_g70_z1_256pix_basicFLIM_120f_0002.sdt
4_BKOCO2form20min_740nm_2995mW_u1_poc0p25_20x0p75NA_457s50_g70_z1_256pix_basicFLIM_120f_0003.sdt,20260509_KPC_fixed_dishes_on_SLIM,E:\18_RK_Circadian\data\raw\20260509_KPC_fixed_dishes_on_SLIM\4_BKOCO2form20min_740nm_2995mW_u1_poc0p25_20x0p75NA_457s50_g70_z1_256pix_basicFLIM_120f_0003.sdt
4_BKOCO2form20min_740nm_2995mW_u1_poc0p25_20x0p75NA_457s50_g70_z1_256pix_basicFLIM_120f_0004.sdt,20260509_KPC_fixed_dishes_on_SLIM,E:\18_RK_Circadian\data\raw\20260509_KPC_fixed_dishes_on_SLIM\4_BKOCO2form20min_740nm_2995mW_u1_poc0p25_20x0p75NA_457s50_g70_z1_256pix_basicFLIM_120f_0004.sdt
4_BKOCO2form20min_740nm_2995mW_u1_poc0p25_20x0p75NA_457s50_g70_z1_256pix_basicFLIM_120f_0005.sdt,20260509_KPC_fixed_dishes_on_SLIM,E:\18_RK_Circadian\data\raw\20260509_KPC_fixed_dishes_on_SLIM\4_BKOCO2form20min_740nm_2995mW_u1_poc0p25_20x0p75NA_457s50_g70_z1_256pix_basicFLIM_120f_0005.sdt
4_BKOCO2form20min_740nm_2995mW_u1_poc0p25_20x0p75NA_457s50_g70_z1_256pix_basicFLIM_120f_0006.sdt,20260509_KPC_fixed_dishes_on_SLIM,E:\18_RK_Circadian\data\raw\20260509_KPC_fixed_dishes_on_SLIM\4_BKOCO2form20min_740nm_2995mW_u1_poc0p25_20x0p75NA_457s50_g70_z1_256pix_basicFLIM_120f_0006.sdt
4_BKOCO2form20min_740nm_2995mW_u1_poc0p25_20x0p75NA_457s50_g70_z1_256pix_basicFLIM_120f_0007.sdt,20260509_KPC_fixed_dishes_on_SLIM,E:\18_RK_Circadian\data\raw\20260509_KPC_fixed_dishes_on_SLIM\4_BKOCO2form20min_740nm_2995mW_u1_poc0p25_20x0p75NA_457s50_g70_z1_256pix_basicFLIM_120f_0007.sdt
4_BKOCO2form20min_740nm_2995mW_u1_poc0p25_20x0p75NA_457s50_g70_z1_256pix_basicFLIM_120f_0008.sdt,20260509_KPC_fixed_dishes_on_SLIM,E:\18_RK_Circadian\data\raw\20260509_KPC_fixed_dishes_on_SLIM\4_BKOCO2form20min_740nm_2995mW_u1_poc0p25_20x0p75NA_457s50_g70_z1_256pix_basicFLIM_120f_0008.sdt
4_BKOCO2form20min_740nm_2995mW_u1_poc0p25_20x0p75NA_457s50_g70_z1_256pix_basicFLIM_120f_0009.sdt,20260509_KPC_fixed_dishes_on_SLIM,E:\18_RK_Circadian\data\raw\20260509_KPC_fixed_dishes_on_SLIM\4_BKOCO2form20min_740nm_2995mW_u1_poc0p25_20x0p75NA_457s50_g70_z1_256pix_basicFLIM_120f_0009.sdt
4_BKOCO2form20min_740nm_2995mW_u1_poc0p25_20x0p75NA_457s50_g70_z1_256pix_basicFLIM_120f_0010.sdt,20260509_KPC_fixed_dishes_on_SLIM,E:\18_RK_Circadian\data\raw\20260509_KPC_fixed_dishes_on_SLIM\4_BKOCO2form20min_740nm_2995mW_u1_poc0p25_20x0p75NA_457s50_g70_z1_256pix_basicFLIM_120f_0010.sdt
4_BKOCO2form20min_740nm_2995mW_u1_poc0p25_20x0p75NA_457s50_g70_z1_256pix_basicFLIM_120f_0011.sdt,20260509_KPC_fixed_dishes_on_SLIM,E:\18_RK_Circadian\data\raw\20260509_KPC_fixed_dishes_on_SLIM\4_BKOCO2form20min_740nm_2995mW_u1_poc0p25_20x0p75NA_457s50_g70_z1_256pix_basicFLIM_120f_0011.sdt
4_BKOCO2form20min_740nm_2995mW_u1_poc0p25_20x0p75NA_457s50_g70_z1_256pix_basicFLIM_120f_0012.sdt,20260509_KPC_fixed_dishes_on_SLIM,E:\18_RK_Circadian\data\raw\20260509_KPC_fixed_dishes_on_SLIM\4_BKOCO2form20min_740nm_2995mW_u1_poc0p25_20x0p75NA_457s50_g70_z1_256pix_basicFLIM_120f_0012.sdt
4_BKOCO2form20min_740nm_2995mW_u1_poc0p25_20x0p75NA_457s50_g70_z1_256pix_basicFLIM_120f_0013.sdt,20260509_KPC_fixed_dishes_on_SLIM,E:\18_RK_Circadian\data\raw\20260509_KPC_fixed_dishes_on_SLIM\4_BKOCO2form20min_740nm_2995mW_u1_poc0p25_20x0p75NA_457s50_g70_z1_256pix_basicFLIM_120f_0013.sdt
4_BKOCO2form20min_740nm_2995mW_u1_poc0p25_20x0p75NA_457s50_g70_z1_256pix_basicFLIM_120f_0014.sdt,20260509_KPC_fixed_dishes_on_SLIM,E:\18_RK_Circadian\data\raw\20260509_KPC_fixed_dishes_on_SLIM\4_BKOCO2form20min_740nm_2995mW_u1_poc0p25_20x0p75NA_457s50_g70_z1_256pix_basicFLIM_120f_0014.sdt
4_BKOCO2form20min_740nm_2995mW_u1_poc0p25_20x0p75NA_457s50_g70_z1_256pix_basicFLIM_120f_0015.sdt,20260509_KPC_fixed_dishes_on_SLIM,E:\18_RK_Circadian\data\raw\20260509_KPC_fixed_dishes_on_SLIM\4_BKOCO2form20min_740nm_2995mW_u1_poc0p25_20x0p75NA_457s50_g70_z1_256pix_basicFLIM_120f_0015.sdt
4_BKOCO2form20min_740nm_2995mW_u1_poc0p25_20x0p75NA_535s50_g70_z1_256pix_basicFLIM_120f_0000.sdt,20260509_KPC_fixed_dishes_on_SLIM,E:\18_RK_Circadian\data\raw\20260509_KPC_fixed_dishes_on_SLIM\4_BKOCO2form20min_740nm_2995mW_u1_poc0p25_20x0p75NA_535s50_g70_z1_256pix_basicFLIM_120f_0000.sdt
4_BKOCO2form20min_740nm_2995mW_u1_poc0p25_20x0p75NA_535s50_g70_z1_256pix_basicFLIM_120f_0001.sdt,20260509_KPC_fixed_dishes_on_SLIM,E:\18_RK_Circadian\data\raw\20260509_KPC_fixed_dishes_on_SLIM\4_BKOCO2form20min_740nm_2995mW_u1_poc0p25_20x0p75NA_535s50_g70_z1_256pix_basicFLIM_120f_0001.sdt
4_BKOCO2form20min_740nm_2995mW_u1_poc0p25_20x0p75NA_535s50_g70_z1_256pix_basicFLIM_120f_0002.sdt,20260509_KPC_fixed_dishes_on_SLIM,E:\18_RK_Circadian\data\raw\20260509_KPC_fixed_dishes_on_SLIM\4_BKOCO2form20min_740nm_2995mW_u1_poc0p25_20x0p75NA_535s50_g70_z1_256pix_basicFLIM_120f_0002.sdt
4_BKOCO2form20min_740nm_2995mW_u1_poc0p25_20x0p75NA_535s50_g70_z1_256pix_basicFLIM_120f_0003.sdt,20260509_KPC_fixed_dishes_on_SLIM,E:\18_RK_Circadian\data\raw\20260509_KPC_fixed_dishes_on_SLIM\4_BKOCO2form20min_740nm_2995mW_u1_poc0p25_20x0p75NA_535s50_g70_z1_256pix_basicFLIM_120f_0003.sdt
4_BKOCO2form20min_740nm_2995mW_u1_poc0p25_20x0p75NA_535s50_g70_z1_256pix_basicFLIM_120f_0004.sdt,20260509_KPC_fixed_dishes_on_SLIM,E:\18_RK_Circadian\data\raw\20260509_KPC_fixed_dishes_on_SLIM\4_BKOCO2form20min_740nm_2995mW_u1_poc0p25_20x0p75NA_535s50_g70_z1_256pix_basicFLIM_120f_0004.sdt
4_BKOCO2form20min_740nm_2995mW_u1_poc0p25_20x0p75NA_535s50_g70_z1_256pix_basicFLIM_120f_0005.sdt,20260509_KPC_fixed_dishes_on_SLIM,E:\18_RK_Circadian\data\raw\20260509_KPC_fixed_dishes_on_SLIM\4_BKOCO2form20min_740nm_2995mW_u1_poc0p25_20x0p75NA_535s50_g70_z1_256pix_basicFLIM_120f_0005.sdt
4_BKOCO2form20min_740nm_2995mW_u1_poc0p25_20x0p75NA_535s50_g70_z1_256pix_basicFLIM_120f_0006.sdt,20260509_KPC_fixed_dishes_on_SLIM,E:\18_RK_Circadian\data\raw\20260509_KPC_fixed_dishes_on_SLIM\4_BKOCO2form20min_740nm_2995mW_u1_poc0p25_20x0p75NA_535s50_g70_z1_256pix_basicFLIM_120f_0006.sdt
4_BKOCO2form20min_740nm_2995mW_u1_poc0p25_20x0p75NA_535s50_g70_z1_256pix_basicFLIM_120f_0007.sdt,20260509_KPC_fixed_dishes_on_SLIM,E:\18_RK_Circadian\data\raw\20260509_KPC_fixed_dishes_on_SLIM\4_BKOCO2form20min_740nm_2995mW_u1_poc0p25_20x0p75NA_535s50_g70_z1_256pix_basicFLIM_120f_0007.sdt
4_BKOCO2form20min_740nm_2995mW_u1_poc0p25_20x0p75NA_535s50_g70_z1_256pix_basicFLIM_120f_0008.sdt,20260509_KPC_fixed_dishes_on_SLIM,E:\18_RK_Circadian\data\raw\20260509_KPC_fixed_dishes_on_SLIM\4_BKOCO2form20min_740nm_2995mW_u1_poc0p25_20x0p75NA_535s50_g70_z1_256pix_basicFLIM_120f_0008.sdt
4_BKOCO2form20min_740nm_2995mW_u1_poc0p25_20x0p75NA_535s50_g70_z1_256pix_basicFLIM_120f_0009.sdt,20260509_KPC_fixed_dishes_on_SLIM,E:\18_RK_Circadian\data\raw\20260509_KPC_fixed_dishes_on_SLIM\4_BKOCO2form20min_740nm_2995mW_u1_poc0p25_20x0p75NA_535s50_g70_z1_256pix_basicFLIM_120f_0009.sdt
4_BKOCO2form20min_740nm_2995mW_u1_poc0p25_20x0p75NA_535s50_g70_z1_256pix_basicFLIM_120f_0010.sdt,20260509_KPC_fixed_dishes_on_SLIM,E:\18_RK_Circadian\data\raw\20260509_KPC_fixed_dishes_on_SLIM\4_BKOCO2form20min_740nm_2995mW_u1_poc0p25_20x0p75NA_535s50_g70_z1_256pix_basicFLIM_120f_0010.sdt
4_BKOCO2form20min_740nm_2995mW_u1_poc0p25_20x0p75NA_535s50_g70_z1_256pix_basicFLIM_120f_0011.sdt,20260509_KPC_fixed_dishes_on_SLIM,E:\18_RK_Circadian\data\raw\20260509_KPC_fixed_dishes_on_SLIM\4_BKOCO2form20min_740nm_2995mW_u1_poc0p25_20x0p75NA_535s50_g70_z1_256pix_basicFLIM_120f_0011.sdt
4_BKOCO2form20min_740nm_2995mW_u1_poc0p25_20x0p75NA_535s50_g70_z1_256pix_basicFLIM_120f_0012.sdt,20260509_KPC_fixed_dishes_on_SLIM,E:\18_RK_Circadian\data\raw\20260509_KPC_fixed_dishes_on_SLIM\4_BKOCO2form20min_740nm_2995mW_u1_poc0p25_20x0p75NA_535s50_g70_z1_256pix_basicFLIM_120f_0012.sdt
4_BKOCO2form20min_740nm_2995mW_u1_poc0p25_20x0p75NA_535s50_g70_z1_256pix_basicFLIM_120f_0013.sdt,20260509_KPC_fixed_dishes_on_SLIM,E:\18_RK_Circadian\data\raw\20260509_KPC_fixed_dishes_on_SLIM\4_BKOCO2form20min_740nm_2995mW_u1_poc0p25_20x0p75NA_535s50_g70_z1_256pix_basicFLIM_120f_0013.sdt
4_BKOCO2form20min_740nm_2995mW_u1_poc0p25_20x0p75NA_535s50_g70_z1_256pix_basicFLIM_120f_0014.sdt,20260509_KPC_fixed_dishes_on_SLIM,E:\18_RK_Circadian\data\raw\20260509_KPC_fixed_dishes_on_SLIM\4_BKOCO2form20min_740nm_2995mW_u1_poc0p25_20x0p75NA_535s50_g70_z1_256pix_basicFLIM_120f_0014.sdt
4_BKOCO2form20min_740nm_2995mW_u1_poc0p25_20x0p75NA_535s50_g70_z1_256pix_basicFLIM_120f_0015.sdt,20260509_KPC_fixed_dishes_on_SLIM,E:\18_RK_Circadian\data\raw\20260509_KPC_fixed_dishes_on_SLIM\4_BKOCO2form20min_740nm_2995mW_u1_poc0p25_20x0p75NA_535s50_g70_z1_256pix_basicFLIM_120f_0015.sdt
4_BKOCO2form20min_740nm_2995mW_u1_poc0p6_20x0p75NA_457s50_g70_z1_256pix_basicFLIM_120f_0000.sdt,20260509_KPC_fixed_dishes_on_SLIM,E:\18_RK_Circadian\data\raw\20260509_KPC_fixed_dishes_on_SLIM\4_BKOCO2form20min_740nm_2995mW_u1_poc0p6_20x0p75NA_457s50_g70_z1_256pix_basicFLIM_120f_0000.sdt
4_BKOCO2form20min_740nm_2995mW_u1_poc0p6_20x0p75NA_457s50_g70_z1_256pix_basicFLIM_120f_0001.sdt,20260509_KPC_fixed_dishes_on_SLIM,E:\18_RK_Circadian\data\raw\20260509_KPC_fixed_dishes_on_SLIM\4_BKOCO2form20min_740nm_2995mW_u1_poc0p6_20x0p75NA_457s50_g70_z1_256pix_basicFLIM_120f_0001.sdt
4_BKOCO2form20min_740nm_2995mW_u1_poc0p6_20x0p75NA_457s50_g70_z1_256pix_basicFLIM_120f_0002.sdt,20260509_KPC_fixed_dishes_on_SLIM,E:\18_RK_Circadian\data\raw\20260509_KPC_fixed_dishes_on_SLIM\4_BKOCO2form20min_740nm_2995mW_u1_poc0p6_20x0p75NA_457s50_g70_z1_256pix_basicFLIM_120f_0002.sdt
4_BKOCO2form20min_740nm_2995mW_u1_poc0p6_20x0p75NA_457s50_g70_z1_256pix_basicFLIM_120f_0003.sdt,20260509_KPC_fixed_dishes_on_SLIM,E:\18_RK_Circadian\data\raw\20260509_KPC_fixed_dishes_on_SLIM\4_BKOCO2form20min_740nm_2995mW_u1_poc0p6_20x0p75NA_457s50_g70_z1_256pix_basicFLIM_120f_0003.sdt
4_BKOCO2form20min_740nm_2995mW_u1_poc0p6_20x0p75NA_457s50_g70_z1_256pix_basicFLIM_120f_0004.sdt,20260509_KPC_fixed_dishes_on_SLIM,E:\18_RK_Circadian\data\raw\20260509_KPC_fixed_dishes_on_SLIM\4_BKOCO2form20min_740nm_2995mW_u1_poc0p6_20x0p75NA_457s50_g70_z1_256pix_basicFLIM_120f_0004.sdt
4_BKOCO2form20min_740nm_2995mW_u1_poc0p6_20x0p75NA_457s50_g70_z1_256pix_basicFLIM_120f_0005.sdt,20260509_KPC_fixed_dishes_on_SLIM,E:\18_RK_Circadian\data\raw\20260509_KPC_fixed_dishes_on_SLIM\4_BKOCO2form20min_740nm_2995mW_u1_poc0p6_20x0p75NA_457s50_g70_z1_256pix_basicFLIM_120f_0005.sdt
4_BKOCO2form20min_740nm_2995mW_u1_poc0p6_20x0p75NA_457s50_g70_z1_256pix_basicFLIM_120f_0006.sdt,20260509_KPC_fixed_dishes_on_SLIM,E:\18_RK_Circadian\data\raw\20260509_KPC_fixed_dishes_on_SLIM\4_BKOCO2form20min_740nm_2995mW_u1_poc0p6_20x0p75NA_457s50_g70_z1_256pix_basicFLIM_120f_0006.sdt
4_BKOCO2form20min_740nm_2995mW_u1_poc0p6_20x0p75NA_457s50_g70_z1_256pix_basicFLIM_120f_0007.sdt,20260509_KPC_fixed_dishes_on_SLIM,E:\18_RK_Circadian\data\raw\20260509_KPC_fixed_dishes_on_SLIM\4_BKOCO2form20min_740nm_2995mW_u1_poc0p6_20x0p75NA_457s50_g70_z1_256pix_basicFLIM_120f_0007.sdt
4_BKOCO2form20min_740nm_2995mW_u1_poc0p6_20x0p75NA_457s50_g70_z1_256pix_basicFLIM_120f_0008.sdt,20260509_KPC_fixed_dishes_on_SLIM,E:\18_RK_Circadian\data\raw\20260509_KPC_fixed_dishes_on_SLIM\4_BKOCO2form20min_740nm_2995mW_u1_poc0p6_20x0p75NA_457s50_g70_z1_256pix_basicFLIM_120f_0008.sdt
4_BKOCO2form20min_740nm_2995mW_u1_poc0p6_20x0p75NA_457s50_g70_z1_256pix_basicFLIM_120f_0009.sdt,20260509_KPC_fixed_dishes_on_SLIM,E:\18_RK_Circadian\data\raw\20260509_KPC_fixed_dishes_on_SLIM\4_BKOCO2form20min_740nm_2995mW_u1_poc0p6_20x0p75NA_457s50_g70_z1_256pix_basicFLIM_120f_0009.sdt
4_BKOCO2form20min_740nm_2995mW_u1_poc0p6_20x0p75NA_457s50_g70_z1_256pix_basicFLIM_120f_0010.sdt,20260509_KPC_fixed_dishes_on_SLIM,E:\18_RK_Circadian\data\raw\20260509_KPC_fixed_dishes_on_SLIM\4_BKOCO2form20min_740nm_2995mW_u1_poc0p6_20x0p75NA_457s50_g70_z1_256pix_basicFLIM_120f_0010.sdt
4_BKOCO2form20min_740nm_2995mW_u1_poc0p6_20x0p75NA_457s50_g70_z1_256pix_basicFLIM_120f_0011.sdt,20260509_KPC_fixed_dishes_on_SLIM,E:\18_RK_Circadian\data\raw\20260509_KPC_fixed_dishes_on_SLIM\4_BKOCO2form20min_740nm_2995mW_u1_poc0p6_20x0p75NA_457s50_g70_z1_256pix_basicFLIM_120f_0011.sdt
4_BKOCO2form20min_740nm_2995mW_u1_poc0p6_20x0p75NA_457s50_g70_z1_256pix_basicFLIM_120f_0012.sdt,20260509_KPC_fixed_dishes_on_SLIM,E:\18_RK_Circadian\data\raw\20260509_KPC_fixed_dishes_on_SLIM\4_BKOCO2form20min_740nm_2995mW_u1_poc0p6_20x0p75NA_457s50_g70_z1_256pix_basicFLIM_120f_0012.sdt
4_BKOCO2form20min_740nm_2995mW_u1_poc0p6_20x0p75NA_457s50_g70_z1_256pix_basicFLIM_120f_0013.sdt,20260509_KPC_fixed_dishes_on_SLIM,E:\18_RK_Circadian\data\raw\20260509_KPC_fixed_dishes_on_SLIM\4_BKOCO2form20min_740nm_2995mW_u1_poc0p6_20x0p75NA_457s50_g70_z1_256pix_basicFLIM_120f_0013.sdt
4_BKOCO2form20min_740nm_2995mW_u1_poc0p6_20x0p75NA_457s50_g70_z1_256pix_basicFLIM_120f_0014.sdt,20260509_KPC_fixed_dishes_on_SLIM,E:\18_RK_Circadian\data\raw\20260509_KPC_fixed_dishes_on_SLIM\4_BKOCO2form20min_740nm_2995mW_u1_poc0p6_20x0p75NA_457s50_g70_z1_256pix_basicFLIM_120f_0014.sdt
4_BKOCO2form20min_740nm_2995mW_u1_poc0p6_20x0p75NA_457s50_g70_z1_256pix_basicFLIM_120f_0015.sdt,20260509_KPC_fixed_dishes_on_SLIM,E:\18_RK_Circadian\data\raw\20260509_KPC_fixed_dishes_on_SLIM\4_BKOCO2form20min_740nm_2995mW_u1_poc0p6_20x0p75NA_457s50_g70_z1_256pix_basicFLIM_120f_0015.sdt
4_BKOCO2form20min_740nm_2995mW_u1_poc0p6_20x0p75NA_535s50_g70_z1_256pix_basicFLIM_120f_0000.sdt,20260509_KPC_fixed_dishes_on_SLIM,E:\18_RK_Circadian\data\raw\20260509_KPC_fixed_dishes_on_SLIM\4_BKOCO2form20min_740nm_2995mW_u1_poc0p6_20x0p75NA_535s50_g70_z1_256pix_basicFLIM_120f_0000.sdt
4_BKOCO2form20min_740nm_2995mW_u1_poc0p6_20x0p75NA_535s50_g70_z1_256pix_basicFLIM_120f_0001.sdt,20260509_KPC_fixed_dishes_on_SLIM,E:\18_RK_Circadian\data\raw\20260509_KPC_fixed_dishes_on_SLIM\4_BKOCO2form20min_740nm_2995mW_u1_poc0p6_20x0p75NA_535s50_g70_z1_256pix_basicFLIM_120f_0001.sdt
4_BKOCO2form20min_740nm_2995mW_u1_poc0p6_20x0p75NA_535s50_g70_z1_256pix_basicFLIM_120f_0002.sdt,20260509_KPC_fixed_dishes_on_SLIM,E:\18_RK_Circadian\data\raw\20260509_KPC_fixed_dishes_on_SLIM\4_BKOCO2form20min_740nm_2995mW_u1_poc0p6_20x0p75NA_535s50_g70_z1_256pix_basicFLIM_120f_0002.sdt
4_BKOCO2form20min_740nm_2995mW_u1_poc0p6_20x0p75NA_535s50_g70_z1_256pix_basicFLIM_120f_0003.sdt,20260509_KPC_fixed_dishes_on_SLIM,E:\18_RK_Circadian\data\raw\20260509_KPC_fixed_dishes_on_SLIM\4_BKOCO2form20min_740nm_2995mW_u1_poc0p6_20x0p75NA_535s50_g70_z1_256pix_basicFLIM_120f_0003.sdt
4_BKOCO2form20min_740nm_2995mW_u1_poc0p6_20x0p75NA_535s50_g70_z1_256pix_basicFLIM_120f_0004.sdt,20260509_KPC_fixed_dishes_on_SLIM,E:\18_RK_Circadian\data\raw\20260509_KPC_fixed_dishes_on_SLIM\4_BKOCO2form20min_740nm_2995mW_u1_poc0p6_20x0p75NA_535s50_g70_z1_256pix_basicFLIM_120f_0004.sdt
4_BKOCO2form20min_740nm_2995mW_u1_poc0p6_20x0p75NA_535s50_g70_z1_256pix_basicFLIM_120f_0005.sdt,20260509_KPC_fixed_dishes_on_SLIM,E:\18_RK_Circadian\data\raw\20260509_KPC_fixed_dishes_on_SLIM\4_BKOCO2form20min_740nm_2995mW_u1_poc0p6_20x0p75NA_535s50_g70_z1_256pix_basicFLIM_120f_0005.sdt
4_BKOCO2form20min_740nm_2995mW_u1_poc0p6_20x0p75NA_535s50_g70_z1_256pix_basicFLIM_120f_0006.sdt,20260509_KPC_fixed_dishes_on_SLIM,E:\18_RK_Circadian\data\raw\20260509_KPC_fixed_dishes_on_SLIM\4_BKOCO2form20min_740nm_2995mW_u1_poc0p6_20x0p75NA_535s50_g70_z1_256pix_basicFLIM_120f_0006.sdt
4_BKOCO2form20min_740nm_2995mW_u1_poc0p6_20x0p75NA_535s50_g70_z1_256pix_basicFLIM_120f_0007.sdt,20260509_KPC_fixed_dishes_on_SLIM,E:\18_RK_Circadian\data\raw\20260509_KPC_fixed_dishes_on_SLIM\4_BKOCO2form20min_740nm_2995mW_u1_poc0p6_20x0p75NA_535s50_g70_z1_256pix_basicFLIM_120f_0007.sdt
4_BKOCO2form20min_740nm_2995mW_u1_poc0p6_20x0p75NA_535s50_g70_z1_256pix_basicFLIM_120f_0008.sdt,20260509_KPC_fixed_dishes_on_SLIM,E:\18_RK_Circadian\data\raw\20260509_KPC_fixed_dishes_on_SLIM\4_BKOCO2form20min_740nm_2995mW_u1_poc0p6_20x0p75NA_535s50_g70_z1_256pix_basicFLIM_120f_0008.sdt
4_BKOCO2form20min_740nm_2995mW_u1_poc0p6_20x0p75NA_535s50_g70_z1_256pix_basicFLIM_120f_0009.sdt,20260509_KPC_fixed_dishes_on_SLIM,E:\18_RK_Circadian\data\raw\20260509_KPC_fixed_dishes_on_SLIM\4_BKOCO2form20min_740nm_2995mW_u1_poc0p6_20x0p75NA_535s50_g70_z1_256pix_basicFLIM_120f_0009.sdt
4_BKOCO2form20min_740nm_2995mW_u1_poc0p6_20x0p75NA_535s50_g70_z1_256pix_basicFLIM_120f_0010.sdt,20260509_KPC_fixed_dishes_on_SLIM,E:\18_RK_Circadian\data\raw\20260509_KPC_fixed_dishes_on_SLIM\4_BKOCO2form20min_740nm_2995mW_u1_poc0p6_20x0p75NA_535s50_g70_z1_256pix_basicFLIM_120f_0010.sdt
4_BKOCO2form20min_740nm_2995mW_u1_poc0p6_20x0p75NA_535s50_g70_z1_256pix_basicFLIM_120f_0011.sdt,20260509_KPC_fixed_dishes_on_SLIM,E:\18_RK_Circadian\data\raw\20260509_KPC_fixed_dishes_on_SLIM\4_BKOCO2form20min_740nm_2995mW_u1_poc0p6_20x0p75NA_535s50_g70_z1_256pix_basicFLIM_120f_0011.sdt
4_BKOCO2form20min_740nm_2995mW_u1_poc0p6_20x0p75NA_535s50_g70_z1_256pix_basicFLIM_120f_0012.sdt,20260509_KPC_fixed_dishes_on_SLIM,E:\18_RK_Circadian\data\raw\20260509_KPC_fixed_dishes_on_SLIM\4_BKOCO2form20min_740nm_2995mW_u1_poc0p6_20x0p75NA_535s50_g70_z1_256pix_basicFLIM_120f_0012.sdt
4_BKOCO2form20min_740nm_2995mW_u1_poc0p6_20x0p75NA_535s50_g70_z1_256pix_basicFLIM_120f_0013.sdt,20260509_KPC_fixed_dishes_on_SLIM,E:\18_RK_Circadian\data\raw\20260509_KPC_fixed_dishes_on_SLIM\4_BKOCO2form20min_740nm_2995mW_u1_poc0p6_20x0p75NA_535s50_g70_z1_256pix_basicFLIM_120f_0013.sdt
4_BKOCO2form20min_740nm_2995mW_u1_poc0p6_20x0p75NA_535s50_g70_z1_256pix_basicFLIM_120f_0014.sdt,20260509_KPC_fixed_dishes_on_SLIM,E:\18_RK_Circadian\data\raw\20260509_KPC_fixed_dishes_on_SLIM\4_BKOCO2form20min_740nm_2995mW_u1_poc0p6_20x0p75NA_535s50_g70_z1_256pix_basicFLIM_120f_0014.sdt
4_BKOCO2form20min_740nm_2995mW_u1_poc0p6_20x0p75NA_535s50_g70_z1_256pix_basicFLIM_120f_0015.sdt,20260509_KPC_fixed_dishes_on_SLIM,E:\18_RK_Circadian\data\raw\20260509_KPC_fixed_dishes_on_SLIM\4_BKOCO2form20min_740nm_2995mW_u1_poc0p6_20x0p75NA_535s50_g70_z1_256pix_basicFLIM_120f_0015.sdt
5_urea_740nm_2999mW_u1_poc0_20x0p75NA_370s10_g70_z1_256pix_basicFLIM_60f_0000.sdt,20260509_KPC_fixed_dishes_on_SLIM,E:\18_RK_Circadian\data\raw\20260509_KPC_fixed_dishes_on_SLIM\5_urea_740nm_2999mW_u1_poc0_20x0p75NA_370s10_g70_z1_256pix_basicFLIM_60f_0000.sdt
6_chromablue_740nm_3008mW_u80_poc0_20x0p75NA_457s50_g70_z1_256pix_basicFLIM_60f_0000.sdt,20260509_KPC_fixed_dishes_on_SLIM,E:\18_RK_Circadian\data\raw\20260509_KPC_fixed_dishes_on_SLIM\6_chromablue_740nm_3008mW_u80_poc0_20x0p75NA_457s50_g70_z1_256pix_basicFLIM_60f_0000.sdt
7_pollen_890nm_2864mW_u1_poc0p2_10x0p5NA_457s50_g70_z1_256pix_basicFLIM_45f_0000.sdt,20260509_KPC_fixed_dishes_on_SLIM,E:\18_RK_Circadian\data\raw\20260509_KPC_fixed_dishes_on_SLIM\7_pollen_890nm_2864mW_u1_poc0p2_10x0p5NA_457s50_g70_z1_256pix_basicFLIM_45f_0000.sdt
0_pollen_890nm_2905mW_u1_poc0p2_10x0p5NA_457s50_g70_z1_256pix_basicFLIM_45f_0000.sdt,20260517_KPC_live_on_SLIM,E:\18_RK_Circadian\data\raw\20260517_KPC_live_on_SLIM\0_pollen_890nm_2905mW_u1_poc0p2_10x0p5NA_457s50_g70_z1_256pix_basicFLIM_45f_0000.sdt
1_chromablue_740nm_3098mW_u80_poc0_20x0p75NA_457s50_g70_z1_256pix_basicFLIM_45f_0000.sdt,20260517_KPC_live_on_SLIM,E:\18_RK_Circadian\data\raw\20260517_KPC_live_on_SLIM\1_chromablue_740nm_3098mW_u80_poc0_20x0p75NA_457s50_g70_z1_256pix_basicFLIM_45f_0000.sdt
2_urea_740nm_3098mW_u1_poc0_20x0p75NA_370s10_g70_z1_256pix_basicFLIM_45f_0000.sdt,20260517_KPC_live_on_SLIM,E:\18_RK_Circadian\data\raw\20260517_KPC_live_on_SLIM\2_urea_740nm_3098mW_u1_poc0_20x0p75NA_370s10_g70_z1_256pix_basicFLIM_45f_0000.sdt
3_BKOCO2live_740nm_3097mW_u1_poc0p2_20x0p75NA_457s50_g70_z1_256pix_basicFLIM_120f_0000.sdt,20260517_KPC_live_on_SLIM,E:\18_RK_Circadian\data\raw\20260517_KPC_live_on_SLIM\3_BKOCO2live_740nm_3097mW_u1_poc0p2_20x0p75NA_457s50_g70_z1_256pix_basicFLIM_120f_0000.sdt
3_BKOCO2live_740nm_3097mW_u1_poc0p2_20x0p75NA_457s50_g70_z1_256pix_basicFLIM_120f_0001.sdt,20260517_KPC_live_on_SLIM,E:\18_RK_Circadian\data\raw\20260517_KPC_live_on_SLIM\3_BKOCO2live_740nm_3097mW_u1_poc0p2_20x0p75NA_457s50_g70_z1_256pix_basicFLIM_120f_0001.sdt
3_BKOCO2live_740nm_3097mW_u1_poc0p2_20x0p75NA_457s50_g70_z1_256pix_basicFLIM_120f_0002.sdt,20260517_KPC_live_on_SLIM,E:\18_RK_Circadian\data\raw\20260517_KPC_live_on_SLIM\3_BKOCO2live_740nm_3097mW_u1_poc0p2_20x0p75NA_457s50_g70_z1_256pix_basicFLIM_120f_0002.sdt
3_BKOCO2live_740nm_3097mW_u1_poc0p2_20x0p75NA_457s50_g70_z1_256pix_basicFLIM_120f_0003.sdt,20260517_KPC_live_on_SLIM,E:\18_RK_Circadian\data\raw\20260517_KPC_live_on_SLIM\3_BKOCO2live_740nm_3097mW_u1_poc0p2_20x0p75NA_457s50_g70_z1_256pix_basicFLIM_120f_0003.sdt
3_BKOCO2live_740nm_3097mW_u1_poc0p2_20x0p75NA_457s50_g70_z1_256pix_basicFLIM_120f_0004.sdt,20260517_KPC_live_on_SLIM,E:\18_RK_Circadian\data\raw\20260517_KPC_live_on_SLIM\3_BKOCO2live_740nm_3097mW_u1_poc0p2_20x0p75NA_457s50_g70_z1_256pix_basicFLIM_120f_0004.sdt
3_BKOCO2live_740nm_3097mW_u1_poc0p2_20x0p75NA_457s50_g70_z1_256pix_basicFLIM_120f_0005.sdt,20260517_KPC_live_on_SLIM,E:\18_RK_Circadian\data\raw\20260517_KPC_live_on_SLIM\3_BKOCO2live_740nm_3097mW_u1_poc0p2_20x0p75NA_457s50_g70_z1_256pix_basicFLIM_120f_0005.sdt
3_BKOCO2live_740nm_3097mW_u1_poc0p2_20x0p75NA_457s50_g70_z1_256pix_basicFLIM_120f_0006.sdt,20260517_KPC_live_on_SLIM,E:\18_RK_Circadian\data\raw\20260517_KPC_live_on_SLIM\3_BKOCO2live_740nm_3097mW_u1_poc0p2_20x0p75NA_457s50_g70_z1_256pix_basicFLIM_120f_0006.sdt
3_BKOCO2live_740nm_3097mW_u1_poc0p2_20x0p75NA_457s50_g70_z1_256pix_basicFLIM_120f_0007.sdt,20260517_KPC_live_on_SLIM,E:\18_RK_Circadian\data\raw\20260517_KPC_live_on_SLIM\3_BKOCO2live_740nm_3097mW_u1_poc0p2_20x0p75NA_457s50_g70_z1_256pix_basicFLIM_120f_0007.sdt
3_BKOCO2live_740nm_3097mW_u1_poc0p2_20x0p75NA_457s50_g70_z1_256pix_basicFLIM_120f_0008.sdt,20260517_KPC_live_on_SLIM,E:\18_RK_Circadian\data\raw\20260517_KPC_live_on_SLIM\3_BKOCO2live_740nm_3097mW_u1_poc0p2_20x0p75NA_457s50_g70_z1_256pix_basicFLIM_120f_0008.sdt
3_BKOCO2live_740nm_3097mW_u1_poc0p2_20x0p75NA_457s50_g70_z1_256pix_basicFLIM_120f_0009.sdt,20260517_KPC_live_on_SLIM,E:\18_RK_Circadian\data\raw\20260517_KPC_live_on_SLIM\3_BKOCO2live_740nm_3097mW_u1_poc0p2_20x0p75NA_457s50_g70_z1_256pix_basicFLIM_120f_0009.sdt
3_BKOCO2live_740nm_3097mW_u1_poc0p2_20x0p75NA_457s50_g70_z1_256pix_basicFLIM_120f_0010.sdt,20260517_KPC_live_on_SLIM,E:\18_RK_Circadian\data\raw\20260517_KPC_live_on_SLIM\3_BKOCO2live_740nm_3097mW_u1_poc0p2_20x0p75NA_457s50_g70_z1_256pix_basicFLIM_120f_0010.sdt
3_BKOCO2live_740nm_3097mW_u1_poc0p2_20x0p75NA_457s50_g70_z1_256pix_basicFLIM_120f_0011.sdt,20260517_KPC_live_on_SLIM,E:\18_RK_Circadian\data\raw\20260517_KPC_live_on_SLIM\3_BKOCO2live_740nm_3097mW_u1_poc0p2_20x0p75NA_457s50_g70_z1_256pix_basicFLIM_120f_0011.sdt
3_BKOCO2live_740nm_3097mW_u1_poc0p2_20x0p75NA_457s50_g70_z1_256pix_basicFLIM_120f_0012.sdt,20260517_KPC_live_on_SLIM,E:\18_RK_Circadian\data\raw\20260517_KPC_live_on_SLIM\3_BKOCO2live_740nm_3097mW_u1_poc0p2_20x0p75NA_457s50_g70_z1_256pix_basicFLIM_120f_0012.sdt
3_BKOCO2live_740nm_3097mW_u1_poc0p2_20x0p75NA_457s50_g70_z1_256pix_basicFLIM_120f_0013.sdt,20260517_KPC_live_on_SLIM,E:\18_RK_Circadian\data\raw\20260517_KPC_live_on_SLIM\3_BKOCO2live_740nm_3097mW_u1_poc0p2_20x0p75NA_457s50_g70_z1_256pix_basicFLIM_120f_0013.sdt
3_BKOCO2live_740nm_3097mW_u1_poc0p2_20x0p75NA_457s50_g70_z1_256pix_basicFLIM_120f_0014.sdt,20260517_KPC_live_on_SLIM,E:\18_RK_Circadian\data\raw\20260517_KPC_live_on_SLIM\3_BKOCO2live_740nm_3097mW_u1_poc0p2_20x0p75NA_457s50_g70_z1_256pix_basicFLIM_120f_0014.sdt
3_BKOCO2live_740nm_3097mW_u1_poc0p2_20x0p75NA_457s50_g70_z1_256pix_basicFLIM_120f_0015.sdt,20260517_KPC_live_on_SLIM,E:\18_RK_Circadian\data\raw\20260517_KPC_live_on_SLIM\3_BKOCO2live_740nm_3097mW_u1_poc0p2_20x0p75NA_457s50_g70_z1_256pix_basicFLIM_120f_0015.sdt
3_BKOCO2live_740nm_3097mW_u1_poc0p2_20x0p75NA_535s50_g70_z1_256pix_basicFLIM_120f_0000.sdt,20260517_KPC_live_on_SLIM,E:\18_RK_Circadian\data\raw\20260517_KPC_live_on_SLIM\3_BKOCO2live_740nm_3097mW_u1_poc0p2_20x0p75NA_535s50_g70_z1_256pix_basicFLIM_120f_0000.sdt
3_BKOCO2live_740nm_3097mW_u1_poc0p2_20x0p75NA_535s50_g70_z1_256pix_basicFLIM_120f_0001.sdt,20260517_KPC_live_on_SLIM,E:\18_RK_Circadian\data\raw\20260517_KPC_live_on_SLIM\3_BKOCO2live_740nm_3097mW_u1_poc0p2_20x0p75NA_535s50_g70_z1_256pix_basicFLIM_120f_0001.sdt
3_BKOCO2live_740nm_3097mW_u1_poc0p2_20x0p75NA_535s50_g70_z1_256pix_basicFLIM_120f_0002.sdt,20260517_KPC_live_on_SLIM,E:\18_RK_Circadian\data\raw\20260517_KPC_live_on_SLIM\3_BKOCO2live_740nm_3097mW_u1_poc0p2_20x0p75NA_535s50_g70_z1_256pix_basicFLIM_120f_0002.sdt
3_BKOCO2live_740nm_3097mW_u1_poc0p2_20x0p75NA_535s50_g70_z1_256pix_basicFLIM_120f_0003.sdt,20260517_KPC_live_on_SLIM,E:\18_RK_Circadian\data\raw\20260517_KPC_live_on_SLIM\3_BKOCO2live_740nm_3097mW_u1_poc0p2_20x0p75NA_535s50_g70_z1_256pix_basicFLIM_120f_0003.sdt
3_BKOCO2live_740nm_3097mW_u1_poc0p2_20x0p75NA_535s50_g70_z1_256pix_basicFLIM_120f_0004.sdt,20260517_KPC_live_on_SLIM,E:\18_RK_Circadian\data\raw\20260517_KPC_live_on_SLIM\3_BKOCO2live_740nm_3097mW_u1_poc0p2_20x0p75NA_535s50_g70_z1_256pix_basicFLIM_120f_0004.sdt
3_BKOCO2live_740nm_3097mW_u1_poc0p2_20x0p75NA_535s50_g70_z1_256pix_basicFLIM_120f_0005.sdt,20260517_KPC_live_on_SLIM,E:\18_RK_Circadian\data\raw\20260517_KPC_live_on_SLIM\3_BKOCO2live_740nm_3097mW_u1_poc0p2_20x0p75NA_535s50_g70_z1_256pix_basicFLIM_120f_0005.sdt
3_BKOCO2live_740nm_3097mW_u1_poc0p2_20x0p75NA_535s50_g70_z1_256pix_basicFLIM_120f_0006.sdt,20260517_KPC_live_on_SLIM,E:\18_RK_Circadian\data\raw\20260517_KPC_live_on_SLIM\3_BKOCO2live_740nm_3097mW_u1_poc0p2_20x0p75NA_535s50_g70_z1_256pix_basicFLIM_120f_0006.sdt
3_BKOCO2live_740nm_3097mW_u1_poc0p2_20x0p75NA_535s50_g70_z1_256pix_basicFLIM_120f_0007.sdt,20260517_KPC_live_on_SLIM,E:\18_RK_Circadian\data\raw\20260517_KPC_live_on_SLIM\3_BKOCO2live_740nm_3097mW_u1_poc0p2_20x0p75NA_535s50_g70_z1_256pix_basicFLIM_120f_0007.sdt
3_BKOCO2live_740nm_3097mW_u1_poc0p2_20x0p75NA_535s50_g70_z1_256pix_basicFLIM_120f_0008.sdt,20260517_KPC_live_on_SLIM,E:\18_RK_Circadian\data\raw\20260517_KPC_live_on_SLIM\3_BKOCO2live_740nm_3097mW_u1_poc0p2_20x0p75NA_535s50_g70_z1_256pix_basicFLIM_120f_0008.sdt
3_BKOCO2live_740nm_3097mW_u1_poc0p2_20x0p75NA_535s50_g70_z1_256pix_basicFLIM_120f_0009.sdt,20260517_KPC_live_on_SLIM,E:\18_RK_Circadian\data\raw\20260517_KPC_live_on_SLIM\3_BKOCO2live_740nm_3097mW_u1_poc0p2_20x0p75NA_535s50_g70_z1_256pix_basicFLIM_120f_0009.sdt
3_BKOCO2live_740nm_3097mW_u1_poc0p2_20x0p75NA_535s50_g70_z1_256pix_basicFLIM_120f_0010.sdt,20260517_KPC_live_on_SLIM,E:\18_RK_Circadian\data\raw\20260517_KPC_live_on_SLIM\3_BKOCO2live_740nm_3097mW_u1_poc0p2_20x0p75NA_535s50_g70_z1_256pix_basicFLIM_120f_0010.sdt
3_BKOCO2live_740nm_3097mW_u1_poc0p2_20x0p75NA_535s50_g70_z1_256pix_basicFLIM_120f_0011.sdt,20260517_KPC_live_on_SLIM,E:\18_RK_Circadian\data\raw\20260517_KPC_live_on_SLIM\3_BKOCO2live_740nm_3097mW_u1_poc0p2_20x0p75NA_535s50_g70_z1_256pix_basicFLIM_120f_0011.sdt
3_BKOCO2live_740nm_3097mW_u1_poc0p2_20x0p75NA_535s50_g70_z1_256pix_basicFLIM_120f_0012.sdt,20260517_KPC_live_on_SLIM,E:\18_RK_Circadian\data\raw\20260517_KPC_live_on_SLIM\3_BKOCO2live_740nm_3097mW_u1_poc0p2_20x0p75NA_535s50_g70_z1_256pix_basicFLIM_120f_0012.sdt
3_BKOCO2live_740nm_3097mW_u1_poc0p2_20x0p75NA_535s50_g70_z1_256pix_basicFLIM_120f_0013.sdt,20260517_KPC_live_on_SLIM,E:\18_RK_Circadian\data\raw\20260517_KPC_live_on_SLIM\3_BKOCO2live_740nm_3097mW_u1_poc0p2_20x0p75NA_535s50_g70_z1_256pix_basicFLIM_120f_0013.sdt
3_BKOCO2live_740nm_3097mW_u1_poc0p2_20x0p75NA_535s50_g70_z1_256pix_basicFLIM_120f_0014.sdt,20260517_KPC_live_on_SLIM,E:\18_RK_Circadian\data\raw\20260517_KPC_live_on_SLIM\3_BKOCO2live_740nm_3097mW_u1_poc0p2_20x0p75NA_535s50_g70_z1_256pix_basicFLIM_120f_0014.sdt
3_BKOCO2live_740nm_3097mW_u1_poc0p2_20x0p75NA_535s50_g70_z1_256pix_basicFLIM_120f_0015.sdt,20260517_KPC_live_on_SLIM,E:\18_RK_Circadian\data\raw\20260517_KPC_live_on_SLIM\3_BKOCO2live_740nm_3097mW_u1_poc0p2_20x0p75NA_535s50_g70_z1_256pix_basicFLIM_120f_0015.sdt
3_BKOCO2live_740nm_3097mW_u1_poc0p45_20x0p75NA_535s50_g70_z1_256pix_basicFLIM_120f_0000.sdt,20260517_KPC_live_on_SLIM,E:\18_RK_Circadian\data\raw\20260517_KPC_live_on_SLIM\3_BKOCO2live_740nm_3097mW_u1_poc0p45_20x0p75NA_535s50_g70_z1_256pix_basicFLIM_120f_0000.sdt
3_BKOCO2live_740nm_3097mW_u1_poc0p45_20x0p75NA_535s50_g70_z1_256pix_basicFLIM_120f_0001.sdt,20260517_KPC_live_on_SLIM,E:\18_RK_Circadian\data\raw\20260517_KPC_live_on_SLIM\3_BKOCO2live_740nm_3097mW_u1_poc0p45_20x0p75NA_535s50_g70_z1_256pix_basicFLIM_120f_0001.sdt
3_BKOCO2live_740nm_3097mW_u1_poc0p45_20x0p75NA_535s50_g70_z1_256pix_basicFLIM_120f_0002.sdt,20260517_KPC_live_on_SLIM,E:\18_RK_Circadian\data\raw\20260517_KPC_live_on_SLIM\3_BKOCO2live_740nm_3097mW_u1_poc0p45_20x0p75NA_535s50_g70_z1_256pix_basicFLIM_120f_0002.sdt
3_BKOCO2live_740nm_3097mW_u1_poc0p45_20x0p75NA_535s50_g70_z1_256pix_basicFLIM_120f_0003.sdt,20260517_KPC_live_on_SLIM,E:\18_RK_Circadian\data\raw\20260517_KPC_live_on_SLIM\3_BKOCO2live_740nm_3097mW_u1_poc0p45_20x0p75NA_535s50_g70_z1_256pix_basicFLIM_120f_0003.sdt
3_BKOCO2live_740nm_3097mW_u1_poc0p45_20x0p75NA_535s50_g70_z1_256pix_basicFLIM_120f_0004.sdt,20260517_KPC_live_on_SLIM,E:\18_RK_Circadian\data\raw\20260517_KPC_live_on_SLIM\3_BKOCO2live_740nm_3097mW_u1_poc0p45_20x0p75NA_535s50_g70_z1_256pix_basicFLIM_120f_0004.sdt
3_BKOCO2live_740nm_3097mW_u1_poc0p45_20x0p75NA_535s50_g70_z1_256pix_basicFLIM_120f_0005.sdt,20260517_KPC_live_on_SLIM,E:\18_RK_Circadian\data\raw\20260517_KPC_live_on_SLIM\3_BKOCO2live_740nm_3097mW_u1_poc0p45_20x0p75NA_535s50_g70_z1_256pix_basicFLIM_120f_0005.sdt
3_BKOCO2live_740nm_3097mW_u1_poc0p45_20x0p75NA_535s50_g70_z1_256pix_basicFLIM_120f_0006.sdt,20260517_KPC_live_on_SLIM,E:\18_RK_Circadian\data\raw\20260517_KPC_live_on_SLIM\3_BKOCO2live_740nm_3097mW_u1_poc0p45_20x0p75NA_535s50_g70_z1_256pix_basicFLIM_120f_0006.sdt
3_BKOCO2live_740nm_3097mW_u1_poc0p45_20x0p75NA_535s50_g70_z1_256pix_basicFLIM_120f_0007.sdt,20260517_KPC_live_on_SLIM,E:\18_RK_Circadian\data\raw\20260517_KPC_live_on_SLIM\3_BKOCO2live_740nm_3097mW_u1_poc0p45_20x0p75NA_535s50_g70_z1_256pix_basicFLIM_120f_0007.sdt
3_BKOCO2live_740nm_3097mW_u1_poc0p45_20x0p75NA_535s50_g70_z1_256pix_basicFLIM_120f_0008.sdt,20260517_KPC_live_on_SLIM,E:\18_RK_Circadian\data\raw\20260517_KPC_live_on_SLIM\3_BKOCO2live_740nm_3097mW_u1_poc0p45_20x0p75NA_535s50_g70_z1_256pix_basicFLIM_120f_0008.sdt
3_BKOCO2live_740nm_3097mW_u1_poc0p45_20x0p75NA_535s50_g70_z1_256pix_basicFLIM_120f_0009.sdt,20260517_KPC_live_on_SLIM,E:\18_RK_Circadian\data\raw\20260517_KPC_live_on_SLIM\3_BKOCO2live_740nm_3097mW_u1_poc0p45_20x0p75NA_535s50_g70_z1_256pix_basicFLIM_120f_0009.sdt
3_BKOCO2live_740nm_3097mW_u1_poc0p45_20x0p75NA_535s50_g70_z1_256pix_basicFLIM_120f_0010.sdt,20260517_KPC_live_on_SLIM,E:\18_RK_Circadian\data\raw\20260517_KPC_live_on_SLIM\3_BKOCO2live_740nm_3097mW_u1_poc0p45_20x0p75NA_535s50_g70_z1_256pix_basicFLIM_120f_0010.sdt
3_BKOCO2live_740nm_3097mW_u1_poc0p45_20x0p75NA_535s50_g70_z1_256pix_basicFLIM_120f_0011.sdt,20260517_KPC_live_on_SLIM,E:\18_RK_Circadian\data\raw\20260517_KPC_live_on_SLIM\3_BKOCO2live_740nm_3097mW_u1_poc0p45_20x0p75NA_535s50_g70_z1_256pix_basicFLIM_120f_0011.sdt
3_BKOCO2live_740nm_3097mW_u1_poc0p45_20x0p75NA_535s50_g70_z1_256pix_basicFLIM_120f_0012.sdt,20260517_KPC_live_on_SLIM,E:\18_RK_Circadian\data\raw\20260517_KPC_live_on_SLIM\3_BKOCO2live_740nm_3097mW_u1_poc0p45_20x0p75NA_535s50_g70_z1_256pix_basicFLIM_120f_0012.sdt
3_BKOCO2live_740nm_3097mW_u1_poc0p45_20x0p75NA_535s50_g70_z1_256pix_basicFLIM_120f_0013.sdt,20260517_KPC_live_on_SLIM,E:\18_RK_Circadian\data\raw\20260517_KPC_live_on_SLIM\3_BKOCO2live_740nm_3097mW_u1_poc0p45_20x0p75NA_535s50_g70_z1_256pix_basicFLIM_120f_0013.sdt
3_BKOCO2live_740nm_3097mW_u1_poc0p45_20x0p75NA_535s50_g70_z1_256pix_basicFLIM_120f_0014.sdt,20260517_KPC_live_on_SLIM,E:\18_RK_Circadian\data\raw\20260517_KPC_live_on_SLIM\3_BKOCO2live_740nm_3097mW_u1_poc0p45_20x0p75NA_535s50_g70_z1_256pix_basicFLIM_120f_0014.sdt
3_BKOCO2live_740nm_3097mW_u1_poc0p45_20x0p75NA_535s50_g70_z1_256pix_basicFLIM_120f_0015.sdt,20260517_KPC_live_on_SLIM,E:\18_RK_Circadian\data\raw\20260517_KPC_live_on_SLIM\3_BKOCO2live_740nm_3097mW_u1_poc0p45_20x0p75NA_535s50_g70_z1_256pix_basicFLIM_120f_0015.sdt
3_BKOCO2live_740nm_3097mW_u1_poc0p45_20x0p75NA_457s50_g70_z1_256pix_basicFLIM_120f_0000.sdt,20260517_KPC_live_on_SLIM,E:\18_RK_Circadian\data\raw\20260517_KPC_live_on_SLIM\3_BKOCO2live_740nm_3097mW_u1_poc0p45_20x0p75NA_457s50_g70_z1_256pix_basicFLIM_120f_0000.sdt
3_BKOCO2live_740nm_3097mW_u1_poc0p45_20x0p75NA_457s50_g70_z1_256pix_basicFLIM_120f_0001.sdt,20260517_KPC_live_on_SLIM,E:\18_RK_Circadian\data\raw\20260517_KPC_live_on_SLIM\3_BKOCO2live_740nm_3097mW_u1_poc0p45_20x0p75NA_457s50_g70_z1_256pix_basicFLIM_120f_0001.sdt
3_BKOCO2live_740nm_3097mW_u1_poc0p45_20x0p75NA_457s50_g70_z1_256pix_basicFLIM_120f_0002.sdt,20260517_KPC_live_on_SLIM,E:\18_RK_Circadian\data\raw\20260517_KPC_live_on_SLIM\3_BKOCO2live_740nm_3097mW_u1_poc0p45_20x0p75NA_457s50_g70_z1_256pix_basicFLIM_120f_0002.sdt
3_BKOCO2live_740nm_3097mW_u1_poc0p45_20x0p75NA_457s50_g70_z1_256pix_basicFLIM_120f_0003.sdt,20260517_KPC_live_on_SLIM,E:\18_RK_Circadian\data\raw\20260517_KPC_live_on_SLIM\3_BKOCO2live_740nm_3097mW_u1_poc0p45_20x0p75NA_457s50_g70_z1_256pix_basicFLIM_120f_0003.sdt
3_BKOCO2live_740nm_3097mW_u1_poc0p45_20x0p75NA_457s50_g70_z1_256pix_basicFLIM_120f_0004.sdt,20260517_KPC_live_on_SLIM,E:\18_RK_Circadian\data\raw\20260517_KPC_live_on_SLIM\3_BKOCO2live_740nm_3097mW_u1_poc0p45_20x0p75NA_457s50_g70_z1_256pix_basicFLIM_120f_0004.sdt
3_BKOCO2live_740nm_3097mW_u1_poc0p45_20x0p75NA_457s50_g70_z1_256pix_basicFLIM_120f_0005.sdt,20260517_KPC_live_on_SLIM,E:\18_RK_Circadian\data\raw\20260517_KPC_live_on_SLIM\3_BKOCO2live_740nm_3097mW_u1_poc0p45_20x0p75NA_457s50_g70_z1_256pix_basicFLIM_120f_0005.sdt
3_BKOCO2live_740nm_3097mW_u1_poc0p45_20x0p75NA_457s50_g70_z1_256pix_basicFLIM_120f_0006.sdt,20260517_KPC_live_on_SLIM,E:\18_RK_Circadian\data\raw\20260517_KPC_live_on_SLIM\3_BKOCO2live_740nm_3097mW_u1_poc0p45_20x0p75NA_457s50_g70_z1_256pix_basicFLIM_120f_0006.sdt
3_BKOCO2live_740nm_3097mW_u1_poc0p45_20x0p75NA_457s50_g70_z1_256pix_basicFLIM_120f_0007.sdt,20260517_KPC_live_on_SLIM,E:\18_RK_Circadian\data\raw\20260517_KPC_live_on_SLIM\3_BKOCO2live_740nm_3097mW_u1_poc0p45_20x0p75NA_457s50_g70_z1_256pix_basicFLIM_120f_0007.sdt
3_BKOCO2live_740nm_3097mW_u1_poc0p45_20x0p75NA_457s50_g70_z1_256pix_basicFLIM_120f_0008.sdt,20260517_KPC_live_on_SLIM,E:\18_RK_Circadian\data\raw\20260517_KPC_live_on_SLIM\3_BKOCO2live_740nm_3097mW_u1_poc0p45_20x0p75NA_457s50_g70_z1_256pix_basicFLIM_120f_0008.sdt
3_BKOCO2live_740nm_3097mW_u1_poc0p45_20x0p75NA_457s50_g70_z1_256pix_basicFLIM_120f_0009.sdt,20260517_KPC_live_on_SLIM,E:\18_RK_Circadian\data\raw\20260517_KPC_live_on_SLIM\3_BKOCO2live_740nm_3097mW_u1_poc0p45_20x0p75NA_457s50_g70_z1_256pix_basicFLIM_120f_0009.sdt
3_BKOCO2live_740nm_3097mW_u1_poc0p45_20x0p75NA_457s50_g70_z1_256pix_basicFLIM_120f_0010.sdt,20260517_KPC_live_on_SLIM,E:\18_RK_Circadian\data\raw\20260517_KPC_live_on_SLIM\3_BKOCO2live_740nm_3097mW_u1_poc0p45_20x0p75NA_457s50_g70_z1_256pix_basicFLIM_120f_0010.sdt
3_BKOCO2live_740nm_3097mW_u1_poc0p45_20x0p75NA_457s50_g70_z1_256pix_basicFLIM_120f_0011.sdt,20260517_KPC_live_on_SLIM,E:\18_RK_Circadian\data\raw\20260517_KPC_live_on_SLIM\3_BKOCO2live_740nm_3097mW_u1_poc0p45_20x0p75NA_457s50_g70_z1_256pix_basicFLIM_120f_0011.sdt
3_BKOCO2live_740nm_3097mW_u1_poc0p45_20x0p75NA_457s50_g70_z1_256pix_basicFLIM_120f_0012.sdt,20260517_KPC_live_on_SLIM,E:\18_RK_Circadian\data\raw\20260517_KPC_live_on_SLIM\3_BKOCO2live_740nm_3097mW_u1_poc0p45_20x0p75NA_457s50_g70_z1_256pix_basicFLIM_120f_0012.sdt
3_BKOCO2live_740nm_3097mW_u1_poc0p45_20x0p75NA_457s50_g70_z1_256pix_basicFLIM_120f_0013.sdt,20260517_KPC_live_on_SLIM,E:\18_RK_Circadian\data\raw\20260517_KPC_live_on_SLIM\3_BKOCO2live_740nm_3097mW_u1_poc0p45_20x0p75NA_457s50_g70_z1_256pix_basicFLIM_120f_0013.sdt
3_BKOCO2live_740nm_3097mW_u1_poc0p45_20x0p75NA_457s50_g70_z1_256pix_basicFLIM_120f_0014.sdt,20260517_KPC_live_on_SLIM,E:\18_RK_Circadian\data\raw\20260517_KPC_live_on_SLIM\3_BKOCO2live_740nm_3097mW_u1_poc0p45_20x0p75NA_457s50_g70_z1_256pix_basicFLIM_120f_0014.sdt
3_BKOCO2live_740nm_3097mW_u1_poc0p45_20x0p75NA_457s50_g70_z1_256pix_basicFLIM_120f_0015.sdt,20260517_KPC_live_on_SLIM,E:\18_RK_Circadian\data\raw\20260517_KPC_live_on_SLIM\3_BKOCO2live_740nm_3097mW_u1_poc0p45_20x0p75NA_457s50_g70_z1_256pix_basicFLIM_120f_0015.sdt
4_urea_740nm_3097mW_u1_poc0_20x0p75NA_370s10_g70_z1_256pix_basicFLIM_90f_0001.sdt,20260517_KPC_live_on_SLIM,E:\18_RK_Circadian\data\raw\20260517_KPC_live_on_SLIM\4_urea_740nm_3097mW_u1_poc0_20x0p75NA_370s10_g70_z1_256pix_basicFLIM_90f_0001.sdt
4_urea_740nm_3097mW_u1_poc0_20x0p75NA_370s10_g70_z1_256pix_basicFLIM_90f_0000.sdt,20260517_KPC_live_on_SLIM,E:\18_RK_Circadian\data\raw\20260517_KPC_live_on_SLIM\4_urea_740nm_3097mW_u1_poc0_20x0p75NA_370s10_g70_z1_256pix_basicFLIM_90f_0000.sdt
4_chroma_740nm_3097mW_u80_poc0_20x0p75NA_457s50_g70_z1_256pix_basicFLIM_45f_0000.sdt,20260517_KPC_live_on_SLIM,E:\18_RK_Circadian\data\raw\20260517_KPC_live_on_SLIM\4_chroma_740nm_3097mW_u80_poc0_20x0p75NA_457s50_g70_z1_256pix_basicFLIM_45f_0000.sdt
4_chroma_740nm_3097mW_u80_poc0_20x0p75NA_457s50_g70_z1_256pix_basicFLIM_45f_0001.sdt,20260517_KPC_live_on_SLIM,E:\18_RK_Circadian\data\raw\20260517_KPC_live_on_SLIM\4_chroma_740nm_3097mW_u80_poc0_20x0p75NA_457s50_g70_z1_256pix_basicFLIM_45f_0001.sdt
5_pollen_890nm_2899mW_u1_poc0p2_10x0p5NA_457s50_g70_z1_256pix_basicFLIM_45f_0000.sdt,20260517_KPC_live_on_SLIM,E:\18_RK_Circadian\data\raw\20260517_KPC_live_on_SLIM\5_pollen_890nm_2899mW_u1_poc0p2_10x0p5NA_457s50_g70_z1_256pix_basicFLIM_45f_0000.sdt
0_pollen_890nm_2883mW_u1_poc0p2_10x0p5NA_457s50_g70_z1_256pix_basicFLIM_45f_0000.sdt,20260520_KPC_fixed_dishes_SLIM,E:\18_RK_Circadian\data\raw\20260520_KPC_fixed_dishes_SLIM\0_pollen_890nm_2883mW_u1_poc0p2_10x0p5NA_457s50_g70_z1_256pix_basicFLIM_45f_0000.sdt
1_chromablue_740nm_3083mW_u80_poc0_20x0p75NA_457s50_g70_z1_256pix_basicFLIM_45f_0000.sdt,20260520_KPC_fixed_dishes_SLIM,E:\18_RK_Circadian\data\raw\20260520_KPC_fixed_dishes_SLIM\1_chromablue_740nm_3083mW_u80_poc0_20x0p75NA_457s50_g70_z1_256pix_basicFLIM_45f_0000.sdt
2_urea_740nm_3085mW_u1_poc0_20x0p75NA_457s50_g70_z1_256pix_basicFLIM_45f_0000.sdt,20260520_KPC_fixed_dishes_SLIM,E:\18_RK_Circadian\data\raw\20260520_KPC_fixed_dishes_SLIM\2_urea_740nm_3085mW_u1_poc0_20x0p75NA_457s50_g70_z1_256pix_basicFLIM_45f_0000.sdt
3_KPCWTform10min_740nm_3082mW_u1_poc0p25_20x0p75NA_457s50_g70_z1_256pix_basicFLIM_120f_0000.sdt,20260520_KPC_fixed_dishes_SLIM,E:\18_RK_Circadian\data\raw\20260520_KPC_fixed_dishes_SLIM\3_KPCWTform10min_740nm_3082mW_u1_poc0p25_20x0p75NA_457s50_g70_z1_256pix_basicFLIM_120f_0000.sdt
3_KPCWTform10min_740nm_3082mW_u1_poc0p25_20x0p75NA_457s50_g70_z1_256pix_basicFLIM_120f_0001.sdt,20260520_KPC_fixed_dishes_SLIM,E:\18_RK_Circadian\data\raw\20260520_KPC_fixed_dishes_SLIM\3_KPCWTform10min_740nm_3082mW_u1_poc0p25_20x0p75NA_457s50_g70_z1_256pix_basicFLIM_120f_0001.sdt
3_KPCWTform10min_740nm_3082mW_u1_poc0p25_20x0p75NA_457s50_g70_z1_256pix_basicFLIM_120f_0002.sdt,20260520_KPC_fixed_dishes_SLIM,E:\18_RK_Circadian\data\raw\20260520_KPC_fixed_dishes_SLIM\3_KPCWTform10min_740nm_3082mW_u1_poc0p25_20x0p75NA_457s50_g70_z1_256pix_basicFLIM_120f_0002.sdt
3_KPCWTform10min_740nm_3082mW_u1_poc0p25_20x0p75NA_457s50_g70_z1_256pix_basicFLIM_120f_0003.sdt,20260520_KPC_fixed_dishes_SLIM,E:\18_RK_Circadian\data\raw\20260520_KPC_fixed_dishes_SLIM\3_KPCWTform10min_740nm_3082mW_u1_poc0p25_20x0p75NA_457s50_g70_z1_256pix_basicFLIM_120f_0003.sdt
3_KPCWTform10min_740nm_3082mW_u1_poc0p25_20x0p75NA_457s50_g70_z1_256pix_basicFLIM_120f_0004.sdt,20260520_KPC_fixed_dishes_SLIM,E:\18_RK_Circadian\data\raw\20260520_KPC_fixed_dishes_SLIM\3_KPCWTform10min_740nm_3082mW_u1_poc0p25_20x0p75NA_457s50_g70_z1_256pix_basicFLIM_120f_0004.sdt
3_KPCWTform10min_740nm_3082mW_u1_poc0p25_20x0p75NA_457s50_g70_z1_256pix_basicFLIM_120f_0005.sdt,20260520_KPC_fixed_dishes_SLIM,E:\18_RK_Circadian\data\raw\20260520_KPC_fixed_dishes_SLIM\3_KPCWTform10min_740nm_3082mW_u1_poc0p25_20x0p75NA_457s50_g70_z1_256pix_basicFLIM_120f_0005.sdt
3_KPCWTform10min_740nm_3082mW_u1_poc0p25_20x0p75NA_457s50_g70_z1_256pix_basicFLIM_120f_0006.sdt,20260520_KPC_fixed_dishes_SLIM,E:\18_RK_Circadian\data\raw\20260520_KPC_fixed_dishes_SLIM\3_KPCWTform10min_740nm_3082mW_u1_poc0p25_20x0p75NA_457s50_g70_z1_256pix_basicFLIM_120f_0006.sdt
3_KPCWTform10min_740nm_3082mW_u1_poc0p25_20x0p75NA_457s50_g70_z1_256pix_basicFLIM_120f_0007.sdt,20260520_KPC_fixed_dishes_SLIM,E:\18_RK_Circadian\data\raw\20260520_KPC_fixed_dishes_SLIM\3_KPCWTform10min_740nm_3082mW_u1_poc0p25_20x0p75NA_457s50_g70_z1_256pix_basicFLIM_120f_0007.sdt
3_KPCWTform10min_740nm_3082mW_u1_poc0p25_20x0p75NA_457s50_g70_z1_256pix_basicFLIM_120f_0008.sdt,20260520_KPC_fixed_dishes_SLIM,E:\18_RK_Circadian\data\raw\20260520_KPC_fixed_dishes_SLIM\3_KPCWTform10min_740nm_3082mW_u1_poc0p25_20x0p75NA_457s50_g70_z1_256pix_basicFLIM_120f_0008.sdt
3_KPCWTform10min_740nm_3082mW_u1_poc0p25_20x0p75NA_457s50_g70_z1_256pix_basicFLIM_120f_0009.sdt,20260520_KPC_fixed_dishes_SLIM,E:\18_RK_Circadian\data\raw\20260520_KPC_fixed_dishes_SLIM\3_KPCWTform10min_740nm_3082mW_u1_poc0p25_20x0p75NA_457s50_g70_z1_256pix_basicFLIM_120f_0009.sdt
3_KPCWTform10min_740nm_3082mW_u1_poc0p25_20x0p75NA_457s50_g70_z1_256pix_basicFLIM_120f_0010.sdt,20260520_KPC_fixed_dishes_SLIM,E:\18_RK_Circadian\data\raw\20260520_KPC_fixed_dishes_SLIM\3_KPCWTform10min_740nm_3082mW_u1_poc0p25_20x0p75NA_457s50_g70_z1_256pix_basicFLIM_120f_0010.sdt
3_KPCWTform10min_740nm_3082mW_u1_poc0p25_20x0p75NA_457s50_g70_z1_256pix_basicFLIM_120f_0011.sdt,20260520_KPC_fixed_dishes_SLIM,E:\18_RK_Circadian\data\raw\20260520_KPC_fixed_dishes_SLIM\3_KPCWTform10min_740nm_3082mW_u1_poc0p25_20x0p75NA_457s50_g70_z1_256pix_basicFLIM_120f_0011.sdt
3_KPCWTform10min_740nm_3082mW_u1_poc0p25_20x0p75NA_457s50_g70_z1_256pix_basicFLIM_120f_0012.sdt,20260520_KPC_fixed_dishes_SLIM,E:\18_RK_Circadian\data\raw\20260520_KPC_fixed_dishes_SLIM\3_KPCWTform10min_740nm_3082mW_u1_poc0p25_20x0p75NA_457s50_g70_z1_256pix_basicFLIM_120f_0012.sdt
3_KPCWTform10min_740nm_3082mW_u1_poc0p25_20x0p75NA_457s50_g70_z1_256pix_basicFLIM_120f_0013.sdt,20260520_KPC_fixed_dishes_SLIM,E:\18_RK_Circadian\data\raw\20260520_KPC_fixed_dishes_SLIM\3_KPCWTform10min_740nm_3082mW_u1_poc0p25_20x0p75NA_457s50_g70_z1_256pix_basicFLIM_120f_0013.sdt
3_KPCWTform10min_740nm_3082mW_u1_poc0p25_20x0p75NA_457s50_g70_z1_256pix_basicFLIM_120f_0014.sdt,20260520_KPC_fixed_dishes_SLIM,E:\18_RK_Circadian\data\raw\20260520_KPC_fixed_dishes_SLIM\3_KPCWTform10min_740nm_3082mW_u1_poc0p25_20x0p75NA_457s50_g70_z1_256pix_basicFLIM_120f_0014.sdt
3_KPCWTform10min_740nm_3082mW_u1_poc0p25_20x0p75NA_457s50_g70_z1_256pix_basicFLIM_120f_0015.sdt,20260520_KPC_fixed_dishes_SLIM,E:\18_RK_Circadian\data\raw\20260520_KPC_fixed_dishes_SLIM\3_KPCWTform10min_740nm_3082mW_u1_poc0p25_20x0p75NA_457s50_g70_z1_256pix_basicFLIM_120f_0015.sdt
3_KPCWTform10min_740nm_3082mW_u1_poc0p25_20x0p75NA_457s50_g70_z1_256pix_basicFLIM_120f_0016.sdt,20260520_KPC_fixed_dishes_SLIM,E:\18_RK_Circadian\data\raw\20260520_KPC_fixed_dishes_SLIM\3_KPCWTform10min_740nm_3082mW_u1_poc0p25_20x0p75NA_457s50_g70_z1_256pix_basicFLIM_120f_0016.sdt
3_KPCWTform10min_740nm_3083mW_u1_poc0p25_20x0p75NA_535s50_g70_z1_256pix_basicFLIM_120f_0000.sdt,20260520_KPC_fixed_dishes_SLIM,E:\18_RK_Circadian\data\raw\20260520_KPC_fixed_dishes_SLIM\3_KPCWTform10min_740nm_3083mW_u1_poc0p25_20x0p75NA_535s50_g70_z1_256pix_basicFLIM_120f_0000.sdt
3_KPCWTform10min_740nm_3083mW_u1_poc0p25_20x0p75NA_535s50_g70_z1_256pix_basicFLIM_120f_0001.sdt,20260520_KPC_fixed_dishes_SLIM,E:\18_RK_Circadian\data\raw\20260520_KPC_fixed_dishes_SLIM\3_KPCWTform10min_740nm_3083mW_u1_poc0p25_20x0p75NA_535s50_g70_z1_256pix_basicFLIM_120f_0001.sdt
3_KPCWTform10min_740nm_3083mW_u1_poc0p25_20x0p75NA_535s50_g70_z1_256pix_basicFLIM_120f_0002.sdt,20260520_KPC_fixed_dishes_SLIM,E:\18_RK_Circadian\data\raw\20260520_KPC_fixed_dishes_SLIM\3_KPCWTform10min_740nm_3083mW_u1_poc0p25_20x0p75NA_535s50_g70_z1_256pix_basicFLIM_120f_0002.sdt
3_KPCWTform10min_740nm_3083mW_u1_poc0p25_20x0p75NA_535s50_g70_z1_256pix_basicFLIM_120f_0003.sdt,20260520_KPC_fixed_dishes_SLIM,E:\18_RK_Circadian\data\raw\20260520_KPC_fixed_dishes_SLIM\3_KPCWTform10min_740nm_3083mW_u1_poc0p25_20x0p75NA_535s50_g70_z1_256pix_basicFLIM_120f_0003.sdt
3_KPCWTform10min_740nm_3083mW_u1_poc0p25_20x0p75NA_535s50_g70_z1_256pix_basicFLIM_120f_0004.sdt,20260520_KPC_fixed_dishes_SLIM,E:\18_RK_Circadian\data\raw\20260520_KPC_fixed_dishes_SLIM\3_KPCWTform10min_740nm_3083mW_u1_poc0p25_20x0p75NA_535s50_g70_z1_256pix_basicFLIM_120f_0004.sdt
3_KPCWTform10min_740nm_3083mW_u1_poc0p25_20x0p75NA_535s50_g70_z1_256pix_basicFLIM_120f_0005.sdt,20260520_KPC_fixed_dishes_SLIM,E:\18_RK_Circadian\data\raw\20260520_KPC_fixed_dishes_SLIM\3_KPCWTform10min_740nm_3083mW_u1_poc0p25_20x0p75NA_535s50_g70_z1_256pix_basicFLIM_120f_0005.sdt
3_KPCWTform10min_740nm_3083mW_u1_poc0p25_20x0p75NA_535s50_g70_z1_256pix_basicFLIM_120f_0006.sdt,20260520_KPC_fixed_dishes_SLIM,E:\18_RK_Circadian\data\raw\20260520_KPC_fixed_dishes_SLIM\3_KPCWTform10min_740nm_3083mW_u1_poc0p25_20x0p75NA_535s50_g70_z1_256pix_basicFLIM_120f_0006.sdt
3_KPCWTform10min_740nm_3083mW_u1_poc0p25_20x0p75NA_535s50_g70_z1_256pix_basicFLIM_120f_0007.sdt,20260520_KPC_fixed_dishes_SLIM,E:\18_RK_Circadian\data\raw\20260520_KPC_fixed_dishes_SLIM\3_KPCWTform10min_740nm_3083mW_u1_poc0p25_20x0p75NA_535s50_g70_z1_256pix_basicFLIM_120f_0007.sdt
3_KPCWTform10min_740nm_3083mW_u1_poc0p25_20x0p75NA_535s50_g70_z1_256pix_basicFLIM_120f_0008.sdt,20260520_KPC_fixed_dishes_SLIM,E:\18_RK_Circadian\data\raw\20260520_KPC_fixed_dishes_SLIM\3_KPCWTform10min_740nm_3083mW_u1_poc0p25_20x0p75NA_535s50_g70_z1_256pix_basicFLIM_120f_0008.sdt
3_KPCWTform10min_740nm_3083mW_u1_poc0p25_20x0p75NA_535s50_g70_z1_256pix_basicFLIM_120f_0009.sdt,20260520_KPC_fixed_dishes_SLIM,E:\18_RK_Circadian\data\raw\20260520_KPC_fixed_dishes_SLIM\3_KPCWTform10min_740nm_3083mW_u1_poc0p25_20x0p75NA_535s50_g70_z1_256pix_basicFLIM_120f_0009.sdt
3_KPCWTform10min_740nm_3083mW_u1_poc0p25_20x0p75NA_535s50_g70_z1_256pix_basicFLIM_120f_0010.sdt,20260520_KPC_fixed_dishes_SLIM,E:\18_RK_Circadian\data\raw\20260520_KPC_fixed_dishes_SLIM\3_KPCWTform10min_740nm_3083mW_u1_poc0p25_20x0p75NA_535s50_g70_z1_256pix_basicFLIM_120f_0010.sdt
3_KPCWTform10min_740nm_3083mW_u1_poc0p25_20x0p75NA_535s50_g70_z1_256pix_basicFLIM_120f_0011.sdt,20260520_KPC_fixed_dishes_SLIM,E:\18_RK_Circadian\data\raw\20260520_KPC_fixed_dishes_SLIM\3_KPCWTform10min_740nm_3083mW_u1_poc0p25_20x0p75NA_535s50_g70_z1_256pix_basicFLIM_120f_0011.sdt
3_KPCWTform10min_740nm_3083mW_u1_poc0p25_20x0p75NA_535s50_g70_z1_256pix_basicFLIM_120f_0012.sdt,20260520_KPC_fixed_dishes_SLIM,E:\18_RK_Circadian\data\raw\20260520_KPC_fixed_dishes_SLIM\3_KPCWTform10min_740nm_3083mW_u1_poc0p25_20x0p75NA_535s50_g70_z1_256pix_basicFLIM_120f_0012.sdt
3_KPCWTform10min_740nm_3083mW_u1_poc0p25_20x0p75NA_535s50_g70_z1_256pix_basicFLIM_120f_0013.sdt,20260520_KPC_fixed_dishes_SLIM,E:\18_RK_Circadian\data\raw\20260520_KPC_fixed_dishes_SLIM\3_KPCWTform10min_740nm_3083mW_u1_poc0p25_20x0p75NA_535s50_g70_z1_256pix_basicFLIM_120f_0013.sdt
3_KPCWTform10min_740nm_3083mW_u1_poc0p25_20x0p75NA_535s50_g70_z1_256pix_basicFLIM_120f_0014.sdt,20260520_KPC_fixed_dishes_SLIM,E:\18_RK_Circadian\data\raw\20260520_KPC_fixed_dishes_SLIM\3_KPCWTform10min_740nm_3083mW_u1_poc0p25_20x0p75NA_535s50_g70_z1_256pix_basicFLIM_120f_0014.sdt
3_KPCWTform10min_740nm_3083mW_u1_poc0p25_20x0p75NA_535s50_g70_z1_256pix_basicFLIM_120f_0015.sdt,20260520_KPC_fixed_dishes_SLIM,E:\18_RK_Circadian\data\raw\20260520_KPC_fixed_dishes_SLIM\3_KPCWTform10min_740nm_3083mW_u1_poc0p25_20x0p75NA_535s50_g70_z1_256pix_basicFLIM_120f_0015.sdt
3_KPCWTform10min_740nm_3083mW_u1_poc0p25_20x0p75NA_535s50_g70_z1_256pix_basicFLIM_120f_0016.sdt,20260520_KPC_fixed_dishes_SLIM,E:\18_RK_Circadian\data\raw\20260520_KPC_fixed_dishes_SLIM\3_KPCWTform10min_740nm_3083mW_u1_poc0p25_20x0p75NA_535s50_g70_z1_256pix_basicFLIM_120f_0016.sdt
3_KPCWTform10min_740nm_3083mW_u1_poc0p6_20x0p75NA_535s50_g70_z1_256pix_basicFLIM_120f_0000.sdt,20260520_KPC_fixed_dishes_SLIM,E:\18_RK_Circadian\data\raw\20260520_KPC_fixed_dishes_SLIM\3_KPCWTform10min_740nm_3083mW_u1_poc0p6_20x0p75NA_535s50_g70_z1_256pix_basicFLIM_120f_0000.sdt
3_KPCWTform10min_740nm_3083mW_u1_poc0p6_20x0p75NA_535s50_g70_z1_256pix_basicFLIM_120f_0001.sdt,20260520_KPC_fixed_dishes_SLIM,E:\18_RK_Circadian\data\raw\20260520_KPC_fixed_dishes_SLIM\3_KPCWTform10min_740nm_3083mW_u1_poc0p6_20x0p75NA_535s50_g70_z1_256pix_basicFLIM_120f_0001.sdt
3_KPCWTform10min_740nm_3083mW_u1_poc0p6_20x0p75NA_535s50_g70_z1_256pix_basicFLIM_120f_0002.sdt,20260520_KPC_fixed_dishes_SLIM,E:\18_RK_Circadian\data\raw\20260520_KPC_fixed_dishes_SLIM\3_KPCWTform10min_740nm_3083mW_u1_poc0p6_20x0p75NA_535s50_g70_z1_256pix_basicFLIM_120f_0002.sdt
3_KPCWTform10min_740nm_3083mW_u1_poc0p6_20x0p75NA_535s50_g70_z1_256pix_basicFLIM_120f_0003.sdt,20260520_KPC_fixed_dishes_SLIM,E:\18_RK_Circadian\data\raw\20260520_KPC_fixed_dishes_SLIM\3_KPCWTform10min_740nm_3083mW_u1_poc0p6_20x0p75NA_535s50_g70_z1_256pix_basicFLIM_120f_0003.sdt
3_KPCWTform10min_740nm_3083mW_u1_poc0p6_20x0p75NA_535s50_g70_z1_256pix_basicFLIM_120f_0004.sdt,20260520_KPC_fixed_dishes_SLIM,E:\18_RK_Circadian\data\raw\20260520_KPC_fixed_dishes_SLIM\3_KPCWTform10min_740nm_3083mW_u1_poc0p6_20x0p75NA_535s50_g70_z1_256pix_basicFLIM_120f_0004.sdt
3_KPCWTform10min_740nm_3083mW_u1_poc0p6_20x0p75NA_535s50_g70_z1_256pix_basicFLIM_120f_0005.sdt,20260520_KPC_fixed_dishes_SLIM,E:\18_RK_Circadian\data\raw\20260520_KPC_fixed_dishes_SLIM\3_KPCWTform10min_740nm_3083mW_u1_poc0p6_20x0p75NA_535s50_g70_z1_256pix_basicFLIM_120f_0005.sdt
3_KPCWTform10min_740nm_3083mW_u1_poc0p6_20x0p75NA_535s50_g70_z1_256pix_basicFLIM_120f_0006.sdt,20260520_KPC_fixed_dishes_SLIM,E:\18_RK_Circadian\data\raw\20260520_KPC_fixed_dishes_SLIM\3_KPCWTform10min_740nm_3083mW_u1_poc0p6_20x0p75NA_535s50_g70_z1_256pix_basicFLIM_120f_0006.sdt
3_KPCWTform10min_740nm_3083mW_u1_poc0p6_20x0p75NA_535s50_g70_z1_256pix_basicFLIM_120f_0007.sdt,20260520_KPC_fixed_dishes_SLIM,E:\18_RK_Circadian\data\raw\20260520_KPC_fixed_dishes_SLIM\3_KPCWTform10min_740nm_3083mW_u1_poc0p6_20x0p75NA_535s50_g70_z1_256pix_basicFLIM_120f_0007.sdt
3_KPCWTform10min_740nm_3083mW_u1_poc0p6_20x0p75NA_535s50_g70_z1_256pix_basicFLIM_120f_0008.sdt,20260520_KPC_fixed_dishes_SLIM,E:\18_RK_Circadian\data\raw\20260520_KPC_fixed_dishes_SLIM\3_KPCWTform10min_740nm_3083mW_u1_poc0p6_20x0p75NA_535s50_g70_z1_256pix_basicFLIM_120f_0008.sdt
3_KPCWTform10min_740nm_3083mW_u1_poc0p6_20x0p75NA_535s50_g70_z1_256pix_basicFLIM_120f_0009.sdt,20260520_KPC_fixed_dishes_SLIM,E:\18_RK_Circadian\data\raw\20260520_KPC_fixed_dishes_SLIM\3_KPCWTform10min_740nm_3083mW_u1_poc0p6_20x0p75NA_535s50_g70_z1_256pix_basicFLIM_120f_0009.sdt
3_KPCWTform10min_740nm_3083mW_u1_poc0p6_20x0p75NA_535s50_g70_z1_256pix_basicFLIM_120f_0010.sdt,20260520_KPC_fixed_dishes_SLIM,E:\18_RK_Circadian\data\raw\20260520_KPC_fixed_dishes_SLIM\3_KPCWTform10min_740nm_3083mW_u1_poc0p6_20x0p75NA_535s50_g70_z1_256pix_basicFLIM_120f_0010.sdt
3_KPCWTform10min_740nm_3083mW_u1_poc0p6_20x0p75NA_535s50_g70_z1_256pix_basicFLIM_120f_0011.sdt,20260520_KPC_fixed_dishes_SLIM,E:\18_RK_Circadian\data\raw\20260520_KPC_fixed_dishes_SLIM\3_KPCWTform10min_740nm_3083mW_u1_poc0p6_20x0p75NA_535s50_g70_z1_256pix_basicFLIM_120f_0011.sdt
3_KPCWTform10min_740nm_3083mW_u1_poc0p6_20x0p75NA_535s50_g70_z1_256pix_basicFLIM_120f_0012.sdt,20260520_KPC_fixed_dishes_SLIM,E:\18_RK_Circadian\data\raw\20260520_KPC_fixed_dishes_SLIM\3_KPCWTform10min_740nm_3083mW_u1_poc0p6_20x0p75NA_535s50_g70_z1_256pix_basicFLIM_120f_0012.sdt
3_KPCWTform10min_740nm_3083mW_u1_poc0p6_20x0p75NA_535s50_g70_z1_256pix_basicFLIM_120f_0013.sdt,20260520_KPC_fixed_dishes_SLIM,E:\18_RK_Circadian\data\raw\20260520_KPC_fixed_dishes_SLIM\3_KPCWTform10min_740nm_3083mW_u1_poc0p6_20x0p75NA_535s50_g70_z1_256pix_basicFLIM_120f_0013.sdt
3_KPCWTform10min_740nm_3083mW_u1_poc0p6_20x0p75NA_535s50_g70_z1_256pix_basicFLIM_120f_0014.sdt,20260520_KPC_fixed_dishes_SLIM,E:\18_RK_Circadian\data\raw\20260520_KPC_fixed_dishes_SLIM\3_KPCWTform10min_740nm_3083mW_u1_poc0p6_20x0p75NA_535s50_g70_z1_256pix_basicFLIM_120f_0014.sdt
3_KPCWTform10min_740nm_3083mW_u1_poc0p6_20x0p75NA_535s50_g70_z1_256pix_basicFLIM_120f_0015.sdt,20260520_KPC_fixed_dishes_SLIM,E:\18_RK_Circadian\data\raw\20260520_KPC_fixed_dishes_SLIM\3_KPCWTform10min_740nm_3083mW_u1_poc0p6_20x0p75NA_535s50_g70_z1_256pix_basicFLIM_120f_0015.sdt
3_KPCWTform10min_740nm_3083mW_u1_poc0p6_20x0p75NA_535s50_g70_z1_256pix_basicFLIM_120f_0016.sdt,20260520_KPC_fixed_dishes_SLIM,E:\18_RK_Circadian\data\raw\20260520_KPC_fixed_dishes_SLIM\3_KPCWTform10min_740nm_3083mW_u1_poc0p6_20x0p75NA_535s50_g70_z1_256pix_basicFLIM_120f_0016.sdt
3_KPCWTform10min_740nm_3083mW_u1_poc0p6_20x0p75NA_457s50_g70_z1_256pix_basicFLIM_120f_0000.sdt,20260520_KPC_fixed_dishes_SLIM,E:\18_RK_Circadian\data\raw\20260520_KPC_fixed_dishes_SLIM\3_KPCWTform10min_740nm_3083mW_u1_poc0p6_20x0p75NA_457s50_g70_z1_256pix_basicFLIM_120f_0000.sdt
3_KPCWTform10min_740nm_3083mW_u1_poc0p6_20x0p75NA_457s50_g70_z1_256pix_basicFLIM_120f_0001.sdt,20260520_KPC_fixed_dishes_SLIM,E:\18_RK_Circadian\data\raw\20260520_KPC_fixed_dishes_SLIM\3_KPCWTform10min_740nm_3083mW_u1_poc0p6_20x0p75NA_457s50_g70_z1_256pix_basicFLIM_120f_0001.sdt
3_KPCWTform10min_740nm_3083mW_u1_poc0p6_20x0p75NA_457s50_g70_z1_256pix_basicFLIM_120f_0002.sdt,20260520_KPC_fixed_dishes_SLIM,E:\18_RK_Circadian\data\raw\20260520_KPC_fixed_dishes_SLIM\3_KPCWTform10min_740nm_3083mW_u1_poc0p6_20x0p75NA_457s50_g70_z1_256pix_basicFLIM_120f_0002.sdt
3_KPCWTform10min_740nm_3083mW_u1_poc0p6_20x0p75NA_457s50_g70_z1_256pix_basicFLIM_120f_0003.sdt,20260520_KPC_fixed_dishes_SLIM,E:\18_RK_Circadian\data\raw\20260520_KPC_fixed_dishes_SLIM\3_KPCWTform10min_740nm_3083mW_u1_poc0p6_20x0p75NA_457s50_g70_z1_256pix_basicFLIM_120f_0003.sdt
3_KPCWTform10min_740nm_3083mW_u1_poc0p6_20x0p75NA_457s50_g70_z1_256pix_basicFLIM_120f_0004.sdt,20260520_KPC_fixed_dishes_SLIM,E:\18_RK_Circadian\data\raw\20260520_KPC_fixed_dishes_SLIM\3_KPCWTform10min_740nm_3083mW_u1_poc0p6_20x0p75NA_457s50_g70_z1_256pix_basicFLIM_120f_0004.sdt
3_KPCWTform10min_740nm_3083mW_u1_poc0p6_20x0p75NA_457s50_g70_z1_256pix_basicFLIM_120f_0005.sdt,20260520_KPC_fixed_dishes_SLIM,E:\18_RK_Circadian\data\raw\20260520_KPC_fixed_dishes_SLIM\3_KPCWTform10min_740nm_3083mW_u1_poc0p6_20x0p75NA_457s50_g70_z1_256pix_basicFLIM_120f_0005.sdt
3_KPCWTform10min_740nm_3083mW_u1_poc0p6_20x0p75NA_457s50_g70_z1_256pix_basicFLIM_120f_0006.sdt,20260520_KPC_fixed_dishes_SLIM,E:\18_RK_Circadian\data\raw\20260520_KPC_fixed_dishes_SLIM\3_KPCWTform10min_740nm_3083mW_u1_poc0p6_20x0p75NA_457s50_g70_z1_256pix_basicFLIM_120f_0006.sdt
3_KPCWTform10min_740nm_3083mW_u1_poc0p6_20x0p75NA_457s50_g70_z1_256pix_basicFLIM_120f_0007.sdt,20260520_KPC_fixed_dishes_SLIM,E:\18_RK_Circadian\data\raw\20260520_KPC_fixed_dishes_SLIM\3_KPCWTform10min_740nm_3083mW_u1_poc0p6_20x0p75NA_457s50_g70_z1_256pix_basicFLIM_120f_0007.sdt
3_KPCWTform10min_740nm_3083mW_u1_poc0p6_20x0p75NA_457s50_g70_z1_256pix_basicFLIM_120f_0008.sdt,20260520_KPC_fixed_dishes_SLIM,E:\18_RK_Circadian\data\raw\20260520_KPC_fixed_dishes_SLIM\3_KPCWTform10min_740nm_3083mW_u1_poc0p6_20x0p75NA_457s50_g70_z1_256pix_basicFLIM_120f_0008.sdt
3_KPCWTform10min_740nm_3083mW_u1_poc0p6_20x0p75NA_457s50_g70_z1_256pix_basicFLIM_120f_0009.sdt,20260520_KPC_fixed_dishes_SLIM,E:\18_RK_Circadian\data\raw\20260520_KPC_fixed_dishes_SLIM\3_KPCWTform10min_740nm_3083mW_u1_poc0p6_20x0p75NA_457s50_g70_z1_256pix_basicFLIM_120f_0009.sdt
3_KPCWTform10min_740nm_3083mW_u1_poc0p6_20x0p75NA_457s50_g70_z1_256pix_basicFLIM_120f_0010.sdt,20260520_KPC_fixed_dishes_SLIM,E:\18_RK_Circadian\data\raw\20260520_KPC_fixed_dishes_SLIM\3_KPCWTform10min_740nm_3083mW_u1_poc0p6_20x0p75NA_457s50_g70_z1_256pix_basicFLIM_120f_0010.sdt
3_KPCWTform10min_740nm_3083mW_u1_poc0p6_20x0p75NA_457s50_g70_z1_256pix_basicFLIM_120f_0011.sdt,20260520_KPC_fixed_dishes_SLIM,E:\18_RK_Circadian\data\raw\20260520_KPC_fixed_dishes_SLIM\3_KPCWTform10min_740nm_3083mW_u1_poc0p6_20x0p75NA_457s50_g70_z1_256pix_basicFLIM_120f_0011.sdt
3_KPCWTform10min_740nm_3083mW_u1_poc0p6_20x0p75NA_457s50_g70_z1_256pix_basicFLIM_120f_0012.sdt,20260520_KPC_fixed_dishes_SLIM,E:\18_RK_Circadian\data\raw\20260520_KPC_fixed_dishes_SLIM\3_KPCWTform10min_740nm_3083mW_u1_poc0p6_20x0p75NA_457s50_g70_z1_256pix_basicFLIM_120f_0012.sdt
3_KPCWTform10min_740nm_3083mW_u1_poc0p6_20x0p75NA_457s50_g70_z1_256pix_basicFLIM_120f_0013.sdt,20260520_KPC_fixed_dishes_SLIM,E:\18_RK_Circadian\data\raw\20260520_KPC_fixed_dishes_SLIM\3_KPCWTform10min_740nm_3083mW_u1_poc0p6_20x0p75NA_457s50_g70_z1_256pix_basicFLIM_120f_0013.sdt
3_KPCWTform10min_740nm_3083mW_u1_poc0p6_20x0p75NA_457s50_g70_z1_256pix_basicFLIM_120f_0014.sdt,20260520_KPC_fixed_dishes_SLIM,E:\18_RK_Circadian\data\raw\20260520_KPC_fixed_dishes_SLIM\3_KPCWTform10min_740nm_3083mW_u1_poc0p6_20x0p75NA_457s50_g70_z1_256pix_basicFLIM_120f_0014.sdt
3_KPCWTform10min_740nm_3083mW_u1_poc0p6_20x0p75NA_457s50_g70_z1_256pix_basicFLIM_120f_0015.sdt,20260520_KPC_fixed_dishes_SLIM,E:\18_RK_Circadian\data\raw\20260520_KPC_fixed_dishes_SLIM\3_KPCWTform10min_740nm_3083mW_u1_poc0p6_20x0p75NA_457s50_g70_z1_256pix_basicFLIM_120f_0015.sdt
3_KPCWTform10min_740nm_3083mW_u1_poc0p6_20x0p75NA_457s50_g70_z1_256pix_basicFLIM_120f_0016.sdt,20260520_KPC_fixed_dishes_SLIM,E:\18_RK_Circadian\data\raw\20260520_KPC_fixed_dishes_SLIM\3_KPCWTform10min_740nm_3083mW_u1_poc0p6_20x0p75NA_457s50_g70_z1_256pix_basicFLIM_120f_0016.sdt
4_BKOCO2form10min_740nm_3099mW_u1_poc0p25_20x0p75NA_457s50_g70_z1_256pix_basicFLIM_120f_0000.sdt,20260520_KPC_fixed_dishes_SLIM,E:\18_RK_Circadian\data\raw\20260520_KPC_fixed_dishes_SLIM\4_BKOCO2form10min_740nm_3099mW_u1_poc0p25_20x0p75NA_457s50_g70_z1_256pix_basicFLIM_120f_0000.sdt
4_BKOCO2form10min_740nm_3099mW_u1_poc0p25_20x0p75NA_457s50_g70_z1_256pix_basicFLIM_120f_0001.sdt,20260520_KPC_fixed_dishes_SLIM,E:\18_RK_Circadian\data\raw\20260520_KPC_fixed_dishes_SLIM\4_BKOCO2form10min_740nm_3099mW_u1_poc0p25_20x0p75NA_457s50_g70_z1_256pix_basicFLIM_120f_0001.sdt
4_BKOCO2form10min_740nm_3099mW_u1_poc0p25_20x0p75NA_457s50_g70_z1_256pix_basicFLIM_120f_0002.sdt,20260520_KPC_fixed_dishes_SLIM,E:\18_RK_Circadian\data\raw\20260520_KPC_fixed_dishes_SLIM\4_BKOCO2form10min_740nm_3099mW_u1_poc0p25_20x0p75NA_457s50_g70_z1_256pix_basicFLIM_120f_0002.sdt
4_BKOCO2form10min_740nm_3099mW_u1_poc0p25_20x0p75NA_457s50_g70_z1_256pix_basicFLIM_120f_0003.sdt,20260520_KPC_fixed_dishes_SLIM,E:\18_RK_Circadian\data\raw\20260520_KPC_fixed_dishes_SLIM\4_BKOCO2form10min_740nm_3099mW_u1_poc0p25_20x0p75NA_457s50_g70_z1_256pix_basicFLIM_120f_0003.sdt
4_BKOCO2form10min_740nm_3099mW_u1_poc0p25_20x0p75NA_457s50_g70_z1_256pix_basicFLIM_120f_0004.sdt,20260520_KPC_fixed_dishes_SLIM,E:\18_RK_Circadian\data\raw\20260520_KPC_fixed_dishes_SLIM\4_BKOCO2form10min_740nm_3099mW_u1_poc0p25_20x0p75NA_457s50_g70_z1_256pix_basicFLIM_120f_0004.sdt
4_BKOCO2form10min_740nm_3099mW_u1_poc0p25_20x0p75NA_457s50_g70_z1_256pix_basicFLIM_120f_0005.sdt,20260520_KPC_fixed_dishes_SLIM,E:\18_RK_Circadian\data\raw\20260520_KPC_fixed_dishes_SLIM\4_BKOCO2form10min_740nm_3099mW_u1_poc0p25_20x0p75NA_457s50_g70_z1_256pix_basicFLIM_120f_0005.sdt
4_BKOCO2form10min_740nm_3099mW_u1_poc0p25_20x0p75NA_457s50_g70_z1_256pix_basicFLIM_120f_0006.sdt,20260520_KPC_fixed_dishes_SLIM,E:\18_RK_Circadian\data\raw\20260520_KPC_fixed_dishes_SLIM\4_BKOCO2form10min_740nm_3099mW_u1_poc0p25_20x0p75NA_457s50_g70_z1_256pix_basicFLIM_120f_0006.sdt
4_BKOCO2form10min_740nm_3099mW_u1_poc0p25_20x0p75NA_457s50_g70_z1_256pix_basicFLIM_120f_0007.sdt,20260520_KPC_fixed_dishes_SLIM,E:\18_RK_Circadian\data\raw\20260520_KPC_fixed_dishes_SLIM\4_BKOCO2form10min_740nm_3099mW_u1_poc0p25_20x0p75NA_457s50_g70_z1_256pix_basicFLIM_120f_0007.sdt
4_BKOCO2form10min_740nm_3099mW_u1_poc0p25_20x0p75NA_457s50_g70_z1_256pix_basicFLIM_120f_0008.sdt,20260520_KPC_fixed_dishes_SLIM,E:\18_RK_Circadian\data\raw\20260520_KPC_fixed_dishes_SLIM\4_BKOCO2form10min_740nm_3099mW_u1_poc0p25_20x0p75NA_457s50_g70_z1_256pix_basicFLIM_120f_0008.sdt
4_BKOCO2form10min_740nm_3099mW_u1_poc0p25_20x0p75NA_457s50_g70_z1_256pix_basicFLIM_120f_0009.sdt,20260520_KPC_fixed_dishes_SLIM,E:\18_RK_Circadian\data\raw\20260520_KPC_fixed_dishes_SLIM\4_BKOCO2form10min_740nm_3099mW_u1_poc0p25_20x0p75NA_457s50_g70_z1_256pix_basicFLIM_120f_0009.sdt
4_BKOCO2form10min_740nm_3099mW_u1_poc0p25_20x0p75NA_457s50_g70_z1_256pix_basicFLIM_120f_0010.sdt,20260520_KPC_fixed_dishes_SLIM,E:\18_RK_Circadian\data\raw\20260520_KPC_fixed_dishes_SLIM\4_BKOCO2form10min_740nm_3099mW_u1_poc0p25_20x0p75NA_457s50_g70_z1_256pix_basicFLIM_120f_0010.sdt
4_BKOCO2form10min_740nm_3099mW_u1_poc0p25_20x0p75NA_457s50_g70_z1_256pix_basicFLIM_120f_0011.sdt,20260520_KPC_fixed_dishes_SLIM,E:\18_RK_Circadian\data\raw\20260520_KPC_fixed_dishes_SLIM\4_BKOCO2form10min_740nm_3099mW_u1_poc0p25_20x0p75NA_457s50_g70_z1_256pix_basicFLIM_120f_0011.sdt
4_BKOCO2form10min_740nm_3099mW_u1_poc0p25_20x0p75NA_457s50_g70_z1_256pix_basicFLIM_120f_0012.sdt,20260520_KPC_fixed_dishes_SLIM,E:\18_RK_Circadian\data\raw\20260520_KPC_fixed_dishes_SLIM\4_BKOCO2form10min_740nm_3099mW_u1_poc0p25_20x0p75NA_457s50_g70_z1_256pix_basicFLIM_120f_0012.sdt
4_BKOCO2form10min_740nm_3099mW_u1_poc0p25_20x0p75NA_457s50_g70_z1_256pix_basicFLIM_120f_0013.sdt,20260520_KPC_fixed_dishes_SLIM,E:\18_RK_Circadian\data\raw\20260520_KPC_fixed_dishes_SLIM\4_BKOCO2form10min_740nm_3099mW_u1_poc0p25_20x0p75NA_457s50_g70_z1_256pix_basicFLIM_120f_0013.sdt
4_BKOCO2form10min_740nm_3099mW_u1_poc0p25_20x0p75NA_457s50_g70_z1_256pix_basicFLIM_120f_0014.sdt,20260520_KPC_fixed_dishes_SLIM,E:\18_RK_Circadian\data\raw\20260520_KPC_fixed_dishes_SLIM\4_BKOCO2form10min_740nm_3099mW_u1_poc0p25_20x0p75NA_457s50_g70_z1_256pix_basicFLIM_120f_0014.sdt
4_BKOCO2form10min_740nm_3099mW_u1_poc0p25_20x0p75NA_457s50_g70_z1_256pix_basicFLIM_120f_0015.sdt,20260520_KPC_fixed_dishes_SLIM,E:\18_RK_Circadian\data\raw\20260520_KPC_fixed_dishes_SLIM\4_BKOCO2form10min_740nm_3099mW_u1_poc0p25_20x0p75NA_457s50_g70_z1_256pix_basicFLIM_120f_0015.sdt
4_BKOCO2form10min_740nm_3099mW_u1_poc0p25_20x0p75NA_457s50_g70_z1_256pix_basicFLIM_120f_0016.sdt,20260520_KPC_fixed_dishes_SLIM,E:\18_RK_Circadian\data\raw\20260520_KPC_fixed_dishes_SLIM\4_BKOCO2form10min_740nm_3099mW_u1_poc0p25_20x0p75NA_457s50_g70_z1_256pix_basicFLIM_120f_0016.sdt
4_BKOCO2form10min_740nm_3099mW_u1_poc0p25_20x0p75NA_535s50_g70_z1_256pix_basicFLIM_120f_0000.sdt,20260520_KPC_fixed_dishes_SLIM,E:\18_RK_Circadian\data\raw\20260520_KPC_fixed_dishes_SLIM\4_BKOCO2form10min_740nm_3099mW_u1_poc0p25_20x0p75NA_535s50_g70_z1_256pix_basicFLIM_120f_0000.sdt
4_BKOCO2form10min_740nm_3099mW_u1_poc0p25_20x0p75NA_535s50_g70_z1_256pix_basicFLIM_120f_0001.sdt,20260520_KPC_fixed_dishes_SLIM,E:\18_RK_Circadian\data\raw\20260520_KPC_fixed_dishes_SLIM\4_BKOCO2form10min_740nm_3099mW_u1_poc0p25_20x0p75NA_535s50_g70_z1_256pix_basicFLIM_120f_0001.sdt
4_BKOCO2form10min_740nm_3099mW_u1_poc0p25_20x0p75NA_535s50_g70_z1_256pix_basicFLIM_120f_0002.sdt,20260520_KPC_fixed_dishes_SLIM,E:\18_RK_Circadian\data\raw\20260520_KPC_fixed_dishes_SLIM\4_BKOCO2form10min_740nm_3099mW_u1_poc0p25_20x0p75NA_535s50_g70_z1_256pix_basicFLIM_120f_0002.sdt
4_BKOCO2form10min_740nm_3099mW_u1_poc0p25_20x0p75NA_535s50_g70_z1_256pix_basicFLIM_120f_0003.sdt,20260520_KPC_fixed_dishes_SLIM,E:\18_RK_Circadian\data\raw\20260520_KPC_fixed_dishes_SLIM\4_BKOCO2form10min_740nm_3099mW_u1_poc0p25_20x0p75NA_535s50_g70_z1_256pix_basicFLIM_120f_0003.sdt
4_BKOCO2form10min_740nm_3099mW_u1_poc0p25_20x0p75NA_535s50_g70_z1_256pix_basicFLIM_120f_0004.sdt,20260520_KPC_fixed_dishes_SLIM,E:\18_RK_Circadian\data\raw\20260520_KPC_fixed_dishes_SLIM\4_BKOCO2form10min_740nm_3099mW_u1_poc0p25_20x0p75NA_535s50_g70_z1_256pix_basicFLIM_120f_0004.sdt
4_BKOCO2form10min_740nm_3099mW_u1_poc0p25_20x0p75NA_535s50_g70_z1_256pix_basicFLIM_120f_0005.sdt,20260520_KPC_fixed_dishes_SLIM,E:\18_RK_Circadian\data\raw\20260520_KPC_fixed_dishes_SLIM\4_BKOCO2form10min_740nm_3099mW_u1_poc0p25_20x0p75NA_535s50_g70_z1_256pix_basicFLIM_120f_0005.sdt
4_BKOCO2form10min_740nm_3099mW_u1_poc0p25_20x0p75NA_535s50_g70_z1_256pix_basicFLIM_120f_0006.sdt,20260520_KPC_fixed_dishes_SLIM,E:\18_RK_Circadian\data\raw\20260520_KPC_fixed_dishes_SLIM\4_BKOCO2form10min_740nm_3099mW_u1_poc0p25_20x0p75NA_535s50_g70_z1_256pix_basicFLIM_120f_0006.sdt
4_BKOCO2form10min_740nm_3099mW_u1_poc0p25_20x0p75NA_535s50_g70_z1_256pix_basicFLIM_120f_0007.sdt,20260520_KPC_fixed_dishes_SLIM,E:\18_RK_Circadian\data\raw\20260520_KPC_fixed_dishes_SLIM\4_BKOCO2form10min_740nm_3099mW_u1_poc0p25_20x0p75NA_535s50_g70_z1_256pix_basicFLIM_120f_0007.sdt
4_BKOCO2form10min_740nm_3099mW_u1_poc0p25_20x0p75NA_535s50_g70_z1_256pix_basicFLIM_120f_0008.sdt,20260520_KPC_fixed_dishes_SLIM,E:\18_RK_Circadian\data\raw\20260520_KPC_fixed_dishes_SLIM\4_BKOCO2form10min_740nm_3099mW_u1_poc0p25_20x0p75NA_535s50_g70_z1_256pix_basicFLIM_120f_0008.sdt
4_BKOCO2form10min_740nm_3099mW_u1_poc0p25_20x0p75NA_535s50_g70_z1_256pix_basicFLIM_120f_0009.sdt,20260520_KPC_fixed_dishes_SLIM,E:\18_RK_Circadian\data\raw\20260520_KPC_fixed_dishes_SLIM\4_BKOCO2form10min_740nm_3099mW_u1_poc0p25_20x0p75NA_535s50_g70_z1_256pix_basicFLIM_120f_0009.sdt
4_BKOCO2form10min_740nm_3099mW_u1_poc0p25_20x0p75NA_535s50_g70_z1_256pix_basicFLIM_120f_0010.sdt,20260520_KPC_fixed_dishes_SLIM,E:\18_RK_Circadian\data\raw\20260520_KPC_fixed_dishes_SLIM\4_BKOCO2form10min_740nm_3099mW_u1_poc0p25_20x0p75NA_535s50_g70_z1_256pix_basicFLIM_120f_0010.sdt
4_BKOCO2form10min_740nm_3099mW_u1_poc0p25_20x0p75NA_535s50_g70_z1_256pix_basicFLIM_120f_0011.sdt,20260520_KPC_fixed_dishes_SLIM,E:\18_RK_Circadian\data\raw\20260520_KPC_fixed_dishes_SLIM\4_BKOCO2form10min_740nm_3099mW_u1_poc0p25_20x0p75NA_535s50_g70_z1_256pix_basicFLIM_120f_0011.sdt
4_BKOCO2form10min_740nm_3099mW_u1_poc0p25_20x0p75NA_535s50_g70_z1_256pix_basicFLIM_120f_0012.sdt,20260520_KPC_fixed_dishes_SLIM,E:\18_RK_Circadian\data\raw\20260520_KPC_fixed_dishes_SLIM\4_BKOCO2form10min_740nm_3099mW_u1_poc0p25_20x0p75NA_535s50_g70_z1_256pix_basicFLIM_120f_0012.sdt
4_BKOCO2form10min_740nm_3099mW_u1_poc0p25_20x0p75NA_535s50_g70_z1_256pix_basicFLIM_120f_0013.sdt,20260520_KPC_fixed_dishes_SLIM,E:\18_RK_Circadian\data\raw\20260520_KPC_fixed_dishes_SLIM\4_BKOCO2form10min_740nm_3099mW_u1_poc0p25_20x0p75NA_535s50_g70_z1_256pix_basicFLIM_120f_0013.sdt
4_BKOCO2form10min_740nm_3099mW_u1_poc0p25_20x0p75NA_535s50_g70_z1_256pix_basicFLIM_120f_0014.sdt,20260520_KPC_fixed_dishes_SLIM,E:\18_RK_Circadian\data\raw\20260520_KPC_fixed_dishes_SLIM\4_BKOCO2form10min_740nm_3099mW_u1_poc0p25_20x0p75NA_535s50_g70_z1_256pix_basicFLIM_120f_0014.sdt
4_BKOCO2form10min_740nm_3099mW_u1_poc0p25_20x0p75NA_535s50_g70_z1_256pix_basicFLIM_120f_0015.sdt,20260520_KPC_fixed_dishes_SLIM,E:\18_RK_Circadian\data\raw\20260520_KPC_fixed_dishes_SLIM\4_BKOCO2form10min_740nm_3099mW_u1_poc0p25_20x0p75NA_535s50_g70_z1_256pix_basicFLIM_120f_0015.sdt
4_BKOCO2form10min_740nm_3099mW_u1_poc0p25_20x0p75NA_535s50_g70_z1_256pix_basicFLIM_120f_0016.sdt,20260520_KPC_fixed_dishes_SLIM,E:\18_RK_Circadian\data\raw\20260520_KPC_fixed_dishes_SLIM\4_BKOCO2form10min_740nm_3099mW_u1_poc0p25_20x0p75NA_535s50_g70_z1_256pix_basicFLIM_120f_0016.sdt
4_BKOCO2form10min_740nm_3099mW_u1_poc0p6_20x0p75NA_535s50_g70_z1_256pix_basicFLIM_120f_0000.sdt,20260520_KPC_fixed_dishes_SLIM,E:\18_RK_Circadian\data\raw\20260520_KPC_fixed_dishes_SLIM\4_BKOCO2form10min_740nm_3099mW_u1_poc0p6_20x0p75NA_535s50_g70_z1_256pix_basicFLIM_120f_0000.sdt
4_BKOCO2form10min_740nm_3099mW_u1_poc0p6_20x0p75NA_535s50_g70_z1_256pix_basicFLIM_120f_0001.sdt,20260520_KPC_fixed_dishes_SLIM,E:\18_RK_Circadian\data\raw\20260520_KPC_fixed_dishes_SLIM\4_BKOCO2form10min_740nm_3099mW_u1_poc0p6_20x0p75NA_535s50_g70_z1_256pix_basicFLIM_120f_0001.sdt
4_BKOCO2form10min_740nm_3099mW_u1_poc0p6_20x0p75NA_535s50_g70_z1_256pix_basicFLIM_120f_0002.sdt,20260520_KPC_fixed_dishes_SLIM,E:\18_RK_Circadian\data\raw\20260520_KPC_fixed_dishes_SLIM\4_BKOCO2form10min_740nm_3099mW_u1_poc0p6_20x0p75NA_535s50_g70_z1_256pix_basicFLIM_120f_0002.sdt
4_BKOCO2form10min_740nm_3099mW_u1_poc0p6_20x0p75NA_535s50_g70_z1_256pix_basicFLIM_120f_0003.sdt,20260520_KPC_fixed_dishes_SLIM,E:\18_RK_Circadian\data\raw\20260520_KPC_fixed_dishes_SLIM\4_BKOCO2form10min_740nm_3099mW_u1_poc0p6_20x0p75NA_535s50_g70_z1_256pix_basicFLIM_120f_0003.sdt
4_BKOCO2form10min_740nm_3099mW_u1_poc0p6_20x0p75NA_535s50_g70_z1_256pix_basicFLIM_120f_0004.sdt,20260520_KPC_fixed_dishes_SLIM,E:\18_RK_Circadian\data\raw\20260520_KPC_fixed_dishes_SLIM\4_BKOCO2form10min_740nm_3099mW_u1_poc0p6_20x0p75NA_535s50_g70_z1_256pix_basicFLIM_120f_0004.sdt
4_BKOCO2form10min_740nm_3099mW_u1_poc0p6_20x0p75NA_535s50_g70_z1_256pix_basicFLIM_120f_0005.sdt,20260520_KPC_fixed_dishes_SLIM,E:\18_RK_Circadian\data\raw\20260520_KPC_fixed_dishes_SLIM\4_BKOCO2form10min_740nm_3099mW_u1_poc0p6_20x0p75NA_535s50_g70_z1_256pix_basicFLIM_120f_0005.sdt
4_BKOCO2form10min_740nm_3099mW_u1_poc0p6_20x0p75NA_535s50_g70_z1_256pix_basicFLIM_120f_0006.sdt,20260520_KPC_fixed_dishes_SLIM,E:\18_RK_Circadian\data\raw\20260520_KPC_fixed_dishes_SLIM\4_BKOCO2form10min_740nm_3099mW_u1_poc0p6_20x0p75NA_535s50_g70_z1_256pix_basicFLIM_120f_0006.sdt
4_BKOCO2form10min_740nm_3099mW_u1_poc0p6_20x0p75NA_535s50_g70_z1_256pix_basicFLIM_120f_0007.sdt,20260520_KPC_fixed_dishes_SLIM,E:\18_RK_Circadian\data\raw\20260520_KPC_fixed_dishes_SLIM\4_BKOCO2form10min_740nm_3099mW_u1_poc0p6_20x0p75NA_535s50_g70_z1_256pix_basicFLIM_120f_0007.sdt
4_BKOCO2form10min_740nm_3099mW_u1_poc0p6_20x0p75NA_535s50_g70_z1_256pix_basicFLIM_120f_0008.sdt,20260520_KPC_fixed_dishes_SLIM,E:\18_RK_Circadian\data\raw\20260520_KPC_fixed_dishes_SLIM\4_BKOCO2form10min_740nm_3099mW_u1_poc0p6_20x0p75NA_535s50_g70_z1_256pix_basicFLIM_120f_0008.sdt
4_BKOCO2form10min_740nm_3099mW_u1_poc0p6_20x0p75NA_535s50_g70_z1_256pix_basicFLIM_120f_0009.sdt,20260520_KPC_fixed_dishes_SLIM,E:\18_RK_Circadian\data\raw\20260520_KPC_fixed_dishes_SLIM\4_BKOCO2form10min_740nm_3099mW_u1_poc0p6_20x0p75NA_535s50_g70_z1_256pix_basicFLIM_120f_0009.sdt
4_BKOCO2form10min_740nm_3099mW_u1_poc0p6_20x0p75NA_535s50_g70_z1_256pix_basicFLIM_120f_0010.sdt,20260520_KPC_fixed_dishes_SLIM,E:\18_RK_Circadian\data\raw\20260520_KPC_fixed_dishes_SLIM\4_BKOCO2form10min_740nm_3099mW_u1_poc0p6_20x0p75NA_535s50_g70_z1_256pix_basicFLIM_120f_0010.sdt
4_BKOCO2form10min_740nm_3099mW_u1_poc0p6_20x0p75NA_535s50_g70_z1_256pix_basicFLIM_120f_0011.sdt,20260520_KPC_fixed_dishes_SLIM,E:\18_RK_Circadian\data\raw\20260520_KPC_fixed_dishes_SLIM\4_BKOCO2form10min_740nm_3099mW_u1_poc0p6_20x0p75NA_535s50_g70_z1_256pix_basicFLIM_120f_0011.sdt
4_BKOCO2form10min_740nm_3099mW_u1_poc0p6_20x0p75NA_535s50_g70_z1_256pix_basicFLIM_120f_0012.sdt,20260520_KPC_fixed_dishes_SLIM,E:\18_RK_Circadian\data\raw\20260520_KPC_fixed_dishes_SLIM\4_BKOCO2form10min_740nm_3099mW_u1_poc0p6_20x0p75NA_535s50_g70_z1_256pix_basicFLIM_120f_0012.sdt
4_BKOCO2form10min_740nm_3099mW_u1_poc0p6_20x0p75NA_535s50_g70_z1_256pix_basicFLIM_120f_0013.sdt,20260520_KPC_fixed_dishes_SLIM,E:\18_RK_Circadian\data\raw\20260520_KPC_fixed_dishes_SLIM\4_BKOCO2form10min_740nm_3099mW_u1_poc0p6_20x0p75NA_535s50_g70_z1_256pix_basicFLIM_120f_0013.sdt
4_BKOCO2form10min_740nm_3099mW_u1_poc0p6_20x0p75NA_535s50_g70_z1_256pix_basicFLIM_120f_0014.sdt,20260520_KPC_fixed_dishes_SLIM,E:\18_RK_Circadian\data\raw\20260520_KPC_fixed_dishes_SLIM\4_BKOCO2form10min_740nm_3099mW_u1_poc0p6_20x0p75NA_535s50_g70_z1_256pix_basicFLIM_120f_0014.sdt
4_BKOCO2form10min_740nm_3099mW_u1_poc0p6_20x0p75NA_535s50_g70_z1_256pix_basicFLIM_120f_0015.sdt,20260520_KPC_fixed_dishes_SLIM,E:\18_RK_Circadian\data\raw\20260520_KPC_fixed_dishes_SLIM\4_BKOCO2form10min_740nm_3099mW_u1_poc0p6_20x0p75NA_535s50_g70_z1_256pix_basicFLIM_120f_0015.sdt
4_BKOCO2form10min_740nm_3099mW_u1_poc0p6_20x0p75NA_535s50_g70_z1_256pix_basicFLIM_120f_0016.sdt,20260520_KPC_fixed_dishes_SLIM,E:\18_RK_Circadian\data\raw\20260520_KPC_fixed_dishes_SLIM\4_BKOCO2form10min_740nm_3099mW_u1_poc0p6_20x0p75NA_535s50_g70_z1_256pix_basicFLIM_120f_0016.sdt
4_BKOCO2form10min_740nm_3099mW_u1_poc0p6_20x0p75NA_457s50_g70_z1_256pix_basicFLIM_120f_0000.sdt,20260520_KPC_fixed_dishes_SLIM,E:\18_RK_Circadian\data\raw\20260520_KPC_fixed_dishes_SLIM\4_BKOCO2form10min_740nm_3099mW_u1_poc0p6_20x0p75NA_457s50_g70_z1_256pix_basicFLIM_120f_0000.sdt
4_BKOCO2form10min_740nm_3099mW_u1_poc0p6_20x0p75NA_457s50_g70_z1_256pix_basicFLIM_120f_0001.sdt,20260520_KPC_fixed_dishes_SLIM,E:\18_RK_Circadian\data\raw\20260520_KPC_fixed_dishes_SLIM\4_BKOCO2form10min_740nm_3099mW_u1_poc0p6_20x0p75NA_457s50_g70_z1_256pix_basicFLIM_120f_0001.sdt
4_BKOCO2form10min_740nm_3099mW_u1_poc0p6_20x0p75NA_457s50_g70_z1_256pix_basicFLIM_120f_0002.sdt,20260520_KPC_fixed_dishes_SLIM,E:\18_RK_Circadian\data\raw\20260520_KPC_fixed_dishes_SLIM\4_BKOCO2form10min_740nm_3099mW_u1_poc0p6_20x0p75NA_457s50_g70_z1_256pix_basicFLIM_120f_0002.sdt
4_BKOCO2form10min_740nm_3099mW_u1_poc0p6_20x0p75NA_457s50_g70_z1_256pix_basicFLIM_120f_0003.sdt,20260520_KPC_fixed_dishes_SLIM,E:\18_RK_Circadian\data\raw\20260520_KPC_fixed_dishes_SLIM\4_BKOCO2form10min_740nm_3099mW_u1_poc0p6_20x0p75NA_457s50_g70_z1_256pix_basicFLIM_120f_0003.sdt
4_BKOCO2form10min_740nm_3099mW_u1_poc0p6_20x0p75NA_457s50_g70_z1_256pix_basicFLIM_120f_0004.sdt,20260520_KPC_fixed_dishes_SLIM,E:\18_RK_Circadian\data\raw\20260520_KPC_fixed_dishes_SLIM\4_BKOCO2form10min_740nm_3099mW_u1_poc0p6_20x0p75NA_457s50_g70_z1_256pix_basicFLIM_120f_0004.sdt
4_BKOCO2form10min_740nm_3099mW_u1_poc0p6_20x0p75NA_457s50_g70_z1_256pix_basicFLIM_120f_0005.sdt,20260520_KPC_fixed_dishes_SLIM,E:\18_RK_Circadian\data\raw\20260520_KPC_fixed_dishes_SLIM\4_BKOCO2form10min_740nm_3099mW_u1_poc0p6_20x0p75NA_457s50_g70_z1_256pix_basicFLIM_120f_0005.sdt
4_BKOCO2form10min_740nm_3099mW_u1_poc0p6_20x0p75NA_457s50_g70_z1_256pix_basicFLIM_120f_0006.sdt,20260520_KPC_fixed_dishes_SLIM,E:\18_RK_Circadian\data\raw\20260520_KPC_fixed_dishes_SLIM\4_BKOCO2form10min_740nm_3099mW_u1_poc0p6_20x0p75NA_457s50_g70_z1_256pix_basicFLIM_120f_0006.sdt
4_BKOCO2form10min_740nm_3099mW_u1_poc0p6_20x0p75NA_457s50_g70_z1_256pix_basicFLIM_120f_0007.sdt,20260520_KPC_fixed_dishes_SLIM,E:\18_RK_Circadian\data\raw\20260520_KPC_fixed_dishes_SLIM\4_BKOCO2form10min_740nm_3099mW_u1_poc0p6_20x0p75NA_457s50_g70_z1_256pix_basicFLIM_120f_0007.sdt
4_BKOCO2form10min_740nm_3099mW_u1_poc0p6_20x0p75NA_457s50_g70_z1_256pix_basicFLIM_120f_0008.sdt,20260520_KPC_fixed_dishes_SLIM,E:\18_RK_Circadian\data\raw\20260520_KPC_fixed_dishes_SLIM\4_BKOCO2form10min_740nm_3099mW_u1_poc0p6_20x0p75NA_457s50_g70_z1_256pix_basicFLIM_120f_0008.sdt
4_BKOCO2form10min_740nm_3099mW_u1_poc0p6_20x0p75NA_457s50_g70_z1_256pix_basicFLIM_120f_0009.sdt,20260520_KPC_fixed_dishes_SLIM,E:\18_RK_Circadian\data\raw\20260520_KPC_fixed_dishes_SLIM\4_BKOCO2form10min_740nm_3099mW_u1_poc0p6_20x0p75NA_457s50_g70_z1_256pix_basicFLIM_120f_0009.sdt
4_BKOCO2form10min_740nm_3099mW_u1_poc0p6_20x0p75NA_457s50_g70_z1_256pix_basicFLIM_120f_0010.sdt,20260520_KPC_fixed_dishes_SLIM,E:\18_RK_Circadian\data\raw\20260520_KPC_fixed_dishes_SLIM\4_BKOCO2form10min_740nm_3099mW_u1_poc0p6_20x0p75NA_457s50_g70_z1_256pix_basicFLIM_120f_0010.sdt
4_BKOCO2form10min_740nm_3099mW_u1_poc0p6_20x0p75NA_457s50_g70_z1_256pix_basicFLIM_120f_0011.sdt,20260520_KPC_fixed_dishes_SLIM,E:\18_RK_Circadian\data\raw\20260520_KPC_fixed_dishes_SLIM\4_BKOCO2form10min_740nm_3099mW_u1_poc0p6_20x0p75NA_457s50_g70_z1_256pix_basicFLIM_120f_0011.sdt
4_BKOCO2form10min_740nm_3099mW_u1_poc0p6_20x0p75NA_457s50_g70_z1_256pix_basicFLIM_120f_0012.sdt,20260520_KPC_fixed_dishes_SLIM,E:\18_RK_Circadian\data\raw\20260520_KPC_fixed_dishes_SLIM\4_BKOCO2form10min_740nm_3099mW_u1_poc0p6_20x0p75NA_457s50_g70_z1_256pix_basicFLIM_120f_0012.sdt
4_BKOCO2form10min_740nm_3099mW_u1_poc0p6_20x0p75NA_457s50_g70_z1_256pix_basicFLIM_120f_0013.sdt,20260520_KPC_fixed_dishes_SLIM,E:\18_RK_Circadian\data\raw\20260520_KPC_fixed_dishes_SLIM\4_BKOCO2form10min_740nm_3099mW_u1_poc0p6_20x0p75NA_457s50_g70_z1_256pix_basicFLIM_120f_0013.sdt
4_BKOCO2form10min_740nm_3099mW_u1_poc0p6_20x0p75NA_457s50_g70_z1_256pix_basicFLIM_120f_0014.sdt,20260520_KPC_fixed_dishes_SLIM,E:\18_RK_Circadian\data\raw\20260520_KPC_fixed_dishes_SLIM\4_BKOCO2form10min_740nm_3099mW_u1_poc0p6_20x0p75NA_457s50_g70_z1_256pix_basicFLIM_120f_0014.sdt
4_BKOCO2form10min_740nm_3099mW_u1_poc0p6_20x0p75NA_457s50_g70_z1_256pix_basicFLIM_120f_0015.sdt,20260520_KPC_fixed_dishes_SLIM,E:\18_RK_Circadian\data\raw\20260520_KPC_fixed_dishes_SLIM\4_BKOCO2form10min_740nm_3099mW_u1_poc0p6_20x0p75NA_457s50_g70_z1_256pix_basicFLIM_120f_0015.sdt
4_BKOCO2form10min_740nm_3099mW_u1_poc0p6_20x0p75NA_457s50_g70_z1_256pix_basicFLIM_120f_0016.sdt,20260520_KPC_fixed_dishes_SLIM,E:\18_RK_Circadian\data\raw\20260520_KPC_fixed_dishes_SLIM\4_BKOCO2form10min_740nm_3099mW_u1_poc0p6_20x0p75NA_457s50_g70_z1_256pix_basicFLIM_120f_0016.sdt
5_urea_740nm_3094mW_u1_poc0_20x0p75NA_370s10_g70_z1_256pix_basicFLIM_60f_0000.sdt,20260520_KPC_fixed_dishes_SLIM,E:\18_RK_Circadian\data\raw\20260520_KPC_fixed_dishes_SLIM\5_urea_740nm_3094mW_u1_poc0_20x0p75NA_370s10_g70_z1_256pix_basicFLIM_60f_0000.sdt
6_chromablue_740nm_3097mW_u80_poc0_20x0p75NA_457s50_g70_z1_256pix_basicFLIM_60f_0000.sdt,20260520_KPC_fixed_dishes_SLIM,E:\18_RK_Circadian\data\raw\20260520_KPC_fixed_dishes_SLIM\6_chromablue_740nm_3097mW_u80_poc0_20x0p75NA_457s50_g70_z1_256pix_basicFLIM_60f_0000.sdt
7_pollen_890nm_2879mW_u1_poc0p2_10x0p5NA_457s50_g70_z1_256pix_basicFLIM_45f_0000.sdt,20260520_KPC_fixed_dishes_SLIM,E:\18_RK_Circadian\data\raw\20260520_KPC_fixed_dishes_SLIM\7_pollen_890nm_2879mW_u1_poc0p2_10x0p5NA_457s50_g70_z1_256pix_basicFLIM_45f_0000.sdt
0_pollen_890nm_2890mW_u1_poc0p2_10x0p5NA_457s50_g70_z1_256pix_basicFLIM_45f_0000.sdt,20260521_KPC_live_SLIM,E:\18_RK_Circadian\data\raw\20260521_KPC_live_SLIM\0_pollen_890nm_2890mW_u1_poc0p2_10x0p5NA_457s50_g70_z1_256pix_basicFLIM_45f_0000.sdt
1_chroma_740nm_3085mW_u80_poc0_20x0p75NA_457s50_g70_z1_256pix_basicFLIM_45f_0000.sdt,20260521_KPC_live_SLIM,E:\18_RK_Circadian\data\raw\20260521_KPC_live_SLIM\1_chroma_740nm_3085mW_u80_poc0_20x0p75NA_457s50_g70_z1_256pix_basicFLIM_45f_0000.sdt
2_urea_740nm_3085mW_u1_poc0_20x0p75NA_370s10_g70_z1_256pix_basicFLIM_45f_0000.sdt,20260521_KPC_live_SLIM,E:\18_RK_Circadian\data\raw\20260521_KPC_live_SLIM\2_urea_740nm_3085mW_u1_poc0_20x0p75NA_370s10_g70_z1_256pix_basicFLIM_45f_0000.sdt
3_BKOCO2live_740nm_3085mW_u1_poc0p15_20x0p75NA_457s50_g70_z1_256pix_basicFLIM_120f_0000.sdt,20260521_KPC_live_SLIM,E:\18_RK_Circadian\data\raw\20260521_KPC_live_SLIM\3_BKOCO2live_740nm_3085mW_u1_poc0p15_20x0p75NA_457s50_g70_z1_256pix_basicFLIM_120f_0000.sdt
3_BKOCO2live_740nm_3085mW_u1_poc0p15_20x0p75NA_457s50_g70_z1_256pix_basicFLIM_120f_0001.sdt,20260521_KPC_live_SLIM,E:\18_RK_Circadian\data\raw\20260521_KPC_live_SLIM\3_BKOCO2live_740nm_3085mW_u1_poc0p15_20x0p75NA_457s50_g70_z1_256pix_basicFLIM_120f_0001.sdt
3_BKOCO2live_740nm_3085mW_u1_poc0p15_20x0p75NA_457s50_g70_z1_256pix_basicFLIM_120f_0002.sdt,20260521_KPC_live_SLIM,E:\18_RK_Circadian\data\raw\20260521_KPC_live_SLIM\3_BKOCO2live_740nm_3085mW_u1_poc0p15_20x0p75NA_457s50_g70_z1_256pix_basicFLIM_120f_0002.sdt
3_BKOCO2live_740nm_3085mW_u1_poc0p25_20x0p75NA_457s50_g70_z1_256pix_basicFLIM_120f_0000.sdt,20260521_KPC_live_SLIM,E:\18_RK_Circadian\data\raw\20260521_KPC_live_SLIM\3_BKOCO2live_740nm_3085mW_u1_poc0p25_20x0p75NA_457s50_g70_z1_256pix_basicFLIM_120f_0000.sdt
3_BKOCO2live_740nm_3085mW_u1_poc0p25_20x0p75NA_457s50_g70_z1_256pix_basicFLIM_120f_0001.sdt,20260521_KPC_live_SLIM,E:\18_RK_Circadian\data\raw\20260521_KPC_live_SLIM\3_BKOCO2live_740nm_3085mW_u1_poc0p25_20x0p75NA_457s50_g70_z1_256pix_basicFLIM_120f_0001.sdt
3_BKOCO2live_740nm_3085mW_u1_poc0p25_20x0p75NA_457s50_g70_z1_256pix_basicFLIM_120f_0002.sdt,20260521_KPC_live_SLIM,E:\18_RK_Circadian\data\raw\20260521_KPC_live_SLIM\3_BKOCO2live_740nm_3085mW_u1_poc0p25_20x0p75NA_457s50_g70_z1_256pix_basicFLIM_120f_0002.sdt
3_BKOCO2live_740nm_3085mW_u1_poc0p25_20x0p75NA_457s50_g70_z1_256pix_basicFLIM_120f_0003.sdt,20260521_KPC_live_SLIM,E:\18_RK_Circadian\data\raw\20260521_KPC_live_SLIM\3_BKOCO2live_740nm_3085mW_u1_poc0p25_20x0p75NA_457s50_g70_z1_256pix_basicFLIM_120f_0003.sdt
3_BKOCO2live_740nm_3085mW_u1_poc0p25_20x0p75NA_457s50_g70_z1_256pix_basicFLIM_120f_0004.sdt,20260521_KPC_live_SLIM,E:\18_RK_Circadian\data\raw\20260521_KPC_live_SLIM\3_BKOCO2live_740nm_3085mW_u1_poc0p25_20x0p75NA_457s50_g70_z1_256pix_basicFLIM_120f_0004.sdt
3_BKOCO2live_740nm_3085mW_u1_poc0p25_20x0p75NA_457s50_g70_z1_256pix_basicFLIM_120f_0005.sdt,20260521_KPC_live_SLIM,E:\18_RK_Circadian\data\raw\20260521_KPC_live_SLIM\3_BKOCO2live_740nm_3085mW_u1_poc0p25_20x0p75NA_457s50_g70_z1_256pix_basicFLIM_120f_0005.sdt
3_BKOCO2live_740nm_3085mW_u1_poc0p25_20x0p75NA_457s50_g70_z1_256pix_basicFLIM_120f_0006.sdt,20260521_KPC_live_SLIM,E:\18_RK_Circadian\data\raw\20260521_KPC_live_SLIM\3_BKOCO2live_740nm_3085mW_u1_poc0p25_20x0p75NA_457s50_g70_z1_256pix_basicFLIM_120f_0006.sdt
3_BKOCO2live_740nm_3085mW_u1_poc0p25_20x0p75NA_457s50_g70_z1_256pix_basicFLIM_120f_0007.sdt,20260521_KPC_live_SLIM,E:\18_RK_Circadian\data\raw\20260521_KPC_live_SLIM\3_BKOCO2live_740nm_3085mW_u1_poc0p25_20x0p75NA_457s50_g70_z1_256pix_basicFLIM_120f_0007.sdt
3_BKOCO2live_740nm_3085mW_u1_poc0p25_20x0p75NA_457s50_g70_z1_256pix_basicFLIM_120f_0008.sdt,20260521_KPC_live_SLIM,E:\18_RK_Circadian\data\raw\20260521_KPC_live_SLIM\3_BKOCO2live_740nm_3085mW_u1_poc0p25_20x0p75NA_457s50_g70_z1_256pix_basicFLIM_120f_0008.sdt
3_BKOCO2live_740nm_3085mW_u1_poc0p25_20x0p75NA_457s50_g70_z1_256pix_basicFLIM_120f_0009.sdt,20260521_KPC_live_SLIM,E:\18_RK_Circadian\data\raw\20260521_KPC_live_SLIM\3_BKOCO2live_740nm_3085mW_u1_poc0p25_20x0p75NA_457s50_g70_z1_256pix_basicFLIM_120f_0009.sdt
3_BKOCO2live_740nm_3085mW_u1_poc0p25_20x0p75NA_457s50_g70_z1_256pix_basicFLIM_120f_0010.sdt,20260521_KPC_live_SLIM,E:\18_RK_Circadian\data\raw\20260521_KPC_live_SLIM\3_BKOCO2live_740nm_3085mW_u1_poc0p25_20x0p75NA_457s50_g70_z1_256pix_basicFLIM_120f_0010.sdt
3_BKOCO2live_740nm_3085mW_u1_poc0p25_20x0p75NA_457s50_g70_z1_256pix_basicFLIM_120f_0011.sdt,20260521_KPC_live_SLIM,E:\18_RK_Circadian\data\raw\20260521_KPC_live_SLIM\3_BKOCO2live_740nm_3085mW_u1_poc0p25_20x0p75NA_457s50_g70_z1_256pix_basicFLIM_120f_0011.sdt
3_BKOCO2live_740nm_3085mW_u1_poc0p25_20x0p75NA_457s50_g70_z1_256pix_basicFLIM_120f_0012.sdt,20260521_KPC_live_SLIM,E:\18_RK_Circadian\data\raw\20260521_KPC_live_SLIM\3_BKOCO2live_740nm_3085mW_u1_poc0p25_20x0p75NA_457s50_g70_z1_256pix_basicFLIM_120f_0012.sdt
3_BKOCO2live_740nm_3085mW_u1_poc0p25_20x0p75NA_457s50_g70_z1_256pix_basicFLIM_120f_0013.sdt,20260521_KPC_live_SLIM,E:\18_RK_Circadian\data\raw\20260521_KPC_live_SLIM\3_BKOCO2live_740nm_3085mW_u1_poc0p25_20x0p75NA_457s50_g70_z1_256pix_basicFLIM_120f_0013.sdt
3_BKOCO2live_740nm_3085mW_u1_poc0p25_20x0p75NA_457s50_g70_z1_256pix_basicFLIM_120f_0014.sdt,20260521_KPC_live_SLIM,E:\18_RK_Circadian\data\raw\20260521_KPC_live_SLIM\3_BKOCO2live_740nm_3085mW_u1_poc0p25_20x0p75NA_457s50_g70_z1_256pix_basicFLIM_120f_0014.sdt
3_BKOCO2live_posn11_to_13_740nm_3085mW_u1_poc0p25_20x0p75NA_457s50_g70_z1_256pix_basicFLIM_120f_0000.sdt,20260521_KPC_live_SLIM,E:\18_RK_Circadian\data\raw\20260521_KPC_live_SLIM\3_BKOCO2live_posn11_to_13_740nm_3085mW_u1_poc0p25_20x0p75NA_457s50_g70_z1_256pix_basicFLIM_120f_0000.sdt
3_BKOCO2live_posn11_to_13_740nm_3085mW_u1_poc0p25_20x0p75NA_457s50_g70_z1_256pix_basicFLIM_120f_0001.sdt,20260521_KPC_live_SLIM,E:\18_RK_Circadian\data\raw\20260521_KPC_live_SLIM\3_BKOCO2live_posn11_to_13_740nm_3085mW_u1_poc0p25_20x0p75NA_457s50_g70_z1_256pix_basicFLIM_120f_0001.sdt
3_BKOCO2live_posn11_to_13_740nm_3085mW_u1_poc0p25_20x0p75NA_457s50_g70_z1_256pix_basicFLIM_120f_0002.sdt,20260521_KPC_live_SLIM,E:\18_RK_Circadian\data\raw\20260521_KPC_live_SLIM\3_BKOCO2live_posn11_to_13_740nm_3085mW_u1_poc0p25_20x0p75NA_457s50_g70_z1_256pix_basicFLIM_120f_0002.sdt
3_BKOCO2live_740nm_3085mW_u1_poc0p25_20x0p75NA_535s50_g70_z1_256pix_basicFLIM_120f_0000.sdt,20260521_KPC_live_SLIM,E:\18_RK_Circadian\data\raw\20260521_KPC_live_SLIM\3_BKOCO2live_740nm_3085mW_u1_poc0p25_20x0p75NA_535s50_g70_z1_256pix_basicFLIM_120f_0000.sdt
3_BKOCO2live_740nm_3085mW_u1_poc0p25_20x0p75NA_535s50_g70_z1_256pix_basicFLIM_120f_0001.sdt,20260521_KPC_live_SLIM,E:\18_RK_Circadian\data\raw\20260521_KPC_live_SLIM\3_BKOCO2live_740nm_3085mW_u1_poc0p25_20x0p75NA_535s50_g70_z1_256pix_basicFLIM_120f_0001.sdt
3_BKOCO2live_740nm_3085mW_u1_poc0p25_20x0p75NA_535s50_g70_z1_256pix_basicFLIM_120f_0002.sdt,20260521_KPC_live_SLIM,E:\18_RK_Circadian\data\raw\20260521_KPC_live_SLIM\3_BKOCO2live_740nm_3085mW_u1_poc0p25_20x0p75NA_535s50_g70_z1_256pix_basicFLIM_120f_0002.sdt
3_BKOCO2live_740nm_3085mW_u1_poc0p25_20x0p75NA_535s50_g70_z1_256pix_basicFLIM_120f_0003.sdt,20260521_KPC_live_SLIM,E:\18_RK_Circadian\data\raw\20260521_KPC_live_SLIM\3_BKOCO2live_740nm_3085mW_u1_poc0p25_20x0p75NA_535s50_g70_z1_256pix_basicFLIM_120f_0003.sdt
3_BKOCO2live_740nm_3085mW_u1_poc0p25_20x0p75NA_535s50_g70_z1_256pix_basicFLIM_120f_0004.sdt,20260521_KPC_live_SLIM,E:\18_RK_Circadian\data\raw\20260521_KPC_live_SLIM\3_BKOCO2live_740nm_3085mW_u1_poc0p25_20x0p75NA_535s50_g70_z1_256pix_basicFLIM_120f_0004.sdt
3_BKOCO2live_740nm_3085mW_u1_poc0p25_20x0p75NA_535s50_g70_z1_256pix_basicFLIM_120f_0005.sdt,20260521_KPC_live_SLIM,E:\18_RK_Circadian\data\raw\20260521_KPC_live_SLIM\3_BKOCO2live_740nm_3085mW_u1_poc0p25_20x0p75NA_535s50_g70_z1_256pix_basicFLIM_120f_0005.sdt
3_BKOCO2live_740nm_3085mW_u1_poc0p25_20x0p75NA_535s50_g70_z1_256pix_basicFLIM_120f_0006.sdt,20260521_KPC_live_SLIM,E:\18_RK_Circadian\data\raw\20260521_KPC_live_SLIM\3_BKOCO2live_740nm_3085mW_u1_poc0p25_20x0p75NA_535s50_g70_z1_256pix_basicFLIM_120f_0006.sdt
3_BKOCO2live_740nm_3085mW_u1_poc0p25_20x0p75NA_535s50_g70_z1_256pix_basicFLIM_120f_0007.sdt,20260521_KPC_live_SLIM,E:\18_RK_Circadian\data\raw\20260521_KPC_live_SLIM\3_BKOCO2live_740nm_3085mW_u1_poc0p25_20x0p75NA_535s50_g70_z1_256pix_basicFLIM_120f_0007.sdt
3_BKOCO2live_740nm_3085mW_u1_poc0p25_20x0p75NA_535s50_g70_z1_256pix_basicFLIM_120f_0008.sdt,20260521_KPC_live_SLIM,E:\18_RK_Circadian\data\raw\20260521_KPC_live_SLIM\3_BKOCO2live_740nm_3085mW_u1_poc0p25_20x0p75NA_535s50_g70_z1_256pix_basicFLIM_120f_0008.sdt
3_BKOCO2live_740nm_3085mW_u1_poc0p25_20x0p75NA_535s50_g70_z1_256pix_basicFLIM_120f_0009.sdt,20260521_KPC_live_SLIM,E:\18_RK_Circadian\data\raw\20260521_KPC_live_SLIM\3_BKOCO2live_740nm_3085mW_u1_poc0p25_20x0p75NA_535s50_g70_z1_256pix_basicFLIM_120f_0009.sdt
3_BKOCO2live_740nm_3085mW_u1_poc0p25_20x0p75NA_535s50_g70_z1_256pix_basicFLIM_120f_0010.sdt,20260521_KPC_live_SLIM,E:\18_RK_Circadian\data\raw\20260521_KPC_live_SLIM\3_BKOCO2live_740nm_3085mW_u1_poc0p25_20x0p75NA_535s50_g70_z1_256pix_basicFLIM_120f_0010.sdt
3_BKOCO2live_740nm_3085mW_u1_poc0p25_20x0p75NA_535s50_g70_z1_256pix_basicFLIM_120f_0011.sdt,20260521_KPC_live_SLIM,E:\18_RK_Circadian\data\raw\20260521_KPC_live_SLIM\3_BKOCO2live_740nm_3085mW_u1_poc0p25_20x0p75NA_535s50_g70_z1_256pix_basicFLIM_120f_0011.sdt
3_BKOCO2live_740nm_3085mW_u1_poc0p25_20x0p75NA_535s50_g70_z1_256pix_basicFLIM_120f_0012.sdt,20260521_KPC_live_SLIM,E:\18_RK_Circadian\data\raw\20260521_KPC_live_SLIM\3_BKOCO2live_740nm_3085mW_u1_poc0p25_20x0p75NA_535s50_g70_z1_256pix_basicFLIM_120f_0012.sdt
3_BKOCO2live_740nm_3085mW_u1_poc0p25_20x0p75NA_535s50_g70_z1_256pix_basicFLIM_120f_0013.sdt,20260521_KPC_live_SLIM,E:\18_RK_Circadian\data\raw\20260521_KPC_live_SLIM\3_BKOCO2live_740nm_3085mW_u1_poc0p25_20x0p75NA_535s50_g70_z1_256pix_basicFLIM_120f_0013.sdt
3_BKOCO2live_740nm_3085mW_u1_poc0p25_20x0p75NA_535s50_g70_z1_256pix_basicFLIM_120f_0014.sdt,20260521_KPC_live_SLIM,E:\18_RK_Circadian\data\raw\20260521_KPC_live_SLIM\3_BKOCO2live_740nm_3085mW_u1_poc0p25_20x0p75NA_535s50_g70_z1_256pix_basicFLIM_120f_0014.sdt
3_BKOCO2live_740nm_3085mW_u1_poc0p6_20x0p75NA_535s50_g70_z1_256pix_basicFLIM_120f_0000.sdt,20260521_KPC_live_SLIM,E:\18_RK_Circadian\data\raw\20260521_KPC_live_SLIM\3_BKOCO2live_740nm_3085mW_u1_poc0p6_20x0p75NA_535s50_g70_z1_256pix_basicFLIM_120f_0000.sdt
3_BKOCO2live_740nm_3085mW_u1_poc0p6_20x0p75NA_535s50_g70_z1_256pix_basicFLIM_120f_0001.sdt,20260521_KPC_live_SLIM,E:\18_RK_Circadian\data\raw\20260521_KPC_live_SLIM\3_BKOCO2live_740nm_3085mW_u1_poc0p6_20x0p75NA_535s50_g70_z1_256pix_basicFLIM_120f_0001.sdt
3_BKOCO2live_740nm_3085mW_u1_poc0p6_20x0p75NA_535s50_g70_z1_256pix_basicFLIM_120f_0002.sdt,20260521_KPC_live_SLIM,E:\18_RK_Circadian\data\raw\20260521_KPC_live_SLIM\3_BKOCO2live_740nm_3085mW_u1_poc0p6_20x0p75NA_535s50_g70_z1_256pix_basicFLIM_120f_0002.sdt
3_BKOCO2live_740nm_3085mW_u1_poc0p6_20x0p75NA_535s50_g70_z1_256pix_basicFLIM_120f_0003.sdt,20260521_KPC_live_SLIM,E:\18_RK_Circadian\data\raw\20260521_KPC_live_SLIM\3_BKOCO2live_740nm_3085mW_u1_poc0p6_20x0p75NA_535s50_g70_z1_256pix_basicFLIM_120f_0003.sdt
3_BKOCO2live_740nm_3085mW_u1_poc0p6_20x0p75NA_535s50_g70_z1_256pix_basicFLIM_120f_0004.sdt,20260521_KPC_live_SLIM,E:\18_RK_Circadian\data\raw\20260521_KPC_live_SLIM\3_BKOCO2live_740nm_3085mW_u1_poc0p6_20x0p75NA_535s50_g70_z1_256pix_basicFLIM_120f_0004.sdt
3_BKOCO2live_740nm_3085mW_u1_poc0p6_20x0p75NA_535s50_g70_z1_256pix_basicFLIM_120f_0005.sdt,20260521_KPC_live_SLIM,E:\18_RK_Circadian\data\raw\20260521_KPC_live_SLIM\3_BKOCO2live_740nm_3085mW_u1_poc0p6_20x0p75NA_535s50_g70_z1_256pix_basicFLIM_120f_0005.sdt
3_BKOCO2live_740nm_3085mW_u1_poc0p6_20x0p75NA_535s50_g70_z1_256pix_basicFLIM_120f_0006.sdt,20260521_KPC_live_SLIM,E:\18_RK_Circadian\data\raw\20260521_KPC_live_SLIM\3_BKOCO2live_740nm_3085mW_u1_poc0p6_20x0p75NA_535s50_g70_z1_256pix_basicFLIM_120f_0006.sdt
3_BKOCO2live_740nm_3085mW_u1_poc0p6_20x0p75NA_535s50_g70_z1_256pix_basicFLIM_120f_0007.sdt,20260521_KPC_live_SLIM,E:\18_RK_Circadian\data\raw\20260521_KPC_live_SLIM\3_BKOCO2live_740nm_3085mW_u1_poc0p6_20x0p75NA_535s50_g70_z1_256pix_basicFLIM_120f_0007.sdt
3_BKOCO2live_740nm_3085mW_u1_poc0p6_20x0p75NA_535s50_g70_z1_256pix_basicFLIM_120f_0008.sdt,20260521_KPC_live_SLIM,E:\18_RK_Circadian\data\raw\20260521_KPC_live_SLIM\3_BKOCO2live_740nm_3085mW_u1_poc0p6_20x0p75NA_535s50_g70_z1_256pix_basicFLIM_120f_0008.sdt
3_BKOCO2live_740nm_3085mW_u1_poc0p6_20x0p75NA_535s50_g70_z1_256pix_basicFLIM_120f_0009.sdt,20260521_KPC_live_SLIM,E:\18_RK_Circadian\data\raw\20260521_KPC_live_SLIM\3_BKOCO2live_740nm_3085mW_u1_poc0p6_20x0p75NA_535s50_g70_z1_256pix_basicFLIM_120f_0009.sdt
3_BKOCO2live_740nm_3085mW_u1_poc0p6_20x0p75NA_535s50_g70_z1_256pix_basicFLIM_120f_0010.sdt,20260521_KPC_live_SLIM,E:\18_RK_Circadian\data\raw\20260521_KPC_live_SLIM\3_BKOCO2live_740nm_3085mW_u1_poc0p6_20x0p75NA_535s50_g70_z1_256pix_basicFLIM_120f_0010.sdt
3_BKOCO2live_740nm_3085mW_u1_poc0p6_20x0p75NA_535s50_g70_z1_256pix_basicFLIM_120f_0011.sdt,20260521_KPC_live_SLIM,E:\18_RK_Circadian\data\raw\20260521_KPC_live_SLIM\3_BKOCO2live_740nm_3085mW_u1_poc0p6_20x0p75NA_535s50_g70_z1_256pix_basicFLIM_120f_0011.sdt
3_BKOCO2live_740nm_3085mW_u1_poc0p6_20x0p75NA_535s50_g70_z1_256pix_basicFLIM_120f_0012.sdt,20260521_KPC_live_SLIM,E:\18_RK_Circadian\data\raw\20260521_KPC_live_SLIM\3_BKOCO2live_740nm_3085mW_u1_poc0p6_20x0p75NA_535s50_g70_z1_256pix_basicFLIM_120f_0012.sdt
3_BKOCO2live_740nm_3085mW_u1_poc0p6_20x0p75NA_535s50_g70_z1_256pix_basicFLIM_120f_0013.sdt,20260521_KPC_live_SLIM,E:\18_RK_Circadian\data\raw\20260521_KPC_live_SLIM\3_BKOCO2live_740nm_3085mW_u1_poc0p6_20x0p75NA_535s50_g70_z1_256pix_basicFLIM_120f_0013.sdt
3_BKOCO2live_740nm_3085mW_u1_poc0p6_20x0p75NA_535s50_g70_z1_256pix_basicFLIM_120f_0014.sdt,20260521_KPC_live_SLIM,E:\18_RK_Circadian\data\raw\20260521_KPC_live_SLIM\3_BKOCO2live_740nm_3085mW_u1_poc0p6_20x0p75NA_535s50_g70_z1_256pix_basicFLIM_120f_0014.sdt
3_BKOCO2live_740nm_3085mW_u1_poc0p6_20x0p75NA_457s50_g70_z1_256pix_basicFLIM_120f_0000.sdt,20260521_KPC_live_SLIM,E:\18_RK_Circadian\data\raw\20260521_KPC_live_SLIM\3_BKOCO2live_740nm_3085mW_u1_poc0p6_20x0p75NA_457s50_g70_z1_256pix_basicFLIM_120f_0000.sdt
3_BKOCO2live_740nm_3085mW_u1_poc0p6_20x0p75NA_457s50_g70_z1_256pix_basicFLIM_120f_0001.sdt,20260521_KPC_live_SLIM,E:\18_RK_Circadian\data\raw\20260521_KPC_live_SLIM\3_BKOCO2live_740nm_3085mW_u1_poc0p6_20x0p75NA_457s50_g70_z1_256pix_basicFLIM_120f_0001.sdt
3_BKOCO2live_740nm_3085mW_u1_poc0p6_20x0p75NA_457s50_g70_z1_256pix_basicFLIM_120f_0002.sdt,20260521_KPC_live_SLIM,E:\18_RK_Circadian\data\raw\20260521_KPC_live_SLIM\3_BKOCO2live_740nm_3085mW_u1_poc0p6_20x0p75NA_457s50_g70_z1_256pix_basicFLIM_120f_0002.sdt
3_BKOCO2live_740nm_3085mW_u1_poc0p6_20x0p75NA_457s50_g70_z1_256pix_basicFLIM_120f_0003.sdt,20260521_KPC_live_SLIM,E:\18_RK_Circadian\data\raw\20260521_KPC_live_SLIM\3_BKOCO2live_740nm_3085mW_u1_poc0p6_20x0p75NA_457s50_g70_z1_256pix_basicFLIM_120f_0003.sdt
3_BKOCO2live_740nm_3085mW_u1_poc0p6_20x0p75NA_457s50_g70_z1_256pix_basicFLIM_120f_0004.sdt,20260521_KPC_live_SLIM,E:\18_RK_Circadian\data\raw\20260521_KPC_live_SLIM\3_BKOCO2live_740nm_3085mW_u1_poc0p6_20x0p75NA_457s50_g70_z1_256pix_basicFLIM_120f_0004.sdt
3_BKOCO2live_740nm_3085mW_u1_poc0p6_20x0p75NA_457s50_g70_z1_256pix_basicFLIM_120f_0005.sdt,20260521_KPC_live_SLIM,E:\18_RK_Circadian\data\raw\20260521_KPC_live_SLIM\3_BKOCO2live_740nm_3085mW_u1_poc0p6_20x0p75NA_457s50_g70_z1_256pix_basicFLIM_120f_0005.sdt
3_BKOCO2live_740nm_3085mW_u1_poc0p6_20x0p75NA_457s50_g70_z1_256pix_basicFLIM_120f_0006.sdt,20260521_KPC_live_SLIM,E:\18_RK_Circadian\data\raw\20260521_KPC_live_SLIM\3_BKOCO2live_740nm_3085mW_u1_poc0p6_20x0p75NA_457s50_g70_z1_256pix_basicFLIM_120f_0006.sdt
3_BKOCO2live_740nm_3085mW_u1_poc0p6_20x0p75NA_457s50_g70_z1_256pix_basicFLIM_120f_0007.sdt,20260521_KPC_live_SLIM,E:\18_RK_Circadian\data\raw\20260521_KPC_live_SLIM\3_BKOCO2live_740nm_3085mW_u1_poc0p6_20x0p75NA_457s50_g70_z1_256pix_basicFLIM_120f_0007.sdt
3_BKOCO2live_740nm_3085mW_u1_poc0p6_20x0p75NA_457s50_g70_z1_256pix_basicFLIM_120f_0008.sdt,20260521_KPC_live_SLIM,E:\18_RK_Circadian\data\raw\20260521_KPC_live_SLIM\3_BKOCO2live_740nm_3085mW_u1_poc0p6_20x0p75NA_457s50_g70_z1_256pix_basicFLIM_120f_0008.sdt
3_BKOCO2live_740nm_3085mW_u1_poc0p6_20x0p75NA_457s50_g70_z1_256pix_basicFLIM_120f_0009.sdt,20260521_KPC_live_SLIM,E:\18_RK_Circadian\data\raw\20260521_KPC_live_SLIM\3_BKOCO2live_740nm_3085mW_u1_poc0p6_20x0p75NA_457s50_g70_z1_256pix_basicFLIM_120f_0009.sdt
3_BKOCO2live_740nm_3085mW_u1_poc0p6_20x0p75NA_457s50_g70_z1_256pix_basicFLIM_120f_0010.sdt,20260521_KPC_live_SLIM,E:\18_RK_Circadian\data\raw\20260521_KPC_live_SLIM\3_BKOCO2live_740nm_3085mW_u1_poc0p6_20x0p75NA_457s50_g70_z1_256pix_basicFLIM_120f_0010.sdt
3_BKOCO2live_740nm_3085mW_u1_poc0p6_20x0p75NA_457s50_g70_z1_256pix_basicFLIM_120f_0011.sdt,20260521_KPC_live_SLIM,E:\18_RK_Circadian\data\raw\20260521_KPC_live_SLIM\3_BKOCO2live_740nm_3085mW_u1_poc0p6_20x0p75NA_457s50_g70_z1_256pix_basicFLIM_120f_0011.sdt
3_BKOCO2live_740nm_3085mW_u1_poc0p6_20x0p75NA_457s50_g70_z1_256pix_basicFLIM_120f_0012.sdt,20260521_KPC_live_SLIM,E:\18_RK_Circadian\data\raw\20260521_KPC_live_SLIM\3_BKOCO2live_740nm_3085mW_u1_poc0p6_20x0p75NA_457s50_g70_z1_256pix_basicFLIM_120f_0012.sdt
3_BKOCO2live_740nm_3085mW_u1_poc0p6_20x0p75NA_457s50_g70_z1_256pix_basicFLIM_120f_0013.sdt,20260521_KPC_live_SLIM,E:\18_RK_Circadian\data\raw\20260521_KPC_live_SLIM\3_BKOCO2live_740nm_3085mW_u1_poc0p6_20x0p75NA_457s50_g70_z1_256pix_basicFLIM_120f_0013.sdt
3_BKOCO2live_740nm_3085mW_u1_poc0p6_20x0p75NA_457s50_g70_z1_256pix_basicFLIM_120f_0014.sdt,20260521_KPC_live_SLIM,E:\18_RK_Circadian\data\raw\20260521_KPC_live_SLIM\3_BKOCO2live_740nm_3085mW_u1_poc0p6_20x0p75NA_457s50_g70_z1_256pix_basicFLIM_120f_0014.sdt
4_BKOCO2live_740nm_3085mW_u1_poc0p5_20x0p75NA_457s50_g70_z1_256pix_basicFLIM_120f_0000.sdt,20260521_KPC_live_SLIM,E:\18_RK_Circadian\data\raw\20260521_KPC_live_SLIM\4_BKOCO2live_740nm_3085mW_u1_poc0p5_20x0p75NA_457s50_g70_z1_256pix_basicFLIM_120f_0000.sdt
4_BKOCO2live_740nm_3085mW_u1_poc0p5_20x0p75NA_457s50_g70_z1_256pix_basicFLIM_120f_0001.sdt,20260521_KPC_live_SLIM,E:\18_RK_Circadian\data\raw\20260521_KPC_live_SLIM\4_BKOCO2live_740nm_3085mW_u1_poc0p5_20x0p75NA_457s50_g70_z1_256pix_basicFLIM_120f_0001.sdt
4_BKOCO2live_740nm_3085mW_u1_poc0p5_20x0p75NA_457s50_g70_z1_256pix_basicFLIM_120f_0002.sdt,20260521_KPC_live_SLIM,E:\18_RK_Circadian\data\raw\20260521_KPC_live_SLIM\4_BKOCO2live_740nm_3085mW_u1_poc0p5_20x0p75NA_457s50_g70_z1_256pix_basicFLIM_120f_0002.sdt
4_BKOCO2live_740nm_3085mW_u1_poc0p5_20x0p75NA_457s50_g70_z1_256pix_basicFLIM_120f_0003.sdt,20260521_KPC_live_SLIM,E:\18_RK_Circadian\data\raw\20260521_KPC_live_SLIM\4_BKOCO2live_740nm_3085mW_u1_poc0p5_20x0p75NA_457s50_g70_z1_256pix_basicFLIM_120f_0003.sdt
4_BKOCO2live_740nm_3085mW_u1_poc0p5_20x0p75NA_457s50_g70_z1_256pix_basicFLIM_120f_0004.sdt,20260521_KPC_live_SLIM,E:\18_RK_Circadian\data\raw\20260521_KPC_live_SLIM\4_BKOCO2live_740nm_3085mW_u1_poc0p5_20x0p75NA_457s50_g70_z1_256pix_basicFLIM_120f_0004.sdt
4_BKOCO2live_740nm_3085mW_u1_poc0p5_20x0p75NA_457s50_g70_z1_256pix_basicFLIM_120f_0005.sdt,20260521_KPC_live_SLIM,E:\18_RK_Circadian\data\raw\20260521_KPC_live_SLIM\4_BKOCO2live_740nm_3085mW_u1_poc0p5_20x0p75NA_457s50_g70_z1_256pix_basicFLIM_120f_0005.sdt
4_BKOCO2live_740nm_3085mW_u1_poc0p5_20x0p75NA_457s50_g70_z1_256pix_basicFLIM_120f_0006.sdt,20260521_KPC_live_SLIM,E:\18_RK_Circadian\data\raw\20260521_KPC_live_SLIM\4_BKOCO2live_740nm_3085mW_u1_poc0p5_20x0p75NA_457s50_g70_z1_256pix_basicFLIM_120f_0006.sdt
4_BKOCO2live_740nm_3085mW_u1_poc0p5_20x0p75NA_457s50_g70_z1_256pix_basicFLIM_120f_0007.sdt,20260521_KPC_live_SLIM,E:\18_RK_Circadian\data\raw\20260521_KPC_live_SLIM\4_BKOCO2live_740nm_3085mW_u1_poc0p5_20x0p75NA_457s50_g70_z1_256pix_basicFLIM_120f_0007.sdt
4_BKOCO2live_740nm_3085mW_u1_poc0p5_20x0p75NA_457s50_g70_z1_256pix_basicFLIM_120f_0008.sdt,20260521_KPC_live_SLIM,E:\18_RK_Circadian\data\raw\20260521_KPC_live_SLIM\4_BKOCO2live_740nm_3085mW_u1_poc0p5_20x0p75NA_457s50_g70_z1_256pix_basicFLIM_120f_0008.sdt
4_BKOCO2live_740nm_3085mW_u1_poc0p5_20x0p75NA_457s50_g70_z1_256pix_basicFLIM_120f_0009.sdt,20260521_KPC_live_SLIM,E:\18_RK_Circadian\data\raw\20260521_KPC_live_SLIM\4_BKOCO2live_740nm_3085mW_u1_poc0p5_20x0p75NA_457s50_g70_z1_256pix_basicFLIM_120f_0009.sdt
4_BKOCO2live_740nm_3085mW_u1_poc0p5_20x0p75NA_457s50_g70_z1_256pix_basicFLIM_120f_0010.sdt,20260521_KPC_live_SLIM,E:\18_RK_Circadian\data\raw\20260521_KPC_live_SLIM\4_BKOCO2live_740nm_3085mW_u1_poc0p5_20x0p75NA_457s50_g70_z1_256pix_basicFLIM_120f_0010.sdt
4_BKOCO2live_740nm_3085mW_u1_poc0p5_20x0p75NA_457s50_g70_z1_256pix_basicFLIM_120f_0011.sdt,20260521_KPC_live_SLIM,E:\18_RK_Circadian\data\raw\20260521_KPC_live_SLIM\4_BKOCO2live_740nm_3085mW_u1_poc0p5_20x0p75NA_457s50_g70_z1_256pix_basicFLIM_120f_0011.sdt
4_BKOCO2live_740nm_3085mW_u1_poc0p5_20x0p75NA_535s50_g70_z1_256pix_basicFLIM_120f_0000.sdt,20260521_KPC_live_SLIM,E:\18_RK_Circadian\data\raw\20260521_KPC_live_SLIM\4_BKOCO2live_740nm_3085mW_u1_poc0p5_20x0p75NA_535s50_g70_z1_256pix_basicFLIM_120f_0000.sdt
4_BKOCO2live_740nm_3085mW_u1_poc0p5_20x0p75NA_535s50_g70_z1_256pix_basicFLIM_120f_0001.sdt,20260521_KPC_live_SLIM,E:\18_RK_Circadian\data\raw\20260521_KPC_live_SLIM\4_BKOCO2live_740nm_3085mW_u1_poc0p5_20x0p75NA_535s50_g70_z1_256pix_basicFLIM_120f_0001.sdt
4_BKOCO2live_740nm_3085mW_u1_poc0p5_20x0p75NA_535s50_g70_z1_256pix_basicFLIM_120f_0002.sdt,20260521_KPC_live_SLIM,E:\18_RK_Circadian\data\raw\20260521_KPC_live_SLIM\4_BKOCO2live_740nm_3085mW_u1_poc0p5_20x0p75NA_535s50_g70_z1_256pix_basicFLIM_120f_0002.sdt
4_BKOCO2live_740nm_3085mW_u1_poc0p5_20x0p75NA_535s50_g70_z1_256pix_basicFLIM_120f_0003.sdt,20260521_KPC_live_SLIM,E:\18_RK_Circadian\data\raw\20260521_KPC_live_SLIM\4_BKOCO2live_740nm_3085mW_u1_poc0p5_20x0p75NA_535s50_g70_z1_256pix_basicFLIM_120f_0003.sdt
4_BKOCO2live_740nm_3085mW_u1_poc0p5_20x0p75NA_535s50_g70_z1_256pix_basicFLIM_120f_0004.sdt,20260521_KPC_live_SLIM,E:\18_RK_Circadian\data\raw\20260521_KPC_live_SLIM\4_BKOCO2live_740nm_3085mW_u1_poc0p5_20x0p75NA_535s50_g70_z1_256pix_basicFLIM_120f_0004.sdt
4_BKOCO2live_740nm_3085mW_u1_poc0p5_20x0p75NA_535s50_g70_z1_256pix_basicFLIM_120f_0005.sdt,20260521_KPC_live_SLIM,E:\18_RK_Circadian\data\raw\20260521_KPC_live_SLIM\4_BKOCO2live_740nm_3085mW_u1_poc0p5_20x0p75NA_535s50_g70_z1_256pix_basicFLIM_120f_0005.sdt
4_BKOCO2live_740nm_3085mW_u1_poc0p5_20x0p75NA_535s50_g70_z1_256pix_basicFLIM_120f_0006.sdt,20260521_KPC_live_SLIM,E:\18_RK_Circadian\data\raw\20260521_KPC_live_SLIM\4_BKOCO2live_740nm_3085mW_u1_poc0p5_20x0p75NA_535s50_g70_z1_256pix_basicFLIM_120f_0006.sdt
4_BKOCO2live_740nm_3085mW_u1_poc0p5_20x0p75NA_535s50_g70_z1_256pix_basicFLIM_120f_0007.sdt,20260521_KPC_live_SLIM,E:\18_RK_Circadian\data\raw\20260521_KPC_live_SLIM\4_BKOCO2live_740nm_3085mW_u1_poc0p5_20x0p75NA_535s50_g70_z1_256pix_basicFLIM_120f_0007.sdt
4_BKOCO2live_740nm_3085mW_u1_poc0p5_20x0p75NA_535s50_g70_z1_256pix_basicFLIM_120f_0008.sdt,20260521_KPC_live_SLIM,E:\18_RK_Circadian\data\raw\20260521_KPC_live_SLIM\4_BKOCO2live_740nm_3085mW_u1_poc0p5_20x0p75NA_535s50_g70_z1_256pix_basicFLIM_120f_0008.sdt
4_BKOCO2live_740nm_3085mW_u1_poc0p5_20x0p75NA_535s50_g70_z1_256pix_basicFLIM_120f_0009.sdt,20260521_KPC_live_SLIM,E:\18_RK_Circadian\data\raw\20260521_KPC_live_SLIM\4_BKOCO2live_740nm_3085mW_u1_poc0p5_20x0p75NA_535s50_g70_z1_256pix_basicFLIM_120f_0009.sdt
4_BKOCO2live_740nm_3085mW_u1_poc0p5_20x0p75NA_535s50_g70_z1_256pix_basicFLIM_120f_0010.sdt,20260521_KPC_live_SLIM,E:\18_RK_Circadian\data\raw\20260521_KPC_live_SLIM\4_BKOCO2live_740nm_3085mW_u1_poc0p5_20x0p75NA_535s50_g70_z1_256pix_basicFLIM_120f_0010.sdt
4_BKOCO2live_740nm_3085mW_u1_poc0p5_20x0p75NA_535s50_g70_z1_256pix_basicFLIM_120f_0011.sdt,20260521_KPC_live_SLIM,E:\18_RK_Circadian\data\raw\20260521_KPC_live_SLIM\4_BKOCO2live_740nm_3085mW_u1_poc0p5_20x0p75NA_535s50_g70_z1_256pix_basicFLIM_120f_0011.sdt
4_BKOCO2live_posn1_740nm_3085mW_u1_poc0p5_20x0p75NA_535s50_g70_z1_256pix_basicFLIM_120f_0000.sdt,20260521_KPC_live_SLIM,E:\18_RK_Circadian\data\raw\20260521_KPC_live_SLIM\4_BKOCO2live_posn1_740nm_3085mW_u1_poc0p5_20x0p75NA_535s50_g70_z1_256pix_basicFLIM_120f_0000.sdt
5_urea_740nm_3085mW_u1_poc0_20x0p75NA_457s50_g70_z1_256pix_basicFLIM_60f_0000.sdt,20260521_KPC_live_SLIM,E:\18_RK_Circadian\data\raw\20260521_KPC_live_SLIM\5_urea_740nm_3085mW_u1_poc0_20x0p75NA_457s50_g70_z1_256pix_basicFLIM_60f_0000.sdt
6_chromablue_740nm_3085mW_u80_poc0_20x0p75NA_457s50_g70_z1_256pix_basicFLIM_60f_0000.sdt,20260521_KPC_live_SLIM,E:\18_RK_Circadian\data\raw\20260521_KPC_live_SLIM\6_chromablue_740nm_3085mW_u80_poc0_20x0p75NA_457s50_g70_z1_256pix_basicFLIM_60f_0000.sdt
7_pollen_890nm_2884mW_u1_poc0_10x0p5NA_457s50_g70_z1_256pix_basicFLIM_45f_0000.sdt,20260521_KPC_live_SLIM,E:\18_RK_Circadian\data\raw\20260521_KPC_live_SLIM\7_pollen_890nm_2884mW_u1_poc0_10x0p5NA_457s50_g70_z1_256pix_basicFLIM_45f_0000.sdt
0_pollen_890nm_2863mW_u1_poc0p2_10x0p5NA_457s50_g70_z1_256pix_basicFLIM_45f_0000.sdt,20260522_KPC_fixed_dishes_SLIM,E:\18_RK_Circadian\data\raw\20260522_KPC_fixed_dishes_SLIM\0_pollen_890nm_2863mW_u1_poc0p2_10x0p5NA_457s50_g70_z1_256pix_basicFLIM_45f_0000.sdt
1_chromablue_740nm_3049mW_u80_poc0_20x0p75NA_457s50_g70_z1_256pix_basicFLIM_45f_0000.sdt,20260522_KPC_fixed_dishes_SLIM,E:\18_RK_Circadian\data\raw\20260522_KPC_fixed_dishes_SLIM\1_chromablue_740nm_3049mW_u80_poc0_20x0p75NA_457s50_g70_z1_256pix_basicFLIM_45f_0000.sdt
2_urea_740nm_3057mW_u1_poc0_20x0p75NA_370s10_g70_z1_256pix_basicFLIM_60f_0000.sdt,20260522_KPC_fixed_dishes_SLIM,E:\18_RK_Circadian\data\raw\20260522_KPC_fixed_dishes_SLIM\2_urea_740nm_3057mW_u1_poc0_20x0p75NA_370s10_g70_z1_256pix_basicFLIM_60f_0000.sdt
3_KPCWTglu20min_740nm_3057mW_u1_poc0p25_20x0p75NA_457s50_g70_z1_256pix_basicFLIM_120f_0000.sdt,20260522_KPC_fixed_dishes_SLIM,E:\18_RK_Circadian\data\raw\20260522_KPC_fixed_dishes_SLIM\3_KPCWTglu20min_740nm_3057mW_u1_poc0p25_20x0p75NA_457s50_g70_z1_256pix_basicFLIM_120f_0000.sdt
3_KPCWTglu20min_740nm_3057mW_u1_poc0p25_20x0p75NA_457s50_g70_z1_256pix_basicFLIM_120f_0001.sdt,20260522_KPC_fixed_dishes_SLIM,E:\18_RK_Circadian\data\raw\20260522_KPC_fixed_dishes_SLIM\3_KPCWTglu20min_740nm_3057mW_u1_poc0p25_20x0p75NA_457s50_g70_z1_256pix_basicFLIM_120f_0001.sdt
3_KPCWTglu20min_740nm_3057mW_u1_poc0p25_20x0p75NA_457s50_g70_z1_256pix_basicFLIM_120f_0002.sdt,20260522_KPC_fixed_dishes_SLIM,E:\18_RK_Circadian\data\raw\20260522_KPC_fixed_dishes_SLIM\3_KPCWTglu20min_740nm_3057mW_u1_poc0p25_20x0p75NA_457s50_g70_z1_256pix_basicFLIM_120f_0002.sdt
3_KPCWTglu20min_740nm_3057mW_u1_poc0p25_20x0p75NA_457s50_g70_z1_256pix_basicFLIM_120f_0003.sdt,20260522_KPC_fixed_dishes_SLIM,E:\18_RK_Circadian\data\raw\20260522_KPC_fixed_dishes_SLIM\3_KPCWTglu20min_740nm_3057mW_u1_poc0p25_20x0p75NA_457s50_g70_z1_256pix_basicFLIM_120f_0003.sdt
3_KPCWTglu20min_740nm_3057mW_u1_poc0p25_20x0p75NA_457s50_g70_z1_256pix_basicFLIM_120f_0004.sdt,20260522_KPC_fixed_dishes_SLIM,E:\18_RK_Circadian\data\raw\20260522_KPC_fixed_dishes_SLIM\3_KPCWTglu20min_740nm_3057mW_u1_poc0p25_20x0p75NA_457s50_g70_z1_256pix_basicFLIM_120f_0004.sdt
3_KPCWTglu20min_740nm_3057mW_u1_poc0p25_20x0p75NA_457s50_g70_z1_256pix_basicFLIM_120f_0005.sdt,20260522_KPC_fixed_dishes_SLIM,E:\18_RK_Circadian\data\raw\20260522_KPC_fixed_dishes_SLIM\3_KPCWTglu20min_740nm_3057mW_u1_poc0p25_20x0p75NA_457s50_g70_z1_256pix_basicFLIM_120f_0005.sdt
3_KPCWTglu20min_740nm_3057mW_u1_poc0p25_20x0p75NA_457s50_g70_z1_256pix_basicFLIM_120f_0006.sdt,20260522_KPC_fixed_dishes_SLIM,E:\18_RK_Circadian\data\raw\20260522_KPC_fixed_dishes_SLIM\3_KPCWTglu20min_740nm_3057mW_u1_poc0p25_20x0p75NA_457s50_g70_z1_256pix_basicFLIM_120f_0006.sdt
3_KPCWTglu20min_740nm_3057mW_u1_poc0p25_20x0p75NA_457s50_g70_z1_256pix_basicFLIM_120f_0007.sdt,20260522_KPC_fixed_dishes_SLIM,E:\18_RK_Circadian\data\raw\20260522_KPC_fixed_dishes_SLIM\3_KPCWTglu20min_740nm_3057mW_u1_poc0p25_20x0p75NA_457s50_g70_z1_256pix_basicFLIM_120f_0007.sdt
3_KPCWTglu20min_740nm_3057mW_u1_poc0p25_20x0p75NA_457s50_g70_z1_256pix_basicFLIM_120f_0008.sdt,20260522_KPC_fixed_dishes_SLIM,E:\18_RK_Circadian\data\raw\20260522_KPC_fixed_dishes_SLIM\3_KPCWTglu20min_740nm_3057mW_u1_poc0p25_20x0p75NA_457s50_g70_z1_256pix_basicFLIM_120f_0008.sdt
3_KPCWTglu20min_740nm_3057mW_u1_poc0p25_20x0p75NA_457s50_g70_z1_256pix_basicFLIM_120f_0009.sdt,20260522_KPC_fixed_dishes_SLIM,E:\18_RK_Circadian\data\raw\20260522_KPC_fixed_dishes_SLIM\3_KPCWTglu20min_740nm_3057mW_u1_poc0p25_20x0p75NA_457s50_g70_z1_256pix_basicFLIM_120f_0009.sdt
3_KPCWTglu20min_740nm_3057mW_u1_poc0p25_20x0p75NA_457s50_g70_z1_256pix_basicFLIM_120f_0010.sdt,20260522_KPC_fixed_dishes_SLIM,E:\18_RK_Circadian\data\raw\20260522_KPC_fixed_dishes_SLIM\3_KPCWTglu20min_740nm_3057mW_u1_poc0p25_20x0p75NA_457s50_g70_z1_256pix_basicFLIM_120f_0010.sdt
3_KPCWTglu20min_740nm_3057mW_u1_poc0p25_20x0p75NA_457s50_g70_z1_256pix_basicFLIM_120f_0011.sdt,20260522_KPC_fixed_dishes_SLIM,E:\18_RK_Circadian\data\raw\20260522_KPC_fixed_dishes_SLIM\3_KPCWTglu20min_740nm_3057mW_u1_poc0p25_20x0p75NA_457s50_g70_z1_256pix_basicFLIM_120f_0011.sdt
3_KPCWTglu20min_740nm_3057mW_u1_poc0p25_20x0p75NA_457s50_g70_z1_256pix_basicFLIM_120f_0012.sdt,20260522_KPC_fixed_dishes_SLIM,E:\18_RK_Circadian\data\raw\20260522_KPC_fixed_dishes_SLIM\3_KPCWTglu20min_740nm_3057mW_u1_poc0p25_20x0p75NA_457s50_g70_z1_256pix_basicFLIM_120f_0012.sdt
3_KPCWTglu20min_740nm_3057mW_u1_poc0p25_20x0p75NA_457s50_g70_z1_256pix_basicFLIM_120f_0013.sdt,20260522_KPC_fixed_dishes_SLIM,E:\18_RK_Circadian\data\raw\20260522_KPC_fixed_dishes_SLIM\3_KPCWTglu20min_740nm_3057mW_u1_poc0p25_20x0p75NA_457s50_g70_z1_256pix_basicFLIM_120f_0013.sdt
3_KPCWTglu20min_740nm_3057mW_u1_poc0p25_20x0p75NA_457s50_g70_z1_256pix_basicFLIM_120f_0014.sdt,20260522_KPC_fixed_dishes_SLIM,E:\18_RK_Circadian\data\raw\20260522_KPC_fixed_dishes_SLIM\3_KPCWTglu20min_740nm_3057mW_u1_poc0p25_20x0p75NA_457s50_g70_z1_256pix_basicFLIM_120f_0014.sdt
3_KPCWTglu20min_740nm_3057mW_u1_poc0p25_20x0p75NA_535s50_g70_z1_256pix_basicFLIM_120f_0000.sdt,20260522_KPC_fixed_dishes_SLIM,E:\18_RK_Circadian\data\raw\20260522_KPC_fixed_dishes_SLIM\3_KPCWTglu20min_740nm_3057mW_u1_poc0p25_20x0p75NA_535s50_g70_z1_256pix_basicFLIM_120f_0000.sdt
3_KPCWTglu20min_740nm_3057mW_u1_poc0p25_20x0p75NA_535s50_g70_z1_256pix_basicFLIM_120f_0001.sdt,20260522_KPC_fixed_dishes_SLIM,E:\18_RK_Circadian\data\raw\20260522_KPC_fixed_dishes_SLIM\3_KPCWTglu20min_740nm_3057mW_u1_poc0p25_20x0p75NA_535s50_g70_z1_256pix_basicFLIM_120f_0001.sdt
3_KPCWTglu20min_740nm_3057mW_u1_poc0p25_20x0p75NA_535s50_g70_z1_256pix_basicFLIM_120f_0002.sdt,20260522_KPC_fixed_dishes_SLIM,E:\18_RK_Circadian\data\raw\20260522_KPC_fixed_dishes_SLIM\3_KPCWTglu20min_740nm_3057mW_u1_poc0p25_20x0p75NA_535s50_g70_z1_256pix_basicFLIM_120f_0002.sdt
3_KPCWTglu20min_740nm_3057mW_u1_poc0p25_20x0p75NA_535s50_g70_z1_256pix_basicFLIM_120f_0003.sdt,20260522_KPC_fixed_dishes_SLIM,E:\18_RK_Circadian\data\raw\20260522_KPC_fixed_dishes_SLIM\3_KPCWTglu20min_740nm_3057mW_u1_poc0p25_20x0p75NA_535s50_g70_z1_256pix_basicFLIM_120f_0003.sdt
3_KPCWTglu20min_740nm_3057mW_u1_poc0p25_20x0p75NA_535s50_g70_z1_256pix_basicFLIM_120f_0004.sdt,20260522_KPC_fixed_dishes_SLIM,E:\18_RK_Circadian\data\raw\20260522_KPC_fixed_dishes_SLIM\3_KPCWTglu20min_740nm_3057mW_u1_poc0p25_20x0p75NA_535s50_g70_z1_256pix_basicFLIM_120f_0004.sdt
3_KPCWTglu20min_740nm_3057mW_u1_poc0p25_20x0p75NA_535s50_g70_z1_256pix_basicFLIM_120f_0005.sdt,20260522_KPC_fixed_dishes_SLIM,E:\18_RK_Circadian\data\raw\20260522_KPC_fixed_dishes_SLIM\3_KPCWTglu20min_740nm_3057mW_u1_poc0p25_20x0p75NA_535s50_g70_z1_256pix_basicFLIM_120f_0005.sdt
3_KPCWTglu20min_740nm_3057mW_u1_poc0p25_20x0p75NA_535s50_g70_z1_256pix_basicFLIM_120f_0006.sdt,20260522_KPC_fixed_dishes_SLIM,E:\18_RK_Circadian\data\raw\20260522_KPC_fixed_dishes_SLIM\3_KPCWTglu20min_740nm_3057mW_u1_poc0p25_20x0p75NA_535s50_g70_z1_256pix_basicFLIM_120f_0006.sdt
3_KPCWTglu20min_740nm_3057mW_u1_poc0p25_20x0p75NA_535s50_g70_z1_256pix_basicFLIM_120f_0007.sdt,20260522_KPC_fixed_dishes_SLIM,E:\18_RK_Circadian\data\raw\20260522_KPC_fixed_dishes_SLIM\3_KPCWTglu20min_740nm_3057mW_u1_poc0p25_20x0p75NA_535s50_g70_z1_256pix_basicFLIM_120f_0007.sdt
3_KPCWTglu20min_740nm_3057mW_u1_poc0p25_20x0p75NA_535s50_g70_z1_256pix_basicFLIM_120f_0008.sdt,20260522_KPC_fixed_dishes_SLIM,E:\18_RK_Circadian\data\raw\20260522_KPC_fixed_dishes_SLIM\3_KPCWTglu20min_740nm_3057mW_u1_poc0p25_20x0p75NA_535s50_g70_z1_256pix_basicFLIM_120f_0008.sdt
3_KPCWTglu20min_740nm_3057mW_u1_poc0p25_20x0p75NA_535s50_g70_z1_256pix_basicFLIM_120f_0009.sdt,20260522_KPC_fixed_dishes_SLIM,E:\18_RK_Circadian\data\raw\20260522_KPC_fixed_dishes_SLIM\3_KPCWTglu20min_740nm_3057mW_u1_poc0p25_20x0p75NA_535s50_g70_z1_256pix_basicFLIM_120f_0009.sdt
3_KPCWTglu20min_740nm_3057mW_u1_poc0p25_20x0p75NA_535s50_g70_z1_256pix_basicFLIM_120f_0010.sdt,20260522_KPC_fixed_dishes_SLIM,E:\18_RK_Circadian\data\raw\20260522_KPC_fixed_dishes_SLIM\3_KPCWTglu20min_740nm_3057mW_u1_poc0p25_20x0p75NA_535s50_g70_z1_256pix_basicFLIM_120f_0010.sdt
3_KPCWTglu20min_740nm_3057mW_u1_poc0p25_20x0p75NA_535s50_g70_z1_256pix_basicFLIM_120f_0011.sdt,20260522_KPC_fixed_dishes_SLIM,E:\18_RK_Circadian\data\raw\20260522_KPC_fixed_dishes_SLIM\3_KPCWTglu20min_740nm_3057mW_u1_poc0p25_20x0p75NA_535s50_g70_z1_256pix_basicFLIM_120f_0011.sdt
3_KPCWTglu20min_740nm_3057mW_u1_poc0p25_20x0p75NA_535s50_g70_z1_256pix_basicFLIM_120f_0012.sdt,20260522_KPC_fixed_dishes_SLIM,E:\18_RK_Circadian\data\raw\20260522_KPC_fixed_dishes_SLIM\3_KPCWTglu20min_740nm_3057mW_u1_poc0p25_20x0p75NA_535s50_g70_z1_256pix_basicFLIM_120f_0012.sdt
3_KPCWTglu20min_740nm_3057mW_u1_poc0p25_20x0p75NA_535s50_g70_z1_256pix_basicFLIM_120f_0013.sdt,20260522_KPC_fixed_dishes_SLIM,E:\18_RK_Circadian\data\raw\20260522_KPC_fixed_dishes_SLIM\3_KPCWTglu20min_740nm_3057mW_u1_poc0p25_20x0p75NA_535s50_g70_z1_256pix_basicFLIM_120f_0013.sdt
3_KPCWTglu20min_740nm_3057mW_u1_poc0p25_20x0p75NA_535s50_g70_z1_256pix_basicFLIM_120f_0014.sdt,20260522_KPC_fixed_dishes_SLIM,E:\18_RK_Circadian\data\raw\20260522_KPC_fixed_dishes_SLIM\3_KPCWTglu20min_740nm_3057mW_u1_poc0p25_20x0p75NA_535s50_g70_z1_256pix_basicFLIM_120f_0014.sdt
4_BKOCO2glu20min_740nm_3053mW_u1_poc0p25_20x0p75NA_457s50_g70_z1_256pix_basicFLIM_120f_0000.sdt,20260522_KPC_fixed_dishes_SLIM,E:\18_RK_Circadian\data\raw\20260522_KPC_fixed_dishes_SLIM\4_BKOCO2glu20min_740nm_3053mW_u1_poc0p25_20x0p75NA_457s50_g70_z1_256pix_basicFLIM_120f_0000.sdt
4_BKOCO2glu20min_740nm_3053mW_u1_poc0p25_20x0p75NA_457s50_g70_z1_256pix_basicFLIM_120f_0001.sdt,20260522_KPC_fixed_dishes_SLIM,E:\18_RK_Circadian\data\raw\20260522_KPC_fixed_dishes_SLIM\4_BKOCO2glu20min_740nm_3053mW_u1_poc0p25_20x0p75NA_457s50_g70_z1_256pix_basicFLIM_120f_0001.sdt
4_BKOCO2glu20min_740nm_3053mW_u1_poc0p25_20x0p75NA_457s50_g70_z1_256pix_basicFLIM_120f_0002.sdt,20260522_KPC_fixed_dishes_SLIM,E:\18_RK_Circadian\data\raw\20260522_KPC_fixed_dishes_SLIM\4_BKOCO2glu20min_740nm_3053mW_u1_poc0p25_20x0p75NA_457s50_g70_z1_256pix_basicFLIM_120f_0002.sdt
4_BKOCO2glu20min_740nm_3053mW_u1_poc0p25_20x0p75NA_457s50_g70_z1_256pix_basicFLIM_120f_0003.sdt,20260522_KPC_fixed_dishes_SLIM,E:\18_RK_Circadian\data\raw\20260522_KPC_fixed_dishes_SLIM\4_BKOCO2glu20min_740nm_3053mW_u1_poc0p25_20x0p75NA_457s50_g70_z1_256pix_basicFLIM_120f_0003.sdt
4_BKOCO2glu20min_740nm_3053mW_u1_poc0p25_20x0p75NA_457s50_g70_z1_256pix_basicFLIM_120f_0004.sdt,20260522_KPC_fixed_dishes_SLIM,E:\18_RK_Circadian\data\raw\20260522_KPC_fixed_dishes_SLIM\4_BKOCO2glu20min_740nm_3053mW_u1_poc0p25_20x0p75NA_457s50_g70_z1_256pix_basicFLIM_120f_0004.sdt
4_BKOCO2glu20min_740nm_3053mW_u1_poc0p25_20x0p75NA_457s50_g70_z1_256pix_basicFLIM_120f_0005.sdt,20260522_KPC_fixed_dishes_SLIM,E:\18_RK_Circadian\data\raw\20260522_KPC_fixed_dishes_SLIM\4_BKOCO2glu20min_740nm_3053mW_u1_poc0p25_20x0p75NA_457s50_g70_z1_256pix_basicFLIM_120f_0005.sdt
4_BKOCO2glu20min_740nm_3053mW_u1_poc0p25_20x0p75NA_457s50_g70_z1_256pix_basicFLIM_120f_0006.sdt,20260522_KPC_fixed_dishes_SLIM,E:\18_RK_Circadian\data\raw\20260522_KPC_fixed_dishes_SLIM\4_BKOCO2glu20min_740nm_3053mW_u1_poc0p25_20x0p75NA_457s50_g70_z1_256pix_basicFLIM_120f_0006.sdt
4_BKOCO2glu20min_740nm_3053mW_u1_poc0p25_20x0p75NA_457s50_g70_z1_256pix_basicFLIM_120f_0007.sdt,20260522_KPC_fixed_dishes_SLIM,E:\18_RK_Circadian\data\raw\20260522_KPC_fixed_dishes_SLIM\4_BKOCO2glu20min_740nm_3053mW_u1_poc0p25_20x0p75NA_457s50_g70_z1_256pix_basicFLIM_120f_0007.sdt
4_BKOCO2glu20min_740nm_3053mW_u1_poc0p25_20x0p75NA_457s50_g70_z1_256pix_basicFLIM_120f_0008.sdt,20260522_KPC_fixed_dishes_SLIM,E:\18_RK_Circadian\data\raw\20260522_KPC_fixed_dishes_SLIM\4_BKOCO2glu20min_740nm_3053mW_u1_poc0p25_20x0p75NA_457s50_g70_z1_256pix_basicFLIM_120f_0008.sdt
4_BKOCO2glu20min_740nm_3053mW_u1_poc0p25_20x0p75NA_457s50_g70_z1_256pix_basicFLIM_120f_0009.sdt,20260522_KPC_fixed_dishes_SLIM,E:\18_RK_Circadian\data\raw\20260522_KPC_fixed_dishes_SLIM\4_BKOCO2glu20min_740nm_3053mW_u1_poc0p25_20x0p75NA_457s50_g70_z1_256pix_basicFLIM_120f_0009.sdt
4_BKOCO2glu20min_740nm_3053mW_u1_poc0p25_20x0p75NA_457s50_g70_z1_256pix_basicFLIM_120f_0010.sdt,20260522_KPC_fixed_dishes_SLIM,E:\18_RK_Circadian\data\raw\20260522_KPC_fixed_dishes_SLIM\4_BKOCO2glu20min_740nm_3053mW_u1_poc0p25_20x0p75NA_457s50_g70_z1_256pix_basicFLIM_120f_0010.sdt
4_BKOCO2glu20min_740nm_3053mW_u1_poc0p25_20x0p75NA_457s50_g70_z1_256pix_basicFLIM_120f_0011.sdt,20260522_KPC_fixed_dishes_SLIM,E:\18_RK_Circadian\data\raw\20260522_KPC_fixed_dishes_SLIM\4_BKOCO2glu20min_740nm_3053mW_u1_poc0p25_20x0p75NA_457s50_g70_z1_256pix_basicFLIM_120f_0011.sdt
4_BKOCO2glu20min_740nm_3053mW_u1_poc0p25_20x0p75NA_457s50_g70_z1_256pix_basicFLIM_120f_0012.sdt,20260522_KPC_fixed_dishes_SLIM,E:\18_RK_Circadian\data\raw\20260522_KPC_fixed_dishes_SLIM\4_BKOCO2glu20min_740nm_3053mW_u1_poc0p25_20x0p75NA_457s50_g70_z1_256pix_basicFLIM_120f_0012.sdt
4_BKOCO2glu20min_740nm_3053mW_u1_poc0p25_20x0p75NA_535s50_g70_z1_256pix_basicFLIM_120f_0000.sdt,20260522_KPC_fixed_dishes_SLIM,E:\18_RK_Circadian\data\raw\20260522_KPC_fixed_dishes_SLIM\4_BKOCO2glu20min_740nm_3053mW_u1_poc0p25_20x0p75NA_535s50_g70_z1_256pix_basicFLIM_120f_0000.sdt
4_BKOCO2glu20min_740nm_3053mW_u1_poc0p25_20x0p75NA_535s50_g70_z1_256pix_basicFLIM_120f_0001.sdt,20260522_KPC_fixed_dishes_SLIM,E:\18_RK_Circadian\data\raw\20260522_KPC_fixed_dishes_SLIM\4_BKOCO2glu20min_740nm_3053mW_u1_poc0p25_20x0p75NA_535s50_g70_z1_256pix_basicFLIM_120f_0001.sdt
4_BKOCO2glu20min_740nm_3053mW_u1_poc0p25_20x0p75NA_535s50_g70_z1_256pix_basicFLIM_120f_0002.sdt,20260522_KPC_fixed_dishes_SLIM,E:\18_RK_Circadian\data\raw\20260522_KPC_fixed_dishes_SLIM\4_BKOCO2glu20min_740nm_3053mW_u1_poc0p25_20x0p75NA_535s50_g70_z1_256pix_basicFLIM_120f_0002.sdt
4_BKOCO2glu20min_740nm_3053mW_u1_poc0p25_20x0p75NA_535s50_g70_z1_256pix_basicFLIM_120f_0003.sdt,20260522_KPC_fixed_dishes_SLIM,E:\18_RK_Circadian\data\raw\20260522_KPC_fixed_dishes_SLIM\4_BKOCO2glu20min_740nm_3053mW_u1_poc0p25_20x0p75NA_535s50_g70_z1_256pix_basicFLIM_120f_0003.sdt
4_BKOCO2glu20min_740nm_3053mW_u1_poc0p25_20x0p75NA_535s50_g70_z1_256pix_basicFLIM_120f_0004.sdt,20260522_KPC_fixed_dishes_SLIM,E:\18_RK_Circadian\data\raw\20260522_KPC_fixed_dishes_SLIM\4_BKOCO2glu20min_740nm_3053mW_u1_poc0p25_20x0p75NA_535s50_g70_z1_256pix_basicFLIM_120f_0004.sdt
4_BKOCO2glu20min_740nm_3053mW_u1_poc0p25_20x0p75NA_535s50_g70_z1_256pix_basicFLIM_120f_0005.sdt,20260522_KPC_fixed_dishes_SLIM,E:\18_RK_Circadian\data\raw\20260522_KPC_fixed_dishes_SLIM\4_BKOCO2glu20min_740nm_3053mW_u1_poc0p25_20x0p75NA_535s50_g70_z1_256pix_basicFLIM_120f_0005.sdt
4_BKOCO2glu20min_740nm_3053mW_u1_poc0p25_20x0p75NA_535s50_g70_z1_256pix_basicFLIM_120f_0006.sdt,20260522_KPC_fixed_dishes_SLIM,E:\18_RK_Circadian\data\raw\20260522_KPC_fixed_dishes_SLIM\4_BKOCO2glu20min_740nm_3053mW_u1_poc0p25_20x0p75NA_535s50_g70_z1_256pix_basicFLIM_120f_0006.sdt
4_BKOCO2glu20min_740nm_3053mW_u1_poc0p25_20x0p75NA_535s50_g70_z1_256pix_basicFLIM_120f_0007.sdt,20260522_KPC_fixed_dishes_SLIM,E:\18_RK_Circadian\data\raw\20260522_KPC_fixed_dishes_SLIM\4_BKOCO2glu20min_740nm_3053mW_u1_poc0p25_20x0p75NA_535s50_g70_z1_256pix_basicFLIM_120f_0007.sdt
4_BKOCO2glu20min_740nm_3053mW_u1_poc0p25_20x0p75NA_535s50_g70_z1_256pix_basicFLIM_120f_0008.sdt,20260522_KPC_fixed_dishes_SLIM,E:\18_RK_Circadian\data\raw\20260522_KPC_fixed_dishes_SLIM\4_BKOCO2glu20min_740nm_3053mW_u1_poc0p25_20x0p75NA_535s50_g70_z1_256pix_basicFLIM_120f_0008.sdt
4_BKOCO2glu20min_740nm_3053mW_u1_poc0p25_20x0p75NA_535s50_g70_z1_256pix_basicFLIM_120f_0009.sdt,20260522_KPC_fixed_dishes_SLIM,E:\18_RK_Circadian\data\raw\20260522_KPC_fixed_dishes_SLIM\4_BKOCO2glu20min_740nm_3053mW_u1_poc0p25_20x0p75NA_535s50_g70_z1_256pix_basicFLIM_120f_0009.sdt
4_BKOCO2glu20min_740nm_3053mW_u1_poc0p25_20x0p75NA_535s50_g70_z1_256pix_basicFLIM_120f_0010.sdt,20260522_KPC_fixed_dishes_SLIM,E:\18_RK_Circadian\data\raw\20260522_KPC_fixed_dishes_SLIM\4_BKOCO2glu20min_740nm_3053mW_u1_poc0p25_20x0p75NA_535s50_g70_z1_256pix_basicFLIM_120f_0010.sdt
4_BKOCO2glu20min_740nm_3053mW_u1_poc0p25_20x0p75NA_535s50_g70_z1_256pix_basicFLIM_120f_0011.sdt,20260522_KPC_fixed_dishes_SLIM,E:\18_RK_Circadian\data\raw\20260522_KPC_fixed_dishes_SLIM\4_BKOCO2glu20min_740nm_3053mW_u1_poc0p25_20x0p75NA_535s50_g70_z1_256pix_basicFLIM_120f_0011.sdt
4_BKOCO2glu20min_740nm_3053mW_u1_poc0p25_20x0p75NA_535s50_g70_z1_256pix_basicFLIM_120f_0012.sdt,20260522_KPC_fixed_dishes_SLIM,E:\18_RK_Circadian\data\raw\20260522_KPC_fixed_dishes_SLIM\4_BKOCO2glu20min_740nm_3053mW_u1_poc0p25_20x0p75NA_535s50_g70_z1_256pix_basicFLIM_120f_0012.sdt
5_urea_740nm_3069mW_u1_poc0_20x0p75NA_370s10_g70_z1_256pix_basicFLIM_120f_0000.sdt,20260522_KPC_fixed_dishes_SLIM,E:\18_RK_Circadian\data\raw\20260522_KPC_fixed_dishes_SLIM\5_urea_740nm_3069mW_u1_poc0_20x0p75NA_370s10_g70_z1_256pix_basicFLIM_120f_0000.sdt
6_chromablue_740nm_3069mW_u80_poc0_20x0p75NA_457s50_g70_z1_256pix_basicFLIM_120f_0000.sdt,20260522_KPC_fixed_dishes_SLIM,E:\18_RK_Circadian\data\raw\20260522_KPC_fixed_dishes_SLIM\6_chromablue_740nm_3069mW_u80_poc0_20x0p75NA_457s50_g70_z1_256pix_basicFLIM_120f_0000.sdt
7_pollen_890nm_2881mW_u1_poc0p2_10x0p5NA_457s50_g70_z1_256pix_basicFLIM_60f_0000.sdt,20260522_KPC_fixed_dishes_SLIM,E:\18_RK_Circadian\data\raw\20260522_KPC_fixed_dishes_SLIM\7_pollen_890nm_2881mW_u1_poc0p2_10x0p5NA_457s50_g70_z1_256pix_basicFLIM_60f_0000.sdt
