sdt_filename,session_root,fit_folder,base_stem,b_val,shift_free,fixation_type,n_total,n_photon_ok,n_chi2_ok,n_amp_ok,n_tau_ok,n_taumean_ok,n_final,pct_final,fit_set_key
3_KPCWT0430glu10min_740nm_3024mW_u1_poc0p15_20x0p75NA_457s50_g70_z1_256pix_basicFLIM_90f_0000.sdt,20260501_KPC_fixed_dishes_on_SLIM,batch1\fitet-sf-2component-b5,3_KPCWT0430glu10min_740nm_3024mW_u1_poc0p15_20x0p75NA_457s50_g70_z1_256pix_basicFLIM_90f_0000,5,True,glu,65536,6092,61393,65479,64484,65536,6048,9.2,
3_KPCWT0430glu10min_740nm_3024mW_u1_poc0p2_20x0p75NA_457s50_g70_z1_256pix_basicFLIM_120f_0000.sdt,20260501_KPC_fixed_dishes_on_SLIM,batch1\fitet-sf-2component-b5,3_KPCWT0430glu10min_740nm_3024mW_u1_poc0p2_20x0p75NA_457s50_g70_z1_256pix_basicFLIM_120f_0000,5,True,glu,65536,59049,65005,65536,65536,65536,58860,89.8,20260501_KPC_fixed_dishes_on_SLIM::batch1\fitet-sf-2component-b5::3_KPCWT0430glu10min_740nm_3024mW_u1_poc0p2_20x0p75NA_457s50_g70_z1_256pix_basicFLIM_120f_0000
3_KPCWT0430glu10min_740nm_3024mW_u1_poc0p2_20x0p75NA_457s50_g70_z1_256pix_basicFLIM_120f_0001.sdt,20260501_KPC_fixed_dishes_on_SLIM,batch1\fitet-sf-2component-b5,3_KPCWT0430glu10min_740nm_3024mW_u1_poc0p2_20x0p75NA_457s50_g70_z1_256pix_basicFLIM_120f_0001,5,True,glu,65536,65536,65176,65536,65536,65536,65176,99.5,20260501_KPC_fixed_dishes_on_SLIM::batch1\fitet-sf-2component-b5::3_KPCWT0430glu10min_740nm_3024mW_u1_poc0p2_20x0p75NA_457s50_g70_z1_256pix_basicFLIM_120f_0001
3_KPCWT0430glu10min_740nm_3024mW_u1_poc0p2_20x0p75NA_457s50_g70_z1_256pix_basicFLIM_120f_0002.sdt,20260501_KPC_fixed_dishes_on_SLIM,batch1\fitet-sf-2component-b5,3_KPCWT0430glu10min_740nm_3024mW_u1_poc0p2_20x0p75NA_457s50_g70_z1_256pix_basicFLIM_120f_0002,5,True,glu,65536,65536,64973,65536,65536,65536,64973,99.1,20260501_KPC_fixed_dishes_on_SLIM::batch1\fitet-sf-2component-b5::3_KPCWT0430glu10min_740nm_3024mW_u1_poc0p2_20x0p75NA_457s50_g70_z1_256pix_basicFLIM_120f_0002
3_KPCWT0430glu10min_740nm_3024mW_u1_poc0p2_20x0p75NA_457s50_g70_z1_256pix_basicFLIM_120f_0003.sdt,20260501_KPC_fixed_dishes_on_SLIM,batch1\fitet-sf-2component-b5,3_KPCWT0430glu10min_740nm_3024mW_u1_poc0p2_20x0p75NA_457s50_g70_z1_256pix_basicFLIM_120f_0003,5,True,glu,65536,65359,65456,65536,65536,65536,65293,99.6,20260501_KPC_fixed_dishes_on_SLIM::batch1\fitet-sf-2component-b5::3_KPCWT0430glu10min_740nm_3024mW_u1_poc0p2_20x0p75NA_457s50_g70_z1_256pix_basicFLIM_120f_0003
3_KPCWT0430glu10min_740nm_3024mW_u1_poc0p2_20x0p75NA_457s50_g70_z1_256pix_basicFLIM_120f_0004.sdt,20260501_KPC_fixed_dishes_on_SLIM,batch1\fitet-sf-2component-b5,3_KPCWT0430glu10min_740nm_3024mW_u1_poc0p2_20x0p75NA_457s50_g70_z1_256pix_basicFLIM_120f_0004,5,True,glu,65536,65536,64734,65536,65536,65536,64734,98.8,20260501_KPC_fixed_dishes_on_SLIM::batch1\fitet-sf-2component-b5::3_KPCWT0430glu10min_740nm_3024mW_u1_poc0p2_20x0p75NA_457s50_g70_z1_256pix_basicFLIM_120f_0004
3_KPCWT0430glu10min_740nm_3024mW_u1_poc0p2_20x0p75NA_457s50_g70_z1_256pix_basicFLIM_120f_0005.sdt,20260501_KPC_fixed_dishes_on_SLIM,batch1\fitet-sf-2component-b5,3_KPCWT0430glu10min_740nm_3024mW_u1_poc0p2_20x0p75NA_457s50_g70_z1_256pix_basicFLIM_120f_0005,5,True,glu,65536,35814,64071,65536,65536,65536,35715,54.5,20260501_KPC_fixed_dishes_on_SLIM::batch1\fitet-sf-2component-b5::3_KPCWT0430glu10min_740nm_3024mW_u1_poc0p2_20x0p75NA_457s50_g70_z1_256pix_basicFLIM_120f_0005
3_KPCWT0430glu10min_740nm_3024mW_u1_poc0p2_20x0p75NA_457s50_g70_z1_256pix_basicFLIM_120f_0006.sdt,20260501_KPC_fixed_dishes_on_SLIM,batch1\fitet-sf-2component-b5,3_KPCWT0430glu10min_740nm_3024mW_u1_poc0p2_20x0p75NA_457s50_g70_z1_256pix_basicFLIM_120f_0006,5,True,glu,65536,50566,64802,65536,65478,65536,50424,76.9,20260501_KPC_fixed_dishes_on_SLIM::batch1\fitet-sf-2component-b5::3_KPCWT0430glu10min_740nm_3024mW_u1_poc0p2_20x0p75NA_457s50_g70_z1_256pix_basicFLIM_120f_0006
3_KPCWT0430glu10min_740nm_3024mW_u1_poc0p2_20x0p75NA_457s50_g70_z1_256pix_basicFLIM_120f_0007.sdt,20260501_KPC_fixed_dishes_on_SLIM,batch1\fitet-sf-2component-b5,3_KPCWT0430glu10min_740nm_3024mW_u1_poc0p2_20x0p75NA_457s50_g70_z1_256pix_basicFLIM_120f_0007,5,True,glu,65536,51637,64858,65536,65526,65536,51410,78.4,20260501_KPC_fixed_dishes_on_SLIM::batch1\fitet-sf-2component-b5::3_KPCWT0430glu10min_740nm_3024mW_u1_poc0p2_20x0p75NA_457s50_g70_z1_256pix_basicFLIM_120f_0007
3_KPCWT0430glu10min_740nm_3024mW_u1_poc0p2_20x0p75NA_457s50_g70_z1_256pix_basicFLIM_120f_0008.sdt,20260501_KPC_fixed_dishes_on_SLIM,batch1\fitet-sf-2component-b5,3_KPCWT0430glu10min_740nm_3024mW_u1_poc0p2_20x0p75NA_457s50_g70_z1_256pix_basicFLIM_120f_0008,5,True,glu,65536,65536,65412,65536,65536,65536,65412,99.8,20260501_KPC_fixed_dishes_on_SLIM::batch1\fitet-sf-2component-b5::3_KPCWT0430glu10min_740nm_3024mW_u1_poc0p2_20x0p75NA_457s50_g70_z1_256pix_basicFLIM_120f_0008
3_KPCWT0430glu10min_740nm_3024mW_u1_poc0p2_20x0p75NA_457s50_g70_z1_256pix_basicFLIM_120f_0009.sdt,20260501_KPC_fixed_dishes_on_SLIM,batch1\fitet-sf-2component-b5,3_KPCWT0430glu10min_740nm_3024mW_u1_poc0p2_20x0p75NA_457s50_g70_z1_256pix_basicFLIM_120f_0009,5,True,glu,65536,61324,65118,65536,65520,65536,61164,93.3,20260501_KPC_fixed_dishes_on_SLIM::batch1\fitet-sf-2component-b5::3_KPCWT0430glu10min_740nm_3024mW_u1_poc0p2_20x0p75NA_457s50_g70_z1_256pix_basicFLIM_120f_0009
3_KPCWT0430glu10min_740nm_3024mW_u1_poc0p2_20x0p75NA_535s50_g70_z1_256pix_basicFLIM_120f_0000.sdt,20260501_KPC_fixed_dishes_on_SLIM,batch1\fitet-sf-2component-b5,3_KPCWT0430glu10min_740nm_3024mW_u1_poc0p2_20x0p75NA_535s50_g70_z1_256pix_basicFLIM_120f_0000,5,True,glu,65536,60635,65176,65536,65536,65536,60547,92.4,20260501_KPC_fixed_dishes_on_SLIM::batch1\fitet-sf-2component-b5::3_KPCWT0430glu10min_740nm_3024mW_u1_poc0p2_20x0p75NA_535s50_g70_z1_256pix_basicFLIM_120f_0000
3_KPCWT0430glu10min_740nm_3024mW_u1_poc0p2_20x0p75NA_535s50_g70_z1_256pix_basicFLIM_120f_0001.sdt,20260501_KPC_fixed_dishes_on_SLIM,batch1\fitet-sf-2component-b5,3_KPCWT0430glu10min_740nm_3024mW_u1_poc0p2_20x0p75NA_535s50_g70_z1_256pix_basicFLIM_120f_0001,5,True,glu,65536,65536,65434,65536,65536,65536,65434,99.8,20260501_KPC_fixed_dishes_on_SLIM::batch1\fitet-sf-2component-b5::3_KPCWT0430glu10min_740nm_3024mW_u1_poc0p2_20x0p75NA_535s50_g70_z1_256pix_basicFLIM_120f_0001
3_KPCWT0430glu10min_740nm_3024mW_u1_poc0p2_20x0p75NA_535s50_g70_z1_256pix_basicFLIM_120f_0002.sdt,20260501_KPC_fixed_dishes_on_SLIM,batch1\fitet-sf-2component-b5,3_KPCWT0430glu10min_740nm_3024mW_u1_poc0p2_20x0p75NA_535s50_g70_z1_256pix_basicFLIM_120f_0002,5,True,glu,65536,65536,65432,65536,65536,65536,65432,99.8,20260501_KPC_fixed_dishes_on_SLIM::batch1\fitet-sf-2component-b5::3_KPCWT0430glu10min_740nm_3024mW_u1_poc0p2_20x0p75NA_535s50_g70_z1_256pix_basicFLIM_120f_0002
3_KPCWT0430glu10min_740nm_3024mW_u1_poc0p2_20x0p75NA_535s50_g70_z1_256pix_basicFLIM_120f_0003.sdt,20260501_KPC_fixed_dishes_on_SLIM,batch1\fitet-sf-2component-b5,3_KPCWT0430glu10min_740nm_3024mW_u1_poc0p2_20x0p75NA_535s50_g70_z1_256pix_basicFLIM_120f_0003,5,True,glu,65536,65536,65471,65536,65536,65536,65471,99.9,20260501_KPC_fixed_dishes_on_SLIM::batch1\fitet-sf-2component-b5::3_KPCWT0430glu10min_740nm_3024mW_u1_poc0p2_20x0p75NA_535s50_g70_z1_256pix_basicFLIM_120f_0003
3_KPCWT0430glu10min_740nm_3024mW_u1_poc0p2_20x0p75NA_535s50_g70_z1_256pix_basicFLIM_120f_0004.sdt,20260501_KPC_fixed_dishes_on_SLIM,batch1\fitet-sf-2component-b5,3_KPCWT0430glu10min_740nm_3024mW_u1_poc0p2_20x0p75NA_535s50_g70_z1_256pix_basicFLIM_120f_0004,5,True,glu,65536,65536,65445,65536,65536,65536,65445,99.9,20260501_KPC_fixed_dishes_on_SLIM::batch1\fitet-sf-2component-b5::3_KPCWT0430glu10min_740nm_3024mW_u1_poc0p2_20x0p75NA_535s50_g70_z1_256pix_basicFLIM_120f_0004
3_KPCWT0430glu10min_740nm_3024mW_u1_poc0p2_20x0p75NA_535s50_g70_z1_256pix_basicFLIM_120f_0005.sdt,20260501_KPC_fixed_dishes_on_SLIM,batch1\fitet-sf-2component-b5,3_KPCWT0430glu10min_740nm_3024mW_u1_poc0p2_20x0p75NA_535s50_g70_z1_256pix_basicFLIM_120f_0005,5,True,glu,65536,47325,64368,65536,65532,65536,46976,71.7,20260501_KPC_fixed_dishes_on_SLIM::batch1\fitet-sf-2component-b5::3_KPCWT0430glu10min_740nm_3024mW_u1_poc0p2_20x0p75NA_535s50_g70_z1_256pix_basicFLIM_120f_0005
3_KPCWT0430glu10min_740nm_3024mW_u1_poc0p2_20x0p75NA_535s50_g70_z1_256pix_basicFLIM_120f_0006.sdt,20260501_KPC_fixed_dishes_on_SLIM,batch1\fitet-sf-2component-b5,3_KPCWT0430glu10min_740nm_3024mW_u1_poc0p2_20x0p75NA_535s50_g70_z1_256pix_basicFLIM_120f_0006,5,True,glu,65536,60098,64856,65536,65493,65536,59695,91.1,20260501_KPC_fixed_dishes_on_SLIM::batch1\fitet-sf-2component-b5::3_KPCWT0430glu10min_740nm_3024mW_u1_poc0p2_20x0p75NA_535s50_g70_z1_256pix_basicFLIM_120f_0006
3_KPCWT0430glu10min_740nm_3024mW_u1_poc0p2_20x0p75NA_535s50_g70_z1_256pix_basicFLIM_120f_0007.sdt,20260501_KPC_fixed_dishes_on_SLIM,batch1\fitet-sf-2component-b5,3_KPCWT0430glu10min_740nm_3024mW_u1_poc0p2_20x0p75NA_535s50_g70_z1_256pix_basicFLIM_120f_0007,5,True,glu,65536,59575,64855,65536,65533,65536,59220,90.4,20260501_KPC_fixed_dishes_on_SLIM::batch1\fitet-sf-2component-b5::3_KPCWT0430glu10min_740nm_3024mW_u1_poc0p2_20x0p75NA_535s50_g70_z1_256pix_basicFLIM_120f_0007
3_KPCWT0430glu10min_740nm_3024mW_u1_poc0p2_20x0p75NA_535s50_g70_z1_256pix_basicFLIM_120f_0008.sdt,20260501_KPC_fixed_dishes_on_SLIM,batch1\fitet-sf-2component-b5,3_KPCWT0430glu10min_740nm_3024mW_u1_poc0p2_20x0p75NA_535s50_g70_z1_256pix_basicFLIM_120f_0008,5,True,glu,65536,65536,65498,65536,65536,65536,65498,99.9,20260501_KPC_fixed_dishes_on_SLIM::batch1\fitet-sf-2component-b5::3_KPCWT0430glu10min_740nm_3024mW_u1_poc0p2_20x0p75NA_535s50_g70_z1_256pix_basicFLIM_120f_0008
3_KPCWT0430glu10min_740nm_3024mW_u1_poc0p2_20x0p75NA_535s50_g70_z1_256pix_basicFLIM_120f_0009.sdt,20260501_KPC_fixed_dishes_on_SLIM,batch1\fitet-sf-2component-b5,3_KPCWT0430glu10min_740nm_3024mW_u1_poc0p2_20x0p75NA_535s50_g70_z1_256pix_basicFLIM_120f_0009,5,True,glu,65536,62504,65341,65536,65536,65536,62408,95.2,20260501_KPC_fixed_dishes_on_SLIM::batch1\fitet-sf-2component-b5::3_KPCWT0430glu10min_740nm_3024mW_u1_poc0p2_20x0p75NA_535s50_g70_z1_256pix_basicFLIM_120f_0009
4_BKO0430glu10min_740nm_3024mW_u1_poc0p2_20x0p75NA_535s50_g70_z1_256pix_basicFLIM_40f_0000.sdt,20260501_KPC_fixed_dishes_on_SLIM,batch1\fitet-sf-2component-b5,4_BKO0430glu10min_740nm_3024mW_u1_poc0p2_20x0p75NA_535s50_g70_z1_256pix_basicFLIM_40f_0000,5,True,glu,65536,56676,64382,65536,65536,65536,55931,85.3,20260501_KPC_fixed_dishes_on_SLIM::batch1\fitet-sf-2component-b5::4_BKO0430glu10min_740nm_3024mW_u1_poc0p2_20x0p75NA_535s50_g70_z1_256pix_basicFLIM_40f_0000
4_BKO0430glu10min_740nm_3024mW_u1_poc0p2_20x0p75NA_535s50_g70_z1_256pix_basicFLIM_40f_0001.sdt,20260501_KPC_fixed_dishes_on_SLIM,batch1\fitet-sf-2component-b5,4_BKO0430glu10min_740nm_3024mW_u1_poc0p2_20x0p75NA_535s50_g70_z1_256pix_basicFLIM_40f_0001,5,True,glu,65536,53047,64296,65536,65536,65536,52473,80.1,20260501_KPC_fixed_dishes_on_SLIM::batch1\fitet-sf-2component-b5::4_BKO0430glu10min_740nm_3024mW_u1_poc0p2_20x0p75NA_535s50_g70_z1_256pix_basicFLIM_40f_0001
4_BKO0430glu10min_740nm_3024mW_u1_poc0p2_20x0p75NA_535s50_g70_z1_256pix_basicFLIM_40f_0002.sdt,20260501_KPC_fixed_dishes_on_SLIM,batch1\fitet-sf-2component-b5,4_BKO0430glu10min_740nm_3024mW_u1_poc0p2_20x0p75NA_535s50_g70_z1_256pix_basicFLIM_40f_0002,5,True,glu,65536,35479,63326,65536,65510,65536,34769,53.1,20260501_KPC_fixed_dishes_on_SLIM::batch1\fitet-sf-2component-b5::4_BKO0430glu10min_740nm_3024mW_u1_poc0p2_20x0p75NA_535s50_g70_z1_256pix_basicFLIM_40f_0002
4_BKO0430glu10min_740nm_3024mW_u1_poc0p2_20x0p75NA_535s50_g70_z1_256pix_basicFLIM_40f_0003.sdt,20260501_KPC_fixed_dishes_on_SLIM,batch1\fitet-sf-2component-b5,4_BKO0430glu10min_740nm_3024mW_u1_poc0p2_20x0p75NA_535s50_g70_z1_256pix_basicFLIM_40f_0003,5,True,glu,65536,55811,64233,65536,65536,65536,54819,83.6,20260501_KPC_fixed_dishes_on_SLIM::batch1\fitet-sf-2component-b5::4_BKO0430glu10min_740nm_3024mW_u1_poc0p2_20x0p75NA_535s50_g70_z1_256pix_basicFLIM_40f_0003
4_BKO0430glu10min_740nm_3024mW_u1_poc0p2_20x0p75NA_535s50_g70_z1_256pix_basicFLIM_40f_0004.sdt,20260501_KPC_fixed_dishes_on_SLIM,batch1\fitet-sf-2component-b5,4_BKO0430glu10min_740nm_3024mW_u1_poc0p2_20x0p75NA_535s50_g70_z1_256pix_basicFLIM_40f_0004,5,True,glu,65536,52040,64031,65536,65536,65536,51174,78.1,20260501_KPC_fixed_dishes_on_SLIM::batch1\fitet-sf-2component-b5::4_BKO0430glu10min_740nm_3024mW_u1_poc0p2_20x0p75NA_535s50_g70_z1_256pix_basicFLIM_40f_0004
4_BKO0430glu10min_740nm_3024mW_u1_poc0p2_20x0p75NA_535s50_g70_z1_256pix_basicFLIM_40f_0005.sdt,20260501_KPC_fixed_dishes_on_SLIM,batch1\fitet-sf-2component-b5,4_BKO0430glu10min_740nm_3024mW_u1_poc0p2_20x0p75NA_535s50_g70_z1_256pix_basicFLIM_40f_0005,5,True,glu,65536,17584,50094,58005,56597,65536,17441,26.6,20260501_KPC_fixed_dishes_on_SLIM::batch1\fitet-sf-2component-b5::4_BKO0430glu10min_740nm_3024mW_u1_poc0p2_20x0p75NA_535s50_g70_z1_256pix_basicFLIM_40f_0005
4_BKO0430glu10min_740nm_3024mW_u1_poc0p2_20x0p75NA_535s50_g70_z1_256pix_basicFLIM_40f_0006.sdt,20260501_KPC_fixed_dishes_on_SLIM,batch1\fitet-sf-2component-b5,4_BKO0430glu10min_740nm_3024mW_u1_poc0p2_20x0p75NA_535s50_g70_z1_256pix_basicFLIM_40f_0006,5,True,glu,65536,58650,64570,65536,65536,65536,58066,88.6,20260501_KPC_fixed_dishes_on_SLIM::batch1\fitet-sf-2component-b5::4_BKO0430glu10min_740nm_3024mW_u1_poc0p2_20x0p75NA_535s50_g70_z1_256pix_basicFLIM_40f_0006
4_BKO0430glu10min_740nm_3024mW_u1_poc0p2_20x0p75NA_535s50_g70_z1_256pix_basicFLIM_40f_0007.sdt,20260501_KPC_fixed_dishes_on_SLIM,batch1\fitet-sf-2component-b5,4_BKO0430glu10min_740nm_3024mW_u1_poc0p2_20x0p75NA_535s50_g70_z1_256pix_basicFLIM_40f_0007,5,True,glu,65536,44361,64014,65536,65536,65536,43547,66.4,20260501_KPC_fixed_dishes_on_SLIM::batch1\fitet-sf-2component-b5::4_BKO0430glu10min_740nm_3024mW_u1_poc0p2_20x0p75NA_535s50_g70_z1_256pix_basicFLIM_40f_0007
4_BKO0430glu10min_740nm_3024mW_u1_poc0p2_20x0p75NA_535s50_g70_z1_256pix_basicFLIM_40f_0008.sdt,20260501_KPC_fixed_dishes_on_SLIM,batch1\fitet-sf-2component-b5,4_BKO0430glu10min_740nm_3024mW_u1_poc0p2_20x0p75NA_535s50_g70_z1_256pix_basicFLIM_40f_0008,5,True,glu,65536,32468,63482,65536,65536,65536,31923,48.7,20260501_KPC_fixed_dishes_on_SLIM::batch1\fitet-sf-2component-b5::4_BKO0430glu10min_740nm_3024mW_u1_poc0p2_20x0p75NA_535s50_g70_z1_256pix_basicFLIM_40f_0008
4_BKO0430glu10min_740nm_3024mW_u1_poc0p2_20x0p75NA_535s50_g70_z1_256pix_basicFLIM_40f_0009.sdt,20260501_KPC_fixed_dishes_on_SLIM,batch1\fitet-sf-2component-b5,4_BKO0430glu10min_740nm_3024mW_u1_poc0p2_20x0p75NA_535s50_g70_z1_256pix_basicFLIM_40f_0009,5,True,glu,65536,63026,64625,65536,65536,65536,62218,94.9,20260501_KPC_fixed_dishes_on_SLIM::batch1\fitet-sf-2component-b5::4_BKO0430glu10min_740nm_3024mW_u1_poc0p2_20x0p75NA_535s50_g70_z1_256pix_basicFLIM_40f_0009
4_BKO0430glu10min_740nm_3024mW_u1_poc0p2_20x0p75NA_535s50_g70_z1_256pix_basicFLIM_60f_0000.sdt,20260501_KPC_fixed_dishes_on_SLIM,batch1\fitet-sf-2component-b5,4_BKO0430glu10min_740nm_3024mW_u1_poc0p2_20x0p75NA_535s50_g70_z1_256pix_basicFLIM_60f_0000,5,True,glu,65536,65382,65270,65536,65536,65536,65116,99.4,20260501_KPC_fixed_dishes_on_SLIM::batch1\fitet-sf-2component-b5::4_BKO0430glu10min_740nm_3024mW_u1_poc0p2_20x0p75NA_535s50_g70_z1_256pix_basicFLIM_60f_0000
4_BKO0430glu10min_740nm_3024mW_u1_poc0p2_20x0p75NA_535s50_g70_z1_256pix_basicFLIM_60f_0001.sdt,20260501_KPC_fixed_dishes_on_SLIM,batch1\fitet-sf-2component-b5,4_BKO0430glu10min_740nm_3024mW_u1_poc0p2_20x0p75NA_535s50_g70_z1_256pix_basicFLIM_60f_0001,5,True,glu,65536,65513,65138,65536,65536,65536,65115,99.4,20260501_KPC_fixed_dishes_on_SLIM::batch1\fitet-sf-2component-b5::4_BKO0430glu10min_740nm_3024mW_u1_poc0p2_20x0p75NA_535s50_g70_z1_256pix_basicFLIM_60f_0001
4_BKO0430glu10min_740nm_3024mW_u1_poc0p2_20x0p75NA_535s50_g70_z1_256pix_basicFLIM_60f_0002.sdt,20260501_KPC_fixed_dishes_on_SLIM,batch1\fitet-sf-2component-b5,4_BKO0430glu10min_740nm_3024mW_u1_poc0p2_20x0p75NA_535s50_g70_z1_256pix_basicFLIM_60f_0002,5,True,glu,65536,58593,64603,65536,65536,65536,58072,88.6,20260501_KPC_fixed_dishes_on_SLIM::batch1\fitet-sf-2component-b5::4_BKO0430glu10min_740nm_3024mW_u1_poc0p2_20x0p75NA_535s50_g70_z1_256pix_basicFLIM_60f_0002
4_BKO0430glu10min_740nm_3024mW_u1_poc0p2_20x0p75NA_535s50_g70_z1_256pix_basicFLIM_60f_0003.sdt,20260501_KPC_fixed_dishes_on_SLIM,batch1\fitet-sf-2component-b5,4_BKO0430glu10min_740nm_3024mW_u1_poc0p2_20x0p75NA_535s50_g70_z1_256pix_basicFLIM_60f_0003,5,True,glu,65536,65212,64848,65536,65536,65536,64532,98.5,20260501_KPC_fixed_dishes_on_SLIM::batch1\fitet-sf-2component-b5::4_BKO0430glu10min_740nm_3024mW_u1_poc0p2_20x0p75NA_535s50_g70_z1_256pix_basicFLIM_60f_0003
4_BKO0430glu10min_740nm_3024mW_u1_poc0p2_20x0p75NA_535s50_g70_z1_256pix_basicFLIM_60f_0004.sdt,20260501_KPC_fixed_dishes_on_SLIM,batch1\fitet-sf-2component-b5,4_BKO0430glu10min_740nm_3024mW_u1_poc0p2_20x0p75NA_535s50_g70_z1_256pix_basicFLIM_60f_0004,5,True,glu,65536,63297,64803,65536,65536,65536,62635,95.6,20260501_KPC_fixed_dishes_on_SLIM::batch1\fitet-sf-2component-b5::4_BKO0430glu10min_740nm_3024mW_u1_poc0p2_20x0p75NA_535s50_g70_z1_256pix_basicFLIM_60f_0004
4_BKO0430glu10min_740nm_3024mW_u1_poc0p2_20x0p75NA_535s50_g70_z1_256pix_basicFLIM_60f_0005.sdt,20260501_KPC_fixed_dishes_on_SLIM,batch1\fitet-sf-2component-b5,4_BKO0430glu10min_740nm_3024mW_u1_poc0p2_20x0p75NA_535s50_g70_z1_256pix_basicFLIM_60f_0005,5,True,glu,65536,23883,52724,58352,57553,65536,23628,36.1,20260501_KPC_fixed_dishes_on_SLIM::batch1\fitet-sf-2component-b5::4_BKO0430glu10min_740nm_3024mW_u1_poc0p2_20x0p75NA_535s50_g70_z1_256pix_basicFLIM_60f_0005
4_BKO0430glu10min_740nm_3024mW_u1_poc0p2_20x0p75NA_535s50_g70_z1_256pix_basicFLIM_60f_0006.sdt,20260501_KPC_fixed_dishes_on_SLIM,batch1\fitet-sf-2component-b5,4_BKO0430glu10min_740nm_3024mW_u1_poc0p2_20x0p75NA_535s50_g70_z1_256pix_basicFLIM_60f_0006,5,True,glu,65536,63429,65234,65536,65536,65536,63244,96.5,20260501_KPC_fixed_dishes_on_SLIM::batch1\fitet-sf-2component-b5::4_BKO0430glu10min_740nm_3024mW_u1_poc0p2_20x0p75NA_535s50_g70_z1_256pix_basicFLIM_60f_0006
4_BKO0430glu10min_740nm_3024mW_u1_poc0p2_20x0p75NA_535s50_g70_z1_256pix_basicFLIM_60f_0007.sdt,20260501_KPC_fixed_dishes_on_SLIM,batch1\fitet-sf-2component-b5,4_BKO0430glu10min_740nm_3024mW_u1_poc0p2_20x0p75NA_535s50_g70_z1_256pix_basicFLIM_60f_0007,5,True,glu,65536,64533,64807,65536,65536,65536,63846,97.4,20260501_KPC_fixed_dishes_on_SLIM::batch1\fitet-sf-2component-b5::4_BKO0430glu10min_740nm_3024mW_u1_poc0p2_20x0p75NA_535s50_g70_z1_256pix_basicFLIM_60f_0007
4_BKO0430glu10min_740nm_3024mW_u1_poc0p2_20x0p75NA_535s50_g70_z1_256pix_basicFLIM_60f_0008.sdt,20260501_KPC_fixed_dishes_on_SLIM,batch1\fitet-sf-2component-b5,4_BKO0430glu10min_740nm_3024mW_u1_poc0p2_20x0p75NA_535s50_g70_z1_256pix_basicFLIM_60f_0008,5,True,glu,65536,61953,64580,65536,65536,65536,61227,93.4,20260501_KPC_fixed_dishes_on_SLIM::batch1\fitet-sf-2component-b5::4_BKO0430glu10min_740nm_3024mW_u1_poc0p2_20x0p75NA_535s50_g70_z1_256pix_basicFLIM_60f_0008
4_BKO0430glu10min_740nm_3024mW_u1_poc0p2_20x0p75NA_535s50_g70_z1_256pix_basicFLIM_60f_0009.sdt,20260501_KPC_fixed_dishes_on_SLIM,batch1\fitet-sf-2component-b5,4_BKO0430glu10min_740nm_3024mW_u1_poc0p2_20x0p75NA_535s50_g70_z1_256pix_basicFLIM_60f_0009,5,True,glu,65536,65531,65285,65536,65536,65536,65280,99.6,20260501_KPC_fixed_dishes_on_SLIM::batch1\fitet-sf-2component-b5::4_BKO0430glu10min_740nm_3024mW_u1_poc0p2_20x0p75NA_535s50_g70_z1_256pix_basicFLIM_60f_0009
4_BKO0430glu10min_740nm_3038mW_u1_poc0p2_20x0p75NA_457s50_g70_z1_256pix_basicFLIM_100f_0000.sdt,20260501_KPC_fixed_dishes_on_SLIM,batch1\fitet-sf-2component-b5,4_BKO0430glu10min_740nm_3038mW_u1_poc0p2_20x0p75NA_457s50_g70_z1_256pix_basicFLIM_100f_0000,5,True,glu,65536,65476,65455,65536,65536,65536,65395,99.8,20260501_KPC_fixed_dishes_on_SLIM::batch1\fitet-sf-2component-b5::4_BKO0430glu10min_740nm_3038mW_u1_poc0p2_20x0p75NA_457s50_g70_z1_256pix_basicFLIM_100f_0000
4_BKO0430glu10min_740nm_3038mW_u1_poc0p2_20x0p75NA_457s50_g70_z1_256pix_basicFLIM_100f_0001.sdt,20260501_KPC_fixed_dishes_on_SLIM,batch1\fitet-sf-2component-b5,4_BKO0430glu10min_740nm_3038mW_u1_poc0p2_20x0p75NA_457s50_g70_z1_256pix_basicFLIM_100f_0001,5,True,glu,65536,65091,65415,65536,65536,65536,64983,99.2,20260501_KPC_fixed_dishes_on_SLIM::batch1\fitet-sf-2component-b5::4_BKO0430glu10min_740nm_3038mW_u1_poc0p2_20x0p75NA_457s50_g70_z1_256pix_basicFLIM_100f_0001
4_BKO0430glu10min_740nm_3038mW_u1_poc0p2_20x0p75NA_457s50_g70_z1_256pix_basicFLIM_100f_0002.sdt,20260501_KPC_fixed_dishes_on_SLIM,batch1\fitet-sf-2component-b5,4_BKO0430glu10min_740nm_3038mW_u1_poc0p2_20x0p75NA_457s50_g70_z1_256pix_basicFLIM_100f_0002,5,True,glu,65536,60755,65016,65536,65536,65536,60442,92.2,20260501_KPC_fixed_dishes_on_SLIM::batch1\fitet-sf-2component-b5::4_BKO0430glu10min_740nm_3038mW_u1_poc0p2_20x0p75NA_457s50_g70_z1_256pix_basicFLIM_100f_0002
4_BKO0430glu10min_740nm_3038mW_u1_poc0p2_20x0p75NA_457s50_g70_z1_256pix_basicFLIM_100f_0003.sdt,20260501_KPC_fixed_dishes_on_SLIM,batch1\fitet-sf-2component-b5,4_BKO0430glu10min_740nm_3038mW_u1_poc0p2_20x0p75NA_457s50_g70_z1_256pix_basicFLIM_100f_0003,5,True,glu,65536,65421,65403,65536,65536,65536,65288,99.6,20260501_KPC_fixed_dishes_on_SLIM::batch1\fitet-sf-2component-b5::4_BKO0430glu10min_740nm_3038mW_u1_poc0p2_20x0p75NA_457s50_g70_z1_256pix_basicFLIM_100f_0003
4_BKO0430glu10min_740nm_3038mW_u1_poc0p2_20x0p75NA_457s50_g70_z1_256pix_basicFLIM_100f_0004.sdt,20260501_KPC_fixed_dishes_on_SLIM,batch1\fitet-sf-2component-b5,4_BKO0430glu10min_740nm_3038mW_u1_poc0p2_20x0p75NA_457s50_g70_z1_256pix_basicFLIM_100f_0004,5,True,glu,65536,65524,65360,65536,65536,65536,65348,99.7,20260501_KPC_fixed_dishes_on_SLIM::batch1\fitet-sf-2component-b5::4_BKO0430glu10min_740nm_3038mW_u1_poc0p2_20x0p75NA_457s50_g70_z1_256pix_basicFLIM_100f_0004
4_BKO0430glu10min_740nm_3038mW_u1_poc0p2_20x0p75NA_457s50_g70_z1_256pix_basicFLIM_100f_0005.sdt,20260501_KPC_fixed_dishes_on_SLIM,batch1\fitet-sf-2component-b5,4_BKO0430glu10min_740nm_3038mW_u1_poc0p2_20x0p75NA_457s50_g70_z1_256pix_basicFLIM_100f_0005,5,True,glu,65536,25707,55940,59478,58296,65536,25627,39.1,20260501_KPC_fixed_dishes_on_SLIM::batch1\fitet-sf-2component-b5::4_BKO0430glu10min_740nm_3038mW_u1_poc0p2_20x0p75NA_457s50_g70_z1_256pix_basicFLIM_100f_0005
4_BKO0430glu10min_740nm_3038mW_u1_poc0p2_20x0p75NA_457s50_g70_z1_256pix_basicFLIM_100f_0006.sdt,20260501_KPC_fixed_dishes_on_SLIM,batch1\fitet-sf-2component-b5,4_BKO0430glu10min_740nm_3038mW_u1_poc0p2_20x0p75NA_457s50_g70_z1_256pix_basicFLIM_100f_0006,5,True,glu,65536,64848,65384,65536,65536,65536,64736,98.8,20260501_KPC_fixed_dishes_on_SLIM::batch1\fitet-sf-2component-b5::4_BKO0430glu10min_740nm_3038mW_u1_poc0p2_20x0p75NA_457s50_g70_z1_256pix_basicFLIM_100f_0006
4_BKO0430glu10min_740nm_3038mW_u1_poc0p2_20x0p75NA_457s50_g70_z1_256pix_basicFLIM_100f_0007.sdt,20260501_KPC_fixed_dishes_on_SLIM,batch1\fitet-sf-2component-b5,4_BKO0430glu10min_740nm_3038mW_u1_poc0p2_20x0p75NA_457s50_g70_z1_256pix_basicFLIM_100f_0007,5,True,glu,65536,65292,65365,65536,65536,65536,65125,99.4,20260501_KPC_fixed_dishes_on_SLIM::batch1\fitet-sf-2component-b5::4_BKO0430glu10min_740nm_3038mW_u1_poc0p2_20x0p75NA_457s50_g70_z1_256pix_basicFLIM_100f_0007
4_BKO0430glu10min_740nm_3038mW_u1_poc0p2_20x0p75NA_457s50_g70_z1_256pix_basicFLIM_100f_0008.sdt,20260501_KPC_fixed_dishes_on_SLIM,batch1\fitet-sf-2component-b5,4_BKO0430glu10min_740nm_3038mW_u1_poc0p2_20x0p75NA_457s50_g70_z1_256pix_basicFLIM_100f_0008,5,True,glu,65536,61659,65104,65536,65536,65536,61330,93.6,20260501_KPC_fixed_dishes_on_SLIM::batch1\fitet-sf-2component-b5::4_BKO0430glu10min_740nm_3038mW_u1_poc0p2_20x0p75NA_457s50_g70_z1_256pix_basicFLIM_100f_0008
4_BKO0430glu10min_740nm_3038mW_u1_poc0p2_20x0p75NA_457s50_g70_z1_256pix_basicFLIM_100f_0009.sdt,20260501_KPC_fixed_dishes_on_SLIM,batch1\fitet-sf-2component-b5,4_BKO0430glu10min_740nm_3038mW_u1_poc0p2_20x0p75NA_457s50_g70_z1_256pix_basicFLIM_100f_0009,5,True,glu,65536,65536,65437,65536,65536,65536,65437,99.8,20260501_KPC_fixed_dishes_on_SLIM::batch1\fitet-sf-2component-b5::4_BKO0430glu10min_740nm_3038mW_u1_poc0p2_20x0p75NA_457s50_g70_z1_256pix_basicFLIM_100f_0009
3_KPCWT0430glu10min_740nm_3024mW_u1_poc0p15_20x0p75NA_457s50_g70_z1_256pix_basicFLIM_90f_0000.sdt,20260501_KPC_fixed_dishes_on_SLIM,batch1\fitet-sf-3component-b5,3_KPCWT0430glu10min_740nm_3024mW_u1_poc0p15_20x0p75NA_457s50_g70_z1_256pix_basicFLIM_90f_0000,5,True,glu,65536,0,58620,65340,16436,65536,0,0.0,20260501_KPC_fixed_dishes_on_SLIM::batch1\fitet-sf-3component-b5::3_KPCWT0430glu10min_740nm_3024mW_u1_poc0p15_20x0p75NA_457s50_g70_z1_256pix_basicFLIM_90f_0000
3_KPCWT0430glu10min_740nm_3024mW_u1_poc0p2_20x0p75NA_457s50_g70_z1_256pix_basicFLIM_120f_0000.sdt,20260501_KPC_fixed_dishes_on_SLIM,batch1\fitet-sf-3component-b5,3_KPCWT0430glu10min_740nm_3024mW_u1_poc0p2_20x0p75NA_457s50_g70_z1_256pix_basicFLIM_120f_0000,5,True,glu,65536,51244,64209,65536,3608,65536,778,1.2,20260501_KPC_fixed_dishes_on_SLIM::batch1\fitet-sf-3component-b5::3_KPCWT0430glu10min_740nm_3024mW_u1_poc0p2_20x0p75NA_457s50_g70_z1_256pix_basicFLIM_120f_0000
3_KPCWT0430glu10min_740nm_3024mW_u1_poc0p2_20x0p75NA_457s50_g70_z1_256pix_basicFLIM_120f_0001.sdt,20260501_KPC_fixed_dishes_on_SLIM,batch1\fitet-sf-3component-b5,3_KPCWT0430glu10min_740nm_3024mW_u1_poc0p2_20x0p75NA_457s50_g70_z1_256pix_basicFLIM_120f_0001,5,True,glu,65536,63192,65145,65536,471,65536,379,0.6,20260501_KPC_fixed_dishes_on_SLIM::batch1\fitet-sf-3component-b5::3_KPCWT0430glu10min_740nm_3024mW_u1_poc0p2_20x0p75NA_457s50_g70_z1_256pix_basicFLIM_120f_0001
3_KPCWT0430glu10min_740nm_3024mW_u1_poc0p2_20x0p75NA_457s50_g70_z1_256pix_basicFLIM_120f_0002.sdt,20260501_KPC_fixed_dishes_on_SLIM,batch1\fitet-sf-3component-b5,3_KPCWT0430glu10min_740nm_3024mW_u1_poc0p2_20x0p75NA_457s50_g70_z1_256pix_basicFLIM_120f_0002,5,True,glu,65536,58249,65044,65536,1401,65536,749,1.1,20260501_KPC_fixed_dishes_on_SLIM::batch1\fitet-sf-3component-b5::3_KPCWT0430glu10min_740nm_3024mW_u1_poc0p2_20x0p75NA_457s50_g70_z1_256pix_basicFLIM_120f_0002
3_KPCWT0430glu10min_740nm_3024mW_u1_poc0p2_20x0p75NA_457s50_g70_z1_256pix_basicFLIM_120f_0003.sdt,20260501_KPC_fixed_dishes_on_SLIM,batch1\fitet-sf-3component-b5,3_KPCWT0430glu10min_740nm_3024mW_u1_poc0p2_20x0p75NA_457s50_g70_z1_256pix_basicFLIM_120f_0003,5,True,glu,65536,40462,64596,65536,2565,65536,868,1.3,20260501_KPC_fixed_dishes_on_SLIM::batch1\fitet-sf-3component-b5::3_KPCWT0430glu10min_740nm_3024mW_u1_poc0p2_20x0p75NA_457s50_g70_z1_256pix_basicFLIM_120f_0003
3_KPCWT0430glu10min_740nm_3024mW_u1_poc0p2_20x0p75NA_457s50_g70_z1_256pix_basicFLIM_120f_0004.sdt,20260501_KPC_fixed_dishes_on_SLIM,batch1\fitet-sf-3component-b5,3_KPCWT0430glu10min_740nm_3024mW_u1_poc0p2_20x0p75NA_457s50_g70_z1_256pix_basicFLIM_120f_0004,5,True,glu,65536,63488,65188,65536,644,65536,418,0.6,20260501_KPC_fixed_dishes_on_SLIM::batch1\fitet-sf-3component-b5::3_KPCWT0430glu10min_740nm_3024mW_u1_poc0p2_20x0p75NA_457s50_g70_z1_256pix_basicFLIM_120f_0004
3_KPCWT0430glu10min_740nm_3024mW_u1_poc0p2_20x0p75NA_457s50_g70_z1_256pix_basicFLIM_120f_0005.sdt,20260501_KPC_fixed_dishes_on_SLIM,batch1\fitet-sf-3component-b5,3_KPCWT0430glu10min_740nm_3024mW_u1_poc0p2_20x0p75NA_457s50_g70_z1_256pix_basicFLIM_120f_0005,5,True,glu,65536,13284,62003,65536,11274,65536,96,0.1,20260501_KPC_fixed_dishes_on_SLIM::batch1\fitet-sf-3component-b5::3_KPCWT0430glu10min_740nm_3024mW_u1_poc0p2_20x0p75NA_457s50_g70_z1_256pix_basicFLIM_120f_0005
3_KPCWT0430glu10min_740nm_3024mW_u1_poc0p2_20x0p75NA_457s50_g70_z1_256pix_basicFLIM_120f_0006.sdt,20260501_KPC_fixed_dishes_on_SLIM,batch1\fitet-sf-3component-b5,3_KPCWT0430glu10min_740nm_3024mW_u1_poc0p2_20x0p75NA_457s50_g70_z1_256pix_basicFLIM_120f_0006,5,True,glu,65536,22061,63191,65536,7914,65536,525,0.8,20260501_KPC_fixed_dishes_on_SLIM::batch1\fitet-sf-3component-b5::3_KPCWT0430glu10min_740nm_3024mW_u1_poc0p2_20x0p75NA_457s50_g70_z1_256pix_basicFLIM_120f_0006
3_KPCWT0430glu10min_740nm_3024mW_u1_poc0p2_20x0p75NA_457s50_g70_z1_256pix_basicFLIM_120f_0007.sdt,20260501_KPC_fixed_dishes_on_SLIM,batch1\fitet-sf-3component-b5,3_KPCWT0430glu10min_740nm_3024mW_u1_poc0p2_20x0p75NA_457s50_g70_z1_256pix_basicFLIM_120f_0007,5,True,glu,65536,18912,62951,65536,8151,65536,738,1.1,20260501_KPC_fixed_dishes_on_SLIM::batch1\fitet-sf-3component-b5::3_KPCWT0430glu10min_740nm_3024mW_u1_poc0p2_20x0p75NA_457s50_g70_z1_256pix_basicFLIM_120f_0007
3_KPCWT0430glu10min_740nm_3024mW_u1_poc0p2_20x0p75NA_457s50_g70_z1_256pix_basicFLIM_120f_0008.sdt,20260501_KPC_fixed_dishes_on_SLIM,batch1\fitet-sf-3component-b5,3_KPCWT0430glu10min_740nm_3024mW_u1_poc0p2_20x0p75NA_457s50_g70_z1_256pix_basicFLIM_120f_0008,5,True,glu,65536,58826,64935,65536,1729,65536,902,1.4,20260501_KPC_fixed_dishes_on_SLIM::batch1\fitet-sf-3component-b5::3_KPCWT0430glu10min_740nm_3024mW_u1_poc0p2_20x0p75NA_457s50_g70_z1_256pix_basicFLIM_120f_0008
3_KPCWT0430glu10min_740nm_3024mW_u1_poc0p2_20x0p75NA_457s50_g70_z1_256pix_basicFLIM_120f_0009.sdt,20260501_KPC_fixed_dishes_on_SLIM,batch1\fitet-sf-3component-b5,3_KPCWT0430glu10min_740nm_3024mW_u1_poc0p2_20x0p75NA_457s50_g70_z1_256pix_basicFLIM_120f_0009,5,True,glu,65536,52164,64348,65536,3384,65536,924,1.4,20260501_KPC_fixed_dishes_on_SLIM::batch1\fitet-sf-3component-b5::3_KPCWT0430glu10min_740nm_3024mW_u1_poc0p2_20x0p75NA_457s50_g70_z1_256pix_basicFLIM_120f_0009
3_KPCWT0430glu10min_740nm_3024mW_u1_poc0p2_20x0p75NA_535s50_g70_z1_256pix_basicFLIM_120f_0000.sdt,20260501_KPC_fixed_dishes_on_SLIM,batch1\fitet-sf-3component-b5,3_KPCWT0430glu10min_740nm_3024mW_u1_poc0p2_20x0p75NA_535s50_g70_z1_256pix_basicFLIM_120f_0000,5,True,glu,65536,52622,64595,65536,6490,65536,2750,4.2,20260501_KPC_fixed_dishes_on_SLIM::batch1\fitet-sf-3component-b5::3_KPCWT0430glu10min_740nm_3024mW_u1_poc0p2_20x0p75NA_535s50_g70_z1_256pix_basicFLIM_120f_0000
3_KPCWT0430glu10min_740nm_3024mW_u1_poc0p2_20x0p75NA_535s50_g70_z1_256pix_basicFLIM_120f_0001.sdt,20260501_KPC_fixed_dishes_on_SLIM,batch1\fitet-sf-3component-b5,3_KPCWT0430glu10min_740nm_3024mW_u1_poc0p2_20x0p75NA_535s50_g70_z1_256pix_basicFLIM_120f_0001,5,True,glu,65536,64661,65229,65536,2301,65536,2060,3.1,20260501_KPC_fixed_dishes_on_SLIM::batch1\fitet-sf-3component-b5::3_KPCWT0430glu10min_740nm_3024mW_u1_poc0p2_20x0p75NA_535s50_g70_z1_256pix_basicFLIM_120f_0001
3_KPCWT0430glu10min_740nm_3024mW_u1_poc0p2_20x0p75NA_535s50_g70_z1_256pix_basicFLIM_120f_0002.sdt,20260501_KPC_fixed_dishes_on_SLIM,batch1\fitet-sf-3component-b5,3_KPCWT0430glu10min_740nm_3024mW_u1_poc0p2_20x0p75NA_535s50_g70_z1_256pix_basicFLIM_120f_0002,5,True,glu,65536,62245,65148,65536,3217,65536,2496,3.8,20260501_KPC_fixed_dishes_on_SLIM::batch1\fitet-sf-3component-b5::3_KPCWT0430glu10min_740nm_3024mW_u1_poc0p2_20x0p75NA_535s50_g70_z1_256pix_basicFLIM_120f_0002
3_KPCWT0430glu10min_740nm_3024mW_u1_poc0p2_20x0p75NA_535s50_g70_z1_256pix_basicFLIM_120f_0003.sdt,20260501_KPC_fixed_dishes_on_SLIM,batch1\fitet-sf-3component-b5,3_KPCWT0430glu10min_740nm_3024mW_u1_poc0p2_20x0p75NA_535s50_g70_z1_256pix_basicFLIM_120f_0003,5,True,glu,65536,55008,64813,65536,5600,65536,3552,5.4,20260501_KPC_fixed_dishes_on_SLIM::batch1\fitet-sf-3component-b5::3_KPCWT0430glu10min_740nm_3024mW_u1_poc0p2_20x0p75NA_535s50_g70_z1_256pix_basicFLIM_120f_0003
3_KPCWT0430glu10min_740nm_3024mW_u1_poc0p2_20x0p75NA_535s50_g70_z1_256pix_basicFLIM_120f_0004.sdt,20260501_KPC_fixed_dishes_on_SLIM,batch1\fitet-sf-3component-b5,3_KPCWT0430glu10min_740nm_3024mW_u1_poc0p2_20x0p75NA_535s50_g70_z1_256pix_basicFLIM_120f_0004,5,True,glu,65536,64577,65259,65536,1914,65536,1630,2.5,20260501_KPC_fixed_dishes_on_SLIM::batch1\fitet-sf-3component-b5::3_KPCWT0430glu10min_740nm_3024mW_u1_poc0p2_20x0p75NA_535s50_g70_z1_256pix_basicFLIM_120f_0004
3_KPCWT0430glu10min_740nm_3024mW_u1_poc0p2_20x0p75NA_535s50_g70_z1_256pix_basicFLIM_120f_0005.sdt,20260501_KPC_fixed_dishes_on_SLIM,batch1\fitet-sf-3component-b5,3_KPCWT0430glu10min_740nm_3024mW_u1_poc0p2_20x0p75NA_535s50_g70_z1_256pix_basicFLIM_120f_0005,5,True,glu,65536,17643,63672,65536,17603,65536,1300,2.0,20260501_KPC_fixed_dishes_on_SLIM::batch1\fitet-sf-3component-b5::3_KPCWT0430glu10min_740nm_3024mW_u1_poc0p2_20x0p75NA_535s50_g70_z1_256pix_basicFLIM_120f_0005
3_KPCWT0430glu10min_740nm_3024mW_u1_poc0p2_20x0p75NA_535s50_g70_z1_256pix_basicFLIM_120f_0006.sdt,20260501_KPC_fixed_dishes_on_SLIM,batch1\fitet-sf-3component-b5,3_KPCWT0430glu10min_740nm_3024mW_u1_poc0p2_20x0p75NA_535s50_g70_z1_256pix_basicFLIM_120f_0006,5,True,glu,65536,29729,63975,65536,11495,65536,1870,2.9,20260501_KPC_fixed_dishes_on_SLIM::batch1\fitet-sf-3component-b5::3_KPCWT0430glu10min_740nm_3024mW_u1_poc0p2_20x0p75NA_535s50_g70_z1_256pix_basicFLIM_120f_0006
3_KPCWT0430glu10min_740nm_3024mW_u1_poc0p2_20x0p75NA_535s50_g70_z1_256pix_basicFLIM_120f_0007.sdt,20260501_KPC_fixed_dishes_on_SLIM,batch1\fitet-sf-3component-b5,3_KPCWT0430glu10min_740nm_3024mW_u1_poc0p2_20x0p75NA_535s50_g70_z1_256pix_basicFLIM_120f_0007,5,True,glu,65536,29945,63785,65536,13383,65536,2878,4.4,20260501_KPC_fixed_dishes_on_SLIM::batch1\fitet-sf-3component-b5::3_KPCWT0430glu10min_740nm_3024mW_u1_poc0p2_20x0p75NA_535s50_g70_z1_256pix_basicFLIM_120f_0007
3_KPCWT0430glu10min_740nm_3024mW_u1_poc0p2_20x0p75NA_535s50_g70_z1_256pix_basicFLIM_120f_0008.sdt,20260501_KPC_fixed_dishes_on_SLIM,batch1\fitet-sf-3component-b5,3_KPCWT0430glu10min_740nm_3024mW_u1_poc0p2_20x0p75NA_535s50_g70_z1_256pix_basicFLIM_120f_0008,5,True,glu,65536,63638,65164,65536,2213,65536,1971,3.0,20260501_KPC_fixed_dishes_on_SLIM::batch1\fitet-sf-3component-b5::3_KPCWT0430glu10min_740nm_3024mW_u1_poc0p2_20x0p75NA_535s50_g70_z1_256pix_basicFLIM_120f_0008
3_KPCWT0430glu10min_740nm_3024mW_u1_poc0p2_20x0p75NA_535s50_g70_z1_256pix_basicFLIM_120f_0009.sdt,20260501_KPC_fixed_dishes_on_SLIM,batch1\fitet-sf-3component-b5,3_KPCWT0430glu10min_740nm_3024mW_u1_poc0p2_20x0p75NA_535s50_g70_z1_256pix_basicFLIM_120f_0009,5,True,glu,65536,57571,64701,65536,4879,65536,2777,4.2,20260501_KPC_fixed_dishes_on_SLIM::batch1\fitet-sf-3component-b5::3_KPCWT0430glu10min_740nm_3024mW_u1_poc0p2_20x0p75NA_535s50_g70_z1_256pix_basicFLIM_120f_0009
4_BKO0430glu10min_740nm_3024mW_u1_poc0p2_20x0p75NA_535s50_g70_z1_256pix_basicFLIM_40f_0000.sdt,20260501_KPC_fixed_dishes_on_SLIM,batch1\fitet-sf-3component-b5,4_BKO0430glu10min_740nm_3024mW_u1_poc0p2_20x0p75NA_535s50_g70_z1_256pix_basicFLIM_40f_0000,5,True,glu,65536,4545,62508,65536,16694,65536,883,1.3,20260501_KPC_fixed_dishes_on_SLIM::batch1\fitet-sf-3component-b5::4_BKO0430glu10min_740nm_3024mW_u1_poc0p2_20x0p75NA_535s50_g70_z1_256pix_basicFLIM_40f_0000
4_BKO0430glu10min_740nm_3024mW_u1_poc0p2_20x0p75NA_535s50_g70_z1_256pix_basicFLIM_40f_0001.sdt,20260501_KPC_fixed_dishes_on_SLIM,batch1\fitet-sf-3component-b5,4_BKO0430glu10min_740nm_3024mW_u1_poc0p2_20x0p75NA_535s50_g70_z1_256pix_basicFLIM_40f_0001,5,True,glu,65536,172,62456,65536,16513,65536,3,0.0,20260501_KPC_fixed_dishes_on_SLIM::batch1\fitet-sf-3component-b5::4_BKO0430glu10min_740nm_3024mW_u1_poc0p2_20x0p75NA_535s50_g70_z1_256pix_basicFLIM_40f_0001
4_BKO0430glu10min_740nm_3024mW_u1_poc0p2_20x0p75NA_535s50_g70_z1_256pix_basicFLIM_40f_0002.sdt,20260501_KPC_fixed_dishes_on_SLIM,batch1\fitet-sf-3component-b5,4_BKO0430glu10min_740nm_3024mW_u1_poc0p2_20x0p75NA_535s50_g70_z1_256pix_basicFLIM_40f_0002,5,True,glu,65536,50,61645,65536,20973,65536,0,0.0,20260501_KPC_fixed_dishes_on_SLIM::batch1\fitet-sf-3component-b5::4_BKO0430glu10min_740nm_3024mW_u1_poc0p2_20x0p75NA_535s50_g70_z1_256pix_basicFLIM_40f_0002
4_BKO0430glu10min_740nm_3024mW_u1_poc0p2_20x0p75NA_535s50_g70_z1_256pix_basicFLIM_40f_0003.sdt,20260501_KPC_fixed_dishes_on_SLIM,batch1\fitet-sf-3component-b5,4_BKO0430glu10min_740nm_3024mW_u1_poc0p2_20x0p75NA_535s50_g70_z1_256pix_basicFLIM_40f_0003,5,True,glu,65536,30,62467,65536,18205,65536,0,0.0,20260501_KPC_fixed_dishes_on_SLIM::batch1\fitet-sf-3component-b5::4_BKO0430glu10min_740nm_3024mW_u1_poc0p2_20x0p75NA_535s50_g70_z1_256pix_basicFLIM_40f_0003
4_BKO0430glu10min_740nm_3024mW_u1_poc0p2_20x0p75NA_535s50_g70_z1_256pix_basicFLIM_40f_0004.sdt,20260501_KPC_fixed_dishes_on_SLIM,batch1\fitet-sf-3component-b5,4_BKO0430glu10min_740nm_3024mW_u1_poc0p2_20x0p75NA_535s50_g70_z1_256pix_basicFLIM_40f_0004,5,True,glu,65536,0,62395,65536,20501,65536,0,0.0,20260501_KPC_fixed_dishes_on_SLIM::batch1\fitet-sf-3component-b5::4_BKO0430glu10min_740nm_3024mW_u1_poc0p2_20x0p75NA_535s50_g70_z1_256pix_basicFLIM_40f_0004
4_BKO0430glu10min_740nm_3024mW_u1_poc0p2_20x0p75NA_535s50_g70_z1_256pix_basicFLIM_40f_0005.sdt,20260501_KPC_fixed_dishes_on_SLIM,batch1\fitet-sf-3component-b5,4_BKO0430glu10min_740nm_3024mW_u1_poc0p2_20x0p75NA_535s50_g70_z1_256pix_basicFLIM_40f_0005,5,True,glu,65536,5239,50615,57902,21989,65536,610,0.9,20260501_KPC_fixed_dishes_on_SLIM::batch1\fitet-sf-3component-b5::4_BKO0430glu10min_740nm_3024mW_u1_poc0p2_20x0p75NA_535s50_g70_z1_256pix_basicFLIM_40f_0005
4_BKO0430glu10min_740nm_3024mW_u1_poc0p2_20x0p75NA_535s50_g70_z1_256pix_basicFLIM_40f_0006.sdt,20260501_KPC_fixed_dishes_on_SLIM,batch1\fitet-sf-3component-b5,4_BKO0430glu10min_740nm_3024mW_u1_poc0p2_20x0p75NA_535s50_g70_z1_256pix_basicFLIM_40f_0006,5,True,glu,65536,5154,62992,65535,15205,65536,1253,1.9,20260501_KPC_fixed_dishes_on_SLIM::batch1\fitet-sf-3component-b5::4_BKO0430glu10min_740nm_3024mW_u1_poc0p2_20x0p75NA_535s50_g70_z1_256pix_basicFLIM_40f_0006
4_BKO0430glu10min_740nm_3024mW_u1_poc0p2_20x0p75NA_535s50_g70_z1_256pix_basicFLIM_40f_0007.sdt,20260501_KPC_fixed_dishes_on_SLIM,batch1\fitet-sf-3component-b5,4_BKO0430glu10min_740nm_3024mW_u1_poc0p2_20x0p75NA_535s50_g70_z1_256pix_basicFLIM_40f_0007,5,True,glu,65536,0,62194,65536,19081,65536,0,0.0,20260501_KPC_fixed_dishes_on_SLIM::batch1\fitet-sf-3component-b5::4_BKO0430glu10min_740nm_3024mW_u1_poc0p2_20x0p75NA_535s50_g70_z1_256pix_basicFLIM_40f_0007
4_BKO0430glu10min_740nm_3024mW_u1_poc0p2_20x0p75NA_535s50_g70_z1_256pix_basicFLIM_40f_0008.sdt,20260501_KPC_fixed_dishes_on_SLIM,batch1\fitet-sf-3component-b5,4_BKO0430glu10min_740nm_3024mW_u1_poc0p2_20x0p75NA_535s50_g70_z1_256pix_basicFLIM_40f_0008,5,True,glu,65536,0,61751,65536,20122,65536,0,0.0,20260501_KPC_fixed_dishes_on_SLIM::batch1\fitet-sf-3component-b5::4_BKO0430glu10min_740nm_3024mW_u1_poc0p2_20x0p75NA_535s50_g70_z1_256pix_basicFLIM_40f_0008
4_BKO0430glu10min_740nm_3024mW_u1_poc0p2_20x0p75NA_535s50_g70_z1_256pix_basicFLIM_40f_0009.sdt,20260501_KPC_fixed_dishes_on_SLIM,batch1\fitet-sf-3component-b5,4_BKO0430glu10min_740nm_3024mW_u1_poc0p2_20x0p75NA_535s50_g70_z1_256pix_basicFLIM_40f_0009,5,True,glu,65536,67,62738,65536,16334,65536,15,0.0,20260501_KPC_fixed_dishes_on_SLIM::batch1\fitet-sf-3component-b5::4_BKO0430glu10min_740nm_3024mW_u1_poc0p2_20x0p75NA_535s50_g70_z1_256pix_basicFLIM_40f_0009
4_BKO0430glu10min_740nm_3024mW_u1_poc0p2_20x0p75NA_535s50_g70_z1_256pix_basicFLIM_60f_0000.sdt,20260501_KPC_fixed_dishes_on_SLIM,batch1\fitet-sf-3component-b5,4_BKO0430glu10min_740nm_3024mW_u1_poc0p2_20x0p75NA_535s50_g70_z1_256pix_basicFLIM_60f_0000,5,True,glu,65536,32137,63935,65536,10121,65536,4027,6.1,20260501_KPC_fixed_dishes_on_SLIM::batch1\fitet-sf-3component-b5::4_BKO0430glu10min_740nm_3024mW_u1_poc0p2_20x0p75NA_535s50_g70_z1_256pix_basicFLIM_60f_0000
4_BKO0430glu10min_740nm_3024mW_u1_poc0p2_20x0p75NA_535s50_g70_z1_256pix_basicFLIM_60f_0001.sdt,20260501_KPC_fixed_dishes_on_SLIM,batch1\fitet-sf-3component-b5,4_BKO0430glu10min_740nm_3024mW_u1_poc0p2_20x0p75NA_535s50_g70_z1_256pix_basicFLIM_60f_0001,5,True,glu,65536,31165,63903,65536,12263,65536,3639,5.6,20260501_KPC_fixed_dishes_on_SLIM::batch1\fitet-sf-3component-b5::4_BKO0430glu10min_740nm_3024mW_u1_poc0p2_20x0p75NA_535s50_g70_z1_256pix_basicFLIM_60f_0001
4_BKO0430glu10min_740nm_3024mW_u1_poc0p2_20x0p75NA_535s50_g70_z1_256pix_basicFLIM_60f_0002.sdt,20260501_KPC_fixed_dishes_on_SLIM,batch1\fitet-sf-3component-b5,4_BKO0430glu10min_740nm_3024mW_u1_poc0p2_20x0p75NA_535s50_g70_z1_256pix_basicFLIM_60f_0002,5,True,glu,65536,9422,63029,65536,17018,65536,1601,2.4,20260501_KPC_fixed_dishes_on_SLIM::batch1\fitet-sf-3component-b5::4_BKO0430glu10min_740nm_3024mW_u1_poc0p2_20x0p75NA_535s50_g70_z1_256pix_basicFLIM_60f_0002
4_BKO0430glu10min_740nm_3024mW_u1_poc0p2_20x0p75NA_535s50_g70_z1_256pix_basicFLIM_60f_0003.sdt,20260501_KPC_fixed_dishes_on_SLIM,batch1\fitet-sf-3component-b5,4_BKO0430glu10min_740nm_3024mW_u1_poc0p2_20x0p75NA_535s50_g70_z1_256pix_basicFLIM_60f_0003,5,True,glu,65536,14318,63505,65536,12456,65536,1801,2.7,20260501_KPC_fixed_dishes_on_SLIM::batch1\fitet-sf-3component-b5::4_BKO0430glu10min_740nm_3024mW_u1_poc0p2_20x0p75NA_535s50_g70_z1_256pix_basicFLIM_60f_0003
4_BKO0430glu10min_740nm_3024mW_u1_poc0p2_20x0p75NA_535s50_g70_z1_256pix_basicFLIM_60f_0004.sdt,20260501_KPC_fixed_dishes_on_SLIM,batch1\fitet-sf-3component-b5,4_BKO0430glu10min_740nm_3024mW_u1_poc0p2_20x0p75NA_535s50_g70_z1_256pix_basicFLIM_60f_0004,5,True,glu,65536,1421,63033,65536,13737,65536,256,0.4,20260501_KPC_fixed_dishes_on_SLIM::batch1\fitet-sf-3component-b5::4_BKO0430glu10min_740nm_3024mW_u1_poc0p2_20x0p75NA_535s50_g70_z1_256pix_basicFLIM_60f_0004
4_BKO0430glu10min_740nm_3024mW_u1_poc0p2_20x0p75NA_535s50_g70_z1_256pix_basicFLIM_60f_0005.sdt,20260501_KPC_fixed_dishes_on_SLIM,batch1\fitet-sf-3component-b5,4_BKO0430glu10min_740nm_3024mW_u1_poc0p2_20x0p75NA_535s50_g70_z1_256pix_basicFLIM_60f_0005,5,True,glu,65536,9664,52835,58276,20000,65536,901,1.4,20260501_KPC_fixed_dishes_on_SLIM::batch1\fitet-sf-3component-b5::4_BKO0430glu10min_740nm_3024mW_u1_poc0p2_20x0p75NA_535s50_g70_z1_256pix_basicFLIM_60f_0005
4_BKO0430glu10min_740nm_3024mW_u1_poc0p2_20x0p75NA_535s50_g70_z1_256pix_basicFLIM_60f_0006.sdt,20260501_KPC_fixed_dishes_on_SLIM,batch1\fitet-sf-3component-b5,4_BKO0430glu10min_740nm_3024mW_u1_poc0p2_20x0p75NA_535s50_g70_z1_256pix_basicFLIM_60f_0006,5,True,glu,65536,36538,64082,65536,10267,65536,4127,6.3,20260501_KPC_fixed_dishes_on_SLIM::batch1\fitet-sf-3component-b5::4_BKO0430glu10min_740nm_3024mW_u1_poc0p2_20x0p75NA_535s50_g70_z1_256pix_basicFLIM_60f_0006
4_BKO0430glu10min_740nm_3024mW_u1_poc0p2_20x0p75NA_535s50_g70_z1_256pix_basicFLIM_60f_0007.sdt,20260501_KPC_fixed_dishes_on_SLIM,batch1\fitet-sf-3component-b5,4_BKO0430glu10min_740nm_3024mW_u1_poc0p2_20x0p75NA_535s50_g70_z1_256pix_basicFLIM_60f_0007,5,True,glu,65536,11259,63217,65536,16018,65536,2078,3.2,20260501_KPC_fixed_dishes_on_SLIM::batch1\fitet-sf-3component-b5::4_BKO0430glu10min_740nm_3024mW_u1_poc0p2_20x0p75NA_535s50_g70_z1_256pix_basicFLIM_60f_0007
4_BKO0430glu10min_740nm_3024mW_u1_poc0p2_20x0p75NA_535s50_g70_z1_256pix_basicFLIM_60f_0008.sdt,20260501_KPC_fixed_dishes_on_SLIM,batch1\fitet-sf-3component-b5,4_BKO0430glu10min_740nm_3024mW_u1_poc0p2_20x0p75NA_535s50_g70_z1_256pix_basicFLIM_60f_0008,5,True,glu,65536,11494,62866,65536,14505,65536,1384,2.1,20260501_KPC_fixed_dishes_on_SLIM::batch1\fitet-sf-3component-b5::4_BKO0430glu10min_740nm_3024mW_u1_poc0p2_20x0p75NA_535s50_g70_z1_256pix_basicFLIM_60f_0008
4_BKO0430glu10min_740nm_3024mW_u1_poc0p2_20x0p75NA_535s50_g70_z1_256pix_basicFLIM_60f_0009.sdt,20260501_KPC_fixed_dishes_on_SLIM,batch1\fitet-sf-3component-b5,4_BKO0430glu10min_740nm_3024mW_u1_poc0p2_20x0p75NA_535s50_g70_z1_256pix_basicFLIM_60f_0009,5,True,glu,65536,26958,63985,65536,9943,65536,2902,4.4,20260501_KPC_fixed_dishes_on_SLIM::batch1\fitet-sf-3component-b5::4_BKO0430glu10min_740nm_3024mW_u1_poc0p2_20x0p75NA_535s50_g70_z1_256pix_basicFLIM_60f_0009
4_BKO0430glu10min_740nm_3038mW_u1_poc0p2_20x0p75NA_457s50_g70_z1_256pix_basicFLIM_100f_0000.sdt,20260501_KPC_fixed_dishes_on_SLIM,batch1\fitet-sf-3component-b5,4_BKO0430glu10min_740nm_3038mW_u1_poc0p2_20x0p75NA_457s50_g70_z1_256pix_basicFLIM_100f_0000,5,True,glu,65536,34762,64452,65536,6762,65536,2434,3.7,20260501_KPC_fixed_dishes_on_SLIM::batch1\fitet-sf-3component-b5::4_BKO0430glu10min_740nm_3038mW_u1_poc0p2_20x0p75NA_457s50_g70_z1_256pix_basicFLIM_100f_0000
4_BKO0430glu10min_740nm_3038mW_u1_poc0p2_20x0p75NA_457s50_g70_z1_256pix_basicFLIM_100f_0001.sdt,20260501_KPC_fixed_dishes_on_SLIM,batch1\fitet-sf-3component-b5,4_BKO0430glu10min_740nm_3038mW_u1_poc0p2_20x0p75NA_457s50_g70_z1_256pix_basicFLIM_100f_0001,5,True,glu,65536,24560,64278,65536,7988,65536,1467,2.2,20260501_KPC_fixed_dishes_on_SLIM::batch1\fitet-sf-3component-b5::4_BKO0430glu10min_740nm_3038mW_u1_poc0p2_20x0p75NA_457s50_g70_z1_256pix_basicFLIM_100f_0001
4_BKO0430glu10min_740nm_3038mW_u1_poc0p2_20x0p75NA_457s50_g70_z1_256pix_basicFLIM_100f_0002.sdt,20260501_KPC_fixed_dishes_on_SLIM,batch1\fitet-sf-3component-b5,4_BKO0430glu10min_740nm_3038mW_u1_poc0p2_20x0p75NA_457s50_g70_z1_256pix_basicFLIM_100f_0002,5,True,glu,65536,9574,63563,65536,11530,65536,387,0.6,20260501_KPC_fixed_dishes_on_SLIM::batch1\fitet-sf-3component-b5::4_BKO0430glu10min_740nm_3038mW_u1_poc0p2_20x0p75NA_457s50_g70_z1_256pix_basicFLIM_100f_0002
4_BKO0430glu10min_740nm_3038mW_u1_poc0p2_20x0p75NA_457s50_g70_z1_256pix_basicFLIM_100f_0003.sdt,20260501_KPC_fixed_dishes_on_SLIM,batch1\fitet-sf-3component-b5,4_BKO0430glu10min_740nm_3038mW_u1_poc0p2_20x0p75NA_457s50_g70_z1_256pix_basicFLIM_100f_0003,5,True,glu,65536,24164,64288,65536,8445,65536,1943,3.0,20260501_KPC_fixed_dishes_on_SLIM::batch1\fitet-sf-3component-b5::4_BKO0430glu10min_740nm_3038mW_u1_poc0p2_20x0p75NA_457s50_g70_z1_256pix_basicFLIM_100f_0003
4_BKO0430glu10min_740nm_3038mW_u1_poc0p2_20x0p75NA_457s50_g70_z1_256pix_basicFLIM_100f_0004.sdt,20260501_KPC_fixed_dishes_on_SLIM,batch1\fitet-sf-3component-b5,4_BKO0430glu10min_740nm_3038mW_u1_poc0p2_20x0p75NA_457s50_g70_z1_256pix_basicFLIM_100f_0004,5,True,glu,65536,6924,64123,65536,10504,65536,491,0.7,20260501_KPC_fixed_dishes_on_SLIM::batch1\fitet-sf-3component-b5::4_BKO0430glu10min_740nm_3038mW_u1_poc0p2_20x0p75NA_457s50_g70_z1_256pix_basicFLIM_100f_0004
4_BKO0430glu10min_740nm_3038mW_u1_poc0p2_20x0p75NA_457s50_g70_z1_256pix_basicFLIM_100f_0005.sdt,20260501_KPC_fixed_dishes_on_SLIM,batch1\fitet-sf-3component-b5,4_BKO0430glu10min_740nm_3038mW_u1_poc0p2_20x0p75NA_457s50_g70_z1_256pix_basicFLIM_100f_0005,5,True,glu,65536,11682,55088,58943,15806,65536,345,0.5,20260501_KPC_fixed_dishes_on_SLIM::batch1\fitet-sf-3component-b5::4_BKO0430glu10min_740nm_3038mW_u1_poc0p2_20x0p75NA_457s50_g70_z1_256pix_basicFLIM_100f_0005
4_BKO0430glu10min_740nm_3038mW_u1_poc0p2_20x0p75NA_457s50_g70_z1_256pix_basicFLIM_100f_0006.sdt,20260501_KPC_fixed_dishes_on_SLIM,batch1\fitet-sf-3component-b5,4_BKO0430glu10min_740nm_3038mW_u1_poc0p2_20x0p75NA_457s50_g70_z1_256pix_basicFLIM_100f_0006,5,True,glu,65536,44281,64640,65536,5521,65536,2826,4.3,20260501_KPC_fixed_dishes_on_SLIM::batch1\fitet-sf-3component-b5::4_BKO0430glu10min_740nm_3038mW_u1_poc0p2_20x0p75NA_457s50_g70_z1_256pix_basicFLIM_100f_0006
4_BKO0430glu10min_740nm_3038mW_u1_poc0p2_20x0p75NA_457s50_g70_z1_256pix_basicFLIM_100f_0007.sdt,20260501_KPC_fixed_dishes_on_SLIM,batch1\fitet-sf-3component-b5,4_BKO0430glu10min_740nm_3038mW_u1_poc0p2_20x0p75NA_457s50_g70_z1_256pix_basicFLIM_100f_0007,5,True,glu,65536,11709,63961,65536,10784,65536,1114,1.7,20260501_KPC_fixed_dishes_on_SLIM::batch1\fitet-sf-3component-b5::4_BKO0430glu10min_740nm_3038mW_u1_poc0p2_20x0p75NA_457s50_g70_z1_256pix_basicFLIM_100f_0007
4_BKO0430glu10min_740nm_3038mW_u1_poc0p2_20x0p75NA_457s50_g70_z1_256pix_basicFLIM_100f_0008.sdt,20260501_KPC_fixed_dishes_on_SLIM,batch1\fitet-sf-3component-b5,4_BKO0430glu10min_740nm_3038mW_u1_poc0p2_20x0p75NA_457s50_g70_z1_256pix_basicFLIM_100f_0008,5,True,glu,65536,12961,63483,65536,11270,65536,673,1.0,20260501_KPC_fixed_dishes_on_SLIM::batch1\fitet-sf-3component-b5::4_BKO0430glu10min_740nm_3038mW_u1_poc0p2_20x0p75NA_457s50_g70_z1_256pix_basicFLIM_100f_0008
4_BKO0430glu10min_740nm_3038mW_u1_poc0p2_20x0p75NA_457s50_g70_z1_256pix_basicFLIM_100f_0009.sdt,20260501_KPC_fixed_dishes_on_SLIM,batch1\fitet-sf-3component-b5,4_BKO0430glu10min_740nm_3038mW_u1_poc0p2_20x0p75NA_457s50_g70_z1_256pix_basicFLIM_100f_0009,5,True,glu,65536,33795,64306,65536,6633,65536,2582,3.9,20260501_KPC_fixed_dishes_on_SLIM::batch1\fitet-sf-3component-b5::4_BKO0430glu10min_740nm_3038mW_u1_poc0p2_20x0p75NA_457s50_g70_z1_256pix_basicFLIM_100f_0009
3_KPCWT0430glu10min_740nm_3024mW_u1_poc0p15_20x0p75NA_457s50_g70_z1_256pix_basicFLIM_90f_0000.sdt,20260501_KPC_fixed_dishes_on_SLIM,batch1\fitet-sz-1component-b5,3_KPCWT0430glu10min_740nm_3024mW_u1_poc0p15_20x0p75NA_457s50_g70_z1_256pix_basicFLIM_90f_0000,5,False,glu,65536,58246,2243,65479,0,65536,0,0.0,20260501_KPC_fixed_dishes_on_SLIM::batch1\fitet-sz-1component-b5::3_KPCWT0430glu10min_740nm_3024mW_u1_poc0p15_20x0p75NA_457s50_g70_z1_256pix_basicFLIM_90f_0000
3_KPCWT0430glu10min_740nm_3024mW_u1_poc0p2_20x0p75NA_457s50_g70_z1_256pix_basicFLIM_120f_0000.sdt,20260501_KPC_fixed_dishes_on_SLIM,batch1\fitet-sz-1component-b5,3_KPCWT0430glu10min_740nm_3024mW_u1_poc0p2_20x0p75NA_457s50_g70_z1_256pix_basicFLIM_120f_0000,5,False,glu,65536,65536,30,65536,0,65536,0,0.0,20260501_KPC_fixed_dishes_on_SLIM::batch1\fitet-sz-1component-b5::3_KPCWT0430glu10min_740nm_3024mW_u1_poc0p2_20x0p75NA_457s50_g70_z1_256pix_basicFLIM_120f_0000
3_KPCWT0430glu10min_740nm_3024mW_u1_poc0p2_20x0p75NA_457s50_g70_z1_256pix_basicFLIM_120f_0001.sdt,20260501_KPC_fixed_dishes_on_SLIM,batch1\fitet-sz-1component-b5,3_KPCWT0430glu10min_740nm_3024mW_u1_poc0p2_20x0p75NA_457s50_g70_z1_256pix_basicFLIM_120f_0001,5,False,glu,65536,65536,1,65536,0,65536,0,0.0,20260501_KPC_fixed_dishes_on_SLIM::batch1\fitet-sz-1component-b5::3_KPCWT0430glu10min_740nm_3024mW_u1_poc0p2_20x0p75NA_457s50_g70_z1_256pix_basicFLIM_120f_0001
3_KPCWT0430glu10min_740nm_3024mW_u1_poc0p2_20x0p75NA_457s50_g70_z1_256pix_basicFLIM_120f_0002.sdt,20260501_KPC_fixed_dishes_on_SLIM,batch1\fitet-sz-1component-b5,3_KPCWT0430glu10min_740nm_3024mW_u1_poc0p2_20x0p75NA_457s50_g70_z1_256pix_basicFLIM_120f_0002,5,False,glu,65536,65536,1,65536,0,65536,0,0.0,20260501_KPC_fixed_dishes_on_SLIM::batch1\fitet-sz-1component-b5::3_KPCWT0430glu10min_740nm_3024mW_u1_poc0p2_20x0p75NA_457s50_g70_z1_256pix_basicFLIM_120f_0002
3_KPCWT0430glu10min_740nm_3024mW_u1_poc0p2_20x0p75NA_457s50_g70_z1_256pix_basicFLIM_120f_0003.sdt,20260501_KPC_fixed_dishes_on_SLIM,batch1\fitet-sz-1component-b5,3_KPCWT0430glu10min_740nm_3024mW_u1_poc0p2_20x0p75NA_457s50_g70_z1_256pix_basicFLIM_120f_0003,5,False,glu,65536,65536,1,65536,0,65536,0,0.0,20260501_KPC_fixed_dishes_on_SLIM::batch1\fitet-sz-1component-b5::3_KPCWT0430glu10min_740nm_3024mW_u1_poc0p2_20x0p75NA_457s50_g70_z1_256pix_basicFLIM_120f_0003
3_KPCWT0430glu10min_740nm_3024mW_u1_poc0p2_20x0p75NA_457s50_g70_z1_256pix_basicFLIM_120f_0004.sdt,20260501_KPC_fixed_dishes_on_SLIM,batch1\fitet-sz-1component-b5,3_KPCWT0430glu10min_740nm_3024mW_u1_poc0p2_20x0p75NA_457s50_g70_z1_256pix_basicFLIM_120f_0004,5,False,glu,65536,65536,1,65536,0,65536,0,0.0,20260501_KPC_fixed_dishes_on_SLIM::batch1\fitet-sz-1component-b5::3_KPCWT0430glu10min_740nm_3024mW_u1_poc0p2_20x0p75NA_457s50_g70_z1_256pix_basicFLIM_120f_0004
3_KPCWT0430glu10min_740nm_3024mW_u1_poc0p2_20x0p75NA_457s50_g70_z1_256pix_basicFLIM_120f_0005.sdt,20260501_KPC_fixed_dishes_on_SLIM,batch1\fitet-sz-1component-b5,3_KPCWT0430glu10min_740nm_3024mW_u1_poc0p2_20x0p75NA_457s50_g70_z1_256pix_basicFLIM_120f_0005,5,False,glu,65536,65536,15,65536,0,65536,0,0.0,20260501_KPC_fixed_dishes_on_SLIM::batch1\fitet-sz-1component-b5::3_KPCWT0430glu10min_740nm_3024mW_u1_poc0p2_20x0p75NA_457s50_g70_z1_256pix_basicFLIM_120f_0005
3_KPCWT0430glu10min_740nm_3024mW_u1_poc0p2_20x0p75NA_457s50_g70_z1_256pix_basicFLIM_120f_0006.sdt,20260501_KPC_fixed_dishes_on_SLIM,batch1\fitet-sz-1component-b5,3_KPCWT0430glu10min_740nm_3024mW_u1_poc0p2_20x0p75NA_457s50_g70_z1_256pix_basicFLIM_120f_0006,5,False,glu,65536,65536,170,65536,0,65536,0,0.0,20260501_KPC_fixed_dishes_on_SLIM::batch1\fitet-sz-1component-b5::3_KPCWT0430glu10min_740nm_3024mW_u1_poc0p2_20x0p75NA_457s50_g70_z1_256pix_basicFLIM_120f_0006
3_KPCWT0430glu10min_740nm_3024mW_u1_poc0p2_20x0p75NA_457s50_g70_z1_256pix_basicFLIM_120f_0007.sdt,20260501_KPC_fixed_dishes_on_SLIM,batch1\fitet-sz-1component-b5,3_KPCWT0430glu10min_740nm_3024mW_u1_poc0p2_20x0p75NA_457s50_g70_z1_256pix_basicFLIM_120f_0007,5,False,glu,65536,65535,111,65536,0,65536,0,0.0,20260501_KPC_fixed_dishes_on_SLIM::batch1\fitet-sz-1component-b5::3_KPCWT0430glu10min_740nm_3024mW_u1_poc0p2_20x0p75NA_457s50_g70_z1_256pix_basicFLIM_120f_0007
3_KPCWT0430glu10min_740nm_3024mW_u1_poc0p2_20x0p75NA_457s50_g70_z1_256pix_basicFLIM_120f_0008.sdt,20260501_KPC_fixed_dishes_on_SLIM,batch1\fitet-sz-1component-b5,3_KPCWT0430glu10min_740nm_3024mW_u1_poc0p2_20x0p75NA_457s50_g70_z1_256pix_basicFLIM_120f_0008,5,False,glu,65536,65536,1,65536,0,65536,0,0.0,20260501_KPC_fixed_dishes_on_SLIM::batch1\fitet-sz-1component-b5::3_KPCWT0430glu10min_740nm_3024mW_u1_poc0p2_20x0p75NA_457s50_g70_z1_256pix_basicFLIM_120f_0008
3_KPCWT0430glu10min_740nm_3024mW_u1_poc0p2_20x0p75NA_457s50_g70_z1_256pix_basicFLIM_120f_0009.sdt,20260501_KPC_fixed_dishes_on_SLIM,batch1\fitet-sz-1component-b5,3_KPCWT0430glu10min_740nm_3024mW_u1_poc0p2_20x0p75NA_457s50_g70_z1_256pix_basicFLIM_120f_0009,5,False,glu,65536,65536,118,65536,0,65536,0,0.0,20260501_KPC_fixed_dishes_on_SLIM::batch1\fitet-sz-1component-b5::3_KPCWT0430glu10min_740nm_3024mW_u1_poc0p2_20x0p75NA_457s50_g70_z1_256pix_basicFLIM_120f_0009
3_KPCWT0430glu10min_740nm_3024mW_u1_poc0p2_20x0p75NA_535s50_g70_z1_256pix_basicFLIM_120f_0000.sdt,20260501_KPC_fixed_dishes_on_SLIM,batch1\fitet-sz-1component-b5,3_KPCWT0430glu10min_740nm_3024mW_u1_poc0p2_20x0p75NA_535s50_g70_z1_256pix_basicFLIM_120f_0000,5,False,glu,65536,65536,203,65536,0,65536,0,0.0,20260501_KPC_fixed_dishes_on_SLIM::batch1\fitet-sz-1component-b5::3_KPCWT0430glu10min_740nm_3024mW_u1_poc0p2_20x0p75NA_535s50_g70_z1_256pix_basicFLIM_120f_0000
3_KPCWT0430glu10min_740nm_3024mW_u1_poc0p2_20x0p75NA_535s50_g70_z1_256pix_basicFLIM_120f_0001.sdt,20260501_KPC_fixed_dishes_on_SLIM,batch1\fitet-sz-1component-b5,3_KPCWT0430glu10min_740nm_3024mW_u1_poc0p2_20x0p75NA_535s50_g70_z1_256pix_basicFLIM_120f_0001,5,False,glu,65536,65536,1,65536,0,65536,0,0.0,20260501_KPC_fixed_dishes_on_SLIM::batch1\fitet-sz-1component-b5::3_KPCWT0430glu10min_740nm_3024mW_u1_poc0p2_20x0p75NA_535s50_g70_z1_256pix_basicFLIM_120f_0001
3_KPCWT0430glu10min_740nm_3024mW_u1_poc0p2_20x0p75NA_535s50_g70_z1_256pix_basicFLIM_120f_0002.sdt,20260501_KPC_fixed_dishes_on_SLIM,batch1\fitet-sz-1component-b5,3_KPCWT0430glu10min_740nm_3024mW_u1_poc0p2_20x0p75NA_535s50_g70_z1_256pix_basicFLIM_120f_0002,5,False,glu,65536,65536,1,65536,0,65536,0,0.0,20260501_KPC_fixed_dishes_on_SLIM::batch1\fitet-sz-1component-b5::3_KPCWT0430glu10min_740nm_3024mW_u1_poc0p2_20x0p75NA_535s50_g70_z1_256pix_basicFLIM_120f_0002
3_KPCWT0430glu10min_740nm_3024mW_u1_poc0p2_20x0p75NA_535s50_g70_z1_256pix_basicFLIM_120f_0003.sdt,20260501_KPC_fixed_dishes_on_SLIM,batch1\fitet-sz-1component-b5,3_KPCWT0430glu10min_740nm_3024mW_u1_poc0p2_20x0p75NA_535s50_g70_z1_256pix_basicFLIM_120f_0003,5,False,glu,65536,65536,1,65536,0,65536,0,0.0,20260501_KPC_fixed_dishes_on_SLIM::batch1\fitet-sz-1component-b5::3_KPCWT0430glu10min_740nm_3024mW_u1_poc0p2_20x0p75NA_535s50_g70_z1_256pix_basicFLIM_120f_0003
3_KPCWT0430glu10min_740nm_3024mW_u1_poc0p2_20x0p75NA_535s50_g70_z1_256pix_basicFLIM_120f_0004.sdt,20260501_KPC_fixed_dishes_on_SLIM,batch1\fitet-sz-1component-b5,3_KPCWT0430glu10min_740nm_3024mW_u1_poc0p2_20x0p75NA_535s50_g70_z1_256pix_basicFLIM_120f_0004,5,False,glu,65536,65536,1,65536,0,65536,0,0.0,20260501_KPC_fixed_dishes_on_SLIM::batch1\fitet-sz-1component-b5::3_KPCWT0430glu10min_740nm_3024mW_u1_poc0p2_20x0p75NA_535s50_g70_z1_256pix_basicFLIM_120f_0004
3_KPCWT0430glu10min_740nm_3024mW_u1_poc0p2_20x0p75NA_535s50_g70_z1_256pix_basicFLIM_120f_0005.sdt,20260501_KPC_fixed_dishes_on_SLIM,batch1\fitet-sz-1component-b5,3_KPCWT0430glu10min_740nm_3024mW_u1_poc0p2_20x0p75NA_535s50_g70_z1_256pix_basicFLIM_120f_0005,5,False,glu,65536,65536,273,65536,0,65536,0,0.0,20260501_KPC_fixed_dishes_on_SLIM::batch1\fitet-sz-1component-b5::3_KPCWT0430glu10min_740nm_3024mW_u1_poc0p2_20x0p75NA_535s50_g70_z1_256pix_basicFLIM_120f_0005
3_KPCWT0430glu10min_740nm_3024mW_u1_poc0p2_20x0p75NA_535s50_g70_z1_256pix_basicFLIM_120f_0006.sdt,20260501_KPC_fixed_dishes_on_SLIM,batch1\fitet-sz-1component-b5,3_KPCWT0430glu10min_740nm_3024mW_u1_poc0p2_20x0p75NA_535s50_g70_z1_256pix_basicFLIM_120f_0006,5,False,glu,65536,65536,778,65536,0,65536,0,0.0,20260501_KPC_fixed_dishes_on_SLIM::batch1\fitet-sz-1component-b5::3_KPCWT0430glu10min_740nm_3024mW_u1_poc0p2_20x0p75NA_535s50_g70_z1_256pix_basicFLIM_120f_0006
3_KPCWT0430glu10min_740nm_3024mW_u1_poc0p2_20x0p75NA_535s50_g70_z1_256pix_basicFLIM_120f_0007.sdt,20260501_KPC_fixed_dishes_on_SLIM,batch1\fitet-sz-1component-b5,3_KPCWT0430glu10min_740nm_3024mW_u1_poc0p2_20x0p75NA_535s50_g70_z1_256pix_basicFLIM_120f_0007,5,False,glu,65536,65536,690,65536,1,65536,1,0.0,20260501_KPC_fixed_dishes_on_SLIM::batch1\fitet-sz-1component-b5::3_KPCWT0430glu10min_740nm_3024mW_u1_poc0p2_20x0p75NA_535s50_g70_z1_256pix_basicFLIM_120f_0007
3_KPCWT0430glu10min_740nm_3024mW_u1_poc0p2_20x0p75NA_535s50_g70_z1_256pix_basicFLIM_120f_0008.sdt,20260501_KPC_fixed_dishes_on_SLIM,batch1\fitet-sz-1component-b5,3_KPCWT0430glu10min_740nm_3024mW_u1_poc0p2_20x0p75NA_535s50_g70_z1_256pix_basicFLIM_120f_0008,5,False,glu,65536,65536,1,65536,0,65536,0,0.0,20260501_KPC_fixed_dishes_on_SLIM::batch1\fitet-sz-1component-b5::3_KPCWT0430glu10min_740nm_3024mW_u1_poc0p2_20x0p75NA_535s50_g70_z1_256pix_basicFLIM_120f_0008
3_KPCWT0430glu10min_740nm_3024mW_u1_poc0p2_20x0p75NA_535s50_g70_z1_256pix_basicFLIM_120f_0009.sdt,20260501_KPC_fixed_dishes_on_SLIM,batch1\fitet-sz-1component-b5,3_KPCWT0430glu10min_740nm_3024mW_u1_poc0p2_20x0p75NA_535s50_g70_z1_256pix_basicFLIM_120f_0009,5,False,glu,65536,65536,442,65536,0,65536,0,0.0,20260501_KPC_fixed_dishes_on_SLIM::batch1\fitet-sz-1component-b5::3_KPCWT0430glu10min_740nm_3024mW_u1_poc0p2_20x0p75NA_535s50_g70_z1_256pix_basicFLIM_120f_0009
4_BKO0430glu10min_740nm_3024mW_u1_poc0p2_20x0p75NA_535s50_g70_z1_256pix_basicFLIM_40f_0000.sdt,20260501_KPC_fixed_dishes_on_SLIM,batch1\fitet-sz-1component-b5,4_BKO0430glu10min_740nm_3024mW_u1_poc0p2_20x0p75NA_535s50_g70_z1_256pix_basicFLIM_40f_0000,5,False,glu,65536,65536,1,65536,1,65536,1,0.0,20260501_KPC_fixed_dishes_on_SLIM::batch1\fitet-sz-1component-b5::4_BKO0430glu10min_740nm_3024mW_u1_poc0p2_20x0p75NA_535s50_g70_z1_256pix_basicFLIM_40f_0000
4_BKO0430glu10min_740nm_3024mW_u1_poc0p2_20x0p75NA_535s50_g70_z1_256pix_basicFLIM_40f_0001.sdt,20260501_KPC_fixed_dishes_on_SLIM,batch1\fitet-sz-1component-b5,4_BKO0430glu10min_740nm_3024mW_u1_poc0p2_20x0p75NA_535s50_g70_z1_256pix_basicFLIM_40f_0001,5,False,glu,65536,65536,6,65536,0,65536,0,0.0,20260501_KPC_fixed_dishes_on_SLIM::batch1\fitet-sz-1component-b5::4_BKO0430glu10min_740nm_3024mW_u1_poc0p2_20x0p75NA_535s50_g70_z1_256pix_basicFLIM_40f_0001
4_BKO0430glu10min_740nm_3024mW_u1_poc0p2_20x0p75NA_535s50_g70_z1_256pix_basicFLIM_40f_0002.sdt,20260501_KPC_fixed_dishes_on_SLIM,batch1\fitet-sz-1component-b5,4_BKO0430glu10min_740nm_3024mW_u1_poc0p2_20x0p75NA_535s50_g70_z1_256pix_basicFLIM_40f_0002,5,False,glu,65536,65536,151,65536,0,65536,0,0.0,20260501_KPC_fixed_dishes_on_SLIM::batch1\fitet-sz-1component-b5::4_BKO0430glu10min_740nm_3024mW_u1_poc0p2_20x0p75NA_535s50_g70_z1_256pix_basicFLIM_40f_0002
4_BKO0430glu10min_740nm_3024mW_u1_poc0p2_20x0p75NA_535s50_g70_z1_256pix_basicFLIM_40f_0003.sdt,20260501_KPC_fixed_dishes_on_SLIM,batch1\fitet-sz-1component-b5,4_BKO0430glu10min_740nm_3024mW_u1_poc0p2_20x0p75NA_535s50_g70_z1_256pix_basicFLIM_40f_0003,5,False,glu,65536,65536,12,65536,0,65536,0,0.0,20260501_KPC_fixed_dishes_on_SLIM::batch1\fitet-sz-1component-b5::4_BKO0430glu10min_740nm_3024mW_u1_poc0p2_20x0p75NA_535s50_g70_z1_256pix_basicFLIM_40f_0003
4_BKO0430glu10min_740nm_3024mW_u1_poc0p2_20x0p75NA_535s50_g70_z1_256pix_basicFLIM_40f_0004.sdt,20260501_KPC_fixed_dishes_on_SLIM,batch1\fitet-sz-1component-b5,4_BKO0430glu10min_740nm_3024mW_u1_poc0p2_20x0p75NA_535s50_g70_z1_256pix_basicFLIM_40f_0004,5,False,glu,65536,65536,1,65536,1,65536,1,0.0,20260501_KPC_fixed_dishes_on_SLIM::batch1\fitet-sz-1component-b5::4_BKO0430glu10min_740nm_3024mW_u1_poc0p2_20x0p75NA_535s50_g70_z1_256pix_basicFLIM_40f_0004
4_BKO0430glu10min_740nm_3024mW_u1_poc0p2_20x0p75NA_535s50_g70_z1_256pix_basicFLIM_40f_0005.sdt,20260501_KPC_fixed_dishes_on_SLIM,batch1\fitet-sz-1component-b5,4_BKO0430glu10min_740nm_3024mW_u1_poc0p2_20x0p75NA_535s50_g70_z1_256pix_basicFLIM_40f_0005,5,False,glu,65536,40817,12065,58008,1,65536,1,0.0,20260501_KPC_fixed_dishes_on_SLIM::batch1\fitet-sz-1component-b5::4_BKO0430glu10min_740nm_3024mW_u1_poc0p2_20x0p75NA_535s50_g70_z1_256pix_basicFLIM_40f_0005
4_BKO0430glu10min_740nm_3024mW_u1_poc0p2_20x0p75NA_535s50_g70_z1_256pix_basicFLIM_40f_0006.sdt,20260501_KPC_fixed_dishes_on_SLIM,batch1\fitet-sz-1component-b5,4_BKO0430glu10min_740nm_3024mW_u1_poc0p2_20x0p75NA_535s50_g70_z1_256pix_basicFLIM_40f_0006,5,False,glu,65536,65536,51,65536,0,65536,0,0.0,20260501_KPC_fixed_dishes_on_SLIM::batch1\fitet-sz-1component-b5::4_BKO0430glu10min_740nm_3024mW_u1_poc0p2_20x0p75NA_535s50_g70_z1_256pix_basicFLIM_40f_0006
4_BKO0430glu10min_740nm_3024mW_u1_poc0p2_20x0p75NA_535s50_g70_z1_256pix_basicFLIM_40f_0007.sdt,20260501_KPC_fixed_dishes_on_SLIM,batch1\fitet-sz-1component-b5,4_BKO0430glu10min_740nm_3024mW_u1_poc0p2_20x0p75NA_535s50_g70_z1_256pix_basicFLIM_40f_0007,5,False,glu,65536,65536,0,65536,0,65536,0,0.0,20260501_KPC_fixed_dishes_on_SLIM::batch1\fitet-sz-1component-b5::4_BKO0430glu10min_740nm_3024mW_u1_poc0p2_20x0p75NA_535s50_g70_z1_256pix_basicFLIM_40f_0007
4_BKO0430glu10min_740nm_3024mW_u1_poc0p2_20x0p75NA_535s50_g70_z1_256pix_basicFLIM_40f_0008.sdt,20260501_KPC_fixed_dishes_on_SLIM,batch1\fitet-sz-1component-b5,4_BKO0430glu10min_740nm_3024mW_u1_poc0p2_20x0p75NA_535s50_g70_z1_256pix_basicFLIM_40f_0008,5,False,glu,65536,65536,12,65536,1,65536,1,0.0,20260501_KPC_fixed_dishes_on_SLIM::batch1\fitet-sz-1component-b5::4_BKO0430glu10min_740nm_3024mW_u1_poc0p2_20x0p75NA_535s50_g70_z1_256pix_basicFLIM_40f_0008
4_BKO0430glu10min_740nm_3024mW_u1_poc0p2_20x0p75NA_535s50_g70_z1_256pix_basicFLIM_40f_0009.sdt,20260501_KPC_fixed_dishes_on_SLIM,batch1\fitet-sz-1component-b5,4_BKO0430glu10min_740nm_3024mW_u1_poc0p2_20x0p75NA_535s50_g70_z1_256pix_basicFLIM_40f_0009,5,False,glu,65536,65536,1,65536,0,65536,0,0.0,20260501_KPC_fixed_dishes_on_SLIM::batch1\fitet-sz-1component-b5::4_BKO0430glu10min_740nm_3024mW_u1_poc0p2_20x0p75NA_535s50_g70_z1_256pix_basicFLIM_40f_0009
4_BKO0430glu10min_740nm_3024mW_u1_poc0p2_20x0p75NA_535s50_g70_z1_256pix_basicFLIM_60f_0000.sdt,20260501_KPC_fixed_dishes_on_SLIM,batch1\fitet-sz-1component-b5,4_BKO0430glu10min_740nm_3024mW_u1_poc0p2_20x0p75NA_535s50_g70_z1_256pix_basicFLIM_60f_0000,5,False,glu,65536,65536,1,65536,0,65536,0,0.0,20260501_KPC_fixed_dishes_on_SLIM::batch1\fitet-sz-1component-b5::4_BKO0430glu10min_740nm_3024mW_u1_poc0p2_20x0p75NA_535s50_g70_z1_256pix_basicFLIM_60f_0000
4_BKO0430glu10min_740nm_3024mW_u1_poc0p2_20x0p75NA_535s50_g70_z1_256pix_basicFLIM_60f_0001.sdt,20260501_KPC_fixed_dishes_on_SLIM,batch1\fitet-sz-1component-b5,4_BKO0430glu10min_740nm_3024mW_u1_poc0p2_20x0p75NA_535s50_g70_z1_256pix_basicFLIM_60f_0001,5,False,glu,65536,65536,1,65536,1,65536,1,0.0,20260501_KPC_fixed_dishes_on_SLIM::batch1\fitet-sz-1component-b5::4_BKO0430glu10min_740nm_3024mW_u1_poc0p2_20x0p75NA_535s50_g70_z1_256pix_basicFLIM_60f_0001
4_BKO0430glu10min_740nm_3024mW_u1_poc0p2_20x0p75NA_535s50_g70_z1_256pix_basicFLIM_60f_0002.sdt,20260501_KPC_fixed_dishes_on_SLIM,batch1\fitet-sz-1component-b5,4_BKO0430glu10min_740nm_3024mW_u1_poc0p2_20x0p75NA_535s50_g70_z1_256pix_basicFLIM_60f_0002,5,False,glu,65536,65536,5,65536,0,65536,0,0.0,20260501_KPC_fixed_dishes_on_SLIM::batch1\fitet-sz-1component-b5::4_BKO0430glu10min_740nm_3024mW_u1_poc0p2_20x0p75NA_535s50_g70_z1_256pix_basicFLIM_60f_0002
4_BKO0430glu10min_740nm_3024mW_u1_poc0p2_20x0p75NA_535s50_g70_z1_256pix_basicFLIM_60f_0003.sdt,20260501_KPC_fixed_dishes_on_SLIM,batch1\fitet-sz-1component-b5,4_BKO0430glu10min_740nm_3024mW_u1_poc0p2_20x0p75NA_535s50_g70_z1_256pix_basicFLIM_60f_0003,5,False,glu,65536,65536,1,65536,0,65536,0,0.0,20260501_KPC_fixed_dishes_on_SLIM::batch1\fitet-sz-1component-b5::4_BKO0430glu10min_740nm_3024mW_u1_poc0p2_20x0p75NA_535s50_g70_z1_256pix_basicFLIM_60f_0003
4_BKO0430glu10min_740nm_3024mW_u1_poc0p2_20x0p75NA_535s50_g70_z1_256pix_basicFLIM_60f_0004.sdt,20260501_KPC_fixed_dishes_on_SLIM,batch1\fitet-sz-1component-b5,4_BKO0430glu10min_740nm_3024mW_u1_poc0p2_20x0p75NA_535s50_g70_z1_256pix_basicFLIM_60f_0004,5,False,glu,65536,65536,1,65536,0,65536,0,0.0,20260501_KPC_fixed_dishes_on_SLIM::batch1\fitet-sz-1component-b5::4_BKO0430glu10min_740nm_3024mW_u1_poc0p2_20x0p75NA_535s50_g70_z1_256pix_basicFLIM_60f_0004
4_BKO0430glu10min_740nm_3024mW_u1_poc0p2_20x0p75NA_535s50_g70_z1_256pix_basicFLIM_60f_0005.sdt,20260501_KPC_fixed_dishes_on_SLIM,batch1\fitet-sz-1component-b5,4_BKO0430glu10min_740nm_3024mW_u1_poc0p2_20x0p75NA_535s50_g70_z1_256pix_basicFLIM_60f_0005,5,False,glu,65536,55163,8171,58377,0,65536,0,0.0,20260501_KPC_fixed_dishes_on_SLIM::batch1\fitet-sz-1component-b5::4_BKO0430glu10min_740nm_3024mW_u1_poc0p2_20x0p75NA_535s50_g70_z1_256pix_basicFLIM_60f_0005
4_BKO0430glu10min_740nm_3024mW_u1_poc0p2_20x0p75NA_535s50_g70_z1_256pix_basicFLIM_60f_0006.sdt,20260501_KPC_fixed_dishes_on_SLIM,batch1\fitet-sz-1component-b5,4_BKO0430glu10min_740nm_3024mW_u1_poc0p2_20x0p75NA_535s50_g70_z1_256pix_basicFLIM_60f_0006,5,False,glu,65536,65536,8,65536,1,65536,1,0.0,20260501_KPC_fixed_dishes_on_SLIM::batch1\fitet-sz-1component-b5::4_BKO0430glu10min_740nm_3024mW_u1_poc0p2_20x0p75NA_535s50_g70_z1_256pix_basicFLIM_60f_0006
4_BKO0430glu10min_740nm_3024mW_u1_poc0p2_20x0p75NA_535s50_g70_z1_256pix_basicFLIM_60f_0007.sdt,20260501_KPC_fixed_dishes_on_SLIM,batch1\fitet-sz-1component-b5,4_BKO0430glu10min_740nm_3024mW_u1_poc0p2_20x0p75NA_535s50_g70_z1_256pix_basicFLIM_60f_0007,5,False,glu,65536,65536,1,65536,0,65536,0,0.0,20260501_KPC_fixed_dishes_on_SLIM::batch1\fitet-sz-1component-b5::4_BKO0430glu10min_740nm_3024mW_u1_poc0p2_20x0p75NA_535s50_g70_z1_256pix_basicFLIM_60f_0007
4_BKO0430glu10min_740nm_3024mW_u1_poc0p2_20x0p75NA_535s50_g70_z1_256pix_basicFLIM_60f_0008.sdt,20260501_KPC_fixed_dishes_on_SLIM,batch1\fitet-sz-1component-b5,4_BKO0430glu10min_740nm_3024mW_u1_poc0p2_20x0p75NA_535s50_g70_z1_256pix_basicFLIM_60f_0008,5,False,glu,65536,65536,1,65536,0,65536,0,0.0,20260501_KPC_fixed_dishes_on_SLIM::batch1\fitet-sz-1component-b5::4_BKO0430glu10min_740nm_3024mW_u1_poc0p2_20x0p75NA_535s50_g70_z1_256pix_basicFLIM_60f_0008
4_BKO0430glu10min_740nm_3024mW_u1_poc0p2_20x0p75NA_535s50_g70_z1_256pix_basicFLIM_60f_0009.sdt,20260501_KPC_fixed_dishes_on_SLIM,batch1\fitet-sz-1component-b5,4_BKO0430glu10min_740nm_3024mW_u1_poc0p2_20x0p75NA_535s50_g70_z1_256pix_basicFLIM_60f_0009,5,False,glu,65536,65536,1,65536,0,65536,0,0.0,20260501_KPC_fixed_dishes_on_SLIM::batch1\fitet-sz-1component-b5::4_BKO0430glu10min_740nm_3024mW_u1_poc0p2_20x0p75NA_535s50_g70_z1_256pix_basicFLIM_60f_0009
4_BKO0430glu10min_740nm_3038mW_u1_poc0p2_20x0p75NA_457s50_g70_z1_256pix_basicFLIM_100f_0000.sdt,20260501_KPC_fixed_dishes_on_SLIM,batch1\fitet-sz-1component-b5,4_BKO0430glu10min_740nm_3038mW_u1_poc0p2_20x0p75NA_457s50_g70_z1_256pix_basicFLIM_100f_0000,5,False,glu,65536,65536,1,65536,0,65536,0,0.0,20260501_KPC_fixed_dishes_on_SLIM::batch1\fitet-sz-1component-b5::4_BKO0430glu10min_740nm_3038mW_u1_poc0p2_20x0p75NA_457s50_g70_z1_256pix_basicFLIM_100f_0000
4_BKO0430glu10min_740nm_3038mW_u1_poc0p2_20x0p75NA_457s50_g70_z1_256pix_basicFLIM_100f_0001.sdt,20260501_KPC_fixed_dishes_on_SLIM,batch1\fitet-sz-1component-b5,4_BKO0430glu10min_740nm_3038mW_u1_poc0p2_20x0p75NA_457s50_g70_z1_256pix_basicFLIM_100f_0001,5,False,glu,65536,65536,1,65536,0,65536,0,0.0,20260501_KPC_fixed_dishes_on_SLIM::batch1\fitet-sz-1component-b5::4_BKO0430glu10min_740nm_3038mW_u1_poc0p2_20x0p75NA_457s50_g70_z1_256pix_basicFLIM_100f_0001
4_BKO0430glu10min_740nm_3038mW_u1_poc0p2_20x0p75NA_457s50_g70_z1_256pix_basicFLIM_100f_0002.sdt,20260501_KPC_fixed_dishes_on_SLIM,batch1\fitet-sz-1component-b5,4_BKO0430glu10min_740nm_3038mW_u1_poc0p2_20x0p75NA_457s50_g70_z1_256pix_basicFLIM_100f_0002,5,False,glu,65536,65536,1,65536,0,65536,0,0.0,20260501_KPC_fixed_dishes_on_SLIM::batch1\fitet-sz-1component-b5::4_BKO0430glu10min_740nm_3038mW_u1_poc0p2_20x0p75NA_457s50_g70_z1_256pix_basicFLIM_100f_0002
4_BKO0430glu10min_740nm_3038mW_u1_poc0p2_20x0p75NA_457s50_g70_z1_256pix_basicFLIM_100f_0003.sdt,20260501_KPC_fixed_dishes_on_SLIM,batch1\fitet-sz-1component-b5,4_BKO0430glu10min_740nm_3038mW_u1_poc0p2_20x0p75NA_457s50_g70_z1_256pix_basicFLIM_100f_0003,5,False,glu,65536,65536,1,65536,0,65536,0,0.0,20260501_KPC_fixed_dishes_on_SLIM::batch1\fitet-sz-1component-b5::4_BKO0430glu10min_740nm_3038mW_u1_poc0p2_20x0p75NA_457s50_g70_z1_256pix_basicFLIM_100f_0003
4_BKO0430glu10min_740nm_3038mW_u1_poc0p2_20x0p75NA_457s50_g70_z1_256pix_basicFLIM_100f_0004.sdt,20260501_KPC_fixed_dishes_on_SLIM,batch1\fitet-sz-1component-b5,4_BKO0430glu10min_740nm_3038mW_u1_poc0p2_20x0p75NA_457s50_g70_z1_256pix_basicFLIM_100f_0004,5,False,glu,65536,65536,1,65536,0,65536,0,0.0,20260501_KPC_fixed_dishes_on_SLIM::batch1\fitet-sz-1component-b5::4_BKO0430glu10min_740nm_3038mW_u1_poc0p2_20x0p75NA_457s50_g70_z1_256pix_basicFLIM_100f_0004
4_BKO0430glu10min_740nm_3038mW_u1_poc0p2_20x0p75NA_457s50_g70_z1_256pix_basicFLIM_100f_0005.sdt,20260501_KPC_fixed_dishes_on_SLIM,batch1\fitet-sz-1component-b5,4_BKO0430glu10min_740nm_3038mW_u1_poc0p2_20x0p75NA_457s50_g70_z1_256pix_basicFLIM_100f_0005,5,False,glu,65536,57057,4888,59598,0,65536,0,0.0,20260501_KPC_fixed_dishes_on_SLIM::batch1\fitet-sz-1component-b5::4_BKO0430glu10min_740nm_3038mW_u1_poc0p2_20x0p75NA_457s50_g70_z1_256pix_basicFLIM_100f_0005
4_BKO0430glu10min_740nm_3038mW_u1_poc0p2_20x0p75NA_457s50_g70_z1_256pix_basicFLIM_100f_0006.sdt,20260501_KPC_fixed_dishes_on_SLIM,batch1\fitet-sz-1component-b5,4_BKO0430glu10min_740nm_3038mW_u1_poc0p2_20x0p75NA_457s50_g70_z1_256pix_basicFLIM_100f_0006,5,False,glu,65536,65536,1,65536,0,65536,0,0.0,20260501_KPC_fixed_dishes_on_SLIM::batch1\fitet-sz-1component-b5::4_BKO0430glu10min_740nm_3038mW_u1_poc0p2_20x0p75NA_457s50_g70_z1_256pix_basicFLIM_100f_0006
4_BKO0430glu10min_740nm_3038mW_u1_poc0p2_20x0p75NA_457s50_g70_z1_256pix_basicFLIM_100f_0007.sdt,20260501_KPC_fixed_dishes_on_SLIM,batch1\fitet-sz-1component-b5,4_BKO0430glu10min_740nm_3038mW_u1_poc0p2_20x0p75NA_457s50_g70_z1_256pix_basicFLIM_100f_0007,5,False,glu,65536,65536,1,65536,0,65536,0,0.0,20260501_KPC_fixed_dishes_on_SLIM::batch1\fitet-sz-1component-b5::4_BKO0430glu10min_740nm_3038mW_u1_poc0p2_20x0p75NA_457s50_g70_z1_256pix_basicFLIM_100f_0007
4_BKO0430glu10min_740nm_3038mW_u1_poc0p2_20x0p75NA_457s50_g70_z1_256pix_basicFLIM_100f_0008.sdt,20260501_KPC_fixed_dishes_on_SLIM,batch1\fitet-sz-1component-b5,4_BKO0430glu10min_740nm_3038mW_u1_poc0p2_20x0p75NA_457s50_g70_z1_256pix_basicFLIM_100f_0008,5,False,glu,65536,65536,1,65536,0,65536,0,0.0,20260501_KPC_fixed_dishes_on_SLIM::batch1\fitet-sz-1component-b5::4_BKO0430glu10min_740nm_3038mW_u1_poc0p2_20x0p75NA_457s50_g70_z1_256pix_basicFLIM_100f_0008
4_BKO0430glu10min_740nm_3038mW_u1_poc0p2_20x0p75NA_457s50_g70_z1_256pix_basicFLIM_100f_0009.sdt,20260501_KPC_fixed_dishes_on_SLIM,batch1\fitet-sz-1component-b5,4_BKO0430glu10min_740nm_3038mW_u1_poc0p2_20x0p75NA_457s50_g70_z1_256pix_basicFLIM_100f_0009,5,False,glu,65536,65536,1,65536,0,65536,0,0.0,20260501_KPC_fixed_dishes_on_SLIM::batch1\fitet-sz-1component-b5::4_BKO0430glu10min_740nm_3038mW_u1_poc0p2_20x0p75NA_457s50_g70_z1_256pix_basicFLIM_100f_0009
3_KPCWT0430glu10min_740nm_3024mW_u1_poc0p15_20x0p75NA_457s50_g70_z1_256pix_basicFLIM_90f_0000.sdt,20260501_KPC_fixed_dishes_on_SLIM,batch1\fitet-sz-2component-b5,3_KPCWT0430glu10min_740nm_3024mW_u1_poc0p15_20x0p75NA_457s50_g70_z1_256pix_basicFLIM_90f_0000,5,False,glu,65536,6092,62884,65479,46025,65536,5084,7.8,20260501_KPC_fixed_dishes_on_SLIM::batch1\fitet-sz-2component-b5::3_KPCWT0430glu10min_740nm_3024mW_u1_poc0p15_20x0p75NA_457s50_g70_z1_256pix_basicFLIM_90f_0000
3_KPCWT0430glu10min_740nm_3024mW_u1_poc0p2_20x0p75NA_457s50_g70_z1_256pix_basicFLIM_120f_0000.sdt,20260501_KPC_fixed_dishes_on_SLIM,batch1\fitet-sz-2component-b5,3_KPCWT0430glu10min_740nm_3024mW_u1_poc0p2_20x0p75NA_457s50_g70_z1_256pix_basicFLIM_120f_0000,5,False,glu,65536,59049,30826,65536,63179,65536,23774,36.3,20260501_KPC_fixed_dishes_on_SLIM::batch1\fitet-sz-2component-b5::3_KPCWT0430glu10min_740nm_3024mW_u1_poc0p2_20x0p75NA_457s50_g70_z1_256pix_basicFLIM_120f_0000
3_KPCWT0430glu10min_740nm_3024mW_u1_poc0p2_20x0p75NA_457s50_g70_z1_256pix_basicFLIM_120f_0001.sdt,20260501_KPC_fixed_dishes_on_SLIM,batch1\fitet-sz-2component-b5,3_KPCWT0430glu10min_740nm_3024mW_u1_poc0p2_20x0p75NA_457s50_g70_z1_256pix_basicFLIM_120f_0001,5,False,glu,65536,65536,11478,65536,65120,65536,11277,17.2,20260501_KPC_fixed_dishes_on_SLIM::batch1\fitet-sz-2component-b5::3_KPCWT0430glu10min_740nm_3024mW_u1_poc0p2_20x0p75NA_457s50_g70_z1_256pix_basicFLIM_120f_0001
3_KPCWT0430glu10min_740nm_3024mW_u1_poc0p2_20x0p75NA_457s50_g70_z1_256pix_basicFLIM_120f_0002.sdt,20260501_KPC_fixed_dishes_on_SLIM,batch1\fitet-sz-2component-b5,3_KPCWT0430glu10min_740nm_3024mW_u1_poc0p2_20x0p75NA_457s50_g70_z1_256pix_basicFLIM_120f_0002,5,False,glu,65536,65536,16340,65536,64824,65536,15746,24.0,20260501_KPC_fixed_dishes_on_SLIM::batch1\fitet-sz-2component-b5::3_KPCWT0430glu10min_740nm_3024mW_u1_poc0p2_20x0p75NA_457s50_g70_z1_256pix_basicFLIM_120f_0002
3_KPCWT0430glu10min_740nm_3024mW_u1_poc0p2_20x0p75NA_457s50_g70_z1_256pix_basicFLIM_120f_0003.sdt,20260501_KPC_fixed_dishes_on_SLIM,batch1\fitet-sz-2component-b5,3_KPCWT0430glu10min_740nm_3024mW_u1_poc0p2_20x0p75NA_457s50_g70_z1_256pix_basicFLIM_120f_0003,5,False,glu,65536,65359,44824,65536,63396,65536,42784,65.3,20260501_KPC_fixed_dishes_on_SLIM::batch1\fitet-sz-2component-b5::3_KPCWT0430glu10min_740nm_3024mW_u1_poc0p2_20x0p75NA_457s50_g70_z1_256pix_basicFLIM_120f_0003
3_KPCWT0430glu10min_740nm_3024mW_u1_poc0p2_20x0p75NA_457s50_g70_z1_256pix_basicFLIM_120f_0004.sdt,20260501_KPC_fixed_dishes_on_SLIM,batch1\fitet-sz-2component-b5,3_KPCWT0430glu10min_740nm_3024mW_u1_poc0p2_20x0p75NA_457s50_g70_z1_256pix_basicFLIM_120f_0004,5,False,glu,65536,65536,6980,65536,65355,65536,6865,10.5,20260501_KPC_fixed_dishes_on_SLIM::batch1\fitet-sz-2component-b5::3_KPCWT0430glu10min_740nm_3024mW_u1_poc0p2_20x0p75NA_457s50_g70_z1_256pix_basicFLIM_120f_0004
3_KPCWT0430glu10min_740nm_3024mW_u1_poc0p2_20x0p75NA_457s50_g70_z1_256pix_basicFLIM_120f_0005.sdt,20260501_KPC_fixed_dishes_on_SLIM,batch1\fitet-sz-2component-b5,3_KPCWT0430glu10min_740nm_3024mW_u1_poc0p2_20x0p75NA_457s50_g70_z1_256pix_basicFLIM_120f_0005,5,False,glu,65536,35814,55959,65536,55144,65536,24112,36.8,20260501_KPC_fixed_dishes_on_SLIM::batch1\fitet-sz-2component-b5::3_KPCWT0430glu10min_740nm_3024mW_u1_poc0p2_20x0p75NA_457s50_g70_z1_256pix_basicFLIM_120f_0005
3_KPCWT0430glu10min_740nm_3024mW_u1_poc0p2_20x0p75NA_457s50_g70_z1_256pix_basicFLIM_120f_0006.sdt,20260501_KPC_fixed_dishes_on_SLIM,batch1\fitet-sz-2component-b5,3_KPCWT0430glu10min_740nm_3024mW_u1_poc0p2_20x0p75NA_457s50_g70_z1_256pix_basicFLIM_120f_0006,5,False,glu,65536,50566,54240,65536,57875,65536,36457,55.6,20260501_KPC_fixed_dishes_on_SLIM::batch1\fitet-sz-2component-b5::3_KPCWT0430glu10min_740nm_3024mW_u1_poc0p2_20x0p75NA_457s50_g70_z1_256pix_basicFLIM_120f_0006
3_KPCWT0430glu10min_740nm_3024mW_u1_poc0p2_20x0p75NA_457s50_g70_z1_256pix_basicFLIM_120f_0007.sdt,20260501_KPC_fixed_dishes_on_SLIM,batch1\fitet-sz-2component-b5,3_KPCWT0430glu10min_740nm_3024mW_u1_poc0p2_20x0p75NA_457s50_g70_z1_256pix_basicFLIM_120f_0007,5,False,glu,65536,51637,58692,65536,58115,65536,41382,63.1,20260501_KPC_fixed_dishes_on_SLIM::batch1\fitet-sz-2component-b5::3_KPCWT0430glu10min_740nm_3024mW_u1_poc0p2_20x0p75NA_457s50_g70_z1_256pix_basicFLIM_120f_0007
3_KPCWT0430glu10min_740nm_3024mW_u1_poc0p2_20x0p75NA_457s50_g70_z1_256pix_basicFLIM_120f_0008.sdt,20260501_KPC_fixed_dishes_on_SLIM,batch1\fitet-sz-2component-b5,3_KPCWT0430glu10min_740nm_3024mW_u1_poc0p2_20x0p75NA_457s50_g70_z1_256pix_basicFLIM_120f_0008,5,False,glu,65536,65536,19118,65536,64692,65536,18528,28.3,20260501_KPC_fixed_dishes_on_SLIM::batch1\fitet-sz-2component-b5::3_KPCWT0430glu10min_740nm_3024mW_u1_poc0p2_20x0p75NA_457s50_g70_z1_256pix_basicFLIM_120f_0008
3_KPCWT0430glu10min_740nm_3024mW_u1_poc0p2_20x0p75NA_457s50_g70_z1_256pix_basicFLIM_120f_0009.sdt,20260501_KPC_fixed_dishes_on_SLIM,batch1\fitet-sz-2component-b5,3_KPCWT0430glu10min_740nm_3024mW_u1_poc0p2_20x0p75NA_457s50_g70_z1_256pix_basicFLIM_120f_0009,5,False,glu,65536,61324,31109,65536,63085,65536,26176,39.9,20260501_KPC_fixed_dishes_on_SLIM::batch1\fitet-sz-2component-b5::3_KPCWT0430glu10min_740nm_3024mW_u1_poc0p2_20x0p75NA_457s50_g70_z1_256pix_basicFLIM_120f_0009
3_KPCWT0430glu10min_740nm_3024mW_u1_poc0p2_20x0p75NA_535s50_g70_z1_256pix_basicFLIM_120f_0000.sdt,20260501_KPC_fixed_dishes_on_SLIM,batch1\fitet-sz-2component-b5,3_KPCWT0430glu10min_740nm_3024mW_u1_poc0p2_20x0p75NA_535s50_g70_z1_256pix_basicFLIM_120f_0000,5,False,glu,65536,60635,32863,65536,61661,65536,26183,40.0,20260501_KPC_fixed_dishes_on_SLIM::batch1\fitet-sz-2component-b5::3_KPCWT0430glu10min_740nm_3024mW_u1_poc0p2_20x0p75NA_535s50_g70_z1_256pix_basicFLIM_120f_0000
3_KPCWT0430glu10min_740nm_3024mW_u1_poc0p2_20x0p75NA_535s50_g70_z1_256pix_basicFLIM_120f_0001.sdt,20260501_KPC_fixed_dishes_on_SLIM,batch1\fitet-sz-2component-b5,3_KPCWT0430glu10min_740nm_3024mW_u1_poc0p2_20x0p75NA_535s50_g70_z1_256pix_basicFLIM_120f_0001,5,False,glu,65536,65536,8938,65536,65028,65536,8685,13.3,20260501_KPC_fixed_dishes_on_SLIM::batch1\fitet-sz-2component-b5::3_KPCWT0430glu10min_740nm_3024mW_u1_poc0p2_20x0p75NA_535s50_g70_z1_256pix_basicFLIM_120f_0001
3_KPCWT0430glu10min_740nm_3024mW_u1_poc0p2_20x0p75NA_535s50_g70_z1_256pix_basicFLIM_120f_0002.sdt,20260501_KPC_fixed_dishes_on_SLIM,batch1\fitet-sz-2component-b5,3_KPCWT0430glu10min_740nm_3024mW_u1_poc0p2_20x0p75NA_535s50_g70_z1_256pix_basicFLIM_120f_0002,5,False,glu,65536,65536,14304,65536,64775,65536,13714,20.9,20260501_KPC_fixed_dishes_on_SLIM::batch1\fitet-sz-2component-b5::3_KPCWT0430glu10min_740nm_3024mW_u1_poc0p2_20x0p75NA_535s50_g70_z1_256pix_basicFLIM_120f_0002
3_KPCWT0430glu10min_740nm_3024mW_u1_poc0p2_20x0p75NA_535s50_g70_z1_256pix_basicFLIM_120f_0003.sdt,20260501_KPC_fixed_dishes_on_SLIM,batch1\fitet-sz-2component-b5,3_KPCWT0430glu10min_740nm_3024mW_u1_poc0p2_20x0p75NA_535s50_g70_z1_256pix_basicFLIM_120f_0003,5,False,glu,65536,65536,41063,65536,63225,65536,39015,59.5,20260501_KPC_fixed_dishes_on_SLIM::batch1\fitet-sz-2component-b5::3_KPCWT0430glu10min_740nm_3024mW_u1_poc0p2_20x0p75NA_535s50_g70_z1_256pix_basicFLIM_120f_0003
3_KPCWT0430glu10min_740nm_3024mW_u1_poc0p2_20x0p75NA_535s50_g70_z1_256pix_basicFLIM_120f_0004.sdt,20260501_KPC_fixed_dishes_on_SLIM,batch1\fitet-sz-2component-b5,3_KPCWT0430glu10min_740nm_3024mW_u1_poc0p2_20x0p75NA_535s50_g70_z1_256pix_basicFLIM_120f_0004,5,False,glu,65536,65536,5208,65536,65283,65536,5029,7.7,20260501_KPC_fixed_dishes_on_SLIM::batch1\fitet-sz-2component-b5::3_KPCWT0430glu10min_740nm_3024mW_u1_poc0p2_20x0p75NA_535s50_g70_z1_256pix_basicFLIM_120f_0004
3_KPCWT0430glu10min_740nm_3024mW_u1_poc0p2_20x0p75NA_535s50_g70_z1_256pix_basicFLIM_120f_0005.sdt,20260501_KPC_fixed_dishes_on_SLIM,batch1\fitet-sz-2component-b5,3_KPCWT0430glu10min_740nm_3024mW_u1_poc0p2_20x0p75NA_535s50_g70_z1_256pix_basicFLIM_120f_0005,5,False,glu,65536,47325,54617,65536,54583,65536,30907,47.2,20260501_KPC_fixed_dishes_on_SLIM::batch1\fitet-sz-2component-b5::3_KPCWT0430glu10min_740nm_3024mW_u1_poc0p2_20x0p75NA_535s50_g70_z1_256pix_basicFLIM_120f_0005
3_KPCWT0430glu10min_740nm_3024mW_u1_poc0p2_20x0p75NA_535s50_g70_z1_256pix_basicFLIM_120f_0006.sdt,20260501_KPC_fixed_dishes_on_SLIM,batch1\fitet-sz-2component-b5,3_KPCWT0430glu10min_740nm_3024mW_u1_poc0p2_20x0p75NA_535s50_g70_z1_256pix_basicFLIM_120f_0006,5,False,glu,65536,60098,52701,65536,57944,65536,42244,64.5,20260501_KPC_fixed_dishes_on_SLIM::batch1\fitet-sz-2component-b5::3_KPCWT0430glu10min_740nm_3024mW_u1_poc0p2_20x0p75NA_535s50_g70_z1_256pix_basicFLIM_120f_0006
3_KPCWT0430glu10min_740nm_3024mW_u1_poc0p2_20x0p75NA_535s50_g70_z1_256pix_basicFLIM_120f_0007.sdt,20260501_KPC_fixed_dishes_on_SLIM,batch1\fitet-sz-2component-b5,3_KPCWT0430glu10min_740nm_3024mW_u1_poc0p2_20x0p75NA_535s50_g70_z1_256pix_basicFLIM_120f_0007,5,False,glu,65536,59575,58962,65536,57529,65536,47378,72.3,20260501_KPC_fixed_dishes_on_SLIM::batch1\fitet-sz-2component-b5::3_KPCWT0430glu10min_740nm_3024mW_u1_poc0p2_20x0p75NA_535s50_g70_z1_256pix_basicFLIM_120f_0007
3_KPCWT0430glu10min_740nm_3024mW_u1_poc0p2_20x0p75NA_535s50_g70_z1_256pix_basicFLIM_120f_0008.sdt,20260501_KPC_fixed_dishes_on_SLIM,batch1\fitet-sz-2component-b5,3_KPCWT0430glu10min_740nm_3024mW_u1_poc0p2_20x0p75NA_535s50_g70_z1_256pix_basicFLIM_120f_0008,5,False,glu,65536,65536,12342,65536,64087,65536,11414,17.4,20260501_KPC_fixed_dishes_on_SLIM::batch1\fitet-sz-2component-b5::3_KPCWT0430glu10min_740nm_3024mW_u1_poc0p2_20x0p75NA_535s50_g70_z1_256pix_basicFLIM_120f_0008
3_KPCWT0430glu10min_740nm_3024mW_u1_poc0p2_20x0p75NA_535s50_g70_z1_256pix_basicFLIM_120f_0009.sdt,20260501_KPC_fixed_dishes_on_SLIM,batch1\fitet-sz-2component-b5,3_KPCWT0430glu10min_740nm_3024mW_u1_poc0p2_20x0p75NA_535s50_g70_z1_256pix_basicFLIM_120f_0009,5,False,glu,65536,62504,25614,65536,62739,65536,21006,32.1,20260501_KPC_fixed_dishes_on_SLIM::batch1\fitet-sz-2component-b5::3_KPCWT0430glu10min_740nm_3024mW_u1_poc0p2_20x0p75NA_535s50_g70_z1_256pix_basicFLIM_120f_0009
4_BKO0430glu10min_740nm_3024mW_u1_poc0p2_20x0p75NA_535s50_g70_z1_256pix_basicFLIM_40f_0000.sdt,20260501_KPC_fixed_dishes_on_SLIM,batch1\fitet-sz-2component-b5,4_BKO0430glu10min_740nm_3024mW_u1_poc0p2_20x0p75NA_535s50_g70_z1_256pix_basicFLIM_40f_0000,5,False,glu,65536,56676,64722,65536,61374,65536,53794,82.1,20260501_KPC_fixed_dishes_on_SLIM::batch1\fitet-sz-2component-b5::4_BKO0430glu10min_740nm_3024mW_u1_poc0p2_20x0p75NA_535s50_g70_z1_256pix_basicFLIM_40f_0000
4_BKO0430glu10min_740nm_3024mW_u1_poc0p2_20x0p75NA_535s50_g70_z1_256pix_basicFLIM_40f_0001.sdt,20260501_KPC_fixed_dishes_on_SLIM,batch1\fitet-sz-2component-b5,4_BKO0430glu10min_740nm_3024mW_u1_poc0p2_20x0p75NA_535s50_g70_z1_256pix_basicFLIM_40f_0001,5,False,glu,65536,53047,64437,65536,61064,65536,48667,74.3,20260501_KPC_fixed_dishes_on_SLIM::batch1\fitet-sz-2component-b5::4_BKO0430glu10min_740nm_3024mW_u1_poc0p2_20x0p75NA_535s50_g70_z1_256pix_basicFLIM_40f_0001
4_BKO0430glu10min_740nm_3024mW_u1_poc0p2_20x0p75NA_535s50_g70_z1_256pix_basicFLIM_40f_0002.sdt,20260501_KPC_fixed_dishes_on_SLIM,batch1\fitet-sz-2component-b5,4_BKO0430glu10min_740nm_3024mW_u1_poc0p2_20x0p75NA_535s50_g70_z1_256pix_basicFLIM_40f_0002,5,False,glu,65536,35479,65006,65536,58083,65536,33520,51.1,20260501_KPC_fixed_dishes_on_SLIM::batch1\fitet-sz-2component-b5::4_BKO0430glu10min_740nm_3024mW_u1_poc0p2_20x0p75NA_535s50_g70_z1_256pix_basicFLIM_40f_0002
4_BKO0430glu10min_740nm_3024mW_u1_poc0p2_20x0p75NA_535s50_g70_z1_256pix_basicFLIM_40f_0003.sdt,20260501_KPC_fixed_dishes_on_SLIM,batch1\fitet-sz-2component-b5,4_BKO0430glu10min_740nm_3024mW_u1_poc0p2_20x0p75NA_535s50_g70_z1_256pix_basicFLIM_40f_0003,5,False,glu,65536,55811,64816,65536,60958,65536,51814,79.1,20260501_KPC_fixed_dishes_on_SLIM::batch1\fitet-sz-2component-b5::4_BKO0430glu10min_740nm_3024mW_u1_poc0p2_20x0p75NA_535s50_g70_z1_256pix_basicFLIM_40f_0003
4_BKO0430glu10min_740nm_3024mW_u1_poc0p2_20x0p75NA_535s50_g70_z1_256pix_basicFLIM_40f_0004.sdt,20260501_KPC_fixed_dishes_on_SLIM,batch1\fitet-sz-2component-b5,4_BKO0430glu10min_740nm_3024mW_u1_poc0p2_20x0p75NA_535s50_g70_z1_256pix_basicFLIM_40f_0004,5,False,glu,65536,52040,65245,65536,60329,65536,48903,74.6,20260501_KPC_fixed_dishes_on_SLIM::batch1\fitet-sz-2component-b5::4_BKO0430glu10min_740nm_3024mW_u1_poc0p2_20x0p75NA_535s50_g70_z1_256pix_basicFLIM_40f_0004
4_BKO0430glu10min_740nm_3024mW_u1_poc0p2_20x0p75NA_535s50_g70_z1_256pix_basicFLIM_40f_0005.sdt,20260501_KPC_fixed_dishes_on_SLIM,batch1\fitet-sz-2component-b5,4_BKO0430glu10min_740nm_3024mW_u1_poc0p2_20x0p75NA_535s50_g70_z1_256pix_basicFLIM_40f_0005,5,False,glu,65536,17584,51203,58007,45031,65536,15908,24.3,20260501_KPC_fixed_dishes_on_SLIM::batch1\fitet-sz-2component-b5::4_BKO0430glu10min_740nm_3024mW_u1_poc0p2_20x0p75NA_535s50_g70_z1_256pix_basicFLIM_40f_0005
4_BKO0430glu10min_740nm_3024mW_u1_poc0p2_20x0p75NA_535s50_g70_z1_256pix_basicFLIM_40f_0006.sdt,20260501_KPC_fixed_dishes_on_SLIM,batch1\fitet-sz-2component-b5,4_BKO0430glu10min_740nm_3024mW_u1_poc0p2_20x0p75NA_535s50_g70_z1_256pix_basicFLIM_40f_0006,5,False,glu,65536,58650,64475,65536,61599,65536,55492,84.7,20260501_KPC_fixed_dishes_on_SLIM::batch1\fitet-sz-2component-b5::4_BKO0430glu10min_740nm_3024mW_u1_poc0p2_20x0p75NA_535s50_g70_z1_256pix_basicFLIM_40f_0006
4_BKO0430glu10min_740nm_3024mW_u1_poc0p2_20x0p75NA_535s50_g70_z1_256pix_basicFLIM_40f_0007.sdt,20260501_KPC_fixed_dishes_on_SLIM,batch1\fitet-sz-2component-b5,4_BKO0430glu10min_740nm_3024mW_u1_poc0p2_20x0p75NA_535s50_g70_z1_256pix_basicFLIM_40f_0007,5,False,glu,65536,44361,65120,65536,59316,65536,41597,63.5,20260501_KPC_fixed_dishes_on_SLIM::batch1\fitet-sz-2component-b5::4_BKO0430glu10min_740nm_3024mW_u1_poc0p2_20x0p75NA_535s50_g70_z1_256pix_basicFLIM_40f_0007
4_BKO0430glu10min_740nm_3024mW_u1_poc0p2_20x0p75NA_535s50_g70_z1_256pix_basicFLIM_40f_0008.sdt,20260501_KPC_fixed_dishes_on_SLIM,batch1\fitet-sz-2component-b5,4_BKO0430glu10min_740nm_3024mW_u1_poc0p2_20x0p75NA_535s50_g70_z1_256pix_basicFLIM_40f_0008,5,False,glu,65536,32468,64819,65536,59058,65536,29521,45.0,20260501_KPC_fixed_dishes_on_SLIM::batch1\fitet-sz-2component-b5::4_BKO0430glu10min_740nm_3024mW_u1_poc0p2_20x0p75NA_535s50_g70_z1_256pix_basicFLIM_40f_0008
4_BKO0430glu10min_740nm_3024mW_u1_poc0p2_20x0p75NA_535s50_g70_z1_256pix_basicFLIM_40f_0009.sdt,20260501_KPC_fixed_dishes_on_SLIM,batch1\fitet-sz-2component-b5,4_BKO0430glu10min_740nm_3024mW_u1_poc0p2_20x0p75NA_535s50_g70_z1_256pix_basicFLIM_40f_0009,5,False,glu,65536,63026,64526,65536,63082,65536,59950,91.5,20260501_KPC_fixed_dishes_on_SLIM::batch1\fitet-sz-2component-b5::4_BKO0430glu10min_740nm_3024mW_u1_poc0p2_20x0p75NA_535s50_g70_z1_256pix_basicFLIM_40f_0009
4_BKO0430glu10min_740nm_3024mW_u1_poc0p2_20x0p75NA_535s50_g70_z1_256pix_basicFLIM_60f_0000.sdt,20260501_KPC_fixed_dishes_on_SLIM,batch1\fitet-sz-2component-b5,4_BKO0430glu10min_740nm_3024mW_u1_poc0p2_20x0p75NA_535s50_g70_z1_256pix_basicFLIM_60f_0000,5,False,glu,65536,65382,60988,65536,63525,65536,58902,89.9,20260501_KPC_fixed_dishes_on_SLIM::batch1\fitet-sz-2component-b5::4_BKO0430glu10min_740nm_3024mW_u1_poc0p2_20x0p75NA_535s50_g70_z1_256pix_basicFLIM_60f_0000
4_BKO0430glu10min_740nm_3024mW_u1_poc0p2_20x0p75NA_535s50_g70_z1_256pix_basicFLIM_60f_0001.sdt,20260501_KPC_fixed_dishes_on_SLIM,batch1\fitet-sz-2component-b5,4_BKO0430glu10min_740nm_3024mW_u1_poc0p2_20x0p75NA_535s50_g70_z1_256pix_basicFLIM_60f_0001,5,False,glu,65536,65513,60224,65536,63887,65536,58695,89.6,20260501_KPC_fixed_dishes_on_SLIM::batch1\fitet-sz-2component-b5::4_BKO0430glu10min_740nm_3024mW_u1_poc0p2_20x0p75NA_535s50_g70_z1_256pix_basicFLIM_60f_0001
4_BKO0430glu10min_740nm_3024mW_u1_poc0p2_20x0p75NA_535s50_g70_z1_256pix_basicFLIM_60f_0002.sdt,20260501_KPC_fixed_dishes_on_SLIM,batch1\fitet-sz-2component-b5,4_BKO0430glu10min_740nm_3024mW_u1_poc0p2_20x0p75NA_535s50_g70_z1_256pix_basicFLIM_60f_0002,5,False,glu,65536,58593,64188,65536,60680,65536,53566,81.7,20260501_KPC_fixed_dishes_on_SLIM::batch1\fitet-sz-2component-b5::4_BKO0430glu10min_740nm_3024mW_u1_poc0p2_20x0p75NA_535s50_g70_z1_256pix_basicFLIM_60f_0002
4_BKO0430glu10min_740nm_3024mW_u1_poc0p2_20x0p75NA_535s50_g70_z1_256pix_basicFLIM_60f_0003.sdt,20260501_KPC_fixed_dishes_on_SLIM,batch1\fitet-sz-2component-b5,4_BKO0430glu10min_740nm_3024mW_u1_poc0p2_20x0p75NA_535s50_g70_z1_256pix_basicFLIM_60f_0003,5,False,glu,65536,65212,63832,65536,63158,65536,61195,93.4,20260501_KPC_fixed_dishes_on_SLIM::batch1\fitet-sz-2component-b5::4_BKO0430glu10min_740nm_3024mW_u1_poc0p2_20x0p75NA_535s50_g70_z1_256pix_basicFLIM_60f_0003
4_BKO0430glu10min_740nm_3024mW_u1_poc0p2_20x0p75NA_535s50_g70_z1_256pix_basicFLIM_60f_0004.sdt,20260501_KPC_fixed_dishes_on_SLIM,batch1\fitet-sz-2component-b5,4_BKO0430glu10min_740nm_3024mW_u1_poc0p2_20x0p75NA_535s50_g70_z1_256pix_basicFLIM_60f_0004,5,False,glu,65536,63297,65059,65536,62411,65536,60263,92.0,20260501_KPC_fixed_dishes_on_SLIM::batch1\fitet-sz-2component-b5::4_BKO0430glu10min_740nm_3024mW_u1_poc0p2_20x0p75NA_535s50_g70_z1_256pix_basicFLIM_60f_0004
4_BKO0430glu10min_740nm_3024mW_u1_poc0p2_20x0p75NA_535s50_g70_z1_256pix_basicFLIM_60f_0005.sdt,20260501_KPC_fixed_dishes_on_SLIM,batch1\fitet-sz-2component-b5,4_BKO0430glu10min_740nm_3024mW_u1_poc0p2_20x0p75NA_535s50_g70_z1_256pix_basicFLIM_60f_0005,5,False,glu,65536,23883,51128,58353,45580,65536,19035,29.0,20260501_KPC_fixed_dishes_on_SLIM::batch1\fitet-sz-2component-b5::4_BKO0430glu10min_740nm_3024mW_u1_poc0p2_20x0p75NA_535s50_g70_z1_256pix_basicFLIM_60f_0005
4_BKO0430glu10min_740nm_3024mW_u1_poc0p2_20x0p75NA_535s50_g70_z1_256pix_basicFLIM_60f_0006.sdt,20260501_KPC_fixed_dishes_on_SLIM,batch1\fitet-sz-2component-b5,4_BKO0430glu10min_740nm_3024mW_u1_poc0p2_20x0p75NA_535s50_g70_z1_256pix_basicFLIM_60f_0006,5,False,glu,65536,63429,58691,65536,63713,65536,55248,84.3,20260501_KPC_fixed_dishes_on_SLIM::batch1\fitet-sz-2component-b5::4_BKO0430glu10min_740nm_3024mW_u1_poc0p2_20x0p75NA_535s50_g70_z1_256pix_basicFLIM_60f_0006
4_BKO0430glu10min_740nm_3024mW_u1_poc0p2_20x0p75NA_535s50_g70_z1_256pix_basicFLIM_60f_0007.sdt,20260501_KPC_fixed_dishes_on_SLIM,batch1\fitet-sz-2component-b5,4_BKO0430glu10min_740nm_3024mW_u1_poc0p2_20x0p75NA_535s50_g70_z1_256pix_basicFLIM_60f_0007,5,False,glu,65536,64533,64178,65536,61936,65536,59809,91.3,20260501_KPC_fixed_dishes_on_SLIM::batch1\fitet-sz-2component-b5::4_BKO0430glu10min_740nm_3024mW_u1_poc0p2_20x0p75NA_535s50_g70_z1_256pix_basicFLIM_60f_0007
4_BKO0430glu10min_740nm_3024mW_u1_poc0p2_20x0p75NA_535s50_g70_z1_256pix_basicFLIM_60f_0008.sdt,20260501_KPC_fixed_dishes_on_SLIM,batch1\fitet-sz-2component-b5,4_BKO0430glu10min_740nm_3024mW_u1_poc0p2_20x0p75NA_535s50_g70_z1_256pix_basicFLIM_60f_0008,5,False,glu,65536,61953,63562,65536,60838,65536,55702,85.0,20260501_KPC_fixed_dishes_on_SLIM::batch1\fitet-sz-2component-b5::4_BKO0430glu10min_740nm_3024mW_u1_poc0p2_20x0p75NA_535s50_g70_z1_256pix_basicFLIM_60f_0008
4_BKO0430glu10min_740nm_3024mW_u1_poc0p2_20x0p75NA_535s50_g70_z1_256pix_basicFLIM_60f_0009.sdt,20260501_KPC_fixed_dishes_on_SLIM,batch1\fitet-sz-2component-b5,4_BKO0430glu10min_740nm_3024mW_u1_poc0p2_20x0p75NA_535s50_g70_z1_256pix_basicFLIM_60f_0009,5,False,glu,65536,65531,61337,65536,63280,65536,59240,90.4,20260501_KPC_fixed_dishes_on_SLIM::batch1\fitet-sz-2component-b5::4_BKO0430glu10min_740nm_3024mW_u1_poc0p2_20x0p75NA_535s50_g70_z1_256pix_basicFLIM_60f_0009
4_BKO0430glu10min_740nm_3038mW_u1_poc0p2_20x0p75NA_457s50_g70_z1_256pix_basicFLIM_100f_0000.sdt,20260501_KPC_fixed_dishes_on_SLIM,batch1\fitet-sz-2component-b5,4_BKO0430glu10min_740nm_3038mW_u1_poc0p2_20x0p75NA_457s50_g70_z1_256pix_basicFLIM_100f_0000,5,False,glu,65536,65476,58839,65536,64699,65536,57969,88.5,20260501_KPC_fixed_dishes_on_SLIM::batch1\fitet-sz-2component-b5::4_BKO0430glu10min_740nm_3038mW_u1_poc0p2_20x0p75NA_457s50_g70_z1_256pix_basicFLIM_100f_0000
4_BKO0430glu10min_740nm_3038mW_u1_poc0p2_20x0p75NA_457s50_g70_z1_256pix_basicFLIM_100f_0001.sdt,20260501_KPC_fixed_dishes_on_SLIM,batch1\fitet-sz-2component-b5,4_BKO0430glu10min_740nm_3038mW_u1_poc0p2_20x0p75NA_457s50_g70_z1_256pix_basicFLIM_100f_0001,5,False,glu,65536,65091,59268,65536,65048,65536,58403,89.1,20260501_KPC_fixed_dishes_on_SLIM::batch1\fitet-sz-2component-b5::4_BKO0430glu10min_740nm_3038mW_u1_poc0p2_20x0p75NA_457s50_g70_z1_256pix_basicFLIM_100f_0001
4_BKO0430glu10min_740nm_3038mW_u1_poc0p2_20x0p75NA_457s50_g70_z1_256pix_basicFLIM_100f_0002.sdt,20260501_KPC_fixed_dishes_on_SLIM,batch1\fitet-sz-2component-b5,4_BKO0430glu10min_740nm_3038mW_u1_poc0p2_20x0p75NA_457s50_g70_z1_256pix_basicFLIM_100f_0002,5,False,glu,65536,60755,63651,65536,64127,65536,58127,88.7,20260501_KPC_fixed_dishes_on_SLIM::batch1\fitet-sz-2component-b5::4_BKO0430glu10min_740nm_3038mW_u1_poc0p2_20x0p75NA_457s50_g70_z1_256pix_basicFLIM_100f_0002
4_BKO0430glu10min_740nm_3038mW_u1_poc0p2_20x0p75NA_457s50_g70_z1_256pix_basicFLIM_100f_0003.sdt,20260501_KPC_fixed_dishes_on_SLIM,batch1\fitet-sz-2component-b5,4_BKO0430glu10min_740nm_3038mW_u1_poc0p2_20x0p75NA_457s50_g70_z1_256pix_basicFLIM_100f_0003,5,False,glu,65536,65421,61435,65536,65148,65536,60943,93.0,20260501_KPC_fixed_dishes_on_SLIM::batch1\fitet-sz-2component-b5::4_BKO0430glu10min_740nm_3038mW_u1_poc0p2_20x0p75NA_457s50_g70_z1_256pix_basicFLIM_100f_0003
4_BKO0430glu10min_740nm_3038mW_u1_poc0p2_20x0p75NA_457s50_g70_z1_256pix_basicFLIM_100f_0004.sdt,20260501_KPC_fixed_dishes_on_SLIM,batch1\fitet-sz-2component-b5,4_BKO0430glu10min_740nm_3038mW_u1_poc0p2_20x0p75NA_457s50_g70_z1_256pix_basicFLIM_100f_0004,5,False,glu,65536,65524,64042,65536,65096,65536,63610,97.1,20260501_KPC_fixed_dishes_on_SLIM::batch1\fitet-sz-2component-b5::4_BKO0430glu10min_740nm_3038mW_u1_poc0p2_20x0p75NA_457s50_g70_z1_256pix_basicFLIM_100f_0004
4_BKO0430glu10min_740nm_3038mW_u1_poc0p2_20x0p75NA_457s50_g70_z1_256pix_basicFLIM_100f_0005.sdt,20260501_KPC_fixed_dishes_on_SLIM,batch1\fitet-sz-2component-b5,4_BKO0430glu10min_740nm_3038mW_u1_poc0p2_20x0p75NA_457s50_g70_z1_256pix_basicFLIM_100f_0005,5,False,glu,65536,25707,51719,59483,48879,65536,19773,30.2,20260501_KPC_fixed_dishes_on_SLIM::batch1\fitet-sz-2component-b5::4_BKO0430glu10min_740nm_3038mW_u1_poc0p2_20x0p75NA_457s50_g70_z1_256pix_basicFLIM_100f_0005
4_BKO0430glu10min_740nm_3038mW_u1_poc0p2_20x0p75NA_457s50_g70_z1_256pix_basicFLIM_100f_0006.sdt,20260501_KPC_fixed_dishes_on_SLIM,batch1\fitet-sz-2component-b5,4_BKO0430glu10min_740nm_3038mW_u1_poc0p2_20x0p75NA_457s50_g70_z1_256pix_basicFLIM_100f_0006,5,False,glu,65536,64848,56905,65536,65089,65536,55924,85.3,20260501_KPC_fixed_dishes_on_SLIM::batch1\fitet-sz-2component-b5::4_BKO0430glu10min_740nm_3038mW_u1_poc0p2_20x0p75NA_457s50_g70_z1_256pix_basicFLIM_100f_0006
4_BKO0430glu10min_740nm_3038mW_u1_poc0p2_20x0p75NA_457s50_g70_z1_256pix_basicFLIM_100f_0007.sdt,20260501_KPC_fixed_dishes_on_SLIM,batch1\fitet-sz-2component-b5,4_BKO0430glu10min_740nm_3038mW_u1_poc0p2_20x0p75NA_457s50_g70_z1_256pix_basicFLIM_100f_0007,5,False,glu,65536,65292,64237,65536,64829,65536,63360,96.7,20260501_KPC_fixed_dishes_on_SLIM::batch1\fitet-sz-2component-b5::4_BKO0430glu10min_740nm_3038mW_u1_poc0p2_20x0p75NA_457s50_g70_z1_256pix_basicFLIM_100f_0007
4_BKO0430glu10min_740nm_3038mW_u1_poc0p2_20x0p75NA_457s50_g70_z1_256pix_basicFLIM_100f_0008.sdt,20260501_KPC_fixed_dishes_on_SLIM,batch1\fitet-sz-2component-b5,4_BKO0430glu10min_740nm_3038mW_u1_poc0p2_20x0p75NA_457s50_g70_z1_256pix_basicFLIM_100f_0008,5,False,glu,65536,61659,63611,65536,64493,65536,58932,89.9,20260501_KPC_fixed_dishes_on_SLIM::batch1\fitet-sz-2component-b5::4_BKO0430glu10min_740nm_3038mW_u1_poc0p2_20x0p75NA_457s50_g70_z1_256pix_basicFLIM_100f_0008
4_BKO0430glu10min_740nm_3038mW_u1_poc0p2_20x0p75NA_457s50_g70_z1_256pix_basicFLIM_100f_0009.sdt,20260501_KPC_fixed_dishes_on_SLIM,batch1\fitet-sz-2component-b5,4_BKO0430glu10min_740nm_3038mW_u1_poc0p2_20x0p75NA_457s50_g70_z1_256pix_basicFLIM_100f_0009,5,False,glu,65536,65536,59519,65536,65426,65536,59418,90.7,20260501_KPC_fixed_dishes_on_SLIM::batch1\fitet-sz-2component-b5::4_BKO0430glu10min_740nm_3038mW_u1_poc0p2_20x0p75NA_457s50_g70_z1_256pix_basicFLIM_100f_0009
3_KPCWT0430glu10min_740nm_3024mW_u1_poc0p15_20x0p75NA_457s50_g70_z1_256pix_basicFLIM_90f_0000.sdt,20260501_KPC_fixed_dishes_on_SLIM,batch1\fitet-sz-3component-b5,3_KPCWT0430glu10min_740nm_3024mW_u1_poc0p15_20x0p75NA_457s50_g70_z1_256pix_basicFLIM_90f_0000,5,False,glu,65536,0,61557,65404,2706,65536,0,0.0,20260501_KPC_fixed_dishes_on_SLIM::batch1\fitet-sz-3component-b5::3_KPCWT0430glu10min_740nm_3024mW_u1_poc0p15_20x0p75NA_457s50_g70_z1_256pix_basicFLIM_90f_0000
3_KPCWT0430glu10min_740nm_3024mW_u1_poc0p2_20x0p75NA_457s50_g70_z1_256pix_basicFLIM_120f_0000.sdt,20260501_KPC_fixed_dishes_on_SLIM,batch1\fitet-sz-3component-b5,3_KPCWT0430glu10min_740nm_3024mW_u1_poc0p2_20x0p75NA_457s50_g70_z1_256pix_basicFLIM_120f_0000,5,False,glu,65536,51244,65137,65536,195,65536,0,0.0,20260501_KPC_fixed_dishes_on_SLIM::batch1\fitet-sz-3component-b5::3_KPCWT0430glu10min_740nm_3024mW_u1_poc0p2_20x0p75NA_457s50_g70_z1_256pix_basicFLIM_120f_0000
3_KPCWT0430glu10min_740nm_3024mW_u1_poc0p2_20x0p75NA_457s50_g70_z1_256pix_basicFLIM_120f_0001.sdt,20260501_KPC_fixed_dishes_on_SLIM,batch1\fitet-sz-3component-b5,3_KPCWT0430glu10min_740nm_3024mW_u1_poc0p2_20x0p75NA_457s50_g70_z1_256pix_basicFLIM_120f_0001,5,False,glu,65536,63192,65503,65536,0,65536,0,0.0,20260501_KPC_fixed_dishes_on_SLIM::batch1\fitet-sz-3component-b5::3_KPCWT0430glu10min_740nm_3024mW_u1_poc0p2_20x0p75NA_457s50_g70_z1_256pix_basicFLIM_120f_0001
3_KPCWT0430glu10min_740nm_3024mW_u1_poc0p2_20x0p75NA_457s50_g70_z1_256pix_basicFLIM_120f_0002.sdt,20260501_KPC_fixed_dishes_on_SLIM,batch1\fitet-sz-3component-b5,3_KPCWT0430glu10min_740nm_3024mW_u1_poc0p2_20x0p75NA_457s50_g70_z1_256pix_basicFLIM_120f_0002,5,False,glu,65536,58249,65493,65536,3,65536,0,0.0,20260501_KPC_fixed_dishes_on_SLIM::batch1\fitet-sz-3component-b5::3_KPCWT0430glu10min_740nm_3024mW_u1_poc0p2_20x0p75NA_457s50_g70_z1_256pix_basicFLIM_120f_0002
3_KPCWT0430glu10min_740nm_3024mW_u1_poc0p2_20x0p75NA_457s50_g70_z1_256pix_basicFLIM_120f_0003.sdt,20260501_KPC_fixed_dishes_on_SLIM,batch1\fitet-sz-3component-b5,3_KPCWT0430glu10min_740nm_3024mW_u1_poc0p2_20x0p75NA_457s50_g70_z1_256pix_basicFLIM_120f_0003,5,False,glu,65536,40462,65309,65536,5,65536,0,0.0,20260501_KPC_fixed_dishes_on_SLIM::batch1\fitet-sz-3component-b5::3_KPCWT0430glu10min_740nm_3024mW_u1_poc0p2_20x0p75NA_457s50_g70_z1_256pix_basicFLIM_120f_0003
3_KPCWT0430glu10min_740nm_3024mW_u1_poc0p2_20x0p75NA_457s50_g70_z1_256pix_basicFLIM_120f_0004.sdt,20260501_KPC_fixed_dishes_on_SLIM,batch1\fitet-sz-3component-b5,3_KPCWT0430glu10min_740nm_3024mW_u1_poc0p2_20x0p75NA_457s50_g70_z1_256pix_basicFLIM_120f_0004,5,False,glu,65536,63488,65486,65536,0,65536,0,0.0,20260501_KPC_fixed_dishes_on_SLIM::batch1\fitet-sz-3component-b5::3_KPCWT0430glu10min_740nm_3024mW_u1_poc0p2_20x0p75NA_457s50_g70_z1_256pix_basicFLIM_120f_0004
3_KPCWT0430glu10min_740nm_3024mW_u1_poc0p2_20x0p75NA_457s50_g70_z1_256pix_basicFLIM_120f_0005.sdt,20260501_KPC_fixed_dishes_on_SLIM,batch1\fitet-sz-3component-b5,3_KPCWT0430glu10min_740nm_3024mW_u1_poc0p2_20x0p75NA_457s50_g70_z1_256pix_basicFLIM_120f_0005,5,False,glu,65536,13284,63847,65536,1128,65536,0,0.0,20260501_KPC_fixed_dishes_on_SLIM::batch1\fitet-sz-3component-b5::3_KPCWT0430glu10min_740nm_3024mW_u1_poc0p2_20x0p75NA_457s50_g70_z1_256pix_basicFLIM_120f_0005
3_KPCWT0430glu10min_740nm_3024mW_u1_poc0p2_20x0p75NA_457s50_g70_z1_256pix_basicFLIM_120f_0006.sdt,20260501_KPC_fixed_dishes_on_SLIM,batch1\fitet-sz-3component-b5,3_KPCWT0430glu10min_740nm_3024mW_u1_poc0p2_20x0p75NA_457s50_g70_z1_256pix_basicFLIM_120f_0006,5,False,glu,65536,22061,64575,65536,490,65536,0,0.0,20260501_KPC_fixed_dishes_on_SLIM::batch1\fitet-sz-3component-b5::3_KPCWT0430glu10min_740nm_3024mW_u1_poc0p2_20x0p75NA_457s50_g70_z1_256pix_basicFLIM_120f_0006
3_KPCWT0430glu10min_740nm_3024mW_u1_poc0p2_20x0p75NA_457s50_g70_z1_256pix_basicFLIM_120f_0007.sdt,20260501_KPC_fixed_dishes_on_SLIM,batch1\fitet-sz-3component-b5,3_KPCWT0430glu10min_740nm_3024mW_u1_poc0p2_20x0p75NA_457s50_g70_z1_256pix_basicFLIM_120f_0007,5,False,glu,65536,18912,64806,65536,358,65536,0,0.0,20260501_KPC_fixed_dishes_on_SLIM::batch1\fitet-sz-3component-b5::3_KPCWT0430glu10min_740nm_3024mW_u1_poc0p2_20x0p75NA_457s50_g70_z1_256pix_basicFLIM_120f_0007
3_KPCWT0430glu10min_740nm_3024mW_u1_poc0p2_20x0p75NA_457s50_g70_z1_256pix_basicFLIM_120f_0008.sdt,20260501_KPC_fixed_dishes_on_SLIM,batch1\fitet-sz-3component-b5,3_KPCWT0430glu10min_740nm_3024mW_u1_poc0p2_20x0p75NA_457s50_g70_z1_256pix_basicFLIM_120f_0008,5,False,glu,65536,58826,65482,65536,0,65536,0,0.0,20260501_KPC_fixed_dishes_on_SLIM::batch1\fitet-sz-3component-b5::3_KPCWT0430glu10min_740nm_3024mW_u1_poc0p2_20x0p75NA_457s50_g70_z1_256pix_basicFLIM_120f_0008
3_KPCWT0430glu10min_740nm_3024mW_u1_poc0p2_20x0p75NA_457s50_g70_z1_256pix_basicFLIM_120f_0009.sdt,20260501_KPC_fixed_dishes_on_SLIM,batch1\fitet-sz-3component-b5,3_KPCWT0430glu10min_740nm_3024mW_u1_poc0p2_20x0p75NA_457s50_g70_z1_256pix_basicFLIM_120f_0009,5,False,glu,65536,52164,65250,65536,160,65536,0,0.0,20260501_KPC_fixed_dishes_on_SLIM::batch1\fitet-sz-3component-b5::3_KPCWT0430glu10min_740nm_3024mW_u1_poc0p2_20x0p75NA_457s50_g70_z1_256pix_basicFLIM_120f_0009
3_KPCWT0430glu10min_740nm_3024mW_u1_poc0p2_20x0p75NA_535s50_g70_z1_256pix_basicFLIM_120f_0000.sdt,20260501_KPC_fixed_dishes_on_SLIM,batch1\fitet-sz-3component-b5,3_KPCWT0430glu10min_740nm_3024mW_u1_poc0p2_20x0p75NA_535s50_g70_z1_256pix_basicFLIM_120f_0000,5,False,glu,65536,52622,65073,65536,410,65536,0,0.0,20260501_KPC_fixed_dishes_on_SLIM::batch1\fitet-sz-3component-b5::3_KPCWT0430glu10min_740nm_3024mW_u1_poc0p2_20x0p75NA_535s50_g70_z1_256pix_basicFLIM_120f_0000
3_KPCWT0430glu10min_740nm_3024mW_u1_poc0p2_20x0p75NA_535s50_g70_z1_256pix_basicFLIM_120f_0001.sdt,20260501_KPC_fixed_dishes_on_SLIM,batch1\fitet-sz-3component-b5,3_KPCWT0430glu10min_740nm_3024mW_u1_poc0p2_20x0p75NA_535s50_g70_z1_256pix_basicFLIM_120f_0001,5,False,glu,65536,64661,64274,65536,0,65536,0,0.0,20260501_KPC_fixed_dishes_on_SLIM::batch1\fitet-sz-3component-b5::3_KPCWT0430glu10min_740nm_3024mW_u1_poc0p2_20x0p75NA_535s50_g70_z1_256pix_basicFLIM_120f_0001
3_KPCWT0430glu10min_740nm_3024mW_u1_poc0p2_20x0p75NA_535s50_g70_z1_256pix_basicFLIM_120f_0002.sdt,20260501_KPC_fixed_dishes_on_SLIM,batch1\fitet-sz-3component-b5,3_KPCWT0430glu10min_740nm_3024mW_u1_poc0p2_20x0p75NA_535s50_g70_z1_256pix_basicFLIM_120f_0002,5,False,glu,65536,62245,63899,65536,2,65536,0,0.0,20260501_KPC_fixed_dishes_on_SLIM::batch1\fitet-sz-3component-b5::3_KPCWT0430glu10min_740nm_3024mW_u1_poc0p2_20x0p75NA_535s50_g70_z1_256pix_basicFLIM_120f_0002
3_KPCWT0430glu10min_740nm_3024mW_u1_poc0p2_20x0p75NA_535s50_g70_z1_256pix_basicFLIM_120f_0003.sdt,20260501_KPC_fixed_dishes_on_SLIM,batch1\fitet-sz-3component-b5,3_KPCWT0430glu10min_740nm_3024mW_u1_poc0p2_20x0p75NA_535s50_g70_z1_256pix_basicFLIM_120f_0003,5,False,glu,65536,55008,65464,65536,2,65536,0,0.0,20260501_KPC_fixed_dishes_on_SLIM::batch1\fitet-sz-3component-b5::3_KPCWT0430glu10min_740nm_3024mW_u1_poc0p2_20x0p75NA_535s50_g70_z1_256pix_basicFLIM_120f_0003
3_KPCWT0430glu10min_740nm_3024mW_u1_poc0p2_20x0p75NA_535s50_g70_z1_256pix_basicFLIM_120f_0004.sdt,20260501_KPC_fixed_dishes_on_SLIM,batch1\fitet-sz-3component-b5,3_KPCWT0430glu10min_740nm_3024mW_u1_poc0p2_20x0p75NA_535s50_g70_z1_256pix_basicFLIM_120f_0004,5,False,glu,65536,64577,63254,65536,0,65536,0,0.0,20260501_KPC_fixed_dishes_on_SLIM::batch1\fitet-sz-3component-b5::3_KPCWT0430glu10min_740nm_3024mW_u1_poc0p2_20x0p75NA_535s50_g70_z1_256pix_basicFLIM_120f_0004
3_KPCWT0430glu10min_740nm_3024mW_u1_poc0p2_20x0p75NA_535s50_g70_z1_256pix_basicFLIM_120f_0005.sdt,20260501_KPC_fixed_dishes_on_SLIM,batch1\fitet-sz-3component-b5,3_KPCWT0430glu10min_740nm_3024mW_u1_poc0p2_20x0p75NA_535s50_g70_z1_256pix_basicFLIM_120f_0005,5,False,glu,65536,17643,65069,65536,1245,65536,0,0.0,20260501_KPC_fixed_dishes_on_SLIM::batch1\fitet-sz-3component-b5::3_KPCWT0430glu10min_740nm_3024mW_u1_poc0p2_20x0p75NA_535s50_g70_z1_256pix_basicFLIM_120f_0005
3_KPCWT0430glu10min_740nm_3024mW_u1_poc0p2_20x0p75NA_535s50_g70_z1_256pix_basicFLIM_120f_0006.sdt,20260501_KPC_fixed_dishes_on_SLIM,batch1\fitet-sz-3component-b5,3_KPCWT0430glu10min_740nm_3024mW_u1_poc0p2_20x0p75NA_535s50_g70_z1_256pix_basicFLIM_120f_0006,5,False,glu,65536,29729,65137,65536,583,65536,0,0.0,20260501_KPC_fixed_dishes_on_SLIM::batch1\fitet-sz-3component-b5::3_KPCWT0430glu10min_740nm_3024mW_u1_poc0p2_20x0p75NA_535s50_g70_z1_256pix_basicFLIM_120f_0006
3_KPCWT0430glu10min_740nm_3024mW_u1_poc0p2_20x0p75NA_535s50_g70_z1_256pix_basicFLIM_120f_0007.sdt,20260501_KPC_fixed_dishes_on_SLIM,batch1\fitet-sz-3component-b5,3_KPCWT0430glu10min_740nm_3024mW_u1_poc0p2_20x0p75NA_535s50_g70_z1_256pix_basicFLIM_120f_0007,5,False,glu,65536,29945,65175,65536,608,65536,3,0.0,20260501_KPC_fixed_dishes_on_SLIM::batch1\fitet-sz-3component-b5::3_KPCWT0430glu10min_740nm_3024mW_u1_poc0p2_20x0p75NA_535s50_g70_z1_256pix_basicFLIM_120f_0007
3_KPCWT0430glu10min_740nm_3024mW_u1_poc0p2_20x0p75NA_535s50_g70_z1_256pix_basicFLIM_120f_0008.sdt,20260501_KPC_fixed_dishes_on_SLIM,batch1\fitet-sz-3component-b5,3_KPCWT0430glu10min_740nm_3024mW_u1_poc0p2_20x0p75NA_535s50_g70_z1_256pix_basicFLIM_120f_0008,5,False,glu,65536,63638,64922,65536,2,65536,0,0.0,20260501_KPC_fixed_dishes_on_SLIM::batch1\fitet-sz-3component-b5::3_KPCWT0430glu10min_740nm_3024mW_u1_poc0p2_20x0p75NA_535s50_g70_z1_256pix_basicFLIM_120f_0008
3_KPCWT0430glu10min_740nm_3024mW_u1_poc0p2_20x0p75NA_535s50_g70_z1_256pix_basicFLIM_120f_0009.sdt,20260501_KPC_fixed_dishes_on_SLIM,batch1\fitet-sz-3component-b5,3_KPCWT0430glu10min_740nm_3024mW_u1_poc0p2_20x0p75NA_535s50_g70_z1_256pix_basicFLIM_120f_0009,5,False,glu,65536,57571,65005,65536,168,65536,0,0.0,20260501_KPC_fixed_dishes_on_SLIM::batch1\fitet-sz-3component-b5::3_KPCWT0430glu10min_740nm_3024mW_u1_poc0p2_20x0p75NA_535s50_g70_z1_256pix_basicFLIM_120f_0009
4_BKO0430glu10min_740nm_3024mW_u1_poc0p2_20x0p75NA_535s50_g70_z1_256pix_basicFLIM_40f_0000.sdt,20260501_KPC_fixed_dishes_on_SLIM,batch1\fitet-sz-3component-b5,4_BKO0430glu10min_740nm_3024mW_u1_poc0p2_20x0p75NA_535s50_g70_z1_256pix_basicFLIM_40f_0000,5,False,glu,65536,4545,64854,65536,511,65536,0,0.0,20260501_KPC_fixed_dishes_on_SLIM::batch1\fitet-sz-3component-b5::4_BKO0430glu10min_740nm_3024mW_u1_poc0p2_20x0p75NA_535s50_g70_z1_256pix_basicFLIM_40f_0000
4_BKO0430glu10min_740nm_3024mW_u1_poc0p2_20x0p75NA_535s50_g70_z1_256pix_basicFLIM_40f_0001.sdt,20260501_KPC_fixed_dishes_on_SLIM,batch1\fitet-sz-3component-b5,4_BKO0430glu10min_740nm_3024mW_u1_poc0p2_20x0p75NA_535s50_g70_z1_256pix_basicFLIM_40f_0001,5,False,glu,65536,172,64584,65536,494,65536,0,0.0,20260501_KPC_fixed_dishes_on_SLIM::batch1\fitet-sz-3component-b5::4_BKO0430glu10min_740nm_3024mW_u1_poc0p2_20x0p75NA_535s50_g70_z1_256pix_basicFLIM_40f_0001
4_BKO0430glu10min_740nm_3024mW_u1_poc0p2_20x0p75NA_535s50_g70_z1_256pix_basicFLIM_40f_0002.sdt,20260501_KPC_fixed_dishes_on_SLIM,batch1\fitet-sz-3component-b5,4_BKO0430glu10min_740nm_3024mW_u1_poc0p2_20x0p75NA_535s50_g70_z1_256pix_basicFLIM_40f_0002,5,False,glu,65536,50,64141,65536,1186,65536,0,0.0,20260501_KPC_fixed_dishes_on_SLIM::batch1\fitet-sz-3component-b5::4_BKO0430glu10min_740nm_3024mW_u1_poc0p2_20x0p75NA_535s50_g70_z1_256pix_basicFLIM_40f_0002
4_BKO0430glu10min_740nm_3024mW_u1_poc0p2_20x0p75NA_535s50_g70_z1_256pix_basicFLIM_40f_0003.sdt,20260501_KPC_fixed_dishes_on_SLIM,batch1\fitet-sz-3component-b5,4_BKO0430glu10min_740nm_3024mW_u1_poc0p2_20x0p75NA_535s50_g70_z1_256pix_basicFLIM_40f_0003,5,False,glu,65536,30,64716,65536,711,65536,0,0.0,20260501_KPC_fixed_dishes_on_SLIM::batch1\fitet-sz-3component-b5::4_BKO0430glu10min_740nm_3024mW_u1_poc0p2_20x0p75NA_535s50_g70_z1_256pix_basicFLIM_40f_0003
4_BKO0430glu10min_740nm_3024mW_u1_poc0p2_20x0p75NA_535s50_g70_z1_256pix_basicFLIM_40f_0004.sdt,20260501_KPC_fixed_dishes_on_SLIM,batch1\fitet-sz-3component-b5,4_BKO0430glu10min_740nm_3024mW_u1_poc0p2_20x0p75NA_535s50_g70_z1_256pix_basicFLIM_40f_0004,5,False,glu,65536,0,64503,65536,705,65536,0,0.0,20260501_KPC_fixed_dishes_on_SLIM::batch1\fitet-sz-3component-b5::4_BKO0430glu10min_740nm_3024mW_u1_poc0p2_20x0p75NA_535s50_g70_z1_256pix_basicFLIM_40f_0004
4_BKO0430glu10min_740nm_3024mW_u1_poc0p2_20x0p75NA_535s50_g70_z1_256pix_basicFLIM_40f_0005.sdt,20260501_KPC_fixed_dishes_on_SLIM,batch1\fitet-sz-3component-b5,4_BKO0430glu10min_740nm_3024mW_u1_poc0p2_20x0p75NA_535s50_g70_z1_256pix_basicFLIM_40f_0005,5,False,glu,65536,5239,52772,57969,7564,65536,35,0.1,20260501_KPC_fixed_dishes_on_SLIM::batch1\fitet-sz-3component-b5::4_BKO0430glu10min_740nm_3024mW_u1_poc0p2_20x0p75NA_535s50_g70_z1_256pix_basicFLIM_40f_0005
4_BKO0430glu10min_740nm_3024mW_u1_poc0p2_20x0p75NA_535s50_g70_z1_256pix_basicFLIM_40f_0006.sdt,20260501_KPC_fixed_dishes_on_SLIM,batch1\fitet-sz-3component-b5,4_BKO0430glu10min_740nm_3024mW_u1_poc0p2_20x0p75NA_535s50_g70_z1_256pix_basicFLIM_40f_0006,5,False,glu,65536,5154,64962,65536,412,65536,3,0.0,20260501_KPC_fixed_dishes_on_SLIM::batch1\fitet-sz-3component-b5::4_BKO0430glu10min_740nm_3024mW_u1_poc0p2_20x0p75NA_535s50_g70_z1_256pix_basicFLIM_40f_0006
4_BKO0430glu10min_740nm_3024mW_u1_poc0p2_20x0p75NA_535s50_g70_z1_256pix_basicFLIM_40f_0007.sdt,20260501_KPC_fixed_dishes_on_SLIM,batch1\fitet-sz-3component-b5,4_BKO0430glu10min_740nm_3024mW_u1_poc0p2_20x0p75NA_535s50_g70_z1_256pix_basicFLIM_40f_0007,5,False,glu,65536,0,64494,65536,816,65536,0,0.0,20260501_KPC_fixed_dishes_on_SLIM::batch1\fitet-sz-3component-b5::4_BKO0430glu10min_740nm_3024mW_u1_poc0p2_20x0p75NA_535s50_g70_z1_256pix_basicFLIM_40f_0007
4_BKO0430glu10min_740nm_3024mW_u1_poc0p2_20x0p75NA_535s50_g70_z1_256pix_basicFLIM_40f_0008.sdt,20260501_KPC_fixed_dishes_on_SLIM,batch1\fitet-sz-3component-b5,4_BKO0430glu10min_740nm_3024mW_u1_poc0p2_20x0p75NA_535s50_g70_z1_256pix_basicFLIM_40f_0008,5,False,glu,65536,0,64292,65536,1372,65536,0,0.0,20260501_KPC_fixed_dishes_on_SLIM::batch1\fitet-sz-3component-b5::4_BKO0430glu10min_740nm_3024mW_u1_poc0p2_20x0p75NA_535s50_g70_z1_256pix_basicFLIM_40f_0008
4_BKO0430glu10min_740nm_3024mW_u1_poc0p2_20x0p75NA_535s50_g70_z1_256pix_basicFLIM_40f_0009.sdt,20260501_KPC_fixed_dishes_on_SLIM,batch1\fitet-sz-3component-b5,4_BKO0430glu10min_740nm_3024mW_u1_poc0p2_20x0p75NA_535s50_g70_z1_256pix_basicFLIM_40f_0009,5,False,glu,65536,67,64896,65536,452,65536,0,0.0,20260501_KPC_fixed_dishes_on_SLIM::batch1\fitet-sz-3component-b5::4_BKO0430glu10min_740nm_3024mW_u1_poc0p2_20x0p75NA_535s50_g70_z1_256pix_basicFLIM_40f_0009
4_BKO0430glu10min_740nm_3024mW_u1_poc0p2_20x0p75NA_535s50_g70_z1_256pix_basicFLIM_60f_0000.sdt,20260501_KPC_fixed_dishes_on_SLIM,batch1\fitet-sz-3component-b5,4_BKO0430glu10min_740nm_3024mW_u1_poc0p2_20x0p75NA_535s50_g70_z1_256pix_basicFLIM_60f_0000,5,False,glu,65536,32137,65337,65536,15,65536,1,0.0,20260501_KPC_fixed_dishes_on_SLIM::batch1\fitet-sz-3component-b5::4_BKO0430glu10min_740nm_3024mW_u1_poc0p2_20x0p75NA_535s50_g70_z1_256pix_basicFLIM_60f_0000
4_BKO0430glu10min_740nm_3024mW_u1_poc0p2_20x0p75NA_535s50_g70_z1_256pix_basicFLIM_60f_0001.sdt,20260501_KPC_fixed_dishes_on_SLIM,batch1\fitet-sz-3component-b5,4_BKO0430glu10min_740nm_3024mW_u1_poc0p2_20x0p75NA_535s50_g70_z1_256pix_basicFLIM_60f_0001,5,False,glu,65536,31165,65328,65536,114,65536,0,0.0,20260501_KPC_fixed_dishes_on_SLIM::batch1\fitet-sz-3component-b5::4_BKO0430glu10min_740nm_3024mW_u1_poc0p2_20x0p75NA_535s50_g70_z1_256pix_basicFLIM_60f_0001
4_BKO0430glu10min_740nm_3024mW_u1_poc0p2_20x0p75NA_535s50_g70_z1_256pix_basicFLIM_60f_0002.sdt,20260501_KPC_fixed_dishes_on_SLIM,batch1\fitet-sz-3component-b5,4_BKO0430glu10min_740nm_3024mW_u1_poc0p2_20x0p75NA_535s50_g70_z1_256pix_basicFLIM_60f_0002,5,False,glu,65536,9422,65003,65536,384,65536,0,0.0,20260501_KPC_fixed_dishes_on_SLIM::batch1\fitet-sz-3component-b5::4_BKO0430glu10min_740nm_3024mW_u1_poc0p2_20x0p75NA_535s50_g70_z1_256pix_basicFLIM_60f_0002
4_BKO0430glu10min_740nm_3024mW_u1_poc0p2_20x0p75NA_535s50_g70_z1_256pix_basicFLIM_60f_0003.sdt,20260501_KPC_fixed_dishes_on_SLIM,batch1\fitet-sz-3component-b5,4_BKO0430glu10min_740nm_3024mW_u1_poc0p2_20x0p75NA_535s50_g70_z1_256pix_basicFLIM_60f_0003,5,False,glu,65536,14318,65137,65536,218,65536,2,0.0,20260501_KPC_fixed_dishes_on_SLIM::batch1\fitet-sz-3component-b5::4_BKO0430glu10min_740nm_3024mW_u1_poc0p2_20x0p75NA_535s50_g70_z1_256pix_basicFLIM_60f_0003
4_BKO0430glu10min_740nm_3024mW_u1_poc0p2_20x0p75NA_535s50_g70_z1_256pix_basicFLIM_60f_0004.sdt,20260501_KPC_fixed_dishes_on_SLIM,batch1\fitet-sz-3component-b5,4_BKO0430glu10min_740nm_3024mW_u1_poc0p2_20x0p75NA_535s50_g70_z1_256pix_basicFLIM_60f_0004,5,False,glu,65536,1421,64978,65536,66,65536,0,0.0,20260501_KPC_fixed_dishes_on_SLIM::batch1\fitet-sz-3component-b5::4_BKO0430glu10min_740nm_3024mW_u1_poc0p2_20x0p75NA_535s50_g70_z1_256pix_basicFLIM_60f_0004
4_BKO0430glu10min_740nm_3024mW_u1_poc0p2_20x0p75NA_535s50_g70_z1_256pix_basicFLIM_60f_0005.sdt,20260501_KPC_fixed_dishes_on_SLIM,batch1\fitet-sz-3component-b5,4_BKO0430glu10min_740nm_3024mW_u1_poc0p2_20x0p75NA_535s50_g70_z1_256pix_basicFLIM_60f_0005,5,False,glu,65536,9664,54894,58315,5338,65536,0,0.0,20260501_KPC_fixed_dishes_on_SLIM::batch1\fitet-sz-3component-b5::4_BKO0430glu10min_740nm_3024mW_u1_poc0p2_20x0p75NA_535s50_g70_z1_256pix_basicFLIM_60f_0005
4_BKO0430glu10min_740nm_3024mW_u1_poc0p2_20x0p75NA_535s50_g70_z1_256pix_basicFLIM_60f_0006.sdt,20260501_KPC_fixed_dishes_on_SLIM,batch1\fitet-sz-3component-b5,4_BKO0430glu10min_740nm_3024mW_u1_poc0p2_20x0p75NA_535s50_g70_z1_256pix_basicFLIM_60f_0006,5,False,glu,65536,36538,65354,65536,126,65536,2,0.0,20260501_KPC_fixed_dishes_on_SLIM::batch1\fitet-sz-3component-b5::4_BKO0430glu10min_740nm_3024mW_u1_poc0p2_20x0p75NA_535s50_g70_z1_256pix_basicFLIM_60f_0006
4_BKO0430glu10min_740nm_3024mW_u1_poc0p2_20x0p75NA_535s50_g70_z1_256pix_basicFLIM_60f_0007.sdt,20260501_KPC_fixed_dishes_on_SLIM,batch1\fitet-sz-3component-b5,4_BKO0430glu10min_740nm_3024mW_u1_poc0p2_20x0p75NA_535s50_g70_z1_256pix_basicFLIM_60f_0007,5,False,glu,65536,11259,65091,65536,233,65536,18,0.0,20260501_KPC_fixed_dishes_on_SLIM::batch1\fitet-sz-3component-b5::4_BKO0430glu10min_740nm_3024mW_u1_poc0p2_20x0p75NA_535s50_g70_z1_256pix_basicFLIM_60f_0007
4_BKO0430glu10min_740nm_3024mW_u1_poc0p2_20x0p75NA_535s50_g70_z1_256pix_basicFLIM_60f_0008.sdt,20260501_KPC_fixed_dishes_on_SLIM,batch1\fitet-sz-3component-b5,4_BKO0430glu10min_740nm_3024mW_u1_poc0p2_20x0p75NA_535s50_g70_z1_256pix_basicFLIM_60f_0008,5,False,glu,65536,11494,65021,65536,386,65536,0,0.0,20260501_KPC_fixed_dishes_on_SLIM::batch1\fitet-sz-3component-b5::4_BKO0430glu10min_740nm_3024mW_u1_poc0p2_20x0p75NA_535s50_g70_z1_256pix_basicFLIM_60f_0008
4_BKO0430glu10min_740nm_3024mW_u1_poc0p2_20x0p75NA_535s50_g70_z1_256pix_basicFLIM_60f_0009.sdt,20260501_KPC_fixed_dishes_on_SLIM,batch1\fitet-sz-3component-b5,4_BKO0430glu10min_740nm_3024mW_u1_poc0p2_20x0p75NA_535s50_g70_z1_256pix_basicFLIM_60f_0009,5,False,glu,65536,26958,65357,65536,32,65536,3,0.0,20260501_KPC_fixed_dishes_on_SLIM::batch1\fitet-sz-3component-b5::4_BKO0430glu10min_740nm_3024mW_u1_poc0p2_20x0p75NA_535s50_g70_z1_256pix_basicFLIM_60f_0009
4_BKO0430glu10min_740nm_3038mW_u1_poc0p2_20x0p75NA_457s50_g70_z1_256pix_basicFLIM_100f_0000.sdt,20260501_KPC_fixed_dishes_on_SLIM,batch1\fitet-sz-3component-b5,4_BKO0430glu10min_740nm_3038mW_u1_poc0p2_20x0p75NA_457s50_g70_z1_256pix_basicFLIM_100f_0000,5,False,glu,65536,34762,65033,65536,37,65536,2,0.0,20260501_KPC_fixed_dishes_on_SLIM::batch1\fitet-sz-3component-b5::4_BKO0430glu10min_740nm_3038mW_u1_poc0p2_20x0p75NA_457s50_g70_z1_256pix_basicFLIM_100f_0000
4_BKO0430glu10min_740nm_3038mW_u1_poc0p2_20x0p75NA_457s50_g70_z1_256pix_basicFLIM_100f_0001.sdt,20260501_KPC_fixed_dishes_on_SLIM,batch1\fitet-sz-3component-b5,4_BKO0430glu10min_740nm_3038mW_u1_poc0p2_20x0p75NA_457s50_g70_z1_256pix_basicFLIM_100f_0001,5,False,glu,65536,24560,64851,65536,58,65536,0,0.0,20260501_KPC_fixed_dishes_on_SLIM::batch1\fitet-sz-3component-b5::4_BKO0430glu10min_740nm_3038mW_u1_poc0p2_20x0p75NA_457s50_g70_z1_256pix_basicFLIM_100f_0001
4_BKO0430glu10min_740nm_3038mW_u1_poc0p2_20x0p75NA_457s50_g70_z1_256pix_basicFLIM_100f_0002.sdt,20260501_KPC_fixed_dishes_on_SLIM,batch1\fitet-sz-3component-b5,4_BKO0430glu10min_740nm_3038mW_u1_poc0p2_20x0p75NA_457s50_g70_z1_256pix_basicFLIM_100f_0002,5,False,glu,65536,9574,64375,65536,324,65536,1,0.0,20260501_KPC_fixed_dishes_on_SLIM::batch1\fitet-sz-3component-b5::4_BKO0430glu10min_740nm_3038mW_u1_poc0p2_20x0p75NA_457s50_g70_z1_256pix_basicFLIM_100f_0002
4_BKO0430glu10min_740nm_3038mW_u1_poc0p2_20x0p75NA_457s50_g70_z1_256pix_basicFLIM_100f_0003.sdt,20260501_KPC_fixed_dishes_on_SLIM,batch1\fitet-sz-3component-b5,4_BKO0430glu10min_740nm_3038mW_u1_poc0p2_20x0p75NA_457s50_g70_z1_256pix_basicFLIM_100f_0003,5,False,glu,65536,24164,64904,65536,82,65536,0,0.0,20260501_KPC_fixed_dishes_on_SLIM::batch1\fitet-sz-3component-b5::4_BKO0430glu10min_740nm_3038mW_u1_poc0p2_20x0p75NA_457s50_g70_z1_256pix_basicFLIM_100f_0003
4_BKO0430glu10min_740nm_3038mW_u1_poc0p2_20x0p75NA_457s50_g70_z1_256pix_basicFLIM_100f_0004.sdt,20260501_KPC_fixed_dishes_on_SLIM,batch1\fitet-sz-3component-b5,4_BKO0430glu10min_740nm_3038mW_u1_poc0p2_20x0p75NA_457s50_g70_z1_256pix_basicFLIM_100f_0004,5,False,glu,65536,6924,64693,65536,101,65536,0,0.0,20260501_KPC_fixed_dishes_on_SLIM::batch1\fitet-sz-3component-b5::4_BKO0430glu10min_740nm_3038mW_u1_poc0p2_20x0p75NA_457s50_g70_z1_256pix_basicFLIM_100f_0004
4_BKO0430glu10min_740nm_3038mW_u1_poc0p2_20x0p75NA_457s50_g70_z1_256pix_basicFLIM_100f_0005.sdt,20260501_KPC_fixed_dishes_on_SLIM,batch1\fitet-sz-3component-b5,4_BKO0430glu10min_740nm_3038mW_u1_poc0p2_20x0p75NA_457s50_g70_z1_256pix_basicFLIM_100f_0005,5,False,glu,65536,11682,56317,59039,3889,65536,0,0.0,20260501_KPC_fixed_dishes_on_SLIM::batch1\fitet-sz-3component-b5::4_BKO0430glu10min_740nm_3038mW_u1_poc0p2_20x0p75NA_457s50_g70_z1_256pix_basicFLIM_100f_0005
4_BKO0430glu10min_740nm_3038mW_u1_poc0p2_20x0p75NA_457s50_g70_z1_256pix_basicFLIM_100f_0006.sdt,20260501_KPC_fixed_dishes_on_SLIM,batch1\fitet-sz-3component-b5,4_BKO0430glu10min_740nm_3038mW_u1_poc0p2_20x0p75NA_457s50_g70_z1_256pix_basicFLIM_100f_0006,5,False,glu,65536,44281,65056,65536,98,65536,2,0.0,20260501_KPC_fixed_dishes_on_SLIM::batch1\fitet-sz-3component-b5::4_BKO0430glu10min_740nm_3038mW_u1_poc0p2_20x0p75NA_457s50_g70_z1_256pix_basicFLIM_100f_0006
4_BKO0430glu10min_740nm_3038mW_u1_poc0p2_20x0p75NA_457s50_g70_z1_256pix_basicFLIM_100f_0007.sdt,20260501_KPC_fixed_dishes_on_SLIM,batch1\fitet-sz-3component-b5,4_BKO0430glu10min_740nm_3038mW_u1_poc0p2_20x0p75NA_457s50_g70_z1_256pix_basicFLIM_100f_0007,5,False,glu,65536,11709,64737,65536,157,65536,1,0.0,20260501_KPC_fixed_dishes_on_SLIM::batch1\fitet-sz-3component-b5::4_BKO0430glu10min_740nm_3038mW_u1_poc0p2_20x0p75NA_457s50_g70_z1_256pix_basicFLIM_100f_0007
4_BKO0430glu10min_740nm_3038mW_u1_poc0p2_20x0p75NA_457s50_g70_z1_256pix_basicFLIM_100f_0008.sdt,20260501_KPC_fixed_dishes_on_SLIM,batch1\fitet-sz-3component-b5,4_BKO0430glu10min_740nm_3038mW_u1_poc0p2_20x0p75NA_457s50_g70_z1_256pix_basicFLIM_100f_0008,5,False,glu,65536,12961,64363,65536,409,65536,0,0.0,20260501_KPC_fixed_dishes_on_SLIM::batch1\fitet-sz-3component-b5::4_BKO0430glu10min_740nm_3038mW_u1_poc0p2_20x0p75NA_457s50_g70_z1_256pix_basicFLIM_100f_0008
4_BKO0430glu10min_740nm_3038mW_u1_poc0p2_20x0p75NA_457s50_g70_z1_256pix_basicFLIM_100f_0009.sdt,20260501_KPC_fixed_dishes_on_SLIM,batch1\fitet-sz-3component-b5,4_BKO0430glu10min_740nm_3038mW_u1_poc0p2_20x0p75NA_457s50_g70_z1_256pix_basicFLIM_100f_0009,5,False,glu,65536,33795,64957,65536,6,65536,0,0.0,20260501_KPC_fixed_dishes_on_SLIM::batch1\fitet-sz-3component-b5::4_BKO0430glu10min_740nm_3038mW_u1_poc0p2_20x0p75NA_457s50_g70_z1_256pix_basicFLIM_100f_0009
3_KPCWTlive_740nm_3033mW_u1_poc0p1_20x0p75NA_475s50_g70_z1_256pix_basicFLIM_120f_overloadedposns_0000.sdt,20260508_KPC_live_on_SLIM,fitet-sf-c2-b5,3_KPCWTlive_740nm_3033mW_u1_poc0p1_20x0p75NA_475s50_g70_z1_256pix_basicFLIM_120f_overloadedposns_0000,5,True,live,65536,21364,60485,65535,64005,65087,20922,31.9,20260508_KPC_live_on_SLIM::fitet-sf-c2-b5::3_KPCWTlive_740nm_3033mW_u1_poc0p1_20x0p75NA_475s50_g70_z1_256pix_basicFLIM_120f_overloadedposns_0000
3_KPCWTlive_740nm_3033mW_u1_poc0p25_20x0p75NA_535s50_g70_z1_256pix_basicFLIM_120f_0000.sdt,20260508_KPC_live_on_SLIM,fitet-sf-c2-b5,3_KPCWTlive_740nm_3033mW_u1_poc0p25_20x0p75NA_535s50_g70_z1_256pix_basicFLIM_120f_0000,5,True,live,65536,65536,64892,65536,65236,65103,64437,98.3,20260508_KPC_live_on_SLIM::fitet-sf-c2-b5::3_KPCWTlive_740nm_3033mW_u1_poc0p25_20x0p75NA_535s50_g70_z1_256pix_basicFLIM_120f_0000
3_KPCWTlive_740nm_3033mW_u1_poc0p25_20x0p75NA_535s50_g70_z1_256pix_basicFLIM_120f_0001.sdt,20260508_KPC_live_on_SLIM,fitet-sf-c2-b5,3_KPCWTlive_740nm_3033mW_u1_poc0p25_20x0p75NA_535s50_g70_z1_256pix_basicFLIM_120f_0001,5,True,live,65536,63788,64300,65536,65447,65536,62509,95.4,20260508_KPC_live_on_SLIM::fitet-sf-c2-b5::3_KPCWTlive_740nm_3033mW_u1_poc0p25_20x0p75NA_535s50_g70_z1_256pix_basicFLIM_120f_0001
3_KPCWTlive_740nm_3033mW_u1_poc0p25_20x0p75NA_535s50_g70_z1_256pix_basicFLIM_120f_0002.sdt,20260508_KPC_live_on_SLIM,fitet-sf-c2-b5,3_KPCWTlive_740nm_3033mW_u1_poc0p25_20x0p75NA_535s50_g70_z1_256pix_basicFLIM_120f_0002,5,True,live,65536,57888,64373,65536,65144,65536,56832,86.7,20260508_KPC_live_on_SLIM::fitet-sf-c2-b5::3_KPCWTlive_740nm_3033mW_u1_poc0p25_20x0p75NA_535s50_g70_z1_256pix_basicFLIM_120f_0002
3_KPCWTlive_740nm_3033mW_u1_poc0p25_20x0p75NA_535s50_g70_z1_256pix_basicFLIM_120f_0003.sdt,20260508_KPC_live_on_SLIM,fitet-sf-c2-b5,3_KPCWTlive_740nm_3033mW_u1_poc0p25_20x0p75NA_535s50_g70_z1_256pix_basicFLIM_120f_0003,5,True,live,65536,65171,64737,65536,65254,65133,64008,97.7,20260508_KPC_live_on_SLIM::fitet-sf-c2-b5::3_KPCWTlive_740nm_3033mW_u1_poc0p25_20x0p75NA_535s50_g70_z1_256pix_basicFLIM_120f_0003
3_KPCWTlive_740nm_3033mW_u1_poc0p25_20x0p75NA_535s50_g70_z1_256pix_basicFLIM_120f_0004.sdt,20260508_KPC_live_on_SLIM,fitet-sf-c2-b5,3_KPCWTlive_740nm_3033mW_u1_poc0p25_20x0p75NA_535s50_g70_z1_256pix_basicFLIM_120f_0004,5,True,live,65536,59589,64545,65536,65264,65361,58508,89.3,20260508_KPC_live_on_SLIM::fitet-sf-c2-b5::3_KPCWTlive_740nm_3033mW_u1_poc0p25_20x0p75NA_535s50_g70_z1_256pix_basicFLIM_120f_0004
3_KPCWTlive_740nm_3033mW_u1_poc0p25_20x0p75NA_535s50_g70_z1_256pix_basicFLIM_120f_0005.sdt,20260508_KPC_live_on_SLIM,fitet-sf-c2-b5,3_KPCWTlive_740nm_3033mW_u1_poc0p25_20x0p75NA_535s50_g70_z1_256pix_basicFLIM_120f_0005,5,True,live,65536,65286,64819,65536,65327,65219,64319,98.1,20260508_KPC_live_on_SLIM::fitet-sf-c2-b5::3_KPCWTlive_740nm_3033mW_u1_poc0p25_20x0p75NA_535s50_g70_z1_256pix_basicFLIM_120f_0005
3_KPCWTlive_740nm_3033mW_u1_poc0p25_20x0p75NA_535s50_g70_z1_256pix_basicFLIM_120f_0006.sdt,20260508_KPC_live_on_SLIM,fitet-sf-c2-b5,3_KPCWTlive_740nm_3033mW_u1_poc0p25_20x0p75NA_535s50_g70_z1_256pix_basicFLIM_120f_0006,5,True,live,65536,65523,64938,65536,65530,65536,64919,99.1,20260508_KPC_live_on_SLIM::fitet-sf-c2-b5::3_KPCWTlive_740nm_3033mW_u1_poc0p25_20x0p75NA_535s50_g70_z1_256pix_basicFLIM_120f_0006
3_KPCWTlive_740nm_3033mW_u1_poc0p25_20x0p75NA_535s50_g70_z1_256pix_basicFLIM_120f_0007.sdt,20260508_KPC_live_on_SLIM,fitet-sf-c2-b5,3_KPCWTlive_740nm_3033mW_u1_poc0p25_20x0p75NA_535s50_g70_z1_256pix_basicFLIM_120f_0007,5,True,live,65536,65536,65060,65536,65531,65525,65054,99.3,20260508_KPC_live_on_SLIM::fitet-sf-c2-b5::3_KPCWTlive_740nm_3033mW_u1_poc0p25_20x0p75NA_535s50_g70_z1_256pix_basicFLIM_120f_0007
3_KPCWTlive_740nm_3033mW_u1_poc0p25_20x0p75NA_535s50_g70_z1_256pix_basicFLIM_120f_0008.sdt,20260508_KPC_live_on_SLIM,fitet-sf-c2-b5,3_KPCWTlive_740nm_3033mW_u1_poc0p25_20x0p75NA_535s50_g70_z1_256pix_basicFLIM_120f_0008,5,True,live,65536,41650,64438,65536,59625,65536,39321,60.0,20260508_KPC_live_on_SLIM::fitet-sf-c2-b5::3_KPCWTlive_740nm_3033mW_u1_poc0p25_20x0p75NA_535s50_g70_z1_256pix_basicFLIM_120f_0008
3_KPCWTlive_740nm_3033mW_u1_poc0p25_20x0p75NA_535s50_g70_z1_256pix_basicFLIM_120f_0009.sdt,20260508_KPC_live_on_SLIM,fitet-sf-c2-b5,3_KPCWTlive_740nm_3033mW_u1_poc0p25_20x0p75NA_535s50_g70_z1_256pix_basicFLIM_120f_0009,5,True,live,65536,52095,64533,65536,61578,65429,50133,76.5,20260508_KPC_live_on_SLIM::fitet-sf-c2-b5::3_KPCWTlive_740nm_3033mW_u1_poc0p25_20x0p75NA_535s50_g70_z1_256pix_basicFLIM_120f_0009
3_KPCWTlive_740nm_3033mW_u1_poc0p25_20x0p75NA_535s50_g70_z1_256pix_basicFLIM_120f_0010.sdt,20260508_KPC_live_on_SLIM,fitet-sf-c2-b5,3_KPCWTlive_740nm_3033mW_u1_poc0p25_20x0p75NA_535s50_g70_z1_256pix_basicFLIM_120f_0010,5,True,live,65536,59331,64647,65536,64416,65252,57894,88.3,20260508_KPC_live_on_SLIM::fitet-sf-c2-b5::3_KPCWTlive_740nm_3033mW_u1_poc0p25_20x0p75NA_535s50_g70_z1_256pix_basicFLIM_120f_0010
3_KPCWTlive_740nm_3033mW_u1_poc0p25_20x0p75NA_535s50_g70_z1_256pix_basicFLIM_120f_0011.sdt,20260508_KPC_live_on_SLIM,fitet-sf-c2-b5,3_KPCWTlive_740nm_3033mW_u1_poc0p25_20x0p75NA_535s50_g70_z1_256pix_basicFLIM_120f_0011,5,True,live,65536,64524,64505,65536,65171,65172,63321,96.6,20260508_KPC_live_on_SLIM::fitet-sf-c2-b5::3_KPCWTlive_740nm_3033mW_u1_poc0p25_20x0p75NA_535s50_g70_z1_256pix_basicFLIM_120f_0011
3_KPCWTlive_740nm_3033mW_u1_poc0p25_20x0p75NA_535s50_g70_z1_256pix_basicFLIM_120f_0012.sdt,20260508_KPC_live_on_SLIM,fitet-sf-c2-b5,3_KPCWTlive_740nm_3033mW_u1_poc0p25_20x0p75NA_535s50_g70_z1_256pix_basicFLIM_120f_0012,5,True,live,65536,39180,63903,65536,63407,65152,37943,57.9,20260508_KPC_live_on_SLIM::fitet-sf-c2-b5::3_KPCWTlive_740nm_3033mW_u1_poc0p25_20x0p75NA_535s50_g70_z1_256pix_basicFLIM_120f_0012
3_KPCWTlive_740nm_3033mW_u1_poc0p25_20x0p75NA_535s50_g70_z1_256pix_basicFLIM_120f_0013.sdt,20260508_KPC_live_on_SLIM,fitet-sf-c2-b5,3_KPCWTlive_740nm_3033mW_u1_poc0p25_20x0p75NA_535s50_g70_z1_256pix_basicFLIM_120f_0013,5,True,live,65536,39498,64301,65536,61012,64901,38006,58.0,20260508_KPC_live_on_SLIM::fitet-sf-c2-b5::3_KPCWTlive_740nm_3033mW_u1_poc0p25_20x0p75NA_535s50_g70_z1_256pix_basicFLIM_120f_0013
3_KPCWTlive_740nm_3033mW_u1_poc0p25_20x0p75NA_535s50_g70_z1_256pix_basicFLIM_120f_0014.sdt,20260508_KPC_live_on_SLIM,fitet-sf-c2-b5,3_KPCWTlive_740nm_3033mW_u1_poc0p25_20x0p75NA_535s50_g70_z1_256pix_basicFLIM_120f_0014,5,True,live,65536,61573,64424,65536,64830,64941,59929,91.4,20260508_KPC_live_on_SLIM::fitet-sf-c2-b5::3_KPCWTlive_740nm_3033mW_u1_poc0p25_20x0p75NA_535s50_g70_z1_256pix_basicFLIM_120f_0014
3_KPCWTlive_740nm_3033mW_u1_poc0p25_20x0p75NA_535s50_g70_z1_256pix_basicFLIM_120f_0015.sdt,20260508_KPC_live_on_SLIM,fitet-sf-c2-b5,3_KPCWTlive_740nm_3033mW_u1_poc0p25_20x0p75NA_535s50_g70_z1_256pix_basicFLIM_120f_0015,5,True,live,65536,57767,64288,65536,65010,64996,56373,86.0,20260508_KPC_live_on_SLIM::fitet-sf-c2-b5::3_KPCWTlive_740nm_3033mW_u1_poc0p25_20x0p75NA_535s50_g70_z1_256pix_basicFLIM_120f_0015
3_KPCWTlive_740nm_3033mW_u1_poc0p25_20x0p75NA_535s50_g70_z1_256pix_basicFLIM_120f_0016.sdt,20260508_KPC_live_on_SLIM,fitet-sf-c2-b5,3_KPCWTlive_740nm_3033mW_u1_poc0p25_20x0p75NA_535s50_g70_z1_256pix_basicFLIM_120f_0016,5,True,live,65536,54480,64510,65536,64675,65358,53621,81.8,20260508_KPC_live_on_SLIM::fitet-sf-c2-b5::3_KPCWTlive_740nm_3033mW_u1_poc0p25_20x0p75NA_535s50_g70_z1_256pix_basicFLIM_120f_0016
3_KPCWTlive_740nm_3033mW_u1_poc0p25_20x0p75NA_535s50_g70_z1_256pix_basicFLIM_120f_0017.sdt,20260508_KPC_live_on_SLIM,fitet-sf-c2-b5,3_KPCWTlive_740nm_3033mW_u1_poc0p25_20x0p75NA_535s50_g70_z1_256pix_basicFLIM_120f_0017,5,True,live,65536,57031,64554,65536,62710,64654,54771,83.6,20260508_KPC_live_on_SLIM::fitet-sf-c2-b5::3_KPCWTlive_740nm_3033mW_u1_poc0p25_20x0p75NA_535s50_g70_z1_256pix_basicFLIM_120f_0017
3_KPCWTlive_740nm_3033mW_u1_poc0p25_20x0p75NA_535s50_g70_z1_256pix_basicFLIM_120f_0018.sdt,20260508_KPC_live_on_SLIM,fitet-sf-c2-b5,3_KPCWTlive_740nm_3033mW_u1_poc0p25_20x0p75NA_535s50_g70_z1_256pix_basicFLIM_120f_0018,5,True,live,65536,53724,64198,65536,64128,64395,51788,79.0,20260508_KPC_live_on_SLIM::fitet-sf-c2-b5::3_KPCWTlive_740nm_3033mW_u1_poc0p25_20x0p75NA_535s50_g70_z1_256pix_basicFLIM_120f_0018
3_KPCWTlive_740nm_3033mW_u1_poc0p25_20x0p75NA_535s50_g70_z1_256pix_basicFLIM_120f_0019.sdt,20260508_KPC_live_on_SLIM,fitet-sf-c2-b5,3_KPCWTlive_740nm_3033mW_u1_poc0p25_20x0p75NA_535s50_g70_z1_256pix_basicFLIM_120f_0019,5,True,live,65536,46183,64326,65536,61838,65382,44785,68.3,20260508_KPC_live_on_SLIM::fitet-sf-c2-b5::3_KPCWTlive_740nm_3033mW_u1_poc0p25_20x0p75NA_535s50_g70_z1_256pix_basicFLIM_120f_0019
3_KPCWTlive_740nm_3033mW_u1_poc0p25_20x0p75NA_535s50_g70_z1_256pix_basicFLIM_120f_0020.sdt,20260508_KPC_live_on_SLIM,fitet-sf-c2-b5,3_KPCWTlive_740nm_3033mW_u1_poc0p25_20x0p75NA_535s50_g70_z1_256pix_basicFLIM_120f_0020,5,True,live,65536,38623,63764,65536,63453,65402,37944,57.9,20260508_KPC_live_on_SLIM::fitet-sf-c2-b5::3_KPCWTlive_740nm_3033mW_u1_poc0p25_20x0p75NA_535s50_g70_z1_256pix_basicFLIM_120f_0020
3_KPCWTlive_740nm_3033mW_u1_poc0p25_20x0p75NA_535s50_g70_z1_256pix_basicFLIM_120f_0021.sdt,20260508_KPC_live_on_SLIM,fitet-sf-c2-b5,3_KPCWTlive_740nm_3033mW_u1_poc0p25_20x0p75NA_535s50_g70_z1_256pix_basicFLIM_120f_0021,5,True,live,65536,53968,64339,65536,63234,65534,51291,78.3,20260508_KPC_live_on_SLIM::fitet-sf-c2-b5::3_KPCWTlive_740nm_3033mW_u1_poc0p25_20x0p75NA_535s50_g70_z1_256pix_basicFLIM_120f_0021
3_KPCWTlive_740nm_3033mW_u1_poc0p25_20x0p75NA_535s50_g70_z1_256pix_basicFLIM_120f_0022.sdt,20260508_KPC_live_on_SLIM,fitet-sf-c2-b5,3_KPCWTlive_740nm_3033mW_u1_poc0p25_20x0p75NA_535s50_g70_z1_256pix_basicFLIM_120f_0022,5,True,live,65536,61301,64411,65536,64705,65354,59438,90.7,20260508_KPC_live_on_SLIM::fitet-sf-c2-b5::3_KPCWTlive_740nm_3033mW_u1_poc0p25_20x0p75NA_535s50_g70_z1_256pix_basicFLIM_120f_0022
3_KPCWTlive_740nm_3033mW_u1_poc0p25_20x0p75NA_535s50_g70_z1_256pix_basicFLIM_120f_0023.sdt,20260508_KPC_live_on_SLIM,fitet-sf-c2-b5,3_KPCWTlive_740nm_3033mW_u1_poc0p25_20x0p75NA_535s50_g70_z1_256pix_basicFLIM_120f_0023,5,True,live,65536,59177,64289,65536,62732,65076,56115,85.6,20260508_KPC_live_on_SLIM::fitet-sf-c2-b5::3_KPCWTlive_740nm_3033mW_u1_poc0p25_20x0p75NA_535s50_g70_z1_256pix_basicFLIM_120f_0023
3_KPCWTlive_740nm_3033mW_u1_poc0p25_20x0p75NA_535s50_g70_z1_256pix_basicFLIM_120f_0024.sdt,20260508_KPC_live_on_SLIM,fitet-sf-c2-b5,3_KPCWTlive_740nm_3033mW_u1_poc0p25_20x0p75NA_535s50_g70_z1_256pix_basicFLIM_120f_0024,5,True,live,65536,60218,64301,65536,63503,65018,57826,88.2,20260508_KPC_live_on_SLIM::fitet-sf-c2-b5::3_KPCWTlive_740nm_3033mW_u1_poc0p25_20x0p75NA_535s50_g70_z1_256pix_basicFLIM_120f_0024
3_KPCWTlive_740nm_3033mW_u1_poc0p2_20x0p75NA_475s50_g70_z1_256pix_basicFLIM_120f_0000.sdt,20260508_KPC_live_on_SLIM,fitet-sf-c2-b5,3_KPCWTlive_740nm_3033mW_u1_poc0p2_20x0p75NA_475s50_g70_z1_256pix_basicFLIM_120f_0000,5,True,live,65536,59698,64739,65536,65510,65418,59009,90.0,20260508_KPC_live_on_SLIM::fitet-sf-c2-b5::3_KPCWTlive_740nm_3033mW_u1_poc0p2_20x0p75NA_475s50_g70_z1_256pix_basicFLIM_120f_0000
3_KPCWTlive_740nm_3033mW_u1_poc0p2_20x0p75NA_475s50_g70_z1_256pix_basicFLIM_120f_0001.sdt,20260508_KPC_live_on_SLIM,fitet-sf-c2-b5,3_KPCWTlive_740nm_3033mW_u1_poc0p2_20x0p75NA_475s50_g70_z1_256pix_basicFLIM_120f_0001,5,True,live,65536,34636,63454,65536,65536,65536,34010,51.9,20260508_KPC_live_on_SLIM::fitet-sf-c2-b5::3_KPCWTlive_740nm_3033mW_u1_poc0p2_20x0p75NA_475s50_g70_z1_256pix_basicFLIM_120f_0001
3_KPCWTlive_740nm_3033mW_u1_poc0p2_20x0p75NA_475s50_g70_z1_256pix_basicFLIM_120f_0002.sdt,20260508_KPC_live_on_SLIM,fitet-sf-c2-b5,3_KPCWTlive_740nm_3033mW_u1_poc0p2_20x0p75NA_475s50_g70_z1_256pix_basicFLIM_120f_0002,5,True,live,65536,28912,63249,65536,65530,65381,28313,43.2,20260508_KPC_live_on_SLIM::fitet-sf-c2-b5::3_KPCWTlive_740nm_3033mW_u1_poc0p2_20x0p75NA_475s50_g70_z1_256pix_basicFLIM_120f_0002
3_KPCWTlive_740nm_3033mW_u1_poc0p2_20x0p75NA_475s50_g70_z1_256pix_basicFLIM_120f_0003.sdt,20260508_KPC_live_on_SLIM,fitet-sf-c2-b5,3_KPCWTlive_740nm_3033mW_u1_poc0p2_20x0p75NA_475s50_g70_z1_256pix_basicFLIM_120f_0003,5,True,live,65536,59817,64762,65536,65523,65173,58942,89.9,20260508_KPC_live_on_SLIM::fitet-sf-c2-b5::3_KPCWTlive_740nm_3033mW_u1_poc0p2_20x0p75NA_475s50_g70_z1_256pix_basicFLIM_120f_0003
3_KPCWTlive_740nm_3033mW_u1_poc0p2_20x0p75NA_475s50_g70_z1_256pix_basicFLIM_120f_0004.sdt,20260508_KPC_live_on_SLIM,fitet-sf-c2-b5,3_KPCWTlive_740nm_3033mW_u1_poc0p2_20x0p75NA_475s50_g70_z1_256pix_basicFLIM_120f_0004,5,True,live,65536,30191,62951,65536,65508,65398,29737,45.4,20260508_KPC_live_on_SLIM::fitet-sf-c2-b5::3_KPCWTlive_740nm_3033mW_u1_poc0p2_20x0p75NA_475s50_g70_z1_256pix_basicFLIM_120f_0004
3_KPCWTlive_740nm_3033mW_u1_poc0p2_20x0p75NA_475s50_g70_z1_256pix_basicFLIM_120f_0005.sdt,20260508_KPC_live_on_SLIM,fitet-sf-c2-b5,3_KPCWTlive_740nm_3033mW_u1_poc0p2_20x0p75NA_475s50_g70_z1_256pix_basicFLIM_120f_0005,5,True,live,65536,60399,64569,65536,65426,65351,59535,90.8,20260508_KPC_live_on_SLIM::fitet-sf-c2-b5::3_KPCWTlive_740nm_3033mW_u1_poc0p2_20x0p75NA_475s50_g70_z1_256pix_basicFLIM_120f_0005
3_KPCWTlive_740nm_3033mW_u1_poc0p2_20x0p75NA_475s50_g70_z1_256pix_basicFLIM_120f_0006.sdt,20260508_KPC_live_on_SLIM,fitet-sf-c2-b5,3_KPCWTlive_740nm_3033mW_u1_poc0p2_20x0p75NA_475s50_g70_z1_256pix_basicFLIM_120f_0006,5,True,live,65536,60041,64699,65536,65536,65536,59403,90.6,20260508_KPC_live_on_SLIM::fitet-sf-c2-b5::3_KPCWTlive_740nm_3033mW_u1_poc0p2_20x0p75NA_475s50_g70_z1_256pix_basicFLIM_120f_0006
3_KPCWTlive_740nm_3033mW_u1_poc0p2_20x0p75NA_475s50_g70_z1_256pix_basicFLIM_120f_0007.sdt,20260508_KPC_live_on_SLIM,fitet-sf-c2-b5,3_KPCWTlive_740nm_3033mW_u1_poc0p2_20x0p75NA_475s50_g70_z1_256pix_basicFLIM_120f_0007,5,True,live,65536,65460,65286,65536,65536,65536,65210,99.5,20260508_KPC_live_on_SLIM::fitet-sf-c2-b5::3_KPCWTlive_740nm_3033mW_u1_poc0p2_20x0p75NA_475s50_g70_z1_256pix_basicFLIM_120f_0007
3_KPCWTlive_740nm_3033mW_u1_poc0p2_20x0p75NA_475s50_g70_z1_256pix_basicFLIM_120f_0008.sdt,20260508_KPC_live_on_SLIM,fitet-sf-c2-b5,3_KPCWTlive_740nm_3033mW_u1_poc0p2_20x0p75NA_475s50_g70_z1_256pix_basicFLIM_120f_0008,5,True,live,65536,6778,60792,65536,64131,65088,6588,10.1,20260508_KPC_live_on_SLIM::fitet-sf-c2-b5::3_KPCWTlive_740nm_3033mW_u1_poc0p2_20x0p75NA_475s50_g70_z1_256pix_basicFLIM_120f_0008
3_KPCWTlive_740nm_3033mW_u1_poc0p2_20x0p75NA_475s50_g70_z1_256pix_basicFLIM_120f_0009.sdt,20260508_KPC_live_on_SLIM,fitet-sf-c2-b5,3_KPCWTlive_740nm_3033mW_u1_poc0p2_20x0p75NA_475s50_g70_z1_256pix_basicFLIM_120f_0009,5,True,live,65536,25373,61664,65536,63836,64864,24720,37.7,20260508_KPC_live_on_SLIM::fitet-sf-c2-b5::3_KPCWTlive_740nm_3033mW_u1_poc0p2_20x0p75NA_475s50_g70_z1_256pix_basicFLIM_120f_0009
3_KPCWTlive_740nm_3033mW_u1_poc0p2_20x0p75NA_475s50_g70_z1_256pix_basicFLIM_120f_0010.sdt,20260508_KPC_live_on_SLIM,fitet-sf-c2-b5,3_KPCWTlive_740nm_3033mW_u1_poc0p2_20x0p75NA_475s50_g70_z1_256pix_basicFLIM_120f_0010,5,True,live,65536,24256,62703,65536,65297,65304,23827,36.4,20260508_KPC_live_on_SLIM::fitet-sf-c2-b5::3_KPCWTlive_740nm_3033mW_u1_poc0p2_20x0p75NA_475s50_g70_z1_256pix_basicFLIM_120f_0010
3_KPCWTlive_740nm_3033mW_u1_poc0p2_20x0p75NA_475s50_g70_z1_256pix_basicFLIM_120f_0011.sdt,20260508_KPC_live_on_SLIM,fitet-sf-c2-b5,3_KPCWTlive_740nm_3033mW_u1_poc0p2_20x0p75NA_475s50_g70_z1_256pix_basicFLIM_120f_0011,5,True,live,65536,48488,63843,65536,65235,65217,47550,72.6,20260508_KPC_live_on_SLIM::fitet-sf-c2-b5::3_KPCWTlive_740nm_3033mW_u1_poc0p2_20x0p75NA_475s50_g70_z1_256pix_basicFLIM_120f_0011
3_KPCWTlive_740nm_3033mW_u1_poc0p2_20x0p75NA_475s50_g70_z1_256pix_basicFLIM_120f_0012.sdt,20260508_KPC_live_on_SLIM,fitet-sf-c2-b5,3_KPCWTlive_740nm_3033mW_u1_poc0p2_20x0p75NA_475s50_g70_z1_256pix_basicFLIM_120f_0012,5,True,live,65536,0,885,1867,1331,1527,0,0.0,20260508_KPC_live_on_SLIM::fitet-sf-c2-b5::3_KPCWTlive_740nm_3033mW_u1_poc0p2_20x0p75NA_475s50_g70_z1_256pix_basicFLIM_120f_0012
3_KPCWTlive_740nm_3033mW_u1_poc0p2_20x0p75NA_475s50_g70_z1_256pix_basicFLIM_120f_0013.sdt,20260508_KPC_live_on_SLIM,fitet-sf-c2-b5,3_KPCWTlive_740nm_3033mW_u1_poc0p2_20x0p75NA_475s50_g70_z1_256pix_basicFLIM_120f_0013,5,True,live,65536,0,0,0,0,0,0,0.0,20260508_KPC_live_on_SLIM::fitet-sf-c2-b5::3_KPCWTlive_740nm_3033mW_u1_poc0p2_20x0p75NA_475s50_g70_z1_256pix_basicFLIM_120f_0013
3_KPCWTlive_740nm_3033mW_u1_poc0p2_20x0p75NA_475s50_g70_z1_256pix_basicFLIM_120f_0014.sdt,20260508_KPC_live_on_SLIM,fitet-sf-c2-b5,3_KPCWTlive_740nm_3033mW_u1_poc0p2_20x0p75NA_475s50_g70_z1_256pix_basicFLIM_120f_0014,5,True,live,65536,0,0,0,0,0,0,0.0,20260508_KPC_live_on_SLIM::fitet-sf-c2-b5::3_KPCWTlive_740nm_3033mW_u1_poc0p2_20x0p75NA_475s50_g70_z1_256pix_basicFLIM_120f_0014
3_KPCWTlive_740nm_3033mW_u1_poc0p2_20x0p75NA_475s50_g70_z1_256pix_basicFLIM_120f_0015.sdt,20260508_KPC_live_on_SLIM,fitet-sf-c2-b5,3_KPCWTlive_740nm_3033mW_u1_poc0p2_20x0p75NA_475s50_g70_z1_256pix_basicFLIM_120f_0015,5,True,live,65536,0,0,0,0,0,0,0.0,20260508_KPC_live_on_SLIM::fitet-sf-c2-b5::3_KPCWTlive_740nm_3033mW_u1_poc0p2_20x0p75NA_475s50_g70_z1_256pix_basicFLIM_120f_0015
3_KPCWTlive_740nm_3033mW_u1_poc0p2_20x0p75NA_475s50_g70_z1_256pix_basicFLIM_120f_0016.sdt,20260508_KPC_live_on_SLIM,fitet-sf-c2-b5,3_KPCWTlive_740nm_3033mW_u1_poc0p2_20x0p75NA_475s50_g70_z1_256pix_basicFLIM_120f_0016,5,True,live,65536,0,0,0,0,0,0,0.0,20260508_KPC_live_on_SLIM::fitet-sf-c2-b5::3_KPCWTlive_740nm_3033mW_u1_poc0p2_20x0p75NA_475s50_g70_z1_256pix_basicFLIM_120f_0016
3_KPCWTlive_740nm_3033mW_u1_poc0p2_20x0p75NA_475s50_g70_z1_256pix_basicFLIM_120f_0017.sdt,20260508_KPC_live_on_SLIM,fitet-sf-c2-b5,3_KPCWTlive_740nm_3033mW_u1_poc0p2_20x0p75NA_475s50_g70_z1_256pix_basicFLIM_120f_0017,5,True,live,65536,311,52776,65236,61883,63279,309,0.5,20260508_KPC_live_on_SLIM::fitet-sf-c2-b5::3_KPCWTlive_740nm_3033mW_u1_poc0p2_20x0p75NA_475s50_g70_z1_256pix_basicFLIM_120f_0017
3_KPCWTlive_740nm_3033mW_u1_poc0p2_20x0p75NA_475s50_g70_z1_256pix_basicFLIM_120f_0018.sdt,20260508_KPC_live_on_SLIM,fitet-sf-c2-b5,3_KPCWTlive_740nm_3033mW_u1_poc0p2_20x0p75NA_475s50_g70_z1_256pix_basicFLIM_120f_0018,5,True,live,65536,37903,62370,65534,63626,64197,36813,56.2,20260508_KPC_live_on_SLIM::fitet-sf-c2-b5::3_KPCWTlive_740nm_3033mW_u1_poc0p2_20x0p75NA_475s50_g70_z1_256pix_basicFLIM_120f_0018
3_KPCWTlive_740nm_3033mW_u1_poc0p2_20x0p75NA_475s50_g70_z1_256pix_basicFLIM_120f_0019.sdt,20260508_KPC_live_on_SLIM,fitet-sf-c2-b5,3_KPCWTlive_740nm_3033mW_u1_poc0p2_20x0p75NA_475s50_g70_z1_256pix_basicFLIM_120f_0019,5,True,live,65536,13417,60672,65536,64444,65351,13184,20.1,20260508_KPC_live_on_SLIM::fitet-sf-c2-b5::3_KPCWTlive_740nm_3033mW_u1_poc0p2_20x0p75NA_475s50_g70_z1_256pix_basicFLIM_120f_0019
3_KPCWTlive_740nm_3033mW_u1_poc0p2_20x0p75NA_475s50_g70_z1_256pix_basicFLIM_120f_0020.sdt,20260508_KPC_live_on_SLIM,fitet-sf-c2-b5,3_KPCWTlive_740nm_3033mW_u1_poc0p2_20x0p75NA_475s50_g70_z1_256pix_basicFLIM_120f_0020,5,True,live,65536,25605,60858,65536,64577,65313,25261,38.5,20260508_KPC_live_on_SLIM::fitet-sf-c2-b5::3_KPCWTlive_740nm_3033mW_u1_poc0p2_20x0p75NA_475s50_g70_z1_256pix_basicFLIM_120f_0020
3_KPCWTlive_740nm_3033mW_u1_poc0p2_20x0p75NA_475s50_g70_z1_256pix_basicFLIM_120f_0021.sdt,20260508_KPC_live_on_SLIM,fitet-sf-c2-b5,3_KPCWTlive_740nm_3033mW_u1_poc0p2_20x0p75NA_475s50_g70_z1_256pix_basicFLIM_120f_0021,5,True,live,65536,7330,60399,65536,64834,65488,7199,11.0,20260508_KPC_live_on_SLIM::fitet-sf-c2-b5::3_KPCWTlive_740nm_3033mW_u1_poc0p2_20x0p75NA_475s50_g70_z1_256pix_basicFLIM_120f_0021
3_KPCWTlive_740nm_3033mW_u1_poc0p2_20x0p75NA_475s50_g70_z1_256pix_basicFLIM_120f_0022.sdt,20260508_KPC_live_on_SLIM,fitet-sf-c2-b5,3_KPCWTlive_740nm_3033mW_u1_poc0p2_20x0p75NA_475s50_g70_z1_256pix_basicFLIM_120f_0022,5,True,live,65536,36632,62349,65536,65119,65458,36020,55.0,20260508_KPC_live_on_SLIM::fitet-sf-c2-b5::3_KPCWTlive_740nm_3033mW_u1_poc0p2_20x0p75NA_475s50_g70_z1_256pix_basicFLIM_120f_0022
3_KPCWTlive_740nm_3033mW_u1_poc0p2_20x0p75NA_475s50_g70_z1_256pix_basicFLIM_120f_0023.sdt,20260508_KPC_live_on_SLIM,fitet-sf-c2-b5,3_KPCWTlive_740nm_3033mW_u1_poc0p2_20x0p75NA_475s50_g70_z1_256pix_basicFLIM_120f_0023,5,True,live,65536,0,62,238,157,184,0,0.0,20260508_KPC_live_on_SLIM::fitet-sf-c2-b5::3_KPCWTlive_740nm_3033mW_u1_poc0p2_20x0p75NA_475s50_g70_z1_256pix_basicFLIM_120f_0023
3_KPCWTlive_740nm_3033mW_u1_poc0p2_20x0p75NA_475s50_g70_z1_256pix_basicFLIM_120f_0024.sdt,20260508_KPC_live_on_SLIM,fitet-sf-c2-b5,3_KPCWTlive_740nm_3033mW_u1_poc0p2_20x0p75NA_475s50_g70_z1_256pix_basicFLIM_120f_0024,5,True,live,65536,0,0,0,0,0,0,0.0,20260508_KPC_live_on_SLIM::fitet-sf-c2-b5::3_KPCWTlive_740nm_3033mW_u1_poc0p2_20x0p75NA_475s50_g70_z1_256pix_basicFLIM_120f_0024
3_KPCWTlive_740nm_3033mW_u1_poc0p2_20x0p75NA_475s50_g70_z1_256pix_basicFLIM_120f_overloadedposns_0000.sdt,20260508_KPC_live_on_SLIM,fitet-sf-c2-b5,3_KPCWTlive_740nm_3033mW_u1_poc0p2_20x0p75NA_475s50_g70_z1_256pix_basicFLIM_120f_overloadedposns_0000,5,True,live,65536,26005,61052,65536,64201,64837,25368,38.7,20260508_KPC_live_on_SLIM::fitet-sf-c2-b5::3_KPCWTlive_740nm_3033mW_u1_poc0p2_20x0p75NA_475s50_g70_z1_256pix_basicFLIM_120f_overloadedposns_0000
3_KPCWTlive_740nm_3033mW_u1_poc0p2_20x0p75NA_475s50_g70_z1_256pix_basicFLIM_120f_overloadedposns_0001.sdt,20260508_KPC_live_on_SLIM,fitet-sf-c2-b5,3_KPCWTlive_740nm_3033mW_u1_poc0p2_20x0p75NA_475s50_g70_z1_256pix_basicFLIM_120f_overloadedposns_0001,5,True,live,65536,13000,60443,65536,64051,64756,12308,18.8,20260508_KPC_live_on_SLIM::fitet-sf-c2-b5::3_KPCWTlive_740nm_3033mW_u1_poc0p2_20x0p75NA_475s50_g70_z1_256pix_basicFLIM_120f_overloadedposns_0001
3_KPCWTlive_740nm_3033mW_u1_poc0p2_20x0p75NA_475s50_g70_z1_256pix_basicFLIM_120f_overloadedposns_0002.sdt,20260508_KPC_live_on_SLIM,fitet-sf-c2-b5,3_KPCWTlive_740nm_3033mW_u1_poc0p2_20x0p75NA_475s50_g70_z1_256pix_basicFLIM_120f_overloadedposns_0002,5,True,live,65536,20628,62252,65536,65351,65203,20025,30.6,20260508_KPC_live_on_SLIM::fitet-sf-c2-b5::3_KPCWTlive_740nm_3033mW_u1_poc0p2_20x0p75NA_475s50_g70_z1_256pix_basicFLIM_120f_overloadedposns_0002
3_KPCWTlive_740nm_3033mW_u1_poc0p2_20x0p75NA_475s50_g70_z1_256pix_basicFLIM_120f_overloadedposns_0003.sdt,20260508_KPC_live_on_SLIM,fitet-sf-c2-b5,3_KPCWTlive_740nm_3033mW_u1_poc0p2_20x0p75NA_475s50_g70_z1_256pix_basicFLIM_120f_overloadedposns_0003,5,True,live,65536,52443,63502,65536,64928,65150,51383,78.4,20260508_KPC_live_on_SLIM::fitet-sf-c2-b5::3_KPCWTlive_740nm_3033mW_u1_poc0p2_20x0p75NA_475s50_g70_z1_256pix_basicFLIM_120f_overloadedposns_0003
3_KPCWTlive_740nm_3033mW_u1_poc0p2_20x0p75NA_475s50_g70_z1_256pix_basicFLIM_120f_overloadedposns_0004.sdt,20260508_KPC_live_on_SLIM,fitet-sf-c2-b5,3_KPCWTlive_740nm_3033mW_u1_poc0p2_20x0p75NA_475s50_g70_z1_256pix_basicFLIM_120f_overloadedposns_0004,5,True,live,65536,8129,58361,65497,63720,64713,8031,12.3,20260508_KPC_live_on_SLIM::fitet-sf-c2-b5::3_KPCWTlive_740nm_3033mW_u1_poc0p2_20x0p75NA_475s50_g70_z1_256pix_basicFLIM_120f_overloadedposns_0004
3_KPCWTlive_740nm_3033mW_u1_poc0p2_20x0p75NA_475s50_g70_z1_256pix_basicFLIM_120f_overloadedposns_0005.sdt,20260508_KPC_live_on_SLIM,fitet-sf-c2-b5,3_KPCWTlive_740nm_3033mW_u1_poc0p2_20x0p75NA_475s50_g70_z1_256pix_basicFLIM_120f_overloadedposns_0005,5,True,live,65536,10390,60657,65536,64837,64952,9844,15.0,20260508_KPC_live_on_SLIM::fitet-sf-c2-b5::3_KPCWTlive_740nm_3033mW_u1_poc0p2_20x0p75NA_475s50_g70_z1_256pix_basicFLIM_120f_overloadedposns_0005
3_KPCWTlive_740nm_3033mW_u1_poc0p2_20x0p75NA_475s50_g70_z1_256pix_basicFLIM_120f_overloadedposns_0006.sdt,20260508_KPC_live_on_SLIM,fitet-sf-c2-b5,3_KPCWTlive_740nm_3033mW_u1_poc0p2_20x0p75NA_475s50_g70_z1_256pix_basicFLIM_120f_overloadedposns_0006,5,True,live,65536,18997,61414,65536,64656,65193,18389,28.1,20260508_KPC_live_on_SLIM::fitet-sf-c2-b5::3_KPCWTlive_740nm_3033mW_u1_poc0p2_20x0p75NA_475s50_g70_z1_256pix_basicFLIM_120f_overloadedposns_0006
3_KPCWTlive_740nm_3033mW_u1_poc0p2_20x0p75NA_475s50_g70_z1_256pix_basicFLIM_120f_overloadedtwicePos10_0007.sdt,20260508_KPC_live_on_SLIM,fitet-sf-c2-b5,3_KPCWTlive_740nm_3033mW_u1_poc0p2_20x0p75NA_475s50_g70_z1_256pix_basicFLIM_120f_overloadedtwicePos10_0007,5,True,live,65536,37934,62325,65536,64332,64977,37166,56.7,20260508_KPC_live_on_SLIM::fitet-sf-c2-b5::3_KPCWTlive_740nm_3033mW_u1_poc0p2_20x0p75NA_475s50_g70_z1_256pix_basicFLIM_120f_overloadedtwicePos10_0007
3_KPCWTlive_740nm_3033mW_u1_poc0p2_20x0p75NA_535s50_g70_z1_256pix_basicFLIM_120f_0000.sdt,20260508_KPC_live_on_SLIM,fitet-sf-c2-b5,3_KPCWTlive_740nm_3033mW_u1_poc0p2_20x0p75NA_535s50_g70_z1_256pix_basicFLIM_120f_0000,5,True,live,65536,29177,63541,65536,65183,65414,28454,43.4,20260508_KPC_live_on_SLIM::fitet-sf-c2-b5::3_KPCWTlive_740nm_3033mW_u1_poc0p2_20x0p75NA_535s50_g70_z1_256pix_basicFLIM_120f_0000
3_KPCWTlive_740nm_3033mW_u1_poc0p2_20x0p75NA_535s50_g70_z1_256pix_basicFLIM_120f_0001.sdt,20260508_KPC_live_on_SLIM,fitet-sf-c2-b5,3_KPCWTlive_740nm_3033mW_u1_poc0p2_20x0p75NA_535s50_g70_z1_256pix_basicFLIM_120f_0001,5,True,live,65536,0,46747,64030,55086,63126,0,0.0,20260508_KPC_live_on_SLIM::fitet-sf-c2-b5::3_KPCWTlive_740nm_3033mW_u1_poc0p2_20x0p75NA_535s50_g70_z1_256pix_basicFLIM_120f_0001
3_KPCWTlive_740nm_3033mW_u1_poc0p2_20x0p75NA_475s50_g70_z1_256pix_basicFLIM_120f_0002.sdt,20260508_KPC_live_on_SLIM,fitet-sz-c1-b5,3_KPCWTlive_740nm_3033mW_u1_poc0p2_20x0p75NA_475s50_g70_z1_256pix_basicFLIM_120f_0002,5,False,live,65536,65536,46842,57799,57466,65536,46581,71.1,20260508_KPC_live_on_SLIM::fitet-sz-c1-b5::3_KPCWTlive_740nm_3033mW_u1_poc0p2_20x0p75NA_475s50_g70_z1_256pix_basicFLIM_120f_0002
3_KPCWTlive_740nm_3033mW_u1_poc0p1_20x0p75NA_475s50_g70_z1_256pix_basicFLIM_120f_overloadedposns_0000.sdt,20260508_KPC_live_on_SLIM,fitet-sz-c2-b5,3_KPCWTlive_740nm_3033mW_u1_poc0p1_20x0p75NA_475s50_g70_z1_256pix_basicFLIM_120f_overloadedposns_0000,5,False,live,65536,21364,60112,65535,63238,64798,20783,31.7,20260508_KPC_live_on_SLIM::fitet-sz-c2-b5::3_KPCWTlive_740nm_3033mW_u1_poc0p1_20x0p75NA_475s50_g70_z1_256pix_basicFLIM_120f_overloadedposns_0000
3_KPCWTlive_740nm_3033mW_u1_poc0p25_20x0p75NA_535s50_g70_z1_256pix_basicFLIM_120f_0000.sdt,20260508_KPC_live_on_SLIM,fitet-sz-c2-b5,3_KPCWTlive_740nm_3033mW_u1_poc0p25_20x0p75NA_535s50_g70_z1_256pix_basicFLIM_120f_0000,5,False,live,65536,65536,65105,65536,64756,64955,64241,98.0,20260508_KPC_live_on_SLIM::fitet-sz-c2-b5::3_KPCWTlive_740nm_3033mW_u1_poc0p25_20x0p75NA_535s50_g70_z1_256pix_basicFLIM_120f_0000
3_KPCWTlive_740nm_3033mW_u1_poc0p25_20x0p75NA_535s50_g70_z1_256pix_basicFLIM_120f_0001.sdt,20260508_KPC_live_on_SLIM,fitet-sz-c2-b5,3_KPCWTlive_740nm_3033mW_u1_poc0p25_20x0p75NA_535s50_g70_z1_256pix_basicFLIM_120f_0001,5,False,live,65536,63788,64613,65536,64731,65536,62165,94.9,20260508_KPC_live_on_SLIM::fitet-sz-c2-b5::3_KPCWTlive_740nm_3033mW_u1_poc0p25_20x0p75NA_535s50_g70_z1_256pix_basicFLIM_120f_0001
3_KPCWTlive_740nm_3033mW_u1_poc0p25_20x0p75NA_535s50_g70_z1_256pix_basicFLIM_120f_0002.sdt,20260508_KPC_live_on_SLIM,fitet-sz-c2-b5,3_KPCWTlive_740nm_3033mW_u1_poc0p25_20x0p75NA_535s50_g70_z1_256pix_basicFLIM_120f_0002,5,False,live,65536,57888,64626,65536,63969,65461,56468,86.2,20260508_KPC_live_on_SLIM::fitet-sz-c2-b5::3_KPCWTlive_740nm_3033mW_u1_poc0p25_20x0p75NA_535s50_g70_z1_256pix_basicFLIM_120f_0002
3_KPCWTlive_740nm_3033mW_u1_poc0p25_20x0p75NA_535s50_g70_z1_256pix_basicFLIM_120f_0003.sdt,20260508_KPC_live_on_SLIM,fitet-sz-c2-b5,3_KPCWTlive_740nm_3033mW_u1_poc0p25_20x0p75NA_535s50_g70_z1_256pix_basicFLIM_120f_0003,5,False,live,65536,65171,64932,65536,65128,65079,64166,97.9,20260508_KPC_live_on_SLIM::fitet-sz-c2-b5::3_KPCWTlive_740nm_3033mW_u1_poc0p25_20x0p75NA_535s50_g70_z1_256pix_basicFLIM_120f_0003
3_KPCWTlive_740nm_3033mW_u1_poc0p25_20x0p75NA_535s50_g70_z1_256pix_basicFLIM_120f_0004.sdt,20260508_KPC_live_on_SLIM,fitet-sz-c2-b5,3_KPCWTlive_740nm_3033mW_u1_poc0p25_20x0p75NA_535s50_g70_z1_256pix_basicFLIM_120f_0004,5,False,live,65536,59589,64805,65536,64287,65284,58218,88.8,20260508_KPC_live_on_SLIM::fitet-sz-c2-b5::3_KPCWTlive_740nm_3033mW_u1_poc0p25_20x0p75NA_535s50_g70_z1_256pix_basicFLIM_120f_0004
3_KPCWTlive_740nm_3033mW_u1_poc0p25_20x0p75NA_535s50_g70_z1_256pix_basicFLIM_120f_0005.sdt,20260508_KPC_live_on_SLIM,fitet-sz-c2-b5,3_KPCWTlive_740nm_3033mW_u1_poc0p25_20x0p75NA_535s50_g70_z1_256pix_basicFLIM_120f_0005,5,False,live,65536,65286,64951,65536,65168,65185,64426,98.3,20260508_KPC_live_on_SLIM::fitet-sz-c2-b5::3_KPCWTlive_740nm_3033mW_u1_poc0p25_20x0p75NA_535s50_g70_z1_256pix_basicFLIM_120f_0005
3_KPCWTlive_740nm_3033mW_u1_poc0p25_20x0p75NA_535s50_g70_z1_256pix_basicFLIM_120f_0006.sdt,20260508_KPC_live_on_SLIM,fitet-sz-c2-b5,3_KPCWTlive_740nm_3033mW_u1_poc0p25_20x0p75NA_535s50_g70_z1_256pix_basicFLIM_120f_0006,5,False,live,65536,65523,65169,65536,65434,65523,65042,99.2,20260508_KPC_live_on_SLIM::fitet-sz-c2-b5::3_KPCWTlive_740nm_3033mW_u1_poc0p25_20x0p75NA_535s50_g70_z1_256pix_basicFLIM_120f_0006
3_KPCWTlive_740nm_3033mW_u1_poc0p25_20x0p75NA_535s50_g70_z1_256pix_basicFLIM_120f_0007.sdt,20260508_KPC_live_on_SLIM,fitet-sz-c2-b5,3_KPCWTlive_740nm_3033mW_u1_poc0p25_20x0p75NA_535s50_g70_z1_256pix_basicFLIM_120f_0007,5,False,live,65536,65536,65193,65536,65482,65396,65139,99.4,20260508_KPC_live_on_SLIM::fitet-sz-c2-b5::3_KPCWTlive_740nm_3033mW_u1_poc0p25_20x0p75NA_535s50_g70_z1_256pix_basicFLIM_120f_0007
3_KPCWTlive_740nm_3033mW_u1_poc0p25_20x0p75NA_535s50_g70_z1_256pix_basicFLIM_120f_0008.sdt,20260508_KPC_live_on_SLIM,fitet-sz-c2-b5,3_KPCWTlive_740nm_3033mW_u1_poc0p25_20x0p75NA_535s50_g70_z1_256pix_basicFLIM_120f_0008,5,False,live,65536,41650,64683,65536,53638,65536,37142,56.7,20260508_KPC_live_on_SLIM::fitet-sz-c2-b5::3_KPCWTlive_740nm_3033mW_u1_poc0p25_20x0p75NA_535s50_g70_z1_256pix_basicFLIM_120f_0008
3_KPCWTlive_740nm_3033mW_u1_poc0p25_20x0p75NA_535s50_g70_z1_256pix_basicFLIM_120f_0009.sdt,20260508_KPC_live_on_SLIM,fitet-sz-c2-b5,3_KPCWTlive_740nm_3033mW_u1_poc0p25_20x0p75NA_535s50_g70_z1_256pix_basicFLIM_120f_0009,5,False,live,65536,52095,64764,65536,57696,65319,48746,74.4,20260508_KPC_live_on_SLIM::fitet-sz-c2-b5::3_KPCWTlive_740nm_3033mW_u1_poc0p25_20x0p75NA_535s50_g70_z1_256pix_basicFLIM_120f_0009
3_KPCWTlive_740nm_3033mW_u1_poc0p25_20x0p75NA_535s50_g70_z1_256pix_basicFLIM_120f_0010.sdt,20260508_KPC_live_on_SLIM,fitet-sz-c2-b5,3_KPCWTlive_740nm_3033mW_u1_poc0p25_20x0p75NA_535s50_g70_z1_256pix_basicFLIM_120f_0010,5,False,live,65536,59331,64839,65536,62386,65225,56786,86.6,20260508_KPC_live_on_SLIM::fitet-sz-c2-b5::3_KPCWTlive_740nm_3033mW_u1_poc0p25_20x0p75NA_535s50_g70_z1_256pix_basicFLIM_120f_0010
3_KPCWTlive_740nm_3033mW_u1_poc0p25_20x0p75NA_535s50_g70_z1_256pix_basicFLIM_120f_0011.sdt,20260508_KPC_live_on_SLIM,fitet-sz-c2-b5,3_KPCWTlive_740nm_3033mW_u1_poc0p25_20x0p75NA_535s50_g70_z1_256pix_basicFLIM_120f_0011,5,False,live,65536,64524,64709,65536,65013,65136,63476,96.9,20260508_KPC_live_on_SLIM::fitet-sz-c2-b5::3_KPCWTlive_740nm_3033mW_u1_poc0p25_20x0p75NA_535s50_g70_z1_256pix_basicFLIM_120f_0011
3_KPCWTlive_740nm_3033mW_u1_poc0p25_20x0p75NA_535s50_g70_z1_256pix_basicFLIM_120f_0012.sdt,20260508_KPC_live_on_SLIM,fitet-sz-c2-b5,3_KPCWTlive_740nm_3033mW_u1_poc0p25_20x0p75NA_535s50_g70_z1_256pix_basicFLIM_120f_0012,5,False,live,65536,39180,64166,65536,60568,65126,37814,57.7,20260508_KPC_live_on_SLIM::fitet-sz-c2-b5::3_KPCWTlive_740nm_3033mW_u1_poc0p25_20x0p75NA_535s50_g70_z1_256pix_basicFLIM_120f_0012
3_KPCWTlive_740nm_3033mW_u1_poc0p25_20x0p75NA_535s50_g70_z1_256pix_basicFLIM_120f_0013.sdt,20260508_KPC_live_on_SLIM,fitet-sz-c2-b5,3_KPCWTlive_740nm_3033mW_u1_poc0p25_20x0p75NA_535s50_g70_z1_256pix_basicFLIM_120f_0013,5,False,live,65536,39498,64446,65536,56280,64863,37592,57.4,20260508_KPC_live_on_SLIM::fitet-sz-c2-b5::3_KPCWTlive_740nm_3033mW_u1_poc0p25_20x0p75NA_535s50_g70_z1_256pix_basicFLIM_120f_0013
3_KPCWTlive_740nm_3033mW_u1_poc0p25_20x0p75NA_535s50_g70_z1_256pix_basicFLIM_120f_0014.sdt,20260508_KPC_live_on_SLIM,fitet-sz-c2-b5,3_KPCWTlive_740nm_3033mW_u1_poc0p25_20x0p75NA_535s50_g70_z1_256pix_basicFLIM_120f_0014,5,False,live,65536,61573,64650,65536,64106,64856,59924,91.4,20260508_KPC_live_on_SLIM::fitet-sz-c2-b5::3_KPCWTlive_740nm_3033mW_u1_poc0p25_20x0p75NA_535s50_g70_z1_256pix_basicFLIM_120f_0014
3_KPCWTlive_740nm_3033mW_u1_poc0p25_20x0p75NA_535s50_g70_z1_256pix_basicFLIM_120f_0015.sdt,20260508_KPC_live_on_SLIM,fitet-sz-c2-b5,3_KPCWTlive_740nm_3033mW_u1_poc0p25_20x0p75NA_535s50_g70_z1_256pix_basicFLIM_120f_0015,5,False,live,65536,57767,64456,65536,64684,64905,56492,86.2,20260508_KPC_live_on_SLIM::fitet-sz-c2-b5::3_KPCWTlive_740nm_3033mW_u1_poc0p25_20x0p75NA_535s50_g70_z1_256pix_basicFLIM_120f_0015
3_KPCWTlive_740nm_3033mW_u1_poc0p25_20x0p75NA_535s50_g70_z1_256pix_basicFLIM_120f_0016.sdt,20260508_KPC_live_on_SLIM,fitet-sz-c2-b5,3_KPCWTlive_740nm_3033mW_u1_poc0p25_20x0p75NA_535s50_g70_z1_256pix_basicFLIM_120f_0016,5,False,live,65536,54480,64750,65536,63708,65345,53709,82.0,20260508_KPC_live_on_SLIM::fitet-sz-c2-b5::3_KPCWTlive_740nm_3033mW_u1_poc0p25_20x0p75NA_535s50_g70_z1_256pix_basicFLIM_120f_0016
3_KPCWTlive_740nm_3033mW_u1_poc0p25_20x0p75NA_535s50_g70_z1_256pix_basicFLIM_120f_0017.sdt,20260508_KPC_live_on_SLIM,fitet-sz-c2-b5,3_KPCWTlive_740nm_3033mW_u1_poc0p25_20x0p75NA_535s50_g70_z1_256pix_basicFLIM_120f_0017,5,False,live,65536,57031,64523,65536,59925,64398,53539,81.7,20260508_KPC_live_on_SLIM::fitet-sz-c2-b5::3_KPCWTlive_740nm_3033mW_u1_poc0p25_20x0p75NA_535s50_g70_z1_256pix_basicFLIM_120f_0017
3_KPCWTlive_740nm_3033mW_u1_poc0p25_20x0p75NA_535s50_g70_z1_256pix_basicFLIM_120f_0018.sdt,20260508_KPC_live_on_SLIM,fitet-sz-c2-b5,3_KPCWTlive_740nm_3033mW_u1_poc0p25_20x0p75NA_535s50_g70_z1_256pix_basicFLIM_120f_0018,5,False,live,65536,53724,64070,65536,63022,64010,51418,78.5,20260508_KPC_live_on_SLIM::fitet-sz-c2-b5::3_KPCWTlive_740nm_3033mW_u1_poc0p25_20x0p75NA_535s50_g70_z1_256pix_basicFLIM_120f_0018
3_KPCWTlive_740nm_3033mW_u1_poc0p25_20x0p75NA_535s50_g70_z1_256pix_basicFLIM_120f_0019.sdt,20260508_KPC_live_on_SLIM,fitet-sz-c2-b5,3_KPCWTlive_740nm_3033mW_u1_poc0p25_20x0p75NA_535s50_g70_z1_256pix_basicFLIM_120f_0019,5,False,live,65536,46183,64526,65536,57268,65365,43951,67.1,20260508_KPC_live_on_SLIM::fitet-sz-c2-b5::3_KPCWTlive_740nm_3033mW_u1_poc0p25_20x0p75NA_535s50_g70_z1_256pix_basicFLIM_120f_0019
3_KPCWTlive_740nm_3033mW_u1_poc0p25_20x0p75NA_535s50_g70_z1_256pix_basicFLIM_120f_0020.sdt,20260508_KPC_live_on_SLIM,fitet-sz-c2-b5,3_KPCWTlive_740nm_3033mW_u1_poc0p25_20x0p75NA_535s50_g70_z1_256pix_basicFLIM_120f_0020,5,False,live,65536,38623,63938,65536,61280,65385,38055,58.1,20260508_KPC_live_on_SLIM::fitet-sz-c2-b5::3_KPCWTlive_740nm_3033mW_u1_poc0p25_20x0p75NA_535s50_g70_z1_256pix_basicFLIM_120f_0020
3_KPCWTlive_740nm_3033mW_u1_poc0p25_20x0p75NA_535s50_g70_z1_256pix_basicFLIM_120f_0021.sdt,20260508_KPC_live_on_SLIM,fitet-sz-c2-b5,3_KPCWTlive_740nm_3033mW_u1_poc0p25_20x0p75NA_535s50_g70_z1_256pix_basicFLIM_120f_0021,5,False,live,65536,53968,64597,65536,59575,65474,48798,74.5,20260508_KPC_live_on_SLIM::fitet-sz-c2-b5::3_KPCWTlive_740nm_3033mW_u1_poc0p25_20x0p75NA_535s50_g70_z1_256pix_basicFLIM_120f_0021
3_KPCWTlive_740nm_3033mW_u1_poc0p25_20x0p75NA_535s50_g70_z1_256pix_basicFLIM_120f_0022.sdt,20260508_KPC_live_on_SLIM,fitet-sz-c2-b5,3_KPCWTlive_740nm_3033mW_u1_poc0p25_20x0p75NA_535s50_g70_z1_256pix_basicFLIM_120f_0022,5,False,live,65536,61301,64701,65536,63466,65298,58711,89.6,20260508_KPC_live_on_SLIM::fitet-sz-c2-b5::3_KPCWTlive_740nm_3033mW_u1_poc0p25_20x0p75NA_535s50_g70_z1_256pix_basicFLIM_120f_0022
3_KPCWTlive_740nm_3033mW_u1_poc0p25_20x0p75NA_535s50_g70_z1_256pix_basicFLIM_120f_0023.sdt,20260508_KPC_live_on_SLIM,fitet-sz-c2-b5,3_KPCWTlive_740nm_3033mW_u1_poc0p25_20x0p75NA_535s50_g70_z1_256pix_basicFLIM_120f_0023,5,False,live,65536,59177,64526,65536,59365,65018,54143,82.6,20260508_KPC_live_on_SLIM::fitet-sz-c2-b5::3_KPCWTlive_740nm_3033mW_u1_poc0p25_20x0p75NA_535s50_g70_z1_256pix_basicFLIM_120f_0023
3_KPCWTlive_740nm_3033mW_u1_poc0p25_20x0p75NA_535s50_g70_z1_256pix_basicFLIM_120f_0024.sdt,20260508_KPC_live_on_SLIM,fitet-sz-c2-b5,3_KPCWTlive_740nm_3033mW_u1_poc0p25_20x0p75NA_535s50_g70_z1_256pix_basicFLIM_120f_0024,5,False,live,65536,60218,64538,65536,60918,64793,56256,85.8,20260508_KPC_live_on_SLIM::fitet-sz-c2-b5::3_KPCWTlive_740nm_3033mW_u1_poc0p25_20x0p75NA_535s50_g70_z1_256pix_basicFLIM_120f_0024
3_KPCWTlive_740nm_3033mW_u1_poc0p2_20x0p75NA_475s50_g70_z1_256pix_basicFLIM_120f_0000.sdt,20260508_KPC_live_on_SLIM,fitet-sz-c2-b5,3_KPCWTlive_740nm_3033mW_u1_poc0p2_20x0p75NA_475s50_g70_z1_256pix_basicFLIM_120f_0000,5,False,live,65536,59698,64647,65536,65433,65339,58840,89.8,20260508_KPC_live_on_SLIM::fitet-sz-c2-b5::3_KPCWTlive_740nm_3033mW_u1_poc0p2_20x0p75NA_475s50_g70_z1_256pix_basicFLIM_120f_0000
3_KPCWTlive_740nm_3033mW_u1_poc0p2_20x0p75NA_475s50_g70_z1_256pix_basicFLIM_120f_0001.sdt,20260508_KPC_live_on_SLIM,fitet-sz-c2-b5,3_KPCWTlive_740nm_3033mW_u1_poc0p2_20x0p75NA_475s50_g70_z1_256pix_basicFLIM_120f_0001,5,False,live,65536,34636,63323,65536,65535,65536,33876,51.7,20260508_KPC_live_on_SLIM::fitet-sz-c2-b5::3_KPCWTlive_740nm_3033mW_u1_poc0p2_20x0p75NA_475s50_g70_z1_256pix_basicFLIM_120f_0001
3_KPCWTlive_740nm_3033mW_u1_poc0p2_20x0p75NA_475s50_g70_z1_256pix_basicFLIM_120f_0002.sdt,20260508_KPC_live_on_SLIM,fitet-sz-c2-b5,3_KPCWTlive_740nm_3033mW_u1_poc0p2_20x0p75NA_475s50_g70_z1_256pix_basicFLIM_120f_0002,5,False,live,65536,28912,63187,65536,65517,65318,28160,43.0,20260508_KPC_live_on_SLIM::fitet-sz-c2-b5::3_KPCWTlive_740nm_3033mW_u1_poc0p2_20x0p75NA_475s50_g70_z1_256pix_basicFLIM_120f_0002
3_KPCWTlive_740nm_3033mW_u1_poc0p2_20x0p75NA_475s50_g70_z1_256pix_basicFLIM_120f_0003.sdt,20260508_KPC_live_on_SLIM,fitet-sz-c2-b5,3_KPCWTlive_740nm_3033mW_u1_poc0p2_20x0p75NA_475s50_g70_z1_256pix_basicFLIM_120f_0003,5,False,live,65536,59817,64519,65536,65477,65071,58610,89.4,20260508_KPC_live_on_SLIM::fitet-sz-c2-b5::3_KPCWTlive_740nm_3033mW_u1_poc0p2_20x0p75NA_475s50_g70_z1_256pix_basicFLIM_120f_0003
3_KPCWTlive_740nm_3033mW_u1_poc0p2_20x0p75NA_475s50_g70_z1_256pix_basicFLIM_120f_0004.sdt,20260508_KPC_live_on_SLIM,fitet-sz-c2-b5,3_KPCWTlive_740nm_3033mW_u1_poc0p2_20x0p75NA_475s50_g70_z1_256pix_basicFLIM_120f_0004,5,False,live,65536,30191,62881,65536,65403,65388,29666,45.3,20260508_KPC_live_on_SLIM::fitet-sz-c2-b5::3_KPCWTlive_740nm_3033mW_u1_poc0p2_20x0p75NA_475s50_g70_z1_256pix_basicFLIM_120f_0004
3_KPCWTlive_740nm_3033mW_u1_poc0p2_20x0p75NA_475s50_g70_z1_256pix_basicFLIM_120f_0005.sdt,20260508_KPC_live_on_SLIM,fitet-sz-c2-b5,3_KPCWTlive_740nm_3033mW_u1_poc0p2_20x0p75NA_475s50_g70_z1_256pix_basicFLIM_120f_0005,5,False,live,65536,60399,64397,65536,65343,65337,59339,90.5,20260508_KPC_live_on_SLIM::fitet-sz-c2-b5::3_KPCWTlive_740nm_3033mW_u1_poc0p2_20x0p75NA_475s50_g70_z1_256pix_basicFLIM_120f_0005
3_KPCWTlive_740nm_3033mW_u1_poc0p2_20x0p75NA_475s50_g70_z1_256pix_basicFLIM_120f_0006.sdt,20260508_KPC_live_on_SLIM,fitet-sz-c2-b5,3_KPCWTlive_740nm_3033mW_u1_poc0p2_20x0p75NA_475s50_g70_z1_256pix_basicFLIM_120f_0006,5,False,live,65536,60041,64470,65536,65536,65536,59202,90.3,20260508_KPC_live_on_SLIM::fitet-sz-c2-b5::3_KPCWTlive_740nm_3033mW_u1_poc0p2_20x0p75NA_475s50_g70_z1_256pix_basicFLIM_120f_0006
3_KPCWTlive_740nm_3033mW_u1_poc0p2_20x0p75NA_475s50_g70_z1_256pix_basicFLIM_120f_0007.sdt,20260508_KPC_live_on_SLIM,fitet-sz-c2-b5,3_KPCWTlive_740nm_3033mW_u1_poc0p2_20x0p75NA_475s50_g70_z1_256pix_basicFLIM_120f_0007,5,False,live,65536,65460,65121,65536,65536,65536,65045,99.3,20260508_KPC_live_on_SLIM::fitet-sz-c2-b5::3_KPCWTlive_740nm_3033mW_u1_poc0p2_20x0p75NA_475s50_g70_z1_256pix_basicFLIM_120f_0007
3_KPCWTlive_740nm_3033mW_u1_poc0p2_20x0p75NA_475s50_g70_z1_256pix_basicFLIM_120f_0008.sdt,20260508_KPC_live_on_SLIM,fitet-sz-c2-b5,3_KPCWTlive_740nm_3033mW_u1_poc0p2_20x0p75NA_475s50_g70_z1_256pix_basicFLIM_120f_0008,5,False,live,65536,6778,60771,65536,62648,64881,6546,10.0,20260508_KPC_live_on_SLIM::fitet-sz-c2-b5::3_KPCWTlive_740nm_3033mW_u1_poc0p2_20x0p75NA_475s50_g70_z1_256pix_basicFLIM_120f_0008
3_KPCWTlive_740nm_3033mW_u1_poc0p2_20x0p75NA_475s50_g70_z1_256pix_basicFLIM_120f_0009.sdt,20260508_KPC_live_on_SLIM,fitet-sz-c2-b5,3_KPCWTlive_740nm_3033mW_u1_poc0p2_20x0p75NA_475s50_g70_z1_256pix_basicFLIM_120f_0009,5,False,live,65536,25373,61621,65536,62579,64555,24583,37.5,20260508_KPC_live_on_SLIM::fitet-sz-c2-b5::3_KPCWTlive_740nm_3033mW_u1_poc0p2_20x0p75NA_475s50_g70_z1_256pix_basicFLIM_120f_0009
3_KPCWTlive_740nm_3033mW_u1_poc0p2_20x0p75NA_475s50_g70_z1_256pix_basicFLIM_120f_0010.sdt,20260508_KPC_live_on_SLIM,fitet-sz-c2-b5,3_KPCWTlive_740nm_3033mW_u1_poc0p2_20x0p75NA_475s50_g70_z1_256pix_basicFLIM_120f_0010,5,False,live,65536,24256,62533,65536,65052,65270,23754,36.2,20260508_KPC_live_on_SLIM::fitet-sz-c2-b5::3_KPCWTlive_740nm_3033mW_u1_poc0p2_20x0p75NA_475s50_g70_z1_256pix_basicFLIM_120f_0010
3_KPCWTlive_740nm_3033mW_u1_poc0p2_20x0p75NA_475s50_g70_z1_256pix_basicFLIM_120f_0011.sdt,20260508_KPC_live_on_SLIM,fitet-sz-c2-b5,3_KPCWTlive_740nm_3033mW_u1_poc0p2_20x0p75NA_475s50_g70_z1_256pix_basicFLIM_120f_0011,5,False,live,65536,48488,63661,65536,65144,65186,47373,72.3,20260508_KPC_live_on_SLIM::fitet-sz-c2-b5::3_KPCWTlive_740nm_3033mW_u1_poc0p2_20x0p75NA_475s50_g70_z1_256pix_basicFLIM_120f_0011
3_KPCWTlive_740nm_3033mW_u1_poc0p2_20x0p75NA_475s50_g70_z1_256pix_basicFLIM_120f_0012.sdt,20260508_KPC_live_on_SLIM,fitet-sz-c2-b5,3_KPCWTlive_740nm_3033mW_u1_poc0p2_20x0p75NA_475s50_g70_z1_256pix_basicFLIM_120f_0012,5,False,live,65536,0,862,1868,1327,1529,0,0.0,20260508_KPC_live_on_SLIM::fitet-sz-c2-b5::3_KPCWTlive_740nm_3033mW_u1_poc0p2_20x0p75NA_475s50_g70_z1_256pix_basicFLIM_120f_0012
3_KPCWTlive_740nm_3033mW_u1_poc0p2_20x0p75NA_475s50_g70_z1_256pix_basicFLIM_120f_0013.sdt,20260508_KPC_live_on_SLIM,fitet-sz-c2-b5,3_KPCWTlive_740nm_3033mW_u1_poc0p2_20x0p75NA_475s50_g70_z1_256pix_basicFLIM_120f_0013,5,False,live,65536,0,0,0,0,0,0,0.0,20260508_KPC_live_on_SLIM::fitet-sz-c2-b5::3_KPCWTlive_740nm_3033mW_u1_poc0p2_20x0p75NA_475s50_g70_z1_256pix_basicFLIM_120f_0013
3_KPCWTlive_740nm_3033mW_u1_poc0p2_20x0p75NA_475s50_g70_z1_256pix_basicFLIM_120f_0014.sdt,20260508_KPC_live_on_SLIM,fitet-sz-c2-b5,3_KPCWTlive_740nm_3033mW_u1_poc0p2_20x0p75NA_475s50_g70_z1_256pix_basicFLIM_120f_0014,5,False,live,65536,0,0,0,0,0,0,0.0,20260508_KPC_live_on_SLIM::fitet-sz-c2-b5::3_KPCWTlive_740nm_3033mW_u1_poc0p2_20x0p75NA_475s50_g70_z1_256pix_basicFLIM_120f_0014
3_KPCWTlive_740nm_3033mW_u1_poc0p2_20x0p75NA_475s50_g70_z1_256pix_basicFLIM_120f_0015.sdt,20260508_KPC_live_on_SLIM,fitet-sz-c2-b5,3_KPCWTlive_740nm_3033mW_u1_poc0p2_20x0p75NA_475s50_g70_z1_256pix_basicFLIM_120f_0015,5,False,live,65536,0,0,0,0,0,0,0.0,20260508_KPC_live_on_SLIM::fitet-sz-c2-b5::3_KPCWTlive_740nm_3033mW_u1_poc0p2_20x0p75NA_475s50_g70_z1_256pix_basicFLIM_120f_0015
3_KPCWTlive_740nm_3033mW_u1_poc0p2_20x0p75NA_475s50_g70_z1_256pix_basicFLIM_120f_0016.sdt,20260508_KPC_live_on_SLIM,fitet-sz-c2-b5,3_KPCWTlive_740nm_3033mW_u1_poc0p2_20x0p75NA_475s50_g70_z1_256pix_basicFLIM_120f_0016,5,False,live,65536,0,0,0,0,0,0,0.0,20260508_KPC_live_on_SLIM::fitet-sz-c2-b5::3_KPCWTlive_740nm_3033mW_u1_poc0p2_20x0p75NA_475s50_g70_z1_256pix_basicFLIM_120f_0016
3_KPCWTlive_740nm_3033mW_u1_poc0p2_20x0p75NA_475s50_g70_z1_256pix_basicFLIM_120f_0017.sdt,20260508_KPC_live_on_SLIM,fitet-sz-c2-b5,3_KPCWTlive_740nm_3033mW_u1_poc0p2_20x0p75NA_475s50_g70_z1_256pix_basicFLIM_120f_0017,5,False,live,65536,311,52590,65236,60385,62524,308,0.5,20260508_KPC_live_on_SLIM::fitet-sz-c2-b5::3_KPCWTlive_740nm_3033mW_u1_poc0p2_20x0p75NA_475s50_g70_z1_256pix_basicFLIM_120f_0017
3_KPCWTlive_740nm_3033mW_u1_poc0p2_20x0p75NA_475s50_g70_z1_256pix_basicFLIM_120f_0018.sdt,20260508_KPC_live_on_SLIM,fitet-sz-c2-b5,3_KPCWTlive_740nm_3033mW_u1_poc0p2_20x0p75NA_475s50_g70_z1_256pix_basicFLIM_120f_0018,5,False,live,65536,37903,62198,65534,62881,63743,36567,55.8,20260508_KPC_live_on_SLIM::fitet-sz-c2-b5::3_KPCWTlive_740nm_3033mW_u1_poc0p2_20x0p75NA_475s50_g70_z1_256pix_basicFLIM_120f_0018
3_KPCWTlive_740nm_3033mW_u1_poc0p2_20x0p75NA_475s50_g70_z1_256pix_basicFLIM_120f_0019.sdt,20260508_KPC_live_on_SLIM,fitet-sz-c2-b5,3_KPCWTlive_740nm_3033mW_u1_poc0p2_20x0p75NA_475s50_g70_z1_256pix_basicFLIM_120f_0019,5,False,live,65536,13417,60532,65536,62978,65101,13139,20.0,20260508_KPC_live_on_SLIM::fitet-sz-c2-b5::3_KPCWTlive_740nm_3033mW_u1_poc0p2_20x0p75NA_475s50_g70_z1_256pix_basicFLIM_120f_0019
3_KPCWTlive_740nm_3033mW_u1_poc0p2_20x0p75NA_475s50_g70_z1_256pix_basicFLIM_120f_0020.sdt,20260508_KPC_live_on_SLIM,fitet-sz-c2-b5,3_KPCWTlive_740nm_3033mW_u1_poc0p2_20x0p75NA_475s50_g70_z1_256pix_basicFLIM_120f_0020,5,False,live,65536,25605,60848,65536,63268,64951,25112,38.3,20260508_KPC_live_on_SLIM::fitet-sz-c2-b5::3_KPCWTlive_740nm_3033mW_u1_poc0p2_20x0p75NA_475s50_g70_z1_256pix_basicFLIM_120f_0020
3_KPCWTlive_740nm_3033mW_u1_poc0p2_20x0p75NA_475s50_g70_z1_256pix_basicFLIM_120f_0021.sdt,20260508_KPC_live_on_SLIM,fitet-sz-c2-b5,3_KPCWTlive_740nm_3033mW_u1_poc0p2_20x0p75NA_475s50_g70_z1_256pix_basicFLIM_120f_0021,5,False,live,65536,7330,60402,65536,63971,65373,7168,10.9,20260508_KPC_live_on_SLIM::fitet-sz-c2-b5::3_KPCWTlive_740nm_3033mW_u1_poc0p2_20x0p75NA_475s50_g70_z1_256pix_basicFLIM_120f_0021
3_KPCWTlive_740nm_3033mW_u1_poc0p2_20x0p75NA_475s50_g70_z1_256pix_basicFLIM_120f_0022.sdt,20260508_KPC_live_on_SLIM,fitet-sz-c2-b5,3_KPCWTlive_740nm_3033mW_u1_poc0p2_20x0p75NA_475s50_g70_z1_256pix_basicFLIM_120f_0022,5,False,live,65536,36632,62186,65536,64562,65308,35835,54.7,20260508_KPC_live_on_SLIM::fitet-sz-c2-b5::3_KPCWTlive_740nm_3033mW_u1_poc0p2_20x0p75NA_475s50_g70_z1_256pix_basicFLIM_120f_0022
3_KPCWTlive_740nm_3033mW_u1_poc0p2_20x0p75NA_475s50_g70_z1_256pix_basicFLIM_120f_0023.sdt,20260508_KPC_live_on_SLIM,fitet-sz-c2-b5,3_KPCWTlive_740nm_3033mW_u1_poc0p2_20x0p75NA_475s50_g70_z1_256pix_basicFLIM_120f_0023,5,False,live,65536,0,62,238,150,183,0,0.0,20260508_KPC_live_on_SLIM::fitet-sz-c2-b5::3_KPCWTlive_740nm_3033mW_u1_poc0p2_20x0p75NA_475s50_g70_z1_256pix_basicFLIM_120f_0023
3_KPCWTlive_740nm_3033mW_u1_poc0p2_20x0p75NA_475s50_g70_z1_256pix_basicFLIM_120f_0024.sdt,20260508_KPC_live_on_SLIM,fitet-sz-c2-b5,3_KPCWTlive_740nm_3033mW_u1_poc0p2_20x0p75NA_475s50_g70_z1_256pix_basicFLIM_120f_0024,5,False,live,65536,0,0,0,0,0,0,0.0,20260508_KPC_live_on_SLIM::fitet-sz-c2-b5::3_KPCWTlive_740nm_3033mW_u1_poc0p2_20x0p75NA_475s50_g70_z1_256pix_basicFLIM_120f_0024
3_KPCWTlive_740nm_3033mW_u1_poc0p2_20x0p75NA_475s50_g70_z1_256pix_basicFLIM_120f_overloadedposns_0000.sdt,20260508_KPC_live_on_SLIM,fitet-sz-c2-b5,3_KPCWTlive_740nm_3033mW_u1_poc0p2_20x0p75NA_475s50_g70_z1_256pix_basicFLIM_120f_overloadedposns_0000,5,False,live,65536,26005,60989,65536,62825,64446,25278,38.6,20260508_KPC_live_on_SLIM::fitet-sz-c2-b5::3_KPCWTlive_740nm_3033mW_u1_poc0p2_20x0p75NA_475s50_g70_z1_256pix_basicFLIM_120f_overloadedposns_0000
3_KPCWTlive_740nm_3033mW_u1_poc0p2_20x0p75NA_475s50_g70_z1_256pix_basicFLIM_120f_overloadedposns_0001.sdt,20260508_KPC_live_on_SLIM,fitet-sz-c2-b5,3_KPCWTlive_740nm_3033mW_u1_poc0p2_20x0p75NA_475s50_g70_z1_256pix_basicFLIM_120f_overloadedposns_0001,5,False,live,65536,13000,60343,65536,62261,64444,12161,18.6,20260508_KPC_live_on_SLIM::fitet-sz-c2-b5::3_KPCWTlive_740nm_3033mW_u1_poc0p2_20x0p75NA_475s50_g70_z1_256pix_basicFLIM_120f_overloadedposns_0001
3_KPCWTlive_740nm_3033mW_u1_poc0p2_20x0p75NA_475s50_g70_z1_256pix_basicFLIM_120f_overloadedposns_0002.sdt,20260508_KPC_live_on_SLIM,fitet-sz-c2-b5,3_KPCWTlive_740nm_3033mW_u1_poc0p2_20x0p75NA_475s50_g70_z1_256pix_basicFLIM_120f_overloadedposns_0002,5,False,live,65536,20628,62153,65536,65016,65034,19804,30.2,20260508_KPC_live_on_SLIM::fitet-sz-c2-b5::3_KPCWTlive_740nm_3033mW_u1_poc0p2_20x0p75NA_475s50_g70_z1_256pix_basicFLIM_120f_overloadedposns_0002
3_KPCWTlive_740nm_3033mW_u1_poc0p2_20x0p75NA_475s50_g70_z1_256pix_basicFLIM_120f_overloadedposns_0003.sdt,20260508_KPC_live_on_SLIM,fitet-sz-c2-b5,3_KPCWTlive_740nm_3033mW_u1_poc0p2_20x0p75NA_475s50_g70_z1_256pix_basicFLIM_120f_overloadedposns_0003,5,False,live,65536,52443,63239,65536,64682,64942,51060,77.9,20260508_KPC_live_on_SLIM::fitet-sz-c2-b5::3_KPCWTlive_740nm_3033mW_u1_poc0p2_20x0p75NA_475s50_g70_z1_256pix_basicFLIM_120f_overloadedposns_0003
3_KPCWTlive_740nm_3033mW_u1_poc0p2_20x0p75NA_475s50_g70_z1_256pix_basicFLIM_120f_overloadedposns_0004.sdt,20260508_KPC_live_on_SLIM,fitet-sz-c2-b5,3_KPCWTlive_740nm_3033mW_u1_poc0p2_20x0p75NA_475s50_g70_z1_256pix_basicFLIM_120f_overloadedposns_0004,5,False,live,65536,8129,57964,65497,63063,64333,7971,12.2,20260508_KPC_live_on_SLIM::fitet-sz-c2-b5::3_KPCWTlive_740nm_3033mW_u1_poc0p2_20x0p75NA_475s50_g70_z1_256pix_basicFLIM_120f_overloadedposns_0004
3_KPCWTlive_740nm_3033mW_u1_poc0p2_20x0p75NA_475s50_g70_z1_256pix_basicFLIM_120f_overloadedposns_0005.sdt,20260508_KPC_live_on_SLIM,fitet-sz-c2-b5,3_KPCWTlive_740nm_3033mW_u1_poc0p2_20x0p75NA_475s50_g70_z1_256pix_basicFLIM_120f_overloadedposns_0005,5,False,live,65536,10390,60516,65536,63901,64741,9770,14.9,20260508_KPC_live_on_SLIM::fitet-sz-c2-b5::3_KPCWTlive_740nm_3033mW_u1_poc0p2_20x0p75NA_475s50_g70_z1_256pix_basicFLIM_120f_overloadedposns_0005
3_KPCWTlive_740nm_3033mW_u1_poc0p2_20x0p75NA_475s50_g70_z1_256pix_basicFLIM_120f_overloadedposns_0006.sdt,20260508_KPC_live_on_SLIM,fitet-sz-c2-b5,3_KPCWTlive_740nm_3033mW_u1_poc0p2_20x0p75NA_475s50_g70_z1_256pix_basicFLIM_120f_overloadedposns_0006,5,False,live,65536,18997,61290,65536,63661,65002,18286,27.9,20260508_KPC_live_on_SLIM::fitet-sz-c2-b5::3_KPCWTlive_740nm_3033mW_u1_poc0p2_20x0p75NA_475s50_g70_z1_256pix_basicFLIM_120f_overloadedposns_0006
3_KPCWTlive_740nm_3033mW_u1_poc0p2_20x0p75NA_475s50_g70_z1_256pix_basicFLIM_120f_overloadedtwicePos10_0007.sdt,20260508_KPC_live_on_SLIM,fitet-sz-c2-b5,3_KPCWTlive_740nm_3033mW_u1_poc0p2_20x0p75NA_475s50_g70_z1_256pix_basicFLIM_120f_overloadedtwicePos10_0007,5,False,live,65536,37934,62179,65536,63279,64709,37060,56.5,20260508_KPC_live_on_SLIM::fitet-sz-c2-b5::3_KPCWTlive_740nm_3033mW_u1_poc0p2_20x0p75NA_475s50_g70_z1_256pix_basicFLIM_120f_overloadedtwicePos10_0007
3_KPCWTlive_740nm_3033mW_u1_poc0p2_20x0p75NA_535s50_g70_z1_256pix_basicFLIM_120f_0000.sdt,20260508_KPC_live_on_SLIM,fitet-sz-c2-b5,3_KPCWTlive_740nm_3033mW_u1_poc0p2_20x0p75NA_535s50_g70_z1_256pix_basicFLIM_120f_0000,5,False,live,65536,29177,63889,65536,64303,65382,28551,43.6,20260508_KPC_live_on_SLIM::fitet-sz-c2-b5::3_KPCWTlive_740nm_3033mW_u1_poc0p2_20x0p75NA_535s50_g70_z1_256pix_basicFLIM_120f_0000
3_KPCWTlive_740nm_3033mW_u1_poc0p2_20x0p75NA_535s50_g70_z1_256pix_basicFLIM_120f_0001.sdt,20260508_KPC_live_on_SLIM,fitet-sz-c2-b5,3_KPCWTlive_740nm_3033mW_u1_poc0p2_20x0p75NA_535s50_g70_z1_256pix_basicFLIM_120f_0001,5,False,live,65536,0,47250,64030,52620,62264,0,0.0,20260508_KPC_live_on_SLIM::fitet-sz-c2-b5::3_KPCWTlive_740nm_3033mW_u1_poc0p2_20x0p75NA_535s50_g70_z1_256pix_basicFLIM_120f_0001
3_KPCWTform20min_740nm_3006mW_u1_poc0p25_20x0p75NA_475s50_g70_z1_256pix_basicFLIM_120f_0000.sdt,20260509_KPC_fixed_dishes_on_SLIM,fitet-sf-c2-b5,3_KPCWTform20min_740nm_3006mW_u1_poc0p25_20x0p75NA_475s50_g70_z1_256pix_basicFLIM_120f_0000,5,True,form,65536,138,61298,65516,64206,65536,137,0.2,20260509_KPC_fixed_dishes_on_SLIM::fitet-sf-c2-b5::3_KPCWTform20min_740nm_3006mW_u1_poc0p25_20x0p75NA_475s50_g70_z1_256pix_basicFLIM_120f_0000
3_KPCWTform20min_740nm_3006mW_u1_poc0p25_20x0p75NA_475s50_g70_z1_256pix_basicFLIM_120f_0001.sdt,20260509_KPC_fixed_dishes_on_SLIM,fitet-sf-c2-b5,3_KPCWTform20min_740nm_3006mW_u1_poc0p25_20x0p75NA_475s50_g70_z1_256pix_basicFLIM_120f_0001,5,True,form,65536,1847,63022,65536,65409,65536,1809,2.8,20260509_KPC_fixed_dishes_on_SLIM::fitet-sf-c2-b5::3_KPCWTform20min_740nm_3006mW_u1_poc0p25_20x0p75NA_475s50_g70_z1_256pix_basicFLIM_120f_0001
3_KPCWTform20min_740nm_3006mW_u1_poc0p25_20x0p75NA_475s50_g70_z1_256pix_basicFLIM_120f_0002.sdt,20260509_KPC_fixed_dishes_on_SLIM,fitet-sf-c2-b5,3_KPCWTform20min_740nm_3006mW_u1_poc0p25_20x0p75NA_475s50_g70_z1_256pix_basicFLIM_120f_0002,5,True,form,65536,22049,63085,65536,65533,65536,21653,33.0,20260509_KPC_fixed_dishes_on_SLIM::fitet-sf-c2-b5::3_KPCWTform20min_740nm_3006mW_u1_poc0p25_20x0p75NA_475s50_g70_z1_256pix_basicFLIM_120f_0002
3_KPCWTform20min_740nm_3006mW_u1_poc0p25_20x0p75NA_475s50_g70_z1_256pix_basicFLIM_120f_0003.sdt,20260509_KPC_fixed_dishes_on_SLIM,fitet-sf-c2-b5,3_KPCWTform20min_740nm_3006mW_u1_poc0p25_20x0p75NA_475s50_g70_z1_256pix_basicFLIM_120f_0003,5,True,form,65536,6105,61590,65536,65273,65536,6031,9.2,20260509_KPC_fixed_dishes_on_SLIM::fitet-sf-c2-b5::3_KPCWTform20min_740nm_3006mW_u1_poc0p25_20x0p75NA_475s50_g70_z1_256pix_basicFLIM_120f_0003
3_KPCWTform20min_740nm_3006mW_u1_poc0p25_20x0p75NA_475s50_g70_z1_256pix_basicFLIM_120f_0004.sdt,20260509_KPC_fixed_dishes_on_SLIM,fitet-sf-c2-b5,3_KPCWTform20min_740nm_3006mW_u1_poc0p25_20x0p75NA_475s50_g70_z1_256pix_basicFLIM_120f_0004,5,True,form,65536,10875,61428,65510,65258,65536,10581,16.1,20260509_KPC_fixed_dishes_on_SLIM::fitet-sf-c2-b5::3_KPCWTform20min_740nm_3006mW_u1_poc0p25_20x0p75NA_475s50_g70_z1_256pix_basicFLIM_120f_0004
3_KPCWTform20min_740nm_3006mW_u1_poc0p25_20x0p75NA_475s50_g70_z1_256pix_basicFLIM_120f_0005.sdt,20260509_KPC_fixed_dishes_on_SLIM,fitet-sf-c2-b5,3_KPCWTform20min_740nm_3006mW_u1_poc0p25_20x0p75NA_475s50_g70_z1_256pix_basicFLIM_120f_0005,5,True,form,65536,58690,64543,65536,65536,65536,57903,88.4,20260509_KPC_fixed_dishes_on_SLIM::fitet-sf-c2-b5::3_KPCWTform20min_740nm_3006mW_u1_poc0p25_20x0p75NA_475s50_g70_z1_256pix_basicFLIM_120f_0005
3_KPCWTform20min_740nm_3006mW_u1_poc0p25_20x0p75NA_475s50_g70_z1_256pix_basicFLIM_120f_0006.sdt,20260509_KPC_fixed_dishes_on_SLIM,fitet-sf-c2-b5,3_KPCWTform20min_740nm_3006mW_u1_poc0p25_20x0p75NA_475s50_g70_z1_256pix_basicFLIM_120f_0006,5,True,form,65536,43222,63978,65536,65536,65536,42601,65.0,20260509_KPC_fixed_dishes_on_SLIM::fitet-sf-c2-b5::3_KPCWTform20min_740nm_3006mW_u1_poc0p25_20x0p75NA_475s50_g70_z1_256pix_basicFLIM_120f_0006
3_KPCWTform20min_740nm_3006mW_u1_poc0p25_20x0p75NA_475s50_g70_z1_256pix_basicFLIM_120f_0007.sdt,20260509_KPC_fixed_dishes_on_SLIM,fitet-sf-c2-b5,3_KPCWTform20min_740nm_3006mW_u1_poc0p25_20x0p75NA_475s50_g70_z1_256pix_basicFLIM_120f_0007,5,True,form,65536,770,61505,65536,65512,65536,735,1.1,20260509_KPC_fixed_dishes_on_SLIM::fitet-sf-c2-b5::3_KPCWTform20min_740nm_3006mW_u1_poc0p25_20x0p75NA_475s50_g70_z1_256pix_basicFLIM_120f_0007
3_KPCWTform20min_740nm_3006mW_u1_poc0p25_20x0p75NA_475s50_g70_z1_256pix_basicFLIM_120f_0008.sdt,20260509_KPC_fixed_dishes_on_SLIM,fitet-sf-c2-b5,3_KPCWTform20min_740nm_3006mW_u1_poc0p25_20x0p75NA_475s50_g70_z1_256pix_basicFLIM_120f_0008,5,True,form,65536,719,60002,65536,65407,65536,710,1.1,20260509_KPC_fixed_dishes_on_SLIM::fitet-sf-c2-b5::3_KPCWTform20min_740nm_3006mW_u1_poc0p25_20x0p75NA_475s50_g70_z1_256pix_basicFLIM_120f_0008
3_KPCWTform20min_740nm_3006mW_u1_poc0p25_20x0p75NA_475s50_g70_z1_256pix_basicFLIM_120f_0009.sdt,20260509_KPC_fixed_dishes_on_SLIM,fitet-sf-c2-b5,3_KPCWTform20min_740nm_3006mW_u1_poc0p25_20x0p75NA_475s50_g70_z1_256pix_basicFLIM_120f_0009,5,True,form,65536,1928,58564,65521,63807,65536,1898,2.9,20260509_KPC_fixed_dishes_on_SLIM::fitet-sf-c2-b5::3_KPCWTform20min_740nm_3006mW_u1_poc0p25_20x0p75NA_475s50_g70_z1_256pix_basicFLIM_120f_0009
3_KPCWTform20min_740nm_3006mW_u1_poc0p25_20x0p75NA_475s50_g70_z1_256pix_basicFLIM_120f_0010.sdt,20260509_KPC_fixed_dishes_on_SLIM,fitet-sf-c2-b5,3_KPCWTform20min_740nm_3006mW_u1_poc0p25_20x0p75NA_475s50_g70_z1_256pix_basicFLIM_120f_0010,5,True,form,65536,465,55458,65388,62429,65536,456,0.7,20260509_KPC_fixed_dishes_on_SLIM::fitet-sf-c2-b5::3_KPCWTform20min_740nm_3006mW_u1_poc0p25_20x0p75NA_475s50_g70_z1_256pix_basicFLIM_120f_0010
3_KPCWTform20min_740nm_3006mW_u1_poc0p25_20x0p75NA_475s50_g70_z1_256pix_basicFLIM_120f_0011.sdt,20260509_KPC_fixed_dishes_on_SLIM,fitet-sf-c2-b5,3_KPCWTform20min_740nm_3006mW_u1_poc0p25_20x0p75NA_475s50_g70_z1_256pix_basicFLIM_120f_0011,5,True,form,65536,891,58953,65531,64748,65536,856,1.3,20260509_KPC_fixed_dishes_on_SLIM::fitet-sf-c2-b5::3_KPCWTform20min_740nm_3006mW_u1_poc0p25_20x0p75NA_475s50_g70_z1_256pix_basicFLIM_120f_0011
3_KPCWTform20min_740nm_3006mW_u1_poc0p25_20x0p75NA_535s50_g70_z1_256pix_basicFLIM_120f_0000.sdt,20260509_KPC_fixed_dishes_on_SLIM,fitet-sf-c2-b5,3_KPCWTform20min_740nm_3006mW_u1_poc0p25_20x0p75NA_535s50_g70_z1_256pix_basicFLIM_120f_0000,5,True,form,65536,0,51103,64995,61687,65536,0,0.0,20260509_KPC_fixed_dishes_on_SLIM::fitet-sf-c2-b5::3_KPCWTform20min_740nm_3006mW_u1_poc0p25_20x0p75NA_535s50_g70_z1_256pix_basicFLIM_120f_0000
3_KPCWTform20min_740nm_3006mW_u1_poc0p25_20x0p75NA_535s50_g70_z1_256pix_basicFLIM_120f_0001.sdt,20260509_KPC_fixed_dishes_on_SLIM,fitet-sf-c2-b5,3_KPCWTform20min_740nm_3006mW_u1_poc0p25_20x0p75NA_535s50_g70_z1_256pix_basicFLIM_120f_0001,5,True,form,65536,634,57224,65534,65067,65536,612,0.9,20260509_KPC_fixed_dishes_on_SLIM::fitet-sf-c2-b5::3_KPCWTform20min_740nm_3006mW_u1_poc0p25_20x0p75NA_535s50_g70_z1_256pix_basicFLIM_120f_0001
3_KPCWTform20min_740nm_3006mW_u1_poc0p25_20x0p75NA_535s50_g70_z1_256pix_basicFLIM_120f_0002.sdt,20260509_KPC_fixed_dishes_on_SLIM,fitet-sf-c2-b5,3_KPCWTform20min_740nm_3006mW_u1_poc0p25_20x0p75NA_535s50_g70_z1_256pix_basicFLIM_120f_0002,5,True,form,65536,7427,61233,65536,65529,65536,7218,11.0,20260509_KPC_fixed_dishes_on_SLIM::fitet-sf-c2-b5::3_KPCWTform20min_740nm_3006mW_u1_poc0p25_20x0p75NA_535s50_g70_z1_256pix_basicFLIM_120f_0002
3_KPCWTform20min_740nm_3006mW_u1_poc0p25_20x0p75NA_535s50_g70_z1_256pix_basicFLIM_120f_0003.sdt,20260509_KPC_fixed_dishes_on_SLIM,fitet-sf-c2-b5,3_KPCWTform20min_740nm_3006mW_u1_poc0p25_20x0p75NA_535s50_g70_z1_256pix_basicFLIM_120f_0003,5,True,form,65536,3635,56657,65532,64910,65536,3560,5.4,20260509_KPC_fixed_dishes_on_SLIM::fitet-sf-c2-b5::3_KPCWTform20min_740nm_3006mW_u1_poc0p25_20x0p75NA_535s50_g70_z1_256pix_basicFLIM_120f_0003
3_KPCWTform20min_740nm_3006mW_u1_poc0p25_20x0p75NA_535s50_g70_z1_256pix_basicFLIM_120f_0004.sdt,20260509_KPC_fixed_dishes_on_SLIM,fitet-sf-c2-b5,3_KPCWTform20min_740nm_3006mW_u1_poc0p25_20x0p75NA_535s50_g70_z1_256pix_basicFLIM_120f_0004,5,True,form,65536,10222,59475,65466,64960,65536,10000,15.3,20260509_KPC_fixed_dishes_on_SLIM::fitet-sf-c2-b5::3_KPCWTform20min_740nm_3006mW_u1_poc0p25_20x0p75NA_535s50_g70_z1_256pix_basicFLIM_120f_0004
3_KPCWTform20min_740nm_3006mW_u1_poc0p25_20x0p75NA_535s50_g70_z1_256pix_basicFLIM_120f_0005.sdt,20260509_KPC_fixed_dishes_on_SLIM,fitet-sf-c2-b5,3_KPCWTform20min_740nm_3006mW_u1_poc0p25_20x0p75NA_535s50_g70_z1_256pix_basicFLIM_120f_0005,5,True,form,65536,62048,64682,65536,65536,65536,61284,93.5,20260509_KPC_fixed_dishes_on_SLIM::fitet-sf-c2-b5::3_KPCWTform20min_740nm_3006mW_u1_poc0p25_20x0p75NA_535s50_g70_z1_256pix_basicFLIM_120f_0005
3_KPCWTform20min_740nm_3006mW_u1_poc0p25_20x0p75NA_535s50_g70_z1_256pix_basicFLIM_120f_0006.sdt,20260509_KPC_fixed_dishes_on_SLIM,fitet-sf-c2-b5,3_KPCWTform20min_740nm_3006mW_u1_poc0p25_20x0p75NA_535s50_g70_z1_256pix_basicFLIM_120f_0006,5,True,form,65536,43527,63701,65536,65536,65536,42701,65.2,20260509_KPC_fixed_dishes_on_SLIM::fitet-sf-c2-b5::3_KPCWTform20min_740nm_3006mW_u1_poc0p25_20x0p75NA_535s50_g70_z1_256pix_basicFLIM_120f_0006
3_KPCWTform20min_740nm_3006mW_u1_poc0p25_20x0p75NA_535s50_g70_z1_256pix_basicFLIM_120f_0007.sdt,20260509_KPC_fixed_dishes_on_SLIM,fitet-sf-c2-b5,3_KPCWTform20min_740nm_3006mW_u1_poc0p25_20x0p75NA_535s50_g70_z1_256pix_basicFLIM_120f_0007,5,True,form,65536,799,59855,65536,65406,65536,775,1.2,20260509_KPC_fixed_dishes_on_SLIM::fitet-sf-c2-b5::3_KPCWTform20min_740nm_3006mW_u1_poc0p25_20x0p75NA_535s50_g70_z1_256pix_basicFLIM_120f_0007
3_KPCWTform20min_740nm_3006mW_u1_poc0p25_20x0p75NA_535s50_g70_z1_256pix_basicFLIM_120f_0008.sdt,20260509_KPC_fixed_dishes_on_SLIM,fitet-sf-c2-b5,3_KPCWTform20min_740nm_3006mW_u1_poc0p25_20x0p75NA_535s50_g70_z1_256pix_basicFLIM_120f_0008,5,True,form,65536,692,59137,65536,65177,65536,663,1.0,20260509_KPC_fixed_dishes_on_SLIM::fitet-sf-c2-b5::3_KPCWTform20min_740nm_3006mW_u1_poc0p25_20x0p75NA_535s50_g70_z1_256pix_basicFLIM_120f_0008
3_KPCWTform20min_740nm_3006mW_u1_poc0p25_20x0p75NA_535s50_g70_z1_256pix_basicFLIM_120f_0009.sdt,20260509_KPC_fixed_dishes_on_SLIM,fitet-sf-c2-b5,3_KPCWTform20min_740nm_3006mW_u1_poc0p25_20x0p75NA_535s50_g70_z1_256pix_basicFLIM_120f_0009,5,True,form,65536,1987,57585,65483,63592,65536,1951,3.0,20260509_KPC_fixed_dishes_on_SLIM::fitet-sf-c2-b5::3_KPCWTform20min_740nm_3006mW_u1_poc0p25_20x0p75NA_535s50_g70_z1_256pix_basicFLIM_120f_0009
3_KPCWTform20min_740nm_3006mW_u1_poc0p25_20x0p75NA_535s50_g70_z1_256pix_basicFLIM_120f_0010.sdt,20260509_KPC_fixed_dishes_on_SLIM,fitet-sf-c2-b5,3_KPCWTform20min_740nm_3006mW_u1_poc0p25_20x0p75NA_535s50_g70_z1_256pix_basicFLIM_120f_0010,5,True,form,65536,439,55519,65315,62295,65536,385,0.6,20260509_KPC_fixed_dishes_on_SLIM::fitet-sf-c2-b5::3_KPCWTform20min_740nm_3006mW_u1_poc0p25_20x0p75NA_535s50_g70_z1_256pix_basicFLIM_120f_0010
3_KPCWTform20min_740nm_3006mW_u1_poc0p25_20x0p75NA_535s50_g70_z1_256pix_basicFLIM_120f_0011.sdt,20260509_KPC_fixed_dishes_on_SLIM,fitet-sf-c2-b5,3_KPCWTform20min_740nm_3006mW_u1_poc0p25_20x0p75NA_535s50_g70_z1_256pix_basicFLIM_120f_0011,5,True,form,65536,589,56533,65190,63321,65536,576,0.9,20260509_KPC_fixed_dishes_on_SLIM::fitet-sf-c2-b5::3_KPCWTform20min_740nm_3006mW_u1_poc0p25_20x0p75NA_535s50_g70_z1_256pix_basicFLIM_120f_0011
3_KPCWTform20min_740nm_3006mW_u1_poc0p6_20x0p75NA_457s50_g70_z1_256pix_basicFLIM_120f_0000.sdt,20260509_KPC_fixed_dishes_on_SLIM,fitet-sf-c2-b5,3_KPCWTform20min_740nm_3006mW_u1_poc0p6_20x0p75NA_457s50_g70_z1_256pix_basicFLIM_120f_0000,5,True,form,65536,49332,64625,65536,65536,65536,48857,74.5,20260509_KPC_fixed_dishes_on_SLIM::fitet-sf-c2-b5::3_KPCWTform20min_740nm_3006mW_u1_poc0p6_20x0p75NA_457s50_g70_z1_256pix_basicFLIM_120f_0000
3_KPCWTform20min_740nm_3006mW_u1_poc0p6_20x0p75NA_457s50_g70_z1_256pix_basicFLIM_120f_0001.sdt,20260509_KPC_fixed_dishes_on_SLIM,fitet-sf-c2-b5,3_KPCWTform20min_740nm_3006mW_u1_poc0p6_20x0p75NA_457s50_g70_z1_256pix_basicFLIM_120f_0001,5,True,form,65536,64330,65244,65536,65536,65536,64071,97.8,20260509_KPC_fixed_dishes_on_SLIM::fitet-sf-c2-b5::3_KPCWTform20min_740nm_3006mW_u1_poc0p6_20x0p75NA_457s50_g70_z1_256pix_basicFLIM_120f_0001
3_KPCWTform20min_740nm_3006mW_u1_poc0p6_20x0p75NA_457s50_g70_z1_256pix_basicFLIM_120f_0002.sdt,20260509_KPC_fixed_dishes_on_SLIM,fitet-sf-c2-b5,3_KPCWTform20min_740nm_3006mW_u1_poc0p6_20x0p75NA_457s50_g70_z1_256pix_basicFLIM_120f_0002,5,True,form,65536,65458,65468,65536,65536,65536,65390,99.8,20260509_KPC_fixed_dishes_on_SLIM::fitet-sf-c2-b5::3_KPCWTform20min_740nm_3006mW_u1_poc0p6_20x0p75NA_457s50_g70_z1_256pix_basicFLIM_120f_0002
3_KPCWTform20min_740nm_3006mW_u1_poc0p6_20x0p75NA_457s50_g70_z1_256pix_basicFLIM_120f_0003.sdt,20260509_KPC_fixed_dishes_on_SLIM,fitet-sf-c2-b5,3_KPCWTform20min_740nm_3006mW_u1_poc0p6_20x0p75NA_457s50_g70_z1_256pix_basicFLIM_120f_0003,5,True,form,65536,63082,65226,65536,65536,65536,62827,95.9,20260509_KPC_fixed_dishes_on_SLIM::fitet-sf-c2-b5::3_KPCWTform20min_740nm_3006mW_u1_poc0p6_20x0p75NA_457s50_g70_z1_256pix_basicFLIM_120f_0003
3_KPCWTform20min_740nm_3006mW_u1_poc0p6_20x0p75NA_457s50_g70_z1_256pix_basicFLIM_120f_0004.sdt,20260509_KPC_fixed_dishes_on_SLIM,fitet-sf-c2-b5,3_KPCWTform20min_740nm_3006mW_u1_poc0p6_20x0p75NA_457s50_g70_z1_256pix_basicFLIM_120f_0004,5,True,form,65536,63123,65255,65536,65536,65536,62991,96.1,20260509_KPC_fixed_dishes_on_SLIM::fitet-sf-c2-b5::3_KPCWTform20min_740nm_3006mW_u1_poc0p6_20x0p75NA_457s50_g70_z1_256pix_basicFLIM_120f_0004
3_KPCWTform20min_740nm_3006mW_u1_poc0p6_20x0p75NA_457s50_g70_z1_256pix_basicFLIM_120f_0005.sdt,20260509_KPC_fixed_dishes_on_SLIM,fitet-sf-c2-b5,3_KPCWTform20min_740nm_3006mW_u1_poc0p6_20x0p75NA_457s50_g70_z1_256pix_basicFLIM_120f_0005,5,True,form,65536,65536,65471,65536,65536,65536,65471,99.9,20260509_KPC_fixed_dishes_on_SLIM::fitet-sf-c2-b5::3_KPCWTform20min_740nm_3006mW_u1_poc0p6_20x0p75NA_457s50_g70_z1_256pix_basicFLIM_120f_0005
3_KPCWTform20min_740nm_3006mW_u1_poc0p6_20x0p75NA_457s50_g70_z1_256pix_basicFLIM_120f_0006.sdt,20260509_KPC_fixed_dishes_on_SLIM,fitet-sf-c2-b5,3_KPCWTform20min_740nm_3006mW_u1_poc0p6_20x0p75NA_457s50_g70_z1_256pix_basicFLIM_120f_0006,5,True,form,65536,65536,65532,65536,65536,65536,65532,100.0,20260509_KPC_fixed_dishes_on_SLIM::fitet-sf-c2-b5::3_KPCWTform20min_740nm_3006mW_u1_poc0p6_20x0p75NA_457s50_g70_z1_256pix_basicFLIM_120f_0006
3_KPCWTform20min_740nm_3006mW_u1_poc0p6_20x0p75NA_457s50_g70_z1_256pix_basicFLIM_120f_0007.sdt,20260509_KPC_fixed_dishes_on_SLIM,fitet-sf-c2-b5,3_KPCWTform20min_740nm_3006mW_u1_poc0p6_20x0p75NA_457s50_g70_z1_256pix_basicFLIM_120f_0007,5,True,form,65536,65536,65358,65536,65536,65536,65358,99.7,20260509_KPC_fixed_dishes_on_SLIM::fitet-sf-c2-b5::3_KPCWTform20min_740nm_3006mW_u1_poc0p6_20x0p75NA_457s50_g70_z1_256pix_basicFLIM_120f_0007
3_KPCWTform20min_740nm_3006mW_u1_poc0p6_20x0p75NA_457s50_g70_z1_256pix_basicFLIM_120f_0008.sdt,20260509_KPC_fixed_dishes_on_SLIM,fitet-sf-c2-b5,3_KPCWTform20min_740nm_3006mW_u1_poc0p6_20x0p75NA_457s50_g70_z1_256pix_basicFLIM_120f_0008,5,True,form,65536,64753,65304,65536,65536,65536,64555,98.5,20260509_KPC_fixed_dishes_on_SLIM::fitet-sf-c2-b5::3_KPCWTform20min_740nm_3006mW_u1_poc0p6_20x0p75NA_457s50_g70_z1_256pix_basicFLIM_120f_0008
3_KPCWTform20min_740nm_3006mW_u1_poc0p6_20x0p75NA_457s50_g70_z1_256pix_basicFLIM_120f_0009.sdt,20260509_KPC_fixed_dishes_on_SLIM,fitet-sf-c2-b5,3_KPCWTform20min_740nm_3006mW_u1_poc0p6_20x0p75NA_457s50_g70_z1_256pix_basicFLIM_120f_0009,5,True,form,65536,62607,64861,65536,65536,65536,62009,94.6,20260509_KPC_fixed_dishes_on_SLIM::fitet-sf-c2-b5::3_KPCWTform20min_740nm_3006mW_u1_poc0p6_20x0p75NA_457s50_g70_z1_256pix_basicFLIM_120f_0009
3_KPCWTform20min_740nm_3006mW_u1_poc0p6_20x0p75NA_457s50_g70_z1_256pix_basicFLIM_120f_0010.sdt,20260509_KPC_fixed_dishes_on_SLIM,fitet-sf-c2-b5,3_KPCWTform20min_740nm_3006mW_u1_poc0p6_20x0p75NA_457s50_g70_z1_256pix_basicFLIM_120f_0010,5,True,form,65536,46684,64489,65536,65497,65536,46377,70.8,20260509_KPC_fixed_dishes_on_SLIM::fitet-sf-c2-b5::3_KPCWTform20min_740nm_3006mW_u1_poc0p6_20x0p75NA_457s50_g70_z1_256pix_basicFLIM_120f_0010
3_KPCWTform20min_740nm_3006mW_u1_poc0p6_20x0p75NA_457s50_g70_z1_256pix_basicFLIM_120f_0011.sdt,20260509_KPC_fixed_dishes_on_SLIM,fitet-sf-c2-b5,3_KPCWTform20min_740nm_3006mW_u1_poc0p6_20x0p75NA_457s50_g70_z1_256pix_basicFLIM_120f_0011,5,True,form,65536,57922,64976,65536,65536,65536,57644,88.0,20260509_KPC_fixed_dishes_on_SLIM::fitet-sf-c2-b5::3_KPCWTform20min_740nm_3006mW_u1_poc0p6_20x0p75NA_457s50_g70_z1_256pix_basicFLIM_120f_0011
3_KPCWTform20min_740nm_3006mW_u1_poc0p6_20x0p75NA_457s50_g70_z1_256pix_basicFLIM_120f_0012.sdt,20260509_KPC_fixed_dishes_on_SLIM,fitet-sf-c2-b5,3_KPCWTform20min_740nm_3006mW_u1_poc0p6_20x0p75NA_457s50_g70_z1_256pix_basicFLIM_120f_0012,5,True,form,65536,41648,63687,65536,65529,65536,40833,62.3,20260509_KPC_fixed_dishes_on_SLIM::fitet-sf-c2-b5::3_KPCWTform20min_740nm_3006mW_u1_poc0p6_20x0p75NA_457s50_g70_z1_256pix_basicFLIM_120f_0012
3_KPCWTform20min_740nm_3006mW_u1_poc0p6_20x0p75NA_457s50_g70_z1_256pix_basicFLIM_120f_0013.sdt,20260509_KPC_fixed_dishes_on_SLIM,fitet-sf-c2-b5,3_KPCWTform20min_740nm_3006mW_u1_poc0p6_20x0p75NA_457s50_g70_z1_256pix_basicFLIM_120f_0013,5,True,form,65536,59456,64484,65536,65536,65536,58706,89.6,20260509_KPC_fixed_dishes_on_SLIM::fitet-sf-c2-b5::3_KPCWTform20min_740nm_3006mW_u1_poc0p6_20x0p75NA_457s50_g70_z1_256pix_basicFLIM_120f_0013
3_KPCWTform20min_740nm_3006mW_u1_poc0p6_20x0p75NA_457s50_g70_z1_256pix_basicFLIM_120f_0014.sdt,20260509_KPC_fixed_dishes_on_SLIM,fitet-sf-c2-b5,3_KPCWTform20min_740nm_3006mW_u1_poc0p6_20x0p75NA_457s50_g70_z1_256pix_basicFLIM_120f_0014,5,True,form,65536,65386,65247,65536,65536,65536,65099,99.3,20260509_KPC_fixed_dishes_on_SLIM::fitet-sf-c2-b5::3_KPCWTform20min_740nm_3006mW_u1_poc0p6_20x0p75NA_457s50_g70_z1_256pix_basicFLIM_120f_0014
3_KPCWTform20min_740nm_3006mW_u1_poc0p6_20x0p75NA_457s50_g70_z1_256pix_basicFLIM_120f_0015.sdt,20260509_KPC_fixed_dishes_on_SLIM,fitet-sf-c2-b5,3_KPCWTform20min_740nm_3006mW_u1_poc0p6_20x0p75NA_457s50_g70_z1_256pix_basicFLIM_120f_0015,5,True,form,65536,61579,64675,65536,65536,65536,60878,92.9,20260509_KPC_fixed_dishes_on_SLIM::fitet-sf-c2-b5::3_KPCWTform20min_740nm_3006mW_u1_poc0p6_20x0p75NA_457s50_g70_z1_256pix_basicFLIM_120f_0015
3_KPCWTform20min_740nm_3006mW_u1_poc0p6_20x0p75NA_457s50_g70_z1_256pix_basicFLIM_120f_0016.sdt,20260509_KPC_fixed_dishes_on_SLIM,fitet-sf-c2-b5,3_KPCWTform20min_740nm_3006mW_u1_poc0p6_20x0p75NA_457s50_g70_z1_256pix_basicFLIM_120f_0016,5,True,form,65536,61038,65075,65536,65536,65536,60689,92.6,20260509_KPC_fixed_dishes_on_SLIM::fitet-sf-c2-b5::3_KPCWTform20min_740nm_3006mW_u1_poc0p6_20x0p75NA_457s50_g70_z1_256pix_basicFLIM_120f_0016
3_KPCWTform20min_740nm_3006mW_u1_poc0p6_20x0p75NA_457s50_g70_z1_256pix_basicFLIM_120f_0017.sdt,20260509_KPC_fixed_dishes_on_SLIM,fitet-sf-c2-b5,3_KPCWTform20min_740nm_3006mW_u1_poc0p6_20x0p75NA_457s50_g70_z1_256pix_basicFLIM_120f_0017,5,True,form,65536,65536,65527,65536,65536,65536,65527,100.0,20260509_KPC_fixed_dishes_on_SLIM::fitet-sf-c2-b5::3_KPCWTform20min_740nm_3006mW_u1_poc0p6_20x0p75NA_457s50_g70_z1_256pix_basicFLIM_120f_0017
3_KPCWTform20min_740nm_3006mW_u1_poc0p6_20x0p75NA_457s50_g70_z1_256pix_basicFLIM_120f_0018.sdt,20260509_KPC_fixed_dishes_on_SLIM,fitet-sf-c2-b5,3_KPCWTform20min_740nm_3006mW_u1_poc0p6_20x0p75NA_457s50_g70_z1_256pix_basicFLIM_120f_0018,5,True,form,65536,65536,65391,65536,65536,65536,65391,99.8,20260509_KPC_fixed_dishes_on_SLIM::fitet-sf-c2-b5::3_KPCWTform20min_740nm_3006mW_u1_poc0p6_20x0p75NA_457s50_g70_z1_256pix_basicFLIM_120f_0018
3_KPCWTform20min_740nm_3006mW_u1_poc0p6_20x0p75NA_457s50_g70_z1_256pix_basicFLIM_120f_0019.sdt,20260509_KPC_fixed_dishes_on_SLIM,fitet-sf-c2-b5,3_KPCWTform20min_740nm_3006mW_u1_poc0p6_20x0p75NA_457s50_g70_z1_256pix_basicFLIM_120f_0019,5,True,form,65536,64828,65131,65536,65536,65536,64438,98.3,20260509_KPC_fixed_dishes_on_SLIM::fitet-sf-c2-b5::3_KPCWTform20min_740nm_3006mW_u1_poc0p6_20x0p75NA_457s50_g70_z1_256pix_basicFLIM_120f_0019
3_KPCWTform20min_740nm_3006mW_u1_poc0p6_20x0p75NA_457s50_g70_z1_256pix_basicFLIM_120f_0020.sdt,20260509_KPC_fixed_dishes_on_SLIM,fitet-sf-c2-b5,3_KPCWTform20min_740nm_3006mW_u1_poc0p6_20x0p75NA_457s50_g70_z1_256pix_basicFLIM_120f_0020,5,True,form,65536,63439,65150,65536,65535,65536,63090,96.3,20260509_KPC_fixed_dishes_on_SLIM::fitet-sf-c2-b5::3_KPCWTform20min_740nm_3006mW_u1_poc0p6_20x0p75NA_457s50_g70_z1_256pix_basicFLIM_120f_0020
3_KPCWTform20min_740nm_3006mW_u1_poc0p6_20x0p75NA_457s50_g70_z1_256pix_basicFLIM_120f_0021.sdt,20260509_KPC_fixed_dishes_on_SLIM,fitet-sf-c2-b5,3_KPCWTform20min_740nm_3006mW_u1_poc0p6_20x0p75NA_457s50_g70_z1_256pix_basicFLIM_120f_0021,5,True,form,65536,49914,64354,65536,65470,65536,49352,75.3,20260509_KPC_fixed_dishes_on_SLIM::fitet-sf-c2-b5::3_KPCWTform20min_740nm_3006mW_u1_poc0p6_20x0p75NA_457s50_g70_z1_256pix_basicFLIM_120f_0021
3_KPCWTform20min_740nm_3006mW_u1_poc0p6_20x0p75NA_457s50_g70_z1_256pix_basicFLIM_120f_0022.sdt,20260509_KPC_fixed_dishes_on_SLIM,fitet-sf-c2-b5,3_KPCWTform20min_740nm_3006mW_u1_poc0p6_20x0p75NA_457s50_g70_z1_256pix_basicFLIM_120f_0022,5,True,form,65536,39088,63945,65536,65367,65536,38616,58.9,20260509_KPC_fixed_dishes_on_SLIM::fitet-sf-c2-b5::3_KPCWTform20min_740nm_3006mW_u1_poc0p6_20x0p75NA_457s50_g70_z1_256pix_basicFLIM_120f_0022
3_KPCWTform20min_740nm_3006mW_u1_poc0p6_20x0p75NA_457s50_g70_z1_256pix_basicFLIM_120f_0023.sdt,20260509_KPC_fixed_dishes_on_SLIM,fitet-sf-c2-b5,3_KPCWTform20min_740nm_3006mW_u1_poc0p6_20x0p75NA_457s50_g70_z1_256pix_basicFLIM_120f_0023,5,True,form,65536,53061,64594,65536,65511,65536,52550,80.2,20260509_KPC_fixed_dishes_on_SLIM::fitet-sf-c2-b5::3_KPCWTform20min_740nm_3006mW_u1_poc0p6_20x0p75NA_457s50_g70_z1_256pix_basicFLIM_120f_0023
4_BKOCO2form20min_740nm_2995mW_u1_poc0p25_20x0p75NA_457s50_g70_z1_256pix_basicFLIM_120f_0000.sdt,20260509_KPC_fixed_dishes_on_SLIM,fitet-sf-c2-b5,4_BKOCO2form20min_740nm_2995mW_u1_poc0p25_20x0p75NA_457s50_g70_z1_256pix_basicFLIM_120f_0000,5,True,form,65536,5041,62787,65536,65533,65536,4917,7.5,20260509_KPC_fixed_dishes_on_SLIM::fitet-sf-c2-b5::4_BKOCO2form20min_740nm_2995mW_u1_poc0p25_20x0p75NA_457s50_g70_z1_256pix_basicFLIM_120f_0000
4_BKOCO2form20min_740nm_2995mW_u1_poc0p25_20x0p75NA_457s50_g70_z1_256pix_basicFLIM_120f_0001.sdt,20260509_KPC_fixed_dishes_on_SLIM,fitet-sf-c2-b5,4_BKOCO2form20min_740nm_2995mW_u1_poc0p25_20x0p75NA_457s50_g70_z1_256pix_basicFLIM_120f_0001,5,True,form,65536,3082,61877,65536,65529,65536,3033,4.6,20260509_KPC_fixed_dishes_on_SLIM::fitet-sf-c2-b5::4_BKOCO2form20min_740nm_2995mW_u1_poc0p25_20x0p75NA_457s50_g70_z1_256pix_basicFLIM_120f_0001
4_BKOCO2form20min_740nm_2995mW_u1_poc0p25_20x0p75NA_457s50_g70_z1_256pix_basicFLIM_120f_0002.sdt,20260509_KPC_fixed_dishes_on_SLIM,fitet-sf-c2-b5,4_BKOCO2form20min_740nm_2995mW_u1_poc0p25_20x0p75NA_457s50_g70_z1_256pix_basicFLIM_120f_0002,5,True,form,65536,430,60511,65536,65510,65536,415,0.6,20260509_KPC_fixed_dishes_on_SLIM::fitet-sf-c2-b5::4_BKOCO2form20min_740nm_2995mW_u1_poc0p25_20x0p75NA_457s50_g70_z1_256pix_basicFLIM_120f_0002
4_BKOCO2form20min_740nm_2995mW_u1_poc0p25_20x0p75NA_457s50_g70_z1_256pix_basicFLIM_120f_0003.sdt,20260509_KPC_fixed_dishes_on_SLIM,fitet-sf-c2-b5,4_BKOCO2form20min_740nm_2995mW_u1_poc0p25_20x0p75NA_457s50_g70_z1_256pix_basicFLIM_120f_0003,5,True,form,65536,947,61502,65536,65502,65536,933,1.4,20260509_KPC_fixed_dishes_on_SLIM::fitet-sf-c2-b5::4_BKOCO2form20min_740nm_2995mW_u1_poc0p25_20x0p75NA_457s50_g70_z1_256pix_basicFLIM_120f_0003
4_BKOCO2form20min_740nm_2995mW_u1_poc0p25_20x0p75NA_457s50_g70_z1_256pix_basicFLIM_120f_0004.sdt,20260509_KPC_fixed_dishes_on_SLIM,fitet-sf-c2-b5,4_BKOCO2form20min_740nm_2995mW_u1_poc0p25_20x0p75NA_457s50_g70_z1_256pix_basicFLIM_120f_0004,5,True,form,65536,1476,60880,65535,65531,65536,1430,2.2,20260509_KPC_fixed_dishes_on_SLIM::fitet-sf-c2-b5::4_BKOCO2form20min_740nm_2995mW_u1_poc0p25_20x0p75NA_457s50_g70_z1_256pix_basicFLIM_120f_0004
4_BKOCO2form20min_740nm_2995mW_u1_poc0p25_20x0p75NA_457s50_g70_z1_256pix_basicFLIM_120f_0005.sdt,20260509_KPC_fixed_dishes_on_SLIM,fitet-sf-c2-b5,4_BKOCO2form20min_740nm_2995mW_u1_poc0p25_20x0p75NA_457s50_g70_z1_256pix_basicFLIM_120f_0005,5,True,form,65536,1313,60807,65536,65491,65536,1307,2.0,20260509_KPC_fixed_dishes_on_SLIM::fitet-sf-c2-b5::4_BKOCO2form20min_740nm_2995mW_u1_poc0p25_20x0p75NA_457s50_g70_z1_256pix_basicFLIM_120f_0005
4_BKOCO2form20min_740nm_2995mW_u1_poc0p25_20x0p75NA_457s50_g70_z1_256pix_basicFLIM_120f_0006.sdt,20260509_KPC_fixed_dishes_on_SLIM,fitet-sf-c2-b5,4_BKOCO2form20min_740nm_2995mW_u1_poc0p25_20x0p75NA_457s50_g70_z1_256pix_basicFLIM_120f_0006,5,True,form,65536,1139,60962,65536,65514,65536,1129,1.7,20260509_KPC_fixed_dishes_on_SLIM::fitet-sf-c2-b5::4_BKOCO2form20min_740nm_2995mW_u1_poc0p25_20x0p75NA_457s50_g70_z1_256pix_basicFLIM_120f_0006
4_BKOCO2form20min_740nm_2995mW_u1_poc0p25_20x0p75NA_457s50_g70_z1_256pix_basicFLIM_120f_0007.sdt,20260509_KPC_fixed_dishes_on_SLIM,fitet-sf-c2-b5,4_BKOCO2form20min_740nm_2995mW_u1_poc0p25_20x0p75NA_457s50_g70_z1_256pix_basicFLIM_120f_0007,5,True,form,65536,2857,61601,65536,65531,65536,2811,4.3,20260509_KPC_fixed_dishes_on_SLIM::fitet-sf-c2-b5::4_BKOCO2form20min_740nm_2995mW_u1_poc0p25_20x0p75NA_457s50_g70_z1_256pix_basicFLIM_120f_0007
4_BKOCO2form20min_740nm_2995mW_u1_poc0p25_20x0p75NA_457s50_g70_z1_256pix_basicFLIM_120f_0008.sdt,20260509_KPC_fixed_dishes_on_SLIM,fitet-sf-c2-b5,4_BKOCO2form20min_740nm_2995mW_u1_poc0p25_20x0p75NA_457s50_g70_z1_256pix_basicFLIM_120f_0008,5,True,form,65536,111,60951,65536,65403,65536,108,0.2,20260509_KPC_fixed_dishes_on_SLIM::fitet-sf-c2-b5::4_BKOCO2form20min_740nm_2995mW_u1_poc0p25_20x0p75NA_457s50_g70_z1_256pix_basicFLIM_120f_0008
4_BKOCO2form20min_740nm_2995mW_u1_poc0p25_20x0p75NA_457s50_g70_z1_256pix_basicFLIM_120f_0009.sdt,20260509_KPC_fixed_dishes_on_SLIM,fitet-sf-c2-b5,4_BKOCO2form20min_740nm_2995mW_u1_poc0p25_20x0p75NA_457s50_g70_z1_256pix_basicFLIM_120f_0009,5,True,form,65536,976,61760,65536,65522,65536,967,1.5,20260509_KPC_fixed_dishes_on_SLIM::fitet-sf-c2-b5::4_BKOCO2form20min_740nm_2995mW_u1_poc0p25_20x0p75NA_457s50_g70_z1_256pix_basicFLIM_120f_0009
4_BKOCO2form20min_740nm_2995mW_u1_poc0p25_20x0p75NA_457s50_g70_z1_256pix_basicFLIM_120f_0010.sdt,20260509_KPC_fixed_dishes_on_SLIM,fitet-sf-c2-b5,4_BKOCO2form20min_740nm_2995mW_u1_poc0p25_20x0p75NA_457s50_g70_z1_256pix_basicFLIM_120f_0010,5,True,form,65536,818,58148,65536,64579,65536,802,1.2,20260509_KPC_fixed_dishes_on_SLIM::fitet-sf-c2-b5::4_BKOCO2form20min_740nm_2995mW_u1_poc0p25_20x0p75NA_457s50_g70_z1_256pix_basicFLIM_120f_0010
4_BKOCO2form20min_740nm_2995mW_u1_poc0p25_20x0p75NA_457s50_g70_z1_256pix_basicFLIM_120f_0011.sdt,20260509_KPC_fixed_dishes_on_SLIM,fitet-sf-c2-b5,4_BKOCO2form20min_740nm_2995mW_u1_poc0p25_20x0p75NA_457s50_g70_z1_256pix_basicFLIM_120f_0011,5,True,form,65536,709,58891,65536,65038,65536,696,1.1,20260509_KPC_fixed_dishes_on_SLIM::fitet-sf-c2-b5::4_BKOCO2form20min_740nm_2995mW_u1_poc0p25_20x0p75NA_457s50_g70_z1_256pix_basicFLIM_120f_0011
4_BKOCO2form20min_740nm_2995mW_u1_poc0p25_20x0p75NA_457s50_g70_z1_256pix_basicFLIM_120f_0012.sdt,20260509_KPC_fixed_dishes_on_SLIM,fitet-sf-c2-b5,4_BKOCO2form20min_740nm_2995mW_u1_poc0p25_20x0p75NA_457s50_g70_z1_256pix_basicFLIM_120f_0012,5,True,form,65536,366,54566,64182,60614,65536,359,0.5,20260509_KPC_fixed_dishes_on_SLIM::fitet-sf-c2-b5::4_BKOCO2form20min_740nm_2995mW_u1_poc0p25_20x0p75NA_457s50_g70_z1_256pix_basicFLIM_120f_0012
4_BKOCO2form20min_740nm_2995mW_u1_poc0p25_20x0p75NA_457s50_g70_z1_256pix_basicFLIM_120f_0013.sdt,20260509_KPC_fixed_dishes_on_SLIM,fitet-sf-c2-b5,4_BKOCO2form20min_740nm_2995mW_u1_poc0p25_20x0p75NA_457s50_g70_z1_256pix_basicFLIM_120f_0013,5,True,form,65536,647,60297,65533,65028,65536,638,1.0,20260509_KPC_fixed_dishes_on_SLIM::fitet-sf-c2-b5::4_BKOCO2form20min_740nm_2995mW_u1_poc0p25_20x0p75NA_457s50_g70_z1_256pix_basicFLIM_120f_0013
4_BKOCO2form20min_740nm_2995mW_u1_poc0p25_20x0p75NA_457s50_g70_z1_256pix_basicFLIM_120f_0014.sdt,20260509_KPC_fixed_dishes_on_SLIM,fitet-sf-c2-b5,4_BKOCO2form20min_740nm_2995mW_u1_poc0p25_20x0p75NA_457s50_g70_z1_256pix_basicFLIM_120f_0014,5,True,form,65536,2096,58664,65536,64583,65536,2062,3.1,20260509_KPC_fixed_dishes_on_SLIM::fitet-sf-c2-b5::4_BKOCO2form20min_740nm_2995mW_u1_poc0p25_20x0p75NA_457s50_g70_z1_256pix_basicFLIM_120f_0014
4_BKOCO2form20min_740nm_2995mW_u1_poc0p25_20x0p75NA_457s50_g70_z1_256pix_basicFLIM_120f_0015.sdt,20260509_KPC_fixed_dishes_on_SLIM,fitet-sf-c2-b5,4_BKOCO2form20min_740nm_2995mW_u1_poc0p25_20x0p75NA_457s50_g70_z1_256pix_basicFLIM_120f_0015,5,True,form,65536,1206,58401,65476,64203,65536,1192,1.8,20260509_KPC_fixed_dishes_on_SLIM::fitet-sf-c2-b5::4_BKOCO2form20min_740nm_2995mW_u1_poc0p25_20x0p75NA_457s50_g70_z1_256pix_basicFLIM_120f_0015
4_BKOCO2form20min_740nm_2995mW_u1_poc0p25_20x0p75NA_535s50_g70_z1_256pix_basicFLIM_120f_0000.sdt,20260509_KPC_fixed_dishes_on_SLIM,fitet-sf-c2-b5,4_BKOCO2form20min_740nm_2995mW_u1_poc0p25_20x0p75NA_535s50_g70_z1_256pix_basicFLIM_120f_0000,5,True,form,65536,9708,62704,65536,65514,65536,9541,14.6,20260509_KPC_fixed_dishes_on_SLIM::fitet-sf-c2-b5::4_BKOCO2form20min_740nm_2995mW_u1_poc0p25_20x0p75NA_535s50_g70_z1_256pix_basicFLIM_120f_0000
4_BKOCO2form20min_740nm_2995mW_u1_poc0p25_20x0p75NA_535s50_g70_z1_256pix_basicFLIM_120f_0001.sdt,20260509_KPC_fixed_dishes_on_SLIM,fitet-sf-c2-b5,4_BKOCO2form20min_740nm_2995mW_u1_poc0p25_20x0p75NA_535s50_g70_z1_256pix_basicFLIM_120f_0001,5,True,form,65536,3306,60365,65533,65510,65536,3244,4.9,20260509_KPC_fixed_dishes_on_SLIM::fitet-sf-c2-b5::4_BKOCO2form20min_740nm_2995mW_u1_poc0p25_20x0p75NA_535s50_g70_z1_256pix_basicFLIM_120f_0001
4_BKOCO2form20min_740nm_2995mW_u1_poc0p25_20x0p75NA_535s50_g70_z1_256pix_basicFLIM_120f_0002.sdt,20260509_KPC_fixed_dishes_on_SLIM,fitet-sf-c2-b5,4_BKOCO2form20min_740nm_2995mW_u1_poc0p25_20x0p75NA_535s50_g70_z1_256pix_basicFLIM_120f_0002,5,True,form,65536,849,60828,65536,65461,65536,843,1.3,20260509_KPC_fixed_dishes_on_SLIM::fitet-sf-c2-b5::4_BKOCO2form20min_740nm_2995mW_u1_poc0p25_20x0p75NA_535s50_g70_z1_256pix_basicFLIM_120f_0002
4_BKOCO2form20min_740nm_2995mW_u1_poc0p25_20x0p75NA_535s50_g70_z1_256pix_basicFLIM_120f_0003.sdt,20260509_KPC_fixed_dishes_on_SLIM,fitet-sf-c2-b5,4_BKOCO2form20min_740nm_2995mW_u1_poc0p25_20x0p75NA_535s50_g70_z1_256pix_basicFLIM_120f_0003,5,True,form,65536,1447,60357,65536,65468,65536,1377,2.1,20260509_KPC_fixed_dishes_on_SLIM::fitet-sf-c2-b5::4_BKOCO2form20min_740nm_2995mW_u1_poc0p25_20x0p75NA_535s50_g70_z1_256pix_basicFLIM_120f_0003
4_BKOCO2form20min_740nm_2995mW_u1_poc0p25_20x0p75NA_535s50_g70_z1_256pix_basicFLIM_120f_0004.sdt,20260509_KPC_fixed_dishes_on_SLIM,fitet-sf-c2-b5,4_BKOCO2form20min_740nm_2995mW_u1_poc0p25_20x0p75NA_535s50_g70_z1_256pix_basicFLIM_120f_0004,5,True,form,65536,1428,60204,65536,65474,65536,1390,2.1,20260509_KPC_fixed_dishes_on_SLIM::fitet-sf-c2-b5::4_BKOCO2form20min_740nm_2995mW_u1_poc0p25_20x0p75NA_535s50_g70_z1_256pix_basicFLIM_120f_0004
4_BKOCO2form20min_740nm_2995mW_u1_poc0p25_20x0p75NA_535s50_g70_z1_256pix_basicFLIM_120f_0005.sdt,20260509_KPC_fixed_dishes_on_SLIM,fitet-sf-c2-b5,4_BKOCO2form20min_740nm_2995mW_u1_poc0p25_20x0p75NA_535s50_g70_z1_256pix_basicFLIM_120f_0005,5,True,form,65536,1354,60169,65536,65443,65536,1321,2.0,20260509_KPC_fixed_dishes_on_SLIM::fitet-sf-c2-b5::4_BKOCO2form20min_740nm_2995mW_u1_poc0p25_20x0p75NA_535s50_g70_z1_256pix_basicFLIM_120f_0005
4_BKOCO2form20min_740nm_2995mW_u1_poc0p25_20x0p75NA_535s50_g70_z1_256pix_basicFLIM_120f_0006.sdt,20260509_KPC_fixed_dishes_on_SLIM,fitet-sf-c2-b5,4_BKOCO2form20min_740nm_2995mW_u1_poc0p25_20x0p75NA_535s50_g70_z1_256pix_basicFLIM_120f_0006,5,True,form,65536,1449,60230,65536,65306,65536,1400,2.1,20260509_KPC_fixed_dishes_on_SLIM::fitet-sf-c2-b5::4_BKOCO2form20min_740nm_2995mW_u1_poc0p25_20x0p75NA_535s50_g70_z1_256pix_basicFLIM_120f_0006
4_BKOCO2form20min_740nm_2995mW_u1_poc0p25_20x0p75NA_535s50_g70_z1_256pix_basicFLIM_120f_0007.sdt,20260509_KPC_fixed_dishes_on_SLIM,fitet-sf-c2-b5,4_BKOCO2form20min_740nm_2995mW_u1_poc0p25_20x0p75NA_535s50_g70_z1_256pix_basicFLIM_120f_0007,5,True,form,65536,3837,61459,65536,65530,65536,3724,5.7,20260509_KPC_fixed_dishes_on_SLIM::fitet-sf-c2-b5::4_BKOCO2form20min_740nm_2995mW_u1_poc0p25_20x0p75NA_535s50_g70_z1_256pix_basicFLIM_120f_0007
4_BKOCO2form20min_740nm_2995mW_u1_poc0p25_20x0p75NA_535s50_g70_z1_256pix_basicFLIM_120f_0008.sdt,20260509_KPC_fixed_dishes_on_SLIM,fitet-sf-c2-b5,4_BKOCO2form20min_740nm_2995mW_u1_poc0p25_20x0p75NA_535s50_g70_z1_256pix_basicFLIM_120f_0008,5,True,form,65536,203,59753,65536,65326,65536,203,0.3,20260509_KPC_fixed_dishes_on_SLIM::fitet-sf-c2-b5::4_BKOCO2form20min_740nm_2995mW_u1_poc0p25_20x0p75NA_535s50_g70_z1_256pix_basicFLIM_120f_0008
4_BKOCO2form20min_740nm_2995mW_u1_poc0p25_20x0p75NA_535s50_g70_z1_256pix_basicFLIM_120f_0009.sdt,20260509_KPC_fixed_dishes_on_SLIM,fitet-sf-c2-b5,4_BKOCO2form20min_740nm_2995mW_u1_poc0p25_20x0p75NA_535s50_g70_z1_256pix_basicFLIM_120f_0009,5,True,form,65536,1509,60884,65536,65514,65536,1459,2.2,20260509_KPC_fixed_dishes_on_SLIM::fitet-sf-c2-b5::4_BKOCO2form20min_740nm_2995mW_u1_poc0p25_20x0p75NA_535s50_g70_z1_256pix_basicFLIM_120f_0009
4_BKOCO2form20min_740nm_2995mW_u1_poc0p25_20x0p75NA_535s50_g70_z1_256pix_basicFLIM_120f_0010.sdt,20260509_KPC_fixed_dishes_on_SLIM,fitet-sf-c2-b5,4_BKOCO2form20min_740nm_2995mW_u1_poc0p25_20x0p75NA_535s50_g70_z1_256pix_basicFLIM_120f_0010,5,True,form,65536,699,57417,65535,63781,65536,664,1.0,20260509_KPC_fixed_dishes_on_SLIM::fitet-sf-c2-b5::4_BKOCO2form20min_740nm_2995mW_u1_poc0p25_20x0p75NA_535s50_g70_z1_256pix_basicFLIM_120f_0010
4_BKOCO2form20min_740nm_2995mW_u1_poc0p25_20x0p75NA_535s50_g70_z1_256pix_basicFLIM_120f_0011.sdt,20260509_KPC_fixed_dishes_on_SLIM,fitet-sf-c2-b5,4_BKOCO2form20min_740nm_2995mW_u1_poc0p25_20x0p75NA_535s50_g70_z1_256pix_basicFLIM_120f_0011,5,True,form,65536,775,58650,65486,64302,65536,756,1.2,20260509_KPC_fixed_dishes_on_SLIM::fitet-sf-c2-b5::4_BKOCO2form20min_740nm_2995mW_u1_poc0p25_20x0p75NA_535s50_g70_z1_256pix_basicFLIM_120f_0011
4_BKOCO2form20min_740nm_2995mW_u1_poc0p25_20x0p75NA_535s50_g70_z1_256pix_basicFLIM_120f_0012.sdt,20260509_KPC_fixed_dishes_on_SLIM,fitet-sf-c2-b5,4_BKOCO2form20min_740nm_2995mW_u1_poc0p25_20x0p75NA_535s50_g70_z1_256pix_basicFLIM_120f_0012,5,True,form,65536,324,55138,64472,60164,65536,322,0.5,20260509_KPC_fixed_dishes_on_SLIM::fitet-sf-c2-b5::4_BKOCO2form20min_740nm_2995mW_u1_poc0p25_20x0p75NA_535s50_g70_z1_256pix_basicFLIM_120f_0012
4_BKOCO2form20min_740nm_2995mW_u1_poc0p25_20x0p75NA_535s50_g70_z1_256pix_basicFLIM_120f_0013.sdt,20260509_KPC_fixed_dishes_on_SLIM,fitet-sf-c2-b5,4_BKOCO2form20min_740nm_2995mW_u1_poc0p25_20x0p75NA_535s50_g70_z1_256pix_basicFLIM_120f_0013,5,True,form,65536,1094,59836,65524,65054,65536,1056,1.6,20260509_KPC_fixed_dishes_on_SLIM::fitet-sf-c2-b5::4_BKOCO2form20min_740nm_2995mW_u1_poc0p25_20x0p75NA_535s50_g70_z1_256pix_basicFLIM_120f_0013
4_BKOCO2form20min_740nm_2995mW_u1_poc0p25_20x0p75NA_535s50_g70_z1_256pix_basicFLIM_120f_0014.sdt,20260509_KPC_fixed_dishes_on_SLIM,fitet-sf-c2-b5,4_BKOCO2form20min_740nm_2995mW_u1_poc0p25_20x0p75NA_535s50_g70_z1_256pix_basicFLIM_120f_0014,5,True,form,65536,1863,58345,65529,63632,65536,1839,2.8,20260509_KPC_fixed_dishes_on_SLIM::fitet-sf-c2-b5::4_BKOCO2form20min_740nm_2995mW_u1_poc0p25_20x0p75NA_535s50_g70_z1_256pix_basicFLIM_120f_0014
4_BKOCO2form20min_740nm_2995mW_u1_poc0p25_20x0p75NA_535s50_g70_z1_256pix_basicFLIM_120f_0015.sdt,20260509_KPC_fixed_dishes_on_SLIM,fitet-sf-c2-b5,4_BKOCO2form20min_740nm_2995mW_u1_poc0p25_20x0p75NA_535s50_g70_z1_256pix_basicFLIM_120f_0015,5,True,form,65536,1405,58190,65330,63154,65536,1384,2.1,20260509_KPC_fixed_dishes_on_SLIM::fitet-sf-c2-b5::4_BKOCO2form20min_740nm_2995mW_u1_poc0p25_20x0p75NA_535s50_g70_z1_256pix_basicFLIM_120f_0015
4_BKOCO2form20min_740nm_2995mW_u1_poc0p6_20x0p75NA_457s50_g70_z1_256pix_basicFLIM_120f_0000.sdt,20260509_KPC_fixed_dishes_on_SLIM,fitet-sf-c2-b5,4_BKOCO2form20min_740nm_2995mW_u1_poc0p6_20x0p75NA_457s50_g70_z1_256pix_basicFLIM_120f_0000,5,True,form,65536,65536,65512,65536,65536,65536,65512,100.0,20260509_KPC_fixed_dishes_on_SLIM::fitet-sf-c2-b5::4_BKOCO2form20min_740nm_2995mW_u1_poc0p6_20x0p75NA_457s50_g70_z1_256pix_basicFLIM_120f_0000
4_BKOCO2form20min_740nm_2995mW_u1_poc0p6_20x0p75NA_457s50_g70_z1_256pix_basicFLIM_120f_0001.sdt,20260509_KPC_fixed_dishes_on_SLIM,fitet-sf-c2-b5,4_BKOCO2form20min_740nm_2995mW_u1_poc0p6_20x0p75NA_457s50_g70_z1_256pix_basicFLIM_120f_0001,5,True,form,65536,65536,65434,65536,65536,65536,65434,99.8,20260509_KPC_fixed_dishes_on_SLIM::fitet-sf-c2-b5::4_BKOCO2form20min_740nm_2995mW_u1_poc0p6_20x0p75NA_457s50_g70_z1_256pix_basicFLIM_120f_0001
4_BKOCO2form20min_740nm_2995mW_u1_poc0p6_20x0p75NA_457s50_g70_z1_256pix_basicFLIM_120f_0002.sdt,20260509_KPC_fixed_dishes_on_SLIM,fitet-sf-c2-b5,4_BKOCO2form20min_740nm_2995mW_u1_poc0p6_20x0p75NA_457s50_g70_z1_256pix_basicFLIM_120f_0002,5,True,form,65536,65536,65508,65536,65536,65536,65508,100.0,20260509_KPC_fixed_dishes_on_SLIM::fitet-sf-c2-b5::4_BKOCO2form20min_740nm_2995mW_u1_poc0p6_20x0p75NA_457s50_g70_z1_256pix_basicFLIM_120f_0002
4_BKOCO2form20min_740nm_2995mW_u1_poc0p6_20x0p75NA_457s50_g70_z1_256pix_basicFLIM_120f_0003.sdt,20260509_KPC_fixed_dishes_on_SLIM,fitet-sf-c2-b5,4_BKOCO2form20min_740nm_2995mW_u1_poc0p6_20x0p75NA_457s50_g70_z1_256pix_basicFLIM_120f_0003,5,True,form,65536,65536,65513,65536,65536,65536,65513,100.0,20260509_KPC_fixed_dishes_on_SLIM::fitet-sf-c2-b5::4_BKOCO2form20min_740nm_2995mW_u1_poc0p6_20x0p75NA_457s50_g70_z1_256pix_basicFLIM_120f_0003
4_BKOCO2form20min_740nm_2995mW_u1_poc0p6_20x0p75NA_457s50_g70_z1_256pix_basicFLIM_120f_0004.sdt,20260509_KPC_fixed_dishes_on_SLIM,fitet-sf-c2-b5,4_BKOCO2form20min_740nm_2995mW_u1_poc0p6_20x0p75NA_457s50_g70_z1_256pix_basicFLIM_120f_0004,5,True,form,65536,65536,65513,65536,65536,65536,65513,100.0,20260509_KPC_fixed_dishes_on_SLIM::fitet-sf-c2-b5::4_BKOCO2form20min_740nm_2995mW_u1_poc0p6_20x0p75NA_457s50_g70_z1_256pix_basicFLIM_120f_0004
4_BKOCO2form20min_740nm_2995mW_u1_poc0p6_20x0p75NA_457s50_g70_z1_256pix_basicFLIM_120f_0005.sdt,20260509_KPC_fixed_dishes_on_SLIM,fitet-sf-c2-b5,4_BKOCO2form20min_740nm_2995mW_u1_poc0p6_20x0p75NA_457s50_g70_z1_256pix_basicFLIM_120f_0005,5,True,form,65536,65536,65480,65536,65536,65536,65480,99.9,20260509_KPC_fixed_dishes_on_SLIM::fitet-sf-c2-b5::4_BKOCO2form20min_740nm_2995mW_u1_poc0p6_20x0p75NA_457s50_g70_z1_256pix_basicFLIM_120f_0005
4_BKOCO2form20min_740nm_2995mW_u1_poc0p6_20x0p75NA_457s50_g70_z1_256pix_basicFLIM_120f_0006.sdt,20260509_KPC_fixed_dishes_on_SLIM,fitet-sf-c2-b5,4_BKOCO2form20min_740nm_2995mW_u1_poc0p6_20x0p75NA_457s50_g70_z1_256pix_basicFLIM_120f_0006,5,True,form,65536,65536,65474,65536,65536,65536,65474,99.9,20260509_KPC_fixed_dishes_on_SLIM::fitet-sf-c2-b5::4_BKOCO2form20min_740nm_2995mW_u1_poc0p6_20x0p75NA_457s50_g70_z1_256pix_basicFLIM_120f_0006
4_BKOCO2form20min_740nm_2995mW_u1_poc0p6_20x0p75NA_457s50_g70_z1_256pix_basicFLIM_120f_0007.sdt,20260509_KPC_fixed_dishes_on_SLIM,fitet-sf-c2-b5,4_BKOCO2form20min_740nm_2995mW_u1_poc0p6_20x0p75NA_457s50_g70_z1_256pix_basicFLIM_120f_0007,5,True,form,65536,65536,65512,65536,65536,65536,65512,100.0,20260509_KPC_fixed_dishes_on_SLIM::fitet-sf-c2-b5::4_BKOCO2form20min_740nm_2995mW_u1_poc0p6_20x0p75NA_457s50_g70_z1_256pix_basicFLIM_120f_0007
4_BKOCO2form20min_740nm_2995mW_u1_poc0p6_20x0p75NA_457s50_g70_z1_256pix_basicFLIM_120f_0008.sdt,20260509_KPC_fixed_dishes_on_SLIM,fitet-sf-c2-b5,4_BKOCO2form20min_740nm_2995mW_u1_poc0p6_20x0p75NA_457s50_g70_z1_256pix_basicFLIM_120f_0008,5,True,form,65536,65536,65485,65536,65536,65536,65485,99.9,20260509_KPC_fixed_dishes_on_SLIM::fitet-sf-c2-b5::4_BKOCO2form20min_740nm_2995mW_u1_poc0p6_20x0p75NA_457s50_g70_z1_256pix_basicFLIM_120f_0008
4_BKOCO2form20min_740nm_2995mW_u1_poc0p6_20x0p75NA_457s50_g70_z1_256pix_basicFLIM_120f_0009.sdt,20260509_KPC_fixed_dishes_on_SLIM,fitet-sf-c2-b5,4_BKOCO2form20min_740nm_2995mW_u1_poc0p6_20x0p75NA_457s50_g70_z1_256pix_basicFLIM_120f_0009,5,True,form,65536,65536,65507,65536,65536,65536,65507,100.0,20260509_KPC_fixed_dishes_on_SLIM::fitet-sf-c2-b5::4_BKOCO2form20min_740nm_2995mW_u1_poc0p6_20x0p75NA_457s50_g70_z1_256pix_basicFLIM_120f_0009
4_BKOCO2form20min_740nm_2995mW_u1_poc0p6_20x0p75NA_457s50_g70_z1_256pix_basicFLIM_120f_0010.sdt,20260509_KPC_fixed_dishes_on_SLIM,fitet-sf-c2-b5,4_BKOCO2form20min_740nm_2995mW_u1_poc0p6_20x0p75NA_457s50_g70_z1_256pix_basicFLIM_120f_0010,5,True,form,65536,65536,65254,65536,65536,65536,65254,99.6,20260509_KPC_fixed_dishes_on_SLIM::fitet-sf-c2-b5::4_BKOCO2form20min_740nm_2995mW_u1_poc0p6_20x0p75NA_457s50_g70_z1_256pix_basicFLIM_120f_0010
4_BKOCO2form20min_740nm_2995mW_u1_poc0p6_20x0p75NA_457s50_g70_z1_256pix_basicFLIM_120f_0011.sdt,20260509_KPC_fixed_dishes_on_SLIM,fitet-sf-c2-b5,4_BKOCO2form20min_740nm_2995mW_u1_poc0p6_20x0p75NA_457s50_g70_z1_256pix_basicFLIM_120f_0011,5,True,form,65536,65536,65373,65536,65536,65536,65373,99.8,20260509_KPC_fixed_dishes_on_SLIM::fitet-sf-c2-b5::4_BKOCO2form20min_740nm_2995mW_u1_poc0p6_20x0p75NA_457s50_g70_z1_256pix_basicFLIM_120f_0011
4_BKOCO2form20min_740nm_2995mW_u1_poc0p6_20x0p75NA_457s50_g70_z1_256pix_basicFLIM_120f_0012.sdt,20260509_KPC_fixed_dishes_on_SLIM,fitet-sf-c2-b5,4_BKOCO2form20min_740nm_2995mW_u1_poc0p6_20x0p75NA_457s50_g70_z1_256pix_basicFLIM_120f_0012,5,True,form,65536,45387,64557,65536,65503,65536,45247,69.0,20260509_KPC_fixed_dishes_on_SLIM::fitet-sf-c2-b5::4_BKOCO2form20min_740nm_2995mW_u1_poc0p6_20x0p75NA_457s50_g70_z1_256pix_basicFLIM_120f_0012
4_BKOCO2form20min_740nm_2995mW_u1_poc0p6_20x0p75NA_457s50_g70_z1_256pix_basicFLIM_120f_0013.sdt,20260509_KPC_fixed_dishes_on_SLIM,fitet-sf-c2-b5,4_BKOCO2form20min_740nm_2995mW_u1_poc0p6_20x0p75NA_457s50_g70_z1_256pix_basicFLIM_120f_0013,5,True,form,65536,65536,65466,65536,65528,65536,65458,99.9,20260509_KPC_fixed_dishes_on_SLIM::fitet-sf-c2-b5::4_BKOCO2form20min_740nm_2995mW_u1_poc0p6_20x0p75NA_457s50_g70_z1_256pix_basicFLIM_120f_0013
4_BKOCO2form20min_740nm_2995mW_u1_poc0p6_20x0p75NA_457s50_g70_z1_256pix_basicFLIM_120f_0014.sdt,20260509_KPC_fixed_dishes_on_SLIM,fitet-sf-c2-b5,4_BKOCO2form20min_740nm_2995mW_u1_poc0p6_20x0p75NA_457s50_g70_z1_256pix_basicFLIM_120f_0014,5,True,form,65536,65536,65453,65536,65502,65536,65419,99.8,20260509_KPC_fixed_dishes_on_SLIM::fitet-sf-c2-b5::4_BKOCO2form20min_740nm_2995mW_u1_poc0p6_20x0p75NA_457s50_g70_z1_256pix_basicFLIM_120f_0014
4_BKOCO2form20min_740nm_2995mW_u1_poc0p6_20x0p75NA_457s50_g70_z1_256pix_basicFLIM_120f_0015.sdt,20260509_KPC_fixed_dishes_on_SLIM,fitet-sf-c2-b5,4_BKOCO2form20min_740nm_2995mW_u1_poc0p6_20x0p75NA_457s50_g70_z1_256pix_basicFLIM_120f_0015,5,True,form,65536,65536,65280,65536,65507,65536,65251,99.6,20260509_KPC_fixed_dishes_on_SLIM::fitet-sf-c2-b5::4_BKOCO2form20min_740nm_2995mW_u1_poc0p6_20x0p75NA_457s50_g70_z1_256pix_basicFLIM_120f_0015
4_BKOCO2form20min_740nm_2995mW_u1_poc0p6_20x0p75NA_535s50_g70_z1_256pix_basicFLIM_120f_0000.sdt,20260509_KPC_fixed_dishes_on_SLIM,fitet-sf-c2-b5,4_BKOCO2form20min_740nm_2995mW_u1_poc0p6_20x0p75NA_535s50_g70_z1_256pix_basicFLIM_120f_0000,5,True,form,65536,65536,65439,65536,65536,65536,65439,99.9,20260509_KPC_fixed_dishes_on_SLIM::fitet-sf-c2-b5::4_BKOCO2form20min_740nm_2995mW_u1_poc0p6_20x0p75NA_535s50_g70_z1_256pix_basicFLIM_120f_0000
4_BKOCO2form20min_740nm_2995mW_u1_poc0p6_20x0p75NA_535s50_g70_z1_256pix_basicFLIM_120f_0001.sdt,20260509_KPC_fixed_dishes_on_SLIM,fitet-sf-c2-b5,4_BKOCO2form20min_740nm_2995mW_u1_poc0p6_20x0p75NA_535s50_g70_z1_256pix_basicFLIM_120f_0001,5,True,form,65536,65536,65268,65536,65536,65536,65268,99.6,20260509_KPC_fixed_dishes_on_SLIM::fitet-sf-c2-b5::4_BKOCO2form20min_740nm_2995mW_u1_poc0p6_20x0p75NA_535s50_g70_z1_256pix_basicFLIM_120f_0001
4_BKOCO2form20min_740nm_2995mW_u1_poc0p6_20x0p75NA_535s50_g70_z1_256pix_basicFLIM_120f_0002.sdt,20260509_KPC_fixed_dishes_on_SLIM,fitet-sf-c2-b5,4_BKOCO2form20min_740nm_2995mW_u1_poc0p6_20x0p75NA_535s50_g70_z1_256pix_basicFLIM_120f_0002,5,True,form,65536,65536,65390,65536,65536,65536,65390,99.8,20260509_KPC_fixed_dishes_on_SLIM::fitet-sf-c2-b5::4_BKOCO2form20min_740nm_2995mW_u1_poc0p6_20x0p75NA_535s50_g70_z1_256pix_basicFLIM_120f_0002
4_BKOCO2form20min_740nm_2995mW_u1_poc0p6_20x0p75NA_535s50_g70_z1_256pix_basicFLIM_120f_0003.sdt,20260509_KPC_fixed_dishes_on_SLIM,fitet-sf-c2-b5,4_BKOCO2form20min_740nm_2995mW_u1_poc0p6_20x0p75NA_535s50_g70_z1_256pix_basicFLIM_120f_0003,5,True,form,65536,65536,65343,65536,65536,65536,65343,99.7,20260509_KPC_fixed_dishes_on_SLIM::fitet-sf-c2-b5::4_BKOCO2form20min_740nm_2995mW_u1_poc0p6_20x0p75NA_535s50_g70_z1_256pix_basicFLIM_120f_0003
4_BKOCO2form20min_740nm_2995mW_u1_poc0p6_20x0p75NA_535s50_g70_z1_256pix_basicFLIM_120f_0004.sdt,20260509_KPC_fixed_dishes_on_SLIM,fitet-sf-c2-b5,4_BKOCO2form20min_740nm_2995mW_u1_poc0p6_20x0p75NA_535s50_g70_z1_256pix_basicFLIM_120f_0004,5,True,form,65536,65536,65273,65536,65536,65536,65273,99.6,20260509_KPC_fixed_dishes_on_SLIM::fitet-sf-c2-b5::4_BKOCO2form20min_740nm_2995mW_u1_poc0p6_20x0p75NA_535s50_g70_z1_256pix_basicFLIM_120f_0004
4_BKOCO2form20min_740nm_2995mW_u1_poc0p6_20x0p75NA_535s50_g70_z1_256pix_basicFLIM_120f_0005.sdt,20260509_KPC_fixed_dishes_on_SLIM,fitet-sf-c2-b5,4_BKOCO2form20min_740nm_2995mW_u1_poc0p6_20x0p75NA_535s50_g70_z1_256pix_basicFLIM_120f_0005,5,True,form,65536,65535,65177,65536,65536,65536,65176,99.5,20260509_KPC_fixed_dishes_on_SLIM::fitet-sf-c2-b5::4_BKOCO2form20min_740nm_2995mW_u1_poc0p6_20x0p75NA_535s50_g70_z1_256pix_basicFLIM_120f_0005
4_BKOCO2form20min_740nm_2995mW_u1_poc0p6_20x0p75NA_535s50_g70_z1_256pix_basicFLIM_120f_0006.sdt,20260509_KPC_fixed_dishes_on_SLIM,fitet-sf-c2-b5,4_BKOCO2form20min_740nm_2995mW_u1_poc0p6_20x0p75NA_535s50_g70_z1_256pix_basicFLIM_120f_0006,5,True,form,65536,65534,65162,65536,65536,65536,65160,99.4,20260509_KPC_fixed_dishes_on_SLIM::fitet-sf-c2-b5::4_BKOCO2form20min_740nm_2995mW_u1_poc0p6_20x0p75NA_535s50_g70_z1_256pix_basicFLIM_120f_0006
4_BKOCO2form20min_740nm_2995mW_u1_poc0p6_20x0p75NA_535s50_g70_z1_256pix_basicFLIM_120f_0007.sdt,20260509_KPC_fixed_dishes_on_SLIM,fitet-sf-c2-b5,4_BKOCO2form20min_740nm_2995mW_u1_poc0p6_20x0p75NA_535s50_g70_z1_256pix_basicFLIM_120f_0007,5,True,form,65536,65536,65392,65536,65536,65536,65392,99.8,20260509_KPC_fixed_dishes_on_SLIM::fitet-sf-c2-b5::4_BKOCO2form20min_740nm_2995mW_u1_poc0p6_20x0p75NA_535s50_g70_z1_256pix_basicFLIM_120f_0007
4_BKOCO2form20min_740nm_2995mW_u1_poc0p6_20x0p75NA_535s50_g70_z1_256pix_basicFLIM_120f_0008.sdt,20260509_KPC_fixed_dishes_on_SLIM,fitet-sf-c2-b5,4_BKOCO2form20min_740nm_2995mW_u1_poc0p6_20x0p75NA_535s50_g70_z1_256pix_basicFLIM_120f_0008,5,True,form,65536,65536,65392,65536,65533,65536,65389,99.8,20260509_KPC_fixed_dishes_on_SLIM::fitet-sf-c2-b5::4_BKOCO2form20min_740nm_2995mW_u1_poc0p6_20x0p75NA_535s50_g70_z1_256pix_basicFLIM_120f_0008
4_BKOCO2form20min_740nm_2995mW_u1_poc0p6_20x0p75NA_535s50_g70_z1_256pix_basicFLIM_120f_0009.sdt,20260509_KPC_fixed_dishes_on_SLIM,fitet-sf-c2-b5,4_BKOCO2form20min_740nm_2995mW_u1_poc0p6_20x0p75NA_535s50_g70_z1_256pix_basicFLIM_120f_0009,5,True,form,65536,65536,65345,65536,65536,65536,65345,99.7,20260509_KPC_fixed_dishes_on_SLIM::fitet-sf-c2-b5::4_BKOCO2form20min_740nm_2995mW_u1_poc0p6_20x0p75NA_535s50_g70_z1_256pix_basicFLIM_120f_0009
4_BKOCO2form20min_740nm_2995mW_u1_poc0p6_20x0p75NA_535s50_g70_z1_256pix_basicFLIM_120f_0010.sdt,20260509_KPC_fixed_dishes_on_SLIM,fitet-sf-c2-b5,4_BKOCO2form20min_740nm_2995mW_u1_poc0p6_20x0p75NA_535s50_g70_z1_256pix_basicFLIM_120f_0010,5,True,form,65536,61551,64968,65536,65333,65536,61019,93.1,20260509_KPC_fixed_dishes_on_SLIM::fitet-sf-c2-b5::4_BKOCO2form20min_740nm_2995mW_u1_poc0p6_20x0p75NA_535s50_g70_z1_256pix_basicFLIM_120f_0010
4_BKOCO2form20min_740nm_2995mW_u1_poc0p6_20x0p75NA_535s50_g70_z1_256pix_basicFLIM_120f_0011.sdt,20260509_KPC_fixed_dishes_on_SLIM,fitet-sf-c2-b5,4_BKOCO2form20min_740nm_2995mW_u1_poc0p6_20x0p75NA_535s50_g70_z1_256pix_basicFLIM_120f_0011,5,True,form,65536,65536,65312,65518,65436,65536,65214,99.5,20260509_KPC_fixed_dishes_on_SLIM::fitet-sf-c2-b5::4_BKOCO2form20min_740nm_2995mW_u1_poc0p6_20x0p75NA_535s50_g70_z1_256pix_basicFLIM_120f_0011
4_BKOCO2form20min_740nm_2995mW_u1_poc0p6_20x0p75NA_535s50_g70_z1_256pix_basicFLIM_120f_0012.sdt,20260509_KPC_fixed_dishes_on_SLIM,fitet-sf-c2-b5,4_BKOCO2form20min_740nm_2995mW_u1_poc0p6_20x0p75NA_535s50_g70_z1_256pix_basicFLIM_120f_0012,5,True,form,65536,42158,64051,65536,65348,65536,41843,63.8,20260509_KPC_fixed_dishes_on_SLIM::fitet-sf-c2-b5::4_BKOCO2form20min_740nm_2995mW_u1_poc0p6_20x0p75NA_535s50_g70_z1_256pix_basicFLIM_120f_0012
4_BKOCO2form20min_740nm_2995mW_u1_poc0p6_20x0p75NA_535s50_g70_z1_256pix_basicFLIM_120f_0013.sdt,20260509_KPC_fixed_dishes_on_SLIM,fitet-sf-c2-b5,4_BKOCO2form20min_740nm_2995mW_u1_poc0p6_20x0p75NA_535s50_g70_z1_256pix_basicFLIM_120f_0013,5,True,form,65536,65536,65286,65536,65508,65536,65258,99.6,20260509_KPC_fixed_dishes_on_SLIM::fitet-sf-c2-b5::4_BKOCO2form20min_740nm_2995mW_u1_poc0p6_20x0p75NA_535s50_g70_z1_256pix_basicFLIM_120f_0013
4_BKOCO2form20min_740nm_2995mW_u1_poc0p6_20x0p75NA_535s50_g70_z1_256pix_basicFLIM_120f_0014.sdt,20260509_KPC_fixed_dishes_on_SLIM,fitet-sf-c2-b5,4_BKOCO2form20min_740nm_2995mW_u1_poc0p6_20x0p75NA_535s50_g70_z1_256pix_basicFLIM_120f_0014,5,True,form,65536,65536,65341,65536,65459,65536,65264,99.6,20260509_KPC_fixed_dishes_on_SLIM::fitet-sf-c2-b5::4_BKOCO2form20min_740nm_2995mW_u1_poc0p6_20x0p75NA_535s50_g70_z1_256pix_basicFLIM_120f_0014
4_BKOCO2form20min_740nm_2995mW_u1_poc0p6_20x0p75NA_535s50_g70_z1_256pix_basicFLIM_120f_0015.sdt,20260509_KPC_fixed_dishes_on_SLIM,fitet-sf-c2-b5,4_BKOCO2form20min_740nm_2995mW_u1_poc0p6_20x0p75NA_535s50_g70_z1_256pix_basicFLIM_120f_0015,5,True,form,65536,63445,65054,65536,65371,65536,62849,95.9,20260509_KPC_fixed_dishes_on_SLIM::fitet-sf-c2-b5::4_BKOCO2form20min_740nm_2995mW_u1_poc0p6_20x0p75NA_535s50_g70_z1_256pix_basicFLIM_120f_0015
3_KPCWTform20min_740nm_3006mW_u1_poc0p25_20x0p75NA_475s50_g70_z1_256pix_basicFLIM_120f_0000.sdt,20260509_KPC_fixed_dishes_on_SLIM,fitet-sf-c3-b5,3_KPCWTform20min_740nm_3006mW_u1_poc0p25_20x0p75NA_475s50_g70_z1_256pix_basicFLIM_120f_0000,5,True,form,65536,0,62838,65434,63130,65536,0,0.0,20260509_KPC_fixed_dishes_on_SLIM::fitet-sf-c3-b5::3_KPCWTform20min_740nm_3006mW_u1_poc0p25_20x0p75NA_475s50_g70_z1_256pix_basicFLIM_120f_0000
3_KPCWTform20min_740nm_3006mW_u1_poc0p25_20x0p75NA_475s50_g70_z1_256pix_basicFLIM_120f_0001.sdt,20260509_KPC_fixed_dishes_on_SLIM,fitet-sf-c3-b5,3_KPCWTform20min_740nm_3006mW_u1_poc0p25_20x0p75NA_475s50_g70_z1_256pix_basicFLIM_120f_0001,5,True,form,65536,0,62911,65416,62076,65536,0,0.0,20260509_KPC_fixed_dishes_on_SLIM::fitet-sf-c3-b5::3_KPCWTform20min_740nm_3006mW_u1_poc0p25_20x0p75NA_475s50_g70_z1_256pix_basicFLIM_120f_0001
3_KPCWTform20min_740nm_3006mW_u1_poc0p25_20x0p75NA_475s50_g70_z1_256pix_basicFLIM_120f_0002.sdt,20260509_KPC_fixed_dishes_on_SLIM,fitet-sf-c3-b5,3_KPCWTform20min_740nm_3006mW_u1_poc0p25_20x0p75NA_475s50_g70_z1_256pix_basicFLIM_120f_0002,5,True,form,65536,0,63007,65501,58513,65536,0,0.0,20260509_KPC_fixed_dishes_on_SLIM::fitet-sf-c3-b5::3_KPCWTform20min_740nm_3006mW_u1_poc0p25_20x0p75NA_475s50_g70_z1_256pix_basicFLIM_120f_0002
3_KPCWTform20min_740nm_3006mW_u1_poc0p25_20x0p75NA_475s50_g70_z1_256pix_basicFLIM_120f_0003.sdt,20260509_KPC_fixed_dishes_on_SLIM,fitet-sf-c3-b5,3_KPCWTform20min_740nm_3006mW_u1_poc0p25_20x0p75NA_475s50_g70_z1_256pix_basicFLIM_120f_0003,5,True,form,65536,0,61350,65497,59302,65536,0,0.0,20260509_KPC_fixed_dishes_on_SLIM::fitet-sf-c3-b5::3_KPCWTform20min_740nm_3006mW_u1_poc0p25_20x0p75NA_475s50_g70_z1_256pix_basicFLIM_120f_0003
3_KPCWTform20min_740nm_3006mW_u1_poc0p25_20x0p75NA_475s50_g70_z1_256pix_basicFLIM_120f_0004.sdt,20260509_KPC_fixed_dishes_on_SLIM,fitet-sf-c3-b5,3_KPCWTform20min_740nm_3006mW_u1_poc0p25_20x0p75NA_475s50_g70_z1_256pix_basicFLIM_120f_0004,5,True,form,65536,25,61870,65431,57721,65536,25,0.0,20260509_KPC_fixed_dishes_on_SLIM::fitet-sf-c3-b5::3_KPCWTform20min_740nm_3006mW_u1_poc0p25_20x0p75NA_475s50_g70_z1_256pix_basicFLIM_120f_0004
3_KPCWTform20min_740nm_3006mW_u1_poc0p25_20x0p75NA_475s50_g70_z1_256pix_basicFLIM_120f_0005.sdt,20260509_KPC_fixed_dishes_on_SLIM,fitet-sf-c3-b5,3_KPCWTform20min_740nm_3006mW_u1_poc0p25_20x0p75NA_475s50_g70_z1_256pix_basicFLIM_120f_0005,5,True,form,65536,806,64146,65532,56411,65536,689,1.1,20260509_KPC_fixed_dishes_on_SLIM::fitet-sf-c3-b5::3_KPCWTform20min_740nm_3006mW_u1_poc0p25_20x0p75NA_475s50_g70_z1_256pix_basicFLIM_120f_0005
3_KPCWTform20min_740nm_3006mW_u1_poc0p25_20x0p75NA_475s50_g70_z1_256pix_basicFLIM_120f_0006.sdt,20260509_KPC_fixed_dishes_on_SLIM,fitet-sf-c3-b5,3_KPCWTform20min_740nm_3006mW_u1_poc0p25_20x0p75NA_475s50_g70_z1_256pix_basicFLIM_120f_0006,5,True,form,65536,10,63692,65530,60761,65536,10,0.0,20260509_KPC_fixed_dishes_on_SLIM::fitet-sf-c3-b5::3_KPCWTform20min_740nm_3006mW_u1_poc0p25_20x0p75NA_475s50_g70_z1_256pix_basicFLIM_120f_0006
3_KPCWTform20min_740nm_3006mW_u1_poc0p25_20x0p75NA_475s50_g70_z1_256pix_basicFLIM_120f_0007.sdt,20260509_KPC_fixed_dishes_on_SLIM,fitet-sf-c3-b5,3_KPCWTform20min_740nm_3006mW_u1_poc0p25_20x0p75NA_475s50_g70_z1_256pix_basicFLIM_120f_0007,5,True,form,65536,0,61436,65485,60908,65536,0,0.0,20260509_KPC_fixed_dishes_on_SLIM::fitet-sf-c3-b5::3_KPCWTform20min_740nm_3006mW_u1_poc0p25_20x0p75NA_475s50_g70_z1_256pix_basicFLIM_120f_0007
3_KPCWTform20min_740nm_3006mW_u1_poc0p25_20x0p75NA_475s50_g70_z1_256pix_basicFLIM_120f_0008.sdt,20260509_KPC_fixed_dishes_on_SLIM,fitet-sf-c3-b5,3_KPCWTform20min_740nm_3006mW_u1_poc0p25_20x0p75NA_475s50_g70_z1_256pix_basicFLIM_120f_0008,5,True,form,65536,0,60626,65417,60631,65536,0,0.0,20260509_KPC_fixed_dishes_on_SLIM::fitet-sf-c3-b5::3_KPCWTform20min_740nm_3006mW_u1_poc0p25_20x0p75NA_475s50_g70_z1_256pix_basicFLIM_120f_0008
3_KPCWTform20min_740nm_3006mW_u1_poc0p25_20x0p75NA_475s50_g70_z1_256pix_basicFLIM_120f_0009.sdt,20260509_KPC_fixed_dishes_on_SLIM,fitet-sf-c3-b5,3_KPCWTform20min_740nm_3006mW_u1_poc0p25_20x0p75NA_475s50_g70_z1_256pix_basicFLIM_120f_0009,5,True,form,65536,0,59750,65236,57934,65536,0,0.0,20260509_KPC_fixed_dishes_on_SLIM::fitet-sf-c3-b5::3_KPCWTform20min_740nm_3006mW_u1_poc0p25_20x0p75NA_475s50_g70_z1_256pix_basicFLIM_120f_0009
3_KPCWTform20min_740nm_3006mW_u1_poc0p25_20x0p75NA_475s50_g70_z1_256pix_basicFLIM_120f_0010.sdt,20260509_KPC_fixed_dishes_on_SLIM,fitet-sf-c3-b5,3_KPCWTform20min_740nm_3006mW_u1_poc0p25_20x0p75NA_475s50_g70_z1_256pix_basicFLIM_120f_0010,5,True,form,65536,0,57482,65130,54853,65536,0,0.0,20260509_KPC_fixed_dishes_on_SLIM::fitet-sf-c3-b5::3_KPCWTform20min_740nm_3006mW_u1_poc0p25_20x0p75NA_475s50_g70_z1_256pix_basicFLIM_120f_0010
3_KPCWTform20min_740nm_3006mW_u1_poc0p25_20x0p75NA_475s50_g70_z1_256pix_basicFLIM_120f_0011.sdt,20260509_KPC_fixed_dishes_on_SLIM,fitet-sf-c3-b5,3_KPCWTform20min_740nm_3006mW_u1_poc0p25_20x0p75NA_475s50_g70_z1_256pix_basicFLIM_120f_0011,5,True,form,65536,0,59870,65388,58989,65536,0,0.0,20260509_KPC_fixed_dishes_on_SLIM::fitet-sf-c3-b5::3_KPCWTform20min_740nm_3006mW_u1_poc0p25_20x0p75NA_475s50_g70_z1_256pix_basicFLIM_120f_0011
3_KPCWTform20min_740nm_3006mW_u1_poc0p25_20x0p75NA_535s50_g70_z1_256pix_basicFLIM_120f_0000.sdt,20260509_KPC_fixed_dishes_on_SLIM,fitet-sf-c3-b5,3_KPCWTform20min_740nm_3006mW_u1_poc0p25_20x0p75NA_535s50_g70_z1_256pix_basicFLIM_120f_0000,5,True,form,65536,0,54645,64453,52701,65536,0,0.0,20260509_KPC_fixed_dishes_on_SLIM::fitet-sf-c3-b5::3_KPCWTform20min_740nm_3006mW_u1_poc0p25_20x0p75NA_535s50_g70_z1_256pix_basicFLIM_120f_0000
3_KPCWTform20min_740nm_3006mW_u1_poc0p25_20x0p75NA_535s50_g70_z1_256pix_basicFLIM_120f_0001.sdt,20260509_KPC_fixed_dishes_on_SLIM,fitet-sf-c3-b5,3_KPCWTform20min_740nm_3006mW_u1_poc0p25_20x0p75NA_535s50_g70_z1_256pix_basicFLIM_120f_0001,5,True,form,65536,0,59115,65497,60223,65536,0,0.0,20260509_KPC_fixed_dishes_on_SLIM::fitet-sf-c3-b5::3_KPCWTform20min_740nm_3006mW_u1_poc0p25_20x0p75NA_535s50_g70_z1_256pix_basicFLIM_120f_0001
3_KPCWTform20min_740nm_3006mW_u1_poc0p25_20x0p75NA_535s50_g70_z1_256pix_basicFLIM_120f_0002.sdt,20260509_KPC_fixed_dishes_on_SLIM,fitet-sf-c3-b5,3_KPCWTform20min_740nm_3006mW_u1_poc0p25_20x0p75NA_535s50_g70_z1_256pix_basicFLIM_120f_0002,5,True,form,65536,0,61974,65521,61258,65536,0,0.0,20260509_KPC_fixed_dishes_on_SLIM::fitet-sf-c3-b5::3_KPCWTform20min_740nm_3006mW_u1_poc0p25_20x0p75NA_535s50_g70_z1_256pix_basicFLIM_120f_0002
3_KPCWTform20min_740nm_3006mW_u1_poc0p25_20x0p75NA_535s50_g70_z1_256pix_basicFLIM_120f_0003.sdt,20260509_KPC_fixed_dishes_on_SLIM,fitet-sf-c3-b5,3_KPCWTform20min_740nm_3006mW_u1_poc0p25_20x0p75NA_535s50_g70_z1_256pix_basicFLIM_120f_0003,5,True,form,65536,0,58544,65483,59380,65536,0,0.0,20260509_KPC_fixed_dishes_on_SLIM::fitet-sf-c3-b5::3_KPCWTform20min_740nm_3006mW_u1_poc0p25_20x0p75NA_535s50_g70_z1_256pix_basicFLIM_120f_0003
3_KPCWTform20min_740nm_3006mW_u1_poc0p25_20x0p75NA_535s50_g70_z1_256pix_basicFLIM_120f_0004.sdt,20260509_KPC_fixed_dishes_on_SLIM,fitet-sf-c3-b5,3_KPCWTform20min_740nm_3006mW_u1_poc0p25_20x0p75NA_535s50_g70_z1_256pix_basicFLIM_120f_0004,5,True,form,65536,161,60659,65331,60119,65536,158,0.2,20260509_KPC_fixed_dishes_on_SLIM::fitet-sf-c3-b5::3_KPCWTform20min_740nm_3006mW_u1_poc0p25_20x0p75NA_535s50_g70_z1_256pix_basicFLIM_120f_0004
3_KPCWTform20min_740nm_3006mW_u1_poc0p25_20x0p75NA_535s50_g70_z1_256pix_basicFLIM_120f_0005.sdt,20260509_KPC_fixed_dishes_on_SLIM,fitet-sf-c3-b5,3_KPCWTform20min_740nm_3006mW_u1_poc0p25_20x0p75NA_535s50_g70_z1_256pix_basicFLIM_120f_0005,5,True,form,65536,3832,64368,65536,61162,65536,3435,5.2,20260509_KPC_fixed_dishes_on_SLIM::fitet-sf-c3-b5::3_KPCWTform20min_740nm_3006mW_u1_poc0p25_20x0p75NA_535s50_g70_z1_256pix_basicFLIM_120f_0005
3_KPCWTform20min_740nm_3006mW_u1_poc0p25_20x0p75NA_535s50_g70_z1_256pix_basicFLIM_120f_0006.sdt,20260509_KPC_fixed_dishes_on_SLIM,fitet-sf-c3-b5,3_KPCWTform20min_740nm_3006mW_u1_poc0p25_20x0p75NA_535s50_g70_z1_256pix_basicFLIM_120f_0006,5,True,form,65536,376,63736,65534,62854,65536,310,0.5,20260509_KPC_fixed_dishes_on_SLIM::fitet-sf-c3-b5::3_KPCWTform20min_740nm_3006mW_u1_poc0p25_20x0p75NA_535s50_g70_z1_256pix_basicFLIM_120f_0006
3_KPCWTform20min_740nm_3006mW_u1_poc0p25_20x0p75NA_535s50_g70_z1_256pix_basicFLIM_120f_0007.sdt,20260509_KPC_fixed_dishes_on_SLIM,fitet-sf-c3-b5,3_KPCWTform20min_740nm_3006mW_u1_poc0p25_20x0p75NA_535s50_g70_z1_256pix_basicFLIM_120f_0007,5,True,form,65536,0,60750,65510,61751,65536,0,0.0,20260509_KPC_fixed_dishes_on_SLIM::fitet-sf-c3-b5::3_KPCWTform20min_740nm_3006mW_u1_poc0p25_20x0p75NA_535s50_g70_z1_256pix_basicFLIM_120f_0007
3_KPCWTform20min_740nm_3006mW_u1_poc0p25_20x0p75NA_535s50_g70_z1_256pix_basicFLIM_120f_0008.sdt,20260509_KPC_fixed_dishes_on_SLIM,fitet-sf-c3-b5,3_KPCWTform20min_740nm_3006mW_u1_poc0p25_20x0p75NA_535s50_g70_z1_256pix_basicFLIM_120f_0008,5,True,form,65536,0,60497,65493,62145,65536,0,0.0,20260509_KPC_fixed_dishes_on_SLIM::fitet-sf-c3-b5::3_KPCWTform20min_740nm_3006mW_u1_poc0p25_20x0p75NA_535s50_g70_z1_256pix_basicFLIM_120f_0008
3_KPCWTform20min_740nm_3006mW_u1_poc0p25_20x0p75NA_535s50_g70_z1_256pix_basicFLIM_120f_0009.sdt,20260509_KPC_fixed_dishes_on_SLIM,fitet-sf-c3-b5,3_KPCWTform20min_740nm_3006mW_u1_poc0p25_20x0p75NA_535s50_g70_z1_256pix_basicFLIM_120f_0009,5,True,form,65536,75,59451,65248,59867,65536,74,0.1,20260509_KPC_fixed_dishes_on_SLIM::fitet-sf-c3-b5::3_KPCWTform20min_740nm_3006mW_u1_poc0p25_20x0p75NA_535s50_g70_z1_256pix_basicFLIM_120f_0009
3_KPCWTform20min_740nm_3006mW_u1_poc0p25_20x0p75NA_535s50_g70_z1_256pix_basicFLIM_120f_0010.sdt,20260509_KPC_fixed_dishes_on_SLIM,fitet-sf-c3-b5,3_KPCWTform20min_740nm_3006mW_u1_poc0p25_20x0p75NA_535s50_g70_z1_256pix_basicFLIM_120f_0010,5,True,form,65536,0,57895,65033,57515,65536,0,0.0,20260509_KPC_fixed_dishes_on_SLIM::fitet-sf-c3-b5::3_KPCWTform20min_740nm_3006mW_u1_poc0p25_20x0p75NA_535s50_g70_z1_256pix_basicFLIM_120f_0010
3_KPCWTform20min_740nm_3006mW_u1_poc0p25_20x0p75NA_535s50_g70_z1_256pix_basicFLIM_120f_0011.sdt,20260509_KPC_fixed_dishes_on_SLIM,fitet-sf-c3-b5,3_KPCWTform20min_740nm_3006mW_u1_poc0p25_20x0p75NA_535s50_g70_z1_256pix_basicFLIM_120f_0011,5,True,form,65536,0,58449,64828,58784,65536,0,0.0,20260509_KPC_fixed_dishes_on_SLIM::fitet-sf-c3-b5::3_KPCWTform20min_740nm_3006mW_u1_poc0p25_20x0p75NA_535s50_g70_z1_256pix_basicFLIM_120f_0011
3_KPCWTform20min_740nm_3006mW_u1_poc0p6_20x0p75NA_457s50_g70_z1_256pix_basicFLIM_120f_0000.sdt,20260509_KPC_fixed_dishes_on_SLIM,fitet-sf-c3-b5,3_KPCWTform20min_740nm_3006mW_u1_poc0p6_20x0p75NA_457s50_g70_z1_256pix_basicFLIM_120f_0000,5,True,form,65536,4494,64221,65520,60301,65536,4203,6.4,20260509_KPC_fixed_dishes_on_SLIM::fitet-sf-c3-b5::3_KPCWTform20min_740nm_3006mW_u1_poc0p6_20x0p75NA_457s50_g70_z1_256pix_basicFLIM_120f_0000
3_KPCWTform20min_740nm_3006mW_u1_poc0p6_20x0p75NA_457s50_g70_z1_256pix_basicFLIM_120f_0001.sdt,20260509_KPC_fixed_dishes_on_SLIM,fitet-sf-c3-b5,3_KPCWTform20min_740nm_3006mW_u1_poc0p6_20x0p75NA_457s50_g70_z1_256pix_basicFLIM_120f_0001,5,True,form,65536,38638,64932,65536,61416,65536,36804,56.2,20260509_KPC_fixed_dishes_on_SLIM::fitet-sf-c3-b5::3_KPCWTform20min_740nm_3006mW_u1_poc0p6_20x0p75NA_457s50_g70_z1_256pix_basicFLIM_120f_0001
3_KPCWTform20min_740nm_3006mW_u1_poc0p6_20x0p75NA_457s50_g70_z1_256pix_basicFLIM_120f_0002.sdt,20260509_KPC_fixed_dishes_on_SLIM,fitet-sf-c3-b5,3_KPCWTform20min_740nm_3006mW_u1_poc0p6_20x0p75NA_457s50_g70_z1_256pix_basicFLIM_120f_0002,5,True,form,65536,60174,65270,65536,63738,65536,58374,89.1,20260509_KPC_fixed_dishes_on_SLIM::fitet-sf-c3-b5::3_KPCWTform20min_740nm_3006mW_u1_poc0p6_20x0p75NA_457s50_g70_z1_256pix_basicFLIM_120f_0002
3_KPCWTform20min_740nm_3006mW_u1_poc0p6_20x0p75NA_457s50_g70_z1_256pix_basicFLIM_120f_0003.sdt,20260509_KPC_fixed_dishes_on_SLIM,fitet-sf-c3-b5,3_KPCWTform20min_740nm_3006mW_u1_poc0p6_20x0p75NA_457s50_g70_z1_256pix_basicFLIM_120f_0003,5,True,form,65536,32477,64887,65534,62492,65536,31623,48.3,20260509_KPC_fixed_dishes_on_SLIM::fitet-sf-c3-b5::3_KPCWTform20min_740nm_3006mW_u1_poc0p6_20x0p75NA_457s50_g70_z1_256pix_basicFLIM_120f_0003
3_KPCWTform20min_740nm_3006mW_u1_poc0p6_20x0p75NA_457s50_g70_z1_256pix_basicFLIM_120f_0004.sdt,20260509_KPC_fixed_dishes_on_SLIM,fitet-sf-c3-b5,3_KPCWTform20min_740nm_3006mW_u1_poc0p6_20x0p75NA_457s50_g70_z1_256pix_basicFLIM_120f_0004,5,True,form,65536,50912,65096,65534,64126,65536,50168,76.6,20260509_KPC_fixed_dishes_on_SLIM::fitet-sf-c3-b5::3_KPCWTform20min_740nm_3006mW_u1_poc0p6_20x0p75NA_457s50_g70_z1_256pix_basicFLIM_120f_0004
3_KPCWTform20min_740nm_3006mW_u1_poc0p6_20x0p75NA_457s50_g70_z1_256pix_basicFLIM_120f_0005.sdt,20260509_KPC_fixed_dishes_on_SLIM,fitet-sf-c3-b5,3_KPCWTform20min_740nm_3006mW_u1_poc0p6_20x0p75NA_457s50_g70_z1_256pix_basicFLIM_120f_0005,5,True,form,65536,65536,65482,65536,65331,65536,65277,99.6,20260509_KPC_fixed_dishes_on_SLIM::fitet-sf-c3-b5::3_KPCWTform20min_740nm_3006mW_u1_poc0p6_20x0p75NA_457s50_g70_z1_256pix_basicFLIM_120f_0005
3_KPCWTform20min_740nm_3006mW_u1_poc0p6_20x0p75NA_457s50_g70_z1_256pix_basicFLIM_120f_0006.sdt,20260509_KPC_fixed_dishes_on_SLIM,fitet-sf-c3-b5,3_KPCWTform20min_740nm_3006mW_u1_poc0p6_20x0p75NA_457s50_g70_z1_256pix_basicFLIM_120f_0006,5,True,form,65536,65453,65413,65536,65003,65536,64805,98.9,20260509_KPC_fixed_dishes_on_SLIM::fitet-sf-c3-b5::3_KPCWTform20min_740nm_3006mW_u1_poc0p6_20x0p75NA_457s50_g70_z1_256pix_basicFLIM_120f_0006
3_KPCWTform20min_740nm_3006mW_u1_poc0p6_20x0p75NA_457s50_g70_z1_256pix_basicFLIM_120f_0007.sdt,20260509_KPC_fixed_dishes_on_SLIM,fitet-sf-c3-b5,3_KPCWTform20min_740nm_3006mW_u1_poc0p6_20x0p75NA_457s50_g70_z1_256pix_basicFLIM_120f_0007,5,True,form,65536,55118,65056,65536,62373,65536,52530,80.2,20260509_KPC_fixed_dishes_on_SLIM::fitet-sf-c3-b5::3_KPCWTform20min_740nm_3006mW_u1_poc0p6_20x0p75NA_457s50_g70_z1_256pix_basicFLIM_120f_0007
3_KPCWTform20min_740nm_3006mW_u1_poc0p6_20x0p75NA_457s50_g70_z1_256pix_basicFLIM_120f_0008.sdt,20260509_KPC_fixed_dishes_on_SLIM,fitet-sf-c3-b5,3_KPCWTform20min_740nm_3006mW_u1_poc0p6_20x0p75NA_457s50_g70_z1_256pix_basicFLIM_120f_0008,5,True,form,65536,56410,64977,65519,63029,65536,54120,82.6,20260509_KPC_fixed_dishes_on_SLIM::fitet-sf-c3-b5::3_KPCWTform20min_740nm_3006mW_u1_poc0p6_20x0p75NA_457s50_g70_z1_256pix_basicFLIM_120f_0008
3_KPCWTform20min_740nm_3006mW_u1_poc0p6_20x0p75NA_457s50_g70_z1_256pix_basicFLIM_120f_0009.sdt,20260509_KPC_fixed_dishes_on_SLIM,fitet-sf-c3-b5,3_KPCWTform20min_740nm_3006mW_u1_poc0p6_20x0p75NA_457s50_g70_z1_256pix_basicFLIM_120f_0009,5,True,form,65536,39089,64612,65386,62335,65536,37728,57.6,20260509_KPC_fixed_dishes_on_SLIM::fitet-sf-c3-b5::3_KPCWTform20min_740nm_3006mW_u1_poc0p6_20x0p75NA_457s50_g70_z1_256pix_basicFLIM_120f_0009
3_KPCWTform20min_740nm_3006mW_u1_poc0p6_20x0p75NA_457s50_g70_z1_256pix_basicFLIM_120f_0010.sdt,20260509_KPC_fixed_dishes_on_SLIM,fitet-sf-c3-b5,3_KPCWTform20min_740nm_3006mW_u1_poc0p6_20x0p75NA_457s50_g70_z1_256pix_basicFLIM_120f_0010,5,True,form,65536,24929,64296,65175,60773,65536,23946,36.5,20260509_KPC_fixed_dishes_on_SLIM::fitet-sf-c3-b5::3_KPCWTform20min_740nm_3006mW_u1_poc0p6_20x0p75NA_457s50_g70_z1_256pix_basicFLIM_120f_0010
3_KPCWTform20min_740nm_3006mW_u1_poc0p6_20x0p75NA_457s50_g70_z1_256pix_basicFLIM_120f_0011.sdt,20260509_KPC_fixed_dishes_on_SLIM,fitet-sf-c3-b5,3_KPCWTform20min_740nm_3006mW_u1_poc0p6_20x0p75NA_457s50_g70_z1_256pix_basicFLIM_120f_0011,5,True,form,65536,32645,64687,65521,62598,65536,31638,48.3,20260509_KPC_fixed_dishes_on_SLIM::fitet-sf-c3-b5::3_KPCWTform20min_740nm_3006mW_u1_poc0p6_20x0p75NA_457s50_g70_z1_256pix_basicFLIM_120f_0011
3_KPCWTform20min_740nm_3006mW_u1_poc0p6_20x0p75NA_457s50_g70_z1_256pix_basicFLIM_120f_0012.sdt,20260509_KPC_fixed_dishes_on_SLIM,fitet-sf-c3-b5,3_KPCWTform20min_740nm_3006mW_u1_poc0p6_20x0p75NA_457s50_g70_z1_256pix_basicFLIM_120f_0012,5,True,form,65536,363,63759,65527,63518,65536,360,0.5,20260509_KPC_fixed_dishes_on_SLIM::fitet-sf-c3-b5::3_KPCWTform20min_740nm_3006mW_u1_poc0p6_20x0p75NA_457s50_g70_z1_256pix_basicFLIM_120f_0012
3_KPCWTform20min_740nm_3006mW_u1_poc0p6_20x0p75NA_457s50_g70_z1_256pix_basicFLIM_120f_0013.sdt,20260509_KPC_fixed_dishes_on_SLIM,fitet-sf-c3-b5,3_KPCWTform20min_740nm_3006mW_u1_poc0p6_20x0p75NA_457s50_g70_z1_256pix_basicFLIM_120f_0013,5,True,form,65536,17344,64411,65533,64210,65536,17057,26.0,20260509_KPC_fixed_dishes_on_SLIM::fitet-sf-c3-b5::3_KPCWTform20min_740nm_3006mW_u1_poc0p6_20x0p75NA_457s50_g70_z1_256pix_basicFLIM_120f_0013
3_KPCWTform20min_740nm_3006mW_u1_poc0p6_20x0p75NA_457s50_g70_z1_256pix_basicFLIM_120f_0014.sdt,20260509_KPC_fixed_dishes_on_SLIM,fitet-sf-c3-b5,3_KPCWTform20min_740nm_3006mW_u1_poc0p6_20x0p75NA_457s50_g70_z1_256pix_basicFLIM_120f_0014,5,True,form,65536,52863,65128,65535,64123,65536,51616,78.8,20260509_KPC_fixed_dishes_on_SLIM::fitet-sf-c3-b5::3_KPCWTform20min_740nm_3006mW_u1_poc0p6_20x0p75NA_457s50_g70_z1_256pix_basicFLIM_120f_0014
3_KPCWTform20min_740nm_3006mW_u1_poc0p6_20x0p75NA_457s50_g70_z1_256pix_basicFLIM_120f_0015.sdt,20260509_KPC_fixed_dishes_on_SLIM,fitet-sf-c3-b5,3_KPCWTform20min_740nm_3006mW_u1_poc0p6_20x0p75NA_457s50_g70_z1_256pix_basicFLIM_120f_0015,5,True,form,65536,21561,64553,65535,64038,65536,21177,32.3,20260509_KPC_fixed_dishes_on_SLIM::fitet-sf-c3-b5::3_KPCWTform20min_740nm_3006mW_u1_poc0p6_20x0p75NA_457s50_g70_z1_256pix_basicFLIM_120f_0015
3_KPCWTform20min_740nm_3006mW_u1_poc0p6_20x0p75NA_457s50_g70_z1_256pix_basicFLIM_120f_0016.sdt,20260509_KPC_fixed_dishes_on_SLIM,fitet-sf-c3-b5,3_KPCWTform20min_740nm_3006mW_u1_poc0p6_20x0p75NA_457s50_g70_z1_256pix_basicFLIM_120f_0016,5,True,form,65536,44472,65013,65534,64550,65536,43844,66.9,20260509_KPC_fixed_dishes_on_SLIM::fitet-sf-c3-b5::3_KPCWTform20min_740nm_3006mW_u1_poc0p6_20x0p75NA_457s50_g70_z1_256pix_basicFLIM_120f_0016
3_KPCWTform20min_740nm_3006mW_u1_poc0p6_20x0p75NA_457s50_g70_z1_256pix_basicFLIM_120f_0017.sdt,20260509_KPC_fixed_dishes_on_SLIM,fitet-sf-c3-b5,3_KPCWTform20min_740nm_3006mW_u1_poc0p6_20x0p75NA_457s50_g70_z1_256pix_basicFLIM_120f_0017,5,True,form,65536,65536,65461,65536,65116,65536,65041,99.2,20260509_KPC_fixed_dishes_on_SLIM::fitet-sf-c3-b5::3_KPCWTform20min_740nm_3006mW_u1_poc0p6_20x0p75NA_457s50_g70_z1_256pix_basicFLIM_120f_0017
3_KPCWTform20min_740nm_3006mW_u1_poc0p6_20x0p75NA_457s50_g70_z1_256pix_basicFLIM_120f_0018.sdt,20260509_KPC_fixed_dishes_on_SLIM,fitet-sf-c3-b5,3_KPCWTform20min_740nm_3006mW_u1_poc0p6_20x0p75NA_457s50_g70_z1_256pix_basicFLIM_120f_0018,5,True,form,65536,64940,65324,65536,65169,65536,64398,98.3,20260509_KPC_fixed_dishes_on_SLIM::fitet-sf-c3-b5::3_KPCWTform20min_740nm_3006mW_u1_poc0p6_20x0p75NA_457s50_g70_z1_256pix_basicFLIM_120f_0018
3_KPCWTform20min_740nm_3006mW_u1_poc0p6_20x0p75NA_457s50_g70_z1_256pix_basicFLIM_120f_0019.sdt,20260509_KPC_fixed_dishes_on_SLIM,fitet-sf-c3-b5,3_KPCWTform20min_740nm_3006mW_u1_poc0p6_20x0p75NA_457s50_g70_z1_256pix_basicFLIM_120f_0019,5,True,form,65536,35433,64990,65536,64002,65536,34496,52.6,20260509_KPC_fixed_dishes_on_SLIM::fitet-sf-c3-b5::3_KPCWTform20min_740nm_3006mW_u1_poc0p6_20x0p75NA_457s50_g70_z1_256pix_basicFLIM_120f_0019
3_KPCWTform20min_740nm_3006mW_u1_poc0p6_20x0p75NA_457s50_g70_z1_256pix_basicFLIM_120f_0020.sdt,20260509_KPC_fixed_dishes_on_SLIM,fitet-sf-c3-b5,3_KPCWTform20min_740nm_3006mW_u1_poc0p6_20x0p75NA_457s50_g70_z1_256pix_basicFLIM_120f_0020,5,True,form,65536,39164,65034,65535,63826,65536,37906,57.8,20260509_KPC_fixed_dishes_on_SLIM::fitet-sf-c3-b5::3_KPCWTform20min_740nm_3006mW_u1_poc0p6_20x0p75NA_457s50_g70_z1_256pix_basicFLIM_120f_0020
3_KPCWTform20min_740nm_3006mW_u1_poc0p6_20x0p75NA_457s50_g70_z1_256pix_basicFLIM_120f_0021.sdt,20260509_KPC_fixed_dishes_on_SLIM,fitet-sf-c3-b5,3_KPCWTform20min_740nm_3006mW_u1_poc0p6_20x0p75NA_457s50_g70_z1_256pix_basicFLIM_120f_0021,5,True,form,65536,28120,64388,65273,63436,65536,27277,41.6,20260509_KPC_fixed_dishes_on_SLIM::fitet-sf-c3-b5::3_KPCWTform20min_740nm_3006mW_u1_poc0p6_20x0p75NA_457s50_g70_z1_256pix_basicFLIM_120f_0021
3_KPCWTform20min_740nm_3006mW_u1_poc0p6_20x0p75NA_457s50_g70_z1_256pix_basicFLIM_120f_0022.sdt,20260509_KPC_fixed_dishes_on_SLIM,fitet-sf-c3-b5,3_KPCWTform20min_740nm_3006mW_u1_poc0p6_20x0p75NA_457s50_g70_z1_256pix_basicFLIM_120f_0022,5,True,form,65536,12955,64174,65405,63008,65536,12520,19.1,20260509_KPC_fixed_dishes_on_SLIM::fitet-sf-c3-b5::3_KPCWTform20min_740nm_3006mW_u1_poc0p6_20x0p75NA_457s50_g70_z1_256pix_basicFLIM_120f_0022
3_KPCWTform20min_740nm_3006mW_u1_poc0p6_20x0p75NA_457s50_g70_z1_256pix_basicFLIM_120f_0023.sdt,20260509_KPC_fixed_dishes_on_SLIM,fitet-sf-c3-b5,3_KPCWTform20min_740nm_3006mW_u1_poc0p6_20x0p75NA_457s50_g70_z1_256pix_basicFLIM_120f_0023,5,True,form,65536,16768,64585,65530,63815,65536,16369,25.0,20260509_KPC_fixed_dishes_on_SLIM::fitet-sf-c3-b5::3_KPCWTform20min_740nm_3006mW_u1_poc0p6_20x0p75NA_457s50_g70_z1_256pix_basicFLIM_120f_0023
4_BKOCO2form20min_740nm_2995mW_u1_poc0p25_20x0p75NA_457s50_g70_z1_256pix_basicFLIM_120f_0000.sdt,20260509_KPC_fixed_dishes_on_SLIM,fitet-sf-c3-b5,4_BKOCO2form20min_740nm_2995mW_u1_poc0p25_20x0p75NA_457s50_g70_z1_256pix_basicFLIM_120f_0000,5,True,form,65536,0,62578,65511,59362,65536,0,0.0,20260509_KPC_fixed_dishes_on_SLIM::fitet-sf-c3-b5::4_BKOCO2form20min_740nm_2995mW_u1_poc0p25_20x0p75NA_457s50_g70_z1_256pix_basicFLIM_120f_0000
4_BKOCO2form20min_740nm_2995mW_u1_poc0p25_20x0p75NA_457s50_g70_z1_256pix_basicFLIM_120f_0001.sdt,20260509_KPC_fixed_dishes_on_SLIM,fitet-sf-c3-b5,4_BKOCO2form20min_740nm_2995mW_u1_poc0p25_20x0p75NA_457s50_g70_z1_256pix_basicFLIM_120f_0001,5,True,form,65536,0,62015,65503,60443,65536,0,0.0,20260509_KPC_fixed_dishes_on_SLIM::fitet-sf-c3-b5::4_BKOCO2form20min_740nm_2995mW_u1_poc0p25_20x0p75NA_457s50_g70_z1_256pix_basicFLIM_120f_0001
4_BKOCO2form20min_740nm_2995mW_u1_poc0p25_20x0p75NA_457s50_g70_z1_256pix_basicFLIM_120f_0002.sdt,20260509_KPC_fixed_dishes_on_SLIM,fitet-sf-c3-b5,4_BKOCO2form20min_740nm_2995mW_u1_poc0p25_20x0p75NA_457s50_g70_z1_256pix_basicFLIM_120f_0002,5,True,form,65536,0,60800,65335,57737,65536,0,0.0,20260509_KPC_fixed_dishes_on_SLIM::fitet-sf-c3-b5::4_BKOCO2form20min_740nm_2995mW_u1_poc0p25_20x0p75NA_457s50_g70_z1_256pix_basicFLIM_120f_0002
4_BKOCO2form20min_740nm_2995mW_u1_poc0p25_20x0p75NA_457s50_g70_z1_256pix_basicFLIM_120f_0003.sdt,20260509_KPC_fixed_dishes_on_SLIM,fitet-sf-c3-b5,4_BKOCO2form20min_740nm_2995mW_u1_poc0p25_20x0p75NA_457s50_g70_z1_256pix_basicFLIM_120f_0003,5,True,form,65536,0,61472,65428,59207,65536,0,0.0,20260509_KPC_fixed_dishes_on_SLIM::fitet-sf-c3-b5::4_BKOCO2form20min_740nm_2995mW_u1_poc0p25_20x0p75NA_457s50_g70_z1_256pix_basicFLIM_120f_0003
4_BKOCO2form20min_740nm_2995mW_u1_poc0p25_20x0p75NA_457s50_g70_z1_256pix_basicFLIM_120f_0004.sdt,20260509_KPC_fixed_dishes_on_SLIM,fitet-sf-c3-b5,4_BKOCO2form20min_740nm_2995mW_u1_poc0p25_20x0p75NA_457s50_g70_z1_256pix_basicFLIM_120f_0004,5,True,form,65536,0,60954,65475,59629,65536,0,0.0,20260509_KPC_fixed_dishes_on_SLIM::fitet-sf-c3-b5::4_BKOCO2form20min_740nm_2995mW_u1_poc0p25_20x0p75NA_457s50_g70_z1_256pix_basicFLIM_120f_0004
4_BKOCO2form20min_740nm_2995mW_u1_poc0p25_20x0p75NA_457s50_g70_z1_256pix_basicFLIM_120f_0005.sdt,20260509_KPC_fixed_dishes_on_SLIM,fitet-sf-c3-b5,4_BKOCO2form20min_740nm_2995mW_u1_poc0p25_20x0p75NA_457s50_g70_z1_256pix_basicFLIM_120f_0005,5,True,form,65536,0,60956,65467,60548,65536,0,0.0,20260509_KPC_fixed_dishes_on_SLIM::fitet-sf-c3-b5::4_BKOCO2form20min_740nm_2995mW_u1_poc0p25_20x0p75NA_457s50_g70_z1_256pix_basicFLIM_120f_0005
4_BKOCO2form20min_740nm_2995mW_u1_poc0p25_20x0p75NA_457s50_g70_z1_256pix_basicFLIM_120f_0006.sdt,20260509_KPC_fixed_dishes_on_SLIM,fitet-sf-c3-b5,4_BKOCO2form20min_740nm_2995mW_u1_poc0p25_20x0p75NA_457s50_g70_z1_256pix_basicFLIM_120f_0006,5,True,form,65536,0,61319,65477,59745,65536,0,0.0,20260509_KPC_fixed_dishes_on_SLIM::fitet-sf-c3-b5::4_BKOCO2form20min_740nm_2995mW_u1_poc0p25_20x0p75NA_457s50_g70_z1_256pix_basicFLIM_120f_0006
4_BKOCO2form20min_740nm_2995mW_u1_poc0p25_20x0p75NA_457s50_g70_z1_256pix_basicFLIM_120f_0007.sdt,20260509_KPC_fixed_dishes_on_SLIM,fitet-sf-c3-b5,4_BKOCO2form20min_740nm_2995mW_u1_poc0p25_20x0p75NA_457s50_g70_z1_256pix_basicFLIM_120f_0007,5,True,form,65536,0,61670,65511,59925,65536,0,0.0,20260509_KPC_fixed_dishes_on_SLIM::fitet-sf-c3-b5::4_BKOCO2form20min_740nm_2995mW_u1_poc0p25_20x0p75NA_457s50_g70_z1_256pix_basicFLIM_120f_0007
4_BKOCO2form20min_740nm_2995mW_u1_poc0p25_20x0p75NA_457s50_g70_z1_256pix_basicFLIM_120f_0008.sdt,20260509_KPC_fixed_dishes_on_SLIM,fitet-sf-c3-b5,4_BKOCO2form20min_740nm_2995mW_u1_poc0p25_20x0p75NA_457s50_g70_z1_256pix_basicFLIM_120f_0008,5,True,form,65536,0,61160,65366,59503,65536,0,0.0,20260509_KPC_fixed_dishes_on_SLIM::fitet-sf-c3-b5::4_BKOCO2form20min_740nm_2995mW_u1_poc0p25_20x0p75NA_457s50_g70_z1_256pix_basicFLIM_120f_0008
4_BKOCO2form20min_740nm_2995mW_u1_poc0p25_20x0p75NA_457s50_g70_z1_256pix_basicFLIM_120f_0009.sdt,20260509_KPC_fixed_dishes_on_SLIM,fitet-sf-c3-b5,4_BKOCO2form20min_740nm_2995mW_u1_poc0p25_20x0p75NA_457s50_g70_z1_256pix_basicFLIM_120f_0009,5,True,form,65536,0,61625,65482,59703,65536,0,0.0,20260509_KPC_fixed_dishes_on_SLIM::fitet-sf-c3-b5::4_BKOCO2form20min_740nm_2995mW_u1_poc0p25_20x0p75NA_457s50_g70_z1_256pix_basicFLIM_120f_0009
4_BKOCO2form20min_740nm_2995mW_u1_poc0p25_20x0p75NA_457s50_g70_z1_256pix_basicFLIM_120f_0010.sdt,20260509_KPC_fixed_dishes_on_SLIM,fitet-sf-c3-b5,4_BKOCO2form20min_740nm_2995mW_u1_poc0p25_20x0p75NA_457s50_g70_z1_256pix_basicFLIM_120f_0010,5,True,form,65536,0,59317,65388,59337,65536,0,0.0,20260509_KPC_fixed_dishes_on_SLIM::fitet-sf-c3-b5::4_BKOCO2form20min_740nm_2995mW_u1_poc0p25_20x0p75NA_457s50_g70_z1_256pix_basicFLIM_120f_0010
4_BKOCO2form20min_740nm_2995mW_u1_poc0p25_20x0p75NA_457s50_g70_z1_256pix_basicFLIM_120f_0011.sdt,20260509_KPC_fixed_dishes_on_SLIM,fitet-sf-c3-b5,4_BKOCO2form20min_740nm_2995mW_u1_poc0p25_20x0p75NA_457s50_g70_z1_256pix_basicFLIM_120f_0011,5,True,form,65536,0,59743,65368,59606,65536,0,0.0,20260509_KPC_fixed_dishes_on_SLIM::fitet-sf-c3-b5::4_BKOCO2form20min_740nm_2995mW_u1_poc0p25_20x0p75NA_457s50_g70_z1_256pix_basicFLIM_120f_0011
4_BKOCO2form20min_740nm_2995mW_u1_poc0p25_20x0p75NA_457s50_g70_z1_256pix_basicFLIM_120f_0012.sdt,20260509_KPC_fixed_dishes_on_SLIM,fitet-sf-c3-b5,4_BKOCO2form20min_740nm_2995mW_u1_poc0p25_20x0p75NA_457s50_g70_z1_256pix_basicFLIM_120f_0012,5,True,form,65536,0,56441,62309,49652,65536,0,0.0,20260509_KPC_fixed_dishes_on_SLIM::fitet-sf-c3-b5::4_BKOCO2form20min_740nm_2995mW_u1_poc0p25_20x0p75NA_457s50_g70_z1_256pix_basicFLIM_120f_0012
4_BKOCO2form20min_740nm_2995mW_u1_poc0p25_20x0p75NA_457s50_g70_z1_256pix_basicFLIM_120f_0013.sdt,20260509_KPC_fixed_dishes_on_SLIM,fitet-sf-c3-b5,4_BKOCO2form20min_740nm_2995mW_u1_poc0p25_20x0p75NA_457s50_g70_z1_256pix_basicFLIM_120f_0013,5,True,form,65536,0,60829,65337,58493,65536,0,0.0,20260509_KPC_fixed_dishes_on_SLIM::fitet-sf-c3-b5::4_BKOCO2form20min_740nm_2995mW_u1_poc0p25_20x0p75NA_457s50_g70_z1_256pix_basicFLIM_120f_0013
4_BKOCO2form20min_740nm_2995mW_u1_poc0p25_20x0p75NA_457s50_g70_z1_256pix_basicFLIM_120f_0014.sdt,20260509_KPC_fixed_dishes_on_SLIM,fitet-sf-c3-b5,4_BKOCO2form20min_740nm_2995mW_u1_poc0p25_20x0p75NA_457s50_g70_z1_256pix_basicFLIM_120f_0014,5,True,form,65536,0,59660,65307,59646,65536,0,0.0,20260509_KPC_fixed_dishes_on_SLIM::fitet-sf-c3-b5::4_BKOCO2form20min_740nm_2995mW_u1_poc0p25_20x0p75NA_457s50_g70_z1_256pix_basicFLIM_120f_0014
4_BKOCO2form20min_740nm_2995mW_u1_poc0p25_20x0p75NA_457s50_g70_z1_256pix_basicFLIM_120f_0015.sdt,20260509_KPC_fixed_dishes_on_SLIM,fitet-sf-c3-b5,4_BKOCO2form20min_740nm_2995mW_u1_poc0p25_20x0p75NA_457s50_g70_z1_256pix_basicFLIM_120f_0015,5,True,form,65536,0,59489,65031,58204,65536,0,0.0,20260509_KPC_fixed_dishes_on_SLIM::fitet-sf-c3-b5::4_BKOCO2form20min_740nm_2995mW_u1_poc0p25_20x0p75NA_457s50_g70_z1_256pix_basicFLIM_120f_0015
4_BKOCO2form20min_740nm_2995mW_u1_poc0p25_20x0p75NA_535s50_g70_z1_256pix_basicFLIM_120f_0000.sdt,20260509_KPC_fixed_dishes_on_SLIM,fitet-sf-c3-b5,4_BKOCO2form20min_740nm_2995mW_u1_poc0p25_20x0p75NA_535s50_g70_z1_256pix_basicFLIM_120f_0000,5,True,form,65536,1,62886,65458,59586,65536,0,0.0,20260509_KPC_fixed_dishes_on_SLIM::fitet-sf-c3-b5::4_BKOCO2form20min_740nm_2995mW_u1_poc0p25_20x0p75NA_535s50_g70_z1_256pix_basicFLIM_120f_0000
4_BKOCO2form20min_740nm_2995mW_u1_poc0p25_20x0p75NA_535s50_g70_z1_256pix_basicFLIM_120f_0001.sdt,20260509_KPC_fixed_dishes_on_SLIM,fitet-sf-c3-b5,4_BKOCO2form20min_740nm_2995mW_u1_poc0p25_20x0p75NA_535s50_g70_z1_256pix_basicFLIM_120f_0001,5,True,form,65536,0,61196,65491,60238,65536,0,0.0,20260509_KPC_fixed_dishes_on_SLIM::fitet-sf-c3-b5::4_BKOCO2form20min_740nm_2995mW_u1_poc0p25_20x0p75NA_535s50_g70_z1_256pix_basicFLIM_120f_0001
4_BKOCO2form20min_740nm_2995mW_u1_poc0p25_20x0p75NA_535s50_g70_z1_256pix_basicFLIM_120f_0002.sdt,20260509_KPC_fixed_dishes_on_SLIM,fitet-sf-c3-b5,4_BKOCO2form20min_740nm_2995mW_u1_poc0p25_20x0p75NA_535s50_g70_z1_256pix_basicFLIM_120f_0002,5,True,form,65536,0,61446,65399,58714,65536,0,0.0,20260509_KPC_fixed_dishes_on_SLIM::fitet-sf-c3-b5::4_BKOCO2form20min_740nm_2995mW_u1_poc0p25_20x0p75NA_535s50_g70_z1_256pix_basicFLIM_120f_0002
4_BKOCO2form20min_740nm_2995mW_u1_poc0p25_20x0p75NA_535s50_g70_z1_256pix_basicFLIM_120f_0003.sdt,20260509_KPC_fixed_dishes_on_SLIM,fitet-sf-c3-b5,4_BKOCO2form20min_740nm_2995mW_u1_poc0p25_20x0p75NA_535s50_g70_z1_256pix_basicFLIM_120f_0003,5,True,form,65536,0,61142,65454,60127,65536,0,0.0,20260509_KPC_fixed_dishes_on_SLIM::fitet-sf-c3-b5::4_BKOCO2form20min_740nm_2995mW_u1_poc0p25_20x0p75NA_535s50_g70_z1_256pix_basicFLIM_120f_0003
4_BKOCO2form20min_740nm_2995mW_u1_poc0p25_20x0p75NA_535s50_g70_z1_256pix_basicFLIM_120f_0004.sdt,20260509_KPC_fixed_dishes_on_SLIM,fitet-sf-c3-b5,4_BKOCO2form20min_740nm_2995mW_u1_poc0p25_20x0p75NA_535s50_g70_z1_256pix_basicFLIM_120f_0004,5,True,form,65536,0,60963,65440,60285,65536,0,0.0,20260509_KPC_fixed_dishes_on_SLIM::fitet-sf-c3-b5::4_BKOCO2form20min_740nm_2995mW_u1_poc0p25_20x0p75NA_535s50_g70_z1_256pix_basicFLIM_120f_0004
4_BKOCO2form20min_740nm_2995mW_u1_poc0p25_20x0p75NA_535s50_g70_z1_256pix_basicFLIM_120f_0005.sdt,20260509_KPC_fixed_dishes_on_SLIM,fitet-sf-c3-b5,4_BKOCO2form20min_740nm_2995mW_u1_poc0p25_20x0p75NA_535s50_g70_z1_256pix_basicFLIM_120f_0005,5,True,form,65536,0,60893,65448,59676,65536,0,0.0,20260509_KPC_fixed_dishes_on_SLIM::fitet-sf-c3-b5::4_BKOCO2form20min_740nm_2995mW_u1_poc0p25_20x0p75NA_535s50_g70_z1_256pix_basicFLIM_120f_0005
4_BKOCO2form20min_740nm_2995mW_u1_poc0p25_20x0p75NA_535s50_g70_z1_256pix_basicFLIM_120f_0006.sdt,20260509_KPC_fixed_dishes_on_SLIM,fitet-sf-c3-b5,4_BKOCO2form20min_740nm_2995mW_u1_poc0p25_20x0p75NA_535s50_g70_z1_256pix_basicFLIM_120f_0006,5,True,form,65536,0,61062,65491,59133,65536,0,0.0,20260509_KPC_fixed_dishes_on_SLIM::fitet-sf-c3-b5::4_BKOCO2form20min_740nm_2995mW_u1_poc0p25_20x0p75NA_535s50_g70_z1_256pix_basicFLIM_120f_0006
4_BKOCO2form20min_740nm_2995mW_u1_poc0p25_20x0p75NA_535s50_g70_z1_256pix_basicFLIM_120f_0007.sdt,20260509_KPC_fixed_dishes_on_SLIM,fitet-sf-c3-b5,4_BKOCO2form20min_740nm_2995mW_u1_poc0p25_20x0p75NA_535s50_g70_z1_256pix_basicFLIM_120f_0007,5,True,form,65536,0,62028,65498,60138,65536,0,0.0,20260509_KPC_fixed_dishes_on_SLIM::fitet-sf-c3-b5::4_BKOCO2form20min_740nm_2995mW_u1_poc0p25_20x0p75NA_535s50_g70_z1_256pix_basicFLIM_120f_0007
4_BKOCO2form20min_740nm_2995mW_u1_poc0p25_20x0p75NA_535s50_g70_z1_256pix_basicFLIM_120f_0008.sdt,20260509_KPC_fixed_dishes_on_SLIM,fitet-sf-c3-b5,4_BKOCO2form20min_740nm_2995mW_u1_poc0p25_20x0p75NA_535s50_g70_z1_256pix_basicFLIM_120f_0008,5,True,form,65536,0,60600,65294,59645,65536,0,0.0,20260509_KPC_fixed_dishes_on_SLIM::fitet-sf-c3-b5::4_BKOCO2form20min_740nm_2995mW_u1_poc0p25_20x0p75NA_535s50_g70_z1_256pix_basicFLIM_120f_0008
4_BKOCO2form20min_740nm_2995mW_u1_poc0p25_20x0p75NA_535s50_g70_z1_256pix_basicFLIM_120f_0009.sdt,20260509_KPC_fixed_dishes_on_SLIM,fitet-sf-c3-b5,4_BKOCO2form20min_740nm_2995mW_u1_poc0p25_20x0p75NA_535s50_g70_z1_256pix_basicFLIM_120f_0009,5,True,form,65536,0,61403,65487,59606,65536,0,0.0,20260509_KPC_fixed_dishes_on_SLIM::fitet-sf-c3-b5::4_BKOCO2form20min_740nm_2995mW_u1_poc0p25_20x0p75NA_535s50_g70_z1_256pix_basicFLIM_120f_0009
4_BKOCO2form20min_740nm_2995mW_u1_poc0p25_20x0p75NA_535s50_g70_z1_256pix_basicFLIM_120f_0010.sdt,20260509_KPC_fixed_dishes_on_SLIM,fitet-sf-c3-b5,4_BKOCO2form20min_740nm_2995mW_u1_poc0p25_20x0p75NA_535s50_g70_z1_256pix_basicFLIM_120f_0010,5,True,form,65536,0,59191,65292,59477,65536,0,0.0,20260509_KPC_fixed_dishes_on_SLIM::fitet-sf-c3-b5::4_BKOCO2form20min_740nm_2995mW_u1_poc0p25_20x0p75NA_535s50_g70_z1_256pix_basicFLIM_120f_0010
4_BKOCO2form20min_740nm_2995mW_u1_poc0p25_20x0p75NA_535s50_g70_z1_256pix_basicFLIM_120f_0011.sdt,20260509_KPC_fixed_dishes_on_SLIM,fitet-sf-c3-b5,4_BKOCO2form20min_740nm_2995mW_u1_poc0p25_20x0p75NA_535s50_g70_z1_256pix_basicFLIM_120f_0011,5,True,form,65536,0,60130,65124,60124,65536,0,0.0,20260509_KPC_fixed_dishes_on_SLIM::fitet-sf-c3-b5::4_BKOCO2form20min_740nm_2995mW_u1_poc0p25_20x0p75NA_535s50_g70_z1_256pix_basicFLIM_120f_0011
4_BKOCO2form20min_740nm_2995mW_u1_poc0p25_20x0p75NA_535s50_g70_z1_256pix_basicFLIM_120f_0012.sdt,20260509_KPC_fixed_dishes_on_SLIM,fitet-sf-c3-b5,4_BKOCO2form20min_740nm_2995mW_u1_poc0p25_20x0p75NA_535s50_g70_z1_256pix_basicFLIM_120f_0012,5,True,form,65536,0,57470,63777,55119,65536,0,0.0,20260509_KPC_fixed_dishes_on_SLIM::fitet-sf-c3-b5::4_BKOCO2form20min_740nm_2995mW_u1_poc0p25_20x0p75NA_535s50_g70_z1_256pix_basicFLIM_120f_0012
4_BKOCO2form20min_740nm_2995mW_u1_poc0p25_20x0p75NA_535s50_g70_z1_256pix_basicFLIM_120f_0013.sdt,20260509_KPC_fixed_dishes_on_SLIM,fitet-sf-c3-b5,4_BKOCO2form20min_740nm_2995mW_u1_poc0p25_20x0p75NA_535s50_g70_z1_256pix_basicFLIM_120f_0013,5,True,form,65536,0,60903,65300,60225,65536,0,0.0,20260509_KPC_fixed_dishes_on_SLIM::fitet-sf-c3-b5::4_BKOCO2form20min_740nm_2995mW_u1_poc0p25_20x0p75NA_535s50_g70_z1_256pix_basicFLIM_120f_0013
4_BKOCO2form20min_740nm_2995mW_u1_poc0p25_20x0p75NA_535s50_g70_z1_256pix_basicFLIM_120f_0014.sdt,20260509_KPC_fixed_dishes_on_SLIM,fitet-sf-c3-b5,4_BKOCO2form20min_740nm_2995mW_u1_poc0p25_20x0p75NA_535s50_g70_z1_256pix_basicFLIM_120f_0014,5,True,form,65536,0,60039,65159,59154,65536,0,0.0,20260509_KPC_fixed_dishes_on_SLIM::fitet-sf-c3-b5::4_BKOCO2form20min_740nm_2995mW_u1_poc0p25_20x0p75NA_535s50_g70_z1_256pix_basicFLIM_120f_0014
4_BKOCO2form20min_740nm_2995mW_u1_poc0p25_20x0p75NA_535s50_g70_z1_256pix_basicFLIM_120f_0015.sdt,20260509_KPC_fixed_dishes_on_SLIM,fitet-sf-c3-b5,4_BKOCO2form20min_740nm_2995mW_u1_poc0p25_20x0p75NA_535s50_g70_z1_256pix_basicFLIM_120f_0015,5,True,form,65536,0,59620,64810,58569,65536,0,0.0,20260509_KPC_fixed_dishes_on_SLIM::fitet-sf-c3-b5::4_BKOCO2form20min_740nm_2995mW_u1_poc0p25_20x0p75NA_535s50_g70_z1_256pix_basicFLIM_120f_0015
4_BKOCO2form20min_740nm_2995mW_u1_poc0p6_20x0p75NA_457s50_g70_z1_256pix_basicFLIM_120f_0000.sdt,20260509_KPC_fixed_dishes_on_SLIM,fitet-sf-c3-b5,4_BKOCO2form20min_740nm_2995mW_u1_poc0p6_20x0p75NA_457s50_g70_z1_256pix_basicFLIM_120f_0000,5,True,form,65536,65482,65250,65536,62204,65536,61875,94.4,20260509_KPC_fixed_dishes_on_SLIM::fitet-sf-c3-b5::4_BKOCO2form20min_740nm_2995mW_u1_poc0p6_20x0p75NA_457s50_g70_z1_256pix_basicFLIM_120f_0000
4_BKOCO2form20min_740nm_2995mW_u1_poc0p6_20x0p75NA_457s50_g70_z1_256pix_basicFLIM_120f_0001.sdt,20260509_KPC_fixed_dishes_on_SLIM,fitet-sf-c3-b5,4_BKOCO2form20min_740nm_2995mW_u1_poc0p6_20x0p75NA_457s50_g70_z1_256pix_basicFLIM_120f_0001,5,True,form,65536,62240,65207,65536,62856,65536,59435,90.7,20260509_KPC_fixed_dishes_on_SLIM::fitet-sf-c3-b5::4_BKOCO2form20min_740nm_2995mW_u1_poc0p6_20x0p75NA_457s50_g70_z1_256pix_basicFLIM_120f_0001
4_BKOCO2form20min_740nm_2995mW_u1_poc0p6_20x0p75NA_457s50_g70_z1_256pix_basicFLIM_120f_0002.sdt,20260509_KPC_fixed_dishes_on_SLIM,fitet-sf-c3-b5,4_BKOCO2form20min_740nm_2995mW_u1_poc0p6_20x0p75NA_457s50_g70_z1_256pix_basicFLIM_120f_0002,5,True,form,65536,65436,65237,65535,61997,65536,61617,94.0,20260509_KPC_fixed_dishes_on_SLIM::fitet-sf-c3-b5::4_BKOCO2form20min_740nm_2995mW_u1_poc0p6_20x0p75NA_457s50_g70_z1_256pix_basicFLIM_120f_0002
4_BKOCO2form20min_740nm_2995mW_u1_poc0p6_20x0p75NA_457s50_g70_z1_256pix_basicFLIM_120f_0003.sdt,20260509_KPC_fixed_dishes_on_SLIM,fitet-sf-c3-b5,4_BKOCO2form20min_740nm_2995mW_u1_poc0p6_20x0p75NA_457s50_g70_z1_256pix_basicFLIM_120f_0003,5,True,form,65536,64776,65307,65534,62754,65536,61832,94.3,20260509_KPC_fixed_dishes_on_SLIM::fitet-sf-c3-b5::4_BKOCO2form20min_740nm_2995mW_u1_poc0p6_20x0p75NA_457s50_g70_z1_256pix_basicFLIM_120f_0003
4_BKOCO2form20min_740nm_2995mW_u1_poc0p6_20x0p75NA_457s50_g70_z1_256pix_basicFLIM_120f_0004.sdt,20260509_KPC_fixed_dishes_on_SLIM,fitet-sf-c3-b5,4_BKOCO2form20min_740nm_2995mW_u1_poc0p6_20x0p75NA_457s50_g70_z1_256pix_basicFLIM_120f_0004,5,True,form,65536,65150,65346,65536,62795,65536,62237,95.0,20260509_KPC_fixed_dishes_on_SLIM::fitet-sf-c3-b5::4_BKOCO2form20min_740nm_2995mW_u1_poc0p6_20x0p75NA_457s50_g70_z1_256pix_basicFLIM_120f_0004
4_BKOCO2form20min_740nm_2995mW_u1_poc0p6_20x0p75NA_457s50_g70_z1_256pix_basicFLIM_120f_0005.sdt,20260509_KPC_fixed_dishes_on_SLIM,fitet-sf-c3-b5,4_BKOCO2form20min_740nm_2995mW_u1_poc0p6_20x0p75NA_457s50_g70_z1_256pix_basicFLIM_120f_0005,5,True,form,65536,63766,65248,65536,62900,65536,61007,93.1,20260509_KPC_fixed_dishes_on_SLIM::fitet-sf-c3-b5::4_BKOCO2form20min_740nm_2995mW_u1_poc0p6_20x0p75NA_457s50_g70_z1_256pix_basicFLIM_120f_0005
4_BKOCO2form20min_740nm_2995mW_u1_poc0p6_20x0p75NA_457s50_g70_z1_256pix_basicFLIM_120f_0006.sdt,20260509_KPC_fixed_dishes_on_SLIM,fitet-sf-c3-b5,4_BKOCO2form20min_740nm_2995mW_u1_poc0p6_20x0p75NA_457s50_g70_z1_256pix_basicFLIM_120f_0006,5,True,form,65536,62246,65301,65536,63610,65536,60300,92.0,20260509_KPC_fixed_dishes_on_SLIM::fitet-sf-c3-b5::4_BKOCO2form20min_740nm_2995mW_u1_poc0p6_20x0p75NA_457s50_g70_z1_256pix_basicFLIM_120f_0006
4_BKOCO2form20min_740nm_2995mW_u1_poc0p6_20x0p75NA_457s50_g70_z1_256pix_basicFLIM_120f_0007.sdt,20260509_KPC_fixed_dishes_on_SLIM,fitet-sf-c3-b5,4_BKOCO2form20min_740nm_2995mW_u1_poc0p6_20x0p75NA_457s50_g70_z1_256pix_basicFLIM_120f_0007,5,True,form,65536,65444,65289,65536,62754,65536,62429,95.3,20260509_KPC_fixed_dishes_on_SLIM::fitet-sf-c3-b5::4_BKOCO2form20min_740nm_2995mW_u1_poc0p6_20x0p75NA_457s50_g70_z1_256pix_basicFLIM_120f_0007
4_BKOCO2form20min_740nm_2995mW_u1_poc0p6_20x0p75NA_457s50_g70_z1_256pix_basicFLIM_120f_0008.sdt,20260509_KPC_fixed_dishes_on_SLIM,fitet-sf-c3-b5,4_BKOCO2form20min_740nm_2995mW_u1_poc0p6_20x0p75NA_457s50_g70_z1_256pix_basicFLIM_120f_0008,5,True,form,65536,64760,65125,65530,62492,65536,61337,93.6,20260509_KPC_fixed_dishes_on_SLIM::fitet-sf-c3-b5::4_BKOCO2form20min_740nm_2995mW_u1_poc0p6_20x0p75NA_457s50_g70_z1_256pix_basicFLIM_120f_0008
4_BKOCO2form20min_740nm_2995mW_u1_poc0p6_20x0p75NA_457s50_g70_z1_256pix_basicFLIM_120f_0009.sdt,20260509_KPC_fixed_dishes_on_SLIM,fitet-sf-c3-b5,4_BKOCO2form20min_740nm_2995mW_u1_poc0p6_20x0p75NA_457s50_g70_z1_256pix_basicFLIM_120f_0009,5,True,form,65536,65208,65265,65536,63456,65536,62869,95.9,20260509_KPC_fixed_dishes_on_SLIM::fitet-sf-c3-b5::4_BKOCO2form20min_740nm_2995mW_u1_poc0p6_20x0p75NA_457s50_g70_z1_256pix_basicFLIM_120f_0009
4_BKOCO2form20min_740nm_2995mW_u1_poc0p6_20x0p75NA_457s50_g70_z1_256pix_basicFLIM_120f_0010.sdt,20260509_KPC_fixed_dishes_on_SLIM,fitet-sf-c3-b5,4_BKOCO2form20min_740nm_2995mW_u1_poc0p6_20x0p75NA_457s50_g70_z1_256pix_basicFLIM_120f_0010,5,True,form,65536,49304,65037,65479,62954,65536,47538,72.5,20260509_KPC_fixed_dishes_on_SLIM::fitet-sf-c3-b5::4_BKOCO2form20min_740nm_2995mW_u1_poc0p6_20x0p75NA_457s50_g70_z1_256pix_basicFLIM_120f_0010
4_BKOCO2form20min_740nm_2995mW_u1_poc0p6_20x0p75NA_457s50_g70_z1_256pix_basicFLIM_120f_0011.sdt,20260509_KPC_fixed_dishes_on_SLIM,fitet-sf-c3-b5,4_BKOCO2form20min_740nm_2995mW_u1_poc0p6_20x0p75NA_457s50_g70_z1_256pix_basicFLIM_120f_0011,5,True,form,65536,58990,64662,65498,63653,65536,56657,86.5,20260509_KPC_fixed_dishes_on_SLIM::fitet-sf-c3-b5::4_BKOCO2form20min_740nm_2995mW_u1_poc0p6_20x0p75NA_457s50_g70_z1_256pix_basicFLIM_120f_0011
4_BKOCO2form20min_740nm_2995mW_u1_poc0p6_20x0p75NA_457s50_g70_z1_256pix_basicFLIM_120f_0012.sdt,20260509_KPC_fixed_dishes_on_SLIM,fitet-sf-c3-b5,4_BKOCO2form20min_740nm_2995mW_u1_poc0p6_20x0p75NA_457s50_g70_z1_256pix_basicFLIM_120f_0012,5,True,form,65536,31769,64311,65370,61900,65536,30654,46.8,20260509_KPC_fixed_dishes_on_SLIM::fitet-sf-c3-b5::4_BKOCO2form20min_740nm_2995mW_u1_poc0p6_20x0p75NA_457s50_g70_z1_256pix_basicFLIM_120f_0012
4_BKOCO2form20min_740nm_2995mW_u1_poc0p6_20x0p75NA_457s50_g70_z1_256pix_basicFLIM_120f_0013.sdt,20260509_KPC_fixed_dishes_on_SLIM,fitet-sf-c3-b5,4_BKOCO2form20min_740nm_2995mW_u1_poc0p6_20x0p75NA_457s50_g70_z1_256pix_basicFLIM_120f_0013,5,True,form,65536,58974,65228,65471,62993,65536,56613,86.4,20260509_KPC_fixed_dishes_on_SLIM::fitet-sf-c3-b5::4_BKOCO2form20min_740nm_2995mW_u1_poc0p6_20x0p75NA_457s50_g70_z1_256pix_basicFLIM_120f_0013
4_BKOCO2form20min_740nm_2995mW_u1_poc0p6_20x0p75NA_457s50_g70_z1_256pix_basicFLIM_120f_0014.sdt,20260509_KPC_fixed_dishes_on_SLIM,fitet-sf-c3-b5,4_BKOCO2form20min_740nm_2995mW_u1_poc0p6_20x0p75NA_457s50_g70_z1_256pix_basicFLIM_120f_0014,5,True,form,65536,53866,65174,65509,63398,65536,51780,79.0,20260509_KPC_fixed_dishes_on_SLIM::fitet-sf-c3-b5::4_BKOCO2form20min_740nm_2995mW_u1_poc0p6_20x0p75NA_457s50_g70_z1_256pix_basicFLIM_120f_0014
4_BKOCO2form20min_740nm_2995mW_u1_poc0p6_20x0p75NA_457s50_g70_z1_256pix_basicFLIM_120f_0015.sdt,20260509_KPC_fixed_dishes_on_SLIM,fitet-sf-c3-b5,4_BKOCO2form20min_740nm_2995mW_u1_poc0p6_20x0p75NA_457s50_g70_z1_256pix_basicFLIM_120f_0015,5,True,form,65536,50366,64643,65424,62432,65536,47544,72.5,20260509_KPC_fixed_dishes_on_SLIM::fitet-sf-c3-b5::4_BKOCO2form20min_740nm_2995mW_u1_poc0p6_20x0p75NA_457s50_g70_z1_256pix_basicFLIM_120f_0015
4_BKOCO2form20min_740nm_2995mW_u1_poc0p6_20x0p75NA_535s50_g70_z1_256pix_basicFLIM_120f_0000.sdt,20260509_KPC_fixed_dishes_on_SLIM,fitet-sf-c3-b5,4_BKOCO2form20min_740nm_2995mW_u1_poc0p6_20x0p75NA_535s50_g70_z1_256pix_basicFLIM_120f_0000,5,True,form,65536,64770,65335,65534,63677,65536,62751,95.8,20260509_KPC_fixed_dishes_on_SLIM::fitet-sf-c3-b5::4_BKOCO2form20min_740nm_2995mW_u1_poc0p6_20x0p75NA_535s50_g70_z1_256pix_basicFLIM_120f_0000
4_BKOCO2form20min_740nm_2995mW_u1_poc0p6_20x0p75NA_535s50_g70_z1_256pix_basicFLIM_120f_0001.sdt,20260509_KPC_fixed_dishes_on_SLIM,fitet-sf-c3-b5,4_BKOCO2form20min_740nm_2995mW_u1_poc0p6_20x0p75NA_535s50_g70_z1_256pix_basicFLIM_120f_0001,5,True,form,65536,55079,65127,65536,63780,65536,53314,81.4,20260509_KPC_fixed_dishes_on_SLIM::fitet-sf-c3-b5::4_BKOCO2form20min_740nm_2995mW_u1_poc0p6_20x0p75NA_535s50_g70_z1_256pix_basicFLIM_120f_0001
4_BKOCO2form20min_740nm_2995mW_u1_poc0p6_20x0p75NA_535s50_g70_z1_256pix_basicFLIM_120f_0002.sdt,20260509_KPC_fixed_dishes_on_SLIM,fitet-sf-c3-b5,4_BKOCO2form20min_740nm_2995mW_u1_poc0p6_20x0p75NA_535s50_g70_z1_256pix_basicFLIM_120f_0002,5,True,form,65536,64502,65238,65526,62874,65536,61597,94.0,20260509_KPC_fixed_dishes_on_SLIM::fitet-sf-c3-b5::4_BKOCO2form20min_740nm_2995mW_u1_poc0p6_20x0p75NA_535s50_g70_z1_256pix_basicFLIM_120f_0002
4_BKOCO2form20min_740nm_2995mW_u1_poc0p6_20x0p75NA_535s50_g70_z1_256pix_basicFLIM_120f_0003.sdt,20260509_KPC_fixed_dishes_on_SLIM,fitet-sf-c3-b5,4_BKOCO2form20min_740nm_2995mW_u1_poc0p6_20x0p75NA_535s50_g70_z1_256pix_basicFLIM_120f_0003,5,True,form,65536,61758,65233,65532,63763,65536,59815,91.3,20260509_KPC_fixed_dishes_on_SLIM::fitet-sf-c3-b5::4_BKOCO2form20min_740nm_2995mW_u1_poc0p6_20x0p75NA_535s50_g70_z1_256pix_basicFLIM_120f_0003
4_BKOCO2form20min_740nm_2995mW_u1_poc0p6_20x0p75NA_535s50_g70_z1_256pix_basicFLIM_120f_0004.sdt,20260509_KPC_fixed_dishes_on_SLIM,fitet-sf-c3-b5,4_BKOCO2form20min_740nm_2995mW_u1_poc0p6_20x0p75NA_535s50_g70_z1_256pix_basicFLIM_120f_0004,5,True,form,65536,59027,65172,65535,63739,65536,57082,87.1,20260509_KPC_fixed_dishes_on_SLIM::fitet-sf-c3-b5::4_BKOCO2form20min_740nm_2995mW_u1_poc0p6_20x0p75NA_535s50_g70_z1_256pix_basicFLIM_120f_0004
4_BKOCO2form20min_740nm_2995mW_u1_poc0p6_20x0p75NA_535s50_g70_z1_256pix_basicFLIM_120f_0005.sdt,20260509_KPC_fixed_dishes_on_SLIM,fitet-sf-c3-b5,4_BKOCO2form20min_740nm_2995mW_u1_poc0p6_20x0p75NA_535s50_g70_z1_256pix_basicFLIM_120f_0005,5,True,form,65536,53268,64999,65536,63827,65536,51564,78.7,20260509_KPC_fixed_dishes_on_SLIM::fitet-sf-c3-b5::4_BKOCO2form20min_740nm_2995mW_u1_poc0p6_20x0p75NA_535s50_g70_z1_256pix_basicFLIM_120f_0005
4_BKOCO2form20min_740nm_2995mW_u1_poc0p6_20x0p75NA_535s50_g70_z1_256pix_basicFLIM_120f_0006.sdt,20260509_KPC_fixed_dishes_on_SLIM,fitet-sf-c3-b5,4_BKOCO2form20min_740nm_2995mW_u1_poc0p6_20x0p75NA_535s50_g70_z1_256pix_basicFLIM_120f_0006,5,True,form,65536,50299,65048,65535,64059,65536,49003,74.8,20260509_KPC_fixed_dishes_on_SLIM::fitet-sf-c3-b5::4_BKOCO2form20min_740nm_2995mW_u1_poc0p6_20x0p75NA_535s50_g70_z1_256pix_basicFLIM_120f_0006
4_BKOCO2form20min_740nm_2995mW_u1_poc0p6_20x0p75NA_535s50_g70_z1_256pix_basicFLIM_120f_0007.sdt,20260509_KPC_fixed_dishes_on_SLIM,fitet-sf-c3-b5,4_BKOCO2form20min_740nm_2995mW_u1_poc0p6_20x0p75NA_535s50_g70_z1_256pix_basicFLIM_120f_0007,5,True,form,65536,63635,65187,65535,63974,65536,61812,94.3,20260509_KPC_fixed_dishes_on_SLIM::fitet-sf-c3-b5::4_BKOCO2form20min_740nm_2995mW_u1_poc0p6_20x0p75NA_535s50_g70_z1_256pix_basicFLIM_120f_0007
4_BKOCO2form20min_740nm_2995mW_u1_poc0p6_20x0p75NA_535s50_g70_z1_256pix_basicFLIM_120f_0008.sdt,20260509_KPC_fixed_dishes_on_SLIM,fitet-sf-c3-b5,4_BKOCO2form20min_740nm_2995mW_u1_poc0p6_20x0p75NA_535s50_g70_z1_256pix_basicFLIM_120f_0008,5,True,form,65536,63229,65261,65503,63676,65536,61188,93.4,20260509_KPC_fixed_dishes_on_SLIM::fitet-sf-c3-b5::4_BKOCO2form20min_740nm_2995mW_u1_poc0p6_20x0p75NA_535s50_g70_z1_256pix_basicFLIM_120f_0008
4_BKOCO2form20min_740nm_2995mW_u1_poc0p6_20x0p75NA_535s50_g70_z1_256pix_basicFLIM_120f_0009.sdt,20260509_KPC_fixed_dishes_on_SLIM,fitet-sf-c3-b5,4_BKOCO2form20min_740nm_2995mW_u1_poc0p6_20x0p75NA_535s50_g70_z1_256pix_basicFLIM_120f_0009,5,True,form,65536,62424,65279,65535,64213,65536,60959,93.0,20260509_KPC_fixed_dishes_on_SLIM::fitet-sf-c3-b5::4_BKOCO2form20min_740nm_2995mW_u1_poc0p6_20x0p75NA_535s50_g70_z1_256pix_basicFLIM_120f_0009
4_BKOCO2form20min_740nm_2995mW_u1_poc0p6_20x0p75NA_535s50_g70_z1_256pix_basicFLIM_120f_0010.sdt,20260509_KPC_fixed_dishes_on_SLIM,fitet-sf-c3-b5,4_BKOCO2form20min_740nm_2995mW_u1_poc0p6_20x0p75NA_535s50_g70_z1_256pix_basicFLIM_120f_0010,5,True,form,65536,37472,64958,65411,64062,65536,36686,56.0,20260509_KPC_fixed_dishes_on_SLIM::fitet-sf-c3-b5::4_BKOCO2form20min_740nm_2995mW_u1_poc0p6_20x0p75NA_535s50_g70_z1_256pix_basicFLIM_120f_0010
4_BKOCO2form20min_740nm_2995mW_u1_poc0p6_20x0p75NA_535s50_g70_z1_256pix_basicFLIM_120f_0011.sdt,20260509_KPC_fixed_dishes_on_SLIM,fitet-sf-c3-b5,4_BKOCO2form20min_740nm_2995mW_u1_poc0p6_20x0p75NA_535s50_g70_z1_256pix_basicFLIM_120f_0011,5,True,form,65536,47951,64580,65506,63524,65536,46846,71.5,20260509_KPC_fixed_dishes_on_SLIM::fitet-sf-c3-b5::4_BKOCO2form20min_740nm_2995mW_u1_poc0p6_20x0p75NA_535s50_g70_z1_256pix_basicFLIM_120f_0011
4_BKOCO2form20min_740nm_2995mW_u1_poc0p6_20x0p75NA_535s50_g70_z1_256pix_basicFLIM_120f_0012.sdt,20260509_KPC_fixed_dishes_on_SLIM,fitet-sf-c3-b5,4_BKOCO2form20min_740nm_2995mW_u1_poc0p6_20x0p75NA_535s50_g70_z1_256pix_basicFLIM_120f_0012,5,True,form,65536,20811,64189,65346,62811,65536,20473,31.2,20260509_KPC_fixed_dishes_on_SLIM::fitet-sf-c3-b5::4_BKOCO2form20min_740nm_2995mW_u1_poc0p6_20x0p75NA_535s50_g70_z1_256pix_basicFLIM_120f_0012
4_BKOCO2form20min_740nm_2995mW_u1_poc0p6_20x0p75NA_535s50_g70_z1_256pix_basicFLIM_120f_0013.sdt,20260509_KPC_fixed_dishes_on_SLIM,fitet-sf-c3-b5,4_BKOCO2form20min_740nm_2995mW_u1_poc0p6_20x0p75NA_535s50_g70_z1_256pix_basicFLIM_120f_0013,5,True,form,65536,55079,65139,65484,64116,65536,53755,82.0,20260509_KPC_fixed_dishes_on_SLIM::fitet-sf-c3-b5::4_BKOCO2form20min_740nm_2995mW_u1_poc0p6_20x0p75NA_535s50_g70_z1_256pix_basicFLIM_120f_0013
4_BKOCO2form20min_740nm_2995mW_u1_poc0p6_20x0p75NA_535s50_g70_z1_256pix_basicFLIM_120f_0014.sdt,20260509_KPC_fixed_dishes_on_SLIM,fitet-sf-c3-b5,4_BKOCO2form20min_740nm_2995mW_u1_poc0p6_20x0p75NA_535s50_g70_z1_256pix_basicFLIM_120f_0014,5,True,form,65536,44689,64688,65516,63849,65536,43547,66.4,20260509_KPC_fixed_dishes_on_SLIM::fitet-sf-c3-b5::4_BKOCO2form20min_740nm_2995mW_u1_poc0p6_20x0p75NA_535s50_g70_z1_256pix_basicFLIM_120f_0014
4_BKOCO2form20min_740nm_2995mW_u1_poc0p6_20x0p75NA_535s50_g70_z1_256pix_basicFLIM_120f_0015.sdt,20260509_KPC_fixed_dishes_on_SLIM,fitet-sf-c3-b5,4_BKOCO2form20min_740nm_2995mW_u1_poc0p6_20x0p75NA_535s50_g70_z1_256pix_basicFLIM_120f_0015,5,True,form,65536,42041,63895,65347,63594,65536,40781,62.2,20260509_KPC_fixed_dishes_on_SLIM::fitet-sf-c3-b5::4_BKOCO2form20min_740nm_2995mW_u1_poc0p6_20x0p75NA_535s50_g70_z1_256pix_basicFLIM_120f_0015
3_KPCWTform20min_740nm_3006mW_u1_poc0p25_20x0p75NA_475s50_g70_z1_256pix_basicFLIM_120f_0000.sdt,20260509_KPC_fixed_dishes_on_SLIM,fitet-sf-c3-t365_1982_7988-b5,3_KPCWTform20min_740nm_3006mW_u1_poc0p25_20x0p75NA_475s50_g70_z1_256pix_basicFLIM_120f_0000,5,True,form,65536,0,62965,59909,65518,65536,0,0.0,20260509_KPC_fixed_dishes_on_SLIM::fitet-sf-c3-t365_1982_7988-b5::3_KPCWTform20min_740nm_3006mW_u1_poc0p25_20x0p75NA_475s50_g70_z1_256pix_basicFLIM_120f_0000
3_KPCWTform20min_740nm_3006mW_u1_poc0p25_20x0p75NA_475s50_g70_z1_256pix_basicFLIM_120f_0001.sdt,20260509_KPC_fixed_dishes_on_SLIM,fitet-sf-c3-t365_1982_7988-b5,3_KPCWTform20min_740nm_3006mW_u1_poc0p25_20x0p75NA_475s50_g70_z1_256pix_basicFLIM_120f_0001,5,True,form,65536,0,63280,63525,65536,65536,0,0.0,20260509_KPC_fixed_dishes_on_SLIM::fitet-sf-c3-t365_1982_7988-b5::3_KPCWTform20min_740nm_3006mW_u1_poc0p25_20x0p75NA_475s50_g70_z1_256pix_basicFLIM_120f_0001
3_KPCWTform20min_740nm_3006mW_u1_poc0p25_20x0p75NA_475s50_g70_z1_256pix_basicFLIM_120f_0002.sdt,20260509_KPC_fixed_dishes_on_SLIM,fitet-sf-c3-t365_1982_7988-b5,3_KPCWTform20min_740nm_3006mW_u1_poc0p25_20x0p75NA_475s50_g70_z1_256pix_basicFLIM_120f_0002,5,True,form,65536,0,63737,63536,65536,65536,0,0.0,20260509_KPC_fixed_dishes_on_SLIM::fitet-sf-c3-t365_1982_7988-b5::3_KPCWTform20min_740nm_3006mW_u1_poc0p25_20x0p75NA_475s50_g70_z1_256pix_basicFLIM_120f_0002
3_KPCWTform20min_740nm_3006mW_u1_poc0p25_20x0p75NA_475s50_g70_z1_256pix_basicFLIM_120f_0003.sdt,20260509_KPC_fixed_dishes_on_SLIM,fitet-sf-c3-t365_1982_7988-b5,3_KPCWTform20min_740nm_3006mW_u1_poc0p25_20x0p75NA_475s50_g70_z1_256pix_basicFLIM_120f_0003,5,True,form,65536,0,60753,58674,65536,65536,0,0.0,20260509_KPC_fixed_dishes_on_SLIM::fitet-sf-c3-t365_1982_7988-b5::3_KPCWTform20min_740nm_3006mW_u1_poc0p25_20x0p75NA_475s50_g70_z1_256pix_basicFLIM_120f_0003
3_KPCWTform20min_740nm_3006mW_u1_poc0p25_20x0p75NA_475s50_g70_z1_256pix_basicFLIM_120f_0004.sdt,20260509_KPC_fixed_dishes_on_SLIM,fitet-sf-c3-t365_1982_7988-b5,3_KPCWTform20min_740nm_3006mW_u1_poc0p25_20x0p75NA_475s50_g70_z1_256pix_basicFLIM_120f_0004,5,True,form,65536,25,62182,60953,65510,65536,25,0.0,20260509_KPC_fixed_dishes_on_SLIM::fitet-sf-c3-t365_1982_7988-b5::3_KPCWTform20min_740nm_3006mW_u1_poc0p25_20x0p75NA_475s50_g70_z1_256pix_basicFLIM_120f_0004
3_KPCWTform20min_740nm_3006mW_u1_poc0p25_20x0p75NA_475s50_g70_z1_256pix_basicFLIM_120f_0005.sdt,20260509_KPC_fixed_dishes_on_SLIM,fitet-sf-c3-t365_1982_7988-b5,3_KPCWTform20min_740nm_3006mW_u1_poc0p25_20x0p75NA_475s50_g70_z1_256pix_basicFLIM_120f_0005,5,True,form,65536,806,64916,65234,65536,65536,799,1.2,20260509_KPC_fixed_dishes_on_SLIM::fitet-sf-c3-t365_1982_7988-b5::3_KPCWTform20min_740nm_3006mW_u1_poc0p25_20x0p75NA_475s50_g70_z1_256pix_basicFLIM_120f_0005
3_KPCWTform20min_740nm_3006mW_u1_poc0p25_20x0p75NA_475s50_g70_z1_256pix_basicFLIM_120f_0006.sdt,20260509_KPC_fixed_dishes_on_SLIM,fitet-sf-c3-t365_1982_7988-b5,3_KPCWTform20min_740nm_3006mW_u1_poc0p25_20x0p75NA_475s50_g70_z1_256pix_basicFLIM_120f_0006,5,True,form,65536,10,64585,65113,65536,65536,10,0.0,20260509_KPC_fixed_dishes_on_SLIM::fitet-sf-c3-t365_1982_7988-b5::3_KPCWTform20min_740nm_3006mW_u1_poc0p25_20x0p75NA_475s50_g70_z1_256pix_basicFLIM_120f_0006
3_KPCWTform20min_740nm_3006mW_u1_poc0p25_20x0p75NA_475s50_g70_z1_256pix_basicFLIM_120f_0007.sdt,20260509_KPC_fixed_dishes_on_SLIM,fitet-sf-c3-t365_1982_7988-b5,3_KPCWTform20min_740nm_3006mW_u1_poc0p25_20x0p75NA_475s50_g70_z1_256pix_basicFLIM_120f_0007,5,True,form,65536,0,61318,62075,65536,65536,0,0.0,20260509_KPC_fixed_dishes_on_SLIM::fitet-sf-c3-t365_1982_7988-b5::3_KPCWTform20min_740nm_3006mW_u1_poc0p25_20x0p75NA_475s50_g70_z1_256pix_basicFLIM_120f_0007
3_KPCWTform20min_740nm_3006mW_u1_poc0p25_20x0p75NA_475s50_g70_z1_256pix_basicFLIM_120f_0008.sdt,20260509_KPC_fixed_dishes_on_SLIM,fitet-sf-c3-t365_1982_7988-b5,3_KPCWTform20min_740nm_3006mW_u1_poc0p25_20x0p75NA_475s50_g70_z1_256pix_basicFLIM_120f_0008,5,True,form,65536,0,61769,54273,65536,65536,0,0.0,20260509_KPC_fixed_dishes_on_SLIM::fitet-sf-c3-t365_1982_7988-b5::3_KPCWTform20min_740nm_3006mW_u1_poc0p25_20x0p75NA_475s50_g70_z1_256pix_basicFLIM_120f_0008
3_KPCWTform20min_740nm_3006mW_u1_poc0p25_20x0p75NA_475s50_g70_z1_256pix_basicFLIM_120f_0009.sdt,20260509_KPC_fixed_dishes_on_SLIM,fitet-sf-c3-t365_1982_7988-b5,3_KPCWTform20min_740nm_3006mW_u1_poc0p25_20x0p75NA_475s50_g70_z1_256pix_basicFLIM_120f_0009,5,True,form,65536,0,60150,56642,65523,65536,0,0.0,20260509_KPC_fixed_dishes_on_SLIM::fitet-sf-c3-t365_1982_7988-b5::3_KPCWTform20min_740nm_3006mW_u1_poc0p25_20x0p75NA_475s50_g70_z1_256pix_basicFLIM_120f_0009
3_KPCWTform20min_740nm_3006mW_u1_poc0p25_20x0p75NA_475s50_g70_z1_256pix_basicFLIM_120f_0010.sdt,20260509_KPC_fixed_dishes_on_SLIM,fitet-sf-c3-t365_1982_7988-b5,3_KPCWTform20min_740nm_3006mW_u1_poc0p25_20x0p75NA_475s50_g70_z1_256pix_basicFLIM_120f_0010,5,True,form,65536,0,56660,52153,65388,65536,0,0.0,20260509_KPC_fixed_dishes_on_SLIM::fitet-sf-c3-t365_1982_7988-b5::3_KPCWTform20min_740nm_3006mW_u1_poc0p25_20x0p75NA_475s50_g70_z1_256pix_basicFLIM_120f_0010
3_KPCWTform20min_740nm_3006mW_u1_poc0p25_20x0p75NA_475s50_g70_z1_256pix_basicFLIM_120f_0011.sdt,20260509_KPC_fixed_dishes_on_SLIM,fitet-sf-c3-t365_1982_7988-b5,3_KPCWTform20min_740nm_3006mW_u1_poc0p25_20x0p75NA_475s50_g70_z1_256pix_basicFLIM_120f_0011,5,True,form,65536,0,60402,53127,65531,65536,0,0.0,20260509_KPC_fixed_dishes_on_SLIM::fitet-sf-c3-t365_1982_7988-b5::3_KPCWTform20min_740nm_3006mW_u1_poc0p25_20x0p75NA_475s50_g70_z1_256pix_basicFLIM_120f_0011
3_KPCWTform20min_740nm_3006mW_u1_poc0p25_20x0p75NA_535s50_g70_z1_256pix_basicFLIM_120f_0000.sdt,20260509_KPC_fixed_dishes_on_SLIM,fitet-sf-c3-t365_1982_7988-b5,3_KPCWTform20min_740nm_3006mW_u1_poc0p25_20x0p75NA_535s50_g70_z1_256pix_basicFLIM_120f_0000,5,True,form,65536,0,54261,52564,64995,65536,0,0.0,20260509_KPC_fixed_dishes_on_SLIM::fitet-sf-c3-t365_1982_7988-b5::3_KPCWTform20min_740nm_3006mW_u1_poc0p25_20x0p75NA_535s50_g70_z1_256pix_basicFLIM_120f_0000
3_KPCWTform20min_740nm_3006mW_u1_poc0p25_20x0p75NA_535s50_g70_z1_256pix_basicFLIM_120f_0001.sdt,20260509_KPC_fixed_dishes_on_SLIM,fitet-sf-c3-t365_1982_7988-b5,3_KPCWTform20min_740nm_3006mW_u1_poc0p25_20x0p75NA_535s50_g70_z1_256pix_basicFLIM_120f_0001,5,True,form,65536,0,58386,58537,65534,65536,0,0.0,20260509_KPC_fixed_dishes_on_SLIM::fitet-sf-c3-t365_1982_7988-b5::3_KPCWTform20min_740nm_3006mW_u1_poc0p25_20x0p75NA_535s50_g70_z1_256pix_basicFLIM_120f_0001
3_KPCWTform20min_740nm_3006mW_u1_poc0p25_20x0p75NA_535s50_g70_z1_256pix_basicFLIM_120f_0002.sdt,20260509_KPC_fixed_dishes_on_SLIM,fitet-sf-c3-t365_1982_7988-b5,3_KPCWTform20min_740nm_3006mW_u1_poc0p25_20x0p75NA_535s50_g70_z1_256pix_basicFLIM_120f_0002,5,True,form,65536,0,63068,63878,65536,65536,0,0.0,20260509_KPC_fixed_dishes_on_SLIM::fitet-sf-c3-t365_1982_7988-b5::3_KPCWTform20min_740nm_3006mW_u1_poc0p25_20x0p75NA_535s50_g70_z1_256pix_basicFLIM_120f_0002
3_KPCWTform20min_740nm_3006mW_u1_poc0p25_20x0p75NA_535s50_g70_z1_256pix_basicFLIM_120f_0003.sdt,20260509_KPC_fixed_dishes_on_SLIM,fitet-sf-c3-t365_1982_7988-b5,3_KPCWTform20min_740nm_3006mW_u1_poc0p25_20x0p75NA_535s50_g70_z1_256pix_basicFLIM_120f_0003,5,True,form,65536,0,58484,59067,65532,65536,0,0.0,20260509_KPC_fixed_dishes_on_SLIM::fitet-sf-c3-t365_1982_7988-b5::3_KPCWTform20min_740nm_3006mW_u1_poc0p25_20x0p75NA_535s50_g70_z1_256pix_basicFLIM_120f_0003
3_KPCWTform20min_740nm_3006mW_u1_poc0p25_20x0p75NA_535s50_g70_z1_256pix_basicFLIM_120f_0004.sdt,20260509_KPC_fixed_dishes_on_SLIM,fitet-sf-c3-t365_1982_7988-b5,3_KPCWTform20min_740nm_3006mW_u1_poc0p25_20x0p75NA_535s50_g70_z1_256pix_basicFLIM_120f_0004,5,True,form,65536,161,61046,59390,65466,65536,161,0.2,20260509_KPC_fixed_dishes_on_SLIM::fitet-sf-c3-t365_1982_7988-b5::3_KPCWTform20min_740nm_3006mW_u1_poc0p25_20x0p75NA_535s50_g70_z1_256pix_basicFLIM_120f_0004
3_KPCWTform20min_740nm_3006mW_u1_poc0p25_20x0p75NA_535s50_g70_z1_256pix_basicFLIM_120f_0005.sdt,20260509_KPC_fixed_dishes_on_SLIM,fitet-sf-c3-t365_1982_7988-b5,3_KPCWTform20min_740nm_3006mW_u1_poc0p25_20x0p75NA_535s50_g70_z1_256pix_basicFLIM_120f_0005,5,True,form,65536,3832,65036,65371,65536,65536,3712,5.7,20260509_KPC_fixed_dishes_on_SLIM::fitet-sf-c3-t365_1982_7988-b5::3_KPCWTform20min_740nm_3006mW_u1_poc0p25_20x0p75NA_535s50_g70_z1_256pix_basicFLIM_120f_0005
3_KPCWTform20min_740nm_3006mW_u1_poc0p25_20x0p75NA_535s50_g70_z1_256pix_basicFLIM_120f_0006.sdt,20260509_KPC_fixed_dishes_on_SLIM,fitet-sf-c3-t365_1982_7988-b5,3_KPCWTform20min_740nm_3006mW_u1_poc0p25_20x0p75NA_535s50_g70_z1_256pix_basicFLIM_120f_0006,5,True,form,65536,376,64733,65253,65536,65536,374,0.6,20260509_KPC_fixed_dishes_on_SLIM::fitet-sf-c3-t365_1982_7988-b5::3_KPCWTform20min_740nm_3006mW_u1_poc0p25_20x0p75NA_535s50_g70_z1_256pix_basicFLIM_120f_0006
3_KPCWTform20min_740nm_3006mW_u1_poc0p25_20x0p75NA_535s50_g70_z1_256pix_basicFLIM_120f_0007.sdt,20260509_KPC_fixed_dishes_on_SLIM,fitet-sf-c3-t365_1982_7988-b5,3_KPCWTform20min_740nm_3006mW_u1_poc0p25_20x0p75NA_535s50_g70_z1_256pix_basicFLIM_120f_0007,5,True,form,65536,0,60946,62656,65536,65536,0,0.0,20260509_KPC_fixed_dishes_on_SLIM::fitet-sf-c3-t365_1982_7988-b5::3_KPCWTform20min_740nm_3006mW_u1_poc0p25_20x0p75NA_535s50_g70_z1_256pix_basicFLIM_120f_0007
3_KPCWTform20min_740nm_3006mW_u1_poc0p25_20x0p75NA_535s50_g70_z1_256pix_basicFLIM_120f_0008.sdt,20260509_KPC_fixed_dishes_on_SLIM,fitet-sf-c3-t365_1982_7988-b5,3_KPCWTform20min_740nm_3006mW_u1_poc0p25_20x0p75NA_535s50_g70_z1_256pix_basicFLIM_120f_0008,5,True,form,65536,0,59974,60686,65536,65536,0,0.0,20260509_KPC_fixed_dishes_on_SLIM::fitet-sf-c3-t365_1982_7988-b5::3_KPCWTform20min_740nm_3006mW_u1_poc0p25_20x0p75NA_535s50_g70_z1_256pix_basicFLIM_120f_0008
3_KPCWTform20min_740nm_3006mW_u1_poc0p25_20x0p75NA_535s50_g70_z1_256pix_basicFLIM_120f_0009.sdt,20260509_KPC_fixed_dishes_on_SLIM,fitet-sf-c3-t365_1982_7988-b5,3_KPCWTform20min_740nm_3006mW_u1_poc0p25_20x0p75NA_535s50_g70_z1_256pix_basicFLIM_120f_0009,5,True,form,65536,75,59769,58920,65484,65536,75,0.1,20260509_KPC_fixed_dishes_on_SLIM::fitet-sf-c3-t365_1982_7988-b5::3_KPCWTform20min_740nm_3006mW_u1_poc0p25_20x0p75NA_535s50_g70_z1_256pix_basicFLIM_120f_0009
3_KPCWTform20min_740nm_3006mW_u1_poc0p25_20x0p75NA_535s50_g70_z1_256pix_basicFLIM_120f_0010.sdt,20260509_KPC_fixed_dishes_on_SLIM,fitet-sf-c3-t365_1982_7988-b5,3_KPCWTform20min_740nm_3006mW_u1_poc0p25_20x0p75NA_535s50_g70_z1_256pix_basicFLIM_120f_0010,5,True,form,65536,0,57722,55097,65315,65536,0,0.0,20260509_KPC_fixed_dishes_on_SLIM::fitet-sf-c3-t365_1982_7988-b5::3_KPCWTform20min_740nm_3006mW_u1_poc0p25_20x0p75NA_535s50_g70_z1_256pix_basicFLIM_120f_0010
3_KPCWTform20min_740nm_3006mW_u1_poc0p25_20x0p75NA_535s50_g70_z1_256pix_basicFLIM_120f_0011.sdt,20260509_KPC_fixed_dishes_on_SLIM,fitet-sf-c3-t365_1982_7988-b5,3_KPCWTform20min_740nm_3006mW_u1_poc0p25_20x0p75NA_535s50_g70_z1_256pix_basicFLIM_120f_0011,5,True,form,65536,0,57877,56405,65191,65536,0,0.0,20260509_KPC_fixed_dishes_on_SLIM::fitet-sf-c3-t365_1982_7988-b5::3_KPCWTform20min_740nm_3006mW_u1_poc0p25_20x0p75NA_535s50_g70_z1_256pix_basicFLIM_120f_0011
3_KPCWTform20min_740nm_3006mW_u1_poc0p6_20x0p75NA_457s50_g70_z1_256pix_basicFLIM_120f_0000.sdt,20260509_KPC_fixed_dishes_on_SLIM,fitet-sf-c3-t365_1982_7988-b5,3_KPCWTform20min_740nm_3006mW_u1_poc0p6_20x0p75NA_457s50_g70_z1_256pix_basicFLIM_120f_0000,5,True,form,65536,4494,65079,65107,65536,65536,4494,6.9,20260509_KPC_fixed_dishes_on_SLIM::fitet-sf-c3-t365_1982_7988-b5::3_KPCWTform20min_740nm_3006mW_u1_poc0p6_20x0p75NA_457s50_g70_z1_256pix_basicFLIM_120f_0000
3_KPCWTform20min_740nm_3006mW_u1_poc0p6_20x0p75NA_457s50_g70_z1_256pix_basicFLIM_120f_0001.sdt,20260509_KPC_fixed_dishes_on_SLIM,fitet-sf-c3-t365_1982_7988-b5,3_KPCWTform20min_740nm_3006mW_u1_poc0p6_20x0p75NA_457s50_g70_z1_256pix_basicFLIM_120f_0001,5,True,form,65536,38638,65381,65486,65536,65536,38624,58.9,20260509_KPC_fixed_dishes_on_SLIM::fitet-sf-c3-t365_1982_7988-b5::3_KPCWTform20min_740nm_3006mW_u1_poc0p6_20x0p75NA_457s50_g70_z1_256pix_basicFLIM_120f_0001
3_KPCWTform20min_740nm_3006mW_u1_poc0p6_20x0p75NA_457s50_g70_z1_256pix_basicFLIM_120f_0002.sdt,20260509_KPC_fixed_dishes_on_SLIM,fitet-sf-c3-t365_1982_7988-b5,3_KPCWTform20min_740nm_3006mW_u1_poc0p6_20x0p75NA_457s50_g70_z1_256pix_basicFLIM_120f_0002,5,True,form,65536,60174,65497,65535,65536,65536,60157,91.8,20260509_KPC_fixed_dishes_on_SLIM::fitet-sf-c3-t365_1982_7988-b5::3_KPCWTform20min_740nm_3006mW_u1_poc0p6_20x0p75NA_457s50_g70_z1_256pix_basicFLIM_120f_0002
3_KPCWTform20min_740nm_3006mW_u1_poc0p6_20x0p75NA_457s50_g70_z1_256pix_basicFLIM_120f_0003.sdt,20260509_KPC_fixed_dishes_on_SLIM,fitet-sf-c3-t365_1982_7988-b5,3_KPCWTform20min_740nm_3006mW_u1_poc0p6_20x0p75NA_457s50_g70_z1_256pix_basicFLIM_120f_0003,5,True,form,65536,32477,65345,65456,65536,65536,32459,49.5,20260509_KPC_fixed_dishes_on_SLIM::fitet-sf-c3-t365_1982_7988-b5::3_KPCWTform20min_740nm_3006mW_u1_poc0p6_20x0p75NA_457s50_g70_z1_256pix_basicFLIM_120f_0003
3_KPCWTform20min_740nm_3006mW_u1_poc0p6_20x0p75NA_457s50_g70_z1_256pix_basicFLIM_120f_0004.sdt,20260509_KPC_fixed_dishes_on_SLIM,fitet-sf-c3-t365_1982_7988-b5,3_KPCWTform20min_740nm_3006mW_u1_poc0p6_20x0p75NA_457s50_g70_z1_256pix_basicFLIM_120f_0004,5,True,form,65536,50912,65320,65332,65536,65536,50879,77.6,20260509_KPC_fixed_dishes_on_SLIM::fitet-sf-c3-t365_1982_7988-b5::3_KPCWTform20min_740nm_3006mW_u1_poc0p6_20x0p75NA_457s50_g70_z1_256pix_basicFLIM_120f_0004
3_KPCWTform20min_740nm_3006mW_u1_poc0p6_20x0p75NA_457s50_g70_z1_256pix_basicFLIM_120f_0005.sdt,20260509_KPC_fixed_dishes_on_SLIM,fitet-sf-c3-t365_1982_7988-b5,3_KPCWTform20min_740nm_3006mW_u1_poc0p6_20x0p75NA_457s50_g70_z1_256pix_basicFLIM_120f_0005,5,True,form,65536,65536,65055,65536,65536,65536,65055,99.3,20260509_KPC_fixed_dishes_on_SLIM::fitet-sf-c3-t365_1982_7988-b5::3_KPCWTform20min_740nm_3006mW_u1_poc0p6_20x0p75NA_457s50_g70_z1_256pix_basicFLIM_120f_0005
3_KPCWTform20min_740nm_3006mW_u1_poc0p6_20x0p75NA_457s50_g70_z1_256pix_basicFLIM_120f_0006.sdt,20260509_KPC_fixed_dishes_on_SLIM,fitet-sf-c3-t365_1982_7988-b5,3_KPCWTform20min_740nm_3006mW_u1_poc0p6_20x0p75NA_457s50_g70_z1_256pix_basicFLIM_120f_0006,5,True,form,65536,65453,65339,65536,65536,65536,65256,99.6,20260509_KPC_fixed_dishes_on_SLIM::fitet-sf-c3-t365_1982_7988-b5::3_KPCWTform20min_740nm_3006mW_u1_poc0p6_20x0p75NA_457s50_g70_z1_256pix_basicFLIM_120f_0006
3_KPCWTform20min_740nm_3006mW_u1_poc0p6_20x0p75NA_457s50_g70_z1_256pix_basicFLIM_120f_0007.sdt,20260509_KPC_fixed_dishes_on_SLIM,fitet-sf-c3-t365_1982_7988-b5,3_KPCWTform20min_740nm_3006mW_u1_poc0p6_20x0p75NA_457s50_g70_z1_256pix_basicFLIM_120f_0007,5,True,form,65536,55118,65265,65521,65536,65536,54938,83.8,20260509_KPC_fixed_dishes_on_SLIM::fitet-sf-c3-t365_1982_7988-b5::3_KPCWTform20min_740nm_3006mW_u1_poc0p6_20x0p75NA_457s50_g70_z1_256pix_basicFLIM_120f_0007
3_KPCWTform20min_740nm_3006mW_u1_poc0p6_20x0p75NA_457s50_g70_z1_256pix_basicFLIM_120f_0008.sdt,20260509_KPC_fixed_dishes_on_SLIM,fitet-sf-c3-t365_1982_7988-b5,3_KPCWTform20min_740nm_3006mW_u1_poc0p6_20x0p75NA_457s50_g70_z1_256pix_basicFLIM_120f_0008,5,True,form,65536,56410,65217,65475,65536,65536,56276,85.9,20260509_KPC_fixed_dishes_on_SLIM::fitet-sf-c3-t365_1982_7988-b5::3_KPCWTform20min_740nm_3006mW_u1_poc0p6_20x0p75NA_457s50_g70_z1_256pix_basicFLIM_120f_0008
3_KPCWTform20min_740nm_3006mW_u1_poc0p6_20x0p75NA_457s50_g70_z1_256pix_basicFLIM_120f_0009.sdt,20260509_KPC_fixed_dishes_on_SLIM,fitet-sf-c3-t365_1982_7988-b5,3_KPCWTform20min_740nm_3006mW_u1_poc0p6_20x0p75NA_457s50_g70_z1_256pix_basicFLIM_120f_0009,5,True,form,65536,39089,64647,64312,65536,65536,38468,58.7,20260509_KPC_fixed_dishes_on_SLIM::fitet-sf-c3-t365_1982_7988-b5::3_KPCWTform20min_740nm_3006mW_u1_poc0p6_20x0p75NA_457s50_g70_z1_256pix_basicFLIM_120f_0009
3_KPCWTform20min_740nm_3006mW_u1_poc0p6_20x0p75NA_457s50_g70_z1_256pix_basicFLIM_120f_0010.sdt,20260509_KPC_fixed_dishes_on_SLIM,fitet-sf-c3-t365_1982_7988-b5,3_KPCWTform20min_740nm_3006mW_u1_poc0p6_20x0p75NA_457s50_g70_z1_256pix_basicFLIM_120f_0010,5,True,form,65536,24929,64533,60898,65536,65536,24916,38.0,20260509_KPC_fixed_dishes_on_SLIM::fitet-sf-c3-t365_1982_7988-b5::3_KPCWTform20min_740nm_3006mW_u1_poc0p6_20x0p75NA_457s50_g70_z1_256pix_basicFLIM_120f_0010
3_KPCWTform20min_740nm_3006mW_u1_poc0p6_20x0p75NA_457s50_g70_z1_256pix_basicFLIM_120f_0011.sdt,20260509_KPC_fixed_dishes_on_SLIM,fitet-sf-c3-t365_1982_7988-b5,3_KPCWTform20min_740nm_3006mW_u1_poc0p6_20x0p75NA_457s50_g70_z1_256pix_basicFLIM_120f_0011,5,True,form,65536,32645,65079,64790,65536,65536,32618,49.8,20260509_KPC_fixed_dishes_on_SLIM::fitet-sf-c3-t365_1982_7988-b5::3_KPCWTform20min_740nm_3006mW_u1_poc0p6_20x0p75NA_457s50_g70_z1_256pix_basicFLIM_120f_0011
3_KPCWTform20min_740nm_3006mW_u1_poc0p6_20x0p75NA_457s50_g70_z1_256pix_basicFLIM_120f_0012.sdt,20260509_KPC_fixed_dishes_on_SLIM,fitet-sf-c3-t365_1982_7988-b5,3_KPCWTform20min_740nm_3006mW_u1_poc0p6_20x0p75NA_457s50_g70_z1_256pix_basicFLIM_120f_0012,5,True,form,65536,363,64004,65292,65536,65536,361,0.6,20260509_KPC_fixed_dishes_on_SLIM::fitet-sf-c3-t365_1982_7988-b5::3_KPCWTform20min_740nm_3006mW_u1_poc0p6_20x0p75NA_457s50_g70_z1_256pix_basicFLIM_120f_0012
3_KPCWTform20min_740nm_3006mW_u1_poc0p6_20x0p75NA_457s50_g70_z1_256pix_basicFLIM_120f_0013.sdt,20260509_KPC_fixed_dishes_on_SLIM,fitet-sf-c3-t365_1982_7988-b5,3_KPCWTform20min_740nm_3006mW_u1_poc0p6_20x0p75NA_457s50_g70_z1_256pix_basicFLIM_120f_0013,5,True,form,65536,17344,64660,65416,65536,65536,17327,26.4,20260509_KPC_fixed_dishes_on_SLIM::fitet-sf-c3-t365_1982_7988-b5::3_KPCWTform20min_740nm_3006mW_u1_poc0p6_20x0p75NA_457s50_g70_z1_256pix_basicFLIM_120f_0013
3_KPCWTform20min_740nm_3006mW_u1_poc0p6_20x0p75NA_457s50_g70_z1_256pix_basicFLIM_120f_0014.sdt,20260509_KPC_fixed_dishes_on_SLIM,fitet-sf-c3-t365_1982_7988-b5,3_KPCWTform20min_740nm_3006mW_u1_poc0p6_20x0p75NA_457s50_g70_z1_256pix_basicFLIM_120f_0014,5,True,form,65536,52863,65458,65536,65536,65536,52839,80.6,20260509_KPC_fixed_dishes_on_SLIM::fitet-sf-c3-t365_1982_7988-b5::3_KPCWTform20min_740nm_3006mW_u1_poc0p6_20x0p75NA_457s50_g70_z1_256pix_basicFLIM_120f_0014
3_KPCWTform20min_740nm_3006mW_u1_poc0p6_20x0p75NA_457s50_g70_z1_256pix_basicFLIM_120f_0015.sdt,20260509_KPC_fixed_dishes_on_SLIM,fitet-sf-c3-t365_1982_7988-b5,3_KPCWTform20min_740nm_3006mW_u1_poc0p6_20x0p75NA_457s50_g70_z1_256pix_basicFLIM_120f_0015,5,True,form,65536,21561,65185,65531,65536,65536,21520,32.8,20260509_KPC_fixed_dishes_on_SLIM::fitet-sf-c3-t365_1982_7988-b5::3_KPCWTform20min_740nm_3006mW_u1_poc0p6_20x0p75NA_457s50_g70_z1_256pix_basicFLIM_120f_0015
3_KPCWTform20min_740nm_3006mW_u1_poc0p6_20x0p75NA_457s50_g70_z1_256pix_basicFLIM_120f_0016.sdt,20260509_KPC_fixed_dishes_on_SLIM,fitet-sf-c3-t365_1982_7988-b5,3_KPCWTform20min_740nm_3006mW_u1_poc0p6_20x0p75NA_457s50_g70_z1_256pix_basicFLIM_120f_0016,5,True,form,65536,44472,65187,65456,65536,65536,44435,67.8,20260509_KPC_fixed_dishes_on_SLIM::fitet-sf-c3-t365_1982_7988-b5::3_KPCWTform20min_740nm_3006mW_u1_poc0p6_20x0p75NA_457s50_g70_z1_256pix_basicFLIM_120f_0016
3_KPCWTform20min_740nm_3006mW_u1_poc0p6_20x0p75NA_457s50_g70_z1_256pix_basicFLIM_120f_0017.sdt,20260509_KPC_fixed_dishes_on_SLIM,fitet-sf-c3-t365_1982_7988-b5,3_KPCWTform20min_740nm_3006mW_u1_poc0p6_20x0p75NA_457s50_g70_z1_256pix_basicFLIM_120f_0017,5,True,form,65536,65536,65531,65536,65536,65536,65531,100.0,20260509_KPC_fixed_dishes_on_SLIM::fitet-sf-c3-t365_1982_7988-b5::3_KPCWTform20min_740nm_3006mW_u1_poc0p6_20x0p75NA_457s50_g70_z1_256pix_basicFLIM_120f_0017
3_KPCWTform20min_740nm_3006mW_u1_poc0p6_20x0p75NA_457s50_g70_z1_256pix_basicFLIM_120f_0018.sdt,20260509_KPC_fixed_dishes_on_SLIM,fitet-sf-c3-t365_1982_7988-b5,3_KPCWTform20min_740nm_3006mW_u1_poc0p6_20x0p75NA_457s50_g70_z1_256pix_basicFLIM_120f_0018,5,True,form,65536,64940,65460,65536,65536,65536,64871,99.0,20260509_KPC_fixed_dishes_on_SLIM::fitet-sf-c3-t365_1982_7988-b5::3_KPCWTform20min_740nm_3006mW_u1_poc0p6_20x0p75NA_457s50_g70_z1_256pix_basicFLIM_120f_0018
3_KPCWTform20min_740nm_3006mW_u1_poc0p6_20x0p75NA_457s50_g70_z1_256pix_basicFLIM_120f_0019.sdt,20260509_KPC_fixed_dishes_on_SLIM,fitet-sf-c3-t365_1982_7988-b5,3_KPCWTform20min_740nm_3006mW_u1_poc0p6_20x0p75NA_457s50_g70_z1_256pix_basicFLIM_120f_0019,5,True,form,65536,35433,65062,65524,65536,65536,35238,53.8,20260509_KPC_fixed_dishes_on_SLIM::fitet-sf-c3-t365_1982_7988-b5::3_KPCWTform20min_740nm_3006mW_u1_poc0p6_20x0p75NA_457s50_g70_z1_256pix_basicFLIM_120f_0019
3_KPCWTform20min_740nm_3006mW_u1_poc0p6_20x0p75NA_457s50_g70_z1_256pix_basicFLIM_120f_0020.sdt,20260509_KPC_fixed_dishes_on_SLIM,fitet-sf-c3-t365_1982_7988-b5,3_KPCWTform20min_740nm_3006mW_u1_poc0p6_20x0p75NA_457s50_g70_z1_256pix_basicFLIM_120f_0020,5,True,form,65536,39164,65167,65491,65536,65536,39060,59.6,20260509_KPC_fixed_dishes_on_SLIM::fitet-sf-c3-t365_1982_7988-b5::3_KPCWTform20min_740nm_3006mW_u1_poc0p6_20x0p75NA_457s50_g70_z1_256pix_basicFLIM_120f_0020
3_KPCWTform20min_740nm_3006mW_u1_poc0p6_20x0p75NA_457s50_g70_z1_256pix_basicFLIM_120f_0021.sdt,20260509_KPC_fixed_dishes_on_SLIM,fitet-sf-c3-t365_1982_7988-b5,3_KPCWTform20min_740nm_3006mW_u1_poc0p6_20x0p75NA_457s50_g70_z1_256pix_basicFLIM_120f_0021,5,True,form,65536,28120,64592,63849,65536,65536,28069,42.8,20260509_KPC_fixed_dishes_on_SLIM::fitet-sf-c3-t365_1982_7988-b5::3_KPCWTform20min_740nm_3006mW_u1_poc0p6_20x0p75NA_457s50_g70_z1_256pix_basicFLIM_120f_0021
3_KPCWTform20min_740nm_3006mW_u1_poc0p6_20x0p75NA_457s50_g70_z1_256pix_basicFLIM_120f_0022.sdt,20260509_KPC_fixed_dishes_on_SLIM,fitet-sf-c3-t365_1982_7988-b5,3_KPCWTform20min_740nm_3006mW_u1_poc0p6_20x0p75NA_457s50_g70_z1_256pix_basicFLIM_120f_0022,5,True,form,65536,12955,64129,64543,65536,65536,12937,19.7,20260509_KPC_fixed_dishes_on_SLIM::fitet-sf-c3-t365_1982_7988-b5::3_KPCWTform20min_740nm_3006mW_u1_poc0p6_20x0p75NA_457s50_g70_z1_256pix_basicFLIM_120f_0022
3_KPCWTform20min_740nm_3006mW_u1_poc0p6_20x0p75NA_457s50_g70_z1_256pix_basicFLIM_120f_0023.sdt,20260509_KPC_fixed_dishes_on_SLIM,fitet-sf-c3-t365_1982_7988-b5,3_KPCWTform20min_740nm_3006mW_u1_poc0p6_20x0p75NA_457s50_g70_z1_256pix_basicFLIM_120f_0023,5,True,form,65536,16768,64765,65415,65536,65536,16736,25.5,20260509_KPC_fixed_dishes_on_SLIM::fitet-sf-c3-t365_1982_7988-b5::3_KPCWTform20min_740nm_3006mW_u1_poc0p6_20x0p75NA_457s50_g70_z1_256pix_basicFLIM_120f_0023
4_BKOCO2form20min_740nm_2995mW_u1_poc0p25_20x0p75NA_457s50_g70_z1_256pix_basicFLIM_120f_0000.sdt,20260509_KPC_fixed_dishes_on_SLIM,fitet-sf-c3-t365_1982_7988-b5,4_BKOCO2form20min_740nm_2995mW_u1_poc0p25_20x0p75NA_457s50_g70_z1_256pix_basicFLIM_120f_0000,5,True,form,65536,0,63314,62075,65536,65536,0,0.0,20260509_KPC_fixed_dishes_on_SLIM::fitet-sf-c3-t365_1982_7988-b5::4_BKOCO2form20min_740nm_2995mW_u1_poc0p25_20x0p75NA_457s50_g70_z1_256pix_basicFLIM_120f_0000
4_BKOCO2form20min_740nm_2995mW_u1_poc0p25_20x0p75NA_457s50_g70_z1_256pix_basicFLIM_120f_0001.sdt,20260509_KPC_fixed_dishes_on_SLIM,fitet-sf-c3-t365_1982_7988-b5,4_BKOCO2form20min_740nm_2995mW_u1_poc0p25_20x0p75NA_457s50_g70_z1_256pix_basicFLIM_120f_0001,5,True,form,65536,0,62751,61998,65536,65536,0,0.0,20260509_KPC_fixed_dishes_on_SLIM::fitet-sf-c3-t365_1982_7988-b5::4_BKOCO2form20min_740nm_2995mW_u1_poc0p25_20x0p75NA_457s50_g70_z1_256pix_basicFLIM_120f_0001
4_BKOCO2form20min_740nm_2995mW_u1_poc0p25_20x0p75NA_457s50_g70_z1_256pix_basicFLIM_120f_0002.sdt,20260509_KPC_fixed_dishes_on_SLIM,fitet-sf-c3-t365_1982_7988-b5,4_BKOCO2form20min_740nm_2995mW_u1_poc0p25_20x0p75NA_457s50_g70_z1_256pix_basicFLIM_120f_0002,5,True,form,65536,0,61297,57371,65536,65536,0,0.0,20260509_KPC_fixed_dishes_on_SLIM::fitet-sf-c3-t365_1982_7988-b5::4_BKOCO2form20min_740nm_2995mW_u1_poc0p25_20x0p75NA_457s50_g70_z1_256pix_basicFLIM_120f_0002
4_BKOCO2form20min_740nm_2995mW_u1_poc0p25_20x0p75NA_457s50_g70_z1_256pix_basicFLIM_120f_0003.sdt,20260509_KPC_fixed_dishes_on_SLIM,fitet-sf-c3-t365_1982_7988-b5,4_BKOCO2form20min_740nm_2995mW_u1_poc0p25_20x0p75NA_457s50_g70_z1_256pix_basicFLIM_120f_0003,5,True,form,65536,0,62179,58667,65536,65536,0,0.0,20260509_KPC_fixed_dishes_on_SLIM::fitet-sf-c3-t365_1982_7988-b5::4_BKOCO2form20min_740nm_2995mW_u1_poc0p25_20x0p75NA_457s50_g70_z1_256pix_basicFLIM_120f_0003
4_BKOCO2form20min_740nm_2995mW_u1_poc0p25_20x0p75NA_457s50_g70_z1_256pix_basicFLIM_120f_0004.sdt,20260509_KPC_fixed_dishes_on_SLIM,fitet-sf-c3-t365_1982_7988-b5,4_BKOCO2form20min_740nm_2995mW_u1_poc0p25_20x0p75NA_457s50_g70_z1_256pix_basicFLIM_120f_0004,5,True,form,65536,0,62069,62621,65536,65536,0,0.0,20260509_KPC_fixed_dishes_on_SLIM::fitet-sf-c3-t365_1982_7988-b5::4_BKOCO2form20min_740nm_2995mW_u1_poc0p25_20x0p75NA_457s50_g70_z1_256pix_basicFLIM_120f_0004
4_BKOCO2form20min_740nm_2995mW_u1_poc0p25_20x0p75NA_457s50_g70_z1_256pix_basicFLIM_120f_0005.sdt,20260509_KPC_fixed_dishes_on_SLIM,fitet-sf-c3-t365_1982_7988-b5,4_BKOCO2form20min_740nm_2995mW_u1_poc0p25_20x0p75NA_457s50_g70_z1_256pix_basicFLIM_120f_0005,5,True,form,65536,0,61761,59544,65536,65536,0,0.0,20260509_KPC_fixed_dishes_on_SLIM::fitet-sf-c3-t365_1982_7988-b5::4_BKOCO2form20min_740nm_2995mW_u1_poc0p25_20x0p75NA_457s50_g70_z1_256pix_basicFLIM_120f_0005
4_BKOCO2form20min_740nm_2995mW_u1_poc0p25_20x0p75NA_457s50_g70_z1_256pix_basicFLIM_120f_0006.sdt,20260509_KPC_fixed_dishes_on_SLIM,fitet-sf-c3-t365_1982_7988-b5,4_BKOCO2form20min_740nm_2995mW_u1_poc0p25_20x0p75NA_457s50_g70_z1_256pix_basicFLIM_120f_0006,5,True,form,65536,0,61900,61077,65536,65536,0,0.0,20260509_KPC_fixed_dishes_on_SLIM::fitet-sf-c3-t365_1982_7988-b5::4_BKOCO2form20min_740nm_2995mW_u1_poc0p25_20x0p75NA_457s50_g70_z1_256pix_basicFLIM_120f_0006
4_BKOCO2form20min_740nm_2995mW_u1_poc0p25_20x0p75NA_457s50_g70_z1_256pix_basicFLIM_120f_0007.sdt,20260509_KPC_fixed_dishes_on_SLIM,fitet-sf-c3-t365_1982_7988-b5,4_BKOCO2form20min_740nm_2995mW_u1_poc0p25_20x0p75NA_457s50_g70_z1_256pix_basicFLIM_120f_0007,5,True,form,65536,0,62426,61398,65536,65536,0,0.0,20260509_KPC_fixed_dishes_on_SLIM::fitet-sf-c3-t365_1982_7988-b5::4_BKOCO2form20min_740nm_2995mW_u1_poc0p25_20x0p75NA_457s50_g70_z1_256pix_basicFLIM_120f_0007
4_BKOCO2form20min_740nm_2995mW_u1_poc0p25_20x0p75NA_457s50_g70_z1_256pix_basicFLIM_120f_0008.sdt,20260509_KPC_fixed_dishes_on_SLIM,fitet-sf-c3-t365_1982_7988-b5,4_BKOCO2form20min_740nm_2995mW_u1_poc0p25_20x0p75NA_457s50_g70_z1_256pix_basicFLIM_120f_0008,5,True,form,65536,0,62296,59671,65536,65536,0,0.0,20260509_KPC_fixed_dishes_on_SLIM::fitet-sf-c3-t365_1982_7988-b5::4_BKOCO2form20min_740nm_2995mW_u1_poc0p25_20x0p75NA_457s50_g70_z1_256pix_basicFLIM_120f_0008
4_BKOCO2form20min_740nm_2995mW_u1_poc0p25_20x0p75NA_457s50_g70_z1_256pix_basicFLIM_120f_0009.sdt,20260509_KPC_fixed_dishes_on_SLIM,fitet-sf-c3-t365_1982_7988-b5,4_BKOCO2form20min_740nm_2995mW_u1_poc0p25_20x0p75NA_457s50_g70_z1_256pix_basicFLIM_120f_0009,5,True,form,65536,0,62737,61925,65536,65536,0,0.0,20260509_KPC_fixed_dishes_on_SLIM::fitet-sf-c3-t365_1982_7988-b5::4_BKOCO2form20min_740nm_2995mW_u1_poc0p25_20x0p75NA_457s50_g70_z1_256pix_basicFLIM_120f_0009
4_BKOCO2form20min_740nm_2995mW_u1_poc0p25_20x0p75NA_457s50_g70_z1_256pix_basicFLIM_120f_0010.sdt,20260509_KPC_fixed_dishes_on_SLIM,fitet-sf-c3-t365_1982_7988-b5,4_BKOCO2form20min_740nm_2995mW_u1_poc0p25_20x0p75NA_457s50_g70_z1_256pix_basicFLIM_120f_0010,5,True,form,65536,0,60226,58023,65536,65536,0,0.0,20260509_KPC_fixed_dishes_on_SLIM::fitet-sf-c3-t365_1982_7988-b5::4_BKOCO2form20min_740nm_2995mW_u1_poc0p25_20x0p75NA_457s50_g70_z1_256pix_basicFLIM_120f_0010
4_BKOCO2form20min_740nm_2995mW_u1_poc0p25_20x0p75NA_457s50_g70_z1_256pix_basicFLIM_120f_0011.sdt,20260509_KPC_fixed_dishes_on_SLIM,fitet-sf-c3-t365_1982_7988-b5,4_BKOCO2form20min_740nm_2995mW_u1_poc0p25_20x0p75NA_457s50_g70_z1_256pix_basicFLIM_120f_0011,5,True,form,65536,0,59625,55494,65536,65536,0,0.0,20260509_KPC_fixed_dishes_on_SLIM::fitet-sf-c3-t365_1982_7988-b5::4_BKOCO2form20min_740nm_2995mW_u1_poc0p25_20x0p75NA_457s50_g70_z1_256pix_basicFLIM_120f_0011
4_BKOCO2form20min_740nm_2995mW_u1_poc0p25_20x0p75NA_457s50_g70_z1_256pix_basicFLIM_120f_0012.sdt,20260509_KPC_fixed_dishes_on_SLIM,fitet-sf-c3-t365_1982_7988-b5,4_BKOCO2form20min_740nm_2995mW_u1_poc0p25_20x0p75NA_457s50_g70_z1_256pix_basicFLIM_120f_0012,5,True,form,65536,0,55583,51111,64183,65536,0,0.0,20260509_KPC_fixed_dishes_on_SLIM::fitet-sf-c3-t365_1982_7988-b5::4_BKOCO2form20min_740nm_2995mW_u1_poc0p25_20x0p75NA_457s50_g70_z1_256pix_basicFLIM_120f_0012
4_BKOCO2form20min_740nm_2995mW_u1_poc0p25_20x0p75NA_457s50_g70_z1_256pix_basicFLIM_120f_0013.sdt,20260509_KPC_fixed_dishes_on_SLIM,fitet-sf-c3-t365_1982_7988-b5,4_BKOCO2form20min_740nm_2995mW_u1_poc0p25_20x0p75NA_457s50_g70_z1_256pix_basicFLIM_120f_0013,5,True,form,65536,0,61048,57304,65533,65536,0,0.0,20260509_KPC_fixed_dishes_on_SLIM::fitet-sf-c3-t365_1982_7988-b5::4_BKOCO2form20min_740nm_2995mW_u1_poc0p25_20x0p75NA_457s50_g70_z1_256pix_basicFLIM_120f_0013
4_BKOCO2form20min_740nm_2995mW_u1_poc0p25_20x0p75NA_457s50_g70_z1_256pix_basicFLIM_120f_0014.sdt,20260509_KPC_fixed_dishes_on_SLIM,fitet-sf-c3-t365_1982_7988-b5,4_BKOCO2form20min_740nm_2995mW_u1_poc0p25_20x0p75NA_457s50_g70_z1_256pix_basicFLIM_120f_0014,5,True,form,65536,0,59498,53936,65536,65536,0,0.0,20260509_KPC_fixed_dishes_on_SLIM::fitet-sf-c3-t365_1982_7988-b5::4_BKOCO2form20min_740nm_2995mW_u1_poc0p25_20x0p75NA_457s50_g70_z1_256pix_basicFLIM_120f_0014
4_BKOCO2form20min_740nm_2995mW_u1_poc0p25_20x0p75NA_457s50_g70_z1_256pix_basicFLIM_120f_0015.sdt,20260509_KPC_fixed_dishes_on_SLIM,fitet-sf-c3-t365_1982_7988-b5,4_BKOCO2form20min_740nm_2995mW_u1_poc0p25_20x0p75NA_457s50_g70_z1_256pix_basicFLIM_120f_0015,5,True,form,65536,0,60607,56315,65477,65536,0,0.0,20260509_KPC_fixed_dishes_on_SLIM::fitet-sf-c3-t365_1982_7988-b5::4_BKOCO2form20min_740nm_2995mW_u1_poc0p25_20x0p75NA_457s50_g70_z1_256pix_basicFLIM_120f_0015
4_BKOCO2form20min_740nm_2995mW_u1_poc0p25_20x0p75NA_535s50_g70_z1_256pix_basicFLIM_120f_0000.sdt,20260509_KPC_fixed_dishes_on_SLIM,fitet-sf-c3-t365_1982_7988-b5,4_BKOCO2form20min_740nm_2995mW_u1_poc0p25_20x0p75NA_535s50_g70_z1_256pix_basicFLIM_120f_0000,5,True,form,65536,1,63232,61937,65536,65536,1,0.0,20260509_KPC_fixed_dishes_on_SLIM::fitet-sf-c3-t365_1982_7988-b5::4_BKOCO2form20min_740nm_2995mW_u1_poc0p25_20x0p75NA_535s50_g70_z1_256pix_basicFLIM_120f_0000
4_BKOCO2form20min_740nm_2995mW_u1_poc0p25_20x0p75NA_535s50_g70_z1_256pix_basicFLIM_120f_0001.sdt,20260509_KPC_fixed_dishes_on_SLIM,fitet-sf-c3-t365_1982_7988-b5,4_BKOCO2form20min_740nm_2995mW_u1_poc0p25_20x0p75NA_535s50_g70_z1_256pix_basicFLIM_120f_0001,5,True,form,65536,0,61392,61388,65533,65536,0,0.0,20260509_KPC_fixed_dishes_on_SLIM::fitet-sf-c3-t365_1982_7988-b5::4_BKOCO2form20min_740nm_2995mW_u1_poc0p25_20x0p75NA_535s50_g70_z1_256pix_basicFLIM_120f_0001
4_BKOCO2form20min_740nm_2995mW_u1_poc0p25_20x0p75NA_535s50_g70_z1_256pix_basicFLIM_120f_0002.sdt,20260509_KPC_fixed_dishes_on_SLIM,fitet-sf-c3-t365_1982_7988-b5,4_BKOCO2form20min_740nm_2995mW_u1_poc0p25_20x0p75NA_535s50_g70_z1_256pix_basicFLIM_120f_0002,5,True,form,65536,0,62502,60458,65536,65536,0,0.0,20260509_KPC_fixed_dishes_on_SLIM::fitet-sf-c3-t365_1982_7988-b5::4_BKOCO2form20min_740nm_2995mW_u1_poc0p25_20x0p75NA_535s50_g70_z1_256pix_basicFLIM_120f_0002
4_BKOCO2form20min_740nm_2995mW_u1_poc0p25_20x0p75NA_535s50_g70_z1_256pix_basicFLIM_120f_0003.sdt,20260509_KPC_fixed_dishes_on_SLIM,fitet-sf-c3-t365_1982_7988-b5,4_BKOCO2form20min_740nm_2995mW_u1_poc0p25_20x0p75NA_535s50_g70_z1_256pix_basicFLIM_120f_0003,5,True,form,65536,0,61842,60865,65536,65536,0,0.0,20260509_KPC_fixed_dishes_on_SLIM::fitet-sf-c3-t365_1982_7988-b5::4_BKOCO2form20min_740nm_2995mW_u1_poc0p25_20x0p75NA_535s50_g70_z1_256pix_basicFLIM_120f_0003
4_BKOCO2form20min_740nm_2995mW_u1_poc0p25_20x0p75NA_535s50_g70_z1_256pix_basicFLIM_120f_0004.sdt,20260509_KPC_fixed_dishes_on_SLIM,fitet-sf-c3-t365_1982_7988-b5,4_BKOCO2form20min_740nm_2995mW_u1_poc0p25_20x0p75NA_535s50_g70_z1_256pix_basicFLIM_120f_0004,5,True,form,65536,0,60717,58868,65536,65536,0,0.0,20260509_KPC_fixed_dishes_on_SLIM::fitet-sf-c3-t365_1982_7988-b5::4_BKOCO2form20min_740nm_2995mW_u1_poc0p25_20x0p75NA_535s50_g70_z1_256pix_basicFLIM_120f_0004
4_BKOCO2form20min_740nm_2995mW_u1_poc0p25_20x0p75NA_535s50_g70_z1_256pix_basicFLIM_120f_0005.sdt,20260509_KPC_fixed_dishes_on_SLIM,fitet-sf-c3-t365_1982_7988-b5,4_BKOCO2form20min_740nm_2995mW_u1_poc0p25_20x0p75NA_535s50_g70_z1_256pix_basicFLIM_120f_0005,5,True,form,65536,0,61314,61002,65536,65536,0,0.0,20260509_KPC_fixed_dishes_on_SLIM::fitet-sf-c3-t365_1982_7988-b5::4_BKOCO2form20min_740nm_2995mW_u1_poc0p25_20x0p75NA_535s50_g70_z1_256pix_basicFLIM_120f_0005
4_BKOCO2form20min_740nm_2995mW_u1_poc0p25_20x0p75NA_535s50_g70_z1_256pix_basicFLIM_120f_0006.sdt,20260509_KPC_fixed_dishes_on_SLIM,fitet-sf-c3-t365_1982_7988-b5,4_BKOCO2form20min_740nm_2995mW_u1_poc0p25_20x0p75NA_535s50_g70_z1_256pix_basicFLIM_120f_0006,5,True,form,65536,0,62983,62153,65536,65536,0,0.0,20260509_KPC_fixed_dishes_on_SLIM::fitet-sf-c3-t365_1982_7988-b5::4_BKOCO2form20min_740nm_2995mW_u1_poc0p25_20x0p75NA_535s50_g70_z1_256pix_basicFLIM_120f_0006
4_BKOCO2form20min_740nm_2995mW_u1_poc0p25_20x0p75NA_535s50_g70_z1_256pix_basicFLIM_120f_0007.sdt,20260509_KPC_fixed_dishes_on_SLIM,fitet-sf-c3-t365_1982_7988-b5,4_BKOCO2form20min_740nm_2995mW_u1_poc0p25_20x0p75NA_535s50_g70_z1_256pix_basicFLIM_120f_0007,5,True,form,65536,0,62692,62529,65536,65536,0,0.0,20260509_KPC_fixed_dishes_on_SLIM::fitet-sf-c3-t365_1982_7988-b5::4_BKOCO2form20min_740nm_2995mW_u1_poc0p25_20x0p75NA_535s50_g70_z1_256pix_basicFLIM_120f_0007
4_BKOCO2form20min_740nm_2995mW_u1_poc0p25_20x0p75NA_535s50_g70_z1_256pix_basicFLIM_120f_0008.sdt,20260509_KPC_fixed_dishes_on_SLIM,fitet-sf-c3-t365_1982_7988-b5,4_BKOCO2form20min_740nm_2995mW_u1_poc0p25_20x0p75NA_535s50_g70_z1_256pix_basicFLIM_120f_0008,5,True,form,65536,0,60607,58905,65536,65536,0,0.0,20260509_KPC_fixed_dishes_on_SLIM::fitet-sf-c3-t365_1982_7988-b5::4_BKOCO2form20min_740nm_2995mW_u1_poc0p25_20x0p75NA_535s50_g70_z1_256pix_basicFLIM_120f_0008
4_BKOCO2form20min_740nm_2995mW_u1_poc0p25_20x0p75NA_535s50_g70_z1_256pix_basicFLIM_120f_0009.sdt,20260509_KPC_fixed_dishes_on_SLIM,fitet-sf-c3-t365_1982_7988-b5,4_BKOCO2form20min_740nm_2995mW_u1_poc0p25_20x0p75NA_535s50_g70_z1_256pix_basicFLIM_120f_0009,5,True,form,65536,0,61556,60789,65536,65536,0,0.0,20260509_KPC_fixed_dishes_on_SLIM::fitet-sf-c3-t365_1982_7988-b5::4_BKOCO2form20min_740nm_2995mW_u1_poc0p25_20x0p75NA_535s50_g70_z1_256pix_basicFLIM_120f_0009
4_BKOCO2form20min_740nm_2995mW_u1_poc0p25_20x0p75NA_535s50_g70_z1_256pix_basicFLIM_120f_0010.sdt,20260509_KPC_fixed_dishes_on_SLIM,fitet-sf-c3-t365_1982_7988-b5,4_BKOCO2form20min_740nm_2995mW_u1_poc0p25_20x0p75NA_535s50_g70_z1_256pix_basicFLIM_120f_0010,5,True,form,65536,0,58717,56971,65535,65536,0,0.0,20260509_KPC_fixed_dishes_on_SLIM::fitet-sf-c3-t365_1982_7988-b5::4_BKOCO2form20min_740nm_2995mW_u1_poc0p25_20x0p75NA_535s50_g70_z1_256pix_basicFLIM_120f_0010
4_BKOCO2form20min_740nm_2995mW_u1_poc0p25_20x0p75NA_535s50_g70_z1_256pix_basicFLIM_120f_0011.sdt,20260509_KPC_fixed_dishes_on_SLIM,fitet-sf-c3-t365_1982_7988-b5,4_BKOCO2form20min_740nm_2995mW_u1_poc0p25_20x0p75NA_535s50_g70_z1_256pix_basicFLIM_120f_0011,5,True,form,65536,0,59798,56430,65486,65536,0,0.0,20260509_KPC_fixed_dishes_on_SLIM::fitet-sf-c3-t365_1982_7988-b5::4_BKOCO2form20min_740nm_2995mW_u1_poc0p25_20x0p75NA_535s50_g70_z1_256pix_basicFLIM_120f_0011
4_BKOCO2form20min_740nm_2995mW_u1_poc0p25_20x0p75NA_535s50_g70_z1_256pix_basicFLIM_120f_0012.sdt,20260509_KPC_fixed_dishes_on_SLIM,fitet-sf-c3-t365_1982_7988-b5,4_BKOCO2form20min_740nm_2995mW_u1_poc0p25_20x0p75NA_535s50_g70_z1_256pix_basicFLIM_120f_0012,5,True,form,65536,0,55489,49366,64473,65536,0,0.0,20260509_KPC_fixed_dishes_on_SLIM::fitet-sf-c3-t365_1982_7988-b5::4_BKOCO2form20min_740nm_2995mW_u1_poc0p25_20x0p75NA_535s50_g70_z1_256pix_basicFLIM_120f_0012
4_BKOCO2form20min_740nm_2995mW_u1_poc0p25_20x0p75NA_535s50_g70_z1_256pix_basicFLIM_120f_0013.sdt,20260509_KPC_fixed_dishes_on_SLIM,fitet-sf-c3-t365_1982_7988-b5,4_BKOCO2form20min_740nm_2995mW_u1_poc0p25_20x0p75NA_535s50_g70_z1_256pix_basicFLIM_120f_0013,5,True,form,65536,0,60652,54128,65524,65536,0,0.0,20260509_KPC_fixed_dishes_on_SLIM::fitet-sf-c3-t365_1982_7988-b5::4_BKOCO2form20min_740nm_2995mW_u1_poc0p25_20x0p75NA_535s50_g70_z1_256pix_basicFLIM_120f_0013
4_BKOCO2form20min_740nm_2995mW_u1_poc0p25_20x0p75NA_535s50_g70_z1_256pix_basicFLIM_120f_0014.sdt,20260509_KPC_fixed_dishes_on_SLIM,fitet-sf-c3-t365_1982_7988-b5,4_BKOCO2form20min_740nm_2995mW_u1_poc0p25_20x0p75NA_535s50_g70_z1_256pix_basicFLIM_120f_0014,5,True,form,65536,0,60290,48219,65536,65536,0,0.0,20260509_KPC_fixed_dishes_on_SLIM::fitet-sf-c3-t365_1982_7988-b5::4_BKOCO2form20min_740nm_2995mW_u1_poc0p25_20x0p75NA_535s50_g70_z1_256pix_basicFLIM_120f_0014
4_BKOCO2form20min_740nm_2995mW_u1_poc0p25_20x0p75NA_535s50_g70_z1_256pix_basicFLIM_120f_0015.sdt,20260509_KPC_fixed_dishes_on_SLIM,fitet-sf-c3-t365_1982_7988-b5,4_BKOCO2form20min_740nm_2995mW_u1_poc0p25_20x0p75NA_535s50_g70_z1_256pix_basicFLIM_120f_0015,5,True,form,65536,0,60179,48478,65331,65536,0,0.0,20260509_KPC_fixed_dishes_on_SLIM::fitet-sf-c3-t365_1982_7988-b5::4_BKOCO2form20min_740nm_2995mW_u1_poc0p25_20x0p75NA_535s50_g70_z1_256pix_basicFLIM_120f_0015
4_BKOCO2form20min_740nm_2995mW_u1_poc0p6_20x0p75NA_457s50_g70_z1_256pix_basicFLIM_120f_0000.sdt,20260509_KPC_fixed_dishes_on_SLIM,fitet-sf-c3-t365_1982_7988-b5,4_BKOCO2form20min_740nm_2995mW_u1_poc0p6_20x0p75NA_457s50_g70_z1_256pix_basicFLIM_120f_0000,5,True,form,65536,65482,65487,65536,65536,65536,65433,99.8,20260509_KPC_fixed_dishes_on_SLIM::fitet-sf-c3-t365_1982_7988-b5::4_BKOCO2form20min_740nm_2995mW_u1_poc0p6_20x0p75NA_457s50_g70_z1_256pix_basicFLIM_120f_0000
4_BKOCO2form20min_740nm_2995mW_u1_poc0p6_20x0p75NA_457s50_g70_z1_256pix_basicFLIM_120f_0001.sdt,20260509_KPC_fixed_dishes_on_SLIM,fitet-sf-c3-t365_1982_7988-b5,4_BKOCO2form20min_740nm_2995mW_u1_poc0p6_20x0p75NA_457s50_g70_z1_256pix_basicFLIM_120f_0001,5,True,form,65536,62240,65472,65536,65536,65536,62187,94.9,20260509_KPC_fixed_dishes_on_SLIM::fitet-sf-c3-t365_1982_7988-b5::4_BKOCO2form20min_740nm_2995mW_u1_poc0p6_20x0p75NA_457s50_g70_z1_256pix_basicFLIM_120f_0001
4_BKOCO2form20min_740nm_2995mW_u1_poc0p6_20x0p75NA_457s50_g70_z1_256pix_basicFLIM_120f_0002.sdt,20260509_KPC_fixed_dishes_on_SLIM,fitet-sf-c3-t365_1982_7988-b5,4_BKOCO2form20min_740nm_2995mW_u1_poc0p6_20x0p75NA_457s50_g70_z1_256pix_basicFLIM_120f_0002,5,True,form,65536,65436,65518,65536,65536,65536,65418,99.8,20260509_KPC_fixed_dishes_on_SLIM::fitet-sf-c3-t365_1982_7988-b5::4_BKOCO2form20min_740nm_2995mW_u1_poc0p6_20x0p75NA_457s50_g70_z1_256pix_basicFLIM_120f_0002
4_BKOCO2form20min_740nm_2995mW_u1_poc0p6_20x0p75NA_457s50_g70_z1_256pix_basicFLIM_120f_0003.sdt,20260509_KPC_fixed_dishes_on_SLIM,fitet-sf-c3-t365_1982_7988-b5,4_BKOCO2form20min_740nm_2995mW_u1_poc0p6_20x0p75NA_457s50_g70_z1_256pix_basicFLIM_120f_0003,5,True,form,65536,64776,65485,65530,65536,65536,64734,98.8,20260509_KPC_fixed_dishes_on_SLIM::fitet-sf-c3-t365_1982_7988-b5::4_BKOCO2form20min_740nm_2995mW_u1_poc0p6_20x0p75NA_457s50_g70_z1_256pix_basicFLIM_120f_0003
4_BKOCO2form20min_740nm_2995mW_u1_poc0p6_20x0p75NA_457s50_g70_z1_256pix_basicFLIM_120f_0004.sdt,20260509_KPC_fixed_dishes_on_SLIM,fitet-sf-c3-t365_1982_7988-b5,4_BKOCO2form20min_740nm_2995mW_u1_poc0p6_20x0p75NA_457s50_g70_z1_256pix_basicFLIM_120f_0004,5,True,form,65536,65150,65496,65536,65536,65536,65111,99.4,20260509_KPC_fixed_dishes_on_SLIM::fitet-sf-c3-t365_1982_7988-b5::4_BKOCO2form20min_740nm_2995mW_u1_poc0p6_20x0p75NA_457s50_g70_z1_256pix_basicFLIM_120f_0004
4_BKOCO2form20min_740nm_2995mW_u1_poc0p6_20x0p75NA_457s50_g70_z1_256pix_basicFLIM_120f_0005.sdt,20260509_KPC_fixed_dishes_on_SLIM,fitet-sf-c3-t365_1982_7988-b5,4_BKOCO2form20min_740nm_2995mW_u1_poc0p6_20x0p75NA_457s50_g70_z1_256pix_basicFLIM_120f_0005,5,True,form,65536,63766,65493,65536,65536,65536,63734,97.3,20260509_KPC_fixed_dishes_on_SLIM::fitet-sf-c3-t365_1982_7988-b5::4_BKOCO2form20min_740nm_2995mW_u1_poc0p6_20x0p75NA_457s50_g70_z1_256pix_basicFLIM_120f_0005
4_BKOCO2form20min_740nm_2995mW_u1_poc0p6_20x0p75NA_457s50_g70_z1_256pix_basicFLIM_120f_0006.sdt,20260509_KPC_fixed_dishes_on_SLIM,fitet-sf-c3-t365_1982_7988-b5,4_BKOCO2form20min_740nm_2995mW_u1_poc0p6_20x0p75NA_457s50_g70_z1_256pix_basicFLIM_120f_0006,5,True,form,65536,62246,65425,65534,65536,65536,62149,94.8,20260509_KPC_fixed_dishes_on_SLIM::fitet-sf-c3-t365_1982_7988-b5::4_BKOCO2form20min_740nm_2995mW_u1_poc0p6_20x0p75NA_457s50_g70_z1_256pix_basicFLIM_120f_0006
4_BKOCO2form20min_740nm_2995mW_u1_poc0p6_20x0p75NA_457s50_g70_z1_256pix_basicFLIM_120f_0007.sdt,20260509_KPC_fixed_dishes_on_SLIM,fitet-sf-c3-t365_1982_7988-b5,4_BKOCO2form20min_740nm_2995mW_u1_poc0p6_20x0p75NA_457s50_g70_z1_256pix_basicFLIM_120f_0007,5,True,form,65536,65444,65489,65536,65536,65536,65400,99.8,20260509_KPC_fixed_dishes_on_SLIM::fitet-sf-c3-t365_1982_7988-b5::4_BKOCO2form20min_740nm_2995mW_u1_poc0p6_20x0p75NA_457s50_g70_z1_256pix_basicFLIM_120f_0007
4_BKOCO2form20min_740nm_2995mW_u1_poc0p6_20x0p75NA_457s50_g70_z1_256pix_basicFLIM_120f_0008.sdt,20260509_KPC_fixed_dishes_on_SLIM,fitet-sf-c3-t365_1982_7988-b5,4_BKOCO2form20min_740nm_2995mW_u1_poc0p6_20x0p75NA_457s50_g70_z1_256pix_basicFLIM_120f_0008,5,True,form,65536,64760,65388,65512,65536,65536,64612,98.6,20260509_KPC_fixed_dishes_on_SLIM::fitet-sf-c3-t365_1982_7988-b5::4_BKOCO2form20min_740nm_2995mW_u1_poc0p6_20x0p75NA_457s50_g70_z1_256pix_basicFLIM_120f_0008
4_BKOCO2form20min_740nm_2995mW_u1_poc0p6_20x0p75NA_457s50_g70_z1_256pix_basicFLIM_120f_0009.sdt,20260509_KPC_fixed_dishes_on_SLIM,fitet-sf-c3-t365_1982_7988-b5,4_BKOCO2form20min_740nm_2995mW_u1_poc0p6_20x0p75NA_457s50_g70_z1_256pix_basicFLIM_120f_0009,5,True,form,65536,65208,65503,65536,65536,65536,65175,99.4,20260509_KPC_fixed_dishes_on_SLIM::fitet-sf-c3-t365_1982_7988-b5::4_BKOCO2form20min_740nm_2995mW_u1_poc0p6_20x0p75NA_457s50_g70_z1_256pix_basicFLIM_120f_0009
4_BKOCO2form20min_740nm_2995mW_u1_poc0p6_20x0p75NA_457s50_g70_z1_256pix_basicFLIM_120f_0010.sdt,20260509_KPC_fixed_dishes_on_SLIM,fitet-sf-c3-t365_1982_7988-b5,4_BKOCO2form20min_740nm_2995mW_u1_poc0p6_20x0p75NA_457s50_g70_z1_256pix_basicFLIM_120f_0010,5,True,form,65536,49304,65250,64397,65536,65536,49250,75.1,20260509_KPC_fixed_dishes_on_SLIM::fitet-sf-c3-t365_1982_7988-b5::4_BKOCO2form20min_740nm_2995mW_u1_poc0p6_20x0p75NA_457s50_g70_z1_256pix_basicFLIM_120f_0010
4_BKOCO2form20min_740nm_2995mW_u1_poc0p6_20x0p75NA_457s50_g70_z1_256pix_basicFLIM_120f_0011.sdt,20260509_KPC_fixed_dishes_on_SLIM,fitet-sf-c3-t365_1982_7988-b5,4_BKOCO2form20min_740nm_2995mW_u1_poc0p6_20x0p75NA_457s50_g70_z1_256pix_basicFLIM_120f_0011,5,True,form,65536,58990,65406,65043,65536,65536,58760,89.7,20260509_KPC_fixed_dishes_on_SLIM::fitet-sf-c3-t365_1982_7988-b5::4_BKOCO2form20min_740nm_2995mW_u1_poc0p6_20x0p75NA_457s50_g70_z1_256pix_basicFLIM_120f_0011
4_BKOCO2form20min_740nm_2995mW_u1_poc0p6_20x0p75NA_457s50_g70_z1_256pix_basicFLIM_120f_0012.sdt,20260509_KPC_fixed_dishes_on_SLIM,fitet-sf-c3-t365_1982_7988-b5,4_BKOCO2form20min_740nm_2995mW_u1_poc0p6_20x0p75NA_457s50_g70_z1_256pix_basicFLIM_120f_0012,5,True,form,65536,31769,64567,61726,65536,65536,31756,48.5,20260509_KPC_fixed_dishes_on_SLIM::fitet-sf-c3-t365_1982_7988-b5::4_BKOCO2form20min_740nm_2995mW_u1_poc0p6_20x0p75NA_457s50_g70_z1_256pix_basicFLIM_120f_0012
4_BKOCO2form20min_740nm_2995mW_u1_poc0p6_20x0p75NA_457s50_g70_z1_256pix_basicFLIM_120f_0013.sdt,20260509_KPC_fixed_dishes_on_SLIM,fitet-sf-c3-t365_1982_7988-b5,4_BKOCO2form20min_740nm_2995mW_u1_poc0p6_20x0p75NA_457s50_g70_z1_256pix_basicFLIM_120f_0013,5,True,form,65536,58974,65441,65003,65536,65536,58887,89.9,20260509_KPC_fixed_dishes_on_SLIM::fitet-sf-c3-t365_1982_7988-b5::4_BKOCO2form20min_740nm_2995mW_u1_poc0p6_20x0p75NA_457s50_g70_z1_256pix_basicFLIM_120f_0013
4_BKOCO2form20min_740nm_2995mW_u1_poc0p6_20x0p75NA_457s50_g70_z1_256pix_basicFLIM_120f_0014.sdt,20260509_KPC_fixed_dishes_on_SLIM,fitet-sf-c3-t365_1982_7988-b5,4_BKOCO2form20min_740nm_2995mW_u1_poc0p6_20x0p75NA_457s50_g70_z1_256pix_basicFLIM_120f_0014,5,True,form,65536,53866,65367,64600,65536,65536,53675,81.9,20260509_KPC_fixed_dishes_on_SLIM::fitet-sf-c3-t365_1982_7988-b5::4_BKOCO2form20min_740nm_2995mW_u1_poc0p6_20x0p75NA_457s50_g70_z1_256pix_basicFLIM_120f_0014
4_BKOCO2form20min_740nm_2995mW_u1_poc0p6_20x0p75NA_457s50_g70_z1_256pix_basicFLIM_120f_0015.sdt,20260509_KPC_fixed_dishes_on_SLIM,fitet-sf-c3-t365_1982_7988-b5,4_BKOCO2form20min_740nm_2995mW_u1_poc0p6_20x0p75NA_457s50_g70_z1_256pix_basicFLIM_120f_0015,5,True,form,65536,50366,65275,63534,65536,65536,49962,76.2,20260509_KPC_fixed_dishes_on_SLIM::fitet-sf-c3-t365_1982_7988-b5::4_BKOCO2form20min_740nm_2995mW_u1_poc0p6_20x0p75NA_457s50_g70_z1_256pix_basicFLIM_120f_0015
4_BKOCO2form20min_740nm_2995mW_u1_poc0p6_20x0p75NA_535s50_g70_z1_256pix_basicFLIM_120f_0000.sdt,20260509_KPC_fixed_dishes_on_SLIM,fitet-sf-c3-t365_1982_7988-b5,4_BKOCO2form20min_740nm_2995mW_u1_poc0p6_20x0p75NA_535s50_g70_z1_256pix_basicFLIM_120f_0000,5,True,form,65536,64770,65270,65534,65536,65536,64509,98.4,20260509_KPC_fixed_dishes_on_SLIM::fitet-sf-c3-t365_1982_7988-b5::4_BKOCO2form20min_740nm_2995mW_u1_poc0p6_20x0p75NA_535s50_g70_z1_256pix_basicFLIM_120f_0000
4_BKOCO2form20min_740nm_2995mW_u1_poc0p6_20x0p75NA_535s50_g70_z1_256pix_basicFLIM_120f_0001.sdt,20260509_KPC_fixed_dishes_on_SLIM,fitet-sf-c3-t365_1982_7988-b5,4_BKOCO2form20min_740nm_2995mW_u1_poc0p6_20x0p75NA_535s50_g70_z1_256pix_basicFLIM_120f_0001,5,True,form,65536,55079,65262,65535,65536,65536,54914,83.8,20260509_KPC_fixed_dishes_on_SLIM::fitet-sf-c3-t365_1982_7988-b5::4_BKOCO2form20min_740nm_2995mW_u1_poc0p6_20x0p75NA_535s50_g70_z1_256pix_basicFLIM_120f_0001
4_BKOCO2form20min_740nm_2995mW_u1_poc0p6_20x0p75NA_535s50_g70_z1_256pix_basicFLIM_120f_0002.sdt,20260509_KPC_fixed_dishes_on_SLIM,fitet-sf-c3-t365_1982_7988-b5,4_BKOCO2form20min_740nm_2995mW_u1_poc0p6_20x0p75NA_535s50_g70_z1_256pix_basicFLIM_120f_0002,5,True,form,65536,64502,65472,65516,65536,65536,64430,98.3,20260509_KPC_fixed_dishes_on_SLIM::fitet-sf-c3-t365_1982_7988-b5::4_BKOCO2form20min_740nm_2995mW_u1_poc0p6_20x0p75NA_535s50_g70_z1_256pix_basicFLIM_120f_0002
4_BKOCO2form20min_740nm_2995mW_u1_poc0p6_20x0p75NA_535s50_g70_z1_256pix_basicFLIM_120f_0003.sdt,20260509_KPC_fixed_dishes_on_SLIM,fitet-sf-c3-t365_1982_7988-b5,4_BKOCO2form20min_740nm_2995mW_u1_poc0p6_20x0p75NA_535s50_g70_z1_256pix_basicFLIM_120f_0003,5,True,form,65536,61758,65386,65527,65536,65536,61625,94.0,20260509_KPC_fixed_dishes_on_SLIM::fitet-sf-c3-t365_1982_7988-b5::4_BKOCO2form20min_740nm_2995mW_u1_poc0p6_20x0p75NA_535s50_g70_z1_256pix_basicFLIM_120f_0003
4_BKOCO2form20min_740nm_2995mW_u1_poc0p6_20x0p75NA_535s50_g70_z1_256pix_basicFLIM_120f_0004.sdt,20260509_KPC_fixed_dishes_on_SLIM,fitet-sf-c3-t365_1982_7988-b5,4_BKOCO2form20min_740nm_2995mW_u1_poc0p6_20x0p75NA_535s50_g70_z1_256pix_basicFLIM_120f_0004,5,True,form,65536,59027,65328,65535,65536,65536,58868,89.8,20260509_KPC_fixed_dishes_on_SLIM::fitet-sf-c3-t365_1982_7988-b5::4_BKOCO2form20min_740nm_2995mW_u1_poc0p6_20x0p75NA_535s50_g70_z1_256pix_basicFLIM_120f_0004
4_BKOCO2form20min_740nm_2995mW_u1_poc0p6_20x0p75NA_535s50_g70_z1_256pix_basicFLIM_120f_0005.sdt,20260509_KPC_fixed_dishes_on_SLIM,fitet-sf-c3-t365_1982_7988-b5,4_BKOCO2form20min_740nm_2995mW_u1_poc0p6_20x0p75NA_535s50_g70_z1_256pix_basicFLIM_120f_0005,5,True,form,65536,53268,65266,65536,65536,65536,53115,81.0,20260509_KPC_fixed_dishes_on_SLIM::fitet-sf-c3-t365_1982_7988-b5::4_BKOCO2form20min_740nm_2995mW_u1_poc0p6_20x0p75NA_535s50_g70_z1_256pix_basicFLIM_120f_0005
4_BKOCO2form20min_740nm_2995mW_u1_poc0p6_20x0p75NA_535s50_g70_z1_256pix_basicFLIM_120f_0006.sdt,20260509_KPC_fixed_dishes_on_SLIM,fitet-sf-c3-t365_1982_7988-b5,4_BKOCO2form20min_740nm_2995mW_u1_poc0p6_20x0p75NA_535s50_g70_z1_256pix_basicFLIM_120f_0006,5,True,form,65536,50299,65286,65536,65536,65536,50188,76.6,20260509_KPC_fixed_dishes_on_SLIM::fitet-sf-c3-t365_1982_7988-b5::4_BKOCO2form20min_740nm_2995mW_u1_poc0p6_20x0p75NA_535s50_g70_z1_256pix_basicFLIM_120f_0006
4_BKOCO2form20min_740nm_2995mW_u1_poc0p6_20x0p75NA_535s50_g70_z1_256pix_basicFLIM_120f_0007.sdt,20260509_KPC_fixed_dishes_on_SLIM,fitet-sf-c3-t365_1982_7988-b5,4_BKOCO2form20min_740nm_2995mW_u1_poc0p6_20x0p75NA_535s50_g70_z1_256pix_basicFLIM_120f_0007,5,True,form,65536,63635,65284,65536,65536,65536,63406,96.7,20260509_KPC_fixed_dishes_on_SLIM::fitet-sf-c3-t365_1982_7988-b5::4_BKOCO2form20min_740nm_2995mW_u1_poc0p6_20x0p75NA_535s50_g70_z1_256pix_basicFLIM_120f_0007
4_BKOCO2form20min_740nm_2995mW_u1_poc0p6_20x0p75NA_535s50_g70_z1_256pix_basicFLIM_120f_0008.sdt,20260509_KPC_fixed_dishes_on_SLIM,fitet-sf-c3-t365_1982_7988-b5,4_BKOCO2form20min_740nm_2995mW_u1_poc0p6_20x0p75NA_535s50_g70_z1_256pix_basicFLIM_120f_0008,5,True,form,65536,63229,65312,65477,65536,65536,63023,96.2,20260509_KPC_fixed_dishes_on_SLIM::fitet-sf-c3-t365_1982_7988-b5::4_BKOCO2form20min_740nm_2995mW_u1_poc0p6_20x0p75NA_535s50_g70_z1_256pix_basicFLIM_120f_0008
4_BKOCO2form20min_740nm_2995mW_u1_poc0p6_20x0p75NA_535s50_g70_z1_256pix_basicFLIM_120f_0009.sdt,20260509_KPC_fixed_dishes_on_SLIM,fitet-sf-c3-t365_1982_7988-b5,4_BKOCO2form20min_740nm_2995mW_u1_poc0p6_20x0p75NA_535s50_g70_z1_256pix_basicFLIM_120f_0009,5,True,form,65536,62424,65417,65534,65536,65536,62319,95.1,20260509_KPC_fixed_dishes_on_SLIM::fitet-sf-c3-t365_1982_7988-b5::4_BKOCO2form20min_740nm_2995mW_u1_poc0p6_20x0p75NA_535s50_g70_z1_256pix_basicFLIM_120f_0009
4_BKOCO2form20min_740nm_2995mW_u1_poc0p6_20x0p75NA_535s50_g70_z1_256pix_basicFLIM_120f_0010.sdt,20260509_KPC_fixed_dishes_on_SLIM,fitet-sf-c3-t365_1982_7988-b5,4_BKOCO2form20min_740nm_2995mW_u1_poc0p6_20x0p75NA_535s50_g70_z1_256pix_basicFLIM_120f_0010,5,True,form,65536,37472,64963,64643,65536,65536,37297,56.9,20260509_KPC_fixed_dishes_on_SLIM::fitet-sf-c3-t365_1982_7988-b5::4_BKOCO2form20min_740nm_2995mW_u1_poc0p6_20x0p75NA_535s50_g70_z1_256pix_basicFLIM_120f_0010
4_BKOCO2form20min_740nm_2995mW_u1_poc0p6_20x0p75NA_535s50_g70_z1_256pix_basicFLIM_120f_0011.sdt,20260509_KPC_fixed_dishes_on_SLIM,fitet-sf-c3-t365_1982_7988-b5,4_BKOCO2form20min_740nm_2995mW_u1_poc0p6_20x0p75NA_535s50_g70_z1_256pix_basicFLIM_120f_0011,5,True,form,65536,47951,65291,64780,65536,65536,47769,72.9,20260509_KPC_fixed_dishes_on_SLIM::fitet-sf-c3-t365_1982_7988-b5::4_BKOCO2form20min_740nm_2995mW_u1_poc0p6_20x0p75NA_535s50_g70_z1_256pix_basicFLIM_120f_0011
4_BKOCO2form20min_740nm_2995mW_u1_poc0p6_20x0p75NA_535s50_g70_z1_256pix_basicFLIM_120f_0012.sdt,20260509_KPC_fixed_dishes_on_SLIM,fitet-sf-c3-t365_1982_7988-b5,4_BKOCO2form20min_740nm_2995mW_u1_poc0p6_20x0p75NA_535s50_g70_z1_256pix_basicFLIM_120f_0012,5,True,form,65536,20811,64073,63748,65536,65536,20786,31.7,20260509_KPC_fixed_dishes_on_SLIM::fitet-sf-c3-t365_1982_7988-b5::4_BKOCO2form20min_740nm_2995mW_u1_poc0p6_20x0p75NA_535s50_g70_z1_256pix_basicFLIM_120f_0012
4_BKOCO2form20min_740nm_2995mW_u1_poc0p6_20x0p75NA_535s50_g70_z1_256pix_basicFLIM_120f_0013.sdt,20260509_KPC_fixed_dishes_on_SLIM,fitet-sf-c3-t365_1982_7988-b5,4_BKOCO2form20min_740nm_2995mW_u1_poc0p6_20x0p75NA_535s50_g70_z1_256pix_basicFLIM_120f_0013,5,True,form,65536,55079,65258,64614,65536,65536,54877,83.7,20260509_KPC_fixed_dishes_on_SLIM::fitet-sf-c3-t365_1982_7988-b5::4_BKOCO2form20min_740nm_2995mW_u1_poc0p6_20x0p75NA_535s50_g70_z1_256pix_basicFLIM_120f_0013
4_BKOCO2form20min_740nm_2995mW_u1_poc0p6_20x0p75NA_535s50_g70_z1_256pix_basicFLIM_120f_0014.sdt,20260509_KPC_fixed_dishes_on_SLIM,fitet-sf-c3-t365_1982_7988-b5,4_BKOCO2form20min_740nm_2995mW_u1_poc0p6_20x0p75NA_535s50_g70_z1_256pix_basicFLIM_120f_0014,5,True,form,65536,44689,65095,61738,65536,65536,43962,67.1,20260509_KPC_fixed_dishes_on_SLIM::fitet-sf-c3-t365_1982_7988-b5::4_BKOCO2form20min_740nm_2995mW_u1_poc0p6_20x0p75NA_535s50_g70_z1_256pix_basicFLIM_120f_0014
4_BKOCO2form20min_740nm_2995mW_u1_poc0p6_20x0p75NA_535s50_g70_z1_256pix_basicFLIM_120f_0015.sdt,20260509_KPC_fixed_dishes_on_SLIM,fitet-sf-c3-t365_1982_7988-b5,4_BKOCO2form20min_740nm_2995mW_u1_poc0p6_20x0p75NA_535s50_g70_z1_256pix_basicFLIM_120f_0015,5,True,form,65536,42041,64957,63144,65536,65536,41516,63.3,20260509_KPC_fixed_dishes_on_SLIM::fitet-sf-c3-t365_1982_7988-b5::4_BKOCO2form20min_740nm_2995mW_u1_poc0p6_20x0p75NA_535s50_g70_z1_256pix_basicFLIM_120f_0015
3_KPCWTform20min_740nm_3006mW_u1_poc0p25_20x0p75NA_475s50_g70_z1_256pix_basicFLIM_120f_0000.sdt,20260509_KPC_fixed_dishes_on_SLIM,fitet-sz-c2-b5,3_KPCWTform20min_740nm_3006mW_u1_poc0p25_20x0p75NA_475s50_g70_z1_256pix_basicFLIM_120f_0000,5,False,form,65536,138,61096,65518,56460,65536,138,0.2,20260509_KPC_fixed_dishes_on_SLIM::fitet-sz-c2-b5::3_KPCWTform20min_740nm_3006mW_u1_poc0p25_20x0p75NA_475s50_g70_z1_256pix_basicFLIM_120f_0000
3_KPCWTform20min_740nm_3006mW_u1_poc0p25_20x0p75NA_475s50_g70_z1_256pix_basicFLIM_120f_0001.sdt,20260509_KPC_fixed_dishes_on_SLIM,fitet-sz-c2-b5,3_KPCWTform20min_740nm_3006mW_u1_poc0p25_20x0p75NA_475s50_g70_z1_256pix_basicFLIM_120f_0001,5,False,form,65536,1847,63626,65536,62390,65536,1833,2.8,20260509_KPC_fixed_dishes_on_SLIM::fitet-sz-c2-b5::3_KPCWTform20min_740nm_3006mW_u1_poc0p25_20x0p75NA_475s50_g70_z1_256pix_basicFLIM_120f_0001
3_KPCWTform20min_740nm_3006mW_u1_poc0p25_20x0p75NA_475s50_g70_z1_256pix_basicFLIM_120f_0002.sdt,20260509_KPC_fixed_dishes_on_SLIM,fitet-sz-c2-b5,3_KPCWTform20min_740nm_3006mW_u1_poc0p25_20x0p75NA_475s50_g70_z1_256pix_basicFLIM_120f_0002,5,False,form,65536,22049,64142,65536,64505,65536,21918,33.4,20260509_KPC_fixed_dishes_on_SLIM::fitet-sz-c2-b5::3_KPCWTform20min_740nm_3006mW_u1_poc0p25_20x0p75NA_475s50_g70_z1_256pix_basicFLIM_120f_0002
3_KPCWTform20min_740nm_3006mW_u1_poc0p25_20x0p75NA_475s50_g70_z1_256pix_basicFLIM_120f_0003.sdt,20260509_KPC_fixed_dishes_on_SLIM,fitet-sz-c2-b5,3_KPCWTform20min_740nm_3006mW_u1_poc0p25_20x0p75NA_475s50_g70_z1_256pix_basicFLIM_120f_0003,5,False,form,65536,6105,63023,65536,58874,65536,6089,9.3,20260509_KPC_fixed_dishes_on_SLIM::fitet-sz-c2-b5::3_KPCWTform20min_740nm_3006mW_u1_poc0p25_20x0p75NA_475s50_g70_z1_256pix_basicFLIM_120f_0003
3_KPCWTform20min_740nm_3006mW_u1_poc0p25_20x0p75NA_475s50_g70_z1_256pix_basicFLIM_120f_0004.sdt,20260509_KPC_fixed_dishes_on_SLIM,fitet-sz-c2-b5,3_KPCWTform20min_740nm_3006mW_u1_poc0p25_20x0p75NA_475s50_g70_z1_256pix_basicFLIM_120f_0004,5,False,form,65536,10875,62733,65510,61965,65536,10821,16.5,20260509_KPC_fixed_dishes_on_SLIM::fitet-sz-c2-b5::3_KPCWTform20min_740nm_3006mW_u1_poc0p25_20x0p75NA_475s50_g70_z1_256pix_basicFLIM_120f_0004
3_KPCWTform20min_740nm_3006mW_u1_poc0p25_20x0p75NA_475s50_g70_z1_256pix_basicFLIM_120f_0005.sdt,20260509_KPC_fixed_dishes_on_SLIM,fitet-sz-c2-b5,3_KPCWTform20min_740nm_3006mW_u1_poc0p25_20x0p75NA_475s50_g70_z1_256pix_basicFLIM_120f_0005,5,False,form,65536,58690,65321,65536,65438,65536,58483,89.2,20260509_KPC_fixed_dishes_on_SLIM::fitet-sz-c2-b5::3_KPCWTform20min_740nm_3006mW_u1_poc0p25_20x0p75NA_475s50_g70_z1_256pix_basicFLIM_120f_0005
3_KPCWTform20min_740nm_3006mW_u1_poc0p25_20x0p75NA_475s50_g70_z1_256pix_basicFLIM_120f_0006.sdt,20260509_KPC_fixed_dishes_on_SLIM,fitet-sz-c2-b5,3_KPCWTform20min_740nm_3006mW_u1_poc0p25_20x0p75NA_475s50_g70_z1_256pix_basicFLIM_120f_0006,5,False,form,65536,43222,64806,65536,65278,65536,43011,65.6,20260509_KPC_fixed_dishes_on_SLIM::fitet-sz-c2-b5::3_KPCWTform20min_740nm_3006mW_u1_poc0p25_20x0p75NA_475s50_g70_z1_256pix_basicFLIM_120f_0006
3_KPCWTform20min_740nm_3006mW_u1_poc0p25_20x0p75NA_475s50_g70_z1_256pix_basicFLIM_120f_0007.sdt,20260509_KPC_fixed_dishes_on_SLIM,fitet-sz-c2-b5,3_KPCWTform20min_740nm_3006mW_u1_poc0p25_20x0p75NA_475s50_g70_z1_256pix_basicFLIM_120f_0007,5,False,form,65536,770,62700,65536,62291,65536,664,1.0,20260509_KPC_fixed_dishes_on_SLIM::fitet-sz-c2-b5::3_KPCWTform20min_740nm_3006mW_u1_poc0p25_20x0p75NA_475s50_g70_z1_256pix_basicFLIM_120f_0007
3_KPCWTform20min_740nm_3006mW_u1_poc0p25_20x0p75NA_475s50_g70_z1_256pix_basicFLIM_120f_0008.sdt,20260509_KPC_fixed_dishes_on_SLIM,fitet-sz-c2-b5,3_KPCWTform20min_740nm_3006mW_u1_poc0p25_20x0p75NA_475s50_g70_z1_256pix_basicFLIM_120f_0008,5,False,form,65536,719,60833,65536,62359,65536,717,1.1,20260509_KPC_fixed_dishes_on_SLIM::fitet-sz-c2-b5::3_KPCWTform20min_740nm_3006mW_u1_poc0p25_20x0p75NA_475s50_g70_z1_256pix_basicFLIM_120f_0008
3_KPCWTform20min_740nm_3006mW_u1_poc0p25_20x0p75NA_475s50_g70_z1_256pix_basicFLIM_120f_0009.sdt,20260509_KPC_fixed_dishes_on_SLIM,fitet-sz-c2-b5,3_KPCWTform20min_740nm_3006mW_u1_poc0p25_20x0p75NA_475s50_g70_z1_256pix_basicFLIM_120f_0009,5,False,form,65536,1928,58960,65523,59653,65536,1920,2.9,20260509_KPC_fixed_dishes_on_SLIM::fitet-sz-c2-b5::3_KPCWTform20min_740nm_3006mW_u1_poc0p25_20x0p75NA_475s50_g70_z1_256pix_basicFLIM_120f_0009
3_KPCWTform20min_740nm_3006mW_u1_poc0p25_20x0p75NA_475s50_g70_z1_256pix_basicFLIM_120f_0010.sdt,20260509_KPC_fixed_dishes_on_SLIM,fitet-sz-c2-b5,3_KPCWTform20min_740nm_3006mW_u1_poc0p25_20x0p75NA_475s50_g70_z1_256pix_basicFLIM_120f_0010,5,False,form,65536,465,56333,65388,56255,65536,465,0.7,20260509_KPC_fixed_dishes_on_SLIM::fitet-sz-c2-b5::3_KPCWTform20min_740nm_3006mW_u1_poc0p25_20x0p75NA_475s50_g70_z1_256pix_basicFLIM_120f_0010
3_KPCWTform20min_740nm_3006mW_u1_poc0p25_20x0p75NA_475s50_g70_z1_256pix_basicFLIM_120f_0011.sdt,20260509_KPC_fixed_dishes_on_SLIM,fitet-sz-c2-b5,3_KPCWTform20min_740nm_3006mW_u1_poc0p25_20x0p75NA_475s50_g70_z1_256pix_basicFLIM_120f_0011,5,False,form,65536,891,59861,65531,60284,65536,872,1.3,20260509_KPC_fixed_dishes_on_SLIM::fitet-sz-c2-b5::3_KPCWTform20min_740nm_3006mW_u1_poc0p25_20x0p75NA_475s50_g70_z1_256pix_basicFLIM_120f_0011
3_KPCWTform20min_740nm_3006mW_u1_poc0p25_20x0p75NA_535s50_g70_z1_256pix_basicFLIM_120f_0000.sdt,20260509_KPC_fixed_dishes_on_SLIM,fitet-sz-c2-b5,3_KPCWTform20min_740nm_3006mW_u1_poc0p25_20x0p75NA_535s50_g70_z1_256pix_basicFLIM_120f_0000,5,False,form,65536,0,52359,64995,49695,65536,0,0.0,20260509_KPC_fixed_dishes_on_SLIM::fitet-sz-c2-b5::3_KPCWTform20min_740nm_3006mW_u1_poc0p25_20x0p75NA_535s50_g70_z1_256pix_basicFLIM_120f_0000
3_KPCWTform20min_740nm_3006mW_u1_poc0p25_20x0p75NA_535s50_g70_z1_256pix_basicFLIM_120f_0001.sdt,20260509_KPC_fixed_dishes_on_SLIM,fitet-sz-c2-b5,3_KPCWTform20min_740nm_3006mW_u1_poc0p25_20x0p75NA_535s50_g70_z1_256pix_basicFLIM_120f_0001,5,False,form,65536,634,59096,65534,56665,65536,628,1.0,20260509_KPC_fixed_dishes_on_SLIM::fitet-sz-c2-b5::3_KPCWTform20min_740nm_3006mW_u1_poc0p25_20x0p75NA_535s50_g70_z1_256pix_basicFLIM_120f_0001
3_KPCWTform20min_740nm_3006mW_u1_poc0p25_20x0p75NA_535s50_g70_z1_256pix_basicFLIM_120f_0002.sdt,20260509_KPC_fixed_dishes_on_SLIM,fitet-sz-c2-b5,3_KPCWTform20min_740nm_3006mW_u1_poc0p25_20x0p75NA_535s50_g70_z1_256pix_basicFLIM_120f_0002,5,False,form,65536,7427,63057,65536,61358,65536,7308,11.2,20260509_KPC_fixed_dishes_on_SLIM::fitet-sz-c2-b5::3_KPCWTform20min_740nm_3006mW_u1_poc0p25_20x0p75NA_535s50_g70_z1_256pix_basicFLIM_120f_0002
3_KPCWTform20min_740nm_3006mW_u1_poc0p25_20x0p75NA_535s50_g70_z1_256pix_basicFLIM_120f_0003.sdt,20260509_KPC_fixed_dishes_on_SLIM,fitet-sz-c2-b5,3_KPCWTform20min_740nm_3006mW_u1_poc0p25_20x0p75NA_535s50_g70_z1_256pix_basicFLIM_120f_0003,5,False,form,65536,3635,58101,65532,56378,65536,3589,5.5,20260509_KPC_fixed_dishes_on_SLIM::fitet-sz-c2-b5::3_KPCWTform20min_740nm_3006mW_u1_poc0p25_20x0p75NA_535s50_g70_z1_256pix_basicFLIM_120f_0003
3_KPCWTform20min_740nm_3006mW_u1_poc0p25_20x0p75NA_535s50_g70_z1_256pix_basicFLIM_120f_0004.sdt,20260509_KPC_fixed_dishes_on_SLIM,fitet-sz-c2-b5,3_KPCWTform20min_740nm_3006mW_u1_poc0p25_20x0p75NA_535s50_g70_z1_256pix_basicFLIM_120f_0004,5,False,form,65536,10222,61402,65466,59445,65536,10162,15.5,20260509_KPC_fixed_dishes_on_SLIM::fitet-sz-c2-b5::3_KPCWTform20min_740nm_3006mW_u1_poc0p25_20x0p75NA_535s50_g70_z1_256pix_basicFLIM_120f_0004
3_KPCWTform20min_740nm_3006mW_u1_poc0p25_20x0p75NA_535s50_g70_z1_256pix_basicFLIM_120f_0005.sdt,20260509_KPC_fixed_dishes_on_SLIM,fitet-sz-c2-b5,3_KPCWTform20min_740nm_3006mW_u1_poc0p25_20x0p75NA_535s50_g70_z1_256pix_basicFLIM_120f_0005,5,False,form,65536,62048,65403,65536,65384,65536,61874,94.4,20260509_KPC_fixed_dishes_on_SLIM::fitet-sz-c2-b5::3_KPCWTform20min_740nm_3006mW_u1_poc0p25_20x0p75NA_535s50_g70_z1_256pix_basicFLIM_120f_0005
3_KPCWTform20min_740nm_3006mW_u1_poc0p25_20x0p75NA_535s50_g70_z1_256pix_basicFLIM_120f_0006.sdt,20260509_KPC_fixed_dishes_on_SLIM,fitet-sz-c2-b5,3_KPCWTform20min_740nm_3006mW_u1_poc0p25_20x0p75NA_535s50_g70_z1_256pix_basicFLIM_120f_0006,5,False,form,65536,43527,64948,65536,64722,65536,43154,65.8,20260509_KPC_fixed_dishes_on_SLIM::fitet-sz-c2-b5::3_KPCWTform20min_740nm_3006mW_u1_poc0p25_20x0p75NA_535s50_g70_z1_256pix_basicFLIM_120f_0006
3_KPCWTform20min_740nm_3006mW_u1_poc0p25_20x0p75NA_535s50_g70_z1_256pix_basicFLIM_120f_0007.sdt,20260509_KPC_fixed_dishes_on_SLIM,fitet-sz-c2-b5,3_KPCWTform20min_740nm_3006mW_u1_poc0p25_20x0p75NA_535s50_g70_z1_256pix_basicFLIM_120f_0007,5,False,form,65536,799,61604,65536,59752,65536,708,1.1,20260509_KPC_fixed_dishes_on_SLIM::fitet-sz-c2-b5::3_KPCWTform20min_740nm_3006mW_u1_poc0p25_20x0p75NA_535s50_g70_z1_256pix_basicFLIM_120f_0007
3_KPCWTform20min_740nm_3006mW_u1_poc0p25_20x0p75NA_535s50_g70_z1_256pix_basicFLIM_120f_0008.sdt,20260509_KPC_fixed_dishes_on_SLIM,fitet-sz-c2-b5,3_KPCWTform20min_740nm_3006mW_u1_poc0p25_20x0p75NA_535s50_g70_z1_256pix_basicFLIM_120f_0008,5,False,form,65536,692,60944,65536,59688,65536,683,1.0,20260509_KPC_fixed_dishes_on_SLIM::fitet-sz-c2-b5::3_KPCWTform20min_740nm_3006mW_u1_poc0p25_20x0p75NA_535s50_g70_z1_256pix_basicFLIM_120f_0008
3_KPCWTform20min_740nm_3006mW_u1_poc0p25_20x0p75NA_535s50_g70_z1_256pix_basicFLIM_120f_0009.sdt,20260509_KPC_fixed_dishes_on_SLIM,fitet-sz-c2-b5,3_KPCWTform20min_740nm_3006mW_u1_poc0p25_20x0p75NA_535s50_g70_z1_256pix_basicFLIM_120f_0009,5,False,form,65536,1987,59068,65484,58286,65536,1973,3.0,20260509_KPC_fixed_dishes_on_SLIM::fitet-sz-c2-b5::3_KPCWTform20min_740nm_3006mW_u1_poc0p25_20x0p75NA_535s50_g70_z1_256pix_basicFLIM_120f_0009
3_KPCWTform20min_740nm_3006mW_u1_poc0p25_20x0p75NA_535s50_g70_z1_256pix_basicFLIM_120f_0010.sdt,20260509_KPC_fixed_dishes_on_SLIM,fitet-sz-c2-b5,3_KPCWTform20min_740nm_3006mW_u1_poc0p25_20x0p75NA_535s50_g70_z1_256pix_basicFLIM_120f_0010,5,False,form,65536,439,56697,65315,54281,65536,434,0.7,20260509_KPC_fixed_dishes_on_SLIM::fitet-sz-c2-b5::3_KPCWTform20min_740nm_3006mW_u1_poc0p25_20x0p75NA_535s50_g70_z1_256pix_basicFLIM_120f_0010
3_KPCWTform20min_740nm_3006mW_u1_poc0p25_20x0p75NA_535s50_g70_z1_256pix_basicFLIM_120f_0011.sdt,20260509_KPC_fixed_dishes_on_SLIM,fitet-sz-c2-b5,3_KPCWTform20min_740nm_3006mW_u1_poc0p25_20x0p75NA_535s50_g70_z1_256pix_basicFLIM_120f_0011,5,False,form,65536,589,58146,65191,56735,65536,572,0.9,20260509_KPC_fixed_dishes_on_SLIM::fitet-sz-c2-b5::3_KPCWTform20min_740nm_3006mW_u1_poc0p25_20x0p75NA_535s50_g70_z1_256pix_basicFLIM_120f_0011
3_KPCWTform20min_740nm_3006mW_u1_poc0p6_20x0p75NA_457s50_g70_z1_256pix_basicFLIM_120f_0000.sdt,20260509_KPC_fixed_dishes_on_SLIM,fitet-sz-c2-b5,3_KPCWTform20min_740nm_3006mW_u1_poc0p6_20x0p75NA_457s50_g70_z1_256pix_basicFLIM_120f_0000,5,False,form,65536,49332,65101,65536,64889,65536,49168,75.0,20260509_KPC_fixed_dishes_on_SLIM::fitet-sz-c2-b5::3_KPCWTform20min_740nm_3006mW_u1_poc0p6_20x0p75NA_457s50_g70_z1_256pix_basicFLIM_120f_0000
3_KPCWTform20min_740nm_3006mW_u1_poc0p6_20x0p75NA_457s50_g70_z1_256pix_basicFLIM_120f_0001.sdt,20260509_KPC_fixed_dishes_on_SLIM,fitet-sz-c2-b5,3_KPCWTform20min_740nm_3006mW_u1_poc0p6_20x0p75NA_457s50_g70_z1_256pix_basicFLIM_120f_0001,5,False,form,65536,64330,65439,65536,65486,65536,64200,98.0,20260509_KPC_fixed_dishes_on_SLIM::fitet-sz-c2-b5::3_KPCWTform20min_740nm_3006mW_u1_poc0p6_20x0p75NA_457s50_g70_z1_256pix_basicFLIM_120f_0001
3_KPCWTform20min_740nm_3006mW_u1_poc0p6_20x0p75NA_457s50_g70_z1_256pix_basicFLIM_120f_0002.sdt,20260509_KPC_fixed_dishes_on_SLIM,fitet-sz-c2-b5,3_KPCWTform20min_740nm_3006mW_u1_poc0p6_20x0p75NA_457s50_g70_z1_256pix_basicFLIM_120f_0002,5,False,form,65536,65458,65106,65536,65534,65536,65026,99.2,20260509_KPC_fixed_dishes_on_SLIM::fitet-sz-c2-b5::3_KPCWTform20min_740nm_3006mW_u1_poc0p6_20x0p75NA_457s50_g70_z1_256pix_basicFLIM_120f_0002
3_KPCWTform20min_740nm_3006mW_u1_poc0p6_20x0p75NA_457s50_g70_z1_256pix_basicFLIM_120f_0003.sdt,20260509_KPC_fixed_dishes_on_SLIM,fitet-sz-c2-b5,3_KPCWTform20min_740nm_3006mW_u1_poc0p6_20x0p75NA_457s50_g70_z1_256pix_basicFLIM_120f_0003,5,False,form,65536,63082,65294,65536,65515,65536,62853,95.9,20260509_KPC_fixed_dishes_on_SLIM::fitet-sz-c2-b5::3_KPCWTform20min_740nm_3006mW_u1_poc0p6_20x0p75NA_457s50_g70_z1_256pix_basicFLIM_120f_0003
3_KPCWTform20min_740nm_3006mW_u1_poc0p6_20x0p75NA_457s50_g70_z1_256pix_basicFLIM_120f_0004.sdt,20260509_KPC_fixed_dishes_on_SLIM,fitet-sz-c2-b5,3_KPCWTform20min_740nm_3006mW_u1_poc0p6_20x0p75NA_457s50_g70_z1_256pix_basicFLIM_120f_0004,5,False,form,65536,63123,64511,65536,65454,65536,62229,95.0,20260509_KPC_fixed_dishes_on_SLIM::fitet-sz-c2-b5::3_KPCWTform20min_740nm_3006mW_u1_poc0p6_20x0p75NA_457s50_g70_z1_256pix_basicFLIM_120f_0004
3_KPCWTform20min_740nm_3006mW_u1_poc0p6_20x0p75NA_457s50_g70_z1_256pix_basicFLIM_120f_0005.sdt,20260509_KPC_fixed_dishes_on_SLIM,fitet-sz-c2-b5,3_KPCWTform20min_740nm_3006mW_u1_poc0p6_20x0p75NA_457s50_g70_z1_256pix_basicFLIM_120f_0005,5,False,form,65536,65536,46862,65536,65536,65536,46862,71.5,20260509_KPC_fixed_dishes_on_SLIM::fitet-sz-c2-b5::3_KPCWTform20min_740nm_3006mW_u1_poc0p6_20x0p75NA_457s50_g70_z1_256pix_basicFLIM_120f_0005
3_KPCWTform20min_740nm_3006mW_u1_poc0p6_20x0p75NA_457s50_g70_z1_256pix_basicFLIM_120f_0006.sdt,20260509_KPC_fixed_dishes_on_SLIM,fitet-sz-c2-b5,3_KPCWTform20min_740nm_3006mW_u1_poc0p6_20x0p75NA_457s50_g70_z1_256pix_basicFLIM_120f_0006,5,False,form,65536,65536,60275,65536,65536,65536,60275,92.0,20260509_KPC_fixed_dishes_on_SLIM::fitet-sz-c2-b5::3_KPCWTform20min_740nm_3006mW_u1_poc0p6_20x0p75NA_457s50_g70_z1_256pix_basicFLIM_120f_0006
3_KPCWTform20min_740nm_3006mW_u1_poc0p6_20x0p75NA_457s50_g70_z1_256pix_basicFLIM_120f_0007.sdt,20260509_KPC_fixed_dishes_on_SLIM,fitet-sz-c2-b5,3_KPCWTform20min_740nm_3006mW_u1_poc0p6_20x0p75NA_457s50_g70_z1_256pix_basicFLIM_120f_0007,5,False,form,65536,65536,65417,65536,65378,65536,65346,99.7,20260509_KPC_fixed_dishes_on_SLIM::fitet-sz-c2-b5::3_KPCWTform20min_740nm_3006mW_u1_poc0p6_20x0p75NA_457s50_g70_z1_256pix_basicFLIM_120f_0007
3_KPCWTform20min_740nm_3006mW_u1_poc0p6_20x0p75NA_457s50_g70_z1_256pix_basicFLIM_120f_0008.sdt,20260509_KPC_fixed_dishes_on_SLIM,fitet-sz-c2-b5,3_KPCWTform20min_740nm_3006mW_u1_poc0p6_20x0p75NA_457s50_g70_z1_256pix_basicFLIM_120f_0008,5,False,form,65536,64753,65374,65536,65448,65536,64568,98.5,20260509_KPC_fixed_dishes_on_SLIM::fitet-sz-c2-b5::3_KPCWTform20min_740nm_3006mW_u1_poc0p6_20x0p75NA_457s50_g70_z1_256pix_basicFLIM_120f_0008
3_KPCWTform20min_740nm_3006mW_u1_poc0p6_20x0p75NA_457s50_g70_z1_256pix_basicFLIM_120f_0009.sdt,20260509_KPC_fixed_dishes_on_SLIM,fitet-sz-c2-b5,3_KPCWTform20min_740nm_3006mW_u1_poc0p6_20x0p75NA_457s50_g70_z1_256pix_basicFLIM_120f_0009,5,False,form,65536,62607,64679,65536,64856,65536,61283,93.5,20260509_KPC_fixed_dishes_on_SLIM::fitet-sz-c2-b5::3_KPCWTform20min_740nm_3006mW_u1_poc0p6_20x0p75NA_457s50_g70_z1_256pix_basicFLIM_120f_0009
3_KPCWTform20min_740nm_3006mW_u1_poc0p6_20x0p75NA_457s50_g70_z1_256pix_basicFLIM_120f_0010.sdt,20260509_KPC_fixed_dishes_on_SLIM,fitet-sz-c2-b5,3_KPCWTform20min_740nm_3006mW_u1_poc0p6_20x0p75NA_457s50_g70_z1_256pix_basicFLIM_120f_0010,5,False,form,65536,46684,64747,65536,63542,65536,46253,70.6,20260509_KPC_fixed_dishes_on_SLIM::fitet-sz-c2-b5::3_KPCWTform20min_740nm_3006mW_u1_poc0p6_20x0p75NA_457s50_g70_z1_256pix_basicFLIM_120f_0010
3_KPCWTform20min_740nm_3006mW_u1_poc0p6_20x0p75NA_457s50_g70_z1_256pix_basicFLIM_120f_0011.sdt,20260509_KPC_fixed_dishes_on_SLIM,fitet-sz-c2-b5,3_KPCWTform20min_740nm_3006mW_u1_poc0p6_20x0p75NA_457s50_g70_z1_256pix_basicFLIM_120f_0011,5,False,form,65536,57922,65144,65536,64939,65536,57682,88.0,20260509_KPC_fixed_dishes_on_SLIM::fitet-sz-c2-b5::3_KPCWTform20min_740nm_3006mW_u1_poc0p6_20x0p75NA_457s50_g70_z1_256pix_basicFLIM_120f_0011
3_KPCWTform20min_740nm_3006mW_u1_poc0p6_20x0p75NA_457s50_g70_z1_256pix_basicFLIM_120f_0012.sdt,20260509_KPC_fixed_dishes_on_SLIM,fitet-sz-c2-b5,3_KPCWTform20min_740nm_3006mW_u1_poc0p6_20x0p75NA_457s50_g70_z1_256pix_basicFLIM_120f_0012,5,False,form,65536,41648,64857,65536,63675,65536,40947,62.5,20260509_KPC_fixed_dishes_on_SLIM::fitet-sz-c2-b5::3_KPCWTform20min_740nm_3006mW_u1_poc0p6_20x0p75NA_457s50_g70_z1_256pix_basicFLIM_120f_0012
3_KPCWTform20min_740nm_3006mW_u1_poc0p6_20x0p75NA_457s50_g70_z1_256pix_basicFLIM_120f_0013.sdt,20260509_KPC_fixed_dishes_on_SLIM,fitet-sz-c2-b5,3_KPCWTform20min_740nm_3006mW_u1_poc0p6_20x0p75NA_457s50_g70_z1_256pix_basicFLIM_120f_0013,5,False,form,65536,59456,65243,65536,64408,65536,58894,89.9,20260509_KPC_fixed_dishes_on_SLIM::fitet-sz-c2-b5::3_KPCWTform20min_740nm_3006mW_u1_poc0p6_20x0p75NA_457s50_g70_z1_256pix_basicFLIM_120f_0013
3_KPCWTform20min_740nm_3006mW_u1_poc0p6_20x0p75NA_457s50_g70_z1_256pix_basicFLIM_120f_0014.sdt,20260509_KPC_fixed_dishes_on_SLIM,fitet-sz-c2-b5,3_KPCWTform20min_740nm_3006mW_u1_poc0p6_20x0p75NA_457s50_g70_z1_256pix_basicFLIM_120f_0014,5,False,form,65536,65386,65438,65536,65508,65536,65265,99.6,20260509_KPC_fixed_dishes_on_SLIM::fitet-sz-c2-b5::3_KPCWTform20min_740nm_3006mW_u1_poc0p6_20x0p75NA_457s50_g70_z1_256pix_basicFLIM_120f_0014
3_KPCWTform20min_740nm_3006mW_u1_poc0p6_20x0p75NA_457s50_g70_z1_256pix_basicFLIM_120f_0015.sdt,20260509_KPC_fixed_dishes_on_SLIM,fitet-sz-c2-b5,3_KPCWTform20min_740nm_3006mW_u1_poc0p6_20x0p75NA_457s50_g70_z1_256pix_basicFLIM_120f_0015,5,False,form,65536,61579,65381,65536,65101,65536,61255,93.5,20260509_KPC_fixed_dishes_on_SLIM::fitet-sz-c2-b5::3_KPCWTform20min_740nm_3006mW_u1_poc0p6_20x0p75NA_457s50_g70_z1_256pix_basicFLIM_120f_0015
3_KPCWTform20min_740nm_3006mW_u1_poc0p6_20x0p75NA_457s50_g70_z1_256pix_basicFLIM_120f_0016.sdt,20260509_KPC_fixed_dishes_on_SLIM,fitet-sz-c2-b5,3_KPCWTform20min_740nm_3006mW_u1_poc0p6_20x0p75NA_457s50_g70_z1_256pix_basicFLIM_120f_0016,5,False,form,65536,61038,65028,65536,65231,65536,60396,92.2,20260509_KPC_fixed_dishes_on_SLIM::fitet-sz-c2-b5::3_KPCWTform20min_740nm_3006mW_u1_poc0p6_20x0p75NA_457s50_g70_z1_256pix_basicFLIM_120f_0016
3_KPCWTform20min_740nm_3006mW_u1_poc0p6_20x0p75NA_457s50_g70_z1_256pix_basicFLIM_120f_0017.sdt,20260509_KPC_fixed_dishes_on_SLIM,fitet-sz-c2-b5,3_KPCWTform20min_740nm_3006mW_u1_poc0p6_20x0p75NA_457s50_g70_z1_256pix_basicFLIM_120f_0017,5,False,form,65536,65536,54507,65536,65536,65536,54507,83.2,20260509_KPC_fixed_dishes_on_SLIM::fitet-sz-c2-b5::3_KPCWTform20min_740nm_3006mW_u1_poc0p6_20x0p75NA_457s50_g70_z1_256pix_basicFLIM_120f_0017
3_KPCWTform20min_740nm_3006mW_u1_poc0p6_20x0p75NA_457s50_g70_z1_256pix_basicFLIM_120f_0018.sdt,20260509_KPC_fixed_dishes_on_SLIM,fitet-sz-c2-b5,3_KPCWTform20min_740nm_3006mW_u1_poc0p6_20x0p75NA_457s50_g70_z1_256pix_basicFLIM_120f_0018,5,False,form,65536,65536,63527,65536,65535,65536,63526,96.9,20260509_KPC_fixed_dishes_on_SLIM::fitet-sz-c2-b5::3_KPCWTform20min_740nm_3006mW_u1_poc0p6_20x0p75NA_457s50_g70_z1_256pix_basicFLIM_120f_0018
3_KPCWTform20min_740nm_3006mW_u1_poc0p6_20x0p75NA_457s50_g70_z1_256pix_basicFLIM_120f_0019.sdt,20260509_KPC_fixed_dishes_on_SLIM,fitet-sz-c2-b5,3_KPCWTform20min_740nm_3006mW_u1_poc0p6_20x0p75NA_457s50_g70_z1_256pix_basicFLIM_120f_0019,5,False,form,65536,64828,65357,65536,64958,65536,64274,98.1,20260509_KPC_fixed_dishes_on_SLIM::fitet-sz-c2-b5::3_KPCWTform20min_740nm_3006mW_u1_poc0p6_20x0p75NA_457s50_g70_z1_256pix_basicFLIM_120f_0019
3_KPCWTform20min_740nm_3006mW_u1_poc0p6_20x0p75NA_457s50_g70_z1_256pix_basicFLIM_120f_0020.sdt,20260509_KPC_fixed_dishes_on_SLIM,fitet-sz-c2-b5,3_KPCWTform20min_740nm_3006mW_u1_poc0p6_20x0p75NA_457s50_g70_z1_256pix_basicFLIM_120f_0020,5,False,form,65536,63439,65472,65536,64876,65536,63118,96.3,20260509_KPC_fixed_dishes_on_SLIM::fitet-sz-c2-b5::3_KPCWTform20min_740nm_3006mW_u1_poc0p6_20x0p75NA_457s50_g70_z1_256pix_basicFLIM_120f_0020
3_KPCWTform20min_740nm_3006mW_u1_poc0p6_20x0p75NA_457s50_g70_z1_256pix_basicFLIM_120f_0021.sdt,20260509_KPC_fixed_dishes_on_SLIM,fitet-sz-c2-b5,3_KPCWTform20min_740nm_3006mW_u1_poc0p6_20x0p75NA_457s50_g70_z1_256pix_basicFLIM_120f_0021,5,False,form,65536,49914,64558,65536,62071,65536,48671,74.3,20260509_KPC_fixed_dishes_on_SLIM::fitet-sz-c2-b5::3_KPCWTform20min_740nm_3006mW_u1_poc0p6_20x0p75NA_457s50_g70_z1_256pix_basicFLIM_120f_0021
3_KPCWTform20min_740nm_3006mW_u1_poc0p6_20x0p75NA_457s50_g70_z1_256pix_basicFLIM_120f_0022.sdt,20260509_KPC_fixed_dishes_on_SLIM,fitet-sz-c2-b5,3_KPCWTform20min_740nm_3006mW_u1_poc0p6_20x0p75NA_457s50_g70_z1_256pix_basicFLIM_120f_0022,5,False,form,65536,39088,64559,65536,60654,65536,38594,58.9,20260509_KPC_fixed_dishes_on_SLIM::fitet-sz-c2-b5::3_KPCWTform20min_740nm_3006mW_u1_poc0p6_20x0p75NA_457s50_g70_z1_256pix_basicFLIM_120f_0022
3_KPCWTform20min_740nm_3006mW_u1_poc0p6_20x0p75NA_457s50_g70_z1_256pix_basicFLIM_120f_0023.sdt,20260509_KPC_fixed_dishes_on_SLIM,fitet-sz-c2-b5,3_KPCWTform20min_740nm_3006mW_u1_poc0p6_20x0p75NA_457s50_g70_z1_256pix_basicFLIM_120f_0023,5,False,form,65536,53061,65220,65536,63617,65536,52484,80.1,20260509_KPC_fixed_dishes_on_SLIM::fitet-sz-c2-b5::3_KPCWTform20min_740nm_3006mW_u1_poc0p6_20x0p75NA_457s50_g70_z1_256pix_basicFLIM_120f_0023
4_BKOCO2form20min_740nm_2995mW_u1_poc0p25_20x0p75NA_457s50_g70_z1_256pix_basicFLIM_120f_0000.sdt,20260509_KPC_fixed_dishes_on_SLIM,fitet-sz-c2-b5,4_BKOCO2form20min_740nm_2995mW_u1_poc0p25_20x0p75NA_457s50_g70_z1_256pix_basicFLIM_120f_0000,5,False,form,65536,5041,63799,65536,64042,65536,4993,7.6,20260509_KPC_fixed_dishes_on_SLIM::fitet-sz-c2-b5::4_BKOCO2form20min_740nm_2995mW_u1_poc0p25_20x0p75NA_457s50_g70_z1_256pix_basicFLIM_120f_0000
4_BKOCO2form20min_740nm_2995mW_u1_poc0p25_20x0p75NA_457s50_g70_z1_256pix_basicFLIM_120f_0001.sdt,20260509_KPC_fixed_dishes_on_SLIM,fitet-sz-c2-b5,4_BKOCO2form20min_740nm_2995mW_u1_poc0p25_20x0p75NA_457s50_g70_z1_256pix_basicFLIM_120f_0001,5,False,form,65536,3082,62998,65536,63215,65536,3072,4.7,20260509_KPC_fixed_dishes_on_SLIM::fitet-sz-c2-b5::4_BKOCO2form20min_740nm_2995mW_u1_poc0p25_20x0p75NA_457s50_g70_z1_256pix_basicFLIM_120f_0001
4_BKOCO2form20min_740nm_2995mW_u1_poc0p25_20x0p75NA_457s50_g70_z1_256pix_basicFLIM_120f_0002.sdt,20260509_KPC_fixed_dishes_on_SLIM,fitet-sz-c2-b5,4_BKOCO2form20min_740nm_2995mW_u1_poc0p25_20x0p75NA_457s50_g70_z1_256pix_basicFLIM_120f_0002,5,False,form,65536,430,61937,65536,60813,65536,421,0.6,20260509_KPC_fixed_dishes_on_SLIM::fitet-sz-c2-b5::4_BKOCO2form20min_740nm_2995mW_u1_poc0p25_20x0p75NA_457s50_g70_z1_256pix_basicFLIM_120f_0002
4_BKOCO2form20min_740nm_2995mW_u1_poc0p25_20x0p75NA_457s50_g70_z1_256pix_basicFLIM_120f_0003.sdt,20260509_KPC_fixed_dishes_on_SLIM,fitet-sz-c2-b5,4_BKOCO2form20min_740nm_2995mW_u1_poc0p25_20x0p75NA_457s50_g70_z1_256pix_basicFLIM_120f_0003,5,False,form,65536,947,62388,65536,62152,65536,945,1.4,20260509_KPC_fixed_dishes_on_SLIM::fitet-sz-c2-b5::4_BKOCO2form20min_740nm_2995mW_u1_poc0p25_20x0p75NA_457s50_g70_z1_256pix_basicFLIM_120f_0003
4_BKOCO2form20min_740nm_2995mW_u1_poc0p25_20x0p75NA_457s50_g70_z1_256pix_basicFLIM_120f_0004.sdt,20260509_KPC_fixed_dishes_on_SLIM,fitet-sz-c2-b5,4_BKOCO2form20min_740nm_2995mW_u1_poc0p25_20x0p75NA_457s50_g70_z1_256pix_basicFLIM_120f_0004,5,False,form,65536,1476,62028,65536,63528,65536,1460,2.2,20260509_KPC_fixed_dishes_on_SLIM::fitet-sz-c2-b5::4_BKOCO2form20min_740nm_2995mW_u1_poc0p25_20x0p75NA_457s50_g70_z1_256pix_basicFLIM_120f_0004
4_BKOCO2form20min_740nm_2995mW_u1_poc0p25_20x0p75NA_457s50_g70_z1_256pix_basicFLIM_120f_0005.sdt,20260509_KPC_fixed_dishes_on_SLIM,fitet-sz-c2-b5,4_BKOCO2form20min_740nm_2995mW_u1_poc0p25_20x0p75NA_457s50_g70_z1_256pix_basicFLIM_120f_0005,5,False,form,65536,1313,62026,65536,63252,65536,1309,2.0,20260509_KPC_fixed_dishes_on_SLIM::fitet-sz-c2-b5::4_BKOCO2form20min_740nm_2995mW_u1_poc0p25_20x0p75NA_457s50_g70_z1_256pix_basicFLIM_120f_0005
4_BKOCO2form20min_740nm_2995mW_u1_poc0p25_20x0p75NA_457s50_g70_z1_256pix_basicFLIM_120f_0006.sdt,20260509_KPC_fixed_dishes_on_SLIM,fitet-sz-c2-b5,4_BKOCO2form20min_740nm_2995mW_u1_poc0p25_20x0p75NA_457s50_g70_z1_256pix_basicFLIM_120f_0006,5,False,form,65536,1139,62136,65536,62441,65536,1135,1.7,20260509_KPC_fixed_dishes_on_SLIM::fitet-sz-c2-b5::4_BKOCO2form20min_740nm_2995mW_u1_poc0p25_20x0p75NA_457s50_g70_z1_256pix_basicFLIM_120f_0006
4_BKOCO2form20min_740nm_2995mW_u1_poc0p25_20x0p75NA_457s50_g70_z1_256pix_basicFLIM_120f_0007.sdt,20260509_KPC_fixed_dishes_on_SLIM,fitet-sz-c2-b5,4_BKOCO2form20min_740nm_2995mW_u1_poc0p25_20x0p75NA_457s50_g70_z1_256pix_basicFLIM_120f_0007,5,False,form,65536,2857,62644,65536,63838,65536,2841,4.3,20260509_KPC_fixed_dishes_on_SLIM::fitet-sz-c2-b5::4_BKOCO2form20min_740nm_2995mW_u1_poc0p25_20x0p75NA_457s50_g70_z1_256pix_basicFLIM_120f_0007
4_BKOCO2form20min_740nm_2995mW_u1_poc0p25_20x0p75NA_457s50_g70_z1_256pix_basicFLIM_120f_0008.sdt,20260509_KPC_fixed_dishes_on_SLIM,fitet-sz-c2-b5,4_BKOCO2form20min_740nm_2995mW_u1_poc0p25_20x0p75NA_457s50_g70_z1_256pix_basicFLIM_120f_0008,5,False,form,65536,111,61755,65536,61250,65536,109,0.2,20260509_KPC_fixed_dishes_on_SLIM::fitet-sz-c2-b5::4_BKOCO2form20min_740nm_2995mW_u1_poc0p25_20x0p75NA_457s50_g70_z1_256pix_basicFLIM_120f_0008
4_BKOCO2form20min_740nm_2995mW_u1_poc0p25_20x0p75NA_457s50_g70_z1_256pix_basicFLIM_120f_0009.sdt,20260509_KPC_fixed_dishes_on_SLIM,fitet-sz-c2-b5,4_BKOCO2form20min_740nm_2995mW_u1_poc0p25_20x0p75NA_457s50_g70_z1_256pix_basicFLIM_120f_0009,5,False,form,65536,976,62670,65536,63277,65536,975,1.5,20260509_KPC_fixed_dishes_on_SLIM::fitet-sz-c2-b5::4_BKOCO2form20min_740nm_2995mW_u1_poc0p25_20x0p75NA_457s50_g70_z1_256pix_basicFLIM_120f_0009
4_BKOCO2form20min_740nm_2995mW_u1_poc0p25_20x0p75NA_457s50_g70_z1_256pix_basicFLIM_120f_0010.sdt,20260509_KPC_fixed_dishes_on_SLIM,fitet-sz-c2-b5,4_BKOCO2form20min_740nm_2995mW_u1_poc0p25_20x0p75NA_457s50_g70_z1_256pix_basicFLIM_120f_0010,5,False,form,65536,818,58894,65536,59469,65536,807,1.2,20260509_KPC_fixed_dishes_on_SLIM::fitet-sz-c2-b5::4_BKOCO2form20min_740nm_2995mW_u1_poc0p25_20x0p75NA_457s50_g70_z1_256pix_basicFLIM_120f_0010
4_BKOCO2form20min_740nm_2995mW_u1_poc0p25_20x0p75NA_457s50_g70_z1_256pix_basicFLIM_120f_0011.sdt,20260509_KPC_fixed_dishes_on_SLIM,fitet-sz-c2-b5,4_BKOCO2form20min_740nm_2995mW_u1_poc0p25_20x0p75NA_457s50_g70_z1_256pix_basicFLIM_120f_0011,5,False,form,65536,709,59904,65536,60671,65536,704,1.1,20260509_KPC_fixed_dishes_on_SLIM::fitet-sz-c2-b5::4_BKOCO2form20min_740nm_2995mW_u1_poc0p25_20x0p75NA_457s50_g70_z1_256pix_basicFLIM_120f_0011
4_BKOCO2form20min_740nm_2995mW_u1_poc0p25_20x0p75NA_457s50_g70_z1_256pix_basicFLIM_120f_0012.sdt,20260509_KPC_fixed_dishes_on_SLIM,fitet-sz-c2-b5,4_BKOCO2form20min_740nm_2995mW_u1_poc0p25_20x0p75NA_457s50_g70_z1_256pix_basicFLIM_120f_0012,5,False,form,65536,366,55125,64182,55167,65536,365,0.6,20260509_KPC_fixed_dishes_on_SLIM::fitet-sz-c2-b5::4_BKOCO2form20min_740nm_2995mW_u1_poc0p25_20x0p75NA_457s50_g70_z1_256pix_basicFLIM_120f_0012
4_BKOCO2form20min_740nm_2995mW_u1_poc0p25_20x0p75NA_457s50_g70_z1_256pix_basicFLIM_120f_0013.sdt,20260509_KPC_fixed_dishes_on_SLIM,fitet-sz-c2-b5,4_BKOCO2form20min_740nm_2995mW_u1_poc0p25_20x0p75NA_457s50_g70_z1_256pix_basicFLIM_120f_0013,5,False,form,65536,647,61225,65533,60908,65536,634,1.0,20260509_KPC_fixed_dishes_on_SLIM::fitet-sz-c2-b5::4_BKOCO2form20min_740nm_2995mW_u1_poc0p25_20x0p75NA_457s50_g70_z1_256pix_basicFLIM_120f_0013
4_BKOCO2form20min_740nm_2995mW_u1_poc0p25_20x0p75NA_457s50_g70_z1_256pix_basicFLIM_120f_0014.sdt,20260509_KPC_fixed_dishes_on_SLIM,fitet-sz-c2-b5,4_BKOCO2form20min_740nm_2995mW_u1_poc0p25_20x0p75NA_457s50_g70_z1_256pix_basicFLIM_120f_0014,5,False,form,65536,2096,59567,65536,59227,65536,2075,3.2,20260509_KPC_fixed_dishes_on_SLIM::fitet-sz-c2-b5::4_BKOCO2form20min_740nm_2995mW_u1_poc0p25_20x0p75NA_457s50_g70_z1_256pix_basicFLIM_120f_0014
4_BKOCO2form20min_740nm_2995mW_u1_poc0p25_20x0p75NA_457s50_g70_z1_256pix_basicFLIM_120f_0015.sdt,20260509_KPC_fixed_dishes_on_SLIM,fitet-sz-c2-b5,4_BKOCO2form20min_740nm_2995mW_u1_poc0p25_20x0p75NA_457s50_g70_z1_256pix_basicFLIM_120f_0015,5,False,form,65536,1206,59283,65477,59107,65536,1192,1.8,20260509_KPC_fixed_dishes_on_SLIM::fitet-sz-c2-b5::4_BKOCO2form20min_740nm_2995mW_u1_poc0p25_20x0p75NA_457s50_g70_z1_256pix_basicFLIM_120f_0015
4_BKOCO2form20min_740nm_2995mW_u1_poc0p25_20x0p75NA_535s50_g70_z1_256pix_basicFLIM_120f_0000.sdt,20260509_KPC_fixed_dishes_on_SLIM,fitet-sz-c2-b5,4_BKOCO2form20min_740nm_2995mW_u1_poc0p25_20x0p75NA_535s50_g70_z1_256pix_basicFLIM_120f_0000,5,False,form,65536,9708,64105,65536,61373,65536,9479,14.5,20260509_KPC_fixed_dishes_on_SLIM::fitet-sz-c2-b5::4_BKOCO2form20min_740nm_2995mW_u1_poc0p25_20x0p75NA_535s50_g70_z1_256pix_basicFLIM_120f_0000
4_BKOCO2form20min_740nm_2995mW_u1_poc0p25_20x0p75NA_535s50_g70_z1_256pix_basicFLIM_120f_0001.sdt,20260509_KPC_fixed_dishes_on_SLIM,fitet-sz-c2-b5,4_BKOCO2form20min_740nm_2995mW_u1_poc0p25_20x0p75NA_535s50_g70_z1_256pix_basicFLIM_120f_0001,5,False,form,65536,3306,62461,65533,60685,65536,3281,5.0,20260509_KPC_fixed_dishes_on_SLIM::fitet-sz-c2-b5::4_BKOCO2form20min_740nm_2995mW_u1_poc0p25_20x0p75NA_535s50_g70_z1_256pix_basicFLIM_120f_0001
4_BKOCO2form20min_740nm_2995mW_u1_poc0p25_20x0p75NA_535s50_g70_z1_256pix_basicFLIM_120f_0002.sdt,20260509_KPC_fixed_dishes_on_SLIM,fitet-sz-c2-b5,4_BKOCO2form20min_740nm_2995mW_u1_poc0p25_20x0p75NA_535s50_g70_z1_256pix_basicFLIM_120f_0002,5,False,form,65536,849,62700,65536,58042,65536,846,1.3,20260509_KPC_fixed_dishes_on_SLIM::fitet-sz-c2-b5::4_BKOCO2form20min_740nm_2995mW_u1_poc0p25_20x0p75NA_535s50_g70_z1_256pix_basicFLIM_120f_0002
4_BKOCO2form20min_740nm_2995mW_u1_poc0p25_20x0p75NA_535s50_g70_z1_256pix_basicFLIM_120f_0003.sdt,20260509_KPC_fixed_dishes_on_SLIM,fitet-sz-c2-b5,4_BKOCO2form20min_740nm_2995mW_u1_poc0p25_20x0p75NA_535s50_g70_z1_256pix_basicFLIM_120f_0003,5,False,form,65536,1447,62342,65536,59527,65536,1441,2.2,20260509_KPC_fixed_dishes_on_SLIM::fitet-sz-c2-b5::4_BKOCO2form20min_740nm_2995mW_u1_poc0p25_20x0p75NA_535s50_g70_z1_256pix_basicFLIM_120f_0003
4_BKOCO2form20min_740nm_2995mW_u1_poc0p25_20x0p75NA_535s50_g70_z1_256pix_basicFLIM_120f_0004.sdt,20260509_KPC_fixed_dishes_on_SLIM,fitet-sz-c2-b5,4_BKOCO2form20min_740nm_2995mW_u1_poc0p25_20x0p75NA_535s50_g70_z1_256pix_basicFLIM_120f_0004,5,False,form,65536,1428,62253,65536,60099,65536,1410,2.2,20260509_KPC_fixed_dishes_on_SLIM::fitet-sz-c2-b5::4_BKOCO2form20min_740nm_2995mW_u1_poc0p25_20x0p75NA_535s50_g70_z1_256pix_basicFLIM_120f_0004
4_BKOCO2form20min_740nm_2995mW_u1_poc0p25_20x0p75NA_535s50_g70_z1_256pix_basicFLIM_120f_0005.sdt,20260509_KPC_fixed_dishes_on_SLIM,fitet-sz-c2-b5,4_BKOCO2form20min_740nm_2995mW_u1_poc0p25_20x0p75NA_535s50_g70_z1_256pix_basicFLIM_120f_0005,5,False,form,65536,1354,62066,65536,58649,65536,1344,2.1,20260509_KPC_fixed_dishes_on_SLIM::fitet-sz-c2-b5::4_BKOCO2form20min_740nm_2995mW_u1_poc0p25_20x0p75NA_535s50_g70_z1_256pix_basicFLIM_120f_0005
4_BKOCO2form20min_740nm_2995mW_u1_poc0p25_20x0p75NA_535s50_g70_z1_256pix_basicFLIM_120f_0006.sdt,20260509_KPC_fixed_dishes_on_SLIM,fitet-sz-c2-b5,4_BKOCO2form20min_740nm_2995mW_u1_poc0p25_20x0p75NA_535s50_g70_z1_256pix_basicFLIM_120f_0006,5,False,form,65536,1449,62191,65536,58087,65536,1387,2.1,20260509_KPC_fixed_dishes_on_SLIM::fitet-sz-c2-b5::4_BKOCO2form20min_740nm_2995mW_u1_poc0p25_20x0p75NA_535s50_g70_z1_256pix_basicFLIM_120f_0006
4_BKOCO2form20min_740nm_2995mW_u1_poc0p25_20x0p75NA_535s50_g70_z1_256pix_basicFLIM_120f_0007.sdt,20260509_KPC_fixed_dishes_on_SLIM,fitet-sz-c2-b5,4_BKOCO2form20min_740nm_2995mW_u1_poc0p25_20x0p75NA_535s50_g70_z1_256pix_basicFLIM_120f_0007,5,False,form,65536,3837,63363,65536,61665,65536,3818,5.8,20260509_KPC_fixed_dishes_on_SLIM::fitet-sz-c2-b5::4_BKOCO2form20min_740nm_2995mW_u1_poc0p25_20x0p75NA_535s50_g70_z1_256pix_basicFLIM_120f_0007
4_BKOCO2form20min_740nm_2995mW_u1_poc0p25_20x0p75NA_535s50_g70_z1_256pix_basicFLIM_120f_0008.sdt,20260509_KPC_fixed_dishes_on_SLIM,fitet-sz-c2-b5,4_BKOCO2form20min_740nm_2995mW_u1_poc0p25_20x0p75NA_535s50_g70_z1_256pix_basicFLIM_120f_0008,5,False,form,65536,203,61651,65536,58245,65536,203,0.3,20260509_KPC_fixed_dishes_on_SLIM::fitet-sz-c2-b5::4_BKOCO2form20min_740nm_2995mW_u1_poc0p25_20x0p75NA_535s50_g70_z1_256pix_basicFLIM_120f_0008
4_BKOCO2form20min_740nm_2995mW_u1_poc0p25_20x0p75NA_535s50_g70_z1_256pix_basicFLIM_120f_0009.sdt,20260509_KPC_fixed_dishes_on_SLIM,fitet-sz-c2-b5,4_BKOCO2form20min_740nm_2995mW_u1_poc0p25_20x0p75NA_535s50_g70_z1_256pix_basicFLIM_120f_0009,5,False,form,65536,1509,62882,65536,59800,65536,1502,2.3,20260509_KPC_fixed_dishes_on_SLIM::fitet-sz-c2-b5::4_BKOCO2form20min_740nm_2995mW_u1_poc0p25_20x0p75NA_535s50_g70_z1_256pix_basicFLIM_120f_0009
4_BKOCO2form20min_740nm_2995mW_u1_poc0p25_20x0p75NA_535s50_g70_z1_256pix_basicFLIM_120f_0010.sdt,20260509_KPC_fixed_dishes_on_SLIM,fitet-sz-c2-b5,4_BKOCO2form20min_740nm_2995mW_u1_poc0p25_20x0p75NA_535s50_g70_z1_256pix_basicFLIM_120f_0010,5,False,form,65536,699,59116,65535,56528,65536,694,1.1,20260509_KPC_fixed_dishes_on_SLIM::fitet-sz-c2-b5::4_BKOCO2form20min_740nm_2995mW_u1_poc0p25_20x0p75NA_535s50_g70_z1_256pix_basicFLIM_120f_0010
4_BKOCO2form20min_740nm_2995mW_u1_poc0p25_20x0p75NA_535s50_g70_z1_256pix_basicFLIM_120f_0011.sdt,20260509_KPC_fixed_dishes_on_SLIM,fitet-sz-c2-b5,4_BKOCO2form20min_740nm_2995mW_u1_poc0p25_20x0p75NA_535s50_g70_z1_256pix_basicFLIM_120f_0011,5,False,form,65536,775,60066,65486,57487,65536,773,1.2,20260509_KPC_fixed_dishes_on_SLIM::fitet-sz-c2-b5::4_BKOCO2form20min_740nm_2995mW_u1_poc0p25_20x0p75NA_535s50_g70_z1_256pix_basicFLIM_120f_0011
4_BKOCO2form20min_740nm_2995mW_u1_poc0p25_20x0p75NA_535s50_g70_z1_256pix_basicFLIM_120f_0012.sdt,20260509_KPC_fixed_dishes_on_SLIM,fitet-sz-c2-b5,4_BKOCO2form20min_740nm_2995mW_u1_poc0p25_20x0p75NA_535s50_g70_z1_256pix_basicFLIM_120f_0012,5,False,form,65536,324,56288,64473,53425,65536,323,0.5,20260509_KPC_fixed_dishes_on_SLIM::fitet-sz-c2-b5::4_BKOCO2form20min_740nm_2995mW_u1_poc0p25_20x0p75NA_535s50_g70_z1_256pix_basicFLIM_120f_0012
4_BKOCO2form20min_740nm_2995mW_u1_poc0p25_20x0p75NA_535s50_g70_z1_256pix_basicFLIM_120f_0013.sdt,20260509_KPC_fixed_dishes_on_SLIM,fitet-sz-c2-b5,4_BKOCO2form20min_740nm_2995mW_u1_poc0p25_20x0p75NA_535s50_g70_z1_256pix_basicFLIM_120f_0013,5,False,form,65536,1094,61269,65524,59221,65536,1091,1.7,20260509_KPC_fixed_dishes_on_SLIM::fitet-sz-c2-b5::4_BKOCO2form20min_740nm_2995mW_u1_poc0p25_20x0p75NA_535s50_g70_z1_256pix_basicFLIM_120f_0013
4_BKOCO2form20min_740nm_2995mW_u1_poc0p25_20x0p75NA_535s50_g70_z1_256pix_basicFLIM_120f_0014.sdt,20260509_KPC_fixed_dishes_on_SLIM,fitet-sz-c2-b5,4_BKOCO2form20min_740nm_2995mW_u1_poc0p25_20x0p75NA_535s50_g70_z1_256pix_basicFLIM_120f_0014,5,False,form,65536,1863,59927,65534,56126,65536,1837,2.8,20260509_KPC_fixed_dishes_on_SLIM::fitet-sz-c2-b5::4_BKOCO2form20min_740nm_2995mW_u1_poc0p25_20x0p75NA_535s50_g70_z1_256pix_basicFLIM_120f_0014
4_BKOCO2form20min_740nm_2995mW_u1_poc0p25_20x0p75NA_535s50_g70_z1_256pix_basicFLIM_120f_0015.sdt,20260509_KPC_fixed_dishes_on_SLIM,fitet-sz-c2-b5,4_BKOCO2form20min_740nm_2995mW_u1_poc0p25_20x0p75NA_535s50_g70_z1_256pix_basicFLIM_120f_0015,5,False,form,65536,1405,59105,65331,55653,65536,1386,2.1,20260509_KPC_fixed_dishes_on_SLIM::fitet-sz-c2-b5::4_BKOCO2form20min_740nm_2995mW_u1_poc0p25_20x0p75NA_535s50_g70_z1_256pix_basicFLIM_120f_0015
4_BKOCO2form20min_740nm_2995mW_u1_poc0p6_20x0p75NA_457s50_g70_z1_256pix_basicFLIM_120f_0000.sdt,20260509_KPC_fixed_dishes_on_SLIM,fitet-sz-c2-b5,4_BKOCO2form20min_740nm_2995mW_u1_poc0p6_20x0p75NA_457s50_g70_z1_256pix_basicFLIM_120f_0000,5,False,form,65536,65536,65477,65536,65533,65536,65474,99.9,20260509_KPC_fixed_dishes_on_SLIM::fitet-sz-c2-b5::4_BKOCO2form20min_740nm_2995mW_u1_poc0p6_20x0p75NA_457s50_g70_z1_256pix_basicFLIM_120f_0000
4_BKOCO2form20min_740nm_2995mW_u1_poc0p6_20x0p75NA_457s50_g70_z1_256pix_basicFLIM_120f_0001.sdt,20260509_KPC_fixed_dishes_on_SLIM,fitet-sz-c2-b5,4_BKOCO2form20min_740nm_2995mW_u1_poc0p6_20x0p75NA_457s50_g70_z1_256pix_basicFLIM_120f_0001,5,False,form,65536,65536,65071,65536,65536,65536,65071,99.3,20260509_KPC_fixed_dishes_on_SLIM::fitet-sz-c2-b5::4_BKOCO2form20min_740nm_2995mW_u1_poc0p6_20x0p75NA_457s50_g70_z1_256pix_basicFLIM_120f_0001
4_BKOCO2form20min_740nm_2995mW_u1_poc0p6_20x0p75NA_457s50_g70_z1_256pix_basicFLIM_120f_0002.sdt,20260509_KPC_fixed_dishes_on_SLIM,fitet-sz-c2-b5,4_BKOCO2form20min_740nm_2995mW_u1_poc0p6_20x0p75NA_457s50_g70_z1_256pix_basicFLIM_120f_0002,5,False,form,65536,65536,65523,65536,65536,65536,65523,100.0,20260509_KPC_fixed_dishes_on_SLIM::fitet-sz-c2-b5::4_BKOCO2form20min_740nm_2995mW_u1_poc0p6_20x0p75NA_457s50_g70_z1_256pix_basicFLIM_120f_0002
4_BKOCO2form20min_740nm_2995mW_u1_poc0p6_20x0p75NA_457s50_g70_z1_256pix_basicFLIM_120f_0003.sdt,20260509_KPC_fixed_dishes_on_SLIM,fitet-sz-c2-b5,4_BKOCO2form20min_740nm_2995mW_u1_poc0p6_20x0p75NA_457s50_g70_z1_256pix_basicFLIM_120f_0003,5,False,form,65536,65536,65529,65536,65536,65536,65529,100.0,20260509_KPC_fixed_dishes_on_SLIM::fitet-sz-c2-b5::4_BKOCO2form20min_740nm_2995mW_u1_poc0p6_20x0p75NA_457s50_g70_z1_256pix_basicFLIM_120f_0003
4_BKOCO2form20min_740nm_2995mW_u1_poc0p6_20x0p75NA_457s50_g70_z1_256pix_basicFLIM_120f_0004.sdt,20260509_KPC_fixed_dishes_on_SLIM,fitet-sz-c2-b5,4_BKOCO2form20min_740nm_2995mW_u1_poc0p6_20x0p75NA_457s50_g70_z1_256pix_basicFLIM_120f_0004,5,False,form,65536,65536,65530,65536,65534,65536,65528,100.0,20260509_KPC_fixed_dishes_on_SLIM::fitet-sz-c2-b5::4_BKOCO2form20min_740nm_2995mW_u1_poc0p6_20x0p75NA_457s50_g70_z1_256pix_basicFLIM_120f_0004
4_BKOCO2form20min_740nm_2995mW_u1_poc0p6_20x0p75NA_457s50_g70_z1_256pix_basicFLIM_120f_0005.sdt,20260509_KPC_fixed_dishes_on_SLIM,fitet-sz-c2-b5,4_BKOCO2form20min_740nm_2995mW_u1_poc0p6_20x0p75NA_457s50_g70_z1_256pix_basicFLIM_120f_0005,5,False,form,65536,65536,65519,65536,65495,65536,65478,99.9,20260509_KPC_fixed_dishes_on_SLIM::fitet-sz-c2-b5::4_BKOCO2form20min_740nm_2995mW_u1_poc0p6_20x0p75NA_457s50_g70_z1_256pix_basicFLIM_120f_0005
4_BKOCO2form20min_740nm_2995mW_u1_poc0p6_20x0p75NA_457s50_g70_z1_256pix_basicFLIM_120f_0006.sdt,20260509_KPC_fixed_dishes_on_SLIM,fitet-sz-c2-b5,4_BKOCO2form20min_740nm_2995mW_u1_poc0p6_20x0p75NA_457s50_g70_z1_256pix_basicFLIM_120f_0006,5,False,form,65536,65536,65523,65536,65415,65536,65402,99.8,20260509_KPC_fixed_dishes_on_SLIM::fitet-sz-c2-b5::4_BKOCO2form20min_740nm_2995mW_u1_poc0p6_20x0p75NA_457s50_g70_z1_256pix_basicFLIM_120f_0006
4_BKOCO2form20min_740nm_2995mW_u1_poc0p6_20x0p75NA_457s50_g70_z1_256pix_basicFLIM_120f_0007.sdt,20260509_KPC_fixed_dishes_on_SLIM,fitet-sz-c2-b5,4_BKOCO2form20min_740nm_2995mW_u1_poc0p6_20x0p75NA_457s50_g70_z1_256pix_basicFLIM_120f_0007,5,False,form,65536,65536,65471,65536,65536,65536,65471,99.9,20260509_KPC_fixed_dishes_on_SLIM::fitet-sz-c2-b5::4_BKOCO2form20min_740nm_2995mW_u1_poc0p6_20x0p75NA_457s50_g70_z1_256pix_basicFLIM_120f_0007
4_BKOCO2form20min_740nm_2995mW_u1_poc0p6_20x0p75NA_457s50_g70_z1_256pix_basicFLIM_120f_0008.sdt,20260509_KPC_fixed_dishes_on_SLIM,fitet-sz-c2-b5,4_BKOCO2form20min_740nm_2995mW_u1_poc0p6_20x0p75NA_457s50_g70_z1_256pix_basicFLIM_120f_0008,5,False,form,65536,65536,65528,65536,65387,65536,65379,99.8,20260509_KPC_fixed_dishes_on_SLIM::fitet-sz-c2-b5::4_BKOCO2form20min_740nm_2995mW_u1_poc0p6_20x0p75NA_457s50_g70_z1_256pix_basicFLIM_120f_0008
4_BKOCO2form20min_740nm_2995mW_u1_poc0p6_20x0p75NA_457s50_g70_z1_256pix_basicFLIM_120f_0009.sdt,20260509_KPC_fixed_dishes_on_SLIM,fitet-sz-c2-b5,4_BKOCO2form20min_740nm_2995mW_u1_poc0p6_20x0p75NA_457s50_g70_z1_256pix_basicFLIM_120f_0009,5,False,form,65536,65536,65524,65536,65536,65536,65524,100.0,20260509_KPC_fixed_dishes_on_SLIM::fitet-sz-c2-b5::4_BKOCO2form20min_740nm_2995mW_u1_poc0p6_20x0p75NA_457s50_g70_z1_256pix_basicFLIM_120f_0009
4_BKOCO2form20min_740nm_2995mW_u1_poc0p6_20x0p75NA_457s50_g70_z1_256pix_basicFLIM_120f_0010.sdt,20260509_KPC_fixed_dishes_on_SLIM,fitet-sz-c2-b5,4_BKOCO2form20min_740nm_2995mW_u1_poc0p6_20x0p75NA_457s50_g70_z1_256pix_basicFLIM_120f_0010,5,False,form,65536,65536,65345,65536,65159,65536,64973,99.1,20260509_KPC_fixed_dishes_on_SLIM::fitet-sz-c2-b5::4_BKOCO2form20min_740nm_2995mW_u1_poc0p6_20x0p75NA_457s50_g70_z1_256pix_basicFLIM_120f_0010
4_BKOCO2form20min_740nm_2995mW_u1_poc0p6_20x0p75NA_457s50_g70_z1_256pix_basicFLIM_120f_0011.sdt,20260509_KPC_fixed_dishes_on_SLIM,fitet-sz-c2-b5,4_BKOCO2form20min_740nm_2995mW_u1_poc0p6_20x0p75NA_457s50_g70_z1_256pix_basicFLIM_120f_0011,5,False,form,65536,65536,65497,65536,65228,65536,65189,99.5,20260509_KPC_fixed_dishes_on_SLIM::fitet-sz-c2-b5::4_BKOCO2form20min_740nm_2995mW_u1_poc0p6_20x0p75NA_457s50_g70_z1_256pix_basicFLIM_120f_0011
4_BKOCO2form20min_740nm_2995mW_u1_poc0p6_20x0p75NA_457s50_g70_z1_256pix_basicFLIM_120f_0012.sdt,20260509_KPC_fixed_dishes_on_SLIM,fitet-sz-c2-b5,4_BKOCO2form20min_740nm_2995mW_u1_poc0p6_20x0p75NA_457s50_g70_z1_256pix_basicFLIM_120f_0012,5,False,form,65536,45387,64784,65536,63831,65536,45120,68.8,20260509_KPC_fixed_dishes_on_SLIM::fitet-sz-c2-b5::4_BKOCO2form20min_740nm_2995mW_u1_poc0p6_20x0p75NA_457s50_g70_z1_256pix_basicFLIM_120f_0012
4_BKOCO2form20min_740nm_2995mW_u1_poc0p6_20x0p75NA_457s50_g70_z1_256pix_basicFLIM_120f_0013.sdt,20260509_KPC_fixed_dishes_on_SLIM,fitet-sz-c2-b5,4_BKOCO2form20min_740nm_2995mW_u1_poc0p6_20x0p75NA_457s50_g70_z1_256pix_basicFLIM_120f_0013,5,False,form,65536,65536,65514,65536,65227,65536,65205,99.5,20260509_KPC_fixed_dishes_on_SLIM::fitet-sz-c2-b5::4_BKOCO2form20min_740nm_2995mW_u1_poc0p6_20x0p75NA_457s50_g70_z1_256pix_basicFLIM_120f_0013
4_BKOCO2form20min_740nm_2995mW_u1_poc0p6_20x0p75NA_457s50_g70_z1_256pix_basicFLIM_120f_0014.sdt,20260509_KPC_fixed_dishes_on_SLIM,fitet-sz-c2-b5,4_BKOCO2form20min_740nm_2995mW_u1_poc0p6_20x0p75NA_457s50_g70_z1_256pix_basicFLIM_120f_0014,5,False,form,65536,65536,65435,65536,64680,65536,64585,98.5,20260509_KPC_fixed_dishes_on_SLIM::fitet-sz-c2-b5::4_BKOCO2form20min_740nm_2995mW_u1_poc0p6_20x0p75NA_457s50_g70_z1_256pix_basicFLIM_120f_0014
4_BKOCO2form20min_740nm_2995mW_u1_poc0p6_20x0p75NA_457s50_g70_z1_256pix_basicFLIM_120f_0015.sdt,20260509_KPC_fixed_dishes_on_SLIM,fitet-sz-c2-b5,4_BKOCO2form20min_740nm_2995mW_u1_poc0p6_20x0p75NA_457s50_g70_z1_256pix_basicFLIM_120f_0015,5,False,form,65536,65536,65306,65536,64371,65536,64148,97.9,20260509_KPC_fixed_dishes_on_SLIM::fitet-sz-c2-b5::4_BKOCO2form20min_740nm_2995mW_u1_poc0p6_20x0p75NA_457s50_g70_z1_256pix_basicFLIM_120f_0015
4_BKOCO2form20min_740nm_2995mW_u1_poc0p6_20x0p75NA_535s50_g70_z1_256pix_basicFLIM_120f_0000.sdt,20260509_KPC_fixed_dishes_on_SLIM,fitet-sz-c2-b5,4_BKOCO2form20min_740nm_2995mW_u1_poc0p6_20x0p75NA_535s50_g70_z1_256pix_basicFLIM_120f_0000,5,False,form,65536,65536,65529,65536,65148,65536,65141,99.4,20260509_KPC_fixed_dishes_on_SLIM::fitet-sz-c2-b5::4_BKOCO2form20min_740nm_2995mW_u1_poc0p6_20x0p75NA_535s50_g70_z1_256pix_basicFLIM_120f_0000
4_BKOCO2form20min_740nm_2995mW_u1_poc0p6_20x0p75NA_535s50_g70_z1_256pix_basicFLIM_120f_0001.sdt,20260509_KPC_fixed_dishes_on_SLIM,fitet-sz-c2-b5,4_BKOCO2form20min_740nm_2995mW_u1_poc0p6_20x0p75NA_535s50_g70_z1_256pix_basicFLIM_120f_0001,5,False,form,65536,65536,65264,65536,65425,65536,65154,99.4,20260509_KPC_fixed_dishes_on_SLIM::fitet-sz-c2-b5::4_BKOCO2form20min_740nm_2995mW_u1_poc0p6_20x0p75NA_535s50_g70_z1_256pix_basicFLIM_120f_0001
4_BKOCO2form20min_740nm_2995mW_u1_poc0p6_20x0p75NA_535s50_g70_z1_256pix_basicFLIM_120f_0002.sdt,20260509_KPC_fixed_dishes_on_SLIM,fitet-sz-c2-b5,4_BKOCO2form20min_740nm_2995mW_u1_poc0p6_20x0p75NA_535s50_g70_z1_256pix_basicFLIM_120f_0002,5,False,form,65536,65536,65508,65536,65150,65536,65122,99.4,20260509_KPC_fixed_dishes_on_SLIM::fitet-sz-c2-b5::4_BKOCO2form20min_740nm_2995mW_u1_poc0p6_20x0p75NA_535s50_g70_z1_256pix_basicFLIM_120f_0002
4_BKOCO2form20min_740nm_2995mW_u1_poc0p6_20x0p75NA_535s50_g70_z1_256pix_basicFLIM_120f_0003.sdt,20260509_KPC_fixed_dishes_on_SLIM,fitet-sz-c2-b5,4_BKOCO2form20min_740nm_2995mW_u1_poc0p6_20x0p75NA_535s50_g70_z1_256pix_basicFLIM_120f_0003,5,False,form,65536,65536,65511,65536,65456,65536,65431,99.8,20260509_KPC_fixed_dishes_on_SLIM::fitet-sz-c2-b5::4_BKOCO2form20min_740nm_2995mW_u1_poc0p6_20x0p75NA_535s50_g70_z1_256pix_basicFLIM_120f_0003
4_BKOCO2form20min_740nm_2995mW_u1_poc0p6_20x0p75NA_535s50_g70_z1_256pix_basicFLIM_120f_0004.sdt,20260509_KPC_fixed_dishes_on_SLIM,fitet-sz-c2-b5,4_BKOCO2form20min_740nm_2995mW_u1_poc0p6_20x0p75NA_535s50_g70_z1_256pix_basicFLIM_120f_0004,5,False,form,65536,65536,65509,65536,65492,65536,65465,99.9,20260509_KPC_fixed_dishes_on_SLIM::fitet-sz-c2-b5::4_BKOCO2form20min_740nm_2995mW_u1_poc0p6_20x0p75NA_535s50_g70_z1_256pix_basicFLIM_120f_0004
4_BKOCO2form20min_740nm_2995mW_u1_poc0p6_20x0p75NA_535s50_g70_z1_256pix_basicFLIM_120f_0005.sdt,20260509_KPC_fixed_dishes_on_SLIM,fitet-sz-c2-b5,4_BKOCO2form20min_740nm_2995mW_u1_poc0p6_20x0p75NA_535s50_g70_z1_256pix_basicFLIM_120f_0005,5,False,form,65536,65535,65521,65536,65156,65536,65143,99.4,20260509_KPC_fixed_dishes_on_SLIM::fitet-sz-c2-b5::4_BKOCO2form20min_740nm_2995mW_u1_poc0p6_20x0p75NA_535s50_g70_z1_256pix_basicFLIM_120f_0005
4_BKOCO2form20min_740nm_2995mW_u1_poc0p6_20x0p75NA_535s50_g70_z1_256pix_basicFLIM_120f_0006.sdt,20260509_KPC_fixed_dishes_on_SLIM,fitet-sz-c2-b5,4_BKOCO2form20min_740nm_2995mW_u1_poc0p6_20x0p75NA_535s50_g70_z1_256pix_basicFLIM_120f_0006,5,False,form,65536,65534,65524,65536,65202,65536,65188,99.5,20260509_KPC_fixed_dishes_on_SLIM::fitet-sz-c2-b5::4_BKOCO2form20min_740nm_2995mW_u1_poc0p6_20x0p75NA_535s50_g70_z1_256pix_basicFLIM_120f_0006
4_BKOCO2form20min_740nm_2995mW_u1_poc0p6_20x0p75NA_535s50_g70_z1_256pix_basicFLIM_120f_0007.sdt,20260509_KPC_fixed_dishes_on_SLIM,fitet-sz-c2-b5,4_BKOCO2form20min_740nm_2995mW_u1_poc0p6_20x0p75NA_535s50_g70_z1_256pix_basicFLIM_120f_0007,5,False,form,65536,65536,65438,65536,65458,65536,65425,99.8,20260509_KPC_fixed_dishes_on_SLIM::fitet-sz-c2-b5::4_BKOCO2form20min_740nm_2995mW_u1_poc0p6_20x0p75NA_535s50_g70_z1_256pix_basicFLIM_120f_0007
4_BKOCO2form20min_740nm_2995mW_u1_poc0p6_20x0p75NA_535s50_g70_z1_256pix_basicFLIM_120f_0008.sdt,20260509_KPC_fixed_dishes_on_SLIM,fitet-sz-c2-b5,4_BKOCO2form20min_740nm_2995mW_u1_poc0p6_20x0p75NA_535s50_g70_z1_256pix_basicFLIM_120f_0008,5,False,form,65536,65536,65506,65536,64975,65536,64945,99.1,20260509_KPC_fixed_dishes_on_SLIM::fitet-sz-c2-b5::4_BKOCO2form20min_740nm_2995mW_u1_poc0p6_20x0p75NA_535s50_g70_z1_256pix_basicFLIM_120f_0008
4_BKOCO2form20min_740nm_2995mW_u1_poc0p6_20x0p75NA_535s50_g70_z1_256pix_basicFLIM_120f_0009.sdt,20260509_KPC_fixed_dishes_on_SLIM,fitet-sz-c2-b5,4_BKOCO2form20min_740nm_2995mW_u1_poc0p6_20x0p75NA_535s50_g70_z1_256pix_basicFLIM_120f_0009,5,False,form,65536,65536,65527,65536,65511,65536,65502,99.9,20260509_KPC_fixed_dishes_on_SLIM::fitet-sz-c2-b5::4_BKOCO2form20min_740nm_2995mW_u1_poc0p6_20x0p75NA_535s50_g70_z1_256pix_basicFLIM_120f_0009
4_BKOCO2form20min_740nm_2995mW_u1_poc0p6_20x0p75NA_535s50_g70_z1_256pix_basicFLIM_120f_0010.sdt,20260509_KPC_fixed_dishes_on_SLIM,fitet-sz-c2-b5,4_BKOCO2form20min_740nm_2995mW_u1_poc0p6_20x0p75NA_535s50_g70_z1_256pix_basicFLIM_120f_0010,5,False,form,65536,61551,65274,65536,63444,65536,60063,91.6,20260509_KPC_fixed_dishes_on_SLIM::fitet-sz-c2-b5::4_BKOCO2form20min_740nm_2995mW_u1_poc0p6_20x0p75NA_535s50_g70_z1_256pix_basicFLIM_120f_0010
4_BKOCO2form20min_740nm_2995mW_u1_poc0p6_20x0p75NA_535s50_g70_z1_256pix_basicFLIM_120f_0011.sdt,20260509_KPC_fixed_dishes_on_SLIM,fitet-sz-c2-b5,4_BKOCO2form20min_740nm_2995mW_u1_poc0p6_20x0p75NA_535s50_g70_z1_256pix_basicFLIM_120f_0011,5,False,form,65536,65536,65449,65536,64329,65536,64251,98.0,20260509_KPC_fixed_dishes_on_SLIM::fitet-sz-c2-b5::4_BKOCO2form20min_740nm_2995mW_u1_poc0p6_20x0p75NA_535s50_g70_z1_256pix_basicFLIM_120f_0011
4_BKOCO2form20min_740nm_2995mW_u1_poc0p6_20x0p75NA_535s50_g70_z1_256pix_basicFLIM_120f_0012.sdt,20260509_KPC_fixed_dishes_on_SLIM,fitet-sz-c2-b5,4_BKOCO2form20min_740nm_2995mW_u1_poc0p6_20x0p75NA_535s50_g70_z1_256pix_basicFLIM_120f_0012,5,False,form,65536,42158,64549,65536,60139,65536,41598,63.5,20260509_KPC_fixed_dishes_on_SLIM::fitet-sz-c2-b5::4_BKOCO2form20min_740nm_2995mW_u1_poc0p6_20x0p75NA_535s50_g70_z1_256pix_basicFLIM_120f_0012
4_BKOCO2form20min_740nm_2995mW_u1_poc0p6_20x0p75NA_535s50_g70_z1_256pix_basicFLIM_120f_0013.sdt,20260509_KPC_fixed_dishes_on_SLIM,fitet-sz-c2-b5,4_BKOCO2form20min_740nm_2995mW_u1_poc0p6_20x0p75NA_535s50_g70_z1_256pix_basicFLIM_120f_0013,5,False,form,65536,65536,65451,65536,64014,65536,63951,97.6,20260509_KPC_fixed_dishes_on_SLIM::fitet-sz-c2-b5::4_BKOCO2form20min_740nm_2995mW_u1_poc0p6_20x0p75NA_535s50_g70_z1_256pix_basicFLIM_120f_0013
4_BKOCO2form20min_740nm_2995mW_u1_poc0p6_20x0p75NA_535s50_g70_z1_256pix_basicFLIM_120f_0014.sdt,20260509_KPC_fixed_dishes_on_SLIM,fitet-sz-c2-b5,4_BKOCO2form20min_740nm_2995mW_u1_poc0p6_20x0p75NA_535s50_g70_z1_256pix_basicFLIM_120f_0014,5,False,form,65536,65536,65404,65536,62721,65536,62668,95.6,20260509_KPC_fixed_dishes_on_SLIM::fitet-sz-c2-b5::4_BKOCO2form20min_740nm_2995mW_u1_poc0p6_20x0p75NA_535s50_g70_z1_256pix_basicFLIM_120f_0014
4_BKOCO2form20min_740nm_2995mW_u1_poc0p6_20x0p75NA_535s50_g70_z1_256pix_basicFLIM_120f_0015.sdt,20260509_KPC_fixed_dishes_on_SLIM,fitet-sz-c2-b5,4_BKOCO2form20min_740nm_2995mW_u1_poc0p6_20x0p75NA_535s50_g70_z1_256pix_basicFLIM_120f_0015,5,False,form,65536,63445,65233,65536,62096,65536,60203,91.9,20260509_KPC_fixed_dishes_on_SLIM::fitet-sz-c2-b5::4_BKOCO2form20min_740nm_2995mW_u1_poc0p6_20x0p75NA_535s50_g70_z1_256pix_basicFLIM_120f_0015
3_KPCWTform20min_740nm_3006mW_u1_poc0p25_20x0p75NA_475s50_g70_z1_256pix_basicFLIM_120f_0000.sdt,20260509_KPC_fixed_dishes_on_SLIM,fitet-sz-c3-b5,3_KPCWTform20min_740nm_3006mW_u1_poc0p25_20x0p75NA_475s50_g70_z1_256pix_basicFLIM_120f_0000,5,False,form,65536,0,62978,65473,57283,65536,0,0.0,20260509_KPC_fixed_dishes_on_SLIM::fitet-sz-c3-b5::3_KPCWTform20min_740nm_3006mW_u1_poc0p25_20x0p75NA_475s50_g70_z1_256pix_basicFLIM_120f_0000
3_KPCWTform20min_740nm_3006mW_u1_poc0p25_20x0p75NA_475s50_g70_z1_256pix_basicFLIM_120f_0001.sdt,20260509_KPC_fixed_dishes_on_SLIM,fitet-sz-c3-b5,3_KPCWTform20min_740nm_3006mW_u1_poc0p25_20x0p75NA_475s50_g70_z1_256pix_basicFLIM_120f_0001,5,False,form,65536,0,63801,65477,47488,65536,0,0.0,20260509_KPC_fixed_dishes_on_SLIM::fitet-sz-c3-b5::3_KPCWTform20min_740nm_3006mW_u1_poc0p25_20x0p75NA_475s50_g70_z1_256pix_basicFLIM_120f_0001
3_KPCWTform20min_740nm_3006mW_u1_poc0p25_20x0p75NA_475s50_g70_z1_256pix_basicFLIM_120f_0002.sdt,20260509_KPC_fixed_dishes_on_SLIM,fitet-sz-c3-b5,3_KPCWTform20min_740nm_3006mW_u1_poc0p25_20x0p75NA_475s50_g70_z1_256pix_basicFLIM_120f_0002,5,False,form,65536,0,63821,65529,34026,65536,0,0.0,20260509_KPC_fixed_dishes_on_SLIM::fitet-sz-c3-b5::3_KPCWTform20min_740nm_3006mW_u1_poc0p25_20x0p75NA_475s50_g70_z1_256pix_basicFLIM_120f_0002
3_KPCWTform20min_740nm_3006mW_u1_poc0p25_20x0p75NA_475s50_g70_z1_256pix_basicFLIM_120f_0003.sdt,20260509_KPC_fixed_dishes_on_SLIM,fitet-sz-c3-b5,3_KPCWTform20min_740nm_3006mW_u1_poc0p25_20x0p75NA_475s50_g70_z1_256pix_basicFLIM_120f_0003,5,False,form,65536,0,63245,65521,39958,65536,0,0.0,20260509_KPC_fixed_dishes_on_SLIM::fitet-sz-c3-b5::3_KPCWTform20min_740nm_3006mW_u1_poc0p25_20x0p75NA_475s50_g70_z1_256pix_basicFLIM_120f_0003
3_KPCWTform20min_740nm_3006mW_u1_poc0p25_20x0p75NA_475s50_g70_z1_256pix_basicFLIM_120f_0004.sdt,20260509_KPC_fixed_dishes_on_SLIM,fitet-sz-c3-b5,3_KPCWTform20min_740nm_3006mW_u1_poc0p25_20x0p75NA_475s50_g70_z1_256pix_basicFLIM_120f_0004,5,False,form,65536,25,63027,65475,36319,65536,1,0.0,20260509_KPC_fixed_dishes_on_SLIM::fitet-sz-c3-b5::3_KPCWTform20min_740nm_3006mW_u1_poc0p25_20x0p75NA_475s50_g70_z1_256pix_basicFLIM_120f_0004
3_KPCWTform20min_740nm_3006mW_u1_poc0p25_20x0p75NA_475s50_g70_z1_256pix_basicFLIM_120f_0005.sdt,20260509_KPC_fixed_dishes_on_SLIM,fitet-sz-c3-b5,3_KPCWTform20min_740nm_3006mW_u1_poc0p25_20x0p75NA_475s50_g70_z1_256pix_basicFLIM_120f_0005,5,False,form,65536,806,64428,65536,19498,65536,110,0.2,20260509_KPC_fixed_dishes_on_SLIM::fitet-sz-c3-b5::3_KPCWTform20min_740nm_3006mW_u1_poc0p25_20x0p75NA_475s50_g70_z1_256pix_basicFLIM_120f_0005
3_KPCWTform20min_740nm_3006mW_u1_poc0p25_20x0p75NA_475s50_g70_z1_256pix_basicFLIM_120f_0006.sdt,20260509_KPC_fixed_dishes_on_SLIM,fitet-sz-c3-b5,3_KPCWTform20min_740nm_3006mW_u1_poc0p25_20x0p75NA_475s50_g70_z1_256pix_basicFLIM_120f_0006,5,False,form,65536,10,64069,65536,30649,65536,0,0.0,20260509_KPC_fixed_dishes_on_SLIM::fitet-sz-c3-b5::3_KPCWTform20min_740nm_3006mW_u1_poc0p25_20x0p75NA_475s50_g70_z1_256pix_basicFLIM_120f_0006
3_KPCWTform20min_740nm_3006mW_u1_poc0p25_20x0p75NA_475s50_g70_z1_256pix_basicFLIM_120f_0007.sdt,20260509_KPC_fixed_dishes_on_SLIM,fitet-sz-c3-b5,3_KPCWTform20min_740nm_3006mW_u1_poc0p25_20x0p75NA_475s50_g70_z1_256pix_basicFLIM_120f_0007,5,False,form,65536,0,63054,65527,43545,65536,0,0.0,20260509_KPC_fixed_dishes_on_SLIM::fitet-sz-c3-b5::3_KPCWTform20min_740nm_3006mW_u1_poc0p25_20x0p75NA_475s50_g70_z1_256pix_basicFLIM_120f_0007
3_KPCWTform20min_740nm_3006mW_u1_poc0p25_20x0p75NA_475s50_g70_z1_256pix_basicFLIM_120f_0008.sdt,20260509_KPC_fixed_dishes_on_SLIM,fitet-sz-c3-b5,3_KPCWTform20min_740nm_3006mW_u1_poc0p25_20x0p75NA_475s50_g70_z1_256pix_basicFLIM_120f_0008,5,False,form,65536,0,61438,65482,39221,65536,0,0.0,20260509_KPC_fixed_dishes_on_SLIM::fitet-sz-c3-b5::3_KPCWTform20min_740nm_3006mW_u1_poc0p25_20x0p75NA_475s50_g70_z1_256pix_basicFLIM_120f_0008
3_KPCWTform20min_740nm_3006mW_u1_poc0p25_20x0p75NA_475s50_g70_z1_256pix_basicFLIM_120f_0009.sdt,20260509_KPC_fixed_dishes_on_SLIM,fitet-sz-c3-b5,3_KPCWTform20min_740nm_3006mW_u1_poc0p25_20x0p75NA_475s50_g70_z1_256pix_basicFLIM_120f_0009,5,False,form,65536,0,60214,65296,37939,65536,0,0.0,20260509_KPC_fixed_dishes_on_SLIM::fitet-sz-c3-b5::3_KPCWTform20min_740nm_3006mW_u1_poc0p25_20x0p75NA_475s50_g70_z1_256pix_basicFLIM_120f_0009
3_KPCWTform20min_740nm_3006mW_u1_poc0p25_20x0p75NA_475s50_g70_z1_256pix_basicFLIM_120f_0010.sdt,20260509_KPC_fixed_dishes_on_SLIM,fitet-sz-c3-b5,3_KPCWTform20min_740nm_3006mW_u1_poc0p25_20x0p75NA_475s50_g70_z1_256pix_basicFLIM_120f_0010,5,False,form,65536,0,58380,65226,36545,65536,0,0.0,20260509_KPC_fixed_dishes_on_SLIM::fitet-sz-c3-b5::3_KPCWTform20min_740nm_3006mW_u1_poc0p25_20x0p75NA_475s50_g70_z1_256pix_basicFLIM_120f_0010
3_KPCWTform20min_740nm_3006mW_u1_poc0p25_20x0p75NA_475s50_g70_z1_256pix_basicFLIM_120f_0011.sdt,20260509_KPC_fixed_dishes_on_SLIM,fitet-sz-c3-b5,3_KPCWTform20min_740nm_3006mW_u1_poc0p25_20x0p75NA_475s50_g70_z1_256pix_basicFLIM_120f_0011,5,False,form,65536,0,60574,65451,37041,65536,0,0.0,20260509_KPC_fixed_dishes_on_SLIM::fitet-sz-c3-b5::3_KPCWTform20min_740nm_3006mW_u1_poc0p25_20x0p75NA_475s50_g70_z1_256pix_basicFLIM_120f_0011
3_KPCWTform20min_740nm_3006mW_u1_poc0p25_20x0p75NA_535s50_g70_z1_256pix_basicFLIM_120f_0000.sdt,20260509_KPC_fixed_dishes_on_SLIM,fitet-sz-c3-b5,3_KPCWTform20min_740nm_3006mW_u1_poc0p25_20x0p75NA_535s50_g70_z1_256pix_basicFLIM_120f_0000,5,False,form,65536,0,55872,64738,36046,65536,0,0.0,20260509_KPC_fixed_dishes_on_SLIM::fitet-sz-c3-b5::3_KPCWTform20min_740nm_3006mW_u1_poc0p25_20x0p75NA_535s50_g70_z1_256pix_basicFLIM_120f_0000
3_KPCWTform20min_740nm_3006mW_u1_poc0p25_20x0p75NA_535s50_g70_z1_256pix_basicFLIM_120f_0001.sdt,20260509_KPC_fixed_dishes_on_SLIM,fitet-sz-c3-b5,3_KPCWTform20min_740nm_3006mW_u1_poc0p25_20x0p75NA_535s50_g70_z1_256pix_basicFLIM_120f_0001,5,False,form,65536,0,60679,65522,38218,65536,0,0.0,20260509_KPC_fixed_dishes_on_SLIM::fitet-sz-c3-b5::3_KPCWTform20min_740nm_3006mW_u1_poc0p25_20x0p75NA_535s50_g70_z1_256pix_basicFLIM_120f_0001
3_KPCWTform20min_740nm_3006mW_u1_poc0p25_20x0p75NA_535s50_g70_z1_256pix_basicFLIM_120f_0002.sdt,20260509_KPC_fixed_dishes_on_SLIM,fitet-sz-c3-b5,3_KPCWTform20min_740nm_3006mW_u1_poc0p25_20x0p75NA_535s50_g70_z1_256pix_basicFLIM_120f_0002,5,False,form,65536,0,63276,65527,38332,65536,0,0.0,20260509_KPC_fixed_dishes_on_SLIM::fitet-sz-c3-b5::3_KPCWTform20min_740nm_3006mW_u1_poc0p25_20x0p75NA_535s50_g70_z1_256pix_basicFLIM_120f_0002
3_KPCWTform20min_740nm_3006mW_u1_poc0p25_20x0p75NA_535s50_g70_z1_256pix_basicFLIM_120f_0003.sdt,20260509_KPC_fixed_dishes_on_SLIM,fitet-sz-c3-b5,3_KPCWTform20min_740nm_3006mW_u1_poc0p25_20x0p75NA_535s50_g70_z1_256pix_basicFLIM_120f_0003,5,False,form,65536,0,59966,65507,38020,65536,0,0.0,20260509_KPC_fixed_dishes_on_SLIM::fitet-sz-c3-b5::3_KPCWTform20min_740nm_3006mW_u1_poc0p25_20x0p75NA_535s50_g70_z1_256pix_basicFLIM_120f_0003
3_KPCWTform20min_740nm_3006mW_u1_poc0p25_20x0p75NA_535s50_g70_z1_256pix_basicFLIM_120f_0004.sdt,20260509_KPC_fixed_dishes_on_SLIM,fitet-sz-c3-b5,3_KPCWTform20min_740nm_3006mW_u1_poc0p25_20x0p75NA_535s50_g70_z1_256pix_basicFLIM_120f_0004,5,False,form,65536,161,62122,65415,38288,65536,104,0.2,20260509_KPC_fixed_dishes_on_SLIM::fitet-sz-c3-b5::3_KPCWTform20min_740nm_3006mW_u1_poc0p25_20x0p75NA_535s50_g70_z1_256pix_basicFLIM_120f_0004
3_KPCWTform20min_740nm_3006mW_u1_poc0p25_20x0p75NA_535s50_g70_z1_256pix_basicFLIM_120f_0005.sdt,20260509_KPC_fixed_dishes_on_SLIM,fitet-sz-c3-b5,3_KPCWTform20min_740nm_3006mW_u1_poc0p25_20x0p75NA_535s50_g70_z1_256pix_basicFLIM_120f_0005,5,False,form,65536,3832,65043,65536,28329,65536,597,0.9,20260509_KPC_fixed_dishes_on_SLIM::fitet-sz-c3-b5::3_KPCWTform20min_740nm_3006mW_u1_poc0p25_20x0p75NA_535s50_g70_z1_256pix_basicFLIM_120f_0005
3_KPCWTform20min_740nm_3006mW_u1_poc0p25_20x0p75NA_535s50_g70_z1_256pix_basicFLIM_120f_0006.sdt,20260509_KPC_fixed_dishes_on_SLIM,fitet-sz-c3-b5,3_KPCWTform20min_740nm_3006mW_u1_poc0p25_20x0p75NA_535s50_g70_z1_256pix_basicFLIM_120f_0006,5,False,form,65536,376,64650,65536,39184,65536,79,0.1,20260509_KPC_fixed_dishes_on_SLIM::fitet-sz-c3-b5::3_KPCWTform20min_740nm_3006mW_u1_poc0p25_20x0p75NA_535s50_g70_z1_256pix_basicFLIM_120f_0006
3_KPCWTform20min_740nm_3006mW_u1_poc0p25_20x0p75NA_535s50_g70_z1_256pix_basicFLIM_120f_0007.sdt,20260509_KPC_fixed_dishes_on_SLIM,fitet-sz-c3-b5,3_KPCWTform20min_740nm_3006mW_u1_poc0p25_20x0p75NA_535s50_g70_z1_256pix_basicFLIM_120f_0007,5,False,form,65536,0,62227,65520,39963,65536,0,0.0,20260509_KPC_fixed_dishes_on_SLIM::fitet-sz-c3-b5::3_KPCWTform20min_740nm_3006mW_u1_poc0p25_20x0p75NA_535s50_g70_z1_256pix_basicFLIM_120f_0007
3_KPCWTform20min_740nm_3006mW_u1_poc0p25_20x0p75NA_535s50_g70_z1_256pix_basicFLIM_120f_0008.sdt,20260509_KPC_fixed_dishes_on_SLIM,fitet-sz-c3-b5,3_KPCWTform20min_740nm_3006mW_u1_poc0p25_20x0p75NA_535s50_g70_z1_256pix_basicFLIM_120f_0008,5,False,form,65536,0,61980,65512,42222,65536,0,0.0,20260509_KPC_fixed_dishes_on_SLIM::fitet-sz-c3-b5::3_KPCWTform20min_740nm_3006mW_u1_poc0p25_20x0p75NA_535s50_g70_z1_256pix_basicFLIM_120f_0008
3_KPCWTform20min_740nm_3006mW_u1_poc0p25_20x0p75NA_535s50_g70_z1_256pix_basicFLIM_120f_0009.sdt,20260509_KPC_fixed_dishes_on_SLIM,fitet-sz-c3-b5,3_KPCWTform20min_740nm_3006mW_u1_poc0p25_20x0p75NA_535s50_g70_z1_256pix_basicFLIM_120f_0009,5,False,form,65536,75,60712,65347,41715,65536,3,0.0,20260509_KPC_fixed_dishes_on_SLIM::fitet-sz-c3-b5::3_KPCWTform20min_740nm_3006mW_u1_poc0p25_20x0p75NA_535s50_g70_z1_256pix_basicFLIM_120f_0009
3_KPCWTform20min_740nm_3006mW_u1_poc0p25_20x0p75NA_535s50_g70_z1_256pix_basicFLIM_120f_0010.sdt,20260509_KPC_fixed_dishes_on_SLIM,fitet-sz-c3-b5,3_KPCWTform20min_740nm_3006mW_u1_poc0p25_20x0p75NA_535s50_g70_z1_256pix_basicFLIM_120f_0010,5,False,form,65536,0,59172,65145,41033,65536,0,0.0,20260509_KPC_fixed_dishes_on_SLIM::fitet-sz-c3-b5::3_KPCWTform20min_740nm_3006mW_u1_poc0p25_20x0p75NA_535s50_g70_z1_256pix_basicFLIM_120f_0010
3_KPCWTform20min_740nm_3006mW_u1_poc0p25_20x0p75NA_535s50_g70_z1_256pix_basicFLIM_120f_0011.sdt,20260509_KPC_fixed_dishes_on_SLIM,fitet-sz-c3-b5,3_KPCWTform20min_740nm_3006mW_u1_poc0p25_20x0p75NA_535s50_g70_z1_256pix_basicFLIM_120f_0011,5,False,form,65536,0,59793,65016,39225,65536,0,0.0,20260509_KPC_fixed_dishes_on_SLIM::fitet-sz-c3-b5::3_KPCWTform20min_740nm_3006mW_u1_poc0p25_20x0p75NA_535s50_g70_z1_256pix_basicFLIM_120f_0011
3_KPCWTform20min_740nm_3006mW_u1_poc0p6_20x0p75NA_457s50_g70_z1_256pix_basicFLIM_120f_0000.sdt,20260509_KPC_fixed_dishes_on_SLIM,fitet-sz-c3-b5,3_KPCWTform20min_740nm_3006mW_u1_poc0p6_20x0p75NA_457s50_g70_z1_256pix_basicFLIM_120f_0000,5,False,form,65536,4494,64412,65533,27410,65536,1361,2.1,20260509_KPC_fixed_dishes_on_SLIM::fitet-sz-c3-b5::3_KPCWTform20min_740nm_3006mW_u1_poc0p6_20x0p75NA_457s50_g70_z1_256pix_basicFLIM_120f_0000
3_KPCWTform20min_740nm_3006mW_u1_poc0p6_20x0p75NA_457s50_g70_z1_256pix_basicFLIM_120f_0001.sdt,20260509_KPC_fixed_dishes_on_SLIM,fitet-sz-c3-b5,3_KPCWTform20min_740nm_3006mW_u1_poc0p6_20x0p75NA_457s50_g70_z1_256pix_basicFLIM_120f_0001,5,False,form,65536,38638,65127,65536,30790,65536,18367,28.0,20260509_KPC_fixed_dishes_on_SLIM::fitet-sz-c3-b5::3_KPCWTform20min_740nm_3006mW_u1_poc0p6_20x0p75NA_457s50_g70_z1_256pix_basicFLIM_120f_0001
3_KPCWTform20min_740nm_3006mW_u1_poc0p6_20x0p75NA_457s50_g70_z1_256pix_basicFLIM_120f_0002.sdt,20260509_KPC_fixed_dishes_on_SLIM,fitet-sz-c3-b5,3_KPCWTform20min_740nm_3006mW_u1_poc0p6_20x0p75NA_457s50_g70_z1_256pix_basicFLIM_120f_0002,5,False,form,65536,60174,65356,65536,24317,65536,21847,33.3,20260509_KPC_fixed_dishes_on_SLIM::fitet-sz-c3-b5::3_KPCWTform20min_740nm_3006mW_u1_poc0p6_20x0p75NA_457s50_g70_z1_256pix_basicFLIM_120f_0002
3_KPCWTform20min_740nm_3006mW_u1_poc0p6_20x0p75NA_457s50_g70_z1_256pix_basicFLIM_120f_0003.sdt,20260509_KPC_fixed_dishes_on_SLIM,fitet-sz-c3-b5,3_KPCWTform20min_740nm_3006mW_u1_poc0p6_20x0p75NA_457s50_g70_z1_256pix_basicFLIM_120f_0003,5,False,form,65536,32477,65010,65536,25856,65536,11879,18.1,20260509_KPC_fixed_dishes_on_SLIM::fitet-sz-c3-b5::3_KPCWTform20min_740nm_3006mW_u1_poc0p6_20x0p75NA_457s50_g70_z1_256pix_basicFLIM_120f_0003
3_KPCWTform20min_740nm_3006mW_u1_poc0p6_20x0p75NA_457s50_g70_z1_256pix_basicFLIM_120f_0004.sdt,20260509_KPC_fixed_dishes_on_SLIM,fitet-sz-c3-b5,3_KPCWTform20min_740nm_3006mW_u1_poc0p6_20x0p75NA_457s50_g70_z1_256pix_basicFLIM_120f_0004,5,False,form,65536,50912,65100,65536,30887,65536,23775,36.3,20260509_KPC_fixed_dishes_on_SLIM::fitet-sz-c3-b5::3_KPCWTform20min_740nm_3006mW_u1_poc0p6_20x0p75NA_457s50_g70_z1_256pix_basicFLIM_120f_0004
3_KPCWTform20min_740nm_3006mW_u1_poc0p6_20x0p75NA_457s50_g70_z1_256pix_basicFLIM_120f_0005.sdt,20260509_KPC_fixed_dishes_on_SLIM,fitet-sz-c3-b5,3_KPCWTform20min_740nm_3006mW_u1_poc0p6_20x0p75NA_457s50_g70_z1_256pix_basicFLIM_120f_0005,5,False,form,65536,65536,65466,65536,14040,65536,14012,21.4,20260509_KPC_fixed_dishes_on_SLIM::fitet-sz-c3-b5::3_KPCWTform20min_740nm_3006mW_u1_poc0p6_20x0p75NA_457s50_g70_z1_256pix_basicFLIM_120f_0005
3_KPCWTform20min_740nm_3006mW_u1_poc0p6_20x0p75NA_457s50_g70_z1_256pix_basicFLIM_120f_0006.sdt,20260509_KPC_fixed_dishes_on_SLIM,fitet-sz-c3-b5,3_KPCWTform20min_740nm_3006mW_u1_poc0p6_20x0p75NA_457s50_g70_z1_256pix_basicFLIM_120f_0006,5,False,form,65536,65453,65493,65536,26328,65536,26289,40.1,20260509_KPC_fixed_dishes_on_SLIM::fitet-sz-c3-b5::3_KPCWTform20min_740nm_3006mW_u1_poc0p6_20x0p75NA_457s50_g70_z1_256pix_basicFLIM_120f_0006
3_KPCWTform20min_740nm_3006mW_u1_poc0p6_20x0p75NA_457s50_g70_z1_256pix_basicFLIM_120f_0007.sdt,20260509_KPC_fixed_dishes_on_SLIM,fitet-sz-c3-b5,3_KPCWTform20min_740nm_3006mW_u1_poc0p6_20x0p75NA_457s50_g70_z1_256pix_basicFLIM_120f_0007,5,False,form,65536,55118,65366,65536,34793,65536,28865,44.0,20260509_KPC_fixed_dishes_on_SLIM::fitet-sz-c3-b5::3_KPCWTform20min_740nm_3006mW_u1_poc0p6_20x0p75NA_457s50_g70_z1_256pix_basicFLIM_120f_0007
3_KPCWTform20min_740nm_3006mW_u1_poc0p6_20x0p75NA_457s50_g70_z1_256pix_basicFLIM_120f_0008.sdt,20260509_KPC_fixed_dishes_on_SLIM,fitet-sz-c3-b5,3_KPCWTform20min_740nm_3006mW_u1_poc0p6_20x0p75NA_457s50_g70_z1_256pix_basicFLIM_120f_0008,5,False,form,65536,56410,65277,65523,41819,65536,35373,54.0,20260509_KPC_fixed_dishes_on_SLIM::fitet-sz-c3-b5::3_KPCWTform20min_740nm_3006mW_u1_poc0p6_20x0p75NA_457s50_g70_z1_256pix_basicFLIM_120f_0008
3_KPCWTform20min_740nm_3006mW_u1_poc0p6_20x0p75NA_457s50_g70_z1_256pix_basicFLIM_120f_0009.sdt,20260509_KPC_fixed_dishes_on_SLIM,fitet-sz-c3-b5,3_KPCWTform20min_740nm_3006mW_u1_poc0p6_20x0p75NA_457s50_g70_z1_256pix_basicFLIM_120f_0009,5,False,form,65536,39089,64831,65315,38705,65536,22674,34.6,20260509_KPC_fixed_dishes_on_SLIM::fitet-sz-c3-b5::3_KPCWTform20min_740nm_3006mW_u1_poc0p6_20x0p75NA_457s50_g70_z1_256pix_basicFLIM_120f_0009
3_KPCWTform20min_740nm_3006mW_u1_poc0p6_20x0p75NA_457s50_g70_z1_256pix_basicFLIM_120f_0010.sdt,20260509_KPC_fixed_dishes_on_SLIM,fitet-sz-c3-b5,3_KPCWTform20min_740nm_3006mW_u1_poc0p6_20x0p75NA_457s50_g70_z1_256pix_basicFLIM_120f_0010,5,False,form,65536,24929,64672,65180,36565,65536,14801,22.6,20260509_KPC_fixed_dishes_on_SLIM::fitet-sz-c3-b5::3_KPCWTform20min_740nm_3006mW_u1_poc0p6_20x0p75NA_457s50_g70_z1_256pix_basicFLIM_120f_0010
3_KPCWTform20min_740nm_3006mW_u1_poc0p6_20x0p75NA_457s50_g70_z1_256pix_basicFLIM_120f_0011.sdt,20260509_KPC_fixed_dishes_on_SLIM,fitet-sz-c3-b5,3_KPCWTform20min_740nm_3006mW_u1_poc0p6_20x0p75NA_457s50_g70_z1_256pix_basicFLIM_120f_0011,5,False,form,65536,32645,64857,65523,30698,65536,14626,22.3,20260509_KPC_fixed_dishes_on_SLIM::fitet-sz-c3-b5::3_KPCWTform20min_740nm_3006mW_u1_poc0p6_20x0p75NA_457s50_g70_z1_256pix_basicFLIM_120f_0011
3_KPCWTform20min_740nm_3006mW_u1_poc0p6_20x0p75NA_457s50_g70_z1_256pix_basicFLIM_120f_0012.sdt,20260509_KPC_fixed_dishes_on_SLIM,fitet-sz-c3-b5,3_KPCWTform20min_740nm_3006mW_u1_poc0p6_20x0p75NA_457s50_g70_z1_256pix_basicFLIM_120f_0012,5,False,form,65536,363,64699,65536,41630,65536,246,0.4,20260509_KPC_fixed_dishes_on_SLIM::fitet-sz-c3-b5::3_KPCWTform20min_740nm_3006mW_u1_poc0p6_20x0p75NA_457s50_g70_z1_256pix_basicFLIM_120f_0012
3_KPCWTform20min_740nm_3006mW_u1_poc0p6_20x0p75NA_457s50_g70_z1_256pix_basicFLIM_120f_0013.sdt,20260509_KPC_fixed_dishes_on_SLIM,fitet-sz-c3-b5,3_KPCWTform20min_740nm_3006mW_u1_poc0p6_20x0p75NA_457s50_g70_z1_256pix_basicFLIM_120f_0013,5,False,form,65536,17344,65153,65535,46233,65536,14673,22.4,20260509_KPC_fixed_dishes_on_SLIM::fitet-sz-c3-b5::3_KPCWTform20min_740nm_3006mW_u1_poc0p6_20x0p75NA_457s50_g70_z1_256pix_basicFLIM_120f_0013
3_KPCWTform20min_740nm_3006mW_u1_poc0p6_20x0p75NA_457s50_g70_z1_256pix_basicFLIM_120f_0014.sdt,20260509_KPC_fixed_dishes_on_SLIM,fitet-sz-c3-b5,3_KPCWTform20min_740nm_3006mW_u1_poc0p6_20x0p75NA_457s50_g70_z1_256pix_basicFLIM_120f_0014,5,False,form,65536,52863,65433,65536,54348,65536,44582,68.0,20260509_KPC_fixed_dishes_on_SLIM::fitet-sz-c3-b5::3_KPCWTform20min_740nm_3006mW_u1_poc0p6_20x0p75NA_457s50_g70_z1_256pix_basicFLIM_120f_0014
3_KPCWTform20min_740nm_3006mW_u1_poc0p6_20x0p75NA_457s50_g70_z1_256pix_basicFLIM_120f_0015.sdt,20260509_KPC_fixed_dishes_on_SLIM,fitet-sz-c3-b5,3_KPCWTform20min_740nm_3006mW_u1_poc0p6_20x0p75NA_457s50_g70_z1_256pix_basicFLIM_120f_0015,5,False,form,65536,21561,65257,65536,48770,65536,18647,28.5,20260509_KPC_fixed_dishes_on_SLIM::fitet-sz-c3-b5::3_KPCWTform20min_740nm_3006mW_u1_poc0p6_20x0p75NA_457s50_g70_z1_256pix_basicFLIM_120f_0015
3_KPCWTform20min_740nm_3006mW_u1_poc0p6_20x0p75NA_457s50_g70_z1_256pix_basicFLIM_120f_0016.sdt,20260509_KPC_fixed_dishes_on_SLIM,fitet-sz-c3-b5,3_KPCWTform20min_740nm_3006mW_u1_poc0p6_20x0p75NA_457s50_g70_z1_256pix_basicFLIM_120f_0016,5,False,form,65536,44472,65199,65536,54911,65536,40705,62.1,20260509_KPC_fixed_dishes_on_SLIM::fitet-sz-c3-b5::3_KPCWTform20min_740nm_3006mW_u1_poc0p6_20x0p75NA_457s50_g70_z1_256pix_basicFLIM_120f_0016
3_KPCWTform20min_740nm_3006mW_u1_poc0p6_20x0p75NA_457s50_g70_z1_256pix_basicFLIM_120f_0017.sdt,20260509_KPC_fixed_dishes_on_SLIM,fitet-sz-c3-b5,3_KPCWTform20min_740nm_3006mW_u1_poc0p6_20x0p75NA_457s50_g70_z1_256pix_basicFLIM_120f_0017,5,False,form,65536,65536,60602,65536,63138,65536,58232,88.9,20260509_KPC_fixed_dishes_on_SLIM::fitet-sz-c3-b5::3_KPCWTform20min_740nm_3006mW_u1_poc0p6_20x0p75NA_457s50_g70_z1_256pix_basicFLIM_120f_0017
3_KPCWTform20min_740nm_3006mW_u1_poc0p6_20x0p75NA_457s50_g70_z1_256pix_basicFLIM_120f_0018.sdt,20260509_KPC_fixed_dishes_on_SLIM,fitet-sz-c3-b5,3_KPCWTform20min_740nm_3006mW_u1_poc0p6_20x0p75NA_457s50_g70_z1_256pix_basicFLIM_120f_0018,5,False,form,65536,64940,64559,65536,60996,65536,59656,91.0,20260509_KPC_fixed_dishes_on_SLIM::fitet-sz-c3-b5::3_KPCWTform20min_740nm_3006mW_u1_poc0p6_20x0p75NA_457s50_g70_z1_256pix_basicFLIM_120f_0018
3_KPCWTform20min_740nm_3006mW_u1_poc0p6_20x0p75NA_457s50_g70_z1_256pix_basicFLIM_120f_0019.sdt,20260509_KPC_fixed_dishes_on_SLIM,fitet-sz-c3-b5,3_KPCWTform20min_740nm_3006mW_u1_poc0p6_20x0p75NA_457s50_g70_z1_256pix_basicFLIM_120f_0019,5,False,form,65536,35433,65436,65536,45944,65536,27476,41.9,20260509_KPC_fixed_dishes_on_SLIM::fitet-sz-c3-b5::3_KPCWTform20min_740nm_3006mW_u1_poc0p6_20x0p75NA_457s50_g70_z1_256pix_basicFLIM_120f_0019
3_KPCWTform20min_740nm_3006mW_u1_poc0p6_20x0p75NA_457s50_g70_z1_256pix_basicFLIM_120f_0020.sdt,20260509_KPC_fixed_dishes_on_SLIM,fitet-sz-c3-b5,3_KPCWTform20min_740nm_3006mW_u1_poc0p6_20x0p75NA_457s50_g70_z1_256pix_basicFLIM_120f_0020,5,False,form,65536,39164,65416,65534,43816,65536,27463,41.9,20260509_KPC_fixed_dishes_on_SLIM::fitet-sz-c3-b5::3_KPCWTform20min_740nm_3006mW_u1_poc0p6_20x0p75NA_457s50_g70_z1_256pix_basicFLIM_120f_0020
3_KPCWTform20min_740nm_3006mW_u1_poc0p6_20x0p75NA_457s50_g70_z1_256pix_basicFLIM_120f_0021.sdt,20260509_KPC_fixed_dishes_on_SLIM,fitet-sz-c3-b5,3_KPCWTform20min_740nm_3006mW_u1_poc0p6_20x0p75NA_457s50_g70_z1_256pix_basicFLIM_120f_0021,5,False,form,65536,28120,64763,65347,44594,65536,20425,31.2,20260509_KPC_fixed_dishes_on_SLIM::fitet-sz-c3-b5::3_KPCWTform20min_740nm_3006mW_u1_poc0p6_20x0p75NA_457s50_g70_z1_256pix_basicFLIM_120f_0021
3_KPCWTform20min_740nm_3006mW_u1_poc0p6_20x0p75NA_457s50_g70_z1_256pix_basicFLIM_120f_0022.sdt,20260509_KPC_fixed_dishes_on_SLIM,fitet-sz-c3-b5,3_KPCWTform20min_740nm_3006mW_u1_poc0p6_20x0p75NA_457s50_g70_z1_256pix_basicFLIM_120f_0022,5,False,form,65536,12955,64750,65370,42529,65536,9687,14.8,20260509_KPC_fixed_dishes_on_SLIM::fitet-sz-c3-b5::3_KPCWTform20min_740nm_3006mW_u1_poc0p6_20x0p75NA_457s50_g70_z1_256pix_basicFLIM_120f_0022
3_KPCWTform20min_740nm_3006mW_u1_poc0p6_20x0p75NA_457s50_g70_z1_256pix_basicFLIM_120f_0023.sdt,20260509_KPC_fixed_dishes_on_SLIM,fitet-sz-c3-b5,3_KPCWTform20min_740nm_3006mW_u1_poc0p6_20x0p75NA_457s50_g70_z1_256pix_basicFLIM_120f_0023,5,False,form,65536,16768,65213,65526,45037,65536,13664,20.8,20260509_KPC_fixed_dishes_on_SLIM::fitet-sz-c3-b5::3_KPCWTform20min_740nm_3006mW_u1_poc0p6_20x0p75NA_457s50_g70_z1_256pix_basicFLIM_120f_0023
4_BKOCO2form20min_740nm_2995mW_u1_poc0p25_20x0p75NA_457s50_g70_z1_256pix_basicFLIM_120f_0000.sdt,20260509_KPC_fixed_dishes_on_SLIM,fitet-sz-c3-b5,4_BKOCO2form20min_740nm_2995mW_u1_poc0p25_20x0p75NA_457s50_g70_z1_256pix_basicFLIM_120f_0000,5,False,form,65536,0,63159,65532,32571,65536,0,0.0,20260509_KPC_fixed_dishes_on_SLIM::fitet-sz-c3-b5::4_BKOCO2form20min_740nm_2995mW_u1_poc0p25_20x0p75NA_457s50_g70_z1_256pix_basicFLIM_120f_0000
4_BKOCO2form20min_740nm_2995mW_u1_poc0p25_20x0p75NA_457s50_g70_z1_256pix_basicFLIM_120f_0001.sdt,20260509_KPC_fixed_dishes_on_SLIM,fitet-sz-c3-b5,4_BKOCO2form20min_740nm_2995mW_u1_poc0p25_20x0p75NA_457s50_g70_z1_256pix_basicFLIM_120f_0001,5,False,form,65536,0,62729,65522,33764,65536,0,0.0,20260509_KPC_fixed_dishes_on_SLIM::fitet-sz-c3-b5::4_BKOCO2form20min_740nm_2995mW_u1_poc0p25_20x0p75NA_457s50_g70_z1_256pix_basicFLIM_120f_0001
4_BKOCO2form20min_740nm_2995mW_u1_poc0p25_20x0p75NA_457s50_g70_z1_256pix_basicFLIM_120f_0002.sdt,20260509_KPC_fixed_dishes_on_SLIM,fitet-sz-c3-b5,4_BKOCO2form20min_740nm_2995mW_u1_poc0p25_20x0p75NA_457s50_g70_z1_256pix_basicFLIM_120f_0002,5,False,form,65536,0,61761,65423,30988,65536,0,0.0,20260509_KPC_fixed_dishes_on_SLIM::fitet-sz-c3-b5::4_BKOCO2form20min_740nm_2995mW_u1_poc0p25_20x0p75NA_457s50_g70_z1_256pix_basicFLIM_120f_0002
4_BKOCO2form20min_740nm_2995mW_u1_poc0p25_20x0p75NA_457s50_g70_z1_256pix_basicFLIM_120f_0003.sdt,20260509_KPC_fixed_dishes_on_SLIM,fitet-sz-c3-b5,4_BKOCO2form20min_740nm_2995mW_u1_poc0p25_20x0p75NA_457s50_g70_z1_256pix_basicFLIM_120f_0003,5,False,form,65536,0,62059,65484,32886,65536,0,0.0,20260509_KPC_fixed_dishes_on_SLIM::fitet-sz-c3-b5::4_BKOCO2form20min_740nm_2995mW_u1_poc0p25_20x0p75NA_457s50_g70_z1_256pix_basicFLIM_120f_0003
4_BKOCO2form20min_740nm_2995mW_u1_poc0p25_20x0p75NA_457s50_g70_z1_256pix_basicFLIM_120f_0004.sdt,20260509_KPC_fixed_dishes_on_SLIM,fitet-sz-c3-b5,4_BKOCO2form20min_740nm_2995mW_u1_poc0p25_20x0p75NA_457s50_g70_z1_256pix_basicFLIM_120f_0004,5,False,form,65536,0,61889,65526,35424,65536,0,0.0,20260509_KPC_fixed_dishes_on_SLIM::fitet-sz-c3-b5::4_BKOCO2form20min_740nm_2995mW_u1_poc0p25_20x0p75NA_457s50_g70_z1_256pix_basicFLIM_120f_0004
4_BKOCO2form20min_740nm_2995mW_u1_poc0p25_20x0p75NA_457s50_g70_z1_256pix_basicFLIM_120f_0005.sdt,20260509_KPC_fixed_dishes_on_SLIM,fitet-sz-c3-b5,4_BKOCO2form20min_740nm_2995mW_u1_poc0p25_20x0p75NA_457s50_g70_z1_256pix_basicFLIM_120f_0005,5,False,form,65536,0,61809,65507,36394,65536,0,0.0,20260509_KPC_fixed_dishes_on_SLIM::fitet-sz-c3-b5::4_BKOCO2form20min_740nm_2995mW_u1_poc0p25_20x0p75NA_457s50_g70_z1_256pix_basicFLIM_120f_0005
4_BKOCO2form20min_740nm_2995mW_u1_poc0p25_20x0p75NA_457s50_g70_z1_256pix_basicFLIM_120f_0006.sdt,20260509_KPC_fixed_dishes_on_SLIM,fitet-sz-c3-b5,4_BKOCO2form20min_740nm_2995mW_u1_poc0p25_20x0p75NA_457s50_g70_z1_256pix_basicFLIM_120f_0006,5,False,form,65536,0,62124,65521,34505,65536,0,0.0,20260509_KPC_fixed_dishes_on_SLIM::fitet-sz-c3-b5::4_BKOCO2form20min_740nm_2995mW_u1_poc0p25_20x0p75NA_457s50_g70_z1_256pix_basicFLIM_120f_0006
4_BKOCO2form20min_740nm_2995mW_u1_poc0p25_20x0p75NA_457s50_g70_z1_256pix_basicFLIM_120f_0007.sdt,20260509_KPC_fixed_dishes_on_SLIM,fitet-sz-c3-b5,4_BKOCO2form20min_740nm_2995mW_u1_poc0p25_20x0p75NA_457s50_g70_z1_256pix_basicFLIM_120f_0007,5,False,form,65536,0,62458,65525,34056,65536,0,0.0,20260509_KPC_fixed_dishes_on_SLIM::fitet-sz-c3-b5::4_BKOCO2form20min_740nm_2995mW_u1_poc0p25_20x0p75NA_457s50_g70_z1_256pix_basicFLIM_120f_0007
4_BKOCO2form20min_740nm_2995mW_u1_poc0p25_20x0p75NA_457s50_g70_z1_256pix_basicFLIM_120f_0008.sdt,20260509_KPC_fixed_dishes_on_SLIM,fitet-sz-c3-b5,4_BKOCO2form20min_740nm_2995mW_u1_poc0p25_20x0p75NA_457s50_g70_z1_256pix_basicFLIM_120f_0008,5,False,form,65536,0,61944,65414,35264,65536,0,0.0,20260509_KPC_fixed_dishes_on_SLIM::fitet-sz-c3-b5::4_BKOCO2form20min_740nm_2995mW_u1_poc0p25_20x0p75NA_457s50_g70_z1_256pix_basicFLIM_120f_0008
4_BKOCO2form20min_740nm_2995mW_u1_poc0p25_20x0p75NA_457s50_g70_z1_256pix_basicFLIM_120f_0009.sdt,20260509_KPC_fixed_dishes_on_SLIM,fitet-sz-c3-b5,4_BKOCO2form20min_740nm_2995mW_u1_poc0p25_20x0p75NA_457s50_g70_z1_256pix_basicFLIM_120f_0009,5,False,form,65536,0,62091,65513,33347,65536,0,0.0,20260509_KPC_fixed_dishes_on_SLIM::fitet-sz-c3-b5::4_BKOCO2form20min_740nm_2995mW_u1_poc0p25_20x0p75NA_457s50_g70_z1_256pix_basicFLIM_120f_0009
4_BKOCO2form20min_740nm_2995mW_u1_poc0p25_20x0p75NA_457s50_g70_z1_256pix_basicFLIM_120f_0010.sdt,20260509_KPC_fixed_dishes_on_SLIM,fitet-sz-c3-b5,4_BKOCO2form20min_740nm_2995mW_u1_poc0p25_20x0p75NA_457s50_g70_z1_256pix_basicFLIM_120f_0010,5,False,form,65536,0,60078,65403,38285,65536,0,0.0,20260509_KPC_fixed_dishes_on_SLIM::fitet-sz-c3-b5::4_BKOCO2form20min_740nm_2995mW_u1_poc0p25_20x0p75NA_457s50_g70_z1_256pix_basicFLIM_120f_0010
4_BKOCO2form20min_740nm_2995mW_u1_poc0p25_20x0p75NA_457s50_g70_z1_256pix_basicFLIM_120f_0011.sdt,20260509_KPC_fixed_dishes_on_SLIM,fitet-sz-c3-b5,4_BKOCO2form20min_740nm_2995mW_u1_poc0p25_20x0p75NA_457s50_g70_z1_256pix_basicFLIM_120f_0011,5,False,form,65536,0,60783,65400,37498,65536,0,0.0,20260509_KPC_fixed_dishes_on_SLIM::fitet-sz-c3-b5::4_BKOCO2form20min_740nm_2995mW_u1_poc0p25_20x0p75NA_457s50_g70_z1_256pix_basicFLIM_120f_0011
4_BKOCO2form20min_740nm_2995mW_u1_poc0p25_20x0p75NA_457s50_g70_z1_256pix_basicFLIM_120f_0012.sdt,20260509_KPC_fixed_dishes_on_SLIM,fitet-sz-c3-b5,4_BKOCO2form20min_740nm_2995mW_u1_poc0p25_20x0p75NA_457s50_g70_z1_256pix_basicFLIM_120f_0012,5,False,form,65536,0,56891,63362,32985,65536,0,0.0,20260509_KPC_fixed_dishes_on_SLIM::fitet-sz-c3-b5::4_BKOCO2form20min_740nm_2995mW_u1_poc0p25_20x0p75NA_457s50_g70_z1_256pix_basicFLIM_120f_0012
4_BKOCO2form20min_740nm_2995mW_u1_poc0p25_20x0p75NA_457s50_g70_z1_256pix_basicFLIM_120f_0013.sdt,20260509_KPC_fixed_dishes_on_SLIM,fitet-sz-c3-b5,4_BKOCO2form20min_740nm_2995mW_u1_poc0p25_20x0p75NA_457s50_g70_z1_256pix_basicFLIM_120f_0013,5,False,form,65536,0,61770,65372,35987,65536,0,0.0,20260509_KPC_fixed_dishes_on_SLIM::fitet-sz-c3-b5::4_BKOCO2form20min_740nm_2995mW_u1_poc0p25_20x0p75NA_457s50_g70_z1_256pix_basicFLIM_120f_0013
4_BKOCO2form20min_740nm_2995mW_u1_poc0p25_20x0p75NA_457s50_g70_z1_256pix_basicFLIM_120f_0014.sdt,20260509_KPC_fixed_dishes_on_SLIM,fitet-sz-c3-b5,4_BKOCO2form20min_740nm_2995mW_u1_poc0p25_20x0p75NA_457s50_g70_z1_256pix_basicFLIM_120f_0014,5,False,form,65536,0,60668,65328,37910,65536,0,0.0,20260509_KPC_fixed_dishes_on_SLIM::fitet-sz-c3-b5::4_BKOCO2form20min_740nm_2995mW_u1_poc0p25_20x0p75NA_457s50_g70_z1_256pix_basicFLIM_120f_0014
4_BKOCO2form20min_740nm_2995mW_u1_poc0p25_20x0p75NA_457s50_g70_z1_256pix_basicFLIM_120f_0015.sdt,20260509_KPC_fixed_dishes_on_SLIM,fitet-sz-c3-b5,4_BKOCO2form20min_740nm_2995mW_u1_poc0p25_20x0p75NA_457s50_g70_z1_256pix_basicFLIM_120f_0015,5,False,form,65536,0,60381,65162,37949,65536,0,0.0,20260509_KPC_fixed_dishes_on_SLIM::fitet-sz-c3-b5::4_BKOCO2form20min_740nm_2995mW_u1_poc0p25_20x0p75NA_457s50_g70_z1_256pix_basicFLIM_120f_0015
4_BKOCO2form20min_740nm_2995mW_u1_poc0p25_20x0p75NA_535s50_g70_z1_256pix_basicFLIM_120f_0000.sdt,20260509_KPC_fixed_dishes_on_SLIM,fitet-sz-c3-b5,4_BKOCO2form20min_740nm_2995mW_u1_poc0p25_20x0p75NA_535s50_g70_z1_256pix_basicFLIM_120f_0000,5,False,form,65536,1,63929,65473,31425,65536,0,0.0,20260509_KPC_fixed_dishes_on_SLIM::fitet-sz-c3-b5::4_BKOCO2form20min_740nm_2995mW_u1_poc0p25_20x0p75NA_535s50_g70_z1_256pix_basicFLIM_120f_0000
4_BKOCO2form20min_740nm_2995mW_u1_poc0p25_20x0p75NA_535s50_g70_z1_256pix_basicFLIM_120f_0001.sdt,20260509_KPC_fixed_dishes_on_SLIM,fitet-sz-c3-b5,4_BKOCO2form20min_740nm_2995mW_u1_poc0p25_20x0p75NA_535s50_g70_z1_256pix_basicFLIM_120f_0001,5,False,form,65536,0,62797,65515,35538,65536,0,0.0,20260509_KPC_fixed_dishes_on_SLIM::fitet-sz-c3-b5::4_BKOCO2form20min_740nm_2995mW_u1_poc0p25_20x0p75NA_535s50_g70_z1_256pix_basicFLIM_120f_0001
4_BKOCO2form20min_740nm_2995mW_u1_poc0p25_20x0p75NA_535s50_g70_z1_256pix_basicFLIM_120f_0002.sdt,20260509_KPC_fixed_dishes_on_SLIM,fitet-sz-c3-b5,4_BKOCO2form20min_740nm_2995mW_u1_poc0p25_20x0p75NA_535s50_g70_z1_256pix_basicFLIM_120f_0002,5,False,form,65536,0,62814,65460,31254,65536,0,0.0,20260509_KPC_fixed_dishes_on_SLIM::fitet-sz-c3-b5::4_BKOCO2form20min_740nm_2995mW_u1_poc0p25_20x0p75NA_535s50_g70_z1_256pix_basicFLIM_120f_0002
4_BKOCO2form20min_740nm_2995mW_u1_poc0p25_20x0p75NA_535s50_g70_z1_256pix_basicFLIM_120f_0003.sdt,20260509_KPC_fixed_dishes_on_SLIM,fitet-sz-c3-b5,4_BKOCO2form20min_740nm_2995mW_u1_poc0p25_20x0p75NA_535s50_g70_z1_256pix_basicFLIM_120f_0003,5,False,form,65536,0,62589,65472,33710,65536,0,0.0,20260509_KPC_fixed_dishes_on_SLIM::fitet-sz-c3-b5::4_BKOCO2form20min_740nm_2995mW_u1_poc0p25_20x0p75NA_535s50_g70_z1_256pix_basicFLIM_120f_0003
4_BKOCO2form20min_740nm_2995mW_u1_poc0p25_20x0p75NA_535s50_g70_z1_256pix_basicFLIM_120f_0004.sdt,20260509_KPC_fixed_dishes_on_SLIM,fitet-sz-c3-b5,4_BKOCO2form20min_740nm_2995mW_u1_poc0p25_20x0p75NA_535s50_g70_z1_256pix_basicFLIM_120f_0004,5,False,form,65536,0,62515,65481,35575,65536,0,0.0,20260509_KPC_fixed_dishes_on_SLIM::fitet-sz-c3-b5::4_BKOCO2form20min_740nm_2995mW_u1_poc0p25_20x0p75NA_535s50_g70_z1_256pix_basicFLIM_120f_0004
4_BKOCO2form20min_740nm_2995mW_u1_poc0p25_20x0p75NA_535s50_g70_z1_256pix_basicFLIM_120f_0005.sdt,20260509_KPC_fixed_dishes_on_SLIM,fitet-sz-c3-b5,4_BKOCO2form20min_740nm_2995mW_u1_poc0p25_20x0p75NA_535s50_g70_z1_256pix_basicFLIM_120f_0005,5,False,form,65536,0,62350,65499,33461,65536,0,0.0,20260509_KPC_fixed_dishes_on_SLIM::fitet-sz-c3-b5::4_BKOCO2form20min_740nm_2995mW_u1_poc0p25_20x0p75NA_535s50_g70_z1_256pix_basicFLIM_120f_0005
4_BKOCO2form20min_740nm_2995mW_u1_poc0p25_20x0p75NA_535s50_g70_z1_256pix_basicFLIM_120f_0006.sdt,20260509_KPC_fixed_dishes_on_SLIM,fitet-sz-c3-b5,4_BKOCO2form20min_740nm_2995mW_u1_poc0p25_20x0p75NA_535s50_g70_z1_256pix_basicFLIM_120f_0006,5,False,form,65536,0,62617,65514,34328,65536,0,0.0,20260509_KPC_fixed_dishes_on_SLIM::fitet-sz-c3-b5::4_BKOCO2form20min_740nm_2995mW_u1_poc0p25_20x0p75NA_535s50_g70_z1_256pix_basicFLIM_120f_0006
4_BKOCO2form20min_740nm_2995mW_u1_poc0p25_20x0p75NA_535s50_g70_z1_256pix_basicFLIM_120f_0007.sdt,20260509_KPC_fixed_dishes_on_SLIM,fitet-sz-c3-b5,4_BKOCO2form20min_740nm_2995mW_u1_poc0p25_20x0p75NA_535s50_g70_z1_256pix_basicFLIM_120f_0007,5,False,form,65536,0,63465,65520,34776,65536,0,0.0,20260509_KPC_fixed_dishes_on_SLIM::fitet-sz-c3-b5::4_BKOCO2form20min_740nm_2995mW_u1_poc0p25_20x0p75NA_535s50_g70_z1_256pix_basicFLIM_120f_0007
4_BKOCO2form20min_740nm_2995mW_u1_poc0p25_20x0p75NA_535s50_g70_z1_256pix_basicFLIM_120f_0008.sdt,20260509_KPC_fixed_dishes_on_SLIM,fitet-sz-c3-b5,4_BKOCO2form20min_740nm_2995mW_u1_poc0p25_20x0p75NA_535s50_g70_z1_256pix_basicFLIM_120f_0008,5,False,form,65536,0,62251,65371,34984,65536,0,0.0,20260509_KPC_fixed_dishes_on_SLIM::fitet-sz-c3-b5::4_BKOCO2form20min_740nm_2995mW_u1_poc0p25_20x0p75NA_535s50_g70_z1_256pix_basicFLIM_120f_0008
4_BKOCO2form20min_740nm_2995mW_u1_poc0p25_20x0p75NA_535s50_g70_z1_256pix_basicFLIM_120f_0009.sdt,20260509_KPC_fixed_dishes_on_SLIM,fitet-sz-c3-b5,4_BKOCO2form20min_740nm_2995mW_u1_poc0p25_20x0p75NA_535s50_g70_z1_256pix_basicFLIM_120f_0009,5,False,form,65536,0,62911,65514,33142,65536,0,0.0,20260509_KPC_fixed_dishes_on_SLIM::fitet-sz-c3-b5::4_BKOCO2form20min_740nm_2995mW_u1_poc0p25_20x0p75NA_535s50_g70_z1_256pix_basicFLIM_120f_0009
4_BKOCO2form20min_740nm_2995mW_u1_poc0p25_20x0p75NA_535s50_g70_z1_256pix_basicFLIM_120f_0010.sdt,20260509_KPC_fixed_dishes_on_SLIM,fitet-sz-c3-b5,4_BKOCO2form20min_740nm_2995mW_u1_poc0p25_20x0p75NA_535s50_g70_z1_256pix_basicFLIM_120f_0010,5,False,form,65536,0,60712,65300,39886,65536,0,0.0,20260509_KPC_fixed_dishes_on_SLIM::fitet-sz-c3-b5::4_BKOCO2form20min_740nm_2995mW_u1_poc0p25_20x0p75NA_535s50_g70_z1_256pix_basicFLIM_120f_0010
4_BKOCO2form20min_740nm_2995mW_u1_poc0p25_20x0p75NA_535s50_g70_z1_256pix_basicFLIM_120f_0011.sdt,20260509_KPC_fixed_dishes_on_SLIM,fitet-sz-c3-b5,4_BKOCO2form20min_740nm_2995mW_u1_poc0p25_20x0p75NA_535s50_g70_z1_256pix_basicFLIM_120f_0011,5,False,form,65536,0,61444,65178,39494,65536,0,0.0,20260509_KPC_fixed_dishes_on_SLIM::fitet-sz-c3-b5::4_BKOCO2form20min_740nm_2995mW_u1_poc0p25_20x0p75NA_535s50_g70_z1_256pix_basicFLIM_120f_0011
4_BKOCO2form20min_740nm_2995mW_u1_poc0p25_20x0p75NA_535s50_g70_z1_256pix_basicFLIM_120f_0012.sdt,20260509_KPC_fixed_dishes_on_SLIM,fitet-sz-c3-b5,4_BKOCO2form20min_740nm_2995mW_u1_poc0p25_20x0p75NA_535s50_g70_z1_256pix_basicFLIM_120f_0012,5,False,form,65536,0,58553,63941,39485,65536,0,0.0,20260509_KPC_fixed_dishes_on_SLIM::fitet-sz-c3-b5::4_BKOCO2form20min_740nm_2995mW_u1_poc0p25_20x0p75NA_535s50_g70_z1_256pix_basicFLIM_120f_0012
4_BKOCO2form20min_740nm_2995mW_u1_poc0p25_20x0p75NA_535s50_g70_z1_256pix_basicFLIM_120f_0013.sdt,20260509_KPC_fixed_dishes_on_SLIM,fitet-sz-c3-b5,4_BKOCO2form20min_740nm_2995mW_u1_poc0p25_20x0p75NA_535s50_g70_z1_256pix_basicFLIM_120f_0013,5,False,form,65536,0,62094,65343,39030,65536,0,0.0,20260509_KPC_fixed_dishes_on_SLIM::fitet-sz-c3-b5::4_BKOCO2form20min_740nm_2995mW_u1_poc0p25_20x0p75NA_535s50_g70_z1_256pix_basicFLIM_120f_0013
4_BKOCO2form20min_740nm_2995mW_u1_poc0p25_20x0p75NA_535s50_g70_z1_256pix_basicFLIM_120f_0014.sdt,20260509_KPC_fixed_dishes_on_SLIM,fitet-sz-c3-b5,4_BKOCO2form20min_740nm_2995mW_u1_poc0p25_20x0p75NA_535s50_g70_z1_256pix_basicFLIM_120f_0014,5,False,form,65536,0,61437,65045,38421,65536,0,0.0,20260509_KPC_fixed_dishes_on_SLIM::fitet-sz-c3-b5::4_BKOCO2form20min_740nm_2995mW_u1_poc0p25_20x0p75NA_535s50_g70_z1_256pix_basicFLIM_120f_0014
4_BKOCO2form20min_740nm_2995mW_u1_poc0p25_20x0p75NA_535s50_g70_z1_256pix_basicFLIM_120f_0015.sdt,20260509_KPC_fixed_dishes_on_SLIM,fitet-sz-c3-b5,4_BKOCO2form20min_740nm_2995mW_u1_poc0p25_20x0p75NA_535s50_g70_z1_256pix_basicFLIM_120f_0015,5,False,form,65536,0,60650,64746,38731,65536,0,0.0,20260509_KPC_fixed_dishes_on_SLIM::fitet-sz-c3-b5::4_BKOCO2form20min_740nm_2995mW_u1_poc0p25_20x0p75NA_535s50_g70_z1_256pix_basicFLIM_120f_0015
4_BKOCO2form20min_740nm_2995mW_u1_poc0p6_20x0p75NA_457s50_g70_z1_256pix_basicFLIM_120f_0000.sdt,20260509_KPC_fixed_dishes_on_SLIM,fitet-sz-c3-b5,4_BKOCO2form20min_740nm_2995mW_u1_poc0p6_20x0p75NA_457s50_g70_z1_256pix_basicFLIM_120f_0000,5,False,form,65536,65482,65479,65536,40682,65536,40640,62.0,20260509_KPC_fixed_dishes_on_SLIM::fitet-sz-c3-b5::4_BKOCO2form20min_740nm_2995mW_u1_poc0p6_20x0p75NA_457s50_g70_z1_256pix_basicFLIM_120f_0000
4_BKOCO2form20min_740nm_2995mW_u1_poc0p6_20x0p75NA_457s50_g70_z1_256pix_basicFLIM_120f_0001.sdt,20260509_KPC_fixed_dishes_on_SLIM,fitet-sz-c3-b5,4_BKOCO2form20min_740nm_2995mW_u1_poc0p6_20x0p75NA_457s50_g70_z1_256pix_basicFLIM_120f_0001,5,False,form,65536,62240,65466,65536,43185,65536,41024,62.6,20260509_KPC_fixed_dishes_on_SLIM::fitet-sz-c3-b5::4_BKOCO2form20min_740nm_2995mW_u1_poc0p6_20x0p75NA_457s50_g70_z1_256pix_basicFLIM_120f_0001
4_BKOCO2form20min_740nm_2995mW_u1_poc0p6_20x0p75NA_457s50_g70_z1_256pix_basicFLIM_120f_0002.sdt,20260509_KPC_fixed_dishes_on_SLIM,fitet-sz-c3-b5,4_BKOCO2form20min_740nm_2995mW_u1_poc0p6_20x0p75NA_457s50_g70_z1_256pix_basicFLIM_120f_0002,5,False,form,65536,65436,65455,65536,44195,65536,44105,67.3,20260509_KPC_fixed_dishes_on_SLIM::fitet-sz-c3-b5::4_BKOCO2form20min_740nm_2995mW_u1_poc0p6_20x0p75NA_457s50_g70_z1_256pix_basicFLIM_120f_0002
4_BKOCO2form20min_740nm_2995mW_u1_poc0p6_20x0p75NA_457s50_g70_z1_256pix_basicFLIM_120f_0003.sdt,20260509_KPC_fixed_dishes_on_SLIM,fitet-sz-c3-b5,4_BKOCO2form20min_740nm_2995mW_u1_poc0p6_20x0p75NA_457s50_g70_z1_256pix_basicFLIM_120f_0003,5,False,form,65536,64776,65491,65536,44803,65536,44332,67.6,20260509_KPC_fixed_dishes_on_SLIM::fitet-sz-c3-b5::4_BKOCO2form20min_740nm_2995mW_u1_poc0p6_20x0p75NA_457s50_g70_z1_256pix_basicFLIM_120f_0003
4_BKOCO2form20min_740nm_2995mW_u1_poc0p6_20x0p75NA_457s50_g70_z1_256pix_basicFLIM_120f_0004.sdt,20260509_KPC_fixed_dishes_on_SLIM,fitet-sz-c3-b5,4_BKOCO2form20min_740nm_2995mW_u1_poc0p6_20x0p75NA_457s50_g70_z1_256pix_basicFLIM_120f_0004,5,False,form,65536,65150,65497,65536,44176,65536,43838,66.9,20260509_KPC_fixed_dishes_on_SLIM::fitet-sz-c3-b5::4_BKOCO2form20min_740nm_2995mW_u1_poc0p6_20x0p75NA_457s50_g70_z1_256pix_basicFLIM_120f_0004
4_BKOCO2form20min_740nm_2995mW_u1_poc0p6_20x0p75NA_457s50_g70_z1_256pix_basicFLIM_120f_0005.sdt,20260509_KPC_fixed_dishes_on_SLIM,fitet-sz-c3-b5,4_BKOCO2form20min_740nm_2995mW_u1_poc0p6_20x0p75NA_457s50_g70_z1_256pix_basicFLIM_120f_0005,5,False,form,65536,63766,65462,65536,44100,65536,42754,65.2,20260509_KPC_fixed_dishes_on_SLIM::fitet-sz-c3-b5::4_BKOCO2form20min_740nm_2995mW_u1_poc0p6_20x0p75NA_457s50_g70_z1_256pix_basicFLIM_120f_0005
4_BKOCO2form20min_740nm_2995mW_u1_poc0p6_20x0p75NA_457s50_g70_z1_256pix_basicFLIM_120f_0006.sdt,20260509_KPC_fixed_dishes_on_SLIM,fitet-sz-c3-b5,4_BKOCO2form20min_740nm_2995mW_u1_poc0p6_20x0p75NA_457s50_g70_z1_256pix_basicFLIM_120f_0006,5,False,form,65536,62246,65438,65536,41170,65536,38825,59.2,20260509_KPC_fixed_dishes_on_SLIM::fitet-sz-c3-b5::4_BKOCO2form20min_740nm_2995mW_u1_poc0p6_20x0p75NA_457s50_g70_z1_256pix_basicFLIM_120f_0006
4_BKOCO2form20min_740nm_2995mW_u1_poc0p6_20x0p75NA_457s50_g70_z1_256pix_basicFLIM_120f_0007.sdt,20260509_KPC_fixed_dishes_on_SLIM,fitet-sz-c3-b5,4_BKOCO2form20min_740nm_2995mW_u1_poc0p6_20x0p75NA_457s50_g70_z1_256pix_basicFLIM_120f_0007,5,False,form,65536,65444,65496,65536,41045,65536,40961,62.5,20260509_KPC_fixed_dishes_on_SLIM::fitet-sz-c3-b5::4_BKOCO2form20min_740nm_2995mW_u1_poc0p6_20x0p75NA_457s50_g70_z1_256pix_basicFLIM_120f_0007
4_BKOCO2form20min_740nm_2995mW_u1_poc0p6_20x0p75NA_457s50_g70_z1_256pix_basicFLIM_120f_0008.sdt,20260509_KPC_fixed_dishes_on_SLIM,fitet-sz-c3-b5,4_BKOCO2form20min_740nm_2995mW_u1_poc0p6_20x0p75NA_457s50_g70_z1_256pix_basicFLIM_120f_0008,5,False,form,65536,64760,65418,65536,45977,65536,45344,69.2,20260509_KPC_fixed_dishes_on_SLIM::fitet-sz-c3-b5::4_BKOCO2form20min_740nm_2995mW_u1_poc0p6_20x0p75NA_457s50_g70_z1_256pix_basicFLIM_120f_0008
4_BKOCO2form20min_740nm_2995mW_u1_poc0p6_20x0p75NA_457s50_g70_z1_256pix_basicFLIM_120f_0009.sdt,20260509_KPC_fixed_dishes_on_SLIM,fitet-sz-c3-b5,4_BKOCO2form20min_740nm_2995mW_u1_poc0p6_20x0p75NA_457s50_g70_z1_256pix_basicFLIM_120f_0009,5,False,form,65536,65208,65456,65536,43338,65536,43075,65.7,20260509_KPC_fixed_dishes_on_SLIM::fitet-sz-c3-b5::4_BKOCO2form20min_740nm_2995mW_u1_poc0p6_20x0p75NA_457s50_g70_z1_256pix_basicFLIM_120f_0009
4_BKOCO2form20min_740nm_2995mW_u1_poc0p6_20x0p75NA_457s50_g70_z1_256pix_basicFLIM_120f_0010.sdt,20260509_KPC_fixed_dishes_on_SLIM,fitet-sz-c3-b5,4_BKOCO2form20min_740nm_2995mW_u1_poc0p6_20x0p75NA_457s50_g70_z1_256pix_basicFLIM_120f_0010,5,False,form,65536,49304,65259,65447,47357,65536,36469,55.6,20260509_KPC_fixed_dishes_on_SLIM::fitet-sz-c3-b5::4_BKOCO2form20min_740nm_2995mW_u1_poc0p6_20x0p75NA_457s50_g70_z1_256pix_basicFLIM_120f_0010
4_BKOCO2form20min_740nm_2995mW_u1_poc0p6_20x0p75NA_457s50_g70_z1_256pix_basicFLIM_120f_0011.sdt,20260509_KPC_fixed_dishes_on_SLIM,fitet-sz-c3-b5,4_BKOCO2form20min_740nm_2995mW_u1_poc0p6_20x0p75NA_457s50_g70_z1_256pix_basicFLIM_120f_0011,5,False,form,65536,58990,64342,65502,50728,65536,44888,68.5,20260509_KPC_fixed_dishes_on_SLIM::fitet-sz-c3-b5::4_BKOCO2form20min_740nm_2995mW_u1_poc0p6_20x0p75NA_457s50_g70_z1_256pix_basicFLIM_120f_0011
4_BKOCO2form20min_740nm_2995mW_u1_poc0p6_20x0p75NA_457s50_g70_z1_256pix_basicFLIM_120f_0012.sdt,20260509_KPC_fixed_dishes_on_SLIM,fitet-sz-c3-b5,4_BKOCO2form20min_740nm_2995mW_u1_poc0p6_20x0p75NA_457s50_g70_z1_256pix_basicFLIM_120f_0012,5,False,form,65536,31769,64702,65328,42338,65536,22703,34.6,20260509_KPC_fixed_dishes_on_SLIM::fitet-sz-c3-b5::4_BKOCO2form20min_740nm_2995mW_u1_poc0p6_20x0p75NA_457s50_g70_z1_256pix_basicFLIM_120f_0012
4_BKOCO2form20min_740nm_2995mW_u1_poc0p6_20x0p75NA_457s50_g70_z1_256pix_basicFLIM_120f_0013.sdt,20260509_KPC_fixed_dishes_on_SLIM,fitet-sz-c3-b5,4_BKOCO2form20min_740nm_2995mW_u1_poc0p6_20x0p75NA_457s50_g70_z1_256pix_basicFLIM_120f_0013,5,False,form,65536,58974,65313,65449,47130,65536,42900,65.5,20260509_KPC_fixed_dishes_on_SLIM::fitet-sz-c3-b5::4_BKOCO2form20min_740nm_2995mW_u1_poc0p6_20x0p75NA_457s50_g70_z1_256pix_basicFLIM_120f_0013
4_BKOCO2form20min_740nm_2995mW_u1_poc0p6_20x0p75NA_457s50_g70_z1_256pix_basicFLIM_120f_0014.sdt,20260509_KPC_fixed_dishes_on_SLIM,fitet-sz-c3-b5,4_BKOCO2form20min_740nm_2995mW_u1_poc0p6_20x0p75NA_457s50_g70_z1_256pix_basicFLIM_120f_0014,5,False,form,65536,53866,64693,65476,49868,65536,40188,61.3,20260509_KPC_fixed_dishes_on_SLIM::fitet-sz-c3-b5::4_BKOCO2form20min_740nm_2995mW_u1_poc0p6_20x0p75NA_457s50_g70_z1_256pix_basicFLIM_120f_0014
4_BKOCO2form20min_740nm_2995mW_u1_poc0p6_20x0p75NA_457s50_g70_z1_256pix_basicFLIM_120f_0015.sdt,20260509_KPC_fixed_dishes_on_SLIM,fitet-sz-c3-b5,4_BKOCO2form20min_740nm_2995mW_u1_poc0p6_20x0p75NA_457s50_g70_z1_256pix_basicFLIM_120f_0015,5,False,form,65536,50366,63817,65362,47469,65536,36118,55.1,20260509_KPC_fixed_dishes_on_SLIM::fitet-sz-c3-b5::4_BKOCO2form20min_740nm_2995mW_u1_poc0p6_20x0p75NA_457s50_g70_z1_256pix_basicFLIM_120f_0015
4_BKOCO2form20min_740nm_2995mW_u1_poc0p6_20x0p75NA_535s50_g70_z1_256pix_basicFLIM_120f_0000.sdt,20260509_KPC_fixed_dishes_on_SLIM,fitet-sz-c3-b5,4_BKOCO2form20min_740nm_2995mW_u1_poc0p6_20x0p75NA_535s50_g70_z1_256pix_basicFLIM_120f_0000,5,False,form,65536,64770,65512,65536,36752,65536,36349,55.5,20260509_KPC_fixed_dishes_on_SLIM::fitet-sz-c3-b5::4_BKOCO2form20min_740nm_2995mW_u1_poc0p6_20x0p75NA_535s50_g70_z1_256pix_basicFLIM_120f_0000
4_BKOCO2form20min_740nm_2995mW_u1_poc0p6_20x0p75NA_535s50_g70_z1_256pix_basicFLIM_120f_0001.sdt,20260509_KPC_fixed_dishes_on_SLIM,fitet-sz-c3-b5,4_BKOCO2form20min_740nm_2995mW_u1_poc0p6_20x0p75NA_535s50_g70_z1_256pix_basicFLIM_120f_0001,5,False,form,65536,55079,65353,65536,45868,65536,39644,60.5,20260509_KPC_fixed_dishes_on_SLIM::fitet-sz-c3-b5::4_BKOCO2form20min_740nm_2995mW_u1_poc0p6_20x0p75NA_535s50_g70_z1_256pix_basicFLIM_120f_0001
4_BKOCO2form20min_740nm_2995mW_u1_poc0p6_20x0p75NA_535s50_g70_z1_256pix_basicFLIM_120f_0002.sdt,20260509_KPC_fixed_dishes_on_SLIM,fitet-sz-c3-b5,4_BKOCO2form20min_740nm_2995mW_u1_poc0p6_20x0p75NA_535s50_g70_z1_256pix_basicFLIM_120f_0002,5,False,form,65536,64502,65484,65534,34244,65536,33691,51.4,20260509_KPC_fixed_dishes_on_SLIM::fitet-sz-c3-b5::4_BKOCO2form20min_740nm_2995mW_u1_poc0p6_20x0p75NA_535s50_g70_z1_256pix_basicFLIM_120f_0002
4_BKOCO2form20min_740nm_2995mW_u1_poc0p6_20x0p75NA_535s50_g70_z1_256pix_basicFLIM_120f_0003.sdt,20260509_KPC_fixed_dishes_on_SLIM,fitet-sz-c3-b5,4_BKOCO2form20min_740nm_2995mW_u1_poc0p6_20x0p75NA_535s50_g70_z1_256pix_basicFLIM_120f_0003,5,False,form,65536,61758,65497,65531,37822,65536,35579,54.3,20260509_KPC_fixed_dishes_on_SLIM::fitet-sz-c3-b5::4_BKOCO2form20min_740nm_2995mW_u1_poc0p6_20x0p75NA_535s50_g70_z1_256pix_basicFLIM_120f_0003
4_BKOCO2form20min_740nm_2995mW_u1_poc0p6_20x0p75NA_535s50_g70_z1_256pix_basicFLIM_120f_0004.sdt,20260509_KPC_fixed_dishes_on_SLIM,fitet-sz-c3-b5,4_BKOCO2form20min_740nm_2995mW_u1_poc0p6_20x0p75NA_535s50_g70_z1_256pix_basicFLIM_120f_0004,5,False,form,65536,59027,65499,65535,41939,65536,38156,58.2,20260509_KPC_fixed_dishes_on_SLIM::fitet-sz-c3-b5::4_BKOCO2form20min_740nm_2995mW_u1_poc0p6_20x0p75NA_535s50_g70_z1_256pix_basicFLIM_120f_0004
4_BKOCO2form20min_740nm_2995mW_u1_poc0p6_20x0p75NA_535s50_g70_z1_256pix_basicFLIM_120f_0005.sdt,20260509_KPC_fixed_dishes_on_SLIM,fitet-sz-c3-b5,4_BKOCO2form20min_740nm_2995mW_u1_poc0p6_20x0p75NA_535s50_g70_z1_256pix_basicFLIM_120f_0005,5,False,form,65536,53268,65442,65536,42520,65536,35548,54.2,20260509_KPC_fixed_dishes_on_SLIM::fitet-sz-c3-b5::4_BKOCO2form20min_740nm_2995mW_u1_poc0p6_20x0p75NA_535s50_g70_z1_256pix_basicFLIM_120f_0005
4_BKOCO2form20min_740nm_2995mW_u1_poc0p6_20x0p75NA_535s50_g70_z1_256pix_basicFLIM_120f_0006.sdt,20260509_KPC_fixed_dishes_on_SLIM,fitet-sz-c3-b5,4_BKOCO2form20min_740nm_2995mW_u1_poc0p6_20x0p75NA_535s50_g70_z1_256pix_basicFLIM_120f_0006,5,False,form,65536,50299,65484,65536,48808,65536,39209,59.8,20260509_KPC_fixed_dishes_on_SLIM::fitet-sz-c3-b5::4_BKOCO2form20min_740nm_2995mW_u1_poc0p6_20x0p75NA_535s50_g70_z1_256pix_basicFLIM_120f_0006
4_BKOCO2form20min_740nm_2995mW_u1_poc0p6_20x0p75NA_535s50_g70_z1_256pix_basicFLIM_120f_0007.sdt,20260509_KPC_fixed_dishes_on_SLIM,fitet-sz-c3-b5,4_BKOCO2form20min_740nm_2995mW_u1_poc0p6_20x0p75NA_535s50_g70_z1_256pix_basicFLIM_120f_0007,5,False,form,65536,63635,65474,65536,44795,65536,43715,66.7,20260509_KPC_fixed_dishes_on_SLIM::fitet-sz-c3-b5::4_BKOCO2form20min_740nm_2995mW_u1_poc0p6_20x0p75NA_535s50_g70_z1_256pix_basicFLIM_120f_0007
4_BKOCO2form20min_740nm_2995mW_u1_poc0p6_20x0p75NA_535s50_g70_z1_256pix_basicFLIM_120f_0008.sdt,20260509_KPC_fixed_dishes_on_SLIM,fitet-sz-c3-b5,4_BKOCO2form20min_740nm_2995mW_u1_poc0p6_20x0p75NA_535s50_g70_z1_256pix_basicFLIM_120f_0008,5,False,form,65536,63229,65462,65531,35964,65536,34667,52.9,20260509_KPC_fixed_dishes_on_SLIM::fitet-sz-c3-b5::4_BKOCO2form20min_740nm_2995mW_u1_poc0p6_20x0p75NA_535s50_g70_z1_256pix_basicFLIM_120f_0008
4_BKOCO2form20min_740nm_2995mW_u1_poc0p6_20x0p75NA_535s50_g70_z1_256pix_basicFLIM_120f_0009.sdt,20260509_KPC_fixed_dishes_on_SLIM,fitet-sz-c3-b5,4_BKOCO2form20min_740nm_2995mW_u1_poc0p6_20x0p75NA_535s50_g70_z1_256pix_basicFLIM_120f_0009,5,False,form,65536,62424,65525,65536,41681,65536,40015,61.1,20260509_KPC_fixed_dishes_on_SLIM::fitet-sz-c3-b5::4_BKOCO2form20min_740nm_2995mW_u1_poc0p6_20x0p75NA_535s50_g70_z1_256pix_basicFLIM_120f_0009
4_BKOCO2form20min_740nm_2995mW_u1_poc0p6_20x0p75NA_535s50_g70_z1_256pix_basicFLIM_120f_0010.sdt,20260509_KPC_fixed_dishes_on_SLIM,fitet-sz-c3-b5,4_BKOCO2form20min_740nm_2995mW_u1_poc0p6_20x0p75NA_535s50_g70_z1_256pix_basicFLIM_120f_0010,5,False,form,65536,37472,65249,65367,40726,65536,22434,34.2,20260509_KPC_fixed_dishes_on_SLIM::fitet-sz-c3-b5::4_BKOCO2form20min_740nm_2995mW_u1_poc0p6_20x0p75NA_535s50_g70_z1_256pix_basicFLIM_120f_0010
4_BKOCO2form20min_740nm_2995mW_u1_poc0p6_20x0p75NA_535s50_g70_z1_256pix_basicFLIM_120f_0011.sdt,20260509_KPC_fixed_dishes_on_SLIM,fitet-sz-c3-b5,4_BKOCO2form20min_740nm_2995mW_u1_poc0p6_20x0p75NA_535s50_g70_z1_256pix_basicFLIM_120f_0011,5,False,form,65536,47951,64334,65518,40943,65536,29038,44.3,20260509_KPC_fixed_dishes_on_SLIM::fitet-sz-c3-b5::4_BKOCO2form20min_740nm_2995mW_u1_poc0p6_20x0p75NA_535s50_g70_z1_256pix_basicFLIM_120f_0011
4_BKOCO2form20min_740nm_2995mW_u1_poc0p6_20x0p75NA_535s50_g70_z1_256pix_basicFLIM_120f_0012.sdt,20260509_KPC_fixed_dishes_on_SLIM,fitet-sz-c3-b5,4_BKOCO2form20min_740nm_2995mW_u1_poc0p6_20x0p75NA_535s50_g70_z1_256pix_basicFLIM_120f_0012,5,False,form,65536,20811,64768,65366,41722,65536,14127,21.6,20260509_KPC_fixed_dishes_on_SLIM::fitet-sz-c3-b5::4_BKOCO2form20min_740nm_2995mW_u1_poc0p6_20x0p75NA_535s50_g70_z1_256pix_basicFLIM_120f_0012
4_BKOCO2form20min_740nm_2995mW_u1_poc0p6_20x0p75NA_535s50_g70_z1_256pix_basicFLIM_120f_0013.sdt,20260509_KPC_fixed_dishes_on_SLIM,fitet-sz-c3-b5,4_BKOCO2form20min_740nm_2995mW_u1_poc0p6_20x0p75NA_535s50_g70_z1_256pix_basicFLIM_120f_0013,5,False,form,65536,55079,65310,65473,39581,65536,32940,50.3,20260509_KPC_fixed_dishes_on_SLIM::fitet-sz-c3-b5::4_BKOCO2form20min_740nm_2995mW_u1_poc0p6_20x0p75NA_535s50_g70_z1_256pix_basicFLIM_120f_0013
4_BKOCO2form20min_740nm_2995mW_u1_poc0p6_20x0p75NA_535s50_g70_z1_256pix_basicFLIM_120f_0014.sdt,20260509_KPC_fixed_dishes_on_SLIM,fitet-sz-c3-b5,4_BKOCO2form20min_740nm_2995mW_u1_poc0p6_20x0p75NA_535s50_g70_z1_256pix_basicFLIM_120f_0014,5,False,form,65536,44689,63925,65516,44763,65536,28345,43.3,20260509_KPC_fixed_dishes_on_SLIM::fitet-sz-c3-b5::4_BKOCO2form20min_740nm_2995mW_u1_poc0p6_20x0p75NA_535s50_g70_z1_256pix_basicFLIM_120f_0014
4_BKOCO2form20min_740nm_2995mW_u1_poc0p6_20x0p75NA_535s50_g70_z1_256pix_basicFLIM_120f_0015.sdt,20260509_KPC_fixed_dishes_on_SLIM,fitet-sz-c3-b5,4_BKOCO2form20min_740nm_2995mW_u1_poc0p6_20x0p75NA_535s50_g70_z1_256pix_basicFLIM_120f_0015,5,False,form,65536,42041,63133,65395,43846,65536,25873,39.5,20260509_KPC_fixed_dishes_on_SLIM::fitet-sz-c3-b5::4_BKOCO2form20min_740nm_2995mW_u1_poc0p6_20x0p75NA_535s50_g70_z1_256pix_basicFLIM_120f_0015
3_BKOCO2live_740nm_3097mW_u1_poc0p2_20x0p75NA_457s50_g70_z1_256pix_basicFLIM_120f_0000.sdt,20260517_KPC_live_on_SLIM,fitet-sf-c2-b5,3_BKOCO2live_740nm_3097mW_u1_poc0p2_20x0p75NA_457s50_g70_z1_256pix_basicFLIM_120f_0000,5,True,live,65536,26640,61203,65536,64716,65174,26146,39.9,20260517_KPC_live_on_SLIM::fitet-sf-c2-b5::3_BKOCO2live_740nm_3097mW_u1_poc0p2_20x0p75NA_457s50_g70_z1_256pix_basicFLIM_120f_0000
3_BKOCO2live_740nm_3097mW_u1_poc0p2_20x0p75NA_457s50_g70_z1_256pix_basicFLIM_120f_0001.sdt,20260517_KPC_live_on_SLIM,fitet-sf-c2-b5,3_BKOCO2live_740nm_3097mW_u1_poc0p2_20x0p75NA_457s50_g70_z1_256pix_basicFLIM_120f_0001,5,True,live,65536,37536,62926,65536,65496,65436,36740,56.1,20260517_KPC_live_on_SLIM::fitet-sf-c2-b5::3_BKOCO2live_740nm_3097mW_u1_poc0p2_20x0p75NA_457s50_g70_z1_256pix_basicFLIM_120f_0001
3_BKOCO2live_740nm_3097mW_u1_poc0p2_20x0p75NA_457s50_g70_z1_256pix_basicFLIM_120f_0002.sdt,20260517_KPC_live_on_SLIM,fitet-sf-c2-b5,3_BKOCO2live_740nm_3097mW_u1_poc0p2_20x0p75NA_457s50_g70_z1_256pix_basicFLIM_120f_0002,5,True,live,65536,46468,62897,65536,64758,65317,45853,70.0,20260517_KPC_live_on_SLIM::fitet-sf-c2-b5::3_BKOCO2live_740nm_3097mW_u1_poc0p2_20x0p75NA_457s50_g70_z1_256pix_basicFLIM_120f_0002
3_BKOCO2live_740nm_3097mW_u1_poc0p2_20x0p75NA_457s50_g70_z1_256pix_basicFLIM_120f_0003.sdt,20260517_KPC_live_on_SLIM,fitet-sf-c2-b5,3_BKOCO2live_740nm_3097mW_u1_poc0p2_20x0p75NA_457s50_g70_z1_256pix_basicFLIM_120f_0003,5,True,live,65536,56699,64352,65536,65536,65536,56018,85.5,20260517_KPC_live_on_SLIM::fitet-sf-c2-b5::3_BKOCO2live_740nm_3097mW_u1_poc0p2_20x0p75NA_457s50_g70_z1_256pix_basicFLIM_120f_0003
3_BKOCO2live_740nm_3097mW_u1_poc0p2_20x0p75NA_457s50_g70_z1_256pix_basicFLIM_120f_0004.sdt,20260517_KPC_live_on_SLIM,fitet-sf-c2-b5,3_BKOCO2live_740nm_3097mW_u1_poc0p2_20x0p75NA_457s50_g70_z1_256pix_basicFLIM_120f_0004,5,True,live,65536,38303,63174,65536,65047,65507,37744,57.6,20260517_KPC_live_on_SLIM::fitet-sf-c2-b5::3_BKOCO2live_740nm_3097mW_u1_poc0p2_20x0p75NA_457s50_g70_z1_256pix_basicFLIM_120f_0004
3_BKOCO2live_740nm_3097mW_u1_poc0p2_20x0p75NA_457s50_g70_z1_256pix_basicFLIM_120f_0005.sdt,20260517_KPC_live_on_SLIM,fitet-sf-c2-b5,3_BKOCO2live_740nm_3097mW_u1_poc0p2_20x0p75NA_457s50_g70_z1_256pix_basicFLIM_120f_0005,5,True,live,65536,59254,64457,65536,65536,65442,58372,89.1,20260517_KPC_live_on_SLIM::fitet-sf-c2-b5::3_BKOCO2live_740nm_3097mW_u1_poc0p2_20x0p75NA_457s50_g70_z1_256pix_basicFLIM_120f_0005
3_BKOCO2live_740nm_3097mW_u1_poc0p2_20x0p75NA_457s50_g70_z1_256pix_basicFLIM_120f_0006.sdt,20260517_KPC_live_on_SLIM,fitet-sf-c2-b5,3_BKOCO2live_740nm_3097mW_u1_poc0p2_20x0p75NA_457s50_g70_z1_256pix_basicFLIM_120f_0006,5,True,live,65536,62815,64732,65536,65536,65536,62160,94.8,20260517_KPC_live_on_SLIM::fitet-sf-c2-b5::3_BKOCO2live_740nm_3097mW_u1_poc0p2_20x0p75NA_457s50_g70_z1_256pix_basicFLIM_120f_0006
3_BKOCO2live_740nm_3097mW_u1_poc0p2_20x0p75NA_457s50_g70_z1_256pix_basicFLIM_120f_0007.sdt,20260517_KPC_live_on_SLIM,fitet-sf-c2-b5,3_BKOCO2live_740nm_3097mW_u1_poc0p2_20x0p75NA_457s50_g70_z1_256pix_basicFLIM_120f_0007,5,True,live,65536,32201,63551,65536,65536,65337,31421,47.9,20260517_KPC_live_on_SLIM::fitet-sf-c2-b5::3_BKOCO2live_740nm_3097mW_u1_poc0p2_20x0p75NA_457s50_g70_z1_256pix_basicFLIM_120f_0007
3_BKOCO2live_740nm_3097mW_u1_poc0p2_20x0p75NA_457s50_g70_z1_256pix_basicFLIM_120f_0008.sdt,20260517_KPC_live_on_SLIM,fitet-sf-c2-b5,3_BKOCO2live_740nm_3097mW_u1_poc0p2_20x0p75NA_457s50_g70_z1_256pix_basicFLIM_120f_0008,5,True,live,65536,55584,64402,65536,65536,65536,54883,83.7,20260517_KPC_live_on_SLIM::fitet-sf-c2-b5::3_BKOCO2live_740nm_3097mW_u1_poc0p2_20x0p75NA_457s50_g70_z1_256pix_basicFLIM_120f_0008
3_BKOCO2live_740nm_3097mW_u1_poc0p2_20x0p75NA_457s50_g70_z1_256pix_basicFLIM_120f_0009.sdt,20260517_KPC_live_on_SLIM,fitet-sf-c2-b5,3_BKOCO2live_740nm_3097mW_u1_poc0p2_20x0p75NA_457s50_g70_z1_256pix_basicFLIM_120f_0009,5,True,live,65536,62370,64623,65536,65352,65135,61218,93.4,20260517_KPC_live_on_SLIM::fitet-sf-c2-b5::3_BKOCO2live_740nm_3097mW_u1_poc0p2_20x0p75NA_457s50_g70_z1_256pix_basicFLIM_120f_0009
3_BKOCO2live_740nm_3097mW_u1_poc0p2_20x0p75NA_457s50_g70_z1_256pix_basicFLIM_120f_0010.sdt,20260517_KPC_live_on_SLIM,fitet-sf-c2-b5,3_BKOCO2live_740nm_3097mW_u1_poc0p2_20x0p75NA_457s50_g70_z1_256pix_basicFLIM_120f_0010,5,True,live,65536,45369,62833,65536,64616,65049,44721,68.2,20260517_KPC_live_on_SLIM::fitet-sf-c2-b5::3_BKOCO2live_740nm_3097mW_u1_poc0p2_20x0p75NA_457s50_g70_z1_256pix_basicFLIM_120f_0010
3_BKOCO2live_740nm_3097mW_u1_poc0p2_20x0p75NA_457s50_g70_z1_256pix_basicFLIM_120f_0011.sdt,20260517_KPC_live_on_SLIM,fitet-sf-c2-b5,3_BKOCO2live_740nm_3097mW_u1_poc0p2_20x0p75NA_457s50_g70_z1_256pix_basicFLIM_120f_0011,5,True,live,65536,57213,64466,65536,65421,65307,56582,86.3,20260517_KPC_live_on_SLIM::fitet-sf-c2-b5::3_BKOCO2live_740nm_3097mW_u1_poc0p2_20x0p75NA_457s50_g70_z1_256pix_basicFLIM_120f_0011
3_BKOCO2live_740nm_3097mW_u1_poc0p2_20x0p75NA_457s50_g70_z1_256pix_basicFLIM_120f_0012.sdt,20260517_KPC_live_on_SLIM,fitet-sf-c2-b5,3_BKOCO2live_740nm_3097mW_u1_poc0p2_20x0p75NA_457s50_g70_z1_256pix_basicFLIM_120f_0012,5,True,live,65536,45922,63035,65536,65042,65515,45662,69.7,20260517_KPC_live_on_SLIM::fitet-sf-c2-b5::3_BKOCO2live_740nm_3097mW_u1_poc0p2_20x0p75NA_457s50_g70_z1_256pix_basicFLIM_120f_0012
3_BKOCO2live_740nm_3097mW_u1_poc0p2_20x0p75NA_457s50_g70_z1_256pix_basicFLIM_120f_0013.sdt,20260517_KPC_live_on_SLIM,fitet-sf-c2-b5,3_BKOCO2live_740nm_3097mW_u1_poc0p2_20x0p75NA_457s50_g70_z1_256pix_basicFLIM_120f_0013,5,True,live,65536,32445,61741,65536,64521,65230,31788,48.5,20260517_KPC_live_on_SLIM::fitet-sf-c2-b5::3_BKOCO2live_740nm_3097mW_u1_poc0p2_20x0p75NA_457s50_g70_z1_256pix_basicFLIM_120f_0013
3_BKOCO2live_740nm_3097mW_u1_poc0p2_20x0p75NA_457s50_g70_z1_256pix_basicFLIM_120f_0014.sdt,20260517_KPC_live_on_SLIM,fitet-sf-c2-b5,3_BKOCO2live_740nm_3097mW_u1_poc0p2_20x0p75NA_457s50_g70_z1_256pix_basicFLIM_120f_0014,5,True,live,65536,37083,62164,65536,64809,65375,36585,55.8,20260517_KPC_live_on_SLIM::fitet-sf-c2-b5::3_BKOCO2live_740nm_3097mW_u1_poc0p2_20x0p75NA_457s50_g70_z1_256pix_basicFLIM_120f_0014
3_BKOCO2live_740nm_3097mW_u1_poc0p2_20x0p75NA_457s50_g70_z1_256pix_basicFLIM_120f_0015.sdt,20260517_KPC_live_on_SLIM,fitet-sf-c2-b5,3_BKOCO2live_740nm_3097mW_u1_poc0p2_20x0p75NA_457s50_g70_z1_256pix_basicFLIM_120f_0015,5,True,live,65536,23971,62531,65536,64840,64809,22878,34.9,20260517_KPC_live_on_SLIM::fitet-sf-c2-b5::3_BKOCO2live_740nm_3097mW_u1_poc0p2_20x0p75NA_457s50_g70_z1_256pix_basicFLIM_120f_0015
3_BKOCO2live_740nm_3097mW_u1_poc0p2_20x0p75NA_535s50_g70_z1_256pix_basicFLIM_120f_0000.sdt,20260517_KPC_live_on_SLIM,fitet-sf-c2-b5,3_BKOCO2live_740nm_3097mW_u1_poc0p2_20x0p75NA_535s50_g70_z1_256pix_basicFLIM_120f_0000,5,True,live,65536,1917,60521,65536,63645,65230,1729,2.6,20260517_KPC_live_on_SLIM::fitet-sf-c2-b5::3_BKOCO2live_740nm_3097mW_u1_poc0p2_20x0p75NA_535s50_g70_z1_256pix_basicFLIM_120f_0000
3_BKOCO2live_740nm_3097mW_u1_poc0p2_20x0p75NA_535s50_g70_z1_256pix_basicFLIM_120f_0001.sdt,20260517_KPC_live_on_SLIM,fitet-sf-c2-b5,3_BKOCO2live_740nm_3097mW_u1_poc0p2_20x0p75NA_535s50_g70_z1_256pix_basicFLIM_120f_0001,5,True,live,65536,11990,62625,65536,65520,65536,11818,18.0,20260517_KPC_live_on_SLIM::fitet-sf-c2-b5::3_BKOCO2live_740nm_3097mW_u1_poc0p2_20x0p75NA_535s50_g70_z1_256pix_basicFLIM_120f_0001
3_BKOCO2live_740nm_3097mW_u1_poc0p2_20x0p75NA_535s50_g70_z1_256pix_basicFLIM_120f_0002.sdt,20260517_KPC_live_on_SLIM,fitet-sf-c2-b5,3_BKOCO2live_740nm_3097mW_u1_poc0p2_20x0p75NA_535s50_g70_z1_256pix_basicFLIM_120f_0002,5,True,live,65536,22628,62797,65536,64213,65314,22210,33.9,20260517_KPC_live_on_SLIM::fitet-sf-c2-b5::3_BKOCO2live_740nm_3097mW_u1_poc0p2_20x0p75NA_535s50_g70_z1_256pix_basicFLIM_120f_0002
3_BKOCO2live_740nm_3097mW_u1_poc0p2_20x0p75NA_535s50_g70_z1_256pix_basicFLIM_120f_0003.sdt,20260517_KPC_live_on_SLIM,fitet-sf-c2-b5,3_BKOCO2live_740nm_3097mW_u1_poc0p2_20x0p75NA_535s50_g70_z1_256pix_basicFLIM_120f_0003,5,True,live,65536,41661,63978,65536,65536,65536,41130,62.8,20260517_KPC_live_on_SLIM::fitet-sf-c2-b5::3_BKOCO2live_740nm_3097mW_u1_poc0p2_20x0p75NA_535s50_g70_z1_256pix_basicFLIM_120f_0003
3_BKOCO2live_740nm_3097mW_u1_poc0p2_20x0p75NA_535s50_g70_z1_256pix_basicFLIM_120f_0004.sdt,20260517_KPC_live_on_SLIM,fitet-sf-c2-b5,3_BKOCO2live_740nm_3097mW_u1_poc0p2_20x0p75NA_535s50_g70_z1_256pix_basicFLIM_120f_0004,5,True,live,65536,14042,62651,65536,64821,65536,13833,21.1,20260517_KPC_live_on_SLIM::fitet-sf-c2-b5::3_BKOCO2live_740nm_3097mW_u1_poc0p2_20x0p75NA_535s50_g70_z1_256pix_basicFLIM_120f_0004
3_BKOCO2live_740nm_3097mW_u1_poc0p2_20x0p75NA_535s50_g70_z1_256pix_basicFLIM_120f_0005.sdt,20260517_KPC_live_on_SLIM,fitet-sf-c2-b5,3_BKOCO2live_740nm_3097mW_u1_poc0p2_20x0p75NA_535s50_g70_z1_256pix_basicFLIM_120f_0005,5,True,live,65536,21304,63452,65536,65515,65536,21107,32.2,20260517_KPC_live_on_SLIM::fitet-sf-c2-b5::3_BKOCO2live_740nm_3097mW_u1_poc0p2_20x0p75NA_535s50_g70_z1_256pix_basicFLIM_120f_0005
3_BKOCO2live_740nm_3097mW_u1_poc0p2_20x0p75NA_535s50_g70_z1_256pix_basicFLIM_120f_0006.sdt,20260517_KPC_live_on_SLIM,fitet-sf-c2-b5,3_BKOCO2live_740nm_3097mW_u1_poc0p2_20x0p75NA_535s50_g70_z1_256pix_basicFLIM_120f_0006,5,True,live,65536,36933,63794,65536,65534,65536,36424,55.6,20260517_KPC_live_on_SLIM::fitet-sf-c2-b5::3_BKOCO2live_740nm_3097mW_u1_poc0p2_20x0p75NA_535s50_g70_z1_256pix_basicFLIM_120f_0006
3_BKOCO2live_740nm_3097mW_u1_poc0p2_20x0p75NA_535s50_g70_z1_256pix_basicFLIM_120f_0007.sdt,20260517_KPC_live_on_SLIM,fitet-sf-c2-b5,3_BKOCO2live_740nm_3097mW_u1_poc0p2_20x0p75NA_535s50_g70_z1_256pix_basicFLIM_120f_0007,5,True,live,65536,17078,63255,65536,65413,65285,16536,25.2,20260517_KPC_live_on_SLIM::fitet-sf-c2-b5::3_BKOCO2live_740nm_3097mW_u1_poc0p2_20x0p75NA_535s50_g70_z1_256pix_basicFLIM_120f_0007
3_BKOCO2live_740nm_3097mW_u1_poc0p2_20x0p75NA_535s50_g70_z1_256pix_basicFLIM_120f_0008.sdt,20260517_KPC_live_on_SLIM,fitet-sf-c2-b5,3_BKOCO2live_740nm_3097mW_u1_poc0p2_20x0p75NA_535s50_g70_z1_256pix_basicFLIM_120f_0008,5,True,live,65536,25186,63594,65536,65524,65536,24890,38.0,20260517_KPC_live_on_SLIM::fitet-sf-c2-b5::3_BKOCO2live_740nm_3097mW_u1_poc0p2_20x0p75NA_535s50_g70_z1_256pix_basicFLIM_120f_0008
3_BKOCO2live_740nm_3097mW_u1_poc0p2_20x0p75NA_535s50_g70_z1_256pix_basicFLIM_120f_0009.sdt,20260517_KPC_live_on_SLIM,fitet-sf-c2-b5,3_BKOCO2live_740nm_3097mW_u1_poc0p2_20x0p75NA_535s50_g70_z1_256pix_basicFLIM_120f_0009,5,True,live,65536,34338,63927,65536,65371,65229,33681,51.4,20260517_KPC_live_on_SLIM::fitet-sf-c2-b5::3_BKOCO2live_740nm_3097mW_u1_poc0p2_20x0p75NA_535s50_g70_z1_256pix_basicFLIM_120f_0009
3_BKOCO2live_740nm_3097mW_u1_poc0p2_20x0p75NA_535s50_g70_z1_256pix_basicFLIM_120f_0010.sdt,20260517_KPC_live_on_SLIM,fitet-sf-c2-b5,3_BKOCO2live_740nm_3097mW_u1_poc0p2_20x0p75NA_535s50_g70_z1_256pix_basicFLIM_120f_0010,5,True,live,65536,40435,63422,65536,63959,65365,39830,60.8,20260517_KPC_live_on_SLIM::fitet-sf-c2-b5::3_BKOCO2live_740nm_3097mW_u1_poc0p2_20x0p75NA_535s50_g70_z1_256pix_basicFLIM_120f_0010
3_BKOCO2live_740nm_3097mW_u1_poc0p2_20x0p75NA_535s50_g70_z1_256pix_basicFLIM_120f_0011.sdt,20260517_KPC_live_on_SLIM,fitet-sf-c2-b5,3_BKOCO2live_740nm_3097mW_u1_poc0p2_20x0p75NA_535s50_g70_z1_256pix_basicFLIM_120f_0011,5,True,live,65536,44364,64295,65536,64870,65271,43714,66.7,20260517_KPC_live_on_SLIM::fitet-sf-c2-b5::3_BKOCO2live_740nm_3097mW_u1_poc0p2_20x0p75NA_535s50_g70_z1_256pix_basicFLIM_120f_0011
3_BKOCO2live_740nm_3097mW_u1_poc0p2_20x0p75NA_535s50_g70_z1_256pix_basicFLIM_120f_0012.sdt,20260517_KPC_live_on_SLIM,fitet-sf-c2-b5,3_BKOCO2live_740nm_3097mW_u1_poc0p2_20x0p75NA_535s50_g70_z1_256pix_basicFLIM_120f_0012,5,True,live,65536,38570,63369,65536,64517,65536,38185,58.3,20260517_KPC_live_on_SLIM::fitet-sf-c2-b5::3_BKOCO2live_740nm_3097mW_u1_poc0p2_20x0p75NA_535s50_g70_z1_256pix_basicFLIM_120f_0012
3_BKOCO2live_740nm_3097mW_u1_poc0p2_20x0p75NA_535s50_g70_z1_256pix_basicFLIM_120f_0013.sdt,20260517_KPC_live_on_SLIM,fitet-sf-c2-b5,3_BKOCO2live_740nm_3097mW_u1_poc0p2_20x0p75NA_535s50_g70_z1_256pix_basicFLIM_120f_0013,5,True,live,65536,27248,62862,65536,61211,65134,26598,40.6,20260517_KPC_live_on_SLIM::fitet-sf-c2-b5::3_BKOCO2live_740nm_3097mW_u1_poc0p2_20x0p75NA_535s50_g70_z1_256pix_basicFLIM_120f_0013
3_BKOCO2live_740nm_3097mW_u1_poc0p2_20x0p75NA_535s50_g70_z1_256pix_basicFLIM_120f_0014.sdt,20260517_KPC_live_on_SLIM,fitet-sf-c2-b5,3_BKOCO2live_740nm_3097mW_u1_poc0p2_20x0p75NA_535s50_g70_z1_256pix_basicFLIM_120f_0014,5,True,live,65536,8776,61214,65536,63543,65145,8301,12.7,20260517_KPC_live_on_SLIM::fitet-sf-c2-b5::3_BKOCO2live_740nm_3097mW_u1_poc0p2_20x0p75NA_535s50_g70_z1_256pix_basicFLIM_120f_0014
3_BKOCO2live_740nm_3097mW_u1_poc0p2_20x0p75NA_535s50_g70_z1_256pix_basicFLIM_120f_0015.sdt,20260517_KPC_live_on_SLIM,fitet-sf-c2-b5,3_BKOCO2live_740nm_3097mW_u1_poc0p2_20x0p75NA_535s50_g70_z1_256pix_basicFLIM_120f_0015,5,True,live,65536,18233,63267,65536,64585,64730,17237,26.3,20260517_KPC_live_on_SLIM::fitet-sf-c2-b5::3_BKOCO2live_740nm_3097mW_u1_poc0p2_20x0p75NA_535s50_g70_z1_256pix_basicFLIM_120f_0015
3_BKOCO2live_740nm_3097mW_u1_poc0p45_20x0p75NA_457s50_g70_z1_256pix_basicFLIM_120f_0000.sdt,20260517_KPC_live_on_SLIM,fitet-sf-c2-b5,3_BKOCO2live_740nm_3097mW_u1_poc0p45_20x0p75NA_457s50_g70_z1_256pix_basicFLIM_120f_0000,5,True,live,65536,65536,65160,65536,65532,65301,65110,99.3,20260517_KPC_live_on_SLIM::fitet-sf-c2-b5::3_BKOCO2live_740nm_3097mW_u1_poc0p45_20x0p75NA_457s50_g70_z1_256pix_basicFLIM_120f_0000
3_BKOCO2live_740nm_3097mW_u1_poc0p45_20x0p75NA_457s50_g70_z1_256pix_basicFLIM_120f_0001.sdt,20260517_KPC_live_on_SLIM,fitet-sf-c2-b5,3_BKOCO2live_740nm_3097mW_u1_poc0p45_20x0p75NA_457s50_g70_z1_256pix_basicFLIM_120f_0001,5,True,live,65536,65536,65287,65536,65536,65363,65166,99.4,20260517_KPC_live_on_SLIM::fitet-sf-c2-b5::3_BKOCO2live_740nm_3097mW_u1_poc0p45_20x0p75NA_457s50_g70_z1_256pix_basicFLIM_120f_0001
3_BKOCO2live_740nm_3097mW_u1_poc0p45_20x0p75NA_457s50_g70_z1_256pix_basicFLIM_120f_0002.sdt,20260517_KPC_live_on_SLIM,fitet-sf-c2-b5,3_BKOCO2live_740nm_3097mW_u1_poc0p45_20x0p75NA_457s50_g70_z1_256pix_basicFLIM_120f_0002,5,True,live,65536,65536,64962,65536,65536,65536,64962,99.1,20260517_KPC_live_on_SLIM::fitet-sf-c2-b5::3_BKOCO2live_740nm_3097mW_u1_poc0p45_20x0p75NA_457s50_g70_z1_256pix_basicFLIM_120f_0002
3_BKOCO2live_740nm_3097mW_u1_poc0p45_20x0p75NA_457s50_g70_z1_256pix_basicFLIM_120f_0003.sdt,20260517_KPC_live_on_SLIM,fitet-sf-c2-b5,3_BKOCO2live_740nm_3097mW_u1_poc0p45_20x0p75NA_457s50_g70_z1_256pix_basicFLIM_120f_0003,5,True,live,65536,65536,63998,65536,65536,65414,63959,97.6,20260517_KPC_live_on_SLIM::fitet-sf-c2-b5::3_BKOCO2live_740nm_3097mW_u1_poc0p45_20x0p75NA_457s50_g70_z1_256pix_basicFLIM_120f_0003
3_BKOCO2live_740nm_3097mW_u1_poc0p45_20x0p75NA_457s50_g70_z1_256pix_basicFLIM_120f_0004.sdt,20260517_KPC_live_on_SLIM,fitet-sf-c2-b5,3_BKOCO2live_740nm_3097mW_u1_poc0p45_20x0p75NA_457s50_g70_z1_256pix_basicFLIM_120f_0004,5,True,live,65536,65536,65235,65536,65536,65413,65166,99.4,20260517_KPC_live_on_SLIM::fitet-sf-c2-b5::3_BKOCO2live_740nm_3097mW_u1_poc0p45_20x0p75NA_457s50_g70_z1_256pix_basicFLIM_120f_0004
3_BKOCO2live_740nm_3097mW_u1_poc0p45_20x0p75NA_457s50_g70_z1_256pix_basicFLIM_120f_0005.sdt,20260517_KPC_live_on_SLIM,fitet-sf-c2-b5,3_BKOCO2live_740nm_3097mW_u1_poc0p45_20x0p75NA_457s50_g70_z1_256pix_basicFLIM_120f_0005,5,True,live,65536,65536,65046,65536,65536,65421,65046,99.3,20260517_KPC_live_on_SLIM::fitet-sf-c2-b5::3_BKOCO2live_740nm_3097mW_u1_poc0p45_20x0p75NA_457s50_g70_z1_256pix_basicFLIM_120f_0005
3_BKOCO2live_740nm_3097mW_u1_poc0p45_20x0p75NA_457s50_g70_z1_256pix_basicFLIM_120f_0006.sdt,20260517_KPC_live_on_SLIM,fitet-sf-c2-b5,3_BKOCO2live_740nm_3097mW_u1_poc0p45_20x0p75NA_457s50_g70_z1_256pix_basicFLIM_120f_0006,5,True,live,65536,65536,64415,65536,65536,65298,64393,98.3,20260517_KPC_live_on_SLIM::fitet-sf-c2-b5::3_BKOCO2live_740nm_3097mW_u1_poc0p45_20x0p75NA_457s50_g70_z1_256pix_basicFLIM_120f_0006
3_BKOCO2live_740nm_3097mW_u1_poc0p45_20x0p75NA_457s50_g70_z1_256pix_basicFLIM_120f_0007.sdt,20260517_KPC_live_on_SLIM,fitet-sf-c2-b5,3_BKOCO2live_740nm_3097mW_u1_poc0p45_20x0p75NA_457s50_g70_z1_256pix_basicFLIM_120f_0007,5,True,live,65536,65536,64831,65536,65536,65496,64831,98.9,20260517_KPC_live_on_SLIM::fitet-sf-c2-b5::3_BKOCO2live_740nm_3097mW_u1_poc0p45_20x0p75NA_457s50_g70_z1_256pix_basicFLIM_120f_0007
3_BKOCO2live_740nm_3097mW_u1_poc0p45_20x0p75NA_457s50_g70_z1_256pix_basicFLIM_120f_0008.sdt,20260517_KPC_live_on_SLIM,fitet-sf-c2-b5,3_BKOCO2live_740nm_3097mW_u1_poc0p45_20x0p75NA_457s50_g70_z1_256pix_basicFLIM_120f_0008,5,True,live,65536,57483,64648,65536,65531,65441,56828,86.7,20260517_KPC_live_on_SLIM::fitet-sf-c2-b5::3_BKOCO2live_740nm_3097mW_u1_poc0p45_20x0p75NA_457s50_g70_z1_256pix_basicFLIM_120f_0008
3_BKOCO2live_740nm_3097mW_u1_poc0p45_20x0p75NA_457s50_g70_z1_256pix_basicFLIM_120f_0009.sdt,20260517_KPC_live_on_SLIM,fitet-sf-c2-b5,3_BKOCO2live_740nm_3097mW_u1_poc0p45_20x0p75NA_457s50_g70_z1_256pix_basicFLIM_120f_0009,5,True,live,65536,65536,64305,65536,65486,65171,64259,98.1,20260517_KPC_live_on_SLIM::fitet-sf-c2-b5::3_BKOCO2live_740nm_3097mW_u1_poc0p45_20x0p75NA_457s50_g70_z1_256pix_basicFLIM_120f_0009
3_BKOCO2live_740nm_3097mW_u1_poc0p45_20x0p75NA_457s50_g70_z1_256pix_basicFLIM_120f_0010.sdt,20260517_KPC_live_on_SLIM,fitet-sf-c2-b5,3_BKOCO2live_740nm_3097mW_u1_poc0p45_20x0p75NA_457s50_g70_z1_256pix_basicFLIM_120f_0010,5,True,live,65536,65536,64993,65536,65536,65111,64708,98.7,20260517_KPC_live_on_SLIM::fitet-sf-c2-b5::3_BKOCO2live_740nm_3097mW_u1_poc0p45_20x0p75NA_457s50_g70_z1_256pix_basicFLIM_120f_0010
3_BKOCO2live_740nm_3097mW_u1_poc0p45_20x0p75NA_457s50_g70_z1_256pix_basicFLIM_120f_0011.sdt,20260517_KPC_live_on_SLIM,fitet-sf-c2-b5,3_BKOCO2live_740nm_3097mW_u1_poc0p45_20x0p75NA_457s50_g70_z1_256pix_basicFLIM_120f_0011,5,True,live,65536,65536,63897,65536,65514,65162,63782,97.3,20260517_KPC_live_on_SLIM::fitet-sf-c2-b5::3_BKOCO2live_740nm_3097mW_u1_poc0p45_20x0p75NA_457s50_g70_z1_256pix_basicFLIM_120f_0011
3_BKOCO2live_740nm_3097mW_u1_poc0p45_20x0p75NA_457s50_g70_z1_256pix_basicFLIM_120f_0012.sdt,20260517_KPC_live_on_SLIM,fitet-sf-c2-b5,3_BKOCO2live_740nm_3097mW_u1_poc0p45_20x0p75NA_457s50_g70_z1_256pix_basicFLIM_120f_0012,5,True,live,65536,65536,64399,65536,65524,65425,64290,98.1,20260517_KPC_live_on_SLIM::fitet-sf-c2-b5::3_BKOCO2live_740nm_3097mW_u1_poc0p45_20x0p75NA_457s50_g70_z1_256pix_basicFLIM_120f_0012
3_BKOCO2live_740nm_3097mW_u1_poc0p45_20x0p75NA_457s50_g70_z1_256pix_basicFLIM_120f_0013.sdt,20260517_KPC_live_on_SLIM,fitet-sf-c2-b5,3_BKOCO2live_740nm_3097mW_u1_poc0p45_20x0p75NA_457s50_g70_z1_256pix_basicFLIM_120f_0013,5,True,live,65536,65536,64646,65536,65426,65164,64524,98.5,20260517_KPC_live_on_SLIM::fitet-sf-c2-b5::3_BKOCO2live_740nm_3097mW_u1_poc0p45_20x0p75NA_457s50_g70_z1_256pix_basicFLIM_120f_0013
3_BKOCO2live_740nm_3097mW_u1_poc0p45_20x0p75NA_457s50_g70_z1_256pix_basicFLIM_120f_0014.sdt,20260517_KPC_live_on_SLIM,fitet-sf-c2-b5,3_BKOCO2live_740nm_3097mW_u1_poc0p45_20x0p75NA_457s50_g70_z1_256pix_basicFLIM_120f_0014,5,True,live,65536,65536,65055,65536,65411,64868,64588,98.6,20260517_KPC_live_on_SLIM::fitet-sf-c2-b5::3_BKOCO2live_740nm_3097mW_u1_poc0p45_20x0p75NA_457s50_g70_z1_256pix_basicFLIM_120f_0014
3_BKOCO2live_740nm_3097mW_u1_poc0p45_20x0p75NA_457s50_g70_z1_256pix_basicFLIM_120f_0015.sdt,20260517_KPC_live_on_SLIM,fitet-sf-c2-b5,3_BKOCO2live_740nm_3097mW_u1_poc0p45_20x0p75NA_457s50_g70_z1_256pix_basicFLIM_120f_0015,5,True,live,65536,65536,64300,65536,65536,64976,64286,98.1,20260517_KPC_live_on_SLIM::fitet-sf-c2-b5::3_BKOCO2live_740nm_3097mW_u1_poc0p45_20x0p75NA_457s50_g70_z1_256pix_basicFLIM_120f_0015
3_BKOCO2live_740nm_3097mW_u1_poc0p45_20x0p75NA_535s50_g70_z1_256pix_basicFLIM_120f_0000.sdt,20260517_KPC_live_on_SLIM,fitet-sf-c2-b5,3_BKOCO2live_740nm_3097mW_u1_poc0p45_20x0p75NA_535s50_g70_z1_256pix_basicFLIM_120f_0000,5,True,live,65536,65536,65224,65536,65301,65169,65025,99.2,20260517_KPC_live_on_SLIM::fitet-sf-c2-b5::3_BKOCO2live_740nm_3097mW_u1_poc0p45_20x0p75NA_535s50_g70_z1_256pix_basicFLIM_120f_0000
3_BKOCO2live_740nm_3097mW_u1_poc0p45_20x0p75NA_535s50_g70_z1_256pix_basicFLIM_120f_0001.sdt,20260517_KPC_live_on_SLIM,fitet-sf-c2-b5,3_BKOCO2live_740nm_3097mW_u1_poc0p45_20x0p75NA_535s50_g70_z1_256pix_basicFLIM_120f_0001,5,True,live,65536,65536,65211,65536,65497,65429,65210,99.5,20260517_KPC_live_on_SLIM::fitet-sf-c2-b5::3_BKOCO2live_740nm_3097mW_u1_poc0p45_20x0p75NA_535s50_g70_z1_256pix_basicFLIM_120f_0001
3_BKOCO2live_740nm_3097mW_u1_poc0p45_20x0p75NA_535s50_g70_z1_256pix_basicFLIM_120f_0002.sdt,20260517_KPC_live_on_SLIM,fitet-sf-c2-b5,3_BKOCO2live_740nm_3097mW_u1_poc0p45_20x0p75NA_535s50_g70_z1_256pix_basicFLIM_120f_0002,5,True,live,65536,65536,65245,65536,65339,65436,65084,99.3,20260517_KPC_live_on_SLIM::fitet-sf-c2-b5::3_BKOCO2live_740nm_3097mW_u1_poc0p45_20x0p75NA_535s50_g70_z1_256pix_basicFLIM_120f_0002
3_BKOCO2live_740nm_3097mW_u1_poc0p45_20x0p75NA_535s50_g70_z1_256pix_basicFLIM_120f_0003.sdt,20260517_KPC_live_on_SLIM,fitet-sf-c2-b5,3_BKOCO2live_740nm_3097mW_u1_poc0p45_20x0p75NA_535s50_g70_z1_256pix_basicFLIM_120f_0003,5,True,live,65536,65536,65030,65536,65495,65459,64987,99.2,20260517_KPC_live_on_SLIM::fitet-sf-c2-b5::3_BKOCO2live_740nm_3097mW_u1_poc0p45_20x0p75NA_535s50_g70_z1_256pix_basicFLIM_120f_0003
3_BKOCO2live_740nm_3097mW_u1_poc0p45_20x0p75NA_535s50_g70_z1_256pix_basicFLIM_120f_0004.sdt,20260517_KPC_live_on_SLIM,fitet-sf-c2-b5,3_BKOCO2live_740nm_3097mW_u1_poc0p45_20x0p75NA_535s50_g70_z1_256pix_basicFLIM_120f_0004,5,True,live,65536,65536,65381,65536,65392,65391,65275,99.6,20260517_KPC_live_on_SLIM::fitet-sf-c2-b5::3_BKOCO2live_740nm_3097mW_u1_poc0p45_20x0p75NA_535s50_g70_z1_256pix_basicFLIM_120f_0004
3_BKOCO2live_740nm_3097mW_u1_poc0p45_20x0p75NA_535s50_g70_z1_256pix_basicFLIM_120f_0005.sdt,20260517_KPC_live_on_SLIM,fitet-sf-c2-b5,3_BKOCO2live_740nm_3097mW_u1_poc0p45_20x0p75NA_535s50_g70_z1_256pix_basicFLIM_120f_0005,5,True,live,65536,65536,65406,65536,65536,65536,65406,99.8,20260517_KPC_live_on_SLIM::fitet-sf-c2-b5::3_BKOCO2live_740nm_3097mW_u1_poc0p45_20x0p75NA_535s50_g70_z1_256pix_basicFLIM_120f_0005
3_BKOCO2live_740nm_3097mW_u1_poc0p45_20x0p75NA_535s50_g70_z1_256pix_basicFLIM_120f_0006.sdt,20260517_KPC_live_on_SLIM,fitet-sf-c2-b5,3_BKOCO2live_740nm_3097mW_u1_poc0p45_20x0p75NA_535s50_g70_z1_256pix_basicFLIM_120f_0006,5,True,live,65536,65536,64808,65536,65536,65403,64808,98.9,20260517_KPC_live_on_SLIM::fitet-sf-c2-b5::3_BKOCO2live_740nm_3097mW_u1_poc0p45_20x0p75NA_535s50_g70_z1_256pix_basicFLIM_120f_0006
3_BKOCO2live_740nm_3097mW_u1_poc0p45_20x0p75NA_535s50_g70_z1_256pix_basicFLIM_120f_0007.sdt,20260517_KPC_live_on_SLIM,fitet-sf-c2-b5,3_BKOCO2live_740nm_3097mW_u1_poc0p45_20x0p75NA_535s50_g70_z1_256pix_basicFLIM_120f_0007,5,True,live,65536,65536,64944,65536,65536,65353,64944,99.1,20260517_KPC_live_on_SLIM::fitet-sf-c2-b5::3_BKOCO2live_740nm_3097mW_u1_poc0p45_20x0p75NA_535s50_g70_z1_256pix_basicFLIM_120f_0007
3_BKOCO2live_740nm_3097mW_u1_poc0p45_20x0p75NA_535s50_g70_z1_256pix_basicFLIM_120f_0008.sdt,20260517_KPC_live_on_SLIM,fitet-sf-c2-b5,3_BKOCO2live_740nm_3097mW_u1_poc0p45_20x0p75NA_535s50_g70_z1_256pix_basicFLIM_120f_0008,5,True,live,65536,65536,65408,65536,65526,65484,65404,99.8,20260517_KPC_live_on_SLIM::fitet-sf-c2-b5::3_BKOCO2live_740nm_3097mW_u1_poc0p45_20x0p75NA_535s50_g70_z1_256pix_basicFLIM_120f_0008
3_BKOCO2live_740nm_3097mW_u1_poc0p45_20x0p75NA_535s50_g70_z1_256pix_basicFLIM_120f_0009.sdt,20260517_KPC_live_on_SLIM,fitet-sf-c2-b5,3_BKOCO2live_740nm_3097mW_u1_poc0p45_20x0p75NA_535s50_g70_z1_256pix_basicFLIM_120f_0009,5,True,live,65536,65536,64888,65536,65248,65179,64798,98.9,20260517_KPC_live_on_SLIM::fitet-sf-c2-b5::3_BKOCO2live_740nm_3097mW_u1_poc0p45_20x0p75NA_535s50_g70_z1_256pix_basicFLIM_120f_0009
3_BKOCO2live_740nm_3097mW_u1_poc0p45_20x0p75NA_535s50_g70_z1_256pix_basicFLIM_120f_0010.sdt,20260517_KPC_live_on_SLIM,fitet-sf-c2-b5,3_BKOCO2live_740nm_3097mW_u1_poc0p45_20x0p75NA_535s50_g70_z1_256pix_basicFLIM_120f_0010,5,True,live,65536,65536,64519,65536,65370,65322,64449,98.3,20260517_KPC_live_on_SLIM::fitet-sf-c2-b5::3_BKOCO2live_740nm_3097mW_u1_poc0p45_20x0p75NA_535s50_g70_z1_256pix_basicFLIM_120f_0010
3_BKOCO2live_740nm_3097mW_u1_poc0p45_20x0p75NA_535s50_g70_z1_256pix_basicFLIM_120f_0011.sdt,20260517_KPC_live_on_SLIM,fitet-sf-c2-b5,3_BKOCO2live_740nm_3097mW_u1_poc0p45_20x0p75NA_535s50_g70_z1_256pix_basicFLIM_120f_0011,5,True,live,65536,65536,65323,65536,65254,65414,65040,99.2,20260517_KPC_live_on_SLIM::fitet-sf-c2-b5::3_BKOCO2live_740nm_3097mW_u1_poc0p45_20x0p75NA_535s50_g70_z1_256pix_basicFLIM_120f_0011
3_BKOCO2live_740nm_3097mW_u1_poc0p45_20x0p75NA_535s50_g70_z1_256pix_basicFLIM_120f_0012.sdt,20260517_KPC_live_on_SLIM,fitet-sf-c2-b5,3_BKOCO2live_740nm_3097mW_u1_poc0p45_20x0p75NA_535s50_g70_z1_256pix_basicFLIM_120f_0012,5,True,live,65536,65536,64719,65536,65422,65536,64605,98.6,20260517_KPC_live_on_SLIM::fitet-sf-c2-b5::3_BKOCO2live_740nm_3097mW_u1_poc0p45_20x0p75NA_535s50_g70_z1_256pix_basicFLIM_120f_0012
3_BKOCO2live_740nm_3097mW_u1_poc0p45_20x0p75NA_535s50_g70_z1_256pix_basicFLIM_120f_0013.sdt,20260517_KPC_live_on_SLIM,fitet-sf-c2-b5,3_BKOCO2live_740nm_3097mW_u1_poc0p45_20x0p75NA_535s50_g70_z1_256pix_basicFLIM_120f_0013,5,True,live,65536,65536,64868,65536,64956,65164,64472,98.4,20260517_KPC_live_on_SLIM::fitet-sf-c2-b5::3_BKOCO2live_740nm_3097mW_u1_poc0p45_20x0p75NA_535s50_g70_z1_256pix_basicFLIM_120f_0013
3_BKOCO2live_740nm_3097mW_u1_poc0p45_20x0p75NA_535s50_g70_z1_256pix_basicFLIM_120f_0014.sdt,20260517_KPC_live_on_SLIM,fitet-sf-c2-b5,3_BKOCO2live_740nm_3097mW_u1_poc0p45_20x0p75NA_535s50_g70_z1_256pix_basicFLIM_120f_0014,5,True,live,65536,65536,65117,65536,65375,65316,64870,99.0,20260517_KPC_live_on_SLIM::fitet-sf-c2-b5::3_BKOCO2live_740nm_3097mW_u1_poc0p45_20x0p75NA_535s50_g70_z1_256pix_basicFLIM_120f_0014
3_BKOCO2live_740nm_3097mW_u1_poc0p45_20x0p75NA_535s50_g70_z1_256pix_basicFLIM_120f_0015.sdt,20260517_KPC_live_on_SLIM,fitet-sf-c2-b5,3_BKOCO2live_740nm_3097mW_u1_poc0p45_20x0p75NA_535s50_g70_z1_256pix_basicFLIM_120f_0015,5,True,live,65536,65536,64905,65536,65280,64968,64778,98.8,20260517_KPC_live_on_SLIM::fitet-sf-c2-b5::3_BKOCO2live_740nm_3097mW_u1_poc0p45_20x0p75NA_535s50_g70_z1_256pix_basicFLIM_120f_0015
3_BKOCO2live_740nm_3097mW_u1_poc0p2_20x0p75NA_457s50_g70_z1_256pix_basicFLIM_120f_0000.sdt,20260517_KPC_live_on_SLIM,fitet-sf-c3-b5,3_BKOCO2live_740nm_3097mW_u1_poc0p2_20x0p75NA_457s50_g70_z1_256pix_basicFLIM_120f_0000,5,True,live,65536,39,61440,65535,53297,60616,38,0.1,20260517_KPC_live_on_SLIM::fitet-sf-c3-b5::3_BKOCO2live_740nm_3097mW_u1_poc0p2_20x0p75NA_457s50_g70_z1_256pix_basicFLIM_120f_0000
3_BKOCO2live_740nm_3097mW_u1_poc0p2_20x0p75NA_457s50_g70_z1_256pix_basicFLIM_120f_0001.sdt,20260517_KPC_live_on_SLIM,fitet-sf-c3-b5,3_BKOCO2live_740nm_3097mW_u1_poc0p2_20x0p75NA_457s50_g70_z1_256pix_basicFLIM_120f_0001,5,True,live,65536,669,62908,65536,55723,63804,595,0.9,20260517_KPC_live_on_SLIM::fitet-sf-c3-b5::3_BKOCO2live_740nm_3097mW_u1_poc0p2_20x0p75NA_457s50_g70_z1_256pix_basicFLIM_120f_0001
3_BKOCO2live_740nm_3097mW_u1_poc0p2_20x0p75NA_457s50_g70_z1_256pix_basicFLIM_120f_0002.sdt,20260517_KPC_live_on_SLIM,fitet-sf-c3-b5,3_BKOCO2live_740nm_3097mW_u1_poc0p2_20x0p75NA_457s50_g70_z1_256pix_basicFLIM_120f_0002,5,True,live,65536,1935,63012,65536,52561,60586,1395,2.1,20260517_KPC_live_on_SLIM::fitet-sf-c3-b5::3_BKOCO2live_740nm_3097mW_u1_poc0p2_20x0p75NA_457s50_g70_z1_256pix_basicFLIM_120f_0002
3_BKOCO2live_740nm_3097mW_u1_poc0p2_20x0p75NA_457s50_g70_z1_256pix_basicFLIM_120f_0003.sdt,20260517_KPC_live_on_SLIM,fitet-sf-c3-b5,3_BKOCO2live_740nm_3097mW_u1_poc0p2_20x0p75NA_457s50_g70_z1_256pix_basicFLIM_120f_0003,5,True,live,65536,2941,64230,65536,54664,64635,2387,3.6,20260517_KPC_live_on_SLIM::fitet-sf-c3-b5::3_BKOCO2live_740nm_3097mW_u1_poc0p2_20x0p75NA_457s50_g70_z1_256pix_basicFLIM_120f_0003
3_BKOCO2live_740nm_3097mW_u1_poc0p2_20x0p75NA_457s50_g70_z1_256pix_basicFLIM_120f_0004.sdt,20260517_KPC_live_on_SLIM,fitet-sf-c3-b5,3_BKOCO2live_740nm_3097mW_u1_poc0p2_20x0p75NA_457s50_g70_z1_256pix_basicFLIM_120f_0004,5,True,live,65536,1102,63308,65535,53480,62494,902,1.4,20260517_KPC_live_on_SLIM::fitet-sf-c3-b5::3_BKOCO2live_740nm_3097mW_u1_poc0p2_20x0p75NA_457s50_g70_z1_256pix_basicFLIM_120f_0004
3_BKOCO2live_740nm_3097mW_u1_poc0p2_20x0p75NA_457s50_g70_z1_256pix_basicFLIM_120f_0005.sdt,20260517_KPC_live_on_SLIM,fitet-sf-c3-b5,3_BKOCO2live_740nm_3097mW_u1_poc0p2_20x0p75NA_457s50_g70_z1_256pix_basicFLIM_120f_0005,5,True,live,65536,3048,64369,65536,56317,65004,2414,3.7,20260517_KPC_live_on_SLIM::fitet-sf-c3-b5::3_BKOCO2live_740nm_3097mW_u1_poc0p2_20x0p75NA_457s50_g70_z1_256pix_basicFLIM_120f_0005
3_BKOCO2live_740nm_3097mW_u1_poc0p2_20x0p75NA_457s50_g70_z1_256pix_basicFLIM_120f_0006.sdt,20260517_KPC_live_on_SLIM,fitet-sf-c3-b5,3_BKOCO2live_740nm_3097mW_u1_poc0p2_20x0p75NA_457s50_g70_z1_256pix_basicFLIM_120f_0006,5,True,live,65536,8820,64504,65536,54819,64598,6810,10.4,20260517_KPC_live_on_SLIM::fitet-sf-c3-b5::3_BKOCO2live_740nm_3097mW_u1_poc0p2_20x0p75NA_457s50_g70_z1_256pix_basicFLIM_120f_0006
3_BKOCO2live_740nm_3097mW_u1_poc0p2_20x0p75NA_457s50_g70_z1_256pix_basicFLIM_120f_0007.sdt,20260517_KPC_live_on_SLIM,fitet-sf-c3-b5,3_BKOCO2live_740nm_3097mW_u1_poc0p2_20x0p75NA_457s50_g70_z1_256pix_basicFLIM_120f_0007,5,True,live,65536,174,63389,65536,54495,64115,56,0.1,20260517_KPC_live_on_SLIM::fitet-sf-c3-b5::3_BKOCO2live_740nm_3097mW_u1_poc0p2_20x0p75NA_457s50_g70_z1_256pix_basicFLIM_120f_0007
3_BKOCO2live_740nm_3097mW_u1_poc0p2_20x0p75NA_457s50_g70_z1_256pix_basicFLIM_120f_0008.sdt,20260517_KPC_live_on_SLIM,fitet-sf-c3-b5,3_BKOCO2live_740nm_3097mW_u1_poc0p2_20x0p75NA_457s50_g70_z1_256pix_basicFLIM_120f_0008,5,True,live,65536,2341,64299,65536,53835,64901,1789,2.7,20260517_KPC_live_on_SLIM::fitet-sf-c3-b5::3_BKOCO2live_740nm_3097mW_u1_poc0p2_20x0p75NA_457s50_g70_z1_256pix_basicFLIM_120f_0008
3_BKOCO2live_740nm_3097mW_u1_poc0p2_20x0p75NA_457s50_g70_z1_256pix_basicFLIM_120f_0009.sdt,20260517_KPC_live_on_SLIM,fitet-sf-c3-b5,3_BKOCO2live_740nm_3097mW_u1_poc0p2_20x0p75NA_457s50_g70_z1_256pix_basicFLIM_120f_0009,5,True,live,65536,8916,64462,65536,55025,64292,6606,10.1,20260517_KPC_live_on_SLIM::fitet-sf-c3-b5::3_BKOCO2live_740nm_3097mW_u1_poc0p2_20x0p75NA_457s50_g70_z1_256pix_basicFLIM_120f_0009
3_BKOCO2live_740nm_3097mW_u1_poc0p2_20x0p75NA_457s50_g70_z1_256pix_basicFLIM_120f_0010.sdt,20260517_KPC_live_on_SLIM,fitet-sf-c3-b5,3_BKOCO2live_740nm_3097mW_u1_poc0p2_20x0p75NA_457s50_g70_z1_256pix_basicFLIM_120f_0010,5,True,live,65536,20164,63018,65536,52121,59247,16690,25.5,20260517_KPC_live_on_SLIM::fitet-sf-c3-b5::3_BKOCO2live_740nm_3097mW_u1_poc0p2_20x0p75NA_457s50_g70_z1_256pix_basicFLIM_120f_0010
3_BKOCO2live_740nm_3097mW_u1_poc0p2_20x0p75NA_457s50_g70_z1_256pix_basicFLIM_120f_0011.sdt,20260517_KPC_live_on_SLIM,fitet-sf-c3-b5,3_BKOCO2live_740nm_3097mW_u1_poc0p2_20x0p75NA_457s50_g70_z1_256pix_basicFLIM_120f_0011,5,True,live,65536,15094,64352,65536,54835,63618,12441,19.0,20260517_KPC_live_on_SLIM::fitet-sf-c3-b5::3_BKOCO2live_740nm_3097mW_u1_poc0p2_20x0p75NA_457s50_g70_z1_256pix_basicFLIM_120f_0011
3_BKOCO2live_740nm_3097mW_u1_poc0p2_20x0p75NA_457s50_g70_z1_256pix_basicFLIM_120f_0012.sdt,20260517_KPC_live_on_SLIM,fitet-sf-c3-b5,3_BKOCO2live_740nm_3097mW_u1_poc0p2_20x0p75NA_457s50_g70_z1_256pix_basicFLIM_120f_0012,5,True,live,65536,17420,63225,65536,52177,61350,13872,21.2,20260517_KPC_live_on_SLIM::fitet-sf-c3-b5::3_BKOCO2live_740nm_3097mW_u1_poc0p2_20x0p75NA_457s50_g70_z1_256pix_basicFLIM_120f_0012
3_BKOCO2live_740nm_3097mW_u1_poc0p2_20x0p75NA_457s50_g70_z1_256pix_basicFLIM_120f_0013.sdt,20260517_KPC_live_on_SLIM,fitet-sf-c3-b5,3_BKOCO2live_740nm_3097mW_u1_poc0p2_20x0p75NA_457s50_g70_z1_256pix_basicFLIM_120f_0013,5,True,live,65536,6473,61953,65536,53188,58975,5299,8.1,20260517_KPC_live_on_SLIM::fitet-sf-c3-b5::3_BKOCO2live_740nm_3097mW_u1_poc0p2_20x0p75NA_457s50_g70_z1_256pix_basicFLIM_120f_0013
3_BKOCO2live_740nm_3097mW_u1_poc0p2_20x0p75NA_457s50_g70_z1_256pix_basicFLIM_120f_0014.sdt,20260517_KPC_live_on_SLIM,fitet-sf-c3-b5,3_BKOCO2live_740nm_3097mW_u1_poc0p2_20x0p75NA_457s50_g70_z1_256pix_basicFLIM_120f_0014,5,True,live,65536,2703,62378,65536,52684,59324,2064,3.1,20260517_KPC_live_on_SLIM::fitet-sf-c3-b5::3_BKOCO2live_740nm_3097mW_u1_poc0p2_20x0p75NA_457s50_g70_z1_256pix_basicFLIM_120f_0014
3_BKOCO2live_740nm_3097mW_u1_poc0p2_20x0p75NA_457s50_g70_z1_256pix_basicFLIM_120f_0015.sdt,20260517_KPC_live_on_SLIM,fitet-sf-c3-b5,3_BKOCO2live_740nm_3097mW_u1_poc0p2_20x0p75NA_457s50_g70_z1_256pix_basicFLIM_120f_0015,5,True,live,65536,431,62556,65535,53953,61914,66,0.1,20260517_KPC_live_on_SLIM::fitet-sf-c3-b5::3_BKOCO2live_740nm_3097mW_u1_poc0p2_20x0p75NA_457s50_g70_z1_256pix_basicFLIM_120f_0015
3_BKOCO2live_740nm_3097mW_u1_poc0p2_20x0p75NA_535s50_g70_z1_256pix_basicFLIM_120f_0000.sdt,20260517_KPC_live_on_SLIM,fitet-sf-c3-b5,3_BKOCO2live_740nm_3097mW_u1_poc0p2_20x0p75NA_535s50_g70_z1_256pix_basicFLIM_120f_0000,5,True,live,65536,84,60804,65536,47396,51853,0,0.0,20260517_KPC_live_on_SLIM::fitet-sf-c3-b5::3_BKOCO2live_740nm_3097mW_u1_poc0p2_20x0p75NA_535s50_g70_z1_256pix_basicFLIM_120f_0000
3_BKOCO2live_740nm_3097mW_u1_poc0p2_20x0p75NA_535s50_g70_z1_256pix_basicFLIM_120f_0001.sdt,20260517_KPC_live_on_SLIM,fitet-sf-c3-b5,3_BKOCO2live_740nm_3097mW_u1_poc0p2_20x0p75NA_535s50_g70_z1_256pix_basicFLIM_120f_0001,5,True,live,65536,0,62483,65536,48596,57354,0,0.0,20260517_KPC_live_on_SLIM::fitet-sf-c3-b5::3_BKOCO2live_740nm_3097mW_u1_poc0p2_20x0p75NA_535s50_g70_z1_256pix_basicFLIM_120f_0001
3_BKOCO2live_740nm_3097mW_u1_poc0p2_20x0p75NA_535s50_g70_z1_256pix_basicFLIM_120f_0002.sdt,20260517_KPC_live_on_SLIM,fitet-sf-c3-b5,3_BKOCO2live_740nm_3097mW_u1_poc0p2_20x0p75NA_535s50_g70_z1_256pix_basicFLIM_120f_0002,5,True,live,65536,158,62677,65536,42207,51529,2,0.0,20260517_KPC_live_on_SLIM::fitet-sf-c3-b5::3_BKOCO2live_740nm_3097mW_u1_poc0p2_20x0p75NA_535s50_g70_z1_256pix_basicFLIM_120f_0002
3_BKOCO2live_740nm_3097mW_u1_poc0p2_20x0p75NA_535s50_g70_z1_256pix_basicFLIM_120f_0003.sdt,20260517_KPC_live_on_SLIM,fitet-sf-c3-b5,3_BKOCO2live_740nm_3097mW_u1_poc0p2_20x0p75NA_535s50_g70_z1_256pix_basicFLIM_120f_0003,5,True,live,65536,454,63468,65536,36347,49677,116,0.2,20260517_KPC_live_on_SLIM::fitet-sf-c3-b5::3_BKOCO2live_740nm_3097mW_u1_poc0p2_20x0p75NA_535s50_g70_z1_256pix_basicFLIM_120f_0003
3_BKOCO2live_740nm_3097mW_u1_poc0p2_20x0p75NA_535s50_g70_z1_256pix_basicFLIM_120f_0004.sdt,20260517_KPC_live_on_SLIM,fitet-sf-c3-b5,3_BKOCO2live_740nm_3097mW_u1_poc0p2_20x0p75NA_535s50_g70_z1_256pix_basicFLIM_120f_0004,5,True,live,65536,104,62447,65536,45456,53761,1,0.0,20260517_KPC_live_on_SLIM::fitet-sf-c3-b5::3_BKOCO2live_740nm_3097mW_u1_poc0p2_20x0p75NA_535s50_g70_z1_256pix_basicFLIM_120f_0004
3_BKOCO2live_740nm_3097mW_u1_poc0p2_20x0p75NA_535s50_g70_z1_256pix_basicFLIM_120f_0005.sdt,20260517_KPC_live_on_SLIM,fitet-sf-c3-b5,3_BKOCO2live_740nm_3097mW_u1_poc0p2_20x0p75NA_535s50_g70_z1_256pix_basicFLIM_120f_0005,5,True,live,65536,221,62939,65536,38702,52834,0,0.0,20260517_KPC_live_on_SLIM::fitet-sf-c3-b5::3_BKOCO2live_740nm_3097mW_u1_poc0p2_20x0p75NA_535s50_g70_z1_256pix_basicFLIM_120f_0005
3_BKOCO2live_740nm_3097mW_u1_poc0p2_20x0p75NA_535s50_g70_z1_256pix_basicFLIM_120f_0006.sdt,20260517_KPC_live_on_SLIM,fitet-sf-c3-b5,3_BKOCO2live_740nm_3097mW_u1_poc0p2_20x0p75NA_535s50_g70_z1_256pix_basicFLIM_120f_0006,5,True,live,65536,606,63289,65536,36783,51350,4,0.0,20260517_KPC_live_on_SLIM::fitet-sf-c3-b5::3_BKOCO2live_740nm_3097mW_u1_poc0p2_20x0p75NA_535s50_g70_z1_256pix_basicFLIM_120f_0006
3_BKOCO2live_740nm_3097mW_u1_poc0p2_20x0p75NA_535s50_g70_z1_256pix_basicFLIM_120f_0007.sdt,20260517_KPC_live_on_SLIM,fitet-sf-c3-b5,3_BKOCO2live_740nm_3097mW_u1_poc0p2_20x0p75NA_535s50_g70_z1_256pix_basicFLIM_120f_0007,5,True,live,65536,365,62989,65536,47164,52571,18,0.0,20260517_KPC_live_on_SLIM::fitet-sf-c3-b5::3_BKOCO2live_740nm_3097mW_u1_poc0p2_20x0p75NA_535s50_g70_z1_256pix_basicFLIM_120f_0007
3_BKOCO2live_740nm_3097mW_u1_poc0p2_20x0p75NA_535s50_g70_z1_256pix_basicFLIM_120f_0008.sdt,20260517_KPC_live_on_SLIM,fitet-sf-c3-b5,3_BKOCO2live_740nm_3097mW_u1_poc0p2_20x0p75NA_535s50_g70_z1_256pix_basicFLIM_120f_0008,5,True,live,65536,314,63286,65536,40170,53224,96,0.1,20260517_KPC_live_on_SLIM::fitet-sf-c3-b5::3_BKOCO2live_740nm_3097mW_u1_poc0p2_20x0p75NA_535s50_g70_z1_256pix_basicFLIM_120f_0008
3_BKOCO2live_740nm_3097mW_u1_poc0p2_20x0p75NA_535s50_g70_z1_256pix_basicFLIM_120f_0009.sdt,20260517_KPC_live_on_SLIM,fitet-sf-c3-b5,3_BKOCO2live_740nm_3097mW_u1_poc0p2_20x0p75NA_535s50_g70_z1_256pix_basicFLIM_120f_0009,5,True,live,65536,451,63514,65536,37519,51232,48,0.1,20260517_KPC_live_on_SLIM::fitet-sf-c3-b5::3_BKOCO2live_740nm_3097mW_u1_poc0p2_20x0p75NA_535s50_g70_z1_256pix_basicFLIM_120f_0009
3_BKOCO2live_740nm_3097mW_u1_poc0p2_20x0p75NA_535s50_g70_z1_256pix_basicFLIM_120f_0010.sdt,20260517_KPC_live_on_SLIM,fitet-sf-c3-b5,3_BKOCO2live_740nm_3097mW_u1_poc0p2_20x0p75NA_535s50_g70_z1_256pix_basicFLIM_120f_0010,5,True,live,65536,2866,63112,65536,35108,47483,288,0.4,20260517_KPC_live_on_SLIM::fitet-sf-c3-b5::3_BKOCO2live_740nm_3097mW_u1_poc0p2_20x0p75NA_535s50_g70_z1_256pix_basicFLIM_120f_0010
3_BKOCO2live_740nm_3097mW_u1_poc0p2_20x0p75NA_535s50_g70_z1_256pix_basicFLIM_120f_0011.sdt,20260517_KPC_live_on_SLIM,fitet-sf-c3-b5,3_BKOCO2live_740nm_3097mW_u1_poc0p2_20x0p75NA_535s50_g70_z1_256pix_basicFLIM_120f_0011,5,True,live,65536,1171,63648,65536,35880,51601,153,0.2,20260517_KPC_live_on_SLIM::fitet-sf-c3-b5::3_BKOCO2live_740nm_3097mW_u1_poc0p2_20x0p75NA_535s50_g70_z1_256pix_basicFLIM_120f_0011
3_BKOCO2live_740nm_3097mW_u1_poc0p2_20x0p75NA_535s50_g70_z1_256pix_basicFLIM_120f_0012.sdt,20260517_KPC_live_on_SLIM,fitet-sf-c3-b5,3_BKOCO2live_740nm_3097mW_u1_poc0p2_20x0p75NA_535s50_g70_z1_256pix_basicFLIM_120f_0012,5,True,live,65536,2338,62972,65536,35523,50287,286,0.4,20260517_KPC_live_on_SLIM::fitet-sf-c3-b5::3_BKOCO2live_740nm_3097mW_u1_poc0p2_20x0p75NA_535s50_g70_z1_256pix_basicFLIM_120f_0012
3_BKOCO2live_740nm_3097mW_u1_poc0p2_20x0p75NA_535s50_g70_z1_256pix_basicFLIM_120f_0013.sdt,20260517_KPC_live_on_SLIM,fitet-sf-c3-b5,3_BKOCO2live_740nm_3097mW_u1_poc0p2_20x0p75NA_535s50_g70_z1_256pix_basicFLIM_120f_0013,5,True,live,65536,2237,63011,65536,41292,48775,538,0.8,20260517_KPC_live_on_SLIM::fitet-sf-c3-b5::3_BKOCO2live_740nm_3097mW_u1_poc0p2_20x0p75NA_535s50_g70_z1_256pix_basicFLIM_120f_0013
3_BKOCO2live_740nm_3097mW_u1_poc0p2_20x0p75NA_535s50_g70_z1_256pix_basicFLIM_120f_0014.sdt,20260517_KPC_live_on_SLIM,fitet-sf-c3-b5,3_BKOCO2live_740nm_3097mW_u1_poc0p2_20x0p75NA_535s50_g70_z1_256pix_basicFLIM_120f_0014,5,True,live,65536,153,61417,65536,43773,49621,0,0.0,20260517_KPC_live_on_SLIM::fitet-sf-c3-b5::3_BKOCO2live_740nm_3097mW_u1_poc0p2_20x0p75NA_535s50_g70_z1_256pix_basicFLIM_120f_0014
3_BKOCO2live_740nm_3097mW_u1_poc0p2_20x0p75NA_535s50_g70_z1_256pix_basicFLIM_120f_0015.sdt,20260517_KPC_live_on_SLIM,fitet-sf-c3-b5,3_BKOCO2live_740nm_3097mW_u1_poc0p2_20x0p75NA_535s50_g70_z1_256pix_basicFLIM_120f_0015,5,True,live,65536,458,62991,65536,46605,52077,19,0.0,20260517_KPC_live_on_SLIM::fitet-sf-c3-b5::3_BKOCO2live_740nm_3097mW_u1_poc0p2_20x0p75NA_535s50_g70_z1_256pix_basicFLIM_120f_0015
3_BKOCO2live_740nm_3097mW_u1_poc0p45_20x0p75NA_457s50_g70_z1_256pix_basicFLIM_120f_0000.sdt,20260517_KPC_live_on_SLIM,fitet-sf-c3-b5,3_BKOCO2live_740nm_3097mW_u1_poc0p45_20x0p75NA_457s50_g70_z1_256pix_basicFLIM_120f_0000,5,True,live,65536,65438,65453,65536,52935,62550,52620,80.3,20260517_KPC_live_on_SLIM::fitet-sf-c3-b5::3_BKOCO2live_740nm_3097mW_u1_poc0p45_20x0p75NA_457s50_g70_z1_256pix_basicFLIM_120f_0000
3_BKOCO2live_740nm_3097mW_u1_poc0p45_20x0p75NA_457s50_g70_z1_256pix_basicFLIM_120f_0001.sdt,20260517_KPC_live_on_SLIM,fitet-sf-c3-b5,3_BKOCO2live_740nm_3097mW_u1_poc0p45_20x0p75NA_457s50_g70_z1_256pix_basicFLIM_120f_0001,5,True,live,65536,65536,65466,65536,55062,61654,54809,83.6,20260517_KPC_live_on_SLIM::fitet-sf-c3-b5::3_BKOCO2live_740nm_3097mW_u1_poc0p45_20x0p75NA_457s50_g70_z1_256pix_basicFLIM_120f_0001
3_BKOCO2live_740nm_3097mW_u1_poc0p45_20x0p75NA_457s50_g70_z1_256pix_basicFLIM_120f_0002.sdt,20260517_KPC_live_on_SLIM,fitet-sf-c3-b5,3_BKOCO2live_740nm_3097mW_u1_poc0p45_20x0p75NA_457s50_g70_z1_256pix_basicFLIM_120f_0002,5,True,live,65536,46892,65264,65536,53306,59981,39022,59.5,20260517_KPC_live_on_SLIM::fitet-sf-c3-b5::3_BKOCO2live_740nm_3097mW_u1_poc0p45_20x0p75NA_457s50_g70_z1_256pix_basicFLIM_120f_0002
3_BKOCO2live_740nm_3097mW_u1_poc0p45_20x0p75NA_457s50_g70_z1_256pix_basicFLIM_120f_0003.sdt,20260517_KPC_live_on_SLIM,fitet-sf-c3-b5,3_BKOCO2live_740nm_3097mW_u1_poc0p45_20x0p75NA_457s50_g70_z1_256pix_basicFLIM_120f_0003,5,True,live,65536,65536,65534,65536,59516,62902,59512,90.8,20260517_KPC_live_on_SLIM::fitet-sf-c3-b5::3_BKOCO2live_740nm_3097mW_u1_poc0p45_20x0p75NA_457s50_g70_z1_256pix_basicFLIM_120f_0003
3_BKOCO2live_740nm_3097mW_u1_poc0p45_20x0p75NA_457s50_g70_z1_256pix_basicFLIM_120f_0004.sdt,20260517_KPC_live_on_SLIM,fitet-sf-c3-b5,3_BKOCO2live_740nm_3097mW_u1_poc0p45_20x0p75NA_457s50_g70_z1_256pix_basicFLIM_120f_0004,5,True,live,65536,65520,65413,65536,56369,62795,56151,85.7,20260517_KPC_live_on_SLIM::fitet-sf-c3-b5::3_BKOCO2live_740nm_3097mW_u1_poc0p45_20x0p75NA_457s50_g70_z1_256pix_basicFLIM_120f_0004
3_BKOCO2live_740nm_3097mW_u1_poc0p45_20x0p75NA_457s50_g70_z1_256pix_basicFLIM_120f_0005.sdt,20260517_KPC_live_on_SLIM,fitet-sf-c3-b5,3_BKOCO2live_740nm_3097mW_u1_poc0p45_20x0p75NA_457s50_g70_z1_256pix_basicFLIM_120f_0005,5,True,live,65536,65536,65510,65536,60094,64925,60072,91.7,20260517_KPC_live_on_SLIM::fitet-sf-c3-b5::3_BKOCO2live_740nm_3097mW_u1_poc0p45_20x0p75NA_457s50_g70_z1_256pix_basicFLIM_120f_0005
3_BKOCO2live_740nm_3097mW_u1_poc0p45_20x0p75NA_457s50_g70_z1_256pix_basicFLIM_120f_0006.sdt,20260517_KPC_live_on_SLIM,fitet-sf-c3-b5,3_BKOCO2live_740nm_3097mW_u1_poc0p45_20x0p75NA_457s50_g70_z1_256pix_basicFLIM_120f_0006,5,True,live,65536,65536,65521,65536,58961,63457,58942,89.9,20260517_KPC_live_on_SLIM::fitet-sf-c3-b5::3_BKOCO2live_740nm_3097mW_u1_poc0p45_20x0p75NA_457s50_g70_z1_256pix_basicFLIM_120f_0006
3_BKOCO2live_740nm_3097mW_u1_poc0p45_20x0p75NA_457s50_g70_z1_256pix_basicFLIM_120f_0007.sdt,20260517_KPC_live_on_SLIM,fitet-sf-c3-b5,3_BKOCO2live_740nm_3097mW_u1_poc0p45_20x0p75NA_457s50_g70_z1_256pix_basicFLIM_120f_0007,5,True,live,65536,65536,65489,65536,59439,64370,59408,90.6,20260517_KPC_live_on_SLIM::fitet-sf-c3-b5::3_BKOCO2live_740nm_3097mW_u1_poc0p45_20x0p75NA_457s50_g70_z1_256pix_basicFLIM_120f_0007
3_BKOCO2live_740nm_3097mW_u1_poc0p45_20x0p75NA_457s50_g70_z1_256pix_basicFLIM_120f_0008.sdt,20260517_KPC_live_on_SLIM,fitet-sf-c3-b5,3_BKOCO2live_740nm_3097mW_u1_poc0p45_20x0p75NA_457s50_g70_z1_256pix_basicFLIM_120f_0008,5,True,live,65536,10751,64515,65536,56914,64456,9879,15.1,20260517_KPC_live_on_SLIM::fitet-sf-c3-b5::3_BKOCO2live_740nm_3097mW_u1_poc0p45_20x0p75NA_457s50_g70_z1_256pix_basicFLIM_120f_0008
3_BKOCO2live_740nm_3097mW_u1_poc0p45_20x0p75NA_457s50_g70_z1_256pix_basicFLIM_120f_0009.sdt,20260517_KPC_live_on_SLIM,fitet-sf-c3-b5,3_BKOCO2live_740nm_3097mW_u1_poc0p45_20x0p75NA_457s50_g70_z1_256pix_basicFLIM_120f_0009,5,True,live,65536,65536,65485,65536,54853,61695,54759,83.6,20260517_KPC_live_on_SLIM::fitet-sf-c3-b5::3_BKOCO2live_740nm_3097mW_u1_poc0p45_20x0p75NA_457s50_g70_z1_256pix_basicFLIM_120f_0009
3_BKOCO2live_740nm_3097mW_u1_poc0p45_20x0p75NA_457s50_g70_z1_256pix_basicFLIM_120f_0010.sdt,20260517_KPC_live_on_SLIM,fitet-sf-c3-b5,3_BKOCO2live_740nm_3097mW_u1_poc0p45_20x0p75NA_457s50_g70_z1_256pix_basicFLIM_120f_0010,5,True,live,65536,43797,65160,65536,53700,59455,37638,57.4,20260517_KPC_live_on_SLIM::fitet-sf-c3-b5::3_BKOCO2live_740nm_3097mW_u1_poc0p45_20x0p75NA_457s50_g70_z1_256pix_basicFLIM_120f_0010
3_BKOCO2live_740nm_3097mW_u1_poc0p45_20x0p75NA_457s50_g70_z1_256pix_basicFLIM_120f_0011.sdt,20260517_KPC_live_on_SLIM,fitet-sf-c3-b5,3_BKOCO2live_740nm_3097mW_u1_poc0p45_20x0p75NA_457s50_g70_z1_256pix_basicFLIM_120f_0011,5,True,live,65536,65536,65441,65536,58950,62233,58689,89.6,20260517_KPC_live_on_SLIM::fitet-sf-c3-b5::3_BKOCO2live_740nm_3097mW_u1_poc0p45_20x0p75NA_457s50_g70_z1_256pix_basicFLIM_120f_0011
3_BKOCO2live_740nm_3097mW_u1_poc0p45_20x0p75NA_457s50_g70_z1_256pix_basicFLIM_120f_0012.sdt,20260517_KPC_live_on_SLIM,fitet-sf-c3-b5,3_BKOCO2live_740nm_3097mW_u1_poc0p45_20x0p75NA_457s50_g70_z1_256pix_basicFLIM_120f_0012,5,True,live,65536,60898,65404,65536,53652,59936,49881,76.1,20260517_KPC_live_on_SLIM::fitet-sf-c3-b5::3_BKOCO2live_740nm_3097mW_u1_poc0p45_20x0p75NA_457s50_g70_z1_256pix_basicFLIM_120f_0012
3_BKOCO2live_740nm_3097mW_u1_poc0p45_20x0p75NA_457s50_g70_z1_256pix_basicFLIM_120f_0013.sdt,20260517_KPC_live_on_SLIM,fitet-sf-c3-b5,3_BKOCO2live_740nm_3097mW_u1_poc0p45_20x0p75NA_457s50_g70_z1_256pix_basicFLIM_120f_0013,5,True,live,65536,64644,65347,65536,55598,60051,54468,83.1,20260517_KPC_live_on_SLIM::fitet-sf-c3-b5::3_BKOCO2live_740nm_3097mW_u1_poc0p45_20x0p75NA_457s50_g70_z1_256pix_basicFLIM_120f_0013
3_BKOCO2live_740nm_3097mW_u1_poc0p45_20x0p75NA_457s50_g70_z1_256pix_basicFLIM_120f_0014.sdt,20260517_KPC_live_on_SLIM,fitet-sf-c3-b5,3_BKOCO2live_740nm_3097mW_u1_poc0p45_20x0p75NA_457s50_g70_z1_256pix_basicFLIM_120f_0014,5,True,live,65536,40621,65041,65536,51879,59169,34334,52.4,20260517_KPC_live_on_SLIM::fitet-sf-c3-b5::3_BKOCO2live_740nm_3097mW_u1_poc0p45_20x0p75NA_457s50_g70_z1_256pix_basicFLIM_120f_0014
3_BKOCO2live_740nm_3097mW_u1_poc0p45_20x0p75NA_457s50_g70_z1_256pix_basicFLIM_120f_0015.sdt,20260517_KPC_live_on_SLIM,fitet-sf-c3-b5,3_BKOCO2live_740nm_3097mW_u1_poc0p45_20x0p75NA_457s50_g70_z1_256pix_basicFLIM_120f_0015,5,True,live,65536,65536,65369,65536,55001,61482,54832,83.7,20260517_KPC_live_on_SLIM::fitet-sf-c3-b5::3_BKOCO2live_740nm_3097mW_u1_poc0p45_20x0p75NA_457s50_g70_z1_256pix_basicFLIM_120f_0015
3_BKOCO2live_740nm_3097mW_u1_poc0p45_20x0p75NA_535s50_g70_z1_256pix_basicFLIM_120f_0000.sdt,20260517_KPC_live_on_SLIM,fitet-sf-c3-b5,3_BKOCO2live_740nm_3097mW_u1_poc0p45_20x0p75NA_535s50_g70_z1_256pix_basicFLIM_120f_0000,5,True,live,65536,65536,65445,65536,53170,54001,48375,73.8,20260517_KPC_live_on_SLIM::fitet-sf-c3-b5::3_BKOCO2live_740nm_3097mW_u1_poc0p45_20x0p75NA_535s50_g70_z1_256pix_basicFLIM_120f_0000
3_BKOCO2live_740nm_3097mW_u1_poc0p45_20x0p75NA_535s50_g70_z1_256pix_basicFLIM_120f_0001.sdt,20260517_KPC_live_on_SLIM,fitet-sf-c3-b5,3_BKOCO2live_740nm_3097mW_u1_poc0p45_20x0p75NA_535s50_g70_z1_256pix_basicFLIM_120f_0001,5,True,live,65536,65536,65519,65536,60026,64070,59885,91.4,20260517_KPC_live_on_SLIM::fitet-sf-c3-b5::3_BKOCO2live_740nm_3097mW_u1_poc0p45_20x0p75NA_535s50_g70_z1_256pix_basicFLIM_120f_0001
3_BKOCO2live_740nm_3097mW_u1_poc0p45_20x0p75NA_535s50_g70_z1_256pix_basicFLIM_120f_0002.sdt,20260517_KPC_live_on_SLIM,fitet-sf-c3-b5,3_BKOCO2live_740nm_3097mW_u1_poc0p45_20x0p75NA_535s50_g70_z1_256pix_basicFLIM_120f_0002,5,True,live,65536,65536,65437,65536,56720,50376,48954,74.7,20260517_KPC_live_on_SLIM::fitet-sf-c3-b5::3_BKOCO2live_740nm_3097mW_u1_poc0p45_20x0p75NA_535s50_g70_z1_256pix_basicFLIM_120f_0002
3_BKOCO2live_740nm_3097mW_u1_poc0p45_20x0p75NA_535s50_g70_z1_256pix_basicFLIM_120f_0003.sdt,20260517_KPC_live_on_SLIM,fitet-sf-c3-b5,3_BKOCO2live_740nm_3097mW_u1_poc0p45_20x0p75NA_535s50_g70_z1_256pix_basicFLIM_120f_0003,5,True,live,65536,65536,65522,65536,62267,62738,61706,94.2,20260517_KPC_live_on_SLIM::fitet-sf-c3-b5::3_BKOCO2live_740nm_3097mW_u1_poc0p45_20x0p75NA_535s50_g70_z1_256pix_basicFLIM_120f_0003
3_BKOCO2live_740nm_3097mW_u1_poc0p45_20x0p75NA_535s50_g70_z1_256pix_basicFLIM_120f_0004.sdt,20260517_KPC_live_on_SLIM,fitet-sf-c3-b5,3_BKOCO2live_740nm_3097mW_u1_poc0p45_20x0p75NA_535s50_g70_z1_256pix_basicFLIM_120f_0004,5,True,live,65536,65458,65457,65536,61502,60216,58759,89.7,20260517_KPC_live_on_SLIM::fitet-sf-c3-b5::3_BKOCO2live_740nm_3097mW_u1_poc0p45_20x0p75NA_535s50_g70_z1_256pix_basicFLIM_120f_0004
3_BKOCO2live_740nm_3097mW_u1_poc0p45_20x0p75NA_535s50_g70_z1_256pix_basicFLIM_120f_0005.sdt,20260517_KPC_live_on_SLIM,fitet-sf-c3-b5,3_BKOCO2live_740nm_3097mW_u1_poc0p45_20x0p75NA_535s50_g70_z1_256pix_basicFLIM_120f_0005,5,True,live,65536,65536,65507,65536,61378,63653,60772,92.7,20260517_KPC_live_on_SLIM::fitet-sf-c3-b5::3_BKOCO2live_740nm_3097mW_u1_poc0p45_20x0p75NA_535s50_g70_z1_256pix_basicFLIM_120f_0005
3_BKOCO2live_740nm_3097mW_u1_poc0p45_20x0p75NA_535s50_g70_z1_256pix_basicFLIM_120f_0006.sdt,20260517_KPC_live_on_SLIM,fitet-sf-c3-b5,3_BKOCO2live_740nm_3097mW_u1_poc0p45_20x0p75NA_535s50_g70_z1_256pix_basicFLIM_120f_0006,5,True,live,65536,65536,65478,65536,62037,62273,61066,93.2,20260517_KPC_live_on_SLIM::fitet-sf-c3-b5::3_BKOCO2live_740nm_3097mW_u1_poc0p45_20x0p75NA_535s50_g70_z1_256pix_basicFLIM_120f_0006
3_BKOCO2live_740nm_3097mW_u1_poc0p45_20x0p75NA_535s50_g70_z1_256pix_basicFLIM_120f_0007.sdt,20260517_KPC_live_on_SLIM,fitet-sf-c3-b5,3_BKOCO2live_740nm_3097mW_u1_poc0p45_20x0p75NA_535s50_g70_z1_256pix_basicFLIM_120f_0007,5,True,live,65536,65536,65528,65536,63584,63865,63263,96.5,20260517_KPC_live_on_SLIM::fitet-sf-c3-b5::3_BKOCO2live_740nm_3097mW_u1_poc0p45_20x0p75NA_535s50_g70_z1_256pix_basicFLIM_120f_0007
3_BKOCO2live_740nm_3097mW_u1_poc0p45_20x0p75NA_535s50_g70_z1_256pix_basicFLIM_120f_0008.sdt,20260517_KPC_live_on_SLIM,fitet-sf-c3-b5,3_BKOCO2live_740nm_3097mW_u1_poc0p45_20x0p75NA_535s50_g70_z1_256pix_basicFLIM_120f_0008,5,True,live,65536,65536,65480,65536,56086,63902,55987,85.4,20260517_KPC_live_on_SLIM::fitet-sf-c3-b5::3_BKOCO2live_740nm_3097mW_u1_poc0p45_20x0p75NA_535s50_g70_z1_256pix_basicFLIM_120f_0008
3_BKOCO2live_740nm_3097mW_u1_poc0p45_20x0p75NA_535s50_g70_z1_256pix_basicFLIM_120f_0009.sdt,20260517_KPC_live_on_SLIM,fitet-sf-c3-b5,3_BKOCO2live_740nm_3097mW_u1_poc0p45_20x0p75NA_535s50_g70_z1_256pix_basicFLIM_120f_0009,5,True,live,65536,65536,65450,65536,60595,63043,60400,92.2,20260517_KPC_live_on_SLIM::fitet-sf-c3-b5::3_BKOCO2live_740nm_3097mW_u1_poc0p45_20x0p75NA_535s50_g70_z1_256pix_basicFLIM_120f_0009
3_BKOCO2live_740nm_3097mW_u1_poc0p45_20x0p75NA_535s50_g70_z1_256pix_basicFLIM_120f_0010.sdt,20260517_KPC_live_on_SLIM,fitet-sf-c3-b5,3_BKOCO2live_740nm_3097mW_u1_poc0p45_20x0p75NA_535s50_g70_z1_256pix_basicFLIM_120f_0010,5,True,live,65536,65536,65510,65536,55784,50387,47301,72.2,20260517_KPC_live_on_SLIM::fitet-sf-c3-b5::3_BKOCO2live_740nm_3097mW_u1_poc0p45_20x0p75NA_535s50_g70_z1_256pix_basicFLIM_120f_0010
3_BKOCO2live_740nm_3097mW_u1_poc0p45_20x0p75NA_535s50_g70_z1_256pix_basicFLIM_120f_0011.sdt,20260517_KPC_live_on_SLIM,fitet-sf-c3-b5,3_BKOCO2live_740nm_3097mW_u1_poc0p45_20x0p75NA_535s50_g70_z1_256pix_basicFLIM_120f_0011,5,True,live,65536,63031,65436,65536,54092,61511,52688,80.4,20260517_KPC_live_on_SLIM::fitet-sf-c3-b5::3_BKOCO2live_740nm_3097mW_u1_poc0p45_20x0p75NA_535s50_g70_z1_256pix_basicFLIM_120f_0011
3_BKOCO2live_740nm_3097mW_u1_poc0p45_20x0p75NA_535s50_g70_z1_256pix_basicFLIM_120f_0012.sdt,20260517_KPC_live_on_SLIM,fitet-sf-c3-b5,3_BKOCO2live_740nm_3097mW_u1_poc0p45_20x0p75NA_535s50_g70_z1_256pix_basicFLIM_120f_0012,5,True,live,65536,65536,65484,65536,57843,52525,51297,78.3,20260517_KPC_live_on_SLIM::fitet-sf-c3-b5::3_BKOCO2live_740nm_3097mW_u1_poc0p45_20x0p75NA_535s50_g70_z1_256pix_basicFLIM_120f_0012
3_BKOCO2live_740nm_3097mW_u1_poc0p45_20x0p75NA_535s50_g70_z1_256pix_basicFLIM_120f_0013.sdt,20260517_KPC_live_on_SLIM,fitet-sf-c3-b5,3_BKOCO2live_740nm_3097mW_u1_poc0p45_20x0p75NA_535s50_g70_z1_256pix_basicFLIM_120f_0013,5,True,live,65536,65536,65509,65536,58292,48267,47757,72.9,20260517_KPC_live_on_SLIM::fitet-sf-c3-b5::3_BKOCO2live_740nm_3097mW_u1_poc0p45_20x0p75NA_535s50_g70_z1_256pix_basicFLIM_120f_0013
3_BKOCO2live_740nm_3097mW_u1_poc0p45_20x0p75NA_535s50_g70_z1_256pix_basicFLIM_120f_0014.sdt,20260517_KPC_live_on_SLIM,fitet-sf-c3-b5,3_BKOCO2live_740nm_3097mW_u1_poc0p45_20x0p75NA_535s50_g70_z1_256pix_basicFLIM_120f_0014,5,True,live,65536,65536,65369,65536,51943,47449,43172,65.9,20260517_KPC_live_on_SLIM::fitet-sf-c3-b5::3_BKOCO2live_740nm_3097mW_u1_poc0p45_20x0p75NA_535s50_g70_z1_256pix_basicFLIM_120f_0014
3_BKOCO2live_740nm_3097mW_u1_poc0p45_20x0p75NA_535s50_g70_z1_256pix_basicFLIM_120f_0015.sdt,20260517_KPC_live_on_SLIM,fitet-sf-c3-b5,3_BKOCO2live_740nm_3097mW_u1_poc0p45_20x0p75NA_535s50_g70_z1_256pix_basicFLIM_120f_0015,5,True,live,65536,64742,65468,65536,59795,60764,58328,89.0,20260517_KPC_live_on_SLIM::fitet-sf-c3-b5::3_BKOCO2live_740nm_3097mW_u1_poc0p45_20x0p75NA_535s50_g70_z1_256pix_basicFLIM_120f_0015
3_BKOCO2live_740nm_3097mW_u1_poc0p2_20x0p75NA_457s50_g70_z1_256pix_basicFLIM_120f_0000.sdt,20260517_KPC_live_on_SLIM,fitet-sz-c2-b5,3_BKOCO2live_740nm_3097mW_u1_poc0p2_20x0p75NA_457s50_g70_z1_256pix_basicFLIM_120f_0000,5,False,live,65536,26640,61433,65536,62321,64129,26164,39.9,20260517_KPC_live_on_SLIM::fitet-sz-c2-b5::3_BKOCO2live_740nm_3097mW_u1_poc0p2_20x0p75NA_457s50_g70_z1_256pix_basicFLIM_120f_0000
3_BKOCO2live_740nm_3097mW_u1_poc0p2_20x0p75NA_457s50_g70_z1_256pix_basicFLIM_120f_0001.sdt,20260517_KPC_live_on_SLIM,fitet-sz-c2-b5,3_BKOCO2live_740nm_3097mW_u1_poc0p2_20x0p75NA_457s50_g70_z1_256pix_basicFLIM_120f_0001,5,False,live,65536,37536,63415,65536,64828,65206,36791,56.1,20260517_KPC_live_on_SLIM::fitet-sz-c2-b5::3_BKOCO2live_740nm_3097mW_u1_poc0p2_20x0p75NA_457s50_g70_z1_256pix_basicFLIM_120f_0001
3_BKOCO2live_740nm_3097mW_u1_poc0p2_20x0p75NA_457s50_g70_z1_256pix_basicFLIM_120f_0002.sdt,20260517_KPC_live_on_SLIM,fitet-sz-c2-b5,3_BKOCO2live_740nm_3097mW_u1_poc0p2_20x0p75NA_457s50_g70_z1_256pix_basicFLIM_120f_0002,5,False,live,65536,46468,63242,65536,62153,64632,45852,70.0,20260517_KPC_live_on_SLIM::fitet-sz-c2-b5::3_BKOCO2live_740nm_3097mW_u1_poc0p2_20x0p75NA_457s50_g70_z1_256pix_basicFLIM_120f_0002
3_BKOCO2live_740nm_3097mW_u1_poc0p2_20x0p75NA_457s50_g70_z1_256pix_basicFLIM_120f_0003.sdt,20260517_KPC_live_on_SLIM,fitet-sz-c2-b5,3_BKOCO2live_740nm_3097mW_u1_poc0p2_20x0p75NA_457s50_g70_z1_256pix_basicFLIM_120f_0003,5,False,live,65536,56699,64727,65536,65525,65533,56289,85.9,20260517_KPC_live_on_SLIM::fitet-sz-c2-b5::3_BKOCO2live_740nm_3097mW_u1_poc0p2_20x0p75NA_457s50_g70_z1_256pix_basicFLIM_120f_0003
3_BKOCO2live_740nm_3097mW_u1_poc0p2_20x0p75NA_457s50_g70_z1_256pix_basicFLIM_120f_0004.sdt,20260517_KPC_live_on_SLIM,fitet-sz-c2-b5,3_BKOCO2live_740nm_3097mW_u1_poc0p2_20x0p75NA_457s50_g70_z1_256pix_basicFLIM_120f_0004,5,False,live,65536,38303,63591,65536,63467,65005,37869,57.8,20260517_KPC_live_on_SLIM::fitet-sz-c2-b5::3_BKOCO2live_740nm_3097mW_u1_poc0p2_20x0p75NA_457s50_g70_z1_256pix_basicFLIM_120f_0004
3_BKOCO2live_740nm_3097mW_u1_poc0p2_20x0p75NA_457s50_g70_z1_256pix_basicFLIM_120f_0005.sdt,20260517_KPC_live_on_SLIM,fitet-sz-c2-b5,3_BKOCO2live_740nm_3097mW_u1_poc0p2_20x0p75NA_457s50_g70_z1_256pix_basicFLIM_120f_0005,5,False,live,65536,59254,64748,65536,65536,65337,58484,89.2,20260517_KPC_live_on_SLIM::fitet-sz-c2-b5::3_BKOCO2live_740nm_3097mW_u1_poc0p2_20x0p75NA_457s50_g70_z1_256pix_basicFLIM_120f_0005
3_BKOCO2live_740nm_3097mW_u1_poc0p2_20x0p75NA_457s50_g70_z1_256pix_basicFLIM_120f_0006.sdt,20260517_KPC_live_on_SLIM,fitet-sz-c2-b5,3_BKOCO2live_740nm_3097mW_u1_poc0p2_20x0p75NA_457s50_g70_z1_256pix_basicFLIM_120f_0006,5,False,live,65536,62815,64953,65536,65525,65449,62273,95.0,20260517_KPC_live_on_SLIM::fitet-sz-c2-b5::3_BKOCO2live_740nm_3097mW_u1_poc0p2_20x0p75NA_457s50_g70_z1_256pix_basicFLIM_120f_0006
3_BKOCO2live_740nm_3097mW_u1_poc0p2_20x0p75NA_457s50_g70_z1_256pix_basicFLIM_120f_0007.sdt,20260517_KPC_live_on_SLIM,fitet-sz-c2-b5,3_BKOCO2live_740nm_3097mW_u1_poc0p2_20x0p75NA_457s50_g70_z1_256pix_basicFLIM_120f_0007,5,False,live,65536,32201,64077,65536,65356,65026,31327,47.8,20260517_KPC_live_on_SLIM::fitet-sz-c2-b5::3_BKOCO2live_740nm_3097mW_u1_poc0p2_20x0p75NA_457s50_g70_z1_256pix_basicFLIM_120f_0007
3_BKOCO2live_740nm_3097mW_u1_poc0p2_20x0p75NA_457s50_g70_z1_256pix_basicFLIM_120f_0008.sdt,20260517_KPC_live_on_SLIM,fitet-sz-c2-b5,3_BKOCO2live_740nm_3097mW_u1_poc0p2_20x0p75NA_457s50_g70_z1_256pix_basicFLIM_120f_0008,5,False,live,65536,55584,64719,65536,65533,65536,55097,84.1,20260517_KPC_live_on_SLIM::fitet-sz-c2-b5::3_BKOCO2live_740nm_3097mW_u1_poc0p2_20x0p75NA_457s50_g70_z1_256pix_basicFLIM_120f_0008
3_BKOCO2live_740nm_3097mW_u1_poc0p2_20x0p75NA_457s50_g70_z1_256pix_basicFLIM_120f_0009.sdt,20260517_KPC_live_on_SLIM,fitet-sz-c2-b5,3_BKOCO2live_740nm_3097mW_u1_poc0p2_20x0p75NA_457s50_g70_z1_256pix_basicFLIM_120f_0009,5,False,live,65536,62370,64808,65536,65073,64974,61324,93.6,20260517_KPC_live_on_SLIM::fitet-sz-c2-b5::3_BKOCO2live_740nm_3097mW_u1_poc0p2_20x0p75NA_457s50_g70_z1_256pix_basicFLIM_120f_0009
3_BKOCO2live_740nm_3097mW_u1_poc0p2_20x0p75NA_457s50_g70_z1_256pix_basicFLIM_120f_0010.sdt,20260517_KPC_live_on_SLIM,fitet-sz-c2-b5,3_BKOCO2live_740nm_3097mW_u1_poc0p2_20x0p75NA_457s50_g70_z1_256pix_basicFLIM_120f_0010,5,False,live,65536,45369,63201,65536,61558,64026,44670,68.2,20260517_KPC_live_on_SLIM::fitet-sz-c2-b5::3_BKOCO2live_740nm_3097mW_u1_poc0p2_20x0p75NA_457s50_g70_z1_256pix_basicFLIM_120f_0010
3_BKOCO2live_740nm_3097mW_u1_poc0p2_20x0p75NA_457s50_g70_z1_256pix_basicFLIM_120f_0011.sdt,20260517_KPC_live_on_SLIM,fitet-sz-c2-b5,3_BKOCO2live_740nm_3097mW_u1_poc0p2_20x0p75NA_457s50_g70_z1_256pix_basicFLIM_120f_0011,5,False,live,65536,57213,64754,65536,64802,65174,56689,86.5,20260517_KPC_live_on_SLIM::fitet-sz-c2-b5::3_BKOCO2live_740nm_3097mW_u1_poc0p2_20x0p75NA_457s50_g70_z1_256pix_basicFLIM_120f_0011
3_BKOCO2live_740nm_3097mW_u1_poc0p2_20x0p75NA_457s50_g70_z1_256pix_basicFLIM_120f_0012.sdt,20260517_KPC_live_on_SLIM,fitet-sz-c2-b5,3_BKOCO2live_740nm_3097mW_u1_poc0p2_20x0p75NA_457s50_g70_z1_256pix_basicFLIM_120f_0012,5,False,live,65536,45922,63422,65536,62694,64758,45766,69.8,20260517_KPC_live_on_SLIM::fitet-sz-c2-b5::3_BKOCO2live_740nm_3097mW_u1_poc0p2_20x0p75NA_457s50_g70_z1_256pix_basicFLIM_120f_0012
3_BKOCO2live_740nm_3097mW_u1_poc0p2_20x0p75NA_457s50_g70_z1_256pix_basicFLIM_120f_0013.sdt,20260517_KPC_live_on_SLIM,fitet-sz-c2-b5,3_BKOCO2live_740nm_3097mW_u1_poc0p2_20x0p75NA_457s50_g70_z1_256pix_basicFLIM_120f_0013,5,False,live,65536,32445,62163,65536,60527,64587,31934,48.7,20260517_KPC_live_on_SLIM::fitet-sz-c2-b5::3_BKOCO2live_740nm_3097mW_u1_poc0p2_20x0p75NA_457s50_g70_z1_256pix_basicFLIM_120f_0013
3_BKOCO2live_740nm_3097mW_u1_poc0p2_20x0p75NA_457s50_g70_z1_256pix_basicFLIM_120f_0014.sdt,20260517_KPC_live_on_SLIM,fitet-sz-c2-b5,3_BKOCO2live_740nm_3097mW_u1_poc0p2_20x0p75NA_457s50_g70_z1_256pix_basicFLIM_120f_0014,5,False,live,65536,37083,62537,65536,61118,64144,36547,55.8,20260517_KPC_live_on_SLIM::fitet-sz-c2-b5::3_BKOCO2live_740nm_3097mW_u1_poc0p2_20x0p75NA_457s50_g70_z1_256pix_basicFLIM_120f_0014
3_BKOCO2live_740nm_3097mW_u1_poc0p2_20x0p75NA_457s50_g70_z1_256pix_basicFLIM_120f_0015.sdt,20260517_KPC_live_on_SLIM,fitet-sz-c2-b5,3_BKOCO2live_740nm_3097mW_u1_poc0p2_20x0p75NA_457s50_g70_z1_256pix_basicFLIM_120f_0015,5,False,live,65536,23971,62817,65536,63922,64327,22691,34.6,20260517_KPC_live_on_SLIM::fitet-sz-c2-b5::3_BKOCO2live_740nm_3097mW_u1_poc0p2_20x0p75NA_457s50_g70_z1_256pix_basicFLIM_120f_0015
3_BKOCO2live_740nm_3097mW_u1_poc0p2_20x0p75NA_535s50_g70_z1_256pix_basicFLIM_120f_0000.sdt,20260517_KPC_live_on_SLIM,fitet-sz-c2-b5,3_BKOCO2live_740nm_3097mW_u1_poc0p2_20x0p75NA_535s50_g70_z1_256pix_basicFLIM_120f_0000,5,False,live,65536,1917,61920,65536,59067,64525,1730,2.6,20260517_KPC_live_on_SLIM::fitet-sz-c2-b5::3_BKOCO2live_740nm_3097mW_u1_poc0p2_20x0p75NA_535s50_g70_z1_256pix_basicFLIM_120f_0000
3_BKOCO2live_740nm_3097mW_u1_poc0p2_20x0p75NA_535s50_g70_z1_256pix_basicFLIM_120f_0001.sdt,20260517_KPC_live_on_SLIM,fitet-sz-c2-b5,3_BKOCO2live_740nm_3097mW_u1_poc0p2_20x0p75NA_535s50_g70_z1_256pix_basicFLIM_120f_0001,5,False,live,65536,11990,63917,65536,64854,65477,11919,18.2,20260517_KPC_live_on_SLIM::fitet-sz-c2-b5::3_BKOCO2live_740nm_3097mW_u1_poc0p2_20x0p75NA_535s50_g70_z1_256pix_basicFLIM_120f_0001
3_BKOCO2live_740nm_3097mW_u1_poc0p2_20x0p75NA_535s50_g70_z1_256pix_basicFLIM_120f_0002.sdt,20260517_KPC_live_on_SLIM,fitet-sz-c2-b5,3_BKOCO2live_740nm_3097mW_u1_poc0p2_20x0p75NA_535s50_g70_z1_256pix_basicFLIM_120f_0002,5,False,live,65536,22628,63949,65536,59812,65025,22270,34.0,20260517_KPC_live_on_SLIM::fitet-sz-c2-b5::3_BKOCO2live_740nm_3097mW_u1_poc0p2_20x0p75NA_535s50_g70_z1_256pix_basicFLIM_120f_0002
3_BKOCO2live_740nm_3097mW_u1_poc0p2_20x0p75NA_535s50_g70_z1_256pix_basicFLIM_120f_0003.sdt,20260517_KPC_live_on_SLIM,fitet-sz-c2-b5,3_BKOCO2live_740nm_3097mW_u1_poc0p2_20x0p75NA_535s50_g70_z1_256pix_basicFLIM_120f_0003,5,False,live,65536,41661,64912,65536,65291,65417,41459,63.3,20260517_KPC_live_on_SLIM::fitet-sz-c2-b5::3_BKOCO2live_740nm_3097mW_u1_poc0p2_20x0p75NA_535s50_g70_z1_256pix_basicFLIM_120f_0003
3_BKOCO2live_740nm_3097mW_u1_poc0p2_20x0p75NA_535s50_g70_z1_256pix_basicFLIM_120f_0004.sdt,20260517_KPC_live_on_SLIM,fitet-sz-c2-b5,3_BKOCO2live_740nm_3097mW_u1_poc0p2_20x0p75NA_535s50_g70_z1_256pix_basicFLIM_120f_0004,5,False,live,65536,14042,63773,65536,62202,65466,13974,21.3,20260517_KPC_live_on_SLIM::fitet-sz-c2-b5::3_BKOCO2live_740nm_3097mW_u1_poc0p2_20x0p75NA_535s50_g70_z1_256pix_basicFLIM_120f_0004
3_BKOCO2live_740nm_3097mW_u1_poc0p2_20x0p75NA_535s50_g70_z1_256pix_basicFLIM_120f_0005.sdt,20260517_KPC_live_on_SLIM,fitet-sz-c2-b5,3_BKOCO2live_740nm_3097mW_u1_poc0p2_20x0p75NA_535s50_g70_z1_256pix_basicFLIM_120f_0005,5,False,live,65536,21304,64441,65536,65208,65279,21130,32.2,20260517_KPC_live_on_SLIM::fitet-sz-c2-b5::3_BKOCO2live_740nm_3097mW_u1_poc0p2_20x0p75NA_535s50_g70_z1_256pix_basicFLIM_120f_0005
3_BKOCO2live_740nm_3097mW_u1_poc0p2_20x0p75NA_535s50_g70_z1_256pix_basicFLIM_120f_0006.sdt,20260517_KPC_live_on_SLIM,fitet-sz-c2-b5,3_BKOCO2live_740nm_3097mW_u1_poc0p2_20x0p75NA_535s50_g70_z1_256pix_basicFLIM_120f_0006,5,False,live,65536,36933,64645,65536,65391,65401,36563,55.8,20260517_KPC_live_on_SLIM::fitet-sz-c2-b5::3_BKOCO2live_740nm_3097mW_u1_poc0p2_20x0p75NA_535s50_g70_z1_256pix_basicFLIM_120f_0006
3_BKOCO2live_740nm_3097mW_u1_poc0p2_20x0p75NA_535s50_g70_z1_256pix_basicFLIM_120f_0007.sdt,20260517_KPC_live_on_SLIM,fitet-sz-c2-b5,3_BKOCO2live_740nm_3097mW_u1_poc0p2_20x0p75NA_535s50_g70_z1_256pix_basicFLIM_120f_0007,5,False,live,65536,17078,64424,65536,63977,65158,16679,25.5,20260517_KPC_live_on_SLIM::fitet-sz-c2-b5::3_BKOCO2live_740nm_3097mW_u1_poc0p2_20x0p75NA_535s50_g70_z1_256pix_basicFLIM_120f_0007
3_BKOCO2live_740nm_3097mW_u1_poc0p2_20x0p75NA_535s50_g70_z1_256pix_basicFLIM_120f_0008.sdt,20260517_KPC_live_on_SLIM,fitet-sz-c2-b5,3_BKOCO2live_740nm_3097mW_u1_poc0p2_20x0p75NA_535s50_g70_z1_256pix_basicFLIM_120f_0008,5,False,live,65536,25186,64706,65536,64995,65508,25153,38.4,20260517_KPC_live_on_SLIM::fitet-sz-c2-b5::3_BKOCO2live_740nm_3097mW_u1_poc0p2_20x0p75NA_535s50_g70_z1_256pix_basicFLIM_120f_0008
3_BKOCO2live_740nm_3097mW_u1_poc0p2_20x0p75NA_535s50_g70_z1_256pix_basicFLIM_120f_0009.sdt,20260517_KPC_live_on_SLIM,fitet-sz-c2-b5,3_BKOCO2live_740nm_3097mW_u1_poc0p2_20x0p75NA_535s50_g70_z1_256pix_basicFLIM_120f_0009,5,False,live,65536,34338,64868,65536,64776,64907,33751,51.5,20260517_KPC_live_on_SLIM::fitet-sz-c2-b5::3_BKOCO2live_740nm_3097mW_u1_poc0p2_20x0p75NA_535s50_g70_z1_256pix_basicFLIM_120f_0009
3_BKOCO2live_740nm_3097mW_u1_poc0p2_20x0p75NA_535s50_g70_z1_256pix_basicFLIM_120f_0010.sdt,20260517_KPC_live_on_SLIM,fitet-sz-c2-b5,3_BKOCO2live_740nm_3097mW_u1_poc0p2_20x0p75NA_535s50_g70_z1_256pix_basicFLIM_120f_0010,5,False,live,65536,40435,63984,65536,58074,64901,39772,60.7,20260517_KPC_live_on_SLIM::fitet-sz-c2-b5::3_BKOCO2live_740nm_3097mW_u1_poc0p2_20x0p75NA_535s50_g70_z1_256pix_basicFLIM_120f_0010
3_BKOCO2live_740nm_3097mW_u1_poc0p2_20x0p75NA_535s50_g70_z1_256pix_basicFLIM_120f_0011.sdt,20260517_KPC_live_on_SLIM,fitet-sz-c2-b5,3_BKOCO2live_740nm_3097mW_u1_poc0p2_20x0p75NA_535s50_g70_z1_256pix_basicFLIM_120f_0011,5,False,live,65536,44364,64838,65536,63025,64805,43644,66.6,20260517_KPC_live_on_SLIM::fitet-sz-c2-b5::3_BKOCO2live_740nm_3097mW_u1_poc0p2_20x0p75NA_535s50_g70_z1_256pix_basicFLIM_120f_0011
3_BKOCO2live_740nm_3097mW_u1_poc0p2_20x0p75NA_535s50_g70_z1_256pix_basicFLIM_120f_0012.sdt,20260517_KPC_live_on_SLIM,fitet-sz-c2-b5,3_BKOCO2live_740nm_3097mW_u1_poc0p2_20x0p75NA_535s50_g70_z1_256pix_basicFLIM_120f_0012,5,False,live,65536,38570,64193,65536,60698,65325,38389,58.6,20260517_KPC_live_on_SLIM::fitet-sz-c2-b5::3_BKOCO2live_740nm_3097mW_u1_poc0p2_20x0p75NA_535s50_g70_z1_256pix_basicFLIM_120f_0012
3_BKOCO2live_740nm_3097mW_u1_poc0p2_20x0p75NA_535s50_g70_z1_256pix_basicFLIM_120f_0013.sdt,20260517_KPC_live_on_SLIM,fitet-sz-c2-b5,3_BKOCO2live_740nm_3097mW_u1_poc0p2_20x0p75NA_535s50_g70_z1_256pix_basicFLIM_120f_0013,5,False,live,65536,27248,63735,65536,52767,64897,26847,41.0,20260517_KPC_live_on_SLIM::fitet-sz-c2-b5::3_BKOCO2live_740nm_3097mW_u1_poc0p2_20x0p75NA_535s50_g70_z1_256pix_basicFLIM_120f_0013
3_BKOCO2live_740nm_3097mW_u1_poc0p2_20x0p75NA_535s50_g70_z1_256pix_basicFLIM_120f_0014.sdt,20260517_KPC_live_on_SLIM,fitet-sz-c2-b5,3_BKOCO2live_740nm_3097mW_u1_poc0p2_20x0p75NA_535s50_g70_z1_256pix_basicFLIM_120f_0014,5,False,live,65536,8776,62468,65536,58327,64692,8361,12.8,20260517_KPC_live_on_SLIM::fitet-sz-c2-b5::3_BKOCO2live_740nm_3097mW_u1_poc0p2_20x0p75NA_535s50_g70_z1_256pix_basicFLIM_120f_0014
3_BKOCO2live_740nm_3097mW_u1_poc0p2_20x0p75NA_535s50_g70_z1_256pix_basicFLIM_120f_0015.sdt,20260517_KPC_live_on_SLIM,fitet-sz-c2-b5,3_BKOCO2live_740nm_3097mW_u1_poc0p2_20x0p75NA_535s50_g70_z1_256pix_basicFLIM_120f_0015,5,False,live,65536,18233,63835,65536,62214,64096,17070,26.0,20260517_KPC_live_on_SLIM::fitet-sz-c2-b5::3_BKOCO2live_740nm_3097mW_u1_poc0p2_20x0p75NA_535s50_g70_z1_256pix_basicFLIM_120f_0015
3_BKOCO2live_740nm_3097mW_u1_poc0p45_20x0p75NA_457s50_g70_z1_256pix_basicFLIM_120f_0000.sdt,20260517_KPC_live_on_SLIM,fitet-sz-c2-b5,3_BKOCO2live_740nm_3097mW_u1_poc0p45_20x0p75NA_457s50_g70_z1_256pix_basicFLIM_120f_0000,5,False,live,65536,65536,64612,65536,65208,65174,64501,98.4,20260517_KPC_live_on_SLIM::fitet-sz-c2-b5::3_BKOCO2live_740nm_3097mW_u1_poc0p45_20x0p75NA_457s50_g70_z1_256pix_basicFLIM_120f_0000
3_BKOCO2live_740nm_3097mW_u1_poc0p45_20x0p75NA_457s50_g70_z1_256pix_basicFLIM_120f_0001.sdt,20260517_KPC_live_on_SLIM,fitet-sz-c2-b5,3_BKOCO2live_740nm_3097mW_u1_poc0p45_20x0p75NA_457s50_g70_z1_256pix_basicFLIM_120f_0001,5,False,live,65536,65536,64680,65536,65295,65211,64500,98.4,20260517_KPC_live_on_SLIM::fitet-sz-c2-b5::3_BKOCO2live_740nm_3097mW_u1_poc0p45_20x0p75NA_457s50_g70_z1_256pix_basicFLIM_120f_0001
3_BKOCO2live_740nm_3097mW_u1_poc0p45_20x0p75NA_457s50_g70_z1_256pix_basicFLIM_120f_0002.sdt,20260517_KPC_live_on_SLIM,fitet-sz-c2-b5,3_BKOCO2live_740nm_3097mW_u1_poc0p45_20x0p75NA_457s50_g70_z1_256pix_basicFLIM_120f_0002,5,False,live,65536,65536,64189,65536,65399,65301,63883,97.5,20260517_KPC_live_on_SLIM::fitet-sz-c2-b5::3_BKOCO2live_740nm_3097mW_u1_poc0p45_20x0p75NA_457s50_g70_z1_256pix_basicFLIM_120f_0002
3_BKOCO2live_740nm_3097mW_u1_poc0p45_20x0p75NA_457s50_g70_z1_256pix_basicFLIM_120f_0003.sdt,20260517_KPC_live_on_SLIM,fitet-sz-c2-b5,3_BKOCO2live_740nm_3097mW_u1_poc0p45_20x0p75NA_457s50_g70_z1_256pix_basicFLIM_120f_0003,5,False,live,65536,65536,61074,65536,65301,64897,61057,93.2,20260517_KPC_live_on_SLIM::fitet-sz-c2-b5::3_BKOCO2live_740nm_3097mW_u1_poc0p45_20x0p75NA_457s50_g70_z1_256pix_basicFLIM_120f_0003
3_BKOCO2live_740nm_3097mW_u1_poc0p45_20x0p75NA_457s50_g70_z1_256pix_basicFLIM_120f_0004.sdt,20260517_KPC_live_on_SLIM,fitet-sz-c2-b5,3_BKOCO2live_740nm_3097mW_u1_poc0p45_20x0p75NA_457s50_g70_z1_256pix_basicFLIM_120f_0004,5,False,live,65536,65536,64687,65536,65230,65188,64511,98.4,20260517_KPC_live_on_SLIM::fitet-sz-c2-b5::3_BKOCO2live_740nm_3097mW_u1_poc0p45_20x0p75NA_457s50_g70_z1_256pix_basicFLIM_120f_0004
3_BKOCO2live_740nm_3097mW_u1_poc0p45_20x0p75NA_457s50_g70_z1_256pix_basicFLIM_120f_0005.sdt,20260517_KPC_live_on_SLIM,fitet-sz-c2-b5,3_BKOCO2live_740nm_3097mW_u1_poc0p45_20x0p75NA_457s50_g70_z1_256pix_basicFLIM_120f_0005,5,False,live,65536,65536,64113,65536,65496,65350,64113,97.8,20260517_KPC_live_on_SLIM::fitet-sz-c2-b5::3_BKOCO2live_740nm_3097mW_u1_poc0p45_20x0p75NA_457s50_g70_z1_256pix_basicFLIM_120f_0005
3_BKOCO2live_740nm_3097mW_u1_poc0p45_20x0p75NA_457s50_g70_z1_256pix_basicFLIM_120f_0006.sdt,20260517_KPC_live_on_SLIM,fitet-sz-c2-b5,3_BKOCO2live_740nm_3097mW_u1_poc0p45_20x0p75NA_457s50_g70_z1_256pix_basicFLIM_120f_0006,5,False,live,65536,65536,62126,65536,65308,64880,62101,94.8,20260517_KPC_live_on_SLIM::fitet-sz-c2-b5::3_BKOCO2live_740nm_3097mW_u1_poc0p45_20x0p75NA_457s50_g70_z1_256pix_basicFLIM_120f_0006
3_BKOCO2live_740nm_3097mW_u1_poc0p45_20x0p75NA_457s50_g70_z1_256pix_basicFLIM_120f_0007.sdt,20260517_KPC_live_on_SLIM,fitet-sz-c2-b5,3_BKOCO2live_740nm_3097mW_u1_poc0p45_20x0p75NA_457s50_g70_z1_256pix_basicFLIM_120f_0007,5,False,live,65536,65536,63555,65536,65435,65298,63555,97.0,20260517_KPC_live_on_SLIM::fitet-sz-c2-b5::3_BKOCO2live_740nm_3097mW_u1_poc0p45_20x0p75NA_457s50_g70_z1_256pix_basicFLIM_120f_0007
3_BKOCO2live_740nm_3097mW_u1_poc0p45_20x0p75NA_457s50_g70_z1_256pix_basicFLIM_120f_0008.sdt,20260517_KPC_live_on_SLIM,fitet-sz-c2-b5,3_BKOCO2live_740nm_3097mW_u1_poc0p45_20x0p75NA_457s50_g70_z1_256pix_basicFLIM_120f_0008,5,False,live,65536,57483,64881,65536,65368,65234,56796,86.7,20260517_KPC_live_on_SLIM::fitet-sz-c2-b5::3_BKOCO2live_740nm_3097mW_u1_poc0p45_20x0p75NA_457s50_g70_z1_256pix_basicFLIM_120f_0008
3_BKOCO2live_740nm_3097mW_u1_poc0p45_20x0p75NA_457s50_g70_z1_256pix_basicFLIM_120f_0009.sdt,20260517_KPC_live_on_SLIM,fitet-sz-c2-b5,3_BKOCO2live_740nm_3097mW_u1_poc0p45_20x0p75NA_457s50_g70_z1_256pix_basicFLIM_120f_0009,5,False,live,65536,65536,61682,65536,64982,64696,61645,94.1,20260517_KPC_live_on_SLIM::fitet-sz-c2-b5::3_BKOCO2live_740nm_3097mW_u1_poc0p45_20x0p75NA_457s50_g70_z1_256pix_basicFLIM_120f_0009
3_BKOCO2live_740nm_3097mW_u1_poc0p45_20x0p75NA_457s50_g70_z1_256pix_basicFLIM_120f_0010.sdt,20260517_KPC_live_on_SLIM,fitet-sz-c2-b5,3_BKOCO2live_740nm_3097mW_u1_poc0p45_20x0p75NA_457s50_g70_z1_256pix_basicFLIM_120f_0010,5,False,live,65536,65536,64226,65536,64835,64658,63482,96.9,20260517_KPC_live_on_SLIM::fitet-sz-c2-b5::3_BKOCO2live_740nm_3097mW_u1_poc0p45_20x0p75NA_457s50_g70_z1_256pix_basicFLIM_120f_0010
3_BKOCO2live_740nm_3097mW_u1_poc0p45_20x0p75NA_457s50_g70_z1_256pix_basicFLIM_120f_0011.sdt,20260517_KPC_live_on_SLIM,fitet-sz-c2-b5,3_BKOCO2live_740nm_3097mW_u1_poc0p45_20x0p75NA_457s50_g70_z1_256pix_basicFLIM_120f_0011,5,False,live,65536,65536,61371,65536,64874,64753,61253,93.5,20260517_KPC_live_on_SLIM::fitet-sz-c2-b5::3_BKOCO2live_740nm_3097mW_u1_poc0p45_20x0p75NA_457s50_g70_z1_256pix_basicFLIM_120f_0011
3_BKOCO2live_740nm_3097mW_u1_poc0p45_20x0p75NA_457s50_g70_z1_256pix_basicFLIM_120f_0012.sdt,20260517_KPC_live_on_SLIM,fitet-sz-c2-b5,3_BKOCO2live_740nm_3097mW_u1_poc0p45_20x0p75NA_457s50_g70_z1_256pix_basicFLIM_120f_0012,5,False,live,65536,65536,59733,65536,65146,64975,59482,90.8,20260517_KPC_live_on_SLIM::fitet-sz-c2-b5::3_BKOCO2live_740nm_3097mW_u1_poc0p45_20x0p75NA_457s50_g70_z1_256pix_basicFLIM_120f_0012
3_BKOCO2live_740nm_3097mW_u1_poc0p45_20x0p75NA_457s50_g70_z1_256pix_basicFLIM_120f_0013.sdt,20260517_KPC_live_on_SLIM,fitet-sz-c2-b5,3_BKOCO2live_740nm_3097mW_u1_poc0p45_20x0p75NA_457s50_g70_z1_256pix_basicFLIM_120f_0013,5,False,live,65536,65536,62085,65536,65097,65065,61900,94.5,20260517_KPC_live_on_SLIM::fitet-sz-c2-b5::3_BKOCO2live_740nm_3097mW_u1_poc0p45_20x0p75NA_457s50_g70_z1_256pix_basicFLIM_120f_0013
3_BKOCO2live_740nm_3097mW_u1_poc0p45_20x0p75NA_457s50_g70_z1_256pix_basicFLIM_120f_0014.sdt,20260517_KPC_live_on_SLIM,fitet-sz-c2-b5,3_BKOCO2live_740nm_3097mW_u1_poc0p45_20x0p75NA_457s50_g70_z1_256pix_basicFLIM_120f_0014,5,False,live,65536,65536,64827,65536,64825,64607,63987,97.6,20260517_KPC_live_on_SLIM::fitet-sz-c2-b5::3_BKOCO2live_740nm_3097mW_u1_poc0p45_20x0p75NA_457s50_g70_z1_256pix_basicFLIM_120f_0014
3_BKOCO2live_740nm_3097mW_u1_poc0p45_20x0p75NA_457s50_g70_z1_256pix_basicFLIM_120f_0015.sdt,20260517_KPC_live_on_SLIM,fitet-sz-c2-b5,3_BKOCO2live_740nm_3097mW_u1_poc0p45_20x0p75NA_457s50_g70_z1_256pix_basicFLIM_120f_0015,5,False,live,65536,65536,62536,65536,64801,64562,62459,95.3,20260517_KPC_live_on_SLIM::fitet-sz-c2-b5::3_BKOCO2live_740nm_3097mW_u1_poc0p45_20x0p75NA_457s50_g70_z1_256pix_basicFLIM_120f_0015
3_BKOCO2live_740nm_3097mW_u1_poc0p45_20x0p75NA_535s50_g70_z1_256pix_basicFLIM_120f_0000.sdt,20260517_KPC_live_on_SLIM,fitet-sz-c2-b5,3_BKOCO2live_740nm_3097mW_u1_poc0p45_20x0p75NA_535s50_g70_z1_256pix_basicFLIM_120f_0000,5,False,live,65536,65536,64014,65536,58631,64835,57467,87.7,20260517_KPC_live_on_SLIM::fitet-sz-c2-b5::3_BKOCO2live_740nm_3097mW_u1_poc0p45_20x0p75NA_535s50_g70_z1_256pix_basicFLIM_120f_0000
3_BKOCO2live_740nm_3097mW_u1_poc0p45_20x0p75NA_535s50_g70_z1_256pix_basicFLIM_120f_0001.sdt,20260517_KPC_live_on_SLIM,fitet-sz-c2-b5,3_BKOCO2live_740nm_3097mW_u1_poc0p45_20x0p75NA_535s50_g70_z1_256pix_basicFLIM_120f_0001,5,False,live,65536,65536,61540,65536,65360,65341,61526,93.9,20260517_KPC_live_on_SLIM::fitet-sz-c2-b5::3_BKOCO2live_740nm_3097mW_u1_poc0p45_20x0p75NA_535s50_g70_z1_256pix_basicFLIM_120f_0001
3_BKOCO2live_740nm_3097mW_u1_poc0p45_20x0p75NA_535s50_g70_z1_256pix_basicFLIM_120f_0002.sdt,20260517_KPC_live_on_SLIM,fitet-sz-c2-b5,3_BKOCO2live_740nm_3097mW_u1_poc0p45_20x0p75NA_535s50_g70_z1_256pix_basicFLIM_120f_0002,5,False,live,65536,65536,63792,65536,53299,65067,51845,79.1,20260517_KPC_live_on_SLIM::fitet-sz-c2-b5::3_BKOCO2live_740nm_3097mW_u1_poc0p45_20x0p75NA_535s50_g70_z1_256pix_basicFLIM_120f_0002
3_BKOCO2live_740nm_3097mW_u1_poc0p45_20x0p75NA_535s50_g70_z1_256pix_basicFLIM_120f_0003.sdt,20260517_KPC_live_on_SLIM,fitet-sz-c2-b5,3_BKOCO2live_740nm_3097mW_u1_poc0p45_20x0p75NA_535s50_g70_z1_256pix_basicFLIM_120f_0003,5,False,live,65536,65536,62735,65536,64448,64732,62351,95.1,20260517_KPC_live_on_SLIM::fitet-sz-c2-b5::3_BKOCO2live_740nm_3097mW_u1_poc0p45_20x0p75NA_535s50_g70_z1_256pix_basicFLIM_120f_0003
3_BKOCO2live_740nm_3097mW_u1_poc0p45_20x0p75NA_535s50_g70_z1_256pix_basicFLIM_120f_0004.sdt,20260517_KPC_live_on_SLIM,fitet-sz-c2-b5,3_BKOCO2live_740nm_3097mW_u1_poc0p45_20x0p75NA_535s50_g70_z1_256pix_basicFLIM_120f_0004,5,False,live,65536,65536,65198,65536,61446,65349,61250,93.5,20260517_KPC_live_on_SLIM::fitet-sz-c2-b5::3_BKOCO2live_740nm_3097mW_u1_poc0p45_20x0p75NA_535s50_g70_z1_256pix_basicFLIM_120f_0004
3_BKOCO2live_740nm_3097mW_u1_poc0p45_20x0p75NA_535s50_g70_z1_256pix_basicFLIM_120f_0005.sdt,20260517_KPC_live_on_SLIM,fitet-sz-c2-b5,3_BKOCO2live_740nm_3097mW_u1_poc0p45_20x0p75NA_535s50_g70_z1_256pix_basicFLIM_120f_0005,5,False,live,65536,65536,64341,65536,65164,65414,63977,97.6,20260517_KPC_live_on_SLIM::fitet-sz-c2-b5::3_BKOCO2live_740nm_3097mW_u1_poc0p45_20x0p75NA_535s50_g70_z1_256pix_basicFLIM_120f_0005
3_BKOCO2live_740nm_3097mW_u1_poc0p45_20x0p75NA_535s50_g70_z1_256pix_basicFLIM_120f_0006.sdt,20260517_KPC_live_on_SLIM,fitet-sz-c2-b5,3_BKOCO2live_740nm_3097mW_u1_poc0p45_20x0p75NA_535s50_g70_z1_256pix_basicFLIM_120f_0006,5,False,live,65536,65536,60753,65536,64733,65201,60209,91.9,20260517_KPC_live_on_SLIM::fitet-sz-c2-b5::3_BKOCO2live_740nm_3097mW_u1_poc0p45_20x0p75NA_535s50_g70_z1_256pix_basicFLIM_120f_0006
3_BKOCO2live_740nm_3097mW_u1_poc0p45_20x0p75NA_535s50_g70_z1_256pix_basicFLIM_120f_0007.sdt,20260517_KPC_live_on_SLIM,fitet-sz-c2-b5,3_BKOCO2live_740nm_3097mW_u1_poc0p45_20x0p75NA_535s50_g70_z1_256pix_basicFLIM_120f_0007,5,False,live,65536,65536,61657,65536,65238,65199,61652,94.1,20260517_KPC_live_on_SLIM::fitet-sz-c2-b5::3_BKOCO2live_740nm_3097mW_u1_poc0p45_20x0p75NA_535s50_g70_z1_256pix_basicFLIM_120f_0007
3_BKOCO2live_740nm_3097mW_u1_poc0p45_20x0p75NA_535s50_g70_z1_256pix_basicFLIM_120f_0008.sdt,20260517_KPC_live_on_SLIM,fitet-sz-c2-b5,3_BKOCO2live_740nm_3097mW_u1_poc0p45_20x0p75NA_535s50_g70_z1_256pix_basicFLIM_120f_0008,5,False,live,65536,65536,64570,65536,65454,65442,64569,98.5,20260517_KPC_live_on_SLIM::fitet-sz-c2-b5::3_BKOCO2live_740nm_3097mW_u1_poc0p45_20x0p75NA_535s50_g70_z1_256pix_basicFLIM_120f_0008
3_BKOCO2live_740nm_3097mW_u1_poc0p45_20x0p75NA_535s50_g70_z1_256pix_basicFLIM_120f_0009.sdt,20260517_KPC_live_on_SLIM,fitet-sz-c2-b5,3_BKOCO2live_740nm_3097mW_u1_poc0p45_20x0p75NA_535s50_g70_z1_256pix_basicFLIM_120f_0009,5,False,live,65536,65536,61104,65536,64827,64889,61030,93.1,20260517_KPC_live_on_SLIM::fitet-sz-c2-b5::3_BKOCO2live_740nm_3097mW_u1_poc0p45_20x0p75NA_535s50_g70_z1_256pix_basicFLIM_120f_0009
3_BKOCO2live_740nm_3097mW_u1_poc0p45_20x0p75NA_535s50_g70_z1_256pix_basicFLIM_120f_0010.sdt,20260517_KPC_live_on_SLIM,fitet-sz-c2-b5,3_BKOCO2live_740nm_3097mW_u1_poc0p45_20x0p75NA_535s50_g70_z1_256pix_basicFLIM_120f_0010,5,False,live,65536,65536,49586,65536,54357,64919,38885,59.3,20260517_KPC_live_on_SLIM::fitet-sz-c2-b5::3_BKOCO2live_740nm_3097mW_u1_poc0p45_20x0p75NA_535s50_g70_z1_256pix_basicFLIM_120f_0010
3_BKOCO2live_740nm_3097mW_u1_poc0p45_20x0p75NA_535s50_g70_z1_256pix_basicFLIM_120f_0011.sdt,20260517_KPC_live_on_SLIM,fitet-sz-c2-b5,3_BKOCO2live_740nm_3097mW_u1_poc0p45_20x0p75NA_535s50_g70_z1_256pix_basicFLIM_120f_0011,5,False,live,65536,65536,63996,65536,63071,65358,61667,94.1,20260517_KPC_live_on_SLIM::fitet-sz-c2-b5::3_BKOCO2live_740nm_3097mW_u1_poc0p45_20x0p75NA_535s50_g70_z1_256pix_basicFLIM_120f_0011
3_BKOCO2live_740nm_3097mW_u1_poc0p45_20x0p75NA_535s50_g70_z1_256pix_basicFLIM_120f_0012.sdt,20260517_KPC_live_on_SLIM,fitet-sz-c2-b5,3_BKOCO2live_740nm_3097mW_u1_poc0p45_20x0p75NA_535s50_g70_z1_256pix_basicFLIM_120f_0012,5,False,live,65536,65536,54300,65536,55514,65361,44485,67.9,20260517_KPC_live_on_SLIM::fitet-sz-c2-b5::3_BKOCO2live_740nm_3097mW_u1_poc0p45_20x0p75NA_535s50_g70_z1_256pix_basicFLIM_120f_0012
3_BKOCO2live_740nm_3097mW_u1_poc0p45_20x0p75NA_535s50_g70_z1_256pix_basicFLIM_120f_0013.sdt,20260517_KPC_live_on_SLIM,fitet-sz-c2-b5,3_BKOCO2live_740nm_3097mW_u1_poc0p45_20x0p75NA_535s50_g70_z1_256pix_basicFLIM_120f_0013,5,False,live,65536,65536,58433,65536,48502,65032,41822,63.8,20260517_KPC_live_on_SLIM::fitet-sz-c2-b5::3_BKOCO2live_740nm_3097mW_u1_poc0p45_20x0p75NA_535s50_g70_z1_256pix_basicFLIM_120f_0013
3_BKOCO2live_740nm_3097mW_u1_poc0p45_20x0p75NA_535s50_g70_z1_256pix_basicFLIM_120f_0014.sdt,20260517_KPC_live_on_SLIM,fitet-sz-c2-b5,3_BKOCO2live_740nm_3097mW_u1_poc0p45_20x0p75NA_535s50_g70_z1_256pix_basicFLIM_120f_0014,5,False,live,65536,65536,61426,65536,54359,65030,50565,77.2,20260517_KPC_live_on_SLIM::fitet-sz-c2-b5::3_BKOCO2live_740nm_3097mW_u1_poc0p45_20x0p75NA_535s50_g70_z1_256pix_basicFLIM_120f_0014
3_BKOCO2live_740nm_3097mW_u1_poc0p45_20x0p75NA_535s50_g70_z1_256pix_basicFLIM_120f_0015.sdt,20260517_KPC_live_on_SLIM,fitet-sz-c2-b5,3_BKOCO2live_740nm_3097mW_u1_poc0p45_20x0p75NA_535s50_g70_z1_256pix_basicFLIM_120f_0015,5,False,live,65536,65536,63818,65536,63142,64396,62326,95.1,20260517_KPC_live_on_SLIM::fitet-sz-c2-b5::3_BKOCO2live_740nm_3097mW_u1_poc0p45_20x0p75NA_535s50_g70_z1_256pix_basicFLIM_120f_0015
3_BKOCO2live_740nm_3097mW_u1_poc0p2_20x0p75NA_457s50_g70_z1_256pix_basicFLIM_120f_0000.sdt,20260517_KPC_live_on_SLIM,fitet-sz-c3-b5,3_BKOCO2live_740nm_3097mW_u1_poc0p2_20x0p75NA_457s50_g70_z1_256pix_basicFLIM_120f_0000,5,False,live,65536,39,61566,65535,36603,49770,29,0.0,20260517_KPC_live_on_SLIM::fitet-sz-c3-b5::3_BKOCO2live_740nm_3097mW_u1_poc0p2_20x0p75NA_457s50_g70_z1_256pix_basicFLIM_120f_0000
3_BKOCO2live_740nm_3097mW_u1_poc0p2_20x0p75NA_457s50_g70_z1_256pix_basicFLIM_120f_0001.sdt,20260517_KPC_live_on_SLIM,fitet-sz-c3-b5,3_BKOCO2live_740nm_3097mW_u1_poc0p2_20x0p75NA_457s50_g70_z1_256pix_basicFLIM_120f_0001,5,False,live,65536,669,62957,65536,37035,55141,226,0.3,20260517_KPC_live_on_SLIM::fitet-sz-c3-b5::3_BKOCO2live_740nm_3097mW_u1_poc0p2_20x0p75NA_457s50_g70_z1_256pix_basicFLIM_120f_0001
3_BKOCO2live_740nm_3097mW_u1_poc0p2_20x0p75NA_457s50_g70_z1_256pix_basicFLIM_120f_0002.sdt,20260517_KPC_live_on_SLIM,fitet-sz-c3-b5,3_BKOCO2live_740nm_3097mW_u1_poc0p2_20x0p75NA_457s50_g70_z1_256pix_basicFLIM_120f_0002,5,False,live,65536,1935,63107,65533,31586,50561,443,0.7,20260517_KPC_live_on_SLIM::fitet-sz-c3-b5::3_BKOCO2live_740nm_3097mW_u1_poc0p2_20x0p75NA_457s50_g70_z1_256pix_basicFLIM_120f_0002
3_BKOCO2live_740nm_3097mW_u1_poc0p2_20x0p75NA_457s50_g70_z1_256pix_basicFLIM_120f_0003.sdt,20260517_KPC_live_on_SLIM,fitet-sz-c3-b5,3_BKOCO2live_740nm_3097mW_u1_poc0p2_20x0p75NA_457s50_g70_z1_256pix_basicFLIM_120f_0003,5,False,live,65536,2941,64144,65536,33496,54281,1116,1.7,20260517_KPC_live_on_SLIM::fitet-sz-c3-b5::3_BKOCO2live_740nm_3097mW_u1_poc0p2_20x0p75NA_457s50_g70_z1_256pix_basicFLIM_120f_0003
3_BKOCO2live_740nm_3097mW_u1_poc0p2_20x0p75NA_457s50_g70_z1_256pix_basicFLIM_120f_0004.sdt,20260517_KPC_live_on_SLIM,fitet-sz-c3-b5,3_BKOCO2live_740nm_3097mW_u1_poc0p2_20x0p75NA_457s50_g70_z1_256pix_basicFLIM_120f_0004,5,False,live,65536,1102,63302,65536,33748,51823,340,0.5,20260517_KPC_live_on_SLIM::fitet-sz-c3-b5::3_BKOCO2live_740nm_3097mW_u1_poc0p2_20x0p75NA_457s50_g70_z1_256pix_basicFLIM_120f_0004
3_BKOCO2live_740nm_3097mW_u1_poc0p2_20x0p75NA_457s50_g70_z1_256pix_basicFLIM_120f_0005.sdt,20260517_KPC_live_on_SLIM,fitet-sz-c3-b5,3_BKOCO2live_740nm_3097mW_u1_poc0p2_20x0p75NA_457s50_g70_z1_256pix_basicFLIM_120f_0005,5,False,live,65536,3048,64223,65536,34969,57785,1297,2.0,20260517_KPC_live_on_SLIM::fitet-sz-c3-b5::3_BKOCO2live_740nm_3097mW_u1_poc0p2_20x0p75NA_457s50_g70_z1_256pix_basicFLIM_120f_0005
3_BKOCO2live_740nm_3097mW_u1_poc0p2_20x0p75NA_457s50_g70_z1_256pix_basicFLIM_120f_0006.sdt,20260517_KPC_live_on_SLIM,fitet-sz-c3-b5,3_BKOCO2live_740nm_3097mW_u1_poc0p2_20x0p75NA_457s50_g70_z1_256pix_basicFLIM_120f_0006,5,False,live,65536,8820,64407,65536,29810,55072,2942,4.5,20260517_KPC_live_on_SLIM::fitet-sz-c3-b5::3_BKOCO2live_740nm_3097mW_u1_poc0p2_20x0p75NA_457s50_g70_z1_256pix_basicFLIM_120f_0006
3_BKOCO2live_740nm_3097mW_u1_poc0p2_20x0p75NA_457s50_g70_z1_256pix_basicFLIM_120f_0007.sdt,20260517_KPC_live_on_SLIM,fitet-sz-c3-b5,3_BKOCO2live_740nm_3097mW_u1_poc0p2_20x0p75NA_457s50_g70_z1_256pix_basicFLIM_120f_0007,5,False,live,65536,174,63557,65536,37271,52714,23,0.0,20260517_KPC_live_on_SLIM::fitet-sz-c3-b5::3_BKOCO2live_740nm_3097mW_u1_poc0p2_20x0p75NA_457s50_g70_z1_256pix_basicFLIM_120f_0007
3_BKOCO2live_740nm_3097mW_u1_poc0p2_20x0p75NA_457s50_g70_z1_256pix_basicFLIM_120f_0008.sdt,20260517_KPC_live_on_SLIM,fitet-sz-c3-b5,3_BKOCO2live_740nm_3097mW_u1_poc0p2_20x0p75NA_457s50_g70_z1_256pix_basicFLIM_120f_0008,5,False,live,65536,2341,64229,65536,32616,55232,927,1.4,20260517_KPC_live_on_SLIM::fitet-sz-c3-b5::3_BKOCO2live_740nm_3097mW_u1_poc0p2_20x0p75NA_457s50_g70_z1_256pix_basicFLIM_120f_0008
3_BKOCO2live_740nm_3097mW_u1_poc0p2_20x0p75NA_457s50_g70_z1_256pix_basicFLIM_120f_0009.sdt,20260517_KPC_live_on_SLIM,fitet-sz-c3-b5,3_BKOCO2live_740nm_3097mW_u1_poc0p2_20x0p75NA_457s50_g70_z1_256pix_basicFLIM_120f_0009,5,False,live,65536,8916,64330,65536,31930,56046,3031,4.6,20260517_KPC_live_on_SLIM::fitet-sz-c3-b5::3_BKOCO2live_740nm_3097mW_u1_poc0p2_20x0p75NA_457s50_g70_z1_256pix_basicFLIM_120f_0009
3_BKOCO2live_740nm_3097mW_u1_poc0p2_20x0p75NA_457s50_g70_z1_256pix_basicFLIM_120f_0010.sdt,20260517_KPC_live_on_SLIM,fitet-sz-c3-b5,3_BKOCO2live_740nm_3097mW_u1_poc0p2_20x0p75NA_457s50_g70_z1_256pix_basicFLIM_120f_0010,5,False,live,65536,20164,63353,65536,28403,48065,6627,10.1,20260517_KPC_live_on_SLIM::fitet-sz-c3-b5::3_BKOCO2live_740nm_3097mW_u1_poc0p2_20x0p75NA_457s50_g70_z1_256pix_basicFLIM_120f_0010
3_BKOCO2live_740nm_3097mW_u1_poc0p2_20x0p75NA_457s50_g70_z1_256pix_basicFLIM_120f_0011.sdt,20260517_KPC_live_on_SLIM,fitet-sz-c3-b5,3_BKOCO2live_740nm_3097mW_u1_poc0p2_20x0p75NA_457s50_g70_z1_256pix_basicFLIM_120f_0011,5,False,live,65536,15094,64330,65536,30962,54622,5964,9.1,20260517_KPC_live_on_SLIM::fitet-sz-c3-b5::3_BKOCO2live_740nm_3097mW_u1_poc0p2_20x0p75NA_457s50_g70_z1_256pix_basicFLIM_120f_0011
3_BKOCO2live_740nm_3097mW_u1_poc0p2_20x0p75NA_457s50_g70_z1_256pix_basicFLIM_120f_0012.sdt,20260517_KPC_live_on_SLIM,fitet-sz-c3-b5,3_BKOCO2live_740nm_3097mW_u1_poc0p2_20x0p75NA_457s50_g70_z1_256pix_basicFLIM_120f_0012,5,False,live,65536,17420,63527,65535,29623,49383,5527,8.4,20260517_KPC_live_on_SLIM::fitet-sz-c3-b5::3_BKOCO2live_740nm_3097mW_u1_poc0p2_20x0p75NA_457s50_g70_z1_256pix_basicFLIM_120f_0012
3_BKOCO2live_740nm_3097mW_u1_poc0p2_20x0p75NA_457s50_g70_z1_256pix_basicFLIM_120f_0013.sdt,20260517_KPC_live_on_SLIM,fitet-sz-c3-b5,3_BKOCO2live_740nm_3097mW_u1_poc0p2_20x0p75NA_457s50_g70_z1_256pix_basicFLIM_120f_0013,5,False,live,65536,6473,62426,65535,34239,46153,2533,3.9,20260517_KPC_live_on_SLIM::fitet-sz-c3-b5::3_BKOCO2live_740nm_3097mW_u1_poc0p2_20x0p75NA_457s50_g70_z1_256pix_basicFLIM_120f_0013
3_BKOCO2live_740nm_3097mW_u1_poc0p2_20x0p75NA_457s50_g70_z1_256pix_basicFLIM_120f_0014.sdt,20260517_KPC_live_on_SLIM,fitet-sz-c3-b5,3_BKOCO2live_740nm_3097mW_u1_poc0p2_20x0p75NA_457s50_g70_z1_256pix_basicFLIM_120f_0014,5,False,live,65536,2703,62742,65536,34093,47654,1087,1.7,20260517_KPC_live_on_SLIM::fitet-sz-c3-b5::3_BKOCO2live_740nm_3097mW_u1_poc0p2_20x0p75NA_457s50_g70_z1_256pix_basicFLIM_120f_0014
3_BKOCO2live_740nm_3097mW_u1_poc0p2_20x0p75NA_457s50_g70_z1_256pix_basicFLIM_120f_0015.sdt,20260517_KPC_live_on_SLIM,fitet-sz-c3-b5,3_BKOCO2live_740nm_3097mW_u1_poc0p2_20x0p75NA_457s50_g70_z1_256pix_basicFLIM_120f_0015,5,False,live,65536,431,62446,65534,38122,51343,22,0.0,20260517_KPC_live_on_SLIM::fitet-sz-c3-b5::3_BKOCO2live_740nm_3097mW_u1_poc0p2_20x0p75NA_457s50_g70_z1_256pix_basicFLIM_120f_0015
3_BKOCO2live_740nm_3097mW_u1_poc0p2_20x0p75NA_535s50_g70_z1_256pix_basicFLIM_120f_0000.sdt,20260517_KPC_live_on_SLIM,fitet-sz-c3-b5,3_BKOCO2live_740nm_3097mW_u1_poc0p2_20x0p75NA_535s50_g70_z1_256pix_basicFLIM_120f_0000,5,False,live,65536,84,62111,65533,33757,30122,0,0.0,20260517_KPC_live_on_SLIM::fitet-sz-c3-b5::3_BKOCO2live_740nm_3097mW_u1_poc0p2_20x0p75NA_535s50_g70_z1_256pix_basicFLIM_120f_0000
3_BKOCO2live_740nm_3097mW_u1_poc0p2_20x0p75NA_535s50_g70_z1_256pix_basicFLIM_120f_0001.sdt,20260517_KPC_live_on_SLIM,fitet-sz-c3-b5,3_BKOCO2live_740nm_3097mW_u1_poc0p2_20x0p75NA_535s50_g70_z1_256pix_basicFLIM_120f_0001,5,False,live,65536,0,63405,65536,32936,31901,0,0.0,20260517_KPC_live_on_SLIM::fitet-sz-c3-b5::3_BKOCO2live_740nm_3097mW_u1_poc0p2_20x0p75NA_535s50_g70_z1_256pix_basicFLIM_120f_0001
3_BKOCO2live_740nm_3097mW_u1_poc0p2_20x0p75NA_535s50_g70_z1_256pix_basicFLIM_120f_0002.sdt,20260517_KPC_live_on_SLIM,fitet-sz-c3-b5,3_BKOCO2live_740nm_3097mW_u1_poc0p2_20x0p75NA_535s50_g70_z1_256pix_basicFLIM_120f_0002,5,False,live,65536,158,63698,65536,25948,24074,0,0.0,20260517_KPC_live_on_SLIM::fitet-sz-c3-b5::3_BKOCO2live_740nm_3097mW_u1_poc0p2_20x0p75NA_535s50_g70_z1_256pix_basicFLIM_120f_0002
3_BKOCO2live_740nm_3097mW_u1_poc0p2_20x0p75NA_535s50_g70_z1_256pix_basicFLIM_120f_0003.sdt,20260517_KPC_live_on_SLIM,fitet-sz-c3-b5,3_BKOCO2live_740nm_3097mW_u1_poc0p2_20x0p75NA_535s50_g70_z1_256pix_basicFLIM_120f_0003,5,False,live,65536,454,64198,65536,20105,18194,32,0.0,20260517_KPC_live_on_SLIM::fitet-sz-c3-b5::3_BKOCO2live_740nm_3097mW_u1_poc0p2_20x0p75NA_535s50_g70_z1_256pix_basicFLIM_120f_0003
3_BKOCO2live_740nm_3097mW_u1_poc0p2_20x0p75NA_535s50_g70_z1_256pix_basicFLIM_120f_0004.sdt,20260517_KPC_live_on_SLIM,fitet-sz-c3-b5,3_BKOCO2live_740nm_3097mW_u1_poc0p2_20x0p75NA_535s50_g70_z1_256pix_basicFLIM_120f_0004,5,False,live,65536,104,63345,65536,29158,26121,0,0.0,20260517_KPC_live_on_SLIM::fitet-sz-c3-b5::3_BKOCO2live_740nm_3097mW_u1_poc0p2_20x0p75NA_535s50_g70_z1_256pix_basicFLIM_120f_0004
3_BKOCO2live_740nm_3097mW_u1_poc0p2_20x0p75NA_535s50_g70_z1_256pix_basicFLIM_120f_0005.sdt,20260517_KPC_live_on_SLIM,fitet-sz-c3-b5,3_BKOCO2live_740nm_3097mW_u1_poc0p2_20x0p75NA_535s50_g70_z1_256pix_basicFLIM_120f_0005,5,False,live,65536,221,63706,65536,22962,22134,0,0.0,20260517_KPC_live_on_SLIM::fitet-sz-c3-b5::3_BKOCO2live_740nm_3097mW_u1_poc0p2_20x0p75NA_535s50_g70_z1_256pix_basicFLIM_120f_0005
3_BKOCO2live_740nm_3097mW_u1_poc0p2_20x0p75NA_535s50_g70_z1_256pix_basicFLIM_120f_0006.sdt,20260517_KPC_live_on_SLIM,fitet-sz-c3-b5,3_BKOCO2live_740nm_3097mW_u1_poc0p2_20x0p75NA_535s50_g70_z1_256pix_basicFLIM_120f_0006,5,False,live,65536,606,64046,65536,20596,19657,0,0.0,20260517_KPC_live_on_SLIM::fitet-sz-c3-b5::3_BKOCO2live_740nm_3097mW_u1_poc0p2_20x0p75NA_535s50_g70_z1_256pix_basicFLIM_120f_0006
3_BKOCO2live_740nm_3097mW_u1_poc0p2_20x0p75NA_535s50_g70_z1_256pix_basicFLIM_120f_0007.sdt,20260517_KPC_live_on_SLIM,fitet-sz-c3-b5,3_BKOCO2live_740nm_3097mW_u1_poc0p2_20x0p75NA_535s50_g70_z1_256pix_basicFLIM_120f_0007,5,False,live,65536,365,63940,65536,32727,27376,0,0.0,20260517_KPC_live_on_SLIM::fitet-sz-c3-b5::3_BKOCO2live_740nm_3097mW_u1_poc0p2_20x0p75NA_535s50_g70_z1_256pix_basicFLIM_120f_0007
3_BKOCO2live_740nm_3097mW_u1_poc0p2_20x0p75NA_535s50_g70_z1_256pix_basicFLIM_120f_0008.sdt,20260517_KPC_live_on_SLIM,fitet-sz-c3-b5,3_BKOCO2live_740nm_3097mW_u1_poc0p2_20x0p75NA_535s50_g70_z1_256pix_basicFLIM_120f_0008,5,False,live,65536,314,64032,65536,23563,22374,4,0.0,20260517_KPC_live_on_SLIM::fitet-sz-c3-b5::3_BKOCO2live_740nm_3097mW_u1_poc0p2_20x0p75NA_535s50_g70_z1_256pix_basicFLIM_120f_0008
3_BKOCO2live_740nm_3097mW_u1_poc0p2_20x0p75NA_535s50_g70_z1_256pix_basicFLIM_120f_0009.sdt,20260517_KPC_live_on_SLIM,fitet-sz-c3-b5,3_BKOCO2live_740nm_3097mW_u1_poc0p2_20x0p75NA_535s50_g70_z1_256pix_basicFLIM_120f_0009,5,False,live,65536,451,64236,65536,19863,19203,9,0.0,20260517_KPC_live_on_SLIM::fitet-sz-c3-b5::3_BKOCO2live_740nm_3097mW_u1_poc0p2_20x0p75NA_535s50_g70_z1_256pix_basicFLIM_120f_0009
3_BKOCO2live_740nm_3097mW_u1_poc0p2_20x0p75NA_535s50_g70_z1_256pix_basicFLIM_120f_0010.sdt,20260517_KPC_live_on_SLIM,fitet-sz-c3-b5,3_BKOCO2live_740nm_3097mW_u1_poc0p2_20x0p75NA_535s50_g70_z1_256pix_basicFLIM_120f_0010,5,False,live,65536,2866,63959,65536,17941,16912,11,0.0,20260517_KPC_live_on_SLIM::fitet-sz-c3-b5::3_BKOCO2live_740nm_3097mW_u1_poc0p2_20x0p75NA_535s50_g70_z1_256pix_basicFLIM_120f_0010
3_BKOCO2live_740nm_3097mW_u1_poc0p2_20x0p75NA_535s50_g70_z1_256pix_basicFLIM_120f_0011.sdt,20260517_KPC_live_on_SLIM,fitet-sz-c3-b5,3_BKOCO2live_740nm_3097mW_u1_poc0p2_20x0p75NA_535s50_g70_z1_256pix_basicFLIM_120f_0011,5,False,live,65536,1171,64329,65536,19407,19056,11,0.0,20260517_KPC_live_on_SLIM::fitet-sz-c3-b5::3_BKOCO2live_740nm_3097mW_u1_poc0p2_20x0p75NA_535s50_g70_z1_256pix_basicFLIM_120f_0011
3_BKOCO2live_740nm_3097mW_u1_poc0p2_20x0p75NA_535s50_g70_z1_256pix_basicFLIM_120f_0012.sdt,20260517_KPC_live_on_SLIM,fitet-sz-c3-b5,3_BKOCO2live_740nm_3097mW_u1_poc0p2_20x0p75NA_535s50_g70_z1_256pix_basicFLIM_120f_0012,5,False,live,65536,2338,63830,65536,18839,17381,12,0.0,20260517_KPC_live_on_SLIM::fitet-sz-c3-b5::3_BKOCO2live_740nm_3097mW_u1_poc0p2_20x0p75NA_535s50_g70_z1_256pix_basicFLIM_120f_0012
3_BKOCO2live_740nm_3097mW_u1_poc0p2_20x0p75NA_535s50_g70_z1_256pix_basicFLIM_120f_0013.sdt,20260517_KPC_live_on_SLIM,fitet-sz-c3-b5,3_BKOCO2live_740nm_3097mW_u1_poc0p2_20x0p75NA_535s50_g70_z1_256pix_basicFLIM_120f_0013,5,False,live,65536,2237,63723,65536,24515,21749,121,0.2,20260517_KPC_live_on_SLIM::fitet-sz-c3-b5::3_BKOCO2live_740nm_3097mW_u1_poc0p2_20x0p75NA_535s50_g70_z1_256pix_basicFLIM_120f_0013
3_BKOCO2live_740nm_3097mW_u1_poc0p2_20x0p75NA_535s50_g70_z1_256pix_basicFLIM_120f_0014.sdt,20260517_KPC_live_on_SLIM,fitet-sz-c3-b5,3_BKOCO2live_740nm_3097mW_u1_poc0p2_20x0p75NA_535s50_g70_z1_256pix_basicFLIM_120f_0014,5,False,live,65536,153,62433,65534,28644,25430,0,0.0,20260517_KPC_live_on_SLIM::fitet-sz-c3-b5::3_BKOCO2live_740nm_3097mW_u1_poc0p2_20x0p75NA_535s50_g70_z1_256pix_basicFLIM_120f_0014
3_BKOCO2live_740nm_3097mW_u1_poc0p2_20x0p75NA_535s50_g70_z1_256pix_basicFLIM_120f_0015.sdt,20260517_KPC_live_on_SLIM,fitet-sz-c3-b5,3_BKOCO2live_740nm_3097mW_u1_poc0p2_20x0p75NA_535s50_g70_z1_256pix_basicFLIM_120f_0015,5,False,live,65536,458,63518,65535,31337,27141,0,0.0,20260517_KPC_live_on_SLIM::fitet-sz-c3-b5::3_BKOCO2live_740nm_3097mW_u1_poc0p2_20x0p75NA_535s50_g70_z1_256pix_basicFLIM_120f_0015
3_BKOCO2live_740nm_3097mW_u1_poc0p45_20x0p75NA_457s50_g70_z1_256pix_basicFLIM_120f_0000.sdt,20260517_KPC_live_on_SLIM,fitet-sz-c3-b5,3_BKOCO2live_740nm_3097mW_u1_poc0p45_20x0p75NA_457s50_g70_z1_256pix_basicFLIM_120f_0000,5,False,live,65536,65438,65302,65536,18050,49295,16476,25.1,20260517_KPC_live_on_SLIM::fitet-sz-c3-b5::3_BKOCO2live_740nm_3097mW_u1_poc0p45_20x0p75NA_457s50_g70_z1_256pix_basicFLIM_120f_0000
3_BKOCO2live_740nm_3097mW_u1_poc0p45_20x0p75NA_457s50_g70_z1_256pix_basicFLIM_120f_0001.sdt,20260517_KPC_live_on_SLIM,fitet-sz-c3-b5,3_BKOCO2live_740nm_3097mW_u1_poc0p45_20x0p75NA_457s50_g70_z1_256pix_basicFLIM_120f_0001,5,False,live,65536,65536,65353,65536,23593,47239,22231,33.9,20260517_KPC_live_on_SLIM::fitet-sz-c3-b5::3_BKOCO2live_740nm_3097mW_u1_poc0p45_20x0p75NA_457s50_g70_z1_256pix_basicFLIM_120f_0001
3_BKOCO2live_740nm_3097mW_u1_poc0p45_20x0p75NA_457s50_g70_z1_256pix_basicFLIM_120f_0002.sdt,20260517_KPC_live_on_SLIM,fitet-sz-c3-b5,3_BKOCO2live_740nm_3097mW_u1_poc0p45_20x0p75NA_457s50_g70_z1_256pix_basicFLIM_120f_0002,5,False,live,65536,46892,65286,65536,24165,42865,16193,24.7,20260517_KPC_live_on_SLIM::fitet-sz-c3-b5::3_BKOCO2live_740nm_3097mW_u1_poc0p45_20x0p75NA_457s50_g70_z1_256pix_basicFLIM_120f_0002
3_BKOCO2live_740nm_3097mW_u1_poc0p45_20x0p75NA_457s50_g70_z1_256pix_basicFLIM_120f_0003.sdt,20260517_KPC_live_on_SLIM,fitet-sz-c3-b5,3_BKOCO2live_740nm_3097mW_u1_poc0p45_20x0p75NA_457s50_g70_z1_256pix_basicFLIM_120f_0003,5,False,live,65536,65536,65466,65536,27152,56823,27126,41.4,20260517_KPC_live_on_SLIM::fitet-sz-c3-b5::3_BKOCO2live_740nm_3097mW_u1_poc0p45_20x0p75NA_457s50_g70_z1_256pix_basicFLIM_120f_0003
3_BKOCO2live_740nm_3097mW_u1_poc0p45_20x0p75NA_457s50_g70_z1_256pix_basicFLIM_120f_0004.sdt,20260517_KPC_live_on_SLIM,fitet-sz-c3-b5,3_BKOCO2live_740nm_3097mW_u1_poc0p45_20x0p75NA_457s50_g70_z1_256pix_basicFLIM_120f_0004,5,False,live,65536,65520,65382,65536,21713,50382,20410,31.1,20260517_KPC_live_on_SLIM::fitet-sz-c3-b5::3_BKOCO2live_740nm_3097mW_u1_poc0p45_20x0p75NA_457s50_g70_z1_256pix_basicFLIM_120f_0004
3_BKOCO2live_740nm_3097mW_u1_poc0p45_20x0p75NA_457s50_g70_z1_256pix_basicFLIM_120f_0005.sdt,20260517_KPC_live_on_SLIM,fitet-sz-c3-b5,3_BKOCO2live_740nm_3097mW_u1_poc0p45_20x0p75NA_457s50_g70_z1_256pix_basicFLIM_120f_0005,5,False,live,65536,65536,65464,65536,21725,61911,21723,33.1,20260517_KPC_live_on_SLIM::fitet-sz-c3-b5::3_BKOCO2live_740nm_3097mW_u1_poc0p45_20x0p75NA_457s50_g70_z1_256pix_basicFLIM_120f_0005
3_BKOCO2live_740nm_3097mW_u1_poc0p45_20x0p75NA_457s50_g70_z1_256pix_basicFLIM_120f_0006.sdt,20260517_KPC_live_on_SLIM,fitet-sz-c3-b5,3_BKOCO2live_740nm_3097mW_u1_poc0p45_20x0p75NA_457s50_g70_z1_256pix_basicFLIM_120f_0006,5,False,live,65536,65536,65359,65536,23888,57838,23843,36.4,20260517_KPC_live_on_SLIM::fitet-sz-c3-b5::3_BKOCO2live_740nm_3097mW_u1_poc0p45_20x0p75NA_457s50_g70_z1_256pix_basicFLIM_120f_0006
3_BKOCO2live_740nm_3097mW_u1_poc0p45_20x0p75NA_457s50_g70_z1_256pix_basicFLIM_120f_0007.sdt,20260517_KPC_live_on_SLIM,fitet-sz-c3-b5,3_BKOCO2live_740nm_3097mW_u1_poc0p45_20x0p75NA_457s50_g70_z1_256pix_basicFLIM_120f_0007,5,False,live,65536,65536,65423,65536,19626,56253,19626,29.9,20260517_KPC_live_on_SLIM::fitet-sz-c3-b5::3_BKOCO2live_740nm_3097mW_u1_poc0p45_20x0p75NA_457s50_g70_z1_256pix_basicFLIM_120f_0007
3_BKOCO2live_740nm_3097mW_u1_poc0p45_20x0p75NA_457s50_g70_z1_256pix_basicFLIM_120f_0008.sdt,20260517_KPC_live_on_SLIM,fitet-sz-c3-b5,3_BKOCO2live_740nm_3097mW_u1_poc0p45_20x0p75NA_457s50_g70_z1_256pix_basicFLIM_120f_0008,5,False,live,65536,10751,64406,65536,35066,58703,6049,9.2,20260517_KPC_live_on_SLIM::fitet-sz-c3-b5::3_BKOCO2live_740nm_3097mW_u1_poc0p45_20x0p75NA_457s50_g70_z1_256pix_basicFLIM_120f_0008
3_BKOCO2live_740nm_3097mW_u1_poc0p45_20x0p75NA_457s50_g70_z1_256pix_basicFLIM_120f_0009.sdt,20260517_KPC_live_on_SLIM,fitet-sz-c3-b5,3_BKOCO2live_740nm_3097mW_u1_poc0p45_20x0p75NA_457s50_g70_z1_256pix_basicFLIM_120f_0009,5,False,live,65536,65536,65134,65536,26191,46882,25596,39.1,20260517_KPC_live_on_SLIM::fitet-sz-c3-b5::3_BKOCO2live_740nm_3097mW_u1_poc0p45_20x0p75NA_457s50_g70_z1_256pix_basicFLIM_120f_0009
3_BKOCO2live_740nm_3097mW_u1_poc0p45_20x0p75NA_457s50_g70_z1_256pix_basicFLIM_120f_0010.sdt,20260517_KPC_live_on_SLIM,fitet-sz-c3-b5,3_BKOCO2live_740nm_3097mW_u1_poc0p45_20x0p75NA_457s50_g70_z1_256pix_basicFLIM_120f_0010,5,False,live,65536,43797,65186,65536,24630,45501,14816,22.6,20260517_KPC_live_on_SLIM::fitet-sz-c3-b5::3_BKOCO2live_740nm_3097mW_u1_poc0p45_20x0p75NA_457s50_g70_z1_256pix_basicFLIM_120f_0010
3_BKOCO2live_740nm_3097mW_u1_poc0p45_20x0p75NA_457s50_g70_z1_256pix_basicFLIM_120f_0011.sdt,20260517_KPC_live_on_SLIM,fitet-sz-c3-b5,3_BKOCO2live_740nm_3097mW_u1_poc0p45_20x0p75NA_457s50_g70_z1_256pix_basicFLIM_120f_0011,5,False,live,65536,65536,65398,65536,30063,55462,29671,45.3,20260517_KPC_live_on_SLIM::fitet-sz-c3-b5::3_BKOCO2live_740nm_3097mW_u1_poc0p45_20x0p75NA_457s50_g70_z1_256pix_basicFLIM_120f_0011
3_BKOCO2live_740nm_3097mW_u1_poc0p45_20x0p75NA_457s50_g70_z1_256pix_basicFLIM_120f_0012.sdt,20260517_KPC_live_on_SLIM,fitet-sz-c3-b5,3_BKOCO2live_740nm_3097mW_u1_poc0p45_20x0p75NA_457s50_g70_z1_256pix_basicFLIM_120f_0012,5,False,live,65536,60898,65392,65536,21199,42600,17392,26.5,20260517_KPC_live_on_SLIM::fitet-sz-c3-b5::3_BKOCO2live_740nm_3097mW_u1_poc0p45_20x0p75NA_457s50_g70_z1_256pix_basicFLIM_120f_0012
3_BKOCO2live_740nm_3097mW_u1_poc0p45_20x0p75NA_457s50_g70_z1_256pix_basicFLIM_120f_0013.sdt,20260517_KPC_live_on_SLIM,fitet-sz-c3-b5,3_BKOCO2live_740nm_3097mW_u1_poc0p45_20x0p75NA_457s50_g70_z1_256pix_basicFLIM_120f_0013,5,False,live,65536,64644,65093,65536,25786,42815,22770,34.7,20260517_KPC_live_on_SLIM::fitet-sz-c3-b5::3_BKOCO2live_740nm_3097mW_u1_poc0p45_20x0p75NA_457s50_g70_z1_256pix_basicFLIM_120f_0013
3_BKOCO2live_740nm_3097mW_u1_poc0p45_20x0p75NA_457s50_g70_z1_256pix_basicFLIM_120f_0014.sdt,20260517_KPC_live_on_SLIM,fitet-sz-c3-b5,3_BKOCO2live_740nm_3097mW_u1_poc0p45_20x0p75NA_457s50_g70_z1_256pix_basicFLIM_120f_0014,5,False,live,65536,40621,65108,65536,24700,41593,14823,22.6,20260517_KPC_live_on_SLIM::fitet-sz-c3-b5::3_BKOCO2live_740nm_3097mW_u1_poc0p45_20x0p75NA_457s50_g70_z1_256pix_basicFLIM_120f_0014
3_BKOCO2live_740nm_3097mW_u1_poc0p45_20x0p75NA_457s50_g70_z1_256pix_basicFLIM_120f_0015.sdt,20260517_KPC_live_on_SLIM,fitet-sz-c3-b5,3_BKOCO2live_740nm_3097mW_u1_poc0p45_20x0p75NA_457s50_g70_z1_256pix_basicFLIM_120f_0015,5,False,live,65536,65536,65388,65536,28893,48187,28151,43.0,20260517_KPC_live_on_SLIM::fitet-sz-c3-b5::3_BKOCO2live_740nm_3097mW_u1_poc0p45_20x0p75NA_457s50_g70_z1_256pix_basicFLIM_120f_0015
3_BKOCO2live_740nm_3097mW_u1_poc0p45_20x0p75NA_535s50_g70_z1_256pix_basicFLIM_120f_0000.sdt,20260517_KPC_live_on_SLIM,fitet-sz-c3-b5,3_BKOCO2live_740nm_3097mW_u1_poc0p45_20x0p75NA_535s50_g70_z1_256pix_basicFLIM_120f_0000,5,False,live,65536,65536,65100,65536,29641,28385,24858,37.9,20260517_KPC_live_on_SLIM::fitet-sz-c3-b5::3_BKOCO2live_740nm_3097mW_u1_poc0p45_20x0p75NA_535s50_g70_z1_256pix_basicFLIM_120f_0000
3_BKOCO2live_740nm_3097mW_u1_poc0p45_20x0p75NA_535s50_g70_z1_256pix_basicFLIM_120f_0001.sdt,20260517_KPC_live_on_SLIM,fitet-sz-c3-b5,3_BKOCO2live_740nm_3097mW_u1_poc0p45_20x0p75NA_535s50_g70_z1_256pix_basicFLIM_120f_0001,5,False,live,65536,65536,64894,65536,39272,41129,37134,56.7,20260517_KPC_live_on_SLIM::fitet-sz-c3-b5::3_BKOCO2live_740nm_3097mW_u1_poc0p45_20x0p75NA_535s50_g70_z1_256pix_basicFLIM_120f_0001
3_BKOCO2live_740nm_3097mW_u1_poc0p45_20x0p75NA_535s50_g70_z1_256pix_basicFLIM_120f_0002.sdt,20260517_KPC_live_on_SLIM,fitet-sz-c3-b5,3_BKOCO2live_740nm_3097mW_u1_poc0p45_20x0p75NA_535s50_g70_z1_256pix_basicFLIM_120f_0002,5,False,live,65536,65536,65190,65536,35170,31646,29983,45.8,20260517_KPC_live_on_SLIM::fitet-sz-c3-b5::3_BKOCO2live_740nm_3097mW_u1_poc0p45_20x0p75NA_535s50_g70_z1_256pix_basicFLIM_120f_0002
3_BKOCO2live_740nm_3097mW_u1_poc0p45_20x0p75NA_535s50_g70_z1_256pix_basicFLIM_120f_0003.sdt,20260517_KPC_live_on_SLIM,fitet-sz-c3-b5,3_BKOCO2live_740nm_3097mW_u1_poc0p45_20x0p75NA_535s50_g70_z1_256pix_basicFLIM_120f_0003,5,False,live,65536,65536,64800,65536,48313,46351,45030,68.7,20260517_KPC_live_on_SLIM::fitet-sz-c3-b5::3_BKOCO2live_740nm_3097mW_u1_poc0p45_20x0p75NA_535s50_g70_z1_256pix_basicFLIM_120f_0003
3_BKOCO2live_740nm_3097mW_u1_poc0p45_20x0p75NA_535s50_g70_z1_256pix_basicFLIM_120f_0004.sdt,20260517_KPC_live_on_SLIM,fitet-sz-c3-b5,3_BKOCO2live_740nm_3097mW_u1_poc0p45_20x0p75NA_535s50_g70_z1_256pix_basicFLIM_120f_0004,5,False,live,65536,65458,65398,65536,45665,42031,40848,62.3,20260517_KPC_live_on_SLIM::fitet-sz-c3-b5::3_BKOCO2live_740nm_3097mW_u1_poc0p45_20x0p75NA_535s50_g70_z1_256pix_basicFLIM_120f_0004
3_BKOCO2live_740nm_3097mW_u1_poc0p45_20x0p75NA_535s50_g70_z1_256pix_basicFLIM_120f_0005.sdt,20260517_KPC_live_on_SLIM,fitet-sz-c3-b5,3_BKOCO2live_740nm_3097mW_u1_poc0p45_20x0p75NA_535s50_g70_z1_256pix_basicFLIM_120f_0005,5,False,live,65536,65536,65426,65536,41033,41738,38491,58.7,20260517_KPC_live_on_SLIM::fitet-sz-c3-b5::3_BKOCO2live_740nm_3097mW_u1_poc0p45_20x0p75NA_535s50_g70_z1_256pix_basicFLIM_120f_0005
3_BKOCO2live_740nm_3097mW_u1_poc0p45_20x0p75NA_535s50_g70_z1_256pix_basicFLIM_120f_0006.sdt,20260517_KPC_live_on_SLIM,fitet-sz-c3-b5,3_BKOCO2live_740nm_3097mW_u1_poc0p45_20x0p75NA_535s50_g70_z1_256pix_basicFLIM_120f_0006,5,False,live,65536,65536,64220,65536,41059,44134,38535,58.8,20260517_KPC_live_on_SLIM::fitet-sz-c3-b5::3_BKOCO2live_740nm_3097mW_u1_poc0p45_20x0p75NA_535s50_g70_z1_256pix_basicFLIM_120f_0006
3_BKOCO2live_740nm_3097mW_u1_poc0p45_20x0p75NA_535s50_g70_z1_256pix_basicFLIM_120f_0007.sdt,20260517_KPC_live_on_SLIM,fitet-sz-c3-b5,3_BKOCO2live_740nm_3097mW_u1_poc0p45_20x0p75NA_535s50_g70_z1_256pix_basicFLIM_120f_0007,5,False,live,65536,65536,64519,65536,53089,50037,49386,75.4,20260517_KPC_live_on_SLIM::fitet-sz-c3-b5::3_BKOCO2live_740nm_3097mW_u1_poc0p45_20x0p75NA_535s50_g70_z1_256pix_basicFLIM_120f_0007
3_BKOCO2live_740nm_3097mW_u1_poc0p45_20x0p75NA_535s50_g70_z1_256pix_basicFLIM_120f_0008.sdt,20260517_KPC_live_on_SLIM,fitet-sz-c3-b5,3_BKOCO2live_740nm_3097mW_u1_poc0p45_20x0p75NA_535s50_g70_z1_256pix_basicFLIM_120f_0008,5,False,live,65536,65536,65429,65536,28842,34462,27941,42.6,20260517_KPC_live_on_SLIM::fitet-sz-c3-b5::3_BKOCO2live_740nm_3097mW_u1_poc0p45_20x0p75NA_535s50_g70_z1_256pix_basicFLIM_120f_0008
3_BKOCO2live_740nm_3097mW_u1_poc0p45_20x0p75NA_535s50_g70_z1_256pix_basicFLIM_120f_0009.sdt,20260517_KPC_live_on_SLIM,fitet-sz-c3-b5,3_BKOCO2live_740nm_3097mW_u1_poc0p45_20x0p75NA_535s50_g70_z1_256pix_basicFLIM_120f_0009,5,False,live,65536,65536,64590,65536,39654,42024,37956,57.9,20260517_KPC_live_on_SLIM::fitet-sz-c3-b5::3_BKOCO2live_740nm_3097mW_u1_poc0p45_20x0p75NA_535s50_g70_z1_256pix_basicFLIM_120f_0009
3_BKOCO2live_740nm_3097mW_u1_poc0p45_20x0p75NA_535s50_g70_z1_256pix_basicFLIM_120f_0010.sdt,20260517_KPC_live_on_SLIM,fitet-sz-c3-b5,3_BKOCO2live_740nm_3097mW_u1_poc0p45_20x0p75NA_535s50_g70_z1_256pix_basicFLIM_120f_0010,5,False,live,65536,65536,62672,65536,23285,25014,18442,28.1,20260517_KPC_live_on_SLIM::fitet-sz-c3-b5::3_BKOCO2live_740nm_3097mW_u1_poc0p45_20x0p75NA_535s50_g70_z1_256pix_basicFLIM_120f_0010
3_BKOCO2live_740nm_3097mW_u1_poc0p45_20x0p75NA_535s50_g70_z1_256pix_basicFLIM_120f_0011.sdt,20260517_KPC_live_on_SLIM,fitet-sz-c3-b5,3_BKOCO2live_740nm_3097mW_u1_poc0p45_20x0p75NA_535s50_g70_z1_256pix_basicFLIM_120f_0011,5,False,live,65536,63031,65347,65536,23040,29880,22110,33.7,20260517_KPC_live_on_SLIM::fitet-sz-c3-b5::3_BKOCO2live_740nm_3097mW_u1_poc0p45_20x0p75NA_535s50_g70_z1_256pix_basicFLIM_120f_0011
3_BKOCO2live_740nm_3097mW_u1_poc0p45_20x0p75NA_535s50_g70_z1_256pix_basicFLIM_120f_0012.sdt,20260517_KPC_live_on_SLIM,fitet-sz-c3-b5,3_BKOCO2live_740nm_3097mW_u1_poc0p45_20x0p75NA_535s50_g70_z1_256pix_basicFLIM_120f_0012,5,False,live,65536,65536,63440,65536,27420,29929,23095,35.2,20260517_KPC_live_on_SLIM::fitet-sz-c3-b5::3_BKOCO2live_740nm_3097mW_u1_poc0p45_20x0p75NA_535s50_g70_z1_256pix_basicFLIM_120f_0012
3_BKOCO2live_740nm_3097mW_u1_poc0p45_20x0p75NA_535s50_g70_z1_256pix_basicFLIM_120f_0013.sdt,20260517_KPC_live_on_SLIM,fitet-sz-c3-b5,3_BKOCO2live_740nm_3097mW_u1_poc0p45_20x0p75NA_535s50_g70_z1_256pix_basicFLIM_120f_0013,5,False,live,65536,65536,64139,65536,33144,32224,28681,43.8,20260517_KPC_live_on_SLIM::fitet-sz-c3-b5::3_BKOCO2live_740nm_3097mW_u1_poc0p45_20x0p75NA_535s50_g70_z1_256pix_basicFLIM_120f_0013
3_BKOCO2live_740nm_3097mW_u1_poc0p45_20x0p75NA_535s50_g70_z1_256pix_basicFLIM_120f_0014.sdt,20260517_KPC_live_on_SLIM,fitet-sz-c3-b5,3_BKOCO2live_740nm_3097mW_u1_poc0p45_20x0p75NA_535s50_g70_z1_256pix_basicFLIM_120f_0014,5,False,live,65536,65536,65133,65536,24711,21064,18410,28.1,20260517_KPC_live_on_SLIM::fitet-sz-c3-b5::3_BKOCO2live_740nm_3097mW_u1_poc0p45_20x0p75NA_535s50_g70_z1_256pix_basicFLIM_120f_0014
3_BKOCO2live_740nm_3097mW_u1_poc0p45_20x0p75NA_535s50_g70_z1_256pix_basicFLIM_120f_0015.sdt,20260517_KPC_live_on_SLIM,fitet-sz-c3-b5,3_BKOCO2live_740nm_3097mW_u1_poc0p45_20x0p75NA_535s50_g70_z1_256pix_basicFLIM_120f_0015,5,False,live,65536,64742,64923,65536,44353,41219,40335,61.5,20260517_KPC_live_on_SLIM::fitet-sz-c3-b5::3_BKOCO2live_740nm_3097mW_u1_poc0p45_20x0p75NA_535s50_g70_z1_256pix_basicFLIM_120f_0015
