filename,fixation_type,chi2_mean,chi2_median,frac_hi,fit_set_key,has_shift_export,shift_nonzero_px,shift_max_abs_ps,shift_mean_ps,shift_std_ps,tau1_n_valid,tau1_frac_lt_thresh,tau1_median_ps,tau1_min_photons
3_KPCWT0430glu10min_740nm_3024mW_u1_poc0p15_20x0p75NA_457s50_g70_z1_256pix_basicFLIM_90f_0000.sdt,glu,5.390315735594617,5.57995,0.9646604254799248,20260501_KPC_fixed_dishes_on_SLIM::batch1\fitet-sz-1component-b5::3_KPCWT0430glu10min_740nm_3024mW_u1_poc0p15_20x0p75NA_457s50_g70_z1_256pix_basicFLIM_90f_0000,True,1,0.59961,-9.149322509765625e-06,0.0023422086926613048,0,,,100.0
3_KPCWT0430glu10min_740nm_3024mW_u1_poc0p2_20x0p75NA_457s50_g70_z1_256pix_basicFLIM_120f_0000.sdt,glu,15.360588477020265,15.88405,0.999542236328125,20260501_KPC_fixed_dishes_on_SLIM::batch1\fitet-sz-1component-b5::3_KPCWT0430glu10min_740nm_3024mW_u1_poc0p2_20x0p75NA_457s50_g70_z1_256pix_basicFLIM_120f_0000,True,1,0.59961,-9.149322509765625e-06,0.0023422086926613048,33495,2.9855202268995374e-05,510.871,100.0
3_KPCWT0430glu10min_740nm_3024mW_u1_poc0p2_20x0p75NA_457s50_g70_z1_256pix_basicFLIM_120f_0001.sdt,glu,19.906968911437986,20.453400000000002,0.9999847412109375,20260501_KPC_fixed_dishes_on_SLIM::batch1\fitet-sz-1component-b5::3_KPCWT0430glu10min_740nm_3024mW_u1_poc0p2_20x0p75NA_457s50_g70_z1_256pix_basicFLIM_120f_0001,True,1,0.59961,-9.149322509765625e-06,0.0023422086926613048,57311,1.744865732581878e-05,513.662,100.0
3_KPCWT0430glu10min_740nm_3024mW_u1_poc0p2_20x0p75NA_457s50_g70_z1_256pix_basicFLIM_120f_0002.sdt,glu,19.872812616271972,20.848550000000003,0.9999847412109375,20260501_KPC_fixed_dishes_on_SLIM::batch1\fitet-sz-1component-b5::3_KPCWT0430glu10min_740nm_3024mW_u1_poc0p2_20x0p75NA_457s50_g70_z1_256pix_basicFLIM_120f_0002,True,1,0.59961,-9.149322509765625e-06,0.0023422086926613048,50865,1.965988400668436e-05,506.193,100.0
3_KPCWT0430glu10min_740nm_3024mW_u1_poc0p2_20x0p75NA_457s50_g70_z1_256pix_basicFLIM_120f_0003.sdt,glu,13.01374726776123,12.78435,0.9999847412109375,20260501_KPC_fixed_dishes_on_SLIM::batch1\fitet-sz-1component-b5::3_KPCWT0430glu10min_740nm_3024mW_u1_poc0p2_20x0p75NA_457s50_g70_z1_256pix_basicFLIM_120f_0003,True,1,0.59961,-9.149322509765625e-06,0.0023422086926613048,16894,0.0,501.1545,100.0
3_KPCWT0430glu10min_740nm_3024mW_u1_poc0p2_20x0p75NA_457s50_g70_z1_256pix_basicFLIM_120f_0004.sdt,glu,22.174734709014892,23.025100000000002,0.9999847412109375,20260501_KPC_fixed_dishes_on_SLIM::batch1\fitet-sz-1component-b5::3_KPCWT0430glu10min_740nm_3024mW_u1_poc0p2_20x0p75NA_457s50_g70_z1_256pix_basicFLIM_120f_0004,True,1,0.59961,-9.149322509765625e-06,0.0023422086926613048,59961,1.667750704624673e-05,502.546,100.0
3_KPCWT0430glu10min_740nm_3024mW_u1_poc0p2_20x0p75NA_457s50_g70_z1_256pix_basicFLIM_120f_0005.sdt,glu,8.188463263244628,6.11428,0.9997711181640625,20260501_KPC_fixed_dishes_on_SLIM::batch1\fitet-sz-1component-b5::3_KPCWT0430glu10min_740nm_3024mW_u1_poc0p2_20x0p75NA_457s50_g70_z1_256pix_basicFLIM_120f_0005,True,1,0.59961,-9.149322509765625e-06,0.0023422086926613048,9258,0.0,508.65999999999997,100.0
3_KPCWT0430glu10min_740nm_3024mW_u1_poc0p2_20x0p75NA_457s50_g70_z1_256pix_basicFLIM_120f_0006.sdt,glu,9.454471743164063,8.166409999999999,0.997406005859375,20260501_KPC_fixed_dishes_on_SLIM::batch1\fitet-sz-1component-b5::3_KPCWT0430glu10min_740nm_3024mW_u1_poc0p2_20x0p75NA_457s50_g70_z1_256pix_basicFLIM_120f_0006,True,1,0.59961,-9.149322509765625e-06,0.0023422086926613048,8272,0.00012088974854932302,521.6955,100.0
3_KPCWT0430glu10min_740nm_3024mW_u1_poc0p2_20x0p75NA_457s50_g70_z1_256pix_basicFLIM_120f_0007.sdt,glu,8.939020569763183,8.38796,0.9983062744140625,20260501_KPC_fixed_dishes_on_SLIM::batch1\fitet-sz-1component-b5::3_KPCWT0430glu10min_740nm_3024mW_u1_poc0p2_20x0p75NA_457s50_g70_z1_256pix_basicFLIM_120f_0007,True,1,0.59961,-9.149322509765625e-06,0.0023422086926613048,2872,0.0,513.962,100.0
3_KPCWT0430glu10min_740nm_3024mW_u1_poc0p2_20x0p75NA_457s50_g70_z1_256pix_basicFLIM_120f_0008.sdt,glu,17.062014630279542,17.854349999999997,0.9999847412109375,20260501_KPC_fixed_dishes_on_SLIM::batch1\fitet-sz-1component-b5::3_KPCWT0430glu10min_740nm_3024mW_u1_poc0p2_20x0p75NA_457s50_g70_z1_256pix_basicFLIM_120f_0008,True,1,0.59961,-9.149322509765625e-06,0.0023422086926613048,50489,1.980629444037315e-05,518.615,100.0
3_KPCWT0430glu10min_740nm_3024mW_u1_poc0p2_20x0p75NA_457s50_g70_z1_256pix_basicFLIM_120f_0009.sdt,glu,15.301068983306884,15.62035,0.998199462890625,20260501_KPC_fixed_dishes_on_SLIM::batch1\fitet-sz-1component-b5::3_KPCWT0430glu10min_740nm_3024mW_u1_poc0p2_20x0p75NA_457s50_g70_z1_256pix_basicFLIM_120f_0009,True,1,0.59961,-9.149322509765625e-06,0.0023422086926613048,33952,2.945334590009425e-05,505.612,100.0
3_KPCWT0430glu10min_740nm_3024mW_u1_poc0p2_20x0p75NA_535s50_g70_z1_256pix_basicFLIM_120f_0000.sdt,glu,11.769111884918214,11.82125,0.9969024658203125,20260501_KPC_fixed_dishes_on_SLIM::batch1\fitet-sz-1component-b5::3_KPCWT0430glu10min_740nm_3024mW_u1_poc0p2_20x0p75NA_535s50_g70_z1_256pix_basicFLIM_120f_0000,True,1,0.59961,-9.149322509765625e-06,0.0023422086926613048,42096,2.3755226149752945e-05,683.422,100.0
3_KPCWT0430glu10min_740nm_3024mW_u1_poc0p2_20x0p75NA_535s50_g70_z1_256pix_basicFLIM_120f_0001.sdt,glu,17.388315810546874,17.885550000000002,0.9999847412109375,20260501_KPC_fixed_dishes_on_SLIM::batch1\fitet-sz-1component-b5::3_KPCWT0430glu10min_740nm_3024mW_u1_poc0p2_20x0p75NA_535s50_g70_z1_256pix_basicFLIM_120f_0001,True,1,0.59961,-9.149322509765625e-06,0.0023422086926613048,61540,1.6249593760155995e-05,711.737,100.0
3_KPCWT0430glu10min_740nm_3024mW_u1_poc0p2_20x0p75NA_535s50_g70_z1_256pix_basicFLIM_120f_0002.sdt,glu,17.23998549468994,18.07765,0.9999847412109375,20260501_KPC_fixed_dishes_on_SLIM::batch1\fitet-sz-1component-b5::3_KPCWT0430glu10min_740nm_3024mW_u1_poc0p2_20x0p75NA_535s50_g70_z1_256pix_basicFLIM_120f_0002,True,1,0.59961,-9.149322509765625e-06,0.0023422086926613048,56207,1.7791378298076752e-05,697.697,100.0
3_KPCWT0430glu10min_740nm_3024mW_u1_poc0p2_20x0p75NA_535s50_g70_z1_256pix_basicFLIM_120f_0003.sdt,glu,11.001265804595947,10.5446,0.9999847412109375,20260501_KPC_fixed_dishes_on_SLIM::batch1\fitet-sz-1component-b5::3_KPCWT0430glu10min_740nm_3024mW_u1_poc0p2_20x0p75NA_535s50_g70_z1_256pix_basicFLIM_120f_0003,True,1,0.59961,-9.149322509765625e-06,0.0023422086926613048,36040,2.774694783573807e-05,688.159,100.0
3_KPCWT0430glu10min_740nm_3024mW_u1_poc0p2_20x0p75NA_535s50_g70_z1_256pix_basicFLIM_120f_0004.sdt,glu,20.19543809829712,21.1034,0.9999847412109375,20260501_KPC_fixed_dishes_on_SLIM::batch1\fitet-sz-1component-b5::3_KPCWT0430glu10min_740nm_3024mW_u1_poc0p2_20x0p75NA_535s50_g70_z1_256pix_basicFLIM_120f_0004,True,1,0.59961,-9.149322509765625e-06,0.0023422086926613048,63305,1.5796540557617883e-05,704.709,100.0
3_KPCWT0430glu10min_740nm_3024mW_u1_poc0p2_20x0p75NA_535s50_g70_z1_256pix_basicFLIM_120f_0005.sdt,glu,6.763667549743651,4.81677,0.9958343505859375,20260501_KPC_fixed_dishes_on_SLIM::batch1\fitet-sz-1component-b5::3_KPCWT0430glu10min_740nm_3024mW_u1_poc0p2_20x0p75NA_535s50_g70_z1_256pix_basicFLIM_120f_0005,True,1,0.59961,-9.149322509765625e-06,0.0023422086926613048,12864,0.0,704.328,100.0
3_KPCWT0430glu10min_740nm_3024mW_u1_poc0p2_20x0p75NA_535s50_g70_z1_256pix_basicFLIM_120f_0006.sdt,glu,7.593550691070557,6.344705,0.988128662109375,20260501_KPC_fixed_dishes_on_SLIM::batch1\fitet-sz-1component-b5::3_KPCWT0430glu10min_740nm_3024mW_u1_poc0p2_20x0p75NA_535s50_g70_z1_256pix_basicFLIM_120f_0006,True,1,0.59961,-9.149322509765625e-06,0.0023422086926613048,20176,4.956383822363204e-05,710.177,100.0
3_KPCWT0430glu10min_740nm_3024mW_u1_poc0p2_20x0p75NA_535s50_g70_z1_256pix_basicFLIM_120f_0007.sdt,glu,6.964131353149414,6.41962,0.989471435546875,20260501_KPC_fixed_dishes_on_SLIM::batch1\fitet-sz-1component-b5::3_KPCWT0430glu10min_740nm_3024mW_u1_poc0p2_20x0p75NA_535s50_g70_z1_256pix_basicFLIM_120f_0007,True,1,0.59961,-9.149322509765625e-06,0.0023422086926613048,16753,0.0,705.536,100.0
3_KPCWT0430glu10min_740nm_3024mW_u1_poc0p2_20x0p75NA_535s50_g70_z1_256pix_basicFLIM_120f_0008.sdt,glu,15.494647410949707,16.3717,0.9999847412109375,20260501_KPC_fixed_dishes_on_SLIM::batch1\fitet-sz-1component-b5::3_KPCWT0430glu10min_740nm_3024mW_u1_poc0p2_20x0p75NA_535s50_g70_z1_256pix_basicFLIM_120f_0008,True,1,0.59961,-9.149322509765625e-06,0.0023422086926613048,58061,1.722326518661408e-05,708.83,100.0
3_KPCWT0430glu10min_740nm_3024mW_u1_poc0p2_20x0p75NA_535s50_g70_z1_256pix_basicFLIM_120f_0009.sdt,glu,13.069148588714599,13.26715,0.993255615234375,20260501_KPC_fixed_dishes_on_SLIM::batch1\fitet-sz-1component-b5::3_KPCWT0430glu10min_740nm_3024mW_u1_poc0p2_20x0p75NA_535s50_g70_z1_256pix_basicFLIM_120f_0009,True,1,0.59961,-9.149322509765625e-06,0.0023422086926613048,50121,1.995171684523453e-05,694.238,100.0
4_BKO0430glu10min_740nm_3024mW_u1_poc0p2_20x0p75NA_535s50_g70_z1_256pix_basicFLIM_60f_0000.sdt,glu,8.378135422973633,8.21051,0.9999847412109375,20260501_KPC_fixed_dishes_on_SLIM::batch1\fitet-sz-1component-b5::4_BKO0430glu10min_740nm_3024mW_u1_poc0p2_20x0p75NA_535s50_g70_z1_256pix_basicFLIM_60f_0000,True,1,0.59961,-9.149322509765625e-06,0.0023422086926613048,6491,0.0,662.835,100.0
4_BKO0430glu10min_740nm_3024mW_u1_poc0p2_20x0p75NA_535s50_g70_z1_256pix_basicFLIM_60f_0001.sdt,glu,8.160256801147462,8.223035,0.9999847412109375,20260501_KPC_fixed_dishes_on_SLIM::batch1\fitet-sz-1component-b5::4_BKO0430glu10min_740nm_3024mW_u1_poc0p2_20x0p75NA_535s50_g70_z1_256pix_basicFLIM_60f_0001,True,1,0.59961,-9.149322509765625e-06,0.0023422086926613048,788,0.0,650.446,100.0
4_BKO0430glu10min_740nm_3024mW_u1_poc0p2_20x0p75NA_535s50_g70_z1_256pix_basicFLIM_60f_0002.sdt,glu,6.3397620744323735,6.10135,0.9999237060546875,20260501_KPC_fixed_dishes_on_SLIM::batch1\fitet-sz-1component-b5::4_BKO0430glu10min_740nm_3024mW_u1_poc0p2_20x0p75NA_535s50_g70_z1_256pix_basicFLIM_60f_0002,True,1,0.59961,-9.149322509765625e-06,0.0023422086926613048,125,0.0,669.163,100.0
4_BKO0430glu10min_740nm_3024mW_u1_poc0p2_20x0p75NA_535s50_g70_z1_256pix_basicFLIM_60f_0003.sdt,glu,7.064269898620605,6.963744999999999,0.9999847412109375,20260501_KPC_fixed_dishes_on_SLIM::batch1\fitet-sz-1component-b5::4_BKO0430glu10min_740nm_3024mW_u1_poc0p2_20x0p75NA_535s50_g70_z1_256pix_basicFLIM_60f_0003,True,1,0.59961,-9.149322509765625e-06,0.0023422086926613048,0,,,100.0
4_BKO0430glu10min_740nm_3024mW_u1_poc0p2_20x0p75NA_535s50_g70_z1_256pix_basicFLIM_60f_0004.sdt,glu,6.288415251922608,6.29085,0.9999847412109375,20260501_KPC_fixed_dishes_on_SLIM::batch1\fitet-sz-1component-b5::4_BKO0430glu10min_740nm_3024mW_u1_poc0p2_20x0p75NA_535s50_g70_z1_256pix_basicFLIM_60f_0004,True,1,0.59961,-9.149322509765625e-06,0.0023422086926613048,0,,,100.0
4_BKO0430glu10min_740nm_3024mW_u1_poc0p2_20x0p75NA_535s50_g70_z1_256pix_basicFLIM_60f_0005.sdt,glu,4.981477899633474,3.37559,0.8577569965402665,20260501_KPC_fixed_dishes_on_SLIM::batch1\fitet-sz-1component-b5::4_BKO0430glu10min_740nm_3024mW_u1_poc0p2_20x0p75NA_535s50_g70_z1_256pix_basicFLIM_60f_0005,True,1,0.59961,-9.149322509765625e-06,0.0023422086926613048,4972,0.0,663.5699999999999,100.0
4_BKO0430glu10min_740nm_3024mW_u1_poc0p2_20x0p75NA_535s50_g70_z1_256pix_basicFLIM_60f_0006.sdt,glu,8.654086464233398,8.785340000000001,0.9998779296875,20260501_KPC_fixed_dishes_on_SLIM::batch1\fitet-sz-1component-b5::4_BKO0430glu10min_740nm_3024mW_u1_poc0p2_20x0p75NA_535s50_g70_z1_256pix_basicFLIM_60f_0006,True,1,0.59961,-9.149322509765625e-06,0.0023422086926613048,4060,0.0,650.27,100.0
4_BKO0430glu10min_740nm_3024mW_u1_poc0p2_20x0p75NA_535s50_g70_z1_256pix_basicFLIM_60f_0007.sdt,glu,6.7674941972351075,6.470295,0.9999847412109375,20260501_KPC_fixed_dishes_on_SLIM::batch1\fitet-sz-1component-b5::4_BKO0430glu10min_740nm_3024mW_u1_poc0p2_20x0p75NA_535s50_g70_z1_256pix_basicFLIM_60f_0007,True,1,0.59961,-9.149322509765625e-06,0.0023422086926613048,0,,,100.0
4_BKO0430glu10min_740nm_3024mW_u1_poc0p2_20x0p75NA_535s50_g70_z1_256pix_basicFLIM_60f_0008.sdt,glu,6.507727140045166,6.053515,0.9999847412109375,20260501_KPC_fixed_dishes_on_SLIM::batch1\fitet-sz-1component-b5::4_BKO0430glu10min_740nm_3024mW_u1_poc0p2_20x0p75NA_535s50_g70_z1_256pix_basicFLIM_60f_0008,True,1,0.59961,-9.149322509765625e-06,0.0023422086926613048,0,,,100.0
4_BKO0430glu10min_740nm_3024mW_u1_poc0p2_20x0p75NA_535s50_g70_z1_256pix_basicFLIM_60f_0009.sdt,glu,8.130060229660033,8.107755000000001,0.9999847412109375,20260501_KPC_fixed_dishes_on_SLIM::batch1\fitet-sz-1component-b5::4_BKO0430glu10min_740nm_3024mW_u1_poc0p2_20x0p75NA_535s50_g70_z1_256pix_basicFLIM_60f_0009,True,1,0.59961,-9.149322509765625e-06,0.0023422086926613048,17,0.0,662.714,100.0
4_BKO0430glu10min_740nm_3024mW_u1_poc0p2_20x0p75NA_535s50_g70_z1_256pix_basicFLIM_40f_0000.sdt,glu,6.305583443145752,6.129485,0.9999847412109375,20260501_KPC_fixed_dishes_on_SLIM::batch1\fitet-sz-1component-b5::4_BKO0430glu10min_740nm_3024mW_u1_poc0p2_20x0p75NA_535s50_g70_z1_256pix_basicFLIM_40f_0000,True,1,0.59961,-9.149322509765625e-06,0.0023422086926613048,0,,,100.0
4_BKO0430glu10min_740nm_3024mW_u1_poc0p2_20x0p75NA_535s50_g70_z1_256pix_basicFLIM_40f_0001.sdt,glu,6.070530541915893,6.00948,0.9998931884765625,20260501_KPC_fixed_dishes_on_SLIM::batch1\fitet-sz-1component-b5::4_BKO0430glu10min_740nm_3024mW_u1_poc0p2_20x0p75NA_535s50_g70_z1_256pix_basicFLIM_40f_0001,True,1,0.59961,-9.149322509765625e-06,0.0023422086926613048,0,,,100.0
4_BKO0430glu10min_740nm_3024mW_u1_poc0p2_20x0p75NA_535s50_g70_z1_256pix_basicFLIM_40f_0002.sdt,glu,5.002884678497315,4.82147,0.9976959228515625,20260501_KPC_fixed_dishes_on_SLIM::batch1\fitet-sz-1component-b5::4_BKO0430glu10min_740nm_3024mW_u1_poc0p2_20x0p75NA_535s50_g70_z1_256pix_basicFLIM_40f_0002,True,1,0.59961,-9.149322509765625e-06,0.0023422086926613048,0,,,100.0
4_BKO0430glu10min_740nm_3024mW_u1_poc0p2_20x0p75NA_535s50_g70_z1_256pix_basicFLIM_40f_0003.sdt,glu,5.773744446411133,5.696675,0.99981689453125,20260501_KPC_fixed_dishes_on_SLIM::batch1\fitet-sz-1component-b5::4_BKO0430glu10min_740nm_3024mW_u1_poc0p2_20x0p75NA_535s50_g70_z1_256pix_basicFLIM_40f_0003,True,1,0.59961,-9.149322509765625e-06,0.0023422086926613048,0,,,100.0
4_BKO0430glu10min_740nm_3024mW_u1_poc0p2_20x0p75NA_535s50_g70_z1_256pix_basicFLIM_40f_0004.sdt,glu,5.197804442138672,5.1840399999999995,0.9999847412109375,20260501_KPC_fixed_dishes_on_SLIM::batch1\fitet-sz-1component-b5::4_BKO0430glu10min_740nm_3024mW_u1_poc0p2_20x0p75NA_535s50_g70_z1_256pix_basicFLIM_40f_0004,True,1,0.59961,-9.149322509765625e-06,0.0023422086926613048,0,,,100.0
4_BKO0430glu10min_740nm_3024mW_u1_poc0p2_20x0p75NA_535s50_g70_z1_256pix_basicFLIM_40f_0005.sdt,glu,4.178591820438561,3.09229,0.789684181492208,20260501_KPC_fixed_dishes_on_SLIM::batch1\fitet-sz-1component-b5::4_BKO0430glu10min_740nm_3024mW_u1_poc0p2_20x0p75NA_535s50_g70_z1_256pix_basicFLIM_40f_0005,True,1,0.59961,-9.149322509765625e-06,0.0023422086926613048,1252,0.0,664.579,100.0
4_BKO0430glu10min_740nm_3024mW_u1_poc0p2_20x0p75NA_535s50_g70_z1_256pix_basicFLIM_40f_0006.sdt,glu,6.734687458740234,6.855295,0.9992218017578125,20260501_KPC_fixed_dishes_on_SLIM::batch1\fitet-sz-1component-b5::4_BKO0430glu10min_740nm_3024mW_u1_poc0p2_20x0p75NA_535s50_g70_z1_256pix_basicFLIM_40f_0006,True,1,0.59961,-9.149322509765625e-06,0.0023422086926613048,0,,,100.0
4_BKO0430glu10min_740nm_3024mW_u1_poc0p2_20x0p75NA_535s50_g70_z1_256pix_basicFLIM_40f_0007.sdt,glu,5.322610336135864,5.131105,0.9999847412109375,20260501_KPC_fixed_dishes_on_SLIM::batch1\fitet-sz-1component-b5::4_BKO0430glu10min_740nm_3024mW_u1_poc0p2_20x0p75NA_535s50_g70_z1_256pix_basicFLIM_40f_0007,True,1,0.59961,-9.149322509765625e-06,0.0023422086926613048,0,,,100.0
4_BKO0430glu10min_740nm_3024mW_u1_poc0p2_20x0p75NA_535s50_g70_z1_256pix_basicFLIM_40f_0008.sdt,glu,5.104660427383423,4.79448,0.99981689453125,20260501_KPC_fixed_dishes_on_SLIM::batch1\fitet-sz-1component-b5::4_BKO0430glu10min_740nm_3024mW_u1_poc0p2_20x0p75NA_535s50_g70_z1_256pix_basicFLIM_40f_0008,True,1,0.59961,-9.149322509765625e-06,0.0023422086926613048,0,,,100.0
4_BKO0430glu10min_740nm_3024mW_u1_poc0p2_20x0p75NA_535s50_g70_z1_256pix_basicFLIM_40f_0009.sdt,glu,6.412157217254638,6.38615,0.9999847412109375,20260501_KPC_fixed_dishes_on_SLIM::batch1\fitet-sz-1component-b5::4_BKO0430glu10min_740nm_3024mW_u1_poc0p2_20x0p75NA_535s50_g70_z1_256pix_basicFLIM_40f_0009,True,1,0.59961,-9.149322509765625e-06,0.0023422086926613048,0,,,100.0
4_BKO0430glu10min_740nm_3038mW_u1_poc0p2_20x0p75NA_457s50_g70_z1_256pix_basicFLIM_100f_0000.sdt,glu,10.796660029907226,10.372,0.9999847412109375,20260501_KPC_fixed_dishes_on_SLIM::batch1\fitet-sz-1component-b5::4_BKO0430glu10min_740nm_3038mW_u1_poc0p2_20x0p75NA_457s50_g70_z1_256pix_basicFLIM_100f_0000,True,1,0.59961,-9.149322509765625e-06,0.0023422086926613048,12529,0.0,487.176,100.0
4_BKO0430glu10min_740nm_3038mW_u1_poc0p2_20x0p75NA_457s50_g70_z1_256pix_basicFLIM_100f_0001.sdt,glu,10.273863180999756,9.84709,0.9999847412109375,20260501_KPC_fixed_dishes_on_SLIM::batch1\fitet-sz-1component-b5::4_BKO0430glu10min_740nm_3038mW_u1_poc0p2_20x0p75NA_457s50_g70_z1_256pix_basicFLIM_100f_0001,True,1,0.59961,-9.149322509765625e-06,0.0023422086926613048,5504,0.0,483.8085,100.0
4_BKO0430glu10min_740nm_3038mW_u1_poc0p2_20x0p75NA_457s50_g70_z1_256pix_basicFLIM_100f_0002.sdt,glu,8.063418399673463,7.714085000000001,0.9999847412109375,20260501_KPC_fixed_dishes_on_SLIM::batch1\fitet-sz-1component-b5::4_BKO0430glu10min_740nm_3038mW_u1_poc0p2_20x0p75NA_457s50_g70_z1_256pix_basicFLIM_100f_0002,True,1,0.59961,-9.149322509765625e-06,0.0023422086926613048,51,0.0,483.316,100.0
4_BKO0430glu10min_740nm_3038mW_u1_poc0p2_20x0p75NA_457s50_g70_z1_256pix_basicFLIM_100f_0003.sdt,glu,9.788860449829102,9.538910000000001,0.9999847412109375,20260501_KPC_fixed_dishes_on_SLIM::batch1\fitet-sz-1component-b5::4_BKO0430glu10min_740nm_3038mW_u1_poc0p2_20x0p75NA_457s50_g70_z1_256pix_basicFLIM_100f_0003,True,1,0.59961,-9.149322509765625e-06,0.0023422086926613048,687,0.0,510.815,100.0
4_BKO0430glu10min_740nm_3038mW_u1_poc0p2_20x0p75NA_457s50_g70_z1_256pix_basicFLIM_100f_0004.sdt,glu,8.68037042175293,8.66759,0.9999847412109375,20260501_KPC_fixed_dishes_on_SLIM::batch1\fitet-sz-1component-b5::4_BKO0430glu10min_740nm_3038mW_u1_poc0p2_20x0p75NA_457s50_g70_z1_256pix_basicFLIM_100f_0004,True,1,0.59961,-9.149322509765625e-06,0.0023422086926613048,0,,,100.0
4_BKO0430glu10min_740nm_3038mW_u1_poc0p2_20x0p75NA_457s50_g70_z1_256pix_basicFLIM_100f_0005.sdt,glu,6.377181295798038,3.79441,0.9124213704604546,20260501_KPC_fixed_dishes_on_SLIM::batch1\fitet-sz-1component-b5::4_BKO0430glu10min_740nm_3038mW_u1_poc0p2_20x0p75NA_457s50_g70_z1_256pix_basicFLIM_100f_0005,True,1,0.59961,-9.149322509765625e-06,0.0023422086926613048,7347,0.0,527.592,100.0
4_BKO0430glu10min_740nm_3038mW_u1_poc0p2_20x0p75NA_457s50_g70_z1_256pix_basicFLIM_100f_0006.sdt,glu,11.623341656036377,11.9901,0.9999847412109375,20260501_KPC_fixed_dishes_on_SLIM::batch1\fitet-sz-1component-b5::4_BKO0430glu10min_740nm_3038mW_u1_poc0p2_20x0p75NA_457s50_g70_z1_256pix_basicFLIM_100f_0006,True,1,0.59961,-9.149322509765625e-06,0.0023422086926613048,8537,0.0,494.078,100.0
4_BKO0430glu10min_740nm_3038mW_u1_poc0p2_20x0p75NA_457s50_g70_z1_256pix_basicFLIM_100f_0007.sdt,glu,8.640478337402342,8.32042,0.9999847412109375,20260501_KPC_fixed_dishes_on_SLIM::batch1\fitet-sz-1component-b5::4_BKO0430glu10min_740nm_3038mW_u1_poc0p2_20x0p75NA_457s50_g70_z1_256pix_basicFLIM_100f_0007,True,1,0.59961,-9.149322509765625e-06,0.0023422086926613048,0,,,100.0
4_BKO0430glu10min_740nm_3038mW_u1_poc0p2_20x0p75NA_457s50_g70_z1_256pix_basicFLIM_100f_0008.sdt,glu,8.126615004730226,7.40865,0.9999847412109375,20260501_KPC_fixed_dishes_on_SLIM::batch1\fitet-sz-1component-b5::4_BKO0430glu10min_740nm_3038mW_u1_poc0p2_20x0p75NA_457s50_g70_z1_256pix_basicFLIM_100f_0008,True,1,0.59961,-9.149322509765625e-06,0.0023422086926613048,4,0.0,479.7985,100.0
4_BKO0430glu10min_740nm_3038mW_u1_poc0p2_20x0p75NA_457s50_g70_z1_256pix_basicFLIM_100f_0009.sdt,glu,11.022372607223511,10.9319,0.9999847412109375,20260501_KPC_fixed_dishes_on_SLIM::batch1\fitet-sz-1component-b5::4_BKO0430glu10min_740nm_3038mW_u1_poc0p2_20x0p75NA_457s50_g70_z1_256pix_basicFLIM_100f_0009,True,1,0.59961,-9.149322509765625e-06,0.0023422086926613048,2704,0.0003698224852071006,486.9315,100.0
13_KPC_live_posn1_740nm_3040mW_u1_poc0p2_20x0p75NA_4570s50_g70_z1_256pix_basicFLIM_120f_0000.sdt,live,1.066365758544922,1.0493,0.000274658203125,20260501_KPC_fixed_dishes_on_SLIM::batch2\fitet-sz-c2-b10::13_KPC_live_posn1_740nm_3040mW_u1_poc0p2_20x0p75NA_4570s50_g70_z1_256pix_basicFLIM_120f_0000,True,0,0.0,0.0,0.0,0,,,200.0
13_KPC_live_posn1_740nm_3040mW_u1_poc0p2_20x0p75NA_4570s50_g70_z1_256pix_basicFLIM_120f_0001.sdt,live,1.0942267157440186,1.08192,0.0001983642578125,20260501_KPC_fixed_dishes_on_SLIM::batch2\fitet-sz-c2-b10::13_KPC_live_posn1_740nm_3040mW_u1_poc0p2_20x0p75NA_4570s50_g70_z1_256pix_basicFLIM_120f_0001,True,0,0.0,0.0,0.0,0,,,200.0
13_KPC_live_posn1_740nm_3040mW_u1_poc0p2_20x0p75NA_4570s50_g70_z1_256pix_basicFLIM_120f_0002.sdt,live,1.1033677997436522,1.085375,0.0013580322265625,20260501_KPC_fixed_dishes_on_SLIM::batch2\fitet-sz-c2-b10::13_KPC_live_posn1_740nm_3040mW_u1_poc0p2_20x0p75NA_4570s50_g70_z1_256pix_basicFLIM_120f_0002,True,0,0.0,0.0,0.0,0,,,200.0
13_KPC_live_posn1_740nm_3040mW_u1_poc0p2_20x0p75NA_4570s50_g70_z1_256pix_basicFLIM_120f_0003.sdt,live,1.0998818327789306,1.083155,0.0006866455078125,20260501_KPC_fixed_dishes_on_SLIM::batch2\fitet-sz-c2-b10::13_KPC_live_posn1_740nm_3040mW_u1_poc0p2_20x0p75NA_4570s50_g70_z1_256pix_basicFLIM_120f_0003,True,0,0.0,0.0,0.0,0,,,200.0
13_KPC_live_posn1b_740nm_3040mW_u1_poc0p2_20x0p75NA_535s50_g70_z1_256pix_basicFLIM_120f_0000.sdt,live,1.0562229074401857,1.04194,0.000396728515625,20260501_KPC_fixed_dishes_on_SLIM::batch2\fitet-sz-c2-b10::13_KPC_live_posn1b_740nm_3040mW_u1_poc0p2_20x0p75NA_535s50_g70_z1_256pix_basicFLIM_120f_0000,True,0,0.0,0.0,0.0,0,,,200.0
13_KPC_live_posn1b_740nm_3040mW_u1_poc0p2_20x0p75NA_535s50_g70_z1_256pix_basicFLIM_120f_0001.sdt,live,1.0861661339874267,1.06882,0.0009002685546875,20260501_KPC_fixed_dishes_on_SLIM::batch2\fitet-sz-c2-b10::13_KPC_live_posn1b_740nm_3040mW_u1_poc0p2_20x0p75NA_535s50_g70_z1_256pix_basicFLIM_120f_0001,True,0,0.0,0.0,0.0,0,,,200.0
13_KPC_live_posn1b_740nm_3040mW_u1_poc0p2_20x0p75NA_535s50_g70_z1_256pix_basicFLIM_120f_0002.sdt,live,1.0913890381011964,1.079115,6.103515625e-05,20260501_KPC_fixed_dishes_on_SLIM::batch2\fitet-sz-c2-b10::13_KPC_live_posn1b_740nm_3040mW_u1_poc0p2_20x0p75NA_535s50_g70_z1_256pix_basicFLIM_120f_0002,True,0,0.0,0.0,0.0,0,,,200.0
13_KPC_live_posn1b_740nm_3040mW_u1_poc0p2_20x0p75NA_535s50_g70_z1_256pix_basicFLIM_120f_0003.sdt,live,1.0873035767059325,1.0732,0.0001220703125,20260501_KPC_fixed_dishes_on_SLIM::batch2\fitet-sz-c2-b10::13_KPC_live_posn1b_740nm_3040mW_u1_poc0p2_20x0p75NA_535s50_g70_z1_256pix_basicFLIM_120f_0003,True,0,0.0,0.0,0.0,0,,,200.0
14_KPC_live_posn2_740nm_3040mW_u1_poc0p2_20x0p75NA_535s50_g70_z1_256pix_basicFLIM_120f_0000.sdt,live,1.061998292541504,1.04483,0.000762939453125,20260501_KPC_fixed_dishes_on_SLIM::batch2\fitet-sz-c2-b10::14_KPC_live_posn2_740nm_3040mW_u1_poc0p2_20x0p75NA_535s50_g70_z1_256pix_basicFLIM_120f_0000,True,0,0.0,0.0,0.0,0,,,200.0
14_KPC_live_posn2_740nm_3040mW_u1_poc0p2_20x0p75NA_535s50_g70_z1_256pix_basicFLIM_120f_0001.sdt,live,1.0795064712524414,1.065155,0.00030517578125,20260501_KPC_fixed_dishes_on_SLIM::batch2\fitet-sz-c2-b10::14_KPC_live_posn2_740nm_3040mW_u1_poc0p2_20x0p75NA_535s50_g70_z1_256pix_basicFLIM_120f_0001,True,0,0.0,0.0,0.0,0,,,200.0
14_KPC_live_posn2_740nm_3040mW_u1_poc0p2_20x0p75NA_535s50_g70_z1_256pix_basicFLIM_120f_0002.sdt,live,1.0728173206634521,1.05656,0.000457763671875,20260501_KPC_fixed_dishes_on_SLIM::batch2\fitet-sz-c2-b10::14_KPC_live_posn2_740nm_3040mW_u1_poc0p2_20x0p75NA_535s50_g70_z1_256pix_basicFLIM_120f_0002,True,0,0.0,0.0,0.0,0,,,200.0
14_KPC_live_posn2_740nm_3040mW_u1_poc0p2_20x0p75NA_457s50_g70_z1_256pix_basicFLIM_120f_0000.sdt,live,1.0409652689971924,1.0270350000000001,0.0006866455078125,20260501_KPC_fixed_dishes_on_SLIM::batch2\fitet-sz-c2-b10::14_KPC_live_posn2_740nm_3040mW_u1_poc0p2_20x0p75NA_457s50_g70_z1_256pix_basicFLIM_120f_0000,True,0,0.0,0.0,0.0,0,,,200.0
14_KPC_live_posn2_740nm_3040mW_u1_poc0p2_20x0p75NA_457s50_g70_z1_256pix_basicFLIM_120f_0001.sdt,live,1.0635272361297607,1.04595,0.000457763671875,20260501_KPC_fixed_dishes_on_SLIM::batch2\fitet-sz-c2-b10::14_KPC_live_posn2_740nm_3040mW_u1_poc0p2_20x0p75NA_457s50_g70_z1_256pix_basicFLIM_120f_0001,True,0,0.0,0.0,0.0,0,,,200.0
14_KPC_live_posn2_740nm_3040mW_u1_poc0p2_20x0p75NA_457s50_g70_z1_256pix_basicFLIM_120f_0002.sdt,live,1.0699987616729736,1.05103,0.0002899169921875,20260501_KPC_fixed_dishes_on_SLIM::batch2\fitet-sz-c2-b10::14_KPC_live_posn2_740nm_3040mW_u1_poc0p2_20x0p75NA_457s50_g70_z1_256pix_basicFLIM_120f_0002,True,0,0.0,0.0,0.0,0,,,200.0
15_KPC_live_posn3_740nm_3040mW_u1_poc0p2_20x0p75NA_457s50_g70_z1_256pix_basicFLIM_120f_0000.sdt,live,1.0970332992401124,1.081325,0.0006103515625,20260501_KPC_fixed_dishes_on_SLIM::batch2\fitet-sz-c2-b10::15_KPC_live_posn3_740nm_3040mW_u1_poc0p2_20x0p75NA_457s50_g70_z1_256pix_basicFLIM_120f_0000,True,0,0.0,0.0,0.0,0,,,200.0
15_KPC_live_posn3_740nm_3040mW_u1_poc0p2_20x0p75NA_457s50_g70_z1_256pix_basicFLIM_120f_0001.sdt,live,1.1018190816345215,1.08518,0.000701904296875,20260501_KPC_fixed_dishes_on_SLIM::batch2\fitet-sz-c2-b10::15_KPC_live_posn3_740nm_3040mW_u1_poc0p2_20x0p75NA_457s50_g70_z1_256pix_basicFLIM_120f_0001,True,0,0.0,0.0,0.0,0,,,200.0
15_KPC_live_posn3_740nm_3040mW_u1_poc0p2_20x0p75NA_457s50_g70_z1_256pix_basicFLIM_120f_0002.sdt,live,1.1107354460754393,1.09482,0.00048828125,20260501_KPC_fixed_dishes_on_SLIM::batch2\fitet-sz-c2-b10::15_KPC_live_posn3_740nm_3040mW_u1_poc0p2_20x0p75NA_457s50_g70_z1_256pix_basicFLIM_120f_0002,True,0,0.0,0.0,0.0,0,,,200.0
15_KPC_live_posn3_740nm_3040mW_u1_poc0p2_20x0p75NA_457s50_g70_z1_256pix_basicFLIM_120f_0003.sdt,live,1.1038472332611085,1.0863,0.000396728515625,20260501_KPC_fixed_dishes_on_SLIM::batch2\fitet-sz-c2-b10::15_KPC_live_posn3_740nm_3040mW_u1_poc0p2_20x0p75NA_457s50_g70_z1_256pix_basicFLIM_120f_0003,True,0,0.0,0.0,0.0,0,,,200.0
15_KPC_live_posn3_740nm_3040mW_u1_poc0p2_20x0p75NA_457s50_g70_z1_256pix_basicFLIM_120f_0004.sdt,live,1.0776750813140867,1.06271,0.0002899169921875,20260501_KPC_fixed_dishes_on_SLIM::batch2\fitet-sz-c2-b10::15_KPC_live_posn3_740nm_3040mW_u1_poc0p2_20x0p75NA_457s50_g70_z1_256pix_basicFLIM_120f_0004,True,0,0.0,0.0,0.0,0,,,200.0
15_KPC_live_posn3_740nm_3040mW_u1_poc0p2_20x0p75NA_535s50_g70_z1_256pix_basicFLIM_120f_0000.sdt,live,1.067241579345703,1.058335,0.00048828125,20260501_KPC_fixed_dishes_on_SLIM::batch2\fitet-sz-c2-b10::15_KPC_live_posn3_740nm_3040mW_u1_poc0p2_20x0p75NA_535s50_g70_z1_256pix_basicFLIM_120f_0000,True,0,0.0,0.0,0.0,0,,,200.0
15_KPC_live_posn3_740nm_3040mW_u1_poc0p2_20x0p75NA_535s50_g70_z1_256pix_basicFLIM_120f_0001.sdt,live,1.070155148574829,1.056475,4.57763671875e-05,20260501_KPC_fixed_dishes_on_SLIM::batch2\fitet-sz-c2-b10::15_KPC_live_posn3_740nm_3040mW_u1_poc0p2_20x0p75NA_535s50_g70_z1_256pix_basicFLIM_120f_0001,True,0,0.0,0.0,0.0,0,,,200.0
15_KPC_live_posn3_740nm_3040mW_u1_poc0p2_20x0p75NA_535s50_g70_z1_256pix_basicFLIM_120f_0002.sdt,live,1.1054831757507324,1.09131,0.000518798828125,20260501_KPC_fixed_dishes_on_SLIM::batch2\fitet-sz-c2-b10::15_KPC_live_posn3_740nm_3040mW_u1_poc0p2_20x0p75NA_535s50_g70_z1_256pix_basicFLIM_120f_0002,True,0,0.0,0.0,0.0,0,,,200.0
15_KPC_live_posn3_740nm_3040mW_u1_poc0p2_20x0p75NA_535s50_g70_z1_256pix_basicFLIM_120f_0003.sdt,live,1.0920456789093018,1.07411,0.001190185546875,20260501_KPC_fixed_dishes_on_SLIM::batch2\fitet-sz-c2-b10::15_KPC_live_posn3_740nm_3040mW_u1_poc0p2_20x0p75NA_535s50_g70_z1_256pix_basicFLIM_120f_0003,True,0,0.0,0.0,0.0,0,,,200.0
15_KPC_live_posn3_740nm_3040mW_u1_poc0p2_20x0p75NA_535s50_g70_z1_256pix_basicFLIM_120f_0004.sdt,live,1.098534972946167,1.07987,0.000823974609375,20260501_KPC_fixed_dishes_on_SLIM::batch2\fitet-sz-c2-b10::15_KPC_live_posn3_740nm_3040mW_u1_poc0p2_20x0p75NA_535s50_g70_z1_256pix_basicFLIM_120f_0004,True,0,0.0,0.0,0.0,0,,,200.0
16_KPC_live_posn4_740nm_3040mW_u1_poc0p2_20x0p75NA_535s50_g70_z1_256pix_basicFLIM_120f_0000.sdt,live,1.058442407485962,1.04476,0.0009918212890625,20260501_KPC_fixed_dishes_on_SLIM::batch2\fitet-sz-c2-b10::16_KPC_live_posn4_740nm_3040mW_u1_poc0p2_20x0p75NA_535s50_g70_z1_256pix_basicFLIM_120f_0000,True,0,0.0,0.0,0.0,0,,,200.0
16_KPC_live_posn4_740nm_3040mW_u1_poc0p2_20x0p75NA_535s50_g70_z1_256pix_basicFLIM_120f_0001.sdt,live,1.0653847807159424,1.05147,0.0003204345703125,20260501_KPC_fixed_dishes_on_SLIM::batch2\fitet-sz-c2-b10::16_KPC_live_posn4_740nm_3040mW_u1_poc0p2_20x0p75NA_535s50_g70_z1_256pix_basicFLIM_120f_0001,True,0,0.0,0.0,0.0,0,,,200.0
16_KPC_live_posn4_740nm_3040mW_u1_poc0p2_20x0p75NA_535s50_g70_z1_256pix_basicFLIM_120f_0002.sdt,live,1.079576741470337,1.06507,0.0002288818359375,20260501_KPC_fixed_dishes_on_SLIM::batch2\fitet-sz-c2-b10::16_KPC_live_posn4_740nm_3040mW_u1_poc0p2_20x0p75NA_535s50_g70_z1_256pix_basicFLIM_120f_0002,True,0,0.0,0.0,0.0,0,,,200.0
16_KPC_live_posn4_740nm_3040mW_u1_poc0p2_20x0p75NA_535s50_g70_z1_256pix_basicFLIM_120f_0003.sdt,live,1.0729232233276367,1.05304,0.00091552734375,20260501_KPC_fixed_dishes_on_SLIM::batch2\fitet-sz-c2-b10::16_KPC_live_posn4_740nm_3040mW_u1_poc0p2_20x0p75NA_535s50_g70_z1_256pix_basicFLIM_120f_0003,True,0,0.0,0.0,0.0,0,,,200.0
16_KPC_live_posn4_740nm_3040mW_u1_poc0p2_20x0p75NA_457s50_g70_z1_256pix_basicFLIM_120f_0000.sdt,live,1.040282908630371,1.02615,0.00067138671875,20260501_KPC_fixed_dishes_on_SLIM::batch2\fitet-sz-c2-b10::16_KPC_live_posn4_740nm_3040mW_u1_poc0p2_20x0p75NA_457s50_g70_z1_256pix_basicFLIM_120f_0000,True,0,0.0,0.0,0.0,0,,,200.0
16_KPC_live_posn4_740nm_3040mW_u1_poc0p2_20x0p75NA_457s50_g70_z1_256pix_basicFLIM_120f_0001.sdt,live,1.0544480222015382,1.04033,0.0003509521484375,20260501_KPC_fixed_dishes_on_SLIM::batch2\fitet-sz-c2-b10::16_KPC_live_posn4_740nm_3040mW_u1_poc0p2_20x0p75NA_457s50_g70_z1_256pix_basicFLIM_120f_0001,True,0,0.0,0.0,0.0,0,,,200.0
16_KPC_live_posn4_740nm_3040mW_u1_poc0p2_20x0p75NA_457s50_g70_z1_256pix_basicFLIM_120f_0002.sdt,live,1.0613985712890626,1.048805,0.0003814697265625,20260501_KPC_fixed_dishes_on_SLIM::batch2\fitet-sz-c2-b10::16_KPC_live_posn4_740nm_3040mW_u1_poc0p2_20x0p75NA_457s50_g70_z1_256pix_basicFLIM_120f_0002,True,0,0.0,0.0,0.0,0,,,200.0
16_KPC_live_posn4_740nm_3040mW_u1_poc0p2_20x0p75NA_457s50_g70_z1_256pix_basicFLIM_120f_0003.sdt,live,1.060567047683716,1.042255,0.000762939453125,20260501_KPC_fixed_dishes_on_SLIM::batch2\fitet-sz-c2-b10::16_KPC_live_posn4_740nm_3040mW_u1_poc0p2_20x0p75NA_457s50_g70_z1_256pix_basicFLIM_120f_0003,True,0,0.0,0.0,0.0,0,,,200.0
17_KPC_live_posn5_740nm_3040mW_u1_poc0p2_20x0p75NA_457s50_g70_z1_256pix_basicFLIM_120f_0000.sdt,live,1.0561603191375732,1.043395,0.0003662109375,20260501_KPC_fixed_dishes_on_SLIM::batch2\fitet-sz-c2-b10::17_KPC_live_posn5_740nm_3040mW_u1_poc0p2_20x0p75NA_457s50_g70_z1_256pix_basicFLIM_120f_0000,True,0,0.0,0.0,0.0,0,,,200.0
17_KPC_live_posn5_740nm_3040mW_u1_poc0p2_20x0p75NA_457s50_g70_z1_256pix_basicFLIM_120f_0001.sdt,live,1.0711092930603026,1.0563099999999999,0.000946044921875,20260501_KPC_fixed_dishes_on_SLIM::batch2\fitet-sz-c2-b10::17_KPC_live_posn5_740nm_3040mW_u1_poc0p2_20x0p75NA_457s50_g70_z1_256pix_basicFLIM_120f_0001,True,0,0.0,0.0,0.0,0,,,200.0
17_KPC_live_posn5_740nm_3040mW_u1_poc0p2_20x0p75NA_457s50_g70_z1_256pix_basicFLIM_120f_0002.sdt,live,1.066467810119629,1.052495,0.0001983642578125,20260501_KPC_fixed_dishes_on_SLIM::batch2\fitet-sz-c2-b10::17_KPC_live_posn5_740nm_3040mW_u1_poc0p2_20x0p75NA_457s50_g70_z1_256pix_basicFLIM_120f_0002,True,0,0.0,0.0,0.0,0,,,200.0
17_KPC_live_posn5_740nm_3040mW_u1_poc0p2_20x0p75NA_457s50_g70_z1_256pix_basicFLIM_120f_0003.sdt,live,1.085275739578247,1.07109,0.001068115234375,20260501_KPC_fixed_dishes_on_SLIM::batch2\fitet-sz-c2-b10::17_KPC_live_posn5_740nm_3040mW_u1_poc0p2_20x0p75NA_457s50_g70_z1_256pix_basicFLIM_120f_0003,True,0,0.0,0.0,0.0,0,,,200.0
17_KPC_live_posn5_740nm_3040mW_u1_poc0p2_20x0p75NA_457s50_g70_z1_256pix_basicFLIM_120f_0004.sdt,live,1.0749883538970946,1.057,0.0002593994140625,20260501_KPC_fixed_dishes_on_SLIM::batch2\fitet-sz-c2-b10::17_KPC_live_posn5_740nm_3040mW_u1_poc0p2_20x0p75NA_457s50_g70_z1_256pix_basicFLIM_120f_0004,True,0,0.0,0.0,0.0,0,,,200.0
17_KPC_live_posn5_740nm_3040mW_u1_poc0p2_20x0p75NA_535s50_g70_z1_256pix_basicFLIM_120f_0000.sdt,live,1.0557415179901124,1.043175,0.00018310546875,20260501_KPC_fixed_dishes_on_SLIM::batch2\fitet-sz-c2-b10::17_KPC_live_posn5_740nm_3040mW_u1_poc0p2_20x0p75NA_535s50_g70_z1_256pix_basicFLIM_120f_0000,True,0,0.0,0.0,0.0,0,,,200.0
17_KPC_live_posn5_740nm_3040mW_u1_poc0p2_20x0p75NA_535s50_g70_z1_256pix_basicFLIM_120f_0001.sdt,live,1.0735567740020753,1.058185,0.00152587890625,20260501_KPC_fixed_dishes_on_SLIM::batch2\fitet-sz-c2-b10::17_KPC_live_posn5_740nm_3040mW_u1_poc0p2_20x0p75NA_535s50_g70_z1_256pix_basicFLIM_120f_0001,True,0,0.0,0.0,0.0,0,,,200.0
17_KPC_live_posn5_740nm_3040mW_u1_poc0p2_20x0p75NA_535s50_g70_z1_256pix_basicFLIM_120f_0002.sdt,live,1.0790991618041992,1.06014,0.00079345703125,20260501_KPC_fixed_dishes_on_SLIM::batch2\fitet-sz-c2-b10::17_KPC_live_posn5_740nm_3040mW_u1_poc0p2_20x0p75NA_535s50_g70_z1_256pix_basicFLIM_120f_0002,True,0,0.0,0.0,0.0,0,,,200.0
17_KPC_live_posn5_740nm_3040mW_u1_poc0p2_20x0p75NA_535s50_g70_z1_256pix_basicFLIM_120f_0003.sdt,live,1.0819860784454347,1.06542,0.0001068115234375,20260501_KPC_fixed_dishes_on_SLIM::batch2\fitet-sz-c2-b10::17_KPC_live_posn5_740nm_3040mW_u1_poc0p2_20x0p75NA_535s50_g70_z1_256pix_basicFLIM_120f_0003,True,0,0.0,0.0,0.0,0,,,200.0
17_KPC_live_posn5_740nm_3040mW_u1_poc0p2_20x0p75NA_535s50_g70_z1_256pix_basicFLIM_120f_0004.sdt,live,1.0823332438812256,1.06713,9.1552734375e-05,20260501_KPC_fixed_dishes_on_SLIM::batch2\fitet-sz-c2-b10::17_KPC_live_posn5_740nm_3040mW_u1_poc0p2_20x0p75NA_535s50_g70_z1_256pix_basicFLIM_120f_0004,True,0,0.0,0.0,0.0,0,,,200.0
3_KPCWTlive_740nm_3033mW_u1_poc0p2_20x0p75NA_475s50_g70_z1_256pix_basicFLIM_120f_0000.sdt,live,1.0579066192169189,1.05,0.0,20260508_KPC_live_on_SLIM::fitet-sz-c2-b5::3_KPCWTlive_740nm_3033mW_u1_poc0p2_20x0p75NA_475s50_g70_z1_256pix_basicFLIM_120f_0000,True,0,0.0,0.0,0.0,27,0.0,369.0,200.0
3_KPCWTlive_740nm_3033mW_u1_poc0p2_20x0p75NA_475s50_g70_z1_256pix_basicFLIM_120f_0001.sdt,live,1.0400328217163086,1.03261,0.0,20260508_KPC_live_on_SLIM::fitet-sz-c2-b5::3_KPCWTlive_740nm_3033mW_u1_poc0p2_20x0p75NA_475s50_g70_z1_256pix_basicFLIM_120f_0001,True,0,0.0,0.0,0.0,0,,,200.0
3_KPCWTlive_740nm_3033mW_u1_poc0p2_20x0p75NA_475s50_g70_z1_256pix_basicFLIM_120f_0002.sdt,live,1.0401089304962159,1.03038,0.0,20260508_KPC_live_on_SLIM::fitet-sz-c2-b5::3_KPCWTlive_740nm_3033mW_u1_poc0p2_20x0p75NA_475s50_g70_z1_256pix_basicFLIM_120f_0002,True,0,0.0,0.0,0.0,0,,,200.0
3_KPCWTlive_740nm_3033mW_u1_poc0p2_20x0p75NA_475s50_g70_z1_256pix_basicFLIM_120f_0003.sdt,live,1.0594276558990479,1.04932,0.00067138671875,20260508_KPC_live_on_SLIM::fitet-sz-c2-b5::3_KPCWTlive_740nm_3033mW_u1_poc0p2_20x0p75NA_475s50_g70_z1_256pix_basicFLIM_120f_0003,True,0,0.0,0.0,0.0,0,,,200.0
3_KPCWTlive_740nm_3033mW_u1_poc0p2_20x0p75NA_475s50_g70_z1_256pix_basicFLIM_120f_0004.sdt,live,1.036645789413452,1.03002,0.0,20260508_KPC_live_on_SLIM::fitet-sz-c2-b5::3_KPCWTlive_740nm_3033mW_u1_poc0p2_20x0p75NA_475s50_g70_z1_256pix_basicFLIM_120f_0004,True,0,0.0,0.0,0.0,0,,,200.0
3_KPCWTlive_740nm_3033mW_u1_poc0p2_20x0p75NA_475s50_g70_z1_256pix_basicFLIM_120f_0005.sdt,live,1.0547483344726563,1.04884,0.0,20260508_KPC_live_on_SLIM::fitet-sz-c2-b5::3_KPCWTlive_740nm_3033mW_u1_poc0p2_20x0p75NA_475s50_g70_z1_256pix_basicFLIM_120f_0005,True,0,0.0,0.0,0.0,59,0.0,392.09,200.0
3_KPCWTlive_740nm_3033mW_u1_poc0p2_20x0p75NA_475s50_g70_z1_256pix_basicFLIM_120f_0006.sdt,live,1.0552573638763427,1.0505,0.0,20260508_KPC_live_on_SLIM::fitet-sz-c2-b5::3_KPCWTlive_740nm_3033mW_u1_poc0p2_20x0p75NA_475s50_g70_z1_256pix_basicFLIM_120f_0006,True,0,0.0,0.0,0.0,103,0.0,382.884,200.0
3_KPCWTlive_740nm_3033mW_u1_poc0p2_20x0p75NA_475s50_g70_z1_256pix_basicFLIM_120f_0007.sdt,live,1.0672802444458007,1.062395,0.0,20260508_KPC_live_on_SLIM::fitet-sz-c2-b5::3_KPCWTlive_740nm_3033mW_u1_poc0p2_20x0p75NA_475s50_g70_z1_256pix_basicFLIM_120f_0007,True,0,0.0,0.0,0.0,471,0.0,361.906,200.0
3_KPCWTlive_740nm_3033mW_u1_poc0p2_20x0p75NA_475s50_g70_z1_256pix_basicFLIM_120f_0008.sdt,live,1.030580872680664,1.020885,4.57763671875e-05,20260508_KPC_live_on_SLIM::fitet-sz-c2-b5::3_KPCWTlive_740nm_3033mW_u1_poc0p2_20x0p75NA_475s50_g70_z1_256pix_basicFLIM_120f_0008,True,0,0.0,0.0,0.0,0,,,200.0
3_KPCWTlive_740nm_3033mW_u1_poc0p2_20x0p75NA_475s50_g70_z1_256pix_basicFLIM_120f_0009.sdt,live,1.0381168253479005,1.030145,3.0517578125e-05,20260508_KPC_live_on_SLIM::fitet-sz-c2-b5::3_KPCWTlive_740nm_3033mW_u1_poc0p2_20x0p75NA_475s50_g70_z1_256pix_basicFLIM_120f_0009,True,0,0.0,0.0,0.0,0,,,200.0
3_KPCWTlive_740nm_3033mW_u1_poc0p2_20x0p75NA_475s50_g70_z1_256pix_basicFLIM_120f_0010.sdt,live,1.0406060333557128,1.03366,0.0,20260508_KPC_live_on_SLIM::fitet-sz-c2-b5::3_KPCWTlive_740nm_3033mW_u1_poc0p2_20x0p75NA_475s50_g70_z1_256pix_basicFLIM_120f_0010,True,0,0.0,0.0,0.0,0,,,200.0
3_KPCWTlive_740nm_3033mW_u1_poc0p2_20x0p75NA_475s50_g70_z1_256pix_basicFLIM_120f_0011.sdt,live,1.0454482806854248,1.0376400000000001,4.57763671875e-05,20260508_KPC_live_on_SLIM::fitet-sz-c2-b5::3_KPCWTlive_740nm_3033mW_u1_poc0p2_20x0p75NA_475s50_g70_z1_256pix_basicFLIM_120f_0011,True,0,0.0,0.0,0.0,0,,,200.0
3_KPCWTlive_740nm_3033mW_u1_poc0p2_20x0p75NA_475s50_g70_z1_256pix_basicFLIM_120f_0012.sdt,live,83290.59258908575,1.53888,0.37319807794981313,20260508_KPC_live_on_SLIM::fitet-sz-c2-b5::3_KPCWTlive_740nm_3033mW_u1_poc0p2_20x0p75NA_475s50_g70_z1_256pix_basicFLIM_120f_0012,True,0,0.0,0.0,0.0,0,,,200.0
3_KPCWTlive_740nm_3033mW_u1_poc0p2_20x0p75NA_475s50_g70_z1_256pix_basicFLIM_120f_0013.sdt,live,,,,20260508_KPC_live_on_SLIM::fitet-sz-c2-b5::3_KPCWTlive_740nm_3033mW_u1_poc0p2_20x0p75NA_475s50_g70_z1_256pix_basicFLIM_120f_0013,True,0,0.0,0.0,0.0,0,,,200.0
3_KPCWTlive_740nm_3033mW_u1_poc0p2_20x0p75NA_475s50_g70_z1_256pix_basicFLIM_120f_0014.sdt,live,,,,20260508_KPC_live_on_SLIM::fitet-sz-c2-b5::3_KPCWTlive_740nm_3033mW_u1_poc0p2_20x0p75NA_475s50_g70_z1_256pix_basicFLIM_120f_0014,True,0,0.0,0.0,0.0,0,,,200.0
3_KPCWTlive_740nm_3033mW_u1_poc0p2_20x0p75NA_475s50_g70_z1_256pix_basicFLIM_120f_0015.sdt,live,,,,20260508_KPC_live_on_SLIM::fitet-sz-c2-b5::3_KPCWTlive_740nm_3033mW_u1_poc0p2_20x0p75NA_475s50_g70_z1_256pix_basicFLIM_120f_0015,True,0,0.0,0.0,0.0,0,,,200.0
3_KPCWTlive_740nm_3033mW_u1_poc0p2_20x0p75NA_475s50_g70_z1_256pix_basicFLIM_120f_0016.sdt,live,,,,20260508_KPC_live_on_SLIM::fitet-sz-c2-b5::3_KPCWTlive_740nm_3033mW_u1_poc0p2_20x0p75NA_475s50_g70_z1_256pix_basicFLIM_120f_0016,True,0,0.0,0.0,0.0,0,,,200.0
3_KPCWTlive_740nm_3033mW_u1_poc0p2_20x0p75NA_475s50_g70_z1_256pix_basicFLIM_120f_0017.sdt,live,1.0147697876632535,0.9912675,0.004276779692194494,20260508_KPC_live_on_SLIM::fitet-sz-c2-b5::3_KPCWTlive_740nm_3033mW_u1_poc0p2_20x0p75NA_475s50_g70_z1_256pix_basicFLIM_120f_0017,True,0,0.0,0.0,0.0,0,,,200.0
3_KPCWTlive_740nm_3033mW_u1_poc0p2_20x0p75NA_475s50_g70_z1_256pix_basicFLIM_120f_0018.sdt,live,1.0421694105960266,1.03382,7.629627368999298e-05,20260508_KPC_live_on_SLIM::fitet-sz-c2-b5::3_KPCWTlive_740nm_3033mW_u1_poc0p2_20x0p75NA_475s50_g70_z1_256pix_basicFLIM_120f_0018,True,0,0.0,0.0,0.0,33,1.0,19.0049,200.0
3_KPCWTlive_740nm_3033mW_u1_poc0p2_20x0p75NA_475s50_g70_z1_256pix_basicFLIM_120f_0019.sdt,live,1.0324854572601319,1.02424,0.000457763671875,20260508_KPC_live_on_SLIM::fitet-sz-c2-b5::3_KPCWTlive_740nm_3033mW_u1_poc0p2_20x0p75NA_475s50_g70_z1_256pix_basicFLIM_120f_0019,True,0,0.0,0.0,0.0,0,,,200.0
3_KPCWTlive_740nm_3033mW_u1_poc0p2_20x0p75NA_475s50_g70_z1_256pix_basicFLIM_120f_0020.sdt,live,1.0372647130126953,1.029015,0.000274658203125,20260508_KPC_live_on_SLIM::fitet-sz-c2-b5::3_KPCWTlive_740nm_3033mW_u1_poc0p2_20x0p75NA_475s50_g70_z1_256pix_basicFLIM_120f_0020,True,0,0.0,0.0,0.0,0,,,200.0
3_KPCWTlive_740nm_3033mW_u1_poc0p2_20x0p75NA_475s50_g70_z1_256pix_basicFLIM_120f_0021.sdt,live,1.02961009765625,1.01985,1.52587890625e-05,20260508_KPC_live_on_SLIM::fitet-sz-c2-b5::3_KPCWTlive_740nm_3033mW_u1_poc0p2_20x0p75NA_475s50_g70_z1_256pix_basicFLIM_120f_0021,True,0,0.0,0.0,0.0,0,,,200.0
3_KPCWTlive_740nm_3033mW_u1_poc0p2_20x0p75NA_475s50_g70_z1_256pix_basicFLIM_120f_0022.sdt,live,1.0398159326934815,1.0346199999999999,0.00030517578125,20260508_KPC_live_on_SLIM::fitet-sz-c2-b5::3_KPCWTlive_740nm_3033mW_u1_poc0p2_20x0p75NA_475s50_g70_z1_256pix_basicFLIM_120f_0022,True,0,0.0,0.0,0.0,0,,,200.0
3_KPCWTlive_740nm_3033mW_u1_poc0p2_20x0p75NA_475s50_g70_z1_256pix_basicFLIM_120f_0023.sdt,live,470589.25915728154,4.850595,0.6554621848739496,20260508_KPC_live_on_SLIM::fitet-sz-c2-b5::3_KPCWTlive_740nm_3033mW_u1_poc0p2_20x0p75NA_475s50_g70_z1_256pix_basicFLIM_120f_0023,True,0,0.0,0.0,0.0,0,,,200.0
3_KPCWTlive_740nm_3033mW_u1_poc0p2_20x0p75NA_475s50_g70_z1_256pix_basicFLIM_120f_0024.sdt,live,,,,20260508_KPC_live_on_SLIM::fitet-sz-c2-b5::3_KPCWTlive_740nm_3033mW_u1_poc0p2_20x0p75NA_475s50_g70_z1_256pix_basicFLIM_120f_0024,True,0,0.0,0.0,0.0,0,,,200.0
3_KPCWTlive_740nm_3033mW_u1_poc0p2_20x0p75NA_475s50_g70_z1_256pix_basicFLIM_120f_overloadedposns_0000.sdt,live,1.0334214304656983,1.02518,0.0002288818359375,20260508_KPC_live_on_SLIM::fitet-sz-c2-b5::3_KPCWTlive_740nm_3033mW_u1_poc0p2_20x0p75NA_475s50_g70_z1_256pix_basicFLIM_120f_overloadedposns_0000,True,0,0.0,0.0,0.0,101,1.0,25.7691,200.0
3_KPCWTlive_740nm_3033mW_u1_poc0p2_20x0p75NA_475s50_g70_z1_256pix_basicFLIM_120f_overloadedposns_0001.sdt,live,1.0343390472412108,1.02346,6.103515625e-05,20260508_KPC_live_on_SLIM::fitet-sz-c2-b5::3_KPCWTlive_740nm_3033mW_u1_poc0p2_20x0p75NA_475s50_g70_z1_256pix_basicFLIM_120f_overloadedposns_0001,True,0,0.0,0.0,0.0,0,,,200.0
3_KPCWTlive_740nm_3033mW_u1_poc0p2_20x0p75NA_475s50_g70_z1_256pix_basicFLIM_120f_overloadedposns_0002.sdt,live,1.0358221850738527,1.02746,1.52587890625e-05,20260508_KPC_live_on_SLIM::fitet-sz-c2-b5::3_KPCWTlive_740nm_3033mW_u1_poc0p2_20x0p75NA_475s50_g70_z1_256pix_basicFLIM_120f_overloadedposns_0002,True,0,0.0,0.0,0.0,0,,,200.0
3_KPCWTlive_740nm_3033mW_u1_poc0p2_20x0p75NA_475s50_g70_z1_256pix_basicFLIM_120f_overloadedposns_0003.sdt,live,1.046617156677246,1.03816,0.0001220703125,20260508_KPC_live_on_SLIM::fitet-sz-c2-b5::3_KPCWTlive_740nm_3033mW_u1_poc0p2_20x0p75NA_475s50_g70_z1_256pix_basicFLIM_120f_overloadedposns_0003,True,0,0.0,0.0,0.0,0,,,200.0
3_KPCWTlive_740nm_3033mW_u1_poc0p2_20x0p75NA_475s50_g70_z1_256pix_basicFLIM_120f_overloadedposns_0004.sdt,live,1.0172067578515045,1.0062,0.001175626364566316,20260508_KPC_live_on_SLIM::fitet-sz-c2-b5::3_KPCWTlive_740nm_3033mW_u1_poc0p2_20x0p75NA_475s50_g70_z1_256pix_basicFLIM_120f_overloadedposns_0004,True,0,0.0,0.0,0.0,0,,,200.0
3_KPCWTlive_740nm_3033mW_u1_poc0p2_20x0p75NA_475s50_g70_z1_256pix_basicFLIM_120f_overloadedposns_0005.sdt,live,1.0285270196533203,1.018705,0.0,20260508_KPC_live_on_SLIM::fitet-sz-c2-b5::3_KPCWTlive_740nm_3033mW_u1_poc0p2_20x0p75NA_475s50_g70_z1_256pix_basicFLIM_120f_overloadedposns_0005,True,0,0.0,0.0,0.0,0,,,200.0
3_KPCWTlive_740nm_3033mW_u1_poc0p2_20x0p75NA_475s50_g70_z1_256pix_basicFLIM_120f_overloadedposns_0006.sdt,live,1.037004291290283,1.02486,0.000213623046875,20260508_KPC_live_on_SLIM::fitet-sz-c2-b5::3_KPCWTlive_740nm_3033mW_u1_poc0p2_20x0p75NA_475s50_g70_z1_256pix_basicFLIM_120f_overloadedposns_0006,True,0,0.0,0.0,0.0,0,,,200.0
3_KPCWTlive_740nm_3033mW_u1_poc0p2_20x0p75NA_475s50_g70_z1_256pix_basicFLIM_120f_overloadedtwicePos10_0007.sdt,live,1.0494315176696776,1.039635,0.0014190673828125,20260508_KPC_live_on_SLIM::fitet-sz-c2-b5::3_KPCWTlive_740nm_3033mW_u1_poc0p2_20x0p75NA_475s50_g70_z1_256pix_basicFLIM_120f_overloadedtwicePos10_0007,True,0,0.0,0.0,0.0,57,1.0,20.6191,200.0
3_KPCWTlive_740nm_3033mW_u1_poc0p1_20x0p75NA_475s50_g70_z1_256pix_basicFLIM_120f_overloadedposns_0000.sdt,live,1.0262224289463644,1.01711,0.0004272526131074998,20260508_KPC_live_on_SLIM::fitet-sz-c2-b5::3_KPCWTlive_740nm_3033mW_u1_poc0p1_20x0p75NA_475s50_g70_z1_256pix_basicFLIM_120f_overloadedposns_0000,True,0,0.0,0.0,0.0,0,,,200.0
3_KPCWTlive_740nm_3033mW_u1_poc0p2_20x0p75NA_535s50_g70_z1_256pix_basicFLIM_120f_0000.sdt,live,1.0654804833984375,1.05766,0.0,20260508_KPC_live_on_SLIM::fitet-sz-c2-b5::3_KPCWTlive_740nm_3033mW_u1_poc0p2_20x0p75NA_535s50_g70_z1_256pix_basicFLIM_120f_0000,True,0,0.0,0.0,0.0,0,,,200.0
3_KPCWTlive_740nm_3033mW_u1_poc0p2_20x0p75NA_535s50_g70_z1_256pix_basicFLIM_120f_0001.sdt,live,1.0404616301733562,0.9970749999999999,0.013290645010151491,20260508_KPC_live_on_SLIM::fitet-sz-c2-b5::3_KPCWTlive_740nm_3033mW_u1_poc0p2_20x0p75NA_535s50_g70_z1_256pix_basicFLIM_120f_0001,True,0,0.0,0.0,0.0,0,,,200.0
3_KPCWTlive_740nm_3033mW_u1_poc0p25_20x0p75NA_535s50_g70_z1_256pix_basicFLIM_120f_0000.sdt,live,1.096299493774414,1.08709,4.57763671875e-05,20260508_KPC_live_on_SLIM::fitet-sz-c2-b5::3_KPCWTlive_740nm_3033mW_u1_poc0p25_20x0p75NA_535s50_g70_z1_256pix_basicFLIM_120f_0000,True,0,0.0,0.0,0.0,0,,,200.0
3_KPCWTlive_740nm_3033mW_u1_poc0p25_20x0p75NA_535s50_g70_z1_256pix_basicFLIM_120f_0001.sdt,live,1.074473897216797,1.0684,0.0,20260508_KPC_live_on_SLIM::fitet-sz-c2-b5::3_KPCWTlive_740nm_3033mW_u1_poc0p25_20x0p75NA_535s50_g70_z1_256pix_basicFLIM_120f_0001,True,0,0.0,0.0,0.0,0,,,200.0
3_KPCWTlive_740nm_3033mW_u1_poc0p25_20x0p75NA_535s50_g70_z1_256pix_basicFLIM_120f_0002.sdt,live,1.0768664373168946,1.06864,4.57763671875e-05,20260508_KPC_live_on_SLIM::fitet-sz-c2-b5::3_KPCWTlive_740nm_3033mW_u1_poc0p25_20x0p75NA_535s50_g70_z1_256pix_basicFLIM_120f_0002,True,0,0.0,0.0,0.0,0,,,200.0
3_KPCWTlive_740nm_3033mW_u1_poc0p25_20x0p75NA_535s50_g70_z1_256pix_basicFLIM_120f_0003.sdt,live,1.1008619313354493,1.08785,0.0015869140625,20260508_KPC_live_on_SLIM::fitet-sz-c2-b5::3_KPCWTlive_740nm_3033mW_u1_poc0p25_20x0p75NA_535s50_g70_z1_256pix_basicFLIM_120f_0003,True,0,0.0,0.0,0.0,96,1.0,182.01600000000002,200.0
3_KPCWTlive_740nm_3033mW_u1_poc0p25_20x0p75NA_535s50_g70_z1_256pix_basicFLIM_120f_0004.sdt,live,1.083876246017456,1.074675,0.0003204345703125,20260508_KPC_live_on_SLIM::fitet-sz-c2-b5::3_KPCWTlive_740nm_3033mW_u1_poc0p25_20x0p75NA_535s50_g70_z1_256pix_basicFLIM_120f_0004,True,0,0.0,0.0,0.0,105,1.0,156.279,200.0
3_KPCWTlive_740nm_3033mW_u1_poc0p25_20x0p75NA_535s50_g70_z1_256pix_basicFLIM_120f_0005.sdt,live,1.1035128593444825,1.09171,0.00250244140625,20260508_KPC_live_on_SLIM::fitet-sz-c2-b5::3_KPCWTlive_740nm_3033mW_u1_poc0p25_20x0p75NA_535s50_g70_z1_256pix_basicFLIM_120f_0005,True,0,0.0,0.0,0.0,91,0.945054945054945,167.234,200.0
3_KPCWTlive_740nm_3033mW_u1_poc0p25_20x0p75NA_535s50_g70_z1_256pix_basicFLIM_120f_0006.sdt,live,1.1013916575775147,1.09325,0.0,20260508_KPC_live_on_SLIM::fitet-sz-c2-b5::3_KPCWTlive_740nm_3033mW_u1_poc0p25_20x0p75NA_535s50_g70_z1_256pix_basicFLIM_120f_0006,True,0,0.0,0.0,0.0,0,,,200.0
3_KPCWTlive_740nm_3033mW_u1_poc0p25_20x0p75NA_535s50_g70_z1_256pix_basicFLIM_120f_0007.sdt,live,1.1136968441314696,1.103735,0.0018157958984375,20260508_KPC_live_on_SLIM::fitet-sz-c2-b5::3_KPCWTlive_740nm_3033mW_u1_poc0p25_20x0p75NA_535s50_g70_z1_256pix_basicFLIM_120f_0007,True,0,0.0,0.0,0.0,70,0.0,287.889,200.0
3_KPCWTlive_740nm_3033mW_u1_poc0p25_20x0p75NA_535s50_g70_z1_256pix_basicFLIM_120f_0008.sdt,live,1.0675461853790282,1.06004,0.0,20260508_KPC_live_on_SLIM::fitet-sz-c2-b5::3_KPCWTlive_740nm_3033mW_u1_poc0p25_20x0p75NA_535s50_g70_z1_256pix_basicFLIM_120f_0008,True,0,0.0,0.0,0.0,0,,,200.0
3_KPCWTlive_740nm_3033mW_u1_poc0p25_20x0p75NA_535s50_g70_z1_256pix_basicFLIM_120f_0009.sdt,live,1.0774898039398193,1.06922,0.0,20260508_KPC_live_on_SLIM::fitet-sz-c2-b5::3_KPCWTlive_740nm_3033mW_u1_poc0p25_20x0p75NA_535s50_g70_z1_256pix_basicFLIM_120f_0009,True,0,0.0,0.0,0.0,0,,,200.0
3_KPCWTlive_740nm_3033mW_u1_poc0p25_20x0p75NA_535s50_g70_z1_256pix_basicFLIM_120f_0010.sdt,live,1.084569608154297,1.07592,0.0006866455078125,20260508_KPC_live_on_SLIM::fitet-sz-c2-b5::3_KPCWTlive_740nm_3033mW_u1_poc0p25_20x0p75NA_535s50_g70_z1_256pix_basicFLIM_120f_0010,True,0,0.0,0.0,0.0,0,,,200.0
3_KPCWTlive_740nm_3033mW_u1_poc0p25_20x0p75NA_535s50_g70_z1_256pix_basicFLIM_120f_0011.sdt,live,1.111098609008789,1.08834,0.0040435791015625,20260508_KPC_live_on_SLIM::fitet-sz-c2-b5::3_KPCWTlive_740nm_3033mW_u1_poc0p25_20x0p75NA_535s50_g70_z1_256pix_basicFLIM_120f_0011,True,0,0.0,0.0,0.0,90,1.0,6.797965,200.0
3_KPCWTlive_740nm_3033mW_u1_poc0p25_20x0p75NA_535s50_g70_z1_256pix_basicFLIM_120f_0012.sdt,live,1.0807475520935057,1.0679,0.00286865234375,20260508_KPC_live_on_SLIM::fitet-sz-c2-b5::3_KPCWTlive_740nm_3033mW_u1_poc0p25_20x0p75NA_535s50_g70_z1_256pix_basicFLIM_120f_0012,True,0,0.0,0.0,0.0,188,1.0,21.2549,200.0
3_KPCWTlive_740nm_3033mW_u1_poc0p25_20x0p75NA_535s50_g70_z1_256pix_basicFLIM_120f_0013.sdt,live,1.0767611650543212,1.064195,0.0011749267578125,20260508_KPC_live_on_SLIM::fitet-sz-c2-b5::3_KPCWTlive_740nm_3033mW_u1_poc0p25_20x0p75NA_535s50_g70_z1_256pix_basicFLIM_120f_0013,True,0,0.0,0.0,0.0,0,,,200.0
3_KPCWTlive_740nm_3033mW_u1_poc0p25_20x0p75NA_535s50_g70_z1_256pix_basicFLIM_120f_0014.sdt,live,1.0852658064727783,1.070685,0.0027008056640625,20260508_KPC_live_on_SLIM::fitet-sz-c2-b5::3_KPCWTlive_740nm_3033mW_u1_poc0p25_20x0p75NA_535s50_g70_z1_256pix_basicFLIM_120f_0014,True,0,0.0,0.0,0.0,46,1.0,172.1845,200.0
3_KPCWTlive_740nm_3033mW_u1_poc0p25_20x0p75NA_535s50_g70_z1_256pix_basicFLIM_120f_0015.sdt,live,1.1003500876159666,1.079825,0.0040283203125,20260508_KPC_live_on_SLIM::fitet-sz-c2-b5::3_KPCWTlive_740nm_3033mW_u1_poc0p25_20x0p75NA_535s50_g70_z1_256pix_basicFLIM_120f_0015,True,0,0.0,0.0,0.0,203,1.0,169.843,200.0
3_KPCWTlive_740nm_3033mW_u1_poc0p25_20x0p75NA_535s50_g70_z1_256pix_basicFLIM_120f_0016.sdt,live,1.087450344909668,1.0797050000000001,0.0,20260508_KPC_live_on_SLIM::fitet-sz-c2-b5::3_KPCWTlive_740nm_3033mW_u1_poc0p25_20x0p75NA_535s50_g70_z1_256pix_basicFLIM_120f_0016,True,0,0.0,0.0,0.0,0,,,200.0
3_KPCWTlive_740nm_3033mW_u1_poc0p25_20x0p75NA_535s50_g70_z1_256pix_basicFLIM_120f_0017.sdt,live,1.089099959274292,1.075575,0.004119873046875,20260508_KPC_live_on_SLIM::fitet-sz-c2-b5::3_KPCWTlive_740nm_3033mW_u1_poc0p25_20x0p75NA_535s50_g70_z1_256pix_basicFLIM_120f_0017,True,0,0.0,0.0,0.0,32,1.0,5.76586,200.0
3_KPCWTlive_740nm_3033mW_u1_poc0p25_20x0p75NA_535s50_g70_z1_256pix_basicFLIM_120f_0018.sdt,live,1.0945225838623047,1.07042,0.006591796875,20260508_KPC_live_on_SLIM::fitet-sz-c2-b5::3_KPCWTlive_740nm_3033mW_u1_poc0p25_20x0p75NA_535s50_g70_z1_256pix_basicFLIM_120f_0018,True,0,0.0,0.0,0.0,202,1.0,6.730779999999999,200.0
3_KPCWTlive_740nm_3033mW_u1_poc0p25_20x0p75NA_535s50_g70_z1_256pix_basicFLIM_120f_0019.sdt,live,1.0824053002929688,1.071755,0.00164794921875,20260508_KPC_live_on_SLIM::fitet-sz-c2-b5::3_KPCWTlive_740nm_3033mW_u1_poc0p25_20x0p75NA_535s50_g70_z1_256pix_basicFLIM_120f_0019,True,0,0.0,0.0,0.0,0,,,200.0
3_KPCWTlive_740nm_3033mW_u1_poc0p25_20x0p75NA_535s50_g70_z1_256pix_basicFLIM_120f_0020.sdt,live,1.0658663539428712,1.055955,0.001739501953125,20260508_KPC_live_on_SLIM::fitet-sz-c2-b5::3_KPCWTlive_740nm_3033mW_u1_poc0p25_20x0p75NA_535s50_g70_z1_256pix_basicFLIM_120f_0020,True,0,0.0,0.0,0.0,41,1.0,58.4222,200.0
3_KPCWTlive_740nm_3033mW_u1_poc0p25_20x0p75NA_535s50_g70_z1_256pix_basicFLIM_120f_0021.sdt,live,1.0667703631134031,1.05974,0.0,20260508_KPC_live_on_SLIM::fitet-sz-c2-b5::3_KPCWTlive_740nm_3033mW_u1_poc0p25_20x0p75NA_535s50_g70_z1_256pix_basicFLIM_120f_0021,True,0,0.0,0.0,0.0,0,,,200.0
3_KPCWTlive_740nm_3033mW_u1_poc0p25_20x0p75NA_535s50_g70_z1_256pix_basicFLIM_120f_0022.sdt,live,1.083965662261963,1.076065,0.0,20260508_KPC_live_on_SLIM::fitet-sz-c2-b5::3_KPCWTlive_740nm_3033mW_u1_poc0p25_20x0p75NA_535s50_g70_z1_256pix_basicFLIM_120f_0022,True,0,0.0,0.0,0.0,0,,,200.0
3_KPCWTlive_740nm_3033mW_u1_poc0p25_20x0p75NA_535s50_g70_z1_256pix_basicFLIM_120f_0023.sdt,live,1.0854251229400635,1.070455,0.0037689208984375,20260508_KPC_live_on_SLIM::fitet-sz-c2-b5::3_KPCWTlive_740nm_3033mW_u1_poc0p25_20x0p75NA_535s50_g70_z1_256pix_basicFLIM_120f_0023,True,0,0.0,0.0,0.0,128,1.0,7.066765,200.0
3_KPCWTlive_740nm_3033mW_u1_poc0p25_20x0p75NA_535s50_g70_z1_256pix_basicFLIM_120f_0024.sdt,live,1.10092807762146,1.084235,0.0048065185546875,20260508_KPC_live_on_SLIM::fitet-sz-c2-b5::3_KPCWTlive_740nm_3033mW_u1_poc0p25_20x0p75NA_535s50_g70_z1_256pix_basicFLIM_120f_0024,True,0,0.0,0.0,0.0,156,1.0,7.58326,200.0
3_KPCWTform20min_740nm_3006mW_u1_poc0p25_20x0p75NA_475s50_g70_z1_256pix_basicFLIM_120f_0000.sdt,form,1.4092021298727067,1.3776549999999999,0.053649378796666564,20260509_KPC_fixed_dishes_on_SLIM::fitet-sz-c2-b5::3_KPCWTform20min_740nm_3006mW_u1_poc0p25_20x0p75NA_475s50_g70_z1_256pix_basicFLIM_120f_0000,True,0,0.0,0.0,0.0,0,,,200.0
3_KPCWTform20min_740nm_3006mW_u1_poc0p25_20x0p75NA_475s50_g70_z1_256pix_basicFLIM_120f_0001.sdt,form,1.1274745525360106,1.11346,0.0003662109375,20260509_KPC_fixed_dishes_on_SLIM::fitet-sz-c2-b5::3_KPCWTform20min_740nm_3006mW_u1_poc0p25_20x0p75NA_475s50_g70_z1_256pix_basicFLIM_120f_0001,True,0,0.0,0.0,0.0,0,,,200.0
3_KPCWTform20min_740nm_3006mW_u1_poc0p25_20x0p75NA_475s50_g70_z1_256pix_basicFLIM_120f_0002.sdt,form,1.0968910269317627,1.089355,0.0,20260509_KPC_fixed_dishes_on_SLIM::fitet-sz-c2-b5::3_KPCWTform20min_740nm_3006mW_u1_poc0p25_20x0p75NA_475s50_g70_z1_256pix_basicFLIM_120f_0002,True,0,0.0,0.0,0.0,0,,,200.0
3_KPCWTform20min_740nm_3006mW_u1_poc0p25_20x0p75NA_475s50_g70_z1_256pix_basicFLIM_120f_0003.sdt,form,1.126341029800415,1.11784,0.000244140625,20260509_KPC_fixed_dishes_on_SLIM::fitet-sz-c2-b5::3_KPCWTform20min_740nm_3006mW_u1_poc0p25_20x0p75NA_475s50_g70_z1_256pix_basicFLIM_120f_0003,True,0,0.0,0.0,0.0,0,,,200.0
3_KPCWTform20min_740nm_3006mW_u1_poc0p25_20x0p75NA_475s50_g70_z1_256pix_basicFLIM_120f_0004.sdt,form,1.0869063235231262,1.08094,0.00018317814074187146,20260509_KPC_fixed_dishes_on_SLIM::fitet-sz-c2-b5::3_KPCWTform20min_740nm_3006mW_u1_poc0p25_20x0p75NA_475s50_g70_z1_256pix_basicFLIM_120f_0004,True,0,0.0,0.0,0.0,0,,,200.0
3_KPCWTform20min_740nm_3006mW_u1_poc0p25_20x0p75NA_475s50_g70_z1_256pix_basicFLIM_120f_0005.sdt,form,1.1643500171051027,1.156335,0.0,20260509_KPC_fixed_dishes_on_SLIM::fitet-sz-c2-b5::3_KPCWTform20min_740nm_3006mW_u1_poc0p25_20x0p75NA_475s50_g70_z1_256pix_basicFLIM_120f_0005,True,0,0.0,0.0,0.0,0,,,200.0
3_KPCWTform20min_740nm_3006mW_u1_poc0p25_20x0p75NA_475s50_g70_z1_256pix_basicFLIM_120f_0006.sdt,form,1.1284269697113039,1.1222400000000001,1.52587890625e-05,20260509_KPC_fixed_dishes_on_SLIM::fitet-sz-c2-b5::3_KPCWTform20min_740nm_3006mW_u1_poc0p25_20x0p75NA_475s50_g70_z1_256pix_basicFLIM_120f_0006,True,0,0.0,0.0,0.0,0,,,200.0
3_KPCWTform20min_740nm_3006mW_u1_poc0p25_20x0p75NA_475s50_g70_z1_256pix_basicFLIM_120f_0007.sdt,form,1.0898423742370604,1.077575,0.00128173828125,20260509_KPC_fixed_dishes_on_SLIM::fitet-sz-c2-b5::3_KPCWTform20min_740nm_3006mW_u1_poc0p25_20x0p75NA_475s50_g70_z1_256pix_basicFLIM_120f_0007,True,0,0.0,0.0,0.0,0,,,200.0
3_KPCWTform20min_740nm_3006mW_u1_poc0p25_20x0p75NA_475s50_g70_z1_256pix_basicFLIM_120f_0008.sdt,form,1.0434276144104004,1.03206,3.0517578125e-05,20260509_KPC_fixed_dishes_on_SLIM::fitet-sz-c2-b5::3_KPCWTform20min_740nm_3006mW_u1_poc0p25_20x0p75NA_475s50_g70_z1_256pix_basicFLIM_120f_0008,True,0,0.0,0.0,0.0,0,,,200.0
3_KPCWTform20min_740nm_3006mW_u1_poc0p25_20x0p75NA_475s50_g70_z1_256pix_basicFLIM_120f_0009.sdt,form,1.0472913587747814,1.03953,0.00045785449384185705,20260509_KPC_fixed_dishes_on_SLIM::fitet-sz-c2-b5::3_KPCWTform20min_740nm_3006mW_u1_poc0p25_20x0p75NA_475s50_g70_z1_256pix_basicFLIM_120f_0009,True,0,0.0,0.0,0.0,0,,,200.0
3_KPCWTform20min_740nm_3006mW_u1_poc0p25_20x0p75NA_475s50_g70_z1_256pix_basicFLIM_120f_0010.sdt,form,1.031203748027161,1.019295,0.0007646662996268429,20260509_KPC_fixed_dishes_on_SLIM::fitet-sz-c2-b5::3_KPCWTform20min_740nm_3006mW_u1_poc0p25_20x0p75NA_475s50_g70_z1_256pix_basicFLIM_120f_0010,True,0,0.0,0.0,0.0,0,,,200.0
3_KPCWTform20min_740nm_3006mW_u1_poc0p25_20x0p75NA_475s50_g70_z1_256pix_basicFLIM_120f_0011.sdt,form,1.0508981589476736,1.0403,0.0006256580854862584,20260509_KPC_fixed_dishes_on_SLIM::fitet-sz-c2-b5::3_KPCWTform20min_740nm_3006mW_u1_poc0p25_20x0p75NA_475s50_g70_z1_256pix_basicFLIM_120f_0011,True,0,0.0,0.0,0.0,0,,,200.0
3_KPCWTform20min_740nm_3006mW_u1_poc0p25_20x0p75NA_535s50_g70_z1_256pix_basicFLIM_120f_0000.sdt,form,1.0163291023463341,0.994185,0.0022924840372336333,20260509_KPC_fixed_dishes_on_SLIM::fitet-sz-c2-b5::3_KPCWTform20min_740nm_3006mW_u1_poc0p25_20x0p75NA_535s50_g70_z1_256pix_basicFLIM_120f_0000,True,0,0.0,0.0,0.0,0,,,200.0
3_KPCWTform20min_740nm_3006mW_u1_poc0p25_20x0p75NA_535s50_g70_z1_256pix_basicFLIM_120f_0001.sdt,form,1.045248960402234,1.035475,0.00022888882106997894,20260509_KPC_fixed_dishes_on_SLIM::fitet-sz-c2-b5::3_KPCWTform20min_740nm_3006mW_u1_poc0p25_20x0p75NA_535s50_g70_z1_256pix_basicFLIM_120f_0001,True,0,0.0,0.0,0.0,0,,,200.0
3_KPCWTform20min_740nm_3006mW_u1_poc0p25_20x0p75NA_535s50_g70_z1_256pix_basicFLIM_120f_0002.sdt,form,1.0939446571807863,1.0843150000000001,0.0001220703125,20260509_KPC_fixed_dishes_on_SLIM::fitet-sz-c2-b5::3_KPCWTform20min_740nm_3006mW_u1_poc0p25_20x0p75NA_535s50_g70_z1_256pix_basicFLIM_120f_0002,True,0,0.0,0.0,0.0,0,,,200.0
3_KPCWTform20min_740nm_3006mW_u1_poc0p25_20x0p75NA_535s50_g70_z1_256pix_basicFLIM_120f_0003.sdt,form,1.0448367191143257,1.0364849999999999,0.0003814930110480376,20260509_KPC_fixed_dishes_on_SLIM::fitet-sz-c2-b5::3_KPCWTform20min_740nm_3006mW_u1_poc0p25_20x0p75NA_535s50_g70_z1_256pix_basicFLIM_120f_0003,True,0,0.0,0.0,0.0,0,,,200.0
3_KPCWTform20min_740nm_3006mW_u1_poc0p25_20x0p75NA_535s50_g70_z1_256pix_basicFLIM_120f_0004.sdt,form,1.0744071341001435,1.06896,0.0004582531390340024,20260509_KPC_fixed_dishes_on_SLIM::fitet-sz-c2-b5::3_KPCWTform20min_740nm_3006mW_u1_poc0p25_20x0p75NA_535s50_g70_z1_256pix_basicFLIM_120f_0004,True,0,0.0,0.0,0.0,0,,,200.0
3_KPCWTform20min_740nm_3006mW_u1_poc0p25_20x0p75NA_535s50_g70_z1_256pix_basicFLIM_120f_0005.sdt,form,1.1982571910095214,1.19283,1.52587890625e-05,20260509_KPC_fixed_dishes_on_SLIM::fitet-sz-c2-b5::3_KPCWTform20min_740nm_3006mW_u1_poc0p25_20x0p75NA_535s50_g70_z1_256pix_basicFLIM_120f_0005,True,0,0.0,0.0,0.0,0,,,200.0
3_KPCWTform20min_740nm_3006mW_u1_poc0p25_20x0p75NA_535s50_g70_z1_256pix_basicFLIM_120f_0006.sdt,form,1.1426750173034668,1.134035,0.0,20260509_KPC_fixed_dishes_on_SLIM::fitet-sz-c2-b5::3_KPCWTform20min_740nm_3006mW_u1_poc0p25_20x0p75NA_535s50_g70_z1_256pix_basicFLIM_120f_0006,True,0,0.0,0.0,0.0,0,,,200.0
3_KPCWTform20min_740nm_3006mW_u1_poc0p25_20x0p75NA_535s50_g70_z1_256pix_basicFLIM_120f_0007.sdt,form,1.0590293917694091,1.04668,0.00030517578125,20260509_KPC_fixed_dishes_on_SLIM::fitet-sz-c2-b5::3_KPCWTform20min_740nm_3006mW_u1_poc0p25_20x0p75NA_535s50_g70_z1_256pix_basicFLIM_120f_0007,True,0,0.0,0.0,0.0,0,,,200.0
3_KPCWTform20min_740nm_3006mW_u1_poc0p25_20x0p75NA_535s50_g70_z1_256pix_basicFLIM_120f_0008.sdt,form,1.041613811935425,1.032665,1.52587890625e-05,20260509_KPC_fixed_dishes_on_SLIM::fitet-sz-c2-b5::3_KPCWTform20min_740nm_3006mW_u1_poc0p25_20x0p75NA_535s50_g70_z1_256pix_basicFLIM_120f_0008,True,0,0.0,0.0,0.0,0,,,200.0
3_KPCWTform20min_740nm_3006mW_u1_poc0p25_20x0p75NA_535s50_g70_z1_256pix_basicFLIM_120f_0009.sdt,form,1.0465080643363263,1.03875,0.00025960539979231567,20260509_KPC_fixed_dishes_on_SLIM::fitet-sz-c2-b5::3_KPCWTform20min_740nm_3006mW_u1_poc0p25_20x0p75NA_535s50_g70_z1_256pix_basicFLIM_120f_0009,True,0,0.0,0.0,0.0,0,,,200.0
3_KPCWTform20min_740nm_3006mW_u1_poc0p25_20x0p75NA_535s50_g70_z1_256pix_basicFLIM_120f_0010.sdt,form,1.0367820337288525,1.02428,0.0012401439179361554,20260509_KPC_fixed_dishes_on_SLIM::fitet-sz-c2-b5::3_KPCWTform20min_740nm_3006mW_u1_poc0p25_20x0p75NA_535s50_g70_z1_256pix_basicFLIM_120f_0010,True,0,0.0,0.0,0.0,0,,,200.0
3_KPCWTform20min_740nm_3006mW_u1_poc0p25_20x0p75NA_535s50_g70_z1_256pix_basicFLIM_120f_0011.sdt,form,1.0396123297847863,1.02835,0.000766977036707521,20260509_KPC_fixed_dishes_on_SLIM::fitet-sz-c2-b5::3_KPCWTform20min_740nm_3006mW_u1_poc0p25_20x0p75NA_535s50_g70_z1_256pix_basicFLIM_120f_0011,True,0,0.0,0.0,0.0,0,,,200.0
3_KPCWTform20min_740nm_3006mW_u1_poc0p6_20x0p75NA_457s50_g70_z1_256pix_basicFLIM_120f_0000.sdt,form,1.1371538768615723,1.133095,0.0,20260509_KPC_fixed_dishes_on_SLIM::fitet-sz-c2-b5::3_KPCWTform20min_740nm_3006mW_u1_poc0p6_20x0p75NA_457s50_g70_z1_256pix_basicFLIM_120f_0000,True,0,0.0,0.0,0.0,0,,,200.0
3_KPCWTform20min_740nm_3006mW_u1_poc0p6_20x0p75NA_457s50_g70_z1_256pix_basicFLIM_120f_0001.sdt,form,1.2112055619964601,1.203575,0.000213623046875,20260509_KPC_fixed_dishes_on_SLIM::fitet-sz-c2-b5::3_KPCWTform20min_740nm_3006mW_u1_poc0p6_20x0p75NA_457s50_g70_z1_256pix_basicFLIM_120f_0001,True,0,0.0,0.0,0.0,815,0.992638036809816,161.343,200.0
3_KPCWTform20min_740nm_3006mW_u1_poc0p6_20x0p75NA_457s50_g70_z1_256pix_basicFLIM_120f_0002.sdt,form,1.3847632486419679,1.3667150000000001,0.00640869140625,20260509_KPC_fixed_dishes_on_SLIM::fitet-sz-c2-b5::3_KPCWTform20min_740nm_3006mW_u1_poc0p6_20x0p75NA_457s50_g70_z1_256pix_basicFLIM_120f_0002,True,0,0.0,0.0,0.0,14806,0.9992570579494799,153.864,200.0
3_KPCWTform20min_740nm_3006mW_u1_poc0p6_20x0p75NA_457s50_g70_z1_256pix_basicFLIM_120f_0003.sdt,form,1.242528567352295,1.222245,0.0018310546875,20260509_KPC_fixed_dishes_on_SLIM::fitet-sz-c2-b5::3_KPCWTform20min_740nm_3006mW_u1_poc0p6_20x0p75NA_457s50_g70_z1_256pix_basicFLIM_120f_0003,True,0,0.0,0.0,0.0,6363,0.9808266540939808,165.764,200.0
3_KPCWTform20min_740nm_3006mW_u1_poc0p6_20x0p75NA_457s50_g70_z1_256pix_basicFLIM_120f_0004.sdt,form,1.3700991834716798,1.35502,0.0123748779296875,20260509_KPC_fixed_dishes_on_SLIM::fitet-sz-c2-b5::3_KPCWTform20min_740nm_3006mW_u1_poc0p6_20x0p75NA_457s50_g70_z1_256pix_basicFLIM_120f_0004,True,0,0.0,0.0,0.0,23400,0.9817094017094017,162.66750000000002,200.0
3_KPCWTform20min_740nm_3006mW_u1_poc0p6_20x0p75NA_457s50_g70_z1_256pix_basicFLIM_120f_0005.sdt,form,1.8454771778411865,1.81405,0.284942626953125,20260509_KPC_fixed_dishes_on_SLIM::fitet-sz-c2-b5::3_KPCWTform20min_740nm_3006mW_u1_poc0p6_20x0p75NA_457s50_g70_z1_256pix_basicFLIM_120f_0005,True,0,0.0,0.0,0.0,63720,0.9944444444444445,161.2335,200.0
3_KPCWTform20min_740nm_3006mW_u1_poc0p6_20x0p75NA_457s50_g70_z1_256pix_basicFLIM_120f_0006.sdt,form,1.6348164450683593,1.617515,0.0802764892578125,20260509_KPC_fixed_dishes_on_SLIM::fitet-sz-c2-b5::3_KPCWTform20min_740nm_3006mW_u1_poc0p6_20x0p75NA_457s50_g70_z1_256pix_basicFLIM_120f_0006,True,0,0.0,0.0,0.0,51634,0.9812913971414184,160.423,200.0
3_KPCWTform20min_740nm_3006mW_u1_poc0p6_20x0p75NA_457s50_g70_z1_256pix_basicFLIM_120f_0007.sdt,form,1.2486175736236573,1.2396099999999999,0.0013427734375,20260509_KPC_fixed_dishes_on_SLIM::fitet-sz-c2-b5::3_KPCWTform20min_740nm_3006mW_u1_poc0p6_20x0p75NA_457s50_g70_z1_256pix_basicFLIM_120f_0007,True,0,0.0,0.0,0.0,1493,0.9986604152712659,163.109,200.0
3_KPCWTform20min_740nm_3006mW_u1_poc0p6_20x0p75NA_457s50_g70_z1_256pix_basicFLIM_120f_0008.sdt,form,1.2295848426361085,1.2223,0.0009307861328125,20260509_KPC_fixed_dishes_on_SLIM::fitet-sz-c2-b5::3_KPCWTform20min_740nm_3006mW_u1_poc0p6_20x0p75NA_457s50_g70_z1_256pix_basicFLIM_120f_0008,True,0,0.0,0.0,0.0,1605,0.8641744548286604,157.956,200.0
3_KPCWTform20min_740nm_3006mW_u1_poc0p6_20x0p75NA_457s50_g70_z1_256pix_basicFLIM_120f_0009.sdt,form,1.1966246327056886,1.1835,0.003875732421875,20260509_KPC_fixed_dishes_on_SLIM::fitet-sz-c2-b5::3_KPCWTform20min_740nm_3006mW_u1_poc0p6_20x0p75NA_457s50_g70_z1_256pix_basicFLIM_120f_0009,True,0,0.0,0.0,0.0,3382,0.9905381431105854,157.36849999999998,200.0
3_KPCWTform20min_740nm_3006mW_u1_poc0p6_20x0p75NA_457s50_g70_z1_256pix_basicFLIM_120f_0010.sdt,form,1.1395990717468263,1.128345,0.0,20260509_KPC_fixed_dishes_on_SLIM::fitet-sz-c2-b5::3_KPCWTform20min_740nm_3006mW_u1_poc0p6_20x0p75NA_457s50_g70_z1_256pix_basicFLIM_120f_0010,True,0,0.0,0.0,0.0,575,1.0,156.36,200.0
3_KPCWTform20min_740nm_3006mW_u1_poc0p6_20x0p75NA_457s50_g70_z1_256pix_basicFLIM_120f_0011.sdt,form,1.1901942328186035,1.18532,1.52587890625e-05,20260509_KPC_fixed_dishes_on_SLIM::fitet-sz-c2-b5::3_KPCWTform20min_740nm_3006mW_u1_poc0p6_20x0p75NA_457s50_g70_z1_256pix_basicFLIM_120f_0011,True,0,0.0,0.0,0.0,710,1.0,156.655,200.0
3_KPCWTform20min_740nm_3006mW_u1_poc0p6_20x0p75NA_457s50_g70_z1_256pix_basicFLIM_120f_0012.sdt,form,1.113270481491089,1.10733,0.0,20260509_KPC_fixed_dishes_on_SLIM::fitet-sz-c2-b5::3_KPCWTform20min_740nm_3006mW_u1_poc0p6_20x0p75NA_457s50_g70_z1_256pix_basicFLIM_120f_0012,True,0,0.0,0.0,0.0,0,,,200.0
3_KPCWTform20min_740nm_3006mW_u1_poc0p6_20x0p75NA_457s50_g70_z1_256pix_basicFLIM_120f_0013.sdt,form,1.147426237121582,1.139575,0.0,20260509_KPC_fixed_dishes_on_SLIM::fitet-sz-c2-b5::3_KPCWTform20min_740nm_3006mW_u1_poc0p6_20x0p75NA_457s50_g70_z1_256pix_basicFLIM_120f_0013,True,0,0.0,0.0,0.0,16,1.0,140.5285,200.0
3_KPCWTform20min_740nm_3006mW_u1_poc0p6_20x0p75NA_457s50_g70_z1_256pix_basicFLIM_120f_0014.sdt,form,1.31931946395874,1.30405,0.0012969970703125,20260509_KPC_fixed_dishes_on_SLIM::fitet-sz-c2-b5::3_KPCWTform20min_740nm_3006mW_u1_poc0p6_20x0p75NA_457s50_g70_z1_256pix_basicFLIM_120f_0014,True,0,0.0,0.0,0.0,1843,1.0,132.489,200.0
3_KPCWTform20min_740nm_3006mW_u1_poc0p6_20x0p75NA_457s50_g70_z1_256pix_basicFLIM_120f_0015.sdt,form,1.2107651163482667,1.197825,3.0517578125e-05,20260509_KPC_fixed_dishes_on_SLIM::fitet-sz-c2-b5::3_KPCWTform20min_740nm_3006mW_u1_poc0p6_20x0p75NA_457s50_g70_z1_256pix_basicFLIM_120f_0015,True,0,0.0,0.0,0.0,2046,0.9960899315738025,158.212,200.0
3_KPCWTform20min_740nm_3006mW_u1_poc0p6_20x0p75NA_457s50_g70_z1_256pix_basicFLIM_120f_0016.sdt,form,1.3253281352844237,1.300885,0.006378173828125,20260509_KPC_fixed_dishes_on_SLIM::fitet-sz-c2-b5::3_KPCWTform20min_740nm_3006mW_u1_poc0p6_20x0p75NA_457s50_g70_z1_256pix_basicFLIM_120f_0016,True,0,0.0,0.0,0.0,7414,0.9986512004316158,148.339,200.0
3_KPCWTform20min_740nm_3006mW_u1_poc0p6_20x0p75NA_457s50_g70_z1_256pix_basicFLIM_120f_0017.sdt,form,1.7345770823059081,1.697405,0.1682891845703125,20260509_KPC_fixed_dishes_on_SLIM::fitet-sz-c2-b5::3_KPCWTform20min_740nm_3006mW_u1_poc0p6_20x0p75NA_457s50_g70_z1_256pix_basicFLIM_120f_0017,True,0,0.0,0.0,0.0,55776,0.9988525530694206,148.26850000000002,200.0
3_KPCWTform20min_740nm_3006mW_u1_poc0p6_20x0p75NA_457s50_g70_z1_256pix_basicFLIM_120f_0018.sdt,form,1.5249184618530274,1.51667,0.0306549072265625,20260509_KPC_fixed_dishes_on_SLIM::fitet-sz-c2-b5::3_KPCWTform20min_740nm_3006mW_u1_poc0p6_20x0p75NA_457s50_g70_z1_256pix_basicFLIM_120f_0018,True,0,0.0,0.0,0.0,30142,0.9964833123216774,145.3795,200.0
3_KPCWTform20min_740nm_3006mW_u1_poc0p6_20x0p75NA_457s50_g70_z1_256pix_basicFLIM_120f_0019.sdt,form,1.2012536179351807,1.1911,0.0018157958984375,20260509_KPC_fixed_dishes_on_SLIM::fitet-sz-c2-b5::3_KPCWTform20min_740nm_3006mW_u1_poc0p6_20x0p75NA_457s50_g70_z1_256pix_basicFLIM_120f_0019,True,0,0.0,0.0,0.0,138,0.9057971014492754,146.1895,200.0
3_KPCWTform20min_740nm_3006mW_u1_poc0p6_20x0p75NA_457s50_g70_z1_256pix_basicFLIM_120f_0020.sdt,form,1.2020040132141112,1.19353,0.0,20260509_KPC_fixed_dishes_on_SLIM::fitet-sz-c2-b5::3_KPCWTform20min_740nm_3006mW_u1_poc0p6_20x0p75NA_457s50_g70_z1_256pix_basicFLIM_120f_0020,True,0,0.0,0.0,0.0,57,1.0,132.428,200.0
3_KPCWTform20min_740nm_3006mW_u1_poc0p6_20x0p75NA_457s50_g70_z1_256pix_basicFLIM_120f_0021.sdt,form,1.153050833175659,1.13775,0.003814697265625,20260509_KPC_fixed_dishes_on_SLIM::fitet-sz-c2-b5::3_KPCWTform20min_740nm_3006mW_u1_poc0p6_20x0p75NA_457s50_g70_z1_256pix_basicFLIM_120f_0021,True,0,0.0,0.0,0.0,661,1.0,137.245,200.0
3_KPCWTform20min_740nm_3006mW_u1_poc0p6_20x0p75NA_457s50_g70_z1_256pix_basicFLIM_120f_0022.sdt,form,1.1123553695068358,1.1044800000000001,0.0,20260509_KPC_fixed_dishes_on_SLIM::fitet-sz-c2-b5::3_KPCWTform20min_740nm_3006mW_u1_poc0p6_20x0p75NA_457s50_g70_z1_256pix_basicFLIM_120f_0022,True,0,0.0,0.0,0.0,0,,,200.0
3_KPCWTform20min_740nm_3006mW_u1_poc0p6_20x0p75NA_457s50_g70_z1_256pix_basicFLIM_120f_0023.sdt,form,1.1589311106567384,1.15142,0.0,20260509_KPC_fixed_dishes_on_SLIM::fitet-sz-c2-b5::3_KPCWTform20min_740nm_3006mW_u1_poc0p6_20x0p75NA_457s50_g70_z1_256pix_basicFLIM_120f_0023,True,0,0.0,0.0,0.0,14,1.0,143.478,200.0
4_BKOCO2form20min_740nm_2995mW_u1_poc0p25_20x0p75NA_457s50_g70_z1_256pix_basicFLIM_120f_0000.sdt,form,1.0890625991363525,1.07946,0.0,20260509_KPC_fixed_dishes_on_SLIM::fitet-sz-c2-b5::4_BKOCO2form20min_740nm_2995mW_u1_poc0p25_20x0p75NA_457s50_g70_z1_256pix_basicFLIM_120f_0000,True,0,0.0,0.0,0.0,0,,,200.0
4_BKOCO2form20min_740nm_2995mW_u1_poc0p25_20x0p75NA_457s50_g70_z1_256pix_basicFLIM_120f_0001.sdt,form,1.0784090735473635,1.070305,3.0517578125e-05,20260509_KPC_fixed_dishes_on_SLIM::fitet-sz-c2-b5::4_BKOCO2form20min_740nm_2995mW_u1_poc0p25_20x0p75NA_457s50_g70_z1_256pix_basicFLIM_120f_0001,True,0,0.0,0.0,0.0,0,,,200.0
4_BKOCO2form20min_740nm_2995mW_u1_poc0p25_20x0p75NA_457s50_g70_z1_256pix_basicFLIM_120f_0002.sdt,form,1.0512088351745605,1.0400749999999999,0.0,20260509_KPC_fixed_dishes_on_SLIM::fitet-sz-c2-b5::4_BKOCO2form20min_740nm_2995mW_u1_poc0p25_20x0p75NA_457s50_g70_z1_256pix_basicFLIM_120f_0002,True,0,0.0,0.0,0.0,0,,,200.0
4_BKOCO2form20min_740nm_2995mW_u1_poc0p25_20x0p75NA_457s50_g70_z1_256pix_basicFLIM_120f_0003.sdt,form,1.066685539077759,1.05616,4.57763671875e-05,20260509_KPC_fixed_dishes_on_SLIM::fitet-sz-c2-b5::4_BKOCO2form20min_740nm_2995mW_u1_poc0p25_20x0p75NA_457s50_g70_z1_256pix_basicFLIM_120f_0003,True,0,0.0,0.0,0.0,0,,,200.0
4_BKOCO2form20min_740nm_2995mW_u1_poc0p25_20x0p75NA_457s50_g70_z1_256pix_basicFLIM_120f_0004.sdt,form,1.0631851732177735,1.053285,4.57763671875e-05,20260509_KPC_fixed_dishes_on_SLIM::fitet-sz-c2-b5::4_BKOCO2form20min_740nm_2995mW_u1_poc0p25_20x0p75NA_457s50_g70_z1_256pix_basicFLIM_120f_0004,True,0,0.0,0.0,0.0,0,,,200.0
4_BKOCO2form20min_740nm_2995mW_u1_poc0p25_20x0p75NA_457s50_g70_z1_256pix_basicFLIM_120f_0005.sdt,form,1.0579087034606933,1.04767,3.0517578125e-05,20260509_KPC_fixed_dishes_on_SLIM::fitet-sz-c2-b5::4_BKOCO2form20min_740nm_2995mW_u1_poc0p25_20x0p75NA_457s50_g70_z1_256pix_basicFLIM_120f_0005,True,0,0.0,0.0,0.0,0,,,200.0
4_BKOCO2form20min_740nm_2995mW_u1_poc0p25_20x0p75NA_457s50_g70_z1_256pix_basicFLIM_120f_0006.sdt,form,1.0614548990020751,1.050605,4.57763671875e-05,20260509_KPC_fixed_dishes_on_SLIM::fitet-sz-c2-b5::4_BKOCO2form20min_740nm_2995mW_u1_poc0p25_20x0p75NA_457s50_g70_z1_256pix_basicFLIM_120f_0006,True,0,0.0,0.0,0.0,0,,,200.0
4_BKOCO2form20min_740nm_2995mW_u1_poc0p25_20x0p75NA_457s50_g70_z1_256pix_basicFLIM_120f_0007.sdt,form,1.0684666157073974,1.058495,3.0517578125e-05,20260509_KPC_fixed_dishes_on_SLIM::fitet-sz-c2-b5::4_BKOCO2form20min_740nm_2995mW_u1_poc0p25_20x0p75NA_457s50_g70_z1_256pix_basicFLIM_120f_0007,True,0,0.0,0.0,0.0,0,,,200.0
4_BKOCO2form20min_740nm_2995mW_u1_poc0p25_20x0p75NA_457s50_g70_z1_256pix_basicFLIM_120f_0008.sdt,form,1.0546872270812988,1.04488,6.103515625e-05,20260509_KPC_fixed_dishes_on_SLIM::fitet-sz-c2-b5::4_BKOCO2form20min_740nm_2995mW_u1_poc0p25_20x0p75NA_457s50_g70_z1_256pix_basicFLIM_120f_0008,True,0,0.0,0.0,0.0,0,,,200.0
4_BKOCO2form20min_740nm_2995mW_u1_poc0p25_20x0p75NA_457s50_g70_z1_256pix_basicFLIM_120f_0009.sdt,form,1.065963559249878,1.05635,3.0517578125e-05,20260509_KPC_fixed_dishes_on_SLIM::fitet-sz-c2-b5::4_BKOCO2form20min_740nm_2995mW_u1_poc0p25_20x0p75NA_457s50_g70_z1_256pix_basicFLIM_120f_0009,True,0,0.0,0.0,0.0,0,,,200.0
4_BKOCO2form20min_740nm_2995mW_u1_poc0p25_20x0p75NA_457s50_g70_z1_256pix_basicFLIM_120f_0010.sdt,form,1.0360359895782472,1.02575,0.000335693359375,20260509_KPC_fixed_dishes_on_SLIM::fitet-sz-c2-b5::4_BKOCO2form20min_740nm_2995mW_u1_poc0p25_20x0p75NA_457s50_g70_z1_256pix_basicFLIM_120f_0010,True,0,0.0,0.0,0.0,0,,,200.0
4_BKOCO2form20min_740nm_2995mW_u1_poc0p25_20x0p75NA_457s50_g70_z1_256pix_basicFLIM_120f_0011.sdt,form,1.0341627628784178,1.023405,7.62939453125e-05,20260509_KPC_fixed_dishes_on_SLIM::fitet-sz-c2-b5::4_BKOCO2form20min_740nm_2995mW_u1_poc0p25_20x0p75NA_457s50_g70_z1_256pix_basicFLIM_120f_0011,True,0,0.0,0.0,0.0,0,,,200.0
4_BKOCO2form20min_740nm_2995mW_u1_poc0p25_20x0p75NA_457s50_g70_z1_256pix_basicFLIM_120f_0012.sdt,form,1.038045351074272,1.02351,0.0029758658834893974,20260509_KPC_fixed_dishes_on_SLIM::fitet-sz-c2-b5::4_BKOCO2form20min_740nm_2995mW_u1_poc0p25_20x0p75NA_457s50_g70_z1_256pix_basicFLIM_120f_0012,True,0,0.0,0.0,0.0,0,,,200.0
4_BKOCO2form20min_740nm_2995mW_u1_poc0p25_20x0p75NA_457s50_g70_z1_256pix_basicFLIM_120f_0013.sdt,form,1.0533363628858745,1.04539,9.155692551844109e-05,20260509_KPC_fixed_dishes_on_SLIM::fitet-sz-c2-b5::4_BKOCO2form20min_740nm_2995mW_u1_poc0p25_20x0p75NA_457s50_g70_z1_256pix_basicFLIM_120f_0013,True,0,0.0,0.0,0.0,0,,,200.0
4_BKOCO2form20min_740nm_2995mW_u1_poc0p25_20x0p75NA_457s50_g70_z1_256pix_basicFLIM_120f_0014.sdt,form,1.0401565848693846,1.031365,0.0002593994140625,20260509_KPC_fixed_dishes_on_SLIM::fitet-sz-c2-b5::4_BKOCO2form20min_740nm_2995mW_u1_poc0p25_20x0p75NA_457s50_g70_z1_256pix_basicFLIM_120f_0014,True,0,0.0,0.0,0.0,0,,,200.0
4_BKOCO2form20min_740nm_2995mW_u1_poc0p25_20x0p75NA_457s50_g70_z1_256pix_basicFLIM_120f_0015.sdt,form,1.0407812527910565,1.03138,0.0003512683843181575,20260509_KPC_fixed_dishes_on_SLIM::fitet-sz-c2-b5::4_BKOCO2form20min_740nm_2995mW_u1_poc0p25_20x0p75NA_457s50_g70_z1_256pix_basicFLIM_120f_0015,True,0,0.0,0.0,0.0,0,,,200.0
4_BKOCO2form20min_740nm_2995mW_u1_poc0p25_20x0p75NA_535s50_g70_z1_256pix_basicFLIM_120f_0000.sdt,form,1.0840669064331054,1.07593,0.0,20260509_KPC_fixed_dishes_on_SLIM::fitet-sz-c2-b5::4_BKOCO2form20min_740nm_2995mW_u1_poc0p25_20x0p75NA_535s50_g70_z1_256pix_basicFLIM_120f_0000,True,0,0.0,0.0,0.0,0,,,200.0
4_BKOCO2form20min_740nm_2995mW_u1_poc0p25_20x0p75NA_535s50_g70_z1_256pix_basicFLIM_120f_0001.sdt,form,1.0820830358140174,1.07464,7.629743793203424e-05,20260509_KPC_fixed_dishes_on_SLIM::fitet-sz-c2-b5::4_BKOCO2form20min_740nm_2995mW_u1_poc0p25_20x0p75NA_535s50_g70_z1_256pix_basicFLIM_120f_0001,True,0,0.0,0.0,0.0,0,,,200.0
4_BKOCO2form20min_740nm_2995mW_u1_poc0p25_20x0p75NA_535s50_g70_z1_256pix_basicFLIM_120f_0002.sdt,form,1.0691188381195067,1.059685,0.0,20260509_KPC_fixed_dishes_on_SLIM::fitet-sz-c2-b5::4_BKOCO2form20min_740nm_2995mW_u1_poc0p25_20x0p75NA_535s50_g70_z1_256pix_basicFLIM_120f_0002,True,0,0.0,0.0,0.0,0,,,200.0
4_BKOCO2form20min_740nm_2995mW_u1_poc0p25_20x0p75NA_535s50_g70_z1_256pix_basicFLIM_120f_0003.sdt,form,1.0655679718933104,1.055415,0.0,20260509_KPC_fixed_dishes_on_SLIM::fitet-sz-c2-b5::4_BKOCO2form20min_740nm_2995mW_u1_poc0p25_20x0p75NA_535s50_g70_z1_256pix_basicFLIM_120f_0003,True,0,0.0,0.0,0.0,0,,,200.0
4_BKOCO2form20min_740nm_2995mW_u1_poc0p25_20x0p75NA_535s50_g70_z1_256pix_basicFLIM_120f_0004.sdt,form,1.0628439301605226,1.0519,3.0517578125e-05,20260509_KPC_fixed_dishes_on_SLIM::fitet-sz-c2-b5::4_BKOCO2form20min_740nm_2995mW_u1_poc0p25_20x0p75NA_535s50_g70_z1_256pix_basicFLIM_120f_0004,True,0,0.0,0.0,0.0,0,,,200.0
4_BKOCO2form20min_740nm_2995mW_u1_poc0p25_20x0p75NA_535s50_g70_z1_256pix_basicFLIM_120f_0005.sdt,form,1.0655073617248534,1.057095,4.57763671875e-05,20260509_KPC_fixed_dishes_on_SLIM::fitet-sz-c2-b5::4_BKOCO2form20min_740nm_2995mW_u1_poc0p25_20x0p75NA_535s50_g70_z1_256pix_basicFLIM_120f_0005,True,0,0.0,0.0,0.0,0,,,200.0
4_BKOCO2form20min_740nm_2995mW_u1_poc0p25_20x0p75NA_535s50_g70_z1_256pix_basicFLIM_120f_0006.sdt,form,1.0705018041229248,1.06168,7.62939453125e-05,20260509_KPC_fixed_dishes_on_SLIM::fitet-sz-c2-b5::4_BKOCO2form20min_740nm_2995mW_u1_poc0p25_20x0p75NA_535s50_g70_z1_256pix_basicFLIM_120f_0006,True,0,0.0,0.0,0.0,0,,,200.0
4_BKOCO2form20min_740nm_2995mW_u1_poc0p25_20x0p75NA_535s50_g70_z1_256pix_basicFLIM_120f_0007.sdt,form,1.081600630050659,1.072735,0.0,20260509_KPC_fixed_dishes_on_SLIM::fitet-sz-c2-b5::4_BKOCO2form20min_740nm_2995mW_u1_poc0p25_20x0p75NA_535s50_g70_z1_256pix_basicFLIM_120f_0007,True,0,0.0,0.0,0.0,0,,,200.0
4_BKOCO2form20min_740nm_2995mW_u1_poc0p25_20x0p75NA_535s50_g70_z1_256pix_basicFLIM_120f_0008.sdt,form,1.0514792921905518,1.0420449999999999,1.52587890625e-05,20260509_KPC_fixed_dishes_on_SLIM::fitet-sz-c2-b5::4_BKOCO2form20min_740nm_2995mW_u1_poc0p25_20x0p75NA_535s50_g70_z1_256pix_basicFLIM_120f_0008,True,0,0.0,0.0,0.0,0,,,200.0
4_BKOCO2form20min_740nm_2995mW_u1_poc0p25_20x0p75NA_535s50_g70_z1_256pix_basicFLIM_120f_0009.sdt,form,1.0722669041137696,1.062815,0.0,20260509_KPC_fixed_dishes_on_SLIM::fitet-sz-c2-b5::4_BKOCO2form20min_740nm_2995mW_u1_poc0p25_20x0p75NA_535s50_g70_z1_256pix_basicFLIM_120f_0009,True,0,0.0,0.0,0.0,0,,,200.0
4_BKOCO2form20min_740nm_2995mW_u1_poc0p25_20x0p75NA_535s50_g70_z1_256pix_basicFLIM_120f_0010.sdt,form,1.0312480010986498,1.02271,0.00024414435034714275,20260509_KPC_fixed_dishes_on_SLIM::fitet-sz-c2-b5::4_BKOCO2form20min_740nm_2995mW_u1_poc0p25_20x0p75NA_535s50_g70_z1_256pix_basicFLIM_120f_0010,True,0,0.0,0.0,0.0,0,,,200.0
4_BKOCO2form20min_740nm_2995mW_u1_poc0p25_20x0p75NA_535s50_g70_z1_256pix_basicFLIM_120f_0011.sdt,form,1.0368301934001158,1.02817,4.5811318449744987e-05,20260509_KPC_fixed_dishes_on_SLIM::fitet-sz-c2-b5::4_BKOCO2form20min_740nm_2995mW_u1_poc0p25_20x0p75NA_535s50_g70_z1_256pix_basicFLIM_120f_0011,True,0,0.0,0.0,0.0,0,,,200.0
4_BKOCO2form20min_740nm_2995mW_u1_poc0p25_20x0p75NA_535s50_g70_z1_256pix_basicFLIM_120f_0012.sdt,form,1.0333113104555396,1.02099,0.0014734850247390381,20260509_KPC_fixed_dishes_on_SLIM::fitet-sz-c2-b5::4_BKOCO2form20min_740nm_2995mW_u1_poc0p25_20x0p75NA_535s50_g70_z1_256pix_basicFLIM_120f_0012,True,0,0.0,0.0,0.0,0,,,200.0
4_BKOCO2form20min_740nm_2995mW_u1_poc0p25_20x0p75NA_535s50_g70_z1_256pix_basicFLIM_120f_0013.sdt,form,1.0531702531744094,1.04342,0.00015261583541908308,20260509_KPC_fixed_dishes_on_SLIM::fitet-sz-c2-b5::4_BKOCO2form20min_740nm_2995mW_u1_poc0p25_20x0p75NA_535s50_g70_z1_256pix_basicFLIM_120f_0013,True,0,0.0,0.0,0.0,0,,,200.0
4_BKOCO2form20min_740nm_2995mW_u1_poc0p25_20x0p75NA_535s50_g70_z1_256pix_basicFLIM_120f_0014.sdt,form,1.04570473878479,1.037165,0.0001220703125,20260509_KPC_fixed_dishes_on_SLIM::fitet-sz-c2-b5::4_BKOCO2form20min_740nm_2995mW_u1_poc0p25_20x0p75NA_535s50_g70_z1_256pix_basicFLIM_120f_0014,True,0,0.0,0.0,0.0,0,,,200.0
4_BKOCO2form20min_740nm_2995mW_u1_poc0p25_20x0p75NA_535s50_g70_z1_256pix_basicFLIM_120f_0015.sdt,form,1.041159329108693,1.03293,0.00027552004408320705,20260509_KPC_fixed_dishes_on_SLIM::fitet-sz-c2-b5::4_BKOCO2form20min_740nm_2995mW_u1_poc0p25_20x0p75NA_535s50_g70_z1_256pix_basicFLIM_120f_0015,True,0,0.0,0.0,0.0,0,,,200.0
4_BKOCO2form20min_740nm_2995mW_u1_poc0p6_20x0p75NA_457s50_g70_z1_256pix_basicFLIM_120f_0000.sdt,form,1.3824663715820313,1.37611,0.0008697509765625,20260509_KPC_fixed_dishes_on_SLIM::fitet-sz-c2-b5::4_BKOCO2form20min_740nm_2995mW_u1_poc0p6_20x0p75NA_457s50_g70_z1_256pix_basicFLIM_120f_0000,True,0,0.0,0.0,0.0,23857,0.9858741669111791,156.803,200.0
4_BKOCO2form20min_740nm_2995mW_u1_poc0p6_20x0p75NA_457s50_g70_z1_256pix_basicFLIM_120f_0001.sdt,form,1.3215374314117432,1.30997,0.006988525390625,20260509_KPC_fixed_dishes_on_SLIM::fitet-sz-c2-b5::4_BKOCO2form20min_740nm_2995mW_u1_poc0p6_20x0p75NA_457s50_g70_z1_256pix_basicFLIM_120f_0001,True,0,0.0,0.0,0.0,7731,0.9742594748415471,163.624,200.0
4_BKOCO2form20min_740nm_2995mW_u1_poc0p6_20x0p75NA_457s50_g70_z1_256pix_basicFLIM_120f_0002.sdt,form,1.2709274145507812,1.263355,0.000152587890625,20260509_KPC_fixed_dishes_on_SLIM::fitet-sz-c2-b5::4_BKOCO2form20min_740nm_2995mW_u1_poc0p6_20x0p75NA_457s50_g70_z1_256pix_basicFLIM_120f_0002,True,0,0.0,0.0,0.0,11936,0.9560991957104558,149.4345,200.0
4_BKOCO2form20min_740nm_2995mW_u1_poc0p6_20x0p75NA_457s50_g70_z1_256pix_basicFLIM_120f_0003.sdt,form,1.2739381452331542,1.26301,1.52587890625e-05,20260509_KPC_fixed_dishes_on_SLIM::fitet-sz-c2-b5::4_BKOCO2form20min_740nm_2995mW_u1_poc0p6_20x0p75NA_457s50_g70_z1_256pix_basicFLIM_120f_0003,True,0,0.0,0.0,0.0,4844,0.9772914946325351,161.139,200.0
4_BKOCO2form20min_740nm_2995mW_u1_poc0p6_20x0p75NA_457s50_g70_z1_256pix_basicFLIM_120f_0004.sdt,form,1.2945637476654053,1.28558,3.0517578125e-05,20260509_KPC_fixed_dishes_on_SLIM::fitet-sz-c2-b5::4_BKOCO2form20min_740nm_2995mW_u1_poc0p6_20x0p75NA_457s50_g70_z1_256pix_basicFLIM_120f_0004,True,0,0.0,0.0,0.0,3798,0.9865718799368088,160.88049999999998,200.0
4_BKOCO2form20min_740nm_2995mW_u1_poc0p6_20x0p75NA_457s50_g70_z1_256pix_basicFLIM_120f_0005.sdt,form,1.2850061292266846,1.2770350000000001,0.0001068115234375,20260509_KPC_fixed_dishes_on_SLIM::fitet-sz-c2-b5::4_BKOCO2form20min_740nm_2995mW_u1_poc0p6_20x0p75NA_457s50_g70_z1_256pix_basicFLIM_120f_0005,True,0,0.0,0.0,0.0,4114,0.9786096256684492,168.594,200.0
4_BKOCO2form20min_740nm_2995mW_u1_poc0p6_20x0p75NA_457s50_g70_z1_256pix_basicFLIM_120f_0006.sdt,form,1.2869854469146729,1.2788249999999999,7.62939453125e-05,20260509_KPC_fixed_dishes_on_SLIM::fitet-sz-c2-b5::4_BKOCO2form20min_740nm_2995mW_u1_poc0p6_20x0p75NA_457s50_g70_z1_256pix_basicFLIM_120f_0006,True,0,0.0,0.0,0.0,4329,0.9829059829059829,164.435,200.0
4_BKOCO2form20min_740nm_2995mW_u1_poc0p6_20x0p75NA_457s50_g70_z1_256pix_basicFLIM_120f_0007.sdt,form,1.3569118885955813,1.345515,0.0009918212890625,20260509_KPC_fixed_dishes_on_SLIM::fitet-sz-c2-b5::4_BKOCO2form20min_740nm_2995mW_u1_poc0p6_20x0p75NA_457s50_g70_z1_256pix_basicFLIM_120f_0007,True,0,0.0,0.0,0.0,14973,0.9662726240566353,161.537,200.0
4_BKOCO2form20min_740nm_2995mW_u1_poc0p6_20x0p75NA_457s50_g70_z1_256pix_basicFLIM_120f_0008.sdt,form,1.2297996223602294,1.22273,0.0,20260509_KPC_fixed_dishes_on_SLIM::fitet-sz-c2-b5::4_BKOCO2form20min_740nm_2995mW_u1_poc0p6_20x0p75NA_457s50_g70_z1_256pix_basicFLIM_120f_0008,True,0,0.0,0.0,0.0,7845,0.990057361376673,149.349,200.0
4_BKOCO2form20min_740nm_2995mW_u1_poc0p6_20x0p75NA_457s50_g70_z1_256pix_basicFLIM_120f_0009.sdt,form,1.2947273584747314,1.286915,7.62939453125e-05,20260509_KPC_fixed_dishes_on_SLIM::fitet-sz-c2-b5::4_BKOCO2form20min_740nm_2995mW_u1_poc0p6_20x0p75NA_457s50_g70_z1_256pix_basicFLIM_120f_0009,True,0,0.0,0.0,0.0,8991,0.9588477366255144,162.981,200.0
4_BKOCO2form20min_740nm_2995mW_u1_poc0p6_20x0p75NA_457s50_g70_z1_256pix_basicFLIM_120f_0010.sdt,form,1.1861782999114991,1.179975,3.0517578125e-05,20260509_KPC_fixed_dishes_on_SLIM::fitet-sz-c2-b5::4_BKOCO2form20min_740nm_2995mW_u1_poc0p6_20x0p75NA_457s50_g70_z1_256pix_basicFLIM_120f_0010,True,0,0.0,0.0,0.0,2046,0.9398826979472141,167.204,200.0
4_BKOCO2form20min_740nm_2995mW_u1_poc0p6_20x0p75NA_457s50_g70_z1_256pix_basicFLIM_120f_0011.sdt,form,1.1834437833557128,1.176755,0.0,20260509_KPC_fixed_dishes_on_SLIM::fitet-sz-c2-b5::4_BKOCO2form20min_740nm_2995mW_u1_poc0p6_20x0p75NA_457s50_g70_z1_256pix_basicFLIM_120f_0011,True,0,0.0,0.0,0.0,3737,0.9868878779769868,154.062,200.0
4_BKOCO2form20min_740nm_2995mW_u1_poc0p6_20x0p75NA_457s50_g70_z1_256pix_basicFLIM_120f_0012.sdt,form,1.1480372051544192,1.141115,0.0,20260509_KPC_fixed_dishes_on_SLIM::fitet-sz-c2-b5::4_BKOCO2form20min_740nm_2995mW_u1_poc0p6_20x0p75NA_457s50_g70_z1_256pix_basicFLIM_120f_0012,True,0,0.0,0.0,0.0,755,0.9774834437086093,171.193,200.0
4_BKOCO2form20min_740nm_2995mW_u1_poc0p6_20x0p75NA_457s50_g70_z1_256pix_basicFLIM_120f_0013.sdt,form,1.2333506703796386,1.22542,0.0,20260509_KPC_fixed_dishes_on_SLIM::fitet-sz-c2-b5::4_BKOCO2form20min_740nm_2995mW_u1_poc0p6_20x0p75NA_457s50_g70_z1_256pix_basicFLIM_120f_0013,True,0,0.0,0.0,0.0,4966,0.9788562223117196,165.933,200.0
4_BKOCO2form20min_740nm_2995mW_u1_poc0p6_20x0p75NA_457s50_g70_z1_256pix_basicFLIM_120f_0014.sdt,form,1.2137541823883056,1.199055,0.0007171630859375,20260509_KPC_fixed_dishes_on_SLIM::fitet-sz-c2-b5::4_BKOCO2form20min_740nm_2995mW_u1_poc0p6_20x0p75NA_457s50_g70_z1_256pix_basicFLIM_120f_0014,True,0,0.0,0.0,0.0,4025,0.9749068322981367,159.091,200.0
4_BKOCO2form20min_740nm_2995mW_u1_poc0p6_20x0p75NA_457s50_g70_z1_256pix_basicFLIM_120f_0015.sdt,form,1.1970455803833007,1.18123,0.000946044921875,20260509_KPC_fixed_dishes_on_SLIM::fitet-sz-c2-b5::4_BKOCO2form20min_740nm_2995mW_u1_poc0p6_20x0p75NA_457s50_g70_z1_256pix_basicFLIM_120f_0015,True,0,0.0,0.0,0.0,6874,0.9983997672388711,155.5115,200.0
4_BKOCO2form20min_740nm_2995mW_u1_poc0p6_20x0p75NA_535s50_g70_z1_256pix_basicFLIM_120f_0000.sdt,form,1.2760755288085939,1.26947,7.62939453125e-05,20260509_KPC_fixed_dishes_on_SLIM::fitet-sz-c2-b5::4_BKOCO2form20min_740nm_2995mW_u1_poc0p6_20x0p75NA_535s50_g70_z1_256pix_basicFLIM_120f_0000,True,0,0.0,0.0,0.0,2149,0.996742671009772,148.675,200.0
4_BKOCO2form20min_740nm_2995mW_u1_poc0p6_20x0p75NA_535s50_g70_z1_256pix_basicFLIM_120f_0001.sdt,form,1.2601292732696532,1.24575,0.003936767578125,20260509_KPC_fixed_dishes_on_SLIM::fitet-sz-c2-b5::4_BKOCO2form20min_740nm_2995mW_u1_poc0p6_20x0p75NA_535s50_g70_z1_256pix_basicFLIM_120f_0001,True,0,0.0,0.0,0.0,1769,1.0,139.277,200.0
4_BKOCO2form20min_740nm_2995mW_u1_poc0p6_20x0p75NA_535s50_g70_z1_256pix_basicFLIM_120f_0002.sdt,form,1.2201968015594482,1.21328,0.000335693359375,20260509_KPC_fixed_dishes_on_SLIM::fitet-sz-c2-b5::4_BKOCO2form20min_740nm_2995mW_u1_poc0p6_20x0p75NA_535s50_g70_z1_256pix_basicFLIM_120f_0002,True,0,0.0,0.0,0.0,1432,1.0,138.85,200.0
4_BKOCO2form20min_740nm_2995mW_u1_poc0p6_20x0p75NA_535s50_g70_z1_256pix_basicFLIM_120f_0003.sdt,form,1.2348205436096191,1.229185,0.0,20260509_KPC_fixed_dishes_on_SLIM::fitet-sz-c2-b5::4_BKOCO2form20min_740nm_2995mW_u1_poc0p6_20x0p75NA_535s50_g70_z1_256pix_basicFLIM_120f_0003,True,0,0.0,0.0,0.0,424,1.0,152.60750000000002,200.0
4_BKOCO2form20min_740nm_2995mW_u1_poc0p6_20x0p75NA_535s50_g70_z1_256pix_basicFLIM_120f_0004.sdt,form,1.2342633495941162,1.2251,0.0001373291015625,20260509_KPC_fixed_dishes_on_SLIM::fitet-sz-c2-b5::4_BKOCO2form20min_740nm_2995mW_u1_poc0p6_20x0p75NA_535s50_g70_z1_256pix_basicFLIM_120f_0004,True,0,0.0,0.0,0.0,351,1.0,165.136,200.0
4_BKOCO2form20min_740nm_2995mW_u1_poc0p6_20x0p75NA_535s50_g70_z1_256pix_basicFLIM_120f_0005.sdt,form,1.2280958319091795,1.220415,4.57763671875e-05,20260509_KPC_fixed_dishes_on_SLIM::fitet-sz-c2-b5::4_BKOCO2form20min_740nm_2995mW_u1_poc0p6_20x0p75NA_535s50_g70_z1_256pix_basicFLIM_120f_0005,True,0,0.0,0.0,0.0,127,1.0,155.251,200.0
4_BKOCO2form20min_740nm_2995mW_u1_poc0p6_20x0p75NA_535s50_g70_z1_256pix_basicFLIM_120f_0006.sdt,form,1.232233914505005,1.22253,0.0,20260509_KPC_fixed_dishes_on_SLIM::fitet-sz-c2-b5::4_BKOCO2form20min_740nm_2995mW_u1_poc0p6_20x0p75NA_535s50_g70_z1_256pix_basicFLIM_120f_0006,True,0,0.0,0.0,0.0,243,0.9835390946502057,165.464,200.0
4_BKOCO2form20min_740nm_2995mW_u1_poc0p6_20x0p75NA_535s50_g70_z1_256pix_basicFLIM_120f_0007.sdt,form,1.2905689677581789,1.28162,0.0014495849609375,20260509_KPC_fixed_dishes_on_SLIM::fitet-sz-c2-b5::4_BKOCO2form20min_740nm_2995mW_u1_poc0p6_20x0p75NA_535s50_g70_z1_256pix_basicFLIM_120f_0007,True,0,0.0,0.0,0.0,2307,0.99913307325531,151.03,200.0
4_BKOCO2form20min_740nm_2995mW_u1_poc0p6_20x0p75NA_535s50_g70_z1_256pix_basicFLIM_120f_0008.sdt,form,1.1927443987731934,1.18478,0.0,20260509_KPC_fixed_dishes_on_SLIM::fitet-sz-c2-b5::4_BKOCO2form20min_740nm_2995mW_u1_poc0p6_20x0p75NA_535s50_g70_z1_256pix_basicFLIM_120f_0008,True,0,0.0,0.0,0.0,606,0.9834983498349835,144.304,200.0
4_BKOCO2form20min_740nm_2995mW_u1_poc0p6_20x0p75NA_535s50_g70_z1_256pix_basicFLIM_120f_0009.sdt,form,1.2471730630950928,1.24016,0.0,20260509_KPC_fixed_dishes_on_SLIM::fitet-sz-c2-b5::4_BKOCO2form20min_740nm_2995mW_u1_poc0p6_20x0p75NA_535s50_g70_z1_256pix_basicFLIM_120f_0009,True,0,0.0,0.0,0.0,829,0.9746682750301568,153.845,200.0
4_BKOCO2form20min_740nm_2995mW_u1_poc0p6_20x0p75NA_535s50_g70_z1_256pix_basicFLIM_120f_0010.sdt,form,1.1447940236053467,1.13926,3.0517578125e-05,20260509_KPC_fixed_dishes_on_SLIM::fitet-sz-c2-b5::4_BKOCO2form20min_740nm_2995mW_u1_poc0p6_20x0p75NA_535s50_g70_z1_256pix_basicFLIM_120f_0010,True,0,0.0,0.0,0.0,105,1.0,143.587,200.0
4_BKOCO2form20min_740nm_2995mW_u1_poc0p6_20x0p75NA_535s50_g70_z1_256pix_basicFLIM_120f_0011.sdt,form,1.1574348926849365,1.150935,0.0,20260509_KPC_fixed_dishes_on_SLIM::fitet-sz-c2-b5::4_BKOCO2form20min_740nm_2995mW_u1_poc0p6_20x0p75NA_535s50_g70_z1_256pix_basicFLIM_120f_0011,True,0,0.0,0.0,0.0,603,0.9950248756218906,155.317,200.0
4_BKOCO2form20min_740nm_2995mW_u1_poc0p6_20x0p75NA_535s50_g70_z1_256pix_basicFLIM_120f_0012.sdt,form,1.1116830362854002,1.10637,0.0,20260509_KPC_fixed_dishes_on_SLIM::fitet-sz-c2-b5::4_BKOCO2form20min_740nm_2995mW_u1_poc0p6_20x0p75NA_535s50_g70_z1_256pix_basicFLIM_120f_0012,True,0,0.0,0.0,0.0,0,,,200.0
4_BKOCO2form20min_740nm_2995mW_u1_poc0p6_20x0p75NA_535s50_g70_z1_256pix_basicFLIM_120f_0013.sdt,form,1.195978126296997,1.18962,0.0,20260509_KPC_fixed_dishes_on_SLIM::fitet-sz-c2-b5::4_BKOCO2form20min_740nm_2995mW_u1_poc0p6_20x0p75NA_535s50_g70_z1_256pix_basicFLIM_120f_0013,True,0,0.0,0.0,0.0,348,1.0,139.2605,200.0
4_BKOCO2form20min_740nm_2995mW_u1_poc0p6_20x0p75NA_535s50_g70_z1_256pix_basicFLIM_120f_0014.sdt,form,1.1704419588928223,1.160205,0.0011749267578125,20260509_KPC_fixed_dishes_on_SLIM::fitet-sz-c2-b5::4_BKOCO2form20min_740nm_2995mW_u1_poc0p6_20x0p75NA_535s50_g70_z1_256pix_basicFLIM_120f_0014,True,0,0.0,0.0,0.0,1043,0.9913710450623202,152.454,200.0
4_BKOCO2form20min_740nm_2995mW_u1_poc0p6_20x0p75NA_535s50_g70_z1_256pix_basicFLIM_120f_0015.sdt,form,1.1505083743896485,1.140055,0.000213623046875,20260509_KPC_fixed_dishes_on_SLIM::fitet-sz-c2-b5::4_BKOCO2form20min_740nm_2995mW_u1_poc0p6_20x0p75NA_535s50_g70_z1_256pix_basicFLIM_120f_0015,True,0,0.0,0.0,0.0,1577,0.9968294229549778,153.219,200.0
3_BKOCO2live_740nm_3097mW_u1_poc0p2_20x0p75NA_457s50_g70_z1_256pix_basicFLIM_120f_0000.sdt,live,1.0480226898498537,1.041585,3.0517578125e-05,20260517_KPC_live_on_SLIM::fitet-sz-c2-b5::3_BKOCO2live_740nm_3097mW_u1_poc0p2_20x0p75NA_457s50_g70_z1_256pix_basicFLIM_120f_0000,True,0,0.0,0.0,0.0,0,,,200.0
3_BKOCO2live_740nm_3097mW_u1_poc0p2_20x0p75NA_457s50_g70_z1_256pix_basicFLIM_120f_0001.sdt,live,1.0670933554077149,1.06091,0.0,20260517_KPC_live_on_SLIM::fitet-sz-c2-b5::3_BKOCO2live_740nm_3097mW_u1_poc0p2_20x0p75NA_457s50_g70_z1_256pix_basicFLIM_120f_0001,True,0,0.0,0.0,0.0,0,,,200.0
3_BKOCO2live_740nm_3097mW_u1_poc0p2_20x0p75NA_457s50_g70_z1_256pix_basicFLIM_120f_0002.sdt,live,1.0886120536193846,1.0848849999999999,6.103515625e-05,20260517_KPC_live_on_SLIM::fitet-sz-c2-b5::3_BKOCO2live_740nm_3097mW_u1_poc0p2_20x0p75NA_457s50_g70_z1_256pix_basicFLIM_120f_0002,True,0,0.0,0.0,0.0,0,,,200.0
3_BKOCO2live_740nm_3097mW_u1_poc0p2_20x0p75NA_457s50_g70_z1_256pix_basicFLIM_120f_0003.sdt,live,1.103763385131836,1.096525,0.0,20260517_KPC_live_on_SLIM::fitet-sz-c2-b5::3_BKOCO2live_740nm_3097mW_u1_poc0p2_20x0p75NA_457s50_g70_z1_256pix_basicFLIM_120f_0003,True,0,0.0,0.0,0.0,0,,,200.0
3_BKOCO2live_740nm_3097mW_u1_poc0p2_20x0p75NA_457s50_g70_z1_256pix_basicFLIM_120f_0004.sdt,live,1.0788878649444578,1.0716649999999999,0.0001678466796875,20260517_KPC_live_on_SLIM::fitet-sz-c2-b5::3_BKOCO2live_740nm_3097mW_u1_poc0p2_20x0p75NA_457s50_g70_z1_256pix_basicFLIM_120f_0004,True,0,0.0,0.0,0.0,0,,,200.0
3_BKOCO2live_740nm_3097mW_u1_poc0p2_20x0p75NA_457s50_g70_z1_256pix_basicFLIM_120f_0005.sdt,live,1.0929820774993897,1.084625,3.0517578125e-05,20260517_KPC_live_on_SLIM::fitet-sz-c2-b5::3_BKOCO2live_740nm_3097mW_u1_poc0p2_20x0p75NA_457s50_g70_z1_256pix_basicFLIM_120f_0005,True,0,0.0,0.0,0.0,0,,,200.0
3_BKOCO2live_740nm_3097mW_u1_poc0p2_20x0p75NA_457s50_g70_z1_256pix_basicFLIM_120f_0006.sdt,live,1.1088211806488038,1.10025,0.000457763671875,20260517_KPC_live_on_SLIM::fitet-sz-c2-b5::3_BKOCO2live_740nm_3097mW_u1_poc0p2_20x0p75NA_457s50_g70_z1_256pix_basicFLIM_120f_0006,True,0,0.0,0.0,0.0,0,,,200.0
3_BKOCO2live_740nm_3097mW_u1_poc0p2_20x0p75NA_457s50_g70_z1_256pix_basicFLIM_120f_0007.sdt,live,1.0758649000701905,1.064945,0.0007781982421875,20260517_KPC_live_on_SLIM::fitet-sz-c2-b5::3_BKOCO2live_740nm_3097mW_u1_poc0p2_20x0p75NA_457s50_g70_z1_256pix_basicFLIM_120f_0007,True,0,0.0,0.0,0.0,0,,,200.0
3_BKOCO2live_740nm_3097mW_u1_poc0p2_20x0p75NA_457s50_g70_z1_256pix_basicFLIM_120f_0008.sdt,live,1.100689800491333,1.094355,0.0,20260517_KPC_live_on_SLIM::fitet-sz-c2-b5::3_BKOCO2live_740nm_3097mW_u1_poc0p2_20x0p75NA_457s50_g70_z1_256pix_basicFLIM_120f_0008,True,0,0.0,0.0,0.0,0,,,200.0
3_BKOCO2live_740nm_3097mW_u1_poc0p2_20x0p75NA_457s50_g70_z1_256pix_basicFLIM_120f_0009.sdt,live,1.106079539489746,1.0961349999999999,0.0016632080078125,20260517_KPC_live_on_SLIM::fitet-sz-c2-b5::3_BKOCO2live_740nm_3097mW_u1_poc0p2_20x0p75NA_457s50_g70_z1_256pix_basicFLIM_120f_0009,True,0,0.0,0.0,0.0,0,,,200.0
3_BKOCO2live_740nm_3097mW_u1_poc0p2_20x0p75NA_457s50_g70_z1_256pix_basicFLIM_120f_0010.sdt,live,1.11489593989563,1.111305,0.0008697509765625,20260517_KPC_live_on_SLIM::fitet-sz-c2-b5::3_BKOCO2live_740nm_3097mW_u1_poc0p2_20x0p75NA_457s50_g70_z1_256pix_basicFLIM_120f_0010,True,0,0.0,0.0,0.0,0,,,200.0
3_BKOCO2live_740nm_3097mW_u1_poc0p2_20x0p75NA_457s50_g70_z1_256pix_basicFLIM_120f_0011.sdt,live,1.1083786524658203,1.10081,1.52587890625e-05,20260517_KPC_live_on_SLIM::fitet-sz-c2-b5::3_BKOCO2live_740nm_3097mW_u1_poc0p2_20x0p75NA_457s50_g70_z1_256pix_basicFLIM_120f_0011,True,0,0.0,0.0,0.0,0,,,200.0
3_BKOCO2live_740nm_3097mW_u1_poc0p2_20x0p75NA_457s50_g70_z1_256pix_basicFLIM_120f_0012.sdt,live,1.1081371781311036,1.105595,0.0001678466796875,20260517_KPC_live_on_SLIM::fitet-sz-c2-b5::3_BKOCO2live_740nm_3097mW_u1_poc0p2_20x0p75NA_457s50_g70_z1_256pix_basicFLIM_120f_0012,True,0,0.0,0.0,0.0,0,,,200.0
3_BKOCO2live_740nm_3097mW_u1_poc0p2_20x0p75NA_457s50_g70_z1_256pix_basicFLIM_120f_0013.sdt,live,1.0731677411651612,1.06481,0.0029144287109375,20260517_KPC_live_on_SLIM::fitet-sz-c2-b5::3_BKOCO2live_740nm_3097mW_u1_poc0p2_20x0p75NA_457s50_g70_z1_256pix_basicFLIM_120f_0013,True,0,0.0,0.0,0.0,35,1.0,6.88656,200.0
3_BKOCO2live_740nm_3097mW_u1_poc0p2_20x0p75NA_457s50_g70_z1_256pix_basicFLIM_120f_0014.sdt,live,1.0770874486541748,1.07398,0.0002593994140625,20260517_KPC_live_on_SLIM::fitet-sz-c2-b5::3_BKOCO2live_740nm_3097mW_u1_poc0p2_20x0p75NA_457s50_g70_z1_256pix_basicFLIM_120f_0014,True,0,0.0,0.0,0.0,0,,,200.0
3_BKOCO2live_740nm_3097mW_u1_poc0p2_20x0p75NA_457s50_g70_z1_256pix_basicFLIM_120f_0015.sdt,live,1.0772989155273436,1.059585,0.0042724609375,20260517_KPC_live_on_SLIM::fitet-sz-c2-b5::3_BKOCO2live_740nm_3097mW_u1_poc0p2_20x0p75NA_457s50_g70_z1_256pix_basicFLIM_120f_0015,True,0,0.0,0.0,0.0,39,1.0,6.56229,200.0
3_BKOCO2live_740nm_3097mW_u1_poc0p2_20x0p75NA_535s50_g70_z1_256pix_basicFLIM_120f_0000.sdt,live,1.0796062814941405,1.06021,0.0026702880859375,20260517_KPC_live_on_SLIM::fitet-sz-c2-b5::3_BKOCO2live_740nm_3097mW_u1_poc0p2_20x0p75NA_535s50_g70_z1_256pix_basicFLIM_120f_0000,True,0,0.0,0.0,0.0,0,,,200.0
3_BKOCO2live_740nm_3097mW_u1_poc0p2_20x0p75NA_535s50_g70_z1_256pix_basicFLIM_120f_0001.sdt,live,1.1010967719573974,1.08934,0.0,20260517_KPC_live_on_SLIM::fitet-sz-c2-b5::3_BKOCO2live_740nm_3097mW_u1_poc0p2_20x0p75NA_535s50_g70_z1_256pix_basicFLIM_120f_0001,True,0,0.0,0.0,0.0,0,,,200.0
3_BKOCO2live_740nm_3097mW_u1_poc0p2_20x0p75NA_535s50_g70_z1_256pix_basicFLIM_120f_0002.sdt,live,1.1253828972930908,1.11582,3.0517578125e-05,20260517_KPC_live_on_SLIM::fitet-sz-c2-b5::3_BKOCO2live_740nm_3097mW_u1_poc0p2_20x0p75NA_535s50_g70_z1_256pix_basicFLIM_120f_0002,True,0,0.0,0.0,0.0,0,,,200.0
3_BKOCO2live_740nm_3097mW_u1_poc0p2_20x0p75NA_535s50_g70_z1_256pix_basicFLIM_120f_0003.sdt,live,1.1667651495819094,1.15653,0.0,20260517_KPC_live_on_SLIM::fitet-sz-c2-b5::3_BKOCO2live_740nm_3097mW_u1_poc0p2_20x0p75NA_535s50_g70_z1_256pix_basicFLIM_120f_0003,True,0,0.0,0.0,0.0,0,,,200.0
3_BKOCO2live_740nm_3097mW_u1_poc0p2_20x0p75NA_535s50_g70_z1_256pix_basicFLIM_120f_0004.sdt,live,1.1083179912109375,1.09937,0.0,20260517_KPC_live_on_SLIM::fitet-sz-c2-b5::3_BKOCO2live_740nm_3097mW_u1_poc0p2_20x0p75NA_535s50_g70_z1_256pix_basicFLIM_120f_0004,True,0,0.0,0.0,0.0,0,,,200.0
3_BKOCO2live_740nm_3097mW_u1_poc0p2_20x0p75NA_535s50_g70_z1_256pix_basicFLIM_120f_0005.sdt,live,1.1437601076660155,1.13271,0.0012054443359375,20260517_KPC_live_on_SLIM::fitet-sz-c2-b5::3_BKOCO2live_740nm_3097mW_u1_poc0p2_20x0p75NA_535s50_g70_z1_256pix_basicFLIM_120f_0005,True,0,0.0,0.0,0.0,0,,,200.0
3_BKOCO2live_740nm_3097mW_u1_poc0p2_20x0p75NA_535s50_g70_z1_256pix_basicFLIM_120f_0006.sdt,live,1.1661403532562256,1.153265,0.0024261474609375,20260517_KPC_live_on_SLIM::fitet-sz-c2-b5::3_BKOCO2live_740nm_3097mW_u1_poc0p2_20x0p75NA_535s50_g70_z1_256pix_basicFLIM_120f_0006,True,0,0.0,0.0,0.0,21,1.0,102.176,200.0
3_BKOCO2live_740nm_3097mW_u1_poc0p2_20x0p75NA_535s50_g70_z1_256pix_basicFLIM_120f_0007.sdt,live,1.1231750336151123,1.111485,4.57763671875e-05,20260517_KPC_live_on_SLIM::fitet-sz-c2-b5::3_BKOCO2live_740nm_3097mW_u1_poc0p2_20x0p75NA_535s50_g70_z1_256pix_basicFLIM_120f_0007,True,0,0.0,0.0,0.0,0,,,200.0
3_BKOCO2live_740nm_3097mW_u1_poc0p2_20x0p75NA_535s50_g70_z1_256pix_basicFLIM_120f_0008.sdt,live,1.1385955821228029,1.12933,0.0001068115234375,20260517_KPC_live_on_SLIM::fitet-sz-c2-b5::3_BKOCO2live_740nm_3097mW_u1_poc0p2_20x0p75NA_535s50_g70_z1_256pix_basicFLIM_120f_0008,True,0,0.0,0.0,0.0,0,,,200.0
3_BKOCO2live_740nm_3097mW_u1_poc0p2_20x0p75NA_535s50_g70_z1_256pix_basicFLIM_120f_0009.sdt,live,1.167771081970215,1.15607,0.001556396484375,20260517_KPC_live_on_SLIM::fitet-sz-c2-b5::3_BKOCO2live_740nm_3097mW_u1_poc0p2_20x0p75NA_535s50_g70_z1_256pix_basicFLIM_120f_0009,True,0,0.0,0.0,0.0,0,,,200.0
3_BKOCO2live_740nm_3097mW_u1_poc0p2_20x0p75NA_535s50_g70_z1_256pix_basicFLIM_120f_0010.sdt,live,1.1774011743469237,1.16537,0.00299072265625,20260517_KPC_live_on_SLIM::fitet-sz-c2-b5::3_BKOCO2live_740nm_3097mW_u1_poc0p2_20x0p75NA_535s50_g70_z1_256pix_basicFLIM_120f_0010,True,0,0.0,0.0,0.0,53,1.0,108.515,200.0
3_BKOCO2live_740nm_3097mW_u1_poc0p2_20x0p75NA_535s50_g70_z1_256pix_basicFLIM_120f_0011.sdt,live,1.1821884369659423,1.170395,0.0031890869140625,20260517_KPC_live_on_SLIM::fitet-sz-c2-b5::3_BKOCO2live_740nm_3097mW_u1_poc0p2_20x0p75NA_535s50_g70_z1_256pix_basicFLIM_120f_0011,True,0,0.0,0.0,0.0,0,,,200.0
3_BKOCO2live_740nm_3097mW_u1_poc0p2_20x0p75NA_535s50_g70_z1_256pix_basicFLIM_120f_0012.sdt,live,1.1649214486694337,1.15961,0.000152587890625,20260517_KPC_live_on_SLIM::fitet-sz-c2-b5::3_BKOCO2live_740nm_3097mW_u1_poc0p2_20x0p75NA_535s50_g70_z1_256pix_basicFLIM_120f_0012,True,0,0.0,0.0,0.0,0,,,200.0
3_BKOCO2live_740nm_3097mW_u1_poc0p2_20x0p75NA_535s50_g70_z1_256pix_basicFLIM_120f_0013.sdt,live,1.1375777455139162,1.1194950000000001,0.0032196044921875,20260517_KPC_live_on_SLIM::fitet-sz-c2-b5::3_BKOCO2live_740nm_3097mW_u1_poc0p2_20x0p75NA_535s50_g70_z1_256pix_basicFLIM_120f_0013,True,0,0.0,0.0,0.0,0,,,200.0
3_BKOCO2live_740nm_3097mW_u1_poc0p2_20x0p75NA_535s50_g70_z1_256pix_basicFLIM_120f_0014.sdt,live,1.1013058651428222,1.08269,0.00274658203125,20260517_KPC_live_on_SLIM::fitet-sz-c2-b5::3_BKOCO2live_740nm_3097mW_u1_poc0p2_20x0p75NA_535s50_g70_z1_256pix_basicFLIM_120f_0014,True,0,0.0,0.0,0.0,30,1.0,6.146435,200.0
3_BKOCO2live_740nm_3097mW_u1_poc0p2_20x0p75NA_535s50_g70_z1_256pix_basicFLIM_120f_0015.sdt,live,1.1510490775451658,1.115775,0.008941650390625,20260517_KPC_live_on_SLIM::fitet-sz-c2-b5::3_BKOCO2live_740nm_3097mW_u1_poc0p2_20x0p75NA_535s50_g70_z1_256pix_basicFLIM_120f_0015,True,0,0.0,0.0,0.0,56,1.0,6.88139,200.0
3_BKOCO2live_740nm_3097mW_u1_poc0p45_20x0p75NA_535s50_g70_z1_256pix_basicFLIM_120f_0000.sdt,live,1.4062132690124511,1.37896,0.023101806640625,20260517_KPC_live_on_SLIM::fitet-sz-c2-b5::3_BKOCO2live_740nm_3097mW_u1_poc0p45_20x0p75NA_535s50_g70_z1_256pix_basicFLIM_120f_0000,True,0,0.0,0.0,0.0,20890,0.36098611775969364,210.14,200.0
3_BKOCO2live_740nm_3097mW_u1_poc0p45_20x0p75NA_535s50_g70_z1_256pix_basicFLIM_120f_0001.sdt,live,1.5873439076385498,1.5423149999999999,0.06097412109375,20260517_KPC_live_on_SLIM::fitet-sz-c2-b5::3_BKOCO2live_740nm_3097mW_u1_poc0p45_20x0p75NA_535s50_g70_z1_256pix_basicFLIM_120f_0001,True,0,0.0,0.0,0.0,36286,0.47249627955685386,201.618,200.0
3_BKOCO2live_740nm_3097mW_u1_poc0p45_20x0p75NA_535s50_g70_z1_256pix_basicFLIM_120f_0002.sdt,live,1.3997600072174072,1.36985,0.026397705078125,20260517_KPC_live_on_SLIM::fitet-sz-c2-b5::3_BKOCO2live_740nm_3097mW_u1_poc0p45_20x0p75NA_535s50_g70_z1_256pix_basicFLIM_120f_0002,True,0,0.0,0.0,0.0,17996,0.5870193376305846,195.1125,200.0
3_BKOCO2live_740nm_3097mW_u1_poc0p45_20x0p75NA_535s50_g70_z1_256pix_basicFLIM_120f_0003.sdt,live,1.5291557095184325,1.487975,0.0427398681640625,20260517_KPC_live_on_SLIM::fitet-sz-c2-b5::3_BKOCO2live_740nm_3097mW_u1_poc0p45_20x0p75NA_535s50_g70_z1_256pix_basicFLIM_120f_0003,True,0,0.0,0.0,0.0,24993,0.6979154163165686,188.148,200.0
3_BKOCO2live_740nm_3097mW_u1_poc0p45_20x0p75NA_535s50_g70_z1_256pix_basicFLIM_120f_0004.sdt,live,1.352621808670044,1.346145,0.0049591064453125,20260517_KPC_live_on_SLIM::fitet-sz-c2-b5::3_BKOCO2live_740nm_3097mW_u1_poc0p45_20x0p75NA_535s50_g70_z1_256pix_basicFLIM_120f_0004,True,0,0.0,0.0,0.0,4909,0.733550621307802,188.641,200.0
3_BKOCO2live_740nm_3097mW_u1_poc0p45_20x0p75NA_535s50_g70_z1_256pix_basicFLIM_120f_0005.sdt,live,1.449683870315552,1.422225,0.0182342529296875,20260517_KPC_live_on_SLIM::fitet-sz-c2-b5::3_BKOCO2live_740nm_3097mW_u1_poc0p45_20x0p75NA_535s50_g70_z1_256pix_basicFLIM_120f_0005,True,0,0.0,0.0,0.0,19303,0.5506397969227581,196.812,200.0
3_BKOCO2live_740nm_3097mW_u1_poc0p45_20x0p75NA_535s50_g70_z1_256pix_basicFLIM_120f_0006.sdt,live,1.6411819231567384,1.578275,0.0729827880859375,20260517_KPC_live_on_SLIM::fitet-sz-c2-b5::3_BKOCO2live_740nm_3097mW_u1_poc0p45_20x0p75NA_535s50_g70_z1_256pix_basicFLIM_120f_0006,True,0,0.0,0.0,0.0,53306,0.5715491689490864,195.46949999999998,200.0
3_BKOCO2live_740nm_3097mW_u1_poc0p45_20x0p75NA_535s50_g70_z1_256pix_basicFLIM_120f_0007.sdt,live,1.6418171346588135,1.59795,0.0591888427734375,20260517_KPC_live_on_SLIM::fitet-sz-c2-b5::3_BKOCO2live_740nm_3097mW_u1_poc0p45_20x0p75NA_535s50_g70_z1_256pix_basicFLIM_120f_0007,True,0,0.0,0.0,0.0,40466,0.8640587159590768,176.716,200.0
3_BKOCO2live_740nm_3097mW_u1_poc0p45_20x0p75NA_535s50_g70_z1_256pix_basicFLIM_120f_0008.sdt,live,1.4418908362731933,1.416575,0.014739990234375,20260517_KPC_live_on_SLIM::fitet-sz-c2-b5::3_BKOCO2live_740nm_3097mW_u1_poc0p45_20x0p75NA_535s50_g70_z1_256pix_basicFLIM_120f_0008,True,0,0.0,0.0,0.0,12136,0.26796308503625577,214.5135,200.0
3_BKOCO2live_740nm_3097mW_u1_poc0p45_20x0p75NA_535s50_g70_z1_256pix_basicFLIM_120f_0009.sdt,live,1.6106235481109619,1.538185,0.067626953125,20260517_KPC_live_on_SLIM::fitet-sz-c2-b5::3_BKOCO2live_740nm_3097mW_u1_poc0p45_20x0p75NA_535s50_g70_z1_256pix_basicFLIM_120f_0009,True,0,0.0,0.0,0.0,45611,0.5967200894521059,194.177,200.0
3_BKOCO2live_740nm_3097mW_u1_poc0p45_20x0p75NA_535s50_g70_z1_256pix_basicFLIM_120f_0010.sdt,live,1.7525451216278074,1.723595,0.2433624267578125,20260517_KPC_live_on_SLIM::fitet-sz-c2-b5::3_BKOCO2live_740nm_3097mW_u1_poc0p45_20x0p75NA_535s50_g70_z1_256pix_basicFLIM_120f_0010,True,0,0.0,0.0,0.0,45572,0.36041867813569733,208.977,200.0
3_BKOCO2live_740nm_3097mW_u1_poc0p45_20x0p75NA_535s50_g70_z1_256pix_basicFLIM_120f_0011.sdt,live,1.4841264977264403,1.46106,0.0234222412109375,20260517_KPC_live_on_SLIM::fitet-sz-c2-b5::3_BKOCO2live_740nm_3097mW_u1_poc0p45_20x0p75NA_535s50_g70_z1_256pix_basicFLIM_120f_0011,True,0,0.0,0.0,0.0,23472,0.18281356509884117,220.933,200.0
3_BKOCO2live_740nm_3097mW_u1_poc0p45_20x0p75NA_535s50_g70_z1_256pix_basicFLIM_120f_0012.sdt,live,1.6835536999664307,1.6639650000000001,0.1714019775390625,20260517_KPC_live_on_SLIM::fitet-sz-c2-b5::3_BKOCO2live_740nm_3097mW_u1_poc0p45_20x0p75NA_535s50_g70_z1_256pix_basicFLIM_120f_0012,True,0,0.0,0.0,0.0,45212,0.4522693090330001,202.90050000000002,200.0
3_BKOCO2live_740nm_3097mW_u1_poc0p45_20x0p75NA_535s50_g70_z1_256pix_basicFLIM_120f_0013.sdt,live,1.6132819486999512,1.54259,0.1083831787109375,20260517_KPC_live_on_SLIM::fitet-sz-c2-b5::3_BKOCO2live_740nm_3097mW_u1_poc0p45_20x0p75NA_535s50_g70_z1_256pix_basicFLIM_120f_0013,True,0,0.0,0.0,0.0,34526,0.5090077043387592,199.3505,200.0
3_BKOCO2live_740nm_3097mW_u1_poc0p45_20x0p75NA_535s50_g70_z1_256pix_basicFLIM_120f_0014.sdt,live,1.4739795269622804,1.41396,0.06268310546875,20260517_KPC_live_on_SLIM::fitet-sz-c2-b5::3_BKOCO2live_740nm_3097mW_u1_poc0p45_20x0p75NA_535s50_g70_z1_256pix_basicFLIM_120f_0014,True,0,0.0,0.0,0.0,26589,0.4730527661815036,201.594,200.0
3_BKOCO2live_740nm_3097mW_u1_poc0p45_20x0p75NA_535s50_g70_z1_256pix_basicFLIM_120f_0015.sdt,live,1.4136797435455322,1.362435,0.0261383056640625,20260517_KPC_live_on_SLIM::fitet-sz-c2-b5::3_BKOCO2live_740nm_3097mW_u1_poc0p45_20x0p75NA_535s50_g70_z1_256pix_basicFLIM_120f_0015,True,0,0.0,0.0,0.0,4751,0.703009892654178,180.586,200.0
3_BKOCO2live_740nm_3097mW_u1_poc0p45_20x0p75NA_457s50_g70_z1_256pix_basicFLIM_120f_0000.sdt,live,1.3375859176483156,1.3082,0.0138702392578125,20260517_KPC_live_on_SLIM::fitet-sz-c2-b5::3_BKOCO2live_740nm_3097mW_u1_poc0p45_20x0p75NA_457s50_g70_z1_256pix_basicFLIM_120f_0000,True,0,0.0,0.0,0.0,43360,0.03523985239852399,266.452,200.0
3_BKOCO2live_740nm_3097mW_u1_poc0p45_20x0p75NA_457s50_g70_z1_256pix_basicFLIM_120f_0001.sdt,live,1.3744723003845216,1.34818,0.013031005859375,20260517_KPC_live_on_SLIM::fitet-sz-c2-b5::3_BKOCO2live_740nm_3097mW_u1_poc0p45_20x0p75NA_457s50_g70_z1_256pix_basicFLIM_120f_0001,True,0,0.0,0.0,0.0,39301,0.042059998473321286,268.116,200.0
3_BKOCO2live_740nm_3097mW_u1_poc0p45_20x0p75NA_457s50_g70_z1_256pix_basicFLIM_120f_0002.sdt,live,1.2888058498077393,1.24816,0.0197906494140625,20260517_KPC_live_on_SLIM::fitet-sz-c2-b5::3_BKOCO2live_740nm_3097mW_u1_poc0p45_20x0p75NA_457s50_g70_z1_256pix_basicFLIM_120f_0002,True,0,0.0,0.0,0.0,29210,0.057274905854159536,269.963,200.0
3_BKOCO2live_740nm_3097mW_u1_poc0p45_20x0p75NA_457s50_g70_z1_256pix_basicFLIM_120f_0003.sdt,live,1.578798619277954,1.49356,0.068084716796875,20260517_KPC_live_on_SLIM::fitet-sz-c2-b5::3_BKOCO2live_740nm_3097mW_u1_poc0p45_20x0p75NA_457s50_g70_z1_256pix_basicFLIM_120f_0003,True,0,0.0,0.0,0.0,62189,0.07966039010114329,266.485,200.0
3_BKOCO2live_740nm_3097mW_u1_poc0p45_20x0p75NA_457s50_g70_z1_256pix_basicFLIM_120f_0004.sdt,live,1.370567186981201,1.34317,0.01287841796875,20260517_KPC_live_on_SLIM::fitet-sz-c2-b5::3_BKOCO2live_740nm_3097mW_u1_poc0p45_20x0p75NA_457s50_g70_z1_256pix_basicFLIM_120f_0004,True,0,0.0,0.0,0.0,41606,0.02379464500312455,269.729,200.0
3_BKOCO2live_740nm_3097mW_u1_poc0p45_20x0p75NA_457s50_g70_z1_256pix_basicFLIM_120f_0005.sdt,live,1.4810004935455323,1.4442249999999999,0.0217132568359375,20260517_KPC_live_on_SLIM::fitet-sz-c2-b5::3_BKOCO2live_740nm_3097mW_u1_poc0p45_20x0p75NA_457s50_g70_z1_256pix_basicFLIM_120f_0005,True,0,0.0,0.0,0.0,63313,0.018495411684804067,276.181,200.0
3_BKOCO2live_740nm_3097mW_u1_poc0p45_20x0p75NA_457s50_g70_z1_256pix_basicFLIM_120f_0006.sdt,live,1.5663762672424317,1.483775,0.052032470703125,20260517_KPC_live_on_SLIM::fitet-sz-c2-b5::3_BKOCO2live_740nm_3097mW_u1_poc0p45_20x0p75NA_457s50_g70_z1_256pix_basicFLIM_120f_0006,True,0,0.0,0.0,0.0,61925,0.05254743641501817,272.564,200.0
3_BKOCO2live_740nm_3097mW_u1_poc0p45_20x0p75NA_457s50_g70_z1_256pix_basicFLIM_120f_0007.sdt,live,1.4627737677612305,1.41208,0.0302276611328125,20260517_KPC_live_on_SLIM::fitet-sz-c2-b5::3_BKOCO2live_740nm_3097mW_u1_poc0p45_20x0p75NA_457s50_g70_z1_256pix_basicFLIM_120f_0007,True,0,0.0,0.0,0.0,53914,0.036688058760247805,264.08050000000003,200.0
3_BKOCO2live_740nm_3097mW_u1_poc0p45_20x0p75NA_457s50_g70_z1_256pix_basicFLIM_120f_0008.sdt,live,1.0895108207397461,1.082365,0.0,20260517_KPC_live_on_SLIM::fitet-sz-c2-b5::3_BKOCO2live_740nm_3097mW_u1_poc0p45_20x0p75NA_457s50_g70_z1_256pix_basicFLIM_120f_0008,True,0,0.0,0.0,0.0,0,,,200.0
3_BKOCO2live_740nm_3097mW_u1_poc0p45_20x0p75NA_457s50_g70_z1_256pix_basicFLIM_120f_0009.sdt,live,1.5095193728027345,1.41934,0.058807373046875,20260517_KPC_live_on_SLIM::fitet-sz-c2-b5::3_BKOCO2live_740nm_3097mW_u1_poc0p45_20x0p75NA_457s50_g70_z1_256pix_basicFLIM_120f_0009,True,0,0.0,0.0,0.0,48139,0.13662518955524627,262.403,200.0
3_BKOCO2live_740nm_3097mW_u1_poc0p45_20x0p75NA_457s50_g70_z1_256pix_basicFLIM_120f_0010.sdt,live,1.280517136993408,1.249195,0.0176849365234375,20260517_KPC_live_on_SLIM::fitet-sz-c2-b5::3_BKOCO2live_740nm_3097mW_u1_poc0p45_20x0p75NA_457s50_g70_z1_256pix_basicFLIM_120f_0010,True,0,0.0,0.0,0.0,27971,0.05137463801794716,270.854,200.0
3_BKOCO2live_740nm_3097mW_u1_poc0p45_20x0p75NA_457s50_g70_z1_256pix_basicFLIM_120f_0011.sdt,live,1.5606186092529297,1.501175,0.0635528564453125,20260517_KPC_live_on_SLIM::fitet-sz-c2-b5::3_BKOCO2live_740nm_3097mW_u1_poc0p45_20x0p75NA_457s50_g70_z1_256pix_basicFLIM_120f_0011,True,0,0.0,0.0,0.0,57136,0.06297255670680482,281.2095,200.0
3_BKOCO2live_740nm_3097mW_u1_poc0p45_20x0p75NA_457s50_g70_z1_256pix_basicFLIM_120f_0012.sdt,live,1.5460688215637206,1.4800550000000001,0.088470458984375,20260517_KPC_live_on_SLIM::fitet-sz-c2-b5::3_BKOCO2live_740nm_3097mW_u1_poc0p45_20x0p75NA_457s50_g70_z1_256pix_basicFLIM_120f_0012,True,0,0.0,0.0,0.0,40446,0.07555753350145873,272.336,200.0
3_BKOCO2live_740nm_3097mW_u1_poc0p45_20x0p75NA_457s50_g70_z1_256pix_basicFLIM_120f_0013.sdt,live,1.4821334746093748,1.399365,0.0523681640625,20260517_KPC_live_on_SLIM::fitet-sz-c2-b5::3_BKOCO2live_740nm_3097mW_u1_poc0p45_20x0p75NA_457s50_g70_z1_256pix_basicFLIM_120f_0013,True,0,0.0,0.0,0.0,37402,0.05168172824982621,272.8345,200.0
3_BKOCO2live_740nm_3097mW_u1_poc0p45_20x0p75NA_457s50_g70_z1_256pix_basicFLIM_120f_0014.sdt,live,1.2348172155456543,1.2062300000000001,0.008544921875,20260517_KPC_live_on_SLIM::fitet-sz-c2-b5::3_BKOCO2live_740nm_3097mW_u1_poc0p45_20x0p75NA_457s50_g70_z1_256pix_basicFLIM_120f_0014,True,0,0.0,0.0,0.0,22199,0.046984098382810036,274.435,200.0
3_BKOCO2live_740nm_3097mW_u1_poc0p45_20x0p75NA_457s50_g70_z1_256pix_basicFLIM_120f_0015.sdt,live,1.4460939014587404,1.36455,0.0457000732421875,20260517_KPC_live_on_SLIM::fitet-sz-c2-b5::3_BKOCO2live_740nm_3097mW_u1_poc0p45_20x0p75NA_457s50_g70_z1_256pix_basicFLIM_120f_0015,True,0,0.0,0.0,0.0,43309,0.1201366921425108,262.256,200.0
3_KPCWTform10min_740nm_3082mW_u1_poc0p25_20x0p75NA_457s50_g70_z1_256pix_basicFLIM_120f_0000.sdt,form,1.3872136655731202,1.37797,0.0029144287109375,20260520_KPC_fixed_dishes_SLIM::fitet-sz-c2-b9::3_KPCWTform10min_740nm_3082mW_u1_poc0p25_20x0p75NA_457s50_g70_z1_256pix_basicFLIM_120f_0000,True,0,0.0,0.0,0.0,0,,,200.0
3_KPCWTform10min_740nm_3082mW_u1_poc0p25_20x0p75NA_457s50_g70_z1_256pix_basicFLIM_120f_0001.sdt,form,1.1860206689605712,1.17127,0.0003814697265625,20260520_KPC_fixed_dishes_SLIM::fitet-sz-c2-b9::3_KPCWTform10min_740nm_3082mW_u1_poc0p25_20x0p75NA_457s50_g70_z1_256pix_basicFLIM_120f_0001,True,0,0.0,0.0,0.0,0,,,200.0
3_KPCWTform10min_740nm_3082mW_u1_poc0p25_20x0p75NA_457s50_g70_z1_256pix_basicFLIM_120f_0002.sdt,form,1.2440028774414063,1.22864,0.000213623046875,20260520_KPC_fixed_dishes_SLIM::fitet-sz-c2-b9::3_KPCWTform10min_740nm_3082mW_u1_poc0p25_20x0p75NA_457s50_g70_z1_256pix_basicFLIM_120f_0002,True,0,0.0,0.0,0.0,0,,,200.0
3_KPCWTform10min_740nm_3082mW_u1_poc0p25_20x0p75NA_457s50_g70_z1_256pix_basicFLIM_120f_0003.sdt,form,1.400504122817993,1.39165,0.0099639892578125,20260520_KPC_fixed_dishes_SLIM::fitet-sz-c2-b9::3_KPCWTform10min_740nm_3082mW_u1_poc0p25_20x0p75NA_457s50_g70_z1_256pix_basicFLIM_120f_0003,True,0,0.0,0.0,0.0,0,,,200.0
3_KPCWTform10min_740nm_3082mW_u1_poc0p25_20x0p75NA_457s50_g70_z1_256pix_basicFLIM_120f_0004.sdt,form,1.202630857208252,1.19308,3.0517578125e-05,20260520_KPC_fixed_dishes_SLIM::fitet-sz-c2-b9::3_KPCWTform10min_740nm_3082mW_u1_poc0p25_20x0p75NA_457s50_g70_z1_256pix_basicFLIM_120f_0004,True,0,0.0,0.0,0.0,0,,,200.0
3_KPCWTform10min_740nm_3082mW_u1_poc0p25_20x0p75NA_457s50_g70_z1_256pix_basicFLIM_120f_0005.sdt,form,1.280795223754883,1.26541,0.00299072265625,20260520_KPC_fixed_dishes_SLIM::fitet-sz-c2-b9::3_KPCWTform10min_740nm_3082mW_u1_poc0p25_20x0p75NA_457s50_g70_z1_256pix_basicFLIM_120f_0005,True,0,0.0,0.0,0.0,0,,,200.0
3_KPCWTform10min_740nm_3082mW_u1_poc0p25_20x0p75NA_457s50_g70_z1_256pix_basicFLIM_120f_0006.sdt,form,1.1666355799102786,1.15307,0.0013275146484375,20260520_KPC_fixed_dishes_SLIM::fitet-sz-c2-b9::3_KPCWTform10min_740nm_3082mW_u1_poc0p25_20x0p75NA_457s50_g70_z1_256pix_basicFLIM_120f_0006,True,0,0.0,0.0,0.0,0,,,200.0
3_KPCWTform10min_740nm_3082mW_u1_poc0p25_20x0p75NA_457s50_g70_z1_256pix_basicFLIM_120f_0007.sdt,form,1.1218624637451171,1.11412,3.0517578125e-05,20260520_KPC_fixed_dishes_SLIM::fitet-sz-c2-b9::3_KPCWTform10min_740nm_3082mW_u1_poc0p25_20x0p75NA_457s50_g70_z1_256pix_basicFLIM_120f_0007,True,0,0.0,0.0,0.0,0,,,200.0
3_KPCWTform10min_740nm_3082mW_u1_poc0p25_20x0p75NA_457s50_g70_z1_256pix_basicFLIM_120f_0008.sdt,form,1.139155769226074,1.13416,0.0,20260520_KPC_fixed_dishes_SLIM::fitet-sz-c2-b9::3_KPCWTform10min_740nm_3082mW_u1_poc0p25_20x0p75NA_457s50_g70_z1_256pix_basicFLIM_120f_0008,True,0,0.0,0.0,0.0,0,,,200.0
3_KPCWTform10min_740nm_3082mW_u1_poc0p25_20x0p75NA_457s50_g70_z1_256pix_basicFLIM_120f_0009.sdt,form,1.3672430226135253,1.363195,0.00152587890625,20260520_KPC_fixed_dishes_SLIM::fitet-sz-c2-b9::3_KPCWTform10min_740nm_3082mW_u1_poc0p25_20x0p75NA_457s50_g70_z1_256pix_basicFLIM_120f_0009,True,0,0.0,0.0,0.0,0,,,200.0
3_KPCWTform10min_740nm_3082mW_u1_poc0p25_20x0p75NA_457s50_g70_z1_256pix_basicFLIM_120f_0010.sdt,form,1.2070198797454834,1.1957,0.0001983642578125,20260520_KPC_fixed_dishes_SLIM::fitet-sz-c2-b9::3_KPCWTform10min_740nm_3082mW_u1_poc0p25_20x0p75NA_457s50_g70_z1_256pix_basicFLIM_120f_0010,True,0,0.0,0.0,0.0,0,,,200.0
3_KPCWTform10min_740nm_3082mW_u1_poc0p25_20x0p75NA_457s50_g70_z1_256pix_basicFLIM_120f_0011.sdt,form,1.2537706696014403,1.241365,0.0005340576171875,20260520_KPC_fixed_dishes_SLIM::fitet-sz-c2-b9::3_KPCWTform10min_740nm_3082mW_u1_poc0p25_20x0p75NA_457s50_g70_z1_256pix_basicFLIM_120f_0011,True,0,0.0,0.0,0.0,0,,,200.0
3_KPCWTform10min_740nm_3082mW_u1_poc0p25_20x0p75NA_457s50_g70_z1_256pix_basicFLIM_120f_0012.sdt,form,1.2215471907348632,1.21697,0.0019073486328125,20260520_KPC_fixed_dishes_SLIM::fitet-sz-c2-b9::3_KPCWTform10min_740nm_3082mW_u1_poc0p25_20x0p75NA_457s50_g70_z1_256pix_basicFLIM_120f_0012,True,0,0.0,0.0,0.0,0,,,200.0
3_KPCWTform10min_740nm_3082mW_u1_poc0p25_20x0p75NA_457s50_g70_z1_256pix_basicFLIM_120f_0013.sdt,form,1.2291127082214355,1.22254,0.001556396484375,20260520_KPC_fixed_dishes_SLIM::fitet-sz-c2-b9::3_KPCWTform10min_740nm_3082mW_u1_poc0p25_20x0p75NA_457s50_g70_z1_256pix_basicFLIM_120f_0013,True,0,0.0,0.0,0.0,0,,,200.0
3_KPCWTform10min_740nm_3082mW_u1_poc0p25_20x0p75NA_457s50_g70_z1_256pix_basicFLIM_120f_0014.sdt,form,1.190558500717163,1.174165,0.0045318603515625,20260520_KPC_fixed_dishes_SLIM::fitet-sz-c2-b9::3_KPCWTform10min_740nm_3082mW_u1_poc0p25_20x0p75NA_457s50_g70_z1_256pix_basicFLIM_120f_0014,True,0,0.0,0.0,0.0,0,,,200.0
3_KPCWTform10min_740nm_3082mW_u1_poc0p25_20x0p75NA_457s50_g70_z1_256pix_basicFLIM_120f_0015.sdt,form,1.2945673223876955,1.305365,0.0011444091796875,20260520_KPC_fixed_dishes_SLIM::fitet-sz-c2-b9::3_KPCWTform10min_740nm_3082mW_u1_poc0p25_20x0p75NA_457s50_g70_z1_256pix_basicFLIM_120f_0015,True,0,0.0,0.0,0.0,0,,,200.0
3_KPCWTform10min_740nm_3082mW_u1_poc0p25_20x0p75NA_457s50_g70_z1_256pix_basicFLIM_120f_0016.sdt,form,1.1299469884490967,1.121975,0.0002593994140625,20260520_KPC_fixed_dishes_SLIM::fitet-sz-c2-b9::3_KPCWTform10min_740nm_3082mW_u1_poc0p25_20x0p75NA_457s50_g70_z1_256pix_basicFLIM_120f_0016,True,0,0.0,0.0,0.0,0,,,200.0
3_KPCWTform10min_740nm_3083mW_u1_poc0p25_20x0p75NA_535s50_g70_z1_256pix_basicFLIM_120f_0000.sdt,form,1.3752153846588135,1.362255,0.00274658203125,20260520_KPC_fixed_dishes_SLIM::fitet-sz-c2-b9::3_KPCWTform10min_740nm_3083mW_u1_poc0p25_20x0p75NA_535s50_g70_z1_256pix_basicFLIM_120f_0000,True,0,0.0,0.0,0.0,0,,,200.0
3_KPCWTform10min_740nm_3083mW_u1_poc0p25_20x0p75NA_535s50_g70_z1_256pix_basicFLIM_120f_0001.sdt,form,1.209005101699829,1.1957,0.0010528564453125,20260520_KPC_fixed_dishes_SLIM::fitet-sz-c2-b9::3_KPCWTform10min_740nm_3083mW_u1_poc0p25_20x0p75NA_535s50_g70_z1_256pix_basicFLIM_120f_0001,True,0,0.0,0.0,0.0,0,,,200.0
3_KPCWTform10min_740nm_3083mW_u1_poc0p25_20x0p75NA_535s50_g70_z1_256pix_basicFLIM_120f_0002.sdt,form,1.258748976928711,1.24335,0.000396728515625,20260520_KPC_fixed_dishes_SLIM::fitet-sz-c2-b9::3_KPCWTform10min_740nm_3083mW_u1_poc0p25_20x0p75NA_535s50_g70_z1_256pix_basicFLIM_120f_0002,True,0,0.0,0.0,0.0,0,,,200.0
3_KPCWTform10min_740nm_3083mW_u1_poc0p25_20x0p75NA_535s50_g70_z1_256pix_basicFLIM_120f_0003.sdt,form,1.4006083766632078,1.38177,0.017059326171875,20260520_KPC_fixed_dishes_SLIM::fitet-sz-c2-b9::3_KPCWTform10min_740nm_3083mW_u1_poc0p25_20x0p75NA_535s50_g70_z1_256pix_basicFLIM_120f_0003,True,0,0.0,0.0,0.0,0,,,200.0
3_KPCWTform10min_740nm_3083mW_u1_poc0p25_20x0p75NA_535s50_g70_z1_256pix_basicFLIM_120f_0004.sdt,form,1.225569244857788,1.21428,0.0002288818359375,20260520_KPC_fixed_dishes_SLIM::fitet-sz-c2-b9::3_KPCWTform10min_740nm_3083mW_u1_poc0p25_20x0p75NA_535s50_g70_z1_256pix_basicFLIM_120f_0004,True,0,0.0,0.0,0.0,0,,,200.0
3_KPCWTform10min_740nm_3083mW_u1_poc0p25_20x0p75NA_535s50_g70_z1_256pix_basicFLIM_120f_0005.sdt,form,1.2993657816314697,1.28641,0.0020294189453125,20260520_KPC_fixed_dishes_SLIM::fitet-sz-c2-b9::3_KPCWTform10min_740nm_3083mW_u1_poc0p25_20x0p75NA_535s50_g70_z1_256pix_basicFLIM_120f_0005,True,0,0.0,0.0,0.0,0,,,200.0
3_KPCWTform10min_740nm_3083mW_u1_poc0p25_20x0p75NA_535s50_g70_z1_256pix_basicFLIM_120f_0006.sdt,form,1.1866707261047362,1.17399,0.000457763671875,20260520_KPC_fixed_dishes_SLIM::fitet-sz-c2-b9::3_KPCWTform10min_740nm_3083mW_u1_poc0p25_20x0p75NA_535s50_g70_z1_256pix_basicFLIM_120f_0006,True,0,0.0,0.0,0.0,0,,,200.0
3_KPCWTform10min_740nm_3083mW_u1_poc0p25_20x0p75NA_535s50_g70_z1_256pix_basicFLIM_120f_0007.sdt,form,1.1381786517181396,1.1284,0.0031280517578125,20260520_KPC_fixed_dishes_SLIM::fitet-sz-c2-b9::3_KPCWTform10min_740nm_3083mW_u1_poc0p25_20x0p75NA_535s50_g70_z1_256pix_basicFLIM_120f_0007,True,0,0.0,0.0,0.0,0,,,200.0
3_KPCWTform10min_740nm_3083mW_u1_poc0p25_20x0p75NA_535s50_g70_z1_256pix_basicFLIM_120f_0008.sdt,form,1.1794790148925782,1.16914,0.00213623046875,20260520_KPC_fixed_dishes_SLIM::fitet-sz-c2-b9::3_KPCWTform10min_740nm_3083mW_u1_poc0p25_20x0p75NA_535s50_g70_z1_256pix_basicFLIM_120f_0008,True,0,0.0,0.0,0.0,0,,,200.0
3_KPCWTform10min_740nm_3083mW_u1_poc0p25_20x0p75NA_535s50_g70_z1_256pix_basicFLIM_120f_0009.sdt,form,1.4216606989898681,1.418865,0.003448486328125,20260520_KPC_fixed_dishes_SLIM::fitet-sz-c2-b9::3_KPCWTform10min_740nm_3083mW_u1_poc0p25_20x0p75NA_535s50_g70_z1_256pix_basicFLIM_120f_0009,True,0,0.0,0.0,0.0,0,,,200.0
3_KPCWTform10min_740nm_3083mW_u1_poc0p25_20x0p75NA_535s50_g70_z1_256pix_basicFLIM_120f_0010.sdt,form,1.2327072481384278,1.224855,0.0002288818359375,20260520_KPC_fixed_dishes_SLIM::fitet-sz-c2-b9::3_KPCWTform10min_740nm_3083mW_u1_poc0p25_20x0p75NA_535s50_g70_z1_256pix_basicFLIM_120f_0010,True,0,0.0,0.0,0.0,0,,,200.0
3_KPCWTform10min_740nm_3083mW_u1_poc0p25_20x0p75NA_535s50_g70_z1_256pix_basicFLIM_120f_0011.sdt,form,1.2779249132537842,1.26823,0.000946044921875,20260520_KPC_fixed_dishes_SLIM::fitet-sz-c2-b9::3_KPCWTform10min_740nm_3083mW_u1_poc0p25_20x0p75NA_535s50_g70_z1_256pix_basicFLIM_120f_0011,True,0,0.0,0.0,0.0,0,,,200.0
3_KPCWTform10min_740nm_3083mW_u1_poc0p25_20x0p75NA_535s50_g70_z1_256pix_basicFLIM_120f_0012.sdt,form,1.237445071395874,1.233,0.0024566650390625,20260520_KPC_fixed_dishes_SLIM::fitet-sz-c2-b9::3_KPCWTform10min_740nm_3083mW_u1_poc0p25_20x0p75NA_535s50_g70_z1_256pix_basicFLIM_120f_0012,True,0,0.0,0.0,0.0,0,,,200.0
3_KPCWTform10min_740nm_3083mW_u1_poc0p25_20x0p75NA_535s50_g70_z1_256pix_basicFLIM_120f_0013.sdt,form,1.2820815926208495,1.2803149999999999,0.0020599365234375,20260520_KPC_fixed_dishes_SLIM::fitet-sz-c2-b9::3_KPCWTform10min_740nm_3083mW_u1_poc0p25_20x0p75NA_535s50_g70_z1_256pix_basicFLIM_120f_0013,True,0,0.0,0.0,0.0,0,,,200.0
3_KPCWTform10min_740nm_3083mW_u1_poc0p25_20x0p75NA_535s50_g70_z1_256pix_basicFLIM_120f_0014.sdt,form,1.2021928108520508,1.19066,0.0036773681640625,20260520_KPC_fixed_dishes_SLIM::fitet-sz-c2-b9::3_KPCWTform10min_740nm_3083mW_u1_poc0p25_20x0p75NA_535s50_g70_z1_256pix_basicFLIM_120f_0014,True,0,0.0,0.0,0.0,0,,,200.0
3_KPCWTform10min_740nm_3083mW_u1_poc0p25_20x0p75NA_535s50_g70_z1_256pix_basicFLIM_120f_0015.sdt,form,1.3306029434051512,1.3274,0.008392333984375,20260520_KPC_fixed_dishes_SLIM::fitet-sz-c2-b9::3_KPCWTform10min_740nm_3083mW_u1_poc0p25_20x0p75NA_535s50_g70_z1_256pix_basicFLIM_120f_0015,True,0,0.0,0.0,0.0,0,,,200.0
3_KPCWTform10min_740nm_3083mW_u1_poc0p25_20x0p75NA_535s50_g70_z1_256pix_basicFLIM_120f_0016.sdt,form,1.1445250043945312,1.140735,7.62939453125e-05,20260520_KPC_fixed_dishes_SLIM::fitet-sz-c2-b9::3_KPCWTform10min_740nm_3083mW_u1_poc0p25_20x0p75NA_535s50_g70_z1_256pix_basicFLIM_120f_0016,True,0,0.0,0.0,0.0,0,,,200.0
3_KPCWTform10min_740nm_3083mW_u1_poc0p6_20x0p75NA_535s50_g70_z1_256pix_basicFLIM_120f_0000.sdt,form,3.189139756622314,3.19577,0.9728546142578125,20260520_KPC_fixed_dishes_SLIM::fitet-sz-c2-b9::3_KPCWTform10min_740nm_3083mW_u1_poc0p6_20x0p75NA_535s50_g70_z1_256pix_basicFLIM_120f_0000,True,0,0.0,0.0,0.0,65135,1.0,137.851,200.0
3_KPCWTform10min_740nm_3083mW_u1_poc0p6_20x0p75NA_535s50_g70_z1_256pix_basicFLIM_120f_0001.sdt,form,1.9458027250671388,1.92322,0.4184112548828125,20260520_KPC_fixed_dishes_SLIM::fitet-sz-c2-b9::3_KPCWTform10min_740nm_3083mW_u1_poc0p6_20x0p75NA_535s50_g70_z1_256pix_basicFLIM_120f_0001,True,0,0.0,0.0,0.0,6796,1.0,141.00549999999998,200.0
3_KPCWTform10min_740nm_3083mW_u1_poc0p6_20x0p75NA_535s50_g70_z1_256pix_basicFLIM_120f_0002.sdt,form,2.480320413360596,2.41105,0.8086700439453125,20260520_KPC_fixed_dishes_SLIM::fitet-sz-c2-b9::3_KPCWTform10min_740nm_3083mW_u1_poc0p6_20x0p75NA_535s50_g70_z1_256pix_basicFLIM_120f_0002,True,0,0.0,0.0,0.0,38290,1.0,141.166,200.0
3_KPCWTform10min_740nm_3083mW_u1_poc0p6_20x0p75NA_535s50_g70_z1_256pix_basicFLIM_120f_0003.sdt,form,3.162094078674316,3.124025,0.9069061279296875,20260520_KPC_fixed_dishes_SLIM::fitet-sz-c2-b9::3_KPCWTform10min_740nm_3083mW_u1_poc0p6_20x0p75NA_535s50_g70_z1_256pix_basicFLIM_120f_0003,True,0,0.0,0.0,0.0,53712,1.0,143.4195,200.0
3_KPCWTform10min_740nm_3083mW_u1_poc0p6_20x0p75NA_535s50_g70_z1_256pix_basicFLIM_120f_0004.sdt,form,2.1608959243621824,2.155495,0.5975341796875,20260520_KPC_fixed_dishes_SLIM::fitet-sz-c2-b9::3_KPCWTform10min_740nm_3083mW_u1_poc0p6_20x0p75NA_535s50_g70_z1_256pix_basicFLIM_120f_0004,True,0,0.0,0.0,0.0,27628,1.0,146.2175,200.0
3_KPCWTform10min_740nm_3083mW_u1_poc0p6_20x0p75NA_535s50_g70_z1_256pix_basicFLIM_120f_0005.sdt,form,2.5718642967224117,2.4896450000000003,0.8343353271484375,20260520_KPC_fixed_dishes_SLIM::fitet-sz-c2-b9::3_KPCWTform10min_740nm_3083mW_u1_poc0p6_20x0p75NA_535s50_g70_z1_256pix_basicFLIM_120f_0005,True,0,0.0,0.0,0.0,52423,1.0,139.154,200.0
3_KPCWTform10min_740nm_3083mW_u1_poc0p6_20x0p75NA_535s50_g70_z1_256pix_basicFLIM_120f_0006.sdt,form,1.8860470450134277,1.78251,0.255889892578125,20260520_KPC_fixed_dishes_SLIM::fitet-sz-c2-b9::3_KPCWTform10min_740nm_3083mW_u1_poc0p6_20x0p75NA_535s50_g70_z1_256pix_basicFLIM_120f_0006,True,0,0.0,0.0,0.0,9909,1.0,144.446,200.0
3_KPCWTform10min_740nm_3083mW_u1_poc0p6_20x0p75NA_535s50_g70_z1_256pix_basicFLIM_120f_0007.sdt,form,1.6681693876037598,1.635095,0.086944580078125,20260520_KPC_fixed_dishes_SLIM::fitet-sz-c2-b9::3_KPCWTform10min_740nm_3083mW_u1_poc0p6_20x0p75NA_535s50_g70_z1_256pix_basicFLIM_120f_0007,True,0,0.0,0.0,0.0,279,1.0,85.3281,200.0
3_KPCWTform10min_740nm_3083mW_u1_poc0p6_20x0p75NA_535s50_g70_z1_256pix_basicFLIM_120f_0008.sdt,form,3.0321381716918943,3.06092,0.8923187255859375,20260520_KPC_fixed_dishes_SLIM::fitet-sz-c2-b9::3_KPCWTform10min_740nm_3083mW_u1_poc0p6_20x0p75NA_535s50_g70_z1_256pix_basicFLIM_120f_0008,True,0,0.0,0.0,0.0,53364,1.0,147.152,200.0
3_KPCWTform10min_740nm_3083mW_u1_poc0p6_20x0p75NA_535s50_g70_z1_256pix_basicFLIM_120f_0009.sdt,form,1.9240712571258545,1.886385,0.423431396484375,20260520_KPC_fixed_dishes_SLIM::fitet-sz-c2-b9::3_KPCWTform10min_740nm_3083mW_u1_poc0p6_20x0p75NA_535s50_g70_z1_256pix_basicFLIM_120f_0009,True,0,0.0,0.0,0.0,15916,1.0,141.63850000000002,200.0
3_KPCWTform10min_740nm_3083mW_u1_poc0p6_20x0p75NA_535s50_g70_z1_256pix_basicFLIM_120f_0010.sdt,form,,,,20260520_KPC_fixed_dishes_SLIM::fitet-sz-c2-b9::3_KPCWTform10min_740nm_3083mW_u1_poc0p6_20x0p75NA_535s50_g70_z1_256pix_basicFLIM_120f_0010,True,0,0.0,0.0,0.0,0,,,200.0
3_KPCWTform10min_740nm_3083mW_u1_poc0p6_20x0p75NA_535s50_g70_z1_256pix_basicFLIM_120f_0011.sdt,form,2.4034321575927735,2.40511,0.7563018798828125,20260520_KPC_fixed_dishes_SLIM::fitet-sz-c2-b9::3_KPCWTform10min_740nm_3083mW_u1_poc0p6_20x0p75NA_535s50_g70_z1_256pix_basicFLIM_120f_0011,True,0,0.0,0.0,0.0,45011,1.0,151.666,200.0
3_KPCWTform10min_740nm_3083mW_u1_poc0p6_20x0p75NA_535s50_g70_z1_256pix_basicFLIM_120f_0012.sdt,form,2.160613302093506,2.09907,0.5266571044921875,20260520_KPC_fixed_dishes_SLIM::fitet-sz-c2-b9::3_KPCWTform10min_740nm_3083mW_u1_poc0p6_20x0p75NA_535s50_g70_z1_256pix_basicFLIM_120f_0012,True,0,0.0,0.0,0.0,32220,0.9994723774053383,146.956,200.0
3_KPCWTform10min_740nm_3083mW_u1_poc0p6_20x0p75NA_535s50_g70_z1_256pix_basicFLIM_120f_0013.sdt,form,2.3821684981994626,2.3780900000000003,0.64886474609375,20260520_KPC_fixed_dishes_SLIM::fitet-sz-c2-b9::3_KPCWTform10min_740nm_3083mW_u1_poc0p6_20x0p75NA_535s50_g70_z1_256pix_basicFLIM_120f_0013,True,0,0.0,0.0,0.0,36197,1.0,148.257,200.0
3_KPCWTform10min_740nm_3083mW_u1_poc0p6_20x0p75NA_535s50_g70_z1_256pix_basicFLIM_120f_0014.sdt,form,1.6799007381591797,1.601585,0.191436767578125,20260520_KPC_fixed_dishes_SLIM::fitet-sz-c2-b9::3_KPCWTform10min_740nm_3083mW_u1_poc0p6_20x0p75NA_535s50_g70_z1_256pix_basicFLIM_120f_0014,True,0,0.0,0.0,0.0,4843,1.0,152.667,200.0
3_KPCWTform10min_740nm_3083mW_u1_poc0p6_20x0p75NA_535s50_g70_z1_256pix_basicFLIM_120f_0015.sdt,form,2.1841755839843753,2.232425,0.64093017578125,20260520_KPC_fixed_dishes_SLIM::fitet-sz-c2-b9::3_KPCWTform10min_740nm_3083mW_u1_poc0p6_20x0p75NA_535s50_g70_z1_256pix_basicFLIM_120f_0015,True,0,0.0,0.0,0.0,29524,1.0,147.6115,200.0
3_KPCWTform10min_740nm_3083mW_u1_poc0p6_20x0p75NA_535s50_g70_z1_256pix_basicFLIM_120f_0016.sdt,form,1.4394939923553467,1.43373,0.0099029541015625,20260520_KPC_fixed_dishes_SLIM::fitet-sz-c2-b9::3_KPCWTform10min_740nm_3083mW_u1_poc0p6_20x0p75NA_535s50_g70_z1_256pix_basicFLIM_120f_0016,True,0,0.0,0.0,0.0,0,,,200.0
3_KPCWTform10min_740nm_3083mW_u1_poc0p6_20x0p75NA_457s50_g70_z1_256pix_basicFLIM_120f_0000.sdt,form,3.7869896246337893,3.855515,0.9918212890625,20260520_KPC_fixed_dishes_SLIM::fitet-sz-c2-b9::3_KPCWTform10min_740nm_3083mW_u1_poc0p6_20x0p75NA_457s50_g70_z1_256pix_basicFLIM_120f_0000,True,0,0.0,0.0,0.0,65536,1.0,166.2015,200.0
3_KPCWTform10min_740nm_3083mW_u1_poc0p6_20x0p75NA_457s50_g70_z1_256pix_basicFLIM_120f_0001.sdt,form,2.1999717737579347,2.1749549999999997,0.639312744140625,20260520_KPC_fixed_dishes_SLIM::fitet-sz-c2-b9::3_KPCWTform10min_740nm_3083mW_u1_poc0p6_20x0p75NA_457s50_g70_z1_256pix_basicFLIM_120f_0001,True,0,0.0,0.0,0.0,43614,0.9978447287568212,165.2695,200.0
3_KPCWTform10min_740nm_3083mW_u1_poc0p6_20x0p75NA_457s50_g70_z1_256pix_basicFLIM_120f_0002.sdt,form,2.813270864105225,2.83014,0.89825439453125,20260520_KPC_fixed_dishes_SLIM::fitet-sz-c2-b9::3_KPCWTform10min_740nm_3083mW_u1_poc0p6_20x0p75NA_457s50_g70_z1_256pix_basicFLIM_120f_0002,True,0,0.0,0.0,0.0,58248,0.9996051366570526,167.0,200.0
3_KPCWTform10min_740nm_3083mW_u1_poc0p6_20x0p75NA_457s50_g70_z1_256pix_basicFLIM_120f_0003.sdt,form,3.250330961914062,3.300875,0.897064208984375,20260520_KPC_fixed_dishes_SLIM::fitet-sz-c2-b9::3_KPCWTform10min_740nm_3083mW_u1_poc0p6_20x0p75NA_457s50_g70_z1_256pix_basicFLIM_120f_0003,True,0,0.0,0.0,0.0,57285,0.9993366500829187,167.348,200.0
3_KPCWTform10min_740nm_3083mW_u1_poc0p6_20x0p75NA_457s50_g70_z1_256pix_basicFLIM_120f_0004.sdt,form,2.3216825614929197,2.37568,0.668609619140625,20260520_KPC_fixed_dishes_SLIM::fitet-sz-c2-b9::3_KPCWTform10min_740nm_3083mW_u1_poc0p6_20x0p75NA_457s50_g70_z1_256pix_basicFLIM_120f_0004,True,0,0.0,0.0,0.0,43094,0.9995126931823456,167.041,200.0
3_KPCWTform10min_740nm_3083mW_u1_poc0p6_20x0p75NA_457s50_g70_z1_256pix_basicFLIM_120f_0005.sdt,form,3.188293070983887,3.105925,0.935638427734375,20260520_KPC_fixed_dishes_SLIM::fitet-sz-c2-b9::3_KPCWTform10min_740nm_3083mW_u1_poc0p6_20x0p75NA_457s50_g70_z1_256pix_basicFLIM_120f_0005,True,0,0.0,0.0,0.0,62155,0.9999517335693026,165.28,200.0
3_KPCWTform10min_740nm_3083mW_u1_poc0p6_20x0p75NA_457s50_g70_z1_256pix_basicFLIM_120f_0006.sdt,form,2.1186601095581055,2.088695,0.5861663818359375,20260520_KPC_fixed_dishes_SLIM::fitet-sz-c2-b9::3_KPCWTform10min_740nm_3083mW_u1_poc0p6_20x0p75NA_457s50_g70_z1_256pix_basicFLIM_120f_0006,True,0,0.0,0.0,0.0,43070,0.9969352217320641,170.5575,200.0
3_KPCWTform10min_740nm_3083mW_u1_poc0p6_20x0p75NA_457s50_g70_z1_256pix_basicFLIM_120f_0007.sdt,form,1.7650067087402344,1.710585,0.26336669921875,20260520_KPC_fixed_dishes_SLIM::fitet-sz-c2-b9::3_KPCWTform10min_740nm_3083mW_u1_poc0p6_20x0p75NA_457s50_g70_z1_256pix_basicFLIM_120f_0007,True,0,0.0,0.0,0.0,7805,1.0,156.54,200.0
3_KPCWTform10min_740nm_3083mW_u1_poc0p6_20x0p75NA_457s50_g70_z1_256pix_basicFLIM_120f_0008.sdt,form,1.8804851727294922,1.84043,0.3209991455078125,20260520_KPC_fixed_dishes_SLIM::fitet-sz-c2-b9::3_KPCWTform10min_740nm_3083mW_u1_poc0p6_20x0p75NA_457s50_g70_z1_256pix_basicFLIM_120f_0008,True,0,0.0,0.0,0.0,23737,0.9846231621519147,176.241,200.0
3_KPCWTform10min_740nm_3083mW_u1_poc0p6_20x0p75NA_457s50_g70_z1_256pix_basicFLIM_120f_0009.sdt,form,3.3478596887207033,3.4006049999999997,0.9550628662109375,20260520_KPC_fixed_dishes_SLIM::fitet-sz-c2-b9::3_KPCWTform10min_740nm_3083mW_u1_poc0p6_20x0p75NA_457s50_g70_z1_256pix_basicFLIM_120f_0009,True,0,0.0,0.0,0.0,64242,0.9986924441953862,174.915,200.0
3_KPCWTform10min_740nm_3083mW_u1_poc0p6_20x0p75NA_457s50_g70_z1_256pix_basicFLIM_120f_0010.sdt,form,2.54098795211792,2.48096,0.71722412109375,20260520_KPC_fixed_dishes_SLIM::fitet-sz-c2-b9::3_KPCWTform10min_740nm_3083mW_u1_poc0p6_20x0p75NA_457s50_g70_z1_256pix_basicFLIM_120f_0010,True,0,0.0,0.0,0.0,51775,0.970082085948817,175.11,200.0
3_KPCWTform10min_740nm_3083mW_u1_poc0p6_20x0p75NA_457s50_g70_z1_256pix_basicFLIM_120f_0011.sdt,form,2.8927055671691893,2.9318549999999997,0.8709259033203125,20260520_KPC_fixed_dishes_SLIM::fitet-sz-c2-b9::3_KPCWTform10min_740nm_3083mW_u1_poc0p6_20x0p75NA_457s50_g70_z1_256pix_basicFLIM_120f_0011,True,0,0.0,0.0,0.0,57593,0.9391939992707448,183.844,200.0
3_KPCWTform10min_740nm_3083mW_u1_poc0p6_20x0p75NA_457s50_g70_z1_256pix_basicFLIM_120f_0012.sdt,form,2.3413758578948975,2.282955,0.558502197265625,20260520_KPC_fixed_dishes_SLIM::fitet-sz-c2-b9::3_KPCWTform10min_740nm_3083mW_u1_poc0p6_20x0p75NA_457s50_g70_z1_256pix_basicFLIM_120f_0012,True,0,0.0,0.0,0.0,38373,0.9715685508039507,177.479,200.0
3_KPCWTform10min_740nm_3083mW_u1_poc0p6_20x0p75NA_457s50_g70_z1_256pix_basicFLIM_120f_0013.sdt,form,2.5337562425231934,2.585635,0.6727447509765625,20260520_KPC_fixed_dishes_SLIM::fitet-sz-c2-b9::3_KPCWTform10min_740nm_3083mW_u1_poc0p6_20x0p75NA_457s50_g70_z1_256pix_basicFLIM_120f_0013,True,0,0.0,0.0,0.0,44757,0.9931630806354314,178.87,200.0
3_KPCWTform10min_740nm_3083mW_u1_poc0p6_20x0p75NA_457s50_g70_z1_256pix_basicFLIM_120f_0014.sdt,form,2.033594626373291,1.93116,0.4542388916015625,20260520_KPC_fixed_dishes_SLIM::fitet-sz-c2-b9::3_KPCWTform10min_740nm_3083mW_u1_poc0p6_20x0p75NA_457s50_g70_z1_256pix_basicFLIM_120f_0014,True,0,0.0,0.0,0.0,27079,0.9981535507219617,170.988,200.0
3_KPCWTform10min_740nm_3083mW_u1_poc0p6_20x0p75NA_457s50_g70_z1_256pix_basicFLIM_120f_0015.sdt,form,2.8802831994934084,3.038355,0.781280517578125,20260520_KPC_fixed_dishes_SLIM::fitet-sz-c2-b9::3_KPCWTform10min_740nm_3083mW_u1_poc0p6_20x0p75NA_457s50_g70_z1_256pix_basicFLIM_120f_0015,True,0,0.0,0.0,0.0,50071,0.9999800283597292,171.693,200.0
3_KPCWTform10min_740nm_3083mW_u1_poc0p6_20x0p75NA_457s50_g70_z1_256pix_basicFLIM_120f_0016.sdt,form,1.820657993515015,1.8300049999999999,0.301788330078125,20260520_KPC_fixed_dishes_SLIM::fitet-sz-c2-b9::3_KPCWTform10min_740nm_3083mW_u1_poc0p6_20x0p75NA_457s50_g70_z1_256pix_basicFLIM_120f_0016,True,0,0.0,0.0,0.0,29468,0.8691801275960364,177.745,200.0
4_BKOCO2form10min_740nm_3099mW_u1_poc0p25_20x0p75NA_457s50_g70_z1_256pix_basicFLIM_120f_0000.sdt,form,1.174814309249878,1.16595,3.0517578125e-05,20260520_KPC_fixed_dishes_SLIM::fitet-sz-c2-b9::4_BKOCO2form10min_740nm_3099mW_u1_poc0p25_20x0p75NA_457s50_g70_z1_256pix_basicFLIM_120f_0000,True,0,0.0,0.0,0.0,0,,,200.0
4_BKOCO2form10min_740nm_3099mW_u1_poc0p25_20x0p75NA_457s50_g70_z1_256pix_basicFLIM_120f_0001.sdt,form,1.2041486135253907,1.189365,0.0010223388671875,20260520_KPC_fixed_dishes_SLIM::fitet-sz-c2-b9::4_BKOCO2form10min_740nm_3099mW_u1_poc0p25_20x0p75NA_457s50_g70_z1_256pix_basicFLIM_120f_0001,True,0,0.0,0.0,0.0,0,,,200.0
4_BKOCO2form10min_740nm_3099mW_u1_poc0p25_20x0p75NA_457s50_g70_z1_256pix_basicFLIM_120f_0002.sdt,form,1.1414441083679199,1.126085,6.103515625e-05,20260520_KPC_fixed_dishes_SLIM::fitet-sz-c2-b9::4_BKOCO2form10min_740nm_3099mW_u1_poc0p25_20x0p75NA_457s50_g70_z1_256pix_basicFLIM_120f_0002,True,0,0.0,0.0,0.0,0,,,200.0
4_BKOCO2form10min_740nm_3099mW_u1_poc0p25_20x0p75NA_457s50_g70_z1_256pix_basicFLIM_120f_0003.sdt,form,1.1808071643981934,1.1695799999999998,0.0009613037109375,20260520_KPC_fixed_dishes_SLIM::fitet-sz-c2-b9::4_BKOCO2form10min_740nm_3099mW_u1_poc0p25_20x0p75NA_457s50_g70_z1_256pix_basicFLIM_120f_0003,True,0,0.0,0.0,0.0,0,,,200.0
4_BKOCO2form10min_740nm_3099mW_u1_poc0p25_20x0p75NA_457s50_g70_z1_256pix_basicFLIM_120f_0004.sdt,form,1.1377282704925538,1.133315,3.0517578125e-05,20260520_KPC_fixed_dishes_SLIM::fitet-sz-c2-b9::4_BKOCO2form10min_740nm_3099mW_u1_poc0p25_20x0p75NA_457s50_g70_z1_256pix_basicFLIM_120f_0004,True,0,0.0,0.0,0.0,0,,,200.0
4_BKOCO2form10min_740nm_3099mW_u1_poc0p25_20x0p75NA_457s50_g70_z1_256pix_basicFLIM_120f_0005.sdt,form,1.1784794722442626,1.166755,0.0001983642578125,20260520_KPC_fixed_dishes_SLIM::fitet-sz-c2-b9::4_BKOCO2form10min_740nm_3099mW_u1_poc0p25_20x0p75NA_457s50_g70_z1_256pix_basicFLIM_120f_0005,True,0,0.0,0.0,0.0,0,,,200.0
4_BKOCO2form10min_740nm_3099mW_u1_poc0p25_20x0p75NA_457s50_g70_z1_256pix_basicFLIM_120f_0006.sdt,form,1.1721581053619385,1.157805,0.0,20260520_KPC_fixed_dishes_SLIM::fitet-sz-c2-b9::4_BKOCO2form10min_740nm_3099mW_u1_poc0p25_20x0p75NA_457s50_g70_z1_256pix_basicFLIM_120f_0006,True,0,0.0,0.0,0.0,0,,,200.0
4_BKOCO2form10min_740nm_3099mW_u1_poc0p25_20x0p75NA_457s50_g70_z1_256pix_basicFLIM_120f_0007.sdt,form,1.177043785888672,1.16694,0.000152587890625,20260520_KPC_fixed_dishes_SLIM::fitet-sz-c2-b9::4_BKOCO2form10min_740nm_3099mW_u1_poc0p25_20x0p75NA_457s50_g70_z1_256pix_basicFLIM_120f_0007,True,0,0.0,0.0,0.0,0,,,200.0
4_BKOCO2form10min_740nm_3099mW_u1_poc0p25_20x0p75NA_457s50_g70_z1_256pix_basicFLIM_120f_0008.sdt,form,1.177067446762085,1.16717,6.103515625e-05,20260520_KPC_fixed_dishes_SLIM::fitet-sz-c2-b9::4_BKOCO2form10min_740nm_3099mW_u1_poc0p25_20x0p75NA_457s50_g70_z1_256pix_basicFLIM_120f_0008,True,0,0.0,0.0,0.0,0,,,200.0
4_BKOCO2form10min_740nm_3099mW_u1_poc0p25_20x0p75NA_457s50_g70_z1_256pix_basicFLIM_120f_0009.sdt,form,1.1600534187164306,1.15172,4.57763671875e-05,20260520_KPC_fixed_dishes_SLIM::fitet-sz-c2-b9::4_BKOCO2form10min_740nm_3099mW_u1_poc0p25_20x0p75NA_457s50_g70_z1_256pix_basicFLIM_120f_0009,True,0,0.0,0.0,0.0,0,,,200.0
4_BKOCO2form10min_740nm_3099mW_u1_poc0p25_20x0p75NA_457s50_g70_z1_256pix_basicFLIM_120f_0010.sdt,form,1.1157685016632082,1.10583,0.0003204345703125,20260520_KPC_fixed_dishes_SLIM::fitet-sz-c2-b9::4_BKOCO2form10min_740nm_3099mW_u1_poc0p25_20x0p75NA_457s50_g70_z1_256pix_basicFLIM_120f_0010,True,0,0.0,0.0,0.0,0,,,200.0
4_BKOCO2form10min_740nm_3099mW_u1_poc0p25_20x0p75NA_457s50_g70_z1_256pix_basicFLIM_120f_0011.sdt,form,1.1125774411315918,1.10783,0.000640869140625,20260520_KPC_fixed_dishes_SLIM::fitet-sz-c2-b9::4_BKOCO2form10min_740nm_3099mW_u1_poc0p25_20x0p75NA_457s50_g70_z1_256pix_basicFLIM_120f_0011,True,0,0.0,0.0,0.0,0,,,200.0
4_BKOCO2form10min_740nm_3099mW_u1_poc0p25_20x0p75NA_457s50_g70_z1_256pix_basicFLIM_120f_0012.sdt,form,1.1936044442138671,1.182545,0.0001678466796875,20260520_KPC_fixed_dishes_SLIM::fitet-sz-c2-b9::4_BKOCO2form10min_740nm_3099mW_u1_poc0p25_20x0p75NA_457s50_g70_z1_256pix_basicFLIM_120f_0012,True,0,0.0,0.0,0.0,0,,,200.0
4_BKOCO2form10min_740nm_3099mW_u1_poc0p25_20x0p75NA_457s50_g70_z1_256pix_basicFLIM_120f_0013.sdt,form,1.1456779672546387,1.140425,0.0003662109375,20260520_KPC_fixed_dishes_SLIM::fitet-sz-c2-b9::4_BKOCO2form10min_740nm_3099mW_u1_poc0p25_20x0p75NA_457s50_g70_z1_256pix_basicFLIM_120f_0013,True,0,0.0,0.0,0.0,0,,,200.0
4_BKOCO2form10min_740nm_3099mW_u1_poc0p25_20x0p75NA_457s50_g70_z1_256pix_basicFLIM_120f_0014.sdt,form,1.1975739080200196,1.183695,0.0001678466796875,20260520_KPC_fixed_dishes_SLIM::fitet-sz-c2-b9::4_BKOCO2form10min_740nm_3099mW_u1_poc0p25_20x0p75NA_457s50_g70_z1_256pix_basicFLIM_120f_0014,True,0,0.0,0.0,0.0,0,,,200.0
4_BKOCO2form10min_740nm_3099mW_u1_poc0p25_20x0p75NA_457s50_g70_z1_256pix_basicFLIM_120f_0015.sdt,form,1.1335358704681395,1.1197949999999999,0.0002593994140625,20260520_KPC_fixed_dishes_SLIM::fitet-sz-c2-b9::4_BKOCO2form10min_740nm_3099mW_u1_poc0p25_20x0p75NA_457s50_g70_z1_256pix_basicFLIM_120f_0015,True,0,0.0,0.0,0.0,0,,,200.0
4_BKOCO2form10min_740nm_3099mW_u1_poc0p25_20x0p75NA_457s50_g70_z1_256pix_basicFLIM_120f_0016.sdt,form,1.081900946899414,1.076525,0.0003204345703125,20260520_KPC_fixed_dishes_SLIM::fitet-sz-c2-b9::4_BKOCO2form10min_740nm_3099mW_u1_poc0p25_20x0p75NA_457s50_g70_z1_256pix_basicFLIM_120f_0016,True,0,0.0,0.0,0.0,0,,,200.0
4_BKOCO2form10min_740nm_3099mW_u1_poc0p25_20x0p75NA_535s50_g70_z1_256pix_basicFLIM_120f_0000.sdt,form,1.2940496123809815,1.283625,0.000274658203125,20260520_KPC_fixed_dishes_SLIM::fitet-sz-c2-b9::4_BKOCO2form10min_740nm_3099mW_u1_poc0p25_20x0p75NA_535s50_g70_z1_256pix_basicFLIM_120f_0000,True,0,0.0,0.0,0.0,0,,,200.0
4_BKOCO2form10min_740nm_3099mW_u1_poc0p25_20x0p75NA_535s50_g70_z1_256pix_basicFLIM_120f_0001.sdt,form,1.2068878016662599,1.198085,4.57763671875e-05,20260520_KPC_fixed_dishes_SLIM::fitet-sz-c2-b9::4_BKOCO2form10min_740nm_3099mW_u1_poc0p25_20x0p75NA_535s50_g70_z1_256pix_basicFLIM_120f_0001,True,0,0.0,0.0,0.0,0,,,200.0
4_BKOCO2form10min_740nm_3099mW_u1_poc0p25_20x0p75NA_535s50_g70_z1_256pix_basicFLIM_120f_0002.sdt,form,1.1490646388092043,1.13533,0.0,20260520_KPC_fixed_dishes_SLIM::fitet-sz-c2-b9::4_BKOCO2form10min_740nm_3099mW_u1_poc0p25_20x0p75NA_535s50_g70_z1_256pix_basicFLIM_120f_0002,True,0,0.0,0.0,0.0,0,,,200.0
4_BKOCO2form10min_740nm_3099mW_u1_poc0p25_20x0p75NA_535s50_g70_z1_256pix_basicFLIM_120f_0003.sdt,form,1.184645898666382,1.174205,9.1552734375e-05,20260520_KPC_fixed_dishes_SLIM::fitet-sz-c2-b9::4_BKOCO2form10min_740nm_3099mW_u1_poc0p25_20x0p75NA_535s50_g70_z1_256pix_basicFLIM_120f_0003,True,0,0.0,0.0,0.0,0,,,200.0
4_BKOCO2form10min_740nm_3099mW_u1_poc0p25_20x0p75NA_535s50_g70_z1_256pix_basicFLIM_120f_0004.sdt,form,1.1539605113067626,1.147555,3.0517578125e-05,20260520_KPC_fixed_dishes_SLIM::fitet-sz-c2-b9::4_BKOCO2form10min_740nm_3099mW_u1_poc0p25_20x0p75NA_535s50_g70_z1_256pix_basicFLIM_120f_0004,True,0,0.0,0.0,0.0,0,,,200.0
4_BKOCO2form10min_740nm_3099mW_u1_poc0p25_20x0p75NA_535s50_g70_z1_256pix_basicFLIM_120f_0005.sdt,form,1.199379099029541,1.1911450000000001,0.0002593994140625,20260520_KPC_fixed_dishes_SLIM::fitet-sz-c2-b9::4_BKOCO2form10min_740nm_3099mW_u1_poc0p25_20x0p75NA_535s50_g70_z1_256pix_basicFLIM_120f_0005,True,0,0.0,0.0,0.0,0,,,200.0
4_BKOCO2form10min_740nm_3099mW_u1_poc0p25_20x0p75NA_535s50_g70_z1_256pix_basicFLIM_120f_0006.sdt,form,1.1900214859924316,1.17681,0.0003662109375,20260520_KPC_fixed_dishes_SLIM::fitet-sz-c2-b9::4_BKOCO2form10min_740nm_3099mW_u1_poc0p25_20x0p75NA_535s50_g70_z1_256pix_basicFLIM_120f_0006,True,0,0.0,0.0,0.0,0,,,200.0
4_BKOCO2form10min_740nm_3099mW_u1_poc0p25_20x0p75NA_535s50_g70_z1_256pix_basicFLIM_120f_0007.sdt,form,1.2018313766021727,1.189405,0.0006561279296875,20260520_KPC_fixed_dishes_SLIM::fitet-sz-c2-b9::4_BKOCO2form10min_740nm_3099mW_u1_poc0p25_20x0p75NA_535s50_g70_z1_256pix_basicFLIM_120f_0007,True,0,0.0,0.0,0.0,0,,,200.0
4_BKOCO2form10min_740nm_3099mW_u1_poc0p25_20x0p75NA_535s50_g70_z1_256pix_basicFLIM_120f_0008.sdt,form,1.1901858251800537,1.177865,6.103515625e-05,20260520_KPC_fixed_dishes_SLIM::fitet-sz-c2-b9::4_BKOCO2form10min_740nm_3099mW_u1_poc0p25_20x0p75NA_535s50_g70_z1_256pix_basicFLIM_120f_0008,True,0,0.0,0.0,0.0,0,,,200.0
4_BKOCO2form10min_740nm_3099mW_u1_poc0p25_20x0p75NA_535s50_g70_z1_256pix_basicFLIM_120f_0009.sdt,form,1.151402040847778,1.14181,0.00018310546875,20260520_KPC_fixed_dishes_SLIM::fitet-sz-c2-b9::4_BKOCO2form10min_740nm_3099mW_u1_poc0p25_20x0p75NA_535s50_g70_z1_256pix_basicFLIM_120f_0009,True,0,0.0,0.0,0.0,0,,,200.0
4_BKOCO2form10min_740nm_3099mW_u1_poc0p25_20x0p75NA_535s50_g70_z1_256pix_basicFLIM_120f_0010.sdt,form,1.1312274836120606,1.118955,0.0038909912109375,20260520_KPC_fixed_dishes_SLIM::fitet-sz-c2-b9::4_BKOCO2form10min_740nm_3099mW_u1_poc0p25_20x0p75NA_535s50_g70_z1_256pix_basicFLIM_120f_0010,True,0,0.0,0.0,0.0,0,,,200.0
4_BKOCO2form10min_740nm_3099mW_u1_poc0p25_20x0p75NA_535s50_g70_z1_256pix_basicFLIM_120f_0011.sdt,form,1.1131474699249266,1.102085,0.004669189453125,20260520_KPC_fixed_dishes_SLIM::fitet-sz-c2-b9::4_BKOCO2form10min_740nm_3099mW_u1_poc0p25_20x0p75NA_535s50_g70_z1_256pix_basicFLIM_120f_0011,True,0,0.0,0.0,0.0,0,,,200.0
4_BKOCO2form10min_740nm_3099mW_u1_poc0p25_20x0p75NA_535s50_g70_z1_256pix_basicFLIM_120f_0012.sdt,form,1.2045030441741944,1.19457,0.0001220703125,20260520_KPC_fixed_dishes_SLIM::fitet-sz-c2-b9::4_BKOCO2form10min_740nm_3099mW_u1_poc0p25_20x0p75NA_535s50_g70_z1_256pix_basicFLIM_120f_0012,True,0,0.0,0.0,0.0,0,,,200.0
4_BKOCO2form10min_740nm_3099mW_u1_poc0p25_20x0p75NA_535s50_g70_z1_256pix_basicFLIM_120f_0013.sdt,form,1.1523696434020996,1.1442350000000001,0.0001068115234375,20260520_KPC_fixed_dishes_SLIM::fitet-sz-c2-b9::4_BKOCO2form10min_740nm_3099mW_u1_poc0p25_20x0p75NA_535s50_g70_z1_256pix_basicFLIM_120f_0013,True,0,0.0,0.0,0.0,0,,,200.0
4_BKOCO2form10min_740nm_3099mW_u1_poc0p25_20x0p75NA_535s50_g70_z1_256pix_basicFLIM_120f_0014.sdt,form,1.2002433459320068,1.1879,0.000518798828125,20260520_KPC_fixed_dishes_SLIM::fitet-sz-c2-b9::4_BKOCO2form10min_740nm_3099mW_u1_poc0p25_20x0p75NA_535s50_g70_z1_256pix_basicFLIM_120f_0014,True,0,0.0,0.0,0.0,0,,,200.0
4_BKOCO2form10min_740nm_3099mW_u1_poc0p25_20x0p75NA_535s50_g70_z1_256pix_basicFLIM_120f_0015.sdt,form,1.1344198405151367,1.12376,0.0001220703125,20260520_KPC_fixed_dishes_SLIM::fitet-sz-c2-b9::4_BKOCO2form10min_740nm_3099mW_u1_poc0p25_20x0p75NA_535s50_g70_z1_256pix_basicFLIM_120f_0015,True,0,0.0,0.0,0.0,0,,,200.0
4_BKOCO2form10min_740nm_3099mW_u1_poc0p25_20x0p75NA_535s50_g70_z1_256pix_basicFLIM_120f_0016.sdt,form,1.1402382474212647,1.11624,0.01019287109375,20260520_KPC_fixed_dishes_SLIM::fitet-sz-c2-b9::4_BKOCO2form10min_740nm_3099mW_u1_poc0p25_20x0p75NA_535s50_g70_z1_256pix_basicFLIM_120f_0016,True,0,0.0,0.0,0.0,0,,,200.0
4_BKOCO2form10min_740nm_3099mW_u1_poc0p6_20x0p75NA_535s50_g70_z1_256pix_basicFLIM_120f_0000.sdt,form,1.9308675230407712,1.81887,0.2979278564453125,20260520_KPC_fixed_dishes_SLIM::fitet-sz-c2-b9::4_BKOCO2form10min_740nm_3099mW_u1_poc0p6_20x0p75NA_535s50_g70_z1_256pix_basicFLIM_120f_0000,True,0,0.0,0.0,0.0,23870,1.0,151.3125,200.0
4_BKOCO2form10min_740nm_3099mW_u1_poc0p6_20x0p75NA_535s50_g70_z1_256pix_basicFLIM_120f_0001.sdt,form,2.1298087696838377,2.115335,0.627716064453125,20260520_KPC_fixed_dishes_SLIM::fitet-sz-c2-b9::4_BKOCO2form10min_740nm_3099mW_u1_poc0p6_20x0p75NA_535s50_g70_z1_256pix_basicFLIM_120f_0001,True,0,0.0,0.0,0.0,49255,0.999756369911684,144.002,200.0
4_BKOCO2form10min_740nm_3099mW_u1_poc0p6_20x0p75NA_535s50_g70_z1_256pix_basicFLIM_120f_0002.sdt,form,1.6927544782562256,1.677365,0.1309967041015625,20260520_KPC_fixed_dishes_SLIM::fitet-sz-c2-b9::4_BKOCO2form10min_740nm_3099mW_u1_poc0p6_20x0p75NA_535s50_g70_z1_256pix_basicFLIM_120f_0002,True,0,0.0,0.0,0.0,65431,1.0,133.145,200.0
4_BKOCO2form10min_740nm_3099mW_u1_poc0p6_20x0p75NA_535s50_g70_z1_256pix_basicFLIM_120f_0003.sdt,form,1.7749392766418457,1.73749,0.2088775634765625,20260520_KPC_fixed_dishes_SLIM::fitet-sz-c2-b9::4_BKOCO2form10min_740nm_3099mW_u1_poc0p6_20x0p75NA_535s50_g70_z1_256pix_basicFLIM_120f_0003,True,0,0.0,0.0,0.0,49566,0.9999394746398741,151.451,200.0
4_BKOCO2form10min_740nm_3099mW_u1_poc0p6_20x0p75NA_535s50_g70_z1_256pix_basicFLIM_120f_0004.sdt,form,1.6976500937805175,1.668385,0.130340576171875,20260520_KPC_fixed_dishes_SLIM::fitet-sz-c2-b9::4_BKOCO2form10min_740nm_3099mW_u1_poc0p6_20x0p75NA_535s50_g70_z1_256pix_basicFLIM_120f_0004,True,0,0.0,0.0,0.0,7323,1.0,160.315,200.0
4_BKOCO2form10min_740nm_3099mW_u1_poc0p6_20x0p75NA_535s50_g70_z1_256pix_basicFLIM_120f_0005.sdt,form,1.8897370195007324,1.8321999999999998,0.2891998291015625,20260520_KPC_fixed_dishes_SLIM::fitet-sz-c2-b9::4_BKOCO2form10min_740nm_3099mW_u1_poc0p6_20x0p75NA_535s50_g70_z1_256pix_basicFLIM_120f_0005,True,0,0.0,0.0,0.0,13106,0.9998473981382573,157.531,200.0
4_BKOCO2form10min_740nm_3099mW_u1_poc0p6_20x0p75NA_535s50_g70_z1_256pix_basicFLIM_120f_0006.sdt,form,1.902725520492554,1.846595,0.3134918212890625,20260520_KPC_fixed_dishes_SLIM::fitet-sz-c2-b9::4_BKOCO2form10min_740nm_3099mW_u1_poc0p6_20x0p75NA_535s50_g70_z1_256pix_basicFLIM_120f_0006,True,0,0.0,0.0,0.0,19207,0.9985942625084605,158.791,200.0
4_BKOCO2form10min_740nm_3099mW_u1_poc0p6_20x0p75NA_535s50_g70_z1_256pix_basicFLIM_120f_0007.sdt,form,2.0722510012817383,2.03582,0.5373382568359375,20260520_KPC_fixed_dishes_SLIM::fitet-sz-c2-b9::4_BKOCO2form10min_740nm_3099mW_u1_poc0p6_20x0p75NA_535s50_g70_z1_256pix_basicFLIM_120f_0007,True,0,0.0,0.0,0.0,33830,0.9999704404374815,150.658,200.0
4_BKOCO2form10min_740nm_3099mW_u1_poc0p6_20x0p75NA_535s50_g70_z1_256pix_basicFLIM_120f_0008.sdt,form,1.9062357997131347,1.86882,0.3394775390625,20260520_KPC_fixed_dishes_SLIM::fitet-sz-c2-b9::4_BKOCO2form10min_740nm_3099mW_u1_poc0p6_20x0p75NA_535s50_g70_z1_256pix_basicFLIM_120f_0008,True,0,0.0,0.0,0.0,9800,0.9996938775510205,151.57,200.0
4_BKOCO2form10min_740nm_3099mW_u1_poc0p6_20x0p75NA_535s50_g70_z1_256pix_basicFLIM_120f_0009.sdt,form,1.5517823269195556,1.50762,0.082275390625,20260520_KPC_fixed_dishes_SLIM::fitet-sz-c2-b9::4_BKOCO2form10min_740nm_3099mW_u1_poc0p6_20x0p75NA_535s50_g70_z1_256pix_basicFLIM_120f_0009,True,0,0.0,0.0,0.0,2889,1.0,159.775,200.0
4_BKOCO2form10min_740nm_3099mW_u1_poc0p6_20x0p75NA_535s50_g70_z1_256pix_basicFLIM_120f_0010.sdt,form,1.4948226117858887,1.432545,0.06878662109375,20260520_KPC_fixed_dishes_SLIM::fitet-sz-c2-b9::4_BKOCO2form10min_740nm_3099mW_u1_poc0p6_20x0p75NA_535s50_g70_z1_256pix_basicFLIM_120f_0010,True,0,0.0,0.0,0.0,2756,0.9927431059506531,168.135,200.0
4_BKOCO2form10min_740nm_3099mW_u1_poc0p6_20x0p75NA_535s50_g70_z1_256pix_basicFLIM_120f_0011.sdt,form,1.4512445592346193,1.446345,0.029388427734375,20260520_KPC_fixed_dishes_SLIM::fitet-sz-c2-b9::4_BKOCO2form10min_740nm_3099mW_u1_poc0p6_20x0p75NA_535s50_g70_z1_256pix_basicFLIM_120f_0011,True,0,0.0,0.0,0.0,293,1.0,166.926,200.0
4_BKOCO2form10min_740nm_3099mW_u1_poc0p6_20x0p75NA_535s50_g70_z1_256pix_basicFLIM_120f_0012.sdt,form,2.005684243850708,2.00612,0.506195068359375,20260520_KPC_fixed_dishes_SLIM::fitet-sz-c2-b9::4_BKOCO2form10min_740nm_3099mW_u1_poc0p6_20x0p75NA_535s50_g70_z1_256pix_basicFLIM_120f_0012,True,0,0.0,0.0,0.0,32047,0.999937591662246,161.223,200.0
4_BKOCO2form10min_740nm_3099mW_u1_poc0p6_20x0p75NA_535s50_g70_z1_256pix_basicFLIM_120f_0013.sdt,form,1.5846823041229248,1.59507,0.0419158935546875,20260520_KPC_fixed_dishes_SLIM::fitet-sz-c2-b9::4_BKOCO2form10min_740nm_3099mW_u1_poc0p6_20x0p75NA_535s50_g70_z1_256pix_basicFLIM_120f_0013,True,0,0.0,0.0,0.0,10345,0.9999033349444176,157.936,200.0
4_BKOCO2form10min_740nm_3099mW_u1_poc0p6_20x0p75NA_535s50_g70_z1_256pix_basicFLIM_120f_0014.sdt,form,2.0082513374328617,1.978485,0.474578857421875,20260520_KPC_fixed_dishes_SLIM::fitet-sz-c2-b9::4_BKOCO2form10min_740nm_3099mW_u1_poc0p6_20x0p75NA_535s50_g70_z1_256pix_basicFLIM_120f_0014,True,0,0.0,0.0,0.0,23536,0.9998725356900068,162.8775,200.0
4_BKOCO2form10min_740nm_3099mW_u1_poc0p6_20x0p75NA_535s50_g70_z1_256pix_basicFLIM_120f_0015.sdt,form,1.48000140083313,1.45758,0.0248870849609375,20260520_KPC_fixed_dishes_SLIM::fitet-sz-c2-b9::4_BKOCO2form10min_740nm_3099mW_u1_poc0p6_20x0p75NA_535s50_g70_z1_256pix_basicFLIM_120f_0015,True,0,0.0,0.0,0.0,18872,0.9928465451462484,150.495,200.0
4_BKOCO2form10min_740nm_3099mW_u1_poc0p6_20x0p75NA_535s50_g70_z1_256pix_basicFLIM_120f_0016.sdt,form,1.445936220413208,1.387745,0.04107666015625,20260520_KPC_fixed_dishes_SLIM::fitet-sz-c2-b9::4_BKOCO2form10min_740nm_3099mW_u1_poc0p6_20x0p75NA_535s50_g70_z1_256pix_basicFLIM_120f_0016,True,0,0.0,0.0,0.0,687,1.0,163.583,200.0
4_BKOCO2form10min_740nm_3099mW_u1_poc0p6_20x0p75NA_457s50_g70_z1_256pix_basicFLIM_120f_0000.sdt,form,1.985567059173584,1.932895,0.407989501953125,20260520_KPC_fixed_dishes_SLIM::fitet-sz-c2-b9::4_BKOCO2form10min_740nm_3099mW_u1_poc0p6_20x0p75NA_457s50_g70_z1_256pix_basicFLIM_120f_0000,True,0,0.0,0.0,0.0,59662,0.8599611142770943,187.629,200.0
4_BKOCO2form10min_740nm_3099mW_u1_poc0p6_20x0p75NA_457s50_g70_z1_256pix_basicFLIM_120f_0001.sdt,form,2.1587175390624997,2.14357,0.664276123046875,20260520_KPC_fixed_dishes_SLIM::fitet-sz-c2-b9::4_BKOCO2form10min_740nm_3099mW_u1_poc0p6_20x0p75NA_457s50_g70_z1_256pix_basicFLIM_120f_0001,True,0,0.0,0.0,0.0,64693,0.9416320158286059,183.503,200.0
4_BKOCO2form10min_740nm_3099mW_u1_poc0p6_20x0p75NA_457s50_g70_z1_256pix_basicFLIM_120f_0002.sdt,form,1.70813255027771,1.68551,0.127838134765625,20260520_KPC_fixed_dishes_SLIM::fitet-sz-c2-b9::4_BKOCO2form10min_740nm_3099mW_u1_poc0p6_20x0p75NA_457s50_g70_z1_256pix_basicFLIM_120f_0002,True,0,0.0,0.0,0.0,65536,0.999420166015625,159.17149999999998,200.0
4_BKOCO2form10min_740nm_3099mW_u1_poc0p6_20x0p75NA_457s50_g70_z1_256pix_basicFLIM_120f_0003.sdt,form,1.9468357586669922,1.91941,0.40460205078125,20260520_KPC_fixed_dishes_SLIM::fitet-sz-c2-b9::4_BKOCO2form10min_740nm_3099mW_u1_poc0p6_20x0p75NA_457s50_g70_z1_256pix_basicFLIM_120f_0003,True,0,0.0,0.0,0.0,63625,0.9784833005893909,176.099,200.0
4_BKOCO2form10min_740nm_3099mW_u1_poc0p6_20x0p75NA_457s50_g70_z1_256pix_basicFLIM_120f_0004.sdt,form,1.7824715553283692,1.77557,0.2364349365234375,20260520_KPC_fixed_dishes_SLIM::fitet-sz-c2-b9::4_BKOCO2form10min_740nm_3099mW_u1_poc0p6_20x0p75NA_457s50_g70_z1_256pix_basicFLIM_120f_0004,True,0,0.0,0.0,0.0,38758,0.8343567779555189,189.7505,200.0
4_BKOCO2form10min_740nm_3099mW_u1_poc0p6_20x0p75NA_457s50_g70_z1_256pix_basicFLIM_120f_0005.sdt,form,1.9828605866394042,1.93828,0.4205169677734375,20260520_KPC_fixed_dishes_SLIM::fitet-sz-c2-b9::4_BKOCO2form10min_740nm_3099mW_u1_poc0p6_20x0p75NA_457s50_g70_z1_256pix_basicFLIM_120f_0005,True,0,0.0,0.0,0.0,50486,0.7841381769203344,191.25650000000002,200.0
4_BKOCO2form10min_740nm_3099mW_u1_poc0p6_20x0p75NA_457s50_g70_z1_256pix_basicFLIM_120f_0006.sdt,form,2.105939660797119,2.06903,0.5864715576171875,20260520_KPC_fixed_dishes_SLIM::fitet-sz-c2-b9::4_BKOCO2form10min_740nm_3099mW_u1_poc0p6_20x0p75NA_457s50_g70_z1_256pix_basicFLIM_120f_0006,True,0,0.0,0.0,0.0,60684,0.8748269725133478,186.898,200.0
4_BKOCO2form10min_740nm_3099mW_u1_poc0p6_20x0p75NA_457s50_g70_z1_256pix_basicFLIM_120f_0007.sdt,form,2.1571693359374997,2.1378649999999997,0.6440582275390625,20260520_KPC_fixed_dishes_SLIM::fitet-sz-c2-b9::4_BKOCO2form10min_740nm_3099mW_u1_poc0p6_20x0p75NA_457s50_g70_z1_256pix_basicFLIM_120f_0007,True,0,0.0,0.0,0.0,62327,0.9208208320631508,183.256,200.0
4_BKOCO2form10min_740nm_3099mW_u1_poc0p6_20x0p75NA_457s50_g70_z1_256pix_basicFLIM_120f_0008.sdt,form,2.009018364303589,1.9524599999999999,0.446044921875,20260520_KPC_fixed_dishes_SLIM::fitet-sz-c2-b9::4_BKOCO2form10min_740nm_3099mW_u1_poc0p6_20x0p75NA_457s50_g70_z1_256pix_basicFLIM_120f_0008,True,0,0.0,0.0,0.0,40663,0.8794727393453509,184.896,200.0
4_BKOCO2form10min_740nm_3099mW_u1_poc0p6_20x0p75NA_457s50_g70_z1_256pix_basicFLIM_120f_0009.sdt,form,1.6616456910247803,1.6307,0.1374359130859375,20260520_KPC_fixed_dishes_SLIM::fitet-sz-c2-b9::4_BKOCO2form10min_740nm_3099mW_u1_poc0p6_20x0p75NA_457s50_g70_z1_256pix_basicFLIM_120f_0009,True,0,0.0,0.0,0.0,15323,0.8526398224890687,186.722,200.0
4_BKOCO2form10min_740nm_3099mW_u1_poc0p6_20x0p75NA_457s50_g70_z1_256pix_basicFLIM_120f_0010.sdt,form,1.52971546484375,1.486635,0.0683135986328125,20260520_KPC_fixed_dishes_SLIM::fitet-sz-c2-b9::4_BKOCO2form10min_740nm_3099mW_u1_poc0p6_20x0p75NA_457s50_g70_z1_256pix_basicFLIM_120f_0010,True,0,0.0,0.0,0.0,13397,0.7587519593938942,193.452,200.0
4_BKOCO2form10min_740nm_3099mW_u1_poc0p6_20x0p75NA_457s50_g70_z1_256pix_basicFLIM_120f_0011.sdt,form,1.4881557341308593,1.49811,0.035400390625,20260520_KPC_fixed_dishes_SLIM::fitet-sz-c2-b9::4_BKOCO2form10min_740nm_3099mW_u1_poc0p6_20x0p75NA_457s50_g70_z1_256pix_basicFLIM_120f_0011,True,0,0.0,0.0,0.0,3304,0.710956416464891,192.6085,200.0
4_BKOCO2form10min_740nm_3099mW_u1_poc0p6_20x0p75NA_457s50_g70_z1_256pix_basicFLIM_120f_0012.sdt,form,2.164595960083008,2.178,0.66485595703125,20260520_KPC_fixed_dishes_SLIM::fitet-sz-c2-b9::4_BKOCO2form10min_740nm_3099mW_u1_poc0p6_20x0p75NA_457s50_g70_z1_256pix_basicFLIM_120f_0012,True,0,0.0,0.0,0.0,59322,0.8584673476956273,188.486,200.0
4_BKOCO2form10min_740nm_3099mW_u1_poc0p6_20x0p75NA_457s50_g70_z1_256pix_basicFLIM_120f_0013.sdt,form,1.7496978913269046,1.756335,0.2043914794921875,20260520_KPC_fixed_dishes_SLIM::fitet-sz-c2-b9::4_BKOCO2form10min_740nm_3099mW_u1_poc0p6_20x0p75NA_457s50_g70_z1_256pix_basicFLIM_120f_0013,True,0,0.0,0.0,0.0,45360,0.8472001763668431,186.8825,200.0
4_BKOCO2form10min_740nm_3099mW_u1_poc0p6_20x0p75NA_457s50_g70_z1_256pix_basicFLIM_120f_0014.sdt,form,2.098085660858154,2.05144,0.561553955078125,20260520_KPC_fixed_dishes_SLIM::fitet-sz-c2-b9::4_BKOCO2form10min_740nm_3099mW_u1_poc0p6_20x0p75NA_457s50_g70_z1_256pix_basicFLIM_120f_0014,True,0,0.0,0.0,0.0,54553,0.786207907906073,191.721,200.0
4_BKOCO2form10min_740nm_3099mW_u1_poc0p6_20x0p75NA_457s50_g70_z1_256pix_basicFLIM_120f_0015.sdt,form,1.5949161738586426,1.57773,0.0745849609375,20260520_KPC_fixed_dishes_SLIM::fitet-sz-c2-b9::4_BKOCO2form10min_740nm_3099mW_u1_poc0p6_20x0p75NA_457s50_g70_z1_256pix_basicFLIM_120f_0015,True,0,0.0,0.0,0.0,57068,0.9307142356486998,177.717,200.0
4_BKOCO2form10min_740nm_3099mW_u1_poc0p6_20x0p75NA_457s50_g70_z1_256pix_basicFLIM_120f_0016.sdt,form,1.4929631154937746,1.41101,0.055084228515625,20260520_KPC_fixed_dishes_SLIM::fitet-sz-c2-b9::4_BKOCO2form10min_740nm_3099mW_u1_poc0p6_20x0p75NA_457s50_g70_z1_256pix_basicFLIM_120f_0016,True,0,0.0,0.0,0.0,6108,0.6638834315651605,193.2225,200.0
3_BKOCO2live_740nm_3085mW_u1_poc0p15_20x0p75NA_457s50_g70_z1_256pix_basicFLIM_120f_0000.sdt,live,356.2090289472822,0.9935705,0.045978692291623144,20260521_KPC_live_SLIM::fitet-sz-c2-b1::3_BKOCO2live_740nm_3085mW_u1_poc0p15_20x0p75NA_457s50_g70_z1_256pix_basicFLIM_120f_0000,True,0,0.0,0.0,0.0,0,,,200.0
3_BKOCO2live_740nm_3085mW_u1_poc0p15_20x0p75NA_457s50_g70_z1_256pix_basicFLIM_120f_0001.sdt,live,1.0043221916050824,0.96812,0.008035398773948715,20260521_KPC_live_SLIM::fitet-sz-c2-b1::3_BKOCO2live_740nm_3085mW_u1_poc0p15_20x0p75NA_457s50_g70_z1_256pix_basicFLIM_120f_0001,True,0,0.0,0.0,0.0,5,1.0,61.4973,200.0
3_BKOCO2live_740nm_3085mW_u1_poc0p15_20x0p75NA_457s50_g70_z1_256pix_basicFLIM_120f_0002.sdt,live,105170.16137852786,1.51848,0.3703370786516854,20260521_KPC_live_SLIM::fitet-sz-c2-b1::3_BKOCO2live_740nm_3085mW_u1_poc0p15_20x0p75NA_457s50_g70_z1_256pix_basicFLIM_120f_0002,True,0,0.0,0.0,0.0,0,,,200.0
3_BKOCO2live_740nm_3085mW_u1_poc0p25_20x0p75NA_457s50_g70_z1_256pix_basicFLIM_120f_0000.sdt,live,1.0125219038373054,0.992549,0.0025766080795067638,20260521_KPC_live_SLIM::fitet-sz-c2-b1::3_BKOCO2live_740nm_3085mW_u1_poc0p25_20x0p75NA_457s50_g70_z1_256pix_basicFLIM_120f_0000,True,0,0.0,0.0,0.0,388,0.17268041237113402,262.72950000000003,200.0
3_BKOCO2live_740nm_3085mW_u1_poc0p25_20x0p75NA_457s50_g70_z1_256pix_basicFLIM_120f_0001.sdt,live,1.033580213317871,1.02113,0.0001068115234375,20260521_KPC_live_SLIM::fitet-sz-c2-b1::3_BKOCO2live_740nm_3085mW_u1_poc0p25_20x0p75NA_457s50_g70_z1_256pix_basicFLIM_120f_0001,True,0,0.0,0.0,0.0,16477,0.12119924743581963,265.959,200.0
3_BKOCO2live_740nm_3085mW_u1_poc0p25_20x0p75NA_457s50_g70_z1_256pix_basicFLIM_120f_0002.sdt,live,1.01665562637312,0.995066,0.0033492602436663646,20260521_KPC_live_SLIM::fitet-sz-c2-b1::3_BKOCO2live_740nm_3085mW_u1_poc0p25_20x0p75NA_457s50_g70_z1_256pix_basicFLIM_120f_0002,True,0,0.0,0.0,0.0,741,0.1417004048582996,261.42,200.0
3_BKOCO2live_740nm_3085mW_u1_poc0p25_20x0p75NA_457s50_g70_z1_256pix_basicFLIM_120f_0003.sdt,live,1.0230236857670416,1.0081,0.0003662388793090293,20260521_KPC_live_SLIM::fitet-sz-c2-b1::3_BKOCO2live_740nm_3085mW_u1_poc0p25_20x0p75NA_457s50_g70_z1_256pix_basicFLIM_120f_0003,True,0,0.0,0.0,0.0,3535,0.1369165487977369,270.016,200.0
3_BKOCO2live_740nm_3085mW_u1_poc0p25_20x0p75NA_457s50_g70_z1_256pix_basicFLIM_120f_0004.sdt,live,1.0311583585764474,1.01544,0.0005956926836719108,20260521_KPC_live_SLIM::fitet-sz-c2-b1::3_BKOCO2live_740nm_3085mW_u1_poc0p25_20x0p75NA_457s50_g70_z1_256pix_basicFLIM_120f_0004,True,0,0.0,0.0,0.0,6672,0.1196043165467626,270.14549999999997,200.0
3_BKOCO2live_740nm_3085mW_u1_poc0p25_20x0p75NA_457s50_g70_z1_256pix_basicFLIM_120f_0005.sdt,live,1.0397370622217292,1.00337,0.01288165671097872,20260521_KPC_live_SLIM::fitet-sz-c2-b1::3_BKOCO2live_740nm_3085mW_u1_poc0p25_20x0p75NA_457s50_g70_z1_256pix_basicFLIM_120f_0005,True,0,0.0,0.0,0.0,463,0.08855291576673865,274.304,200.0
3_BKOCO2live_740nm_3085mW_u1_poc0p25_20x0p75NA_457s50_g70_z1_256pix_basicFLIM_120f_0006.sdt,live,1.0233250604626307,1.00742,0.0010535155355370638,20260521_KPC_live_SLIM::fitet-sz-c2-b1::3_BKOCO2live_740nm_3085mW_u1_poc0p25_20x0p75NA_457s50_g70_z1_256pix_basicFLIM_120f_0006,True,0,0.0,0.0,0.0,3079,0.2078596947060734,262.246,200.0
3_BKOCO2live_740nm_3085mW_u1_poc0p25_20x0p75NA_457s50_g70_z1_256pix_basicFLIM_120f_0007.sdt,live,1.0227383360583093,1.006055,0.0013446610842858017,20260521_KPC_live_SLIM::fitet-sz-c2-b1::3_BKOCO2live_740nm_3085mW_u1_poc0p25_20x0p75NA_457s50_g70_z1_256pix_basicFLIM_120f_0007,True,0,0.0,0.0,0.0,2499,0.12324929971988796,265.755,200.0
3_BKOCO2live_740nm_3085mW_u1_poc0p25_20x0p75NA_457s50_g70_z1_256pix_basicFLIM_120f_0008.sdt,live,1.0326517085113527,1.01964,0.0003662109375,20260521_KPC_live_SLIM::fitet-sz-c2-b1::3_BKOCO2live_740nm_3085mW_u1_poc0p25_20x0p75NA_457s50_g70_z1_256pix_basicFLIM_120f_0008,True,0,0.0,0.0,0.0,9209,0.09425561950266044,272.119,200.0
3_BKOCO2live_740nm_3085mW_u1_poc0p25_20x0p75NA_457s50_g70_z1_256pix_basicFLIM_120f_0009.sdt,live,1.0381361577913952,1.00668,0.010134118727534717,20260521_KPC_live_SLIM::fitet-sz-c2-b1::3_BKOCO2live_740nm_3085mW_u1_poc0p25_20x0p75NA_457s50_g70_z1_256pix_basicFLIM_120f_0009,True,0,0.0,0.0,0.0,2465,0.13711967545638945,267.957,200.0
3_BKOCO2live_740nm_3085mW_u1_poc0p25_20x0p75NA_457s50_g70_z1_256pix_basicFLIM_120f_0010.sdt,live,1.0271741274969135,0.9863485000000001,0.011190604324290102,20260521_KPC_live_SLIM::fitet-sz-c2-b1::3_BKOCO2live_740nm_3085mW_u1_poc0p25_20x0p75NA_457s50_g70_z1_256pix_basicFLIM_120f_0010,True,0,0.0,0.0,0.0,21,0.9047619047619048,96.2731,200.0
3_BKOCO2live_740nm_3085mW_u1_poc0p25_20x0p75NA_457s50_g70_z1_256pix_basicFLIM_120f_0011.sdt,live,1000000.0,1000000.0,1.0,20260521_KPC_live_SLIM::fitet-sz-c2-b1::3_BKOCO2live_740nm_3085mW_u1_poc0p25_20x0p75NA_457s50_g70_z1_256pix_basicFLIM_120f_0011,True,0,0.0,0.0,0.0,0,,,200.0
3_BKOCO2live_740nm_3085mW_u1_poc0p25_20x0p75NA_457s50_g70_z1_256pix_basicFLIM_120f_0012.sdt,live,,,,20260521_KPC_live_SLIM::fitet-sz-c2-b1::3_BKOCO2live_740nm_3085mW_u1_poc0p25_20x0p75NA_457s50_g70_z1_256pix_basicFLIM_120f_0012,True,0,0.0,0.0,0.0,0,,,200.0
3_BKOCO2live_740nm_3085mW_u1_poc0p25_20x0p75NA_457s50_g70_z1_256pix_basicFLIM_120f_0013.sdt,live,,,,20260521_KPC_live_SLIM::fitet-sz-c2-b1::3_BKOCO2live_740nm_3085mW_u1_poc0p25_20x0p75NA_457s50_g70_z1_256pix_basicFLIM_120f_0013,True,0,0.0,0.0,0.0,0,,,200.0
3_BKOCO2live_740nm_3085mW_u1_poc0p25_20x0p75NA_457s50_g70_z1_256pix_basicFLIM_120f_0014.sdt,live,1.0440714241978855,1.00754,0.014380438595026138,20260521_KPC_live_SLIM::fitet-sz-c2-b1::3_BKOCO2live_740nm_3085mW_u1_poc0p25_20x0p75NA_457s50_g70_z1_256pix_basicFLIM_120f_0014,True,0,0.0,0.0,0.0,3013,0.12645204115499503,273.48,200.0
3_BKOCO2live_posn11_to_13_740nm_3085mW_u1_poc0p25_20x0p75NA_457s50_g70_z1_256pix_basicFLIM_120f_0000.sdt,live,1.0317560298405752,0.99643,0.011190215734447572,20260521_KPC_live_SLIM::fitet-sz-c2-b1::3_BKOCO2live_posn11_to_13_740nm_3085mW_u1_poc0p25_20x0p75NA_457s50_g70_z1_256pix_basicFLIM_120f_0000,True,0,0.0,0.0,0.0,359,0.17270194986072424,264.983,200.0
3_BKOCO2live_posn11_to_13_740nm_3085mW_u1_poc0p25_20x0p75NA_457s50_g70_z1_256pix_basicFLIM_120f_0001.sdt,live,1.0395877483672926,1.01741,0.0062332618126575935,20260521_KPC_live_SLIM::fitet-sz-c2-b1::3_BKOCO2live_posn11_to_13_740nm_3085mW_u1_poc0p25_20x0p75NA_457s50_g70_z1_256pix_basicFLIM_120f_0001,True,0,0.0,0.0,0.0,7721,0.07576738764408755,274.607,200.0
3_BKOCO2live_posn11_to_13_740nm_3085mW_u1_poc0p25_20x0p75NA_457s50_g70_z1_256pix_basicFLIM_120f_0002.sdt,live,1.0374060555676383,1.01192,0.008315875325838384,20260521_KPC_live_SLIM::fitet-sz-c2-b1::3_BKOCO2live_posn11_to_13_740nm_3085mW_u1_poc0p25_20x0p75NA_457s50_g70_z1_256pix_basicFLIM_120f_0002,True,0,0.0,0.0,0.0,3623,0.13110681755451284,262.262,200.0
3_BKOCO2live_740nm_3085mW_u1_poc0p25_20x0p75NA_535s50_g70_z1_256pix_basicFLIM_120f_0000.sdt,live,1.028814427394945,0.997786,0.0055312283936390875,20260521_KPC_live_SLIM::fitet-sz-c2-b1::3_BKOCO2live_740nm_3085mW_u1_poc0p25_20x0p75NA_535s50_g70_z1_256pix_basicFLIM_120f_0000,True,0,0.0,0.0,0.0,50,1.0,129.051,200.0
3_BKOCO2live_740nm_3085mW_u1_poc0p25_20x0p75NA_535s50_g70_z1_256pix_basicFLIM_120f_0001.sdt,live,1.0470425007706277,1.02718,0.0021363934626360045,20260521_KPC_live_SLIM::fitet-sz-c2-b1::3_BKOCO2live_740nm_3085mW_u1_poc0p25_20x0p75NA_535s50_g70_z1_256pix_basicFLIM_120f_0001,True,0,0.0,0.0,0.0,517,0.8665377176015474,141.742,200.0
3_BKOCO2live_740nm_3085mW_u1_poc0p25_20x0p75NA_535s50_g70_z1_256pix_basicFLIM_120f_0002.sdt,live,1.0400142728786126,1.00313,0.007429672447013488,20260521_KPC_live_SLIM::fitet-sz-c2-b1::3_BKOCO2live_740nm_3085mW_u1_poc0p25_20x0p75NA_535s50_g70_z1_256pix_basicFLIM_120f_0002,True,0,0.0,0.0,0.0,2,1.0,130.484,200.0
3_BKOCO2live_740nm_3085mW_u1_poc0p25_20x0p75NA_535s50_g70_z1_256pix_basicFLIM_120f_0003.sdt,live,1.0357874230323012,1.01145,0.003159919399157355,20260521_KPC_live_SLIM::fitet-sz-c2-b1::3_BKOCO2live_740nm_3085mW_u1_poc0p25_20x0p75NA_535s50_g70_z1_256pix_basicFLIM_120f_0003,True,0,0.0,0.0,0.0,133,0.9849624060150376,129.871,200.0
3_BKOCO2live_740nm_3085mW_u1_poc0p25_20x0p75NA_535s50_g70_z1_256pix_basicFLIM_120f_0004.sdt,live,1.0364767753707382,1.0119449999999999,0.0032410946338480356,20260521_KPC_live_SLIM::fitet-sz-c2-b1::3_BKOCO2live_740nm_3085mW_u1_poc0p25_20x0p75NA_535s50_g70_z1_256pix_basicFLIM_120f_0004,True,0,0.0,0.0,0.0,201,0.9154228855721394,145.113,200.0
3_BKOCO2live_740nm_3085mW_u1_poc0p25_20x0p75NA_535s50_g70_z1_256pix_basicFLIM_120f_0005.sdt,live,1.057628892524899,1.01406,0.01360246407855032,20260521_KPC_live_SLIM::fitet-sz-c2-b1::3_BKOCO2live_740nm_3085mW_u1_poc0p25_20x0p75NA_535s50_g70_z1_256pix_basicFLIM_120f_0005,True,0,0.0,0.0,0.0,1,1.0,153.339,200.0
3_BKOCO2live_740nm_3085mW_u1_poc0p25_20x0p75NA_535s50_g70_z1_256pix_basicFLIM_120f_0006.sdt,live,1.0331759547628871,1.00653,0.004172206684700381,20260521_KPC_live_SLIM::fitet-sz-c2-b1::3_BKOCO2live_740nm_3085mW_u1_poc0p25_20x0p75NA_535s50_g70_z1_256pix_basicFLIM_120f_0006,True,0,0.0,0.0,0.0,133,0.9097744360902256,124.44,200.0
3_BKOCO2live_740nm_3085mW_u1_poc0p25_20x0p75NA_535s50_g70_z1_256pix_basicFLIM_120f_0007.sdt,live,1.0371869156539617,1.00552,0.006383109310746947,20260521_KPC_live_SLIM::fitet-sz-c2-b1::3_BKOCO2live_740nm_3085mW_u1_poc0p25_20x0p75NA_535s50_g70_z1_256pix_basicFLIM_120f_0007,True,0,0.0,0.0,0.0,51,1.0,104.285,200.0
3_BKOCO2live_740nm_3085mW_u1_poc0p25_20x0p75NA_535s50_g70_z1_256pix_basicFLIM_120f_0008.sdt,live,1.0354281625993926,1.01375,0.0022129633869023093,20260521_KPC_live_SLIM::fitet-sz-c2-b1::3_BKOCO2live_740nm_3085mW_u1_poc0p25_20x0p75NA_535s50_g70_z1_256pix_basicFLIM_120f_0008,True,0,0.0,0.0,0.0,65,0.8923076923076924,134.82,200.0
3_BKOCO2live_740nm_3085mW_u1_poc0p25_20x0p75NA_535s50_g70_z1_256pix_basicFLIM_120f_0009.sdt,live,1.0593255733016052,1.018895,0.012022520841109868,20260521_KPC_live_SLIM::fitet-sz-c2-b1::3_BKOCO2live_740nm_3085mW_u1_poc0p25_20x0p75NA_535s50_g70_z1_256pix_basicFLIM_120f_0009,True,0,0.0,0.0,0.0,84,1.0,98.55199999999999,200.0
3_BKOCO2live_740nm_3085mW_u1_poc0p25_20x0p75NA_535s50_g70_z1_256pix_basicFLIM_120f_0010.sdt,live,1.0589753033129725,1.01249,0.014426188108654134,20260521_KPC_live_SLIM::fitet-sz-c2-b1::3_BKOCO2live_740nm_3085mW_u1_poc0p25_20x0p75NA_535s50_g70_z1_256pix_basicFLIM_120f_0010,True,0,0.0,0.0,0.0,16,1.0,106.9735,200.0
3_BKOCO2live_740nm_3085mW_u1_poc0p25_20x0p75NA_535s50_g70_z1_256pix_basicFLIM_120f_0011.sdt,live,1.0462414378482972,1.0152299999999999,0.00696594427244582,20260521_KPC_live_SLIM::fitet-sz-c2-b1::3_BKOCO2live_740nm_3085mW_u1_poc0p25_20x0p75NA_535s50_g70_z1_256pix_basicFLIM_120f_0011,True,0,0.0,0.0,0.0,203,0.9458128078817734,128.251,200.0
3_BKOCO2live_740nm_3085mW_u1_poc0p25_20x0p75NA_535s50_g70_z1_256pix_basicFLIM_120f_0012.sdt,live,1.0468183844018528,1.01513,0.008156199803502644,20260521_KPC_live_SLIM::fitet-sz-c2-b1::3_BKOCO2live_740nm_3085mW_u1_poc0p25_20x0p75NA_535s50_g70_z1_256pix_basicFLIM_120f_0012,True,0,0.0,0.0,0.0,24,0.875,160.0475,200.0
3_BKOCO2live_740nm_3085mW_u1_poc0p25_20x0p75NA_535s50_g70_z1_256pix_basicFLIM_120f_0013.sdt,live,1.0551806756428879,1.01958,0.01027982185898766,20260521_KPC_live_SLIM::fitet-sz-c2-b1::3_BKOCO2live_740nm_3085mW_u1_poc0p25_20x0p75NA_535s50_g70_z1_256pix_basicFLIM_120f_0013,True,0,0.0,0.0,0.0,43,1.0,121.074,200.0
3_BKOCO2live_740nm_3085mW_u1_poc0p25_20x0p75NA_535s50_g70_z1_256pix_basicFLIM_120f_0014.sdt,live,1.0564536729278182,1.015225,0.013106244931062449,20260521_KPC_live_SLIM::fitet-sz-c2-b1::3_BKOCO2live_740nm_3085mW_u1_poc0p25_20x0p75NA_535s50_g70_z1_256pix_basicFLIM_120f_0014,True,0,0.0,0.0,0.0,130,0.9,127.8255,200.0
3_BKOCO2live_740nm_3085mW_u1_poc0p6_20x0p75NA_535s50_g70_z1_256pix_basicFLIM_120f_0000.sdt,live,1.0313856994323731,1.01572,0.0003509521484375,20260521_KPC_live_SLIM::fitet-sz-c2-b1::3_BKOCO2live_740nm_3085mW_u1_poc0p6_20x0p75NA_535s50_g70_z1_256pix_basicFLIM_120f_0000,True,0,0.0,0.0,0.0,91,0.7802197802197802,164.619,200.0
3_BKOCO2live_740nm_3085mW_u1_poc0p6_20x0p75NA_535s50_g70_z1_256pix_basicFLIM_120f_0001.sdt,live,1.0819459143066408,1.07111,0.0005340576171875,20260521_KPC_live_SLIM::fitet-sz-c2-b1::3_BKOCO2live_740nm_3085mW_u1_poc0p6_20x0p75NA_535s50_g70_z1_256pix_basicFLIM_120f_0001,True,0,0.0,0.0,0.0,47537,0.37987252035256747,214.411,200.0
3_BKOCO2live_740nm_3085mW_u1_poc0p6_20x0p75NA_535s50_g70_z1_256pix_basicFLIM_120f_0002.sdt,live,1.0820171039581297,1.07135,0.000244140625,20260521_KPC_live_SLIM::fitet-sz-c2-b1::3_BKOCO2live_740nm_3085mW_u1_poc0p6_20x0p75NA_535s50_g70_z1_256pix_basicFLIM_120f_0002,True,0,0.0,0.0,0.0,33522,0.6664876797327128,176.024,200.0
3_BKOCO2live_740nm_3085mW_u1_poc0p6_20x0p75NA_535s50_g70_z1_256pix_basicFLIM_120f_0003.sdt,live,1.074361465423584,1.06431,3.0517578125e-05,20260521_KPC_live_SLIM::fitet-sz-c2-b1::3_BKOCO2live_740nm_3085mW_u1_poc0p6_20x0p75NA_535s50_g70_z1_256pix_basicFLIM_120f_0003,True,0,0.0,0.0,0.0,35749,0.33833114212984977,219.673,200.0
3_BKOCO2live_740nm_3085mW_u1_poc0p6_20x0p75NA_535s50_g70_z1_256pix_basicFLIM_120f_0004.sdt,live,1.206089949661255,1.18294,0.0081939697265625,20260521_KPC_live_SLIM::fitet-sz-c2-b1::3_BKOCO2live_740nm_3085mW_u1_poc0p6_20x0p75NA_535s50_g70_z1_256pix_basicFLIM_120f_0004,True,0,0.0,0.0,0.0,65536,0.7465362548828125,152.96699999999998,200.0
3_BKOCO2live_740nm_3085mW_u1_poc0p6_20x0p75NA_535s50_g70_z1_256pix_basicFLIM_120f_0005.sdt,live,1.1449542656097411,1.13794,0.0001068115234375,20260521_KPC_live_SLIM::fitet-sz-c2-b1::3_BKOCO2live_740nm_3085mW_u1_poc0p6_20x0p75NA_535s50_g70_z1_256pix_basicFLIM_120f_0005,True,0,0.0,0.0,0.0,65536,0.8335418701171875,129.027,200.0
3_BKOCO2live_740nm_3085mW_u1_poc0p6_20x0p75NA_535s50_g70_z1_256pix_basicFLIM_120f_0006.sdt,live,1.0396846912437203,0.9895075,0.017969857014040965,20260521_KPC_live_SLIM::fitet-sz-c2-b1::3_BKOCO2live_740nm_3085mW_u1_poc0p6_20x0p75NA_535s50_g70_z1_256pix_basicFLIM_120f_0006,True,0,0.0,0.0,0.0,0,,,200.0
3_BKOCO2live_740nm_3085mW_u1_poc0p6_20x0p75NA_535s50_g70_z1_256pix_basicFLIM_120f_0007.sdt,live,1.0805232050476075,1.070365,4.57763671875e-05,20260521_KPC_live_SLIM::fitet-sz-c2-b1::3_BKOCO2live_740nm_3085mW_u1_poc0p6_20x0p75NA_535s50_g70_z1_256pix_basicFLIM_120f_0007,True,0,0.0,0.0,0.0,25445,0.4282177245038318,208.907,200.0
3_BKOCO2live_740nm_3085mW_u1_poc0p6_20x0p75NA_535s50_g70_z1_256pix_basicFLIM_120f_0008.sdt,live,1.1861320791625976,1.17682,0.001220703125,20260521_KPC_live_SLIM::fitet-sz-c2-b1::3_BKOCO2live_740nm_3085mW_u1_poc0p6_20x0p75NA_535s50_g70_z1_256pix_basicFLIM_120f_0008,True,0,0.0,0.0,0.0,65536,0.4420318603515625,205.7575,200.0
3_BKOCO2live_740nm_3085mW_u1_poc0p6_20x0p75NA_535s50_g70_z1_256pix_basicFLIM_120f_0009.sdt,live,1.050154635635376,1.029585,0.0013275146484375,20260521_KPC_live_SLIM::fitet-sz-c2-b1::3_BKOCO2live_740nm_3085mW_u1_poc0p6_20x0p75NA_535s50_g70_z1_256pix_basicFLIM_120f_0009,True,0,0.0,0.0,0.0,91,1.0,132.045,200.0
3_BKOCO2live_740nm_3085mW_u1_poc0p6_20x0p75NA_535s50_g70_z1_256pix_basicFLIM_120f_0010.sdt,live,1.1437462997589112,1.13396,0.00042724609375,20260521_KPC_live_SLIM::fitet-sz-c2-b1::3_BKOCO2live_740nm_3085mW_u1_poc0p6_20x0p75NA_535s50_g70_z1_256pix_basicFLIM_120f_0010,True,0,0.0,0.0,0.0,65536,0.967559814453125,81.40625,200.0
3_BKOCO2live_740nm_3085mW_u1_poc0p6_20x0p75NA_535s50_g70_z1_256pix_basicFLIM_120f_0011.sdt,live,514.6883714637239,1.0341049999999998,0.0700381492712511,20260521_KPC_live_SLIM::fitet-sz-c2-b1::3_BKOCO2live_740nm_3085mW_u1_poc0p6_20x0p75NA_535s50_g70_z1_256pix_basicFLIM_120f_0011,True,0,0.0,0.0,0.0,0,,,200.0
3_BKOCO2live_740nm_3085mW_u1_poc0p6_20x0p75NA_535s50_g70_z1_256pix_basicFLIM_120f_0012.sdt,live,1.1663540424346923,1.1595,0.0005035400390625,20260521_KPC_live_SLIM::fitet-sz-c2-b1::3_BKOCO2live_740nm_3085mW_u1_poc0p6_20x0p75NA_535s50_g70_z1_256pix_basicFLIM_120f_0012,True,0,0.0,0.0,0.0,65536,0.5868988037109375,186.24349999999998,200.0
3_BKOCO2live_740nm_3085mW_u1_poc0p6_20x0p75NA_535s50_g70_z1_256pix_basicFLIM_120f_0013.sdt,live,1.0792067486114503,1.06894,3.0517578125e-05,20260521_KPC_live_SLIM::fitet-sz-c2-b1::3_BKOCO2live_740nm_3085mW_u1_poc0p6_20x0p75NA_535s50_g70_z1_256pix_basicFLIM_120f_0013,True,0,0.0,0.0,0.0,25977,0.4770373792200793,202.918,200.0
3_BKOCO2live_740nm_3085mW_u1_poc0p6_20x0p75NA_535s50_g70_z1_256pix_basicFLIM_120f_0014.sdt,live,1.1396348716278077,1.13059,0.00140380859375,20260521_KPC_live_SLIM::fitet-sz-c2-b1::3_BKOCO2live_740nm_3085mW_u1_poc0p6_20x0p75NA_535s50_g70_z1_256pix_basicFLIM_120f_0014,True,0,0.0,0.0,0.0,65536,0.6956787109375,144.771,200.0
3_BKOCO2live_740nm_3085mW_u1_poc0p6_20x0p75NA_457s50_g70_z1_256pix_basicFLIM_120f_0000.sdt,live,1.0996177151641846,1.091625,0.0007476806640625,20260521_KPC_live_SLIM::fitet-sz-c2-b1::3_BKOCO2live_740nm_3085mW_u1_poc0p6_20x0p75NA_457s50_g70_z1_256pix_basicFLIM_120f_0000,True,0,0.0,0.0,0.0,65536,0.2045745849609375,249.543,200.0
3_BKOCO2live_740nm_3085mW_u1_poc0p6_20x0p75NA_457s50_g70_z1_256pix_basicFLIM_120f_0001.sdt,live,1.187820207321167,1.15816,0.01123046875,20260521_KPC_live_SLIM::fitet-sz-c2-b1::3_BKOCO2live_740nm_3085mW_u1_poc0p6_20x0p75NA_457s50_g70_z1_256pix_basicFLIM_120f_0001,True,0,0.0,0.0,0.0,65536,0.521697998046875,192.297,200.0
3_BKOCO2live_740nm_3085mW_u1_poc0p6_20x0p75NA_457s50_g70_z1_256pix_basicFLIM_120f_0002.sdt,live,1.1159421087188721,1.11014,4.57763671875e-05,20260521_KPC_live_SLIM::fitet-sz-c2-b1::3_BKOCO2live_740nm_3085mW_u1_poc0p6_20x0p75NA_457s50_g70_z1_256pix_basicFLIM_120f_0002,True,0,0.0,0.0,0.0,65536,0.2947845458984375,236.8125,200.0
3_BKOCO2live_740nm_3085mW_u1_poc0p6_20x0p75NA_457s50_g70_z1_256pix_basicFLIM_120f_0003.sdt,live,1.1058799301300049,1.096915,0.0008392333984375,20260521_KPC_live_SLIM::fitet-sz-c2-b1::3_BKOCO2live_740nm_3085mW_u1_poc0p6_20x0p75NA_457s50_g70_z1_256pix_basicFLIM_120f_0003,True,0,0.0,0.0,0.0,65536,0.637939453125,148.1385,200.0
3_BKOCO2live_740nm_3085mW_u1_poc0p6_20x0p75NA_457s50_g70_z1_256pix_basicFLIM_120f_0004.sdt,live,1.1203974773254395,1.09859,0.0039520263671875,20260521_KPC_live_SLIM::fitet-sz-c2-b1::3_BKOCO2live_740nm_3085mW_u1_poc0p6_20x0p75NA_457s50_g70_z1_256pix_basicFLIM_120f_0004,True,0,0.0,0.0,0.0,65536,0.981903076171875,72.58145,200.0
3_BKOCO2live_740nm_3085mW_u1_poc0p6_20x0p75NA_457s50_g70_z1_256pix_basicFLIM_120f_0005.sdt,live,1.1166940204315186,1.11054,1.52587890625e-05,20260521_KPC_live_SLIM::fitet-sz-c2-b1::3_BKOCO2live_740nm_3085mW_u1_poc0p6_20x0p75NA_457s50_g70_z1_256pix_basicFLIM_120f_0005,True,0,0.0,0.0,0.0,65536,0.4351806640625,216.8285,200.0
3_BKOCO2live_740nm_3085mW_u1_poc0p6_20x0p75NA_457s50_g70_z1_256pix_basicFLIM_120f_0006.sdt,live,1.1086921708374025,1.094595,0.0025634765625,20260521_KPC_live_SLIM::fitet-sz-c2-b1::3_BKOCO2live_740nm_3085mW_u1_poc0p6_20x0p75NA_457s50_g70_z1_256pix_basicFLIM_120f_0006,True,0,0.0,0.0,0.0,65535,0.6454108491645686,138.573,200.0
3_BKOCO2live_740nm_3085mW_u1_poc0p6_20x0p75NA_457s50_g70_z1_256pix_basicFLIM_120f_0007.sdt,live,1.1331570223693848,1.12459,0.00128173828125,20260521_KPC_live_SLIM::fitet-sz-c2-b1::3_BKOCO2live_740nm_3085mW_u1_poc0p6_20x0p75NA_457s50_g70_z1_256pix_basicFLIM_120f_0007,True,0,0.0,0.0,0.0,65533,0.24521996551355804,248.524,200.0
3_BKOCO2live_740nm_3085mW_u1_poc0p6_20x0p75NA_457s50_g70_z1_256pix_basicFLIM_120f_0008.sdt,live,1.1306848393554687,1.12289,0.001922607421875,20260521_KPC_live_SLIM::fitet-sz-c2-b1::3_BKOCO2live_740nm_3085mW_u1_poc0p6_20x0p75NA_457s50_g70_z1_256pix_basicFLIM_120f_0008,True,0,0.0,0.0,0.0,65536,0.3238067626953125,247.842,200.0
3_BKOCO2live_740nm_3085mW_u1_poc0p6_20x0p75NA_457s50_g70_z1_256pix_basicFLIM_120f_0009.sdt,live,1.1159752949371338,1.10458,0.0027923583984375,20260521_KPC_live_SLIM::fitet-sz-c2-b1::3_BKOCO2live_740nm_3085mW_u1_poc0p6_20x0p75NA_457s50_g70_z1_256pix_basicFLIM_120f_0009,True,0,0.0,0.0,0.0,65536,0.6153106689453125,143.946,200.0
3_BKOCO2live_740nm_3085mW_u1_poc0p6_20x0p75NA_457s50_g70_z1_256pix_basicFLIM_120f_0010.sdt,live,1.122701547531128,1.111985,0.001312255859375,20260521_KPC_live_SLIM::fitet-sz-c2-b1::3_BKOCO2live_740nm_3085mW_u1_poc0p6_20x0p75NA_457s50_g70_z1_256pix_basicFLIM_120f_0010,True,0,0.0,0.0,0.0,65536,0.5440826416015625,191.115,200.0
3_BKOCO2live_740nm_3085mW_u1_poc0p6_20x0p75NA_457s50_g70_z1_256pix_basicFLIM_120f_0011.sdt,live,1.1168858992767332,1.10494,0.002716064453125,20260521_KPC_live_SLIM::fitet-sz-c2-b1::3_BKOCO2live_740nm_3085mW_u1_poc0p6_20x0p75NA_457s50_g70_z1_256pix_basicFLIM_120f_0011,True,0,0.0,0.0,0.0,65536,0.589935302734375,153.832,200.0
3_BKOCO2live_740nm_3085mW_u1_poc0p6_20x0p75NA_457s50_g70_z1_256pix_basicFLIM_120f_0012.sdt,live,1.1244107957458496,1.1141,0.0018157958984375,20260521_KPC_live_SLIM::fitet-sz-c2-b1::3_BKOCO2live_740nm_3085mW_u1_poc0p6_20x0p75NA_457s50_g70_z1_256pix_basicFLIM_120f_0012,True,0,0.0,0.0,0.0,65536,0.556640625,165.65699999999998,200.0
3_BKOCO2live_740nm_3085mW_u1_poc0p6_20x0p75NA_457s50_g70_z1_256pix_basicFLIM_120f_0013.sdt,live,1.091366686721802,1.0813000000000001,0.0010833740234375,20260521_KPC_live_SLIM::fitet-sz-c2-b1::3_BKOCO2live_740nm_3085mW_u1_poc0p6_20x0p75NA_457s50_g70_z1_256pix_basicFLIM_120f_0013,True,0,0.0,0.0,0.0,65527,0.8243929983060417,97.2674,200.0
3_BKOCO2live_740nm_3085mW_u1_poc0p6_20x0p75NA_457s50_g70_z1_256pix_basicFLIM_120f_0014.sdt,live,1.1080641601867676,1.09346,0.0040435791015625,20260521_KPC_live_SLIM::fitet-sz-c2-b1::3_BKOCO2live_740nm_3085mW_u1_poc0p6_20x0p75NA_457s50_g70_z1_256pix_basicFLIM_120f_0014,True,0,0.0,0.0,0.0,65536,0.77520751953125,102.66499999999999,200.0
4_BKOCO2live_740nm_3085mW_u1_poc0p5_20x0p75NA_457s50_g70_z1_256pix_basicFLIM_120f_0000.sdt,live,1.1049949549102784,1.09843,0.0002593994140625,20260521_KPC_live_SLIM::fitet-sz-c2-b1::4_BKOCO2live_740nm_3085mW_u1_poc0p5_20x0p75NA_457s50_g70_z1_256pix_basicFLIM_120f_0000,True,0,0.0,0.0,0.0,65393,0.03734344654626642,274.897,200.0
4_BKOCO2live_740nm_3085mW_u1_poc0p5_20x0p75NA_457s50_g70_z1_256pix_basicFLIM_120f_0001.sdt,live,1.068984222427368,1.06112,3.0517578125e-05,20260521_KPC_live_SLIM::fitet-sz-c2-b1::4_BKOCO2live_740nm_3085mW_u1_poc0p5_20x0p75NA_457s50_g70_z1_256pix_basicFLIM_120f_0001,True,0,0.0,0.0,0.0,58968,0.07582078415411748,265.7265,200.0
4_BKOCO2live_740nm_3085mW_u1_poc0p5_20x0p75NA_457s50_g70_z1_256pix_basicFLIM_120f_0002.sdt,live,1.084164391067505,1.07593,0.000213623046875,20260521_KPC_live_SLIM::fitet-sz-c2-b1::4_BKOCO2live_740nm_3085mW_u1_poc0p5_20x0p75NA_457s50_g70_z1_256pix_basicFLIM_120f_0002,True,0,0.0,0.0,0.0,64297,0.10095338818296344,263.125,200.0
4_BKOCO2live_740nm_3085mW_u1_poc0p5_20x0p75NA_457s50_g70_z1_256pix_basicFLIM_120f_0003.sdt,live,1.0042504996565673,0.980734,0.002304815691063115,20260521_KPC_live_SLIM::fitet-sz-c2-b1::4_BKOCO2live_740nm_3085mW_u1_poc0p5_20x0p75NA_457s50_g70_z1_256pix_basicFLIM_120f_0003,True,0,0.0,0.0,0.0,0,,,200.0
4_BKOCO2live_740nm_3085mW_u1_poc0p5_20x0p75NA_457s50_g70_z1_256pix_basicFLIM_120f_0004.sdt,live,1.0030203125317725,0.968746,0.006392975429407687,20260521_KPC_live_SLIM::fitet-sz-c2-b1::4_BKOCO2live_740nm_3085mW_u1_poc0p5_20x0p75NA_457s50_g70_z1_256pix_basicFLIM_120f_0004,True,0,0.0,0.0,0.0,0,,,200.0
4_BKOCO2live_740nm_3085mW_u1_poc0p5_20x0p75NA_457s50_g70_z1_256pix_basicFLIM_120f_0005.sdt,live,1.1003722445831299,1.09159,0.0005035400390625,20260521_KPC_live_SLIM::fitet-sz-c2-b1::4_BKOCO2live_740nm_3085mW_u1_poc0p5_20x0p75NA_457s50_g70_z1_256pix_basicFLIM_120f_0005,True,0,0.0,0.0,0.0,64920,0.10505237215033889,262.3085,200.0
4_BKOCO2live_740nm_3085mW_u1_poc0p5_20x0p75NA_457s50_g70_z1_256pix_basicFLIM_120f_0006.sdt,live,1.093002611175537,1.083915,0.0005340576171875,20260521_KPC_live_SLIM::fitet-sz-c2-b1::4_BKOCO2live_740nm_3085mW_u1_poc0p5_20x0p75NA_457s50_g70_z1_256pix_basicFLIM_120f_0006,True,0,0.0,0.0,0.0,64326,0.05238939153685913,273.63149999999996,200.0
4_BKOCO2live_740nm_3085mW_u1_poc0p5_20x0p75NA_457s50_g70_z1_256pix_basicFLIM_120f_0007.sdt,live,1.0934612967071535,1.08477,0.0005645751953125,20260521_KPC_live_SLIM::fitet-sz-c2-b1::4_BKOCO2live_740nm_3085mW_u1_poc0p5_20x0p75NA_457s50_g70_z1_256pix_basicFLIM_120f_0007,True,0,0.0,0.0,0.0,64466,0.06446809170725654,266.909,200.0
4_BKOCO2live_740nm_3085mW_u1_poc0p5_20x0p75NA_457s50_g70_z1_256pix_basicFLIM_120f_0008.sdt,live,17.151402817578905,0.9770295,0.011069515264958368,20260521_KPC_live_SLIM::fitet-sz-c2-b1::4_BKOCO2live_740nm_3085mW_u1_poc0p5_20x0p75NA_457s50_g70_z1_256pix_basicFLIM_120f_0008,True,0,0.0,0.0,0.0,0,,,200.0
4_BKOCO2live_740nm_3085mW_u1_poc0p5_20x0p75NA_457s50_g70_z1_256pix_basicFLIM_120f_0009.sdt,live,1.0900673468017579,1.08377,0.0003662109375,20260521_KPC_live_SLIM::fitet-sz-c2-b1::4_BKOCO2live_740nm_3085mW_u1_poc0p5_20x0p75NA_457s50_g70_z1_256pix_basicFLIM_120f_0009,True,0,0.0,0.0,0.0,51082,0.06616812184331075,266.642,200.0
4_BKOCO2live_740nm_3085mW_u1_poc0p5_20x0p75NA_457s50_g70_z1_256pix_basicFLIM_120f_0010.sdt,live,1.0315554389705206,1.01319,0.003405012423693978,20260521_KPC_live_SLIM::fitet-sz-c2-b1::4_BKOCO2live_740nm_3085mW_u1_poc0p5_20x0p75NA_457s50_g70_z1_256pix_basicFLIM_120f_0010,True,0,0.0,0.0,0.0,7040,0.07642045454545454,281.03999999999996,200.0
4_BKOCO2live_740nm_3085mW_u1_poc0p5_20x0p75NA_457s50_g70_z1_256pix_basicFLIM_120f_0011.sdt,live,1.0139317349370183,0.9848215,0.0061114317726547384,20260521_KPC_live_SLIM::fitet-sz-c2-b1::4_BKOCO2live_740nm_3085mW_u1_poc0p5_20x0p75NA_457s50_g70_z1_256pix_basicFLIM_120f_0011,True,0,0.0,0.0,0.0,0,,,200.0
4_BKOCO2live_740nm_3085mW_u1_poc0p5_20x0p75NA_535s50_g70_z1_256pix_basicFLIM_120f_0000.sdt,live,1.1194986654205323,1.11051,0.0007781982421875,20260521_KPC_live_SLIM::fitet-sz-c2-b1::4_BKOCO2live_740nm_3085mW_u1_poc0p5_20x0p75NA_535s50_g70_z1_256pix_basicFLIM_120f_0000,True,0,0.0,0.0,0.0,64649,0.5330167519992576,196.362,200.0
4_BKOCO2live_740nm_3085mW_u1_poc0p5_20x0p75NA_535s50_g70_z1_256pix_basicFLIM_120f_0001.sdt,live,1.0933570782775879,1.08357,0.0006561279296875,20260521_KPC_live_SLIM::fitet-sz-c2-b1::4_BKOCO2live_740nm_3085mW_u1_poc0p5_20x0p75NA_535s50_g70_z1_256pix_basicFLIM_120f_0001,True,0,0.0,0.0,0.0,62483,0.6707584462973929,177.226,200.0
4_BKOCO2live_740nm_3085mW_u1_poc0p5_20x0p75NA_535s50_g70_z1_256pix_basicFLIM_120f_0002.sdt,live,1.138959013519287,1.12886,0.0010223388671875,20260521_KPC_live_SLIM::fitet-sz-c2-b1::4_BKOCO2live_740nm_3085mW_u1_poc0p5_20x0p75NA_535s50_g70_z1_256pix_basicFLIM_120f_0002,True,0,0.0,0.0,0.0,65536,0.632904052734375,184.72750000000002,200.0
4_BKOCO2live_740nm_3085mW_u1_poc0p5_20x0p75NA_535s50_g70_z1_256pix_basicFLIM_120f_0003.sdt,live,1.0689929079284668,1.05292,0.00152587890625,20260521_KPC_live_SLIM::fitet-sz-c2-b1::4_BKOCO2live_740nm_3085mW_u1_poc0p5_20x0p75NA_535s50_g70_z1_256pix_basicFLIM_120f_0003,True,0,0.0,0.0,0.0,14526,0.45360044058928817,206.0825,200.0
4_BKOCO2live_740nm_3085mW_u1_poc0p5_20x0p75NA_535s50_g70_z1_256pix_basicFLIM_120f_0004.sdt,live,1.1223575493621827,1.11122,0.0015411376953125,20260521_KPC_live_SLIM::fitet-sz-c2-b1::4_BKOCO2live_740nm_3085mW_u1_poc0p5_20x0p75NA_535s50_g70_z1_256pix_basicFLIM_120f_0004,True,0,0.0,0.0,0.0,65393,0.5868976801798358,190.175,200.0
4_BKOCO2live_740nm_3085mW_u1_poc0p5_20x0p75NA_535s50_g70_z1_256pix_basicFLIM_120f_0005.sdt,live,,,,20260521_KPC_live_SLIM::fitet-sz-c2-b1::4_BKOCO2live_740nm_3085mW_u1_poc0p5_20x0p75NA_535s50_g70_z1_256pix_basicFLIM_120f_0005,True,0,0.0,0.0,0.0,0,,,200.0
4_BKOCO2live_740nm_3085mW_u1_poc0p5_20x0p75NA_535s50_g70_z1_256pix_basicFLIM_120f_0006.sdt,live,1.0884000746917724,1.07432,0.0027313232421875,20260521_KPC_live_SLIM::fitet-sz-c2-b1::4_BKOCO2live_740nm_3085mW_u1_poc0p5_20x0p75NA_535s50_g70_z1_256pix_basicFLIM_120f_0006,True,0,0.0,0.0,0.0,46266,0.5020749578524186,199.739,200.0
4_BKOCO2live_740nm_3085mW_u1_poc0p5_20x0p75NA_535s50_g70_z1_256pix_basicFLIM_120f_0007.sdt,live,1.0650254534606933,1.05221,0.0008697509765625,20260521_KPC_live_SLIM::fitet-sz-c2-b1::4_BKOCO2live_740nm_3085mW_u1_poc0p5_20x0p75NA_535s50_g70_z1_256pix_basicFLIM_120f_0007,True,0,0.0,0.0,0.0,20107,0.4901278161834187,201.252,200.0
4_BKOCO2live_740nm_3085mW_u1_poc0p5_20x0p75NA_535s50_g70_z1_256pix_basicFLIM_120f_0008.sdt,live,1.1036368274841308,1.096385,0.0,20260521_KPC_live_SLIM::fitet-sz-c2-b1::4_BKOCO2live_740nm_3085mW_u1_poc0p5_20x0p75NA_535s50_g70_z1_256pix_basicFLIM_120f_0008,True,0,0.0,0.0,0.0,61368,0.6315343501499152,181.349,200.0
4_BKOCO2live_740nm_3085mW_u1_poc0p5_20x0p75NA_535s50_g70_z1_256pix_basicFLIM_120f_0009.sdt,live,1.055804110109102,1.03678,0.001052872510872053,20260521_KPC_live_SLIM::fitet-sz-c2-b1::4_BKOCO2live_740nm_3085mW_u1_poc0p5_20x0p75NA_535s50_g70_z1_256pix_basicFLIM_120f_0009,True,0,0.0,0.0,0.0,3469,0.4041510521764197,212.132,200.0
4_BKOCO2live_740nm_3085mW_u1_poc0p5_20x0p75NA_535s50_g70_z1_256pix_basicFLIM_120f_0010.sdt,live,1.1000552073211671,1.09002,0.00164794921875,20260521_KPC_live_SLIM::fitet-sz-c2-b1::4_BKOCO2live_740nm_3085mW_u1_poc0p5_20x0p75NA_535s50_g70_z1_256pix_basicFLIM_120f_0010,True,0,0.0,0.0,0.0,38994,0.5343386161973637,195.78050000000002,200.0
4_BKOCO2live_740nm_3085mW_u1_poc0p5_20x0p75NA_535s50_g70_z1_256pix_basicFLIM_120f_0011.sdt,live,1.0541553816680909,1.0420699999999998,0.0003204345703125,20260521_KPC_live_SLIM::fitet-sz-c2-b1::4_BKOCO2live_740nm_3085mW_u1_poc0p5_20x0p75NA_535s50_g70_z1_256pix_basicFLIM_120f_0011,True,0,0.0,0.0,0.0,14086,0.509938946471674,198.5935,200.0
4_BKOCO2live_posn1_740nm_3085mW_u1_poc0p5_20x0p75NA_535s50_g70_z1_256pix_basicFLIM_120f_0000.sdt,live,1.0973344862060546,1.08662,0.001251220703125,20260521_KPC_live_SLIM::fitet-sz-c2-b1::4_BKOCO2live_posn1_740nm_3085mW_u1_poc0p5_20x0p75NA_535s50_g70_z1_256pix_basicFLIM_120f_0000,True,0,0.0,0.0,0.0,61892,0.7557357978414011,118.875,200.0
3_KPCWTglu20min_740nm_3057mW_u1_poc0p25_20x0p75NA_457s50_g70_z1_256pix_basicFLIM_120f_0000.sdt,glu,1.5506928031768799,1.53858,0.0456390380859375,20260522_KPC_fixed_dishes_SLIM::fitet-sz-c2-b3::3_KPCWTglu20min_740nm_3057mW_u1_poc0p25_20x0p75NA_457s50_g70_z1_256pix_basicFLIM_120f_0000,True,1,1.11191,-1.6966400146484374e-05,0.004343365299873302,60235,0.9999833983564372,95.1088,100.0
3_KPCWTglu20min_740nm_3057mW_u1_poc0p25_20x0p75NA_457s50_g70_z1_256pix_basicFLIM_120f_0001.sdt,glu,2.0139197213745117,2.01463,0.5218353271484375,20260522_KPC_fixed_dishes_SLIM::fitet-sz-c2-b3::3_KPCWTglu20min_740nm_3057mW_u1_poc0p25_20x0p75NA_457s50_g70_z1_256pix_basicFLIM_120f_0001,True,1,1.11191,-1.6966400146484374e-05,0.004343365299873302,65536,0.9999847412109375,97.4589,100.0
3_KPCWTglu20min_740nm_3057mW_u1_poc0p25_20x0p75NA_457s50_g70_z1_256pix_basicFLIM_120f_0002.sdt,glu,1.8269533957824706,1.817855,0.2471466064453125,20260522_KPC_fixed_dishes_SLIM::fitet-sz-c2-b3::3_KPCWTglu20min_740nm_3057mW_u1_poc0p25_20x0p75NA_457s50_g70_z1_256pix_basicFLIM_120f_0002,True,1,1.11191,-1.6966400146484374e-05,0.004343365299873302,65392,0.9999847076094935,95.02085,100.0
3_KPCWTglu20min_740nm_3057mW_u1_poc0p25_20x0p75NA_457s50_g70_z1_256pix_basicFLIM_120f_0003.sdt,glu,1.7977257698822022,1.788405,0.220672607421875,20260522_KPC_fixed_dishes_SLIM::fitet-sz-c2-b3::3_KPCWTglu20min_740nm_3057mW_u1_poc0p25_20x0p75NA_457s50_g70_z1_256pix_basicFLIM_120f_0003,True,1,1.11191,-1.6966400146484374e-05,0.004343365299873302,65423,0.9999847148556318,95.5929,100.0
3_KPCWTglu20min_740nm_3057mW_u1_poc0p25_20x0p75NA_457s50_g70_z1_256pix_basicFLIM_120f_0004.sdt,glu,2.0288917515563964,2.0254849999999998,0.536468505859375,20260522_KPC_fixed_dishes_SLIM::fitet-sz-c2-b3::3_KPCWTglu20min_740nm_3057mW_u1_poc0p25_20x0p75NA_457s50_g70_z1_256pix_basicFLIM_120f_0004,True,1,1.11191,-1.6966400146484374e-05,0.004343365299873302,65536,0.9999847412109375,95.86215,100.0
3_KPCWTglu20min_740nm_3057mW_u1_poc0p25_20x0p75NA_457s50_g70_z1_256pix_basicFLIM_120f_0005.sdt,glu,2.2283689436798095,2.2332150000000004,0.7825775146484375,20260522_KPC_fixed_dishes_SLIM::fitet-sz-c2-b3::3_KPCWTglu20min_740nm_3057mW_u1_poc0p25_20x0p75NA_457s50_g70_z1_256pix_basicFLIM_120f_0005,True,1,1.11191,-1.6966400146484374e-05,0.004343365299873302,65447,0.9999847204608309,94.1829,100.0
3_KPCWTglu20min_740nm_3057mW_u1_poc0p25_20x0p75NA_457s50_g70_z1_256pix_basicFLIM_120f_0006.sdt,glu,2.1864768262023926,2.2081549999999996,0.732666015625,20260522_KPC_fixed_dishes_SLIM::fitet-sz-c2-b3::3_KPCWTglu20min_740nm_3057mW_u1_poc0p25_20x0p75NA_457s50_g70_z1_256pix_basicFLIM_120f_0006,True,1,1.11191,-1.6966400146484374e-05,0.004343365299873302,65191,1.0,95.3066,100.0
3_KPCWTglu20min_740nm_3057mW_u1_poc0p25_20x0p75NA_457s50_g70_z1_256pix_basicFLIM_120f_0007.sdt,glu,1.712067735443115,1.71344,0.1301116943359375,20260522_KPC_fixed_dishes_SLIM::fitet-sz-c2-b3::3_KPCWTglu20min_740nm_3057mW_u1_poc0p25_20x0p75NA_457s50_g70_z1_256pix_basicFLIM_120f_0007,True,1,1.11191,-1.6966400146484374e-05,0.004343365299873302,63936,0.9999843593593594,92.5784,100.0
3_KPCWTglu20min_740nm_3057mW_u1_poc0p25_20x0p75NA_457s50_g70_z1_256pix_basicFLIM_120f_0008.sdt,glu,2.3505828103637696,2.35596,0.8878173828125,20260522_KPC_fixed_dishes_SLIM::fitet-sz-c2-b3::3_KPCWTglu20min_740nm_3057mW_u1_poc0p25_20x0p75NA_457s50_g70_z1_256pix_basicFLIM_120f_0008,True,1,1.11191,-1.6966400146484374e-05,0.004343365299873302,65536,0.9999847412109375,92.43615,100.0
3_KPCWTglu20min_740nm_3057mW_u1_poc0p25_20x0p75NA_457s50_g70_z1_256pix_basicFLIM_120f_0009.sdt,glu,1.7413910638275145,1.738365,0.1853485107421875,20260522_KPC_fixed_dishes_SLIM::fitet-sz-c2-b3::3_KPCWTglu20min_740nm_3057mW_u1_poc0p25_20x0p75NA_457s50_g70_z1_256pix_basicFLIM_120f_0009,True,1,1.11191,-1.6966400146484374e-05,0.004343365299873302,63602,0.9999842772239866,94.3563,100.0
3_KPCWTglu20min_740nm_3057mW_u1_poc0p25_20x0p75NA_457s50_g70_z1_256pix_basicFLIM_120f_0010.sdt,glu,1.3055832495460442,1.32173,0.005401693751430533,20260522_KPC_fixed_dishes_SLIM::fitet-sz-c2-b3::3_KPCWTglu20min_740nm_3057mW_u1_poc0p25_20x0p75NA_457s50_g70_z1_256pix_basicFLIM_120f_0010,True,1,1.11191,-1.6966400146484374e-05,0.004343365299873302,38633,1.0,107.301,100.0
3_KPCWTglu20min_740nm_3057mW_u1_poc0p25_20x0p75NA_457s50_g70_z1_256pix_basicFLIM_120f_0011.sdt,glu,1.54579888671875,1.567155,0.05047607421875,20260522_KPC_fixed_dishes_SLIM::fitet-sz-c2-b3::3_KPCWTglu20min_740nm_3057mW_u1_poc0p25_20x0p75NA_457s50_g70_z1_256pix_basicFLIM_120f_0011,True,1,1.11191,-1.6966400146484374e-05,0.004343365299873302,56684,0.9999823583374498,106.909,100.0
3_KPCWTglu20min_740nm_3057mW_u1_poc0p25_20x0p75NA_457s50_g70_z1_256pix_basicFLIM_120f_0012.sdt,glu,1.4180475500915752,1.4699849999999999,0.034462759462759465,20260522_KPC_fixed_dishes_SLIM::fitet-sz-c2-b3::3_KPCWTglu20min_740nm_3057mW_u1_poc0p25_20x0p75NA_457s50_g70_z1_256pix_basicFLIM_120f_0012,True,1,1.11191,-1.6966400146484374e-05,0.004343365299873302,43858,0.9999771991426878,106.29650000000001,100.0
3_KPCWTglu20min_740nm_3057mW_u1_poc0p25_20x0p75NA_457s50_g70_z1_256pix_basicFLIM_120f_0013.sdt,glu,1.7999545723571777,1.81705,0.247833251953125,20260522_KPC_fixed_dishes_SLIM::fitet-sz-c2-b3::3_KPCWTglu20min_740nm_3057mW_u1_poc0p25_20x0p75NA_457s50_g70_z1_256pix_basicFLIM_120f_0013,True,1,1.11191,-1.6966400146484374e-05,0.004343365299873302,63603,0.9999842774711885,103.266,100.0
3_KPCWTglu20min_740nm_3057mW_u1_poc0p25_20x0p75NA_457s50_g70_z1_256pix_basicFLIM_120f_0014.sdt,glu,1.903834452255249,1.894355,0.3932952880859375,20260522_KPC_fixed_dishes_SLIM::fitet-sz-c2-b3::3_KPCWTglu20min_740nm_3057mW_u1_poc0p25_20x0p75NA_457s50_g70_z1_256pix_basicFLIM_120f_0014,True,1,1.11191,-1.6966400146484374e-05,0.004343365299873302,65294,0.9999846846570895,104.176,100.0
3_KPCWTglu20min_740nm_3057mW_u1_poc0p25_20x0p75NA_535s50_g70_z1_256pix_basicFLIM_120f_0000.sdt,glu,1.4960260915527344,1.481135,0.0247802734375,20260522_KPC_fixed_dishes_SLIM::fitet-sz-c2-b3::3_KPCWTglu20min_740nm_3057mW_u1_poc0p25_20x0p75NA_535s50_g70_z1_256pix_basicFLIM_120f_0000,True,1,1.11191,-1.6966400146484374e-05,0.004343365299873302,56832,0.9999472128378378,101.435,100.0
3_KPCWTglu20min_740nm_3057mW_u1_poc0p25_20x0p75NA_535s50_g70_z1_256pix_basicFLIM_120f_0001.sdt,glu,2.1142957275390626,2.116415,0.6568450927734375,20260522_KPC_fixed_dishes_SLIM::fitet-sz-c2-b3::3_KPCWTglu20min_740nm_3057mW_u1_poc0p25_20x0p75NA_535s50_g70_z1_256pix_basicFLIM_120f_0001,True,1,1.11191,-1.6966400146484374e-05,0.004343365299873302,65536,0.9999847412109375,107.6665,100.0
3_KPCWTglu20min_740nm_3057mW_u1_poc0p25_20x0p75NA_535s50_g70_z1_256pix_basicFLIM_120f_0002.sdt,glu,1.8882447500152588,1.8804599999999998,0.3343658447265625,20260522_KPC_fixed_dishes_SLIM::fitet-sz-c2-b3::3_KPCWTglu20min_740nm_3057mW_u1_poc0p25_20x0p75NA_535s50_g70_z1_256pix_basicFLIM_120f_0002,True,1,1.11191,-1.6966400146484374e-05,0.004343365299873302,65446,0.9999847202273631,103.299,100.0
3_KPCWTglu20min_740nm_3057mW_u1_poc0p25_20x0p75NA_535s50_g70_z1_256pix_basicFLIM_120f_0003.sdt,glu,1.8125672116394043,1.791055,0.252960205078125,20260522_KPC_fixed_dishes_SLIM::fitet-sz-c2-b3::3_KPCWTglu20min_740nm_3057mW_u1_poc0p25_20x0p75NA_535s50_g70_z1_256pix_basicFLIM_120f_0003,True,1,1.11191,-1.6966400146484374e-05,0.004343365299873302,65510,0.9999847351549381,105.34049999999999,100.0
3_KPCWTglu20min_740nm_3057mW_u1_poc0p25_20x0p75NA_535s50_g70_z1_256pix_basicFLIM_120f_0004.sdt,glu,2.032540367126465,2.02372,0.5323944091796875,20260522_KPC_fixed_dishes_SLIM::fitet-sz-c2-b3::3_KPCWTglu20min_740nm_3057mW_u1_poc0p25_20x0p75NA_535s50_g70_z1_256pix_basicFLIM_120f_0004,True,1,1.11191,-1.6966400146484374e-05,0.004343365299873302,65536,0.9999847412109375,105.506,100.0
3_KPCWTglu20min_740nm_3057mW_u1_poc0p25_20x0p75NA_535s50_g70_z1_256pix_basicFLIM_120f_0005.sdt,glu,2.264983717300415,2.28255,0.8002471923828125,20260522_KPC_fixed_dishes_SLIM::fitet-sz-c2-b3::3_KPCWTglu20min_740nm_3057mW_u1_poc0p25_20x0p75NA_535s50_g70_z1_256pix_basicFLIM_120f_0005,True,1,1.11191,-1.6966400146484374e-05,0.004343365299873302,65446,0.9999847202273631,106.3515,100.0
3_KPCWTglu20min_740nm_3057mW_u1_poc0p25_20x0p75NA_535s50_g70_z1_256pix_basicFLIM_120f_0006.sdt,glu,2.27881560546875,2.2993249999999996,0.80010986328125,20260522_KPC_fixed_dishes_SLIM::fitet-sz-c2-b3::3_KPCWTglu20min_740nm_3057mW_u1_poc0p25_20x0p75NA_535s50_g70_z1_256pix_basicFLIM_120f_0006,True,1,1.11191,-1.6966400146484374e-05,0.004343365299873302,65261,0.9999846769127043,105.493,100.0
3_KPCWTglu20min_740nm_3057mW_u1_poc0p25_20x0p75NA_535s50_g70_z1_256pix_basicFLIM_120f_0007.sdt,glu,1.7661951747131348,1.76399,0.19329833984375,20260522_KPC_fixed_dishes_SLIM::fitet-sz-c2-b3::3_KPCWTglu20min_740nm_3057mW_u1_poc0p25_20x0p75NA_535s50_g70_z1_256pix_basicFLIM_120f_0007,True,1,1.11191,-1.6966400146484374e-05,0.004343365299873302,64477,0.99996898118709,103.424,100.0
3_KPCWTglu20min_740nm_3057mW_u1_poc0p25_20x0p75NA_535s50_g70_z1_256pix_basicFLIM_120f_0008.sdt,glu,2.4114834033203123,2.4193249999999997,0.90521240234375,20260522_KPC_fixed_dishes_SLIM::fitet-sz-c2-b3::3_KPCWTglu20min_740nm_3057mW_u1_poc0p25_20x0p75NA_535s50_g70_z1_256pix_basicFLIM_120f_0008,True,1,1.11191,-1.6966400146484374e-05,0.004343365299873302,65536,0.9999847412109375,105.426,100.0
3_KPCWTglu20min_740nm_3057mW_u1_poc0p25_20x0p75NA_535s50_g70_z1_256pix_basicFLIM_120f_0009.sdt,glu,1.7482436868438722,1.74851,0.1998138427734375,20260522_KPC_fixed_dishes_SLIM::fitet-sz-c2-b3::3_KPCWTglu20min_740nm_3057mW_u1_poc0p25_20x0p75NA_535s50_g70_z1_256pix_basicFLIM_120f_0009,True,1,1.11191,-1.6966400146484374e-05,0.004343365299873302,63426,0.9999842335950556,102.019,100.0
3_KPCWTglu20min_740nm_3057mW_u1_poc0p25_20x0p75NA_535s50_g70_z1_256pix_basicFLIM_120f_0010.sdt,glu,1.3637337131474103,1.37574,0.017111630107920807,20260522_KPC_fixed_dishes_SLIM::fitet-sz-c2-b3::3_KPCWTglu20min_740nm_3057mW_u1_poc0p25_20x0p75NA_535s50_g70_z1_256pix_basicFLIM_120f_0010,True,1,1.11191,-1.6966400146484374e-05,0.004343365299873302,39284,0.9999745443437532,103.515,100.0
3_KPCWTglu20min_740nm_3057mW_u1_poc0p25_20x0p75NA_535s50_g70_z1_256pix_basicFLIM_120f_0011.sdt,glu,1.8779808226237165,1.91517,0.41547006851509927,20260522_KPC_fixed_dishes_SLIM::fitet-sz-c2-b3::3_KPCWTglu20min_740nm_3057mW_u1_poc0p25_20x0p75NA_535s50_g70_z1_256pix_basicFLIM_120f_0011,True,1,1.11191,-1.6966400146484374e-05,0.004343365299873302,56687,1.0,95.1734,100.0
3_KPCWTglu20min_740nm_3057mW_u1_poc0p25_20x0p75NA_535s50_g70_z1_256pix_basicFLIM_120f_0012.sdt,glu,1.8928178929121844,1.87596,0.37380025940337225,20260522_KPC_fixed_dishes_SLIM::fitet-sz-c2-b3::3_KPCWTglu20min_740nm_3057mW_u1_poc0p25_20x0p75NA_535s50_g70_z1_256pix_basicFLIM_120f_0012,True,1,1.11191,-1.6966400146484374e-05,0.004343365299873302,44807,0.9999776820586069,95.9115,100.0
3_KPCWTglu20min_740nm_3057mW_u1_poc0p25_20x0p75NA_535s50_g70_z1_256pix_basicFLIM_120f_0013.sdt,glu,2.374211821258545,2.39525,0.820098876953125,20260522_KPC_fixed_dishes_SLIM::fitet-sz-c2-b3::3_KPCWTglu20min_740nm_3057mW_u1_poc0p25_20x0p75NA_535s50_g70_z1_256pix_basicFLIM_120f_0013,True,1,1.11191,-1.6966400146484374e-05,0.004343365299873302,64645,0.9999845308995282,99.3125,100.0
3_KPCWTglu20min_740nm_3057mW_u1_poc0p25_20x0p75NA_535s50_g70_z1_256pix_basicFLIM_120f_0014.sdt,glu,2.104307100067139,2.0865799999999997,0.5705718994140625,20260522_KPC_fixed_dishes_SLIM::fitet-sz-c2-b3::3_KPCWTglu20min_740nm_3057mW_u1_poc0p25_20x0p75NA_535s50_g70_z1_256pix_basicFLIM_120f_0014,True,1,1.11191,-1.6966400146484374e-05,0.004343365299873302,65437,0.999984718125831,103.975,100.0
4_BKOCO2glu20min_740nm_3053mW_u1_poc0p25_20x0p75NA_457s50_g70_z1_256pix_basicFLIM_120f_0000.sdt,glu,1.896677015411377,1.89271,0.3596649169921875,20260522_KPC_fixed_dishes_SLIM::fitet-sz-c2-b3::4_BKOCO2glu20min_740nm_3053mW_u1_poc0p25_20x0p75NA_457s50_g70_z1_256pix_basicFLIM_120f_0000,True,1,1.11191,-1.6966400146484374e-05,0.004343365299873302,65536,0.9999847412109375,107.682,100.0
4_BKOCO2glu20min_740nm_3053mW_u1_poc0p25_20x0p75NA_457s50_g70_z1_256pix_basicFLIM_120f_0001.sdt,glu,1.6701110288696288,1.67159,0.0719146728515625,20260522_KPC_fixed_dishes_SLIM::fitet-sz-c2-b3::4_BKOCO2glu20min_740nm_3053mW_u1_poc0p25_20x0p75NA_457s50_g70_z1_256pix_basicFLIM_120f_0001,True,1,1.11191,-1.6966400146484374e-05,0.004343365299873302,65536,0.9999847412109375,110.14150000000001,100.0
4_BKOCO2glu20min_740nm_3053mW_u1_poc0p25_20x0p75NA_457s50_g70_z1_256pix_basicFLIM_120f_0002.sdt,glu,1.6374723062286378,1.631215,0.0426788330078125,20260522_KPC_fixed_dishes_SLIM::fitet-sz-c2-b3::4_BKOCO2glu20min_740nm_3053mW_u1_poc0p25_20x0p75NA_457s50_g70_z1_256pix_basicFLIM_120f_0002,True,1,1.11191,-1.6966400146484374e-05,0.004343365299873302,65536,0.9999847412109375,109.477,100.0
4_BKOCO2glu20min_740nm_3053mW_u1_poc0p25_20x0p75NA_457s50_g70_z1_256pix_basicFLIM_120f_0003.sdt,glu,1.470575960632324,1.465585,0.00421142578125,20260522_KPC_fixed_dishes_SLIM::fitet-sz-c2-b3::4_BKOCO2glu20min_740nm_3053mW_u1_poc0p25_20x0p75NA_457s50_g70_z1_256pix_basicFLIM_120f_0003,True,1,1.11191,-1.6966400146484374e-05,0.004343365299873302,64667,0.9999845361621847,112.175,100.0
4_BKOCO2glu20min_740nm_3053mW_u1_poc0p25_20x0p75NA_457s50_g70_z1_256pix_basicFLIM_120f_0004.sdt,glu,1.6312128943328856,1.62243,0.055816650390625,20260522_KPC_fixed_dishes_SLIM::fitet-sz-c2-b3::4_BKOCO2glu20min_740nm_3053mW_u1_poc0p25_20x0p75NA_457s50_g70_z1_256pix_basicFLIM_120f_0004,True,1,1.11191,-1.6966400146484374e-05,0.004343365299873302,65505,0.9999847339897717,110.852,100.0
4_BKOCO2glu20min_740nm_3053mW_u1_poc0p25_20x0p75NA_457s50_g70_z1_256pix_basicFLIM_120f_0005.sdt,glu,1.7220748748931884,1.714955,0.126190185546875,20260522_KPC_fixed_dishes_SLIM::fitet-sz-c2-b3::4_BKOCO2glu20min_740nm_3053mW_u1_poc0p25_20x0p75NA_457s50_g70_z1_256pix_basicFLIM_120f_0005,True,1,1.11191,-1.6966400146484374e-05,0.004343365299873302,65536,0.9999847412109375,105.2525,100.0
4_BKOCO2glu20min_740nm_3053mW_u1_poc0p25_20x0p75NA_457s50_g70_z1_256pix_basicFLIM_120f_0006.sdt,glu,1.5569425966186523,1.55052,0.0152587890625,20260522_KPC_fixed_dishes_SLIM::fitet-sz-c2-b3::4_BKOCO2glu20min_740nm_3053mW_u1_poc0p25_20x0p75NA_457s50_g70_z1_256pix_basicFLIM_120f_0006,True,1,1.11191,-1.6966400146484374e-05,0.004343365299873302,65421,0.9999847143883462,108.347,100.0
4_BKOCO2glu20min_740nm_3053mW_u1_poc0p25_20x0p75NA_457s50_g70_z1_256pix_basicFLIM_120f_0007.sdt,glu,1.6677941641235352,1.66399,0.0699462890625,20260522_KPC_fixed_dishes_SLIM::fitet-sz-c2-b3::4_BKOCO2glu20min_740nm_3053mW_u1_poc0p25_20x0p75NA_457s50_g70_z1_256pix_basicFLIM_120f_0007,True,1,1.11191,-1.6966400146484374e-05,0.004343365299873302,65103,0.9999846397247438,109.042,100.0
4_BKOCO2glu20min_740nm_3053mW_u1_poc0p25_20x0p75NA_457s50_g70_z1_256pix_basicFLIM_120f_0008.sdt,glu,1.263663933709751,1.2824849999999999,0.001587059362124218,20260522_KPC_fixed_dishes_SLIM::fitet-sz-c2-b3::4_BKOCO2glu20min_740nm_3053mW_u1_poc0p25_20x0p75NA_457s50_g70_z1_256pix_basicFLIM_120f_0008,True,1,1.11191,-1.6966400146484374e-05,0.004343365299873302,41173,0.9999757122386029,110.997,100.0
4_BKOCO2glu20min_740nm_3053mW_u1_poc0p25_20x0p75NA_457s50_g70_z1_256pix_basicFLIM_120f_0009.sdt,glu,1.3758603183420577,1.38274,0.0017092191005234484,20260522_KPC_fixed_dishes_SLIM::fitet-sz-c2-b3::4_BKOCO2glu20min_740nm_3053mW_u1_poc0p25_20x0p75NA_457s50_g70_z1_256pix_basicFLIM_120f_0009,True,1,1.11191,-1.6966400146484374e-05,0.004343365299873302,57935,0.9999654785535514,114.394,100.0
4_BKOCO2glu20min_740nm_3053mW_u1_poc0p25_20x0p75NA_457s50_g70_z1_256pix_basicFLIM_120f_0010.sdt,glu,1.82438941645813,1.8179400000000001,0.272125244140625,20260522_KPC_fixed_dishes_SLIM::fitet-sz-c2-b3::4_BKOCO2glu20min_740nm_3053mW_u1_poc0p25_20x0p75NA_457s50_g70_z1_256pix_basicFLIM_120f_0010,True,1,1.11191,-1.6966400146484374e-05,0.004343365299873302,65536,0.9999847412109375,106.6495,100.0
4_BKOCO2glu20min_740nm_3053mW_u1_poc0p25_20x0p75NA_457s50_g70_z1_256pix_basicFLIM_120f_0011.sdt,glu,1.7450968826599123,1.741035,0.14996337890625,20260522_KPC_fixed_dishes_SLIM::fitet-sz-c2-b3::4_BKOCO2glu20min_740nm_3053mW_u1_poc0p25_20x0p75NA_457s50_g70_z1_256pix_basicFLIM_120f_0011,True,1,1.11191,-1.6966400146484374e-05,0.004343365299873302,65536,0.9999847412109375,106.3875,100.0
4_BKOCO2glu20min_740nm_3053mW_u1_poc0p25_20x0p75NA_457s50_g70_z1_256pix_basicFLIM_120f_0012.sdt,glu,1.3732217037325276,1.403895,0.004410059207715315,20260522_KPC_fixed_dishes_SLIM::fitet-sz-c2-b3::4_BKOCO2glu20min_740nm_3053mW_u1_poc0p25_20x0p75NA_457s50_g70_z1_256pix_basicFLIM_120f_0012,True,1,1.11191,-1.6966400146484374e-05,0.004343365299873302,51370,0.9999805333852443,112.8305,100.0
4_BKOCO2glu20min_740nm_3053mW_u1_poc0p25_20x0p75NA_535s50_g70_z1_256pix_basicFLIM_120f_0000.sdt,glu,1.6888801495666503,1.678215,0.0968780517578125,20260522_KPC_fixed_dishes_SLIM::fitet-sz-c2-b3::4_BKOCO2glu20min_740nm_3053mW_u1_poc0p25_20x0p75NA_535s50_g70_z1_256pix_basicFLIM_120f_0000,True,1,1.11191,-1.6966400146484374e-05,0.004343365299873302,65536,0.9999847412109375,119.2125,100.0
4_BKOCO2glu20min_740nm_3053mW_u1_poc0p25_20x0p75NA_535s50_g70_z1_256pix_basicFLIM_120f_0001.sdt,glu,1.5256998424682617,1.52089,0.012115478515625,20260522_KPC_fixed_dishes_SLIM::fitet-sz-c2-b3::4_BKOCO2glu20min_740nm_3053mW_u1_poc0p25_20x0p75NA_535s50_g70_z1_256pix_basicFLIM_120f_0001,True,1,1.11191,-1.6966400146484374e-05,0.004343365299873302,65432,0.9998777356645067,119.9785,100.0
4_BKOCO2glu20min_740nm_3053mW_u1_poc0p25_20x0p75NA_535s50_g70_z1_256pix_basicFLIM_120f_0002.sdt,glu,1.5072226032562255,1.50233,0.0069427490234375,20260522_KPC_fixed_dishes_SLIM::fitet-sz-c2-b3::4_BKOCO2glu20min_740nm_3053mW_u1_poc0p25_20x0p75NA_535s50_g70_z1_256pix_basicFLIM_120f_0002,True,1,1.11191,-1.6966400146484374e-05,0.004343365299873302,65386,0.9997705930933227,120.91550000000001,100.0
4_BKOCO2glu20min_740nm_3053mW_u1_poc0p25_20x0p75NA_535s50_g70_z1_256pix_basicFLIM_120f_0003.sdt,glu,1.3791604395141601,1.373285,0.0007171630859375,20260522_KPC_fixed_dishes_SLIM::fitet-sz-c2-b3::4_BKOCO2glu20min_740nm_3053mW_u1_poc0p25_20x0p75NA_535s50_g70_z1_256pix_basicFLIM_120f_0003,True,1,1.11191,-1.6966400146484374e-05,0.004343365299873302,63235,0.9996520914050763,119.836,100.0
4_BKOCO2glu20min_740nm_3053mW_u1_poc0p25_20x0p75NA_535s50_g70_z1_256pix_basicFLIM_120f_0004.sdt,glu,1.4780886611480712,1.4707,0.0062255859375,20260522_KPC_fixed_dishes_SLIM::fitet-sz-c2-b3::4_BKOCO2glu20min_740nm_3053mW_u1_poc0p25_20x0p75NA_535s50_g70_z1_256pix_basicFLIM_120f_0004,True,1,1.11191,-1.6966400146484374e-05,0.004343365299873302,65273,0.9997242351355078,117.471,100.0
4_BKOCO2glu20min_740nm_3053mW_u1_poc0p25_20x0p75NA_535s50_g70_z1_256pix_basicFLIM_120f_0005.sdt,glu,1.624766529006958,1.622835,0.047027587890625,20260522_KPC_fixed_dishes_SLIM::fitet-sz-c2-b3::4_BKOCO2glu20min_740nm_3053mW_u1_poc0p25_20x0p75NA_535s50_g70_z1_256pix_basicFLIM_120f_0005,True,1,1.11191,-1.6966400146484374e-05,0.004343365299873302,65536,0.999969482421875,116.4105,100.0
4_BKOCO2glu20min_740nm_3053mW_u1_poc0p25_20x0p75NA_535s50_g70_z1_256pix_basicFLIM_120f_0006.sdt,glu,1.4663132785186768,1.46138,0.00421142578125,20260522_KPC_fixed_dishes_SLIM::fitet-sz-c2-b3::4_BKOCO2glu20min_740nm_3053mW_u1_poc0p25_20x0p75NA_535s50_g70_z1_256pix_basicFLIM_120f_0006,True,1,1.11191,-1.6966400146484374e-05,0.004343365299873302,65277,0.9999234033426782,116.15,100.0
4_BKOCO2glu20min_740nm_3053mW_u1_poc0p25_20x0p75NA_535s50_g70_z1_256pix_basicFLIM_120f_0007.sdt,glu,1.5246952637023927,1.52132,0.0096435546875,20260522_KPC_fixed_dishes_SLIM::fitet-sz-c2-b3::4_BKOCO2glu20min_740nm_3053mW_u1_poc0p25_20x0p75NA_535s50_g70_z1_256pix_basicFLIM_120f_0007,True,1,1.11191,-1.6966400146484374e-05,0.004343365299873302,64876,0.9999383439176275,119.541,100.0
4_BKOCO2glu20min_740nm_3053mW_u1_poc0p25_20x0p75NA_535s50_g70_z1_256pix_basicFLIM_120f_0008.sdt,glu,1.2068989662312692,1.22054,0.0019226660969878231,20260522_KPC_fixed_dishes_SLIM::fitet-sz-c2-b3::4_BKOCO2glu20min_740nm_3053mW_u1_poc0p25_20x0p75NA_535s50_g70_z1_256pix_basicFLIM_120f_0008,True,1,1.11191,-1.6966400146484374e-05,0.004343365299873302,36299,0.9979062784098736,121.795,100.0
4_BKOCO2glu20min_740nm_3053mW_u1_poc0p25_20x0p75NA_535s50_g70_z1_256pix_basicFLIM_120f_0009.sdt,glu,1.3082425585833142,1.3084,0.0008701625830089306,20260522_KPC_fixed_dishes_SLIM::fitet-sz-c2-b3::4_BKOCO2glu20min_740nm_3053mW_u1_poc0p25_20x0p75NA_535s50_g70_z1_256pix_basicFLIM_120f_0009,True,1,1.11191,-1.6966400146484374e-05,0.004343365299873302,57230,0.9980954045081251,121.8765,100.0
4_BKOCO2glu20min_740nm_3053mW_u1_poc0p25_20x0p75NA_535s50_g70_z1_256pix_basicFLIM_120f_0010.sdt,glu,1.6499863531799317,1.64548,0.068145751953125,20260522_KPC_fixed_dishes_SLIM::fitet-sz-c2-b3::4_BKOCO2glu20min_740nm_3053mW_u1_poc0p25_20x0p75NA_535s50_g70_z1_256pix_basicFLIM_120f_0010,True,1,1.11191,-1.6966400146484374e-05,0.004343365299873302,65536,0.9999542236328125,115.7195,100.0
4_BKOCO2glu20min_740nm_3053mW_u1_poc0p25_20x0p75NA_535s50_g70_z1_256pix_basicFLIM_120f_0011.sdt,glu,1.600034601409912,1.595895,0.0318450927734375,20260522_KPC_fixed_dishes_SLIM::fitet-sz-c2-b3::4_BKOCO2glu20min_740nm_3053mW_u1_poc0p25_20x0p75NA_535s50_g70_z1_256pix_basicFLIM_120f_0011,True,1,1.11191,-1.6966400146484374e-05,0.004343365299873302,65536,0.9999847412109375,116.73,100.0
4_BKOCO2glu20min_740nm_3053mW_u1_poc0p25_20x0p75NA_535s50_g70_z1_256pix_basicFLIM_120f_0012.sdt,glu,1.2760312035083434,1.29407,0.002183172775988153,20260522_KPC_fixed_dishes_SLIM::fitet-sz-c2-b3::4_BKOCO2glu20min_740nm_3053mW_u1_poc0p25_20x0p75NA_535s50_g70_z1_256pix_basicFLIM_120f_0012,True,1,1.11191,-1.6966400146484374e-05,0.004343365299873302,47189,0.998389455169637,120.269,100.0
