sdt_filename,fit_set_key,fit_folder,n_components,params_available
0_pollen_890nm_2881mW_u1_poc0p2_10x0p5NA_457s50_g70_z1_256pix_basicFLIM_30f_0000.sdt,20260501_KPC_fixed_dishes_on_SLIM::batch1\fitet-sf-2component-b5::0_pollen_890nm_2881mW_u1_poc0p2_10x0p5NA_457s50_g70_z1_256pix_basicFLIM_30f_0000,batch1\fitet-sf-2component-b5,2,"a1, a2, chi2, photons, tau1, tau2"
0_pollen_890nm_2881mW_u1_poc0p2_10x0p5NA_457s50_g70_z1_256pix_basicFLIM_30f_0000.sdt,20260501_KPC_fixed_dishes_on_SLIM::batch1\fitet-sf-3component-b5::0_pollen_890nm_2881mW_u1_poc0p2_10x0p5NA_457s50_g70_z1_256pix_basicFLIM_30f_0000,batch1\fitet-sf-3component-b5,3,"a1, a2, a3, chi2, photons, tau1, tau2, tau3"
0_pollen_890nm_2881mW_u1_poc0p2_10x0p5NA_457s50_g70_z1_256pix_basicFLIM_30f_0000.sdt,20260501_KPC_fixed_dishes_on_SLIM::batch1\fitet-sf-c2-b5::0_pollen_890nm_2881mW_u1_poc0p2_10x0p5NA_457s50_g70_z1_256pix_basicFLIM_30f_0000,batch1\fitet-sf-c2-b5,2,"a1, a2, chi2, photons, tau1, tau2"
0_pollen_890nm_2881mW_u1_poc0p2_10x0p5NA_457s50_g70_z1_256pix_basicFLIM_30f_0000.sdt,20260501_KPC_fixed_dishes_on_SLIM::batch1\fitet-sf-c2-b7::0_pollen_890nm_2881mW_u1_poc0p2_10x0p5NA_457s50_g70_z1_256pix_basicFLIM_30f_0000,batch1\fitet-sf-c2-b7,3,"a1, a2, a3, chi2, photons, tau1, tau2, tau3"
0_pollen_890nm_2881mW_u1_poc0p2_10x0p5NA_457s50_g70_z1_256pix_basicFLIM_30f_0000.sdt,20260501_KPC_fixed_dishes_on_SLIM::batch1\fitet-sf-c3-b5::0_pollen_890nm_2881mW_u1_poc0p2_10x0p5NA_457s50_g70_z1_256pix_basicFLIM_30f_0000,batch1\fitet-sf-c3-b5,3,"a1, a2, a3, chi2, photons, tau1, tau2, tau3"
0_pollen_890nm_2881mW_u1_poc0p2_10x0p5NA_457s50_g70_z1_256pix_basicFLIM_30f_0000.sdt,20260501_KPC_fixed_dishes_on_SLIM::batch1\fitet-sz-1component-b5::0_pollen_890nm_2881mW_u1_poc0p2_10x0p5NA_457s50_g70_z1_256pix_basicFLIM_30f_0000,batch1\fitet-sz-1component-b5,3,"a1, a2, a3, chi2, photons, tau1, tau2, tau3"
0_pollen_890nm_2881mW_u1_poc0p2_10x0p5NA_457s50_g70_z1_256pix_basicFLIM_30f_0000.sdt,20260501_KPC_fixed_dishes_on_SLIM::batch1\fitet-sz-2component-b5::0_pollen_890nm_2881mW_u1_poc0p2_10x0p5NA_457s50_g70_z1_256pix_basicFLIM_30f_0000,batch1\fitet-sz-2component-b5,3,"a1, a2, a3, chi2, photons, tau1, tau2, tau3"
0_pollen_890nm_2881mW_u1_poc0p2_10x0p5NA_457s50_g70_z1_256pix_basicFLIM_30f_0000.sdt,20260501_KPC_fixed_dishes_on_SLIM::batch1\fitet-sz-3component-b5::0_pollen_890nm_2881mW_u1_poc0p2_10x0p5NA_457s50_g70_z1_256pix_basicFLIM_30f_0000,batch1\fitet-sz-3component-b5,3,"a1, a2, a3, chi2, photons, tau1, tau2, tau3"
0_pollen_890nm_2881mW_u1_poc0p2_10x0p5NA_457s50_g70_z1_256pix_basicFLIM_30f_0000.sdt,20260501_KPC_fixed_dishes_on_SLIM::batch1\fitet-sz-c1-b5::0_pollen_890nm_2881mW_u1_poc0p2_10x0p5NA_457s50_g70_z1_256pix_basicFLIM_30f_0000,batch1\fitet-sz-c1-b5,3,"a1, a2, a3, chi2, photons, tau1, tau2, tau3"
0_pollen_890nm_2881mW_u1_poc0p2_10x0p5NA_457s50_g70_z1_256pix_basicFLIM_30f_0000.sdt,20260501_KPC_fixed_dishes_on_SLIM::batch1\fitet-sz-c2-b5::0_pollen_890nm_2881mW_u1_poc0p2_10x0p5NA_457s50_g70_z1_256pix_basicFLIM_30f_0000,batch1\fitet-sz-c2-b5,3,"a1, a2, a3, chi2, photons, tau1, tau2, tau3"
0_pollen_890nm_2881mW_u1_poc0p2_10x0p5NA_457s50_g70_z1_256pix_basicFLIM_30f_0000.sdt,20260501_KPC_fixed_dishes_on_SLIM::batch1\fitet-sz-c3-b5::0_pollen_890nm_2881mW_u1_poc0p2_10x0p5NA_457s50_g70_z1_256pix_basicFLIM_30f_0000,batch1\fitet-sz-c3-b5,3,"a1, a2, a3, chi2, photons, tau1, tau2, tau3"
0_pollen_890nm_2881mW_u1_poc0p2_10x0p5NA_457s50_g70_z1_256pix_basicFLIM_30f_0000.sdt,20260501_KPC_fixed_dishes_on_SLIM::batch1\fitet-sz-c3-b7::0_pollen_890nm_2881mW_u1_poc0p2_10x0p5NA_457s50_g70_z1_256pix_basicFLIM_30f_0000,batch1\fitet-sz-c3-b7,3,"a1, a2, a3, chi2, photons, tau1, tau2, tau3"
1_chromablue_740nm_3026mW_u80_poc0_20x0p75NA_457s50_g70_z1_256pix_basicFLIM_45f_0000.sdt,20260501_KPC_fixed_dishes_on_SLIM::batch1\fitet-sf-2component-b5::1_chromablue_740nm_3026mW_u80_poc0_20x0p75NA_457s50_g70_z1_256pix_basicFLIM_45f_0000,batch1\fitet-sf-2component-b5,2,"a1, a2, chi2, photons, tau1, tau2"
1_chromablue_740nm_3026mW_u80_poc0_20x0p75NA_457s50_g70_z1_256pix_basicFLIM_45f_0000.sdt,20260501_KPC_fixed_dishes_on_SLIM::batch1\fitet-sf-3component-b5::1_chromablue_740nm_3026mW_u80_poc0_20x0p75NA_457s50_g70_z1_256pix_basicFLIM_45f_0000,batch1\fitet-sf-3component-b5,3,"a1, a2, a3, chi2, photons, tau1, tau2, tau3"
1_chromablue_740nm_3026mW_u80_poc0_20x0p75NA_457s50_g70_z1_256pix_basicFLIM_45f_0000.sdt,20260501_KPC_fixed_dishes_on_SLIM::batch1\fitet-sf-c2-b5::1_chromablue_740nm_3026mW_u80_poc0_20x0p75NA_457s50_g70_z1_256pix_basicFLIM_45f_0000,batch1\fitet-sf-c2-b5,2,"a1, a2, chi2, photons, tau1, tau2"
1_chromablue_740nm_3026mW_u80_poc0_20x0p75NA_457s50_g70_z1_256pix_basicFLIM_45f_0000.sdt,20260501_KPC_fixed_dishes_on_SLIM::batch1\fitet-sf-c2-b7::1_chromablue_740nm_3026mW_u80_poc0_20x0p75NA_457s50_g70_z1_256pix_basicFLIM_45f_0000,batch1\fitet-sf-c2-b7,3,"a1, a2, a3, chi2, photons, tau1, tau2, tau3"
1_chromablue_740nm_3026mW_u80_poc0_20x0p75NA_457s50_g70_z1_256pix_basicFLIM_45f_0000.sdt,20260501_KPC_fixed_dishes_on_SLIM::batch1\fitet-sf-c3-b5::1_chromablue_740nm_3026mW_u80_poc0_20x0p75NA_457s50_g70_z1_256pix_basicFLIM_45f_0000,batch1\fitet-sf-c3-b5,3,"a1, a2, a3, chi2, photons, tau1, tau2, tau3"
1_chromablue_740nm_3026mW_u80_poc0_20x0p75NA_457s50_g70_z1_256pix_basicFLIM_45f_0000.sdt,20260501_KPC_fixed_dishes_on_SLIM::batch1\fitet-sz-1component-b5::1_chromablue_740nm_3026mW_u80_poc0_20x0p75NA_457s50_g70_z1_256pix_basicFLIM_45f_0000,batch1\fitet-sz-1component-b5,3,"a1, a2, a3, chi2, photons, tau1, tau2, tau3"
1_chromablue_740nm_3026mW_u80_poc0_20x0p75NA_457s50_g70_z1_256pix_basicFLIM_45f_0000.sdt,20260501_KPC_fixed_dishes_on_SLIM::batch1\fitet-sz-2component-b5::1_chromablue_740nm_3026mW_u80_poc0_20x0p75NA_457s50_g70_z1_256pix_basicFLIM_45f_0000,batch1\fitet-sz-2component-b5,3,"a1, a2, a3, chi2, photons, tau1, tau2, tau3"
1_chromablue_740nm_3026mW_u80_poc0_20x0p75NA_457s50_g70_z1_256pix_basicFLIM_45f_0000.sdt,20260501_KPC_fixed_dishes_on_SLIM::batch1\fitet-sz-3component-b5::1_chromablue_740nm_3026mW_u80_poc0_20x0p75NA_457s50_g70_z1_256pix_basicFLIM_45f_0000,batch1\fitet-sz-3component-b5,3,"a1, a2, a3, chi2, photons, tau1, tau2, tau3"
1_chromablue_740nm_3026mW_u80_poc0_20x0p75NA_457s50_g70_z1_256pix_basicFLIM_45f_0000.sdt,20260501_KPC_fixed_dishes_on_SLIM::batch1\fitet-sz-c1-b5::1_chromablue_740nm_3026mW_u80_poc0_20x0p75NA_457s50_g70_z1_256pix_basicFLIM_45f_0000,batch1\fitet-sz-c1-b5,3,"a1, a2, a3, chi2, photons, tau1, tau2, tau3"
1_chromablue_740nm_3026mW_u80_poc0_20x0p75NA_457s50_g70_z1_256pix_basicFLIM_45f_0000.sdt,20260501_KPC_fixed_dishes_on_SLIM::batch1\fitet-sz-c2-b5::1_chromablue_740nm_3026mW_u80_poc0_20x0p75NA_457s50_g70_z1_256pix_basicFLIM_45f_0000,batch1\fitet-sz-c2-b5,3,"a1, a2, a3, chi2, photons, tau1, tau2, tau3"
1_chromablue_740nm_3026mW_u80_poc0_20x0p75NA_457s50_g70_z1_256pix_basicFLIM_45f_0000.sdt,20260501_KPC_fixed_dishes_on_SLIM::batch1\fitet-sz-c3-b5::1_chromablue_740nm_3026mW_u80_poc0_20x0p75NA_457s50_g70_z1_256pix_basicFLIM_45f_0000,batch1\fitet-sz-c3-b5,3,"a1, a2, a3, chi2, photons, tau1, tau2, tau3"
1_chromablue_740nm_3026mW_u80_poc0_20x0p75NA_457s50_g70_z1_256pix_basicFLIM_45f_0000.sdt,20260501_KPC_fixed_dishes_on_SLIM::batch1\fitet-sz-c3-b7::1_chromablue_740nm_3026mW_u80_poc0_20x0p75NA_457s50_g70_z1_256pix_basicFLIM_45f_0000,batch1\fitet-sz-c3-b7,3,"a1, a2, a3, chi2, photons, tau1, tau2, tau3"
2_urea_740nm_3024mW_u1_poc0_20x0p75NA_370s10_g70_z1_256pix_basicFLIM_45f_0000.sdt,20260501_KPC_fixed_dishes_on_SLIM::batch1\fitet-sf-2component-b5::2_urea_740nm_3024mW_u1_poc0_20x0p75NA_370s10_g70_z1_256pix_basicFLIM_45f_0000,batch1\fitet-sf-2component-b5,2,"a1, a2, chi2, photons, tau1, tau2"
2_urea_740nm_3024mW_u1_poc0_20x0p75NA_370s10_g70_z1_256pix_basicFLIM_45f_0000.sdt,20260501_KPC_fixed_dishes_on_SLIM::batch1\fitet-sf-3component-b5::2_urea_740nm_3024mW_u1_poc0_20x0p75NA_370s10_g70_z1_256pix_basicFLIM_45f_0000,batch1\fitet-sf-3component-b5,3,"a1, a2, a3, chi2, photons, tau1, tau2, tau3"
2_urea_740nm_3024mW_u1_poc0_20x0p75NA_370s10_g70_z1_256pix_basicFLIM_45f_0000.sdt,20260501_KPC_fixed_dishes_on_SLIM::batch1\fitet-sf-c2-b5::2_urea_740nm_3024mW_u1_poc0_20x0p75NA_370s10_g70_z1_256pix_basicFLIM_45f_0000,batch1\fitet-sf-c2-b5,2,"a1, a2, chi2, photons, tau1, tau2"
2_urea_740nm_3024mW_u1_poc0_20x0p75NA_370s10_g70_z1_256pix_basicFLIM_45f_0000.sdt,20260501_KPC_fixed_dishes_on_SLIM::batch1\fitet-sf-c2-b7::2_urea_740nm_3024mW_u1_poc0_20x0p75NA_370s10_g70_z1_256pix_basicFLIM_45f_0000,batch1\fitet-sf-c2-b7,3,"a1, a2, a3, chi2, photons, tau1, tau2, tau3"
2_urea_740nm_3024mW_u1_poc0_20x0p75NA_370s10_g70_z1_256pix_basicFLIM_45f_0000.sdt,20260501_KPC_fixed_dishes_on_SLIM::batch1\fitet-sf-c3-b5::2_urea_740nm_3024mW_u1_poc0_20x0p75NA_370s10_g70_z1_256pix_basicFLIM_45f_0000,batch1\fitet-sf-c3-b5,3,"a1, a2, a3, chi2, photons, tau1, tau2, tau3"
2_urea_740nm_3024mW_u1_poc0_20x0p75NA_370s10_g70_z1_256pix_basicFLIM_45f_0000.sdt,20260501_KPC_fixed_dishes_on_SLIM::batch1\fitet-sz-1component-b5::2_urea_740nm_3024mW_u1_poc0_20x0p75NA_370s10_g70_z1_256pix_basicFLIM_45f_0000,batch1\fitet-sz-1component-b5,3,"a1, a2, a3, chi2, photons, tau1, tau2, tau3"
2_urea_740nm_3024mW_u1_poc0_20x0p75NA_370s10_g70_z1_256pix_basicFLIM_45f_0000.sdt,20260501_KPC_fixed_dishes_on_SLIM::batch1\fitet-sz-2component-b5::2_urea_740nm_3024mW_u1_poc0_20x0p75NA_370s10_g70_z1_256pix_basicFLIM_45f_0000,batch1\fitet-sz-2component-b5,3,"a1, a2, a3, chi2, photons, tau1, tau2, tau3"
2_urea_740nm_3024mW_u1_poc0_20x0p75NA_370s10_g70_z1_256pix_basicFLIM_45f_0000.sdt,20260501_KPC_fixed_dishes_on_SLIM::batch1\fitet-sz-3component-b5::2_urea_740nm_3024mW_u1_poc0_20x0p75NA_370s10_g70_z1_256pix_basicFLIM_45f_0000,batch1\fitet-sz-3component-b5,3,"a1, a2, a3, chi2, photons, tau1, tau2, tau3"
2_urea_740nm_3024mW_u1_poc0_20x0p75NA_370s10_g70_z1_256pix_basicFLIM_45f_0000.sdt,20260501_KPC_fixed_dishes_on_SLIM::batch1\fitet-sz-c1-b5::2_urea_740nm_3024mW_u1_poc0_20x0p75NA_370s10_g70_z1_256pix_basicFLIM_45f_0000,batch1\fitet-sz-c1-b5,3,"a1, a2, a3, chi2, photons, tau1, tau2, tau3"
2_urea_740nm_3024mW_u1_poc0_20x0p75NA_370s10_g70_z1_256pix_basicFLIM_45f_0000.sdt,20260501_KPC_fixed_dishes_on_SLIM::batch1\fitet-sz-c2-b5::2_urea_740nm_3024mW_u1_poc0_20x0p75NA_370s10_g70_z1_256pix_basicFLIM_45f_0000,batch1\fitet-sz-c2-b5,3,"a1, a2, a3, chi2, photons, tau1, tau2, tau3"
2_urea_740nm_3024mW_u1_poc0_20x0p75NA_370s10_g70_z1_256pix_basicFLIM_45f_0000.sdt,20260501_KPC_fixed_dishes_on_SLIM::batch1\fitet-sz-c3-b5::2_urea_740nm_3024mW_u1_poc0_20x0p75NA_370s10_g70_z1_256pix_basicFLIM_45f_0000,batch1\fitet-sz-c3-b5,3,"a1, a2, a3, chi2, photons, tau1, tau2, tau3"
2_urea_740nm_3024mW_u1_poc0_20x0p75NA_370s10_g70_z1_256pix_basicFLIM_45f_0000.sdt,20260501_KPC_fixed_dishes_on_SLIM::batch1\fitet-sz-c3-b7::2_urea_740nm_3024mW_u1_poc0_20x0p75NA_370s10_g70_z1_256pix_basicFLIM_45f_0000,batch1\fitet-sz-c3-b7,3,"a1, a2, a3, chi2, photons, tau1, tau2, tau3"
3_KPCWT0430glu10min_740nm_3024mW_u1_poc0p15_20x0p75NA_457s50_g70_z1_256pix_basicFLIM_90f_0000.sdt,20260501_KPC_fixed_dishes_on_SLIM::batch1\fitet-sf-2component-b5::3_KPCWT0430glu10min_740nm_3024mW_u1_poc0p15_20x0p75NA_457s50_g70_z1_256pix_basicFLIM_90f_0000,batch1\fitet-sf-2component-b5,2,"a1, a2, chi2, photons, tau1, tau2"
3_KPCWT0430glu10min_740nm_3024mW_u1_poc0p15_20x0p75NA_457s50_g70_z1_256pix_basicFLIM_90f_0000.sdt,20260501_KPC_fixed_dishes_on_SLIM::batch1\fitet-sf-3component-b5::3_KPCWT0430glu10min_740nm_3024mW_u1_poc0p15_20x0p75NA_457s50_g70_z1_256pix_basicFLIM_90f_0000,batch1\fitet-sf-3component-b5,3,"a1, a2, a3, chi2, photons, tau1, tau2, tau3"
3_KPCWT0430glu10min_740nm_3024mW_u1_poc0p15_20x0p75NA_457s50_g70_z1_256pix_basicFLIM_90f_0000.sdt,20260501_KPC_fixed_dishes_on_SLIM::batch1\fitet-sf-c2-b5::3_KPCWT0430glu10min_740nm_3024mW_u1_poc0p15_20x0p75NA_457s50_g70_z1_256pix_basicFLIM_90f_0000,batch1\fitet-sf-c2-b5,2,"a1, a2, chi2, photons, tau1, tau2"
3_KPCWT0430glu10min_740nm_3024mW_u1_poc0p15_20x0p75NA_457s50_g70_z1_256pix_basicFLIM_90f_0000.sdt,20260501_KPC_fixed_dishes_on_SLIM::batch1\fitet-sf-c2-b7::3_KPCWT0430glu10min_740nm_3024mW_u1_poc0p15_20x0p75NA_457s50_g70_z1_256pix_basicFLIM_90f_0000,batch1\fitet-sf-c2-b7,3,"a1, a2, a3, chi2, photons, tau1, tau2, tau3"
3_KPCWT0430glu10min_740nm_3024mW_u1_poc0p15_20x0p75NA_457s50_g70_z1_256pix_basicFLIM_90f_0000.sdt,20260501_KPC_fixed_dishes_on_SLIM::batch1\fitet-sf-c3-b5::3_KPCWT0430glu10min_740nm_3024mW_u1_poc0p15_20x0p75NA_457s50_g70_z1_256pix_basicFLIM_90f_0000,batch1\fitet-sf-c3-b5,3,"a1, a2, a3, chi2, photons, tau1, tau2, tau3"
3_KPCWT0430glu10min_740nm_3024mW_u1_poc0p15_20x0p75NA_457s50_g70_z1_256pix_basicFLIM_90f_0000.sdt,20260501_KPC_fixed_dishes_on_SLIM::batch1\fitet-sz-1component-b5::3_KPCWT0430glu10min_740nm_3024mW_u1_poc0p15_20x0p75NA_457s50_g70_z1_256pix_basicFLIM_90f_0000,batch1\fitet-sz-1component-b5,3,"a1, a2, a3, chi2, photons, tau1, tau2, tau3"
3_KPCWT0430glu10min_740nm_3024mW_u1_poc0p15_20x0p75NA_457s50_g70_z1_256pix_basicFLIM_90f_0000.sdt,20260501_KPC_fixed_dishes_on_SLIM::batch1\fitet-sz-2component-b5::3_KPCWT0430glu10min_740nm_3024mW_u1_poc0p15_20x0p75NA_457s50_g70_z1_256pix_basicFLIM_90f_0000,batch1\fitet-sz-2component-b5,3,"a1, a2, a3, chi2, photons, tau1, tau2, tau3"
3_KPCWT0430glu10min_740nm_3024mW_u1_poc0p15_20x0p75NA_457s50_g70_z1_256pix_basicFLIM_90f_0000.sdt,20260501_KPC_fixed_dishes_on_SLIM::batch1\fitet-sz-3component-b5::3_KPCWT0430glu10min_740nm_3024mW_u1_poc0p15_20x0p75NA_457s50_g70_z1_256pix_basicFLIM_90f_0000,batch1\fitet-sz-3component-b5,3,"a1, a2, a3, chi2, photons, tau1, tau2, tau3"
3_KPCWT0430glu10min_740nm_3024mW_u1_poc0p15_20x0p75NA_457s50_g70_z1_256pix_basicFLIM_90f_0000.sdt,20260501_KPC_fixed_dishes_on_SLIM::batch1\fitet-sz-c1-b5::3_KPCWT0430glu10min_740nm_3024mW_u1_poc0p15_20x0p75NA_457s50_g70_z1_256pix_basicFLIM_90f_0000,batch1\fitet-sz-c1-b5,3,"a1, a2, a3, chi2, photons, tau1, tau2, tau3"
3_KPCWT0430glu10min_740nm_3024mW_u1_poc0p15_20x0p75NA_457s50_g70_z1_256pix_basicFLIM_90f_0000.sdt,20260501_KPC_fixed_dishes_on_SLIM::batch1\fitet-sz-c2-b5::3_KPCWT0430glu10min_740nm_3024mW_u1_poc0p15_20x0p75NA_457s50_g70_z1_256pix_basicFLIM_90f_0000,batch1\fitet-sz-c2-b5,3,"a1, a2, a3, chi2, photons, tau1, tau2, tau3"
3_KPCWT0430glu10min_740nm_3024mW_u1_poc0p15_20x0p75NA_457s50_g70_z1_256pix_basicFLIM_90f_0000.sdt,20260501_KPC_fixed_dishes_on_SLIM::batch1\fitet-sz-c3-b5::3_KPCWT0430glu10min_740nm_3024mW_u1_poc0p15_20x0p75NA_457s50_g70_z1_256pix_basicFLIM_90f_0000,batch1\fitet-sz-c3-b5,3,"a1, a2, a3, chi2, photons, tau1, tau2, tau3"
3_KPCWT0430glu10min_740nm_3024mW_u1_poc0p15_20x0p75NA_457s50_g70_z1_256pix_basicFLIM_90f_0000.sdt,20260501_KPC_fixed_dishes_on_SLIM::batch1\fitet-sz-c3-b7::3_KPCWT0430glu10min_740nm_3024mW_u1_poc0p15_20x0p75NA_457s50_g70_z1_256pix_basicFLIM_90f_0000,batch1\fitet-sz-c3-b7,3,"a1, a2, a3, chi2, photons, tau1, tau2, tau3"
3_KPCWT0430glu10min_740nm_3024mW_u1_poc0p2_20x0p75NA_457s50_g70_z1_256pix_basicFLIM_120f_0000.sdt,20260501_KPC_fixed_dishes_on_SLIM::batch1\fitet-sf-2component-b5::3_KPCWT0430glu10min_740nm_3024mW_u1_poc0p2_20x0p75NA_457s50_g70_z1_256pix_basicFLIM_120f_0000,batch1\fitet-sf-2component-b5,2,"a1, a2, chi2, photons, tau1, tau2"
3_KPCWT0430glu10min_740nm_3024mW_u1_poc0p2_20x0p75NA_457s50_g70_z1_256pix_basicFLIM_120f_0000.sdt,20260501_KPC_fixed_dishes_on_SLIM::batch1\fitet-sf-3component-b5::3_KPCWT0430glu10min_740nm_3024mW_u1_poc0p2_20x0p75NA_457s50_g70_z1_256pix_basicFLIM_120f_0000,batch1\fitet-sf-3component-b5,3,"a1, a2, a3, chi2, photons, tau1, tau2, tau3"
3_KPCWT0430glu10min_740nm_3024mW_u1_poc0p2_20x0p75NA_457s50_g70_z1_256pix_basicFLIM_120f_0000.sdt,20260501_KPC_fixed_dishes_on_SLIM::batch1\fitet-sf-c2-b5::3_KPCWT0430glu10min_740nm_3024mW_u1_poc0p2_20x0p75NA_457s50_g70_z1_256pix_basicFLIM_120f_0000,batch1\fitet-sf-c2-b5,2,"a1, a2, chi2, photons, tau1, tau2"
3_KPCWT0430glu10min_740nm_3024mW_u1_poc0p2_20x0p75NA_457s50_g70_z1_256pix_basicFLIM_120f_0000.sdt,20260501_KPC_fixed_dishes_on_SLIM::batch1\fitet-sf-c2-b7::3_KPCWT0430glu10min_740nm_3024mW_u1_poc0p2_20x0p75NA_457s50_g70_z1_256pix_basicFLIM_120f_0000,batch1\fitet-sf-c2-b7,3,"a1, a2, a3, chi2, photons, tau1, tau2, tau3"
3_KPCWT0430glu10min_740nm_3024mW_u1_poc0p2_20x0p75NA_457s50_g70_z1_256pix_basicFLIM_120f_0000.sdt,20260501_KPC_fixed_dishes_on_SLIM::batch1\fitet-sf-c3-b5::3_KPCWT0430glu10min_740nm_3024mW_u1_poc0p2_20x0p75NA_457s50_g70_z1_256pix_basicFLIM_120f_0000,batch1\fitet-sf-c3-b5,3,"a1, a2, a3, chi2, photons, tau1, tau2, tau3"
3_KPCWT0430glu10min_740nm_3024mW_u1_poc0p2_20x0p75NA_457s50_g70_z1_256pix_basicFLIM_120f_0000.sdt,20260501_KPC_fixed_dishes_on_SLIM::batch1\fitet-sz-1component-b5::3_KPCWT0430glu10min_740nm_3024mW_u1_poc0p2_20x0p75NA_457s50_g70_z1_256pix_basicFLIM_120f_0000,batch1\fitet-sz-1component-b5,3,"a1, a2, a3, chi2, photons, tau1, tau2, tau3"
3_KPCWT0430glu10min_740nm_3024mW_u1_poc0p2_20x0p75NA_457s50_g70_z1_256pix_basicFLIM_120f_0000.sdt,20260501_KPC_fixed_dishes_on_SLIM::batch1\fitet-sz-2component-b5::3_KPCWT0430glu10min_740nm_3024mW_u1_poc0p2_20x0p75NA_457s50_g70_z1_256pix_basicFLIM_120f_0000,batch1\fitet-sz-2component-b5,3,"a1, a2, a3, chi2, photons, tau1, tau2, tau3"
3_KPCWT0430glu10min_740nm_3024mW_u1_poc0p2_20x0p75NA_457s50_g70_z1_256pix_basicFLIM_120f_0000.sdt,20260501_KPC_fixed_dishes_on_SLIM::batch1\fitet-sz-3component-b5::3_KPCWT0430glu10min_740nm_3024mW_u1_poc0p2_20x0p75NA_457s50_g70_z1_256pix_basicFLIM_120f_0000,batch1\fitet-sz-3component-b5,3,"a1, a2, a3, chi2, photons, tau1, tau2, tau3"
3_KPCWT0430glu10min_740nm_3024mW_u1_poc0p2_20x0p75NA_457s50_g70_z1_256pix_basicFLIM_120f_0000.sdt,20260501_KPC_fixed_dishes_on_SLIM::batch1\fitet-sz-c1-b5::3_KPCWT0430glu10min_740nm_3024mW_u1_poc0p2_20x0p75NA_457s50_g70_z1_256pix_basicFLIM_120f_0000,batch1\fitet-sz-c1-b5,3,"a1, a2, a3, chi2, photons, tau1, tau2, tau3"
3_KPCWT0430glu10min_740nm_3024mW_u1_poc0p2_20x0p75NA_457s50_g70_z1_256pix_basicFLIM_120f_0000.sdt,20260501_KPC_fixed_dishes_on_SLIM::batch1\fitet-sz-c2-b5::3_KPCWT0430glu10min_740nm_3024mW_u1_poc0p2_20x0p75NA_457s50_g70_z1_256pix_basicFLIM_120f_0000,batch1\fitet-sz-c2-b5,3,"a1, a2, a3, chi2, photons, tau1, tau2, tau3"
3_KPCWT0430glu10min_740nm_3024mW_u1_poc0p2_20x0p75NA_457s50_g70_z1_256pix_basicFLIM_120f_0000.sdt,20260501_KPC_fixed_dishes_on_SLIM::batch1\fitet-sz-c3-b5::3_KPCWT0430glu10min_740nm_3024mW_u1_poc0p2_20x0p75NA_457s50_g70_z1_256pix_basicFLIM_120f_0000,batch1\fitet-sz-c3-b5,3,"a1, a2, a3, chi2, photons, tau1, tau2, tau3"
3_KPCWT0430glu10min_740nm_3024mW_u1_poc0p2_20x0p75NA_457s50_g70_z1_256pix_basicFLIM_120f_0000.sdt,20260501_KPC_fixed_dishes_on_SLIM::batch1\fitet-sz-c3-b7::3_KPCWT0430glu10min_740nm_3024mW_u1_poc0p2_20x0p75NA_457s50_g70_z1_256pix_basicFLIM_120f_0000,batch1\fitet-sz-c3-b7,3,"a1, a2, a3, chi2, photons, tau1, tau2, tau3"
3_KPCWT0430glu10min_740nm_3024mW_u1_poc0p2_20x0p75NA_457s50_g70_z1_256pix_basicFLIM_120f_0001.sdt,20260501_KPC_fixed_dishes_on_SLIM::batch1\fitet-sf-2component-b5::3_KPCWT0430glu10min_740nm_3024mW_u1_poc0p2_20x0p75NA_457s50_g70_z1_256pix_basicFLIM_120f_0001,batch1\fitet-sf-2component-b5,2,"a1, a2, chi2, photons, tau1, tau2"
3_KPCWT0430glu10min_740nm_3024mW_u1_poc0p2_20x0p75NA_457s50_g70_z1_256pix_basicFLIM_120f_0001.sdt,20260501_KPC_fixed_dishes_on_SLIM::batch1\fitet-sf-3component-b5::3_KPCWT0430glu10min_740nm_3024mW_u1_poc0p2_20x0p75NA_457s50_g70_z1_256pix_basicFLIM_120f_0001,batch1\fitet-sf-3component-b5,3,"a1, a2, a3, chi2, photons, tau1, tau2, tau3"
3_KPCWT0430glu10min_740nm_3024mW_u1_poc0p2_20x0p75NA_457s50_g70_z1_256pix_basicFLIM_120f_0001.sdt,20260501_KPC_fixed_dishes_on_SLIM::batch1\fitet-sf-c2-b5::3_KPCWT0430glu10min_740nm_3024mW_u1_poc0p2_20x0p75NA_457s50_g70_z1_256pix_basicFLIM_120f_0001,batch1\fitet-sf-c2-b5,2,"a1, a2, chi2, photons, tau1, tau2"
3_KPCWT0430glu10min_740nm_3024mW_u1_poc0p2_20x0p75NA_457s50_g70_z1_256pix_basicFLIM_120f_0001.sdt,20260501_KPC_fixed_dishes_on_SLIM::batch1\fitet-sf-c2-b7::3_KPCWT0430glu10min_740nm_3024mW_u1_poc0p2_20x0p75NA_457s50_g70_z1_256pix_basicFLIM_120f_0001,batch1\fitet-sf-c2-b7,3,"a1, a2, a3, chi2, photons, tau1, tau2, tau3"
3_KPCWT0430glu10min_740nm_3024mW_u1_poc0p2_20x0p75NA_457s50_g70_z1_256pix_basicFLIM_120f_0001.sdt,20260501_KPC_fixed_dishes_on_SLIM::batch1\fitet-sf-c3-b5::3_KPCWT0430glu10min_740nm_3024mW_u1_poc0p2_20x0p75NA_457s50_g70_z1_256pix_basicFLIM_120f_0001,batch1\fitet-sf-c3-b5,3,"a1, a2, a3, chi2, photons, tau1, tau2, tau3"
3_KPCWT0430glu10min_740nm_3024mW_u1_poc0p2_20x0p75NA_457s50_g70_z1_256pix_basicFLIM_120f_0001.sdt,20260501_KPC_fixed_dishes_on_SLIM::batch1\fitet-sz-1component-b5::3_KPCWT0430glu10min_740nm_3024mW_u1_poc0p2_20x0p75NA_457s50_g70_z1_256pix_basicFLIM_120f_0001,batch1\fitet-sz-1component-b5,3,"a1, a2, a3, chi2, photons, tau1, tau2, tau3"
3_KPCWT0430glu10min_740nm_3024mW_u1_poc0p2_20x0p75NA_457s50_g70_z1_256pix_basicFLIM_120f_0001.sdt,20260501_KPC_fixed_dishes_on_SLIM::batch1\fitet-sz-2component-b5::3_KPCWT0430glu10min_740nm_3024mW_u1_poc0p2_20x0p75NA_457s50_g70_z1_256pix_basicFLIM_120f_0001,batch1\fitet-sz-2component-b5,3,"a1, a2, a3, chi2, photons, tau1, tau2, tau3"
3_KPCWT0430glu10min_740nm_3024mW_u1_poc0p2_20x0p75NA_457s50_g70_z1_256pix_basicFLIM_120f_0001.sdt,20260501_KPC_fixed_dishes_on_SLIM::batch1\fitet-sz-3component-b5::3_KPCWT0430glu10min_740nm_3024mW_u1_poc0p2_20x0p75NA_457s50_g70_z1_256pix_basicFLIM_120f_0001,batch1\fitet-sz-3component-b5,3,"a1, a2, a3, chi2, photons, tau1, tau2, tau3"
3_KPCWT0430glu10min_740nm_3024mW_u1_poc0p2_20x0p75NA_457s50_g70_z1_256pix_basicFLIM_120f_0001.sdt,20260501_KPC_fixed_dishes_on_SLIM::batch1\fitet-sz-c1-b5::3_KPCWT0430glu10min_740nm_3024mW_u1_poc0p2_20x0p75NA_457s50_g70_z1_256pix_basicFLIM_120f_0001,batch1\fitet-sz-c1-b5,3,"a1, a2, a3, chi2, photons, tau1, tau2, tau3"
3_KPCWT0430glu10min_740nm_3024mW_u1_poc0p2_20x0p75NA_457s50_g70_z1_256pix_basicFLIM_120f_0001.sdt,20260501_KPC_fixed_dishes_on_SLIM::batch1\fitet-sz-c2-b5::3_KPCWT0430glu10min_740nm_3024mW_u1_poc0p2_20x0p75NA_457s50_g70_z1_256pix_basicFLIM_120f_0001,batch1\fitet-sz-c2-b5,3,"a1, a2, a3, chi2, photons, tau1, tau2, tau3"
3_KPCWT0430glu10min_740nm_3024mW_u1_poc0p2_20x0p75NA_457s50_g70_z1_256pix_basicFLIM_120f_0001.sdt,20260501_KPC_fixed_dishes_on_SLIM::batch1\fitet-sz-c3-b5::3_KPCWT0430glu10min_740nm_3024mW_u1_poc0p2_20x0p75NA_457s50_g70_z1_256pix_basicFLIM_120f_0001,batch1\fitet-sz-c3-b5,3,"a1, a2, a3, chi2, photons, tau1, tau2, tau3"
3_KPCWT0430glu10min_740nm_3024mW_u1_poc0p2_20x0p75NA_457s50_g70_z1_256pix_basicFLIM_120f_0001.sdt,20260501_KPC_fixed_dishes_on_SLIM::batch1\fitet-sz-c3-b7::3_KPCWT0430glu10min_740nm_3024mW_u1_poc0p2_20x0p75NA_457s50_g70_z1_256pix_basicFLIM_120f_0001,batch1\fitet-sz-c3-b7,3,"a1, a2, a3, chi2, photons, tau1, tau2, tau3"
3_KPCWT0430glu10min_740nm_3024mW_u1_poc0p2_20x0p75NA_457s50_g70_z1_256pix_basicFLIM_120f_0002.sdt,20260501_KPC_fixed_dishes_on_SLIM::batch1\fitet-sf-2component-b5::3_KPCWT0430glu10min_740nm_3024mW_u1_poc0p2_20x0p75NA_457s50_g70_z1_256pix_basicFLIM_120f_0002,batch1\fitet-sf-2component-b5,2,"a1, a2, chi2, photons, tau1, tau2"
3_KPCWT0430glu10min_740nm_3024mW_u1_poc0p2_20x0p75NA_457s50_g70_z1_256pix_basicFLIM_120f_0002.sdt,20260501_KPC_fixed_dishes_on_SLIM::batch1\fitet-sf-3component-b5::3_KPCWT0430glu10min_740nm_3024mW_u1_poc0p2_20x0p75NA_457s50_g70_z1_256pix_basicFLIM_120f_0002,batch1\fitet-sf-3component-b5,3,"a1, a2, a3, chi2, photons, tau1, tau2, tau3"
3_KPCWT0430glu10min_740nm_3024mW_u1_poc0p2_20x0p75NA_457s50_g70_z1_256pix_basicFLIM_120f_0002.sdt,20260501_KPC_fixed_dishes_on_SLIM::batch1\fitet-sf-c2-b5::3_KPCWT0430glu10min_740nm_3024mW_u1_poc0p2_20x0p75NA_457s50_g70_z1_256pix_basicFLIM_120f_0002,batch1\fitet-sf-c2-b5,2,"a1, a2, chi2, photons, tau1, tau2"
3_KPCWT0430glu10min_740nm_3024mW_u1_poc0p2_20x0p75NA_457s50_g70_z1_256pix_basicFLIM_120f_0002.sdt,20260501_KPC_fixed_dishes_on_SLIM::batch1\fitet-sf-c2-b7::3_KPCWT0430glu10min_740nm_3024mW_u1_poc0p2_20x0p75NA_457s50_g70_z1_256pix_basicFLIM_120f_0002,batch1\fitet-sf-c2-b7,3,"a1, a2, a3, chi2, photons, tau1, tau2, tau3"
3_KPCWT0430glu10min_740nm_3024mW_u1_poc0p2_20x0p75NA_457s50_g70_z1_256pix_basicFLIM_120f_0002.sdt,20260501_KPC_fixed_dishes_on_SLIM::batch1\fitet-sf-c3-b5::3_KPCWT0430glu10min_740nm_3024mW_u1_poc0p2_20x0p75NA_457s50_g70_z1_256pix_basicFLIM_120f_0002,batch1\fitet-sf-c3-b5,3,"a1, a2, a3, chi2, photons, tau1, tau2, tau3"
3_KPCWT0430glu10min_740nm_3024mW_u1_poc0p2_20x0p75NA_457s50_g70_z1_256pix_basicFLIM_120f_0002.sdt,20260501_KPC_fixed_dishes_on_SLIM::batch1\fitet-sz-1component-b5::3_KPCWT0430glu10min_740nm_3024mW_u1_poc0p2_20x0p75NA_457s50_g70_z1_256pix_basicFLIM_120f_0002,batch1\fitet-sz-1component-b5,3,"a1, a2, a3, chi2, photons, tau1, tau2, tau3"
3_KPCWT0430glu10min_740nm_3024mW_u1_poc0p2_20x0p75NA_457s50_g70_z1_256pix_basicFLIM_120f_0002.sdt,20260501_KPC_fixed_dishes_on_SLIM::batch1\fitet-sz-2component-b5::3_KPCWT0430glu10min_740nm_3024mW_u1_poc0p2_20x0p75NA_457s50_g70_z1_256pix_basicFLIM_120f_0002,batch1\fitet-sz-2component-b5,3,"a1, a2, a3, chi2, photons, tau1, tau2, tau3"
3_KPCWT0430glu10min_740nm_3024mW_u1_poc0p2_20x0p75NA_457s50_g70_z1_256pix_basicFLIM_120f_0002.sdt,20260501_KPC_fixed_dishes_on_SLIM::batch1\fitet-sz-3component-b5::3_KPCWT0430glu10min_740nm_3024mW_u1_poc0p2_20x0p75NA_457s50_g70_z1_256pix_basicFLIM_120f_0002,batch1\fitet-sz-3component-b5,3,"a1, a2, a3, chi2, photons, tau1, tau2, tau3"
3_KPCWT0430glu10min_740nm_3024mW_u1_poc0p2_20x0p75NA_457s50_g70_z1_256pix_basicFLIM_120f_0002.sdt,20260501_KPC_fixed_dishes_on_SLIM::batch1\fitet-sz-c1-b5::3_KPCWT0430glu10min_740nm_3024mW_u1_poc0p2_20x0p75NA_457s50_g70_z1_256pix_basicFLIM_120f_0002,batch1\fitet-sz-c1-b5,3,"a1, a2, a3, chi2, photons, tau1, tau2, tau3"
3_KPCWT0430glu10min_740nm_3024mW_u1_poc0p2_20x0p75NA_457s50_g70_z1_256pix_basicFLIM_120f_0002.sdt,20260501_KPC_fixed_dishes_on_SLIM::batch1\fitet-sz-c2-b5::3_KPCWT0430glu10min_740nm_3024mW_u1_poc0p2_20x0p75NA_457s50_g70_z1_256pix_basicFLIM_120f_0002,batch1\fitet-sz-c2-b5,3,"a1, a2, a3, chi2, photons, tau1, tau2, tau3"
3_KPCWT0430glu10min_740nm_3024mW_u1_poc0p2_20x0p75NA_457s50_g70_z1_256pix_basicFLIM_120f_0002.sdt,20260501_KPC_fixed_dishes_on_SLIM::batch1\fitet-sz-c3-b5::3_KPCWT0430glu10min_740nm_3024mW_u1_poc0p2_20x0p75NA_457s50_g70_z1_256pix_basicFLIM_120f_0002,batch1\fitet-sz-c3-b5,3,"a1, a2, a3, chi2, photons, tau1, tau2, tau3"
3_KPCWT0430glu10min_740nm_3024mW_u1_poc0p2_20x0p75NA_457s50_g70_z1_256pix_basicFLIM_120f_0002.sdt,20260501_KPC_fixed_dishes_on_SLIM::batch1\fitet-sz-c3-b7::3_KPCWT0430glu10min_740nm_3024mW_u1_poc0p2_20x0p75NA_457s50_g70_z1_256pix_basicFLIM_120f_0002,batch1\fitet-sz-c3-b7,3,"a1, a2, a3, chi2, photons, tau1, tau2, tau3"
3_KPCWT0430glu10min_740nm_3024mW_u1_poc0p2_20x0p75NA_457s50_g70_z1_256pix_basicFLIM_120f_0003.sdt,20260501_KPC_fixed_dishes_on_SLIM::batch1\fitet-sf-2component-b5::3_KPCWT0430glu10min_740nm_3024mW_u1_poc0p2_20x0p75NA_457s50_g70_z1_256pix_basicFLIM_120f_0003,batch1\fitet-sf-2component-b5,2,"a1, a2, chi2, photons, tau1, tau2"
3_KPCWT0430glu10min_740nm_3024mW_u1_poc0p2_20x0p75NA_457s50_g70_z1_256pix_basicFLIM_120f_0003.sdt,20260501_KPC_fixed_dishes_on_SLIM::batch1\fitet-sf-3component-b5::3_KPCWT0430glu10min_740nm_3024mW_u1_poc0p2_20x0p75NA_457s50_g70_z1_256pix_basicFLIM_120f_0003,batch1\fitet-sf-3component-b5,3,"a1, a2, a3, chi2, photons, tau1, tau2, tau3"
3_KPCWT0430glu10min_740nm_3024mW_u1_poc0p2_20x0p75NA_457s50_g70_z1_256pix_basicFLIM_120f_0003.sdt,20260501_KPC_fixed_dishes_on_SLIM::batch1\fitet-sf-c2-b5::3_KPCWT0430glu10min_740nm_3024mW_u1_poc0p2_20x0p75NA_457s50_g70_z1_256pix_basicFLIM_120f_0003,batch1\fitet-sf-c2-b5,2,"a1, a2, chi2, photons, tau1, tau2"
3_KPCWT0430glu10min_740nm_3024mW_u1_poc0p2_20x0p75NA_457s50_g70_z1_256pix_basicFLIM_120f_0003.sdt,20260501_KPC_fixed_dishes_on_SLIM::batch1\fitet-sf-c2-b7::3_KPCWT0430glu10min_740nm_3024mW_u1_poc0p2_20x0p75NA_457s50_g70_z1_256pix_basicFLIM_120f_0003,batch1\fitet-sf-c2-b7,3,"a1, a2, a3, chi2, photons, tau1, tau2, tau3"
3_KPCWT0430glu10min_740nm_3024mW_u1_poc0p2_20x0p75NA_457s50_g70_z1_256pix_basicFLIM_120f_0003.sdt,20260501_KPC_fixed_dishes_on_SLIM::batch1\fitet-sf-c3-b5::3_KPCWT0430glu10min_740nm_3024mW_u1_poc0p2_20x0p75NA_457s50_g70_z1_256pix_basicFLIM_120f_0003,batch1\fitet-sf-c3-b5,3,"a1, a2, a3, chi2, photons, tau1, tau2, tau3"
3_KPCWT0430glu10min_740nm_3024mW_u1_poc0p2_20x0p75NA_457s50_g70_z1_256pix_basicFLIM_120f_0003.sdt,20260501_KPC_fixed_dishes_on_SLIM::batch1\fitet-sz-1component-b5::3_KPCWT0430glu10min_740nm_3024mW_u1_poc0p2_20x0p75NA_457s50_g70_z1_256pix_basicFLIM_120f_0003,batch1\fitet-sz-1component-b5,3,"a1, a2, a3, chi2, photons, tau1, tau2, tau3"
3_KPCWT0430glu10min_740nm_3024mW_u1_poc0p2_20x0p75NA_457s50_g70_z1_256pix_basicFLIM_120f_0003.sdt,20260501_KPC_fixed_dishes_on_SLIM::batch1\fitet-sz-2component-b5::3_KPCWT0430glu10min_740nm_3024mW_u1_poc0p2_20x0p75NA_457s50_g70_z1_256pix_basicFLIM_120f_0003,batch1\fitet-sz-2component-b5,3,"a1, a2, a3, chi2, photons, tau1, tau2, tau3"
3_KPCWT0430glu10min_740nm_3024mW_u1_poc0p2_20x0p75NA_457s50_g70_z1_256pix_basicFLIM_120f_0003.sdt,20260501_KPC_fixed_dishes_on_SLIM::batch1\fitet-sz-3component-b5::3_KPCWT0430glu10min_740nm_3024mW_u1_poc0p2_20x0p75NA_457s50_g70_z1_256pix_basicFLIM_120f_0003,batch1\fitet-sz-3component-b5,3,"a1, a2, a3, chi2, photons, tau1, tau2, tau3"
3_KPCWT0430glu10min_740nm_3024mW_u1_poc0p2_20x0p75NA_457s50_g70_z1_256pix_basicFLIM_120f_0003.sdt,20260501_KPC_fixed_dishes_on_SLIM::batch1\fitet-sz-c1-b5::3_KPCWT0430glu10min_740nm_3024mW_u1_poc0p2_20x0p75NA_457s50_g70_z1_256pix_basicFLIM_120f_0003,batch1\fitet-sz-c1-b5,3,"a1, a2, a3, chi2, photons, tau1, tau2, tau3"
3_KPCWT0430glu10min_740nm_3024mW_u1_poc0p2_20x0p75NA_457s50_g70_z1_256pix_basicFLIM_120f_0003.sdt,20260501_KPC_fixed_dishes_on_SLIM::batch1\fitet-sz-c2-b5::3_KPCWT0430glu10min_740nm_3024mW_u1_poc0p2_20x0p75NA_457s50_g70_z1_256pix_basicFLIM_120f_0003,batch1\fitet-sz-c2-b5,3,"a1, a2, a3, chi2, photons, tau1, tau2, tau3"
3_KPCWT0430glu10min_740nm_3024mW_u1_poc0p2_20x0p75NA_457s50_g70_z1_256pix_basicFLIM_120f_0003.sdt,20260501_KPC_fixed_dishes_on_SLIM::batch1\fitet-sz-c3-b5::3_KPCWT0430glu10min_740nm_3024mW_u1_poc0p2_20x0p75NA_457s50_g70_z1_256pix_basicFLIM_120f_0003,batch1\fitet-sz-c3-b5,3,"a1, a2, a3, chi2, photons, tau1, tau2, tau3"
3_KPCWT0430glu10min_740nm_3024mW_u1_poc0p2_20x0p75NA_457s50_g70_z1_256pix_basicFLIM_120f_0003.sdt,20260501_KPC_fixed_dishes_on_SLIM::batch1\fitet-sz-c3-b7::3_KPCWT0430glu10min_740nm_3024mW_u1_poc0p2_20x0p75NA_457s50_g70_z1_256pix_basicFLIM_120f_0003,batch1\fitet-sz-c3-b7,3,"a1, a2, a3, chi2, photons, tau1, tau2, tau3"
3_KPCWT0430glu10min_740nm_3024mW_u1_poc0p2_20x0p75NA_457s50_g70_z1_256pix_basicFLIM_120f_0004.sdt,20260501_KPC_fixed_dishes_on_SLIM::batch1\fitet-sf-2component-b5::3_KPCWT0430glu10min_740nm_3024mW_u1_poc0p2_20x0p75NA_457s50_g70_z1_256pix_basicFLIM_120f_0004,batch1\fitet-sf-2component-b5,2,"a1, a2, chi2, photons, tau1, tau2"
3_KPCWT0430glu10min_740nm_3024mW_u1_poc0p2_20x0p75NA_457s50_g70_z1_256pix_basicFLIM_120f_0004.sdt,20260501_KPC_fixed_dishes_on_SLIM::batch1\fitet-sf-3component-b5::3_KPCWT0430glu10min_740nm_3024mW_u1_poc0p2_20x0p75NA_457s50_g70_z1_256pix_basicFLIM_120f_0004,batch1\fitet-sf-3component-b5,3,"a1, a2, a3, chi2, photons, tau1, tau2, tau3"
3_KPCWT0430glu10min_740nm_3024mW_u1_poc0p2_20x0p75NA_457s50_g70_z1_256pix_basicFLIM_120f_0004.sdt,20260501_KPC_fixed_dishes_on_SLIM::batch1\fitet-sf-c2-b5::3_KPCWT0430glu10min_740nm_3024mW_u1_poc0p2_20x0p75NA_457s50_g70_z1_256pix_basicFLIM_120f_0004,batch1\fitet-sf-c2-b5,2,"a1, a2, chi2, photons, tau1, tau2"
3_KPCWT0430glu10min_740nm_3024mW_u1_poc0p2_20x0p75NA_457s50_g70_z1_256pix_basicFLIM_120f_0004.sdt,20260501_KPC_fixed_dishes_on_SLIM::batch1\fitet-sf-c2-b7::3_KPCWT0430glu10min_740nm_3024mW_u1_poc0p2_20x0p75NA_457s50_g70_z1_256pix_basicFLIM_120f_0004,batch1\fitet-sf-c2-b7,3,"a1, a2, a3, chi2, photons, tau1, tau2, tau3"
3_KPCWT0430glu10min_740nm_3024mW_u1_poc0p2_20x0p75NA_457s50_g70_z1_256pix_basicFLIM_120f_0004.sdt,20260501_KPC_fixed_dishes_on_SLIM::batch1\fitet-sf-c3-b5::3_KPCWT0430glu10min_740nm_3024mW_u1_poc0p2_20x0p75NA_457s50_g70_z1_256pix_basicFLIM_120f_0004,batch1\fitet-sf-c3-b5,3,"a1, a2, a3, chi2, photons, tau1, tau2, tau3"
3_KPCWT0430glu10min_740nm_3024mW_u1_poc0p2_20x0p75NA_457s50_g70_z1_256pix_basicFLIM_120f_0004.sdt,20260501_KPC_fixed_dishes_on_SLIM::batch1\fitet-sz-1component-b5::3_KPCWT0430glu10min_740nm_3024mW_u1_poc0p2_20x0p75NA_457s50_g70_z1_256pix_basicFLIM_120f_0004,batch1\fitet-sz-1component-b5,3,"a1, a2, a3, chi2, photons, tau1, tau2, tau3"
3_KPCWT0430glu10min_740nm_3024mW_u1_poc0p2_20x0p75NA_457s50_g70_z1_256pix_basicFLIM_120f_0004.sdt,20260501_KPC_fixed_dishes_on_SLIM::batch1\fitet-sz-2component-b5::3_KPCWT0430glu10min_740nm_3024mW_u1_poc0p2_20x0p75NA_457s50_g70_z1_256pix_basicFLIM_120f_0004,batch1\fitet-sz-2component-b5,3,"a1, a2, a3, chi2, photons, tau1, tau2, tau3"
3_KPCWT0430glu10min_740nm_3024mW_u1_poc0p2_20x0p75NA_457s50_g70_z1_256pix_basicFLIM_120f_0004.sdt,20260501_KPC_fixed_dishes_on_SLIM::batch1\fitet-sz-3component-b5::3_KPCWT0430glu10min_740nm_3024mW_u1_poc0p2_20x0p75NA_457s50_g70_z1_256pix_basicFLIM_120f_0004,batch1\fitet-sz-3component-b5,3,"a1, a2, a3, chi2, photons, tau1, tau2, tau3"
3_KPCWT0430glu10min_740nm_3024mW_u1_poc0p2_20x0p75NA_457s50_g70_z1_256pix_basicFLIM_120f_0004.sdt,20260501_KPC_fixed_dishes_on_SLIM::batch1\fitet-sz-c1-b5::3_KPCWT0430glu10min_740nm_3024mW_u1_poc0p2_20x0p75NA_457s50_g70_z1_256pix_basicFLIM_120f_0004,batch1\fitet-sz-c1-b5,3,"a1, a2, a3, chi2, photons, tau1, tau2, tau3"
3_KPCWT0430glu10min_740nm_3024mW_u1_poc0p2_20x0p75NA_457s50_g70_z1_256pix_basicFLIM_120f_0004.sdt,20260501_KPC_fixed_dishes_on_SLIM::batch1\fitet-sz-c2-b5::3_KPCWT0430glu10min_740nm_3024mW_u1_poc0p2_20x0p75NA_457s50_g70_z1_256pix_basicFLIM_120f_0004,batch1\fitet-sz-c2-b5,3,"a1, a2, a3, chi2, photons, tau1, tau2, tau3"
3_KPCWT0430glu10min_740nm_3024mW_u1_poc0p2_20x0p75NA_457s50_g70_z1_256pix_basicFLIM_120f_0004.sdt,20260501_KPC_fixed_dishes_on_SLIM::batch1\fitet-sz-c3-b5::3_KPCWT0430glu10min_740nm_3024mW_u1_poc0p2_20x0p75NA_457s50_g70_z1_256pix_basicFLIM_120f_0004,batch1\fitet-sz-c3-b5,3,"a1, a2, a3, chi2, photons, tau1, tau2, tau3"
3_KPCWT0430glu10min_740nm_3024mW_u1_poc0p2_20x0p75NA_457s50_g70_z1_256pix_basicFLIM_120f_0004.sdt,20260501_KPC_fixed_dishes_on_SLIM::batch1\fitet-sz-c3-b7::3_KPCWT0430glu10min_740nm_3024mW_u1_poc0p2_20x0p75NA_457s50_g70_z1_256pix_basicFLIM_120f_0004,batch1\fitet-sz-c3-b7,3,"a1, a2, a3, chi2, photons, tau1, tau2, tau3"
3_KPCWT0430glu10min_740nm_3024mW_u1_poc0p2_20x0p75NA_457s50_g70_z1_256pix_basicFLIM_120f_0005.sdt,20260501_KPC_fixed_dishes_on_SLIM::batch1\fitet-sf-2component-b5::3_KPCWT0430glu10min_740nm_3024mW_u1_poc0p2_20x0p75NA_457s50_g70_z1_256pix_basicFLIM_120f_0005,batch1\fitet-sf-2component-b5,2,"a1, a2, chi2, photons, tau1, tau2"
3_KPCWT0430glu10min_740nm_3024mW_u1_poc0p2_20x0p75NA_457s50_g70_z1_256pix_basicFLIM_120f_0005.sdt,20260501_KPC_fixed_dishes_on_SLIM::batch1\fitet-sf-3component-b5::3_KPCWT0430glu10min_740nm_3024mW_u1_poc0p2_20x0p75NA_457s50_g70_z1_256pix_basicFLIM_120f_0005,batch1\fitet-sf-3component-b5,3,"a1, a2, a3, chi2, photons, tau1, tau2, tau3"
3_KPCWT0430glu10min_740nm_3024mW_u1_poc0p2_20x0p75NA_457s50_g70_z1_256pix_basicFLIM_120f_0005.sdt,20260501_KPC_fixed_dishes_on_SLIM::batch1\fitet-sf-c2-b5::3_KPCWT0430glu10min_740nm_3024mW_u1_poc0p2_20x0p75NA_457s50_g70_z1_256pix_basicFLIM_120f_0005,batch1\fitet-sf-c2-b5,2,"a1, a2, chi2, photons, tau1, tau2"
3_KPCWT0430glu10min_740nm_3024mW_u1_poc0p2_20x0p75NA_457s50_g70_z1_256pix_basicFLIM_120f_0005.sdt,20260501_KPC_fixed_dishes_on_SLIM::batch1\fitet-sf-c2-b7::3_KPCWT0430glu10min_740nm_3024mW_u1_poc0p2_20x0p75NA_457s50_g70_z1_256pix_basicFLIM_120f_0005,batch1\fitet-sf-c2-b7,3,"a1, a2, a3, chi2, photons, tau1, tau2, tau3"
3_KPCWT0430glu10min_740nm_3024mW_u1_poc0p2_20x0p75NA_457s50_g70_z1_256pix_basicFLIM_120f_0005.sdt,20260501_KPC_fixed_dishes_on_SLIM::batch1\fitet-sf-c3-b5::3_KPCWT0430glu10min_740nm_3024mW_u1_poc0p2_20x0p75NA_457s50_g70_z1_256pix_basicFLIM_120f_0005,batch1\fitet-sf-c3-b5,3,"a1, a2, a3, chi2, photons, tau1, tau2, tau3"
3_KPCWT0430glu10min_740nm_3024mW_u1_poc0p2_20x0p75NA_457s50_g70_z1_256pix_basicFLIM_120f_0005.sdt,20260501_KPC_fixed_dishes_on_SLIM::batch1\fitet-sz-1component-b5::3_KPCWT0430glu10min_740nm_3024mW_u1_poc0p2_20x0p75NA_457s50_g70_z1_256pix_basicFLIM_120f_0005,batch1\fitet-sz-1component-b5,3,"a1, a2, a3, chi2, photons, tau1, tau2, tau3"
3_KPCWT0430glu10min_740nm_3024mW_u1_poc0p2_20x0p75NA_457s50_g70_z1_256pix_basicFLIM_120f_0005.sdt,20260501_KPC_fixed_dishes_on_SLIM::batch1\fitet-sz-2component-b5::3_KPCWT0430glu10min_740nm_3024mW_u1_poc0p2_20x0p75NA_457s50_g70_z1_256pix_basicFLIM_120f_0005,batch1\fitet-sz-2component-b5,3,"a1, a2, a3, chi2, photons, tau1, tau2, tau3"
3_KPCWT0430glu10min_740nm_3024mW_u1_poc0p2_20x0p75NA_457s50_g70_z1_256pix_basicFLIM_120f_0005.sdt,20260501_KPC_fixed_dishes_on_SLIM::batch1\fitet-sz-3component-b5::3_KPCWT0430glu10min_740nm_3024mW_u1_poc0p2_20x0p75NA_457s50_g70_z1_256pix_basicFLIM_120f_0005,batch1\fitet-sz-3component-b5,3,"a1, a2, a3, chi2, photons, tau1, tau2, tau3"
3_KPCWT0430glu10min_740nm_3024mW_u1_poc0p2_20x0p75NA_457s50_g70_z1_256pix_basicFLIM_120f_0005.sdt,20260501_KPC_fixed_dishes_on_SLIM::batch1\fitet-sz-c1-b5::3_KPCWT0430glu10min_740nm_3024mW_u1_poc0p2_20x0p75NA_457s50_g70_z1_256pix_basicFLIM_120f_0005,batch1\fitet-sz-c1-b5,3,"a1, a2, a3, chi2, photons, tau1, tau2, tau3"
3_KPCWT0430glu10min_740nm_3024mW_u1_poc0p2_20x0p75NA_457s50_g70_z1_256pix_basicFLIM_120f_0005.sdt,20260501_KPC_fixed_dishes_on_SLIM::batch1\fitet-sz-c2-b5::3_KPCWT0430glu10min_740nm_3024mW_u1_poc0p2_20x0p75NA_457s50_g70_z1_256pix_basicFLIM_120f_0005,batch1\fitet-sz-c2-b5,3,"a1, a2, a3, chi2, photons, tau1, tau2, tau3"
3_KPCWT0430glu10min_740nm_3024mW_u1_poc0p2_20x0p75NA_457s50_g70_z1_256pix_basicFLIM_120f_0005.sdt,20260501_KPC_fixed_dishes_on_SLIM::batch1\fitet-sz-c3-b5::3_KPCWT0430glu10min_740nm_3024mW_u1_poc0p2_20x0p75NA_457s50_g70_z1_256pix_basicFLIM_120f_0005,batch1\fitet-sz-c3-b5,3,"a1, a2, a3, chi2, photons, tau1, tau2, tau3"
3_KPCWT0430glu10min_740nm_3024mW_u1_poc0p2_20x0p75NA_457s50_g70_z1_256pix_basicFLIM_120f_0005.sdt,20260501_KPC_fixed_dishes_on_SLIM::batch1\fitet-sz-c3-b7::3_KPCWT0430glu10min_740nm_3024mW_u1_poc0p2_20x0p75NA_457s50_g70_z1_256pix_basicFLIM_120f_0005,batch1\fitet-sz-c3-b7,3,"a1, a2, a3, chi2, photons, tau1, tau2, tau3"
3_KPCWT0430glu10min_740nm_3024mW_u1_poc0p2_20x0p75NA_457s50_g70_z1_256pix_basicFLIM_120f_0006.sdt,20260501_KPC_fixed_dishes_on_SLIM::batch1\fitet-sf-2component-b5::3_KPCWT0430glu10min_740nm_3024mW_u1_poc0p2_20x0p75NA_457s50_g70_z1_256pix_basicFLIM_120f_0006,batch1\fitet-sf-2component-b5,2,"a1, a2, chi2, photons, tau1, tau2"
3_KPCWT0430glu10min_740nm_3024mW_u1_poc0p2_20x0p75NA_457s50_g70_z1_256pix_basicFLIM_120f_0006.sdt,20260501_KPC_fixed_dishes_on_SLIM::batch1\fitet-sf-3component-b5::3_KPCWT0430glu10min_740nm_3024mW_u1_poc0p2_20x0p75NA_457s50_g70_z1_256pix_basicFLIM_120f_0006,batch1\fitet-sf-3component-b5,3,"a1, a2, a3, chi2, photons, tau1, tau2, tau3"
3_KPCWT0430glu10min_740nm_3024mW_u1_poc0p2_20x0p75NA_457s50_g70_z1_256pix_basicFLIM_120f_0006.sdt,20260501_KPC_fixed_dishes_on_SLIM::batch1\fitet-sf-c2-b5::3_KPCWT0430glu10min_740nm_3024mW_u1_poc0p2_20x0p75NA_457s50_g70_z1_256pix_basicFLIM_120f_0006,batch1\fitet-sf-c2-b5,2,"a1, a2, chi2, photons, tau1, tau2"
3_KPCWT0430glu10min_740nm_3024mW_u1_poc0p2_20x0p75NA_457s50_g70_z1_256pix_basicFLIM_120f_0006.sdt,20260501_KPC_fixed_dishes_on_SLIM::batch1\fitet-sf-c2-b7::3_KPCWT0430glu10min_740nm_3024mW_u1_poc0p2_20x0p75NA_457s50_g70_z1_256pix_basicFLIM_120f_0006,batch1\fitet-sf-c2-b7,3,"a1, a2, a3, chi2, photons, tau1, tau2, tau3"
3_KPCWT0430glu10min_740nm_3024mW_u1_poc0p2_20x0p75NA_457s50_g70_z1_256pix_basicFLIM_120f_0006.sdt,20260501_KPC_fixed_dishes_on_SLIM::batch1\fitet-sf-c3-b5::3_KPCWT0430glu10min_740nm_3024mW_u1_poc0p2_20x0p75NA_457s50_g70_z1_256pix_basicFLIM_120f_0006,batch1\fitet-sf-c3-b5,3,"a1, a2, a3, chi2, photons, tau1, tau2, tau3"
3_KPCWT0430glu10min_740nm_3024mW_u1_poc0p2_20x0p75NA_457s50_g70_z1_256pix_basicFLIM_120f_0006.sdt,20260501_KPC_fixed_dishes_on_SLIM::batch1\fitet-sz-1component-b5::3_KPCWT0430glu10min_740nm_3024mW_u1_poc0p2_20x0p75NA_457s50_g70_z1_256pix_basicFLIM_120f_0006,batch1\fitet-sz-1component-b5,3,"a1, a2, a3, chi2, photons, tau1, tau2, tau3"
3_KPCWT0430glu10min_740nm_3024mW_u1_poc0p2_20x0p75NA_457s50_g70_z1_256pix_basicFLIM_120f_0006.sdt,20260501_KPC_fixed_dishes_on_SLIM::batch1\fitet-sz-2component-b5::3_KPCWT0430glu10min_740nm_3024mW_u1_poc0p2_20x0p75NA_457s50_g70_z1_256pix_basicFLIM_120f_0006,batch1\fitet-sz-2component-b5,3,"a1, a2, a3, chi2, photons, tau1, tau2, tau3"
3_KPCWT0430glu10min_740nm_3024mW_u1_poc0p2_20x0p75NA_457s50_g70_z1_256pix_basicFLIM_120f_0006.sdt,20260501_KPC_fixed_dishes_on_SLIM::batch1\fitet-sz-3component-b5::3_KPCWT0430glu10min_740nm_3024mW_u1_poc0p2_20x0p75NA_457s50_g70_z1_256pix_basicFLIM_120f_0006,batch1\fitet-sz-3component-b5,3,"a1, a2, a3, chi2, photons, tau1, tau2, tau3"
3_KPCWT0430glu10min_740nm_3024mW_u1_poc0p2_20x0p75NA_457s50_g70_z1_256pix_basicFLIM_120f_0006.sdt,20260501_KPC_fixed_dishes_on_SLIM::batch1\fitet-sz-c1-b5::3_KPCWT0430glu10min_740nm_3024mW_u1_poc0p2_20x0p75NA_457s50_g70_z1_256pix_basicFLIM_120f_0006,batch1\fitet-sz-c1-b5,3,"a1, a2, a3, chi2, photons, tau1, tau2, tau3"
3_KPCWT0430glu10min_740nm_3024mW_u1_poc0p2_20x0p75NA_457s50_g70_z1_256pix_basicFLIM_120f_0006.sdt,20260501_KPC_fixed_dishes_on_SLIM::batch1\fitet-sz-c2-b5::3_KPCWT0430glu10min_740nm_3024mW_u1_poc0p2_20x0p75NA_457s50_g70_z1_256pix_basicFLIM_120f_0006,batch1\fitet-sz-c2-b5,3,"a1, a2, a3, chi2, photons, tau1, tau2, tau3"
3_KPCWT0430glu10min_740nm_3024mW_u1_poc0p2_20x0p75NA_457s50_g70_z1_256pix_basicFLIM_120f_0006.sdt,20260501_KPC_fixed_dishes_on_SLIM::batch1\fitet-sz-c3-b5::3_KPCWT0430glu10min_740nm_3024mW_u1_poc0p2_20x0p75NA_457s50_g70_z1_256pix_basicFLIM_120f_0006,batch1\fitet-sz-c3-b5,3,"a1, a2, a3, chi2, photons, tau1, tau2, tau3"
3_KPCWT0430glu10min_740nm_3024mW_u1_poc0p2_20x0p75NA_457s50_g70_z1_256pix_basicFLIM_120f_0006.sdt,20260501_KPC_fixed_dishes_on_SLIM::batch1\fitet-sz-c3-b7::3_KPCWT0430glu10min_740nm_3024mW_u1_poc0p2_20x0p75NA_457s50_g70_z1_256pix_basicFLIM_120f_0006,batch1\fitet-sz-c3-b7,3,"a1, a2, a3, chi2, photons, tau1, tau2, tau3"
3_KPCWT0430glu10min_740nm_3024mW_u1_poc0p2_20x0p75NA_457s50_g70_z1_256pix_basicFLIM_120f_0007.sdt,20260501_KPC_fixed_dishes_on_SLIM::batch1\fitet-sf-2component-b5::3_KPCWT0430glu10min_740nm_3024mW_u1_poc0p2_20x0p75NA_457s50_g70_z1_256pix_basicFLIM_120f_0007,batch1\fitet-sf-2component-b5,2,"a1, a2, chi2, photons, tau1, tau2"
3_KPCWT0430glu10min_740nm_3024mW_u1_poc0p2_20x0p75NA_457s50_g70_z1_256pix_basicFLIM_120f_0007.sdt,20260501_KPC_fixed_dishes_on_SLIM::batch1\fitet-sf-3component-b5::3_KPCWT0430glu10min_740nm_3024mW_u1_poc0p2_20x0p75NA_457s50_g70_z1_256pix_basicFLIM_120f_0007,batch1\fitet-sf-3component-b5,3,"a1, a2, a3, chi2, photons, tau1, tau2, tau3"
3_KPCWT0430glu10min_740nm_3024mW_u1_poc0p2_20x0p75NA_457s50_g70_z1_256pix_basicFLIM_120f_0007.sdt,20260501_KPC_fixed_dishes_on_SLIM::batch1\fitet-sf-c2-b5::3_KPCWT0430glu10min_740nm_3024mW_u1_poc0p2_20x0p75NA_457s50_g70_z1_256pix_basicFLIM_120f_0007,batch1\fitet-sf-c2-b5,2,"a1, a2, chi2, photons, tau1, tau2"
3_KPCWT0430glu10min_740nm_3024mW_u1_poc0p2_20x0p75NA_457s50_g70_z1_256pix_basicFLIM_120f_0007.sdt,20260501_KPC_fixed_dishes_on_SLIM::batch1\fitet-sf-c2-b7::3_KPCWT0430glu10min_740nm_3024mW_u1_poc0p2_20x0p75NA_457s50_g70_z1_256pix_basicFLIM_120f_0007,batch1\fitet-sf-c2-b7,3,"a1, a2, a3, chi2, photons, tau1, tau2, tau3"
3_KPCWT0430glu10min_740nm_3024mW_u1_poc0p2_20x0p75NA_457s50_g70_z1_256pix_basicFLIM_120f_0007.sdt,20260501_KPC_fixed_dishes_on_SLIM::batch1\fitet-sf-c3-b5::3_KPCWT0430glu10min_740nm_3024mW_u1_poc0p2_20x0p75NA_457s50_g70_z1_256pix_basicFLIM_120f_0007,batch1\fitet-sf-c3-b5,3,"a1, a2, a3, chi2, photons, tau1, tau2, tau3"
3_KPCWT0430glu10min_740nm_3024mW_u1_poc0p2_20x0p75NA_457s50_g70_z1_256pix_basicFLIM_120f_0007.sdt,20260501_KPC_fixed_dishes_on_SLIM::batch1\fitet-sz-1component-b5::3_KPCWT0430glu10min_740nm_3024mW_u1_poc0p2_20x0p75NA_457s50_g70_z1_256pix_basicFLIM_120f_0007,batch1\fitet-sz-1component-b5,3,"a1, a2, a3, chi2, photons, tau1, tau2, tau3"
3_KPCWT0430glu10min_740nm_3024mW_u1_poc0p2_20x0p75NA_457s50_g70_z1_256pix_basicFLIM_120f_0007.sdt,20260501_KPC_fixed_dishes_on_SLIM::batch1\fitet-sz-2component-b5::3_KPCWT0430glu10min_740nm_3024mW_u1_poc0p2_20x0p75NA_457s50_g70_z1_256pix_basicFLIM_120f_0007,batch1\fitet-sz-2component-b5,3,"a1, a2, a3, chi2, photons, tau1, tau2, tau3"
3_KPCWT0430glu10min_740nm_3024mW_u1_poc0p2_20x0p75NA_457s50_g70_z1_256pix_basicFLIM_120f_0007.sdt,20260501_KPC_fixed_dishes_on_SLIM::batch1\fitet-sz-3component-b5::3_KPCWT0430glu10min_740nm_3024mW_u1_poc0p2_20x0p75NA_457s50_g70_z1_256pix_basicFLIM_120f_0007,batch1\fitet-sz-3component-b5,3,"a1, a2, a3, chi2, photons, tau1, tau2, tau3"
3_KPCWT0430glu10min_740nm_3024mW_u1_poc0p2_20x0p75NA_457s50_g70_z1_256pix_basicFLIM_120f_0007.sdt,20260501_KPC_fixed_dishes_on_SLIM::batch1\fitet-sz-c1-b5::3_KPCWT0430glu10min_740nm_3024mW_u1_poc0p2_20x0p75NA_457s50_g70_z1_256pix_basicFLIM_120f_0007,batch1\fitet-sz-c1-b5,3,"a1, a2, a3, chi2, photons, tau1, tau2, tau3"
3_KPCWT0430glu10min_740nm_3024mW_u1_poc0p2_20x0p75NA_457s50_g70_z1_256pix_basicFLIM_120f_0007.sdt,20260501_KPC_fixed_dishes_on_SLIM::batch1\fitet-sz-c2-b5::3_KPCWT0430glu10min_740nm_3024mW_u1_poc0p2_20x0p75NA_457s50_g70_z1_256pix_basicFLIM_120f_0007,batch1\fitet-sz-c2-b5,3,"a1, a2, a3, chi2, photons, tau1, tau2, tau3"
3_KPCWT0430glu10min_740nm_3024mW_u1_poc0p2_20x0p75NA_457s50_g70_z1_256pix_basicFLIM_120f_0007.sdt,20260501_KPC_fixed_dishes_on_SLIM::batch1\fitet-sz-c3-b5::3_KPCWT0430glu10min_740nm_3024mW_u1_poc0p2_20x0p75NA_457s50_g70_z1_256pix_basicFLIM_120f_0007,batch1\fitet-sz-c3-b5,3,"a1, a2, a3, chi2, photons, tau1, tau2, tau3"
3_KPCWT0430glu10min_740nm_3024mW_u1_poc0p2_20x0p75NA_457s50_g70_z1_256pix_basicFLIM_120f_0007.sdt,20260501_KPC_fixed_dishes_on_SLIM::batch1\fitet-sz-c3-b7::3_KPCWT0430glu10min_740nm_3024mW_u1_poc0p2_20x0p75NA_457s50_g70_z1_256pix_basicFLIM_120f_0007,batch1\fitet-sz-c3-b7,3,"a1, a2, a3, chi2, photons, tau1, tau2, tau3"
3_KPCWT0430glu10min_740nm_3024mW_u1_poc0p2_20x0p75NA_457s50_g70_z1_256pix_basicFLIM_120f_0008.sdt,20260501_KPC_fixed_dishes_on_SLIM::batch1\fitet-sf-2component-b5::3_KPCWT0430glu10min_740nm_3024mW_u1_poc0p2_20x0p75NA_457s50_g70_z1_256pix_basicFLIM_120f_0008,batch1\fitet-sf-2component-b5,2,"a1, a2, chi2, photons, tau1, tau2"
3_KPCWT0430glu10min_740nm_3024mW_u1_poc0p2_20x0p75NA_457s50_g70_z1_256pix_basicFLIM_120f_0008.sdt,20260501_KPC_fixed_dishes_on_SLIM::batch1\fitet-sf-3component-b5::3_KPCWT0430glu10min_740nm_3024mW_u1_poc0p2_20x0p75NA_457s50_g70_z1_256pix_basicFLIM_120f_0008,batch1\fitet-sf-3component-b5,3,"a1, a2, a3, chi2, photons, tau1, tau2, tau3"
3_KPCWT0430glu10min_740nm_3024mW_u1_poc0p2_20x0p75NA_457s50_g70_z1_256pix_basicFLIM_120f_0008.sdt,20260501_KPC_fixed_dishes_on_SLIM::batch1\fitet-sf-c2-b5::3_KPCWT0430glu10min_740nm_3024mW_u1_poc0p2_20x0p75NA_457s50_g70_z1_256pix_basicFLIM_120f_0008,batch1\fitet-sf-c2-b5,2,"a1, a2, chi2, photons, tau1, tau2"
3_KPCWT0430glu10min_740nm_3024mW_u1_poc0p2_20x0p75NA_457s50_g70_z1_256pix_basicFLIM_120f_0008.sdt,20260501_KPC_fixed_dishes_on_SLIM::batch1\fitet-sf-c2-b7::3_KPCWT0430glu10min_740nm_3024mW_u1_poc0p2_20x0p75NA_457s50_g70_z1_256pix_basicFLIM_120f_0008,batch1\fitet-sf-c2-b7,3,"a1, a2, a3, chi2, photons, tau1, tau2, tau3"
3_KPCWT0430glu10min_740nm_3024mW_u1_poc0p2_20x0p75NA_457s50_g70_z1_256pix_basicFLIM_120f_0008.sdt,20260501_KPC_fixed_dishes_on_SLIM::batch1\fitet-sf-c3-b5::3_KPCWT0430glu10min_740nm_3024mW_u1_poc0p2_20x0p75NA_457s50_g70_z1_256pix_basicFLIM_120f_0008,batch1\fitet-sf-c3-b5,3,"a1, a2, a3, chi2, photons, tau1, tau2, tau3"
3_KPCWT0430glu10min_740nm_3024mW_u1_poc0p2_20x0p75NA_457s50_g70_z1_256pix_basicFLIM_120f_0008.sdt,20260501_KPC_fixed_dishes_on_SLIM::batch1\fitet-sz-1component-b5::3_KPCWT0430glu10min_740nm_3024mW_u1_poc0p2_20x0p75NA_457s50_g70_z1_256pix_basicFLIM_120f_0008,batch1\fitet-sz-1component-b5,3,"a1, a2, a3, chi2, photons, tau1, tau2, tau3"
3_KPCWT0430glu10min_740nm_3024mW_u1_poc0p2_20x0p75NA_457s50_g70_z1_256pix_basicFLIM_120f_0008.sdt,20260501_KPC_fixed_dishes_on_SLIM::batch1\fitet-sz-2component-b5::3_KPCWT0430glu10min_740nm_3024mW_u1_poc0p2_20x0p75NA_457s50_g70_z1_256pix_basicFLIM_120f_0008,batch1\fitet-sz-2component-b5,3,"a1, a2, a3, chi2, photons, tau1, tau2, tau3"
3_KPCWT0430glu10min_740nm_3024mW_u1_poc0p2_20x0p75NA_457s50_g70_z1_256pix_basicFLIM_120f_0008.sdt,20260501_KPC_fixed_dishes_on_SLIM::batch1\fitet-sz-3component-b5::3_KPCWT0430glu10min_740nm_3024mW_u1_poc0p2_20x0p75NA_457s50_g70_z1_256pix_basicFLIM_120f_0008,batch1\fitet-sz-3component-b5,3,"a1, a2, a3, chi2, photons, tau1, tau2, tau3"
3_KPCWT0430glu10min_740nm_3024mW_u1_poc0p2_20x0p75NA_457s50_g70_z1_256pix_basicFLIM_120f_0008.sdt,20260501_KPC_fixed_dishes_on_SLIM::batch1\fitet-sz-c1-b5::3_KPCWT0430glu10min_740nm_3024mW_u1_poc0p2_20x0p75NA_457s50_g70_z1_256pix_basicFLIM_120f_0008,batch1\fitet-sz-c1-b5,3,"a1, a2, a3, chi2, photons, tau1, tau2, tau3"
3_KPCWT0430glu10min_740nm_3024mW_u1_poc0p2_20x0p75NA_457s50_g70_z1_256pix_basicFLIM_120f_0008.sdt,20260501_KPC_fixed_dishes_on_SLIM::batch1\fitet-sz-c2-b5::3_KPCWT0430glu10min_740nm_3024mW_u1_poc0p2_20x0p75NA_457s50_g70_z1_256pix_basicFLIM_120f_0008,batch1\fitet-sz-c2-b5,3,"a1, a2, a3, chi2, photons, tau1, tau2, tau3"
3_KPCWT0430glu10min_740nm_3024mW_u1_poc0p2_20x0p75NA_457s50_g70_z1_256pix_basicFLIM_120f_0008.sdt,20260501_KPC_fixed_dishes_on_SLIM::batch1\fitet-sz-c3-b5::3_KPCWT0430glu10min_740nm_3024mW_u1_poc0p2_20x0p75NA_457s50_g70_z1_256pix_basicFLIM_120f_0008,batch1\fitet-sz-c3-b5,3,"a1, a2, a3, chi2, photons, tau1, tau2, tau3"
3_KPCWT0430glu10min_740nm_3024mW_u1_poc0p2_20x0p75NA_457s50_g70_z1_256pix_basicFLIM_120f_0008.sdt,20260501_KPC_fixed_dishes_on_SLIM::batch1\fitet-sz-c3-b7::3_KPCWT0430glu10min_740nm_3024mW_u1_poc0p2_20x0p75NA_457s50_g70_z1_256pix_basicFLIM_120f_0008,batch1\fitet-sz-c3-b7,3,"a1, a2, a3, chi2, photons, tau1, tau2, tau3"
3_KPCWT0430glu10min_740nm_3024mW_u1_poc0p2_20x0p75NA_457s50_g70_z1_256pix_basicFLIM_120f_0009.sdt,20260501_KPC_fixed_dishes_on_SLIM::batch1\fitet-sf-2component-b5::3_KPCWT0430glu10min_740nm_3024mW_u1_poc0p2_20x0p75NA_457s50_g70_z1_256pix_basicFLIM_120f_0009,batch1\fitet-sf-2component-b5,2,"a1, a2, chi2, photons, tau1, tau2"
3_KPCWT0430glu10min_740nm_3024mW_u1_poc0p2_20x0p75NA_457s50_g70_z1_256pix_basicFLIM_120f_0009.sdt,20260501_KPC_fixed_dishes_on_SLIM::batch1\fitet-sf-3component-b5::3_KPCWT0430glu10min_740nm_3024mW_u1_poc0p2_20x0p75NA_457s50_g70_z1_256pix_basicFLIM_120f_0009,batch1\fitet-sf-3component-b5,3,"a1, a2, a3, chi2, photons, tau1, tau2, tau3"
3_KPCWT0430glu10min_740nm_3024mW_u1_poc0p2_20x0p75NA_457s50_g70_z1_256pix_basicFLIM_120f_0009.sdt,20260501_KPC_fixed_dishes_on_SLIM::batch1\fitet-sf-c2-b5::3_KPCWT0430glu10min_740nm_3024mW_u1_poc0p2_20x0p75NA_457s50_g70_z1_256pix_basicFLIM_120f_0009,batch1\fitet-sf-c2-b5,2,"a1, a2, chi2, photons, tau1, tau2"
3_KPCWT0430glu10min_740nm_3024mW_u1_poc0p2_20x0p75NA_457s50_g70_z1_256pix_basicFLIM_120f_0009.sdt,20260501_KPC_fixed_dishes_on_SLIM::batch1\fitet-sf-c2-b7::3_KPCWT0430glu10min_740nm_3024mW_u1_poc0p2_20x0p75NA_457s50_g70_z1_256pix_basicFLIM_120f_0009,batch1\fitet-sf-c2-b7,3,"a1, a2, a3, chi2, photons, tau1, tau2, tau3"
3_KPCWT0430glu10min_740nm_3024mW_u1_poc0p2_20x0p75NA_457s50_g70_z1_256pix_basicFLIM_120f_0009.sdt,20260501_KPC_fixed_dishes_on_SLIM::batch1\fitet-sf-c3-b5::3_KPCWT0430glu10min_740nm_3024mW_u1_poc0p2_20x0p75NA_457s50_g70_z1_256pix_basicFLIM_120f_0009,batch1\fitet-sf-c3-b5,3,"a1, a2, a3, chi2, photons, tau1, tau2, tau3"
3_KPCWT0430glu10min_740nm_3024mW_u1_poc0p2_20x0p75NA_457s50_g70_z1_256pix_basicFLIM_120f_0009.sdt,20260501_KPC_fixed_dishes_on_SLIM::batch1\fitet-sz-1component-b5::3_KPCWT0430glu10min_740nm_3024mW_u1_poc0p2_20x0p75NA_457s50_g70_z1_256pix_basicFLIM_120f_0009,batch1\fitet-sz-1component-b5,3,"a1, a2, a3, chi2, photons, tau1, tau2, tau3"
3_KPCWT0430glu10min_740nm_3024mW_u1_poc0p2_20x0p75NA_457s50_g70_z1_256pix_basicFLIM_120f_0009.sdt,20260501_KPC_fixed_dishes_on_SLIM::batch1\fitet-sz-2component-b5::3_KPCWT0430glu10min_740nm_3024mW_u1_poc0p2_20x0p75NA_457s50_g70_z1_256pix_basicFLIM_120f_0009,batch1\fitet-sz-2component-b5,3,"a1, a2, a3, chi2, photons, tau1, tau2, tau3"
3_KPCWT0430glu10min_740nm_3024mW_u1_poc0p2_20x0p75NA_457s50_g70_z1_256pix_basicFLIM_120f_0009.sdt,20260501_KPC_fixed_dishes_on_SLIM::batch1\fitet-sz-3component-b5::3_KPCWT0430glu10min_740nm_3024mW_u1_poc0p2_20x0p75NA_457s50_g70_z1_256pix_basicFLIM_120f_0009,batch1\fitet-sz-3component-b5,3,"a1, a2, a3, chi2, photons, tau1, tau2, tau3"
3_KPCWT0430glu10min_740nm_3024mW_u1_poc0p2_20x0p75NA_457s50_g70_z1_256pix_basicFLIM_120f_0009.sdt,20260501_KPC_fixed_dishes_on_SLIM::batch1\fitet-sz-c1-b5::3_KPCWT0430glu10min_740nm_3024mW_u1_poc0p2_20x0p75NA_457s50_g70_z1_256pix_basicFLIM_120f_0009,batch1\fitet-sz-c1-b5,3,"a1, a2, a3, chi2, photons, tau1, tau2, tau3"
3_KPCWT0430glu10min_740nm_3024mW_u1_poc0p2_20x0p75NA_457s50_g70_z1_256pix_basicFLIM_120f_0009.sdt,20260501_KPC_fixed_dishes_on_SLIM::batch1\fitet-sz-c2-b5::3_KPCWT0430glu10min_740nm_3024mW_u1_poc0p2_20x0p75NA_457s50_g70_z1_256pix_basicFLIM_120f_0009,batch1\fitet-sz-c2-b5,3,"a1, a2, a3, chi2, photons, tau1, tau2, tau3"
3_KPCWT0430glu10min_740nm_3024mW_u1_poc0p2_20x0p75NA_457s50_g70_z1_256pix_basicFLIM_120f_0009.sdt,20260501_KPC_fixed_dishes_on_SLIM::batch1\fitet-sz-c3-b5::3_KPCWT0430glu10min_740nm_3024mW_u1_poc0p2_20x0p75NA_457s50_g70_z1_256pix_basicFLIM_120f_0009,batch1\fitet-sz-c3-b5,3,"a1, a2, a3, chi2, photons, tau1, tau2, tau3"
3_KPCWT0430glu10min_740nm_3024mW_u1_poc0p2_20x0p75NA_457s50_g70_z1_256pix_basicFLIM_120f_0009.sdt,20260501_KPC_fixed_dishes_on_SLIM::batch1\fitet-sz-c3-b7::3_KPCWT0430glu10min_740nm_3024mW_u1_poc0p2_20x0p75NA_457s50_g70_z1_256pix_basicFLIM_120f_0009,batch1\fitet-sz-c3-b7,3,"a1, a2, a3, chi2, photons, tau1, tau2, tau3"
3_KPCWT0430glu10min_740nm_3024mW_u1_poc0p2_20x0p75NA_535s50_g70_z1_256pix_basicFLIM_120f_0000.sdt,20260501_KPC_fixed_dishes_on_SLIM::batch1\fitet-sf-2component-b5::3_KPCWT0430glu10min_740nm_3024mW_u1_poc0p2_20x0p75NA_535s50_g70_z1_256pix_basicFLIM_120f_0000,batch1\fitet-sf-2component-b5,2,"a1, a2, chi2, photons, tau1, tau2"
3_KPCWT0430glu10min_740nm_3024mW_u1_poc0p2_20x0p75NA_535s50_g70_z1_256pix_basicFLIM_120f_0000.sdt,20260501_KPC_fixed_dishes_on_SLIM::batch1\fitet-sf-3component-b5::3_KPCWT0430glu10min_740nm_3024mW_u1_poc0p2_20x0p75NA_535s50_g70_z1_256pix_basicFLIM_120f_0000,batch1\fitet-sf-3component-b5,3,"a1, a2, a3, chi2, photons, tau1, tau2, tau3"
3_KPCWT0430glu10min_740nm_3024mW_u1_poc0p2_20x0p75NA_535s50_g70_z1_256pix_basicFLIM_120f_0000.sdt,20260501_KPC_fixed_dishes_on_SLIM::batch1\fitet-sf-c2-b5::3_KPCWT0430glu10min_740nm_3024mW_u1_poc0p2_20x0p75NA_535s50_g70_z1_256pix_basicFLIM_120f_0000,batch1\fitet-sf-c2-b5,2,"a1, a2, chi2, photons, tau1, tau2"
3_KPCWT0430glu10min_740nm_3024mW_u1_poc0p2_20x0p75NA_535s50_g70_z1_256pix_basicFLIM_120f_0000.sdt,20260501_KPC_fixed_dishes_on_SLIM::batch1\fitet-sf-c2-b7::3_KPCWT0430glu10min_740nm_3024mW_u1_poc0p2_20x0p75NA_535s50_g70_z1_256pix_basicFLIM_120f_0000,batch1\fitet-sf-c2-b7,3,"a1, a2, a3, chi2, photons, tau1, tau2, tau3"
3_KPCWT0430glu10min_740nm_3024mW_u1_poc0p2_20x0p75NA_535s50_g70_z1_256pix_basicFLIM_120f_0000.sdt,20260501_KPC_fixed_dishes_on_SLIM::batch1\fitet-sf-c3-b5::3_KPCWT0430glu10min_740nm_3024mW_u1_poc0p2_20x0p75NA_535s50_g70_z1_256pix_basicFLIM_120f_0000,batch1\fitet-sf-c3-b5,3,"a1, a2, a3, chi2, photons, tau1, tau2, tau3"
3_KPCWT0430glu10min_740nm_3024mW_u1_poc0p2_20x0p75NA_535s50_g70_z1_256pix_basicFLIM_120f_0000.sdt,20260501_KPC_fixed_dishes_on_SLIM::batch1\fitet-sz-1component-b5::3_KPCWT0430glu10min_740nm_3024mW_u1_poc0p2_20x0p75NA_535s50_g70_z1_256pix_basicFLIM_120f_0000,batch1\fitet-sz-1component-b5,3,"a1, a2, a3, chi2, photons, tau1, tau2, tau3"
3_KPCWT0430glu10min_740nm_3024mW_u1_poc0p2_20x0p75NA_535s50_g70_z1_256pix_basicFLIM_120f_0000.sdt,20260501_KPC_fixed_dishes_on_SLIM::batch1\fitet-sz-2component-b5::3_KPCWT0430glu10min_740nm_3024mW_u1_poc0p2_20x0p75NA_535s50_g70_z1_256pix_basicFLIM_120f_0000,batch1\fitet-sz-2component-b5,3,"a1, a2, a3, chi2, photons, tau1, tau2, tau3"
3_KPCWT0430glu10min_740nm_3024mW_u1_poc0p2_20x0p75NA_535s50_g70_z1_256pix_basicFLIM_120f_0000.sdt,20260501_KPC_fixed_dishes_on_SLIM::batch1\fitet-sz-3component-b5::3_KPCWT0430glu10min_740nm_3024mW_u1_poc0p2_20x0p75NA_535s50_g70_z1_256pix_basicFLIM_120f_0000,batch1\fitet-sz-3component-b5,3,"a1, a2, a3, chi2, photons, tau1, tau2, tau3"
3_KPCWT0430glu10min_740nm_3024mW_u1_poc0p2_20x0p75NA_535s50_g70_z1_256pix_basicFLIM_120f_0000.sdt,20260501_KPC_fixed_dishes_on_SLIM::batch1\fitet-sz-c1-b5::3_KPCWT0430glu10min_740nm_3024mW_u1_poc0p2_20x0p75NA_535s50_g70_z1_256pix_basicFLIM_120f_0000,batch1\fitet-sz-c1-b5,3,"a1, a2, a3, chi2, photons, tau1, tau2, tau3"
3_KPCWT0430glu10min_740nm_3024mW_u1_poc0p2_20x0p75NA_535s50_g70_z1_256pix_basicFLIM_120f_0000.sdt,20260501_KPC_fixed_dishes_on_SLIM::batch1\fitet-sz-c2-b5::3_KPCWT0430glu10min_740nm_3024mW_u1_poc0p2_20x0p75NA_535s50_g70_z1_256pix_basicFLIM_120f_0000,batch1\fitet-sz-c2-b5,3,"a1, a2, a3, chi2, photons, tau1, tau2, tau3"
3_KPCWT0430glu10min_740nm_3024mW_u1_poc0p2_20x0p75NA_535s50_g70_z1_256pix_basicFLIM_120f_0000.sdt,20260501_KPC_fixed_dishes_on_SLIM::batch1\fitet-sz-c3-b5::3_KPCWT0430glu10min_740nm_3024mW_u1_poc0p2_20x0p75NA_535s50_g70_z1_256pix_basicFLIM_120f_0000,batch1\fitet-sz-c3-b5,3,"a1, a2, a3, chi2, photons, tau1, tau2, tau3"
3_KPCWT0430glu10min_740nm_3024mW_u1_poc0p2_20x0p75NA_535s50_g70_z1_256pix_basicFLIM_120f_0000.sdt,20260501_KPC_fixed_dishes_on_SLIM::batch1\fitet-sz-c3-b7::3_KPCWT0430glu10min_740nm_3024mW_u1_poc0p2_20x0p75NA_535s50_g70_z1_256pix_basicFLIM_120f_0000,batch1\fitet-sz-c3-b7,3,"a1, a2, a3, chi2, photons, tau1, tau2, tau3"
3_KPCWT0430glu10min_740nm_3024mW_u1_poc0p2_20x0p75NA_535s50_g70_z1_256pix_basicFLIM_120f_0001.sdt,20260501_KPC_fixed_dishes_on_SLIM::batch1\fitet-sf-2component-b5::3_KPCWT0430glu10min_740nm_3024mW_u1_poc0p2_20x0p75NA_535s50_g70_z1_256pix_basicFLIM_120f_0001,batch1\fitet-sf-2component-b5,2,"a1, a2, chi2, photons, tau1, tau2"
3_KPCWT0430glu10min_740nm_3024mW_u1_poc0p2_20x0p75NA_535s50_g70_z1_256pix_basicFLIM_120f_0001.sdt,20260501_KPC_fixed_dishes_on_SLIM::batch1\fitet-sf-3component-b5::3_KPCWT0430glu10min_740nm_3024mW_u1_poc0p2_20x0p75NA_535s50_g70_z1_256pix_basicFLIM_120f_0001,batch1\fitet-sf-3component-b5,3,"a1, a2, a3, chi2, photons, tau1, tau2, tau3"
3_KPCWT0430glu10min_740nm_3024mW_u1_poc0p2_20x0p75NA_535s50_g70_z1_256pix_basicFLIM_120f_0001.sdt,20260501_KPC_fixed_dishes_on_SLIM::batch1\fitet-sf-c2-b5::3_KPCWT0430glu10min_740nm_3024mW_u1_poc0p2_20x0p75NA_535s50_g70_z1_256pix_basicFLIM_120f_0001,batch1\fitet-sf-c2-b5,2,"a1, a2, chi2, photons, tau1, tau2"
3_KPCWT0430glu10min_740nm_3024mW_u1_poc0p2_20x0p75NA_535s50_g70_z1_256pix_basicFLIM_120f_0001.sdt,20260501_KPC_fixed_dishes_on_SLIM::batch1\fitet-sf-c2-b7::3_KPCWT0430glu10min_740nm_3024mW_u1_poc0p2_20x0p75NA_535s50_g70_z1_256pix_basicFLIM_120f_0001,batch1\fitet-sf-c2-b7,3,"a1, a2, a3, chi2, photons, tau1, tau2, tau3"
3_KPCWT0430glu10min_740nm_3024mW_u1_poc0p2_20x0p75NA_535s50_g70_z1_256pix_basicFLIM_120f_0001.sdt,20260501_KPC_fixed_dishes_on_SLIM::batch1\fitet-sf-c3-b5::3_KPCWT0430glu10min_740nm_3024mW_u1_poc0p2_20x0p75NA_535s50_g70_z1_256pix_basicFLIM_120f_0001,batch1\fitet-sf-c3-b5,3,"a1, a2, a3, chi2, photons, tau1, tau2, tau3"
3_KPCWT0430glu10min_740nm_3024mW_u1_poc0p2_20x0p75NA_535s50_g70_z1_256pix_basicFLIM_120f_0001.sdt,20260501_KPC_fixed_dishes_on_SLIM::batch1\fitet-sz-1component-b5::3_KPCWT0430glu10min_740nm_3024mW_u1_poc0p2_20x0p75NA_535s50_g70_z1_256pix_basicFLIM_120f_0001,batch1\fitet-sz-1component-b5,3,"a1, a2, a3, chi2, photons, tau1, tau2, tau3"
3_KPCWT0430glu10min_740nm_3024mW_u1_poc0p2_20x0p75NA_535s50_g70_z1_256pix_basicFLIM_120f_0001.sdt,20260501_KPC_fixed_dishes_on_SLIM::batch1\fitet-sz-2component-b5::3_KPCWT0430glu10min_740nm_3024mW_u1_poc0p2_20x0p75NA_535s50_g70_z1_256pix_basicFLIM_120f_0001,batch1\fitet-sz-2component-b5,3,"a1, a2, a3, chi2, photons, tau1, tau2, tau3"
3_KPCWT0430glu10min_740nm_3024mW_u1_poc0p2_20x0p75NA_535s50_g70_z1_256pix_basicFLIM_120f_0001.sdt,20260501_KPC_fixed_dishes_on_SLIM::batch1\fitet-sz-3component-b5::3_KPCWT0430glu10min_740nm_3024mW_u1_poc0p2_20x0p75NA_535s50_g70_z1_256pix_basicFLIM_120f_0001,batch1\fitet-sz-3component-b5,3,"a1, a2, a3, chi2, photons, tau1, tau2, tau3"
3_KPCWT0430glu10min_740nm_3024mW_u1_poc0p2_20x0p75NA_535s50_g70_z1_256pix_basicFLIM_120f_0001.sdt,20260501_KPC_fixed_dishes_on_SLIM::batch1\fitet-sz-c1-b5::3_KPCWT0430glu10min_740nm_3024mW_u1_poc0p2_20x0p75NA_535s50_g70_z1_256pix_basicFLIM_120f_0001,batch1\fitet-sz-c1-b5,3,"a1, a2, a3, chi2, photons, tau1, tau2, tau3"
3_KPCWT0430glu10min_740nm_3024mW_u1_poc0p2_20x0p75NA_535s50_g70_z1_256pix_basicFLIM_120f_0001.sdt,20260501_KPC_fixed_dishes_on_SLIM::batch1\fitet-sz-c2-b5::3_KPCWT0430glu10min_740nm_3024mW_u1_poc0p2_20x0p75NA_535s50_g70_z1_256pix_basicFLIM_120f_0001,batch1\fitet-sz-c2-b5,3,"a1, a2, a3, chi2, photons, tau1, tau2, tau3"
3_KPCWT0430glu10min_740nm_3024mW_u1_poc0p2_20x0p75NA_535s50_g70_z1_256pix_basicFLIM_120f_0001.sdt,20260501_KPC_fixed_dishes_on_SLIM::batch1\fitet-sz-c3-b5::3_KPCWT0430glu10min_740nm_3024mW_u1_poc0p2_20x0p75NA_535s50_g70_z1_256pix_basicFLIM_120f_0001,batch1\fitet-sz-c3-b5,3,"a1, a2, a3, chi2, photons, tau1, tau2, tau3"
3_KPCWT0430glu10min_740nm_3024mW_u1_poc0p2_20x0p75NA_535s50_g70_z1_256pix_basicFLIM_120f_0001.sdt,20260501_KPC_fixed_dishes_on_SLIM::batch1\fitet-sz-c3-b7::3_KPCWT0430glu10min_740nm_3024mW_u1_poc0p2_20x0p75NA_535s50_g70_z1_256pix_basicFLIM_120f_0001,batch1\fitet-sz-c3-b7,3,"a1, a2, a3, chi2, photons, tau1, tau2, tau3"
3_KPCWT0430glu10min_740nm_3024mW_u1_poc0p2_20x0p75NA_535s50_g70_z1_256pix_basicFLIM_120f_0002.sdt,20260501_KPC_fixed_dishes_on_SLIM::batch1\fitet-sf-2component-b5::3_KPCWT0430glu10min_740nm_3024mW_u1_poc0p2_20x0p75NA_535s50_g70_z1_256pix_basicFLIM_120f_0002,batch1\fitet-sf-2component-b5,2,"a1, a2, chi2, photons, tau1, tau2"
3_KPCWT0430glu10min_740nm_3024mW_u1_poc0p2_20x0p75NA_535s50_g70_z1_256pix_basicFLIM_120f_0002.sdt,20260501_KPC_fixed_dishes_on_SLIM::batch1\fitet-sf-3component-b5::3_KPCWT0430glu10min_740nm_3024mW_u1_poc0p2_20x0p75NA_535s50_g70_z1_256pix_basicFLIM_120f_0002,batch1\fitet-sf-3component-b5,3,"a1, a2, a3, chi2, photons, tau1, tau2, tau3"
3_KPCWT0430glu10min_740nm_3024mW_u1_poc0p2_20x0p75NA_535s50_g70_z1_256pix_basicFLIM_120f_0002.sdt,20260501_KPC_fixed_dishes_on_SLIM::batch1\fitet-sf-c2-b5::3_KPCWT0430glu10min_740nm_3024mW_u1_poc0p2_20x0p75NA_535s50_g70_z1_256pix_basicFLIM_120f_0002,batch1\fitet-sf-c2-b5,2,"a1, a2, chi2, photons, tau1, tau2"
3_KPCWT0430glu10min_740nm_3024mW_u1_poc0p2_20x0p75NA_535s50_g70_z1_256pix_basicFLIM_120f_0002.sdt,20260501_KPC_fixed_dishes_on_SLIM::batch1\fitet-sf-c2-b7::3_KPCWT0430glu10min_740nm_3024mW_u1_poc0p2_20x0p75NA_535s50_g70_z1_256pix_basicFLIM_120f_0002,batch1\fitet-sf-c2-b7,3,"a1, a2, a3, chi2, photons, tau1, tau2, tau3"
3_KPCWT0430glu10min_740nm_3024mW_u1_poc0p2_20x0p75NA_535s50_g70_z1_256pix_basicFLIM_120f_0002.sdt,20260501_KPC_fixed_dishes_on_SLIM::batch1\fitet-sf-c3-b5::3_KPCWT0430glu10min_740nm_3024mW_u1_poc0p2_20x0p75NA_535s50_g70_z1_256pix_basicFLIM_120f_0002,batch1\fitet-sf-c3-b5,3,"a1, a2, a3, chi2, photons, tau1, tau2, tau3"
3_KPCWT0430glu10min_740nm_3024mW_u1_poc0p2_20x0p75NA_535s50_g70_z1_256pix_basicFLIM_120f_0002.sdt,20260501_KPC_fixed_dishes_on_SLIM::batch1\fitet-sz-1component-b5::3_KPCWT0430glu10min_740nm_3024mW_u1_poc0p2_20x0p75NA_535s50_g70_z1_256pix_basicFLIM_120f_0002,batch1\fitet-sz-1component-b5,3,"a1, a2, a3, chi2, photons, tau1, tau2, tau3"
3_KPCWT0430glu10min_740nm_3024mW_u1_poc0p2_20x0p75NA_535s50_g70_z1_256pix_basicFLIM_120f_0002.sdt,20260501_KPC_fixed_dishes_on_SLIM::batch1\fitet-sz-2component-b5::3_KPCWT0430glu10min_740nm_3024mW_u1_poc0p2_20x0p75NA_535s50_g70_z1_256pix_basicFLIM_120f_0002,batch1\fitet-sz-2component-b5,3,"a1, a2, a3, chi2, photons, tau1, tau2, tau3"
3_KPCWT0430glu10min_740nm_3024mW_u1_poc0p2_20x0p75NA_535s50_g70_z1_256pix_basicFLIM_120f_0002.sdt,20260501_KPC_fixed_dishes_on_SLIM::batch1\fitet-sz-3component-b5::3_KPCWT0430glu10min_740nm_3024mW_u1_poc0p2_20x0p75NA_535s50_g70_z1_256pix_basicFLIM_120f_0002,batch1\fitet-sz-3component-b5,3,"a1, a2, a3, chi2, photons, tau1, tau2, tau3"
3_KPCWT0430glu10min_740nm_3024mW_u1_poc0p2_20x0p75NA_535s50_g70_z1_256pix_basicFLIM_120f_0002.sdt,20260501_KPC_fixed_dishes_on_SLIM::batch1\fitet-sz-c1-b5::3_KPCWT0430glu10min_740nm_3024mW_u1_poc0p2_20x0p75NA_535s50_g70_z1_256pix_basicFLIM_120f_0002,batch1\fitet-sz-c1-b5,3,"a1, a2, a3, chi2, photons, tau1, tau2, tau3"
3_KPCWT0430glu10min_740nm_3024mW_u1_poc0p2_20x0p75NA_535s50_g70_z1_256pix_basicFLIM_120f_0002.sdt,20260501_KPC_fixed_dishes_on_SLIM::batch1\fitet-sz-c2-b5::3_KPCWT0430glu10min_740nm_3024mW_u1_poc0p2_20x0p75NA_535s50_g70_z1_256pix_basicFLIM_120f_0002,batch1\fitet-sz-c2-b5,3,"a1, a2, a3, chi2, photons, tau1, tau2, tau3"
3_KPCWT0430glu10min_740nm_3024mW_u1_poc0p2_20x0p75NA_535s50_g70_z1_256pix_basicFLIM_120f_0002.sdt,20260501_KPC_fixed_dishes_on_SLIM::batch1\fitet-sz-c3-b5::3_KPCWT0430glu10min_740nm_3024mW_u1_poc0p2_20x0p75NA_535s50_g70_z1_256pix_basicFLIM_120f_0002,batch1\fitet-sz-c3-b5,3,"a1, a2, a3, chi2, photons, tau1, tau2, tau3"
3_KPCWT0430glu10min_740nm_3024mW_u1_poc0p2_20x0p75NA_535s50_g70_z1_256pix_basicFLIM_120f_0002.sdt,20260501_KPC_fixed_dishes_on_SLIM::batch1\fitet-sz-c3-b7::3_KPCWT0430glu10min_740nm_3024mW_u1_poc0p2_20x0p75NA_535s50_g70_z1_256pix_basicFLIM_120f_0002,batch1\fitet-sz-c3-b7,3,"a1, a2, a3, chi2, photons, tau1, tau2, tau3"
3_KPCWT0430glu10min_740nm_3024mW_u1_poc0p2_20x0p75NA_535s50_g70_z1_256pix_basicFLIM_120f_0003.sdt,20260501_KPC_fixed_dishes_on_SLIM::batch1\fitet-sf-2component-b5::3_KPCWT0430glu10min_740nm_3024mW_u1_poc0p2_20x0p75NA_535s50_g70_z1_256pix_basicFLIM_120f_0003,batch1\fitet-sf-2component-b5,2,"a1, a2, chi2, photons, tau1, tau2"
3_KPCWT0430glu10min_740nm_3024mW_u1_poc0p2_20x0p75NA_535s50_g70_z1_256pix_basicFLIM_120f_0003.sdt,20260501_KPC_fixed_dishes_on_SLIM::batch1\fitet-sf-3component-b5::3_KPCWT0430glu10min_740nm_3024mW_u1_poc0p2_20x0p75NA_535s50_g70_z1_256pix_basicFLIM_120f_0003,batch1\fitet-sf-3component-b5,3,"a1, a2, a3, chi2, photons, tau1, tau2, tau3"
3_KPCWT0430glu10min_740nm_3024mW_u1_poc0p2_20x0p75NA_535s50_g70_z1_256pix_basicFLIM_120f_0003.sdt,20260501_KPC_fixed_dishes_on_SLIM::batch1\fitet-sf-c2-b5::3_KPCWT0430glu10min_740nm_3024mW_u1_poc0p2_20x0p75NA_535s50_g70_z1_256pix_basicFLIM_120f_0003,batch1\fitet-sf-c2-b5,2,"a1, a2, chi2, photons, tau1, tau2"
3_KPCWT0430glu10min_740nm_3024mW_u1_poc0p2_20x0p75NA_535s50_g70_z1_256pix_basicFLIM_120f_0003.sdt,20260501_KPC_fixed_dishes_on_SLIM::batch1\fitet-sf-c2-b7::3_KPCWT0430glu10min_740nm_3024mW_u1_poc0p2_20x0p75NA_535s50_g70_z1_256pix_basicFLIM_120f_0003,batch1\fitet-sf-c2-b7,3,"a1, a2, a3, chi2, photons, tau1, tau2, tau3"
3_KPCWT0430glu10min_740nm_3024mW_u1_poc0p2_20x0p75NA_535s50_g70_z1_256pix_basicFLIM_120f_0003.sdt,20260501_KPC_fixed_dishes_on_SLIM::batch1\fitet-sf-c3-b5::3_KPCWT0430glu10min_740nm_3024mW_u1_poc0p2_20x0p75NA_535s50_g70_z1_256pix_basicFLIM_120f_0003,batch1\fitet-sf-c3-b5,3,"a1, a2, a3, chi2, photons, tau1, tau2, tau3"
3_KPCWT0430glu10min_740nm_3024mW_u1_poc0p2_20x0p75NA_535s50_g70_z1_256pix_basicFLIM_120f_0003.sdt,20260501_KPC_fixed_dishes_on_SLIM::batch1\fitet-sz-1component-b5::3_KPCWT0430glu10min_740nm_3024mW_u1_poc0p2_20x0p75NA_535s50_g70_z1_256pix_basicFLIM_120f_0003,batch1\fitet-sz-1component-b5,3,"a1, a2, a3, chi2, photons, tau1, tau2, tau3"
3_KPCWT0430glu10min_740nm_3024mW_u1_poc0p2_20x0p75NA_535s50_g70_z1_256pix_basicFLIM_120f_0003.sdt,20260501_KPC_fixed_dishes_on_SLIM::batch1\fitet-sz-2component-b5::3_KPCWT0430glu10min_740nm_3024mW_u1_poc0p2_20x0p75NA_535s50_g70_z1_256pix_basicFLIM_120f_0003,batch1\fitet-sz-2component-b5,3,"a1, a2, a3, chi2, photons, tau1, tau2, tau3"
3_KPCWT0430glu10min_740nm_3024mW_u1_poc0p2_20x0p75NA_535s50_g70_z1_256pix_basicFLIM_120f_0003.sdt,20260501_KPC_fixed_dishes_on_SLIM::batch1\fitet-sz-3component-b5::3_KPCWT0430glu10min_740nm_3024mW_u1_poc0p2_20x0p75NA_535s50_g70_z1_256pix_basicFLIM_120f_0003,batch1\fitet-sz-3component-b5,3,"a1, a2, a3, chi2, photons, tau1, tau2, tau3"
3_KPCWT0430glu10min_740nm_3024mW_u1_poc0p2_20x0p75NA_535s50_g70_z1_256pix_basicFLIM_120f_0003.sdt,20260501_KPC_fixed_dishes_on_SLIM::batch1\fitet-sz-c1-b5::3_KPCWT0430glu10min_740nm_3024mW_u1_poc0p2_20x0p75NA_535s50_g70_z1_256pix_basicFLIM_120f_0003,batch1\fitet-sz-c1-b5,3,"a1, a2, a3, chi2, photons, tau1, tau2, tau3"
3_KPCWT0430glu10min_740nm_3024mW_u1_poc0p2_20x0p75NA_535s50_g70_z1_256pix_basicFLIM_120f_0003.sdt,20260501_KPC_fixed_dishes_on_SLIM::batch1\fitet-sz-c2-b5::3_KPCWT0430glu10min_740nm_3024mW_u1_poc0p2_20x0p75NA_535s50_g70_z1_256pix_basicFLIM_120f_0003,batch1\fitet-sz-c2-b5,3,"a1, a2, a3, chi2, photons, tau1, tau2, tau3"
3_KPCWT0430glu10min_740nm_3024mW_u1_poc0p2_20x0p75NA_535s50_g70_z1_256pix_basicFLIM_120f_0003.sdt,20260501_KPC_fixed_dishes_on_SLIM::batch1\fitet-sz-c3-b5::3_KPCWT0430glu10min_740nm_3024mW_u1_poc0p2_20x0p75NA_535s50_g70_z1_256pix_basicFLIM_120f_0003,batch1\fitet-sz-c3-b5,3,"a1, a2, a3, chi2, photons, tau1, tau2, tau3"
3_KPCWT0430glu10min_740nm_3024mW_u1_poc0p2_20x0p75NA_535s50_g70_z1_256pix_basicFLIM_120f_0003.sdt,20260501_KPC_fixed_dishes_on_SLIM::batch1\fitet-sz-c3-b7::3_KPCWT0430glu10min_740nm_3024mW_u1_poc0p2_20x0p75NA_535s50_g70_z1_256pix_basicFLIM_120f_0003,batch1\fitet-sz-c3-b7,3,"a1, a2, a3, chi2, photons, tau1, tau2, tau3"
3_KPCWT0430glu10min_740nm_3024mW_u1_poc0p2_20x0p75NA_535s50_g70_z1_256pix_basicFLIM_120f_0004.sdt,20260501_KPC_fixed_dishes_on_SLIM::batch1\fitet-sf-2component-b5::3_KPCWT0430glu10min_740nm_3024mW_u1_poc0p2_20x0p75NA_535s50_g70_z1_256pix_basicFLIM_120f_0004,batch1\fitet-sf-2component-b5,2,"a1, a2, chi2, photons, tau1, tau2"
3_KPCWT0430glu10min_740nm_3024mW_u1_poc0p2_20x0p75NA_535s50_g70_z1_256pix_basicFLIM_120f_0004.sdt,20260501_KPC_fixed_dishes_on_SLIM::batch1\fitet-sf-3component-b5::3_KPCWT0430glu10min_740nm_3024mW_u1_poc0p2_20x0p75NA_535s50_g70_z1_256pix_basicFLIM_120f_0004,batch1\fitet-sf-3component-b5,3,"a1, a2, a3, chi2, photons, tau1, tau2, tau3"
3_KPCWT0430glu10min_740nm_3024mW_u1_poc0p2_20x0p75NA_535s50_g70_z1_256pix_basicFLIM_120f_0004.sdt,20260501_KPC_fixed_dishes_on_SLIM::batch1\fitet-sf-c2-b5::3_KPCWT0430glu10min_740nm_3024mW_u1_poc0p2_20x0p75NA_535s50_g70_z1_256pix_basicFLIM_120f_0004,batch1\fitet-sf-c2-b5,2,"a1, a2, chi2, photons, tau1, tau2"
3_KPCWT0430glu10min_740nm_3024mW_u1_poc0p2_20x0p75NA_535s50_g70_z1_256pix_basicFLIM_120f_0004.sdt,20260501_KPC_fixed_dishes_on_SLIM::batch1\fitet-sf-c2-b7::3_KPCWT0430glu10min_740nm_3024mW_u1_poc0p2_20x0p75NA_535s50_g70_z1_256pix_basicFLIM_120f_0004,batch1\fitet-sf-c2-b7,3,"a1, a2, a3, chi2, photons, tau1, tau2, tau3"
3_KPCWT0430glu10min_740nm_3024mW_u1_poc0p2_20x0p75NA_535s50_g70_z1_256pix_basicFLIM_120f_0004.sdt,20260501_KPC_fixed_dishes_on_SLIM::batch1\fitet-sf-c3-b5::3_KPCWT0430glu10min_740nm_3024mW_u1_poc0p2_20x0p75NA_535s50_g70_z1_256pix_basicFLIM_120f_0004,batch1\fitet-sf-c3-b5,3,"a1, a2, a3, chi2, photons, tau1, tau2, tau3"
3_KPCWT0430glu10min_740nm_3024mW_u1_poc0p2_20x0p75NA_535s50_g70_z1_256pix_basicFLIM_120f_0004.sdt,20260501_KPC_fixed_dishes_on_SLIM::batch1\fitet-sz-1component-b5::3_KPCWT0430glu10min_740nm_3024mW_u1_poc0p2_20x0p75NA_535s50_g70_z1_256pix_basicFLIM_120f_0004,batch1\fitet-sz-1component-b5,3,"a1, a2, a3, chi2, photons, tau1, tau2, tau3"
3_KPCWT0430glu10min_740nm_3024mW_u1_poc0p2_20x0p75NA_535s50_g70_z1_256pix_basicFLIM_120f_0004.sdt,20260501_KPC_fixed_dishes_on_SLIM::batch1\fitet-sz-2component-b5::3_KPCWT0430glu10min_740nm_3024mW_u1_poc0p2_20x0p75NA_535s50_g70_z1_256pix_basicFLIM_120f_0004,batch1\fitet-sz-2component-b5,3,"a1, a2, a3, chi2, photons, tau1, tau2, tau3"
3_KPCWT0430glu10min_740nm_3024mW_u1_poc0p2_20x0p75NA_535s50_g70_z1_256pix_basicFLIM_120f_0004.sdt,20260501_KPC_fixed_dishes_on_SLIM::batch1\fitet-sz-3component-b5::3_KPCWT0430glu10min_740nm_3024mW_u1_poc0p2_20x0p75NA_535s50_g70_z1_256pix_basicFLIM_120f_0004,batch1\fitet-sz-3component-b5,3,"a1, a2, a3, chi2, photons, tau1, tau2, tau3"
3_KPCWT0430glu10min_740nm_3024mW_u1_poc0p2_20x0p75NA_535s50_g70_z1_256pix_basicFLIM_120f_0004.sdt,20260501_KPC_fixed_dishes_on_SLIM::batch1\fitet-sz-c1-b5::3_KPCWT0430glu10min_740nm_3024mW_u1_poc0p2_20x0p75NA_535s50_g70_z1_256pix_basicFLIM_120f_0004,batch1\fitet-sz-c1-b5,3,"a1, a2, a3, chi2, photons, tau1, tau2, tau3"
3_KPCWT0430glu10min_740nm_3024mW_u1_poc0p2_20x0p75NA_535s50_g70_z1_256pix_basicFLIM_120f_0004.sdt,20260501_KPC_fixed_dishes_on_SLIM::batch1\fitet-sz-c2-b5::3_KPCWT0430glu10min_740nm_3024mW_u1_poc0p2_20x0p75NA_535s50_g70_z1_256pix_basicFLIM_120f_0004,batch1\fitet-sz-c2-b5,3,"a1, a2, a3, chi2, photons, tau1, tau2, tau3"
3_KPCWT0430glu10min_740nm_3024mW_u1_poc0p2_20x0p75NA_535s50_g70_z1_256pix_basicFLIM_120f_0004.sdt,20260501_KPC_fixed_dishes_on_SLIM::batch1\fitet-sz-c3-b5::3_KPCWT0430glu10min_740nm_3024mW_u1_poc0p2_20x0p75NA_535s50_g70_z1_256pix_basicFLIM_120f_0004,batch1\fitet-sz-c3-b5,3,"a1, a2, a3, chi2, photons, tau1, tau2, tau3"
3_KPCWT0430glu10min_740nm_3024mW_u1_poc0p2_20x0p75NA_535s50_g70_z1_256pix_basicFLIM_120f_0004.sdt,20260501_KPC_fixed_dishes_on_SLIM::batch1\fitet-sz-c3-b7::3_KPCWT0430glu10min_740nm_3024mW_u1_poc0p2_20x0p75NA_535s50_g70_z1_256pix_basicFLIM_120f_0004,batch1\fitet-sz-c3-b7,3,"a1, a2, a3, chi2, photons, tau1, tau2, tau3"
3_KPCWT0430glu10min_740nm_3024mW_u1_poc0p2_20x0p75NA_535s50_g70_z1_256pix_basicFLIM_120f_0005.sdt,20260501_KPC_fixed_dishes_on_SLIM::batch1\fitet-sf-2component-b5::3_KPCWT0430glu10min_740nm_3024mW_u1_poc0p2_20x0p75NA_535s50_g70_z1_256pix_basicFLIM_120f_0005,batch1\fitet-sf-2component-b5,2,"a1, a2, chi2, photons, tau1, tau2"
3_KPCWT0430glu10min_740nm_3024mW_u1_poc0p2_20x0p75NA_535s50_g70_z1_256pix_basicFLIM_120f_0005.sdt,20260501_KPC_fixed_dishes_on_SLIM::batch1\fitet-sf-3component-b5::3_KPCWT0430glu10min_740nm_3024mW_u1_poc0p2_20x0p75NA_535s50_g70_z1_256pix_basicFLIM_120f_0005,batch1\fitet-sf-3component-b5,3,"a1, a2, a3, chi2, photons, tau1, tau2, tau3"
3_KPCWT0430glu10min_740nm_3024mW_u1_poc0p2_20x0p75NA_535s50_g70_z1_256pix_basicFLIM_120f_0005.sdt,20260501_KPC_fixed_dishes_on_SLIM::batch1\fitet-sf-c2-b5::3_KPCWT0430glu10min_740nm_3024mW_u1_poc0p2_20x0p75NA_535s50_g70_z1_256pix_basicFLIM_120f_0005,batch1\fitet-sf-c2-b5,2,"a1, a2, chi2, photons, tau1, tau2"
3_KPCWT0430glu10min_740nm_3024mW_u1_poc0p2_20x0p75NA_535s50_g70_z1_256pix_basicFLIM_120f_0005.sdt,20260501_KPC_fixed_dishes_on_SLIM::batch1\fitet-sf-c2-b7::3_KPCWT0430glu10min_740nm_3024mW_u1_poc0p2_20x0p75NA_535s50_g70_z1_256pix_basicFLIM_120f_0005,batch1\fitet-sf-c2-b7,3,"a1, a2, a3, chi2, photons, tau1, tau2, tau3"
3_KPCWT0430glu10min_740nm_3024mW_u1_poc0p2_20x0p75NA_535s50_g70_z1_256pix_basicFLIM_120f_0005.sdt,20260501_KPC_fixed_dishes_on_SLIM::batch1\fitet-sf-c3-b5::3_KPCWT0430glu10min_740nm_3024mW_u1_poc0p2_20x0p75NA_535s50_g70_z1_256pix_basicFLIM_120f_0005,batch1\fitet-sf-c3-b5,3,"a1, a2, a3, chi2, photons, tau1, tau2, tau3"
3_KPCWT0430glu10min_740nm_3024mW_u1_poc0p2_20x0p75NA_535s50_g70_z1_256pix_basicFLIM_120f_0005.sdt,20260501_KPC_fixed_dishes_on_SLIM::batch1\fitet-sz-1component-b5::3_KPCWT0430glu10min_740nm_3024mW_u1_poc0p2_20x0p75NA_535s50_g70_z1_256pix_basicFLIM_120f_0005,batch1\fitet-sz-1component-b5,3,"a1, a2, a3, chi2, photons, tau1, tau2, tau3"
3_KPCWT0430glu10min_740nm_3024mW_u1_poc0p2_20x0p75NA_535s50_g70_z1_256pix_basicFLIM_120f_0005.sdt,20260501_KPC_fixed_dishes_on_SLIM::batch1\fitet-sz-2component-b5::3_KPCWT0430glu10min_740nm_3024mW_u1_poc0p2_20x0p75NA_535s50_g70_z1_256pix_basicFLIM_120f_0005,batch1\fitet-sz-2component-b5,3,"a1, a2, a3, chi2, photons, tau1, tau2, tau3"
3_KPCWT0430glu10min_740nm_3024mW_u1_poc0p2_20x0p75NA_535s50_g70_z1_256pix_basicFLIM_120f_0005.sdt,20260501_KPC_fixed_dishes_on_SLIM::batch1\fitet-sz-3component-b5::3_KPCWT0430glu10min_740nm_3024mW_u1_poc0p2_20x0p75NA_535s50_g70_z1_256pix_basicFLIM_120f_0005,batch1\fitet-sz-3component-b5,3,"a1, a2, a3, chi2, photons, tau1, tau2, tau3"
3_KPCWT0430glu10min_740nm_3024mW_u1_poc0p2_20x0p75NA_535s50_g70_z1_256pix_basicFLIM_120f_0005.sdt,20260501_KPC_fixed_dishes_on_SLIM::batch1\fitet-sz-c1-b5::3_KPCWT0430glu10min_740nm_3024mW_u1_poc0p2_20x0p75NA_535s50_g70_z1_256pix_basicFLIM_120f_0005,batch1\fitet-sz-c1-b5,3,"a1, a2, a3, chi2, photons, tau1, tau2, tau3"
3_KPCWT0430glu10min_740nm_3024mW_u1_poc0p2_20x0p75NA_535s50_g70_z1_256pix_basicFLIM_120f_0005.sdt,20260501_KPC_fixed_dishes_on_SLIM::batch1\fitet-sz-c2-b5::3_KPCWT0430glu10min_740nm_3024mW_u1_poc0p2_20x0p75NA_535s50_g70_z1_256pix_basicFLIM_120f_0005,batch1\fitet-sz-c2-b5,3,"a1, a2, a3, chi2, photons, tau1, tau2, tau3"
3_KPCWT0430glu10min_740nm_3024mW_u1_poc0p2_20x0p75NA_535s50_g70_z1_256pix_basicFLIM_120f_0005.sdt,20260501_KPC_fixed_dishes_on_SLIM::batch1\fitet-sz-c3-b5::3_KPCWT0430glu10min_740nm_3024mW_u1_poc0p2_20x0p75NA_535s50_g70_z1_256pix_basicFLIM_120f_0005,batch1\fitet-sz-c3-b5,3,"a1, a2, a3, chi2, photons, tau1, tau2, tau3"
3_KPCWT0430glu10min_740nm_3024mW_u1_poc0p2_20x0p75NA_535s50_g70_z1_256pix_basicFLIM_120f_0005.sdt,20260501_KPC_fixed_dishes_on_SLIM::batch1\fitet-sz-c3-b7::3_KPCWT0430glu10min_740nm_3024mW_u1_poc0p2_20x0p75NA_535s50_g70_z1_256pix_basicFLIM_120f_0005,batch1\fitet-sz-c3-b7,3,"a1, a2, a3, chi2, photons, tau1, tau2, tau3"
3_KPCWT0430glu10min_740nm_3024mW_u1_poc0p2_20x0p75NA_535s50_g70_z1_256pix_basicFLIM_120f_0006.sdt,20260501_KPC_fixed_dishes_on_SLIM::batch1\fitet-sf-2component-b5::3_KPCWT0430glu10min_740nm_3024mW_u1_poc0p2_20x0p75NA_535s50_g70_z1_256pix_basicFLIM_120f_0006,batch1\fitet-sf-2component-b5,2,"a1, a2, chi2, photons, tau1, tau2"
3_KPCWT0430glu10min_740nm_3024mW_u1_poc0p2_20x0p75NA_535s50_g70_z1_256pix_basicFLIM_120f_0006.sdt,20260501_KPC_fixed_dishes_on_SLIM::batch1\fitet-sf-3component-b5::3_KPCWT0430glu10min_740nm_3024mW_u1_poc0p2_20x0p75NA_535s50_g70_z1_256pix_basicFLIM_120f_0006,batch1\fitet-sf-3component-b5,3,"a1, a2, a3, chi2, photons, tau1, tau2, tau3"
3_KPCWT0430glu10min_740nm_3024mW_u1_poc0p2_20x0p75NA_535s50_g70_z1_256pix_basicFLIM_120f_0006.sdt,20260501_KPC_fixed_dishes_on_SLIM::batch1\fitet-sf-c2-b5::3_KPCWT0430glu10min_740nm_3024mW_u1_poc0p2_20x0p75NA_535s50_g70_z1_256pix_basicFLIM_120f_0006,batch1\fitet-sf-c2-b5,2,"a1, a2, chi2, photons, tau1, tau2"
3_KPCWT0430glu10min_740nm_3024mW_u1_poc0p2_20x0p75NA_535s50_g70_z1_256pix_basicFLIM_120f_0006.sdt,20260501_KPC_fixed_dishes_on_SLIM::batch1\fitet-sf-c2-b7::3_KPCWT0430glu10min_740nm_3024mW_u1_poc0p2_20x0p75NA_535s50_g70_z1_256pix_basicFLIM_120f_0006,batch1\fitet-sf-c2-b7,3,"a1, a2, a3, chi2, photons, tau1, tau2, tau3"
3_KPCWT0430glu10min_740nm_3024mW_u1_poc0p2_20x0p75NA_535s50_g70_z1_256pix_basicFLIM_120f_0006.sdt,20260501_KPC_fixed_dishes_on_SLIM::batch1\fitet-sf-c3-b5::3_KPCWT0430glu10min_740nm_3024mW_u1_poc0p2_20x0p75NA_535s50_g70_z1_256pix_basicFLIM_120f_0006,batch1\fitet-sf-c3-b5,3,"a1, a2, a3, chi2, photons, tau1, tau2, tau3"
3_KPCWT0430glu10min_740nm_3024mW_u1_poc0p2_20x0p75NA_535s50_g70_z1_256pix_basicFLIM_120f_0006.sdt,20260501_KPC_fixed_dishes_on_SLIM::batch1\fitet-sz-1component-b5::3_KPCWT0430glu10min_740nm_3024mW_u1_poc0p2_20x0p75NA_535s50_g70_z1_256pix_basicFLIM_120f_0006,batch1\fitet-sz-1component-b5,3,"a1, a2, a3, chi2, photons, tau1, tau2, tau3"
3_KPCWT0430glu10min_740nm_3024mW_u1_poc0p2_20x0p75NA_535s50_g70_z1_256pix_basicFLIM_120f_0006.sdt,20260501_KPC_fixed_dishes_on_SLIM::batch1\fitet-sz-2component-b5::3_KPCWT0430glu10min_740nm_3024mW_u1_poc0p2_20x0p75NA_535s50_g70_z1_256pix_basicFLIM_120f_0006,batch1\fitet-sz-2component-b5,3,"a1, a2, a3, chi2, photons, tau1, tau2, tau3"
3_KPCWT0430glu10min_740nm_3024mW_u1_poc0p2_20x0p75NA_535s50_g70_z1_256pix_basicFLIM_120f_0006.sdt,20260501_KPC_fixed_dishes_on_SLIM::batch1\fitet-sz-3component-b5::3_KPCWT0430glu10min_740nm_3024mW_u1_poc0p2_20x0p75NA_535s50_g70_z1_256pix_basicFLIM_120f_0006,batch1\fitet-sz-3component-b5,3,"a1, a2, a3, chi2, photons, tau1, tau2, tau3"
3_KPCWT0430glu10min_740nm_3024mW_u1_poc0p2_20x0p75NA_535s50_g70_z1_256pix_basicFLIM_120f_0006.sdt,20260501_KPC_fixed_dishes_on_SLIM::batch1\fitet-sz-c1-b5::3_KPCWT0430glu10min_740nm_3024mW_u1_poc0p2_20x0p75NA_535s50_g70_z1_256pix_basicFLIM_120f_0006,batch1\fitet-sz-c1-b5,3,"a1, a2, a3, chi2, photons, tau1, tau2, tau3"
3_KPCWT0430glu10min_740nm_3024mW_u1_poc0p2_20x0p75NA_535s50_g70_z1_256pix_basicFLIM_120f_0006.sdt,20260501_KPC_fixed_dishes_on_SLIM::batch1\fitet-sz-c2-b5::3_KPCWT0430glu10min_740nm_3024mW_u1_poc0p2_20x0p75NA_535s50_g70_z1_256pix_basicFLIM_120f_0006,batch1\fitet-sz-c2-b5,3,"a1, a2, a3, chi2, photons, tau1, tau2, tau3"
3_KPCWT0430glu10min_740nm_3024mW_u1_poc0p2_20x0p75NA_535s50_g70_z1_256pix_basicFLIM_120f_0006.sdt,20260501_KPC_fixed_dishes_on_SLIM::batch1\fitet-sz-c3-b5::3_KPCWT0430glu10min_740nm_3024mW_u1_poc0p2_20x0p75NA_535s50_g70_z1_256pix_basicFLIM_120f_0006,batch1\fitet-sz-c3-b5,3,"a1, a2, a3, chi2, photons, tau1, tau2, tau3"
3_KPCWT0430glu10min_740nm_3024mW_u1_poc0p2_20x0p75NA_535s50_g70_z1_256pix_basicFLIM_120f_0006.sdt,20260501_KPC_fixed_dishes_on_SLIM::batch1\fitet-sz-c3-b7::3_KPCWT0430glu10min_740nm_3024mW_u1_poc0p2_20x0p75NA_535s50_g70_z1_256pix_basicFLIM_120f_0006,batch1\fitet-sz-c3-b7,3,"a1, a2, a3, chi2, photons, tau1, tau2, tau3"
3_KPCWT0430glu10min_740nm_3024mW_u1_poc0p2_20x0p75NA_535s50_g70_z1_256pix_basicFLIM_120f_0007.sdt,20260501_KPC_fixed_dishes_on_SLIM::batch1\fitet-sf-2component-b5::3_KPCWT0430glu10min_740nm_3024mW_u1_poc0p2_20x0p75NA_535s50_g70_z1_256pix_basicFLIM_120f_0007,batch1\fitet-sf-2component-b5,2,"a1, a2, chi2, photons, tau1, tau2"
3_KPCWT0430glu10min_740nm_3024mW_u1_poc0p2_20x0p75NA_535s50_g70_z1_256pix_basicFLIM_120f_0007.sdt,20260501_KPC_fixed_dishes_on_SLIM::batch1\fitet-sf-3component-b5::3_KPCWT0430glu10min_740nm_3024mW_u1_poc0p2_20x0p75NA_535s50_g70_z1_256pix_basicFLIM_120f_0007,batch1\fitet-sf-3component-b5,3,"a1, a2, a3, chi2, photons, tau1, tau2, tau3"
3_KPCWT0430glu10min_740nm_3024mW_u1_poc0p2_20x0p75NA_535s50_g70_z1_256pix_basicFLIM_120f_0007.sdt,20260501_KPC_fixed_dishes_on_SLIM::batch1\fitet-sf-c2-b5::3_KPCWT0430glu10min_740nm_3024mW_u1_poc0p2_20x0p75NA_535s50_g70_z1_256pix_basicFLIM_120f_0007,batch1\fitet-sf-c2-b5,2,"a1, a2, chi2, photons, tau1, tau2"
3_KPCWT0430glu10min_740nm_3024mW_u1_poc0p2_20x0p75NA_535s50_g70_z1_256pix_basicFLIM_120f_0007.sdt,20260501_KPC_fixed_dishes_on_SLIM::batch1\fitet-sf-c2-b7::3_KPCWT0430glu10min_740nm_3024mW_u1_poc0p2_20x0p75NA_535s50_g70_z1_256pix_basicFLIM_120f_0007,batch1\fitet-sf-c2-b7,3,"a1, a2, a3, chi2, photons, tau1, tau2, tau3"
3_KPCWT0430glu10min_740nm_3024mW_u1_poc0p2_20x0p75NA_535s50_g70_z1_256pix_basicFLIM_120f_0007.sdt,20260501_KPC_fixed_dishes_on_SLIM::batch1\fitet-sf-c3-b5::3_KPCWT0430glu10min_740nm_3024mW_u1_poc0p2_20x0p75NA_535s50_g70_z1_256pix_basicFLIM_120f_0007,batch1\fitet-sf-c3-b5,3,"a1, a2, a3, chi2, photons, tau1, tau2, tau3"
3_KPCWT0430glu10min_740nm_3024mW_u1_poc0p2_20x0p75NA_535s50_g70_z1_256pix_basicFLIM_120f_0007.sdt,20260501_KPC_fixed_dishes_on_SLIM::batch1\fitet-sz-1component-b5::3_KPCWT0430glu10min_740nm_3024mW_u1_poc0p2_20x0p75NA_535s50_g70_z1_256pix_basicFLIM_120f_0007,batch1\fitet-sz-1component-b5,3,"a1, a2, a3, chi2, photons, tau1, tau2, tau3"
3_KPCWT0430glu10min_740nm_3024mW_u1_poc0p2_20x0p75NA_535s50_g70_z1_256pix_basicFLIM_120f_0007.sdt,20260501_KPC_fixed_dishes_on_SLIM::batch1\fitet-sz-2component-b5::3_KPCWT0430glu10min_740nm_3024mW_u1_poc0p2_20x0p75NA_535s50_g70_z1_256pix_basicFLIM_120f_0007,batch1\fitet-sz-2component-b5,3,"a1, a2, a3, chi2, photons, tau1, tau2, tau3"
3_KPCWT0430glu10min_740nm_3024mW_u1_poc0p2_20x0p75NA_535s50_g70_z1_256pix_basicFLIM_120f_0007.sdt,20260501_KPC_fixed_dishes_on_SLIM::batch1\fitet-sz-3component-b5::3_KPCWT0430glu10min_740nm_3024mW_u1_poc0p2_20x0p75NA_535s50_g70_z1_256pix_basicFLIM_120f_0007,batch1\fitet-sz-3component-b5,3,"a1, a2, a3, chi2, photons, tau1, tau2, tau3"
3_KPCWT0430glu10min_740nm_3024mW_u1_poc0p2_20x0p75NA_535s50_g70_z1_256pix_basicFLIM_120f_0007.sdt,20260501_KPC_fixed_dishes_on_SLIM::batch1\fitet-sz-c1-b5::3_KPCWT0430glu10min_740nm_3024mW_u1_poc0p2_20x0p75NA_535s50_g70_z1_256pix_basicFLIM_120f_0007,batch1\fitet-sz-c1-b5,3,"a1, a2, a3, chi2, photons, tau1, tau2, tau3"
3_KPCWT0430glu10min_740nm_3024mW_u1_poc0p2_20x0p75NA_535s50_g70_z1_256pix_basicFLIM_120f_0007.sdt,20260501_KPC_fixed_dishes_on_SLIM::batch1\fitet-sz-c2-b5::3_KPCWT0430glu10min_740nm_3024mW_u1_poc0p2_20x0p75NA_535s50_g70_z1_256pix_basicFLIM_120f_0007,batch1\fitet-sz-c2-b5,3,"a1, a2, a3, chi2, photons, tau1, tau2, tau3"
3_KPCWT0430glu10min_740nm_3024mW_u1_poc0p2_20x0p75NA_535s50_g70_z1_256pix_basicFLIM_120f_0007.sdt,20260501_KPC_fixed_dishes_on_SLIM::batch1\fitet-sz-c3-b5::3_KPCWT0430glu10min_740nm_3024mW_u1_poc0p2_20x0p75NA_535s50_g70_z1_256pix_basicFLIM_120f_0007,batch1\fitet-sz-c3-b5,3,"a1, a2, a3, chi2, photons, tau1, tau2, tau3"
3_KPCWT0430glu10min_740nm_3024mW_u1_poc0p2_20x0p75NA_535s50_g70_z1_256pix_basicFLIM_120f_0007.sdt,20260501_KPC_fixed_dishes_on_SLIM::batch1\fitet-sz-c3-b7::3_KPCWT0430glu10min_740nm_3024mW_u1_poc0p2_20x0p75NA_535s50_g70_z1_256pix_basicFLIM_120f_0007,batch1\fitet-sz-c3-b7,3,"a1, a2, a3, chi2, photons, tau1, tau2, tau3"
3_KPCWT0430glu10min_740nm_3024mW_u1_poc0p2_20x0p75NA_535s50_g70_z1_256pix_basicFLIM_120f_0008.sdt,20260501_KPC_fixed_dishes_on_SLIM::batch1\fitet-sf-2component-b5::3_KPCWT0430glu10min_740nm_3024mW_u1_poc0p2_20x0p75NA_535s50_g70_z1_256pix_basicFLIM_120f_0008,batch1\fitet-sf-2component-b5,2,"a1, a2, chi2, photons, tau1, tau2"
3_KPCWT0430glu10min_740nm_3024mW_u1_poc0p2_20x0p75NA_535s50_g70_z1_256pix_basicFLIM_120f_0008.sdt,20260501_KPC_fixed_dishes_on_SLIM::batch1\fitet-sf-3component-b5::3_KPCWT0430glu10min_740nm_3024mW_u1_poc0p2_20x0p75NA_535s50_g70_z1_256pix_basicFLIM_120f_0008,batch1\fitet-sf-3component-b5,3,"a1, a2, a3, chi2, photons, tau1, tau2, tau3"
3_KPCWT0430glu10min_740nm_3024mW_u1_poc0p2_20x0p75NA_535s50_g70_z1_256pix_basicFLIM_120f_0008.sdt,20260501_KPC_fixed_dishes_on_SLIM::batch1\fitet-sf-c2-b5::3_KPCWT0430glu10min_740nm_3024mW_u1_poc0p2_20x0p75NA_535s50_g70_z1_256pix_basicFLIM_120f_0008,batch1\fitet-sf-c2-b5,2,"a1, a2, chi2, photons, tau1, tau2"
3_KPCWT0430glu10min_740nm_3024mW_u1_poc0p2_20x0p75NA_535s50_g70_z1_256pix_basicFLIM_120f_0008.sdt,20260501_KPC_fixed_dishes_on_SLIM::batch1\fitet-sf-c2-b7::3_KPCWT0430glu10min_740nm_3024mW_u1_poc0p2_20x0p75NA_535s50_g70_z1_256pix_basicFLIM_120f_0008,batch1\fitet-sf-c2-b7,3,"a1, a2, a3, chi2, photons, tau1, tau2, tau3"
3_KPCWT0430glu10min_740nm_3024mW_u1_poc0p2_20x0p75NA_535s50_g70_z1_256pix_basicFLIM_120f_0008.sdt,20260501_KPC_fixed_dishes_on_SLIM::batch1\fitet-sf-c3-b5::3_KPCWT0430glu10min_740nm_3024mW_u1_poc0p2_20x0p75NA_535s50_g70_z1_256pix_basicFLIM_120f_0008,batch1\fitet-sf-c3-b5,3,"a1, a2, a3, chi2, photons, tau1, tau2, tau3"
3_KPCWT0430glu10min_740nm_3024mW_u1_poc0p2_20x0p75NA_535s50_g70_z1_256pix_basicFLIM_120f_0008.sdt,20260501_KPC_fixed_dishes_on_SLIM::batch1\fitet-sz-1component-b5::3_KPCWT0430glu10min_740nm_3024mW_u1_poc0p2_20x0p75NA_535s50_g70_z1_256pix_basicFLIM_120f_0008,batch1\fitet-sz-1component-b5,3,"a1, a2, a3, chi2, photons, tau1, tau2, tau3"
3_KPCWT0430glu10min_740nm_3024mW_u1_poc0p2_20x0p75NA_535s50_g70_z1_256pix_basicFLIM_120f_0008.sdt,20260501_KPC_fixed_dishes_on_SLIM::batch1\fitet-sz-2component-b5::3_KPCWT0430glu10min_740nm_3024mW_u1_poc0p2_20x0p75NA_535s50_g70_z1_256pix_basicFLIM_120f_0008,batch1\fitet-sz-2component-b5,3,"a1, a2, a3, chi2, photons, tau1, tau2, tau3"
3_KPCWT0430glu10min_740nm_3024mW_u1_poc0p2_20x0p75NA_535s50_g70_z1_256pix_basicFLIM_120f_0008.sdt,20260501_KPC_fixed_dishes_on_SLIM::batch1\fitet-sz-3component-b5::3_KPCWT0430glu10min_740nm_3024mW_u1_poc0p2_20x0p75NA_535s50_g70_z1_256pix_basicFLIM_120f_0008,batch1\fitet-sz-3component-b5,3,"a1, a2, a3, chi2, photons, tau1, tau2, tau3"
3_KPCWT0430glu10min_740nm_3024mW_u1_poc0p2_20x0p75NA_535s50_g70_z1_256pix_basicFLIM_120f_0008.sdt,20260501_KPC_fixed_dishes_on_SLIM::batch1\fitet-sz-c1-b5::3_KPCWT0430glu10min_740nm_3024mW_u1_poc0p2_20x0p75NA_535s50_g70_z1_256pix_basicFLIM_120f_0008,batch1\fitet-sz-c1-b5,3,"a1, a2, a3, chi2, photons, tau1, tau2, tau3"
3_KPCWT0430glu10min_740nm_3024mW_u1_poc0p2_20x0p75NA_535s50_g70_z1_256pix_basicFLIM_120f_0008.sdt,20260501_KPC_fixed_dishes_on_SLIM::batch1\fitet-sz-c2-b5::3_KPCWT0430glu10min_740nm_3024mW_u1_poc0p2_20x0p75NA_535s50_g70_z1_256pix_basicFLIM_120f_0008,batch1\fitet-sz-c2-b5,3,"a1, a2, a3, chi2, photons, tau1, tau2, tau3"
3_KPCWT0430glu10min_740nm_3024mW_u1_poc0p2_20x0p75NA_535s50_g70_z1_256pix_basicFLIM_120f_0008.sdt,20260501_KPC_fixed_dishes_on_SLIM::batch1\fitet-sz-c3-b5::3_KPCWT0430glu10min_740nm_3024mW_u1_poc0p2_20x0p75NA_535s50_g70_z1_256pix_basicFLIM_120f_0008,batch1\fitet-sz-c3-b5,3,"a1, a2, a3, chi2, photons, tau1, tau2, tau3"
3_KPCWT0430glu10min_740nm_3024mW_u1_poc0p2_20x0p75NA_535s50_g70_z1_256pix_basicFLIM_120f_0008.sdt,20260501_KPC_fixed_dishes_on_SLIM::batch1\fitet-sz-c3-b7::3_KPCWT0430glu10min_740nm_3024mW_u1_poc0p2_20x0p75NA_535s50_g70_z1_256pix_basicFLIM_120f_0008,batch1\fitet-sz-c3-b7,3,"a1, a2, a3, chi2, photons, tau1, tau2, tau3"
3_KPCWT0430glu10min_740nm_3024mW_u1_poc0p2_20x0p75NA_535s50_g70_z1_256pix_basicFLIM_120f_0009.sdt,20260501_KPC_fixed_dishes_on_SLIM::batch1\fitet-sf-2component-b5::3_KPCWT0430glu10min_740nm_3024mW_u1_poc0p2_20x0p75NA_535s50_g70_z1_256pix_basicFLIM_120f_0009,batch1\fitet-sf-2component-b5,2,"a1, a2, chi2, photons, tau1, tau2"
3_KPCWT0430glu10min_740nm_3024mW_u1_poc0p2_20x0p75NA_535s50_g70_z1_256pix_basicFLIM_120f_0009.sdt,20260501_KPC_fixed_dishes_on_SLIM::batch1\fitet-sf-3component-b5::3_KPCWT0430glu10min_740nm_3024mW_u1_poc0p2_20x0p75NA_535s50_g70_z1_256pix_basicFLIM_120f_0009,batch1\fitet-sf-3component-b5,3,"a1, a2, a3, chi2, photons, tau1, tau2, tau3"
3_KPCWT0430glu10min_740nm_3024mW_u1_poc0p2_20x0p75NA_535s50_g70_z1_256pix_basicFLIM_120f_0009.sdt,20260501_KPC_fixed_dishes_on_SLIM::batch1\fitet-sf-c2-b5::3_KPCWT0430glu10min_740nm_3024mW_u1_poc0p2_20x0p75NA_535s50_g70_z1_256pix_basicFLIM_120f_0009,batch1\fitet-sf-c2-b5,2,"a1, a2, chi2, photons, tau1, tau2"
3_KPCWT0430glu10min_740nm_3024mW_u1_poc0p2_20x0p75NA_535s50_g70_z1_256pix_basicFLIM_120f_0009.sdt,20260501_KPC_fixed_dishes_on_SLIM::batch1\fitet-sf-c2-b7::3_KPCWT0430glu10min_740nm_3024mW_u1_poc0p2_20x0p75NA_535s50_g70_z1_256pix_basicFLIM_120f_0009,batch1\fitet-sf-c2-b7,3,"a1, a2, a3, chi2, photons, tau1, tau2, tau3"
3_KPCWT0430glu10min_740nm_3024mW_u1_poc0p2_20x0p75NA_535s50_g70_z1_256pix_basicFLIM_120f_0009.sdt,20260501_KPC_fixed_dishes_on_SLIM::batch1\fitet-sf-c3-b5::3_KPCWT0430glu10min_740nm_3024mW_u1_poc0p2_20x0p75NA_535s50_g70_z1_256pix_basicFLIM_120f_0009,batch1\fitet-sf-c3-b5,3,"a1, a2, a3, chi2, photons, tau1, tau2, tau3"
3_KPCWT0430glu10min_740nm_3024mW_u1_poc0p2_20x0p75NA_535s50_g70_z1_256pix_basicFLIM_120f_0009.sdt,20260501_KPC_fixed_dishes_on_SLIM::batch1\fitet-sz-1component-b5::3_KPCWT0430glu10min_740nm_3024mW_u1_poc0p2_20x0p75NA_535s50_g70_z1_256pix_basicFLIM_120f_0009,batch1\fitet-sz-1component-b5,3,"a1, a2, a3, chi2, photons, tau1, tau2, tau3"
3_KPCWT0430glu10min_740nm_3024mW_u1_poc0p2_20x0p75NA_535s50_g70_z1_256pix_basicFLIM_120f_0009.sdt,20260501_KPC_fixed_dishes_on_SLIM::batch1\fitet-sz-2component-b5::3_KPCWT0430glu10min_740nm_3024mW_u1_poc0p2_20x0p75NA_535s50_g70_z1_256pix_basicFLIM_120f_0009,batch1\fitet-sz-2component-b5,3,"a1, a2, a3, chi2, photons, tau1, tau2, tau3"
3_KPCWT0430glu10min_740nm_3024mW_u1_poc0p2_20x0p75NA_535s50_g70_z1_256pix_basicFLIM_120f_0009.sdt,20260501_KPC_fixed_dishes_on_SLIM::batch1\fitet-sz-3component-b5::3_KPCWT0430glu10min_740nm_3024mW_u1_poc0p2_20x0p75NA_535s50_g70_z1_256pix_basicFLIM_120f_0009,batch1\fitet-sz-3component-b5,3,"a1, a2, a3, chi2, photons, tau1, tau2, tau3"
3_KPCWT0430glu10min_740nm_3024mW_u1_poc0p2_20x0p75NA_535s50_g70_z1_256pix_basicFLIM_120f_0009.sdt,20260501_KPC_fixed_dishes_on_SLIM::batch1\fitet-sz-c1-b5::3_KPCWT0430glu10min_740nm_3024mW_u1_poc0p2_20x0p75NA_535s50_g70_z1_256pix_basicFLIM_120f_0009,batch1\fitet-sz-c1-b5,3,"a1, a2, a3, chi2, photons, tau1, tau2, tau3"
3_KPCWT0430glu10min_740nm_3024mW_u1_poc0p2_20x0p75NA_535s50_g70_z1_256pix_basicFLIM_120f_0009.sdt,20260501_KPC_fixed_dishes_on_SLIM::batch1\fitet-sz-c2-b5::3_KPCWT0430glu10min_740nm_3024mW_u1_poc0p2_20x0p75NA_535s50_g70_z1_256pix_basicFLIM_120f_0009,batch1\fitet-sz-c2-b5,3,"a1, a2, a3, chi2, photons, tau1, tau2, tau3"
3_KPCWT0430glu10min_740nm_3024mW_u1_poc0p2_20x0p75NA_535s50_g70_z1_256pix_basicFLIM_120f_0009.sdt,20260501_KPC_fixed_dishes_on_SLIM::batch1\fitet-sz-c3-b5::3_KPCWT0430glu10min_740nm_3024mW_u1_poc0p2_20x0p75NA_535s50_g70_z1_256pix_basicFLIM_120f_0009,batch1\fitet-sz-c3-b5,3,"a1, a2, a3, chi2, photons, tau1, tau2, tau3"
3_KPCWT0430glu10min_740nm_3024mW_u1_poc0p2_20x0p75NA_535s50_g70_z1_256pix_basicFLIM_120f_0009.sdt,20260501_KPC_fixed_dishes_on_SLIM::batch1\fitet-sz-c3-b7::3_KPCWT0430glu10min_740nm_3024mW_u1_poc0p2_20x0p75NA_535s50_g70_z1_256pix_basicFLIM_120f_0009,batch1\fitet-sz-c3-b7,3,"a1, a2, a3, chi2, photons, tau1, tau2, tau3"
4_BKO0430glu10min_740nm_3024mW_u1_poc0p2_20x0p75NA_535s50_g70_z1_256pix_basicFLIM_60f_0000.sdt,20260501_KPC_fixed_dishes_on_SLIM::batch1\fitet-sf-2component-b5::4_BKO0430glu10min_740nm_3024mW_u1_poc0p2_20x0p75NA_535s50_g70_z1_256pix_basicFLIM_60f_0000,batch1\fitet-sf-2component-b5,2,"a1, a2, chi2, photons, tau1, tau2"
4_BKO0430glu10min_740nm_3024mW_u1_poc0p2_20x0p75NA_535s50_g70_z1_256pix_basicFLIM_60f_0000.sdt,20260501_KPC_fixed_dishes_on_SLIM::batch1\fitet-sf-3component-b5::4_BKO0430glu10min_740nm_3024mW_u1_poc0p2_20x0p75NA_535s50_g70_z1_256pix_basicFLIM_60f_0000,batch1\fitet-sf-3component-b5,3,"a1, a2, a3, chi2, photons, tau1, tau2, tau3"
4_BKO0430glu10min_740nm_3024mW_u1_poc0p2_20x0p75NA_535s50_g70_z1_256pix_basicFLIM_60f_0000.sdt,20260501_KPC_fixed_dishes_on_SLIM::batch1\fitet-sf-c2-b5::4_BKO0430glu10min_740nm_3024mW_u1_poc0p2_20x0p75NA_535s50_g70_z1_256pix_basicFLIM_60f_0000,batch1\fitet-sf-c2-b5,2,"a1, a2, chi2, photons, tau1, tau2"
4_BKO0430glu10min_740nm_3024mW_u1_poc0p2_20x0p75NA_535s50_g70_z1_256pix_basicFLIM_60f_0000.sdt,20260501_KPC_fixed_dishes_on_SLIM::batch1\fitet-sf-c2-b7::4_BKO0430glu10min_740nm_3024mW_u1_poc0p2_20x0p75NA_535s50_g70_z1_256pix_basicFLIM_60f_0000,batch1\fitet-sf-c2-b7,3,"a1, a2, a3, chi2, photons, tau1, tau2, tau3"
4_BKO0430glu10min_740nm_3024mW_u1_poc0p2_20x0p75NA_535s50_g70_z1_256pix_basicFLIM_60f_0000.sdt,20260501_KPC_fixed_dishes_on_SLIM::batch1\fitet-sf-c3-b5::4_BKO0430glu10min_740nm_3024mW_u1_poc0p2_20x0p75NA_535s50_g70_z1_256pix_basicFLIM_60f_0000,batch1\fitet-sf-c3-b5,3,"a1, a2, a3, chi2, photons, tau1, tau2, tau3"
4_BKO0430glu10min_740nm_3024mW_u1_poc0p2_20x0p75NA_535s50_g70_z1_256pix_basicFLIM_60f_0000.sdt,20260501_KPC_fixed_dishes_on_SLIM::batch1\fitet-sz-1component-b5::4_BKO0430glu10min_740nm_3024mW_u1_poc0p2_20x0p75NA_535s50_g70_z1_256pix_basicFLIM_60f_0000,batch1\fitet-sz-1component-b5,3,"a1, a2, a3, chi2, photons, tau1, tau2, tau3"
4_BKO0430glu10min_740nm_3024mW_u1_poc0p2_20x0p75NA_535s50_g70_z1_256pix_basicFLIM_60f_0000.sdt,20260501_KPC_fixed_dishes_on_SLIM::batch1\fitet-sz-2component-b5::4_BKO0430glu10min_740nm_3024mW_u1_poc0p2_20x0p75NA_535s50_g70_z1_256pix_basicFLIM_60f_0000,batch1\fitet-sz-2component-b5,3,"a1, a2, a3, chi2, photons, tau1, tau2, tau3"
4_BKO0430glu10min_740nm_3024mW_u1_poc0p2_20x0p75NA_535s50_g70_z1_256pix_basicFLIM_60f_0000.sdt,20260501_KPC_fixed_dishes_on_SLIM::batch1\fitet-sz-3component-b5::4_BKO0430glu10min_740nm_3024mW_u1_poc0p2_20x0p75NA_535s50_g70_z1_256pix_basicFLIM_60f_0000,batch1\fitet-sz-3component-b5,3,"a1, a2, a3, chi2, photons, tau1, tau2, tau3"
4_BKO0430glu10min_740nm_3024mW_u1_poc0p2_20x0p75NA_535s50_g70_z1_256pix_basicFLIM_60f_0000.sdt,20260501_KPC_fixed_dishes_on_SLIM::batch1\fitet-sz-c1-b5::4_BKO0430glu10min_740nm_3024mW_u1_poc0p2_20x0p75NA_535s50_g70_z1_256pix_basicFLIM_60f_0000,batch1\fitet-sz-c1-b5,3,"a1, a2, a3, chi2, photons, tau1, tau2, tau3"
4_BKO0430glu10min_740nm_3024mW_u1_poc0p2_20x0p75NA_535s50_g70_z1_256pix_basicFLIM_60f_0000.sdt,20260501_KPC_fixed_dishes_on_SLIM::batch1\fitet-sz-c2-b5::4_BKO0430glu10min_740nm_3024mW_u1_poc0p2_20x0p75NA_535s50_g70_z1_256pix_basicFLIM_60f_0000,batch1\fitet-sz-c2-b5,3,"a1, a2, a3, chi2, photons, tau1, tau2, tau3"
4_BKO0430glu10min_740nm_3024mW_u1_poc0p2_20x0p75NA_535s50_g70_z1_256pix_basicFLIM_60f_0000.sdt,20260501_KPC_fixed_dishes_on_SLIM::batch1\fitet-sz-c3-b5::4_BKO0430glu10min_740nm_3024mW_u1_poc0p2_20x0p75NA_535s50_g70_z1_256pix_basicFLIM_60f_0000,batch1\fitet-sz-c3-b5,3,"a1, a2, a3, chi2, photons, tau1, tau2, tau3"
4_BKO0430glu10min_740nm_3024mW_u1_poc0p2_20x0p75NA_535s50_g70_z1_256pix_basicFLIM_60f_0000.sdt,20260501_KPC_fixed_dishes_on_SLIM::batch1\fitet-sz-c3-b7::4_BKO0430glu10min_740nm_3024mW_u1_poc0p2_20x0p75NA_535s50_g70_z1_256pix_basicFLIM_60f_0000,batch1\fitet-sz-c3-b7,3,"a1, a2, a3, chi2, photons, tau1, tau2, tau3"
4_BKO0430glu10min_740nm_3024mW_u1_poc0p2_20x0p75NA_535s50_g70_z1_256pix_basicFLIM_60f_0001.sdt,20260501_KPC_fixed_dishes_on_SLIM::batch1\fitet-sf-2component-b5::4_BKO0430glu10min_740nm_3024mW_u1_poc0p2_20x0p75NA_535s50_g70_z1_256pix_basicFLIM_60f_0001,batch1\fitet-sf-2component-b5,2,"a1, a2, chi2, photons, tau1, tau2"
4_BKO0430glu10min_740nm_3024mW_u1_poc0p2_20x0p75NA_535s50_g70_z1_256pix_basicFLIM_60f_0001.sdt,20260501_KPC_fixed_dishes_on_SLIM::batch1\fitet-sf-3component-b5::4_BKO0430glu10min_740nm_3024mW_u1_poc0p2_20x0p75NA_535s50_g70_z1_256pix_basicFLIM_60f_0001,batch1\fitet-sf-3component-b5,3,"a1, a2, a3, chi2, photons, tau1, tau2, tau3"
4_BKO0430glu10min_740nm_3024mW_u1_poc0p2_20x0p75NA_535s50_g70_z1_256pix_basicFLIM_60f_0001.sdt,20260501_KPC_fixed_dishes_on_SLIM::batch1\fitet-sf-c2-b5::4_BKO0430glu10min_740nm_3024mW_u1_poc0p2_20x0p75NA_535s50_g70_z1_256pix_basicFLIM_60f_0001,batch1\fitet-sf-c2-b5,2,"a1, a2, chi2, photons, tau1, tau2"
4_BKO0430glu10min_740nm_3024mW_u1_poc0p2_20x0p75NA_535s50_g70_z1_256pix_basicFLIM_60f_0001.sdt,20260501_KPC_fixed_dishes_on_SLIM::batch1\fitet-sf-c2-b7::4_BKO0430glu10min_740nm_3024mW_u1_poc0p2_20x0p75NA_535s50_g70_z1_256pix_basicFLIM_60f_0001,batch1\fitet-sf-c2-b7,3,"a1, a2, a3, chi2, photons, tau1, tau2, tau3"
4_BKO0430glu10min_740nm_3024mW_u1_poc0p2_20x0p75NA_535s50_g70_z1_256pix_basicFLIM_60f_0001.sdt,20260501_KPC_fixed_dishes_on_SLIM::batch1\fitet-sf-c3-b5::4_BKO0430glu10min_740nm_3024mW_u1_poc0p2_20x0p75NA_535s50_g70_z1_256pix_basicFLIM_60f_0001,batch1\fitet-sf-c3-b5,3,"a1, a2, a3, chi2, photons, tau1, tau2, tau3"
4_BKO0430glu10min_740nm_3024mW_u1_poc0p2_20x0p75NA_535s50_g70_z1_256pix_basicFLIM_60f_0001.sdt,20260501_KPC_fixed_dishes_on_SLIM::batch1\fitet-sz-1component-b5::4_BKO0430glu10min_740nm_3024mW_u1_poc0p2_20x0p75NA_535s50_g70_z1_256pix_basicFLIM_60f_0001,batch1\fitet-sz-1component-b5,3,"a1, a2, a3, chi2, photons, tau1, tau2, tau3"
4_BKO0430glu10min_740nm_3024mW_u1_poc0p2_20x0p75NA_535s50_g70_z1_256pix_basicFLIM_60f_0001.sdt,20260501_KPC_fixed_dishes_on_SLIM::batch1\fitet-sz-2component-b5::4_BKO0430glu10min_740nm_3024mW_u1_poc0p2_20x0p75NA_535s50_g70_z1_256pix_basicFLIM_60f_0001,batch1\fitet-sz-2component-b5,3,"a1, a2, a3, chi2, photons, tau1, tau2, tau3"
4_BKO0430glu10min_740nm_3024mW_u1_poc0p2_20x0p75NA_535s50_g70_z1_256pix_basicFLIM_60f_0001.sdt,20260501_KPC_fixed_dishes_on_SLIM::batch1\fitet-sz-3component-b5::4_BKO0430glu10min_740nm_3024mW_u1_poc0p2_20x0p75NA_535s50_g70_z1_256pix_basicFLIM_60f_0001,batch1\fitet-sz-3component-b5,3,"a1, a2, a3, chi2, photons, tau1, tau2, tau3"
4_BKO0430glu10min_740nm_3024mW_u1_poc0p2_20x0p75NA_535s50_g70_z1_256pix_basicFLIM_60f_0001.sdt,20260501_KPC_fixed_dishes_on_SLIM::batch1\fitet-sz-c1-b5::4_BKO0430glu10min_740nm_3024mW_u1_poc0p2_20x0p75NA_535s50_g70_z1_256pix_basicFLIM_60f_0001,batch1\fitet-sz-c1-b5,3,"a1, a2, a3, chi2, photons, tau1, tau2, tau3"
4_BKO0430glu10min_740nm_3024mW_u1_poc0p2_20x0p75NA_535s50_g70_z1_256pix_basicFLIM_60f_0001.sdt,20260501_KPC_fixed_dishes_on_SLIM::batch1\fitet-sz-c2-b5::4_BKO0430glu10min_740nm_3024mW_u1_poc0p2_20x0p75NA_535s50_g70_z1_256pix_basicFLIM_60f_0001,batch1\fitet-sz-c2-b5,3,"a1, a2, a3, chi2, photons, tau1, tau2, tau3"
4_BKO0430glu10min_740nm_3024mW_u1_poc0p2_20x0p75NA_535s50_g70_z1_256pix_basicFLIM_60f_0001.sdt,20260501_KPC_fixed_dishes_on_SLIM::batch1\fitet-sz-c3-b5::4_BKO0430glu10min_740nm_3024mW_u1_poc0p2_20x0p75NA_535s50_g70_z1_256pix_basicFLIM_60f_0001,batch1\fitet-sz-c3-b5,3,"a1, a2, a3, chi2, photons, tau1, tau2, tau3"
4_BKO0430glu10min_740nm_3024mW_u1_poc0p2_20x0p75NA_535s50_g70_z1_256pix_basicFLIM_60f_0001.sdt,20260501_KPC_fixed_dishes_on_SLIM::batch1\fitet-sz-c3-b7::4_BKO0430glu10min_740nm_3024mW_u1_poc0p2_20x0p75NA_535s50_g70_z1_256pix_basicFLIM_60f_0001,batch1\fitet-sz-c3-b7,3,"a1, a2, a3, chi2, photons, tau1, tau2, tau3"
4_BKO0430glu10min_740nm_3024mW_u1_poc0p2_20x0p75NA_535s50_g70_z1_256pix_basicFLIM_60f_0002.sdt,20260501_KPC_fixed_dishes_on_SLIM::batch1\fitet-sf-2component-b5::4_BKO0430glu10min_740nm_3024mW_u1_poc0p2_20x0p75NA_535s50_g70_z1_256pix_basicFLIM_60f_0002,batch1\fitet-sf-2component-b5,2,"a1, a2, chi2, photons, tau1, tau2"
4_BKO0430glu10min_740nm_3024mW_u1_poc0p2_20x0p75NA_535s50_g70_z1_256pix_basicFLIM_60f_0002.sdt,20260501_KPC_fixed_dishes_on_SLIM::batch1\fitet-sf-3component-b5::4_BKO0430glu10min_740nm_3024mW_u1_poc0p2_20x0p75NA_535s50_g70_z1_256pix_basicFLIM_60f_0002,batch1\fitet-sf-3component-b5,3,"a1, a2, a3, chi2, photons, tau1, tau2, tau3"
4_BKO0430glu10min_740nm_3024mW_u1_poc0p2_20x0p75NA_535s50_g70_z1_256pix_basicFLIM_60f_0002.sdt,20260501_KPC_fixed_dishes_on_SLIM::batch1\fitet-sf-c2-b5::4_BKO0430glu10min_740nm_3024mW_u1_poc0p2_20x0p75NA_535s50_g70_z1_256pix_basicFLIM_60f_0002,batch1\fitet-sf-c2-b5,2,"a1, a2, chi2, photons, tau1, tau2"
4_BKO0430glu10min_740nm_3024mW_u1_poc0p2_20x0p75NA_535s50_g70_z1_256pix_basicFLIM_60f_0002.sdt,20260501_KPC_fixed_dishes_on_SLIM::batch1\fitet-sf-c2-b7::4_BKO0430glu10min_740nm_3024mW_u1_poc0p2_20x0p75NA_535s50_g70_z1_256pix_basicFLIM_60f_0002,batch1\fitet-sf-c2-b7,3,"a1, a2, a3, chi2, photons, tau1, tau2, tau3"
4_BKO0430glu10min_740nm_3024mW_u1_poc0p2_20x0p75NA_535s50_g70_z1_256pix_basicFLIM_60f_0002.sdt,20260501_KPC_fixed_dishes_on_SLIM::batch1\fitet-sf-c3-b5::4_BKO0430glu10min_740nm_3024mW_u1_poc0p2_20x0p75NA_535s50_g70_z1_256pix_basicFLIM_60f_0002,batch1\fitet-sf-c3-b5,3,"a1, a2, a3, chi2, photons, tau1, tau2, tau3"
4_BKO0430glu10min_740nm_3024mW_u1_poc0p2_20x0p75NA_535s50_g70_z1_256pix_basicFLIM_60f_0002.sdt,20260501_KPC_fixed_dishes_on_SLIM::batch1\fitet-sz-1component-b5::4_BKO0430glu10min_740nm_3024mW_u1_poc0p2_20x0p75NA_535s50_g70_z1_256pix_basicFLIM_60f_0002,batch1\fitet-sz-1component-b5,3,"a1, a2, a3, chi2, photons, tau1, tau2, tau3"
4_BKO0430glu10min_740nm_3024mW_u1_poc0p2_20x0p75NA_535s50_g70_z1_256pix_basicFLIM_60f_0002.sdt,20260501_KPC_fixed_dishes_on_SLIM::batch1\fitet-sz-2component-b5::4_BKO0430glu10min_740nm_3024mW_u1_poc0p2_20x0p75NA_535s50_g70_z1_256pix_basicFLIM_60f_0002,batch1\fitet-sz-2component-b5,3,"a1, a2, a3, chi2, photons, tau1, tau2, tau3"
4_BKO0430glu10min_740nm_3024mW_u1_poc0p2_20x0p75NA_535s50_g70_z1_256pix_basicFLIM_60f_0002.sdt,20260501_KPC_fixed_dishes_on_SLIM::batch1\fitet-sz-3component-b5::4_BKO0430glu10min_740nm_3024mW_u1_poc0p2_20x0p75NA_535s50_g70_z1_256pix_basicFLIM_60f_0002,batch1\fitet-sz-3component-b5,3,"a1, a2, a3, chi2, photons, tau1, tau2, tau3"
4_BKO0430glu10min_740nm_3024mW_u1_poc0p2_20x0p75NA_535s50_g70_z1_256pix_basicFLIM_60f_0002.sdt,20260501_KPC_fixed_dishes_on_SLIM::batch1\fitet-sz-c1-b5::4_BKO0430glu10min_740nm_3024mW_u1_poc0p2_20x0p75NA_535s50_g70_z1_256pix_basicFLIM_60f_0002,batch1\fitet-sz-c1-b5,3,"a1, a2, a3, chi2, photons, tau1, tau2, tau3"
4_BKO0430glu10min_740nm_3024mW_u1_poc0p2_20x0p75NA_535s50_g70_z1_256pix_basicFLIM_60f_0002.sdt,20260501_KPC_fixed_dishes_on_SLIM::batch1\fitet-sz-c2-b5::4_BKO0430glu10min_740nm_3024mW_u1_poc0p2_20x0p75NA_535s50_g70_z1_256pix_basicFLIM_60f_0002,batch1\fitet-sz-c2-b5,3,"a1, a2, a3, chi2, photons, tau1, tau2, tau3"
4_BKO0430glu10min_740nm_3024mW_u1_poc0p2_20x0p75NA_535s50_g70_z1_256pix_basicFLIM_60f_0002.sdt,20260501_KPC_fixed_dishes_on_SLIM::batch1\fitet-sz-c3-b5::4_BKO0430glu10min_740nm_3024mW_u1_poc0p2_20x0p75NA_535s50_g70_z1_256pix_basicFLIM_60f_0002,batch1\fitet-sz-c3-b5,3,"a1, a2, a3, chi2, photons, tau1, tau2, tau3"
4_BKO0430glu10min_740nm_3024mW_u1_poc0p2_20x0p75NA_535s50_g70_z1_256pix_basicFLIM_60f_0002.sdt,20260501_KPC_fixed_dishes_on_SLIM::batch1\fitet-sz-c3-b7::4_BKO0430glu10min_740nm_3024mW_u1_poc0p2_20x0p75NA_535s50_g70_z1_256pix_basicFLIM_60f_0002,batch1\fitet-sz-c3-b7,3,"a1, a2, a3, chi2, photons, tau1, tau2, tau3"
4_BKO0430glu10min_740nm_3024mW_u1_poc0p2_20x0p75NA_535s50_g70_z1_256pix_basicFLIM_60f_0003.sdt,20260501_KPC_fixed_dishes_on_SLIM::batch1\fitet-sf-2component-b5::4_BKO0430glu10min_740nm_3024mW_u1_poc0p2_20x0p75NA_535s50_g70_z1_256pix_basicFLIM_60f_0003,batch1\fitet-sf-2component-b5,2,"a1, a2, chi2, photons, tau1, tau2"
4_BKO0430glu10min_740nm_3024mW_u1_poc0p2_20x0p75NA_535s50_g70_z1_256pix_basicFLIM_60f_0003.sdt,20260501_KPC_fixed_dishes_on_SLIM::batch1\fitet-sf-3component-b5::4_BKO0430glu10min_740nm_3024mW_u1_poc0p2_20x0p75NA_535s50_g70_z1_256pix_basicFLIM_60f_0003,batch1\fitet-sf-3component-b5,3,"a1, a2, a3, chi2, photons, tau1, tau2, tau3"
4_BKO0430glu10min_740nm_3024mW_u1_poc0p2_20x0p75NA_535s50_g70_z1_256pix_basicFLIM_60f_0003.sdt,20260501_KPC_fixed_dishes_on_SLIM::batch1\fitet-sf-c2-b5::4_BKO0430glu10min_740nm_3024mW_u1_poc0p2_20x0p75NA_535s50_g70_z1_256pix_basicFLIM_60f_0003,batch1\fitet-sf-c2-b5,2,"a1, a2, chi2, photons, tau1, tau2"
4_BKO0430glu10min_740nm_3024mW_u1_poc0p2_20x0p75NA_535s50_g70_z1_256pix_basicFLIM_60f_0003.sdt,20260501_KPC_fixed_dishes_on_SLIM::batch1\fitet-sf-c2-b7::4_BKO0430glu10min_740nm_3024mW_u1_poc0p2_20x0p75NA_535s50_g70_z1_256pix_basicFLIM_60f_0003,batch1\fitet-sf-c2-b7,3,"a1, a2, a3, chi2, photons, tau1, tau2, tau3"
4_BKO0430glu10min_740nm_3024mW_u1_poc0p2_20x0p75NA_535s50_g70_z1_256pix_basicFLIM_60f_0003.sdt,20260501_KPC_fixed_dishes_on_SLIM::batch1\fitet-sf-c3-b5::4_BKO0430glu10min_740nm_3024mW_u1_poc0p2_20x0p75NA_535s50_g70_z1_256pix_basicFLIM_60f_0003,batch1\fitet-sf-c3-b5,3,"a1, a2, a3, chi2, photons, tau1, tau2, tau3"
4_BKO0430glu10min_740nm_3024mW_u1_poc0p2_20x0p75NA_535s50_g70_z1_256pix_basicFLIM_60f_0003.sdt,20260501_KPC_fixed_dishes_on_SLIM::batch1\fitet-sz-1component-b5::4_BKO0430glu10min_740nm_3024mW_u1_poc0p2_20x0p75NA_535s50_g70_z1_256pix_basicFLIM_60f_0003,batch1\fitet-sz-1component-b5,3,"a1, a2, a3, chi2, photons, tau1, tau2, tau3"
4_BKO0430glu10min_740nm_3024mW_u1_poc0p2_20x0p75NA_535s50_g70_z1_256pix_basicFLIM_60f_0003.sdt,20260501_KPC_fixed_dishes_on_SLIM::batch1\fitet-sz-2component-b5::4_BKO0430glu10min_740nm_3024mW_u1_poc0p2_20x0p75NA_535s50_g70_z1_256pix_basicFLIM_60f_0003,batch1\fitet-sz-2component-b5,3,"a1, a2, a3, chi2, photons, tau1, tau2, tau3"
4_BKO0430glu10min_740nm_3024mW_u1_poc0p2_20x0p75NA_535s50_g70_z1_256pix_basicFLIM_60f_0003.sdt,20260501_KPC_fixed_dishes_on_SLIM::batch1\fitet-sz-3component-b5::4_BKO0430glu10min_740nm_3024mW_u1_poc0p2_20x0p75NA_535s50_g70_z1_256pix_basicFLIM_60f_0003,batch1\fitet-sz-3component-b5,3,"a1, a2, a3, chi2, photons, tau1, tau2, tau3"
4_BKO0430glu10min_740nm_3024mW_u1_poc0p2_20x0p75NA_535s50_g70_z1_256pix_basicFLIM_60f_0003.sdt,20260501_KPC_fixed_dishes_on_SLIM::batch1\fitet-sz-c1-b5::4_BKO0430glu10min_740nm_3024mW_u1_poc0p2_20x0p75NA_535s50_g70_z1_256pix_basicFLIM_60f_0003,batch1\fitet-sz-c1-b5,3,"a1, a2, a3, chi2, photons, tau1, tau2, tau3"
4_BKO0430glu10min_740nm_3024mW_u1_poc0p2_20x0p75NA_535s50_g70_z1_256pix_basicFLIM_60f_0003.sdt,20260501_KPC_fixed_dishes_on_SLIM::batch1\fitet-sz-c2-b5::4_BKO0430glu10min_740nm_3024mW_u1_poc0p2_20x0p75NA_535s50_g70_z1_256pix_basicFLIM_60f_0003,batch1\fitet-sz-c2-b5,3,"a1, a2, a3, chi2, photons, tau1, tau2, tau3"
4_BKO0430glu10min_740nm_3024mW_u1_poc0p2_20x0p75NA_535s50_g70_z1_256pix_basicFLIM_60f_0003.sdt,20260501_KPC_fixed_dishes_on_SLIM::batch1\fitet-sz-c3-b5::4_BKO0430glu10min_740nm_3024mW_u1_poc0p2_20x0p75NA_535s50_g70_z1_256pix_basicFLIM_60f_0003,batch1\fitet-sz-c3-b5,3,"a1, a2, a3, chi2, photons, tau1, tau2, tau3"
4_BKO0430glu10min_740nm_3024mW_u1_poc0p2_20x0p75NA_535s50_g70_z1_256pix_basicFLIM_60f_0003.sdt,20260501_KPC_fixed_dishes_on_SLIM::batch1\fitet-sz-c3-b7::4_BKO0430glu10min_740nm_3024mW_u1_poc0p2_20x0p75NA_535s50_g70_z1_256pix_basicFLIM_60f_0003,batch1\fitet-sz-c3-b7,3,"a1, a2, a3, chi2, photons, tau1, tau2, tau3"
4_BKO0430glu10min_740nm_3024mW_u1_poc0p2_20x0p75NA_535s50_g70_z1_256pix_basicFLIM_60f_0004.sdt,20260501_KPC_fixed_dishes_on_SLIM::batch1\fitet-sf-2component-b5::4_BKO0430glu10min_740nm_3024mW_u1_poc0p2_20x0p75NA_535s50_g70_z1_256pix_basicFLIM_60f_0004,batch1\fitet-sf-2component-b5,2,"a1, a2, chi2, photons, tau1, tau2"
4_BKO0430glu10min_740nm_3024mW_u1_poc0p2_20x0p75NA_535s50_g70_z1_256pix_basicFLIM_60f_0004.sdt,20260501_KPC_fixed_dishes_on_SLIM::batch1\fitet-sf-3component-b5::4_BKO0430glu10min_740nm_3024mW_u1_poc0p2_20x0p75NA_535s50_g70_z1_256pix_basicFLIM_60f_0004,batch1\fitet-sf-3component-b5,3,"a1, a2, a3, chi2, photons, tau1, tau2, tau3"
4_BKO0430glu10min_740nm_3024mW_u1_poc0p2_20x0p75NA_535s50_g70_z1_256pix_basicFLIM_60f_0004.sdt,20260501_KPC_fixed_dishes_on_SLIM::batch1\fitet-sf-c2-b5::4_BKO0430glu10min_740nm_3024mW_u1_poc0p2_20x0p75NA_535s50_g70_z1_256pix_basicFLIM_60f_0004,batch1\fitet-sf-c2-b5,2,"a1, a2, chi2, photons, tau1, tau2"
4_BKO0430glu10min_740nm_3024mW_u1_poc0p2_20x0p75NA_535s50_g70_z1_256pix_basicFLIM_60f_0004.sdt,20260501_KPC_fixed_dishes_on_SLIM::batch1\fitet-sf-c2-b7::4_BKO0430glu10min_740nm_3024mW_u1_poc0p2_20x0p75NA_535s50_g70_z1_256pix_basicFLIM_60f_0004,batch1\fitet-sf-c2-b7,3,"a1, a2, a3, chi2, photons, tau1, tau2, tau3"
4_BKO0430glu10min_740nm_3024mW_u1_poc0p2_20x0p75NA_535s50_g70_z1_256pix_basicFLIM_60f_0004.sdt,20260501_KPC_fixed_dishes_on_SLIM::batch1\fitet-sf-c3-b5::4_BKO0430glu10min_740nm_3024mW_u1_poc0p2_20x0p75NA_535s50_g70_z1_256pix_basicFLIM_60f_0004,batch1\fitet-sf-c3-b5,3,"a1, a2, a3, chi2, photons, tau1, tau2, tau3"
4_BKO0430glu10min_740nm_3024mW_u1_poc0p2_20x0p75NA_535s50_g70_z1_256pix_basicFLIM_60f_0004.sdt,20260501_KPC_fixed_dishes_on_SLIM::batch1\fitet-sz-1component-b5::4_BKO0430glu10min_740nm_3024mW_u1_poc0p2_20x0p75NA_535s50_g70_z1_256pix_basicFLIM_60f_0004,batch1\fitet-sz-1component-b5,3,"a1, a2, a3, chi2, photons, tau1, tau2, tau3"
4_BKO0430glu10min_740nm_3024mW_u1_poc0p2_20x0p75NA_535s50_g70_z1_256pix_basicFLIM_60f_0004.sdt,20260501_KPC_fixed_dishes_on_SLIM::batch1\fitet-sz-2component-b5::4_BKO0430glu10min_740nm_3024mW_u1_poc0p2_20x0p75NA_535s50_g70_z1_256pix_basicFLIM_60f_0004,batch1\fitet-sz-2component-b5,3,"a1, a2, a3, chi2, photons, tau1, tau2, tau3"
4_BKO0430glu10min_740nm_3024mW_u1_poc0p2_20x0p75NA_535s50_g70_z1_256pix_basicFLIM_60f_0004.sdt,20260501_KPC_fixed_dishes_on_SLIM::batch1\fitet-sz-3component-b5::4_BKO0430glu10min_740nm_3024mW_u1_poc0p2_20x0p75NA_535s50_g70_z1_256pix_basicFLIM_60f_0004,batch1\fitet-sz-3component-b5,3,"a1, a2, a3, chi2, photons, tau1, tau2, tau3"
4_BKO0430glu10min_740nm_3024mW_u1_poc0p2_20x0p75NA_535s50_g70_z1_256pix_basicFLIM_60f_0004.sdt,20260501_KPC_fixed_dishes_on_SLIM::batch1\fitet-sz-c1-b5::4_BKO0430glu10min_740nm_3024mW_u1_poc0p2_20x0p75NA_535s50_g70_z1_256pix_basicFLIM_60f_0004,batch1\fitet-sz-c1-b5,3,"a1, a2, a3, chi2, photons, tau1, tau2, tau3"
4_BKO0430glu10min_740nm_3024mW_u1_poc0p2_20x0p75NA_535s50_g70_z1_256pix_basicFLIM_60f_0004.sdt,20260501_KPC_fixed_dishes_on_SLIM::batch1\fitet-sz-c2-b5::4_BKO0430glu10min_740nm_3024mW_u1_poc0p2_20x0p75NA_535s50_g70_z1_256pix_basicFLIM_60f_0004,batch1\fitet-sz-c2-b5,3,"a1, a2, a3, chi2, photons, tau1, tau2, tau3"
4_BKO0430glu10min_740nm_3024mW_u1_poc0p2_20x0p75NA_535s50_g70_z1_256pix_basicFLIM_60f_0004.sdt,20260501_KPC_fixed_dishes_on_SLIM::batch1\fitet-sz-c3-b5::4_BKO0430glu10min_740nm_3024mW_u1_poc0p2_20x0p75NA_535s50_g70_z1_256pix_basicFLIM_60f_0004,batch1\fitet-sz-c3-b5,3,"a1, a2, a3, chi2, photons, tau1, tau2, tau3"
4_BKO0430glu10min_740nm_3024mW_u1_poc0p2_20x0p75NA_535s50_g70_z1_256pix_basicFLIM_60f_0004.sdt,20260501_KPC_fixed_dishes_on_SLIM::batch1\fitet-sz-c3-b7::4_BKO0430glu10min_740nm_3024mW_u1_poc0p2_20x0p75NA_535s50_g70_z1_256pix_basicFLIM_60f_0004,batch1\fitet-sz-c3-b7,3,"a1, a2, a3, chi2, photons, tau1, tau2, tau3"
4_BKO0430glu10min_740nm_3024mW_u1_poc0p2_20x0p75NA_535s50_g70_z1_256pix_basicFLIM_60f_0005.sdt,20260501_KPC_fixed_dishes_on_SLIM::batch1\fitet-sf-2component-b5::4_BKO0430glu10min_740nm_3024mW_u1_poc0p2_20x0p75NA_535s50_g70_z1_256pix_basicFLIM_60f_0005,batch1\fitet-sf-2component-b5,2,"a1, a2, chi2, photons, tau1, tau2"
4_BKO0430glu10min_740nm_3024mW_u1_poc0p2_20x0p75NA_535s50_g70_z1_256pix_basicFLIM_60f_0005.sdt,20260501_KPC_fixed_dishes_on_SLIM::batch1\fitet-sf-3component-b5::4_BKO0430glu10min_740nm_3024mW_u1_poc0p2_20x0p75NA_535s50_g70_z1_256pix_basicFLIM_60f_0005,batch1\fitet-sf-3component-b5,3,"a1, a2, a3, chi2, photons, tau1, tau2, tau3"
4_BKO0430glu10min_740nm_3024mW_u1_poc0p2_20x0p75NA_535s50_g70_z1_256pix_basicFLIM_60f_0005.sdt,20260501_KPC_fixed_dishes_on_SLIM::batch1\fitet-sf-c2-b5::4_BKO0430glu10min_740nm_3024mW_u1_poc0p2_20x0p75NA_535s50_g70_z1_256pix_basicFLIM_60f_0005,batch1\fitet-sf-c2-b5,2,"a1, a2, chi2, photons, tau1, tau2"
4_BKO0430glu10min_740nm_3024mW_u1_poc0p2_20x0p75NA_535s50_g70_z1_256pix_basicFLIM_60f_0005.sdt,20260501_KPC_fixed_dishes_on_SLIM::batch1\fitet-sf-c2-b7::4_BKO0430glu10min_740nm_3024mW_u1_poc0p2_20x0p75NA_535s50_g70_z1_256pix_basicFLIM_60f_0005,batch1\fitet-sf-c2-b7,3,"a1, a2, a3, chi2, photons, tau1, tau2, tau3"
4_BKO0430glu10min_740nm_3024mW_u1_poc0p2_20x0p75NA_535s50_g70_z1_256pix_basicFLIM_60f_0005.sdt,20260501_KPC_fixed_dishes_on_SLIM::batch1\fitet-sf-c3-b5::4_BKO0430glu10min_740nm_3024mW_u1_poc0p2_20x0p75NA_535s50_g70_z1_256pix_basicFLIM_60f_0005,batch1\fitet-sf-c3-b5,3,"a1, a2, a3, chi2, photons, tau1, tau2, tau3"
4_BKO0430glu10min_740nm_3024mW_u1_poc0p2_20x0p75NA_535s50_g70_z1_256pix_basicFLIM_60f_0005.sdt,20260501_KPC_fixed_dishes_on_SLIM::batch1\fitet-sz-1component-b5::4_BKO0430glu10min_740nm_3024mW_u1_poc0p2_20x0p75NA_535s50_g70_z1_256pix_basicFLIM_60f_0005,batch1\fitet-sz-1component-b5,3,"a1, a2, a3, chi2, photons, tau1, tau2, tau3"
4_BKO0430glu10min_740nm_3024mW_u1_poc0p2_20x0p75NA_535s50_g70_z1_256pix_basicFLIM_60f_0005.sdt,20260501_KPC_fixed_dishes_on_SLIM::batch1\fitet-sz-2component-b5::4_BKO0430glu10min_740nm_3024mW_u1_poc0p2_20x0p75NA_535s50_g70_z1_256pix_basicFLIM_60f_0005,batch1\fitet-sz-2component-b5,3,"a1, a2, a3, chi2, photons, tau1, tau2, tau3"
4_BKO0430glu10min_740nm_3024mW_u1_poc0p2_20x0p75NA_535s50_g70_z1_256pix_basicFLIM_60f_0005.sdt,20260501_KPC_fixed_dishes_on_SLIM::batch1\fitet-sz-3component-b5::4_BKO0430glu10min_740nm_3024mW_u1_poc0p2_20x0p75NA_535s50_g70_z1_256pix_basicFLIM_60f_0005,batch1\fitet-sz-3component-b5,3,"a1, a2, a3, chi2, photons, tau1, tau2, tau3"
4_BKO0430glu10min_740nm_3024mW_u1_poc0p2_20x0p75NA_535s50_g70_z1_256pix_basicFLIM_60f_0005.sdt,20260501_KPC_fixed_dishes_on_SLIM::batch1\fitet-sz-c1-b5::4_BKO0430glu10min_740nm_3024mW_u1_poc0p2_20x0p75NA_535s50_g70_z1_256pix_basicFLIM_60f_0005,batch1\fitet-sz-c1-b5,3,"a1, a2, a3, chi2, photons, tau1, tau2, tau3"
4_BKO0430glu10min_740nm_3024mW_u1_poc0p2_20x0p75NA_535s50_g70_z1_256pix_basicFLIM_60f_0005.sdt,20260501_KPC_fixed_dishes_on_SLIM::batch1\fitet-sz-c2-b5::4_BKO0430glu10min_740nm_3024mW_u1_poc0p2_20x0p75NA_535s50_g70_z1_256pix_basicFLIM_60f_0005,batch1\fitet-sz-c2-b5,3,"a1, a2, a3, chi2, photons, tau1, tau2, tau3"
4_BKO0430glu10min_740nm_3024mW_u1_poc0p2_20x0p75NA_535s50_g70_z1_256pix_basicFLIM_60f_0005.sdt,20260501_KPC_fixed_dishes_on_SLIM::batch1\fitet-sz-c3-b5::4_BKO0430glu10min_740nm_3024mW_u1_poc0p2_20x0p75NA_535s50_g70_z1_256pix_basicFLIM_60f_0005,batch1\fitet-sz-c3-b5,3,"a1, a2, a3, chi2, photons, tau1, tau2, tau3"
4_BKO0430glu10min_740nm_3024mW_u1_poc0p2_20x0p75NA_535s50_g70_z1_256pix_basicFLIM_60f_0005.sdt,20260501_KPC_fixed_dishes_on_SLIM::batch1\fitet-sz-c3-b7::4_BKO0430glu10min_740nm_3024mW_u1_poc0p2_20x0p75NA_535s50_g70_z1_256pix_basicFLIM_60f_0005,batch1\fitet-sz-c3-b7,3,"a1, a2, a3, chi2, photons, tau1, tau2, tau3"
4_BKO0430glu10min_740nm_3024mW_u1_poc0p2_20x0p75NA_535s50_g70_z1_256pix_basicFLIM_60f_0006.sdt,20260501_KPC_fixed_dishes_on_SLIM::batch1\fitet-sf-2component-b5::4_BKO0430glu10min_740nm_3024mW_u1_poc0p2_20x0p75NA_535s50_g70_z1_256pix_basicFLIM_60f_0006,batch1\fitet-sf-2component-b5,2,"a1, a2, chi2, photons, tau1, tau2"
4_BKO0430glu10min_740nm_3024mW_u1_poc0p2_20x0p75NA_535s50_g70_z1_256pix_basicFLIM_60f_0006.sdt,20260501_KPC_fixed_dishes_on_SLIM::batch1\fitet-sf-3component-b5::4_BKO0430glu10min_740nm_3024mW_u1_poc0p2_20x0p75NA_535s50_g70_z1_256pix_basicFLIM_60f_0006,batch1\fitet-sf-3component-b5,3,"a1, a2, a3, chi2, photons, tau1, tau2, tau3"
4_BKO0430glu10min_740nm_3024mW_u1_poc0p2_20x0p75NA_535s50_g70_z1_256pix_basicFLIM_60f_0006.sdt,20260501_KPC_fixed_dishes_on_SLIM::batch1\fitet-sf-c2-b5::4_BKO0430glu10min_740nm_3024mW_u1_poc0p2_20x0p75NA_535s50_g70_z1_256pix_basicFLIM_60f_0006,batch1\fitet-sf-c2-b5,2,"a1, a2, chi2, photons, tau1, tau2"
4_BKO0430glu10min_740nm_3024mW_u1_poc0p2_20x0p75NA_535s50_g70_z1_256pix_basicFLIM_60f_0006.sdt,20260501_KPC_fixed_dishes_on_SLIM::batch1\fitet-sf-c2-b7::4_BKO0430glu10min_740nm_3024mW_u1_poc0p2_20x0p75NA_535s50_g70_z1_256pix_basicFLIM_60f_0006,batch1\fitet-sf-c2-b7,3,"a1, a2, a3, chi2, photons, tau1, tau2, tau3"
4_BKO0430glu10min_740nm_3024mW_u1_poc0p2_20x0p75NA_535s50_g70_z1_256pix_basicFLIM_60f_0006.sdt,20260501_KPC_fixed_dishes_on_SLIM::batch1\fitet-sf-c3-b5::4_BKO0430glu10min_740nm_3024mW_u1_poc0p2_20x0p75NA_535s50_g70_z1_256pix_basicFLIM_60f_0006,batch1\fitet-sf-c3-b5,3,"a1, a2, a3, chi2, photons, tau1, tau2, tau3"
4_BKO0430glu10min_740nm_3024mW_u1_poc0p2_20x0p75NA_535s50_g70_z1_256pix_basicFLIM_60f_0006.sdt,20260501_KPC_fixed_dishes_on_SLIM::batch1\fitet-sz-1component-b5::4_BKO0430glu10min_740nm_3024mW_u1_poc0p2_20x0p75NA_535s50_g70_z1_256pix_basicFLIM_60f_0006,batch1\fitet-sz-1component-b5,3,"a1, a2, a3, chi2, photons, tau1, tau2, tau3"
4_BKO0430glu10min_740nm_3024mW_u1_poc0p2_20x0p75NA_535s50_g70_z1_256pix_basicFLIM_60f_0006.sdt,20260501_KPC_fixed_dishes_on_SLIM::batch1\fitet-sz-2component-b5::4_BKO0430glu10min_740nm_3024mW_u1_poc0p2_20x0p75NA_535s50_g70_z1_256pix_basicFLIM_60f_0006,batch1\fitet-sz-2component-b5,3,"a1, a2, a3, chi2, photons, tau1, tau2, tau3"
4_BKO0430glu10min_740nm_3024mW_u1_poc0p2_20x0p75NA_535s50_g70_z1_256pix_basicFLIM_60f_0006.sdt,20260501_KPC_fixed_dishes_on_SLIM::batch1\fitet-sz-3component-b5::4_BKO0430glu10min_740nm_3024mW_u1_poc0p2_20x0p75NA_535s50_g70_z1_256pix_basicFLIM_60f_0006,batch1\fitet-sz-3component-b5,3,"a1, a2, a3, chi2, photons, tau1, tau2, tau3"
4_BKO0430glu10min_740nm_3024mW_u1_poc0p2_20x0p75NA_535s50_g70_z1_256pix_basicFLIM_60f_0006.sdt,20260501_KPC_fixed_dishes_on_SLIM::batch1\fitet-sz-c1-b5::4_BKO0430glu10min_740nm_3024mW_u1_poc0p2_20x0p75NA_535s50_g70_z1_256pix_basicFLIM_60f_0006,batch1\fitet-sz-c1-b5,3,"a1, a2, a3, chi2, photons, tau1, tau2, tau3"
4_BKO0430glu10min_740nm_3024mW_u1_poc0p2_20x0p75NA_535s50_g70_z1_256pix_basicFLIM_60f_0006.sdt,20260501_KPC_fixed_dishes_on_SLIM::batch1\fitet-sz-c2-b5::4_BKO0430glu10min_740nm_3024mW_u1_poc0p2_20x0p75NA_535s50_g70_z1_256pix_basicFLIM_60f_0006,batch1\fitet-sz-c2-b5,3,"a1, a2, a3, chi2, photons, tau1, tau2, tau3"
4_BKO0430glu10min_740nm_3024mW_u1_poc0p2_20x0p75NA_535s50_g70_z1_256pix_basicFLIM_60f_0006.sdt,20260501_KPC_fixed_dishes_on_SLIM::batch1\fitet-sz-c3-b5::4_BKO0430glu10min_740nm_3024mW_u1_poc0p2_20x0p75NA_535s50_g70_z1_256pix_basicFLIM_60f_0006,batch1\fitet-sz-c3-b5,3,"a1, a2, a3, chi2, photons, tau1, tau2, tau3"
4_BKO0430glu10min_740nm_3024mW_u1_poc0p2_20x0p75NA_535s50_g70_z1_256pix_basicFLIM_60f_0006.sdt,20260501_KPC_fixed_dishes_on_SLIM::batch1\fitet-sz-c3-b7::4_BKO0430glu10min_740nm_3024mW_u1_poc0p2_20x0p75NA_535s50_g70_z1_256pix_basicFLIM_60f_0006,batch1\fitet-sz-c3-b7,3,"a1, a2, a3, chi2, photons, tau1, tau2, tau3"
4_BKO0430glu10min_740nm_3024mW_u1_poc0p2_20x0p75NA_535s50_g70_z1_256pix_basicFLIM_60f_0007.sdt,20260501_KPC_fixed_dishes_on_SLIM::batch1\fitet-sf-2component-b5::4_BKO0430glu10min_740nm_3024mW_u1_poc0p2_20x0p75NA_535s50_g70_z1_256pix_basicFLIM_60f_0007,batch1\fitet-sf-2component-b5,2,"a1, a2, chi2, photons, tau1, tau2"
4_BKO0430glu10min_740nm_3024mW_u1_poc0p2_20x0p75NA_535s50_g70_z1_256pix_basicFLIM_60f_0007.sdt,20260501_KPC_fixed_dishes_on_SLIM::batch1\fitet-sf-3component-b5::4_BKO0430glu10min_740nm_3024mW_u1_poc0p2_20x0p75NA_535s50_g70_z1_256pix_basicFLIM_60f_0007,batch1\fitet-sf-3component-b5,3,"a1, a2, a3, chi2, photons, tau1, tau2, tau3"
4_BKO0430glu10min_740nm_3024mW_u1_poc0p2_20x0p75NA_535s50_g70_z1_256pix_basicFLIM_60f_0007.sdt,20260501_KPC_fixed_dishes_on_SLIM::batch1\fitet-sf-c2-b5::4_BKO0430glu10min_740nm_3024mW_u1_poc0p2_20x0p75NA_535s50_g70_z1_256pix_basicFLIM_60f_0007,batch1\fitet-sf-c2-b5,2,"a1, a2, chi2, photons, tau1, tau2"
4_BKO0430glu10min_740nm_3024mW_u1_poc0p2_20x0p75NA_535s50_g70_z1_256pix_basicFLIM_60f_0007.sdt,20260501_KPC_fixed_dishes_on_SLIM::batch1\fitet-sf-c2-b7::4_BKO0430glu10min_740nm_3024mW_u1_poc0p2_20x0p75NA_535s50_g70_z1_256pix_basicFLIM_60f_0007,batch1\fitet-sf-c2-b7,3,"a1, a2, a3, chi2, photons, tau1, tau2, tau3"
4_BKO0430glu10min_740nm_3024mW_u1_poc0p2_20x0p75NA_535s50_g70_z1_256pix_basicFLIM_60f_0007.sdt,20260501_KPC_fixed_dishes_on_SLIM::batch1\fitet-sf-c3-b5::4_BKO0430glu10min_740nm_3024mW_u1_poc0p2_20x0p75NA_535s50_g70_z1_256pix_basicFLIM_60f_0007,batch1\fitet-sf-c3-b5,3,"a1, a2, a3, chi2, photons, tau1, tau2, tau3"
4_BKO0430glu10min_740nm_3024mW_u1_poc0p2_20x0p75NA_535s50_g70_z1_256pix_basicFLIM_60f_0007.sdt,20260501_KPC_fixed_dishes_on_SLIM::batch1\fitet-sz-1component-b5::4_BKO0430glu10min_740nm_3024mW_u1_poc0p2_20x0p75NA_535s50_g70_z1_256pix_basicFLIM_60f_0007,batch1\fitet-sz-1component-b5,3,"a1, a2, a3, chi2, photons, tau1, tau2, tau3"
4_BKO0430glu10min_740nm_3024mW_u1_poc0p2_20x0p75NA_535s50_g70_z1_256pix_basicFLIM_60f_0007.sdt,20260501_KPC_fixed_dishes_on_SLIM::batch1\fitet-sz-2component-b5::4_BKO0430glu10min_740nm_3024mW_u1_poc0p2_20x0p75NA_535s50_g70_z1_256pix_basicFLIM_60f_0007,batch1\fitet-sz-2component-b5,3,"a1, a2, a3, chi2, photons, tau1, tau2, tau3"
4_BKO0430glu10min_740nm_3024mW_u1_poc0p2_20x0p75NA_535s50_g70_z1_256pix_basicFLIM_60f_0007.sdt,20260501_KPC_fixed_dishes_on_SLIM::batch1\fitet-sz-3component-b5::4_BKO0430glu10min_740nm_3024mW_u1_poc0p2_20x0p75NA_535s50_g70_z1_256pix_basicFLIM_60f_0007,batch1\fitet-sz-3component-b5,3,"a1, a2, a3, chi2, photons, tau1, tau2, tau3"
4_BKO0430glu10min_740nm_3024mW_u1_poc0p2_20x0p75NA_535s50_g70_z1_256pix_basicFLIM_60f_0007.sdt,20260501_KPC_fixed_dishes_on_SLIM::batch1\fitet-sz-c1-b5::4_BKO0430glu10min_740nm_3024mW_u1_poc0p2_20x0p75NA_535s50_g70_z1_256pix_basicFLIM_60f_0007,batch1\fitet-sz-c1-b5,3,"a1, a2, a3, chi2, photons, tau1, tau2, tau3"
4_BKO0430glu10min_740nm_3024mW_u1_poc0p2_20x0p75NA_535s50_g70_z1_256pix_basicFLIM_60f_0007.sdt,20260501_KPC_fixed_dishes_on_SLIM::batch1\fitet-sz-c2-b5::4_BKO0430glu10min_740nm_3024mW_u1_poc0p2_20x0p75NA_535s50_g70_z1_256pix_basicFLIM_60f_0007,batch1\fitet-sz-c2-b5,3,"a1, a2, a3, chi2, photons, tau1, tau2, tau3"
4_BKO0430glu10min_740nm_3024mW_u1_poc0p2_20x0p75NA_535s50_g70_z1_256pix_basicFLIM_60f_0007.sdt,20260501_KPC_fixed_dishes_on_SLIM::batch1\fitet-sz-c3-b5::4_BKO0430glu10min_740nm_3024mW_u1_poc0p2_20x0p75NA_535s50_g70_z1_256pix_basicFLIM_60f_0007,batch1\fitet-sz-c3-b5,3,"a1, a2, a3, chi2, photons, tau1, tau2, tau3"
4_BKO0430glu10min_740nm_3024mW_u1_poc0p2_20x0p75NA_535s50_g70_z1_256pix_basicFLIM_60f_0007.sdt,20260501_KPC_fixed_dishes_on_SLIM::batch1\fitet-sz-c3-b7::4_BKO0430glu10min_740nm_3024mW_u1_poc0p2_20x0p75NA_535s50_g70_z1_256pix_basicFLIM_60f_0007,batch1\fitet-sz-c3-b7,3,"a1, a2, a3, chi2, photons, tau1, tau2, tau3"
4_BKO0430glu10min_740nm_3024mW_u1_poc0p2_20x0p75NA_535s50_g70_z1_256pix_basicFLIM_60f_0008.sdt,20260501_KPC_fixed_dishes_on_SLIM::batch1\fitet-sf-2component-b5::4_BKO0430glu10min_740nm_3024mW_u1_poc0p2_20x0p75NA_535s50_g70_z1_256pix_basicFLIM_60f_0008,batch1\fitet-sf-2component-b5,2,"a1, a2, chi2, photons, tau1, tau2"
4_BKO0430glu10min_740nm_3024mW_u1_poc0p2_20x0p75NA_535s50_g70_z1_256pix_basicFLIM_60f_0008.sdt,20260501_KPC_fixed_dishes_on_SLIM::batch1\fitet-sf-3component-b5::4_BKO0430glu10min_740nm_3024mW_u1_poc0p2_20x0p75NA_535s50_g70_z1_256pix_basicFLIM_60f_0008,batch1\fitet-sf-3component-b5,3,"a1, a2, a3, chi2, photons, tau1, tau2, tau3"
4_BKO0430glu10min_740nm_3024mW_u1_poc0p2_20x0p75NA_535s50_g70_z1_256pix_basicFLIM_60f_0008.sdt,20260501_KPC_fixed_dishes_on_SLIM::batch1\fitet-sf-c2-b5::4_BKO0430glu10min_740nm_3024mW_u1_poc0p2_20x0p75NA_535s50_g70_z1_256pix_basicFLIM_60f_0008,batch1\fitet-sf-c2-b5,2,"a1, a2, chi2, photons, tau1, tau2"
4_BKO0430glu10min_740nm_3024mW_u1_poc0p2_20x0p75NA_535s50_g70_z1_256pix_basicFLIM_60f_0008.sdt,20260501_KPC_fixed_dishes_on_SLIM::batch1\fitet-sf-c2-b7::4_BKO0430glu10min_740nm_3024mW_u1_poc0p2_20x0p75NA_535s50_g70_z1_256pix_basicFLIM_60f_0008,batch1\fitet-sf-c2-b7,3,"a1, a2, a3, chi2, photons, tau1, tau2, tau3"
4_BKO0430glu10min_740nm_3024mW_u1_poc0p2_20x0p75NA_535s50_g70_z1_256pix_basicFLIM_60f_0008.sdt,20260501_KPC_fixed_dishes_on_SLIM::batch1\fitet-sf-c3-b5::4_BKO0430glu10min_740nm_3024mW_u1_poc0p2_20x0p75NA_535s50_g70_z1_256pix_basicFLIM_60f_0008,batch1\fitet-sf-c3-b5,3,"a1, a2, a3, chi2, photons, tau1, tau2, tau3"
4_BKO0430glu10min_740nm_3024mW_u1_poc0p2_20x0p75NA_535s50_g70_z1_256pix_basicFLIM_60f_0008.sdt,20260501_KPC_fixed_dishes_on_SLIM::batch1\fitet-sz-1component-b5::4_BKO0430glu10min_740nm_3024mW_u1_poc0p2_20x0p75NA_535s50_g70_z1_256pix_basicFLIM_60f_0008,batch1\fitet-sz-1component-b5,3,"a1, a2, a3, chi2, photons, tau1, tau2, tau3"
4_BKO0430glu10min_740nm_3024mW_u1_poc0p2_20x0p75NA_535s50_g70_z1_256pix_basicFLIM_60f_0008.sdt,20260501_KPC_fixed_dishes_on_SLIM::batch1\fitet-sz-2component-b5::4_BKO0430glu10min_740nm_3024mW_u1_poc0p2_20x0p75NA_535s50_g70_z1_256pix_basicFLIM_60f_0008,batch1\fitet-sz-2component-b5,3,"a1, a2, a3, chi2, photons, tau1, tau2, tau3"
4_BKO0430glu10min_740nm_3024mW_u1_poc0p2_20x0p75NA_535s50_g70_z1_256pix_basicFLIM_60f_0008.sdt,20260501_KPC_fixed_dishes_on_SLIM::batch1\fitet-sz-3component-b5::4_BKO0430glu10min_740nm_3024mW_u1_poc0p2_20x0p75NA_535s50_g70_z1_256pix_basicFLIM_60f_0008,batch1\fitet-sz-3component-b5,3,"a1, a2, a3, chi2, photons, tau1, tau2, tau3"
4_BKO0430glu10min_740nm_3024mW_u1_poc0p2_20x0p75NA_535s50_g70_z1_256pix_basicFLIM_60f_0008.sdt,20260501_KPC_fixed_dishes_on_SLIM::batch1\fitet-sz-c1-b5::4_BKO0430glu10min_740nm_3024mW_u1_poc0p2_20x0p75NA_535s50_g70_z1_256pix_basicFLIM_60f_0008,batch1\fitet-sz-c1-b5,3,"a1, a2, a3, chi2, photons, tau1, tau2, tau3"
4_BKO0430glu10min_740nm_3024mW_u1_poc0p2_20x0p75NA_535s50_g70_z1_256pix_basicFLIM_60f_0008.sdt,20260501_KPC_fixed_dishes_on_SLIM::batch1\fitet-sz-c2-b5::4_BKO0430glu10min_740nm_3024mW_u1_poc0p2_20x0p75NA_535s50_g70_z1_256pix_basicFLIM_60f_0008,batch1\fitet-sz-c2-b5,3,"a1, a2, a3, chi2, photons, tau1, tau2, tau3"
4_BKO0430glu10min_740nm_3024mW_u1_poc0p2_20x0p75NA_535s50_g70_z1_256pix_basicFLIM_60f_0008.sdt,20260501_KPC_fixed_dishes_on_SLIM::batch1\fitet-sz-c3-b5::4_BKO0430glu10min_740nm_3024mW_u1_poc0p2_20x0p75NA_535s50_g70_z1_256pix_basicFLIM_60f_0008,batch1\fitet-sz-c3-b5,3,"a1, a2, a3, chi2, photons, tau1, tau2, tau3"
4_BKO0430glu10min_740nm_3024mW_u1_poc0p2_20x0p75NA_535s50_g70_z1_256pix_basicFLIM_60f_0008.sdt,20260501_KPC_fixed_dishes_on_SLIM::batch1\fitet-sz-c3-b7::4_BKO0430glu10min_740nm_3024mW_u1_poc0p2_20x0p75NA_535s50_g70_z1_256pix_basicFLIM_60f_0008,batch1\fitet-sz-c3-b7,3,"a1, a2, a3, chi2, photons, tau1, tau2, tau3"
4_BKO0430glu10min_740nm_3024mW_u1_poc0p2_20x0p75NA_535s50_g70_z1_256pix_basicFLIM_60f_0009.sdt,20260501_KPC_fixed_dishes_on_SLIM::batch1\fitet-sf-2component-b5::4_BKO0430glu10min_740nm_3024mW_u1_poc0p2_20x0p75NA_535s50_g70_z1_256pix_basicFLIM_60f_0009,batch1\fitet-sf-2component-b5,2,"a1, a2, chi2, photons, tau1, tau2"
4_BKO0430glu10min_740nm_3024mW_u1_poc0p2_20x0p75NA_535s50_g70_z1_256pix_basicFLIM_60f_0009.sdt,20260501_KPC_fixed_dishes_on_SLIM::batch1\fitet-sf-3component-b5::4_BKO0430glu10min_740nm_3024mW_u1_poc0p2_20x0p75NA_535s50_g70_z1_256pix_basicFLIM_60f_0009,batch1\fitet-sf-3component-b5,3,"a1, a2, a3, chi2, photons, tau1, tau2, tau3"
4_BKO0430glu10min_740nm_3024mW_u1_poc0p2_20x0p75NA_535s50_g70_z1_256pix_basicFLIM_60f_0009.sdt,20260501_KPC_fixed_dishes_on_SLIM::batch1\fitet-sf-c2-b5::4_BKO0430glu10min_740nm_3024mW_u1_poc0p2_20x0p75NA_535s50_g70_z1_256pix_basicFLIM_60f_0009,batch1\fitet-sf-c2-b5,2,"a1, a2, chi2, photons, tau1, tau2"
4_BKO0430glu10min_740nm_3024mW_u1_poc0p2_20x0p75NA_535s50_g70_z1_256pix_basicFLIM_60f_0009.sdt,20260501_KPC_fixed_dishes_on_SLIM::batch1\fitet-sf-c2-b7::4_BKO0430glu10min_740nm_3024mW_u1_poc0p2_20x0p75NA_535s50_g70_z1_256pix_basicFLIM_60f_0009,batch1\fitet-sf-c2-b7,3,"a1, a2, a3, chi2, photons, tau1, tau2, tau3"
4_BKO0430glu10min_740nm_3024mW_u1_poc0p2_20x0p75NA_535s50_g70_z1_256pix_basicFLIM_60f_0009.sdt,20260501_KPC_fixed_dishes_on_SLIM::batch1\fitet-sf-c3-b5::4_BKO0430glu10min_740nm_3024mW_u1_poc0p2_20x0p75NA_535s50_g70_z1_256pix_basicFLIM_60f_0009,batch1\fitet-sf-c3-b5,3,"a1, a2, a3, chi2, photons, tau1, tau2, tau3"
4_BKO0430glu10min_740nm_3024mW_u1_poc0p2_20x0p75NA_535s50_g70_z1_256pix_basicFLIM_60f_0009.sdt,20260501_KPC_fixed_dishes_on_SLIM::batch1\fitet-sz-1component-b5::4_BKO0430glu10min_740nm_3024mW_u1_poc0p2_20x0p75NA_535s50_g70_z1_256pix_basicFLIM_60f_0009,batch1\fitet-sz-1component-b5,3,"a1, a2, a3, chi2, photons, tau1, tau2, tau3"
4_BKO0430glu10min_740nm_3024mW_u1_poc0p2_20x0p75NA_535s50_g70_z1_256pix_basicFLIM_60f_0009.sdt,20260501_KPC_fixed_dishes_on_SLIM::batch1\fitet-sz-2component-b5::4_BKO0430glu10min_740nm_3024mW_u1_poc0p2_20x0p75NA_535s50_g70_z1_256pix_basicFLIM_60f_0009,batch1\fitet-sz-2component-b5,3,"a1, a2, a3, chi2, photons, tau1, tau2, tau3"
4_BKO0430glu10min_740nm_3024mW_u1_poc0p2_20x0p75NA_535s50_g70_z1_256pix_basicFLIM_60f_0009.sdt,20260501_KPC_fixed_dishes_on_SLIM::batch1\fitet-sz-3component-b5::4_BKO0430glu10min_740nm_3024mW_u1_poc0p2_20x0p75NA_535s50_g70_z1_256pix_basicFLIM_60f_0009,batch1\fitet-sz-3component-b5,3,"a1, a2, a3, chi2, photons, tau1, tau2, tau3"
4_BKO0430glu10min_740nm_3024mW_u1_poc0p2_20x0p75NA_535s50_g70_z1_256pix_basicFLIM_60f_0009.sdt,20260501_KPC_fixed_dishes_on_SLIM::batch1\fitet-sz-c1-b5::4_BKO0430glu10min_740nm_3024mW_u1_poc0p2_20x0p75NA_535s50_g70_z1_256pix_basicFLIM_60f_0009,batch1\fitet-sz-c1-b5,3,"a1, a2, a3, chi2, photons, tau1, tau2, tau3"
4_BKO0430glu10min_740nm_3024mW_u1_poc0p2_20x0p75NA_535s50_g70_z1_256pix_basicFLIM_60f_0009.sdt,20260501_KPC_fixed_dishes_on_SLIM::batch1\fitet-sz-c2-b5::4_BKO0430glu10min_740nm_3024mW_u1_poc0p2_20x0p75NA_535s50_g70_z1_256pix_basicFLIM_60f_0009,batch1\fitet-sz-c2-b5,3,"a1, a2, a3, chi2, photons, tau1, tau2, tau3"
4_BKO0430glu10min_740nm_3024mW_u1_poc0p2_20x0p75NA_535s50_g70_z1_256pix_basicFLIM_60f_0009.sdt,20260501_KPC_fixed_dishes_on_SLIM::batch1\fitet-sz-c3-b5::4_BKO0430glu10min_740nm_3024mW_u1_poc0p2_20x0p75NA_535s50_g70_z1_256pix_basicFLIM_60f_0009,batch1\fitet-sz-c3-b5,3,"a1, a2, a3, chi2, photons, tau1, tau2, tau3"
4_BKO0430glu10min_740nm_3024mW_u1_poc0p2_20x0p75NA_535s50_g70_z1_256pix_basicFLIM_60f_0009.sdt,20260501_KPC_fixed_dishes_on_SLIM::batch1\fitet-sz-c3-b7::4_BKO0430glu10min_740nm_3024mW_u1_poc0p2_20x0p75NA_535s50_g70_z1_256pix_basicFLIM_60f_0009,batch1\fitet-sz-c3-b7,3,"a1, a2, a3, chi2, photons, tau1, tau2, tau3"
4_BKO0430glu10min_740nm_3024mW_u1_poc0p2_20x0p75NA_535s50_g70_z1_256pix_basicFLIM_40f_0000.sdt,20260501_KPC_fixed_dishes_on_SLIM::batch1\fitet-sf-2component-b5::4_BKO0430glu10min_740nm_3024mW_u1_poc0p2_20x0p75NA_535s50_g70_z1_256pix_basicFLIM_40f_0000,batch1\fitet-sf-2component-b5,2,"a1, a2, chi2, photons, tau1, tau2"
4_BKO0430glu10min_740nm_3024mW_u1_poc0p2_20x0p75NA_535s50_g70_z1_256pix_basicFLIM_40f_0000.sdt,20260501_KPC_fixed_dishes_on_SLIM::batch1\fitet-sf-3component-b5::4_BKO0430glu10min_740nm_3024mW_u1_poc0p2_20x0p75NA_535s50_g70_z1_256pix_basicFLIM_40f_0000,batch1\fitet-sf-3component-b5,3,"a1, a2, a3, chi2, photons, tau1, tau2, tau3"
4_BKO0430glu10min_740nm_3024mW_u1_poc0p2_20x0p75NA_535s50_g70_z1_256pix_basicFLIM_40f_0000.sdt,20260501_KPC_fixed_dishes_on_SLIM::batch1\fitet-sf-c2-b5::4_BKO0430glu10min_740nm_3024mW_u1_poc0p2_20x0p75NA_535s50_g70_z1_256pix_basicFLIM_40f_0000,batch1\fitet-sf-c2-b5,2,"a1, a2, chi2, photons, tau1, tau2"
4_BKO0430glu10min_740nm_3024mW_u1_poc0p2_20x0p75NA_535s50_g70_z1_256pix_basicFLIM_40f_0000.sdt,20260501_KPC_fixed_dishes_on_SLIM::batch1\fitet-sf-c2-b7::4_BKO0430glu10min_740nm_3024mW_u1_poc0p2_20x0p75NA_535s50_g70_z1_256pix_basicFLIM_40f_0000,batch1\fitet-sf-c2-b7,3,"a1, a2, a3, chi2, photons, tau1, tau2, tau3"
4_BKO0430glu10min_740nm_3024mW_u1_poc0p2_20x0p75NA_535s50_g70_z1_256pix_basicFLIM_40f_0000.sdt,20260501_KPC_fixed_dishes_on_SLIM::batch1\fitet-sf-c3-b5::4_BKO0430glu10min_740nm_3024mW_u1_poc0p2_20x0p75NA_535s50_g70_z1_256pix_basicFLIM_40f_0000,batch1\fitet-sf-c3-b5,3,"a1, a2, a3, chi2, photons, tau1, tau2, tau3"
4_BKO0430glu10min_740nm_3024mW_u1_poc0p2_20x0p75NA_535s50_g70_z1_256pix_basicFLIM_40f_0000.sdt,20260501_KPC_fixed_dishes_on_SLIM::batch1\fitet-sz-1component-b5::4_BKO0430glu10min_740nm_3024mW_u1_poc0p2_20x0p75NA_535s50_g70_z1_256pix_basicFLIM_40f_0000,batch1\fitet-sz-1component-b5,3,"a1, a2, a3, chi2, photons, tau1, tau2, tau3"
4_BKO0430glu10min_740nm_3024mW_u1_poc0p2_20x0p75NA_535s50_g70_z1_256pix_basicFLIM_40f_0000.sdt,20260501_KPC_fixed_dishes_on_SLIM::batch1\fitet-sz-2component-b5::4_BKO0430glu10min_740nm_3024mW_u1_poc0p2_20x0p75NA_535s50_g70_z1_256pix_basicFLIM_40f_0000,batch1\fitet-sz-2component-b5,3,"a1, a2, a3, chi2, photons, tau1, tau2, tau3"
4_BKO0430glu10min_740nm_3024mW_u1_poc0p2_20x0p75NA_535s50_g70_z1_256pix_basicFLIM_40f_0000.sdt,20260501_KPC_fixed_dishes_on_SLIM::batch1\fitet-sz-3component-b5::4_BKO0430glu10min_740nm_3024mW_u1_poc0p2_20x0p75NA_535s50_g70_z1_256pix_basicFLIM_40f_0000,batch1\fitet-sz-3component-b5,3,"a1, a2, a3, chi2, photons, tau1, tau2, tau3"
4_BKO0430glu10min_740nm_3024mW_u1_poc0p2_20x0p75NA_535s50_g70_z1_256pix_basicFLIM_40f_0000.sdt,20260501_KPC_fixed_dishes_on_SLIM::batch1\fitet-sz-c1-b5::4_BKO0430glu10min_740nm_3024mW_u1_poc0p2_20x0p75NA_535s50_g70_z1_256pix_basicFLIM_40f_0000,batch1\fitet-sz-c1-b5,3,"a1, a2, a3, chi2, photons, tau1, tau2, tau3"
4_BKO0430glu10min_740nm_3024mW_u1_poc0p2_20x0p75NA_535s50_g70_z1_256pix_basicFLIM_40f_0000.sdt,20260501_KPC_fixed_dishes_on_SLIM::batch1\fitet-sz-c2-b5::4_BKO0430glu10min_740nm_3024mW_u1_poc0p2_20x0p75NA_535s50_g70_z1_256pix_basicFLIM_40f_0000,batch1\fitet-sz-c2-b5,3,"a1, a2, a3, chi2, photons, tau1, tau2, tau3"
4_BKO0430glu10min_740nm_3024mW_u1_poc0p2_20x0p75NA_535s50_g70_z1_256pix_basicFLIM_40f_0000.sdt,20260501_KPC_fixed_dishes_on_SLIM::batch1\fitet-sz-c3-b5::4_BKO0430glu10min_740nm_3024mW_u1_poc0p2_20x0p75NA_535s50_g70_z1_256pix_basicFLIM_40f_0000,batch1\fitet-sz-c3-b5,3,"a1, a2, a3, chi2, photons, tau1, tau2, tau3"
4_BKO0430glu10min_740nm_3024mW_u1_poc0p2_20x0p75NA_535s50_g70_z1_256pix_basicFLIM_40f_0000.sdt,20260501_KPC_fixed_dishes_on_SLIM::batch1\fitet-sz-c3-b7::4_BKO0430glu10min_740nm_3024mW_u1_poc0p2_20x0p75NA_535s50_g70_z1_256pix_basicFLIM_40f_0000,batch1\fitet-sz-c3-b7,3,"a1, a2, a3, chi2, photons, tau1, tau2, tau3"
4_BKO0430glu10min_740nm_3024mW_u1_poc0p2_20x0p75NA_535s50_g70_z1_256pix_basicFLIM_40f_0001.sdt,20260501_KPC_fixed_dishes_on_SLIM::batch1\fitet-sf-2component-b5::4_BKO0430glu10min_740nm_3024mW_u1_poc0p2_20x0p75NA_535s50_g70_z1_256pix_basicFLIM_40f_0001,batch1\fitet-sf-2component-b5,2,"a1, a2, chi2, photons, tau1, tau2"
4_BKO0430glu10min_740nm_3024mW_u1_poc0p2_20x0p75NA_535s50_g70_z1_256pix_basicFLIM_40f_0001.sdt,20260501_KPC_fixed_dishes_on_SLIM::batch1\fitet-sf-3component-b5::4_BKO0430glu10min_740nm_3024mW_u1_poc0p2_20x0p75NA_535s50_g70_z1_256pix_basicFLIM_40f_0001,batch1\fitet-sf-3component-b5,3,"a1, a2, a3, chi2, photons, tau1, tau2, tau3"
4_BKO0430glu10min_740nm_3024mW_u1_poc0p2_20x0p75NA_535s50_g70_z1_256pix_basicFLIM_40f_0001.sdt,20260501_KPC_fixed_dishes_on_SLIM::batch1\fitet-sf-c2-b5::4_BKO0430glu10min_740nm_3024mW_u1_poc0p2_20x0p75NA_535s50_g70_z1_256pix_basicFLIM_40f_0001,batch1\fitet-sf-c2-b5,2,"a1, a2, chi2, photons, tau1, tau2"
4_BKO0430glu10min_740nm_3024mW_u1_poc0p2_20x0p75NA_535s50_g70_z1_256pix_basicFLIM_40f_0001.sdt,20260501_KPC_fixed_dishes_on_SLIM::batch1\fitet-sf-c2-b7::4_BKO0430glu10min_740nm_3024mW_u1_poc0p2_20x0p75NA_535s50_g70_z1_256pix_basicFLIM_40f_0001,batch1\fitet-sf-c2-b7,3,"a1, a2, a3, chi2, photons, tau1, tau2, tau3"
4_BKO0430glu10min_740nm_3024mW_u1_poc0p2_20x0p75NA_535s50_g70_z1_256pix_basicFLIM_40f_0001.sdt,20260501_KPC_fixed_dishes_on_SLIM::batch1\fitet-sf-c3-b5::4_BKO0430glu10min_740nm_3024mW_u1_poc0p2_20x0p75NA_535s50_g70_z1_256pix_basicFLIM_40f_0001,batch1\fitet-sf-c3-b5,3,"a1, a2, a3, chi2, photons, tau1, tau2, tau3"
4_BKO0430glu10min_740nm_3024mW_u1_poc0p2_20x0p75NA_535s50_g70_z1_256pix_basicFLIM_40f_0001.sdt,20260501_KPC_fixed_dishes_on_SLIM::batch1\fitet-sz-1component-b5::4_BKO0430glu10min_740nm_3024mW_u1_poc0p2_20x0p75NA_535s50_g70_z1_256pix_basicFLIM_40f_0001,batch1\fitet-sz-1component-b5,3,"a1, a2, a3, chi2, photons, tau1, tau2, tau3"
4_BKO0430glu10min_740nm_3024mW_u1_poc0p2_20x0p75NA_535s50_g70_z1_256pix_basicFLIM_40f_0001.sdt,20260501_KPC_fixed_dishes_on_SLIM::batch1\fitet-sz-2component-b5::4_BKO0430glu10min_740nm_3024mW_u1_poc0p2_20x0p75NA_535s50_g70_z1_256pix_basicFLIM_40f_0001,batch1\fitet-sz-2component-b5,3,"a1, a2, a3, chi2, photons, tau1, tau2, tau3"
4_BKO0430glu10min_740nm_3024mW_u1_poc0p2_20x0p75NA_535s50_g70_z1_256pix_basicFLIM_40f_0001.sdt,20260501_KPC_fixed_dishes_on_SLIM::batch1\fitet-sz-3component-b5::4_BKO0430glu10min_740nm_3024mW_u1_poc0p2_20x0p75NA_535s50_g70_z1_256pix_basicFLIM_40f_0001,batch1\fitet-sz-3component-b5,3,"a1, a2, a3, chi2, photons, tau1, tau2, tau3"
4_BKO0430glu10min_740nm_3024mW_u1_poc0p2_20x0p75NA_535s50_g70_z1_256pix_basicFLIM_40f_0001.sdt,20260501_KPC_fixed_dishes_on_SLIM::batch1\fitet-sz-c1-b5::4_BKO0430glu10min_740nm_3024mW_u1_poc0p2_20x0p75NA_535s50_g70_z1_256pix_basicFLIM_40f_0001,batch1\fitet-sz-c1-b5,3,"a1, a2, a3, chi2, photons, tau1, tau2, tau3"
4_BKO0430glu10min_740nm_3024mW_u1_poc0p2_20x0p75NA_535s50_g70_z1_256pix_basicFLIM_40f_0001.sdt,20260501_KPC_fixed_dishes_on_SLIM::batch1\fitet-sz-c2-b5::4_BKO0430glu10min_740nm_3024mW_u1_poc0p2_20x0p75NA_535s50_g70_z1_256pix_basicFLIM_40f_0001,batch1\fitet-sz-c2-b5,3,"a1, a2, a3, chi2, photons, tau1, tau2, tau3"
4_BKO0430glu10min_740nm_3024mW_u1_poc0p2_20x0p75NA_535s50_g70_z1_256pix_basicFLIM_40f_0001.sdt,20260501_KPC_fixed_dishes_on_SLIM::batch1\fitet-sz-c3-b5::4_BKO0430glu10min_740nm_3024mW_u1_poc0p2_20x0p75NA_535s50_g70_z1_256pix_basicFLIM_40f_0001,batch1\fitet-sz-c3-b5,3,"a1, a2, a3, chi2, photons, tau1, tau2, tau3"
4_BKO0430glu10min_740nm_3024mW_u1_poc0p2_20x0p75NA_535s50_g70_z1_256pix_basicFLIM_40f_0001.sdt,20260501_KPC_fixed_dishes_on_SLIM::batch1\fitet-sz-c3-b7::4_BKO0430glu10min_740nm_3024mW_u1_poc0p2_20x0p75NA_535s50_g70_z1_256pix_basicFLIM_40f_0001,batch1\fitet-sz-c3-b7,3,"a1, a2, a3, chi2, photons, tau1, tau2, tau3"
4_BKO0430glu10min_740nm_3024mW_u1_poc0p2_20x0p75NA_535s50_g70_z1_256pix_basicFLIM_40f_0002.sdt,20260501_KPC_fixed_dishes_on_SLIM::batch1\fitet-sf-2component-b5::4_BKO0430glu10min_740nm_3024mW_u1_poc0p2_20x0p75NA_535s50_g70_z1_256pix_basicFLIM_40f_0002,batch1\fitet-sf-2component-b5,2,"a1, a2, chi2, photons, tau1, tau2"
4_BKO0430glu10min_740nm_3024mW_u1_poc0p2_20x0p75NA_535s50_g70_z1_256pix_basicFLIM_40f_0002.sdt,20260501_KPC_fixed_dishes_on_SLIM::batch1\fitet-sf-3component-b5::4_BKO0430glu10min_740nm_3024mW_u1_poc0p2_20x0p75NA_535s50_g70_z1_256pix_basicFLIM_40f_0002,batch1\fitet-sf-3component-b5,3,"a1, a2, a3, chi2, photons, tau1, tau2, tau3"
4_BKO0430glu10min_740nm_3024mW_u1_poc0p2_20x0p75NA_535s50_g70_z1_256pix_basicFLIM_40f_0002.sdt,20260501_KPC_fixed_dishes_on_SLIM::batch1\fitet-sf-c2-b5::4_BKO0430glu10min_740nm_3024mW_u1_poc0p2_20x0p75NA_535s50_g70_z1_256pix_basicFLIM_40f_0002,batch1\fitet-sf-c2-b5,2,"a1, a2, chi2, photons, tau1, tau2"
4_BKO0430glu10min_740nm_3024mW_u1_poc0p2_20x0p75NA_535s50_g70_z1_256pix_basicFLIM_40f_0002.sdt,20260501_KPC_fixed_dishes_on_SLIM::batch1\fitet-sf-c2-b7::4_BKO0430glu10min_740nm_3024mW_u1_poc0p2_20x0p75NA_535s50_g70_z1_256pix_basicFLIM_40f_0002,batch1\fitet-sf-c2-b7,3,"a1, a2, a3, chi2, photons, tau1, tau2, tau3"
4_BKO0430glu10min_740nm_3024mW_u1_poc0p2_20x0p75NA_535s50_g70_z1_256pix_basicFLIM_40f_0002.sdt,20260501_KPC_fixed_dishes_on_SLIM::batch1\fitet-sf-c3-b5::4_BKO0430glu10min_740nm_3024mW_u1_poc0p2_20x0p75NA_535s50_g70_z1_256pix_basicFLIM_40f_0002,batch1\fitet-sf-c3-b5,3,"a1, a2, a3, chi2, photons, tau1, tau2, tau3"
4_BKO0430glu10min_740nm_3024mW_u1_poc0p2_20x0p75NA_535s50_g70_z1_256pix_basicFLIM_40f_0002.sdt,20260501_KPC_fixed_dishes_on_SLIM::batch1\fitet-sz-1component-b5::4_BKO0430glu10min_740nm_3024mW_u1_poc0p2_20x0p75NA_535s50_g70_z1_256pix_basicFLIM_40f_0002,batch1\fitet-sz-1component-b5,3,"a1, a2, a3, chi2, photons, tau1, tau2, tau3"
4_BKO0430glu10min_740nm_3024mW_u1_poc0p2_20x0p75NA_535s50_g70_z1_256pix_basicFLIM_40f_0002.sdt,20260501_KPC_fixed_dishes_on_SLIM::batch1\fitet-sz-2component-b5::4_BKO0430glu10min_740nm_3024mW_u1_poc0p2_20x0p75NA_535s50_g70_z1_256pix_basicFLIM_40f_0002,batch1\fitet-sz-2component-b5,3,"a1, a2, a3, chi2, photons, tau1, tau2, tau3"
4_BKO0430glu10min_740nm_3024mW_u1_poc0p2_20x0p75NA_535s50_g70_z1_256pix_basicFLIM_40f_0002.sdt,20260501_KPC_fixed_dishes_on_SLIM::batch1\fitet-sz-3component-b5::4_BKO0430glu10min_740nm_3024mW_u1_poc0p2_20x0p75NA_535s50_g70_z1_256pix_basicFLIM_40f_0002,batch1\fitet-sz-3component-b5,3,"a1, a2, a3, chi2, photons, tau1, tau2, tau3"
4_BKO0430glu10min_740nm_3024mW_u1_poc0p2_20x0p75NA_535s50_g70_z1_256pix_basicFLIM_40f_0002.sdt,20260501_KPC_fixed_dishes_on_SLIM::batch1\fitet-sz-c1-b5::4_BKO0430glu10min_740nm_3024mW_u1_poc0p2_20x0p75NA_535s50_g70_z1_256pix_basicFLIM_40f_0002,batch1\fitet-sz-c1-b5,3,"a1, a2, a3, chi2, photons, tau1, tau2, tau3"
4_BKO0430glu10min_740nm_3024mW_u1_poc0p2_20x0p75NA_535s50_g70_z1_256pix_basicFLIM_40f_0002.sdt,20260501_KPC_fixed_dishes_on_SLIM::batch1\fitet-sz-c2-b5::4_BKO0430glu10min_740nm_3024mW_u1_poc0p2_20x0p75NA_535s50_g70_z1_256pix_basicFLIM_40f_0002,batch1\fitet-sz-c2-b5,3,"a1, a2, a3, chi2, photons, tau1, tau2, tau3"
4_BKO0430glu10min_740nm_3024mW_u1_poc0p2_20x0p75NA_535s50_g70_z1_256pix_basicFLIM_40f_0002.sdt,20260501_KPC_fixed_dishes_on_SLIM::batch1\fitet-sz-c3-b5::4_BKO0430glu10min_740nm_3024mW_u1_poc0p2_20x0p75NA_535s50_g70_z1_256pix_basicFLIM_40f_0002,batch1\fitet-sz-c3-b5,3,"a1, a2, a3, chi2, photons, tau1, tau2, tau3"
4_BKO0430glu10min_740nm_3024mW_u1_poc0p2_20x0p75NA_535s50_g70_z1_256pix_basicFLIM_40f_0002.sdt,20260501_KPC_fixed_dishes_on_SLIM::batch1\fitet-sz-c3-b7::4_BKO0430glu10min_740nm_3024mW_u1_poc0p2_20x0p75NA_535s50_g70_z1_256pix_basicFLIM_40f_0002,batch1\fitet-sz-c3-b7,3,"a1, a2, a3, chi2, photons, tau1, tau2, tau3"
4_BKO0430glu10min_740nm_3024mW_u1_poc0p2_20x0p75NA_535s50_g70_z1_256pix_basicFLIM_40f_0003.sdt,20260501_KPC_fixed_dishes_on_SLIM::batch1\fitet-sf-2component-b5::4_BKO0430glu10min_740nm_3024mW_u1_poc0p2_20x0p75NA_535s50_g70_z1_256pix_basicFLIM_40f_0003,batch1\fitet-sf-2component-b5,2,"a1, a2, chi2, photons, tau1, tau2"
4_BKO0430glu10min_740nm_3024mW_u1_poc0p2_20x0p75NA_535s50_g70_z1_256pix_basicFLIM_40f_0003.sdt,20260501_KPC_fixed_dishes_on_SLIM::batch1\fitet-sf-3component-b5::4_BKO0430glu10min_740nm_3024mW_u1_poc0p2_20x0p75NA_535s50_g70_z1_256pix_basicFLIM_40f_0003,batch1\fitet-sf-3component-b5,3,"a1, a2, a3, chi2, photons, tau1, tau2, tau3"
4_BKO0430glu10min_740nm_3024mW_u1_poc0p2_20x0p75NA_535s50_g70_z1_256pix_basicFLIM_40f_0003.sdt,20260501_KPC_fixed_dishes_on_SLIM::batch1\fitet-sf-c2-b5::4_BKO0430glu10min_740nm_3024mW_u1_poc0p2_20x0p75NA_535s50_g70_z1_256pix_basicFLIM_40f_0003,batch1\fitet-sf-c2-b5,2,"a1, a2, chi2, photons, tau1, tau2"
4_BKO0430glu10min_740nm_3024mW_u1_poc0p2_20x0p75NA_535s50_g70_z1_256pix_basicFLIM_40f_0003.sdt,20260501_KPC_fixed_dishes_on_SLIM::batch1\fitet-sf-c2-b7::4_BKO0430glu10min_740nm_3024mW_u1_poc0p2_20x0p75NA_535s50_g70_z1_256pix_basicFLIM_40f_0003,batch1\fitet-sf-c2-b7,3,"a1, a2, a3, chi2, photons, tau1, tau2, tau3"
4_BKO0430glu10min_740nm_3024mW_u1_poc0p2_20x0p75NA_535s50_g70_z1_256pix_basicFLIM_40f_0003.sdt,20260501_KPC_fixed_dishes_on_SLIM::batch1\fitet-sf-c3-b5::4_BKO0430glu10min_740nm_3024mW_u1_poc0p2_20x0p75NA_535s50_g70_z1_256pix_basicFLIM_40f_0003,batch1\fitet-sf-c3-b5,3,"a1, a2, a3, chi2, photons, tau1, tau2, tau3"
4_BKO0430glu10min_740nm_3024mW_u1_poc0p2_20x0p75NA_535s50_g70_z1_256pix_basicFLIM_40f_0003.sdt,20260501_KPC_fixed_dishes_on_SLIM::batch1\fitet-sz-1component-b5::4_BKO0430glu10min_740nm_3024mW_u1_poc0p2_20x0p75NA_535s50_g70_z1_256pix_basicFLIM_40f_0003,batch1\fitet-sz-1component-b5,3,"a1, a2, a3, chi2, photons, tau1, tau2, tau3"
4_BKO0430glu10min_740nm_3024mW_u1_poc0p2_20x0p75NA_535s50_g70_z1_256pix_basicFLIM_40f_0003.sdt,20260501_KPC_fixed_dishes_on_SLIM::batch1\fitet-sz-2component-b5::4_BKO0430glu10min_740nm_3024mW_u1_poc0p2_20x0p75NA_535s50_g70_z1_256pix_basicFLIM_40f_0003,batch1\fitet-sz-2component-b5,3,"a1, a2, a3, chi2, photons, tau1, tau2, tau3"
4_BKO0430glu10min_740nm_3024mW_u1_poc0p2_20x0p75NA_535s50_g70_z1_256pix_basicFLIM_40f_0003.sdt,20260501_KPC_fixed_dishes_on_SLIM::batch1\fitet-sz-3component-b5::4_BKO0430glu10min_740nm_3024mW_u1_poc0p2_20x0p75NA_535s50_g70_z1_256pix_basicFLIM_40f_0003,batch1\fitet-sz-3component-b5,3,"a1, a2, a3, chi2, photons, tau1, tau2, tau3"
4_BKO0430glu10min_740nm_3024mW_u1_poc0p2_20x0p75NA_535s50_g70_z1_256pix_basicFLIM_40f_0003.sdt,20260501_KPC_fixed_dishes_on_SLIM::batch1\fitet-sz-c1-b5::4_BKO0430glu10min_740nm_3024mW_u1_poc0p2_20x0p75NA_535s50_g70_z1_256pix_basicFLIM_40f_0003,batch1\fitet-sz-c1-b5,3,"a1, a2, a3, chi2, photons, tau1, tau2, tau3"
4_BKO0430glu10min_740nm_3024mW_u1_poc0p2_20x0p75NA_535s50_g70_z1_256pix_basicFLIM_40f_0003.sdt,20260501_KPC_fixed_dishes_on_SLIM::batch1\fitet-sz-c2-b5::4_BKO0430glu10min_740nm_3024mW_u1_poc0p2_20x0p75NA_535s50_g70_z1_256pix_basicFLIM_40f_0003,batch1\fitet-sz-c2-b5,3,"a1, a2, a3, chi2, photons, tau1, tau2, tau3"
4_BKO0430glu10min_740nm_3024mW_u1_poc0p2_20x0p75NA_535s50_g70_z1_256pix_basicFLIM_40f_0003.sdt,20260501_KPC_fixed_dishes_on_SLIM::batch1\fitet-sz-c3-b5::4_BKO0430glu10min_740nm_3024mW_u1_poc0p2_20x0p75NA_535s50_g70_z1_256pix_basicFLIM_40f_0003,batch1\fitet-sz-c3-b5,3,"a1, a2, a3, chi2, photons, tau1, tau2, tau3"
4_BKO0430glu10min_740nm_3024mW_u1_poc0p2_20x0p75NA_535s50_g70_z1_256pix_basicFLIM_40f_0003.sdt,20260501_KPC_fixed_dishes_on_SLIM::batch1\fitet-sz-c3-b7::4_BKO0430glu10min_740nm_3024mW_u1_poc0p2_20x0p75NA_535s50_g70_z1_256pix_basicFLIM_40f_0003,batch1\fitet-sz-c3-b7,3,"a1, a2, a3, chi2, photons, tau1, tau2, tau3"
4_BKO0430glu10min_740nm_3024mW_u1_poc0p2_20x0p75NA_535s50_g70_z1_256pix_basicFLIM_40f_0004.sdt,20260501_KPC_fixed_dishes_on_SLIM::batch1\fitet-sf-2component-b5::4_BKO0430glu10min_740nm_3024mW_u1_poc0p2_20x0p75NA_535s50_g70_z1_256pix_basicFLIM_40f_0004,batch1\fitet-sf-2component-b5,2,"a1, a2, chi2, photons, tau1, tau2"
4_BKO0430glu10min_740nm_3024mW_u1_poc0p2_20x0p75NA_535s50_g70_z1_256pix_basicFLIM_40f_0004.sdt,20260501_KPC_fixed_dishes_on_SLIM::batch1\fitet-sf-3component-b5::4_BKO0430glu10min_740nm_3024mW_u1_poc0p2_20x0p75NA_535s50_g70_z1_256pix_basicFLIM_40f_0004,batch1\fitet-sf-3component-b5,3,"a1, a2, a3, chi2, photons, tau1, tau2, tau3"
4_BKO0430glu10min_740nm_3024mW_u1_poc0p2_20x0p75NA_535s50_g70_z1_256pix_basicFLIM_40f_0004.sdt,20260501_KPC_fixed_dishes_on_SLIM::batch1\fitet-sf-c2-b5::4_BKO0430glu10min_740nm_3024mW_u1_poc0p2_20x0p75NA_535s50_g70_z1_256pix_basicFLIM_40f_0004,batch1\fitet-sf-c2-b5,2,"a1, a2, chi2, photons, tau1, tau2"
4_BKO0430glu10min_740nm_3024mW_u1_poc0p2_20x0p75NA_535s50_g70_z1_256pix_basicFLIM_40f_0004.sdt,20260501_KPC_fixed_dishes_on_SLIM::batch1\fitet-sf-c2-b7::4_BKO0430glu10min_740nm_3024mW_u1_poc0p2_20x0p75NA_535s50_g70_z1_256pix_basicFLIM_40f_0004,batch1\fitet-sf-c2-b7,3,"a1, a2, a3, chi2, photons, tau1, tau2, tau3"
4_BKO0430glu10min_740nm_3024mW_u1_poc0p2_20x0p75NA_535s50_g70_z1_256pix_basicFLIM_40f_0004.sdt,20260501_KPC_fixed_dishes_on_SLIM::batch1\fitet-sf-c3-b5::4_BKO0430glu10min_740nm_3024mW_u1_poc0p2_20x0p75NA_535s50_g70_z1_256pix_basicFLIM_40f_0004,batch1\fitet-sf-c3-b5,3,"a1, a2, a3, chi2, photons, tau1, tau2, tau3"
4_BKO0430glu10min_740nm_3024mW_u1_poc0p2_20x0p75NA_535s50_g70_z1_256pix_basicFLIM_40f_0004.sdt,20260501_KPC_fixed_dishes_on_SLIM::batch1\fitet-sz-1component-b5::4_BKO0430glu10min_740nm_3024mW_u1_poc0p2_20x0p75NA_535s50_g70_z1_256pix_basicFLIM_40f_0004,batch1\fitet-sz-1component-b5,3,"a1, a2, a3, chi2, photons, tau1, tau2, tau3"
4_BKO0430glu10min_740nm_3024mW_u1_poc0p2_20x0p75NA_535s50_g70_z1_256pix_basicFLIM_40f_0004.sdt,20260501_KPC_fixed_dishes_on_SLIM::batch1\fitet-sz-2component-b5::4_BKO0430glu10min_740nm_3024mW_u1_poc0p2_20x0p75NA_535s50_g70_z1_256pix_basicFLIM_40f_0004,batch1\fitet-sz-2component-b5,3,"a1, a2, a3, chi2, photons, tau1, tau2, tau3"
4_BKO0430glu10min_740nm_3024mW_u1_poc0p2_20x0p75NA_535s50_g70_z1_256pix_basicFLIM_40f_0004.sdt,20260501_KPC_fixed_dishes_on_SLIM::batch1\fitet-sz-3component-b5::4_BKO0430glu10min_740nm_3024mW_u1_poc0p2_20x0p75NA_535s50_g70_z1_256pix_basicFLIM_40f_0004,batch1\fitet-sz-3component-b5,3,"a1, a2, a3, chi2, photons, tau1, tau2, tau3"
4_BKO0430glu10min_740nm_3024mW_u1_poc0p2_20x0p75NA_535s50_g70_z1_256pix_basicFLIM_40f_0004.sdt,20260501_KPC_fixed_dishes_on_SLIM::batch1\fitet-sz-c1-b5::4_BKO0430glu10min_740nm_3024mW_u1_poc0p2_20x0p75NA_535s50_g70_z1_256pix_basicFLIM_40f_0004,batch1\fitet-sz-c1-b5,3,"a1, a2, a3, chi2, photons, tau1, tau2, tau3"
4_BKO0430glu10min_740nm_3024mW_u1_poc0p2_20x0p75NA_535s50_g70_z1_256pix_basicFLIM_40f_0004.sdt,20260501_KPC_fixed_dishes_on_SLIM::batch1\fitet-sz-c2-b5::4_BKO0430glu10min_740nm_3024mW_u1_poc0p2_20x0p75NA_535s50_g70_z1_256pix_basicFLIM_40f_0004,batch1\fitet-sz-c2-b5,3,"a1, a2, a3, chi2, photons, tau1, tau2, tau3"
4_BKO0430glu10min_740nm_3024mW_u1_poc0p2_20x0p75NA_535s50_g70_z1_256pix_basicFLIM_40f_0004.sdt,20260501_KPC_fixed_dishes_on_SLIM::batch1\fitet-sz-c3-b5::4_BKO0430glu10min_740nm_3024mW_u1_poc0p2_20x0p75NA_535s50_g70_z1_256pix_basicFLIM_40f_0004,batch1\fitet-sz-c3-b5,3,"a1, a2, a3, chi2, photons, tau1, tau2, tau3"
4_BKO0430glu10min_740nm_3024mW_u1_poc0p2_20x0p75NA_535s50_g70_z1_256pix_basicFLIM_40f_0004.sdt,20260501_KPC_fixed_dishes_on_SLIM::batch1\fitet-sz-c3-b7::4_BKO0430glu10min_740nm_3024mW_u1_poc0p2_20x0p75NA_535s50_g70_z1_256pix_basicFLIM_40f_0004,batch1\fitet-sz-c3-b7,3,"a1, a2, a3, chi2, photons, tau1, tau2, tau3"
4_BKO0430glu10min_740nm_3024mW_u1_poc0p2_20x0p75NA_535s50_g70_z1_256pix_basicFLIM_40f_0005.sdt,20260501_KPC_fixed_dishes_on_SLIM::batch1\fitet-sf-2component-b5::4_BKO0430glu10min_740nm_3024mW_u1_poc0p2_20x0p75NA_535s50_g70_z1_256pix_basicFLIM_40f_0005,batch1\fitet-sf-2component-b5,2,"a1, a2, chi2, photons, tau1, tau2"
4_BKO0430glu10min_740nm_3024mW_u1_poc0p2_20x0p75NA_535s50_g70_z1_256pix_basicFLIM_40f_0005.sdt,20260501_KPC_fixed_dishes_on_SLIM::batch1\fitet-sf-3component-b5::4_BKO0430glu10min_740nm_3024mW_u1_poc0p2_20x0p75NA_535s50_g70_z1_256pix_basicFLIM_40f_0005,batch1\fitet-sf-3component-b5,3,"a1, a2, a3, chi2, photons, tau1, tau2, tau3"
4_BKO0430glu10min_740nm_3024mW_u1_poc0p2_20x0p75NA_535s50_g70_z1_256pix_basicFLIM_40f_0005.sdt,20260501_KPC_fixed_dishes_on_SLIM::batch1\fitet-sf-c2-b5::4_BKO0430glu10min_740nm_3024mW_u1_poc0p2_20x0p75NA_535s50_g70_z1_256pix_basicFLIM_40f_0005,batch1\fitet-sf-c2-b5,2,"a1, a2, chi2, photons, tau1, tau2"
4_BKO0430glu10min_740nm_3024mW_u1_poc0p2_20x0p75NA_535s50_g70_z1_256pix_basicFLIM_40f_0005.sdt,20260501_KPC_fixed_dishes_on_SLIM::batch1\fitet-sf-c2-b7::4_BKO0430glu10min_740nm_3024mW_u1_poc0p2_20x0p75NA_535s50_g70_z1_256pix_basicFLIM_40f_0005,batch1\fitet-sf-c2-b7,3,"a1, a2, a3, chi2, photons, tau1, tau2, tau3"
4_BKO0430glu10min_740nm_3024mW_u1_poc0p2_20x0p75NA_535s50_g70_z1_256pix_basicFLIM_40f_0005.sdt,20260501_KPC_fixed_dishes_on_SLIM::batch1\fitet-sf-c3-b5::4_BKO0430glu10min_740nm_3024mW_u1_poc0p2_20x0p75NA_535s50_g70_z1_256pix_basicFLIM_40f_0005,batch1\fitet-sf-c3-b5,3,"a1, a2, a3, chi2, photons, tau1, tau2, tau3"
4_BKO0430glu10min_740nm_3024mW_u1_poc0p2_20x0p75NA_535s50_g70_z1_256pix_basicFLIM_40f_0005.sdt,20260501_KPC_fixed_dishes_on_SLIM::batch1\fitet-sz-1component-b5::4_BKO0430glu10min_740nm_3024mW_u1_poc0p2_20x0p75NA_535s50_g70_z1_256pix_basicFLIM_40f_0005,batch1\fitet-sz-1component-b5,3,"a1, a2, a3, chi2, photons, tau1, tau2, tau3"
4_BKO0430glu10min_740nm_3024mW_u1_poc0p2_20x0p75NA_535s50_g70_z1_256pix_basicFLIM_40f_0005.sdt,20260501_KPC_fixed_dishes_on_SLIM::batch1\fitet-sz-2component-b5::4_BKO0430glu10min_740nm_3024mW_u1_poc0p2_20x0p75NA_535s50_g70_z1_256pix_basicFLIM_40f_0005,batch1\fitet-sz-2component-b5,3,"a1, a2, a3, chi2, photons, tau1, tau2, tau3"
4_BKO0430glu10min_740nm_3024mW_u1_poc0p2_20x0p75NA_535s50_g70_z1_256pix_basicFLIM_40f_0005.sdt,20260501_KPC_fixed_dishes_on_SLIM::batch1\fitet-sz-3component-b5::4_BKO0430glu10min_740nm_3024mW_u1_poc0p2_20x0p75NA_535s50_g70_z1_256pix_basicFLIM_40f_0005,batch1\fitet-sz-3component-b5,3,"a1, a2, a3, chi2, photons, tau1, tau2, tau3"
4_BKO0430glu10min_740nm_3024mW_u1_poc0p2_20x0p75NA_535s50_g70_z1_256pix_basicFLIM_40f_0005.sdt,20260501_KPC_fixed_dishes_on_SLIM::batch1\fitet-sz-c1-b5::4_BKO0430glu10min_740nm_3024mW_u1_poc0p2_20x0p75NA_535s50_g70_z1_256pix_basicFLIM_40f_0005,batch1\fitet-sz-c1-b5,3,"a1, a2, a3, chi2, photons, tau1, tau2, tau3"
4_BKO0430glu10min_740nm_3024mW_u1_poc0p2_20x0p75NA_535s50_g70_z1_256pix_basicFLIM_40f_0005.sdt,20260501_KPC_fixed_dishes_on_SLIM::batch1\fitet-sz-c2-b5::4_BKO0430glu10min_740nm_3024mW_u1_poc0p2_20x0p75NA_535s50_g70_z1_256pix_basicFLIM_40f_0005,batch1\fitet-sz-c2-b5,3,"a1, a2, a3, chi2, photons, tau1, tau2, tau3"
4_BKO0430glu10min_740nm_3024mW_u1_poc0p2_20x0p75NA_535s50_g70_z1_256pix_basicFLIM_40f_0005.sdt,20260501_KPC_fixed_dishes_on_SLIM::batch1\fitet-sz-c3-b5::4_BKO0430glu10min_740nm_3024mW_u1_poc0p2_20x0p75NA_535s50_g70_z1_256pix_basicFLIM_40f_0005,batch1\fitet-sz-c3-b5,3,"a1, a2, a3, chi2, photons, tau1, tau2, tau3"
4_BKO0430glu10min_740nm_3024mW_u1_poc0p2_20x0p75NA_535s50_g70_z1_256pix_basicFLIM_40f_0005.sdt,20260501_KPC_fixed_dishes_on_SLIM::batch1\fitet-sz-c3-b7::4_BKO0430glu10min_740nm_3024mW_u1_poc0p2_20x0p75NA_535s50_g70_z1_256pix_basicFLIM_40f_0005,batch1\fitet-sz-c3-b7,3,"a1, a2, a3, chi2, photons, tau1, tau2, tau3"
4_BKO0430glu10min_740nm_3024mW_u1_poc0p2_20x0p75NA_535s50_g70_z1_256pix_basicFLIM_40f_0006.sdt,20260501_KPC_fixed_dishes_on_SLIM::batch1\fitet-sf-2component-b5::4_BKO0430glu10min_740nm_3024mW_u1_poc0p2_20x0p75NA_535s50_g70_z1_256pix_basicFLIM_40f_0006,batch1\fitet-sf-2component-b5,2,"a1, a2, chi2, photons, tau1, tau2"
4_BKO0430glu10min_740nm_3024mW_u1_poc0p2_20x0p75NA_535s50_g70_z1_256pix_basicFLIM_40f_0006.sdt,20260501_KPC_fixed_dishes_on_SLIM::batch1\fitet-sf-3component-b5::4_BKO0430glu10min_740nm_3024mW_u1_poc0p2_20x0p75NA_535s50_g70_z1_256pix_basicFLIM_40f_0006,batch1\fitet-sf-3component-b5,3,"a1, a2, a3, chi2, photons, tau1, tau2, tau3"
4_BKO0430glu10min_740nm_3024mW_u1_poc0p2_20x0p75NA_535s50_g70_z1_256pix_basicFLIM_40f_0006.sdt,20260501_KPC_fixed_dishes_on_SLIM::batch1\fitet-sf-c2-b5::4_BKO0430glu10min_740nm_3024mW_u1_poc0p2_20x0p75NA_535s50_g70_z1_256pix_basicFLIM_40f_0006,batch1\fitet-sf-c2-b5,2,"a1, a2, chi2, photons, tau1, tau2"
4_BKO0430glu10min_740nm_3024mW_u1_poc0p2_20x0p75NA_535s50_g70_z1_256pix_basicFLIM_40f_0006.sdt,20260501_KPC_fixed_dishes_on_SLIM::batch1\fitet-sf-c2-b7::4_BKO0430glu10min_740nm_3024mW_u1_poc0p2_20x0p75NA_535s50_g70_z1_256pix_basicFLIM_40f_0006,batch1\fitet-sf-c2-b7,3,"a1, a2, a3, chi2, photons, tau1, tau2, tau3"
4_BKO0430glu10min_740nm_3024mW_u1_poc0p2_20x0p75NA_535s50_g70_z1_256pix_basicFLIM_40f_0006.sdt,20260501_KPC_fixed_dishes_on_SLIM::batch1\fitet-sf-c3-b5::4_BKO0430glu10min_740nm_3024mW_u1_poc0p2_20x0p75NA_535s50_g70_z1_256pix_basicFLIM_40f_0006,batch1\fitet-sf-c3-b5,3,"a1, a2, a3, chi2, photons, tau1, tau2, tau3"
4_BKO0430glu10min_740nm_3024mW_u1_poc0p2_20x0p75NA_535s50_g70_z1_256pix_basicFLIM_40f_0006.sdt,20260501_KPC_fixed_dishes_on_SLIM::batch1\fitet-sz-1component-b5::4_BKO0430glu10min_740nm_3024mW_u1_poc0p2_20x0p75NA_535s50_g70_z1_256pix_basicFLIM_40f_0006,batch1\fitet-sz-1component-b5,3,"a1, a2, a3, chi2, photons, tau1, tau2, tau3"
4_BKO0430glu10min_740nm_3024mW_u1_poc0p2_20x0p75NA_535s50_g70_z1_256pix_basicFLIM_40f_0006.sdt,20260501_KPC_fixed_dishes_on_SLIM::batch1\fitet-sz-2component-b5::4_BKO0430glu10min_740nm_3024mW_u1_poc0p2_20x0p75NA_535s50_g70_z1_256pix_basicFLIM_40f_0006,batch1\fitet-sz-2component-b5,3,"a1, a2, a3, chi2, photons, tau1, tau2, tau3"
4_BKO0430glu10min_740nm_3024mW_u1_poc0p2_20x0p75NA_535s50_g70_z1_256pix_basicFLIM_40f_0006.sdt,20260501_KPC_fixed_dishes_on_SLIM::batch1\fitet-sz-3component-b5::4_BKO0430glu10min_740nm_3024mW_u1_poc0p2_20x0p75NA_535s50_g70_z1_256pix_basicFLIM_40f_0006,batch1\fitet-sz-3component-b5,3,"a1, a2, a3, chi2, photons, tau1, tau2, tau3"
4_BKO0430glu10min_740nm_3024mW_u1_poc0p2_20x0p75NA_535s50_g70_z1_256pix_basicFLIM_40f_0006.sdt,20260501_KPC_fixed_dishes_on_SLIM::batch1\fitet-sz-c1-b5::4_BKO0430glu10min_740nm_3024mW_u1_poc0p2_20x0p75NA_535s50_g70_z1_256pix_basicFLIM_40f_0006,batch1\fitet-sz-c1-b5,3,"a1, a2, a3, chi2, photons, tau1, tau2, tau3"
4_BKO0430glu10min_740nm_3024mW_u1_poc0p2_20x0p75NA_535s50_g70_z1_256pix_basicFLIM_40f_0006.sdt,20260501_KPC_fixed_dishes_on_SLIM::batch1\fitet-sz-c2-b5::4_BKO0430glu10min_740nm_3024mW_u1_poc0p2_20x0p75NA_535s50_g70_z1_256pix_basicFLIM_40f_0006,batch1\fitet-sz-c2-b5,3,"a1, a2, a3, chi2, photons, tau1, tau2, tau3"
4_BKO0430glu10min_740nm_3024mW_u1_poc0p2_20x0p75NA_535s50_g70_z1_256pix_basicFLIM_40f_0006.sdt,20260501_KPC_fixed_dishes_on_SLIM::batch1\fitet-sz-c3-b5::4_BKO0430glu10min_740nm_3024mW_u1_poc0p2_20x0p75NA_535s50_g70_z1_256pix_basicFLIM_40f_0006,batch1\fitet-sz-c3-b5,3,"a1, a2, a3, chi2, photons, tau1, tau2, tau3"
4_BKO0430glu10min_740nm_3024mW_u1_poc0p2_20x0p75NA_535s50_g70_z1_256pix_basicFLIM_40f_0006.sdt,20260501_KPC_fixed_dishes_on_SLIM::batch1\fitet-sz-c3-b7::4_BKO0430glu10min_740nm_3024mW_u1_poc0p2_20x0p75NA_535s50_g70_z1_256pix_basicFLIM_40f_0006,batch1\fitet-sz-c3-b7,3,"a1, a2, a3, chi2, photons, tau1, tau2, tau3"
4_BKO0430glu10min_740nm_3024mW_u1_poc0p2_20x0p75NA_535s50_g70_z1_256pix_basicFLIM_40f_0007.sdt,20260501_KPC_fixed_dishes_on_SLIM::batch1\fitet-sf-2component-b5::4_BKO0430glu10min_740nm_3024mW_u1_poc0p2_20x0p75NA_535s50_g70_z1_256pix_basicFLIM_40f_0007,batch1\fitet-sf-2component-b5,2,"a1, a2, chi2, photons, tau1, tau2"
4_BKO0430glu10min_740nm_3024mW_u1_poc0p2_20x0p75NA_535s50_g70_z1_256pix_basicFLIM_40f_0007.sdt,20260501_KPC_fixed_dishes_on_SLIM::batch1\fitet-sf-3component-b5::4_BKO0430glu10min_740nm_3024mW_u1_poc0p2_20x0p75NA_535s50_g70_z1_256pix_basicFLIM_40f_0007,batch1\fitet-sf-3component-b5,3,"a1, a2, a3, chi2, photons, tau1, tau2, tau3"
4_BKO0430glu10min_740nm_3024mW_u1_poc0p2_20x0p75NA_535s50_g70_z1_256pix_basicFLIM_40f_0007.sdt,20260501_KPC_fixed_dishes_on_SLIM::batch1\fitet-sf-c2-b5::4_BKO0430glu10min_740nm_3024mW_u1_poc0p2_20x0p75NA_535s50_g70_z1_256pix_basicFLIM_40f_0007,batch1\fitet-sf-c2-b5,2,"a1, a2, chi2, photons, tau1, tau2"
4_BKO0430glu10min_740nm_3024mW_u1_poc0p2_20x0p75NA_535s50_g70_z1_256pix_basicFLIM_40f_0007.sdt,20260501_KPC_fixed_dishes_on_SLIM::batch1\fitet-sf-c2-b7::4_BKO0430glu10min_740nm_3024mW_u1_poc0p2_20x0p75NA_535s50_g70_z1_256pix_basicFLIM_40f_0007,batch1\fitet-sf-c2-b7,3,"a1, a2, a3, chi2, photons, tau1, tau2, tau3"
4_BKO0430glu10min_740nm_3024mW_u1_poc0p2_20x0p75NA_535s50_g70_z1_256pix_basicFLIM_40f_0007.sdt,20260501_KPC_fixed_dishes_on_SLIM::batch1\fitet-sf-c3-b5::4_BKO0430glu10min_740nm_3024mW_u1_poc0p2_20x0p75NA_535s50_g70_z1_256pix_basicFLIM_40f_0007,batch1\fitet-sf-c3-b5,3,"a1, a2, a3, chi2, photons, tau1, tau2, tau3"
4_BKO0430glu10min_740nm_3024mW_u1_poc0p2_20x0p75NA_535s50_g70_z1_256pix_basicFLIM_40f_0007.sdt,20260501_KPC_fixed_dishes_on_SLIM::batch1\fitet-sz-1component-b5::4_BKO0430glu10min_740nm_3024mW_u1_poc0p2_20x0p75NA_535s50_g70_z1_256pix_basicFLIM_40f_0007,batch1\fitet-sz-1component-b5,3,"a1, a2, a3, chi2, photons, tau1, tau2, tau3"
4_BKO0430glu10min_740nm_3024mW_u1_poc0p2_20x0p75NA_535s50_g70_z1_256pix_basicFLIM_40f_0007.sdt,20260501_KPC_fixed_dishes_on_SLIM::batch1\fitet-sz-2component-b5::4_BKO0430glu10min_740nm_3024mW_u1_poc0p2_20x0p75NA_535s50_g70_z1_256pix_basicFLIM_40f_0007,batch1\fitet-sz-2component-b5,3,"a1, a2, a3, chi2, photons, tau1, tau2, tau3"
4_BKO0430glu10min_740nm_3024mW_u1_poc0p2_20x0p75NA_535s50_g70_z1_256pix_basicFLIM_40f_0007.sdt,20260501_KPC_fixed_dishes_on_SLIM::batch1\fitet-sz-3component-b5::4_BKO0430glu10min_740nm_3024mW_u1_poc0p2_20x0p75NA_535s50_g70_z1_256pix_basicFLIM_40f_0007,batch1\fitet-sz-3component-b5,3,"a1, a2, a3, chi2, photons, tau1, tau2, tau3"
4_BKO0430glu10min_740nm_3024mW_u1_poc0p2_20x0p75NA_535s50_g70_z1_256pix_basicFLIM_40f_0007.sdt,20260501_KPC_fixed_dishes_on_SLIM::batch1\fitet-sz-c1-b5::4_BKO0430glu10min_740nm_3024mW_u1_poc0p2_20x0p75NA_535s50_g70_z1_256pix_basicFLIM_40f_0007,batch1\fitet-sz-c1-b5,3,"a1, a2, a3, chi2, photons, tau1, tau2, tau3"
4_BKO0430glu10min_740nm_3024mW_u1_poc0p2_20x0p75NA_535s50_g70_z1_256pix_basicFLIM_40f_0007.sdt,20260501_KPC_fixed_dishes_on_SLIM::batch1\fitet-sz-c2-b5::4_BKO0430glu10min_740nm_3024mW_u1_poc0p2_20x0p75NA_535s50_g70_z1_256pix_basicFLIM_40f_0007,batch1\fitet-sz-c2-b5,3,"a1, a2, a3, chi2, photons, tau1, tau2, tau3"
4_BKO0430glu10min_740nm_3024mW_u1_poc0p2_20x0p75NA_535s50_g70_z1_256pix_basicFLIM_40f_0007.sdt,20260501_KPC_fixed_dishes_on_SLIM::batch1\fitet-sz-c3-b5::4_BKO0430glu10min_740nm_3024mW_u1_poc0p2_20x0p75NA_535s50_g70_z1_256pix_basicFLIM_40f_0007,batch1\fitet-sz-c3-b5,3,"a1, a2, a3, chi2, photons, tau1, tau2, tau3"
4_BKO0430glu10min_740nm_3024mW_u1_poc0p2_20x0p75NA_535s50_g70_z1_256pix_basicFLIM_40f_0007.sdt,20260501_KPC_fixed_dishes_on_SLIM::batch1\fitet-sz-c3-b7::4_BKO0430glu10min_740nm_3024mW_u1_poc0p2_20x0p75NA_535s50_g70_z1_256pix_basicFLIM_40f_0007,batch1\fitet-sz-c3-b7,3,"a1, a2, a3, chi2, photons, tau1, tau2, tau3"
4_BKO0430glu10min_740nm_3024mW_u1_poc0p2_20x0p75NA_535s50_g70_z1_256pix_basicFLIM_40f_0008.sdt,20260501_KPC_fixed_dishes_on_SLIM::batch1\fitet-sf-2component-b5::4_BKO0430glu10min_740nm_3024mW_u1_poc0p2_20x0p75NA_535s50_g70_z1_256pix_basicFLIM_40f_0008,batch1\fitet-sf-2component-b5,2,"a1, a2, chi2, photons, tau1, tau2"
4_BKO0430glu10min_740nm_3024mW_u1_poc0p2_20x0p75NA_535s50_g70_z1_256pix_basicFLIM_40f_0008.sdt,20260501_KPC_fixed_dishes_on_SLIM::batch1\fitet-sf-3component-b5::4_BKO0430glu10min_740nm_3024mW_u1_poc0p2_20x0p75NA_535s50_g70_z1_256pix_basicFLIM_40f_0008,batch1\fitet-sf-3component-b5,3,"a1, a2, a3, chi2, photons, tau1, tau2, tau3"
4_BKO0430glu10min_740nm_3024mW_u1_poc0p2_20x0p75NA_535s50_g70_z1_256pix_basicFLIM_40f_0008.sdt,20260501_KPC_fixed_dishes_on_SLIM::batch1\fitet-sf-c2-b5::4_BKO0430glu10min_740nm_3024mW_u1_poc0p2_20x0p75NA_535s50_g70_z1_256pix_basicFLIM_40f_0008,batch1\fitet-sf-c2-b5,2,"a1, a2, chi2, photons, tau1, tau2"
4_BKO0430glu10min_740nm_3024mW_u1_poc0p2_20x0p75NA_535s50_g70_z1_256pix_basicFLIM_40f_0008.sdt,20260501_KPC_fixed_dishes_on_SLIM::batch1\fitet-sf-c2-b7::4_BKO0430glu10min_740nm_3024mW_u1_poc0p2_20x0p75NA_535s50_g70_z1_256pix_basicFLIM_40f_0008,batch1\fitet-sf-c2-b7,3,"a1, a2, a3, chi2, photons, tau1, tau2, tau3"
4_BKO0430glu10min_740nm_3024mW_u1_poc0p2_20x0p75NA_535s50_g70_z1_256pix_basicFLIM_40f_0008.sdt,20260501_KPC_fixed_dishes_on_SLIM::batch1\fitet-sf-c3-b5::4_BKO0430glu10min_740nm_3024mW_u1_poc0p2_20x0p75NA_535s50_g70_z1_256pix_basicFLIM_40f_0008,batch1\fitet-sf-c3-b5,3,"a1, a2, a3, chi2, photons, tau1, tau2, tau3"
4_BKO0430glu10min_740nm_3024mW_u1_poc0p2_20x0p75NA_535s50_g70_z1_256pix_basicFLIM_40f_0008.sdt,20260501_KPC_fixed_dishes_on_SLIM::batch1\fitet-sz-1component-b5::4_BKO0430glu10min_740nm_3024mW_u1_poc0p2_20x0p75NA_535s50_g70_z1_256pix_basicFLIM_40f_0008,batch1\fitet-sz-1component-b5,3,"a1, a2, a3, chi2, photons, tau1, tau2, tau3"
4_BKO0430glu10min_740nm_3024mW_u1_poc0p2_20x0p75NA_535s50_g70_z1_256pix_basicFLIM_40f_0008.sdt,20260501_KPC_fixed_dishes_on_SLIM::batch1\fitet-sz-2component-b5::4_BKO0430glu10min_740nm_3024mW_u1_poc0p2_20x0p75NA_535s50_g70_z1_256pix_basicFLIM_40f_0008,batch1\fitet-sz-2component-b5,3,"a1, a2, a3, chi2, photons, tau1, tau2, tau3"
4_BKO0430glu10min_740nm_3024mW_u1_poc0p2_20x0p75NA_535s50_g70_z1_256pix_basicFLIM_40f_0008.sdt,20260501_KPC_fixed_dishes_on_SLIM::batch1\fitet-sz-3component-b5::4_BKO0430glu10min_740nm_3024mW_u1_poc0p2_20x0p75NA_535s50_g70_z1_256pix_basicFLIM_40f_0008,batch1\fitet-sz-3component-b5,3,"a1, a2, a3, chi2, photons, tau1, tau2, tau3"
4_BKO0430glu10min_740nm_3024mW_u1_poc0p2_20x0p75NA_535s50_g70_z1_256pix_basicFLIM_40f_0008.sdt,20260501_KPC_fixed_dishes_on_SLIM::batch1\fitet-sz-c1-b5::4_BKO0430glu10min_740nm_3024mW_u1_poc0p2_20x0p75NA_535s50_g70_z1_256pix_basicFLIM_40f_0008,batch1\fitet-sz-c1-b5,3,"a1, a2, a3, chi2, photons, tau1, tau2, tau3"
4_BKO0430glu10min_740nm_3024mW_u1_poc0p2_20x0p75NA_535s50_g70_z1_256pix_basicFLIM_40f_0008.sdt,20260501_KPC_fixed_dishes_on_SLIM::batch1\fitet-sz-c2-b5::4_BKO0430glu10min_740nm_3024mW_u1_poc0p2_20x0p75NA_535s50_g70_z1_256pix_basicFLIM_40f_0008,batch1\fitet-sz-c2-b5,3,"a1, a2, a3, chi2, photons, tau1, tau2, tau3"
4_BKO0430glu10min_740nm_3024mW_u1_poc0p2_20x0p75NA_535s50_g70_z1_256pix_basicFLIM_40f_0008.sdt,20260501_KPC_fixed_dishes_on_SLIM::batch1\fitet-sz-c3-b5::4_BKO0430glu10min_740nm_3024mW_u1_poc0p2_20x0p75NA_535s50_g70_z1_256pix_basicFLIM_40f_0008,batch1\fitet-sz-c3-b5,3,"a1, a2, a3, chi2, photons, tau1, tau2, tau3"
4_BKO0430glu10min_740nm_3024mW_u1_poc0p2_20x0p75NA_535s50_g70_z1_256pix_basicFLIM_40f_0008.sdt,20260501_KPC_fixed_dishes_on_SLIM::batch1\fitet-sz-c3-b7::4_BKO0430glu10min_740nm_3024mW_u1_poc0p2_20x0p75NA_535s50_g70_z1_256pix_basicFLIM_40f_0008,batch1\fitet-sz-c3-b7,3,"a1, a2, a3, chi2, photons, tau1, tau2, tau3"
4_BKO0430glu10min_740nm_3024mW_u1_poc0p2_20x0p75NA_535s50_g70_z1_256pix_basicFLIM_40f_0009.sdt,20260501_KPC_fixed_dishes_on_SLIM::batch1\fitet-sf-2component-b5::4_BKO0430glu10min_740nm_3024mW_u1_poc0p2_20x0p75NA_535s50_g70_z1_256pix_basicFLIM_40f_0009,batch1\fitet-sf-2component-b5,2,"a1, a2, chi2, photons, tau1, tau2"
4_BKO0430glu10min_740nm_3024mW_u1_poc0p2_20x0p75NA_535s50_g70_z1_256pix_basicFLIM_40f_0009.sdt,20260501_KPC_fixed_dishes_on_SLIM::batch1\fitet-sf-3component-b5::4_BKO0430glu10min_740nm_3024mW_u1_poc0p2_20x0p75NA_535s50_g70_z1_256pix_basicFLIM_40f_0009,batch1\fitet-sf-3component-b5,3,"a1, a2, a3, chi2, photons, tau1, tau2, tau3"
4_BKO0430glu10min_740nm_3024mW_u1_poc0p2_20x0p75NA_535s50_g70_z1_256pix_basicFLIM_40f_0009.sdt,20260501_KPC_fixed_dishes_on_SLIM::batch1\fitet-sf-c2-b5::4_BKO0430glu10min_740nm_3024mW_u1_poc0p2_20x0p75NA_535s50_g70_z1_256pix_basicFLIM_40f_0009,batch1\fitet-sf-c2-b5,2,"a1, a2, chi2, photons, tau1, tau2"
4_BKO0430glu10min_740nm_3024mW_u1_poc0p2_20x0p75NA_535s50_g70_z1_256pix_basicFLIM_40f_0009.sdt,20260501_KPC_fixed_dishes_on_SLIM::batch1\fitet-sf-c2-b7::4_BKO0430glu10min_740nm_3024mW_u1_poc0p2_20x0p75NA_535s50_g70_z1_256pix_basicFLIM_40f_0009,batch1\fitet-sf-c2-b7,3,"a1, a2, a3, chi2, photons, tau1, tau2, tau3"
4_BKO0430glu10min_740nm_3024mW_u1_poc0p2_20x0p75NA_535s50_g70_z1_256pix_basicFLIM_40f_0009.sdt,20260501_KPC_fixed_dishes_on_SLIM::batch1\fitet-sf-c3-b5::4_BKO0430glu10min_740nm_3024mW_u1_poc0p2_20x0p75NA_535s50_g70_z1_256pix_basicFLIM_40f_0009,batch1\fitet-sf-c3-b5,3,"a1, a2, a3, chi2, photons, tau1, tau2, tau3"
4_BKO0430glu10min_740nm_3024mW_u1_poc0p2_20x0p75NA_535s50_g70_z1_256pix_basicFLIM_40f_0009.sdt,20260501_KPC_fixed_dishes_on_SLIM::batch1\fitet-sz-1component-b5::4_BKO0430glu10min_740nm_3024mW_u1_poc0p2_20x0p75NA_535s50_g70_z1_256pix_basicFLIM_40f_0009,batch1\fitet-sz-1component-b5,3,"a1, a2, a3, chi2, photons, tau1, tau2, tau3"
4_BKO0430glu10min_740nm_3024mW_u1_poc0p2_20x0p75NA_535s50_g70_z1_256pix_basicFLIM_40f_0009.sdt,20260501_KPC_fixed_dishes_on_SLIM::batch1\fitet-sz-2component-b5::4_BKO0430glu10min_740nm_3024mW_u1_poc0p2_20x0p75NA_535s50_g70_z1_256pix_basicFLIM_40f_0009,batch1\fitet-sz-2component-b5,3,"a1, a2, a3, chi2, photons, tau1, tau2, tau3"
4_BKO0430glu10min_740nm_3024mW_u1_poc0p2_20x0p75NA_535s50_g70_z1_256pix_basicFLIM_40f_0009.sdt,20260501_KPC_fixed_dishes_on_SLIM::batch1\fitet-sz-3component-b5::4_BKO0430glu10min_740nm_3024mW_u1_poc0p2_20x0p75NA_535s50_g70_z1_256pix_basicFLIM_40f_0009,batch1\fitet-sz-3component-b5,3,"a1, a2, a3, chi2, photons, tau1, tau2, tau3"
4_BKO0430glu10min_740nm_3024mW_u1_poc0p2_20x0p75NA_535s50_g70_z1_256pix_basicFLIM_40f_0009.sdt,20260501_KPC_fixed_dishes_on_SLIM::batch1\fitet-sz-c1-b5::4_BKO0430glu10min_740nm_3024mW_u1_poc0p2_20x0p75NA_535s50_g70_z1_256pix_basicFLIM_40f_0009,batch1\fitet-sz-c1-b5,3,"a1, a2, a3, chi2, photons, tau1, tau2, tau3"
4_BKO0430glu10min_740nm_3024mW_u1_poc0p2_20x0p75NA_535s50_g70_z1_256pix_basicFLIM_40f_0009.sdt,20260501_KPC_fixed_dishes_on_SLIM::batch1\fitet-sz-c2-b5::4_BKO0430glu10min_740nm_3024mW_u1_poc0p2_20x0p75NA_535s50_g70_z1_256pix_basicFLIM_40f_0009,batch1\fitet-sz-c2-b5,3,"a1, a2, a3, chi2, photons, tau1, tau2, tau3"
4_BKO0430glu10min_740nm_3024mW_u1_poc0p2_20x0p75NA_535s50_g70_z1_256pix_basicFLIM_40f_0009.sdt,20260501_KPC_fixed_dishes_on_SLIM::batch1\fitet-sz-c3-b5::4_BKO0430glu10min_740nm_3024mW_u1_poc0p2_20x0p75NA_535s50_g70_z1_256pix_basicFLIM_40f_0009,batch1\fitet-sz-c3-b5,3,"a1, a2, a3, chi2, photons, tau1, tau2, tau3"
4_BKO0430glu10min_740nm_3024mW_u1_poc0p2_20x0p75NA_535s50_g70_z1_256pix_basicFLIM_40f_0009.sdt,20260501_KPC_fixed_dishes_on_SLIM::batch1\fitet-sz-c3-b7::4_BKO0430glu10min_740nm_3024mW_u1_poc0p2_20x0p75NA_535s50_g70_z1_256pix_basicFLIM_40f_0009,batch1\fitet-sz-c3-b7,3,"a1, a2, a3, chi2, photons, tau1, tau2, tau3"
4_BKO0430glu10min_740nm_3038mW_u1_poc0p2_20x0p75NA_457s50_g70_z1_256pix_basicFLIM_100f_0000.sdt,20260501_KPC_fixed_dishes_on_SLIM::batch1\fitet-sf-2component-b5::4_BKO0430glu10min_740nm_3038mW_u1_poc0p2_20x0p75NA_457s50_g70_z1_256pix_basicFLIM_100f_0000,batch1\fitet-sf-2component-b5,2,"a1, a2, chi2, photons, tau1, tau2"
4_BKO0430glu10min_740nm_3038mW_u1_poc0p2_20x0p75NA_457s50_g70_z1_256pix_basicFLIM_100f_0000.sdt,20260501_KPC_fixed_dishes_on_SLIM::batch1\fitet-sf-3component-b5::4_BKO0430glu10min_740nm_3038mW_u1_poc0p2_20x0p75NA_457s50_g70_z1_256pix_basicFLIM_100f_0000,batch1\fitet-sf-3component-b5,3,"a1, a2, a3, chi2, photons, tau1, tau2, tau3"
4_BKO0430glu10min_740nm_3038mW_u1_poc0p2_20x0p75NA_457s50_g70_z1_256pix_basicFLIM_100f_0000.sdt,20260501_KPC_fixed_dishes_on_SLIM::batch1\fitet-sf-c2-b5::4_BKO0430glu10min_740nm_3038mW_u1_poc0p2_20x0p75NA_457s50_g70_z1_256pix_basicFLIM_100f_0000,batch1\fitet-sf-c2-b5,2,"a1, a2, chi2, photons, tau1, tau2"
4_BKO0430glu10min_740nm_3038mW_u1_poc0p2_20x0p75NA_457s50_g70_z1_256pix_basicFLIM_100f_0000.sdt,20260501_KPC_fixed_dishes_on_SLIM::batch1\fitet-sf-c2-b7::4_BKO0430glu10min_740nm_3038mW_u1_poc0p2_20x0p75NA_457s50_g70_z1_256pix_basicFLIM_100f_0000,batch1\fitet-sf-c2-b7,3,"a1, a2, a3, chi2, photons, tau1, tau2, tau3"
4_BKO0430glu10min_740nm_3038mW_u1_poc0p2_20x0p75NA_457s50_g70_z1_256pix_basicFLIM_100f_0000.sdt,20260501_KPC_fixed_dishes_on_SLIM::batch1\fitet-sf-c3-b5::4_BKO0430glu10min_740nm_3038mW_u1_poc0p2_20x0p75NA_457s50_g70_z1_256pix_basicFLIM_100f_0000,batch1\fitet-sf-c3-b5,3,"a1, a2, a3, chi2, photons, tau1, tau2, tau3"
4_BKO0430glu10min_740nm_3038mW_u1_poc0p2_20x0p75NA_457s50_g70_z1_256pix_basicFLIM_100f_0000.sdt,20260501_KPC_fixed_dishes_on_SLIM::batch1\fitet-sz-1component-b5::4_BKO0430glu10min_740nm_3038mW_u1_poc0p2_20x0p75NA_457s50_g70_z1_256pix_basicFLIM_100f_0000,batch1\fitet-sz-1component-b5,3,"a1, a2, a3, chi2, photons, tau1, tau2, tau3"
4_BKO0430glu10min_740nm_3038mW_u1_poc0p2_20x0p75NA_457s50_g70_z1_256pix_basicFLIM_100f_0000.sdt,20260501_KPC_fixed_dishes_on_SLIM::batch1\fitet-sz-2component-b5::4_BKO0430glu10min_740nm_3038mW_u1_poc0p2_20x0p75NA_457s50_g70_z1_256pix_basicFLIM_100f_0000,batch1\fitet-sz-2component-b5,3,"a1, a2, a3, chi2, photons, tau1, tau2, tau3"
4_BKO0430glu10min_740nm_3038mW_u1_poc0p2_20x0p75NA_457s50_g70_z1_256pix_basicFLIM_100f_0000.sdt,20260501_KPC_fixed_dishes_on_SLIM::batch1\fitet-sz-3component-b5::4_BKO0430glu10min_740nm_3038mW_u1_poc0p2_20x0p75NA_457s50_g70_z1_256pix_basicFLIM_100f_0000,batch1\fitet-sz-3component-b5,3,"a1, a2, a3, chi2, photons, tau1, tau2, tau3"
4_BKO0430glu10min_740nm_3038mW_u1_poc0p2_20x0p75NA_457s50_g70_z1_256pix_basicFLIM_100f_0000.sdt,20260501_KPC_fixed_dishes_on_SLIM::batch1\fitet-sz-c1-b5::4_BKO0430glu10min_740nm_3038mW_u1_poc0p2_20x0p75NA_457s50_g70_z1_256pix_basicFLIM_100f_0000,batch1\fitet-sz-c1-b5,3,"a1, a2, a3, chi2, photons, tau1, tau2, tau3"
4_BKO0430glu10min_740nm_3038mW_u1_poc0p2_20x0p75NA_457s50_g70_z1_256pix_basicFLIM_100f_0000.sdt,20260501_KPC_fixed_dishes_on_SLIM::batch1\fitet-sz-c2-b5::4_BKO0430glu10min_740nm_3038mW_u1_poc0p2_20x0p75NA_457s50_g70_z1_256pix_basicFLIM_100f_0000,batch1\fitet-sz-c2-b5,3,"a1, a2, a3, chi2, photons, tau1, tau2, tau3"
4_BKO0430glu10min_740nm_3038mW_u1_poc0p2_20x0p75NA_457s50_g70_z1_256pix_basicFLIM_100f_0000.sdt,20260501_KPC_fixed_dishes_on_SLIM::batch1\fitet-sz-c3-b5::4_BKO0430glu10min_740nm_3038mW_u1_poc0p2_20x0p75NA_457s50_g70_z1_256pix_basicFLIM_100f_0000,batch1\fitet-sz-c3-b5,3,"a1, a2, a3, chi2, photons, tau1, tau2, tau3"
4_BKO0430glu10min_740nm_3038mW_u1_poc0p2_20x0p75NA_457s50_g70_z1_256pix_basicFLIM_100f_0000.sdt,20260501_KPC_fixed_dishes_on_SLIM::batch1\fitet-sz-c3-b7::4_BKO0430glu10min_740nm_3038mW_u1_poc0p2_20x0p75NA_457s50_g70_z1_256pix_basicFLIM_100f_0000,batch1\fitet-sz-c3-b7,3,"a1, a2, a3, chi2, photons, tau1, tau2, tau3"
4_BKO0430glu10min_740nm_3038mW_u1_poc0p2_20x0p75NA_457s50_g70_z1_256pix_basicFLIM_100f_0001.sdt,20260501_KPC_fixed_dishes_on_SLIM::batch1\fitet-sf-2component-b5::4_BKO0430glu10min_740nm_3038mW_u1_poc0p2_20x0p75NA_457s50_g70_z1_256pix_basicFLIM_100f_0001,batch1\fitet-sf-2component-b5,2,"a1, a2, chi2, photons, tau1, tau2"
4_BKO0430glu10min_740nm_3038mW_u1_poc0p2_20x0p75NA_457s50_g70_z1_256pix_basicFLIM_100f_0001.sdt,20260501_KPC_fixed_dishes_on_SLIM::batch1\fitet-sf-3component-b5::4_BKO0430glu10min_740nm_3038mW_u1_poc0p2_20x0p75NA_457s50_g70_z1_256pix_basicFLIM_100f_0001,batch1\fitet-sf-3component-b5,3,"a1, a2, a3, chi2, photons, tau1, tau2, tau3"
4_BKO0430glu10min_740nm_3038mW_u1_poc0p2_20x0p75NA_457s50_g70_z1_256pix_basicFLIM_100f_0001.sdt,20260501_KPC_fixed_dishes_on_SLIM::batch1\fitet-sf-c2-b5::4_BKO0430glu10min_740nm_3038mW_u1_poc0p2_20x0p75NA_457s50_g70_z1_256pix_basicFLIM_100f_0001,batch1\fitet-sf-c2-b5,2,"a1, a2, chi2, photons, tau1, tau2"
4_BKO0430glu10min_740nm_3038mW_u1_poc0p2_20x0p75NA_457s50_g70_z1_256pix_basicFLIM_100f_0001.sdt,20260501_KPC_fixed_dishes_on_SLIM::batch1\fitet-sf-c2-b7::4_BKO0430glu10min_740nm_3038mW_u1_poc0p2_20x0p75NA_457s50_g70_z1_256pix_basicFLIM_100f_0001,batch1\fitet-sf-c2-b7,3,"a1, a2, a3, chi2, photons, tau1, tau2, tau3"
4_BKO0430glu10min_740nm_3038mW_u1_poc0p2_20x0p75NA_457s50_g70_z1_256pix_basicFLIM_100f_0001.sdt,20260501_KPC_fixed_dishes_on_SLIM::batch1\fitet-sf-c3-b5::4_BKO0430glu10min_740nm_3038mW_u1_poc0p2_20x0p75NA_457s50_g70_z1_256pix_basicFLIM_100f_0001,batch1\fitet-sf-c3-b5,3,"a1, a2, a3, chi2, photons, tau1, tau2, tau3"
4_BKO0430glu10min_740nm_3038mW_u1_poc0p2_20x0p75NA_457s50_g70_z1_256pix_basicFLIM_100f_0001.sdt,20260501_KPC_fixed_dishes_on_SLIM::batch1\fitet-sz-1component-b5::4_BKO0430glu10min_740nm_3038mW_u1_poc0p2_20x0p75NA_457s50_g70_z1_256pix_basicFLIM_100f_0001,batch1\fitet-sz-1component-b5,3,"a1, a2, a3, chi2, photons, tau1, tau2, tau3"
4_BKO0430glu10min_740nm_3038mW_u1_poc0p2_20x0p75NA_457s50_g70_z1_256pix_basicFLIM_100f_0001.sdt,20260501_KPC_fixed_dishes_on_SLIM::batch1\fitet-sz-2component-b5::4_BKO0430glu10min_740nm_3038mW_u1_poc0p2_20x0p75NA_457s50_g70_z1_256pix_basicFLIM_100f_0001,batch1\fitet-sz-2component-b5,3,"a1, a2, a3, chi2, photons, tau1, tau2, tau3"
4_BKO0430glu10min_740nm_3038mW_u1_poc0p2_20x0p75NA_457s50_g70_z1_256pix_basicFLIM_100f_0001.sdt,20260501_KPC_fixed_dishes_on_SLIM::batch1\fitet-sz-3component-b5::4_BKO0430glu10min_740nm_3038mW_u1_poc0p2_20x0p75NA_457s50_g70_z1_256pix_basicFLIM_100f_0001,batch1\fitet-sz-3component-b5,3,"a1, a2, a3, chi2, photons, tau1, tau2, tau3"
4_BKO0430glu10min_740nm_3038mW_u1_poc0p2_20x0p75NA_457s50_g70_z1_256pix_basicFLIM_100f_0001.sdt,20260501_KPC_fixed_dishes_on_SLIM::batch1\fitet-sz-c1-b5::4_BKO0430glu10min_740nm_3038mW_u1_poc0p2_20x0p75NA_457s50_g70_z1_256pix_basicFLIM_100f_0001,batch1\fitet-sz-c1-b5,3,"a1, a2, a3, chi2, photons, tau1, tau2, tau3"
4_BKO0430glu10min_740nm_3038mW_u1_poc0p2_20x0p75NA_457s50_g70_z1_256pix_basicFLIM_100f_0001.sdt,20260501_KPC_fixed_dishes_on_SLIM::batch1\fitet-sz-c2-b5::4_BKO0430glu10min_740nm_3038mW_u1_poc0p2_20x0p75NA_457s50_g70_z1_256pix_basicFLIM_100f_0001,batch1\fitet-sz-c2-b5,3,"a1, a2, a3, chi2, photons, tau1, tau2, tau3"
4_BKO0430glu10min_740nm_3038mW_u1_poc0p2_20x0p75NA_457s50_g70_z1_256pix_basicFLIM_100f_0001.sdt,20260501_KPC_fixed_dishes_on_SLIM::batch1\fitet-sz-c3-b5::4_BKO0430glu10min_740nm_3038mW_u1_poc0p2_20x0p75NA_457s50_g70_z1_256pix_basicFLIM_100f_0001,batch1\fitet-sz-c3-b5,3,"a1, a2, a3, chi2, photons, tau1, tau2, tau3"
4_BKO0430glu10min_740nm_3038mW_u1_poc0p2_20x0p75NA_457s50_g70_z1_256pix_basicFLIM_100f_0001.sdt,20260501_KPC_fixed_dishes_on_SLIM::batch1\fitet-sz-c3-b7::4_BKO0430glu10min_740nm_3038mW_u1_poc0p2_20x0p75NA_457s50_g70_z1_256pix_basicFLIM_100f_0001,batch1\fitet-sz-c3-b7,3,"a1, a2, a3, chi2, photons, tau1, tau2, tau3"
4_BKO0430glu10min_740nm_3038mW_u1_poc0p2_20x0p75NA_457s50_g70_z1_256pix_basicFLIM_100f_0002.sdt,20260501_KPC_fixed_dishes_on_SLIM::batch1\fitet-sf-2component-b5::4_BKO0430glu10min_740nm_3038mW_u1_poc0p2_20x0p75NA_457s50_g70_z1_256pix_basicFLIM_100f_0002,batch1\fitet-sf-2component-b5,2,"a1, a2, chi2, photons, tau1, tau2"
4_BKO0430glu10min_740nm_3038mW_u1_poc0p2_20x0p75NA_457s50_g70_z1_256pix_basicFLIM_100f_0002.sdt,20260501_KPC_fixed_dishes_on_SLIM::batch1\fitet-sf-3component-b5::4_BKO0430glu10min_740nm_3038mW_u1_poc0p2_20x0p75NA_457s50_g70_z1_256pix_basicFLIM_100f_0002,batch1\fitet-sf-3component-b5,3,"a1, a2, a3, chi2, photons, tau1, tau2, tau3"
4_BKO0430glu10min_740nm_3038mW_u1_poc0p2_20x0p75NA_457s50_g70_z1_256pix_basicFLIM_100f_0002.sdt,20260501_KPC_fixed_dishes_on_SLIM::batch1\fitet-sf-c2-b5::4_BKO0430glu10min_740nm_3038mW_u1_poc0p2_20x0p75NA_457s50_g70_z1_256pix_basicFLIM_100f_0002,batch1\fitet-sf-c2-b5,2,"a1, a2, chi2, photons, tau1, tau2"
4_BKO0430glu10min_740nm_3038mW_u1_poc0p2_20x0p75NA_457s50_g70_z1_256pix_basicFLIM_100f_0002.sdt,20260501_KPC_fixed_dishes_on_SLIM::batch1\fitet-sf-c2-b7::4_BKO0430glu10min_740nm_3038mW_u1_poc0p2_20x0p75NA_457s50_g70_z1_256pix_basicFLIM_100f_0002,batch1\fitet-sf-c2-b7,3,"a1, a2, a3, chi2, photons, tau1, tau2, tau3"
4_BKO0430glu10min_740nm_3038mW_u1_poc0p2_20x0p75NA_457s50_g70_z1_256pix_basicFLIM_100f_0002.sdt,20260501_KPC_fixed_dishes_on_SLIM::batch1\fitet-sf-c3-b5::4_BKO0430glu10min_740nm_3038mW_u1_poc0p2_20x0p75NA_457s50_g70_z1_256pix_basicFLIM_100f_0002,batch1\fitet-sf-c3-b5,3,"a1, a2, a3, chi2, photons, tau1, tau2, tau3"
4_BKO0430glu10min_740nm_3038mW_u1_poc0p2_20x0p75NA_457s50_g70_z1_256pix_basicFLIM_100f_0002.sdt,20260501_KPC_fixed_dishes_on_SLIM::batch1\fitet-sz-1component-b5::4_BKO0430glu10min_740nm_3038mW_u1_poc0p2_20x0p75NA_457s50_g70_z1_256pix_basicFLIM_100f_0002,batch1\fitet-sz-1component-b5,3,"a1, a2, a3, chi2, photons, tau1, tau2, tau3"
4_BKO0430glu10min_740nm_3038mW_u1_poc0p2_20x0p75NA_457s50_g70_z1_256pix_basicFLIM_100f_0002.sdt,20260501_KPC_fixed_dishes_on_SLIM::batch1\fitet-sz-2component-b5::4_BKO0430glu10min_740nm_3038mW_u1_poc0p2_20x0p75NA_457s50_g70_z1_256pix_basicFLIM_100f_0002,batch1\fitet-sz-2component-b5,3,"a1, a2, a3, chi2, photons, tau1, tau2, tau3"
4_BKO0430glu10min_740nm_3038mW_u1_poc0p2_20x0p75NA_457s50_g70_z1_256pix_basicFLIM_100f_0002.sdt,20260501_KPC_fixed_dishes_on_SLIM::batch1\fitet-sz-3component-b5::4_BKO0430glu10min_740nm_3038mW_u1_poc0p2_20x0p75NA_457s50_g70_z1_256pix_basicFLIM_100f_0002,batch1\fitet-sz-3component-b5,3,"a1, a2, a3, chi2, photons, tau1, tau2, tau3"
4_BKO0430glu10min_740nm_3038mW_u1_poc0p2_20x0p75NA_457s50_g70_z1_256pix_basicFLIM_100f_0002.sdt,20260501_KPC_fixed_dishes_on_SLIM::batch1\fitet-sz-c1-b5::4_BKO0430glu10min_740nm_3038mW_u1_poc0p2_20x0p75NA_457s50_g70_z1_256pix_basicFLIM_100f_0002,batch1\fitet-sz-c1-b5,3,"a1, a2, a3, chi2, photons, tau1, tau2, tau3"
4_BKO0430glu10min_740nm_3038mW_u1_poc0p2_20x0p75NA_457s50_g70_z1_256pix_basicFLIM_100f_0002.sdt,20260501_KPC_fixed_dishes_on_SLIM::batch1\fitet-sz-c2-b5::4_BKO0430glu10min_740nm_3038mW_u1_poc0p2_20x0p75NA_457s50_g70_z1_256pix_basicFLIM_100f_0002,batch1\fitet-sz-c2-b5,3,"a1, a2, a3, chi2, photons, tau1, tau2, tau3"
4_BKO0430glu10min_740nm_3038mW_u1_poc0p2_20x0p75NA_457s50_g70_z1_256pix_basicFLIM_100f_0002.sdt,20260501_KPC_fixed_dishes_on_SLIM::batch1\fitet-sz-c3-b5::4_BKO0430glu10min_740nm_3038mW_u1_poc0p2_20x0p75NA_457s50_g70_z1_256pix_basicFLIM_100f_0002,batch1\fitet-sz-c3-b5,3,"a1, a2, a3, chi2, photons, tau1, tau2, tau3"
4_BKO0430glu10min_740nm_3038mW_u1_poc0p2_20x0p75NA_457s50_g70_z1_256pix_basicFLIM_100f_0002.sdt,20260501_KPC_fixed_dishes_on_SLIM::batch1\fitet-sz-c3-b7::4_BKO0430glu10min_740nm_3038mW_u1_poc0p2_20x0p75NA_457s50_g70_z1_256pix_basicFLIM_100f_0002,batch1\fitet-sz-c3-b7,3,"a1, a2, a3, chi2, photons, tau1, tau2, tau3"
4_BKO0430glu10min_740nm_3038mW_u1_poc0p2_20x0p75NA_457s50_g70_z1_256pix_basicFLIM_100f_0003.sdt,20260501_KPC_fixed_dishes_on_SLIM::batch1\fitet-sf-2component-b5::4_BKO0430glu10min_740nm_3038mW_u1_poc0p2_20x0p75NA_457s50_g70_z1_256pix_basicFLIM_100f_0003,batch1\fitet-sf-2component-b5,2,"a1, a2, chi2, photons, tau1, tau2"
4_BKO0430glu10min_740nm_3038mW_u1_poc0p2_20x0p75NA_457s50_g70_z1_256pix_basicFLIM_100f_0003.sdt,20260501_KPC_fixed_dishes_on_SLIM::batch1\fitet-sf-3component-b5::4_BKO0430glu10min_740nm_3038mW_u1_poc0p2_20x0p75NA_457s50_g70_z1_256pix_basicFLIM_100f_0003,batch1\fitet-sf-3component-b5,3,"a1, a2, a3, chi2, photons, tau1, tau2, tau3"
4_BKO0430glu10min_740nm_3038mW_u1_poc0p2_20x0p75NA_457s50_g70_z1_256pix_basicFLIM_100f_0003.sdt,20260501_KPC_fixed_dishes_on_SLIM::batch1\fitet-sf-c2-b5::4_BKO0430glu10min_740nm_3038mW_u1_poc0p2_20x0p75NA_457s50_g70_z1_256pix_basicFLIM_100f_0003,batch1\fitet-sf-c2-b5,2,"a1, a2, chi2, photons, tau1, tau2"
4_BKO0430glu10min_740nm_3038mW_u1_poc0p2_20x0p75NA_457s50_g70_z1_256pix_basicFLIM_100f_0003.sdt,20260501_KPC_fixed_dishes_on_SLIM::batch1\fitet-sf-c2-b7::4_BKO0430glu10min_740nm_3038mW_u1_poc0p2_20x0p75NA_457s50_g70_z1_256pix_basicFLIM_100f_0003,batch1\fitet-sf-c2-b7,3,"a1, a2, a3, chi2, photons, tau1, tau2, tau3"
4_BKO0430glu10min_740nm_3038mW_u1_poc0p2_20x0p75NA_457s50_g70_z1_256pix_basicFLIM_100f_0003.sdt,20260501_KPC_fixed_dishes_on_SLIM::batch1\fitet-sf-c3-b5::4_BKO0430glu10min_740nm_3038mW_u1_poc0p2_20x0p75NA_457s50_g70_z1_256pix_basicFLIM_100f_0003,batch1\fitet-sf-c3-b5,3,"a1, a2, a3, chi2, photons, tau1, tau2, tau3"
4_BKO0430glu10min_740nm_3038mW_u1_poc0p2_20x0p75NA_457s50_g70_z1_256pix_basicFLIM_100f_0003.sdt,20260501_KPC_fixed_dishes_on_SLIM::batch1\fitet-sz-1component-b5::4_BKO0430glu10min_740nm_3038mW_u1_poc0p2_20x0p75NA_457s50_g70_z1_256pix_basicFLIM_100f_0003,batch1\fitet-sz-1component-b5,3,"a1, a2, a3, chi2, photons, tau1, tau2, tau3"
4_BKO0430glu10min_740nm_3038mW_u1_poc0p2_20x0p75NA_457s50_g70_z1_256pix_basicFLIM_100f_0003.sdt,20260501_KPC_fixed_dishes_on_SLIM::batch1\fitet-sz-2component-b5::4_BKO0430glu10min_740nm_3038mW_u1_poc0p2_20x0p75NA_457s50_g70_z1_256pix_basicFLIM_100f_0003,batch1\fitet-sz-2component-b5,3,"a1, a2, a3, chi2, photons, tau1, tau2, tau3"
4_BKO0430glu10min_740nm_3038mW_u1_poc0p2_20x0p75NA_457s50_g70_z1_256pix_basicFLIM_100f_0003.sdt,20260501_KPC_fixed_dishes_on_SLIM::batch1\fitet-sz-3component-b5::4_BKO0430glu10min_740nm_3038mW_u1_poc0p2_20x0p75NA_457s50_g70_z1_256pix_basicFLIM_100f_0003,batch1\fitet-sz-3component-b5,3,"a1, a2, a3, chi2, photons, tau1, tau2, tau3"
4_BKO0430glu10min_740nm_3038mW_u1_poc0p2_20x0p75NA_457s50_g70_z1_256pix_basicFLIM_100f_0003.sdt,20260501_KPC_fixed_dishes_on_SLIM::batch1\fitet-sz-c1-b5::4_BKO0430glu10min_740nm_3038mW_u1_poc0p2_20x0p75NA_457s50_g70_z1_256pix_basicFLIM_100f_0003,batch1\fitet-sz-c1-b5,3,"a1, a2, a3, chi2, photons, tau1, tau2, tau3"
4_BKO0430glu10min_740nm_3038mW_u1_poc0p2_20x0p75NA_457s50_g70_z1_256pix_basicFLIM_100f_0003.sdt,20260501_KPC_fixed_dishes_on_SLIM::batch1\fitet-sz-c2-b5::4_BKO0430glu10min_740nm_3038mW_u1_poc0p2_20x0p75NA_457s50_g70_z1_256pix_basicFLIM_100f_0003,batch1\fitet-sz-c2-b5,3,"a1, a2, a3, chi2, photons, tau1, tau2, tau3"
4_BKO0430glu10min_740nm_3038mW_u1_poc0p2_20x0p75NA_457s50_g70_z1_256pix_basicFLIM_100f_0003.sdt,20260501_KPC_fixed_dishes_on_SLIM::batch1\fitet-sz-c3-b5::4_BKO0430glu10min_740nm_3038mW_u1_poc0p2_20x0p75NA_457s50_g70_z1_256pix_basicFLIM_100f_0003,batch1\fitet-sz-c3-b5,3,"a1, a2, a3, chi2, photons, tau1, tau2, tau3"
4_BKO0430glu10min_740nm_3038mW_u1_poc0p2_20x0p75NA_457s50_g70_z1_256pix_basicFLIM_100f_0003.sdt,20260501_KPC_fixed_dishes_on_SLIM::batch1\fitet-sz-c3-b7::4_BKO0430glu10min_740nm_3038mW_u1_poc0p2_20x0p75NA_457s50_g70_z1_256pix_basicFLIM_100f_0003,batch1\fitet-sz-c3-b7,3,"a1, a2, a3, chi2, photons, tau1, tau2, tau3"
4_BKO0430glu10min_740nm_3038mW_u1_poc0p2_20x0p75NA_457s50_g70_z1_256pix_basicFLIM_100f_0004.sdt,20260501_KPC_fixed_dishes_on_SLIM::batch1\fitet-sf-2component-b5::4_BKO0430glu10min_740nm_3038mW_u1_poc0p2_20x0p75NA_457s50_g70_z1_256pix_basicFLIM_100f_0004,batch1\fitet-sf-2component-b5,2,"a1, a2, chi2, photons, tau1, tau2"
4_BKO0430glu10min_740nm_3038mW_u1_poc0p2_20x0p75NA_457s50_g70_z1_256pix_basicFLIM_100f_0004.sdt,20260501_KPC_fixed_dishes_on_SLIM::batch1\fitet-sf-3component-b5::4_BKO0430glu10min_740nm_3038mW_u1_poc0p2_20x0p75NA_457s50_g70_z1_256pix_basicFLIM_100f_0004,batch1\fitet-sf-3component-b5,3,"a1, a2, a3, chi2, photons, tau1, tau2, tau3"
4_BKO0430glu10min_740nm_3038mW_u1_poc0p2_20x0p75NA_457s50_g70_z1_256pix_basicFLIM_100f_0004.sdt,20260501_KPC_fixed_dishes_on_SLIM::batch1\fitet-sf-c2-b5::4_BKO0430glu10min_740nm_3038mW_u1_poc0p2_20x0p75NA_457s50_g70_z1_256pix_basicFLIM_100f_0004,batch1\fitet-sf-c2-b5,2,"a1, a2, chi2, photons, tau1, tau2"
4_BKO0430glu10min_740nm_3038mW_u1_poc0p2_20x0p75NA_457s50_g70_z1_256pix_basicFLIM_100f_0004.sdt,20260501_KPC_fixed_dishes_on_SLIM::batch1\fitet-sf-c2-b7::4_BKO0430glu10min_740nm_3038mW_u1_poc0p2_20x0p75NA_457s50_g70_z1_256pix_basicFLIM_100f_0004,batch1\fitet-sf-c2-b7,3,"a1, a2, a3, chi2, photons, tau1, tau2, tau3"
4_BKO0430glu10min_740nm_3038mW_u1_poc0p2_20x0p75NA_457s50_g70_z1_256pix_basicFLIM_100f_0004.sdt,20260501_KPC_fixed_dishes_on_SLIM::batch1\fitet-sf-c3-b5::4_BKO0430glu10min_740nm_3038mW_u1_poc0p2_20x0p75NA_457s50_g70_z1_256pix_basicFLIM_100f_0004,batch1\fitet-sf-c3-b5,3,"a1, a2, a3, chi2, photons, tau1, tau2, tau3"
4_BKO0430glu10min_740nm_3038mW_u1_poc0p2_20x0p75NA_457s50_g70_z1_256pix_basicFLIM_100f_0004.sdt,20260501_KPC_fixed_dishes_on_SLIM::batch1\fitet-sz-1component-b5::4_BKO0430glu10min_740nm_3038mW_u1_poc0p2_20x0p75NA_457s50_g70_z1_256pix_basicFLIM_100f_0004,batch1\fitet-sz-1component-b5,3,"a1, a2, a3, chi2, photons, tau1, tau2, tau3"
4_BKO0430glu10min_740nm_3038mW_u1_poc0p2_20x0p75NA_457s50_g70_z1_256pix_basicFLIM_100f_0004.sdt,20260501_KPC_fixed_dishes_on_SLIM::batch1\fitet-sz-2component-b5::4_BKO0430glu10min_740nm_3038mW_u1_poc0p2_20x0p75NA_457s50_g70_z1_256pix_basicFLIM_100f_0004,batch1\fitet-sz-2component-b5,3,"a1, a2, a3, chi2, photons, tau1, tau2, tau3"
4_BKO0430glu10min_740nm_3038mW_u1_poc0p2_20x0p75NA_457s50_g70_z1_256pix_basicFLIM_100f_0004.sdt,20260501_KPC_fixed_dishes_on_SLIM::batch1\fitet-sz-3component-b5::4_BKO0430glu10min_740nm_3038mW_u1_poc0p2_20x0p75NA_457s50_g70_z1_256pix_basicFLIM_100f_0004,batch1\fitet-sz-3component-b5,3,"a1, a2, a3, chi2, photons, tau1, tau2, tau3"
4_BKO0430glu10min_740nm_3038mW_u1_poc0p2_20x0p75NA_457s50_g70_z1_256pix_basicFLIM_100f_0004.sdt,20260501_KPC_fixed_dishes_on_SLIM::batch1\fitet-sz-c1-b5::4_BKO0430glu10min_740nm_3038mW_u1_poc0p2_20x0p75NA_457s50_g70_z1_256pix_basicFLIM_100f_0004,batch1\fitet-sz-c1-b5,3,"a1, a2, a3, chi2, photons, tau1, tau2, tau3"
4_BKO0430glu10min_740nm_3038mW_u1_poc0p2_20x0p75NA_457s50_g70_z1_256pix_basicFLIM_100f_0004.sdt,20260501_KPC_fixed_dishes_on_SLIM::batch1\fitet-sz-c2-b5::4_BKO0430glu10min_740nm_3038mW_u1_poc0p2_20x0p75NA_457s50_g70_z1_256pix_basicFLIM_100f_0004,batch1\fitet-sz-c2-b5,3,"a1, a2, a3, chi2, photons, tau1, tau2, tau3"
4_BKO0430glu10min_740nm_3038mW_u1_poc0p2_20x0p75NA_457s50_g70_z1_256pix_basicFLIM_100f_0004.sdt,20260501_KPC_fixed_dishes_on_SLIM::batch1\fitet-sz-c3-b5::4_BKO0430glu10min_740nm_3038mW_u1_poc0p2_20x0p75NA_457s50_g70_z1_256pix_basicFLIM_100f_0004,batch1\fitet-sz-c3-b5,3,"a1, a2, a3, chi2, photons, tau1, tau2, tau3"
4_BKO0430glu10min_740nm_3038mW_u1_poc0p2_20x0p75NA_457s50_g70_z1_256pix_basicFLIM_100f_0004.sdt,20260501_KPC_fixed_dishes_on_SLIM::batch1\fitet-sz-c3-b7::4_BKO0430glu10min_740nm_3038mW_u1_poc0p2_20x0p75NA_457s50_g70_z1_256pix_basicFLIM_100f_0004,batch1\fitet-sz-c3-b7,3,"a1, a2, a3, chi2, photons, tau1, tau2, tau3"
4_BKO0430glu10min_740nm_3038mW_u1_poc0p2_20x0p75NA_457s50_g70_z1_256pix_basicFLIM_100f_0005.sdt,20260501_KPC_fixed_dishes_on_SLIM::batch1\fitet-sf-2component-b5::4_BKO0430glu10min_740nm_3038mW_u1_poc0p2_20x0p75NA_457s50_g70_z1_256pix_basicFLIM_100f_0005,batch1\fitet-sf-2component-b5,2,"a1, a2, chi2, photons, tau1, tau2"
4_BKO0430glu10min_740nm_3038mW_u1_poc0p2_20x0p75NA_457s50_g70_z1_256pix_basicFLIM_100f_0005.sdt,20260501_KPC_fixed_dishes_on_SLIM::batch1\fitet-sf-3component-b5::4_BKO0430glu10min_740nm_3038mW_u1_poc0p2_20x0p75NA_457s50_g70_z1_256pix_basicFLIM_100f_0005,batch1\fitet-sf-3component-b5,3,"a1, a2, a3, chi2, photons, tau1, tau2, tau3"
4_BKO0430glu10min_740nm_3038mW_u1_poc0p2_20x0p75NA_457s50_g70_z1_256pix_basicFLIM_100f_0005.sdt,20260501_KPC_fixed_dishes_on_SLIM::batch1\fitet-sf-c2-b5::4_BKO0430glu10min_740nm_3038mW_u1_poc0p2_20x0p75NA_457s50_g70_z1_256pix_basicFLIM_100f_0005,batch1\fitet-sf-c2-b5,2,"a1, a2, chi2, photons, tau1, tau2"
4_BKO0430glu10min_740nm_3038mW_u1_poc0p2_20x0p75NA_457s50_g70_z1_256pix_basicFLIM_100f_0005.sdt,20260501_KPC_fixed_dishes_on_SLIM::batch1\fitet-sf-c2-b7::4_BKO0430glu10min_740nm_3038mW_u1_poc0p2_20x0p75NA_457s50_g70_z1_256pix_basicFLIM_100f_0005,batch1\fitet-sf-c2-b7,3,"a1, a2, a3, chi2, photons, tau1, tau2, tau3"
4_BKO0430glu10min_740nm_3038mW_u1_poc0p2_20x0p75NA_457s50_g70_z1_256pix_basicFLIM_100f_0005.sdt,20260501_KPC_fixed_dishes_on_SLIM::batch1\fitet-sf-c3-b5::4_BKO0430glu10min_740nm_3038mW_u1_poc0p2_20x0p75NA_457s50_g70_z1_256pix_basicFLIM_100f_0005,batch1\fitet-sf-c3-b5,3,"a1, a2, a3, chi2, photons, tau1, tau2, tau3"
4_BKO0430glu10min_740nm_3038mW_u1_poc0p2_20x0p75NA_457s50_g70_z1_256pix_basicFLIM_100f_0005.sdt,20260501_KPC_fixed_dishes_on_SLIM::batch1\fitet-sz-1component-b5::4_BKO0430glu10min_740nm_3038mW_u1_poc0p2_20x0p75NA_457s50_g70_z1_256pix_basicFLIM_100f_0005,batch1\fitet-sz-1component-b5,3,"a1, a2, a3, chi2, photons, tau1, tau2, tau3"
4_BKO0430glu10min_740nm_3038mW_u1_poc0p2_20x0p75NA_457s50_g70_z1_256pix_basicFLIM_100f_0005.sdt,20260501_KPC_fixed_dishes_on_SLIM::batch1\fitet-sz-2component-b5::4_BKO0430glu10min_740nm_3038mW_u1_poc0p2_20x0p75NA_457s50_g70_z1_256pix_basicFLIM_100f_0005,batch1\fitet-sz-2component-b5,3,"a1, a2, a3, chi2, photons, tau1, tau2, tau3"
4_BKO0430glu10min_740nm_3038mW_u1_poc0p2_20x0p75NA_457s50_g70_z1_256pix_basicFLIM_100f_0005.sdt,20260501_KPC_fixed_dishes_on_SLIM::batch1\fitet-sz-3component-b5::4_BKO0430glu10min_740nm_3038mW_u1_poc0p2_20x0p75NA_457s50_g70_z1_256pix_basicFLIM_100f_0005,batch1\fitet-sz-3component-b5,3,"a1, a2, a3, chi2, photons, tau1, tau2, tau3"
4_BKO0430glu10min_740nm_3038mW_u1_poc0p2_20x0p75NA_457s50_g70_z1_256pix_basicFLIM_100f_0005.sdt,20260501_KPC_fixed_dishes_on_SLIM::batch1\fitet-sz-c1-b5::4_BKO0430glu10min_740nm_3038mW_u1_poc0p2_20x0p75NA_457s50_g70_z1_256pix_basicFLIM_100f_0005,batch1\fitet-sz-c1-b5,3,"a1, a2, a3, chi2, photons, tau1, tau2, tau3"
4_BKO0430glu10min_740nm_3038mW_u1_poc0p2_20x0p75NA_457s50_g70_z1_256pix_basicFLIM_100f_0005.sdt,20260501_KPC_fixed_dishes_on_SLIM::batch1\fitet-sz-c2-b5::4_BKO0430glu10min_740nm_3038mW_u1_poc0p2_20x0p75NA_457s50_g70_z1_256pix_basicFLIM_100f_0005,batch1\fitet-sz-c2-b5,3,"a1, a2, a3, chi2, photons, tau1, tau2, tau3"
4_BKO0430glu10min_740nm_3038mW_u1_poc0p2_20x0p75NA_457s50_g70_z1_256pix_basicFLIM_100f_0005.sdt,20260501_KPC_fixed_dishes_on_SLIM::batch1\fitet-sz-c3-b5::4_BKO0430glu10min_740nm_3038mW_u1_poc0p2_20x0p75NA_457s50_g70_z1_256pix_basicFLIM_100f_0005,batch1\fitet-sz-c3-b5,3,"a1, a2, a3, chi2, photons, tau1, tau2, tau3"
4_BKO0430glu10min_740nm_3038mW_u1_poc0p2_20x0p75NA_457s50_g70_z1_256pix_basicFLIM_100f_0005.sdt,20260501_KPC_fixed_dishes_on_SLIM::batch1\fitet-sz-c3-b7::4_BKO0430glu10min_740nm_3038mW_u1_poc0p2_20x0p75NA_457s50_g70_z1_256pix_basicFLIM_100f_0005,batch1\fitet-sz-c3-b7,3,"a1, a2, a3, chi2, photons, tau1, tau2, tau3"
4_BKO0430glu10min_740nm_3038mW_u1_poc0p2_20x0p75NA_457s50_g70_z1_256pix_basicFLIM_100f_0006.sdt,20260501_KPC_fixed_dishes_on_SLIM::batch1\fitet-sf-2component-b5::4_BKO0430glu10min_740nm_3038mW_u1_poc0p2_20x0p75NA_457s50_g70_z1_256pix_basicFLIM_100f_0006,batch1\fitet-sf-2component-b5,2,"a1, a2, chi2, photons, tau1, tau2"
4_BKO0430glu10min_740nm_3038mW_u1_poc0p2_20x0p75NA_457s50_g70_z1_256pix_basicFLIM_100f_0006.sdt,20260501_KPC_fixed_dishes_on_SLIM::batch1\fitet-sf-3component-b5::4_BKO0430glu10min_740nm_3038mW_u1_poc0p2_20x0p75NA_457s50_g70_z1_256pix_basicFLIM_100f_0006,batch1\fitet-sf-3component-b5,3,"a1, a2, a3, chi2, photons, tau1, tau2, tau3"
4_BKO0430glu10min_740nm_3038mW_u1_poc0p2_20x0p75NA_457s50_g70_z1_256pix_basicFLIM_100f_0006.sdt,20260501_KPC_fixed_dishes_on_SLIM::batch1\fitet-sf-c2-b5::4_BKO0430glu10min_740nm_3038mW_u1_poc0p2_20x0p75NA_457s50_g70_z1_256pix_basicFLIM_100f_0006,batch1\fitet-sf-c2-b5,2,"a1, a2, chi2, photons, tau1, tau2"
4_BKO0430glu10min_740nm_3038mW_u1_poc0p2_20x0p75NA_457s50_g70_z1_256pix_basicFLIM_100f_0006.sdt,20260501_KPC_fixed_dishes_on_SLIM::batch1\fitet-sf-c2-b7::4_BKO0430glu10min_740nm_3038mW_u1_poc0p2_20x0p75NA_457s50_g70_z1_256pix_basicFLIM_100f_0006,batch1\fitet-sf-c2-b7,3,"a1, a2, a3, chi2, photons, tau1, tau2, tau3"
4_BKO0430glu10min_740nm_3038mW_u1_poc0p2_20x0p75NA_457s50_g70_z1_256pix_basicFLIM_100f_0006.sdt,20260501_KPC_fixed_dishes_on_SLIM::batch1\fitet-sf-c3-b5::4_BKO0430glu10min_740nm_3038mW_u1_poc0p2_20x0p75NA_457s50_g70_z1_256pix_basicFLIM_100f_0006,batch1\fitet-sf-c3-b5,3,"a1, a2, a3, chi2, photons, tau1, tau2, tau3"
4_BKO0430glu10min_740nm_3038mW_u1_poc0p2_20x0p75NA_457s50_g70_z1_256pix_basicFLIM_100f_0006.sdt,20260501_KPC_fixed_dishes_on_SLIM::batch1\fitet-sz-1component-b5::4_BKO0430glu10min_740nm_3038mW_u1_poc0p2_20x0p75NA_457s50_g70_z1_256pix_basicFLIM_100f_0006,batch1\fitet-sz-1component-b5,3,"a1, a2, a3, chi2, photons, tau1, tau2, tau3"
4_BKO0430glu10min_740nm_3038mW_u1_poc0p2_20x0p75NA_457s50_g70_z1_256pix_basicFLIM_100f_0006.sdt,20260501_KPC_fixed_dishes_on_SLIM::batch1\fitet-sz-2component-b5::4_BKO0430glu10min_740nm_3038mW_u1_poc0p2_20x0p75NA_457s50_g70_z1_256pix_basicFLIM_100f_0006,batch1\fitet-sz-2component-b5,3,"a1, a2, a3, chi2, photons, tau1, tau2, tau3"
4_BKO0430glu10min_740nm_3038mW_u1_poc0p2_20x0p75NA_457s50_g70_z1_256pix_basicFLIM_100f_0006.sdt,20260501_KPC_fixed_dishes_on_SLIM::batch1\fitet-sz-3component-b5::4_BKO0430glu10min_740nm_3038mW_u1_poc0p2_20x0p75NA_457s50_g70_z1_256pix_basicFLIM_100f_0006,batch1\fitet-sz-3component-b5,3,"a1, a2, a3, chi2, photons, tau1, tau2, tau3"
4_BKO0430glu10min_740nm_3038mW_u1_poc0p2_20x0p75NA_457s50_g70_z1_256pix_basicFLIM_100f_0006.sdt,20260501_KPC_fixed_dishes_on_SLIM::batch1\fitet-sz-c1-b5::4_BKO0430glu10min_740nm_3038mW_u1_poc0p2_20x0p75NA_457s50_g70_z1_256pix_basicFLIM_100f_0006,batch1\fitet-sz-c1-b5,3,"a1, a2, a3, chi2, photons, tau1, tau2, tau3"
4_BKO0430glu10min_740nm_3038mW_u1_poc0p2_20x0p75NA_457s50_g70_z1_256pix_basicFLIM_100f_0006.sdt,20260501_KPC_fixed_dishes_on_SLIM::batch1\fitet-sz-c2-b5::4_BKO0430glu10min_740nm_3038mW_u1_poc0p2_20x0p75NA_457s50_g70_z1_256pix_basicFLIM_100f_0006,batch1\fitet-sz-c2-b5,3,"a1, a2, a3, chi2, photons, tau1, tau2, tau3"
4_BKO0430glu10min_740nm_3038mW_u1_poc0p2_20x0p75NA_457s50_g70_z1_256pix_basicFLIM_100f_0006.sdt,20260501_KPC_fixed_dishes_on_SLIM::batch1\fitet-sz-c3-b5::4_BKO0430glu10min_740nm_3038mW_u1_poc0p2_20x0p75NA_457s50_g70_z1_256pix_basicFLIM_100f_0006,batch1\fitet-sz-c3-b5,3,"a1, a2, a3, chi2, photons, tau1, tau2, tau3"
4_BKO0430glu10min_740nm_3038mW_u1_poc0p2_20x0p75NA_457s50_g70_z1_256pix_basicFLIM_100f_0006.sdt,20260501_KPC_fixed_dishes_on_SLIM::batch1\fitet-sz-c3-b7::4_BKO0430glu10min_740nm_3038mW_u1_poc0p2_20x0p75NA_457s50_g70_z1_256pix_basicFLIM_100f_0006,batch1\fitet-sz-c3-b7,3,"a1, a2, a3, chi2, photons, tau1, tau2, tau3"
4_BKO0430glu10min_740nm_3038mW_u1_poc0p2_20x0p75NA_457s50_g70_z1_256pix_basicFLIM_100f_0007.sdt,20260501_KPC_fixed_dishes_on_SLIM::batch1\fitet-sf-2component-b5::4_BKO0430glu10min_740nm_3038mW_u1_poc0p2_20x0p75NA_457s50_g70_z1_256pix_basicFLIM_100f_0007,batch1\fitet-sf-2component-b5,2,"a1, a2, chi2, photons, tau1, tau2"
4_BKO0430glu10min_740nm_3038mW_u1_poc0p2_20x0p75NA_457s50_g70_z1_256pix_basicFLIM_100f_0007.sdt,20260501_KPC_fixed_dishes_on_SLIM::batch1\fitet-sf-3component-b5::4_BKO0430glu10min_740nm_3038mW_u1_poc0p2_20x0p75NA_457s50_g70_z1_256pix_basicFLIM_100f_0007,batch1\fitet-sf-3component-b5,3,"a1, a2, a3, chi2, photons, tau1, tau2, tau3"
4_BKO0430glu10min_740nm_3038mW_u1_poc0p2_20x0p75NA_457s50_g70_z1_256pix_basicFLIM_100f_0007.sdt,20260501_KPC_fixed_dishes_on_SLIM::batch1\fitet-sf-c2-b5::4_BKO0430glu10min_740nm_3038mW_u1_poc0p2_20x0p75NA_457s50_g70_z1_256pix_basicFLIM_100f_0007,batch1\fitet-sf-c2-b5,2,"a1, a2, chi2, photons, tau1, tau2"
4_BKO0430glu10min_740nm_3038mW_u1_poc0p2_20x0p75NA_457s50_g70_z1_256pix_basicFLIM_100f_0007.sdt,20260501_KPC_fixed_dishes_on_SLIM::batch1\fitet-sf-c2-b7::4_BKO0430glu10min_740nm_3038mW_u1_poc0p2_20x0p75NA_457s50_g70_z1_256pix_basicFLIM_100f_0007,batch1\fitet-sf-c2-b7,3,"a1, a2, a3, chi2, photons, tau1, tau2, tau3"
4_BKO0430glu10min_740nm_3038mW_u1_poc0p2_20x0p75NA_457s50_g70_z1_256pix_basicFLIM_100f_0007.sdt,20260501_KPC_fixed_dishes_on_SLIM::batch1\fitet-sf-c3-b5::4_BKO0430glu10min_740nm_3038mW_u1_poc0p2_20x0p75NA_457s50_g70_z1_256pix_basicFLIM_100f_0007,batch1\fitet-sf-c3-b5,3,"a1, a2, a3, chi2, photons, tau1, tau2, tau3"
4_BKO0430glu10min_740nm_3038mW_u1_poc0p2_20x0p75NA_457s50_g70_z1_256pix_basicFLIM_100f_0007.sdt,20260501_KPC_fixed_dishes_on_SLIM::batch1\fitet-sz-1component-b5::4_BKO0430glu10min_740nm_3038mW_u1_poc0p2_20x0p75NA_457s50_g70_z1_256pix_basicFLIM_100f_0007,batch1\fitet-sz-1component-b5,3,"a1, a2, a3, chi2, photons, tau1, tau2, tau3"
4_BKO0430glu10min_740nm_3038mW_u1_poc0p2_20x0p75NA_457s50_g70_z1_256pix_basicFLIM_100f_0007.sdt,20260501_KPC_fixed_dishes_on_SLIM::batch1\fitet-sz-2component-b5::4_BKO0430glu10min_740nm_3038mW_u1_poc0p2_20x0p75NA_457s50_g70_z1_256pix_basicFLIM_100f_0007,batch1\fitet-sz-2component-b5,3,"a1, a2, a3, chi2, photons, tau1, tau2, tau3"
4_BKO0430glu10min_740nm_3038mW_u1_poc0p2_20x0p75NA_457s50_g70_z1_256pix_basicFLIM_100f_0007.sdt,20260501_KPC_fixed_dishes_on_SLIM::batch1\fitet-sz-3component-b5::4_BKO0430glu10min_740nm_3038mW_u1_poc0p2_20x0p75NA_457s50_g70_z1_256pix_basicFLIM_100f_0007,batch1\fitet-sz-3component-b5,3,"a1, a2, a3, chi2, photons, tau1, tau2, tau3"
4_BKO0430glu10min_740nm_3038mW_u1_poc0p2_20x0p75NA_457s50_g70_z1_256pix_basicFLIM_100f_0007.sdt,20260501_KPC_fixed_dishes_on_SLIM::batch1\fitet-sz-c1-b5::4_BKO0430glu10min_740nm_3038mW_u1_poc0p2_20x0p75NA_457s50_g70_z1_256pix_basicFLIM_100f_0007,batch1\fitet-sz-c1-b5,3,"a1, a2, a3, chi2, photons, tau1, tau2, tau3"
4_BKO0430glu10min_740nm_3038mW_u1_poc0p2_20x0p75NA_457s50_g70_z1_256pix_basicFLIM_100f_0007.sdt,20260501_KPC_fixed_dishes_on_SLIM::batch1\fitet-sz-c2-b5::4_BKO0430glu10min_740nm_3038mW_u1_poc0p2_20x0p75NA_457s50_g70_z1_256pix_basicFLIM_100f_0007,batch1\fitet-sz-c2-b5,3,"a1, a2, a3, chi2, photons, tau1, tau2, tau3"
4_BKO0430glu10min_740nm_3038mW_u1_poc0p2_20x0p75NA_457s50_g70_z1_256pix_basicFLIM_100f_0007.sdt,20260501_KPC_fixed_dishes_on_SLIM::batch1\fitet-sz-c3-b5::4_BKO0430glu10min_740nm_3038mW_u1_poc0p2_20x0p75NA_457s50_g70_z1_256pix_basicFLIM_100f_0007,batch1\fitet-sz-c3-b5,3,"a1, a2, a3, chi2, photons, tau1, tau2, tau3"
4_BKO0430glu10min_740nm_3038mW_u1_poc0p2_20x0p75NA_457s50_g70_z1_256pix_basicFLIM_100f_0007.sdt,20260501_KPC_fixed_dishes_on_SLIM::batch1\fitet-sz-c3-b7::4_BKO0430glu10min_740nm_3038mW_u1_poc0p2_20x0p75NA_457s50_g70_z1_256pix_basicFLIM_100f_0007,batch1\fitet-sz-c3-b7,3,"a1, a2, a3, chi2, photons, tau1, tau2, tau3"
4_BKO0430glu10min_740nm_3038mW_u1_poc0p2_20x0p75NA_457s50_g70_z1_256pix_basicFLIM_100f_0008.sdt,20260501_KPC_fixed_dishes_on_SLIM::batch1\fitet-sf-2component-b5::4_BKO0430glu10min_740nm_3038mW_u1_poc0p2_20x0p75NA_457s50_g70_z1_256pix_basicFLIM_100f_0008,batch1\fitet-sf-2component-b5,2,"a1, a2, chi2, photons, tau1, tau2"
4_BKO0430glu10min_740nm_3038mW_u1_poc0p2_20x0p75NA_457s50_g70_z1_256pix_basicFLIM_100f_0008.sdt,20260501_KPC_fixed_dishes_on_SLIM::batch1\fitet-sf-3component-b5::4_BKO0430glu10min_740nm_3038mW_u1_poc0p2_20x0p75NA_457s50_g70_z1_256pix_basicFLIM_100f_0008,batch1\fitet-sf-3component-b5,3,"a1, a2, a3, chi2, photons, tau1, tau2, tau3"
4_BKO0430glu10min_740nm_3038mW_u1_poc0p2_20x0p75NA_457s50_g70_z1_256pix_basicFLIM_100f_0008.sdt,20260501_KPC_fixed_dishes_on_SLIM::batch1\fitet-sf-c2-b5::4_BKO0430glu10min_740nm_3038mW_u1_poc0p2_20x0p75NA_457s50_g70_z1_256pix_basicFLIM_100f_0008,batch1\fitet-sf-c2-b5,2,"a1, a2, chi2, photons, tau1, tau2"
4_BKO0430glu10min_740nm_3038mW_u1_poc0p2_20x0p75NA_457s50_g70_z1_256pix_basicFLIM_100f_0008.sdt,20260501_KPC_fixed_dishes_on_SLIM::batch1\fitet-sf-c2-b7::4_BKO0430glu10min_740nm_3038mW_u1_poc0p2_20x0p75NA_457s50_g70_z1_256pix_basicFLIM_100f_0008,batch1\fitet-sf-c2-b7,3,"a1, a2, a3, chi2, photons, tau1, tau2, tau3"
4_BKO0430glu10min_740nm_3038mW_u1_poc0p2_20x0p75NA_457s50_g70_z1_256pix_basicFLIM_100f_0008.sdt,20260501_KPC_fixed_dishes_on_SLIM::batch1\fitet-sf-c3-b5::4_BKO0430glu10min_740nm_3038mW_u1_poc0p2_20x0p75NA_457s50_g70_z1_256pix_basicFLIM_100f_0008,batch1\fitet-sf-c3-b5,3,"a1, a2, a3, chi2, photons, tau1, tau2, tau3"
4_BKO0430glu10min_740nm_3038mW_u1_poc0p2_20x0p75NA_457s50_g70_z1_256pix_basicFLIM_100f_0008.sdt,20260501_KPC_fixed_dishes_on_SLIM::batch1\fitet-sz-1component-b5::4_BKO0430glu10min_740nm_3038mW_u1_poc0p2_20x0p75NA_457s50_g70_z1_256pix_basicFLIM_100f_0008,batch1\fitet-sz-1component-b5,3,"a1, a2, a3, chi2, photons, tau1, tau2, tau3"
4_BKO0430glu10min_740nm_3038mW_u1_poc0p2_20x0p75NA_457s50_g70_z1_256pix_basicFLIM_100f_0008.sdt,20260501_KPC_fixed_dishes_on_SLIM::batch1\fitet-sz-2component-b5::4_BKO0430glu10min_740nm_3038mW_u1_poc0p2_20x0p75NA_457s50_g70_z1_256pix_basicFLIM_100f_0008,batch1\fitet-sz-2component-b5,3,"a1, a2, a3, chi2, photons, tau1, tau2, tau3"
4_BKO0430glu10min_740nm_3038mW_u1_poc0p2_20x0p75NA_457s50_g70_z1_256pix_basicFLIM_100f_0008.sdt,20260501_KPC_fixed_dishes_on_SLIM::batch1\fitet-sz-3component-b5::4_BKO0430glu10min_740nm_3038mW_u1_poc0p2_20x0p75NA_457s50_g70_z1_256pix_basicFLIM_100f_0008,batch1\fitet-sz-3component-b5,3,"a1, a2, a3, chi2, photons, tau1, tau2, tau3"
4_BKO0430glu10min_740nm_3038mW_u1_poc0p2_20x0p75NA_457s50_g70_z1_256pix_basicFLIM_100f_0008.sdt,20260501_KPC_fixed_dishes_on_SLIM::batch1\fitet-sz-c1-b5::4_BKO0430glu10min_740nm_3038mW_u1_poc0p2_20x0p75NA_457s50_g70_z1_256pix_basicFLIM_100f_0008,batch1\fitet-sz-c1-b5,3,"a1, a2, a3, chi2, photons, tau1, tau2, tau3"
4_BKO0430glu10min_740nm_3038mW_u1_poc0p2_20x0p75NA_457s50_g70_z1_256pix_basicFLIM_100f_0008.sdt,20260501_KPC_fixed_dishes_on_SLIM::batch1\fitet-sz-c2-b5::4_BKO0430glu10min_740nm_3038mW_u1_poc0p2_20x0p75NA_457s50_g70_z1_256pix_basicFLIM_100f_0008,batch1\fitet-sz-c2-b5,3,"a1, a2, a3, chi2, photons, tau1, tau2, tau3"
4_BKO0430glu10min_740nm_3038mW_u1_poc0p2_20x0p75NA_457s50_g70_z1_256pix_basicFLIM_100f_0008.sdt,20260501_KPC_fixed_dishes_on_SLIM::batch1\fitet-sz-c3-b5::4_BKO0430glu10min_740nm_3038mW_u1_poc0p2_20x0p75NA_457s50_g70_z1_256pix_basicFLIM_100f_0008,batch1\fitet-sz-c3-b5,3,"a1, a2, a3, chi2, photons, tau1, tau2, tau3"
4_BKO0430glu10min_740nm_3038mW_u1_poc0p2_20x0p75NA_457s50_g70_z1_256pix_basicFLIM_100f_0008.sdt,20260501_KPC_fixed_dishes_on_SLIM::batch1\fitet-sz-c3-b7::4_BKO0430glu10min_740nm_3038mW_u1_poc0p2_20x0p75NA_457s50_g70_z1_256pix_basicFLIM_100f_0008,batch1\fitet-sz-c3-b7,3,"a1, a2, a3, chi2, photons, tau1, tau2, tau3"
4_BKO0430glu10min_740nm_3038mW_u1_poc0p2_20x0p75NA_457s50_g70_z1_256pix_basicFLIM_100f_0009.sdt,20260501_KPC_fixed_dishes_on_SLIM::batch1\fitet-sf-2component-b5::4_BKO0430glu10min_740nm_3038mW_u1_poc0p2_20x0p75NA_457s50_g70_z1_256pix_basicFLIM_100f_0009,batch1\fitet-sf-2component-b5,2,"a1, a2, chi2, photons, tau1, tau2"
4_BKO0430glu10min_740nm_3038mW_u1_poc0p2_20x0p75NA_457s50_g70_z1_256pix_basicFLIM_100f_0009.sdt,20260501_KPC_fixed_dishes_on_SLIM::batch1\fitet-sf-3component-b5::4_BKO0430glu10min_740nm_3038mW_u1_poc0p2_20x0p75NA_457s50_g70_z1_256pix_basicFLIM_100f_0009,batch1\fitet-sf-3component-b5,3,"a1, a2, a3, chi2, photons, tau1, tau2, tau3"
4_BKO0430glu10min_740nm_3038mW_u1_poc0p2_20x0p75NA_457s50_g70_z1_256pix_basicFLIM_100f_0009.sdt,20260501_KPC_fixed_dishes_on_SLIM::batch1\fitet-sf-c2-b5::4_BKO0430glu10min_740nm_3038mW_u1_poc0p2_20x0p75NA_457s50_g70_z1_256pix_basicFLIM_100f_0009,batch1\fitet-sf-c2-b5,2,"a1, a2, chi2, photons, tau1, tau2"
4_BKO0430glu10min_740nm_3038mW_u1_poc0p2_20x0p75NA_457s50_g70_z1_256pix_basicFLIM_100f_0009.sdt,20260501_KPC_fixed_dishes_on_SLIM::batch1\fitet-sf-c2-b7::4_BKO0430glu10min_740nm_3038mW_u1_poc0p2_20x0p75NA_457s50_g70_z1_256pix_basicFLIM_100f_0009,batch1\fitet-sf-c2-b7,3,"a1, a2, a3, chi2, photons, tau1, tau2, tau3"
4_BKO0430glu10min_740nm_3038mW_u1_poc0p2_20x0p75NA_457s50_g70_z1_256pix_basicFLIM_100f_0009.sdt,20260501_KPC_fixed_dishes_on_SLIM::batch1\fitet-sf-c3-b5::4_BKO0430glu10min_740nm_3038mW_u1_poc0p2_20x0p75NA_457s50_g70_z1_256pix_basicFLIM_100f_0009,batch1\fitet-sf-c3-b5,3,"a1, a2, a3, chi2, photons, tau1, tau2, tau3"
4_BKO0430glu10min_740nm_3038mW_u1_poc0p2_20x0p75NA_457s50_g70_z1_256pix_basicFLIM_100f_0009.sdt,20260501_KPC_fixed_dishes_on_SLIM::batch1\fitet-sz-1component-b5::4_BKO0430glu10min_740nm_3038mW_u1_poc0p2_20x0p75NA_457s50_g70_z1_256pix_basicFLIM_100f_0009,batch1\fitet-sz-1component-b5,3,"a1, a2, a3, chi2, photons, tau1, tau2, tau3"
4_BKO0430glu10min_740nm_3038mW_u1_poc0p2_20x0p75NA_457s50_g70_z1_256pix_basicFLIM_100f_0009.sdt,20260501_KPC_fixed_dishes_on_SLIM::batch1\fitet-sz-2component-b5::4_BKO0430glu10min_740nm_3038mW_u1_poc0p2_20x0p75NA_457s50_g70_z1_256pix_basicFLIM_100f_0009,batch1\fitet-sz-2component-b5,3,"a1, a2, a3, chi2, photons, tau1, tau2, tau3"
4_BKO0430glu10min_740nm_3038mW_u1_poc0p2_20x0p75NA_457s50_g70_z1_256pix_basicFLIM_100f_0009.sdt,20260501_KPC_fixed_dishes_on_SLIM::batch1\fitet-sz-3component-b5::4_BKO0430glu10min_740nm_3038mW_u1_poc0p2_20x0p75NA_457s50_g70_z1_256pix_basicFLIM_100f_0009,batch1\fitet-sz-3component-b5,3,"a1, a2, a3, chi2, photons, tau1, tau2, tau3"
4_BKO0430glu10min_740nm_3038mW_u1_poc0p2_20x0p75NA_457s50_g70_z1_256pix_basicFLIM_100f_0009.sdt,20260501_KPC_fixed_dishes_on_SLIM::batch1\fitet-sz-c1-b5::4_BKO0430glu10min_740nm_3038mW_u1_poc0p2_20x0p75NA_457s50_g70_z1_256pix_basicFLIM_100f_0009,batch1\fitet-sz-c1-b5,3,"a1, a2, a3, chi2, photons, tau1, tau2, tau3"
4_BKO0430glu10min_740nm_3038mW_u1_poc0p2_20x0p75NA_457s50_g70_z1_256pix_basicFLIM_100f_0009.sdt,20260501_KPC_fixed_dishes_on_SLIM::batch1\fitet-sz-c2-b5::4_BKO0430glu10min_740nm_3038mW_u1_poc0p2_20x0p75NA_457s50_g70_z1_256pix_basicFLIM_100f_0009,batch1\fitet-sz-c2-b5,3,"a1, a2, a3, chi2, photons, tau1, tau2, tau3"
4_BKO0430glu10min_740nm_3038mW_u1_poc0p2_20x0p75NA_457s50_g70_z1_256pix_basicFLIM_100f_0009.sdt,20260501_KPC_fixed_dishes_on_SLIM::batch1\fitet-sz-c3-b5::4_BKO0430glu10min_740nm_3038mW_u1_poc0p2_20x0p75NA_457s50_g70_z1_256pix_basicFLIM_100f_0009,batch1\fitet-sz-c3-b5,3,"a1, a2, a3, chi2, photons, tau1, tau2, tau3"
4_BKO0430glu10min_740nm_3038mW_u1_poc0p2_20x0p75NA_457s50_g70_z1_256pix_basicFLIM_100f_0009.sdt,20260501_KPC_fixed_dishes_on_SLIM::batch1\fitet-sz-c3-b7::4_BKO0430glu10min_740nm_3038mW_u1_poc0p2_20x0p75NA_457s50_g70_z1_256pix_basicFLIM_100f_0009,batch1\fitet-sz-c3-b7,3,"a1, a2, a3, chi2, photons, tau1, tau2, tau3"
5_urea_740nm_3042mW_u1_poc0_20x0p75NA_370s10_g70_z1_256pix_basicFLIM_45f_0000.sdt,20260501_KPC_fixed_dishes_on_SLIM::batch1\fitet-sf-2component-b5::5_urea_740nm_3042mW_u1_poc0_20x0p75NA_370s10_g70_z1_256pix_basicFLIM_45f_0000,batch1\fitet-sf-2component-b5,2,"a1, a2, chi2, photons, tau1, tau2"
5_urea_740nm_3042mW_u1_poc0_20x0p75NA_370s10_g70_z1_256pix_basicFLIM_45f_0000.sdt,20260501_KPC_fixed_dishes_on_SLIM::batch1\fitet-sf-3component-b5::5_urea_740nm_3042mW_u1_poc0_20x0p75NA_370s10_g70_z1_256pix_basicFLIM_45f_0000,batch1\fitet-sf-3component-b5,3,"a1, a2, a3, chi2, photons, tau1, tau2, tau3"
5_urea_740nm_3042mW_u1_poc0_20x0p75NA_370s10_g70_z1_256pix_basicFLIM_45f_0000.sdt,20260501_KPC_fixed_dishes_on_SLIM::batch1\fitet-sf-c2-b5::5_urea_740nm_3042mW_u1_poc0_20x0p75NA_370s10_g70_z1_256pix_basicFLIM_45f_0000,batch1\fitet-sf-c2-b5,2,"a1, a2, chi2, photons, tau1, tau2"
5_urea_740nm_3042mW_u1_poc0_20x0p75NA_370s10_g70_z1_256pix_basicFLIM_45f_0000.sdt,20260501_KPC_fixed_dishes_on_SLIM::batch1\fitet-sf-c2-b7::5_urea_740nm_3042mW_u1_poc0_20x0p75NA_370s10_g70_z1_256pix_basicFLIM_45f_0000,batch1\fitet-sf-c2-b7,3,"a1, a2, a3, chi2, photons, tau1, tau2, tau3"
5_urea_740nm_3042mW_u1_poc0_20x0p75NA_370s10_g70_z1_256pix_basicFLIM_45f_0000.sdt,20260501_KPC_fixed_dishes_on_SLIM::batch1\fitet-sf-c3-b5::5_urea_740nm_3042mW_u1_poc0_20x0p75NA_370s10_g70_z1_256pix_basicFLIM_45f_0000,batch1\fitet-sf-c3-b5,3,"a1, a2, a3, chi2, photons, tau1, tau2, tau3"
5_urea_740nm_3042mW_u1_poc0_20x0p75NA_370s10_g70_z1_256pix_basicFLIM_45f_0000.sdt,20260501_KPC_fixed_dishes_on_SLIM::batch1\fitet-sz-1component-b5::5_urea_740nm_3042mW_u1_poc0_20x0p75NA_370s10_g70_z1_256pix_basicFLIM_45f_0000,batch1\fitet-sz-1component-b5,3,"a1, a2, a3, chi2, photons, tau1, tau2, tau3"
5_urea_740nm_3042mW_u1_poc0_20x0p75NA_370s10_g70_z1_256pix_basicFLIM_45f_0000.sdt,20260501_KPC_fixed_dishes_on_SLIM::batch1\fitet-sz-2component-b5::5_urea_740nm_3042mW_u1_poc0_20x0p75NA_370s10_g70_z1_256pix_basicFLIM_45f_0000,batch1\fitet-sz-2component-b5,3,"a1, a2, a3, chi2, photons, tau1, tau2, tau3"
5_urea_740nm_3042mW_u1_poc0_20x0p75NA_370s10_g70_z1_256pix_basicFLIM_45f_0000.sdt,20260501_KPC_fixed_dishes_on_SLIM::batch1\fitet-sz-3component-b5::5_urea_740nm_3042mW_u1_poc0_20x0p75NA_370s10_g70_z1_256pix_basicFLIM_45f_0000,batch1\fitet-sz-3component-b5,3,"a1, a2, a3, chi2, photons, tau1, tau2, tau3"
5_urea_740nm_3042mW_u1_poc0_20x0p75NA_370s10_g70_z1_256pix_basicFLIM_45f_0000.sdt,20260501_KPC_fixed_dishes_on_SLIM::batch1\fitet-sz-c1-b5::5_urea_740nm_3042mW_u1_poc0_20x0p75NA_370s10_g70_z1_256pix_basicFLIM_45f_0000,batch1\fitet-sz-c1-b5,3,"a1, a2, a3, chi2, photons, tau1, tau2, tau3"
5_urea_740nm_3042mW_u1_poc0_20x0p75NA_370s10_g70_z1_256pix_basicFLIM_45f_0000.sdt,20260501_KPC_fixed_dishes_on_SLIM::batch1\fitet-sz-c2-b5::5_urea_740nm_3042mW_u1_poc0_20x0p75NA_370s10_g70_z1_256pix_basicFLIM_45f_0000,batch1\fitet-sz-c2-b5,3,"a1, a2, a3, chi2, photons, tau1, tau2, tau3"
5_urea_740nm_3042mW_u1_poc0_20x0p75NA_370s10_g70_z1_256pix_basicFLIM_45f_0000.sdt,20260501_KPC_fixed_dishes_on_SLIM::batch1\fitet-sz-c3-b5::5_urea_740nm_3042mW_u1_poc0_20x0p75NA_370s10_g70_z1_256pix_basicFLIM_45f_0000,batch1\fitet-sz-c3-b5,3,"a1, a2, a3, chi2, photons, tau1, tau2, tau3"
5_urea_740nm_3042mW_u1_poc0_20x0p75NA_370s10_g70_z1_256pix_basicFLIM_45f_0000.sdt,20260501_KPC_fixed_dishes_on_SLIM::batch1\fitet-sz-c3-b7::5_urea_740nm_3042mW_u1_poc0_20x0p75NA_370s10_g70_z1_256pix_basicFLIM_45f_0000,batch1\fitet-sz-c3-b7,3,"a1, a2, a3, chi2, photons, tau1, tau2, tau3"
6_urea_740nm_3042mW_u1_poc0_20x0p75NA_370s10_g70_z1_256pix_basicFLIM_45f_0000.sdt,20260501_KPC_fixed_dishes_on_SLIM::batch1\fitet-sf-2component-b5::6_urea_740nm_3042mW_u1_poc0_20x0p75NA_370s10_g70_z1_256pix_basicFLIM_45f_0000,batch1\fitet-sf-2component-b5,2,"a1, a2, chi2, photons, tau1, tau2"
6_urea_740nm_3042mW_u1_poc0_20x0p75NA_370s10_g70_z1_256pix_basicFLIM_45f_0000.sdt,20260501_KPC_fixed_dishes_on_SLIM::batch1\fitet-sf-3component-b5::6_urea_740nm_3042mW_u1_poc0_20x0p75NA_370s10_g70_z1_256pix_basicFLIM_45f_0000,batch1\fitet-sf-3component-b5,3,"a1, a2, a3, chi2, photons, tau1, tau2, tau3"
6_urea_740nm_3042mW_u1_poc0_20x0p75NA_370s10_g70_z1_256pix_basicFLIM_45f_0000.sdt,20260501_KPC_fixed_dishes_on_SLIM::batch1\fitet-sf-c2-b5::6_urea_740nm_3042mW_u1_poc0_20x0p75NA_370s10_g70_z1_256pix_basicFLIM_45f_0000,batch1\fitet-sf-c2-b5,2,"a1, a2, chi2, photons, tau1, tau2"
6_urea_740nm_3042mW_u1_poc0_20x0p75NA_370s10_g70_z1_256pix_basicFLIM_45f_0000.sdt,20260501_KPC_fixed_dishes_on_SLIM::batch1\fitet-sf-c2-b7::6_urea_740nm_3042mW_u1_poc0_20x0p75NA_370s10_g70_z1_256pix_basicFLIM_45f_0000,batch1\fitet-sf-c2-b7,3,"a1, a2, a3, chi2, photons, tau1, tau2, tau3"
6_urea_740nm_3042mW_u1_poc0_20x0p75NA_370s10_g70_z1_256pix_basicFLIM_45f_0000.sdt,20260501_KPC_fixed_dishes_on_SLIM::batch1\fitet-sf-c3-b5::6_urea_740nm_3042mW_u1_poc0_20x0p75NA_370s10_g70_z1_256pix_basicFLIM_45f_0000,batch1\fitet-sf-c3-b5,3,"a1, a2, a3, chi2, photons, tau1, tau2, tau3"
6_urea_740nm_3042mW_u1_poc0_20x0p75NA_370s10_g70_z1_256pix_basicFLIM_45f_0000.sdt,20260501_KPC_fixed_dishes_on_SLIM::batch1\fitet-sz-1component-b5::6_urea_740nm_3042mW_u1_poc0_20x0p75NA_370s10_g70_z1_256pix_basicFLIM_45f_0000,batch1\fitet-sz-1component-b5,3,"a1, a2, a3, chi2, photons, tau1, tau2, tau3"
6_urea_740nm_3042mW_u1_poc0_20x0p75NA_370s10_g70_z1_256pix_basicFLIM_45f_0000.sdt,20260501_KPC_fixed_dishes_on_SLIM::batch1\fitet-sz-2component-b5::6_urea_740nm_3042mW_u1_poc0_20x0p75NA_370s10_g70_z1_256pix_basicFLIM_45f_0000,batch1\fitet-sz-2component-b5,3,"a1, a2, a3, chi2, photons, tau1, tau2, tau3"
6_urea_740nm_3042mW_u1_poc0_20x0p75NA_370s10_g70_z1_256pix_basicFLIM_45f_0000.sdt,20260501_KPC_fixed_dishes_on_SLIM::batch1\fitet-sz-3component-b5::6_urea_740nm_3042mW_u1_poc0_20x0p75NA_370s10_g70_z1_256pix_basicFLIM_45f_0000,batch1\fitet-sz-3component-b5,3,"a1, a2, a3, chi2, photons, tau1, tau2, tau3"
6_urea_740nm_3042mW_u1_poc0_20x0p75NA_370s10_g70_z1_256pix_basicFLIM_45f_0000.sdt,20260501_KPC_fixed_dishes_on_SLIM::batch1\fitet-sz-c1-b5::6_urea_740nm_3042mW_u1_poc0_20x0p75NA_370s10_g70_z1_256pix_basicFLIM_45f_0000,batch1\fitet-sz-c1-b5,3,"a1, a2, a3, chi2, photons, tau1, tau2, tau3"
6_urea_740nm_3042mW_u1_poc0_20x0p75NA_370s10_g70_z1_256pix_basicFLIM_45f_0000.sdt,20260501_KPC_fixed_dishes_on_SLIM::batch1\fitet-sz-c2-b5::6_urea_740nm_3042mW_u1_poc0_20x0p75NA_370s10_g70_z1_256pix_basicFLIM_45f_0000,batch1\fitet-sz-c2-b5,3,"a1, a2, a3, chi2, photons, tau1, tau2, tau3"
6_urea_740nm_3042mW_u1_poc0_20x0p75NA_370s10_g70_z1_256pix_basicFLIM_45f_0000.sdt,20260501_KPC_fixed_dishes_on_SLIM::batch1\fitet-sz-c3-b5::6_urea_740nm_3042mW_u1_poc0_20x0p75NA_370s10_g70_z1_256pix_basicFLIM_45f_0000,batch1\fitet-sz-c3-b5,3,"a1, a2, a3, chi2, photons, tau1, tau2, tau3"
6_urea_740nm_3042mW_u1_poc0_20x0p75NA_370s10_g70_z1_256pix_basicFLIM_45f_0000.sdt,20260501_KPC_fixed_dishes_on_SLIM::batch1\fitet-sz-c3-b7::6_urea_740nm_3042mW_u1_poc0_20x0p75NA_370s10_g70_z1_256pix_basicFLIM_45f_0000,batch1\fitet-sz-c3-b7,3,"a1, a2, a3, chi2, photons, tau1, tau2, tau3"
7_chromablue_740nm_3042mW_u80_poc0_20x0p75NA_457s50_g70_z1_256pix_basicFLIM_45f_0000.sdt,20260501_KPC_fixed_dishes_on_SLIM::batch1\fitet-sf-2component-b5::7_chromablue_740nm_3042mW_u80_poc0_20x0p75NA_457s50_g70_z1_256pix_basicFLIM_45f_0000,batch1\fitet-sf-2component-b5,2,"a1, a2, chi2, photons, tau1, tau2"
7_chromablue_740nm_3042mW_u80_poc0_20x0p75NA_457s50_g70_z1_256pix_basicFLIM_45f_0000.sdt,20260501_KPC_fixed_dishes_on_SLIM::batch1\fitet-sf-3component-b5::7_chromablue_740nm_3042mW_u80_poc0_20x0p75NA_457s50_g70_z1_256pix_basicFLIM_45f_0000,batch1\fitet-sf-3component-b5,3,"a1, a2, a3, chi2, photons, tau1, tau2, tau3"
7_chromablue_740nm_3042mW_u80_poc0_20x0p75NA_457s50_g70_z1_256pix_basicFLIM_45f_0000.sdt,20260501_KPC_fixed_dishes_on_SLIM::batch1\fitet-sf-c2-b5::7_chromablue_740nm_3042mW_u80_poc0_20x0p75NA_457s50_g70_z1_256pix_basicFLIM_45f_0000,batch1\fitet-sf-c2-b5,2,"a1, a2, chi2, photons, tau1, tau2"
7_chromablue_740nm_3042mW_u80_poc0_20x0p75NA_457s50_g70_z1_256pix_basicFLIM_45f_0000.sdt,20260501_KPC_fixed_dishes_on_SLIM::batch1\fitet-sf-c2-b7::7_chromablue_740nm_3042mW_u80_poc0_20x0p75NA_457s50_g70_z1_256pix_basicFLIM_45f_0000,batch1\fitet-sf-c2-b7,3,"a1, a2, a3, chi2, photons, tau1, tau2, tau3"
7_chromablue_740nm_3042mW_u80_poc0_20x0p75NA_457s50_g70_z1_256pix_basicFLIM_45f_0000.sdt,20260501_KPC_fixed_dishes_on_SLIM::batch1\fitet-sf-c3-b5::7_chromablue_740nm_3042mW_u80_poc0_20x0p75NA_457s50_g70_z1_256pix_basicFLIM_45f_0000,batch1\fitet-sf-c3-b5,3,"a1, a2, a3, chi2, photons, tau1, tau2, tau3"
7_chromablue_740nm_3042mW_u80_poc0_20x0p75NA_457s50_g70_z1_256pix_basicFLIM_45f_0000.sdt,20260501_KPC_fixed_dishes_on_SLIM::batch1\fitet-sz-1component-b5::7_chromablue_740nm_3042mW_u80_poc0_20x0p75NA_457s50_g70_z1_256pix_basicFLIM_45f_0000,batch1\fitet-sz-1component-b5,3,"a1, a2, a3, chi2, photons, tau1, tau2, tau3"
7_chromablue_740nm_3042mW_u80_poc0_20x0p75NA_457s50_g70_z1_256pix_basicFLIM_45f_0000.sdt,20260501_KPC_fixed_dishes_on_SLIM::batch1\fitet-sz-2component-b5::7_chromablue_740nm_3042mW_u80_poc0_20x0p75NA_457s50_g70_z1_256pix_basicFLIM_45f_0000,batch1\fitet-sz-2component-b5,3,"a1, a2, a3, chi2, photons, tau1, tau2, tau3"
7_chromablue_740nm_3042mW_u80_poc0_20x0p75NA_457s50_g70_z1_256pix_basicFLIM_45f_0000.sdt,20260501_KPC_fixed_dishes_on_SLIM::batch1\fitet-sz-3component-b5::7_chromablue_740nm_3042mW_u80_poc0_20x0p75NA_457s50_g70_z1_256pix_basicFLIM_45f_0000,batch1\fitet-sz-3component-b5,3,"a1, a2, a3, chi2, photons, tau1, tau2, tau3"
7_chromablue_740nm_3042mW_u80_poc0_20x0p75NA_457s50_g70_z1_256pix_basicFLIM_45f_0000.sdt,20260501_KPC_fixed_dishes_on_SLIM::batch1\fitet-sz-c1-b5::7_chromablue_740nm_3042mW_u80_poc0_20x0p75NA_457s50_g70_z1_256pix_basicFLIM_45f_0000,batch1\fitet-sz-c1-b5,3,"a1, a2, a3, chi2, photons, tau1, tau2, tau3"
7_chromablue_740nm_3042mW_u80_poc0_20x0p75NA_457s50_g70_z1_256pix_basicFLIM_45f_0000.sdt,20260501_KPC_fixed_dishes_on_SLIM::batch1\fitet-sz-c2-b5::7_chromablue_740nm_3042mW_u80_poc0_20x0p75NA_457s50_g70_z1_256pix_basicFLIM_45f_0000,batch1\fitet-sz-c2-b5,3,"a1, a2, a3, chi2, photons, tau1, tau2, tau3"
7_chromablue_740nm_3042mW_u80_poc0_20x0p75NA_457s50_g70_z1_256pix_basicFLIM_45f_0000.sdt,20260501_KPC_fixed_dishes_on_SLIM::batch1\fitet-sz-c3-b5::7_chromablue_740nm_3042mW_u80_poc0_20x0p75NA_457s50_g70_z1_256pix_basicFLIM_45f_0000,batch1\fitet-sz-c3-b5,3,"a1, a2, a3, chi2, photons, tau1, tau2, tau3"
7_chromablue_740nm_3042mW_u80_poc0_20x0p75NA_457s50_g70_z1_256pix_basicFLIM_45f_0000.sdt,20260501_KPC_fixed_dishes_on_SLIM::batch1\fitet-sz-c3-b7::7_chromablue_740nm_3042mW_u80_poc0_20x0p75NA_457s50_g70_z1_256pix_basicFLIM_45f_0000,batch1\fitet-sz-c3-b7,3,"a1, a2, a3, chi2, photons, tau1, tau2, tau3"
8_pollen_890nm_2881mW_u1_poc0p2_10x0p5NA_457s50_g70_z1_256pix_basicFLIM_45f_0000.sdt,20260501_KPC_fixed_dishes_on_SLIM::batch1\fitet-sf-2component-b5::8_pollen_890nm_2881mW_u1_poc0p2_10x0p5NA_457s50_g70_z1_256pix_basicFLIM_45f_0000,batch1\fitet-sf-2component-b5,2,"a1, a2, chi2, photons, tau1, tau2"
8_pollen_890nm_2881mW_u1_poc0p2_10x0p5NA_457s50_g70_z1_256pix_basicFLIM_45f_0000.sdt,20260501_KPC_fixed_dishes_on_SLIM::batch1\fitet-sf-3component-b5::8_pollen_890nm_2881mW_u1_poc0p2_10x0p5NA_457s50_g70_z1_256pix_basicFLIM_45f_0000,batch1\fitet-sf-3component-b5,3,"a1, a2, a3, chi2, photons, tau1, tau2, tau3"
8_pollen_890nm_2881mW_u1_poc0p2_10x0p5NA_457s50_g70_z1_256pix_basicFLIM_45f_0000.sdt,20260501_KPC_fixed_dishes_on_SLIM::batch1\fitet-sf-c2-b5::8_pollen_890nm_2881mW_u1_poc0p2_10x0p5NA_457s50_g70_z1_256pix_basicFLIM_45f_0000,batch1\fitet-sf-c2-b5,2,"a1, a2, chi2, photons, tau1, tau2"
8_pollen_890nm_2881mW_u1_poc0p2_10x0p5NA_457s50_g70_z1_256pix_basicFLIM_45f_0000.sdt,20260501_KPC_fixed_dishes_on_SLIM::batch1\fitet-sf-c2-b7::8_pollen_890nm_2881mW_u1_poc0p2_10x0p5NA_457s50_g70_z1_256pix_basicFLIM_45f_0000,batch1\fitet-sf-c2-b7,3,"a1, a2, a3, chi2, photons, tau1, tau2, tau3"
8_pollen_890nm_2881mW_u1_poc0p2_10x0p5NA_457s50_g70_z1_256pix_basicFLIM_45f_0000.sdt,20260501_KPC_fixed_dishes_on_SLIM::batch1\fitet-sf-c3-b5::8_pollen_890nm_2881mW_u1_poc0p2_10x0p5NA_457s50_g70_z1_256pix_basicFLIM_45f_0000,batch1\fitet-sf-c3-b5,3,"a1, a2, a3, chi2, photons, tau1, tau2, tau3"
8_pollen_890nm_2881mW_u1_poc0p2_10x0p5NA_457s50_g70_z1_256pix_basicFLIM_45f_0000.sdt,20260501_KPC_fixed_dishes_on_SLIM::batch1\fitet-sz-1component-b5::8_pollen_890nm_2881mW_u1_poc0p2_10x0p5NA_457s50_g70_z1_256pix_basicFLIM_45f_0000,batch1\fitet-sz-1component-b5,3,"a1, a2, a3, chi2, photons, tau1, tau2, tau3"
8_pollen_890nm_2881mW_u1_poc0p2_10x0p5NA_457s50_g70_z1_256pix_basicFLIM_45f_0000.sdt,20260501_KPC_fixed_dishes_on_SLIM::batch1\fitet-sz-2component-b5::8_pollen_890nm_2881mW_u1_poc0p2_10x0p5NA_457s50_g70_z1_256pix_basicFLIM_45f_0000,batch1\fitet-sz-2component-b5,3,"a1, a2, a3, chi2, photons, tau1, tau2, tau3"
8_pollen_890nm_2881mW_u1_poc0p2_10x0p5NA_457s50_g70_z1_256pix_basicFLIM_45f_0000.sdt,20260501_KPC_fixed_dishes_on_SLIM::batch1\fitet-sz-3component-b5::8_pollen_890nm_2881mW_u1_poc0p2_10x0p5NA_457s50_g70_z1_256pix_basicFLIM_45f_0000,batch1\fitet-sz-3component-b5,3,"a1, a2, a3, chi2, photons, tau1, tau2, tau3"
8_pollen_890nm_2881mW_u1_poc0p2_10x0p5NA_457s50_g70_z1_256pix_basicFLIM_45f_0000.sdt,20260501_KPC_fixed_dishes_on_SLIM::batch1\fitet-sz-c1-b5::8_pollen_890nm_2881mW_u1_poc0p2_10x0p5NA_457s50_g70_z1_256pix_basicFLIM_45f_0000,batch1\fitet-sz-c1-b5,3,"a1, a2, a3, chi2, photons, tau1, tau2, tau3"
8_pollen_890nm_2881mW_u1_poc0p2_10x0p5NA_457s50_g70_z1_256pix_basicFLIM_45f_0000.sdt,20260501_KPC_fixed_dishes_on_SLIM::batch1\fitet-sz-c2-b5::8_pollen_890nm_2881mW_u1_poc0p2_10x0p5NA_457s50_g70_z1_256pix_basicFLIM_45f_0000,batch1\fitet-sz-c2-b5,3,"a1, a2, a3, chi2, photons, tau1, tau2, tau3"
8_pollen_890nm_2881mW_u1_poc0p2_10x0p5NA_457s50_g70_z1_256pix_basicFLIM_45f_0000.sdt,20260501_KPC_fixed_dishes_on_SLIM::batch1\fitet-sz-c3-b5::8_pollen_890nm_2881mW_u1_poc0p2_10x0p5NA_457s50_g70_z1_256pix_basicFLIM_45f_0000,batch1\fitet-sz-c3-b5,3,"a1, a2, a3, chi2, photons, tau1, tau2, tau3"
8_pollen_890nm_2881mW_u1_poc0p2_10x0p5NA_457s50_g70_z1_256pix_basicFLIM_45f_0000.sdt,20260501_KPC_fixed_dishes_on_SLIM::batch1\fitet-sz-c3-b7::8_pollen_890nm_2881mW_u1_poc0p2_10x0p5NA_457s50_g70_z1_256pix_basicFLIM_45f_0000,batch1\fitet-sz-c3-b7,3,"a1, a2, a3, chi2, photons, tau1, tau2, tau3"
8_pollen_890nm_2881mW_u1_poc0p2_10x0p5NA_457s50_g70_z1_256pix_basicFLIM_45f_0001.sdt,20260501_KPC_fixed_dishes_on_SLIM::batch1\fitet-sf-2component-b5::8_pollen_890nm_2881mW_u1_poc0p2_10x0p5NA_457s50_g70_z1_256pix_basicFLIM_45f_0001,batch1\fitet-sf-2component-b5,2,"a1, a2, chi2, photons, tau1, tau2"
8_pollen_890nm_2881mW_u1_poc0p2_10x0p5NA_457s50_g70_z1_256pix_basicFLIM_45f_0001.sdt,20260501_KPC_fixed_dishes_on_SLIM::batch1\fitet-sf-3component-b5::8_pollen_890nm_2881mW_u1_poc0p2_10x0p5NA_457s50_g70_z1_256pix_basicFLIM_45f_0001,batch1\fitet-sf-3component-b5,3,"a1, a2, a3, chi2, photons, tau1, tau2, tau3"
8_pollen_890nm_2881mW_u1_poc0p2_10x0p5NA_457s50_g70_z1_256pix_basicFLIM_45f_0001.sdt,20260501_KPC_fixed_dishes_on_SLIM::batch1\fitet-sf-c2-b5::8_pollen_890nm_2881mW_u1_poc0p2_10x0p5NA_457s50_g70_z1_256pix_basicFLIM_45f_0001,batch1\fitet-sf-c2-b5,2,"a1, a2, chi2, photons, tau1, tau2"
8_pollen_890nm_2881mW_u1_poc0p2_10x0p5NA_457s50_g70_z1_256pix_basicFLIM_45f_0001.sdt,20260501_KPC_fixed_dishes_on_SLIM::batch1\fitet-sf-c2-b7::8_pollen_890nm_2881mW_u1_poc0p2_10x0p5NA_457s50_g70_z1_256pix_basicFLIM_45f_0001,batch1\fitet-sf-c2-b7,3,"a1, a2, a3, chi2, photons, tau1, tau2, tau3"
8_pollen_890nm_2881mW_u1_poc0p2_10x0p5NA_457s50_g70_z1_256pix_basicFLIM_45f_0001.sdt,20260501_KPC_fixed_dishes_on_SLIM::batch1\fitet-sf-c3-b5::8_pollen_890nm_2881mW_u1_poc0p2_10x0p5NA_457s50_g70_z1_256pix_basicFLIM_45f_0001,batch1\fitet-sf-c3-b5,3,"a1, a2, a3, chi2, photons, tau1, tau2, tau3"
8_pollen_890nm_2881mW_u1_poc0p2_10x0p5NA_457s50_g70_z1_256pix_basicFLIM_45f_0001.sdt,20260501_KPC_fixed_dishes_on_SLIM::batch1\fitet-sz-1component-b5::8_pollen_890nm_2881mW_u1_poc0p2_10x0p5NA_457s50_g70_z1_256pix_basicFLIM_45f_0001,batch1\fitet-sz-1component-b5,3,"a1, a2, a3, chi2, photons, tau1, tau2, tau3"
8_pollen_890nm_2881mW_u1_poc0p2_10x0p5NA_457s50_g70_z1_256pix_basicFLIM_45f_0001.sdt,20260501_KPC_fixed_dishes_on_SLIM::batch1\fitet-sz-2component-b5::8_pollen_890nm_2881mW_u1_poc0p2_10x0p5NA_457s50_g70_z1_256pix_basicFLIM_45f_0001,batch1\fitet-sz-2component-b5,3,"a1, a2, a3, chi2, photons, tau1, tau2, tau3"
8_pollen_890nm_2881mW_u1_poc0p2_10x0p5NA_457s50_g70_z1_256pix_basicFLIM_45f_0001.sdt,20260501_KPC_fixed_dishes_on_SLIM::batch1\fitet-sz-3component-b5::8_pollen_890nm_2881mW_u1_poc0p2_10x0p5NA_457s50_g70_z1_256pix_basicFLIM_45f_0001,batch1\fitet-sz-3component-b5,3,"a1, a2, a3, chi2, photons, tau1, tau2, tau3"
8_pollen_890nm_2881mW_u1_poc0p2_10x0p5NA_457s50_g70_z1_256pix_basicFLIM_45f_0001.sdt,20260501_KPC_fixed_dishes_on_SLIM::batch1\fitet-sz-c1-b5::8_pollen_890nm_2881mW_u1_poc0p2_10x0p5NA_457s50_g70_z1_256pix_basicFLIM_45f_0001,batch1\fitet-sz-c1-b5,3,"a1, a2, a3, chi2, photons, tau1, tau2, tau3"
8_pollen_890nm_2881mW_u1_poc0p2_10x0p5NA_457s50_g70_z1_256pix_basicFLIM_45f_0001.sdt,20260501_KPC_fixed_dishes_on_SLIM::batch1\fitet-sz-c2-b5::8_pollen_890nm_2881mW_u1_poc0p2_10x0p5NA_457s50_g70_z1_256pix_basicFLIM_45f_0001,batch1\fitet-sz-c2-b5,3,"a1, a2, a3, chi2, photons, tau1, tau2, tau3"
8_pollen_890nm_2881mW_u1_poc0p2_10x0p5NA_457s50_g70_z1_256pix_basicFLIM_45f_0001.sdt,20260501_KPC_fixed_dishes_on_SLIM::batch1\fitet-sz-c3-b5::8_pollen_890nm_2881mW_u1_poc0p2_10x0p5NA_457s50_g70_z1_256pix_basicFLIM_45f_0001,batch1\fitet-sz-c3-b5,3,"a1, a2, a3, chi2, photons, tau1, tau2, tau3"
8_pollen_890nm_2881mW_u1_poc0p2_10x0p5NA_457s50_g70_z1_256pix_basicFLIM_45f_0001.sdt,20260501_KPC_fixed_dishes_on_SLIM::batch1\fitet-sz-c3-b7::8_pollen_890nm_2881mW_u1_poc0p2_10x0p5NA_457s50_g70_z1_256pix_basicFLIM_45f_0001,batch1\fitet-sz-c3-b7,3,"a1, a2, a3, chi2, photons, tau1, tau2, tau3"
9_pollen_890nm_2890mW_u1_poc0p2_10x0p5NA_457s50_g70_z1_256pix_basicFLIM_45f_0000.sdt,20260501_KPC_fixed_dishes_on_SLIM::batch2\fitet-sf-c2-b10::9_pollen_890nm_2890mW_u1_poc0p2_10x0p5NA_457s50_g70_z1_256pix_basicFLIM_45f_0000,batch2\fitet-sf-c2-b10,2,"a1, a2, chi2, photons, tau1, tau2"
9_pollen_890nm_2890mW_u1_poc0p2_10x0p5NA_457s50_g70_z1_256pix_basicFLIM_45f_0000.sdt,20260501_KPC_fixed_dishes_on_SLIM::batch2\fitet-sz-c2-b10::9_pollen_890nm_2890mW_u1_poc0p2_10x0p5NA_457s50_g70_z1_256pix_basicFLIM_45f_0000,batch2\fitet-sz-c2-b10,2,"a1, a2, chi2, photons, tau1, tau2"
10_chromablue_740nm_3040mW_u80_poc0_20x0p75NA_457s50_g70_z1_256pix_basicFLIM_45f_0000.sdt,20260501_KPC_fixed_dishes_on_SLIM::batch2\fitet-sf-c2-b10::10_chromablue_740nm_3040mW_u80_poc0_20x0p75NA_457s50_g70_z1_256pix_basicFLIM_45f_0000,batch2\fitet-sf-c2-b10,2,"a1, a2, chi2, photons, tau1, tau2"
10_chromablue_740nm_3040mW_u80_poc0_20x0p75NA_457s50_g70_z1_256pix_basicFLIM_45f_0000.sdt,20260501_KPC_fixed_dishes_on_SLIM::batch2\fitet-sz-c2-b10::10_chromablue_740nm_3040mW_u80_poc0_20x0p75NA_457s50_g70_z1_256pix_basicFLIM_45f_0000,batch2\fitet-sz-c2-b10,2,"a1, a2, chi2, photons, tau1, tau2"
11_urea_740nm_3046mW_u1_poc0_20x0p75NA_370s10_g70_z1_256pix_basicFLIM_45f_0000.sdt,20260501_KPC_fixed_dishes_on_SLIM::batch2\fitet-sf-c2-b10::11_urea_740nm_3046mW_u1_poc0_20x0p75NA_370s10_g70_z1_256pix_basicFLIM_45f_0000,batch2\fitet-sf-c2-b10,2,"a1, a2, chi2, photons, tau1, tau2"
11_urea_740nm_3046mW_u1_poc0_20x0p75NA_370s10_g70_z1_256pix_basicFLIM_45f_0000.sdt,20260501_KPC_fixed_dishes_on_SLIM::batch2\fitet-sz-c2-b10::11_urea_740nm_3046mW_u1_poc0_20x0p75NA_370s10_g70_z1_256pix_basicFLIM_45f_0000,batch2\fitet-sz-c2-b10,2,"a1, a2, chi2, photons, tau1, tau2"
11_urea_740nm_3046mW_u1_poc0_20x0p75NA_370s10_g70_z1_256pix_basicFLIM_45f_0001.sdt,20260501_KPC_fixed_dishes_on_SLIM::batch2\fitet-sf-c2-b10::11_urea_740nm_3046mW_u1_poc0_20x0p75NA_370s10_g70_z1_256pix_basicFLIM_45f_0001,batch2\fitet-sf-c2-b10,2,"a1, a2, chi2, photons, tau1, tau2"
11_urea_740nm_3046mW_u1_poc0_20x0p75NA_370s10_g70_z1_256pix_basicFLIM_45f_0001.sdt,20260501_KPC_fixed_dishes_on_SLIM::batch2\fitet-sz-c2-b10::11_urea_740nm_3046mW_u1_poc0_20x0p75NA_370s10_g70_z1_256pix_basicFLIM_45f_0001,batch2\fitet-sz-c2-b10,2,"a1, a2, chi2, photons, tau1, tau2"
12_urea_740nm_3041mW_u1_poc0p1_20x0p75NA_370s10_g70_z1_256pix_basicFLIM_45f_0000.sdt,20260501_KPC_fixed_dishes_on_SLIM::batch2\fitet-sf-c2-b10::12_urea_740nm_3041mW_u1_poc0p1_20x0p75NA_370s10_g70_z1_256pix_basicFLIM_45f_0000,batch2\fitet-sf-c2-b10,2,"a1, a2, chi2, photons, tau1, tau2"
12_urea_740nm_3041mW_u1_poc0p1_20x0p75NA_370s10_g70_z1_256pix_basicFLIM_45f_0000.sdt,20260501_KPC_fixed_dishes_on_SLIM::batch2\fitet-sz-c2-b10::12_urea_740nm_3041mW_u1_poc0p1_20x0p75NA_370s10_g70_z1_256pix_basicFLIM_45f_0000,batch2\fitet-sz-c2-b10,2,"a1, a2, chi2, photons, tau1, tau2"
13_KPC_live_posn1_740nm_3040mW_u1_poc0p2_20x0p75NA_4570s50_g70_z1_256pix_basicFLIM_120f_0000.sdt,20260501_KPC_fixed_dishes_on_SLIM::batch2\fitet-sf-c2-b10::13_KPC_live_posn1_740nm_3040mW_u1_poc0p2_20x0p75NA_4570s50_g70_z1_256pix_basicFLIM_120f_0000,batch2\fitet-sf-c2-b10,2,"a1, a2, chi2, photons, tau1, tau2"
13_KPC_live_posn1_740nm_3040mW_u1_poc0p2_20x0p75NA_4570s50_g70_z1_256pix_basicFLIM_120f_0000.sdt,20260501_KPC_fixed_dishes_on_SLIM::batch2\fitet-sz-c2-b10::13_KPC_live_posn1_740nm_3040mW_u1_poc0p2_20x0p75NA_4570s50_g70_z1_256pix_basicFLIM_120f_0000,batch2\fitet-sz-c2-b10,2,"a1, a2, chi2, photons, tau1, tau2"
13_KPC_live_posn1_740nm_3040mW_u1_poc0p2_20x0p75NA_4570s50_g70_z1_256pix_basicFLIM_120f_0001.sdt,20260501_KPC_fixed_dishes_on_SLIM::batch2\fitet-sf-c2-b10::13_KPC_live_posn1_740nm_3040mW_u1_poc0p2_20x0p75NA_4570s50_g70_z1_256pix_basicFLIM_120f_0001,batch2\fitet-sf-c2-b10,2,"a1, a2, chi2, photons, tau1, tau2"
13_KPC_live_posn1_740nm_3040mW_u1_poc0p2_20x0p75NA_4570s50_g70_z1_256pix_basicFLIM_120f_0001.sdt,20260501_KPC_fixed_dishes_on_SLIM::batch2\fitet-sz-c2-b10::13_KPC_live_posn1_740nm_3040mW_u1_poc0p2_20x0p75NA_4570s50_g70_z1_256pix_basicFLIM_120f_0001,batch2\fitet-sz-c2-b10,2,"a1, a2, chi2, photons, tau1, tau2"
13_KPC_live_posn1_740nm_3040mW_u1_poc0p2_20x0p75NA_4570s50_g70_z1_256pix_basicFLIM_120f_0002.sdt,20260501_KPC_fixed_dishes_on_SLIM::batch2\fitet-sf-c2-b10::13_KPC_live_posn1_740nm_3040mW_u1_poc0p2_20x0p75NA_4570s50_g70_z1_256pix_basicFLIM_120f_0002,batch2\fitet-sf-c2-b10,2,"a1, a2, chi2, photons, tau1, tau2"
13_KPC_live_posn1_740nm_3040mW_u1_poc0p2_20x0p75NA_4570s50_g70_z1_256pix_basicFLIM_120f_0002.sdt,20260501_KPC_fixed_dishes_on_SLIM::batch2\fitet-sz-c2-b10::13_KPC_live_posn1_740nm_3040mW_u1_poc0p2_20x0p75NA_4570s50_g70_z1_256pix_basicFLIM_120f_0002,batch2\fitet-sz-c2-b10,2,"a1, a2, chi2, photons, tau1, tau2"
13_KPC_live_posn1_740nm_3040mW_u1_poc0p2_20x0p75NA_4570s50_g70_z1_256pix_basicFLIM_120f_0003.sdt,20260501_KPC_fixed_dishes_on_SLIM::batch2\fitet-sf-c2-b10::13_KPC_live_posn1_740nm_3040mW_u1_poc0p2_20x0p75NA_4570s50_g70_z1_256pix_basicFLIM_120f_0003,batch2\fitet-sf-c2-b10,2,"a1, a2, chi2, photons, tau1, tau2"
13_KPC_live_posn1_740nm_3040mW_u1_poc0p2_20x0p75NA_4570s50_g70_z1_256pix_basicFLIM_120f_0003.sdt,20260501_KPC_fixed_dishes_on_SLIM::batch2\fitet-sz-c2-b10::13_KPC_live_posn1_740nm_3040mW_u1_poc0p2_20x0p75NA_4570s50_g70_z1_256pix_basicFLIM_120f_0003,batch2\fitet-sz-c2-b10,2,"a1, a2, chi2, photons, tau1, tau2"
13_KPC_live_posn1b_740nm_3040mW_u1_poc0p2_20x0p75NA_535s50_g70_z1_256pix_basicFLIM_120f_0000.sdt,20260501_KPC_fixed_dishes_on_SLIM::batch2\fitet-sf-c2-b10::13_KPC_live_posn1b_740nm_3040mW_u1_poc0p2_20x0p75NA_535s50_g70_z1_256pix_basicFLIM_120f_0000,batch2\fitet-sf-c2-b10,2,"a1, a2, chi2, photons, tau1, tau2"
13_KPC_live_posn1b_740nm_3040mW_u1_poc0p2_20x0p75NA_535s50_g70_z1_256pix_basicFLIM_120f_0000.sdt,20260501_KPC_fixed_dishes_on_SLIM::batch2\fitet-sz-c2-b10::13_KPC_live_posn1b_740nm_3040mW_u1_poc0p2_20x0p75NA_535s50_g70_z1_256pix_basicFLIM_120f_0000,batch2\fitet-sz-c2-b10,2,"a1, a2, chi2, photons, tau1, tau2"
13_KPC_live_posn1b_740nm_3040mW_u1_poc0p2_20x0p75NA_535s50_g70_z1_256pix_basicFLIM_120f_0001.sdt,20260501_KPC_fixed_dishes_on_SLIM::batch2\fitet-sf-c2-b10::13_KPC_live_posn1b_740nm_3040mW_u1_poc0p2_20x0p75NA_535s50_g70_z1_256pix_basicFLIM_120f_0001,batch2\fitet-sf-c2-b10,2,"a1, a2, chi2, photons, tau1, tau2"
13_KPC_live_posn1b_740nm_3040mW_u1_poc0p2_20x0p75NA_535s50_g70_z1_256pix_basicFLIM_120f_0001.sdt,20260501_KPC_fixed_dishes_on_SLIM::batch2\fitet-sz-c2-b10::13_KPC_live_posn1b_740nm_3040mW_u1_poc0p2_20x0p75NA_535s50_g70_z1_256pix_basicFLIM_120f_0001,batch2\fitet-sz-c2-b10,2,"a1, a2, chi2, photons, tau1, tau2"
13_KPC_live_posn1b_740nm_3040mW_u1_poc0p2_20x0p75NA_535s50_g70_z1_256pix_basicFLIM_120f_0002.sdt,20260501_KPC_fixed_dishes_on_SLIM::batch2\fitet-sf-c2-b10::13_KPC_live_posn1b_740nm_3040mW_u1_poc0p2_20x0p75NA_535s50_g70_z1_256pix_basicFLIM_120f_0002,batch2\fitet-sf-c2-b10,2,"a1, a2, chi2, photons, tau1, tau2"
13_KPC_live_posn1b_740nm_3040mW_u1_poc0p2_20x0p75NA_535s50_g70_z1_256pix_basicFLIM_120f_0002.sdt,20260501_KPC_fixed_dishes_on_SLIM::batch2\fitet-sz-c2-b10::13_KPC_live_posn1b_740nm_3040mW_u1_poc0p2_20x0p75NA_535s50_g70_z1_256pix_basicFLIM_120f_0002,batch2\fitet-sz-c2-b10,2,"a1, a2, chi2, photons, tau1, tau2"
13_KPC_live_posn1b_740nm_3040mW_u1_poc0p2_20x0p75NA_535s50_g70_z1_256pix_basicFLIM_120f_0003.sdt,20260501_KPC_fixed_dishes_on_SLIM::batch2\fitet-sf-c2-b10::13_KPC_live_posn1b_740nm_3040mW_u1_poc0p2_20x0p75NA_535s50_g70_z1_256pix_basicFLIM_120f_0003,batch2\fitet-sf-c2-b10,2,"a1, a2, chi2, photons, tau1, tau2"
13_KPC_live_posn1b_740nm_3040mW_u1_poc0p2_20x0p75NA_535s50_g70_z1_256pix_basicFLIM_120f_0003.sdt,20260501_KPC_fixed_dishes_on_SLIM::batch2\fitet-sz-c2-b10::13_KPC_live_posn1b_740nm_3040mW_u1_poc0p2_20x0p75NA_535s50_g70_z1_256pix_basicFLIM_120f_0003,batch2\fitet-sz-c2-b10,2,"a1, a2, chi2, photons, tau1, tau2"
14_KPC_live_posn2_740nm_3040mW_u1_poc0p2_20x0p75NA_535s50_g70_z1_256pix_basicFLIM_120f_0000.sdt,20260501_KPC_fixed_dishes_on_SLIM::batch2\fitet-sf-c2-b10::14_KPC_live_posn2_740nm_3040mW_u1_poc0p2_20x0p75NA_535s50_g70_z1_256pix_basicFLIM_120f_0000,batch2\fitet-sf-c2-b10,2,"a1, a2, chi2, photons, tau1, tau2"
14_KPC_live_posn2_740nm_3040mW_u1_poc0p2_20x0p75NA_535s50_g70_z1_256pix_basicFLIM_120f_0000.sdt,20260501_KPC_fixed_dishes_on_SLIM::batch2\fitet-sz-c2-b10::14_KPC_live_posn2_740nm_3040mW_u1_poc0p2_20x0p75NA_535s50_g70_z1_256pix_basicFLIM_120f_0000,batch2\fitet-sz-c2-b10,2,"a1, a2, chi2, photons, tau1, tau2"
14_KPC_live_posn2_740nm_3040mW_u1_poc0p2_20x0p75NA_535s50_g70_z1_256pix_basicFLIM_120f_0001.sdt,20260501_KPC_fixed_dishes_on_SLIM::batch2\fitet-sf-c2-b10::14_KPC_live_posn2_740nm_3040mW_u1_poc0p2_20x0p75NA_535s50_g70_z1_256pix_basicFLIM_120f_0001,batch2\fitet-sf-c2-b10,2,"a1, a2, chi2, photons, tau1, tau2"
14_KPC_live_posn2_740nm_3040mW_u1_poc0p2_20x0p75NA_535s50_g70_z1_256pix_basicFLIM_120f_0001.sdt,20260501_KPC_fixed_dishes_on_SLIM::batch2\fitet-sz-c2-b10::14_KPC_live_posn2_740nm_3040mW_u1_poc0p2_20x0p75NA_535s50_g70_z1_256pix_basicFLIM_120f_0001,batch2\fitet-sz-c2-b10,2,"a1, a2, chi2, photons, tau1, tau2"
14_KPC_live_posn2_740nm_3040mW_u1_poc0p2_20x0p75NA_535s50_g70_z1_256pix_basicFLIM_120f_0002.sdt,20260501_KPC_fixed_dishes_on_SLIM::batch2\fitet-sf-c2-b10::14_KPC_live_posn2_740nm_3040mW_u1_poc0p2_20x0p75NA_535s50_g70_z1_256pix_basicFLIM_120f_0002,batch2\fitet-sf-c2-b10,2,"a1, a2, chi2, photons, tau1, tau2"
14_KPC_live_posn2_740nm_3040mW_u1_poc0p2_20x0p75NA_535s50_g70_z1_256pix_basicFLIM_120f_0002.sdt,20260501_KPC_fixed_dishes_on_SLIM::batch2\fitet-sz-c2-b10::14_KPC_live_posn2_740nm_3040mW_u1_poc0p2_20x0p75NA_535s50_g70_z1_256pix_basicFLIM_120f_0002,batch2\fitet-sz-c2-b10,2,"a1, a2, chi2, photons, tau1, tau2"
14_KPC_live_posn2_740nm_3040mW_u1_poc0p2_20x0p75NA_457s50_g70_z1_256pix_basicFLIM_120f_0000.sdt,20260501_KPC_fixed_dishes_on_SLIM::batch2\fitet-sf-c2-b10::14_KPC_live_posn2_740nm_3040mW_u1_poc0p2_20x0p75NA_457s50_g70_z1_256pix_basicFLIM_120f_0000,batch2\fitet-sf-c2-b10,2,"a1, a2, chi2, photons, tau1, tau2"
14_KPC_live_posn2_740nm_3040mW_u1_poc0p2_20x0p75NA_457s50_g70_z1_256pix_basicFLIM_120f_0000.sdt,20260501_KPC_fixed_dishes_on_SLIM::batch2\fitet-sz-c2-b10::14_KPC_live_posn2_740nm_3040mW_u1_poc0p2_20x0p75NA_457s50_g70_z1_256pix_basicFLIM_120f_0000,batch2\fitet-sz-c2-b10,2,"a1, a2, chi2, photons, tau1, tau2"
14_KPC_live_posn2_740nm_3040mW_u1_poc0p2_20x0p75NA_457s50_g70_z1_256pix_basicFLIM_120f_0001.sdt,20260501_KPC_fixed_dishes_on_SLIM::batch2\fitet-sf-c2-b10::14_KPC_live_posn2_740nm_3040mW_u1_poc0p2_20x0p75NA_457s50_g70_z1_256pix_basicFLIM_120f_0001,batch2\fitet-sf-c2-b10,2,"a1, a2, chi2, photons, tau1, tau2"
14_KPC_live_posn2_740nm_3040mW_u1_poc0p2_20x0p75NA_457s50_g70_z1_256pix_basicFLIM_120f_0001.sdt,20260501_KPC_fixed_dishes_on_SLIM::batch2\fitet-sz-c2-b10::14_KPC_live_posn2_740nm_3040mW_u1_poc0p2_20x0p75NA_457s50_g70_z1_256pix_basicFLIM_120f_0001,batch2\fitet-sz-c2-b10,2,"a1, a2, chi2, photons, tau1, tau2"
14_KPC_live_posn2_740nm_3040mW_u1_poc0p2_20x0p75NA_457s50_g70_z1_256pix_basicFLIM_120f_0002.sdt,20260501_KPC_fixed_dishes_on_SLIM::batch2\fitet-sf-c2-b10::14_KPC_live_posn2_740nm_3040mW_u1_poc0p2_20x0p75NA_457s50_g70_z1_256pix_basicFLIM_120f_0002,batch2\fitet-sf-c2-b10,2,"a1, a2, chi2, photons, tau1, tau2"
14_KPC_live_posn2_740nm_3040mW_u1_poc0p2_20x0p75NA_457s50_g70_z1_256pix_basicFLIM_120f_0002.sdt,20260501_KPC_fixed_dishes_on_SLIM::batch2\fitet-sz-c2-b10::14_KPC_live_posn2_740nm_3040mW_u1_poc0p2_20x0p75NA_457s50_g70_z1_256pix_basicFLIM_120f_0002,batch2\fitet-sz-c2-b10,2,"a1, a2, chi2, photons, tau1, tau2"
15_KPC_live_posn3_740nm_3040mW_u1_poc0p2_20x0p75NA_457s50_g70_z1_256pix_basicFLIM_120f_0000.sdt,20260501_KPC_fixed_dishes_on_SLIM::batch2\fitet-sf-c2-b10::15_KPC_live_posn3_740nm_3040mW_u1_poc0p2_20x0p75NA_457s50_g70_z1_256pix_basicFLIM_120f_0000,batch2\fitet-sf-c2-b10,2,"a1, a2, chi2, photons, tau1, tau2"
15_KPC_live_posn3_740nm_3040mW_u1_poc0p2_20x0p75NA_457s50_g70_z1_256pix_basicFLIM_120f_0000.sdt,20260501_KPC_fixed_dishes_on_SLIM::batch2\fitet-sz-c2-b10::15_KPC_live_posn3_740nm_3040mW_u1_poc0p2_20x0p75NA_457s50_g70_z1_256pix_basicFLIM_120f_0000,batch2\fitet-sz-c2-b10,2,"a1, a2, chi2, photons, tau1, tau2"
15_KPC_live_posn3_740nm_3040mW_u1_poc0p2_20x0p75NA_457s50_g70_z1_256pix_basicFLIM_120f_0001.sdt,20260501_KPC_fixed_dishes_on_SLIM::batch2\fitet-sf-c2-b10::15_KPC_live_posn3_740nm_3040mW_u1_poc0p2_20x0p75NA_457s50_g70_z1_256pix_basicFLIM_120f_0001,batch2\fitet-sf-c2-b10,2,"a1, a2, chi2, photons, tau1, tau2"
15_KPC_live_posn3_740nm_3040mW_u1_poc0p2_20x0p75NA_457s50_g70_z1_256pix_basicFLIM_120f_0001.sdt,20260501_KPC_fixed_dishes_on_SLIM::batch2\fitet-sz-c2-b10::15_KPC_live_posn3_740nm_3040mW_u1_poc0p2_20x0p75NA_457s50_g70_z1_256pix_basicFLIM_120f_0001,batch2\fitet-sz-c2-b10,2,"a1, a2, chi2, photons, tau1, tau2"
15_KPC_live_posn3_740nm_3040mW_u1_poc0p2_20x0p75NA_457s50_g70_z1_256pix_basicFLIM_120f_0002.sdt,20260501_KPC_fixed_dishes_on_SLIM::batch2\fitet-sf-c2-b10::15_KPC_live_posn3_740nm_3040mW_u1_poc0p2_20x0p75NA_457s50_g70_z1_256pix_basicFLIM_120f_0002,batch2\fitet-sf-c2-b10,2,"a1, a2, chi2, photons, tau1, tau2"
15_KPC_live_posn3_740nm_3040mW_u1_poc0p2_20x0p75NA_457s50_g70_z1_256pix_basicFLIM_120f_0002.sdt,20260501_KPC_fixed_dishes_on_SLIM::batch2\fitet-sz-c2-b10::15_KPC_live_posn3_740nm_3040mW_u1_poc0p2_20x0p75NA_457s50_g70_z1_256pix_basicFLIM_120f_0002,batch2\fitet-sz-c2-b10,2,"a1, a2, chi2, photons, tau1, tau2"
15_KPC_live_posn3_740nm_3040mW_u1_poc0p2_20x0p75NA_457s50_g70_z1_256pix_basicFLIM_120f_0003.sdt,20260501_KPC_fixed_dishes_on_SLIM::batch2\fitet-sf-c2-b10::15_KPC_live_posn3_740nm_3040mW_u1_poc0p2_20x0p75NA_457s50_g70_z1_256pix_basicFLIM_120f_0003,batch2\fitet-sf-c2-b10,2,"a1, a2, chi2, photons, tau1, tau2"
15_KPC_live_posn3_740nm_3040mW_u1_poc0p2_20x0p75NA_457s50_g70_z1_256pix_basicFLIM_120f_0003.sdt,20260501_KPC_fixed_dishes_on_SLIM::batch2\fitet-sz-c2-b10::15_KPC_live_posn3_740nm_3040mW_u1_poc0p2_20x0p75NA_457s50_g70_z1_256pix_basicFLIM_120f_0003,batch2\fitet-sz-c2-b10,2,"a1, a2, chi2, photons, tau1, tau2"
15_KPC_live_posn3_740nm_3040mW_u1_poc0p2_20x0p75NA_457s50_g70_z1_256pix_basicFLIM_120f_0004.sdt,20260501_KPC_fixed_dishes_on_SLIM::batch2\fitet-sf-c2-b10::15_KPC_live_posn3_740nm_3040mW_u1_poc0p2_20x0p75NA_457s50_g70_z1_256pix_basicFLIM_120f_0004,batch2\fitet-sf-c2-b10,2,"a1, a2, chi2, photons, tau1, tau2"
15_KPC_live_posn3_740nm_3040mW_u1_poc0p2_20x0p75NA_457s50_g70_z1_256pix_basicFLIM_120f_0004.sdt,20260501_KPC_fixed_dishes_on_SLIM::batch2\fitet-sz-c2-b10::15_KPC_live_posn3_740nm_3040mW_u1_poc0p2_20x0p75NA_457s50_g70_z1_256pix_basicFLIM_120f_0004,batch2\fitet-sz-c2-b10,2,"a1, a2, chi2, photons, tau1, tau2"
15_KPC_live_posn3_740nm_3040mW_u1_poc0p2_20x0p75NA_535s50_g70_z1_256pix_basicFLIM_120f_0000.sdt,20260501_KPC_fixed_dishes_on_SLIM::batch2\fitet-sf-c2-b10::15_KPC_live_posn3_740nm_3040mW_u1_poc0p2_20x0p75NA_535s50_g70_z1_256pix_basicFLIM_120f_0000,batch2\fitet-sf-c2-b10,2,"a1, a2, chi2, photons, tau1, tau2"
15_KPC_live_posn3_740nm_3040mW_u1_poc0p2_20x0p75NA_535s50_g70_z1_256pix_basicFLIM_120f_0000.sdt,20260501_KPC_fixed_dishes_on_SLIM::batch2\fitet-sz-c2-b10::15_KPC_live_posn3_740nm_3040mW_u1_poc0p2_20x0p75NA_535s50_g70_z1_256pix_basicFLIM_120f_0000,batch2\fitet-sz-c2-b10,2,"a1, a2, chi2, photons, tau1, tau2"
15_KPC_live_posn3_740nm_3040mW_u1_poc0p2_20x0p75NA_535s50_g70_z1_256pix_basicFLIM_120f_0001.sdt,20260501_KPC_fixed_dishes_on_SLIM::batch2\fitet-sf-c2-b10::15_KPC_live_posn3_740nm_3040mW_u1_poc0p2_20x0p75NA_535s50_g70_z1_256pix_basicFLIM_120f_0001,batch2\fitet-sf-c2-b10,2,"a1, a2, chi2, photons, tau1, tau2"
15_KPC_live_posn3_740nm_3040mW_u1_poc0p2_20x0p75NA_535s50_g70_z1_256pix_basicFLIM_120f_0001.sdt,20260501_KPC_fixed_dishes_on_SLIM::batch2\fitet-sz-c2-b10::15_KPC_live_posn3_740nm_3040mW_u1_poc0p2_20x0p75NA_535s50_g70_z1_256pix_basicFLIM_120f_0001,batch2\fitet-sz-c2-b10,2,"a1, a2, chi2, photons, tau1, tau2"
15_KPC_live_posn3_740nm_3040mW_u1_poc0p2_20x0p75NA_535s50_g70_z1_256pix_basicFLIM_120f_0002.sdt,20260501_KPC_fixed_dishes_on_SLIM::batch2\fitet-sf-c2-b10::15_KPC_live_posn3_740nm_3040mW_u1_poc0p2_20x0p75NA_535s50_g70_z1_256pix_basicFLIM_120f_0002,batch2\fitet-sf-c2-b10,2,"a1, a2, chi2, photons, tau1, tau2"
15_KPC_live_posn3_740nm_3040mW_u1_poc0p2_20x0p75NA_535s50_g70_z1_256pix_basicFLIM_120f_0002.sdt,20260501_KPC_fixed_dishes_on_SLIM::batch2\fitet-sz-c2-b10::15_KPC_live_posn3_740nm_3040mW_u1_poc0p2_20x0p75NA_535s50_g70_z1_256pix_basicFLIM_120f_0002,batch2\fitet-sz-c2-b10,2,"a1, a2, chi2, photons, tau1, tau2"
15_KPC_live_posn3_740nm_3040mW_u1_poc0p2_20x0p75NA_535s50_g70_z1_256pix_basicFLIM_120f_0003.sdt,20260501_KPC_fixed_dishes_on_SLIM::batch2\fitet-sf-c2-b10::15_KPC_live_posn3_740nm_3040mW_u1_poc0p2_20x0p75NA_535s50_g70_z1_256pix_basicFLIM_120f_0003,batch2\fitet-sf-c2-b10,2,"a1, a2, chi2, photons, tau1, tau2"
15_KPC_live_posn3_740nm_3040mW_u1_poc0p2_20x0p75NA_535s50_g70_z1_256pix_basicFLIM_120f_0003.sdt,20260501_KPC_fixed_dishes_on_SLIM::batch2\fitet-sz-c2-b10::15_KPC_live_posn3_740nm_3040mW_u1_poc0p2_20x0p75NA_535s50_g70_z1_256pix_basicFLIM_120f_0003,batch2\fitet-sz-c2-b10,2,"a1, a2, chi2, photons, tau1, tau2"
15_KPC_live_posn3_740nm_3040mW_u1_poc0p2_20x0p75NA_535s50_g70_z1_256pix_basicFLIM_120f_0004.sdt,20260501_KPC_fixed_dishes_on_SLIM::batch2\fitet-sf-c2-b10::15_KPC_live_posn3_740nm_3040mW_u1_poc0p2_20x0p75NA_535s50_g70_z1_256pix_basicFLIM_120f_0004,batch2\fitet-sf-c2-b10,2,"a1, a2, chi2, photons, tau1, tau2"
15_KPC_live_posn3_740nm_3040mW_u1_poc0p2_20x0p75NA_535s50_g70_z1_256pix_basicFLIM_120f_0004.sdt,20260501_KPC_fixed_dishes_on_SLIM::batch2\fitet-sz-c2-b10::15_KPC_live_posn3_740nm_3040mW_u1_poc0p2_20x0p75NA_535s50_g70_z1_256pix_basicFLIM_120f_0004,batch2\fitet-sz-c2-b10,2,"a1, a2, chi2, photons, tau1, tau2"
16_KPC_live_posn4_740nm_3040mW_u1_poc0p2_20x0p75NA_535s50_g70_z1_256pix_basicFLIM_120f_0000.sdt,20260501_KPC_fixed_dishes_on_SLIM::batch2\fitet-sf-c2-b10::16_KPC_live_posn4_740nm_3040mW_u1_poc0p2_20x0p75NA_535s50_g70_z1_256pix_basicFLIM_120f_0000,batch2\fitet-sf-c2-b10,2,"a1, a2, chi2, photons, tau1, tau2"
16_KPC_live_posn4_740nm_3040mW_u1_poc0p2_20x0p75NA_535s50_g70_z1_256pix_basicFLIM_120f_0000.sdt,20260501_KPC_fixed_dishes_on_SLIM::batch2\fitet-sz-c2-b10::16_KPC_live_posn4_740nm_3040mW_u1_poc0p2_20x0p75NA_535s50_g70_z1_256pix_basicFLIM_120f_0000,batch2\fitet-sz-c2-b10,2,"a1, a2, chi2, photons, tau1, tau2"
16_KPC_live_posn4_740nm_3040mW_u1_poc0p2_20x0p75NA_535s50_g70_z1_256pix_basicFLIM_120f_0001.sdt,20260501_KPC_fixed_dishes_on_SLIM::batch2\fitet-sf-c2-b10::16_KPC_live_posn4_740nm_3040mW_u1_poc0p2_20x0p75NA_535s50_g70_z1_256pix_basicFLIM_120f_0001,batch2\fitet-sf-c2-b10,2,"a1, a2, chi2, photons, tau1, tau2"
16_KPC_live_posn4_740nm_3040mW_u1_poc0p2_20x0p75NA_535s50_g70_z1_256pix_basicFLIM_120f_0001.sdt,20260501_KPC_fixed_dishes_on_SLIM::batch2\fitet-sz-c2-b10::16_KPC_live_posn4_740nm_3040mW_u1_poc0p2_20x0p75NA_535s50_g70_z1_256pix_basicFLIM_120f_0001,batch2\fitet-sz-c2-b10,2,"a1, a2, chi2, photons, tau1, tau2"
16_KPC_live_posn4_740nm_3040mW_u1_poc0p2_20x0p75NA_535s50_g70_z1_256pix_basicFLIM_120f_0002.sdt,20260501_KPC_fixed_dishes_on_SLIM::batch2\fitet-sf-c2-b10::16_KPC_live_posn4_740nm_3040mW_u1_poc0p2_20x0p75NA_535s50_g70_z1_256pix_basicFLIM_120f_0002,batch2\fitet-sf-c2-b10,2,"a1, a2, chi2, photons, tau1, tau2"
16_KPC_live_posn4_740nm_3040mW_u1_poc0p2_20x0p75NA_535s50_g70_z1_256pix_basicFLIM_120f_0002.sdt,20260501_KPC_fixed_dishes_on_SLIM::batch2\fitet-sz-c2-b10::16_KPC_live_posn4_740nm_3040mW_u1_poc0p2_20x0p75NA_535s50_g70_z1_256pix_basicFLIM_120f_0002,batch2\fitet-sz-c2-b10,2,"a1, a2, chi2, photons, tau1, tau2"
16_KPC_live_posn4_740nm_3040mW_u1_poc0p2_20x0p75NA_535s50_g70_z1_256pix_basicFLIM_120f_0003.sdt,20260501_KPC_fixed_dishes_on_SLIM::batch2\fitet-sf-c2-b10::16_KPC_live_posn4_740nm_3040mW_u1_poc0p2_20x0p75NA_535s50_g70_z1_256pix_basicFLIM_120f_0003,batch2\fitet-sf-c2-b10,2,"a1, a2, chi2, photons, tau1, tau2"
16_KPC_live_posn4_740nm_3040mW_u1_poc0p2_20x0p75NA_535s50_g70_z1_256pix_basicFLIM_120f_0003.sdt,20260501_KPC_fixed_dishes_on_SLIM::batch2\fitet-sz-c2-b10::16_KPC_live_posn4_740nm_3040mW_u1_poc0p2_20x0p75NA_535s50_g70_z1_256pix_basicFLIM_120f_0003,batch2\fitet-sz-c2-b10,2,"a1, a2, chi2, photons, tau1, tau2"
16_KPC_live_posn4_740nm_3040mW_u1_poc0p2_20x0p75NA_457s50_g70_z1_256pix_basicFLIM_120f_0000.sdt,20260501_KPC_fixed_dishes_on_SLIM::batch2\fitet-sf-c2-b10::16_KPC_live_posn4_740nm_3040mW_u1_poc0p2_20x0p75NA_457s50_g70_z1_256pix_basicFLIM_120f_0000,batch2\fitet-sf-c2-b10,2,"a1, a2, chi2, photons, tau1, tau2"
16_KPC_live_posn4_740nm_3040mW_u1_poc0p2_20x0p75NA_457s50_g70_z1_256pix_basicFLIM_120f_0000.sdt,20260501_KPC_fixed_dishes_on_SLIM::batch2\fitet-sz-c2-b10::16_KPC_live_posn4_740nm_3040mW_u1_poc0p2_20x0p75NA_457s50_g70_z1_256pix_basicFLIM_120f_0000,batch2\fitet-sz-c2-b10,2,"a1, a2, chi2, photons, tau1, tau2"
16_KPC_live_posn4_740nm_3040mW_u1_poc0p2_20x0p75NA_457s50_g70_z1_256pix_basicFLIM_120f_0001.sdt,20260501_KPC_fixed_dishes_on_SLIM::batch2\fitet-sf-c2-b10::16_KPC_live_posn4_740nm_3040mW_u1_poc0p2_20x0p75NA_457s50_g70_z1_256pix_basicFLIM_120f_0001,batch2\fitet-sf-c2-b10,2,"a1, a2, chi2, photons, tau1, tau2"
16_KPC_live_posn4_740nm_3040mW_u1_poc0p2_20x0p75NA_457s50_g70_z1_256pix_basicFLIM_120f_0001.sdt,20260501_KPC_fixed_dishes_on_SLIM::batch2\fitet-sz-c2-b10::16_KPC_live_posn4_740nm_3040mW_u1_poc0p2_20x0p75NA_457s50_g70_z1_256pix_basicFLIM_120f_0001,batch2\fitet-sz-c2-b10,2,"a1, a2, chi2, photons, tau1, tau2"
16_KPC_live_posn4_740nm_3040mW_u1_poc0p2_20x0p75NA_457s50_g70_z1_256pix_basicFLIM_120f_0002.sdt,20260501_KPC_fixed_dishes_on_SLIM::batch2\fitet-sf-c2-b10::16_KPC_live_posn4_740nm_3040mW_u1_poc0p2_20x0p75NA_457s50_g70_z1_256pix_basicFLIM_120f_0002,batch2\fitet-sf-c2-b10,2,"a1, a2, chi2, photons, tau1, tau2"
16_KPC_live_posn4_740nm_3040mW_u1_poc0p2_20x0p75NA_457s50_g70_z1_256pix_basicFLIM_120f_0002.sdt,20260501_KPC_fixed_dishes_on_SLIM::batch2\fitet-sz-c2-b10::16_KPC_live_posn4_740nm_3040mW_u1_poc0p2_20x0p75NA_457s50_g70_z1_256pix_basicFLIM_120f_0002,batch2\fitet-sz-c2-b10,2,"a1, a2, chi2, photons, tau1, tau2"
16_KPC_live_posn4_740nm_3040mW_u1_poc0p2_20x0p75NA_457s50_g70_z1_256pix_basicFLIM_120f_0003.sdt,20260501_KPC_fixed_dishes_on_SLIM::batch2\fitet-sf-c2-b10::16_KPC_live_posn4_740nm_3040mW_u1_poc0p2_20x0p75NA_457s50_g70_z1_256pix_basicFLIM_120f_0003,batch2\fitet-sf-c2-b10,2,"a1, a2, chi2, photons, tau1, tau2"
16_KPC_live_posn4_740nm_3040mW_u1_poc0p2_20x0p75NA_457s50_g70_z1_256pix_basicFLIM_120f_0003.sdt,20260501_KPC_fixed_dishes_on_SLIM::batch2\fitet-sz-c2-b10::16_KPC_live_posn4_740nm_3040mW_u1_poc0p2_20x0p75NA_457s50_g70_z1_256pix_basicFLIM_120f_0003,batch2\fitet-sz-c2-b10,2,"a1, a2, chi2, photons, tau1, tau2"
17_KPC_live_posn5_740nm_3040mW_u1_poc0p2_20x0p75NA_457s50_g70_z1_256pix_basicFLIM_120f_0000.sdt,20260501_KPC_fixed_dishes_on_SLIM::batch2\fitet-sf-c2-b10::17_KPC_live_posn5_740nm_3040mW_u1_poc0p2_20x0p75NA_457s50_g70_z1_256pix_basicFLIM_120f_0000,batch2\fitet-sf-c2-b10,2,"a1, a2, chi2, photons, tau1, tau2"
17_KPC_live_posn5_740nm_3040mW_u1_poc0p2_20x0p75NA_457s50_g70_z1_256pix_basicFLIM_120f_0000.sdt,20260501_KPC_fixed_dishes_on_SLIM::batch2\fitet-sz-c2-b10::17_KPC_live_posn5_740nm_3040mW_u1_poc0p2_20x0p75NA_457s50_g70_z1_256pix_basicFLIM_120f_0000,batch2\fitet-sz-c2-b10,2,"a1, a2, chi2, photons, tau1, tau2"
17_KPC_live_posn5_740nm_3040mW_u1_poc0p2_20x0p75NA_457s50_g70_z1_256pix_basicFLIM_120f_0001.sdt,20260501_KPC_fixed_dishes_on_SLIM::batch2\fitet-sf-c2-b10::17_KPC_live_posn5_740nm_3040mW_u1_poc0p2_20x0p75NA_457s50_g70_z1_256pix_basicFLIM_120f_0001,batch2\fitet-sf-c2-b10,2,"a1, a2, chi2, photons, tau1, tau2"
17_KPC_live_posn5_740nm_3040mW_u1_poc0p2_20x0p75NA_457s50_g70_z1_256pix_basicFLIM_120f_0001.sdt,20260501_KPC_fixed_dishes_on_SLIM::batch2\fitet-sz-c2-b10::17_KPC_live_posn5_740nm_3040mW_u1_poc0p2_20x0p75NA_457s50_g70_z1_256pix_basicFLIM_120f_0001,batch2\fitet-sz-c2-b10,2,"a1, a2, chi2, photons, tau1, tau2"
17_KPC_live_posn5_740nm_3040mW_u1_poc0p2_20x0p75NA_457s50_g70_z1_256pix_basicFLIM_120f_0002.sdt,20260501_KPC_fixed_dishes_on_SLIM::batch2\fitet-sf-c2-b10::17_KPC_live_posn5_740nm_3040mW_u1_poc0p2_20x0p75NA_457s50_g70_z1_256pix_basicFLIM_120f_0002,batch2\fitet-sf-c2-b10,2,"a1, a2, chi2, photons, tau1, tau2"
17_KPC_live_posn5_740nm_3040mW_u1_poc0p2_20x0p75NA_457s50_g70_z1_256pix_basicFLIM_120f_0002.sdt,20260501_KPC_fixed_dishes_on_SLIM::batch2\fitet-sz-c2-b10::17_KPC_live_posn5_740nm_3040mW_u1_poc0p2_20x0p75NA_457s50_g70_z1_256pix_basicFLIM_120f_0002,batch2\fitet-sz-c2-b10,2,"a1, a2, chi2, photons, tau1, tau2"
17_KPC_live_posn5_740nm_3040mW_u1_poc0p2_20x0p75NA_457s50_g70_z1_256pix_basicFLIM_120f_0003.sdt,20260501_KPC_fixed_dishes_on_SLIM::batch2\fitet-sf-c2-b10::17_KPC_live_posn5_740nm_3040mW_u1_poc0p2_20x0p75NA_457s50_g70_z1_256pix_basicFLIM_120f_0003,batch2\fitet-sf-c2-b10,2,"a1, a2, chi2, photons, tau1, tau2"
17_KPC_live_posn5_740nm_3040mW_u1_poc0p2_20x0p75NA_457s50_g70_z1_256pix_basicFLIM_120f_0003.sdt,20260501_KPC_fixed_dishes_on_SLIM::batch2\fitet-sz-c2-b10::17_KPC_live_posn5_740nm_3040mW_u1_poc0p2_20x0p75NA_457s50_g70_z1_256pix_basicFLIM_120f_0003,batch2\fitet-sz-c2-b10,2,"a1, a2, chi2, photons, tau1, tau2"
17_KPC_live_posn5_740nm_3040mW_u1_poc0p2_20x0p75NA_457s50_g70_z1_256pix_basicFLIM_120f_0004.sdt,20260501_KPC_fixed_dishes_on_SLIM::batch2\fitet-sf-c2-b10::17_KPC_live_posn5_740nm_3040mW_u1_poc0p2_20x0p75NA_457s50_g70_z1_256pix_basicFLIM_120f_0004,batch2\fitet-sf-c2-b10,2,"a1, a2, chi2, photons, tau1, tau2"
17_KPC_live_posn5_740nm_3040mW_u1_poc0p2_20x0p75NA_457s50_g70_z1_256pix_basicFLIM_120f_0004.sdt,20260501_KPC_fixed_dishes_on_SLIM::batch2\fitet-sz-c2-b10::17_KPC_live_posn5_740nm_3040mW_u1_poc0p2_20x0p75NA_457s50_g70_z1_256pix_basicFLIM_120f_0004,batch2\fitet-sz-c2-b10,2,"a1, a2, chi2, photons, tau1, tau2"
17_KPC_live_posn5_740nm_3040mW_u1_poc0p2_20x0p75NA_535s50_g70_z1_256pix_basicFLIM_120f_0000.sdt,20260501_KPC_fixed_dishes_on_SLIM::batch2\fitet-sf-c2-b10::17_KPC_live_posn5_740nm_3040mW_u1_poc0p2_20x0p75NA_535s50_g70_z1_256pix_basicFLIM_120f_0000,batch2\fitet-sf-c2-b10,2,"a1, a2, chi2, photons, tau1, tau2"
17_KPC_live_posn5_740nm_3040mW_u1_poc0p2_20x0p75NA_535s50_g70_z1_256pix_basicFLIM_120f_0000.sdt,20260501_KPC_fixed_dishes_on_SLIM::batch2\fitet-sz-c2-b10::17_KPC_live_posn5_740nm_3040mW_u1_poc0p2_20x0p75NA_535s50_g70_z1_256pix_basicFLIM_120f_0000,batch2\fitet-sz-c2-b10,2,"a1, a2, chi2, photons, tau1, tau2"
17_KPC_live_posn5_740nm_3040mW_u1_poc0p2_20x0p75NA_535s50_g70_z1_256pix_basicFLIM_120f_0001.sdt,20260501_KPC_fixed_dishes_on_SLIM::batch2\fitet-sf-c2-b10::17_KPC_live_posn5_740nm_3040mW_u1_poc0p2_20x0p75NA_535s50_g70_z1_256pix_basicFLIM_120f_0001,batch2\fitet-sf-c2-b10,2,"a1, a2, chi2, photons, tau1, tau2"
17_KPC_live_posn5_740nm_3040mW_u1_poc0p2_20x0p75NA_535s50_g70_z1_256pix_basicFLIM_120f_0001.sdt,20260501_KPC_fixed_dishes_on_SLIM::batch2\fitet-sz-c2-b10::17_KPC_live_posn5_740nm_3040mW_u1_poc0p2_20x0p75NA_535s50_g70_z1_256pix_basicFLIM_120f_0001,batch2\fitet-sz-c2-b10,2,"a1, a2, chi2, photons, tau1, tau2"
17_KPC_live_posn5_740nm_3040mW_u1_poc0p2_20x0p75NA_535s50_g70_z1_256pix_basicFLIM_120f_0002.sdt,20260501_KPC_fixed_dishes_on_SLIM::batch2\fitet-sf-c2-b10::17_KPC_live_posn5_740nm_3040mW_u1_poc0p2_20x0p75NA_535s50_g70_z1_256pix_basicFLIM_120f_0002,batch2\fitet-sf-c2-b10,2,"a1, a2, chi2, photons, tau1, tau2"
17_KPC_live_posn5_740nm_3040mW_u1_poc0p2_20x0p75NA_535s50_g70_z1_256pix_basicFLIM_120f_0002.sdt,20260501_KPC_fixed_dishes_on_SLIM::batch2\fitet-sz-c2-b10::17_KPC_live_posn5_740nm_3040mW_u1_poc0p2_20x0p75NA_535s50_g70_z1_256pix_basicFLIM_120f_0002,batch2\fitet-sz-c2-b10,2,"a1, a2, chi2, photons, tau1, tau2"
17_KPC_live_posn5_740nm_3040mW_u1_poc0p2_20x0p75NA_535s50_g70_z1_256pix_basicFLIM_120f_0003.sdt,20260501_KPC_fixed_dishes_on_SLIM::batch2\fitet-sf-c2-b10::17_KPC_live_posn5_740nm_3040mW_u1_poc0p2_20x0p75NA_535s50_g70_z1_256pix_basicFLIM_120f_0003,batch2\fitet-sf-c2-b10,2,"a1, a2, chi2, photons, tau1, tau2"
17_KPC_live_posn5_740nm_3040mW_u1_poc0p2_20x0p75NA_535s50_g70_z1_256pix_basicFLIM_120f_0003.sdt,20260501_KPC_fixed_dishes_on_SLIM::batch2\fitet-sz-c2-b10::17_KPC_live_posn5_740nm_3040mW_u1_poc0p2_20x0p75NA_535s50_g70_z1_256pix_basicFLIM_120f_0003,batch2\fitet-sz-c2-b10,2,"a1, a2, chi2, photons, tau1, tau2"
17_KPC_live_posn5_740nm_3040mW_u1_poc0p2_20x0p75NA_535s50_g70_z1_256pix_basicFLIM_120f_0004.sdt,20260501_KPC_fixed_dishes_on_SLIM::batch2\fitet-sf-c2-b10::17_KPC_live_posn5_740nm_3040mW_u1_poc0p2_20x0p75NA_535s50_g70_z1_256pix_basicFLIM_120f_0004,batch2\fitet-sf-c2-b10,2,"a1, a2, chi2, photons, tau1, tau2"
17_KPC_live_posn5_740nm_3040mW_u1_poc0p2_20x0p75NA_535s50_g70_z1_256pix_basicFLIM_120f_0004.sdt,20260501_KPC_fixed_dishes_on_SLIM::batch2\fitet-sz-c2-b10::17_KPC_live_posn5_740nm_3040mW_u1_poc0p2_20x0p75NA_535s50_g70_z1_256pix_basicFLIM_120f_0004,batch2\fitet-sz-c2-b10,2,"a1, a2, chi2, photons, tau1, tau2"
18_urea_740nm_3040mW_u1_poc0_20x0p75NA_370s10_g70_z1_256pix_basicFLIM_45f_0000.sdt,20260501_KPC_fixed_dishes_on_SLIM::batch2\fitet-sf-c2-b10::18_urea_740nm_3040mW_u1_poc0_20x0p75NA_370s10_g70_z1_256pix_basicFLIM_45f_0000,batch2\fitet-sf-c2-b10,2,"a1, a2, chi2, photons, tau1, tau2"
18_urea_740nm_3040mW_u1_poc0_20x0p75NA_370s10_g70_z1_256pix_basicFLIM_45f_0000.sdt,20260501_KPC_fixed_dishes_on_SLIM::batch2\fitet-sz-c2-b10::18_urea_740nm_3040mW_u1_poc0_20x0p75NA_370s10_g70_z1_256pix_basicFLIM_45f_0000,batch2\fitet-sz-c2-b10,2,"a1, a2, chi2, photons, tau1, tau2"
19_chromablue_740nm_3040mW_u1_poc0_20x0p75NA_457s50_g70_z0p5_256pix_basicFLIM_45f_0000.sdt,20260501_KPC_fixed_dishes_on_SLIM::batch2\fitet-sf-c2-b10::19_chromablue_740nm_3040mW_u1_poc0_20x0p75NA_457s50_g70_z0p5_256pix_basicFLIM_45f_0000,batch2\fitet-sf-c2-b10,2,"a1, a2, chi2, photons, tau1, tau2"
19_chromablue_740nm_3040mW_u1_poc0_20x0p75NA_457s50_g70_z0p5_256pix_basicFLIM_45f_0000.sdt,20260501_KPC_fixed_dishes_on_SLIM::batch2\fitet-sz-c2-b10::19_chromablue_740nm_3040mW_u1_poc0_20x0p75NA_457s50_g70_z0p5_256pix_basicFLIM_45f_0000,batch2\fitet-sz-c2-b10,2,"a1, a2, chi2, photons, tau1, tau2"
19_chromablue_740nm_3040mW_u1_poc0_20x0p75NA_457s50_g70_z1_256pix_basicFLIM_45f_0000.sdt,20260501_KPC_fixed_dishes_on_SLIM::batch2\fitet-sf-c2-b10::19_chromablue_740nm_3040mW_u1_poc0_20x0p75NA_457s50_g70_z1_256pix_basicFLIM_45f_0000,batch2\fitet-sf-c2-b10,2,"a1, a2, chi2, photons, tau1, tau2"
19_chromablue_740nm_3040mW_u1_poc0_20x0p75NA_457s50_g70_z1_256pix_basicFLIM_45f_0000.sdt,20260501_KPC_fixed_dishes_on_SLIM::batch2\fitet-sz-c2-b10::19_chromablue_740nm_3040mW_u1_poc0_20x0p75NA_457s50_g70_z1_256pix_basicFLIM_45f_0000,batch2\fitet-sz-c2-b10,2,"a1, a2, chi2, photons, tau1, tau2"
20_pollen_890nm_2879mW_u1_poc0p2_10x0p5NA_457s50_g70_z1_256pix_basicFLIM_30f_0000.sdt,20260501_KPC_fixed_dishes_on_SLIM::batch2\fitet-sf-c2-b10::20_pollen_890nm_2879mW_u1_poc0p2_10x0p5NA_457s50_g70_z1_256pix_basicFLIM_30f_0000,batch2\fitet-sf-c2-b10,2,"a1, a2, chi2, photons, tau1, tau2"
20_pollen_890nm_2879mW_u1_poc0p2_10x0p5NA_457s50_g70_z1_256pix_basicFLIM_30f_0000.sdt,20260501_KPC_fixed_dishes_on_SLIM::batch2\fitet-sz-c2-b10::20_pollen_890nm_2879mW_u1_poc0p2_10x0p5NA_457s50_g70_z1_256pix_basicFLIM_30f_0000,batch2\fitet-sz-c2-b10,2,"a1, a2, chi2, photons, tau1, tau2"
0_pollen_890nm_2878mW_u1_poc0p2_10x0p5NA_457s50_g70_z1_256pix_basicFLIM_45f_0000.sdt,20260508_KPC_live_on_SLIM::fitet-sz-c1-b5::0_pollen_890nm_2878mW_u1_poc0p2_10x0p5NA_457s50_g70_z1_256pix_basicFLIM_45f_0000,fitet-sz-c1-b5,1,"a1, chi2, photons, tau1"
1_chromablue_740nm_3030mW_u80_poc0_20x0p75NA_457s50_g70_z1_256pix_basicFLIM_45f_0000.sdt,20260508_KPC_live_on_SLIM::fitet-sz-c1-b5::1_chromablue_740nm_3030mW_u80_poc0_20x0p75NA_457s50_g70_z1_256pix_basicFLIM_45f_0000,fitet-sz-c1-b5,1,"a1, chi2, photons, tau1"
1_chromablue_740nm_3030mW_u80_poc0_20x0p75NA_457s50_g70_z1_256pix_basicFLIM_45f_0000.sdt,20260508_KPC_live_on_SLIM::fitet-sz-c2-b5::1_chromablue_740nm_3030mW_u80_poc0_20x0p75NA_457s50_g70_z1_256pix_basicFLIM_45f_0000,fitet-sz-c2-b5,2,"a1, a2, chi2, photons, tau1, tau2"
2_urea_740nm_3033mW_u1_poc0_20x0p75NA_370s10_g70_z1_256pix_basicFLIM_45f_0000.sdt,20260508_KPC_live_on_SLIM::fitet-sz-c1-b5::2_urea_740nm_3033mW_u1_poc0_20x0p75NA_370s10_g70_z1_256pix_basicFLIM_45f_0000,fitet-sz-c1-b5,1,"a1, chi2, photons, tau1"
3_KPCWTlive_740nm_3033mW_u1_poc0p2_20x0p75NA_475s50_g70_z1_256pix_basicFLIM_120f_0000.sdt,20260508_KPC_live_on_SLIM::fitet-sf-c2-b5::3_KPCWTlive_740nm_3033mW_u1_poc0p2_20x0p75NA_475s50_g70_z1_256pix_basicFLIM_120f_0000,fitet-sf-c2-b5,2,"a1, a2, chi2, photons, tau1, tau2"
3_KPCWTlive_740nm_3033mW_u1_poc0p2_20x0p75NA_475s50_g70_z1_256pix_basicFLIM_120f_0000.sdt,20260508_KPC_live_on_SLIM::fitet-sz-c2-b5::3_KPCWTlive_740nm_3033mW_u1_poc0p2_20x0p75NA_475s50_g70_z1_256pix_basicFLIM_120f_0000,fitet-sz-c2-b5,2,"a1, a2, chi2, photons, tau1, tau2"
3_KPCWTlive_740nm_3033mW_u1_poc0p2_20x0p75NA_475s50_g70_z1_256pix_basicFLIM_120f_0001.sdt,20260508_KPC_live_on_SLIM::fitet-sf-c2-b5::3_KPCWTlive_740nm_3033mW_u1_poc0p2_20x0p75NA_475s50_g70_z1_256pix_basicFLIM_120f_0001,fitet-sf-c2-b5,2,"a1, a2, chi2, photons, tau1, tau2"
3_KPCWTlive_740nm_3033mW_u1_poc0p2_20x0p75NA_475s50_g70_z1_256pix_basicFLIM_120f_0001.sdt,20260508_KPC_live_on_SLIM::fitet-sz-c2-b5::3_KPCWTlive_740nm_3033mW_u1_poc0p2_20x0p75NA_475s50_g70_z1_256pix_basicFLIM_120f_0001,fitet-sz-c2-b5,2,"a1, a2, chi2, photons, tau1, tau2"
3_KPCWTlive_740nm_3033mW_u1_poc0p2_20x0p75NA_475s50_g70_z1_256pix_basicFLIM_120f_0002.sdt,20260508_KPC_live_on_SLIM::fitet-sf-c2-b5::3_KPCWTlive_740nm_3033mW_u1_poc0p2_20x0p75NA_475s50_g70_z1_256pix_basicFLIM_120f_0002,fitet-sf-c2-b5,2,"a1, a2, chi2, photons, tau1, tau2"
3_KPCWTlive_740nm_3033mW_u1_poc0p2_20x0p75NA_475s50_g70_z1_256pix_basicFLIM_120f_0002.sdt,20260508_KPC_live_on_SLIM::fitet-sz-c1-b5::3_KPCWTlive_740nm_3033mW_u1_poc0p2_20x0p75NA_475s50_g70_z1_256pix_basicFLIM_120f_0002,fitet-sz-c1-b5,1,"a1, chi2, photons, tau1"
3_KPCWTlive_740nm_3033mW_u1_poc0p2_20x0p75NA_475s50_g70_z1_256pix_basicFLIM_120f_0002.sdt,20260508_KPC_live_on_SLIM::fitet-sz-c2-b5::3_KPCWTlive_740nm_3033mW_u1_poc0p2_20x0p75NA_475s50_g70_z1_256pix_basicFLIM_120f_0002,fitet-sz-c2-b5,2,"a1, a2, chi2, photons, tau1, tau2"
3_KPCWTlive_740nm_3033mW_u1_poc0p2_20x0p75NA_475s50_g70_z1_256pix_basicFLIM_120f_0003.sdt,20260508_KPC_live_on_SLIM::fitet-sf-c2-b5::3_KPCWTlive_740nm_3033mW_u1_poc0p2_20x0p75NA_475s50_g70_z1_256pix_basicFLIM_120f_0003,fitet-sf-c2-b5,2,"a1, a2, chi2, photons, tau1, tau2"
3_KPCWTlive_740nm_3033mW_u1_poc0p2_20x0p75NA_475s50_g70_z1_256pix_basicFLIM_120f_0003.sdt,20260508_KPC_live_on_SLIM::fitet-sz-c2-b5::3_KPCWTlive_740nm_3033mW_u1_poc0p2_20x0p75NA_475s50_g70_z1_256pix_basicFLIM_120f_0003,fitet-sz-c2-b5,2,"a1, a2, chi2, photons, tau1, tau2"
3_KPCWTlive_740nm_3033mW_u1_poc0p2_20x0p75NA_475s50_g70_z1_256pix_basicFLIM_120f_0004.sdt,20260508_KPC_live_on_SLIM::fitet-sf-c2-b5::3_KPCWTlive_740nm_3033mW_u1_poc0p2_20x0p75NA_475s50_g70_z1_256pix_basicFLIM_120f_0004,fitet-sf-c2-b5,2,"a1, a2, chi2, photons, tau1, tau2"
3_KPCWTlive_740nm_3033mW_u1_poc0p2_20x0p75NA_475s50_g70_z1_256pix_basicFLIM_120f_0004.sdt,20260508_KPC_live_on_SLIM::fitet-sz-c2-b5::3_KPCWTlive_740nm_3033mW_u1_poc0p2_20x0p75NA_475s50_g70_z1_256pix_basicFLIM_120f_0004,fitet-sz-c2-b5,2,"a1, a2, chi2, photons, tau1, tau2"
3_KPCWTlive_740nm_3033mW_u1_poc0p2_20x0p75NA_475s50_g70_z1_256pix_basicFLIM_120f_0005.sdt,20260508_KPC_live_on_SLIM::fitet-sf-c2-b5::3_KPCWTlive_740nm_3033mW_u1_poc0p2_20x0p75NA_475s50_g70_z1_256pix_basicFLIM_120f_0005,fitet-sf-c2-b5,2,"a1, a2, chi2, photons, tau1, tau2"
3_KPCWTlive_740nm_3033mW_u1_poc0p2_20x0p75NA_475s50_g70_z1_256pix_basicFLIM_120f_0005.sdt,20260508_KPC_live_on_SLIM::fitet-sz-c2-b5::3_KPCWTlive_740nm_3033mW_u1_poc0p2_20x0p75NA_475s50_g70_z1_256pix_basicFLIM_120f_0005,fitet-sz-c2-b5,2,"a1, a2, chi2, photons, tau1, tau2"
3_KPCWTlive_740nm_3033mW_u1_poc0p2_20x0p75NA_475s50_g70_z1_256pix_basicFLIM_120f_0006.sdt,20260508_KPC_live_on_SLIM::fitet-sf-c2-b5::3_KPCWTlive_740nm_3033mW_u1_poc0p2_20x0p75NA_475s50_g70_z1_256pix_basicFLIM_120f_0006,fitet-sf-c2-b5,2,"a1, a2, chi2, photons, tau1, tau2"
3_KPCWTlive_740nm_3033mW_u1_poc0p2_20x0p75NA_475s50_g70_z1_256pix_basicFLIM_120f_0006.sdt,20260508_KPC_live_on_SLIM::fitet-sz-c2-b5::3_KPCWTlive_740nm_3033mW_u1_poc0p2_20x0p75NA_475s50_g70_z1_256pix_basicFLIM_120f_0006,fitet-sz-c2-b5,2,"a1, a2, chi2, photons, tau1, tau2"
3_KPCWTlive_740nm_3033mW_u1_poc0p2_20x0p75NA_475s50_g70_z1_256pix_basicFLIM_120f_0007.sdt,20260508_KPC_live_on_SLIM::fitet-sf-c2-b5::3_KPCWTlive_740nm_3033mW_u1_poc0p2_20x0p75NA_475s50_g70_z1_256pix_basicFLIM_120f_0007,fitet-sf-c2-b5,2,"a1, a2, chi2, photons, tau1, tau2"
3_KPCWTlive_740nm_3033mW_u1_poc0p2_20x0p75NA_475s50_g70_z1_256pix_basicFLIM_120f_0007.sdt,20260508_KPC_live_on_SLIM::fitet-sz-c2-b5::3_KPCWTlive_740nm_3033mW_u1_poc0p2_20x0p75NA_475s50_g70_z1_256pix_basicFLIM_120f_0007,fitet-sz-c2-b5,2,"a1, a2, chi2, photons, tau1, tau2"
3_KPCWTlive_740nm_3033mW_u1_poc0p2_20x0p75NA_475s50_g70_z1_256pix_basicFLIM_120f_0008.sdt,20260508_KPC_live_on_SLIM::fitet-sf-c2-b5::3_KPCWTlive_740nm_3033mW_u1_poc0p2_20x0p75NA_475s50_g70_z1_256pix_basicFLIM_120f_0008,fitet-sf-c2-b5,2,"a1, a2, chi2, photons, tau1, tau2"
3_KPCWTlive_740nm_3033mW_u1_poc0p2_20x0p75NA_475s50_g70_z1_256pix_basicFLIM_120f_0008.sdt,20260508_KPC_live_on_SLIM::fitet-sz-c2-b5::3_KPCWTlive_740nm_3033mW_u1_poc0p2_20x0p75NA_475s50_g70_z1_256pix_basicFLIM_120f_0008,fitet-sz-c2-b5,2,"a1, a2, chi2, photons, tau1, tau2"
3_KPCWTlive_740nm_3033mW_u1_poc0p2_20x0p75NA_475s50_g70_z1_256pix_basicFLIM_120f_0009.sdt,20260508_KPC_live_on_SLIM::fitet-sf-c2-b5::3_KPCWTlive_740nm_3033mW_u1_poc0p2_20x0p75NA_475s50_g70_z1_256pix_basicFLIM_120f_0009,fitet-sf-c2-b5,2,"a1, a2, chi2, photons, tau1, tau2"
3_KPCWTlive_740nm_3033mW_u1_poc0p2_20x0p75NA_475s50_g70_z1_256pix_basicFLIM_120f_0009.sdt,20260508_KPC_live_on_SLIM::fitet-sz-c2-b5::3_KPCWTlive_740nm_3033mW_u1_poc0p2_20x0p75NA_475s50_g70_z1_256pix_basicFLIM_120f_0009,fitet-sz-c2-b5,2,"a1, a2, chi2, photons, tau1, tau2"
3_KPCWTlive_740nm_3033mW_u1_poc0p2_20x0p75NA_475s50_g70_z1_256pix_basicFLIM_120f_0010.sdt,20260508_KPC_live_on_SLIM::fitet-sf-c2-b5::3_KPCWTlive_740nm_3033mW_u1_poc0p2_20x0p75NA_475s50_g70_z1_256pix_basicFLIM_120f_0010,fitet-sf-c2-b5,2,"a1, a2, chi2, photons, tau1, tau2"
3_KPCWTlive_740nm_3033mW_u1_poc0p2_20x0p75NA_475s50_g70_z1_256pix_basicFLIM_120f_0010.sdt,20260508_KPC_live_on_SLIM::fitet-sz-c2-b5::3_KPCWTlive_740nm_3033mW_u1_poc0p2_20x0p75NA_475s50_g70_z1_256pix_basicFLIM_120f_0010,fitet-sz-c2-b5,2,"a1, a2, chi2, photons, tau1, tau2"
3_KPCWTlive_740nm_3033mW_u1_poc0p2_20x0p75NA_475s50_g70_z1_256pix_basicFLIM_120f_0011.sdt,20260508_KPC_live_on_SLIM::fitet-sf-c2-b5::3_KPCWTlive_740nm_3033mW_u1_poc0p2_20x0p75NA_475s50_g70_z1_256pix_basicFLIM_120f_0011,fitet-sf-c2-b5,2,"a1, a2, chi2, photons, tau1, tau2"
3_KPCWTlive_740nm_3033mW_u1_poc0p2_20x0p75NA_475s50_g70_z1_256pix_basicFLIM_120f_0011.sdt,20260508_KPC_live_on_SLIM::fitet-sz-c2-b5::3_KPCWTlive_740nm_3033mW_u1_poc0p2_20x0p75NA_475s50_g70_z1_256pix_basicFLIM_120f_0011,fitet-sz-c2-b5,2,"a1, a2, chi2, photons, tau1, tau2"
3_KPCWTlive_740nm_3033mW_u1_poc0p2_20x0p75NA_475s50_g70_z1_256pix_basicFLIM_120f_0012.sdt,20260508_KPC_live_on_SLIM::fitet-sf-c2-b5::3_KPCWTlive_740nm_3033mW_u1_poc0p2_20x0p75NA_475s50_g70_z1_256pix_basicFLIM_120f_0012,fitet-sf-c2-b5,2,"a1, a2, chi2, photons, tau1, tau2"
3_KPCWTlive_740nm_3033mW_u1_poc0p2_20x0p75NA_475s50_g70_z1_256pix_basicFLIM_120f_0012.sdt,20260508_KPC_live_on_SLIM::fitet-sz-c2-b5::3_KPCWTlive_740nm_3033mW_u1_poc0p2_20x0p75NA_475s50_g70_z1_256pix_basicFLIM_120f_0012,fitet-sz-c2-b5,2,"a1, a2, chi2, photons, tau1, tau2"
3_KPCWTlive_740nm_3033mW_u1_poc0p2_20x0p75NA_475s50_g70_z1_256pix_basicFLIM_120f_0013.sdt,20260508_KPC_live_on_SLIM::fitet-sf-c2-b5::3_KPCWTlive_740nm_3033mW_u1_poc0p2_20x0p75NA_475s50_g70_z1_256pix_basicFLIM_120f_0013,fitet-sf-c2-b5,2,"a1, a2, chi2, photons, tau1, tau2"
3_KPCWTlive_740nm_3033mW_u1_poc0p2_20x0p75NA_475s50_g70_z1_256pix_basicFLIM_120f_0013.sdt,20260508_KPC_live_on_SLIM::fitet-sz-c2-b5::3_KPCWTlive_740nm_3033mW_u1_poc0p2_20x0p75NA_475s50_g70_z1_256pix_basicFLIM_120f_0013,fitet-sz-c2-b5,2,"a1, a2, chi2, photons, tau1, tau2"
3_KPCWTlive_740nm_3033mW_u1_poc0p2_20x0p75NA_475s50_g70_z1_256pix_basicFLIM_120f_0014.sdt,20260508_KPC_live_on_SLIM::fitet-sf-c2-b5::3_KPCWTlive_740nm_3033mW_u1_poc0p2_20x0p75NA_475s50_g70_z1_256pix_basicFLIM_120f_0014,fitet-sf-c2-b5,2,"a1, a2, chi2, photons, tau1, tau2"
3_KPCWTlive_740nm_3033mW_u1_poc0p2_20x0p75NA_475s50_g70_z1_256pix_basicFLIM_120f_0014.sdt,20260508_KPC_live_on_SLIM::fitet-sz-c2-b5::3_KPCWTlive_740nm_3033mW_u1_poc0p2_20x0p75NA_475s50_g70_z1_256pix_basicFLIM_120f_0014,fitet-sz-c2-b5,2,"a1, a2, chi2, photons, tau1, tau2"
3_KPCWTlive_740nm_3033mW_u1_poc0p2_20x0p75NA_475s50_g70_z1_256pix_basicFLIM_120f_0015.sdt,20260508_KPC_live_on_SLIM::fitet-sf-c2-b5::3_KPCWTlive_740nm_3033mW_u1_poc0p2_20x0p75NA_475s50_g70_z1_256pix_basicFLIM_120f_0015,fitet-sf-c2-b5,2,"a1, a2, chi2, photons, tau1, tau2"
3_KPCWTlive_740nm_3033mW_u1_poc0p2_20x0p75NA_475s50_g70_z1_256pix_basicFLIM_120f_0015.sdt,20260508_KPC_live_on_SLIM::fitet-sz-c2-b5::3_KPCWTlive_740nm_3033mW_u1_poc0p2_20x0p75NA_475s50_g70_z1_256pix_basicFLIM_120f_0015,fitet-sz-c2-b5,2,"a1, a2, chi2, photons, tau1, tau2"
3_KPCWTlive_740nm_3033mW_u1_poc0p2_20x0p75NA_475s50_g70_z1_256pix_basicFLIM_120f_0016.sdt,20260508_KPC_live_on_SLIM::fitet-sf-c2-b5::3_KPCWTlive_740nm_3033mW_u1_poc0p2_20x0p75NA_475s50_g70_z1_256pix_basicFLIM_120f_0016,fitet-sf-c2-b5,2,"a1, a2, chi2, photons, tau1, tau2"
3_KPCWTlive_740nm_3033mW_u1_poc0p2_20x0p75NA_475s50_g70_z1_256pix_basicFLIM_120f_0016.sdt,20260508_KPC_live_on_SLIM::fitet-sz-c2-b5::3_KPCWTlive_740nm_3033mW_u1_poc0p2_20x0p75NA_475s50_g70_z1_256pix_basicFLIM_120f_0016,fitet-sz-c2-b5,2,"a1, a2, chi2, photons, tau1, tau2"
3_KPCWTlive_740nm_3033mW_u1_poc0p2_20x0p75NA_475s50_g70_z1_256pix_basicFLIM_120f_0017.sdt,20260508_KPC_live_on_SLIM::fitet-sf-c2-b5::3_KPCWTlive_740nm_3033mW_u1_poc0p2_20x0p75NA_475s50_g70_z1_256pix_basicFLIM_120f_0017,fitet-sf-c2-b5,2,"a1, a2, chi2, photons, tau1, tau2"
3_KPCWTlive_740nm_3033mW_u1_poc0p2_20x0p75NA_475s50_g70_z1_256pix_basicFLIM_120f_0017.sdt,20260508_KPC_live_on_SLIM::fitet-sz-c2-b5::3_KPCWTlive_740nm_3033mW_u1_poc0p2_20x0p75NA_475s50_g70_z1_256pix_basicFLIM_120f_0017,fitet-sz-c2-b5,2,"a1, a2, chi2, photons, tau1, tau2"
3_KPCWTlive_740nm_3033mW_u1_poc0p2_20x0p75NA_475s50_g70_z1_256pix_basicFLIM_120f_0018.sdt,20260508_KPC_live_on_SLIM::fitet-sf-c2-b5::3_KPCWTlive_740nm_3033mW_u1_poc0p2_20x0p75NA_475s50_g70_z1_256pix_basicFLIM_120f_0018,fitet-sf-c2-b5,2,"a1, a2, chi2, photons, tau1, tau2"
3_KPCWTlive_740nm_3033mW_u1_poc0p2_20x0p75NA_475s50_g70_z1_256pix_basicFLIM_120f_0018.sdt,20260508_KPC_live_on_SLIM::fitet-sz-c2-b5::3_KPCWTlive_740nm_3033mW_u1_poc0p2_20x0p75NA_475s50_g70_z1_256pix_basicFLIM_120f_0018,fitet-sz-c2-b5,2,"a1, a2, chi2, photons, tau1, tau2"
3_KPCWTlive_740nm_3033mW_u1_poc0p2_20x0p75NA_475s50_g70_z1_256pix_basicFLIM_120f_0019.sdt,20260508_KPC_live_on_SLIM::fitet-sf-c2-b5::3_KPCWTlive_740nm_3033mW_u1_poc0p2_20x0p75NA_475s50_g70_z1_256pix_basicFLIM_120f_0019,fitet-sf-c2-b5,2,"a1, a2, chi2, photons, tau1, tau2"
3_KPCWTlive_740nm_3033mW_u1_poc0p2_20x0p75NA_475s50_g70_z1_256pix_basicFLIM_120f_0019.sdt,20260508_KPC_live_on_SLIM::fitet-sz-c2-b5::3_KPCWTlive_740nm_3033mW_u1_poc0p2_20x0p75NA_475s50_g70_z1_256pix_basicFLIM_120f_0019,fitet-sz-c2-b5,2,"a1, a2, chi2, photons, tau1, tau2"
3_KPCWTlive_740nm_3033mW_u1_poc0p2_20x0p75NA_475s50_g70_z1_256pix_basicFLIM_120f_0020.sdt,20260508_KPC_live_on_SLIM::fitet-sf-c2-b5::3_KPCWTlive_740nm_3033mW_u1_poc0p2_20x0p75NA_475s50_g70_z1_256pix_basicFLIM_120f_0020,fitet-sf-c2-b5,2,"a1, a2, chi2, photons, tau1, tau2"
3_KPCWTlive_740nm_3033mW_u1_poc0p2_20x0p75NA_475s50_g70_z1_256pix_basicFLIM_120f_0020.sdt,20260508_KPC_live_on_SLIM::fitet-sz-c2-b5::3_KPCWTlive_740nm_3033mW_u1_poc0p2_20x0p75NA_475s50_g70_z1_256pix_basicFLIM_120f_0020,fitet-sz-c2-b5,2,"a1, a2, chi2, photons, tau1, tau2"
3_KPCWTlive_740nm_3033mW_u1_poc0p2_20x0p75NA_475s50_g70_z1_256pix_basicFLIM_120f_0021.sdt,20260508_KPC_live_on_SLIM::fitet-sf-c2-b5::3_KPCWTlive_740nm_3033mW_u1_poc0p2_20x0p75NA_475s50_g70_z1_256pix_basicFLIM_120f_0021,fitet-sf-c2-b5,2,"a1, a2, chi2, photons, tau1, tau2"
3_KPCWTlive_740nm_3033mW_u1_poc0p2_20x0p75NA_475s50_g70_z1_256pix_basicFLIM_120f_0021.sdt,20260508_KPC_live_on_SLIM::fitet-sz-c2-b5::3_KPCWTlive_740nm_3033mW_u1_poc0p2_20x0p75NA_475s50_g70_z1_256pix_basicFLIM_120f_0021,fitet-sz-c2-b5,2,"a1, a2, chi2, photons, tau1, tau2"
3_KPCWTlive_740nm_3033mW_u1_poc0p2_20x0p75NA_475s50_g70_z1_256pix_basicFLIM_120f_0022.sdt,20260508_KPC_live_on_SLIM::fitet-sf-c2-b5::3_KPCWTlive_740nm_3033mW_u1_poc0p2_20x0p75NA_475s50_g70_z1_256pix_basicFLIM_120f_0022,fitet-sf-c2-b5,2,"a1, a2, chi2, photons, tau1, tau2"
3_KPCWTlive_740nm_3033mW_u1_poc0p2_20x0p75NA_475s50_g70_z1_256pix_basicFLIM_120f_0022.sdt,20260508_KPC_live_on_SLIM::fitet-sz-c2-b5::3_KPCWTlive_740nm_3033mW_u1_poc0p2_20x0p75NA_475s50_g70_z1_256pix_basicFLIM_120f_0022,fitet-sz-c2-b5,2,"a1, a2, chi2, photons, tau1, tau2"
3_KPCWTlive_740nm_3033mW_u1_poc0p2_20x0p75NA_475s50_g70_z1_256pix_basicFLIM_120f_0023.sdt,20260508_KPC_live_on_SLIM::fitet-sf-c2-b5::3_KPCWTlive_740nm_3033mW_u1_poc0p2_20x0p75NA_475s50_g70_z1_256pix_basicFLIM_120f_0023,fitet-sf-c2-b5,2,"a1, a2, chi2, photons, tau1, tau2"
3_KPCWTlive_740nm_3033mW_u1_poc0p2_20x0p75NA_475s50_g70_z1_256pix_basicFLIM_120f_0023.sdt,20260508_KPC_live_on_SLIM::fitet-sz-c2-b5::3_KPCWTlive_740nm_3033mW_u1_poc0p2_20x0p75NA_475s50_g70_z1_256pix_basicFLIM_120f_0023,fitet-sz-c2-b5,2,"a1, a2, chi2, photons, tau1, tau2"
3_KPCWTlive_740nm_3033mW_u1_poc0p2_20x0p75NA_475s50_g70_z1_256pix_basicFLIM_120f_0024.sdt,20260508_KPC_live_on_SLIM::fitet-sf-c2-b5::3_KPCWTlive_740nm_3033mW_u1_poc0p2_20x0p75NA_475s50_g70_z1_256pix_basicFLIM_120f_0024,fitet-sf-c2-b5,2,"a1, a2, chi2, photons, tau1, tau2"
3_KPCWTlive_740nm_3033mW_u1_poc0p2_20x0p75NA_475s50_g70_z1_256pix_basicFLIM_120f_0024.sdt,20260508_KPC_live_on_SLIM::fitet-sz-c2-b5::3_KPCWTlive_740nm_3033mW_u1_poc0p2_20x0p75NA_475s50_g70_z1_256pix_basicFLIM_120f_0024,fitet-sz-c2-b5,2,"a1, a2, chi2, photons, tau1, tau2"
3_KPCWTlive_740nm_3033mW_u1_poc0p2_20x0p75NA_475s50_g70_z1_256pix_basicFLIM_120f_overloadedposns_0000.sdt,20260508_KPC_live_on_SLIM::fitet-sf-c2-b5::3_KPCWTlive_740nm_3033mW_u1_poc0p2_20x0p75NA_475s50_g70_z1_256pix_basicFLIM_120f_overloadedposns_0000,fitet-sf-c2-b5,2,"a1, a2, chi2, photons, tau1, tau2"
3_KPCWTlive_740nm_3033mW_u1_poc0p2_20x0p75NA_475s50_g70_z1_256pix_basicFLIM_120f_overloadedposns_0000.sdt,20260508_KPC_live_on_SLIM::fitet-sz-c2-b5::3_KPCWTlive_740nm_3033mW_u1_poc0p2_20x0p75NA_475s50_g70_z1_256pix_basicFLIM_120f_overloadedposns_0000,fitet-sz-c2-b5,2,"a1, a2, chi2, photons, tau1, tau2"
3_KPCWTlive_740nm_3033mW_u1_poc0p2_20x0p75NA_475s50_g70_z1_256pix_basicFLIM_120f_overloadedposns_0001.sdt,20260508_KPC_live_on_SLIM::fitet-sf-c2-b5::3_KPCWTlive_740nm_3033mW_u1_poc0p2_20x0p75NA_475s50_g70_z1_256pix_basicFLIM_120f_overloadedposns_0001,fitet-sf-c2-b5,2,"a1, a2, chi2, photons, tau1, tau2"
3_KPCWTlive_740nm_3033mW_u1_poc0p2_20x0p75NA_475s50_g70_z1_256pix_basicFLIM_120f_overloadedposns_0001.sdt,20260508_KPC_live_on_SLIM::fitet-sz-c2-b5::3_KPCWTlive_740nm_3033mW_u1_poc0p2_20x0p75NA_475s50_g70_z1_256pix_basicFLIM_120f_overloadedposns_0001,fitet-sz-c2-b5,2,"a1, a2, chi2, photons, tau1, tau2"
3_KPCWTlive_740nm_3033mW_u1_poc0p2_20x0p75NA_475s50_g70_z1_256pix_basicFLIM_120f_overloadedposns_0002.sdt,20260508_KPC_live_on_SLIM::fitet-sf-c2-b5::3_KPCWTlive_740nm_3033mW_u1_poc0p2_20x0p75NA_475s50_g70_z1_256pix_basicFLIM_120f_overloadedposns_0002,fitet-sf-c2-b5,2,"a1, a2, chi2, photons, tau1, tau2"
3_KPCWTlive_740nm_3033mW_u1_poc0p2_20x0p75NA_475s50_g70_z1_256pix_basicFLIM_120f_overloadedposns_0002.sdt,20260508_KPC_live_on_SLIM::fitet-sz-c2-b5::3_KPCWTlive_740nm_3033mW_u1_poc0p2_20x0p75NA_475s50_g70_z1_256pix_basicFLIM_120f_overloadedposns_0002,fitet-sz-c2-b5,2,"a1, a2, chi2, photons, tau1, tau2"
3_KPCWTlive_740nm_3033mW_u1_poc0p2_20x0p75NA_475s50_g70_z1_256pix_basicFLIM_120f_overloadedposns_0003.sdt,20260508_KPC_live_on_SLIM::fitet-sf-c2-b5::3_KPCWTlive_740nm_3033mW_u1_poc0p2_20x0p75NA_475s50_g70_z1_256pix_basicFLIM_120f_overloadedposns_0003,fitet-sf-c2-b5,2,"a1, a2, chi2, photons, tau1, tau2"
3_KPCWTlive_740nm_3033mW_u1_poc0p2_20x0p75NA_475s50_g70_z1_256pix_basicFLIM_120f_overloadedposns_0003.sdt,20260508_KPC_live_on_SLIM::fitet-sz-c2-b5::3_KPCWTlive_740nm_3033mW_u1_poc0p2_20x0p75NA_475s50_g70_z1_256pix_basicFLIM_120f_overloadedposns_0003,fitet-sz-c2-b5,2,"a1, a2, chi2, photons, tau1, tau2"
3_KPCWTlive_740nm_3033mW_u1_poc0p2_20x0p75NA_475s50_g70_z1_256pix_basicFLIM_120f_overloadedposns_0004.sdt,20260508_KPC_live_on_SLIM::fitet-sf-c2-b5::3_KPCWTlive_740nm_3033mW_u1_poc0p2_20x0p75NA_475s50_g70_z1_256pix_basicFLIM_120f_overloadedposns_0004,fitet-sf-c2-b5,2,"a1, a2, chi2, photons, tau1, tau2"
3_KPCWTlive_740nm_3033mW_u1_poc0p2_20x0p75NA_475s50_g70_z1_256pix_basicFLIM_120f_overloadedposns_0004.sdt,20260508_KPC_live_on_SLIM::fitet-sz-c2-b5::3_KPCWTlive_740nm_3033mW_u1_poc0p2_20x0p75NA_475s50_g70_z1_256pix_basicFLIM_120f_overloadedposns_0004,fitet-sz-c2-b5,2,"a1, a2, chi2, photons, tau1, tau2"
3_KPCWTlive_740nm_3033mW_u1_poc0p2_20x0p75NA_475s50_g70_z1_256pix_basicFLIM_120f_overloadedposns_0005.sdt,20260508_KPC_live_on_SLIM::fitet-sf-c2-b5::3_KPCWTlive_740nm_3033mW_u1_poc0p2_20x0p75NA_475s50_g70_z1_256pix_basicFLIM_120f_overloadedposns_0005,fitet-sf-c2-b5,2,"a1, a2, chi2, photons, tau1, tau2"
3_KPCWTlive_740nm_3033mW_u1_poc0p2_20x0p75NA_475s50_g70_z1_256pix_basicFLIM_120f_overloadedposns_0005.sdt,20260508_KPC_live_on_SLIM::fitet-sz-c2-b5::3_KPCWTlive_740nm_3033mW_u1_poc0p2_20x0p75NA_475s50_g70_z1_256pix_basicFLIM_120f_overloadedposns_0005,fitet-sz-c2-b5,2,"a1, a2, chi2, photons, tau1, tau2"
3_KPCWTlive_740nm_3033mW_u1_poc0p2_20x0p75NA_475s50_g70_z1_256pix_basicFLIM_120f_overloadedposns_0006.sdt,20260508_KPC_live_on_SLIM::fitet-sf-c2-b5::3_KPCWTlive_740nm_3033mW_u1_poc0p2_20x0p75NA_475s50_g70_z1_256pix_basicFLIM_120f_overloadedposns_0006,fitet-sf-c2-b5,2,"a1, a2, chi2, photons, tau1, tau2"
3_KPCWTlive_740nm_3033mW_u1_poc0p2_20x0p75NA_475s50_g70_z1_256pix_basicFLIM_120f_overloadedposns_0006.sdt,20260508_KPC_live_on_SLIM::fitet-sz-c2-b5::3_KPCWTlive_740nm_3033mW_u1_poc0p2_20x0p75NA_475s50_g70_z1_256pix_basicFLIM_120f_overloadedposns_0006,fitet-sz-c2-b5,2,"a1, a2, chi2, photons, tau1, tau2"
3_KPCWTlive_740nm_3033mW_u1_poc0p2_20x0p75NA_475s50_g70_z1_256pix_basicFLIM_120f_overloadedtwicePos10_0007.sdt,20260508_KPC_live_on_SLIM::fitet-sf-c2-b5::3_KPCWTlive_740nm_3033mW_u1_poc0p2_20x0p75NA_475s50_g70_z1_256pix_basicFLIM_120f_overloadedtwicePos10_0007,fitet-sf-c2-b5,2,"a1, a2, chi2, photons, tau1, tau2"
3_KPCWTlive_740nm_3033mW_u1_poc0p2_20x0p75NA_475s50_g70_z1_256pix_basicFLIM_120f_overloadedtwicePos10_0007.sdt,20260508_KPC_live_on_SLIM::fitet-sz-c2-b5::3_KPCWTlive_740nm_3033mW_u1_poc0p2_20x0p75NA_475s50_g70_z1_256pix_basicFLIM_120f_overloadedtwicePos10_0007,fitet-sz-c2-b5,2,"a1, a2, chi2, photons, tau1, tau2"
3_KPCWTlive_740nm_3033mW_u1_poc0p1_20x0p75NA_475s50_g70_z1_256pix_basicFLIM_120f_overloadedposns_0000.sdt,20260508_KPC_live_on_SLIM::fitet-sf-c2-b5::3_KPCWTlive_740nm_3033mW_u1_poc0p1_20x0p75NA_475s50_g70_z1_256pix_basicFLIM_120f_overloadedposns_0000,fitet-sf-c2-b5,2,"a1, a2, chi2, photons, tau1, tau2"
3_KPCWTlive_740nm_3033mW_u1_poc0p1_20x0p75NA_475s50_g70_z1_256pix_basicFLIM_120f_overloadedposns_0000.sdt,20260508_KPC_live_on_SLIM::fitet-sz-c2-b5::3_KPCWTlive_740nm_3033mW_u1_poc0p1_20x0p75NA_475s50_g70_z1_256pix_basicFLIM_120f_overloadedposns_0000,fitet-sz-c2-b5,2,"a1, a2, chi2, photons, tau1, tau2"
3_KPCWTlive_740nm_3033mW_u1_poc0p2_20x0p75NA_535s50_g70_z1_256pix_basicFLIM_120f_0000.sdt,20260508_KPC_live_on_SLIM::fitet-sf-c2-b5::3_KPCWTlive_740nm_3033mW_u1_poc0p2_20x0p75NA_535s50_g70_z1_256pix_basicFLIM_120f_0000,fitet-sf-c2-b5,2,"a1, a2, chi2, photons, tau1, tau2"
3_KPCWTlive_740nm_3033mW_u1_poc0p2_20x0p75NA_535s50_g70_z1_256pix_basicFLIM_120f_0000.sdt,20260508_KPC_live_on_SLIM::fitet-sz-c2-b5::3_KPCWTlive_740nm_3033mW_u1_poc0p2_20x0p75NA_535s50_g70_z1_256pix_basicFLIM_120f_0000,fitet-sz-c2-b5,2,"a1, a2, chi2, photons, tau1, tau2"
3_KPCWTlive_740nm_3033mW_u1_poc0p2_20x0p75NA_535s50_g70_z1_256pix_basicFLIM_120f_0001.sdt,20260508_KPC_live_on_SLIM::fitet-sf-c2-b5::3_KPCWTlive_740nm_3033mW_u1_poc0p2_20x0p75NA_535s50_g70_z1_256pix_basicFLIM_120f_0001,fitet-sf-c2-b5,2,"a1, a2, chi2, photons, tau1, tau2"
3_KPCWTlive_740nm_3033mW_u1_poc0p2_20x0p75NA_535s50_g70_z1_256pix_basicFLIM_120f_0001.sdt,20260508_KPC_live_on_SLIM::fitet-sz-c2-b5::3_KPCWTlive_740nm_3033mW_u1_poc0p2_20x0p75NA_535s50_g70_z1_256pix_basicFLIM_120f_0001,fitet-sz-c2-b5,2,"a1, a2, chi2, photons, tau1, tau2"
3_KPCWTlive_740nm_3033mW_u1_poc0p25_20x0p75NA_535s50_g70_z1_256pix_basicFLIM_120f_0000.sdt,20260508_KPC_live_on_SLIM::fitet-sf-c2-b5::3_KPCWTlive_740nm_3033mW_u1_poc0p25_20x0p75NA_535s50_g70_z1_256pix_basicFLIM_120f_0000,fitet-sf-c2-b5,2,"a1, a2, chi2, photons, tau1, tau2"
3_KPCWTlive_740nm_3033mW_u1_poc0p25_20x0p75NA_535s50_g70_z1_256pix_basicFLIM_120f_0000.sdt,20260508_KPC_live_on_SLIM::fitet-sz-c2-b5::3_KPCWTlive_740nm_3033mW_u1_poc0p25_20x0p75NA_535s50_g70_z1_256pix_basicFLIM_120f_0000,fitet-sz-c2-b5,2,"a1, a2, chi2, photons, tau1, tau2"
3_KPCWTlive_740nm_3033mW_u1_poc0p25_20x0p75NA_535s50_g70_z1_256pix_basicFLIM_120f_0001.sdt,20260508_KPC_live_on_SLIM::fitet-sf-c2-b5::3_KPCWTlive_740nm_3033mW_u1_poc0p25_20x0p75NA_535s50_g70_z1_256pix_basicFLIM_120f_0001,fitet-sf-c2-b5,2,"a1, a2, chi2, photons, tau1, tau2"
3_KPCWTlive_740nm_3033mW_u1_poc0p25_20x0p75NA_535s50_g70_z1_256pix_basicFLIM_120f_0001.sdt,20260508_KPC_live_on_SLIM::fitet-sz-c2-b5::3_KPCWTlive_740nm_3033mW_u1_poc0p25_20x0p75NA_535s50_g70_z1_256pix_basicFLIM_120f_0001,fitet-sz-c2-b5,2,"a1, a2, chi2, photons, tau1, tau2"
3_KPCWTlive_740nm_3033mW_u1_poc0p25_20x0p75NA_535s50_g70_z1_256pix_basicFLIM_120f_0002.sdt,20260508_KPC_live_on_SLIM::fitet-sf-c2-b5::3_KPCWTlive_740nm_3033mW_u1_poc0p25_20x0p75NA_535s50_g70_z1_256pix_basicFLIM_120f_0002,fitet-sf-c2-b5,2,"a1, a2, chi2, photons, tau1, tau2"
3_KPCWTlive_740nm_3033mW_u1_poc0p25_20x0p75NA_535s50_g70_z1_256pix_basicFLIM_120f_0002.sdt,20260508_KPC_live_on_SLIM::fitet-sz-c2-b5::3_KPCWTlive_740nm_3033mW_u1_poc0p25_20x0p75NA_535s50_g70_z1_256pix_basicFLIM_120f_0002,fitet-sz-c2-b5,2,"a1, a2, chi2, photons, tau1, tau2"
3_KPCWTlive_740nm_3033mW_u1_poc0p25_20x0p75NA_535s50_g70_z1_256pix_basicFLIM_120f_0003.sdt,20260508_KPC_live_on_SLIM::fitet-sf-c2-b5::3_KPCWTlive_740nm_3033mW_u1_poc0p25_20x0p75NA_535s50_g70_z1_256pix_basicFLIM_120f_0003,fitet-sf-c2-b5,2,"a1, a2, chi2, photons, tau1, tau2"
3_KPCWTlive_740nm_3033mW_u1_poc0p25_20x0p75NA_535s50_g70_z1_256pix_basicFLIM_120f_0003.sdt,20260508_KPC_live_on_SLIM::fitet-sz-c2-b5::3_KPCWTlive_740nm_3033mW_u1_poc0p25_20x0p75NA_535s50_g70_z1_256pix_basicFLIM_120f_0003,fitet-sz-c2-b5,2,"a1, a2, chi2, photons, tau1, tau2"
3_KPCWTlive_740nm_3033mW_u1_poc0p25_20x0p75NA_535s50_g70_z1_256pix_basicFLIM_120f_0004.sdt,20260508_KPC_live_on_SLIM::fitet-sf-c2-b5::3_KPCWTlive_740nm_3033mW_u1_poc0p25_20x0p75NA_535s50_g70_z1_256pix_basicFLIM_120f_0004,fitet-sf-c2-b5,2,"a1, a2, chi2, photons, tau1, tau2"
3_KPCWTlive_740nm_3033mW_u1_poc0p25_20x0p75NA_535s50_g70_z1_256pix_basicFLIM_120f_0004.sdt,20260508_KPC_live_on_SLIM::fitet-sz-c2-b5::3_KPCWTlive_740nm_3033mW_u1_poc0p25_20x0p75NA_535s50_g70_z1_256pix_basicFLIM_120f_0004,fitet-sz-c2-b5,2,"a1, a2, chi2, photons, tau1, tau2"
3_KPCWTlive_740nm_3033mW_u1_poc0p25_20x0p75NA_535s50_g70_z1_256pix_basicFLIM_120f_0005.sdt,20260508_KPC_live_on_SLIM::fitet-sf-c2-b5::3_KPCWTlive_740nm_3033mW_u1_poc0p25_20x0p75NA_535s50_g70_z1_256pix_basicFLIM_120f_0005,fitet-sf-c2-b5,2,"a1, a2, chi2, photons, tau1, tau2"
3_KPCWTlive_740nm_3033mW_u1_poc0p25_20x0p75NA_535s50_g70_z1_256pix_basicFLIM_120f_0005.sdt,20260508_KPC_live_on_SLIM::fitet-sz-c2-b5::3_KPCWTlive_740nm_3033mW_u1_poc0p25_20x0p75NA_535s50_g70_z1_256pix_basicFLIM_120f_0005,fitet-sz-c2-b5,2,"a1, a2, chi2, photons, tau1, tau2"
3_KPCWTlive_740nm_3033mW_u1_poc0p25_20x0p75NA_535s50_g70_z1_256pix_basicFLIM_120f_0006.sdt,20260508_KPC_live_on_SLIM::fitet-sf-c2-b5::3_KPCWTlive_740nm_3033mW_u1_poc0p25_20x0p75NA_535s50_g70_z1_256pix_basicFLIM_120f_0006,fitet-sf-c2-b5,2,"a1, a2, chi2, photons, tau1, tau2"
3_KPCWTlive_740nm_3033mW_u1_poc0p25_20x0p75NA_535s50_g70_z1_256pix_basicFLIM_120f_0006.sdt,20260508_KPC_live_on_SLIM::fitet-sz-c2-b5::3_KPCWTlive_740nm_3033mW_u1_poc0p25_20x0p75NA_535s50_g70_z1_256pix_basicFLIM_120f_0006,fitet-sz-c2-b5,2,"a1, a2, chi2, photons, tau1, tau2"
3_KPCWTlive_740nm_3033mW_u1_poc0p25_20x0p75NA_535s50_g70_z1_256pix_basicFLIM_120f_0007.sdt,20260508_KPC_live_on_SLIM::fitet-sf-c2-b5::3_KPCWTlive_740nm_3033mW_u1_poc0p25_20x0p75NA_535s50_g70_z1_256pix_basicFLIM_120f_0007,fitet-sf-c2-b5,2,"a1, a2, chi2, photons, tau1, tau2"
3_KPCWTlive_740nm_3033mW_u1_poc0p25_20x0p75NA_535s50_g70_z1_256pix_basicFLIM_120f_0007.sdt,20260508_KPC_live_on_SLIM::fitet-sz-c2-b5::3_KPCWTlive_740nm_3033mW_u1_poc0p25_20x0p75NA_535s50_g70_z1_256pix_basicFLIM_120f_0007,fitet-sz-c2-b5,2,"a1, a2, chi2, photons, tau1, tau2"
3_KPCWTlive_740nm_3033mW_u1_poc0p25_20x0p75NA_535s50_g70_z1_256pix_basicFLIM_120f_0008.sdt,20260508_KPC_live_on_SLIM::fitet-sf-c2-b5::3_KPCWTlive_740nm_3033mW_u1_poc0p25_20x0p75NA_535s50_g70_z1_256pix_basicFLIM_120f_0008,fitet-sf-c2-b5,2,"a1, a2, chi2, photons, tau1, tau2"
3_KPCWTlive_740nm_3033mW_u1_poc0p25_20x0p75NA_535s50_g70_z1_256pix_basicFLIM_120f_0008.sdt,20260508_KPC_live_on_SLIM::fitet-sz-c2-b5::3_KPCWTlive_740nm_3033mW_u1_poc0p25_20x0p75NA_535s50_g70_z1_256pix_basicFLIM_120f_0008,fitet-sz-c2-b5,2,"a1, a2, chi2, photons, tau1, tau2"
3_KPCWTlive_740nm_3033mW_u1_poc0p25_20x0p75NA_535s50_g70_z1_256pix_basicFLIM_120f_0009.sdt,20260508_KPC_live_on_SLIM::fitet-sf-c2-b5::3_KPCWTlive_740nm_3033mW_u1_poc0p25_20x0p75NA_535s50_g70_z1_256pix_basicFLIM_120f_0009,fitet-sf-c2-b5,2,"a1, a2, chi2, photons, tau1, tau2"
3_KPCWTlive_740nm_3033mW_u1_poc0p25_20x0p75NA_535s50_g70_z1_256pix_basicFLIM_120f_0009.sdt,20260508_KPC_live_on_SLIM::fitet-sz-c2-b5::3_KPCWTlive_740nm_3033mW_u1_poc0p25_20x0p75NA_535s50_g70_z1_256pix_basicFLIM_120f_0009,fitet-sz-c2-b5,2,"a1, a2, chi2, photons, tau1, tau2"
3_KPCWTlive_740nm_3033mW_u1_poc0p25_20x0p75NA_535s50_g70_z1_256pix_basicFLIM_120f_0010.sdt,20260508_KPC_live_on_SLIM::fitet-sf-c2-b5::3_KPCWTlive_740nm_3033mW_u1_poc0p25_20x0p75NA_535s50_g70_z1_256pix_basicFLIM_120f_0010,fitet-sf-c2-b5,2,"a1, a2, chi2, photons, tau1, tau2"
3_KPCWTlive_740nm_3033mW_u1_poc0p25_20x0p75NA_535s50_g70_z1_256pix_basicFLIM_120f_0010.sdt,20260508_KPC_live_on_SLIM::fitet-sz-c2-b5::3_KPCWTlive_740nm_3033mW_u1_poc0p25_20x0p75NA_535s50_g70_z1_256pix_basicFLIM_120f_0010,fitet-sz-c2-b5,2,"a1, a2, chi2, photons, tau1, tau2"
3_KPCWTlive_740nm_3033mW_u1_poc0p25_20x0p75NA_535s50_g70_z1_256pix_basicFLIM_120f_0011.sdt,20260508_KPC_live_on_SLIM::fitet-sf-c2-b5::3_KPCWTlive_740nm_3033mW_u1_poc0p25_20x0p75NA_535s50_g70_z1_256pix_basicFLIM_120f_0011,fitet-sf-c2-b5,2,"a1, a2, chi2, photons, tau1, tau2"
3_KPCWTlive_740nm_3033mW_u1_poc0p25_20x0p75NA_535s50_g70_z1_256pix_basicFLIM_120f_0011.sdt,20260508_KPC_live_on_SLIM::fitet-sz-c2-b5::3_KPCWTlive_740nm_3033mW_u1_poc0p25_20x0p75NA_535s50_g70_z1_256pix_basicFLIM_120f_0011,fitet-sz-c2-b5,2,"a1, a2, chi2, photons, tau1, tau2"
3_KPCWTlive_740nm_3033mW_u1_poc0p25_20x0p75NA_535s50_g70_z1_256pix_basicFLIM_120f_0012.sdt,20260508_KPC_live_on_SLIM::fitet-sf-c2-b5::3_KPCWTlive_740nm_3033mW_u1_poc0p25_20x0p75NA_535s50_g70_z1_256pix_basicFLIM_120f_0012,fitet-sf-c2-b5,2,"a1, a2, chi2, photons, tau1, tau2"
3_KPCWTlive_740nm_3033mW_u1_poc0p25_20x0p75NA_535s50_g70_z1_256pix_basicFLIM_120f_0012.sdt,20260508_KPC_live_on_SLIM::fitet-sz-c2-b5::3_KPCWTlive_740nm_3033mW_u1_poc0p25_20x0p75NA_535s50_g70_z1_256pix_basicFLIM_120f_0012,fitet-sz-c2-b5,2,"a1, a2, chi2, photons, tau1, tau2"
3_KPCWTlive_740nm_3033mW_u1_poc0p25_20x0p75NA_535s50_g70_z1_256pix_basicFLIM_120f_0013.sdt,20260508_KPC_live_on_SLIM::fitet-sf-c2-b5::3_KPCWTlive_740nm_3033mW_u1_poc0p25_20x0p75NA_535s50_g70_z1_256pix_basicFLIM_120f_0013,fitet-sf-c2-b5,2,"a1, a2, chi2, photons, tau1, tau2"
3_KPCWTlive_740nm_3033mW_u1_poc0p25_20x0p75NA_535s50_g70_z1_256pix_basicFLIM_120f_0013.sdt,20260508_KPC_live_on_SLIM::fitet-sz-c2-b5::3_KPCWTlive_740nm_3033mW_u1_poc0p25_20x0p75NA_535s50_g70_z1_256pix_basicFLIM_120f_0013,fitet-sz-c2-b5,2,"a1, a2, chi2, photons, tau1, tau2"
3_KPCWTlive_740nm_3033mW_u1_poc0p25_20x0p75NA_535s50_g70_z1_256pix_basicFLIM_120f_0014.sdt,20260508_KPC_live_on_SLIM::fitet-sf-c2-b5::3_KPCWTlive_740nm_3033mW_u1_poc0p25_20x0p75NA_535s50_g70_z1_256pix_basicFLIM_120f_0014,fitet-sf-c2-b5,2,"a1, a2, chi2, photons, tau1, tau2"
3_KPCWTlive_740nm_3033mW_u1_poc0p25_20x0p75NA_535s50_g70_z1_256pix_basicFLIM_120f_0014.sdt,20260508_KPC_live_on_SLIM::fitet-sz-c2-b5::3_KPCWTlive_740nm_3033mW_u1_poc0p25_20x0p75NA_535s50_g70_z1_256pix_basicFLIM_120f_0014,fitet-sz-c2-b5,2,"a1, a2, chi2, photons, tau1, tau2"
3_KPCWTlive_740nm_3033mW_u1_poc0p25_20x0p75NA_535s50_g70_z1_256pix_basicFLIM_120f_0015.sdt,20260508_KPC_live_on_SLIM::fitet-sf-c2-b5::3_KPCWTlive_740nm_3033mW_u1_poc0p25_20x0p75NA_535s50_g70_z1_256pix_basicFLIM_120f_0015,fitet-sf-c2-b5,2,"a1, a2, chi2, photons, tau1, tau2"
3_KPCWTlive_740nm_3033mW_u1_poc0p25_20x0p75NA_535s50_g70_z1_256pix_basicFLIM_120f_0015.sdt,20260508_KPC_live_on_SLIM::fitet-sz-c2-b5::3_KPCWTlive_740nm_3033mW_u1_poc0p25_20x0p75NA_535s50_g70_z1_256pix_basicFLIM_120f_0015,fitet-sz-c2-b5,2,"a1, a2, chi2, photons, tau1, tau2"
3_KPCWTlive_740nm_3033mW_u1_poc0p25_20x0p75NA_535s50_g70_z1_256pix_basicFLIM_120f_0016.sdt,20260508_KPC_live_on_SLIM::fitet-sf-c2-b5::3_KPCWTlive_740nm_3033mW_u1_poc0p25_20x0p75NA_535s50_g70_z1_256pix_basicFLIM_120f_0016,fitet-sf-c2-b5,2,"a1, a2, chi2, photons, tau1, tau2"
3_KPCWTlive_740nm_3033mW_u1_poc0p25_20x0p75NA_535s50_g70_z1_256pix_basicFLIM_120f_0016.sdt,20260508_KPC_live_on_SLIM::fitet-sz-c2-b5::3_KPCWTlive_740nm_3033mW_u1_poc0p25_20x0p75NA_535s50_g70_z1_256pix_basicFLIM_120f_0016,fitet-sz-c2-b5,2,"a1, a2, chi2, photons, tau1, tau2"
3_KPCWTlive_740nm_3033mW_u1_poc0p25_20x0p75NA_535s50_g70_z1_256pix_basicFLIM_120f_0017.sdt,20260508_KPC_live_on_SLIM::fitet-sf-c2-b5::3_KPCWTlive_740nm_3033mW_u1_poc0p25_20x0p75NA_535s50_g70_z1_256pix_basicFLIM_120f_0017,fitet-sf-c2-b5,2,"a1, a2, chi2, photons, tau1, tau2"
3_KPCWTlive_740nm_3033mW_u1_poc0p25_20x0p75NA_535s50_g70_z1_256pix_basicFLIM_120f_0017.sdt,20260508_KPC_live_on_SLIM::fitet-sz-c2-b5::3_KPCWTlive_740nm_3033mW_u1_poc0p25_20x0p75NA_535s50_g70_z1_256pix_basicFLIM_120f_0017,fitet-sz-c2-b5,2,"a1, a2, chi2, photons, tau1, tau2"
3_KPCWTlive_740nm_3033mW_u1_poc0p25_20x0p75NA_535s50_g70_z1_256pix_basicFLIM_120f_0018.sdt,20260508_KPC_live_on_SLIM::fitet-sf-c2-b5::3_KPCWTlive_740nm_3033mW_u1_poc0p25_20x0p75NA_535s50_g70_z1_256pix_basicFLIM_120f_0018,fitet-sf-c2-b5,2,"a1, a2, chi2, photons, tau1, tau2"
3_KPCWTlive_740nm_3033mW_u1_poc0p25_20x0p75NA_535s50_g70_z1_256pix_basicFLIM_120f_0018.sdt,20260508_KPC_live_on_SLIM::fitet-sz-c2-b5::3_KPCWTlive_740nm_3033mW_u1_poc0p25_20x0p75NA_535s50_g70_z1_256pix_basicFLIM_120f_0018,fitet-sz-c2-b5,2,"a1, a2, chi2, photons, tau1, tau2"
3_KPCWTlive_740nm_3033mW_u1_poc0p25_20x0p75NA_535s50_g70_z1_256pix_basicFLIM_120f_0019.sdt,20260508_KPC_live_on_SLIM::fitet-sf-c2-b5::3_KPCWTlive_740nm_3033mW_u1_poc0p25_20x0p75NA_535s50_g70_z1_256pix_basicFLIM_120f_0019,fitet-sf-c2-b5,2,"a1, a2, chi2, photons, tau1, tau2"
3_KPCWTlive_740nm_3033mW_u1_poc0p25_20x0p75NA_535s50_g70_z1_256pix_basicFLIM_120f_0019.sdt,20260508_KPC_live_on_SLIM::fitet-sz-c2-b5::3_KPCWTlive_740nm_3033mW_u1_poc0p25_20x0p75NA_535s50_g70_z1_256pix_basicFLIM_120f_0019,fitet-sz-c2-b5,2,"a1, a2, chi2, photons, tau1, tau2"
3_KPCWTlive_740nm_3033mW_u1_poc0p25_20x0p75NA_535s50_g70_z1_256pix_basicFLIM_120f_0020.sdt,20260508_KPC_live_on_SLIM::fitet-sf-c2-b5::3_KPCWTlive_740nm_3033mW_u1_poc0p25_20x0p75NA_535s50_g70_z1_256pix_basicFLIM_120f_0020,fitet-sf-c2-b5,2,"a1, a2, chi2, photons, tau1, tau2"
3_KPCWTlive_740nm_3033mW_u1_poc0p25_20x0p75NA_535s50_g70_z1_256pix_basicFLIM_120f_0020.sdt,20260508_KPC_live_on_SLIM::fitet-sz-c2-b5::3_KPCWTlive_740nm_3033mW_u1_poc0p25_20x0p75NA_535s50_g70_z1_256pix_basicFLIM_120f_0020,fitet-sz-c2-b5,2,"a1, a2, chi2, photons, tau1, tau2"
3_KPCWTlive_740nm_3033mW_u1_poc0p25_20x0p75NA_535s50_g70_z1_256pix_basicFLIM_120f_0021.sdt,20260508_KPC_live_on_SLIM::fitet-sf-c2-b5::3_KPCWTlive_740nm_3033mW_u1_poc0p25_20x0p75NA_535s50_g70_z1_256pix_basicFLIM_120f_0021,fitet-sf-c2-b5,2,"a1, a2, chi2, photons, tau1, tau2"
3_KPCWTlive_740nm_3033mW_u1_poc0p25_20x0p75NA_535s50_g70_z1_256pix_basicFLIM_120f_0021.sdt,20260508_KPC_live_on_SLIM::fitet-sz-c2-b5::3_KPCWTlive_740nm_3033mW_u1_poc0p25_20x0p75NA_535s50_g70_z1_256pix_basicFLIM_120f_0021,fitet-sz-c2-b5,2,"a1, a2, chi2, photons, tau1, tau2"
3_KPCWTlive_740nm_3033mW_u1_poc0p25_20x0p75NA_535s50_g70_z1_256pix_basicFLIM_120f_0022.sdt,20260508_KPC_live_on_SLIM::fitet-sf-c2-b5::3_KPCWTlive_740nm_3033mW_u1_poc0p25_20x0p75NA_535s50_g70_z1_256pix_basicFLIM_120f_0022,fitet-sf-c2-b5,2,"a1, a2, chi2, photons, tau1, tau2"
3_KPCWTlive_740nm_3033mW_u1_poc0p25_20x0p75NA_535s50_g70_z1_256pix_basicFLIM_120f_0022.sdt,20260508_KPC_live_on_SLIM::fitet-sz-c2-b5::3_KPCWTlive_740nm_3033mW_u1_poc0p25_20x0p75NA_535s50_g70_z1_256pix_basicFLIM_120f_0022,fitet-sz-c2-b5,2,"a1, a2, chi2, photons, tau1, tau2"
3_KPCWTlive_740nm_3033mW_u1_poc0p25_20x0p75NA_535s50_g70_z1_256pix_basicFLIM_120f_0023.sdt,20260508_KPC_live_on_SLIM::fitet-sf-c2-b5::3_KPCWTlive_740nm_3033mW_u1_poc0p25_20x0p75NA_535s50_g70_z1_256pix_basicFLIM_120f_0023,fitet-sf-c2-b5,2,"a1, a2, chi2, photons, tau1, tau2"
3_KPCWTlive_740nm_3033mW_u1_poc0p25_20x0p75NA_535s50_g70_z1_256pix_basicFLIM_120f_0023.sdt,20260508_KPC_live_on_SLIM::fitet-sz-c2-b5::3_KPCWTlive_740nm_3033mW_u1_poc0p25_20x0p75NA_535s50_g70_z1_256pix_basicFLIM_120f_0023,fitet-sz-c2-b5,2,"a1, a2, chi2, photons, tau1, tau2"
3_KPCWTlive_740nm_3033mW_u1_poc0p25_20x0p75NA_535s50_g70_z1_256pix_basicFLIM_120f_0024.sdt,20260508_KPC_live_on_SLIM::fitet-sf-c2-b5::3_KPCWTlive_740nm_3033mW_u1_poc0p25_20x0p75NA_535s50_g70_z1_256pix_basicFLIM_120f_0024,fitet-sf-c2-b5,2,"a1, a2, chi2, photons, tau1, tau2"
3_KPCWTlive_740nm_3033mW_u1_poc0p25_20x0p75NA_535s50_g70_z1_256pix_basicFLIM_120f_0024.sdt,20260508_KPC_live_on_SLIM::fitet-sz-c2-b5::3_KPCWTlive_740nm_3033mW_u1_poc0p25_20x0p75NA_535s50_g70_z1_256pix_basicFLIM_120f_0024,fitet-sz-c2-b5,2,"a1, a2, chi2, photons, tau1, tau2"
4_urea_740nm_3030mW_u1_poc0_20x0p75NA_370s10_g70_z1_256pix_basicFLIM_120f_0000.sdt,20260508_KPC_live_on_SLIM::fitet-sz-c1-b5::4_urea_740nm_3030mW_u1_poc0_20x0p75NA_370s10_g70_z1_256pix_basicFLIM_120f_0000,fitet-sz-c1-b5,1,"a1, chi2, photons, tau1"
4_urea_740nm_3030mW_u1_poc0_20x0p75NA_370s10_g70_z1_256pix_basicFLIM_120f_0001.sdt,20260508_KPC_live_on_SLIM::fitet-sz-c1-b5::4_urea_740nm_3030mW_u1_poc0_20x0p75NA_370s10_g70_z1_256pix_basicFLIM_120f_0001,fitet-sz-c1-b5,1,"a1, chi2, photons, tau1"
5_chromablue_740nm_3030mW_u80_poc0_20x0p75NA_457s50_g70_z1_256pix_basicFLIM_45f_0000.sdt,20260508_KPC_live_on_SLIM::fitet-sz-c1-b5::5_chromablue_740nm_3030mW_u80_poc0_20x0p75NA_457s50_g70_z1_256pix_basicFLIM_45f_0000,fitet-sz-c1-b5,1,"a1, chi2, photons, tau1"
6_pollen_890nm_2875mW_u1_poc0p2_10x0p5NA_457s50_g70_z1_256pix_basicFLIM_45f_0000.sdt,20260508_KPC_live_on_SLIM::fitet-sz-c1-b5::6_pollen_890nm_2875mW_u1_poc0p2_10x0p5NA_457s50_g70_z1_256pix_basicFLIM_45f_0000,fitet-sz-c1-b5,1,"a1, chi2, photons, tau1"
0_pollen_890nm_2850mW_u1_poc0p2_10x0p5NA_457s50_g70_z1_256pix_basicFLIM_45f_0000.sdt,20260509_KPC_fixed_dishes_on_SLIM::fitet-sf-c2-b5::0_pollen_890nm_2850mW_u1_poc0p2_10x0p5NA_457s50_g70_z1_256pix_basicFLIM_45f_0000,fitet-sf-c2-b5,3,"a1, a2, a3, chi2, photons, tau1, tau2, tau3"
0_pollen_890nm_2850mW_u1_poc0p2_10x0p5NA_457s50_g70_z1_256pix_basicFLIM_45f_0000.sdt,20260509_KPC_fixed_dishes_on_SLIM::fitet-sf-c3-b5::0_pollen_890nm_2850mW_u1_poc0p2_10x0p5NA_457s50_g70_z1_256pix_basicFLIM_45f_0000,fitet-sf-c3-b5,3,"a1, a2, a3, chi2, photons, tau1, tau2, tau3"
0_pollen_890nm_2850mW_u1_poc0p2_10x0p5NA_457s50_g70_z1_256pix_basicFLIM_45f_0000.sdt,20260509_KPC_fixed_dishes_on_SLIM::fitet-sf-c3-t365_1982_7988-b5::0_pollen_890nm_2850mW_u1_poc0p2_10x0p5NA_457s50_g70_z1_256pix_basicFLIM_45f_0000,fitet-sf-c3-t365_1982_7988-b5,3,"a1, a2, a3, chi2, photons, tau1, tau2, tau3"
0_pollen_890nm_2850mW_u1_poc0p2_10x0p5NA_457s50_g70_z1_256pix_basicFLIM_45f_0000.sdt,20260509_KPC_fixed_dishes_on_SLIM::fitet-sz-c2-b5::0_pollen_890nm_2850mW_u1_poc0p2_10x0p5NA_457s50_g70_z1_256pix_basicFLIM_45f_0000,fitet-sz-c2-b5,2,"a1, a2, chi2, photons, tau1, tau2"
0_pollen_890nm_2850mW_u1_poc0p2_10x0p5NA_457s50_g70_z1_256pix_basicFLIM_45f_0000.sdt,20260509_KPC_fixed_dishes_on_SLIM::fitet-sz-c3-b5::0_pollen_890nm_2850mW_u1_poc0p2_10x0p5NA_457s50_g70_z1_256pix_basicFLIM_45f_0000,fitet-sz-c3-b5,3,"a1, a2, a3, chi2, photons, tau1, tau2, tau3"
0_pollen_890nm_2850mW_u1_poc0p2_10x0p5NA_457s50_g70_z1_256pix_basicFLIM_45f_door_closed_0000.sdt,20260509_KPC_fixed_dishes_on_SLIM::fitet-sf-c2-b5::0_pollen_890nm_2850mW_u1_poc0p2_10x0p5NA_457s50_g70_z1_256pix_basicFLIM_45f_door_closed_0000,fitet-sf-c2-b5,3,"a1, a2, a3, chi2, photons, tau1, tau2, tau3"
0_pollen_890nm_2850mW_u1_poc0p2_10x0p5NA_457s50_g70_z1_256pix_basicFLIM_45f_door_closed_0000.sdt,20260509_KPC_fixed_dishes_on_SLIM::fitet-sf-c3-b5::0_pollen_890nm_2850mW_u1_poc0p2_10x0p5NA_457s50_g70_z1_256pix_basicFLIM_45f_door_closed_0000,fitet-sf-c3-b5,3,"a1, a2, a3, chi2, photons, tau1, tau2, tau3"
0_pollen_890nm_2850mW_u1_poc0p2_10x0p5NA_457s50_g70_z1_256pix_basicFLIM_45f_door_closed_0000.sdt,20260509_KPC_fixed_dishes_on_SLIM::fitet-sf-c3-t365_1982_7988-b5::0_pollen_890nm_2850mW_u1_poc0p2_10x0p5NA_457s50_g70_z1_256pix_basicFLIM_45f_door_closed_0000,fitet-sf-c3-t365_1982_7988-b5,3,"a1, a2, a3, chi2, photons, tau1, tau2, tau3"
0_pollen_890nm_2850mW_u1_poc0p2_10x0p5NA_457s50_g70_z1_256pix_basicFLIM_45f_door_closed_0000.sdt,20260509_KPC_fixed_dishes_on_SLIM::fitet-sz-c2-b5::0_pollen_890nm_2850mW_u1_poc0p2_10x0p5NA_457s50_g70_z1_256pix_basicFLIM_45f_door_closed_0000,fitet-sz-c2-b5,2,"a1, a2, chi2, photons, tau1, tau2"
0_pollen_890nm_2850mW_u1_poc0p2_10x0p5NA_457s50_g70_z1_256pix_basicFLIM_45f_door_closed_0000.sdt,20260509_KPC_fixed_dishes_on_SLIM::fitet-sz-c3-b5::0_pollen_890nm_2850mW_u1_poc0p2_10x0p5NA_457s50_g70_z1_256pix_basicFLIM_45f_door_closed_0000,fitet-sz-c3-b5,3,"a1, a2, a3, chi2, photons, tau1, tau2, tau3"
1_chromablue_740nm_3006mW_u80_poc0_20x0p75NA_457s50_g70_z1_256pix_basicFLIM_45f_0000.sdt,20260509_KPC_fixed_dishes_on_SLIM::fitet-sf-c2-b5::1_chromablue_740nm_3006mW_u80_poc0_20x0p75NA_457s50_g70_z1_256pix_basicFLIM_45f_0000,fitet-sf-c2-b5,3,"a1, a2, a3, chi2, photons, tau1, tau2, tau3"
1_chromablue_740nm_3006mW_u80_poc0_20x0p75NA_457s50_g70_z1_256pix_basicFLIM_45f_0000.sdt,20260509_KPC_fixed_dishes_on_SLIM::fitet-sf-c3-b5::1_chromablue_740nm_3006mW_u80_poc0_20x0p75NA_457s50_g70_z1_256pix_basicFLIM_45f_0000,fitet-sf-c3-b5,3,"a1, a2, a3, chi2, photons, tau1, tau2, tau3"
1_chromablue_740nm_3006mW_u80_poc0_20x0p75NA_457s50_g70_z1_256pix_basicFLIM_45f_0000.sdt,20260509_KPC_fixed_dishes_on_SLIM::fitet-sf-c3-t365_1982_7988-b5::1_chromablue_740nm_3006mW_u80_poc0_20x0p75NA_457s50_g70_z1_256pix_basicFLIM_45f_0000,fitet-sf-c3-t365_1982_7988-b5,3,"a1, a2, a3, chi2, photons, tau1, tau2, tau3"
1_chromablue_740nm_3006mW_u80_poc0_20x0p75NA_457s50_g70_z1_256pix_basicFLIM_45f_0000.sdt,20260509_KPC_fixed_dishes_on_SLIM::fitet-sz-c2-b5::1_chromablue_740nm_3006mW_u80_poc0_20x0p75NA_457s50_g70_z1_256pix_basicFLIM_45f_0000,fitet-sz-c2-b5,2,"a1, a2, chi2, photons, tau1, tau2"
1_chromablue_740nm_3006mW_u80_poc0_20x0p75NA_457s50_g70_z1_256pix_basicFLIM_45f_0000.sdt,20260509_KPC_fixed_dishes_on_SLIM::fitet-sz-c3-b5::1_chromablue_740nm_3006mW_u80_poc0_20x0p75NA_457s50_g70_z1_256pix_basicFLIM_45f_0000,fitet-sz-c3-b5,3,"a1, a2, a3, chi2, photons, tau1, tau2, tau3"
2_urea_740nm_3008mW_u1_poc0_20x0p75NA_370s10_g70_z1_256pix_basicFLIM_45f_0000.sdt,20260509_KPC_fixed_dishes_on_SLIM::fitet-sf-c2-b5::2_urea_740nm_3008mW_u1_poc0_20x0p75NA_370s10_g70_z1_256pix_basicFLIM_45f_0000,fitet-sf-c2-b5,3,"a1, a2, a3, chi2, photons, tau1, tau2, tau3"
2_urea_740nm_3008mW_u1_poc0_20x0p75NA_370s10_g70_z1_256pix_basicFLIM_45f_0000.sdt,20260509_KPC_fixed_dishes_on_SLIM::fitet-sf-c3-b5::2_urea_740nm_3008mW_u1_poc0_20x0p75NA_370s10_g70_z1_256pix_basicFLIM_45f_0000,fitet-sf-c3-b5,3,"a1, a2, a3, chi2, photons, tau1, tau2, tau3"
2_urea_740nm_3008mW_u1_poc0_20x0p75NA_370s10_g70_z1_256pix_basicFLIM_45f_0000.sdt,20260509_KPC_fixed_dishes_on_SLIM::fitet-sf-c3-t365_1982_7988-b5::2_urea_740nm_3008mW_u1_poc0_20x0p75NA_370s10_g70_z1_256pix_basicFLIM_45f_0000,fitet-sf-c3-t365_1982_7988-b5,3,"a1, a2, a3, chi2, photons, tau1, tau2, tau3"
2_urea_740nm_3008mW_u1_poc0_20x0p75NA_370s10_g70_z1_256pix_basicFLIM_45f_0000.sdt,20260509_KPC_fixed_dishes_on_SLIM::fitet-sz-c2-b5::2_urea_740nm_3008mW_u1_poc0_20x0p75NA_370s10_g70_z1_256pix_basicFLIM_45f_0000,fitet-sz-c2-b5,2,"a1, a2, chi2, photons, tau1, tau2"
2_urea_740nm_3008mW_u1_poc0_20x0p75NA_370s10_g70_z1_256pix_basicFLIM_45f_0000.sdt,20260509_KPC_fixed_dishes_on_SLIM::fitet-sz-c3-b5::2_urea_740nm_3008mW_u1_poc0_20x0p75NA_370s10_g70_z1_256pix_basicFLIM_45f_0000,fitet-sz-c3-b5,3,"a1, a2, a3, chi2, photons, tau1, tau2, tau3"
3_KPCWTform20min_740nm_3006mW_u1_poc0p25_20x0p75NA_475s50_g70_z1_256pix_basicFLIM_120f_0000.sdt,20260509_KPC_fixed_dishes_on_SLIM::fitet-sf-c2-b5::3_KPCWTform20min_740nm_3006mW_u1_poc0p25_20x0p75NA_475s50_g70_z1_256pix_basicFLIM_120f_0000,fitet-sf-c2-b5,3,"a1, a2, a3, chi2, photons, tau1, tau2, tau3"
3_KPCWTform20min_740nm_3006mW_u1_poc0p25_20x0p75NA_475s50_g70_z1_256pix_basicFLIM_120f_0000.sdt,20260509_KPC_fixed_dishes_on_SLIM::fitet-sf-c3-b5::3_KPCWTform20min_740nm_3006mW_u1_poc0p25_20x0p75NA_475s50_g70_z1_256pix_basicFLIM_120f_0000,fitet-sf-c3-b5,3,"a1, a2, a3, chi2, photons, tau1, tau2, tau3"
3_KPCWTform20min_740nm_3006mW_u1_poc0p25_20x0p75NA_475s50_g70_z1_256pix_basicFLIM_120f_0000.sdt,20260509_KPC_fixed_dishes_on_SLIM::fitet-sf-c3-t365_1982_7988-b5::3_KPCWTform20min_740nm_3006mW_u1_poc0p25_20x0p75NA_475s50_g70_z1_256pix_basicFLIM_120f_0000,fitet-sf-c3-t365_1982_7988-b5,3,"a1, a2, a3, chi2, photons, tau1, tau2, tau3"
3_KPCWTform20min_740nm_3006mW_u1_poc0p25_20x0p75NA_475s50_g70_z1_256pix_basicFLIM_120f_0000.sdt,20260509_KPC_fixed_dishes_on_SLIM::fitet-sz-c2-b5::3_KPCWTform20min_740nm_3006mW_u1_poc0p25_20x0p75NA_475s50_g70_z1_256pix_basicFLIM_120f_0000,fitet-sz-c2-b5,2,"a1, a2, chi2, photons, tau1, tau2"
3_KPCWTform20min_740nm_3006mW_u1_poc0p25_20x0p75NA_475s50_g70_z1_256pix_basicFLIM_120f_0000.sdt,20260509_KPC_fixed_dishes_on_SLIM::fitet-sz-c3-b5::3_KPCWTform20min_740nm_3006mW_u1_poc0p25_20x0p75NA_475s50_g70_z1_256pix_basicFLIM_120f_0000,fitet-sz-c3-b5,3,"a1, a2, a3, chi2, photons, tau1, tau2, tau3"
3_KPCWTform20min_740nm_3006mW_u1_poc0p25_20x0p75NA_475s50_g70_z1_256pix_basicFLIM_120f_0001.sdt,20260509_KPC_fixed_dishes_on_SLIM::fitet-sf-c2-b5::3_KPCWTform20min_740nm_3006mW_u1_poc0p25_20x0p75NA_475s50_g70_z1_256pix_basicFLIM_120f_0001,fitet-sf-c2-b5,3,"a1, a2, a3, chi2, photons, tau1, tau2, tau3"
3_KPCWTform20min_740nm_3006mW_u1_poc0p25_20x0p75NA_475s50_g70_z1_256pix_basicFLIM_120f_0001.sdt,20260509_KPC_fixed_dishes_on_SLIM::fitet-sf-c3-b5::3_KPCWTform20min_740nm_3006mW_u1_poc0p25_20x0p75NA_475s50_g70_z1_256pix_basicFLIM_120f_0001,fitet-sf-c3-b5,3,"a1, a2, a3, chi2, photons, tau1, tau2, tau3"
3_KPCWTform20min_740nm_3006mW_u1_poc0p25_20x0p75NA_475s50_g70_z1_256pix_basicFLIM_120f_0001.sdt,20260509_KPC_fixed_dishes_on_SLIM::fitet-sf-c3-t365_1982_7988-b5::3_KPCWTform20min_740nm_3006mW_u1_poc0p25_20x0p75NA_475s50_g70_z1_256pix_basicFLIM_120f_0001,fitet-sf-c3-t365_1982_7988-b5,3,"a1, a2, a3, chi2, photons, tau1, tau2, tau3"
3_KPCWTform20min_740nm_3006mW_u1_poc0p25_20x0p75NA_475s50_g70_z1_256pix_basicFLIM_120f_0001.sdt,20260509_KPC_fixed_dishes_on_SLIM::fitet-sz-c2-b5::3_KPCWTform20min_740nm_3006mW_u1_poc0p25_20x0p75NA_475s50_g70_z1_256pix_basicFLIM_120f_0001,fitet-sz-c2-b5,2,"a1, a2, chi2, photons, tau1, tau2"
3_KPCWTform20min_740nm_3006mW_u1_poc0p25_20x0p75NA_475s50_g70_z1_256pix_basicFLIM_120f_0001.sdt,20260509_KPC_fixed_dishes_on_SLIM::fitet-sz-c3-b5::3_KPCWTform20min_740nm_3006mW_u1_poc0p25_20x0p75NA_475s50_g70_z1_256pix_basicFLIM_120f_0001,fitet-sz-c3-b5,3,"a1, a2, a3, chi2, photons, tau1, tau2, tau3"
3_KPCWTform20min_740nm_3006mW_u1_poc0p25_20x0p75NA_475s50_g70_z1_256pix_basicFLIM_120f_0002.sdt,20260509_KPC_fixed_dishes_on_SLIM::fitet-sf-c2-b5::3_KPCWTform20min_740nm_3006mW_u1_poc0p25_20x0p75NA_475s50_g70_z1_256pix_basicFLIM_120f_0002,fitet-sf-c2-b5,3,"a1, a2, a3, chi2, photons, tau1, tau2, tau3"
3_KPCWTform20min_740nm_3006mW_u1_poc0p25_20x0p75NA_475s50_g70_z1_256pix_basicFLIM_120f_0002.sdt,20260509_KPC_fixed_dishes_on_SLIM::fitet-sf-c3-b5::3_KPCWTform20min_740nm_3006mW_u1_poc0p25_20x0p75NA_475s50_g70_z1_256pix_basicFLIM_120f_0002,fitet-sf-c3-b5,3,"a1, a2, a3, chi2, photons, tau1, tau2, tau3"
3_KPCWTform20min_740nm_3006mW_u1_poc0p25_20x0p75NA_475s50_g70_z1_256pix_basicFLIM_120f_0002.sdt,20260509_KPC_fixed_dishes_on_SLIM::fitet-sf-c3-t365_1982_7988-b5::3_KPCWTform20min_740nm_3006mW_u1_poc0p25_20x0p75NA_475s50_g70_z1_256pix_basicFLIM_120f_0002,fitet-sf-c3-t365_1982_7988-b5,3,"a1, a2, a3, chi2, photons, tau1, tau2, tau3"
3_KPCWTform20min_740nm_3006mW_u1_poc0p25_20x0p75NA_475s50_g70_z1_256pix_basicFLIM_120f_0002.sdt,20260509_KPC_fixed_dishes_on_SLIM::fitet-sz-c2-b5::3_KPCWTform20min_740nm_3006mW_u1_poc0p25_20x0p75NA_475s50_g70_z1_256pix_basicFLIM_120f_0002,fitet-sz-c2-b5,2,"a1, a2, chi2, photons, tau1, tau2"
3_KPCWTform20min_740nm_3006mW_u1_poc0p25_20x0p75NA_475s50_g70_z1_256pix_basicFLIM_120f_0002.sdt,20260509_KPC_fixed_dishes_on_SLIM::fitet-sz-c3-b5::3_KPCWTform20min_740nm_3006mW_u1_poc0p25_20x0p75NA_475s50_g70_z1_256pix_basicFLIM_120f_0002,fitet-sz-c3-b5,3,"a1, a2, a3, chi2, photons, tau1, tau2, tau3"
3_KPCWTform20min_740nm_3006mW_u1_poc0p25_20x0p75NA_475s50_g70_z1_256pix_basicFLIM_120f_0003.sdt,20260509_KPC_fixed_dishes_on_SLIM::fitet-sf-c2-b5::3_KPCWTform20min_740nm_3006mW_u1_poc0p25_20x0p75NA_475s50_g70_z1_256pix_basicFLIM_120f_0003,fitet-sf-c2-b5,3,"a1, a2, a3, chi2, photons, tau1, tau2, tau3"
3_KPCWTform20min_740nm_3006mW_u1_poc0p25_20x0p75NA_475s50_g70_z1_256pix_basicFLIM_120f_0003.sdt,20260509_KPC_fixed_dishes_on_SLIM::fitet-sf-c3-b5::3_KPCWTform20min_740nm_3006mW_u1_poc0p25_20x0p75NA_475s50_g70_z1_256pix_basicFLIM_120f_0003,fitet-sf-c3-b5,3,"a1, a2, a3, chi2, photons, tau1, tau2, tau3"
3_KPCWTform20min_740nm_3006mW_u1_poc0p25_20x0p75NA_475s50_g70_z1_256pix_basicFLIM_120f_0003.sdt,20260509_KPC_fixed_dishes_on_SLIM::fitet-sf-c3-t365_1982_7988-b5::3_KPCWTform20min_740nm_3006mW_u1_poc0p25_20x0p75NA_475s50_g70_z1_256pix_basicFLIM_120f_0003,fitet-sf-c3-t365_1982_7988-b5,3,"a1, a2, a3, chi2, photons, tau1, tau2, tau3"
3_KPCWTform20min_740nm_3006mW_u1_poc0p25_20x0p75NA_475s50_g70_z1_256pix_basicFLIM_120f_0003.sdt,20260509_KPC_fixed_dishes_on_SLIM::fitet-sz-c2-b5::3_KPCWTform20min_740nm_3006mW_u1_poc0p25_20x0p75NA_475s50_g70_z1_256pix_basicFLIM_120f_0003,fitet-sz-c2-b5,2,"a1, a2, chi2, photons, tau1, tau2"
3_KPCWTform20min_740nm_3006mW_u1_poc0p25_20x0p75NA_475s50_g70_z1_256pix_basicFLIM_120f_0003.sdt,20260509_KPC_fixed_dishes_on_SLIM::fitet-sz-c3-b5::3_KPCWTform20min_740nm_3006mW_u1_poc0p25_20x0p75NA_475s50_g70_z1_256pix_basicFLIM_120f_0003,fitet-sz-c3-b5,3,"a1, a2, a3, chi2, photons, tau1, tau2, tau3"
3_KPCWTform20min_740nm_3006mW_u1_poc0p25_20x0p75NA_475s50_g70_z1_256pix_basicFLIM_120f_0004.sdt,20260509_KPC_fixed_dishes_on_SLIM::fitet-sf-c2-b5::3_KPCWTform20min_740nm_3006mW_u1_poc0p25_20x0p75NA_475s50_g70_z1_256pix_basicFLIM_120f_0004,fitet-sf-c2-b5,3,"a1, a2, a3, chi2, photons, tau1, tau2, tau3"
3_KPCWTform20min_740nm_3006mW_u1_poc0p25_20x0p75NA_475s50_g70_z1_256pix_basicFLIM_120f_0004.sdt,20260509_KPC_fixed_dishes_on_SLIM::fitet-sf-c3-b5::3_KPCWTform20min_740nm_3006mW_u1_poc0p25_20x0p75NA_475s50_g70_z1_256pix_basicFLIM_120f_0004,fitet-sf-c3-b5,3,"a1, a2, a3, chi2, photons, tau1, tau2, tau3"
3_KPCWTform20min_740nm_3006mW_u1_poc0p25_20x0p75NA_475s50_g70_z1_256pix_basicFLIM_120f_0004.sdt,20260509_KPC_fixed_dishes_on_SLIM::fitet-sf-c3-t365_1982_7988-b5::3_KPCWTform20min_740nm_3006mW_u1_poc0p25_20x0p75NA_475s50_g70_z1_256pix_basicFLIM_120f_0004,fitet-sf-c3-t365_1982_7988-b5,3,"a1, a2, a3, chi2, photons, tau1, tau2, tau3"
3_KPCWTform20min_740nm_3006mW_u1_poc0p25_20x0p75NA_475s50_g70_z1_256pix_basicFLIM_120f_0004.sdt,20260509_KPC_fixed_dishes_on_SLIM::fitet-sz-c2-b5::3_KPCWTform20min_740nm_3006mW_u1_poc0p25_20x0p75NA_475s50_g70_z1_256pix_basicFLIM_120f_0004,fitet-sz-c2-b5,2,"a1, a2, chi2, photons, tau1, tau2"
3_KPCWTform20min_740nm_3006mW_u1_poc0p25_20x0p75NA_475s50_g70_z1_256pix_basicFLIM_120f_0004.sdt,20260509_KPC_fixed_dishes_on_SLIM::fitet-sz-c3-b5::3_KPCWTform20min_740nm_3006mW_u1_poc0p25_20x0p75NA_475s50_g70_z1_256pix_basicFLIM_120f_0004,fitet-sz-c3-b5,3,"a1, a2, a3, chi2, photons, tau1, tau2, tau3"
3_KPCWTform20min_740nm_3006mW_u1_poc0p25_20x0p75NA_475s50_g70_z1_256pix_basicFLIM_120f_0005.sdt,20260509_KPC_fixed_dishes_on_SLIM::fitet-sf-c2-b5::3_KPCWTform20min_740nm_3006mW_u1_poc0p25_20x0p75NA_475s50_g70_z1_256pix_basicFLIM_120f_0005,fitet-sf-c2-b5,3,"a1, a2, a3, chi2, photons, tau1, tau2, tau3"
3_KPCWTform20min_740nm_3006mW_u1_poc0p25_20x0p75NA_475s50_g70_z1_256pix_basicFLIM_120f_0005.sdt,20260509_KPC_fixed_dishes_on_SLIM::fitet-sf-c3-b5::3_KPCWTform20min_740nm_3006mW_u1_poc0p25_20x0p75NA_475s50_g70_z1_256pix_basicFLIM_120f_0005,fitet-sf-c3-b5,3,"a1, a2, a3, chi2, photons, tau1, tau2, tau3"
3_KPCWTform20min_740nm_3006mW_u1_poc0p25_20x0p75NA_475s50_g70_z1_256pix_basicFLIM_120f_0005.sdt,20260509_KPC_fixed_dishes_on_SLIM::fitet-sf-c3-t365_1982_7988-b5::3_KPCWTform20min_740nm_3006mW_u1_poc0p25_20x0p75NA_475s50_g70_z1_256pix_basicFLIM_120f_0005,fitet-sf-c3-t365_1982_7988-b5,3,"a1, a2, a3, chi2, photons, tau1, tau2, tau3"
3_KPCWTform20min_740nm_3006mW_u1_poc0p25_20x0p75NA_475s50_g70_z1_256pix_basicFLIM_120f_0005.sdt,20260509_KPC_fixed_dishes_on_SLIM::fitet-sz-c2-b5::3_KPCWTform20min_740nm_3006mW_u1_poc0p25_20x0p75NA_475s50_g70_z1_256pix_basicFLIM_120f_0005,fitet-sz-c2-b5,2,"a1, a2, chi2, photons, tau1, tau2"
3_KPCWTform20min_740nm_3006mW_u1_poc0p25_20x0p75NA_475s50_g70_z1_256pix_basicFLIM_120f_0005.sdt,20260509_KPC_fixed_dishes_on_SLIM::fitet-sz-c3-b5::3_KPCWTform20min_740nm_3006mW_u1_poc0p25_20x0p75NA_475s50_g70_z1_256pix_basicFLIM_120f_0005,fitet-sz-c3-b5,3,"a1, a2, a3, chi2, photons, tau1, tau2, tau3"
3_KPCWTform20min_740nm_3006mW_u1_poc0p25_20x0p75NA_475s50_g70_z1_256pix_basicFLIM_120f_0006.sdt,20260509_KPC_fixed_dishes_on_SLIM::fitet-sf-c2-b5::3_KPCWTform20min_740nm_3006mW_u1_poc0p25_20x0p75NA_475s50_g70_z1_256pix_basicFLIM_120f_0006,fitet-sf-c2-b5,3,"a1, a2, a3, chi2, photons, tau1, tau2, tau3"
3_KPCWTform20min_740nm_3006mW_u1_poc0p25_20x0p75NA_475s50_g70_z1_256pix_basicFLIM_120f_0006.sdt,20260509_KPC_fixed_dishes_on_SLIM::fitet-sf-c3-b5::3_KPCWTform20min_740nm_3006mW_u1_poc0p25_20x0p75NA_475s50_g70_z1_256pix_basicFLIM_120f_0006,fitet-sf-c3-b5,3,"a1, a2, a3, chi2, photons, tau1, tau2, tau3"
3_KPCWTform20min_740nm_3006mW_u1_poc0p25_20x0p75NA_475s50_g70_z1_256pix_basicFLIM_120f_0006.sdt,20260509_KPC_fixed_dishes_on_SLIM::fitet-sf-c3-t365_1982_7988-b5::3_KPCWTform20min_740nm_3006mW_u1_poc0p25_20x0p75NA_475s50_g70_z1_256pix_basicFLIM_120f_0006,fitet-sf-c3-t365_1982_7988-b5,3,"a1, a2, a3, chi2, photons, tau1, tau2, tau3"
3_KPCWTform20min_740nm_3006mW_u1_poc0p25_20x0p75NA_475s50_g70_z1_256pix_basicFLIM_120f_0006.sdt,20260509_KPC_fixed_dishes_on_SLIM::fitet-sz-c2-b5::3_KPCWTform20min_740nm_3006mW_u1_poc0p25_20x0p75NA_475s50_g70_z1_256pix_basicFLIM_120f_0006,fitet-sz-c2-b5,2,"a1, a2, chi2, photons, tau1, tau2"
3_KPCWTform20min_740nm_3006mW_u1_poc0p25_20x0p75NA_475s50_g70_z1_256pix_basicFLIM_120f_0006.sdt,20260509_KPC_fixed_dishes_on_SLIM::fitet-sz-c3-b5::3_KPCWTform20min_740nm_3006mW_u1_poc0p25_20x0p75NA_475s50_g70_z1_256pix_basicFLIM_120f_0006,fitet-sz-c3-b5,3,"a1, a2, a3, chi2, photons, tau1, tau2, tau3"
3_KPCWTform20min_740nm_3006mW_u1_poc0p25_20x0p75NA_475s50_g70_z1_256pix_basicFLIM_120f_0007.sdt,20260509_KPC_fixed_dishes_on_SLIM::fitet-sf-c2-b5::3_KPCWTform20min_740nm_3006mW_u1_poc0p25_20x0p75NA_475s50_g70_z1_256pix_basicFLIM_120f_0007,fitet-sf-c2-b5,3,"a1, a2, a3, chi2, photons, tau1, tau2, tau3"
3_KPCWTform20min_740nm_3006mW_u1_poc0p25_20x0p75NA_475s50_g70_z1_256pix_basicFLIM_120f_0007.sdt,20260509_KPC_fixed_dishes_on_SLIM::fitet-sf-c3-b5::3_KPCWTform20min_740nm_3006mW_u1_poc0p25_20x0p75NA_475s50_g70_z1_256pix_basicFLIM_120f_0007,fitet-sf-c3-b5,3,"a1, a2, a3, chi2, photons, tau1, tau2, tau3"
3_KPCWTform20min_740nm_3006mW_u1_poc0p25_20x0p75NA_475s50_g70_z1_256pix_basicFLIM_120f_0007.sdt,20260509_KPC_fixed_dishes_on_SLIM::fitet-sf-c3-t365_1982_7988-b5::3_KPCWTform20min_740nm_3006mW_u1_poc0p25_20x0p75NA_475s50_g70_z1_256pix_basicFLIM_120f_0007,fitet-sf-c3-t365_1982_7988-b5,3,"a1, a2, a3, chi2, photons, tau1, tau2, tau3"
3_KPCWTform20min_740nm_3006mW_u1_poc0p25_20x0p75NA_475s50_g70_z1_256pix_basicFLIM_120f_0007.sdt,20260509_KPC_fixed_dishes_on_SLIM::fitet-sz-c2-b5::3_KPCWTform20min_740nm_3006mW_u1_poc0p25_20x0p75NA_475s50_g70_z1_256pix_basicFLIM_120f_0007,fitet-sz-c2-b5,2,"a1, a2, chi2, photons, tau1, tau2"
3_KPCWTform20min_740nm_3006mW_u1_poc0p25_20x0p75NA_475s50_g70_z1_256pix_basicFLIM_120f_0007.sdt,20260509_KPC_fixed_dishes_on_SLIM::fitet-sz-c3-b5::3_KPCWTform20min_740nm_3006mW_u1_poc0p25_20x0p75NA_475s50_g70_z1_256pix_basicFLIM_120f_0007,fitet-sz-c3-b5,3,"a1, a2, a3, chi2, photons, tau1, tau2, tau3"
3_KPCWTform20min_740nm_3006mW_u1_poc0p25_20x0p75NA_475s50_g70_z1_256pix_basicFLIM_120f_0008.sdt,20260509_KPC_fixed_dishes_on_SLIM::fitet-sf-c2-b5::3_KPCWTform20min_740nm_3006mW_u1_poc0p25_20x0p75NA_475s50_g70_z1_256pix_basicFLIM_120f_0008,fitet-sf-c2-b5,3,"a1, a2, a3, chi2, photons, tau1, tau2, tau3"
3_KPCWTform20min_740nm_3006mW_u1_poc0p25_20x0p75NA_475s50_g70_z1_256pix_basicFLIM_120f_0008.sdt,20260509_KPC_fixed_dishes_on_SLIM::fitet-sf-c3-b5::3_KPCWTform20min_740nm_3006mW_u1_poc0p25_20x0p75NA_475s50_g70_z1_256pix_basicFLIM_120f_0008,fitet-sf-c3-b5,3,"a1, a2, a3, chi2, photons, tau1, tau2, tau3"
3_KPCWTform20min_740nm_3006mW_u1_poc0p25_20x0p75NA_475s50_g70_z1_256pix_basicFLIM_120f_0008.sdt,20260509_KPC_fixed_dishes_on_SLIM::fitet-sf-c3-t365_1982_7988-b5::3_KPCWTform20min_740nm_3006mW_u1_poc0p25_20x0p75NA_475s50_g70_z1_256pix_basicFLIM_120f_0008,fitet-sf-c3-t365_1982_7988-b5,3,"a1, a2, a3, chi2, photons, tau1, tau2, tau3"
3_KPCWTform20min_740nm_3006mW_u1_poc0p25_20x0p75NA_475s50_g70_z1_256pix_basicFLIM_120f_0008.sdt,20260509_KPC_fixed_dishes_on_SLIM::fitet-sz-c2-b5::3_KPCWTform20min_740nm_3006mW_u1_poc0p25_20x0p75NA_475s50_g70_z1_256pix_basicFLIM_120f_0008,fitet-sz-c2-b5,2,"a1, a2, chi2, photons, tau1, tau2"
3_KPCWTform20min_740nm_3006mW_u1_poc0p25_20x0p75NA_475s50_g70_z1_256pix_basicFLIM_120f_0008.sdt,20260509_KPC_fixed_dishes_on_SLIM::fitet-sz-c3-b5::3_KPCWTform20min_740nm_3006mW_u1_poc0p25_20x0p75NA_475s50_g70_z1_256pix_basicFLIM_120f_0008,fitet-sz-c3-b5,3,"a1, a2, a3, chi2, photons, tau1, tau2, tau3"
3_KPCWTform20min_740nm_3006mW_u1_poc0p25_20x0p75NA_475s50_g70_z1_256pix_basicFLIM_120f_0009.sdt,20260509_KPC_fixed_dishes_on_SLIM::fitet-sf-c2-b5::3_KPCWTform20min_740nm_3006mW_u1_poc0p25_20x0p75NA_475s50_g70_z1_256pix_basicFLIM_120f_0009,fitet-sf-c2-b5,3,"a1, a2, a3, chi2, photons, tau1, tau2, tau3"
3_KPCWTform20min_740nm_3006mW_u1_poc0p25_20x0p75NA_475s50_g70_z1_256pix_basicFLIM_120f_0009.sdt,20260509_KPC_fixed_dishes_on_SLIM::fitet-sf-c3-b5::3_KPCWTform20min_740nm_3006mW_u1_poc0p25_20x0p75NA_475s50_g70_z1_256pix_basicFLIM_120f_0009,fitet-sf-c3-b5,3,"a1, a2, a3, chi2, photons, tau1, tau2, tau3"
3_KPCWTform20min_740nm_3006mW_u1_poc0p25_20x0p75NA_475s50_g70_z1_256pix_basicFLIM_120f_0009.sdt,20260509_KPC_fixed_dishes_on_SLIM::fitet-sf-c3-t365_1982_7988-b5::3_KPCWTform20min_740nm_3006mW_u1_poc0p25_20x0p75NA_475s50_g70_z1_256pix_basicFLIM_120f_0009,fitet-sf-c3-t365_1982_7988-b5,3,"a1, a2, a3, chi2, photons, tau1, tau2, tau3"
3_KPCWTform20min_740nm_3006mW_u1_poc0p25_20x0p75NA_475s50_g70_z1_256pix_basicFLIM_120f_0009.sdt,20260509_KPC_fixed_dishes_on_SLIM::fitet-sz-c2-b5::3_KPCWTform20min_740nm_3006mW_u1_poc0p25_20x0p75NA_475s50_g70_z1_256pix_basicFLIM_120f_0009,fitet-sz-c2-b5,2,"a1, a2, chi2, photons, tau1, tau2"
3_KPCWTform20min_740nm_3006mW_u1_poc0p25_20x0p75NA_475s50_g70_z1_256pix_basicFLIM_120f_0009.sdt,20260509_KPC_fixed_dishes_on_SLIM::fitet-sz-c3-b5::3_KPCWTform20min_740nm_3006mW_u1_poc0p25_20x0p75NA_475s50_g70_z1_256pix_basicFLIM_120f_0009,fitet-sz-c3-b5,3,"a1, a2, a3, chi2, photons, tau1, tau2, tau3"
3_KPCWTform20min_740nm_3006mW_u1_poc0p25_20x0p75NA_475s50_g70_z1_256pix_basicFLIM_120f_0010.sdt,20260509_KPC_fixed_dishes_on_SLIM::fitet-sf-c2-b5::3_KPCWTform20min_740nm_3006mW_u1_poc0p25_20x0p75NA_475s50_g70_z1_256pix_basicFLIM_120f_0010,fitet-sf-c2-b5,3,"a1, a2, a3, chi2, photons, tau1, tau2, tau3"
3_KPCWTform20min_740nm_3006mW_u1_poc0p25_20x0p75NA_475s50_g70_z1_256pix_basicFLIM_120f_0010.sdt,20260509_KPC_fixed_dishes_on_SLIM::fitet-sf-c3-b5::3_KPCWTform20min_740nm_3006mW_u1_poc0p25_20x0p75NA_475s50_g70_z1_256pix_basicFLIM_120f_0010,fitet-sf-c3-b5,3,"a1, a2, a3, chi2, photons, tau1, tau2, tau3"
3_KPCWTform20min_740nm_3006mW_u1_poc0p25_20x0p75NA_475s50_g70_z1_256pix_basicFLIM_120f_0010.sdt,20260509_KPC_fixed_dishes_on_SLIM::fitet-sf-c3-t365_1982_7988-b5::3_KPCWTform20min_740nm_3006mW_u1_poc0p25_20x0p75NA_475s50_g70_z1_256pix_basicFLIM_120f_0010,fitet-sf-c3-t365_1982_7988-b5,3,"a1, a2, a3, chi2, photons, tau1, tau2, tau3"
3_KPCWTform20min_740nm_3006mW_u1_poc0p25_20x0p75NA_475s50_g70_z1_256pix_basicFLIM_120f_0010.sdt,20260509_KPC_fixed_dishes_on_SLIM::fitet-sz-c2-b5::3_KPCWTform20min_740nm_3006mW_u1_poc0p25_20x0p75NA_475s50_g70_z1_256pix_basicFLIM_120f_0010,fitet-sz-c2-b5,2,"a1, a2, chi2, photons, tau1, tau2"
3_KPCWTform20min_740nm_3006mW_u1_poc0p25_20x0p75NA_475s50_g70_z1_256pix_basicFLIM_120f_0010.sdt,20260509_KPC_fixed_dishes_on_SLIM::fitet-sz-c3-b5::3_KPCWTform20min_740nm_3006mW_u1_poc0p25_20x0p75NA_475s50_g70_z1_256pix_basicFLIM_120f_0010,fitet-sz-c3-b5,3,"a1, a2, a3, chi2, photons, tau1, tau2, tau3"
3_KPCWTform20min_740nm_3006mW_u1_poc0p25_20x0p75NA_475s50_g70_z1_256pix_basicFLIM_120f_0011.sdt,20260509_KPC_fixed_dishes_on_SLIM::fitet-sf-c2-b5::3_KPCWTform20min_740nm_3006mW_u1_poc0p25_20x0p75NA_475s50_g70_z1_256pix_basicFLIM_120f_0011,fitet-sf-c2-b5,3,"a1, a2, a3, chi2, photons, tau1, tau2, tau3"
3_KPCWTform20min_740nm_3006mW_u1_poc0p25_20x0p75NA_475s50_g70_z1_256pix_basicFLIM_120f_0011.sdt,20260509_KPC_fixed_dishes_on_SLIM::fitet-sf-c3-b5::3_KPCWTform20min_740nm_3006mW_u1_poc0p25_20x0p75NA_475s50_g70_z1_256pix_basicFLIM_120f_0011,fitet-sf-c3-b5,3,"a1, a2, a3, chi2, photons, tau1, tau2, tau3"
3_KPCWTform20min_740nm_3006mW_u1_poc0p25_20x0p75NA_475s50_g70_z1_256pix_basicFLIM_120f_0011.sdt,20260509_KPC_fixed_dishes_on_SLIM::fitet-sf-c3-t365_1982_7988-b5::3_KPCWTform20min_740nm_3006mW_u1_poc0p25_20x0p75NA_475s50_g70_z1_256pix_basicFLIM_120f_0011,fitet-sf-c3-t365_1982_7988-b5,3,"a1, a2, a3, chi2, photons, tau1, tau2, tau3"
3_KPCWTform20min_740nm_3006mW_u1_poc0p25_20x0p75NA_475s50_g70_z1_256pix_basicFLIM_120f_0011.sdt,20260509_KPC_fixed_dishes_on_SLIM::fitet-sz-c2-b5::3_KPCWTform20min_740nm_3006mW_u1_poc0p25_20x0p75NA_475s50_g70_z1_256pix_basicFLIM_120f_0011,fitet-sz-c2-b5,2,"a1, a2, chi2, photons, tau1, tau2"
3_KPCWTform20min_740nm_3006mW_u1_poc0p25_20x0p75NA_475s50_g70_z1_256pix_basicFLIM_120f_0011.sdt,20260509_KPC_fixed_dishes_on_SLIM::fitet-sz-c3-b5::3_KPCWTform20min_740nm_3006mW_u1_poc0p25_20x0p75NA_475s50_g70_z1_256pix_basicFLIM_120f_0011,fitet-sz-c3-b5,3,"a1, a2, a3, chi2, photons, tau1, tau2, tau3"
3_KPCWTform20min_740nm_3006mW_u1_poc0p25_20x0p75NA_535s50_g70_z1_256pix_basicFLIM_120f_0000.sdt,20260509_KPC_fixed_dishes_on_SLIM::fitet-sf-c2-b5::3_KPCWTform20min_740nm_3006mW_u1_poc0p25_20x0p75NA_535s50_g70_z1_256pix_basicFLIM_120f_0000,fitet-sf-c2-b5,3,"a1, a2, a3, chi2, photons, tau1, tau2, tau3"
3_KPCWTform20min_740nm_3006mW_u1_poc0p25_20x0p75NA_535s50_g70_z1_256pix_basicFLIM_120f_0000.sdt,20260509_KPC_fixed_dishes_on_SLIM::fitet-sf-c3-b5::3_KPCWTform20min_740nm_3006mW_u1_poc0p25_20x0p75NA_535s50_g70_z1_256pix_basicFLIM_120f_0000,fitet-sf-c3-b5,3,"a1, a2, a3, chi2, photons, tau1, tau2, tau3"
3_KPCWTform20min_740nm_3006mW_u1_poc0p25_20x0p75NA_535s50_g70_z1_256pix_basicFLIM_120f_0000.sdt,20260509_KPC_fixed_dishes_on_SLIM::fitet-sf-c3-t365_1982_7988-b5::3_KPCWTform20min_740nm_3006mW_u1_poc0p25_20x0p75NA_535s50_g70_z1_256pix_basicFLIM_120f_0000,fitet-sf-c3-t365_1982_7988-b5,3,"a1, a2, a3, chi2, photons, tau1, tau2, tau3"
3_KPCWTform20min_740nm_3006mW_u1_poc0p25_20x0p75NA_535s50_g70_z1_256pix_basicFLIM_120f_0000.sdt,20260509_KPC_fixed_dishes_on_SLIM::fitet-sz-c2-b5::3_KPCWTform20min_740nm_3006mW_u1_poc0p25_20x0p75NA_535s50_g70_z1_256pix_basicFLIM_120f_0000,fitet-sz-c2-b5,2,"a1, a2, chi2, photons, tau1, tau2"
3_KPCWTform20min_740nm_3006mW_u1_poc0p25_20x0p75NA_535s50_g70_z1_256pix_basicFLIM_120f_0000.sdt,20260509_KPC_fixed_dishes_on_SLIM::fitet-sz-c3-b5::3_KPCWTform20min_740nm_3006mW_u1_poc0p25_20x0p75NA_535s50_g70_z1_256pix_basicFLIM_120f_0000,fitet-sz-c3-b5,3,"a1, a2, a3, chi2, photons, tau1, tau2, tau3"
3_KPCWTform20min_740nm_3006mW_u1_poc0p25_20x0p75NA_535s50_g70_z1_256pix_basicFLIM_120f_0001.sdt,20260509_KPC_fixed_dishes_on_SLIM::fitet-sf-c2-b5::3_KPCWTform20min_740nm_3006mW_u1_poc0p25_20x0p75NA_535s50_g70_z1_256pix_basicFLIM_120f_0001,fitet-sf-c2-b5,3,"a1, a2, a3, chi2, photons, tau1, tau2, tau3"
3_KPCWTform20min_740nm_3006mW_u1_poc0p25_20x0p75NA_535s50_g70_z1_256pix_basicFLIM_120f_0001.sdt,20260509_KPC_fixed_dishes_on_SLIM::fitet-sf-c3-b5::3_KPCWTform20min_740nm_3006mW_u1_poc0p25_20x0p75NA_535s50_g70_z1_256pix_basicFLIM_120f_0001,fitet-sf-c3-b5,3,"a1, a2, a3, chi2, photons, tau1, tau2, tau3"
3_KPCWTform20min_740nm_3006mW_u1_poc0p25_20x0p75NA_535s50_g70_z1_256pix_basicFLIM_120f_0001.sdt,20260509_KPC_fixed_dishes_on_SLIM::fitet-sf-c3-t365_1982_7988-b5::3_KPCWTform20min_740nm_3006mW_u1_poc0p25_20x0p75NA_535s50_g70_z1_256pix_basicFLIM_120f_0001,fitet-sf-c3-t365_1982_7988-b5,3,"a1, a2, a3, chi2, photons, tau1, tau2, tau3"
3_KPCWTform20min_740nm_3006mW_u1_poc0p25_20x0p75NA_535s50_g70_z1_256pix_basicFLIM_120f_0001.sdt,20260509_KPC_fixed_dishes_on_SLIM::fitet-sz-c2-b5::3_KPCWTform20min_740nm_3006mW_u1_poc0p25_20x0p75NA_535s50_g70_z1_256pix_basicFLIM_120f_0001,fitet-sz-c2-b5,2,"a1, a2, chi2, photons, tau1, tau2"
3_KPCWTform20min_740nm_3006mW_u1_poc0p25_20x0p75NA_535s50_g70_z1_256pix_basicFLIM_120f_0001.sdt,20260509_KPC_fixed_dishes_on_SLIM::fitet-sz-c3-b5::3_KPCWTform20min_740nm_3006mW_u1_poc0p25_20x0p75NA_535s50_g70_z1_256pix_basicFLIM_120f_0001,fitet-sz-c3-b5,3,"a1, a2, a3, chi2, photons, tau1, tau2, tau3"
3_KPCWTform20min_740nm_3006mW_u1_poc0p25_20x0p75NA_535s50_g70_z1_256pix_basicFLIM_120f_0002.sdt,20260509_KPC_fixed_dishes_on_SLIM::fitet-sf-c2-b5::3_KPCWTform20min_740nm_3006mW_u1_poc0p25_20x0p75NA_535s50_g70_z1_256pix_basicFLIM_120f_0002,fitet-sf-c2-b5,3,"a1, a2, a3, chi2, photons, tau1, tau2, tau3"
3_KPCWTform20min_740nm_3006mW_u1_poc0p25_20x0p75NA_535s50_g70_z1_256pix_basicFLIM_120f_0002.sdt,20260509_KPC_fixed_dishes_on_SLIM::fitet-sf-c3-b5::3_KPCWTform20min_740nm_3006mW_u1_poc0p25_20x0p75NA_535s50_g70_z1_256pix_basicFLIM_120f_0002,fitet-sf-c3-b5,3,"a1, a2, a3, chi2, photons, tau1, tau2, tau3"
3_KPCWTform20min_740nm_3006mW_u1_poc0p25_20x0p75NA_535s50_g70_z1_256pix_basicFLIM_120f_0002.sdt,20260509_KPC_fixed_dishes_on_SLIM::fitet-sf-c3-t365_1982_7988-b5::3_KPCWTform20min_740nm_3006mW_u1_poc0p25_20x0p75NA_535s50_g70_z1_256pix_basicFLIM_120f_0002,fitet-sf-c3-t365_1982_7988-b5,3,"a1, a2, a3, chi2, photons, tau1, tau2, tau3"
3_KPCWTform20min_740nm_3006mW_u1_poc0p25_20x0p75NA_535s50_g70_z1_256pix_basicFLIM_120f_0002.sdt,20260509_KPC_fixed_dishes_on_SLIM::fitet-sz-c2-b5::3_KPCWTform20min_740nm_3006mW_u1_poc0p25_20x0p75NA_535s50_g70_z1_256pix_basicFLIM_120f_0002,fitet-sz-c2-b5,2,"a1, a2, chi2, photons, tau1, tau2"
3_KPCWTform20min_740nm_3006mW_u1_poc0p25_20x0p75NA_535s50_g70_z1_256pix_basicFLIM_120f_0002.sdt,20260509_KPC_fixed_dishes_on_SLIM::fitet-sz-c3-b5::3_KPCWTform20min_740nm_3006mW_u1_poc0p25_20x0p75NA_535s50_g70_z1_256pix_basicFLIM_120f_0002,fitet-sz-c3-b5,3,"a1, a2, a3, chi2, photons, tau1, tau2, tau3"
3_KPCWTform20min_740nm_3006mW_u1_poc0p25_20x0p75NA_535s50_g70_z1_256pix_basicFLIM_120f_0003.sdt,20260509_KPC_fixed_dishes_on_SLIM::fitet-sf-c2-b5::3_KPCWTform20min_740nm_3006mW_u1_poc0p25_20x0p75NA_535s50_g70_z1_256pix_basicFLIM_120f_0003,fitet-sf-c2-b5,3,"a1, a2, a3, chi2, photons, tau1, tau2, tau3"
3_KPCWTform20min_740nm_3006mW_u1_poc0p25_20x0p75NA_535s50_g70_z1_256pix_basicFLIM_120f_0003.sdt,20260509_KPC_fixed_dishes_on_SLIM::fitet-sf-c3-b5::3_KPCWTform20min_740nm_3006mW_u1_poc0p25_20x0p75NA_535s50_g70_z1_256pix_basicFLIM_120f_0003,fitet-sf-c3-b5,3,"a1, a2, a3, chi2, photons, tau1, tau2, tau3"
3_KPCWTform20min_740nm_3006mW_u1_poc0p25_20x0p75NA_535s50_g70_z1_256pix_basicFLIM_120f_0003.sdt,20260509_KPC_fixed_dishes_on_SLIM::fitet-sf-c3-t365_1982_7988-b5::3_KPCWTform20min_740nm_3006mW_u1_poc0p25_20x0p75NA_535s50_g70_z1_256pix_basicFLIM_120f_0003,fitet-sf-c3-t365_1982_7988-b5,3,"a1, a2, a3, chi2, photons, tau1, tau2, tau3"
3_KPCWTform20min_740nm_3006mW_u1_poc0p25_20x0p75NA_535s50_g70_z1_256pix_basicFLIM_120f_0003.sdt,20260509_KPC_fixed_dishes_on_SLIM::fitet-sz-c2-b5::3_KPCWTform20min_740nm_3006mW_u1_poc0p25_20x0p75NA_535s50_g70_z1_256pix_basicFLIM_120f_0003,fitet-sz-c2-b5,2,"a1, a2, chi2, photons, tau1, tau2"
3_KPCWTform20min_740nm_3006mW_u1_poc0p25_20x0p75NA_535s50_g70_z1_256pix_basicFLIM_120f_0003.sdt,20260509_KPC_fixed_dishes_on_SLIM::fitet-sz-c3-b5::3_KPCWTform20min_740nm_3006mW_u1_poc0p25_20x0p75NA_535s50_g70_z1_256pix_basicFLIM_120f_0003,fitet-sz-c3-b5,3,"a1, a2, a3, chi2, photons, tau1, tau2, tau3"
3_KPCWTform20min_740nm_3006mW_u1_poc0p25_20x0p75NA_535s50_g70_z1_256pix_basicFLIM_120f_0004.sdt,20260509_KPC_fixed_dishes_on_SLIM::fitet-sf-c2-b5::3_KPCWTform20min_740nm_3006mW_u1_poc0p25_20x0p75NA_535s50_g70_z1_256pix_basicFLIM_120f_0004,fitet-sf-c2-b5,3,"a1, a2, a3, chi2, photons, tau1, tau2, tau3"
3_KPCWTform20min_740nm_3006mW_u1_poc0p25_20x0p75NA_535s50_g70_z1_256pix_basicFLIM_120f_0004.sdt,20260509_KPC_fixed_dishes_on_SLIM::fitet-sf-c3-b5::3_KPCWTform20min_740nm_3006mW_u1_poc0p25_20x0p75NA_535s50_g70_z1_256pix_basicFLIM_120f_0004,fitet-sf-c3-b5,3,"a1, a2, a3, chi2, photons, tau1, tau2, tau3"
3_KPCWTform20min_740nm_3006mW_u1_poc0p25_20x0p75NA_535s50_g70_z1_256pix_basicFLIM_120f_0004.sdt,20260509_KPC_fixed_dishes_on_SLIM::fitet-sf-c3-t365_1982_7988-b5::3_KPCWTform20min_740nm_3006mW_u1_poc0p25_20x0p75NA_535s50_g70_z1_256pix_basicFLIM_120f_0004,fitet-sf-c3-t365_1982_7988-b5,3,"a1, a2, a3, chi2, photons, tau1, tau2, tau3"
3_KPCWTform20min_740nm_3006mW_u1_poc0p25_20x0p75NA_535s50_g70_z1_256pix_basicFLIM_120f_0004.sdt,20260509_KPC_fixed_dishes_on_SLIM::fitet-sz-c2-b5::3_KPCWTform20min_740nm_3006mW_u1_poc0p25_20x0p75NA_535s50_g70_z1_256pix_basicFLIM_120f_0004,fitet-sz-c2-b5,2,"a1, a2, chi2, photons, tau1, tau2"
3_KPCWTform20min_740nm_3006mW_u1_poc0p25_20x0p75NA_535s50_g70_z1_256pix_basicFLIM_120f_0004.sdt,20260509_KPC_fixed_dishes_on_SLIM::fitet-sz-c3-b5::3_KPCWTform20min_740nm_3006mW_u1_poc0p25_20x0p75NA_535s50_g70_z1_256pix_basicFLIM_120f_0004,fitet-sz-c3-b5,3,"a1, a2, a3, chi2, photons, tau1, tau2, tau3"
3_KPCWTform20min_740nm_3006mW_u1_poc0p25_20x0p75NA_535s50_g70_z1_256pix_basicFLIM_120f_0005.sdt,20260509_KPC_fixed_dishes_on_SLIM::fitet-sf-c2-b5::3_KPCWTform20min_740nm_3006mW_u1_poc0p25_20x0p75NA_535s50_g70_z1_256pix_basicFLIM_120f_0005,fitet-sf-c2-b5,3,"a1, a2, a3, chi2, photons, tau1, tau2, tau3"
3_KPCWTform20min_740nm_3006mW_u1_poc0p25_20x0p75NA_535s50_g70_z1_256pix_basicFLIM_120f_0005.sdt,20260509_KPC_fixed_dishes_on_SLIM::fitet-sf-c3-b5::3_KPCWTform20min_740nm_3006mW_u1_poc0p25_20x0p75NA_535s50_g70_z1_256pix_basicFLIM_120f_0005,fitet-sf-c3-b5,3,"a1, a2, a3, chi2, photons, tau1, tau2, tau3"
3_KPCWTform20min_740nm_3006mW_u1_poc0p25_20x0p75NA_535s50_g70_z1_256pix_basicFLIM_120f_0005.sdt,20260509_KPC_fixed_dishes_on_SLIM::fitet-sf-c3-t365_1982_7988-b5::3_KPCWTform20min_740nm_3006mW_u1_poc0p25_20x0p75NA_535s50_g70_z1_256pix_basicFLIM_120f_0005,fitet-sf-c3-t365_1982_7988-b5,3,"a1, a2, a3, chi2, photons, tau1, tau2, tau3"
3_KPCWTform20min_740nm_3006mW_u1_poc0p25_20x0p75NA_535s50_g70_z1_256pix_basicFLIM_120f_0005.sdt,20260509_KPC_fixed_dishes_on_SLIM::fitet-sz-c2-b5::3_KPCWTform20min_740nm_3006mW_u1_poc0p25_20x0p75NA_535s50_g70_z1_256pix_basicFLIM_120f_0005,fitet-sz-c2-b5,2,"a1, a2, chi2, photons, tau1, tau2"
3_KPCWTform20min_740nm_3006mW_u1_poc0p25_20x0p75NA_535s50_g70_z1_256pix_basicFLIM_120f_0005.sdt,20260509_KPC_fixed_dishes_on_SLIM::fitet-sz-c3-b5::3_KPCWTform20min_740nm_3006mW_u1_poc0p25_20x0p75NA_535s50_g70_z1_256pix_basicFLIM_120f_0005,fitet-sz-c3-b5,3,"a1, a2, a3, chi2, photons, tau1, tau2, tau3"
3_KPCWTform20min_740nm_3006mW_u1_poc0p25_20x0p75NA_535s50_g70_z1_256pix_basicFLIM_120f_0006.sdt,20260509_KPC_fixed_dishes_on_SLIM::fitet-sf-c2-b5::3_KPCWTform20min_740nm_3006mW_u1_poc0p25_20x0p75NA_535s50_g70_z1_256pix_basicFLIM_120f_0006,fitet-sf-c2-b5,3,"a1, a2, a3, chi2, photons, tau1, tau2, tau3"
3_KPCWTform20min_740nm_3006mW_u1_poc0p25_20x0p75NA_535s50_g70_z1_256pix_basicFLIM_120f_0006.sdt,20260509_KPC_fixed_dishes_on_SLIM::fitet-sf-c3-b5::3_KPCWTform20min_740nm_3006mW_u1_poc0p25_20x0p75NA_535s50_g70_z1_256pix_basicFLIM_120f_0006,fitet-sf-c3-b5,3,"a1, a2, a3, chi2, photons, tau1, tau2, tau3"
3_KPCWTform20min_740nm_3006mW_u1_poc0p25_20x0p75NA_535s50_g70_z1_256pix_basicFLIM_120f_0006.sdt,20260509_KPC_fixed_dishes_on_SLIM::fitet-sf-c3-t365_1982_7988-b5::3_KPCWTform20min_740nm_3006mW_u1_poc0p25_20x0p75NA_535s50_g70_z1_256pix_basicFLIM_120f_0006,fitet-sf-c3-t365_1982_7988-b5,3,"a1, a2, a3, chi2, photons, tau1, tau2, tau3"
3_KPCWTform20min_740nm_3006mW_u1_poc0p25_20x0p75NA_535s50_g70_z1_256pix_basicFLIM_120f_0006.sdt,20260509_KPC_fixed_dishes_on_SLIM::fitet-sz-c2-b5::3_KPCWTform20min_740nm_3006mW_u1_poc0p25_20x0p75NA_535s50_g70_z1_256pix_basicFLIM_120f_0006,fitet-sz-c2-b5,2,"a1, a2, chi2, photons, tau1, tau2"
3_KPCWTform20min_740nm_3006mW_u1_poc0p25_20x0p75NA_535s50_g70_z1_256pix_basicFLIM_120f_0006.sdt,20260509_KPC_fixed_dishes_on_SLIM::fitet-sz-c3-b5::3_KPCWTform20min_740nm_3006mW_u1_poc0p25_20x0p75NA_535s50_g70_z1_256pix_basicFLIM_120f_0006,fitet-sz-c3-b5,3,"a1, a2, a3, chi2, photons, tau1, tau2, tau3"
3_KPCWTform20min_740nm_3006mW_u1_poc0p25_20x0p75NA_535s50_g70_z1_256pix_basicFLIM_120f_0007.sdt,20260509_KPC_fixed_dishes_on_SLIM::fitet-sf-c2-b5::3_KPCWTform20min_740nm_3006mW_u1_poc0p25_20x0p75NA_535s50_g70_z1_256pix_basicFLIM_120f_0007,fitet-sf-c2-b5,3,"a1, a2, a3, chi2, photons, tau1, tau2, tau3"
3_KPCWTform20min_740nm_3006mW_u1_poc0p25_20x0p75NA_535s50_g70_z1_256pix_basicFLIM_120f_0007.sdt,20260509_KPC_fixed_dishes_on_SLIM::fitet-sf-c3-b5::3_KPCWTform20min_740nm_3006mW_u1_poc0p25_20x0p75NA_535s50_g70_z1_256pix_basicFLIM_120f_0007,fitet-sf-c3-b5,3,"a1, a2, a3, chi2, photons, tau1, tau2, tau3"
3_KPCWTform20min_740nm_3006mW_u1_poc0p25_20x0p75NA_535s50_g70_z1_256pix_basicFLIM_120f_0007.sdt,20260509_KPC_fixed_dishes_on_SLIM::fitet-sf-c3-t365_1982_7988-b5::3_KPCWTform20min_740nm_3006mW_u1_poc0p25_20x0p75NA_535s50_g70_z1_256pix_basicFLIM_120f_0007,fitet-sf-c3-t365_1982_7988-b5,3,"a1, a2, a3, chi2, photons, tau1, tau2, tau3"
3_KPCWTform20min_740nm_3006mW_u1_poc0p25_20x0p75NA_535s50_g70_z1_256pix_basicFLIM_120f_0007.sdt,20260509_KPC_fixed_dishes_on_SLIM::fitet-sz-c2-b5::3_KPCWTform20min_740nm_3006mW_u1_poc0p25_20x0p75NA_535s50_g70_z1_256pix_basicFLIM_120f_0007,fitet-sz-c2-b5,2,"a1, a2, chi2, photons, tau1, tau2"
3_KPCWTform20min_740nm_3006mW_u1_poc0p25_20x0p75NA_535s50_g70_z1_256pix_basicFLIM_120f_0007.sdt,20260509_KPC_fixed_dishes_on_SLIM::fitet-sz-c3-b5::3_KPCWTform20min_740nm_3006mW_u1_poc0p25_20x0p75NA_535s50_g70_z1_256pix_basicFLIM_120f_0007,fitet-sz-c3-b5,3,"a1, a2, a3, chi2, photons, tau1, tau2, tau3"
3_KPCWTform20min_740nm_3006mW_u1_poc0p25_20x0p75NA_535s50_g70_z1_256pix_basicFLIM_120f_0008.sdt,20260509_KPC_fixed_dishes_on_SLIM::fitet-sf-c2-b5::3_KPCWTform20min_740nm_3006mW_u1_poc0p25_20x0p75NA_535s50_g70_z1_256pix_basicFLIM_120f_0008,fitet-sf-c2-b5,3,"a1, a2, a3, chi2, photons, tau1, tau2, tau3"
3_KPCWTform20min_740nm_3006mW_u1_poc0p25_20x0p75NA_535s50_g70_z1_256pix_basicFLIM_120f_0008.sdt,20260509_KPC_fixed_dishes_on_SLIM::fitet-sf-c3-b5::3_KPCWTform20min_740nm_3006mW_u1_poc0p25_20x0p75NA_535s50_g70_z1_256pix_basicFLIM_120f_0008,fitet-sf-c3-b5,3,"a1, a2, a3, chi2, photons, tau1, tau2, tau3"
3_KPCWTform20min_740nm_3006mW_u1_poc0p25_20x0p75NA_535s50_g70_z1_256pix_basicFLIM_120f_0008.sdt,20260509_KPC_fixed_dishes_on_SLIM::fitet-sf-c3-t365_1982_7988-b5::3_KPCWTform20min_740nm_3006mW_u1_poc0p25_20x0p75NA_535s50_g70_z1_256pix_basicFLIM_120f_0008,fitet-sf-c3-t365_1982_7988-b5,3,"a1, a2, a3, chi2, photons, tau1, tau2, tau3"
3_KPCWTform20min_740nm_3006mW_u1_poc0p25_20x0p75NA_535s50_g70_z1_256pix_basicFLIM_120f_0008.sdt,20260509_KPC_fixed_dishes_on_SLIM::fitet-sz-c2-b5::3_KPCWTform20min_740nm_3006mW_u1_poc0p25_20x0p75NA_535s50_g70_z1_256pix_basicFLIM_120f_0008,fitet-sz-c2-b5,2,"a1, a2, chi2, photons, tau1, tau2"
3_KPCWTform20min_740nm_3006mW_u1_poc0p25_20x0p75NA_535s50_g70_z1_256pix_basicFLIM_120f_0008.sdt,20260509_KPC_fixed_dishes_on_SLIM::fitet-sz-c3-b5::3_KPCWTform20min_740nm_3006mW_u1_poc0p25_20x0p75NA_535s50_g70_z1_256pix_basicFLIM_120f_0008,fitet-sz-c3-b5,3,"a1, a2, a3, chi2, photons, tau1, tau2, tau3"
3_KPCWTform20min_740nm_3006mW_u1_poc0p25_20x0p75NA_535s50_g70_z1_256pix_basicFLIM_120f_0009.sdt,20260509_KPC_fixed_dishes_on_SLIM::fitet-sf-c2-b5::3_KPCWTform20min_740nm_3006mW_u1_poc0p25_20x0p75NA_535s50_g70_z1_256pix_basicFLIM_120f_0009,fitet-sf-c2-b5,3,"a1, a2, a3, chi2, photons, tau1, tau2, tau3"
3_KPCWTform20min_740nm_3006mW_u1_poc0p25_20x0p75NA_535s50_g70_z1_256pix_basicFLIM_120f_0009.sdt,20260509_KPC_fixed_dishes_on_SLIM::fitet-sf-c3-b5::3_KPCWTform20min_740nm_3006mW_u1_poc0p25_20x0p75NA_535s50_g70_z1_256pix_basicFLIM_120f_0009,fitet-sf-c3-b5,3,"a1, a2, a3, chi2, photons, tau1, tau2, tau3"
3_KPCWTform20min_740nm_3006mW_u1_poc0p25_20x0p75NA_535s50_g70_z1_256pix_basicFLIM_120f_0009.sdt,20260509_KPC_fixed_dishes_on_SLIM::fitet-sf-c3-t365_1982_7988-b5::3_KPCWTform20min_740nm_3006mW_u1_poc0p25_20x0p75NA_535s50_g70_z1_256pix_basicFLIM_120f_0009,fitet-sf-c3-t365_1982_7988-b5,3,"a1, a2, a3, chi2, photons, tau1, tau2, tau3"
3_KPCWTform20min_740nm_3006mW_u1_poc0p25_20x0p75NA_535s50_g70_z1_256pix_basicFLIM_120f_0009.sdt,20260509_KPC_fixed_dishes_on_SLIM::fitet-sz-c2-b5::3_KPCWTform20min_740nm_3006mW_u1_poc0p25_20x0p75NA_535s50_g70_z1_256pix_basicFLIM_120f_0009,fitet-sz-c2-b5,2,"a1, a2, chi2, photons, tau1, tau2"
3_KPCWTform20min_740nm_3006mW_u1_poc0p25_20x0p75NA_535s50_g70_z1_256pix_basicFLIM_120f_0009.sdt,20260509_KPC_fixed_dishes_on_SLIM::fitet-sz-c3-b5::3_KPCWTform20min_740nm_3006mW_u1_poc0p25_20x0p75NA_535s50_g70_z1_256pix_basicFLIM_120f_0009,fitet-sz-c3-b5,3,"a1, a2, a3, chi2, photons, tau1, tau2, tau3"
3_KPCWTform20min_740nm_3006mW_u1_poc0p25_20x0p75NA_535s50_g70_z1_256pix_basicFLIM_120f_0010.sdt,20260509_KPC_fixed_dishes_on_SLIM::fitet-sf-c2-b5::3_KPCWTform20min_740nm_3006mW_u1_poc0p25_20x0p75NA_535s50_g70_z1_256pix_basicFLIM_120f_0010,fitet-sf-c2-b5,3,"a1, a2, a3, chi2, photons, tau1, tau2, tau3"
3_KPCWTform20min_740nm_3006mW_u1_poc0p25_20x0p75NA_535s50_g70_z1_256pix_basicFLIM_120f_0010.sdt,20260509_KPC_fixed_dishes_on_SLIM::fitet-sf-c3-b5::3_KPCWTform20min_740nm_3006mW_u1_poc0p25_20x0p75NA_535s50_g70_z1_256pix_basicFLIM_120f_0010,fitet-sf-c3-b5,3,"a1, a2, a3, chi2, photons, tau1, tau2, tau3"
3_KPCWTform20min_740nm_3006mW_u1_poc0p25_20x0p75NA_535s50_g70_z1_256pix_basicFLIM_120f_0010.sdt,20260509_KPC_fixed_dishes_on_SLIM::fitet-sf-c3-t365_1982_7988-b5::3_KPCWTform20min_740nm_3006mW_u1_poc0p25_20x0p75NA_535s50_g70_z1_256pix_basicFLIM_120f_0010,fitet-sf-c3-t365_1982_7988-b5,3,"a1, a2, a3, chi2, photons, tau1, tau2, tau3"
3_KPCWTform20min_740nm_3006mW_u1_poc0p25_20x0p75NA_535s50_g70_z1_256pix_basicFLIM_120f_0010.sdt,20260509_KPC_fixed_dishes_on_SLIM::fitet-sz-c2-b5::3_KPCWTform20min_740nm_3006mW_u1_poc0p25_20x0p75NA_535s50_g70_z1_256pix_basicFLIM_120f_0010,fitet-sz-c2-b5,2,"a1, a2, chi2, photons, tau1, tau2"
3_KPCWTform20min_740nm_3006mW_u1_poc0p25_20x0p75NA_535s50_g70_z1_256pix_basicFLIM_120f_0010.sdt,20260509_KPC_fixed_dishes_on_SLIM::fitet-sz-c3-b5::3_KPCWTform20min_740nm_3006mW_u1_poc0p25_20x0p75NA_535s50_g70_z1_256pix_basicFLIM_120f_0010,fitet-sz-c3-b5,3,"a1, a2, a3, chi2, photons, tau1, tau2, tau3"
3_KPCWTform20min_740nm_3006mW_u1_poc0p25_20x0p75NA_535s50_g70_z1_256pix_basicFLIM_120f_0011.sdt,20260509_KPC_fixed_dishes_on_SLIM::fitet-sf-c2-b5::3_KPCWTform20min_740nm_3006mW_u1_poc0p25_20x0p75NA_535s50_g70_z1_256pix_basicFLIM_120f_0011,fitet-sf-c2-b5,3,"a1, a2, a3, chi2, photons, tau1, tau2, tau3"
3_KPCWTform20min_740nm_3006mW_u1_poc0p25_20x0p75NA_535s50_g70_z1_256pix_basicFLIM_120f_0011.sdt,20260509_KPC_fixed_dishes_on_SLIM::fitet-sf-c3-b5::3_KPCWTform20min_740nm_3006mW_u1_poc0p25_20x0p75NA_535s50_g70_z1_256pix_basicFLIM_120f_0011,fitet-sf-c3-b5,3,"a1, a2, a3, chi2, photons, tau1, tau2, tau3"
3_KPCWTform20min_740nm_3006mW_u1_poc0p25_20x0p75NA_535s50_g70_z1_256pix_basicFLIM_120f_0011.sdt,20260509_KPC_fixed_dishes_on_SLIM::fitet-sf-c3-t365_1982_7988-b5::3_KPCWTform20min_740nm_3006mW_u1_poc0p25_20x0p75NA_535s50_g70_z1_256pix_basicFLIM_120f_0011,fitet-sf-c3-t365_1982_7988-b5,3,"a1, a2, a3, chi2, photons, tau1, tau2, tau3"
3_KPCWTform20min_740nm_3006mW_u1_poc0p25_20x0p75NA_535s50_g70_z1_256pix_basicFLIM_120f_0011.sdt,20260509_KPC_fixed_dishes_on_SLIM::fitet-sz-c2-b5::3_KPCWTform20min_740nm_3006mW_u1_poc0p25_20x0p75NA_535s50_g70_z1_256pix_basicFLIM_120f_0011,fitet-sz-c2-b5,2,"a1, a2, chi2, photons, tau1, tau2"
3_KPCWTform20min_740nm_3006mW_u1_poc0p25_20x0p75NA_535s50_g70_z1_256pix_basicFLIM_120f_0011.sdt,20260509_KPC_fixed_dishes_on_SLIM::fitet-sz-c3-b5::3_KPCWTform20min_740nm_3006mW_u1_poc0p25_20x0p75NA_535s50_g70_z1_256pix_basicFLIM_120f_0011,fitet-sz-c3-b5,3,"a1, a2, a3, chi2, photons, tau1, tau2, tau3"
3_KPCWTform20min_740nm_3006mW_u1_poc0p6_20x0p75NA_457s50_g70_z1_256pix_basicFLIM_120f_0000.sdt,20260509_KPC_fixed_dishes_on_SLIM::fitet-sf-c2-b5::3_KPCWTform20min_740nm_3006mW_u1_poc0p6_20x0p75NA_457s50_g70_z1_256pix_basicFLIM_120f_0000,fitet-sf-c2-b5,3,"a1, a2, a3, chi2, photons, tau1, tau2, tau3"
3_KPCWTform20min_740nm_3006mW_u1_poc0p6_20x0p75NA_457s50_g70_z1_256pix_basicFLIM_120f_0000.sdt,20260509_KPC_fixed_dishes_on_SLIM::fitet-sf-c3-b5::3_KPCWTform20min_740nm_3006mW_u1_poc0p6_20x0p75NA_457s50_g70_z1_256pix_basicFLIM_120f_0000,fitet-sf-c3-b5,3,"a1, a2, a3, chi2, photons, tau1, tau2, tau3"
3_KPCWTform20min_740nm_3006mW_u1_poc0p6_20x0p75NA_457s50_g70_z1_256pix_basicFLIM_120f_0000.sdt,20260509_KPC_fixed_dishes_on_SLIM::fitet-sf-c3-t365_1982_7988-b5::3_KPCWTform20min_740nm_3006mW_u1_poc0p6_20x0p75NA_457s50_g70_z1_256pix_basicFLIM_120f_0000,fitet-sf-c3-t365_1982_7988-b5,3,"a1, a2, a3, chi2, photons, tau1, tau2, tau3"
3_KPCWTform20min_740nm_3006mW_u1_poc0p6_20x0p75NA_457s50_g70_z1_256pix_basicFLIM_120f_0000.sdt,20260509_KPC_fixed_dishes_on_SLIM::fitet-sz-c2-b5::3_KPCWTform20min_740nm_3006mW_u1_poc0p6_20x0p75NA_457s50_g70_z1_256pix_basicFLIM_120f_0000,fitet-sz-c2-b5,2,"a1, a2, chi2, photons, tau1, tau2"
3_KPCWTform20min_740nm_3006mW_u1_poc0p6_20x0p75NA_457s50_g70_z1_256pix_basicFLIM_120f_0000.sdt,20260509_KPC_fixed_dishes_on_SLIM::fitet-sz-c3-b5::3_KPCWTform20min_740nm_3006mW_u1_poc0p6_20x0p75NA_457s50_g70_z1_256pix_basicFLIM_120f_0000,fitet-sz-c3-b5,3,"a1, a2, a3, chi2, photons, tau1, tau2, tau3"
3_KPCWTform20min_740nm_3006mW_u1_poc0p6_20x0p75NA_457s50_g70_z1_256pix_basicFLIM_120f_0001.sdt,20260509_KPC_fixed_dishes_on_SLIM::fitet-sf-c2-b5::3_KPCWTform20min_740nm_3006mW_u1_poc0p6_20x0p75NA_457s50_g70_z1_256pix_basicFLIM_120f_0001,fitet-sf-c2-b5,3,"a1, a2, a3, chi2, photons, tau1, tau2, tau3"
3_KPCWTform20min_740nm_3006mW_u1_poc0p6_20x0p75NA_457s50_g70_z1_256pix_basicFLIM_120f_0001.sdt,20260509_KPC_fixed_dishes_on_SLIM::fitet-sf-c3-b5::3_KPCWTform20min_740nm_3006mW_u1_poc0p6_20x0p75NA_457s50_g70_z1_256pix_basicFLIM_120f_0001,fitet-sf-c3-b5,3,"a1, a2, a3, chi2, photons, tau1, tau2, tau3"
3_KPCWTform20min_740nm_3006mW_u1_poc0p6_20x0p75NA_457s50_g70_z1_256pix_basicFLIM_120f_0001.sdt,20260509_KPC_fixed_dishes_on_SLIM::fitet-sf-c3-t365_1982_7988-b5::3_KPCWTform20min_740nm_3006mW_u1_poc0p6_20x0p75NA_457s50_g70_z1_256pix_basicFLIM_120f_0001,fitet-sf-c3-t365_1982_7988-b5,3,"a1, a2, a3, chi2, photons, tau1, tau2, tau3"
3_KPCWTform20min_740nm_3006mW_u1_poc0p6_20x0p75NA_457s50_g70_z1_256pix_basicFLIM_120f_0001.sdt,20260509_KPC_fixed_dishes_on_SLIM::fitet-sz-c2-b5::3_KPCWTform20min_740nm_3006mW_u1_poc0p6_20x0p75NA_457s50_g70_z1_256pix_basicFLIM_120f_0001,fitet-sz-c2-b5,2,"a1, a2, chi2, photons, tau1, tau2"
3_KPCWTform20min_740nm_3006mW_u1_poc0p6_20x0p75NA_457s50_g70_z1_256pix_basicFLIM_120f_0001.sdt,20260509_KPC_fixed_dishes_on_SLIM::fitet-sz-c3-b5::3_KPCWTform20min_740nm_3006mW_u1_poc0p6_20x0p75NA_457s50_g70_z1_256pix_basicFLIM_120f_0001,fitet-sz-c3-b5,3,"a1, a2, a3, chi2, photons, tau1, tau2, tau3"
3_KPCWTform20min_740nm_3006mW_u1_poc0p6_20x0p75NA_457s50_g70_z1_256pix_basicFLIM_120f_0002.sdt,20260509_KPC_fixed_dishes_on_SLIM::fitet-sf-c2-b5::3_KPCWTform20min_740nm_3006mW_u1_poc0p6_20x0p75NA_457s50_g70_z1_256pix_basicFLIM_120f_0002,fitet-sf-c2-b5,3,"a1, a2, a3, chi2, photons, tau1, tau2, tau3"
3_KPCWTform20min_740nm_3006mW_u1_poc0p6_20x0p75NA_457s50_g70_z1_256pix_basicFLIM_120f_0002.sdt,20260509_KPC_fixed_dishes_on_SLIM::fitet-sf-c3-b5::3_KPCWTform20min_740nm_3006mW_u1_poc0p6_20x0p75NA_457s50_g70_z1_256pix_basicFLIM_120f_0002,fitet-sf-c3-b5,3,"a1, a2, a3, chi2, photons, tau1, tau2, tau3"
3_KPCWTform20min_740nm_3006mW_u1_poc0p6_20x0p75NA_457s50_g70_z1_256pix_basicFLIM_120f_0002.sdt,20260509_KPC_fixed_dishes_on_SLIM::fitet-sf-c3-t365_1982_7988-b5::3_KPCWTform20min_740nm_3006mW_u1_poc0p6_20x0p75NA_457s50_g70_z1_256pix_basicFLIM_120f_0002,fitet-sf-c3-t365_1982_7988-b5,3,"a1, a2, a3, chi2, photons, tau1, tau2, tau3"
3_KPCWTform20min_740nm_3006mW_u1_poc0p6_20x0p75NA_457s50_g70_z1_256pix_basicFLIM_120f_0002.sdt,20260509_KPC_fixed_dishes_on_SLIM::fitet-sz-c2-b5::3_KPCWTform20min_740nm_3006mW_u1_poc0p6_20x0p75NA_457s50_g70_z1_256pix_basicFLIM_120f_0002,fitet-sz-c2-b5,2,"a1, a2, chi2, photons, tau1, tau2"
3_KPCWTform20min_740nm_3006mW_u1_poc0p6_20x0p75NA_457s50_g70_z1_256pix_basicFLIM_120f_0002.sdt,20260509_KPC_fixed_dishes_on_SLIM::fitet-sz-c3-b5::3_KPCWTform20min_740nm_3006mW_u1_poc0p6_20x0p75NA_457s50_g70_z1_256pix_basicFLIM_120f_0002,fitet-sz-c3-b5,3,"a1, a2, a3, chi2, photons, tau1, tau2, tau3"
3_KPCWTform20min_740nm_3006mW_u1_poc0p6_20x0p75NA_457s50_g70_z1_256pix_basicFLIM_120f_0003.sdt,20260509_KPC_fixed_dishes_on_SLIM::fitet-sf-c2-b5::3_KPCWTform20min_740nm_3006mW_u1_poc0p6_20x0p75NA_457s50_g70_z1_256pix_basicFLIM_120f_0003,fitet-sf-c2-b5,3,"a1, a2, a3, chi2, photons, tau1, tau2, tau3"
3_KPCWTform20min_740nm_3006mW_u1_poc0p6_20x0p75NA_457s50_g70_z1_256pix_basicFLIM_120f_0003.sdt,20260509_KPC_fixed_dishes_on_SLIM::fitet-sf-c3-b5::3_KPCWTform20min_740nm_3006mW_u1_poc0p6_20x0p75NA_457s50_g70_z1_256pix_basicFLIM_120f_0003,fitet-sf-c3-b5,3,"a1, a2, a3, chi2, photons, tau1, tau2, tau3"
3_KPCWTform20min_740nm_3006mW_u1_poc0p6_20x0p75NA_457s50_g70_z1_256pix_basicFLIM_120f_0003.sdt,20260509_KPC_fixed_dishes_on_SLIM::fitet-sf-c3-t365_1982_7988-b5::3_KPCWTform20min_740nm_3006mW_u1_poc0p6_20x0p75NA_457s50_g70_z1_256pix_basicFLIM_120f_0003,fitet-sf-c3-t365_1982_7988-b5,3,"a1, a2, a3, chi2, photons, tau1, tau2, tau3"
3_KPCWTform20min_740nm_3006mW_u1_poc0p6_20x0p75NA_457s50_g70_z1_256pix_basicFLIM_120f_0003.sdt,20260509_KPC_fixed_dishes_on_SLIM::fitet-sz-c2-b5::3_KPCWTform20min_740nm_3006mW_u1_poc0p6_20x0p75NA_457s50_g70_z1_256pix_basicFLIM_120f_0003,fitet-sz-c2-b5,2,"a1, a2, chi2, photons, tau1, tau2"
3_KPCWTform20min_740nm_3006mW_u1_poc0p6_20x0p75NA_457s50_g70_z1_256pix_basicFLIM_120f_0003.sdt,20260509_KPC_fixed_dishes_on_SLIM::fitet-sz-c3-b5::3_KPCWTform20min_740nm_3006mW_u1_poc0p6_20x0p75NA_457s50_g70_z1_256pix_basicFLIM_120f_0003,fitet-sz-c3-b5,3,"a1, a2, a3, chi2, photons, tau1, tau2, tau3"
3_KPCWTform20min_740nm_3006mW_u1_poc0p6_20x0p75NA_457s50_g70_z1_256pix_basicFLIM_120f_0004.sdt,20260509_KPC_fixed_dishes_on_SLIM::fitet-sf-c2-b5::3_KPCWTform20min_740nm_3006mW_u1_poc0p6_20x0p75NA_457s50_g70_z1_256pix_basicFLIM_120f_0004,fitet-sf-c2-b5,3,"a1, a2, a3, chi2, photons, tau1, tau2, tau3"
3_KPCWTform20min_740nm_3006mW_u1_poc0p6_20x0p75NA_457s50_g70_z1_256pix_basicFLIM_120f_0004.sdt,20260509_KPC_fixed_dishes_on_SLIM::fitet-sf-c3-b5::3_KPCWTform20min_740nm_3006mW_u1_poc0p6_20x0p75NA_457s50_g70_z1_256pix_basicFLIM_120f_0004,fitet-sf-c3-b5,3,"a1, a2, a3, chi2, photons, tau1, tau2, tau3"
3_KPCWTform20min_740nm_3006mW_u1_poc0p6_20x0p75NA_457s50_g70_z1_256pix_basicFLIM_120f_0004.sdt,20260509_KPC_fixed_dishes_on_SLIM::fitet-sf-c3-t365_1982_7988-b5::3_KPCWTform20min_740nm_3006mW_u1_poc0p6_20x0p75NA_457s50_g70_z1_256pix_basicFLIM_120f_0004,fitet-sf-c3-t365_1982_7988-b5,3,"a1, a2, a3, chi2, photons, tau1, tau2, tau3"
3_KPCWTform20min_740nm_3006mW_u1_poc0p6_20x0p75NA_457s50_g70_z1_256pix_basicFLIM_120f_0004.sdt,20260509_KPC_fixed_dishes_on_SLIM::fitet-sz-c2-b5::3_KPCWTform20min_740nm_3006mW_u1_poc0p6_20x0p75NA_457s50_g70_z1_256pix_basicFLIM_120f_0004,fitet-sz-c2-b5,2,"a1, a2, chi2, photons, tau1, tau2"
3_KPCWTform20min_740nm_3006mW_u1_poc0p6_20x0p75NA_457s50_g70_z1_256pix_basicFLIM_120f_0004.sdt,20260509_KPC_fixed_dishes_on_SLIM::fitet-sz-c3-b5::3_KPCWTform20min_740nm_3006mW_u1_poc0p6_20x0p75NA_457s50_g70_z1_256pix_basicFLIM_120f_0004,fitet-sz-c3-b5,3,"a1, a2, a3, chi2, photons, tau1, tau2, tau3"
3_KPCWTform20min_740nm_3006mW_u1_poc0p6_20x0p75NA_457s50_g70_z1_256pix_basicFLIM_120f_0005.sdt,20260509_KPC_fixed_dishes_on_SLIM::fitet-sf-c2-b5::3_KPCWTform20min_740nm_3006mW_u1_poc0p6_20x0p75NA_457s50_g70_z1_256pix_basicFLIM_120f_0005,fitet-sf-c2-b5,3,"a1, a2, a3, chi2, photons, tau1, tau2, tau3"
3_KPCWTform20min_740nm_3006mW_u1_poc0p6_20x0p75NA_457s50_g70_z1_256pix_basicFLIM_120f_0005.sdt,20260509_KPC_fixed_dishes_on_SLIM::fitet-sf-c3-b5::3_KPCWTform20min_740nm_3006mW_u1_poc0p6_20x0p75NA_457s50_g70_z1_256pix_basicFLIM_120f_0005,fitet-sf-c3-b5,3,"a1, a2, a3, chi2, photons, tau1, tau2, tau3"
3_KPCWTform20min_740nm_3006mW_u1_poc0p6_20x0p75NA_457s50_g70_z1_256pix_basicFLIM_120f_0005.sdt,20260509_KPC_fixed_dishes_on_SLIM::fitet-sf-c3-t365_1982_7988-b5::3_KPCWTform20min_740nm_3006mW_u1_poc0p6_20x0p75NA_457s50_g70_z1_256pix_basicFLIM_120f_0005,fitet-sf-c3-t365_1982_7988-b5,3,"a1, a2, a3, chi2, photons, tau1, tau2, tau3"
3_KPCWTform20min_740nm_3006mW_u1_poc0p6_20x0p75NA_457s50_g70_z1_256pix_basicFLIM_120f_0005.sdt,20260509_KPC_fixed_dishes_on_SLIM::fitet-sz-c2-b5::3_KPCWTform20min_740nm_3006mW_u1_poc0p6_20x0p75NA_457s50_g70_z1_256pix_basicFLIM_120f_0005,fitet-sz-c2-b5,2,"a1, a2, chi2, photons, tau1, tau2"
3_KPCWTform20min_740nm_3006mW_u1_poc0p6_20x0p75NA_457s50_g70_z1_256pix_basicFLIM_120f_0005.sdt,20260509_KPC_fixed_dishes_on_SLIM::fitet-sz-c3-b5::3_KPCWTform20min_740nm_3006mW_u1_poc0p6_20x0p75NA_457s50_g70_z1_256pix_basicFLIM_120f_0005,fitet-sz-c3-b5,3,"a1, a2, a3, chi2, photons, tau1, tau2, tau3"
3_KPCWTform20min_740nm_3006mW_u1_poc0p6_20x0p75NA_457s50_g70_z1_256pix_basicFLIM_120f_0006.sdt,20260509_KPC_fixed_dishes_on_SLIM::fitet-sf-c2-b5::3_KPCWTform20min_740nm_3006mW_u1_poc0p6_20x0p75NA_457s50_g70_z1_256pix_basicFLIM_120f_0006,fitet-sf-c2-b5,3,"a1, a2, a3, chi2, photons, tau1, tau2, tau3"
3_KPCWTform20min_740nm_3006mW_u1_poc0p6_20x0p75NA_457s50_g70_z1_256pix_basicFLIM_120f_0006.sdt,20260509_KPC_fixed_dishes_on_SLIM::fitet-sf-c3-b5::3_KPCWTform20min_740nm_3006mW_u1_poc0p6_20x0p75NA_457s50_g70_z1_256pix_basicFLIM_120f_0006,fitet-sf-c3-b5,3,"a1, a2, a3, chi2, photons, tau1, tau2, tau3"
3_KPCWTform20min_740nm_3006mW_u1_poc0p6_20x0p75NA_457s50_g70_z1_256pix_basicFLIM_120f_0006.sdt,20260509_KPC_fixed_dishes_on_SLIM::fitet-sf-c3-t365_1982_7988-b5::3_KPCWTform20min_740nm_3006mW_u1_poc0p6_20x0p75NA_457s50_g70_z1_256pix_basicFLIM_120f_0006,fitet-sf-c3-t365_1982_7988-b5,3,"a1, a2, a3, chi2, photons, tau1, tau2, tau3"
3_KPCWTform20min_740nm_3006mW_u1_poc0p6_20x0p75NA_457s50_g70_z1_256pix_basicFLIM_120f_0006.sdt,20260509_KPC_fixed_dishes_on_SLIM::fitet-sz-c2-b5::3_KPCWTform20min_740nm_3006mW_u1_poc0p6_20x0p75NA_457s50_g70_z1_256pix_basicFLIM_120f_0006,fitet-sz-c2-b5,2,"a1, a2, chi2, photons, tau1, tau2"
3_KPCWTform20min_740nm_3006mW_u1_poc0p6_20x0p75NA_457s50_g70_z1_256pix_basicFLIM_120f_0006.sdt,20260509_KPC_fixed_dishes_on_SLIM::fitet-sz-c3-b5::3_KPCWTform20min_740nm_3006mW_u1_poc0p6_20x0p75NA_457s50_g70_z1_256pix_basicFLIM_120f_0006,fitet-sz-c3-b5,3,"a1, a2, a3, chi2, photons, tau1, tau2, tau3"
3_KPCWTform20min_740nm_3006mW_u1_poc0p6_20x0p75NA_457s50_g70_z1_256pix_basicFLIM_120f_0007.sdt,20260509_KPC_fixed_dishes_on_SLIM::fitet-sf-c2-b5::3_KPCWTform20min_740nm_3006mW_u1_poc0p6_20x0p75NA_457s50_g70_z1_256pix_basicFLIM_120f_0007,fitet-sf-c2-b5,3,"a1, a2, a3, chi2, photons, tau1, tau2, tau3"
3_KPCWTform20min_740nm_3006mW_u1_poc0p6_20x0p75NA_457s50_g70_z1_256pix_basicFLIM_120f_0007.sdt,20260509_KPC_fixed_dishes_on_SLIM::fitet-sf-c3-b5::3_KPCWTform20min_740nm_3006mW_u1_poc0p6_20x0p75NA_457s50_g70_z1_256pix_basicFLIM_120f_0007,fitet-sf-c3-b5,3,"a1, a2, a3, chi2, photons, tau1, tau2, tau3"
3_KPCWTform20min_740nm_3006mW_u1_poc0p6_20x0p75NA_457s50_g70_z1_256pix_basicFLIM_120f_0007.sdt,20260509_KPC_fixed_dishes_on_SLIM::fitet-sf-c3-t365_1982_7988-b5::3_KPCWTform20min_740nm_3006mW_u1_poc0p6_20x0p75NA_457s50_g70_z1_256pix_basicFLIM_120f_0007,fitet-sf-c3-t365_1982_7988-b5,3,"a1, a2, a3, chi2, photons, tau1, tau2, tau3"
3_KPCWTform20min_740nm_3006mW_u1_poc0p6_20x0p75NA_457s50_g70_z1_256pix_basicFLIM_120f_0007.sdt,20260509_KPC_fixed_dishes_on_SLIM::fitet-sz-c2-b5::3_KPCWTform20min_740nm_3006mW_u1_poc0p6_20x0p75NA_457s50_g70_z1_256pix_basicFLIM_120f_0007,fitet-sz-c2-b5,2,"a1, a2, chi2, photons, tau1, tau2"
3_KPCWTform20min_740nm_3006mW_u1_poc0p6_20x0p75NA_457s50_g70_z1_256pix_basicFLIM_120f_0007.sdt,20260509_KPC_fixed_dishes_on_SLIM::fitet-sz-c3-b5::3_KPCWTform20min_740nm_3006mW_u1_poc0p6_20x0p75NA_457s50_g70_z1_256pix_basicFLIM_120f_0007,fitet-sz-c3-b5,3,"a1, a2, a3, chi2, photons, tau1, tau2, tau3"
3_KPCWTform20min_740nm_3006mW_u1_poc0p6_20x0p75NA_457s50_g70_z1_256pix_basicFLIM_120f_0008.sdt,20260509_KPC_fixed_dishes_on_SLIM::fitet-sf-c2-b5::3_KPCWTform20min_740nm_3006mW_u1_poc0p6_20x0p75NA_457s50_g70_z1_256pix_basicFLIM_120f_0008,fitet-sf-c2-b5,3,"a1, a2, a3, chi2, photons, tau1, tau2, tau3"
3_KPCWTform20min_740nm_3006mW_u1_poc0p6_20x0p75NA_457s50_g70_z1_256pix_basicFLIM_120f_0008.sdt,20260509_KPC_fixed_dishes_on_SLIM::fitet-sf-c3-b5::3_KPCWTform20min_740nm_3006mW_u1_poc0p6_20x0p75NA_457s50_g70_z1_256pix_basicFLIM_120f_0008,fitet-sf-c3-b5,3,"a1, a2, a3, chi2, photons, tau1, tau2, tau3"
3_KPCWTform20min_740nm_3006mW_u1_poc0p6_20x0p75NA_457s50_g70_z1_256pix_basicFLIM_120f_0008.sdt,20260509_KPC_fixed_dishes_on_SLIM::fitet-sf-c3-t365_1982_7988-b5::3_KPCWTform20min_740nm_3006mW_u1_poc0p6_20x0p75NA_457s50_g70_z1_256pix_basicFLIM_120f_0008,fitet-sf-c3-t365_1982_7988-b5,3,"a1, a2, a3, chi2, photons, tau1, tau2, tau3"
3_KPCWTform20min_740nm_3006mW_u1_poc0p6_20x0p75NA_457s50_g70_z1_256pix_basicFLIM_120f_0008.sdt,20260509_KPC_fixed_dishes_on_SLIM::fitet-sz-c2-b5::3_KPCWTform20min_740nm_3006mW_u1_poc0p6_20x0p75NA_457s50_g70_z1_256pix_basicFLIM_120f_0008,fitet-sz-c2-b5,2,"a1, a2, chi2, photons, tau1, tau2"
3_KPCWTform20min_740nm_3006mW_u1_poc0p6_20x0p75NA_457s50_g70_z1_256pix_basicFLIM_120f_0008.sdt,20260509_KPC_fixed_dishes_on_SLIM::fitet-sz-c3-b5::3_KPCWTform20min_740nm_3006mW_u1_poc0p6_20x0p75NA_457s50_g70_z1_256pix_basicFLIM_120f_0008,fitet-sz-c3-b5,3,"a1, a2, a3, chi2, photons, tau1, tau2, tau3"
3_KPCWTform20min_740nm_3006mW_u1_poc0p6_20x0p75NA_457s50_g70_z1_256pix_basicFLIM_120f_0009.sdt,20260509_KPC_fixed_dishes_on_SLIM::fitet-sf-c2-b5::3_KPCWTform20min_740nm_3006mW_u1_poc0p6_20x0p75NA_457s50_g70_z1_256pix_basicFLIM_120f_0009,fitet-sf-c2-b5,3,"a1, a2, a3, chi2, photons, tau1, tau2, tau3"
3_KPCWTform20min_740nm_3006mW_u1_poc0p6_20x0p75NA_457s50_g70_z1_256pix_basicFLIM_120f_0009.sdt,20260509_KPC_fixed_dishes_on_SLIM::fitet-sf-c3-b5::3_KPCWTform20min_740nm_3006mW_u1_poc0p6_20x0p75NA_457s50_g70_z1_256pix_basicFLIM_120f_0009,fitet-sf-c3-b5,3,"a1, a2, a3, chi2, photons, tau1, tau2, tau3"
3_KPCWTform20min_740nm_3006mW_u1_poc0p6_20x0p75NA_457s50_g70_z1_256pix_basicFLIM_120f_0009.sdt,20260509_KPC_fixed_dishes_on_SLIM::fitet-sf-c3-t365_1982_7988-b5::3_KPCWTform20min_740nm_3006mW_u1_poc0p6_20x0p75NA_457s50_g70_z1_256pix_basicFLIM_120f_0009,fitet-sf-c3-t365_1982_7988-b5,3,"a1, a2, a3, chi2, photons, tau1, tau2, tau3"
3_KPCWTform20min_740nm_3006mW_u1_poc0p6_20x0p75NA_457s50_g70_z1_256pix_basicFLIM_120f_0009.sdt,20260509_KPC_fixed_dishes_on_SLIM::fitet-sz-c2-b5::3_KPCWTform20min_740nm_3006mW_u1_poc0p6_20x0p75NA_457s50_g70_z1_256pix_basicFLIM_120f_0009,fitet-sz-c2-b5,2,"a1, a2, chi2, photons, tau1, tau2"
3_KPCWTform20min_740nm_3006mW_u1_poc0p6_20x0p75NA_457s50_g70_z1_256pix_basicFLIM_120f_0009.sdt,20260509_KPC_fixed_dishes_on_SLIM::fitet-sz-c3-b5::3_KPCWTform20min_740nm_3006mW_u1_poc0p6_20x0p75NA_457s50_g70_z1_256pix_basicFLIM_120f_0009,fitet-sz-c3-b5,3,"a1, a2, a3, chi2, photons, tau1, tau2, tau3"
3_KPCWTform20min_740nm_3006mW_u1_poc0p6_20x0p75NA_457s50_g70_z1_256pix_basicFLIM_120f_0010.sdt,20260509_KPC_fixed_dishes_on_SLIM::fitet-sf-c2-b5::3_KPCWTform20min_740nm_3006mW_u1_poc0p6_20x0p75NA_457s50_g70_z1_256pix_basicFLIM_120f_0010,fitet-sf-c2-b5,3,"a1, a2, a3, chi2, photons, tau1, tau2, tau3"
3_KPCWTform20min_740nm_3006mW_u1_poc0p6_20x0p75NA_457s50_g70_z1_256pix_basicFLIM_120f_0010.sdt,20260509_KPC_fixed_dishes_on_SLIM::fitet-sf-c3-b5::3_KPCWTform20min_740nm_3006mW_u1_poc0p6_20x0p75NA_457s50_g70_z1_256pix_basicFLIM_120f_0010,fitet-sf-c3-b5,3,"a1, a2, a3, chi2, photons, tau1, tau2, tau3"
3_KPCWTform20min_740nm_3006mW_u1_poc0p6_20x0p75NA_457s50_g70_z1_256pix_basicFLIM_120f_0010.sdt,20260509_KPC_fixed_dishes_on_SLIM::fitet-sf-c3-t365_1982_7988-b5::3_KPCWTform20min_740nm_3006mW_u1_poc0p6_20x0p75NA_457s50_g70_z1_256pix_basicFLIM_120f_0010,fitet-sf-c3-t365_1982_7988-b5,3,"a1, a2, a3, chi2, photons, tau1, tau2, tau3"
3_KPCWTform20min_740nm_3006mW_u1_poc0p6_20x0p75NA_457s50_g70_z1_256pix_basicFLIM_120f_0010.sdt,20260509_KPC_fixed_dishes_on_SLIM::fitet-sz-c2-b5::3_KPCWTform20min_740nm_3006mW_u1_poc0p6_20x0p75NA_457s50_g70_z1_256pix_basicFLIM_120f_0010,fitet-sz-c2-b5,2,"a1, a2, chi2, photons, tau1, tau2"
3_KPCWTform20min_740nm_3006mW_u1_poc0p6_20x0p75NA_457s50_g70_z1_256pix_basicFLIM_120f_0010.sdt,20260509_KPC_fixed_dishes_on_SLIM::fitet-sz-c3-b5::3_KPCWTform20min_740nm_3006mW_u1_poc0p6_20x0p75NA_457s50_g70_z1_256pix_basicFLIM_120f_0010,fitet-sz-c3-b5,3,"a1, a2, a3, chi2, photons, tau1, tau2, tau3"
3_KPCWTform20min_740nm_3006mW_u1_poc0p6_20x0p75NA_457s50_g70_z1_256pix_basicFLIM_120f_0011.sdt,20260509_KPC_fixed_dishes_on_SLIM::fitet-sf-c2-b5::3_KPCWTform20min_740nm_3006mW_u1_poc0p6_20x0p75NA_457s50_g70_z1_256pix_basicFLIM_120f_0011,fitet-sf-c2-b5,3,"a1, a2, a3, chi2, photons, tau1, tau2, tau3"
3_KPCWTform20min_740nm_3006mW_u1_poc0p6_20x0p75NA_457s50_g70_z1_256pix_basicFLIM_120f_0011.sdt,20260509_KPC_fixed_dishes_on_SLIM::fitet-sf-c3-b5::3_KPCWTform20min_740nm_3006mW_u1_poc0p6_20x0p75NA_457s50_g70_z1_256pix_basicFLIM_120f_0011,fitet-sf-c3-b5,3,"a1, a2, a3, chi2, photons, tau1, tau2, tau3"
3_KPCWTform20min_740nm_3006mW_u1_poc0p6_20x0p75NA_457s50_g70_z1_256pix_basicFLIM_120f_0011.sdt,20260509_KPC_fixed_dishes_on_SLIM::fitet-sf-c3-t365_1982_7988-b5::3_KPCWTform20min_740nm_3006mW_u1_poc0p6_20x0p75NA_457s50_g70_z1_256pix_basicFLIM_120f_0011,fitet-sf-c3-t365_1982_7988-b5,3,"a1, a2, a3, chi2, photons, tau1, tau2, tau3"
3_KPCWTform20min_740nm_3006mW_u1_poc0p6_20x0p75NA_457s50_g70_z1_256pix_basicFLIM_120f_0011.sdt,20260509_KPC_fixed_dishes_on_SLIM::fitet-sz-c2-b5::3_KPCWTform20min_740nm_3006mW_u1_poc0p6_20x0p75NA_457s50_g70_z1_256pix_basicFLIM_120f_0011,fitet-sz-c2-b5,2,"a1, a2, chi2, photons, tau1, tau2"
3_KPCWTform20min_740nm_3006mW_u1_poc0p6_20x0p75NA_457s50_g70_z1_256pix_basicFLIM_120f_0011.sdt,20260509_KPC_fixed_dishes_on_SLIM::fitet-sz-c3-b5::3_KPCWTform20min_740nm_3006mW_u1_poc0p6_20x0p75NA_457s50_g70_z1_256pix_basicFLIM_120f_0011,fitet-sz-c3-b5,3,"a1, a2, a3, chi2, photons, tau1, tau2, tau3"
3_KPCWTform20min_740nm_3006mW_u1_poc0p6_20x0p75NA_457s50_g70_z1_256pix_basicFLIM_120f_0012.sdt,20260509_KPC_fixed_dishes_on_SLIM::fitet-sf-c2-b5::3_KPCWTform20min_740nm_3006mW_u1_poc0p6_20x0p75NA_457s50_g70_z1_256pix_basicFLIM_120f_0012,fitet-sf-c2-b5,3,"a1, a2, a3, chi2, photons, tau1, tau2, tau3"
3_KPCWTform20min_740nm_3006mW_u1_poc0p6_20x0p75NA_457s50_g70_z1_256pix_basicFLIM_120f_0012.sdt,20260509_KPC_fixed_dishes_on_SLIM::fitet-sf-c3-b5::3_KPCWTform20min_740nm_3006mW_u1_poc0p6_20x0p75NA_457s50_g70_z1_256pix_basicFLIM_120f_0012,fitet-sf-c3-b5,3,"a1, a2, a3, chi2, photons, tau1, tau2, tau3"
3_KPCWTform20min_740nm_3006mW_u1_poc0p6_20x0p75NA_457s50_g70_z1_256pix_basicFLIM_120f_0012.sdt,20260509_KPC_fixed_dishes_on_SLIM::fitet-sf-c3-t365_1982_7988-b5::3_KPCWTform20min_740nm_3006mW_u1_poc0p6_20x0p75NA_457s50_g70_z1_256pix_basicFLIM_120f_0012,fitet-sf-c3-t365_1982_7988-b5,3,"a1, a2, a3, chi2, photons, tau1, tau2, tau3"
3_KPCWTform20min_740nm_3006mW_u1_poc0p6_20x0p75NA_457s50_g70_z1_256pix_basicFLIM_120f_0012.sdt,20260509_KPC_fixed_dishes_on_SLIM::fitet-sz-c2-b5::3_KPCWTform20min_740nm_3006mW_u1_poc0p6_20x0p75NA_457s50_g70_z1_256pix_basicFLIM_120f_0012,fitet-sz-c2-b5,2,"a1, a2, chi2, photons, tau1, tau2"
3_KPCWTform20min_740nm_3006mW_u1_poc0p6_20x0p75NA_457s50_g70_z1_256pix_basicFLIM_120f_0012.sdt,20260509_KPC_fixed_dishes_on_SLIM::fitet-sz-c3-b5::3_KPCWTform20min_740nm_3006mW_u1_poc0p6_20x0p75NA_457s50_g70_z1_256pix_basicFLIM_120f_0012,fitet-sz-c3-b5,3,"a1, a2, a3, chi2, photons, tau1, tau2, tau3"
3_KPCWTform20min_740nm_3006mW_u1_poc0p6_20x0p75NA_457s50_g70_z1_256pix_basicFLIM_120f_0013.sdt,20260509_KPC_fixed_dishes_on_SLIM::fitet-sf-c2-b5::3_KPCWTform20min_740nm_3006mW_u1_poc0p6_20x0p75NA_457s50_g70_z1_256pix_basicFLIM_120f_0013,fitet-sf-c2-b5,3,"a1, a2, a3, chi2, photons, tau1, tau2, tau3"
3_KPCWTform20min_740nm_3006mW_u1_poc0p6_20x0p75NA_457s50_g70_z1_256pix_basicFLIM_120f_0013.sdt,20260509_KPC_fixed_dishes_on_SLIM::fitet-sf-c3-b5::3_KPCWTform20min_740nm_3006mW_u1_poc0p6_20x0p75NA_457s50_g70_z1_256pix_basicFLIM_120f_0013,fitet-sf-c3-b5,3,"a1, a2, a3, chi2, photons, tau1, tau2, tau3"
3_KPCWTform20min_740nm_3006mW_u1_poc0p6_20x0p75NA_457s50_g70_z1_256pix_basicFLIM_120f_0013.sdt,20260509_KPC_fixed_dishes_on_SLIM::fitet-sf-c3-t365_1982_7988-b5::3_KPCWTform20min_740nm_3006mW_u1_poc0p6_20x0p75NA_457s50_g70_z1_256pix_basicFLIM_120f_0013,fitet-sf-c3-t365_1982_7988-b5,3,"a1, a2, a3, chi2, photons, tau1, tau2, tau3"
3_KPCWTform20min_740nm_3006mW_u1_poc0p6_20x0p75NA_457s50_g70_z1_256pix_basicFLIM_120f_0013.sdt,20260509_KPC_fixed_dishes_on_SLIM::fitet-sz-c2-b5::3_KPCWTform20min_740nm_3006mW_u1_poc0p6_20x0p75NA_457s50_g70_z1_256pix_basicFLIM_120f_0013,fitet-sz-c2-b5,2,"a1, a2, chi2, photons, tau1, tau2"
3_KPCWTform20min_740nm_3006mW_u1_poc0p6_20x0p75NA_457s50_g70_z1_256pix_basicFLIM_120f_0013.sdt,20260509_KPC_fixed_dishes_on_SLIM::fitet-sz-c3-b5::3_KPCWTform20min_740nm_3006mW_u1_poc0p6_20x0p75NA_457s50_g70_z1_256pix_basicFLIM_120f_0013,fitet-sz-c3-b5,3,"a1, a2, a3, chi2, photons, tau1, tau2, tau3"
3_KPCWTform20min_740nm_3006mW_u1_poc0p6_20x0p75NA_457s50_g70_z1_256pix_basicFLIM_120f_0014.sdt,20260509_KPC_fixed_dishes_on_SLIM::fitet-sf-c2-b5::3_KPCWTform20min_740nm_3006mW_u1_poc0p6_20x0p75NA_457s50_g70_z1_256pix_basicFLIM_120f_0014,fitet-sf-c2-b5,3,"a1, a2, a3, chi2, photons, tau1, tau2, tau3"
3_KPCWTform20min_740nm_3006mW_u1_poc0p6_20x0p75NA_457s50_g70_z1_256pix_basicFLIM_120f_0014.sdt,20260509_KPC_fixed_dishes_on_SLIM::fitet-sf-c3-b5::3_KPCWTform20min_740nm_3006mW_u1_poc0p6_20x0p75NA_457s50_g70_z1_256pix_basicFLIM_120f_0014,fitet-sf-c3-b5,3,"a1, a2, a3, chi2, photons, tau1, tau2, tau3"
3_KPCWTform20min_740nm_3006mW_u1_poc0p6_20x0p75NA_457s50_g70_z1_256pix_basicFLIM_120f_0014.sdt,20260509_KPC_fixed_dishes_on_SLIM::fitet-sf-c3-t365_1982_7988-b5::3_KPCWTform20min_740nm_3006mW_u1_poc0p6_20x0p75NA_457s50_g70_z1_256pix_basicFLIM_120f_0014,fitet-sf-c3-t365_1982_7988-b5,3,"a1, a2, a3, chi2, photons, tau1, tau2, tau3"
3_KPCWTform20min_740nm_3006mW_u1_poc0p6_20x0p75NA_457s50_g70_z1_256pix_basicFLIM_120f_0014.sdt,20260509_KPC_fixed_dishes_on_SLIM::fitet-sz-c2-b5::3_KPCWTform20min_740nm_3006mW_u1_poc0p6_20x0p75NA_457s50_g70_z1_256pix_basicFLIM_120f_0014,fitet-sz-c2-b5,2,"a1, a2, chi2, photons, tau1, tau2"
3_KPCWTform20min_740nm_3006mW_u1_poc0p6_20x0p75NA_457s50_g70_z1_256pix_basicFLIM_120f_0014.sdt,20260509_KPC_fixed_dishes_on_SLIM::fitet-sz-c3-b5::3_KPCWTform20min_740nm_3006mW_u1_poc0p6_20x0p75NA_457s50_g70_z1_256pix_basicFLIM_120f_0014,fitet-sz-c3-b5,3,"a1, a2, a3, chi2, photons, tau1, tau2, tau3"
3_KPCWTform20min_740nm_3006mW_u1_poc0p6_20x0p75NA_457s50_g70_z1_256pix_basicFLIM_120f_0015.sdt,20260509_KPC_fixed_dishes_on_SLIM::fitet-sf-c2-b5::3_KPCWTform20min_740nm_3006mW_u1_poc0p6_20x0p75NA_457s50_g70_z1_256pix_basicFLIM_120f_0015,fitet-sf-c2-b5,3,"a1, a2, a3, chi2, photons, tau1, tau2, tau3"
3_KPCWTform20min_740nm_3006mW_u1_poc0p6_20x0p75NA_457s50_g70_z1_256pix_basicFLIM_120f_0015.sdt,20260509_KPC_fixed_dishes_on_SLIM::fitet-sf-c3-b5::3_KPCWTform20min_740nm_3006mW_u1_poc0p6_20x0p75NA_457s50_g70_z1_256pix_basicFLIM_120f_0015,fitet-sf-c3-b5,3,"a1, a2, a3, chi2, photons, tau1, tau2, tau3"
3_KPCWTform20min_740nm_3006mW_u1_poc0p6_20x0p75NA_457s50_g70_z1_256pix_basicFLIM_120f_0015.sdt,20260509_KPC_fixed_dishes_on_SLIM::fitet-sf-c3-t365_1982_7988-b5::3_KPCWTform20min_740nm_3006mW_u1_poc0p6_20x0p75NA_457s50_g70_z1_256pix_basicFLIM_120f_0015,fitet-sf-c3-t365_1982_7988-b5,3,"a1, a2, a3, chi2, photons, tau1, tau2, tau3"
3_KPCWTform20min_740nm_3006mW_u1_poc0p6_20x0p75NA_457s50_g70_z1_256pix_basicFLIM_120f_0015.sdt,20260509_KPC_fixed_dishes_on_SLIM::fitet-sz-c2-b5::3_KPCWTform20min_740nm_3006mW_u1_poc0p6_20x0p75NA_457s50_g70_z1_256pix_basicFLIM_120f_0015,fitet-sz-c2-b5,2,"a1, a2, chi2, photons, tau1, tau2"
3_KPCWTform20min_740nm_3006mW_u1_poc0p6_20x0p75NA_457s50_g70_z1_256pix_basicFLIM_120f_0015.sdt,20260509_KPC_fixed_dishes_on_SLIM::fitet-sz-c3-b5::3_KPCWTform20min_740nm_3006mW_u1_poc0p6_20x0p75NA_457s50_g70_z1_256pix_basicFLIM_120f_0015,fitet-sz-c3-b5,3,"a1, a2, a3, chi2, photons, tau1, tau2, tau3"
3_KPCWTform20min_740nm_3006mW_u1_poc0p6_20x0p75NA_457s50_g70_z1_256pix_basicFLIM_120f_0016.sdt,20260509_KPC_fixed_dishes_on_SLIM::fitet-sf-c2-b5::3_KPCWTform20min_740nm_3006mW_u1_poc0p6_20x0p75NA_457s50_g70_z1_256pix_basicFLIM_120f_0016,fitet-sf-c2-b5,3,"a1, a2, a3, chi2, photons, tau1, tau2, tau3"
3_KPCWTform20min_740nm_3006mW_u1_poc0p6_20x0p75NA_457s50_g70_z1_256pix_basicFLIM_120f_0016.sdt,20260509_KPC_fixed_dishes_on_SLIM::fitet-sf-c3-b5::3_KPCWTform20min_740nm_3006mW_u1_poc0p6_20x0p75NA_457s50_g70_z1_256pix_basicFLIM_120f_0016,fitet-sf-c3-b5,3,"a1, a2, a3, chi2, photons, tau1, tau2, tau3"
3_KPCWTform20min_740nm_3006mW_u1_poc0p6_20x0p75NA_457s50_g70_z1_256pix_basicFLIM_120f_0016.sdt,20260509_KPC_fixed_dishes_on_SLIM::fitet-sf-c3-t365_1982_7988-b5::3_KPCWTform20min_740nm_3006mW_u1_poc0p6_20x0p75NA_457s50_g70_z1_256pix_basicFLIM_120f_0016,fitet-sf-c3-t365_1982_7988-b5,3,"a1, a2, a3, chi2, photons, tau1, tau2, tau3"
3_KPCWTform20min_740nm_3006mW_u1_poc0p6_20x0p75NA_457s50_g70_z1_256pix_basicFLIM_120f_0016.sdt,20260509_KPC_fixed_dishes_on_SLIM::fitet-sz-c2-b5::3_KPCWTform20min_740nm_3006mW_u1_poc0p6_20x0p75NA_457s50_g70_z1_256pix_basicFLIM_120f_0016,fitet-sz-c2-b5,2,"a1, a2, chi2, photons, tau1, tau2"
3_KPCWTform20min_740nm_3006mW_u1_poc0p6_20x0p75NA_457s50_g70_z1_256pix_basicFLIM_120f_0016.sdt,20260509_KPC_fixed_dishes_on_SLIM::fitet-sz-c3-b5::3_KPCWTform20min_740nm_3006mW_u1_poc0p6_20x0p75NA_457s50_g70_z1_256pix_basicFLIM_120f_0016,fitet-sz-c3-b5,3,"a1, a2, a3, chi2, photons, tau1, tau2, tau3"
3_KPCWTform20min_740nm_3006mW_u1_poc0p6_20x0p75NA_457s50_g70_z1_256pix_basicFLIM_120f_0017.sdt,20260509_KPC_fixed_dishes_on_SLIM::fitet-sf-c2-b5::3_KPCWTform20min_740nm_3006mW_u1_poc0p6_20x0p75NA_457s50_g70_z1_256pix_basicFLIM_120f_0017,fitet-sf-c2-b5,3,"a1, a2, a3, chi2, photons, tau1, tau2, tau3"
3_KPCWTform20min_740nm_3006mW_u1_poc0p6_20x0p75NA_457s50_g70_z1_256pix_basicFLIM_120f_0017.sdt,20260509_KPC_fixed_dishes_on_SLIM::fitet-sf-c3-b5::3_KPCWTform20min_740nm_3006mW_u1_poc0p6_20x0p75NA_457s50_g70_z1_256pix_basicFLIM_120f_0017,fitet-sf-c3-b5,3,"a1, a2, a3, chi2, photons, tau1, tau2, tau3"
3_KPCWTform20min_740nm_3006mW_u1_poc0p6_20x0p75NA_457s50_g70_z1_256pix_basicFLIM_120f_0017.sdt,20260509_KPC_fixed_dishes_on_SLIM::fitet-sf-c3-t365_1982_7988-b5::3_KPCWTform20min_740nm_3006mW_u1_poc0p6_20x0p75NA_457s50_g70_z1_256pix_basicFLIM_120f_0017,fitet-sf-c3-t365_1982_7988-b5,3,"a1, a2, a3, chi2, photons, tau1, tau2, tau3"
3_KPCWTform20min_740nm_3006mW_u1_poc0p6_20x0p75NA_457s50_g70_z1_256pix_basicFLIM_120f_0017.sdt,20260509_KPC_fixed_dishes_on_SLIM::fitet-sz-c2-b5::3_KPCWTform20min_740nm_3006mW_u1_poc0p6_20x0p75NA_457s50_g70_z1_256pix_basicFLIM_120f_0017,fitet-sz-c2-b5,2,"a1, a2, chi2, photons, tau1, tau2"
3_KPCWTform20min_740nm_3006mW_u1_poc0p6_20x0p75NA_457s50_g70_z1_256pix_basicFLIM_120f_0017.sdt,20260509_KPC_fixed_dishes_on_SLIM::fitet-sz-c3-b5::3_KPCWTform20min_740nm_3006mW_u1_poc0p6_20x0p75NA_457s50_g70_z1_256pix_basicFLIM_120f_0017,fitet-sz-c3-b5,3,"a1, a2, a3, chi2, photons, tau1, tau2, tau3"
3_KPCWTform20min_740nm_3006mW_u1_poc0p6_20x0p75NA_457s50_g70_z1_256pix_basicFLIM_120f_0018.sdt,20260509_KPC_fixed_dishes_on_SLIM::fitet-sf-c2-b5::3_KPCWTform20min_740nm_3006mW_u1_poc0p6_20x0p75NA_457s50_g70_z1_256pix_basicFLIM_120f_0018,fitet-sf-c2-b5,3,"a1, a2, a3, chi2, photons, tau1, tau2, tau3"
3_KPCWTform20min_740nm_3006mW_u1_poc0p6_20x0p75NA_457s50_g70_z1_256pix_basicFLIM_120f_0018.sdt,20260509_KPC_fixed_dishes_on_SLIM::fitet-sf-c3-b5::3_KPCWTform20min_740nm_3006mW_u1_poc0p6_20x0p75NA_457s50_g70_z1_256pix_basicFLIM_120f_0018,fitet-sf-c3-b5,3,"a1, a2, a3, chi2, photons, tau1, tau2, tau3"
3_KPCWTform20min_740nm_3006mW_u1_poc0p6_20x0p75NA_457s50_g70_z1_256pix_basicFLIM_120f_0018.sdt,20260509_KPC_fixed_dishes_on_SLIM::fitet-sf-c3-t365_1982_7988-b5::3_KPCWTform20min_740nm_3006mW_u1_poc0p6_20x0p75NA_457s50_g70_z1_256pix_basicFLIM_120f_0018,fitet-sf-c3-t365_1982_7988-b5,3,"a1, a2, a3, chi2, photons, tau1, tau2, tau3"
3_KPCWTform20min_740nm_3006mW_u1_poc0p6_20x0p75NA_457s50_g70_z1_256pix_basicFLIM_120f_0018.sdt,20260509_KPC_fixed_dishes_on_SLIM::fitet-sz-c2-b5::3_KPCWTform20min_740nm_3006mW_u1_poc0p6_20x0p75NA_457s50_g70_z1_256pix_basicFLIM_120f_0018,fitet-sz-c2-b5,2,"a1, a2, chi2, photons, tau1, tau2"
3_KPCWTform20min_740nm_3006mW_u1_poc0p6_20x0p75NA_457s50_g70_z1_256pix_basicFLIM_120f_0018.sdt,20260509_KPC_fixed_dishes_on_SLIM::fitet-sz-c3-b5::3_KPCWTform20min_740nm_3006mW_u1_poc0p6_20x0p75NA_457s50_g70_z1_256pix_basicFLIM_120f_0018,fitet-sz-c3-b5,3,"a1, a2, a3, chi2, photons, tau1, tau2, tau3"
3_KPCWTform20min_740nm_3006mW_u1_poc0p6_20x0p75NA_457s50_g70_z1_256pix_basicFLIM_120f_0019.sdt,20260509_KPC_fixed_dishes_on_SLIM::fitet-sf-c2-b5::3_KPCWTform20min_740nm_3006mW_u1_poc0p6_20x0p75NA_457s50_g70_z1_256pix_basicFLIM_120f_0019,fitet-sf-c2-b5,3,"a1, a2, a3, chi2, photons, tau1, tau2, tau3"
3_KPCWTform20min_740nm_3006mW_u1_poc0p6_20x0p75NA_457s50_g70_z1_256pix_basicFLIM_120f_0019.sdt,20260509_KPC_fixed_dishes_on_SLIM::fitet-sf-c3-b5::3_KPCWTform20min_740nm_3006mW_u1_poc0p6_20x0p75NA_457s50_g70_z1_256pix_basicFLIM_120f_0019,fitet-sf-c3-b5,3,"a1, a2, a3, chi2, photons, tau1, tau2, tau3"
3_KPCWTform20min_740nm_3006mW_u1_poc0p6_20x0p75NA_457s50_g70_z1_256pix_basicFLIM_120f_0019.sdt,20260509_KPC_fixed_dishes_on_SLIM::fitet-sf-c3-t365_1982_7988-b5::3_KPCWTform20min_740nm_3006mW_u1_poc0p6_20x0p75NA_457s50_g70_z1_256pix_basicFLIM_120f_0019,fitet-sf-c3-t365_1982_7988-b5,3,"a1, a2, a3, chi2, photons, tau1, tau2, tau3"
3_KPCWTform20min_740nm_3006mW_u1_poc0p6_20x0p75NA_457s50_g70_z1_256pix_basicFLIM_120f_0019.sdt,20260509_KPC_fixed_dishes_on_SLIM::fitet-sz-c2-b5::3_KPCWTform20min_740nm_3006mW_u1_poc0p6_20x0p75NA_457s50_g70_z1_256pix_basicFLIM_120f_0019,fitet-sz-c2-b5,2,"a1, a2, chi2, photons, tau1, tau2"
3_KPCWTform20min_740nm_3006mW_u1_poc0p6_20x0p75NA_457s50_g70_z1_256pix_basicFLIM_120f_0019.sdt,20260509_KPC_fixed_dishes_on_SLIM::fitet-sz-c3-b5::3_KPCWTform20min_740nm_3006mW_u1_poc0p6_20x0p75NA_457s50_g70_z1_256pix_basicFLIM_120f_0019,fitet-sz-c3-b5,3,"a1, a2, a3, chi2, photons, tau1, tau2, tau3"
3_KPCWTform20min_740nm_3006mW_u1_poc0p6_20x0p75NA_457s50_g70_z1_256pix_basicFLIM_120f_0020.sdt,20260509_KPC_fixed_dishes_on_SLIM::fitet-sf-c2-b5::3_KPCWTform20min_740nm_3006mW_u1_poc0p6_20x0p75NA_457s50_g70_z1_256pix_basicFLIM_120f_0020,fitet-sf-c2-b5,3,"a1, a2, a3, chi2, photons, tau1, tau2, tau3"
3_KPCWTform20min_740nm_3006mW_u1_poc0p6_20x0p75NA_457s50_g70_z1_256pix_basicFLIM_120f_0020.sdt,20260509_KPC_fixed_dishes_on_SLIM::fitet-sf-c3-b5::3_KPCWTform20min_740nm_3006mW_u1_poc0p6_20x0p75NA_457s50_g70_z1_256pix_basicFLIM_120f_0020,fitet-sf-c3-b5,3,"a1, a2, a3, chi2, photons, tau1, tau2, tau3"
3_KPCWTform20min_740nm_3006mW_u1_poc0p6_20x0p75NA_457s50_g70_z1_256pix_basicFLIM_120f_0020.sdt,20260509_KPC_fixed_dishes_on_SLIM::fitet-sf-c3-t365_1982_7988-b5::3_KPCWTform20min_740nm_3006mW_u1_poc0p6_20x0p75NA_457s50_g70_z1_256pix_basicFLIM_120f_0020,fitet-sf-c3-t365_1982_7988-b5,3,"a1, a2, a3, chi2, photons, tau1, tau2, tau3"
3_KPCWTform20min_740nm_3006mW_u1_poc0p6_20x0p75NA_457s50_g70_z1_256pix_basicFLIM_120f_0020.sdt,20260509_KPC_fixed_dishes_on_SLIM::fitet-sz-c2-b5::3_KPCWTform20min_740nm_3006mW_u1_poc0p6_20x0p75NA_457s50_g70_z1_256pix_basicFLIM_120f_0020,fitet-sz-c2-b5,2,"a1, a2, chi2, photons, tau1, tau2"
3_KPCWTform20min_740nm_3006mW_u1_poc0p6_20x0p75NA_457s50_g70_z1_256pix_basicFLIM_120f_0020.sdt,20260509_KPC_fixed_dishes_on_SLIM::fitet-sz-c3-b5::3_KPCWTform20min_740nm_3006mW_u1_poc0p6_20x0p75NA_457s50_g70_z1_256pix_basicFLIM_120f_0020,fitet-sz-c3-b5,3,"a1, a2, a3, chi2, photons, tau1, tau2, tau3"
3_KPCWTform20min_740nm_3006mW_u1_poc0p6_20x0p75NA_457s50_g70_z1_256pix_basicFLIM_120f_0021.sdt,20260509_KPC_fixed_dishes_on_SLIM::fitet-sf-c2-b5::3_KPCWTform20min_740nm_3006mW_u1_poc0p6_20x0p75NA_457s50_g70_z1_256pix_basicFLIM_120f_0021,fitet-sf-c2-b5,3,"a1, a2, a3, chi2, photons, tau1, tau2, tau3"
3_KPCWTform20min_740nm_3006mW_u1_poc0p6_20x0p75NA_457s50_g70_z1_256pix_basicFLIM_120f_0021.sdt,20260509_KPC_fixed_dishes_on_SLIM::fitet-sf-c3-b5::3_KPCWTform20min_740nm_3006mW_u1_poc0p6_20x0p75NA_457s50_g70_z1_256pix_basicFLIM_120f_0021,fitet-sf-c3-b5,3,"a1, a2, a3, chi2, photons, tau1, tau2, tau3"
3_KPCWTform20min_740nm_3006mW_u1_poc0p6_20x0p75NA_457s50_g70_z1_256pix_basicFLIM_120f_0021.sdt,20260509_KPC_fixed_dishes_on_SLIM::fitet-sf-c3-t365_1982_7988-b5::3_KPCWTform20min_740nm_3006mW_u1_poc0p6_20x0p75NA_457s50_g70_z1_256pix_basicFLIM_120f_0021,fitet-sf-c3-t365_1982_7988-b5,3,"a1, a2, a3, chi2, photons, tau1, tau2, tau3"
3_KPCWTform20min_740nm_3006mW_u1_poc0p6_20x0p75NA_457s50_g70_z1_256pix_basicFLIM_120f_0021.sdt,20260509_KPC_fixed_dishes_on_SLIM::fitet-sz-c2-b5::3_KPCWTform20min_740nm_3006mW_u1_poc0p6_20x0p75NA_457s50_g70_z1_256pix_basicFLIM_120f_0021,fitet-sz-c2-b5,2,"a1, a2, chi2, photons, tau1, tau2"
3_KPCWTform20min_740nm_3006mW_u1_poc0p6_20x0p75NA_457s50_g70_z1_256pix_basicFLIM_120f_0021.sdt,20260509_KPC_fixed_dishes_on_SLIM::fitet-sz-c3-b5::3_KPCWTform20min_740nm_3006mW_u1_poc0p6_20x0p75NA_457s50_g70_z1_256pix_basicFLIM_120f_0021,fitet-sz-c3-b5,3,"a1, a2, a3, chi2, photons, tau1, tau2, tau3"
3_KPCWTform20min_740nm_3006mW_u1_poc0p6_20x0p75NA_457s50_g70_z1_256pix_basicFLIM_120f_0022.sdt,20260509_KPC_fixed_dishes_on_SLIM::fitet-sf-c2-b5::3_KPCWTform20min_740nm_3006mW_u1_poc0p6_20x0p75NA_457s50_g70_z1_256pix_basicFLIM_120f_0022,fitet-sf-c2-b5,3,"a1, a2, a3, chi2, photons, tau1, tau2, tau3"
3_KPCWTform20min_740nm_3006mW_u1_poc0p6_20x0p75NA_457s50_g70_z1_256pix_basicFLIM_120f_0022.sdt,20260509_KPC_fixed_dishes_on_SLIM::fitet-sf-c3-b5::3_KPCWTform20min_740nm_3006mW_u1_poc0p6_20x0p75NA_457s50_g70_z1_256pix_basicFLIM_120f_0022,fitet-sf-c3-b5,3,"a1, a2, a3, chi2, photons, tau1, tau2, tau3"
3_KPCWTform20min_740nm_3006mW_u1_poc0p6_20x0p75NA_457s50_g70_z1_256pix_basicFLIM_120f_0022.sdt,20260509_KPC_fixed_dishes_on_SLIM::fitet-sf-c3-t365_1982_7988-b5::3_KPCWTform20min_740nm_3006mW_u1_poc0p6_20x0p75NA_457s50_g70_z1_256pix_basicFLIM_120f_0022,fitet-sf-c3-t365_1982_7988-b5,3,"a1, a2, a3, chi2, photons, tau1, tau2, tau3"
3_KPCWTform20min_740nm_3006mW_u1_poc0p6_20x0p75NA_457s50_g70_z1_256pix_basicFLIM_120f_0022.sdt,20260509_KPC_fixed_dishes_on_SLIM::fitet-sz-c2-b5::3_KPCWTform20min_740nm_3006mW_u1_poc0p6_20x0p75NA_457s50_g70_z1_256pix_basicFLIM_120f_0022,fitet-sz-c2-b5,2,"a1, a2, chi2, photons, tau1, tau2"
3_KPCWTform20min_740nm_3006mW_u1_poc0p6_20x0p75NA_457s50_g70_z1_256pix_basicFLIM_120f_0022.sdt,20260509_KPC_fixed_dishes_on_SLIM::fitet-sz-c3-b5::3_KPCWTform20min_740nm_3006mW_u1_poc0p6_20x0p75NA_457s50_g70_z1_256pix_basicFLIM_120f_0022,fitet-sz-c3-b5,3,"a1, a2, a3, chi2, photons, tau1, tau2, tau3"
3_KPCWTform20min_740nm_3006mW_u1_poc0p6_20x0p75NA_457s50_g70_z1_256pix_basicFLIM_120f_0023.sdt,20260509_KPC_fixed_dishes_on_SLIM::fitet-sf-c2-b5::3_KPCWTform20min_740nm_3006mW_u1_poc0p6_20x0p75NA_457s50_g70_z1_256pix_basicFLIM_120f_0023,fitet-sf-c2-b5,3,"a1, a2, a3, chi2, photons, tau1, tau2, tau3"
3_KPCWTform20min_740nm_3006mW_u1_poc0p6_20x0p75NA_457s50_g70_z1_256pix_basicFLIM_120f_0023.sdt,20260509_KPC_fixed_dishes_on_SLIM::fitet-sf-c3-b5::3_KPCWTform20min_740nm_3006mW_u1_poc0p6_20x0p75NA_457s50_g70_z1_256pix_basicFLIM_120f_0023,fitet-sf-c3-b5,3,"a1, a2, a3, chi2, photons, tau1, tau2, tau3"
3_KPCWTform20min_740nm_3006mW_u1_poc0p6_20x0p75NA_457s50_g70_z1_256pix_basicFLIM_120f_0023.sdt,20260509_KPC_fixed_dishes_on_SLIM::fitet-sf-c3-t365_1982_7988-b5::3_KPCWTform20min_740nm_3006mW_u1_poc0p6_20x0p75NA_457s50_g70_z1_256pix_basicFLIM_120f_0023,fitet-sf-c3-t365_1982_7988-b5,3,"a1, a2, a3, chi2, photons, tau1, tau2, tau3"
3_KPCWTform20min_740nm_3006mW_u1_poc0p6_20x0p75NA_457s50_g70_z1_256pix_basicFLIM_120f_0023.sdt,20260509_KPC_fixed_dishes_on_SLIM::fitet-sz-c2-b5::3_KPCWTform20min_740nm_3006mW_u1_poc0p6_20x0p75NA_457s50_g70_z1_256pix_basicFLIM_120f_0023,fitet-sz-c2-b5,2,"a1, a2, chi2, photons, tau1, tau2"
3_KPCWTform20min_740nm_3006mW_u1_poc0p6_20x0p75NA_457s50_g70_z1_256pix_basicFLIM_120f_0023.sdt,20260509_KPC_fixed_dishes_on_SLIM::fitet-sz-c3-b5::3_KPCWTform20min_740nm_3006mW_u1_poc0p6_20x0p75NA_457s50_g70_z1_256pix_basicFLIM_120f_0023,fitet-sz-c3-b5,3,"a1, a2, a3, chi2, photons, tau1, tau2, tau3"
4_BKOCO2form20min_740nm_2995mW_u1_poc0p25_20x0p75NA_457s50_g70_z1_256pix_basicFLIM_120f_0000.sdt,20260509_KPC_fixed_dishes_on_SLIM::fitet-sf-c2-b5::4_BKOCO2form20min_740nm_2995mW_u1_poc0p25_20x0p75NA_457s50_g70_z1_256pix_basicFLIM_120f_0000,fitet-sf-c2-b5,3,"a1, a2, a3, chi2, photons, tau1, tau2, tau3"
4_BKOCO2form20min_740nm_2995mW_u1_poc0p25_20x0p75NA_457s50_g70_z1_256pix_basicFLIM_120f_0000.sdt,20260509_KPC_fixed_dishes_on_SLIM::fitet-sf-c3-b5::4_BKOCO2form20min_740nm_2995mW_u1_poc0p25_20x0p75NA_457s50_g70_z1_256pix_basicFLIM_120f_0000,fitet-sf-c3-b5,3,"a1, a2, a3, chi2, photons, tau1, tau2, tau3"
4_BKOCO2form20min_740nm_2995mW_u1_poc0p25_20x0p75NA_457s50_g70_z1_256pix_basicFLIM_120f_0000.sdt,20260509_KPC_fixed_dishes_on_SLIM::fitet-sf-c3-t365_1982_7988-b5::4_BKOCO2form20min_740nm_2995mW_u1_poc0p25_20x0p75NA_457s50_g70_z1_256pix_basicFLIM_120f_0000,fitet-sf-c3-t365_1982_7988-b5,3,"a1, a2, a3, chi2, photons, tau1, tau2, tau3"
4_BKOCO2form20min_740nm_2995mW_u1_poc0p25_20x0p75NA_457s50_g70_z1_256pix_basicFLIM_120f_0000.sdt,20260509_KPC_fixed_dishes_on_SLIM::fitet-sz-c2-b5::4_BKOCO2form20min_740nm_2995mW_u1_poc0p25_20x0p75NA_457s50_g70_z1_256pix_basicFLIM_120f_0000,fitet-sz-c2-b5,2,"a1, a2, chi2, photons, tau1, tau2"
4_BKOCO2form20min_740nm_2995mW_u1_poc0p25_20x0p75NA_457s50_g70_z1_256pix_basicFLIM_120f_0000.sdt,20260509_KPC_fixed_dishes_on_SLIM::fitet-sz-c3-b5::4_BKOCO2form20min_740nm_2995mW_u1_poc0p25_20x0p75NA_457s50_g70_z1_256pix_basicFLIM_120f_0000,fitet-sz-c3-b5,3,"a1, a2, a3, chi2, photons, tau1, tau2, tau3"
4_BKOCO2form20min_740nm_2995mW_u1_poc0p25_20x0p75NA_457s50_g70_z1_256pix_basicFLIM_120f_0001.sdt,20260509_KPC_fixed_dishes_on_SLIM::fitet-sf-c2-b5::4_BKOCO2form20min_740nm_2995mW_u1_poc0p25_20x0p75NA_457s50_g70_z1_256pix_basicFLIM_120f_0001,fitet-sf-c2-b5,3,"a1, a2, a3, chi2, photons, tau1, tau2, tau3"
4_BKOCO2form20min_740nm_2995mW_u1_poc0p25_20x0p75NA_457s50_g70_z1_256pix_basicFLIM_120f_0001.sdt,20260509_KPC_fixed_dishes_on_SLIM::fitet-sf-c3-b5::4_BKOCO2form20min_740nm_2995mW_u1_poc0p25_20x0p75NA_457s50_g70_z1_256pix_basicFLIM_120f_0001,fitet-sf-c3-b5,3,"a1, a2, a3, chi2, photons, tau1, tau2, tau3"
4_BKOCO2form20min_740nm_2995mW_u1_poc0p25_20x0p75NA_457s50_g70_z1_256pix_basicFLIM_120f_0001.sdt,20260509_KPC_fixed_dishes_on_SLIM::fitet-sf-c3-t365_1982_7988-b5::4_BKOCO2form20min_740nm_2995mW_u1_poc0p25_20x0p75NA_457s50_g70_z1_256pix_basicFLIM_120f_0001,fitet-sf-c3-t365_1982_7988-b5,3,"a1, a2, a3, chi2, photons, tau1, tau2, tau3"
4_BKOCO2form20min_740nm_2995mW_u1_poc0p25_20x0p75NA_457s50_g70_z1_256pix_basicFLIM_120f_0001.sdt,20260509_KPC_fixed_dishes_on_SLIM::fitet-sz-c2-b5::4_BKOCO2form20min_740nm_2995mW_u1_poc0p25_20x0p75NA_457s50_g70_z1_256pix_basicFLIM_120f_0001,fitet-sz-c2-b5,2,"a1, a2, chi2, photons, tau1, tau2"
4_BKOCO2form20min_740nm_2995mW_u1_poc0p25_20x0p75NA_457s50_g70_z1_256pix_basicFLIM_120f_0001.sdt,20260509_KPC_fixed_dishes_on_SLIM::fitet-sz-c3-b5::4_BKOCO2form20min_740nm_2995mW_u1_poc0p25_20x0p75NA_457s50_g70_z1_256pix_basicFLIM_120f_0001,fitet-sz-c3-b5,3,"a1, a2, a3, chi2, photons, tau1, tau2, tau3"
4_BKOCO2form20min_740nm_2995mW_u1_poc0p25_20x0p75NA_457s50_g70_z1_256pix_basicFLIM_120f_0002.sdt,20260509_KPC_fixed_dishes_on_SLIM::fitet-sf-c2-b5::4_BKOCO2form20min_740nm_2995mW_u1_poc0p25_20x0p75NA_457s50_g70_z1_256pix_basicFLIM_120f_0002,fitet-sf-c2-b5,3,"a1, a2, a3, chi2, photons, tau1, tau2, tau3"
4_BKOCO2form20min_740nm_2995mW_u1_poc0p25_20x0p75NA_457s50_g70_z1_256pix_basicFLIM_120f_0002.sdt,20260509_KPC_fixed_dishes_on_SLIM::fitet-sf-c3-b5::4_BKOCO2form20min_740nm_2995mW_u1_poc0p25_20x0p75NA_457s50_g70_z1_256pix_basicFLIM_120f_0002,fitet-sf-c3-b5,3,"a1, a2, a3, chi2, photons, tau1, tau2, tau3"
4_BKOCO2form20min_740nm_2995mW_u1_poc0p25_20x0p75NA_457s50_g70_z1_256pix_basicFLIM_120f_0002.sdt,20260509_KPC_fixed_dishes_on_SLIM::fitet-sf-c3-t365_1982_7988-b5::4_BKOCO2form20min_740nm_2995mW_u1_poc0p25_20x0p75NA_457s50_g70_z1_256pix_basicFLIM_120f_0002,fitet-sf-c3-t365_1982_7988-b5,3,"a1, a2, a3, chi2, photons, tau1, tau2, tau3"
4_BKOCO2form20min_740nm_2995mW_u1_poc0p25_20x0p75NA_457s50_g70_z1_256pix_basicFLIM_120f_0002.sdt,20260509_KPC_fixed_dishes_on_SLIM::fitet-sz-c2-b5::4_BKOCO2form20min_740nm_2995mW_u1_poc0p25_20x0p75NA_457s50_g70_z1_256pix_basicFLIM_120f_0002,fitet-sz-c2-b5,2,"a1, a2, chi2, photons, tau1, tau2"
4_BKOCO2form20min_740nm_2995mW_u1_poc0p25_20x0p75NA_457s50_g70_z1_256pix_basicFLIM_120f_0002.sdt,20260509_KPC_fixed_dishes_on_SLIM::fitet-sz-c3-b5::4_BKOCO2form20min_740nm_2995mW_u1_poc0p25_20x0p75NA_457s50_g70_z1_256pix_basicFLIM_120f_0002,fitet-sz-c3-b5,3,"a1, a2, a3, chi2, photons, tau1, tau2, tau3"
4_BKOCO2form20min_740nm_2995mW_u1_poc0p25_20x0p75NA_457s50_g70_z1_256pix_basicFLIM_120f_0003.sdt,20260509_KPC_fixed_dishes_on_SLIM::fitet-sf-c2-b5::4_BKOCO2form20min_740nm_2995mW_u1_poc0p25_20x0p75NA_457s50_g70_z1_256pix_basicFLIM_120f_0003,fitet-sf-c2-b5,3,"a1, a2, a3, chi2, photons, tau1, tau2, tau3"
4_BKOCO2form20min_740nm_2995mW_u1_poc0p25_20x0p75NA_457s50_g70_z1_256pix_basicFLIM_120f_0003.sdt,20260509_KPC_fixed_dishes_on_SLIM::fitet-sf-c3-b5::4_BKOCO2form20min_740nm_2995mW_u1_poc0p25_20x0p75NA_457s50_g70_z1_256pix_basicFLIM_120f_0003,fitet-sf-c3-b5,3,"a1, a2, a3, chi2, photons, tau1, tau2, tau3"
4_BKOCO2form20min_740nm_2995mW_u1_poc0p25_20x0p75NA_457s50_g70_z1_256pix_basicFLIM_120f_0003.sdt,20260509_KPC_fixed_dishes_on_SLIM::fitet-sf-c3-t365_1982_7988-b5::4_BKOCO2form20min_740nm_2995mW_u1_poc0p25_20x0p75NA_457s50_g70_z1_256pix_basicFLIM_120f_0003,fitet-sf-c3-t365_1982_7988-b5,3,"a1, a2, a3, chi2, photons, tau1, tau2, tau3"
4_BKOCO2form20min_740nm_2995mW_u1_poc0p25_20x0p75NA_457s50_g70_z1_256pix_basicFLIM_120f_0003.sdt,20260509_KPC_fixed_dishes_on_SLIM::fitet-sz-c2-b5::4_BKOCO2form20min_740nm_2995mW_u1_poc0p25_20x0p75NA_457s50_g70_z1_256pix_basicFLIM_120f_0003,fitet-sz-c2-b5,2,"a1, a2, chi2, photons, tau1, tau2"
4_BKOCO2form20min_740nm_2995mW_u1_poc0p25_20x0p75NA_457s50_g70_z1_256pix_basicFLIM_120f_0003.sdt,20260509_KPC_fixed_dishes_on_SLIM::fitet-sz-c3-b5::4_BKOCO2form20min_740nm_2995mW_u1_poc0p25_20x0p75NA_457s50_g70_z1_256pix_basicFLIM_120f_0003,fitet-sz-c3-b5,3,"a1, a2, a3, chi2, photons, tau1, tau2, tau3"
4_BKOCO2form20min_740nm_2995mW_u1_poc0p25_20x0p75NA_457s50_g70_z1_256pix_basicFLIM_120f_0004.sdt,20260509_KPC_fixed_dishes_on_SLIM::fitet-sf-c2-b5::4_BKOCO2form20min_740nm_2995mW_u1_poc0p25_20x0p75NA_457s50_g70_z1_256pix_basicFLIM_120f_0004,fitet-sf-c2-b5,3,"a1, a2, a3, chi2, photons, tau1, tau2, tau3"
4_BKOCO2form20min_740nm_2995mW_u1_poc0p25_20x0p75NA_457s50_g70_z1_256pix_basicFLIM_120f_0004.sdt,20260509_KPC_fixed_dishes_on_SLIM::fitet-sf-c3-b5::4_BKOCO2form20min_740nm_2995mW_u1_poc0p25_20x0p75NA_457s50_g70_z1_256pix_basicFLIM_120f_0004,fitet-sf-c3-b5,3,"a1, a2, a3, chi2, photons, tau1, tau2, tau3"
4_BKOCO2form20min_740nm_2995mW_u1_poc0p25_20x0p75NA_457s50_g70_z1_256pix_basicFLIM_120f_0004.sdt,20260509_KPC_fixed_dishes_on_SLIM::fitet-sf-c3-t365_1982_7988-b5::4_BKOCO2form20min_740nm_2995mW_u1_poc0p25_20x0p75NA_457s50_g70_z1_256pix_basicFLIM_120f_0004,fitet-sf-c3-t365_1982_7988-b5,3,"a1, a2, a3, chi2, photons, tau1, tau2, tau3"
4_BKOCO2form20min_740nm_2995mW_u1_poc0p25_20x0p75NA_457s50_g70_z1_256pix_basicFLIM_120f_0004.sdt,20260509_KPC_fixed_dishes_on_SLIM::fitet-sz-c2-b5::4_BKOCO2form20min_740nm_2995mW_u1_poc0p25_20x0p75NA_457s50_g70_z1_256pix_basicFLIM_120f_0004,fitet-sz-c2-b5,2,"a1, a2, chi2, photons, tau1, tau2"
4_BKOCO2form20min_740nm_2995mW_u1_poc0p25_20x0p75NA_457s50_g70_z1_256pix_basicFLIM_120f_0004.sdt,20260509_KPC_fixed_dishes_on_SLIM::fitet-sz-c3-b5::4_BKOCO2form20min_740nm_2995mW_u1_poc0p25_20x0p75NA_457s50_g70_z1_256pix_basicFLIM_120f_0004,fitet-sz-c3-b5,3,"a1, a2, a3, chi2, photons, tau1, tau2, tau3"
4_BKOCO2form20min_740nm_2995mW_u1_poc0p25_20x0p75NA_457s50_g70_z1_256pix_basicFLIM_120f_0005.sdt,20260509_KPC_fixed_dishes_on_SLIM::fitet-sf-c2-b5::4_BKOCO2form20min_740nm_2995mW_u1_poc0p25_20x0p75NA_457s50_g70_z1_256pix_basicFLIM_120f_0005,fitet-sf-c2-b5,3,"a1, a2, a3, chi2, photons, tau1, tau2, tau3"
4_BKOCO2form20min_740nm_2995mW_u1_poc0p25_20x0p75NA_457s50_g70_z1_256pix_basicFLIM_120f_0005.sdt,20260509_KPC_fixed_dishes_on_SLIM::fitet-sf-c3-b5::4_BKOCO2form20min_740nm_2995mW_u1_poc0p25_20x0p75NA_457s50_g70_z1_256pix_basicFLIM_120f_0005,fitet-sf-c3-b5,3,"a1, a2, a3, chi2, photons, tau1, tau2, tau3"
4_BKOCO2form20min_740nm_2995mW_u1_poc0p25_20x0p75NA_457s50_g70_z1_256pix_basicFLIM_120f_0005.sdt,20260509_KPC_fixed_dishes_on_SLIM::fitet-sf-c3-t365_1982_7988-b5::4_BKOCO2form20min_740nm_2995mW_u1_poc0p25_20x0p75NA_457s50_g70_z1_256pix_basicFLIM_120f_0005,fitet-sf-c3-t365_1982_7988-b5,3,"a1, a2, a3, chi2, photons, tau1, tau2, tau3"
4_BKOCO2form20min_740nm_2995mW_u1_poc0p25_20x0p75NA_457s50_g70_z1_256pix_basicFLIM_120f_0005.sdt,20260509_KPC_fixed_dishes_on_SLIM::fitet-sz-c2-b5::4_BKOCO2form20min_740nm_2995mW_u1_poc0p25_20x0p75NA_457s50_g70_z1_256pix_basicFLIM_120f_0005,fitet-sz-c2-b5,2,"a1, a2, chi2, photons, tau1, tau2"
4_BKOCO2form20min_740nm_2995mW_u1_poc0p25_20x0p75NA_457s50_g70_z1_256pix_basicFLIM_120f_0005.sdt,20260509_KPC_fixed_dishes_on_SLIM::fitet-sz-c3-b5::4_BKOCO2form20min_740nm_2995mW_u1_poc0p25_20x0p75NA_457s50_g70_z1_256pix_basicFLIM_120f_0005,fitet-sz-c3-b5,3,"a1, a2, a3, chi2, photons, tau1, tau2, tau3"
4_BKOCO2form20min_740nm_2995mW_u1_poc0p25_20x0p75NA_457s50_g70_z1_256pix_basicFLIM_120f_0006.sdt,20260509_KPC_fixed_dishes_on_SLIM::fitet-sf-c2-b5::4_BKOCO2form20min_740nm_2995mW_u1_poc0p25_20x0p75NA_457s50_g70_z1_256pix_basicFLIM_120f_0006,fitet-sf-c2-b5,3,"a1, a2, a3, chi2, photons, tau1, tau2, tau3"
4_BKOCO2form20min_740nm_2995mW_u1_poc0p25_20x0p75NA_457s50_g70_z1_256pix_basicFLIM_120f_0006.sdt,20260509_KPC_fixed_dishes_on_SLIM::fitet-sf-c3-b5::4_BKOCO2form20min_740nm_2995mW_u1_poc0p25_20x0p75NA_457s50_g70_z1_256pix_basicFLIM_120f_0006,fitet-sf-c3-b5,3,"a1, a2, a3, chi2, photons, tau1, tau2, tau3"
4_BKOCO2form20min_740nm_2995mW_u1_poc0p25_20x0p75NA_457s50_g70_z1_256pix_basicFLIM_120f_0006.sdt,20260509_KPC_fixed_dishes_on_SLIM::fitet-sf-c3-t365_1982_7988-b5::4_BKOCO2form20min_740nm_2995mW_u1_poc0p25_20x0p75NA_457s50_g70_z1_256pix_basicFLIM_120f_0006,fitet-sf-c3-t365_1982_7988-b5,3,"a1, a2, a3, chi2, photons, tau1, tau2, tau3"
4_BKOCO2form20min_740nm_2995mW_u1_poc0p25_20x0p75NA_457s50_g70_z1_256pix_basicFLIM_120f_0006.sdt,20260509_KPC_fixed_dishes_on_SLIM::fitet-sz-c2-b5::4_BKOCO2form20min_740nm_2995mW_u1_poc0p25_20x0p75NA_457s50_g70_z1_256pix_basicFLIM_120f_0006,fitet-sz-c2-b5,2,"a1, a2, chi2, photons, tau1, tau2"
4_BKOCO2form20min_740nm_2995mW_u1_poc0p25_20x0p75NA_457s50_g70_z1_256pix_basicFLIM_120f_0006.sdt,20260509_KPC_fixed_dishes_on_SLIM::fitet-sz-c3-b5::4_BKOCO2form20min_740nm_2995mW_u1_poc0p25_20x0p75NA_457s50_g70_z1_256pix_basicFLIM_120f_0006,fitet-sz-c3-b5,3,"a1, a2, a3, chi2, photons, tau1, tau2, tau3"
4_BKOCO2form20min_740nm_2995mW_u1_poc0p25_20x0p75NA_457s50_g70_z1_256pix_basicFLIM_120f_0007.sdt,20260509_KPC_fixed_dishes_on_SLIM::fitet-sf-c2-b5::4_BKOCO2form20min_740nm_2995mW_u1_poc0p25_20x0p75NA_457s50_g70_z1_256pix_basicFLIM_120f_0007,fitet-sf-c2-b5,3,"a1, a2, a3, chi2, photons, tau1, tau2, tau3"
4_BKOCO2form20min_740nm_2995mW_u1_poc0p25_20x0p75NA_457s50_g70_z1_256pix_basicFLIM_120f_0007.sdt,20260509_KPC_fixed_dishes_on_SLIM::fitet-sf-c3-b5::4_BKOCO2form20min_740nm_2995mW_u1_poc0p25_20x0p75NA_457s50_g70_z1_256pix_basicFLIM_120f_0007,fitet-sf-c3-b5,3,"a1, a2, a3, chi2, photons, tau1, tau2, tau3"
4_BKOCO2form20min_740nm_2995mW_u1_poc0p25_20x0p75NA_457s50_g70_z1_256pix_basicFLIM_120f_0007.sdt,20260509_KPC_fixed_dishes_on_SLIM::fitet-sf-c3-t365_1982_7988-b5::4_BKOCO2form20min_740nm_2995mW_u1_poc0p25_20x0p75NA_457s50_g70_z1_256pix_basicFLIM_120f_0007,fitet-sf-c3-t365_1982_7988-b5,3,"a1, a2, a3, chi2, photons, tau1, tau2, tau3"
4_BKOCO2form20min_740nm_2995mW_u1_poc0p25_20x0p75NA_457s50_g70_z1_256pix_basicFLIM_120f_0007.sdt,20260509_KPC_fixed_dishes_on_SLIM::fitet-sz-c2-b5::4_BKOCO2form20min_740nm_2995mW_u1_poc0p25_20x0p75NA_457s50_g70_z1_256pix_basicFLIM_120f_0007,fitet-sz-c2-b5,2,"a1, a2, chi2, photons, tau1, tau2"
4_BKOCO2form20min_740nm_2995mW_u1_poc0p25_20x0p75NA_457s50_g70_z1_256pix_basicFLIM_120f_0007.sdt,20260509_KPC_fixed_dishes_on_SLIM::fitet-sz-c3-b5::4_BKOCO2form20min_740nm_2995mW_u1_poc0p25_20x0p75NA_457s50_g70_z1_256pix_basicFLIM_120f_0007,fitet-sz-c3-b5,3,"a1, a2, a3, chi2, photons, tau1, tau2, tau3"
4_BKOCO2form20min_740nm_2995mW_u1_poc0p25_20x0p75NA_457s50_g70_z1_256pix_basicFLIM_120f_0008.sdt,20260509_KPC_fixed_dishes_on_SLIM::fitet-sf-c2-b5::4_BKOCO2form20min_740nm_2995mW_u1_poc0p25_20x0p75NA_457s50_g70_z1_256pix_basicFLIM_120f_0008,fitet-sf-c2-b5,3,"a1, a2, a3, chi2, photons, tau1, tau2, tau3"
4_BKOCO2form20min_740nm_2995mW_u1_poc0p25_20x0p75NA_457s50_g70_z1_256pix_basicFLIM_120f_0008.sdt,20260509_KPC_fixed_dishes_on_SLIM::fitet-sf-c3-b5::4_BKOCO2form20min_740nm_2995mW_u1_poc0p25_20x0p75NA_457s50_g70_z1_256pix_basicFLIM_120f_0008,fitet-sf-c3-b5,3,"a1, a2, a3, chi2, photons, tau1, tau2, tau3"
4_BKOCO2form20min_740nm_2995mW_u1_poc0p25_20x0p75NA_457s50_g70_z1_256pix_basicFLIM_120f_0008.sdt,20260509_KPC_fixed_dishes_on_SLIM::fitet-sf-c3-t365_1982_7988-b5::4_BKOCO2form20min_740nm_2995mW_u1_poc0p25_20x0p75NA_457s50_g70_z1_256pix_basicFLIM_120f_0008,fitet-sf-c3-t365_1982_7988-b5,3,"a1, a2, a3, chi2, photons, tau1, tau2, tau3"
4_BKOCO2form20min_740nm_2995mW_u1_poc0p25_20x0p75NA_457s50_g70_z1_256pix_basicFLIM_120f_0008.sdt,20260509_KPC_fixed_dishes_on_SLIM::fitet-sz-c2-b5::4_BKOCO2form20min_740nm_2995mW_u1_poc0p25_20x0p75NA_457s50_g70_z1_256pix_basicFLIM_120f_0008,fitet-sz-c2-b5,2,"a1, a2, chi2, photons, tau1, tau2"
4_BKOCO2form20min_740nm_2995mW_u1_poc0p25_20x0p75NA_457s50_g70_z1_256pix_basicFLIM_120f_0008.sdt,20260509_KPC_fixed_dishes_on_SLIM::fitet-sz-c3-b5::4_BKOCO2form20min_740nm_2995mW_u1_poc0p25_20x0p75NA_457s50_g70_z1_256pix_basicFLIM_120f_0008,fitet-sz-c3-b5,3,"a1, a2, a3, chi2, photons, tau1, tau2, tau3"
4_BKOCO2form20min_740nm_2995mW_u1_poc0p25_20x0p75NA_457s50_g70_z1_256pix_basicFLIM_120f_0009.sdt,20260509_KPC_fixed_dishes_on_SLIM::fitet-sf-c2-b5::4_BKOCO2form20min_740nm_2995mW_u1_poc0p25_20x0p75NA_457s50_g70_z1_256pix_basicFLIM_120f_0009,fitet-sf-c2-b5,3,"a1, a2, a3, chi2, photons, tau1, tau2, tau3"
4_BKOCO2form20min_740nm_2995mW_u1_poc0p25_20x0p75NA_457s50_g70_z1_256pix_basicFLIM_120f_0009.sdt,20260509_KPC_fixed_dishes_on_SLIM::fitet-sf-c3-b5::4_BKOCO2form20min_740nm_2995mW_u1_poc0p25_20x0p75NA_457s50_g70_z1_256pix_basicFLIM_120f_0009,fitet-sf-c3-b5,3,"a1, a2, a3, chi2, photons, tau1, tau2, tau3"
4_BKOCO2form20min_740nm_2995mW_u1_poc0p25_20x0p75NA_457s50_g70_z1_256pix_basicFLIM_120f_0009.sdt,20260509_KPC_fixed_dishes_on_SLIM::fitet-sf-c3-t365_1982_7988-b5::4_BKOCO2form20min_740nm_2995mW_u1_poc0p25_20x0p75NA_457s50_g70_z1_256pix_basicFLIM_120f_0009,fitet-sf-c3-t365_1982_7988-b5,3,"a1, a2, a3, chi2, photons, tau1, tau2, tau3"
4_BKOCO2form20min_740nm_2995mW_u1_poc0p25_20x0p75NA_457s50_g70_z1_256pix_basicFLIM_120f_0009.sdt,20260509_KPC_fixed_dishes_on_SLIM::fitet-sz-c2-b5::4_BKOCO2form20min_740nm_2995mW_u1_poc0p25_20x0p75NA_457s50_g70_z1_256pix_basicFLIM_120f_0009,fitet-sz-c2-b5,2,"a1, a2, chi2, photons, tau1, tau2"
4_BKOCO2form20min_740nm_2995mW_u1_poc0p25_20x0p75NA_457s50_g70_z1_256pix_basicFLIM_120f_0009.sdt,20260509_KPC_fixed_dishes_on_SLIM::fitet-sz-c3-b5::4_BKOCO2form20min_740nm_2995mW_u1_poc0p25_20x0p75NA_457s50_g70_z1_256pix_basicFLIM_120f_0009,fitet-sz-c3-b5,3,"a1, a2, a3, chi2, photons, tau1, tau2, tau3"
4_BKOCO2form20min_740nm_2995mW_u1_poc0p25_20x0p75NA_457s50_g70_z1_256pix_basicFLIM_120f_0010.sdt,20260509_KPC_fixed_dishes_on_SLIM::fitet-sf-c2-b5::4_BKOCO2form20min_740nm_2995mW_u1_poc0p25_20x0p75NA_457s50_g70_z1_256pix_basicFLIM_120f_0010,fitet-sf-c2-b5,3,"a1, a2, a3, chi2, photons, tau1, tau2, tau3"
4_BKOCO2form20min_740nm_2995mW_u1_poc0p25_20x0p75NA_457s50_g70_z1_256pix_basicFLIM_120f_0010.sdt,20260509_KPC_fixed_dishes_on_SLIM::fitet-sf-c3-b5::4_BKOCO2form20min_740nm_2995mW_u1_poc0p25_20x0p75NA_457s50_g70_z1_256pix_basicFLIM_120f_0010,fitet-sf-c3-b5,3,"a1, a2, a3, chi2, photons, tau1, tau2, tau3"
4_BKOCO2form20min_740nm_2995mW_u1_poc0p25_20x0p75NA_457s50_g70_z1_256pix_basicFLIM_120f_0010.sdt,20260509_KPC_fixed_dishes_on_SLIM::fitet-sf-c3-t365_1982_7988-b5::4_BKOCO2form20min_740nm_2995mW_u1_poc0p25_20x0p75NA_457s50_g70_z1_256pix_basicFLIM_120f_0010,fitet-sf-c3-t365_1982_7988-b5,3,"a1, a2, a3, chi2, photons, tau1, tau2, tau3"
4_BKOCO2form20min_740nm_2995mW_u1_poc0p25_20x0p75NA_457s50_g70_z1_256pix_basicFLIM_120f_0010.sdt,20260509_KPC_fixed_dishes_on_SLIM::fitet-sz-c2-b5::4_BKOCO2form20min_740nm_2995mW_u1_poc0p25_20x0p75NA_457s50_g70_z1_256pix_basicFLIM_120f_0010,fitet-sz-c2-b5,2,"a1, a2, chi2, photons, tau1, tau2"
4_BKOCO2form20min_740nm_2995mW_u1_poc0p25_20x0p75NA_457s50_g70_z1_256pix_basicFLIM_120f_0010.sdt,20260509_KPC_fixed_dishes_on_SLIM::fitet-sz-c3-b5::4_BKOCO2form20min_740nm_2995mW_u1_poc0p25_20x0p75NA_457s50_g70_z1_256pix_basicFLIM_120f_0010,fitet-sz-c3-b5,3,"a1, a2, a3, chi2, photons, tau1, tau2, tau3"
4_BKOCO2form20min_740nm_2995mW_u1_poc0p25_20x0p75NA_457s50_g70_z1_256pix_basicFLIM_120f_0011.sdt,20260509_KPC_fixed_dishes_on_SLIM::fitet-sf-c2-b5::4_BKOCO2form20min_740nm_2995mW_u1_poc0p25_20x0p75NA_457s50_g70_z1_256pix_basicFLIM_120f_0011,fitet-sf-c2-b5,3,"a1, a2, a3, chi2, photons, tau1, tau2, tau3"
4_BKOCO2form20min_740nm_2995mW_u1_poc0p25_20x0p75NA_457s50_g70_z1_256pix_basicFLIM_120f_0011.sdt,20260509_KPC_fixed_dishes_on_SLIM::fitet-sf-c3-b5::4_BKOCO2form20min_740nm_2995mW_u1_poc0p25_20x0p75NA_457s50_g70_z1_256pix_basicFLIM_120f_0011,fitet-sf-c3-b5,3,"a1, a2, a3, chi2, photons, tau1, tau2, tau3"
4_BKOCO2form20min_740nm_2995mW_u1_poc0p25_20x0p75NA_457s50_g70_z1_256pix_basicFLIM_120f_0011.sdt,20260509_KPC_fixed_dishes_on_SLIM::fitet-sf-c3-t365_1982_7988-b5::4_BKOCO2form20min_740nm_2995mW_u1_poc0p25_20x0p75NA_457s50_g70_z1_256pix_basicFLIM_120f_0011,fitet-sf-c3-t365_1982_7988-b5,3,"a1, a2, a3, chi2, photons, tau1, tau2, tau3"
4_BKOCO2form20min_740nm_2995mW_u1_poc0p25_20x0p75NA_457s50_g70_z1_256pix_basicFLIM_120f_0011.sdt,20260509_KPC_fixed_dishes_on_SLIM::fitet-sz-c2-b5::4_BKOCO2form20min_740nm_2995mW_u1_poc0p25_20x0p75NA_457s50_g70_z1_256pix_basicFLIM_120f_0011,fitet-sz-c2-b5,2,"a1, a2, chi2, photons, tau1, tau2"
4_BKOCO2form20min_740nm_2995mW_u1_poc0p25_20x0p75NA_457s50_g70_z1_256pix_basicFLIM_120f_0011.sdt,20260509_KPC_fixed_dishes_on_SLIM::fitet-sz-c3-b5::4_BKOCO2form20min_740nm_2995mW_u1_poc0p25_20x0p75NA_457s50_g70_z1_256pix_basicFLIM_120f_0011,fitet-sz-c3-b5,3,"a1, a2, a3, chi2, photons, tau1, tau2, tau3"
4_BKOCO2form20min_740nm_2995mW_u1_poc0p25_20x0p75NA_457s50_g70_z1_256pix_basicFLIM_120f_0012.sdt,20260509_KPC_fixed_dishes_on_SLIM::fitet-sf-c2-b5::4_BKOCO2form20min_740nm_2995mW_u1_poc0p25_20x0p75NA_457s50_g70_z1_256pix_basicFLIM_120f_0012,fitet-sf-c2-b5,3,"a1, a2, a3, chi2, photons, tau1, tau2, tau3"
4_BKOCO2form20min_740nm_2995mW_u1_poc0p25_20x0p75NA_457s50_g70_z1_256pix_basicFLIM_120f_0012.sdt,20260509_KPC_fixed_dishes_on_SLIM::fitet-sf-c3-b5::4_BKOCO2form20min_740nm_2995mW_u1_poc0p25_20x0p75NA_457s50_g70_z1_256pix_basicFLIM_120f_0012,fitet-sf-c3-b5,3,"a1, a2, a3, chi2, photons, tau1, tau2, tau3"
4_BKOCO2form20min_740nm_2995mW_u1_poc0p25_20x0p75NA_457s50_g70_z1_256pix_basicFLIM_120f_0012.sdt,20260509_KPC_fixed_dishes_on_SLIM::fitet-sf-c3-t365_1982_7988-b5::4_BKOCO2form20min_740nm_2995mW_u1_poc0p25_20x0p75NA_457s50_g70_z1_256pix_basicFLIM_120f_0012,fitet-sf-c3-t365_1982_7988-b5,3,"a1, a2, a3, chi2, photons, tau1, tau2, tau3"
4_BKOCO2form20min_740nm_2995mW_u1_poc0p25_20x0p75NA_457s50_g70_z1_256pix_basicFLIM_120f_0012.sdt,20260509_KPC_fixed_dishes_on_SLIM::fitet-sz-c2-b5::4_BKOCO2form20min_740nm_2995mW_u1_poc0p25_20x0p75NA_457s50_g70_z1_256pix_basicFLIM_120f_0012,fitet-sz-c2-b5,2,"a1, a2, chi2, photons, tau1, tau2"
4_BKOCO2form20min_740nm_2995mW_u1_poc0p25_20x0p75NA_457s50_g70_z1_256pix_basicFLIM_120f_0012.sdt,20260509_KPC_fixed_dishes_on_SLIM::fitet-sz-c3-b5::4_BKOCO2form20min_740nm_2995mW_u1_poc0p25_20x0p75NA_457s50_g70_z1_256pix_basicFLIM_120f_0012,fitet-sz-c3-b5,3,"a1, a2, a3, chi2, photons, tau1, tau2, tau3"
4_BKOCO2form20min_740nm_2995mW_u1_poc0p25_20x0p75NA_457s50_g70_z1_256pix_basicFLIM_120f_0013.sdt,20260509_KPC_fixed_dishes_on_SLIM::fitet-sf-c2-b5::4_BKOCO2form20min_740nm_2995mW_u1_poc0p25_20x0p75NA_457s50_g70_z1_256pix_basicFLIM_120f_0013,fitet-sf-c2-b5,3,"a1, a2, a3, chi2, photons, tau1, tau2, tau3"
4_BKOCO2form20min_740nm_2995mW_u1_poc0p25_20x0p75NA_457s50_g70_z1_256pix_basicFLIM_120f_0013.sdt,20260509_KPC_fixed_dishes_on_SLIM::fitet-sf-c3-b5::4_BKOCO2form20min_740nm_2995mW_u1_poc0p25_20x0p75NA_457s50_g70_z1_256pix_basicFLIM_120f_0013,fitet-sf-c3-b5,3,"a1, a2, a3, chi2, photons, tau1, tau2, tau3"
4_BKOCO2form20min_740nm_2995mW_u1_poc0p25_20x0p75NA_457s50_g70_z1_256pix_basicFLIM_120f_0013.sdt,20260509_KPC_fixed_dishes_on_SLIM::fitet-sf-c3-t365_1982_7988-b5::4_BKOCO2form20min_740nm_2995mW_u1_poc0p25_20x0p75NA_457s50_g70_z1_256pix_basicFLIM_120f_0013,fitet-sf-c3-t365_1982_7988-b5,3,"a1, a2, a3, chi2, photons, tau1, tau2, tau3"
4_BKOCO2form20min_740nm_2995mW_u1_poc0p25_20x0p75NA_457s50_g70_z1_256pix_basicFLIM_120f_0013.sdt,20260509_KPC_fixed_dishes_on_SLIM::fitet-sz-c2-b5::4_BKOCO2form20min_740nm_2995mW_u1_poc0p25_20x0p75NA_457s50_g70_z1_256pix_basicFLIM_120f_0013,fitet-sz-c2-b5,2,"a1, a2, chi2, photons, tau1, tau2"
4_BKOCO2form20min_740nm_2995mW_u1_poc0p25_20x0p75NA_457s50_g70_z1_256pix_basicFLIM_120f_0013.sdt,20260509_KPC_fixed_dishes_on_SLIM::fitet-sz-c3-b5::4_BKOCO2form20min_740nm_2995mW_u1_poc0p25_20x0p75NA_457s50_g70_z1_256pix_basicFLIM_120f_0013,fitet-sz-c3-b5,3,"a1, a2, a3, chi2, photons, tau1, tau2, tau3"
4_BKOCO2form20min_740nm_2995mW_u1_poc0p25_20x0p75NA_457s50_g70_z1_256pix_basicFLIM_120f_0014.sdt,20260509_KPC_fixed_dishes_on_SLIM::fitet-sf-c2-b5::4_BKOCO2form20min_740nm_2995mW_u1_poc0p25_20x0p75NA_457s50_g70_z1_256pix_basicFLIM_120f_0014,fitet-sf-c2-b5,3,"a1, a2, a3, chi2, photons, tau1, tau2, tau3"
4_BKOCO2form20min_740nm_2995mW_u1_poc0p25_20x0p75NA_457s50_g70_z1_256pix_basicFLIM_120f_0014.sdt,20260509_KPC_fixed_dishes_on_SLIM::fitet-sf-c3-b5::4_BKOCO2form20min_740nm_2995mW_u1_poc0p25_20x0p75NA_457s50_g70_z1_256pix_basicFLIM_120f_0014,fitet-sf-c3-b5,3,"a1, a2, a3, chi2, photons, tau1, tau2, tau3"
4_BKOCO2form20min_740nm_2995mW_u1_poc0p25_20x0p75NA_457s50_g70_z1_256pix_basicFLIM_120f_0014.sdt,20260509_KPC_fixed_dishes_on_SLIM::fitet-sf-c3-t365_1982_7988-b5::4_BKOCO2form20min_740nm_2995mW_u1_poc0p25_20x0p75NA_457s50_g70_z1_256pix_basicFLIM_120f_0014,fitet-sf-c3-t365_1982_7988-b5,3,"a1, a2, a3, chi2, photons, tau1, tau2, tau3"
4_BKOCO2form20min_740nm_2995mW_u1_poc0p25_20x0p75NA_457s50_g70_z1_256pix_basicFLIM_120f_0014.sdt,20260509_KPC_fixed_dishes_on_SLIM::fitet-sz-c2-b5::4_BKOCO2form20min_740nm_2995mW_u1_poc0p25_20x0p75NA_457s50_g70_z1_256pix_basicFLIM_120f_0014,fitet-sz-c2-b5,2,"a1, a2, chi2, photons, tau1, tau2"
4_BKOCO2form20min_740nm_2995mW_u1_poc0p25_20x0p75NA_457s50_g70_z1_256pix_basicFLIM_120f_0014.sdt,20260509_KPC_fixed_dishes_on_SLIM::fitet-sz-c3-b5::4_BKOCO2form20min_740nm_2995mW_u1_poc0p25_20x0p75NA_457s50_g70_z1_256pix_basicFLIM_120f_0014,fitet-sz-c3-b5,3,"a1, a2, a3, chi2, photons, tau1, tau2, tau3"
4_BKOCO2form20min_740nm_2995mW_u1_poc0p25_20x0p75NA_457s50_g70_z1_256pix_basicFLIM_120f_0015.sdt,20260509_KPC_fixed_dishes_on_SLIM::fitet-sf-c2-b5::4_BKOCO2form20min_740nm_2995mW_u1_poc0p25_20x0p75NA_457s50_g70_z1_256pix_basicFLIM_120f_0015,fitet-sf-c2-b5,3,"a1, a2, a3, chi2, photons, tau1, tau2, tau3"
4_BKOCO2form20min_740nm_2995mW_u1_poc0p25_20x0p75NA_457s50_g70_z1_256pix_basicFLIM_120f_0015.sdt,20260509_KPC_fixed_dishes_on_SLIM::fitet-sf-c3-b5::4_BKOCO2form20min_740nm_2995mW_u1_poc0p25_20x0p75NA_457s50_g70_z1_256pix_basicFLIM_120f_0015,fitet-sf-c3-b5,3,"a1, a2, a3, chi2, photons, tau1, tau2, tau3"
4_BKOCO2form20min_740nm_2995mW_u1_poc0p25_20x0p75NA_457s50_g70_z1_256pix_basicFLIM_120f_0015.sdt,20260509_KPC_fixed_dishes_on_SLIM::fitet-sf-c3-t365_1982_7988-b5::4_BKOCO2form20min_740nm_2995mW_u1_poc0p25_20x0p75NA_457s50_g70_z1_256pix_basicFLIM_120f_0015,fitet-sf-c3-t365_1982_7988-b5,3,"a1, a2, a3, chi2, photons, tau1, tau2, tau3"
4_BKOCO2form20min_740nm_2995mW_u1_poc0p25_20x0p75NA_457s50_g70_z1_256pix_basicFLIM_120f_0015.sdt,20260509_KPC_fixed_dishes_on_SLIM::fitet-sz-c2-b5::4_BKOCO2form20min_740nm_2995mW_u1_poc0p25_20x0p75NA_457s50_g70_z1_256pix_basicFLIM_120f_0015,fitet-sz-c2-b5,2,"a1, a2, chi2, photons, tau1, tau2"
4_BKOCO2form20min_740nm_2995mW_u1_poc0p25_20x0p75NA_457s50_g70_z1_256pix_basicFLIM_120f_0015.sdt,20260509_KPC_fixed_dishes_on_SLIM::fitet-sz-c3-b5::4_BKOCO2form20min_740nm_2995mW_u1_poc0p25_20x0p75NA_457s50_g70_z1_256pix_basicFLIM_120f_0015,fitet-sz-c3-b5,3,"a1, a2, a3, chi2, photons, tau1, tau2, tau3"
4_BKOCO2form20min_740nm_2995mW_u1_poc0p25_20x0p75NA_535s50_g70_z1_256pix_basicFLIM_120f_0000.sdt,20260509_KPC_fixed_dishes_on_SLIM::fitet-sf-c2-b5::4_BKOCO2form20min_740nm_2995mW_u1_poc0p25_20x0p75NA_535s50_g70_z1_256pix_basicFLIM_120f_0000,fitet-sf-c2-b5,3,"a1, a2, a3, chi2, photons, tau1, tau2, tau3"
4_BKOCO2form20min_740nm_2995mW_u1_poc0p25_20x0p75NA_535s50_g70_z1_256pix_basicFLIM_120f_0000.sdt,20260509_KPC_fixed_dishes_on_SLIM::fitet-sf-c3-b5::4_BKOCO2form20min_740nm_2995mW_u1_poc0p25_20x0p75NA_535s50_g70_z1_256pix_basicFLIM_120f_0000,fitet-sf-c3-b5,3,"a1, a2, a3, chi2, photons, tau1, tau2, tau3"
4_BKOCO2form20min_740nm_2995mW_u1_poc0p25_20x0p75NA_535s50_g70_z1_256pix_basicFLIM_120f_0000.sdt,20260509_KPC_fixed_dishes_on_SLIM::fitet-sf-c3-t365_1982_7988-b5::4_BKOCO2form20min_740nm_2995mW_u1_poc0p25_20x0p75NA_535s50_g70_z1_256pix_basicFLIM_120f_0000,fitet-sf-c3-t365_1982_7988-b5,3,"a1, a2, a3, chi2, photons, tau1, tau2, tau3"
4_BKOCO2form20min_740nm_2995mW_u1_poc0p25_20x0p75NA_535s50_g70_z1_256pix_basicFLIM_120f_0000.sdt,20260509_KPC_fixed_dishes_on_SLIM::fitet-sz-c2-b5::4_BKOCO2form20min_740nm_2995mW_u1_poc0p25_20x0p75NA_535s50_g70_z1_256pix_basicFLIM_120f_0000,fitet-sz-c2-b5,2,"a1, a2, chi2, photons, tau1, tau2"
4_BKOCO2form20min_740nm_2995mW_u1_poc0p25_20x0p75NA_535s50_g70_z1_256pix_basicFLIM_120f_0000.sdt,20260509_KPC_fixed_dishes_on_SLIM::fitet-sz-c3-b5::4_BKOCO2form20min_740nm_2995mW_u1_poc0p25_20x0p75NA_535s50_g70_z1_256pix_basicFLIM_120f_0000,fitet-sz-c3-b5,3,"a1, a2, a3, chi2, photons, tau1, tau2, tau3"
4_BKOCO2form20min_740nm_2995mW_u1_poc0p25_20x0p75NA_535s50_g70_z1_256pix_basicFLIM_120f_0001.sdt,20260509_KPC_fixed_dishes_on_SLIM::fitet-sf-c2-b5::4_BKOCO2form20min_740nm_2995mW_u1_poc0p25_20x0p75NA_535s50_g70_z1_256pix_basicFLIM_120f_0001,fitet-sf-c2-b5,3,"a1, a2, a3, chi2, photons, tau1, tau2, tau3"
4_BKOCO2form20min_740nm_2995mW_u1_poc0p25_20x0p75NA_535s50_g70_z1_256pix_basicFLIM_120f_0001.sdt,20260509_KPC_fixed_dishes_on_SLIM::fitet-sf-c3-b5::4_BKOCO2form20min_740nm_2995mW_u1_poc0p25_20x0p75NA_535s50_g70_z1_256pix_basicFLIM_120f_0001,fitet-sf-c3-b5,3,"a1, a2, a3, chi2, photons, tau1, tau2, tau3"
4_BKOCO2form20min_740nm_2995mW_u1_poc0p25_20x0p75NA_535s50_g70_z1_256pix_basicFLIM_120f_0001.sdt,20260509_KPC_fixed_dishes_on_SLIM::fitet-sf-c3-t365_1982_7988-b5::4_BKOCO2form20min_740nm_2995mW_u1_poc0p25_20x0p75NA_535s50_g70_z1_256pix_basicFLIM_120f_0001,fitet-sf-c3-t365_1982_7988-b5,3,"a1, a2, a3, chi2, photons, tau1, tau2, tau3"
4_BKOCO2form20min_740nm_2995mW_u1_poc0p25_20x0p75NA_535s50_g70_z1_256pix_basicFLIM_120f_0001.sdt,20260509_KPC_fixed_dishes_on_SLIM::fitet-sz-c2-b5::4_BKOCO2form20min_740nm_2995mW_u1_poc0p25_20x0p75NA_535s50_g70_z1_256pix_basicFLIM_120f_0001,fitet-sz-c2-b5,2,"a1, a2, chi2, photons, tau1, tau2"
4_BKOCO2form20min_740nm_2995mW_u1_poc0p25_20x0p75NA_535s50_g70_z1_256pix_basicFLIM_120f_0001.sdt,20260509_KPC_fixed_dishes_on_SLIM::fitet-sz-c3-b5::4_BKOCO2form20min_740nm_2995mW_u1_poc0p25_20x0p75NA_535s50_g70_z1_256pix_basicFLIM_120f_0001,fitet-sz-c3-b5,3,"a1, a2, a3, chi2, photons, tau1, tau2, tau3"
4_BKOCO2form20min_740nm_2995mW_u1_poc0p25_20x0p75NA_535s50_g70_z1_256pix_basicFLIM_120f_0002.sdt,20260509_KPC_fixed_dishes_on_SLIM::fitet-sf-c2-b5::4_BKOCO2form20min_740nm_2995mW_u1_poc0p25_20x0p75NA_535s50_g70_z1_256pix_basicFLIM_120f_0002,fitet-sf-c2-b5,3,"a1, a2, a3, chi2, photons, tau1, tau2, tau3"
4_BKOCO2form20min_740nm_2995mW_u1_poc0p25_20x0p75NA_535s50_g70_z1_256pix_basicFLIM_120f_0002.sdt,20260509_KPC_fixed_dishes_on_SLIM::fitet-sf-c3-b5::4_BKOCO2form20min_740nm_2995mW_u1_poc0p25_20x0p75NA_535s50_g70_z1_256pix_basicFLIM_120f_0002,fitet-sf-c3-b5,3,"a1, a2, a3, chi2, photons, tau1, tau2, tau3"
4_BKOCO2form20min_740nm_2995mW_u1_poc0p25_20x0p75NA_535s50_g70_z1_256pix_basicFLIM_120f_0002.sdt,20260509_KPC_fixed_dishes_on_SLIM::fitet-sf-c3-t365_1982_7988-b5::4_BKOCO2form20min_740nm_2995mW_u1_poc0p25_20x0p75NA_535s50_g70_z1_256pix_basicFLIM_120f_0002,fitet-sf-c3-t365_1982_7988-b5,3,"a1, a2, a3, chi2, photons, tau1, tau2, tau3"
4_BKOCO2form20min_740nm_2995mW_u1_poc0p25_20x0p75NA_535s50_g70_z1_256pix_basicFLIM_120f_0002.sdt,20260509_KPC_fixed_dishes_on_SLIM::fitet-sz-c2-b5::4_BKOCO2form20min_740nm_2995mW_u1_poc0p25_20x0p75NA_535s50_g70_z1_256pix_basicFLIM_120f_0002,fitet-sz-c2-b5,2,"a1, a2, chi2, photons, tau1, tau2"
4_BKOCO2form20min_740nm_2995mW_u1_poc0p25_20x0p75NA_535s50_g70_z1_256pix_basicFLIM_120f_0002.sdt,20260509_KPC_fixed_dishes_on_SLIM::fitet-sz-c3-b5::4_BKOCO2form20min_740nm_2995mW_u1_poc0p25_20x0p75NA_535s50_g70_z1_256pix_basicFLIM_120f_0002,fitet-sz-c3-b5,3,"a1, a2, a3, chi2, photons, tau1, tau2, tau3"
4_BKOCO2form20min_740nm_2995mW_u1_poc0p25_20x0p75NA_535s50_g70_z1_256pix_basicFLIM_120f_0003.sdt,20260509_KPC_fixed_dishes_on_SLIM::fitet-sf-c2-b5::4_BKOCO2form20min_740nm_2995mW_u1_poc0p25_20x0p75NA_535s50_g70_z1_256pix_basicFLIM_120f_0003,fitet-sf-c2-b5,3,"a1, a2, a3, chi2, photons, tau1, tau2, tau3"
4_BKOCO2form20min_740nm_2995mW_u1_poc0p25_20x0p75NA_535s50_g70_z1_256pix_basicFLIM_120f_0003.sdt,20260509_KPC_fixed_dishes_on_SLIM::fitet-sf-c3-b5::4_BKOCO2form20min_740nm_2995mW_u1_poc0p25_20x0p75NA_535s50_g70_z1_256pix_basicFLIM_120f_0003,fitet-sf-c3-b5,3,"a1, a2, a3, chi2, photons, tau1, tau2, tau3"
4_BKOCO2form20min_740nm_2995mW_u1_poc0p25_20x0p75NA_535s50_g70_z1_256pix_basicFLIM_120f_0003.sdt,20260509_KPC_fixed_dishes_on_SLIM::fitet-sf-c3-t365_1982_7988-b5::4_BKOCO2form20min_740nm_2995mW_u1_poc0p25_20x0p75NA_535s50_g70_z1_256pix_basicFLIM_120f_0003,fitet-sf-c3-t365_1982_7988-b5,3,"a1, a2, a3, chi2, photons, tau1, tau2, tau3"
4_BKOCO2form20min_740nm_2995mW_u1_poc0p25_20x0p75NA_535s50_g70_z1_256pix_basicFLIM_120f_0003.sdt,20260509_KPC_fixed_dishes_on_SLIM::fitet-sz-c2-b5::4_BKOCO2form20min_740nm_2995mW_u1_poc0p25_20x0p75NA_535s50_g70_z1_256pix_basicFLIM_120f_0003,fitet-sz-c2-b5,2,"a1, a2, chi2, photons, tau1, tau2"
4_BKOCO2form20min_740nm_2995mW_u1_poc0p25_20x0p75NA_535s50_g70_z1_256pix_basicFLIM_120f_0003.sdt,20260509_KPC_fixed_dishes_on_SLIM::fitet-sz-c3-b5::4_BKOCO2form20min_740nm_2995mW_u1_poc0p25_20x0p75NA_535s50_g70_z1_256pix_basicFLIM_120f_0003,fitet-sz-c3-b5,3,"a1, a2, a3, chi2, photons, tau1, tau2, tau3"
4_BKOCO2form20min_740nm_2995mW_u1_poc0p25_20x0p75NA_535s50_g70_z1_256pix_basicFLIM_120f_0004.sdt,20260509_KPC_fixed_dishes_on_SLIM::fitet-sf-c2-b5::4_BKOCO2form20min_740nm_2995mW_u1_poc0p25_20x0p75NA_535s50_g70_z1_256pix_basicFLIM_120f_0004,fitet-sf-c2-b5,3,"a1, a2, a3, chi2, photons, tau1, tau2, tau3"
4_BKOCO2form20min_740nm_2995mW_u1_poc0p25_20x0p75NA_535s50_g70_z1_256pix_basicFLIM_120f_0004.sdt,20260509_KPC_fixed_dishes_on_SLIM::fitet-sf-c3-b5::4_BKOCO2form20min_740nm_2995mW_u1_poc0p25_20x0p75NA_535s50_g70_z1_256pix_basicFLIM_120f_0004,fitet-sf-c3-b5,3,"a1, a2, a3, chi2, photons, tau1, tau2, tau3"
4_BKOCO2form20min_740nm_2995mW_u1_poc0p25_20x0p75NA_535s50_g70_z1_256pix_basicFLIM_120f_0004.sdt,20260509_KPC_fixed_dishes_on_SLIM::fitet-sf-c3-t365_1982_7988-b5::4_BKOCO2form20min_740nm_2995mW_u1_poc0p25_20x0p75NA_535s50_g70_z1_256pix_basicFLIM_120f_0004,fitet-sf-c3-t365_1982_7988-b5,3,"a1, a2, a3, chi2, photons, tau1, tau2, tau3"
4_BKOCO2form20min_740nm_2995mW_u1_poc0p25_20x0p75NA_535s50_g70_z1_256pix_basicFLIM_120f_0004.sdt,20260509_KPC_fixed_dishes_on_SLIM::fitet-sz-c2-b5::4_BKOCO2form20min_740nm_2995mW_u1_poc0p25_20x0p75NA_535s50_g70_z1_256pix_basicFLIM_120f_0004,fitet-sz-c2-b5,2,"a1, a2, chi2, photons, tau1, tau2"
4_BKOCO2form20min_740nm_2995mW_u1_poc0p25_20x0p75NA_535s50_g70_z1_256pix_basicFLIM_120f_0004.sdt,20260509_KPC_fixed_dishes_on_SLIM::fitet-sz-c3-b5::4_BKOCO2form20min_740nm_2995mW_u1_poc0p25_20x0p75NA_535s50_g70_z1_256pix_basicFLIM_120f_0004,fitet-sz-c3-b5,3,"a1, a2, a3, chi2, photons, tau1, tau2, tau3"
4_BKOCO2form20min_740nm_2995mW_u1_poc0p25_20x0p75NA_535s50_g70_z1_256pix_basicFLIM_120f_0005.sdt,20260509_KPC_fixed_dishes_on_SLIM::fitet-sf-c2-b5::4_BKOCO2form20min_740nm_2995mW_u1_poc0p25_20x0p75NA_535s50_g70_z1_256pix_basicFLIM_120f_0005,fitet-sf-c2-b5,3,"a1, a2, a3, chi2, photons, tau1, tau2, tau3"
4_BKOCO2form20min_740nm_2995mW_u1_poc0p25_20x0p75NA_535s50_g70_z1_256pix_basicFLIM_120f_0005.sdt,20260509_KPC_fixed_dishes_on_SLIM::fitet-sf-c3-b5::4_BKOCO2form20min_740nm_2995mW_u1_poc0p25_20x0p75NA_535s50_g70_z1_256pix_basicFLIM_120f_0005,fitet-sf-c3-b5,3,"a1, a2, a3, chi2, photons, tau1, tau2, tau3"
4_BKOCO2form20min_740nm_2995mW_u1_poc0p25_20x0p75NA_535s50_g70_z1_256pix_basicFLIM_120f_0005.sdt,20260509_KPC_fixed_dishes_on_SLIM::fitet-sf-c3-t365_1982_7988-b5::4_BKOCO2form20min_740nm_2995mW_u1_poc0p25_20x0p75NA_535s50_g70_z1_256pix_basicFLIM_120f_0005,fitet-sf-c3-t365_1982_7988-b5,3,"a1, a2, a3, chi2, photons, tau1, tau2, tau3"
4_BKOCO2form20min_740nm_2995mW_u1_poc0p25_20x0p75NA_535s50_g70_z1_256pix_basicFLIM_120f_0005.sdt,20260509_KPC_fixed_dishes_on_SLIM::fitet-sz-c2-b5::4_BKOCO2form20min_740nm_2995mW_u1_poc0p25_20x0p75NA_535s50_g70_z1_256pix_basicFLIM_120f_0005,fitet-sz-c2-b5,2,"a1, a2, chi2, photons, tau1, tau2"
4_BKOCO2form20min_740nm_2995mW_u1_poc0p25_20x0p75NA_535s50_g70_z1_256pix_basicFLIM_120f_0005.sdt,20260509_KPC_fixed_dishes_on_SLIM::fitet-sz-c3-b5::4_BKOCO2form20min_740nm_2995mW_u1_poc0p25_20x0p75NA_535s50_g70_z1_256pix_basicFLIM_120f_0005,fitet-sz-c3-b5,3,"a1, a2, a3, chi2, photons, tau1, tau2, tau3"
4_BKOCO2form20min_740nm_2995mW_u1_poc0p25_20x0p75NA_535s50_g70_z1_256pix_basicFLIM_120f_0006.sdt,20260509_KPC_fixed_dishes_on_SLIM::fitet-sf-c2-b5::4_BKOCO2form20min_740nm_2995mW_u1_poc0p25_20x0p75NA_535s50_g70_z1_256pix_basicFLIM_120f_0006,fitet-sf-c2-b5,3,"a1, a2, a3, chi2, photons, tau1, tau2, tau3"
4_BKOCO2form20min_740nm_2995mW_u1_poc0p25_20x0p75NA_535s50_g70_z1_256pix_basicFLIM_120f_0006.sdt,20260509_KPC_fixed_dishes_on_SLIM::fitet-sf-c3-b5::4_BKOCO2form20min_740nm_2995mW_u1_poc0p25_20x0p75NA_535s50_g70_z1_256pix_basicFLIM_120f_0006,fitet-sf-c3-b5,3,"a1, a2, a3, chi2, photons, tau1, tau2, tau3"
4_BKOCO2form20min_740nm_2995mW_u1_poc0p25_20x0p75NA_535s50_g70_z1_256pix_basicFLIM_120f_0006.sdt,20260509_KPC_fixed_dishes_on_SLIM::fitet-sf-c3-t365_1982_7988-b5::4_BKOCO2form20min_740nm_2995mW_u1_poc0p25_20x0p75NA_535s50_g70_z1_256pix_basicFLIM_120f_0006,fitet-sf-c3-t365_1982_7988-b5,3,"a1, a2, a3, chi2, photons, tau1, tau2, tau3"
4_BKOCO2form20min_740nm_2995mW_u1_poc0p25_20x0p75NA_535s50_g70_z1_256pix_basicFLIM_120f_0006.sdt,20260509_KPC_fixed_dishes_on_SLIM::fitet-sz-c2-b5::4_BKOCO2form20min_740nm_2995mW_u1_poc0p25_20x0p75NA_535s50_g70_z1_256pix_basicFLIM_120f_0006,fitet-sz-c2-b5,2,"a1, a2, chi2, photons, tau1, tau2"
4_BKOCO2form20min_740nm_2995mW_u1_poc0p25_20x0p75NA_535s50_g70_z1_256pix_basicFLIM_120f_0006.sdt,20260509_KPC_fixed_dishes_on_SLIM::fitet-sz-c3-b5::4_BKOCO2form20min_740nm_2995mW_u1_poc0p25_20x0p75NA_535s50_g70_z1_256pix_basicFLIM_120f_0006,fitet-sz-c3-b5,3,"a1, a2, a3, chi2, photons, tau1, tau2, tau3"
4_BKOCO2form20min_740nm_2995mW_u1_poc0p25_20x0p75NA_535s50_g70_z1_256pix_basicFLIM_120f_0007.sdt,20260509_KPC_fixed_dishes_on_SLIM::fitet-sf-c2-b5::4_BKOCO2form20min_740nm_2995mW_u1_poc0p25_20x0p75NA_535s50_g70_z1_256pix_basicFLIM_120f_0007,fitet-sf-c2-b5,3,"a1, a2, a3, chi2, photons, tau1, tau2, tau3"
4_BKOCO2form20min_740nm_2995mW_u1_poc0p25_20x0p75NA_535s50_g70_z1_256pix_basicFLIM_120f_0007.sdt,20260509_KPC_fixed_dishes_on_SLIM::fitet-sf-c3-b5::4_BKOCO2form20min_740nm_2995mW_u1_poc0p25_20x0p75NA_535s50_g70_z1_256pix_basicFLIM_120f_0007,fitet-sf-c3-b5,3,"a1, a2, a3, chi2, photons, tau1, tau2, tau3"
4_BKOCO2form20min_740nm_2995mW_u1_poc0p25_20x0p75NA_535s50_g70_z1_256pix_basicFLIM_120f_0007.sdt,20260509_KPC_fixed_dishes_on_SLIM::fitet-sf-c3-t365_1982_7988-b5::4_BKOCO2form20min_740nm_2995mW_u1_poc0p25_20x0p75NA_535s50_g70_z1_256pix_basicFLIM_120f_0007,fitet-sf-c3-t365_1982_7988-b5,3,"a1, a2, a3, chi2, photons, tau1, tau2, tau3"
4_BKOCO2form20min_740nm_2995mW_u1_poc0p25_20x0p75NA_535s50_g70_z1_256pix_basicFLIM_120f_0007.sdt,20260509_KPC_fixed_dishes_on_SLIM::fitet-sz-c2-b5::4_BKOCO2form20min_740nm_2995mW_u1_poc0p25_20x0p75NA_535s50_g70_z1_256pix_basicFLIM_120f_0007,fitet-sz-c2-b5,2,"a1, a2, chi2, photons, tau1, tau2"
4_BKOCO2form20min_740nm_2995mW_u1_poc0p25_20x0p75NA_535s50_g70_z1_256pix_basicFLIM_120f_0007.sdt,20260509_KPC_fixed_dishes_on_SLIM::fitet-sz-c3-b5::4_BKOCO2form20min_740nm_2995mW_u1_poc0p25_20x0p75NA_535s50_g70_z1_256pix_basicFLIM_120f_0007,fitet-sz-c3-b5,3,"a1, a2, a3, chi2, photons, tau1, tau2, tau3"
4_BKOCO2form20min_740nm_2995mW_u1_poc0p25_20x0p75NA_535s50_g70_z1_256pix_basicFLIM_120f_0008.sdt,20260509_KPC_fixed_dishes_on_SLIM::fitet-sf-c2-b5::4_BKOCO2form20min_740nm_2995mW_u1_poc0p25_20x0p75NA_535s50_g70_z1_256pix_basicFLIM_120f_0008,fitet-sf-c2-b5,3,"a1, a2, a3, chi2, photons, tau1, tau2, tau3"
4_BKOCO2form20min_740nm_2995mW_u1_poc0p25_20x0p75NA_535s50_g70_z1_256pix_basicFLIM_120f_0008.sdt,20260509_KPC_fixed_dishes_on_SLIM::fitet-sf-c3-b5::4_BKOCO2form20min_740nm_2995mW_u1_poc0p25_20x0p75NA_535s50_g70_z1_256pix_basicFLIM_120f_0008,fitet-sf-c3-b5,3,"a1, a2, a3, chi2, photons, tau1, tau2, tau3"
4_BKOCO2form20min_740nm_2995mW_u1_poc0p25_20x0p75NA_535s50_g70_z1_256pix_basicFLIM_120f_0008.sdt,20260509_KPC_fixed_dishes_on_SLIM::fitet-sf-c3-t365_1982_7988-b5::4_BKOCO2form20min_740nm_2995mW_u1_poc0p25_20x0p75NA_535s50_g70_z1_256pix_basicFLIM_120f_0008,fitet-sf-c3-t365_1982_7988-b5,3,"a1, a2, a3, chi2, photons, tau1, tau2, tau3"
4_BKOCO2form20min_740nm_2995mW_u1_poc0p25_20x0p75NA_535s50_g70_z1_256pix_basicFLIM_120f_0008.sdt,20260509_KPC_fixed_dishes_on_SLIM::fitet-sz-c2-b5::4_BKOCO2form20min_740nm_2995mW_u1_poc0p25_20x0p75NA_535s50_g70_z1_256pix_basicFLIM_120f_0008,fitet-sz-c2-b5,2,"a1, a2, chi2, photons, tau1, tau2"
4_BKOCO2form20min_740nm_2995mW_u1_poc0p25_20x0p75NA_535s50_g70_z1_256pix_basicFLIM_120f_0008.sdt,20260509_KPC_fixed_dishes_on_SLIM::fitet-sz-c3-b5::4_BKOCO2form20min_740nm_2995mW_u1_poc0p25_20x0p75NA_535s50_g70_z1_256pix_basicFLIM_120f_0008,fitet-sz-c3-b5,3,"a1, a2, a3, chi2, photons, tau1, tau2, tau3"
4_BKOCO2form20min_740nm_2995mW_u1_poc0p25_20x0p75NA_535s50_g70_z1_256pix_basicFLIM_120f_0009.sdt,20260509_KPC_fixed_dishes_on_SLIM::fitet-sf-c2-b5::4_BKOCO2form20min_740nm_2995mW_u1_poc0p25_20x0p75NA_535s50_g70_z1_256pix_basicFLIM_120f_0009,fitet-sf-c2-b5,3,"a1, a2, a3, chi2, photons, tau1, tau2, tau3"
4_BKOCO2form20min_740nm_2995mW_u1_poc0p25_20x0p75NA_535s50_g70_z1_256pix_basicFLIM_120f_0009.sdt,20260509_KPC_fixed_dishes_on_SLIM::fitet-sf-c3-b5::4_BKOCO2form20min_740nm_2995mW_u1_poc0p25_20x0p75NA_535s50_g70_z1_256pix_basicFLIM_120f_0009,fitet-sf-c3-b5,3,"a1, a2, a3, chi2, photons, tau1, tau2, tau3"
4_BKOCO2form20min_740nm_2995mW_u1_poc0p25_20x0p75NA_535s50_g70_z1_256pix_basicFLIM_120f_0009.sdt,20260509_KPC_fixed_dishes_on_SLIM::fitet-sf-c3-t365_1982_7988-b5::4_BKOCO2form20min_740nm_2995mW_u1_poc0p25_20x0p75NA_535s50_g70_z1_256pix_basicFLIM_120f_0009,fitet-sf-c3-t365_1982_7988-b5,3,"a1, a2, a3, chi2, photons, tau1, tau2, tau3"
4_BKOCO2form20min_740nm_2995mW_u1_poc0p25_20x0p75NA_535s50_g70_z1_256pix_basicFLIM_120f_0009.sdt,20260509_KPC_fixed_dishes_on_SLIM::fitet-sz-c2-b5::4_BKOCO2form20min_740nm_2995mW_u1_poc0p25_20x0p75NA_535s50_g70_z1_256pix_basicFLIM_120f_0009,fitet-sz-c2-b5,2,"a1, a2, chi2, photons, tau1, tau2"
4_BKOCO2form20min_740nm_2995mW_u1_poc0p25_20x0p75NA_535s50_g70_z1_256pix_basicFLIM_120f_0009.sdt,20260509_KPC_fixed_dishes_on_SLIM::fitet-sz-c3-b5::4_BKOCO2form20min_740nm_2995mW_u1_poc0p25_20x0p75NA_535s50_g70_z1_256pix_basicFLIM_120f_0009,fitet-sz-c3-b5,3,"a1, a2, a3, chi2, photons, tau1, tau2, tau3"
4_BKOCO2form20min_740nm_2995mW_u1_poc0p25_20x0p75NA_535s50_g70_z1_256pix_basicFLIM_120f_0010.sdt,20260509_KPC_fixed_dishes_on_SLIM::fitet-sf-c2-b5::4_BKOCO2form20min_740nm_2995mW_u1_poc0p25_20x0p75NA_535s50_g70_z1_256pix_basicFLIM_120f_0010,fitet-sf-c2-b5,3,"a1, a2, a3, chi2, photons, tau1, tau2, tau3"
4_BKOCO2form20min_740nm_2995mW_u1_poc0p25_20x0p75NA_535s50_g70_z1_256pix_basicFLIM_120f_0010.sdt,20260509_KPC_fixed_dishes_on_SLIM::fitet-sf-c3-b5::4_BKOCO2form20min_740nm_2995mW_u1_poc0p25_20x0p75NA_535s50_g70_z1_256pix_basicFLIM_120f_0010,fitet-sf-c3-b5,3,"a1, a2, a3, chi2, photons, tau1, tau2, tau3"
4_BKOCO2form20min_740nm_2995mW_u1_poc0p25_20x0p75NA_535s50_g70_z1_256pix_basicFLIM_120f_0010.sdt,20260509_KPC_fixed_dishes_on_SLIM::fitet-sf-c3-t365_1982_7988-b5::4_BKOCO2form20min_740nm_2995mW_u1_poc0p25_20x0p75NA_535s50_g70_z1_256pix_basicFLIM_120f_0010,fitet-sf-c3-t365_1982_7988-b5,3,"a1, a2, a3, chi2, photons, tau1, tau2, tau3"
4_BKOCO2form20min_740nm_2995mW_u1_poc0p25_20x0p75NA_535s50_g70_z1_256pix_basicFLIM_120f_0010.sdt,20260509_KPC_fixed_dishes_on_SLIM::fitet-sz-c2-b5::4_BKOCO2form20min_740nm_2995mW_u1_poc0p25_20x0p75NA_535s50_g70_z1_256pix_basicFLIM_120f_0010,fitet-sz-c2-b5,2,"a1, a2, chi2, photons, tau1, tau2"
4_BKOCO2form20min_740nm_2995mW_u1_poc0p25_20x0p75NA_535s50_g70_z1_256pix_basicFLIM_120f_0010.sdt,20260509_KPC_fixed_dishes_on_SLIM::fitet-sz-c3-b5::4_BKOCO2form20min_740nm_2995mW_u1_poc0p25_20x0p75NA_535s50_g70_z1_256pix_basicFLIM_120f_0010,fitet-sz-c3-b5,3,"a1, a2, a3, chi2, photons, tau1, tau2, tau3"
4_BKOCO2form20min_740nm_2995mW_u1_poc0p25_20x0p75NA_535s50_g70_z1_256pix_basicFLIM_120f_0011.sdt,20260509_KPC_fixed_dishes_on_SLIM::fitet-sf-c2-b5::4_BKOCO2form20min_740nm_2995mW_u1_poc0p25_20x0p75NA_535s50_g70_z1_256pix_basicFLIM_120f_0011,fitet-sf-c2-b5,3,"a1, a2, a3, chi2, photons, tau1, tau2, tau3"
4_BKOCO2form20min_740nm_2995mW_u1_poc0p25_20x0p75NA_535s50_g70_z1_256pix_basicFLIM_120f_0011.sdt,20260509_KPC_fixed_dishes_on_SLIM::fitet-sf-c3-b5::4_BKOCO2form20min_740nm_2995mW_u1_poc0p25_20x0p75NA_535s50_g70_z1_256pix_basicFLIM_120f_0011,fitet-sf-c3-b5,3,"a1, a2, a3, chi2, photons, tau1, tau2, tau3"
4_BKOCO2form20min_740nm_2995mW_u1_poc0p25_20x0p75NA_535s50_g70_z1_256pix_basicFLIM_120f_0011.sdt,20260509_KPC_fixed_dishes_on_SLIM::fitet-sf-c3-t365_1982_7988-b5::4_BKOCO2form20min_740nm_2995mW_u1_poc0p25_20x0p75NA_535s50_g70_z1_256pix_basicFLIM_120f_0011,fitet-sf-c3-t365_1982_7988-b5,3,"a1, a2, a3, chi2, photons, tau1, tau2, tau3"
4_BKOCO2form20min_740nm_2995mW_u1_poc0p25_20x0p75NA_535s50_g70_z1_256pix_basicFLIM_120f_0011.sdt,20260509_KPC_fixed_dishes_on_SLIM::fitet-sz-c2-b5::4_BKOCO2form20min_740nm_2995mW_u1_poc0p25_20x0p75NA_535s50_g70_z1_256pix_basicFLIM_120f_0011,fitet-sz-c2-b5,2,"a1, a2, chi2, photons, tau1, tau2"
4_BKOCO2form20min_740nm_2995mW_u1_poc0p25_20x0p75NA_535s50_g70_z1_256pix_basicFLIM_120f_0011.sdt,20260509_KPC_fixed_dishes_on_SLIM::fitet-sz-c3-b5::4_BKOCO2form20min_740nm_2995mW_u1_poc0p25_20x0p75NA_535s50_g70_z1_256pix_basicFLIM_120f_0011,fitet-sz-c3-b5,3,"a1, a2, a3, chi2, photons, tau1, tau2, tau3"
4_BKOCO2form20min_740nm_2995mW_u1_poc0p25_20x0p75NA_535s50_g70_z1_256pix_basicFLIM_120f_0012.sdt,20260509_KPC_fixed_dishes_on_SLIM::fitet-sf-c2-b5::4_BKOCO2form20min_740nm_2995mW_u1_poc0p25_20x0p75NA_535s50_g70_z1_256pix_basicFLIM_120f_0012,fitet-sf-c2-b5,3,"a1, a2, a3, chi2, photons, tau1, tau2, tau3"
4_BKOCO2form20min_740nm_2995mW_u1_poc0p25_20x0p75NA_535s50_g70_z1_256pix_basicFLIM_120f_0012.sdt,20260509_KPC_fixed_dishes_on_SLIM::fitet-sf-c3-b5::4_BKOCO2form20min_740nm_2995mW_u1_poc0p25_20x0p75NA_535s50_g70_z1_256pix_basicFLIM_120f_0012,fitet-sf-c3-b5,3,"a1, a2, a3, chi2, photons, tau1, tau2, tau3"
4_BKOCO2form20min_740nm_2995mW_u1_poc0p25_20x0p75NA_535s50_g70_z1_256pix_basicFLIM_120f_0012.sdt,20260509_KPC_fixed_dishes_on_SLIM::fitet-sf-c3-t365_1982_7988-b5::4_BKOCO2form20min_740nm_2995mW_u1_poc0p25_20x0p75NA_535s50_g70_z1_256pix_basicFLIM_120f_0012,fitet-sf-c3-t365_1982_7988-b5,3,"a1, a2, a3, chi2, photons, tau1, tau2, tau3"
4_BKOCO2form20min_740nm_2995mW_u1_poc0p25_20x0p75NA_535s50_g70_z1_256pix_basicFLIM_120f_0012.sdt,20260509_KPC_fixed_dishes_on_SLIM::fitet-sz-c2-b5::4_BKOCO2form20min_740nm_2995mW_u1_poc0p25_20x0p75NA_535s50_g70_z1_256pix_basicFLIM_120f_0012,fitet-sz-c2-b5,2,"a1, a2, chi2, photons, tau1, tau2"
4_BKOCO2form20min_740nm_2995mW_u1_poc0p25_20x0p75NA_535s50_g70_z1_256pix_basicFLIM_120f_0012.sdt,20260509_KPC_fixed_dishes_on_SLIM::fitet-sz-c3-b5::4_BKOCO2form20min_740nm_2995mW_u1_poc0p25_20x0p75NA_535s50_g70_z1_256pix_basicFLIM_120f_0012,fitet-sz-c3-b5,3,"a1, a2, a3, chi2, photons, tau1, tau2, tau3"
4_BKOCO2form20min_740nm_2995mW_u1_poc0p25_20x0p75NA_535s50_g70_z1_256pix_basicFLIM_120f_0013.sdt,20260509_KPC_fixed_dishes_on_SLIM::fitet-sf-c2-b5::4_BKOCO2form20min_740nm_2995mW_u1_poc0p25_20x0p75NA_535s50_g70_z1_256pix_basicFLIM_120f_0013,fitet-sf-c2-b5,3,"a1, a2, a3, chi2, photons, tau1, tau2, tau3"
4_BKOCO2form20min_740nm_2995mW_u1_poc0p25_20x0p75NA_535s50_g70_z1_256pix_basicFLIM_120f_0013.sdt,20260509_KPC_fixed_dishes_on_SLIM::fitet-sf-c3-b5::4_BKOCO2form20min_740nm_2995mW_u1_poc0p25_20x0p75NA_535s50_g70_z1_256pix_basicFLIM_120f_0013,fitet-sf-c3-b5,3,"a1, a2, a3, chi2, photons, tau1, tau2, tau3"
4_BKOCO2form20min_740nm_2995mW_u1_poc0p25_20x0p75NA_535s50_g70_z1_256pix_basicFLIM_120f_0013.sdt,20260509_KPC_fixed_dishes_on_SLIM::fitet-sf-c3-t365_1982_7988-b5::4_BKOCO2form20min_740nm_2995mW_u1_poc0p25_20x0p75NA_535s50_g70_z1_256pix_basicFLIM_120f_0013,fitet-sf-c3-t365_1982_7988-b5,3,"a1, a2, a3, chi2, photons, tau1, tau2, tau3"
4_BKOCO2form20min_740nm_2995mW_u1_poc0p25_20x0p75NA_535s50_g70_z1_256pix_basicFLIM_120f_0013.sdt,20260509_KPC_fixed_dishes_on_SLIM::fitet-sz-c2-b5::4_BKOCO2form20min_740nm_2995mW_u1_poc0p25_20x0p75NA_535s50_g70_z1_256pix_basicFLIM_120f_0013,fitet-sz-c2-b5,2,"a1, a2, chi2, photons, tau1, tau2"
4_BKOCO2form20min_740nm_2995mW_u1_poc0p25_20x0p75NA_535s50_g70_z1_256pix_basicFLIM_120f_0013.sdt,20260509_KPC_fixed_dishes_on_SLIM::fitet-sz-c3-b5::4_BKOCO2form20min_740nm_2995mW_u1_poc0p25_20x0p75NA_535s50_g70_z1_256pix_basicFLIM_120f_0013,fitet-sz-c3-b5,3,"a1, a2, a3, chi2, photons, tau1, tau2, tau3"
4_BKOCO2form20min_740nm_2995mW_u1_poc0p25_20x0p75NA_535s50_g70_z1_256pix_basicFLIM_120f_0014.sdt,20260509_KPC_fixed_dishes_on_SLIM::fitet-sf-c2-b5::4_BKOCO2form20min_740nm_2995mW_u1_poc0p25_20x0p75NA_535s50_g70_z1_256pix_basicFLIM_120f_0014,fitet-sf-c2-b5,3,"a1, a2, a3, chi2, photons, tau1, tau2, tau3"
4_BKOCO2form20min_740nm_2995mW_u1_poc0p25_20x0p75NA_535s50_g70_z1_256pix_basicFLIM_120f_0014.sdt,20260509_KPC_fixed_dishes_on_SLIM::fitet-sf-c3-b5::4_BKOCO2form20min_740nm_2995mW_u1_poc0p25_20x0p75NA_535s50_g70_z1_256pix_basicFLIM_120f_0014,fitet-sf-c3-b5,3,"a1, a2, a3, chi2, photons, tau1, tau2, tau3"
4_BKOCO2form20min_740nm_2995mW_u1_poc0p25_20x0p75NA_535s50_g70_z1_256pix_basicFLIM_120f_0014.sdt,20260509_KPC_fixed_dishes_on_SLIM::fitet-sf-c3-t365_1982_7988-b5::4_BKOCO2form20min_740nm_2995mW_u1_poc0p25_20x0p75NA_535s50_g70_z1_256pix_basicFLIM_120f_0014,fitet-sf-c3-t365_1982_7988-b5,3,"a1, a2, a3, chi2, photons, tau1, tau2, tau3"
4_BKOCO2form20min_740nm_2995mW_u1_poc0p25_20x0p75NA_535s50_g70_z1_256pix_basicFLIM_120f_0014.sdt,20260509_KPC_fixed_dishes_on_SLIM::fitet-sz-c2-b5::4_BKOCO2form20min_740nm_2995mW_u1_poc0p25_20x0p75NA_535s50_g70_z1_256pix_basicFLIM_120f_0014,fitet-sz-c2-b5,2,"a1, a2, chi2, photons, tau1, tau2"
4_BKOCO2form20min_740nm_2995mW_u1_poc0p25_20x0p75NA_535s50_g70_z1_256pix_basicFLIM_120f_0014.sdt,20260509_KPC_fixed_dishes_on_SLIM::fitet-sz-c3-b5::4_BKOCO2form20min_740nm_2995mW_u1_poc0p25_20x0p75NA_535s50_g70_z1_256pix_basicFLIM_120f_0014,fitet-sz-c3-b5,3,"a1, a2, a3, chi2, photons, tau1, tau2, tau3"
4_BKOCO2form20min_740nm_2995mW_u1_poc0p25_20x0p75NA_535s50_g70_z1_256pix_basicFLIM_120f_0015.sdt,20260509_KPC_fixed_dishes_on_SLIM::fitet-sf-c2-b5::4_BKOCO2form20min_740nm_2995mW_u1_poc0p25_20x0p75NA_535s50_g70_z1_256pix_basicFLIM_120f_0015,fitet-sf-c2-b5,3,"a1, a2, a3, chi2, photons, tau1, tau2, tau3"
4_BKOCO2form20min_740nm_2995mW_u1_poc0p25_20x0p75NA_535s50_g70_z1_256pix_basicFLIM_120f_0015.sdt,20260509_KPC_fixed_dishes_on_SLIM::fitet-sf-c3-b5::4_BKOCO2form20min_740nm_2995mW_u1_poc0p25_20x0p75NA_535s50_g70_z1_256pix_basicFLIM_120f_0015,fitet-sf-c3-b5,3,"a1, a2, a3, chi2, photons, tau1, tau2, tau3"
4_BKOCO2form20min_740nm_2995mW_u1_poc0p25_20x0p75NA_535s50_g70_z1_256pix_basicFLIM_120f_0015.sdt,20260509_KPC_fixed_dishes_on_SLIM::fitet-sf-c3-t365_1982_7988-b5::4_BKOCO2form20min_740nm_2995mW_u1_poc0p25_20x0p75NA_535s50_g70_z1_256pix_basicFLIM_120f_0015,fitet-sf-c3-t365_1982_7988-b5,3,"a1, a2, a3, chi2, photons, tau1, tau2, tau3"
4_BKOCO2form20min_740nm_2995mW_u1_poc0p25_20x0p75NA_535s50_g70_z1_256pix_basicFLIM_120f_0015.sdt,20260509_KPC_fixed_dishes_on_SLIM::fitet-sz-c2-b5::4_BKOCO2form20min_740nm_2995mW_u1_poc0p25_20x0p75NA_535s50_g70_z1_256pix_basicFLIM_120f_0015,fitet-sz-c2-b5,2,"a1, a2, chi2, photons, tau1, tau2"
4_BKOCO2form20min_740nm_2995mW_u1_poc0p25_20x0p75NA_535s50_g70_z1_256pix_basicFLIM_120f_0015.sdt,20260509_KPC_fixed_dishes_on_SLIM::fitet-sz-c3-b5::4_BKOCO2form20min_740nm_2995mW_u1_poc0p25_20x0p75NA_535s50_g70_z1_256pix_basicFLIM_120f_0015,fitet-sz-c3-b5,3,"a1, a2, a3, chi2, photons, tau1, tau2, tau3"
4_BKOCO2form20min_740nm_2995mW_u1_poc0p6_20x0p75NA_457s50_g70_z1_256pix_basicFLIM_120f_0000.sdt,20260509_KPC_fixed_dishes_on_SLIM::fitet-sf-c2-b5::4_BKOCO2form20min_740nm_2995mW_u1_poc0p6_20x0p75NA_457s50_g70_z1_256pix_basicFLIM_120f_0000,fitet-sf-c2-b5,3,"a1, a2, a3, chi2, photons, tau1, tau2, tau3"
4_BKOCO2form20min_740nm_2995mW_u1_poc0p6_20x0p75NA_457s50_g70_z1_256pix_basicFLIM_120f_0000.sdt,20260509_KPC_fixed_dishes_on_SLIM::fitet-sf-c3-b5::4_BKOCO2form20min_740nm_2995mW_u1_poc0p6_20x0p75NA_457s50_g70_z1_256pix_basicFLIM_120f_0000,fitet-sf-c3-b5,3,"a1, a2, a3, chi2, photons, tau1, tau2, tau3"
4_BKOCO2form20min_740nm_2995mW_u1_poc0p6_20x0p75NA_457s50_g70_z1_256pix_basicFLIM_120f_0000.sdt,20260509_KPC_fixed_dishes_on_SLIM::fitet-sf-c3-t365_1982_7988-b5::4_BKOCO2form20min_740nm_2995mW_u1_poc0p6_20x0p75NA_457s50_g70_z1_256pix_basicFLIM_120f_0000,fitet-sf-c3-t365_1982_7988-b5,3,"a1, a2, a3, chi2, photons, tau1, tau2, tau3"
4_BKOCO2form20min_740nm_2995mW_u1_poc0p6_20x0p75NA_457s50_g70_z1_256pix_basicFLIM_120f_0000.sdt,20260509_KPC_fixed_dishes_on_SLIM::fitet-sz-c2-b5::4_BKOCO2form20min_740nm_2995mW_u1_poc0p6_20x0p75NA_457s50_g70_z1_256pix_basicFLIM_120f_0000,fitet-sz-c2-b5,2,"a1, a2, chi2, photons, tau1, tau2"
4_BKOCO2form20min_740nm_2995mW_u1_poc0p6_20x0p75NA_457s50_g70_z1_256pix_basicFLIM_120f_0000.sdt,20260509_KPC_fixed_dishes_on_SLIM::fitet-sz-c3-b5::4_BKOCO2form20min_740nm_2995mW_u1_poc0p6_20x0p75NA_457s50_g70_z1_256pix_basicFLIM_120f_0000,fitet-sz-c3-b5,3,"a1, a2, a3, chi2, photons, tau1, tau2, tau3"
4_BKOCO2form20min_740nm_2995mW_u1_poc0p6_20x0p75NA_457s50_g70_z1_256pix_basicFLIM_120f_0001.sdt,20260509_KPC_fixed_dishes_on_SLIM::fitet-sf-c2-b5::4_BKOCO2form20min_740nm_2995mW_u1_poc0p6_20x0p75NA_457s50_g70_z1_256pix_basicFLIM_120f_0001,fitet-sf-c2-b5,3,"a1, a2, a3, chi2, photons, tau1, tau2, tau3"
4_BKOCO2form20min_740nm_2995mW_u1_poc0p6_20x0p75NA_457s50_g70_z1_256pix_basicFLIM_120f_0001.sdt,20260509_KPC_fixed_dishes_on_SLIM::fitet-sf-c3-b5::4_BKOCO2form20min_740nm_2995mW_u1_poc0p6_20x0p75NA_457s50_g70_z1_256pix_basicFLIM_120f_0001,fitet-sf-c3-b5,3,"a1, a2, a3, chi2, photons, tau1, tau2, tau3"
4_BKOCO2form20min_740nm_2995mW_u1_poc0p6_20x0p75NA_457s50_g70_z1_256pix_basicFLIM_120f_0001.sdt,20260509_KPC_fixed_dishes_on_SLIM::fitet-sf-c3-t365_1982_7988-b5::4_BKOCO2form20min_740nm_2995mW_u1_poc0p6_20x0p75NA_457s50_g70_z1_256pix_basicFLIM_120f_0001,fitet-sf-c3-t365_1982_7988-b5,3,"a1, a2, a3, chi2, photons, tau1, tau2, tau3"
4_BKOCO2form20min_740nm_2995mW_u1_poc0p6_20x0p75NA_457s50_g70_z1_256pix_basicFLIM_120f_0001.sdt,20260509_KPC_fixed_dishes_on_SLIM::fitet-sz-c2-b5::4_BKOCO2form20min_740nm_2995mW_u1_poc0p6_20x0p75NA_457s50_g70_z1_256pix_basicFLIM_120f_0001,fitet-sz-c2-b5,2,"a1, a2, chi2, photons, tau1, tau2"
4_BKOCO2form20min_740nm_2995mW_u1_poc0p6_20x0p75NA_457s50_g70_z1_256pix_basicFLIM_120f_0001.sdt,20260509_KPC_fixed_dishes_on_SLIM::fitet-sz-c3-b5::4_BKOCO2form20min_740nm_2995mW_u1_poc0p6_20x0p75NA_457s50_g70_z1_256pix_basicFLIM_120f_0001,fitet-sz-c3-b5,3,"a1, a2, a3, chi2, photons, tau1, tau2, tau3"
4_BKOCO2form20min_740nm_2995mW_u1_poc0p6_20x0p75NA_457s50_g70_z1_256pix_basicFLIM_120f_0002.sdt,20260509_KPC_fixed_dishes_on_SLIM::fitet-sf-c2-b5::4_BKOCO2form20min_740nm_2995mW_u1_poc0p6_20x0p75NA_457s50_g70_z1_256pix_basicFLIM_120f_0002,fitet-sf-c2-b5,3,"a1, a2, a3, chi2, photons, tau1, tau2, tau3"
4_BKOCO2form20min_740nm_2995mW_u1_poc0p6_20x0p75NA_457s50_g70_z1_256pix_basicFLIM_120f_0002.sdt,20260509_KPC_fixed_dishes_on_SLIM::fitet-sf-c3-b5::4_BKOCO2form20min_740nm_2995mW_u1_poc0p6_20x0p75NA_457s50_g70_z1_256pix_basicFLIM_120f_0002,fitet-sf-c3-b5,3,"a1, a2, a3, chi2, photons, tau1, tau2, tau3"
4_BKOCO2form20min_740nm_2995mW_u1_poc0p6_20x0p75NA_457s50_g70_z1_256pix_basicFLIM_120f_0002.sdt,20260509_KPC_fixed_dishes_on_SLIM::fitet-sf-c3-t365_1982_7988-b5::4_BKOCO2form20min_740nm_2995mW_u1_poc0p6_20x0p75NA_457s50_g70_z1_256pix_basicFLIM_120f_0002,fitet-sf-c3-t365_1982_7988-b5,3,"a1, a2, a3, chi2, photons, tau1, tau2, tau3"
4_BKOCO2form20min_740nm_2995mW_u1_poc0p6_20x0p75NA_457s50_g70_z1_256pix_basicFLIM_120f_0002.sdt,20260509_KPC_fixed_dishes_on_SLIM::fitet-sz-c2-b5::4_BKOCO2form20min_740nm_2995mW_u1_poc0p6_20x0p75NA_457s50_g70_z1_256pix_basicFLIM_120f_0002,fitet-sz-c2-b5,2,"a1, a2, chi2, photons, tau1, tau2"
4_BKOCO2form20min_740nm_2995mW_u1_poc0p6_20x0p75NA_457s50_g70_z1_256pix_basicFLIM_120f_0002.sdt,20260509_KPC_fixed_dishes_on_SLIM::fitet-sz-c3-b5::4_BKOCO2form20min_740nm_2995mW_u1_poc0p6_20x0p75NA_457s50_g70_z1_256pix_basicFLIM_120f_0002,fitet-sz-c3-b5,3,"a1, a2, a3, chi2, photons, tau1, tau2, tau3"
4_BKOCO2form20min_740nm_2995mW_u1_poc0p6_20x0p75NA_457s50_g70_z1_256pix_basicFLIM_120f_0003.sdt,20260509_KPC_fixed_dishes_on_SLIM::fitet-sf-c2-b5::4_BKOCO2form20min_740nm_2995mW_u1_poc0p6_20x0p75NA_457s50_g70_z1_256pix_basicFLIM_120f_0003,fitet-sf-c2-b5,3,"a1, a2, a3, chi2, photons, tau1, tau2, tau3"
4_BKOCO2form20min_740nm_2995mW_u1_poc0p6_20x0p75NA_457s50_g70_z1_256pix_basicFLIM_120f_0003.sdt,20260509_KPC_fixed_dishes_on_SLIM::fitet-sf-c3-b5::4_BKOCO2form20min_740nm_2995mW_u1_poc0p6_20x0p75NA_457s50_g70_z1_256pix_basicFLIM_120f_0003,fitet-sf-c3-b5,3,"a1, a2, a3, chi2, photons, tau1, tau2, tau3"
4_BKOCO2form20min_740nm_2995mW_u1_poc0p6_20x0p75NA_457s50_g70_z1_256pix_basicFLIM_120f_0003.sdt,20260509_KPC_fixed_dishes_on_SLIM::fitet-sf-c3-t365_1982_7988-b5::4_BKOCO2form20min_740nm_2995mW_u1_poc0p6_20x0p75NA_457s50_g70_z1_256pix_basicFLIM_120f_0003,fitet-sf-c3-t365_1982_7988-b5,3,"a1, a2, a3, chi2, photons, tau1, tau2, tau3"
4_BKOCO2form20min_740nm_2995mW_u1_poc0p6_20x0p75NA_457s50_g70_z1_256pix_basicFLIM_120f_0003.sdt,20260509_KPC_fixed_dishes_on_SLIM::fitet-sz-c2-b5::4_BKOCO2form20min_740nm_2995mW_u1_poc0p6_20x0p75NA_457s50_g70_z1_256pix_basicFLIM_120f_0003,fitet-sz-c2-b5,2,"a1, a2, chi2, photons, tau1, tau2"
4_BKOCO2form20min_740nm_2995mW_u1_poc0p6_20x0p75NA_457s50_g70_z1_256pix_basicFLIM_120f_0003.sdt,20260509_KPC_fixed_dishes_on_SLIM::fitet-sz-c3-b5::4_BKOCO2form20min_740nm_2995mW_u1_poc0p6_20x0p75NA_457s50_g70_z1_256pix_basicFLIM_120f_0003,fitet-sz-c3-b5,3,"a1, a2, a3, chi2, photons, tau1, tau2, tau3"
4_BKOCO2form20min_740nm_2995mW_u1_poc0p6_20x0p75NA_457s50_g70_z1_256pix_basicFLIM_120f_0004.sdt,20260509_KPC_fixed_dishes_on_SLIM::fitet-sf-c2-b5::4_BKOCO2form20min_740nm_2995mW_u1_poc0p6_20x0p75NA_457s50_g70_z1_256pix_basicFLIM_120f_0004,fitet-sf-c2-b5,3,"a1, a2, a3, chi2, photons, tau1, tau2, tau3"
4_BKOCO2form20min_740nm_2995mW_u1_poc0p6_20x0p75NA_457s50_g70_z1_256pix_basicFLIM_120f_0004.sdt,20260509_KPC_fixed_dishes_on_SLIM::fitet-sf-c3-b5::4_BKOCO2form20min_740nm_2995mW_u1_poc0p6_20x0p75NA_457s50_g70_z1_256pix_basicFLIM_120f_0004,fitet-sf-c3-b5,3,"a1, a2, a3, chi2, photons, tau1, tau2, tau3"
4_BKOCO2form20min_740nm_2995mW_u1_poc0p6_20x0p75NA_457s50_g70_z1_256pix_basicFLIM_120f_0004.sdt,20260509_KPC_fixed_dishes_on_SLIM::fitet-sf-c3-t365_1982_7988-b5::4_BKOCO2form20min_740nm_2995mW_u1_poc0p6_20x0p75NA_457s50_g70_z1_256pix_basicFLIM_120f_0004,fitet-sf-c3-t365_1982_7988-b5,3,"a1, a2, a3, chi2, photons, tau1, tau2, tau3"
4_BKOCO2form20min_740nm_2995mW_u1_poc0p6_20x0p75NA_457s50_g70_z1_256pix_basicFLIM_120f_0004.sdt,20260509_KPC_fixed_dishes_on_SLIM::fitet-sz-c2-b5::4_BKOCO2form20min_740nm_2995mW_u1_poc0p6_20x0p75NA_457s50_g70_z1_256pix_basicFLIM_120f_0004,fitet-sz-c2-b5,2,"a1, a2, chi2, photons, tau1, tau2"
4_BKOCO2form20min_740nm_2995mW_u1_poc0p6_20x0p75NA_457s50_g70_z1_256pix_basicFLIM_120f_0004.sdt,20260509_KPC_fixed_dishes_on_SLIM::fitet-sz-c3-b5::4_BKOCO2form20min_740nm_2995mW_u1_poc0p6_20x0p75NA_457s50_g70_z1_256pix_basicFLIM_120f_0004,fitet-sz-c3-b5,3,"a1, a2, a3, chi2, photons, tau1, tau2, tau3"
4_BKOCO2form20min_740nm_2995mW_u1_poc0p6_20x0p75NA_457s50_g70_z1_256pix_basicFLIM_120f_0005.sdt,20260509_KPC_fixed_dishes_on_SLIM::fitet-sf-c2-b5::4_BKOCO2form20min_740nm_2995mW_u1_poc0p6_20x0p75NA_457s50_g70_z1_256pix_basicFLIM_120f_0005,fitet-sf-c2-b5,3,"a1, a2, a3, chi2, photons, tau1, tau2, tau3"
4_BKOCO2form20min_740nm_2995mW_u1_poc0p6_20x0p75NA_457s50_g70_z1_256pix_basicFLIM_120f_0005.sdt,20260509_KPC_fixed_dishes_on_SLIM::fitet-sf-c3-b5::4_BKOCO2form20min_740nm_2995mW_u1_poc0p6_20x0p75NA_457s50_g70_z1_256pix_basicFLIM_120f_0005,fitet-sf-c3-b5,3,"a1, a2, a3, chi2, photons, tau1, tau2, tau3"
4_BKOCO2form20min_740nm_2995mW_u1_poc0p6_20x0p75NA_457s50_g70_z1_256pix_basicFLIM_120f_0005.sdt,20260509_KPC_fixed_dishes_on_SLIM::fitet-sf-c3-t365_1982_7988-b5::4_BKOCO2form20min_740nm_2995mW_u1_poc0p6_20x0p75NA_457s50_g70_z1_256pix_basicFLIM_120f_0005,fitet-sf-c3-t365_1982_7988-b5,3,"a1, a2, a3, chi2, photons, tau1, tau2, tau3"
4_BKOCO2form20min_740nm_2995mW_u1_poc0p6_20x0p75NA_457s50_g70_z1_256pix_basicFLIM_120f_0005.sdt,20260509_KPC_fixed_dishes_on_SLIM::fitet-sz-c2-b5::4_BKOCO2form20min_740nm_2995mW_u1_poc0p6_20x0p75NA_457s50_g70_z1_256pix_basicFLIM_120f_0005,fitet-sz-c2-b5,2,"a1, a2, chi2, photons, tau1, tau2"
4_BKOCO2form20min_740nm_2995mW_u1_poc0p6_20x0p75NA_457s50_g70_z1_256pix_basicFLIM_120f_0005.sdt,20260509_KPC_fixed_dishes_on_SLIM::fitet-sz-c3-b5::4_BKOCO2form20min_740nm_2995mW_u1_poc0p6_20x0p75NA_457s50_g70_z1_256pix_basicFLIM_120f_0005,fitet-sz-c3-b5,3,"a1, a2, a3, chi2, photons, tau1, tau2, tau3"
4_BKOCO2form20min_740nm_2995mW_u1_poc0p6_20x0p75NA_457s50_g70_z1_256pix_basicFLIM_120f_0006.sdt,20260509_KPC_fixed_dishes_on_SLIM::fitet-sf-c2-b5::4_BKOCO2form20min_740nm_2995mW_u1_poc0p6_20x0p75NA_457s50_g70_z1_256pix_basicFLIM_120f_0006,fitet-sf-c2-b5,3,"a1, a2, a3, chi2, photons, tau1, tau2, tau3"
4_BKOCO2form20min_740nm_2995mW_u1_poc0p6_20x0p75NA_457s50_g70_z1_256pix_basicFLIM_120f_0006.sdt,20260509_KPC_fixed_dishes_on_SLIM::fitet-sf-c3-b5::4_BKOCO2form20min_740nm_2995mW_u1_poc0p6_20x0p75NA_457s50_g70_z1_256pix_basicFLIM_120f_0006,fitet-sf-c3-b5,3,"a1, a2, a3, chi2, photons, tau1, tau2, tau3"
4_BKOCO2form20min_740nm_2995mW_u1_poc0p6_20x0p75NA_457s50_g70_z1_256pix_basicFLIM_120f_0006.sdt,20260509_KPC_fixed_dishes_on_SLIM::fitet-sf-c3-t365_1982_7988-b5::4_BKOCO2form20min_740nm_2995mW_u1_poc0p6_20x0p75NA_457s50_g70_z1_256pix_basicFLIM_120f_0006,fitet-sf-c3-t365_1982_7988-b5,3,"a1, a2, a3, chi2, photons, tau1, tau2, tau3"
4_BKOCO2form20min_740nm_2995mW_u1_poc0p6_20x0p75NA_457s50_g70_z1_256pix_basicFLIM_120f_0006.sdt,20260509_KPC_fixed_dishes_on_SLIM::fitet-sz-c2-b5::4_BKOCO2form20min_740nm_2995mW_u1_poc0p6_20x0p75NA_457s50_g70_z1_256pix_basicFLIM_120f_0006,fitet-sz-c2-b5,2,"a1, a2, chi2, photons, tau1, tau2"
4_BKOCO2form20min_740nm_2995mW_u1_poc0p6_20x0p75NA_457s50_g70_z1_256pix_basicFLIM_120f_0006.sdt,20260509_KPC_fixed_dishes_on_SLIM::fitet-sz-c3-b5::4_BKOCO2form20min_740nm_2995mW_u1_poc0p6_20x0p75NA_457s50_g70_z1_256pix_basicFLIM_120f_0006,fitet-sz-c3-b5,3,"a1, a2, a3, chi2, photons, tau1, tau2, tau3"
4_BKOCO2form20min_740nm_2995mW_u1_poc0p6_20x0p75NA_457s50_g70_z1_256pix_basicFLIM_120f_0007.sdt,20260509_KPC_fixed_dishes_on_SLIM::fitet-sf-c2-b5::4_BKOCO2form20min_740nm_2995mW_u1_poc0p6_20x0p75NA_457s50_g70_z1_256pix_basicFLIM_120f_0007,fitet-sf-c2-b5,3,"a1, a2, a3, chi2, photons, tau1, tau2, tau3"
4_BKOCO2form20min_740nm_2995mW_u1_poc0p6_20x0p75NA_457s50_g70_z1_256pix_basicFLIM_120f_0007.sdt,20260509_KPC_fixed_dishes_on_SLIM::fitet-sf-c3-b5::4_BKOCO2form20min_740nm_2995mW_u1_poc0p6_20x0p75NA_457s50_g70_z1_256pix_basicFLIM_120f_0007,fitet-sf-c3-b5,3,"a1, a2, a3, chi2, photons, tau1, tau2, tau3"
4_BKOCO2form20min_740nm_2995mW_u1_poc0p6_20x0p75NA_457s50_g70_z1_256pix_basicFLIM_120f_0007.sdt,20260509_KPC_fixed_dishes_on_SLIM::fitet-sf-c3-t365_1982_7988-b5::4_BKOCO2form20min_740nm_2995mW_u1_poc0p6_20x0p75NA_457s50_g70_z1_256pix_basicFLIM_120f_0007,fitet-sf-c3-t365_1982_7988-b5,3,"a1, a2, a3, chi2, photons, tau1, tau2, tau3"
4_BKOCO2form20min_740nm_2995mW_u1_poc0p6_20x0p75NA_457s50_g70_z1_256pix_basicFLIM_120f_0007.sdt,20260509_KPC_fixed_dishes_on_SLIM::fitet-sz-c2-b5::4_BKOCO2form20min_740nm_2995mW_u1_poc0p6_20x0p75NA_457s50_g70_z1_256pix_basicFLIM_120f_0007,fitet-sz-c2-b5,2,"a1, a2, chi2, photons, tau1, tau2"
4_BKOCO2form20min_740nm_2995mW_u1_poc0p6_20x0p75NA_457s50_g70_z1_256pix_basicFLIM_120f_0007.sdt,20260509_KPC_fixed_dishes_on_SLIM::fitet-sz-c3-b5::4_BKOCO2form20min_740nm_2995mW_u1_poc0p6_20x0p75NA_457s50_g70_z1_256pix_basicFLIM_120f_0007,fitet-sz-c3-b5,3,"a1, a2, a3, chi2, photons, tau1, tau2, tau3"
4_BKOCO2form20min_740nm_2995mW_u1_poc0p6_20x0p75NA_457s50_g70_z1_256pix_basicFLIM_120f_0008.sdt,20260509_KPC_fixed_dishes_on_SLIM::fitet-sf-c2-b5::4_BKOCO2form20min_740nm_2995mW_u1_poc0p6_20x0p75NA_457s50_g70_z1_256pix_basicFLIM_120f_0008,fitet-sf-c2-b5,3,"a1, a2, a3, chi2, photons, tau1, tau2, tau3"
4_BKOCO2form20min_740nm_2995mW_u1_poc0p6_20x0p75NA_457s50_g70_z1_256pix_basicFLIM_120f_0008.sdt,20260509_KPC_fixed_dishes_on_SLIM::fitet-sf-c3-b5::4_BKOCO2form20min_740nm_2995mW_u1_poc0p6_20x0p75NA_457s50_g70_z1_256pix_basicFLIM_120f_0008,fitet-sf-c3-b5,3,"a1, a2, a3, chi2, photons, tau1, tau2, tau3"
4_BKOCO2form20min_740nm_2995mW_u1_poc0p6_20x0p75NA_457s50_g70_z1_256pix_basicFLIM_120f_0008.sdt,20260509_KPC_fixed_dishes_on_SLIM::fitet-sf-c3-t365_1982_7988-b5::4_BKOCO2form20min_740nm_2995mW_u1_poc0p6_20x0p75NA_457s50_g70_z1_256pix_basicFLIM_120f_0008,fitet-sf-c3-t365_1982_7988-b5,3,"a1, a2, a3, chi2, photons, tau1, tau2, tau3"
4_BKOCO2form20min_740nm_2995mW_u1_poc0p6_20x0p75NA_457s50_g70_z1_256pix_basicFLIM_120f_0008.sdt,20260509_KPC_fixed_dishes_on_SLIM::fitet-sz-c2-b5::4_BKOCO2form20min_740nm_2995mW_u1_poc0p6_20x0p75NA_457s50_g70_z1_256pix_basicFLIM_120f_0008,fitet-sz-c2-b5,2,"a1, a2, chi2, photons, tau1, tau2"
4_BKOCO2form20min_740nm_2995mW_u1_poc0p6_20x0p75NA_457s50_g70_z1_256pix_basicFLIM_120f_0008.sdt,20260509_KPC_fixed_dishes_on_SLIM::fitet-sz-c3-b5::4_BKOCO2form20min_740nm_2995mW_u1_poc0p6_20x0p75NA_457s50_g70_z1_256pix_basicFLIM_120f_0008,fitet-sz-c3-b5,3,"a1, a2, a3, chi2, photons, tau1, tau2, tau3"
4_BKOCO2form20min_740nm_2995mW_u1_poc0p6_20x0p75NA_457s50_g70_z1_256pix_basicFLIM_120f_0009.sdt,20260509_KPC_fixed_dishes_on_SLIM::fitet-sf-c2-b5::4_BKOCO2form20min_740nm_2995mW_u1_poc0p6_20x0p75NA_457s50_g70_z1_256pix_basicFLIM_120f_0009,fitet-sf-c2-b5,3,"a1, a2, a3, chi2, photons, tau1, tau2, tau3"
4_BKOCO2form20min_740nm_2995mW_u1_poc0p6_20x0p75NA_457s50_g70_z1_256pix_basicFLIM_120f_0009.sdt,20260509_KPC_fixed_dishes_on_SLIM::fitet-sf-c3-b5::4_BKOCO2form20min_740nm_2995mW_u1_poc0p6_20x0p75NA_457s50_g70_z1_256pix_basicFLIM_120f_0009,fitet-sf-c3-b5,3,"a1, a2, a3, chi2, photons, tau1, tau2, tau3"
4_BKOCO2form20min_740nm_2995mW_u1_poc0p6_20x0p75NA_457s50_g70_z1_256pix_basicFLIM_120f_0009.sdt,20260509_KPC_fixed_dishes_on_SLIM::fitet-sf-c3-t365_1982_7988-b5::4_BKOCO2form20min_740nm_2995mW_u1_poc0p6_20x0p75NA_457s50_g70_z1_256pix_basicFLIM_120f_0009,fitet-sf-c3-t365_1982_7988-b5,3,"a1, a2, a3, chi2, photons, tau1, tau2, tau3"
4_BKOCO2form20min_740nm_2995mW_u1_poc0p6_20x0p75NA_457s50_g70_z1_256pix_basicFLIM_120f_0009.sdt,20260509_KPC_fixed_dishes_on_SLIM::fitet-sz-c2-b5::4_BKOCO2form20min_740nm_2995mW_u1_poc0p6_20x0p75NA_457s50_g70_z1_256pix_basicFLIM_120f_0009,fitet-sz-c2-b5,2,"a1, a2, chi2, photons, tau1, tau2"
4_BKOCO2form20min_740nm_2995mW_u1_poc0p6_20x0p75NA_457s50_g70_z1_256pix_basicFLIM_120f_0009.sdt,20260509_KPC_fixed_dishes_on_SLIM::fitet-sz-c3-b5::4_BKOCO2form20min_740nm_2995mW_u1_poc0p6_20x0p75NA_457s50_g70_z1_256pix_basicFLIM_120f_0009,fitet-sz-c3-b5,3,"a1, a2, a3, chi2, photons, tau1, tau2, tau3"
4_BKOCO2form20min_740nm_2995mW_u1_poc0p6_20x0p75NA_457s50_g70_z1_256pix_basicFLIM_120f_0010.sdt,20260509_KPC_fixed_dishes_on_SLIM::fitet-sf-c2-b5::4_BKOCO2form20min_740nm_2995mW_u1_poc0p6_20x0p75NA_457s50_g70_z1_256pix_basicFLIM_120f_0010,fitet-sf-c2-b5,3,"a1, a2, a3, chi2, photons, tau1, tau2, tau3"
4_BKOCO2form20min_740nm_2995mW_u1_poc0p6_20x0p75NA_457s50_g70_z1_256pix_basicFLIM_120f_0010.sdt,20260509_KPC_fixed_dishes_on_SLIM::fitet-sf-c3-b5::4_BKOCO2form20min_740nm_2995mW_u1_poc0p6_20x0p75NA_457s50_g70_z1_256pix_basicFLIM_120f_0010,fitet-sf-c3-b5,3,"a1, a2, a3, chi2, photons, tau1, tau2, tau3"
4_BKOCO2form20min_740nm_2995mW_u1_poc0p6_20x0p75NA_457s50_g70_z1_256pix_basicFLIM_120f_0010.sdt,20260509_KPC_fixed_dishes_on_SLIM::fitet-sf-c3-t365_1982_7988-b5::4_BKOCO2form20min_740nm_2995mW_u1_poc0p6_20x0p75NA_457s50_g70_z1_256pix_basicFLIM_120f_0010,fitet-sf-c3-t365_1982_7988-b5,3,"a1, a2, a3, chi2, photons, tau1, tau2, tau3"
4_BKOCO2form20min_740nm_2995mW_u1_poc0p6_20x0p75NA_457s50_g70_z1_256pix_basicFLIM_120f_0010.sdt,20260509_KPC_fixed_dishes_on_SLIM::fitet-sz-c2-b5::4_BKOCO2form20min_740nm_2995mW_u1_poc0p6_20x0p75NA_457s50_g70_z1_256pix_basicFLIM_120f_0010,fitet-sz-c2-b5,2,"a1, a2, chi2, photons, tau1, tau2"
4_BKOCO2form20min_740nm_2995mW_u1_poc0p6_20x0p75NA_457s50_g70_z1_256pix_basicFLIM_120f_0010.sdt,20260509_KPC_fixed_dishes_on_SLIM::fitet-sz-c3-b5::4_BKOCO2form20min_740nm_2995mW_u1_poc0p6_20x0p75NA_457s50_g70_z1_256pix_basicFLIM_120f_0010,fitet-sz-c3-b5,3,"a1, a2, a3, chi2, photons, tau1, tau2, tau3"
4_BKOCO2form20min_740nm_2995mW_u1_poc0p6_20x0p75NA_457s50_g70_z1_256pix_basicFLIM_120f_0011.sdt,20260509_KPC_fixed_dishes_on_SLIM::fitet-sf-c2-b5::4_BKOCO2form20min_740nm_2995mW_u1_poc0p6_20x0p75NA_457s50_g70_z1_256pix_basicFLIM_120f_0011,fitet-sf-c2-b5,3,"a1, a2, a3, chi2, photons, tau1, tau2, tau3"
4_BKOCO2form20min_740nm_2995mW_u1_poc0p6_20x0p75NA_457s50_g70_z1_256pix_basicFLIM_120f_0011.sdt,20260509_KPC_fixed_dishes_on_SLIM::fitet-sf-c3-b5::4_BKOCO2form20min_740nm_2995mW_u1_poc0p6_20x0p75NA_457s50_g70_z1_256pix_basicFLIM_120f_0011,fitet-sf-c3-b5,3,"a1, a2, a3, chi2, photons, tau1, tau2, tau3"
4_BKOCO2form20min_740nm_2995mW_u1_poc0p6_20x0p75NA_457s50_g70_z1_256pix_basicFLIM_120f_0011.sdt,20260509_KPC_fixed_dishes_on_SLIM::fitet-sf-c3-t365_1982_7988-b5::4_BKOCO2form20min_740nm_2995mW_u1_poc0p6_20x0p75NA_457s50_g70_z1_256pix_basicFLIM_120f_0011,fitet-sf-c3-t365_1982_7988-b5,3,"a1, a2, a3, chi2, photons, tau1, tau2, tau3"
4_BKOCO2form20min_740nm_2995mW_u1_poc0p6_20x0p75NA_457s50_g70_z1_256pix_basicFLIM_120f_0011.sdt,20260509_KPC_fixed_dishes_on_SLIM::fitet-sz-c2-b5::4_BKOCO2form20min_740nm_2995mW_u1_poc0p6_20x0p75NA_457s50_g70_z1_256pix_basicFLIM_120f_0011,fitet-sz-c2-b5,2,"a1, a2, chi2, photons, tau1, tau2"
4_BKOCO2form20min_740nm_2995mW_u1_poc0p6_20x0p75NA_457s50_g70_z1_256pix_basicFLIM_120f_0011.sdt,20260509_KPC_fixed_dishes_on_SLIM::fitet-sz-c3-b5::4_BKOCO2form20min_740nm_2995mW_u1_poc0p6_20x0p75NA_457s50_g70_z1_256pix_basicFLIM_120f_0011,fitet-sz-c3-b5,3,"a1, a2, a3, chi2, photons, tau1, tau2, tau3"
4_BKOCO2form20min_740nm_2995mW_u1_poc0p6_20x0p75NA_457s50_g70_z1_256pix_basicFLIM_120f_0012.sdt,20260509_KPC_fixed_dishes_on_SLIM::fitet-sf-c2-b5::4_BKOCO2form20min_740nm_2995mW_u1_poc0p6_20x0p75NA_457s50_g70_z1_256pix_basicFLIM_120f_0012,fitet-sf-c2-b5,3,"a1, a2, a3, chi2, photons, tau1, tau2, tau3"
4_BKOCO2form20min_740nm_2995mW_u1_poc0p6_20x0p75NA_457s50_g70_z1_256pix_basicFLIM_120f_0012.sdt,20260509_KPC_fixed_dishes_on_SLIM::fitet-sf-c3-b5::4_BKOCO2form20min_740nm_2995mW_u1_poc0p6_20x0p75NA_457s50_g70_z1_256pix_basicFLIM_120f_0012,fitet-sf-c3-b5,3,"a1, a2, a3, chi2, photons, tau1, tau2, tau3"
4_BKOCO2form20min_740nm_2995mW_u1_poc0p6_20x0p75NA_457s50_g70_z1_256pix_basicFLIM_120f_0012.sdt,20260509_KPC_fixed_dishes_on_SLIM::fitet-sf-c3-t365_1982_7988-b5::4_BKOCO2form20min_740nm_2995mW_u1_poc0p6_20x0p75NA_457s50_g70_z1_256pix_basicFLIM_120f_0012,fitet-sf-c3-t365_1982_7988-b5,3,"a1, a2, a3, chi2, photons, tau1, tau2, tau3"
4_BKOCO2form20min_740nm_2995mW_u1_poc0p6_20x0p75NA_457s50_g70_z1_256pix_basicFLIM_120f_0012.sdt,20260509_KPC_fixed_dishes_on_SLIM::fitet-sz-c2-b5::4_BKOCO2form20min_740nm_2995mW_u1_poc0p6_20x0p75NA_457s50_g70_z1_256pix_basicFLIM_120f_0012,fitet-sz-c2-b5,2,"a1, a2, chi2, photons, tau1, tau2"
4_BKOCO2form20min_740nm_2995mW_u1_poc0p6_20x0p75NA_457s50_g70_z1_256pix_basicFLIM_120f_0012.sdt,20260509_KPC_fixed_dishes_on_SLIM::fitet-sz-c3-b5::4_BKOCO2form20min_740nm_2995mW_u1_poc0p6_20x0p75NA_457s50_g70_z1_256pix_basicFLIM_120f_0012,fitet-sz-c3-b5,3,"a1, a2, a3, chi2, photons, tau1, tau2, tau3"
4_BKOCO2form20min_740nm_2995mW_u1_poc0p6_20x0p75NA_457s50_g70_z1_256pix_basicFLIM_120f_0013.sdt,20260509_KPC_fixed_dishes_on_SLIM::fitet-sf-c2-b5::4_BKOCO2form20min_740nm_2995mW_u1_poc0p6_20x0p75NA_457s50_g70_z1_256pix_basicFLIM_120f_0013,fitet-sf-c2-b5,3,"a1, a2, a3, chi2, photons, tau1, tau2, tau3"
4_BKOCO2form20min_740nm_2995mW_u1_poc0p6_20x0p75NA_457s50_g70_z1_256pix_basicFLIM_120f_0013.sdt,20260509_KPC_fixed_dishes_on_SLIM::fitet-sf-c3-b5::4_BKOCO2form20min_740nm_2995mW_u1_poc0p6_20x0p75NA_457s50_g70_z1_256pix_basicFLIM_120f_0013,fitet-sf-c3-b5,3,"a1, a2, a3, chi2, photons, tau1, tau2, tau3"
4_BKOCO2form20min_740nm_2995mW_u1_poc0p6_20x0p75NA_457s50_g70_z1_256pix_basicFLIM_120f_0013.sdt,20260509_KPC_fixed_dishes_on_SLIM::fitet-sf-c3-t365_1982_7988-b5::4_BKOCO2form20min_740nm_2995mW_u1_poc0p6_20x0p75NA_457s50_g70_z1_256pix_basicFLIM_120f_0013,fitet-sf-c3-t365_1982_7988-b5,3,"a1, a2, a3, chi2, photons, tau1, tau2, tau3"
4_BKOCO2form20min_740nm_2995mW_u1_poc0p6_20x0p75NA_457s50_g70_z1_256pix_basicFLIM_120f_0013.sdt,20260509_KPC_fixed_dishes_on_SLIM::fitet-sz-c2-b5::4_BKOCO2form20min_740nm_2995mW_u1_poc0p6_20x0p75NA_457s50_g70_z1_256pix_basicFLIM_120f_0013,fitet-sz-c2-b5,2,"a1, a2, chi2, photons, tau1, tau2"
4_BKOCO2form20min_740nm_2995mW_u1_poc0p6_20x0p75NA_457s50_g70_z1_256pix_basicFLIM_120f_0013.sdt,20260509_KPC_fixed_dishes_on_SLIM::fitet-sz-c3-b5::4_BKOCO2form20min_740nm_2995mW_u1_poc0p6_20x0p75NA_457s50_g70_z1_256pix_basicFLIM_120f_0013,fitet-sz-c3-b5,3,"a1, a2, a3, chi2, photons, tau1, tau2, tau3"
4_BKOCO2form20min_740nm_2995mW_u1_poc0p6_20x0p75NA_457s50_g70_z1_256pix_basicFLIM_120f_0014.sdt,20260509_KPC_fixed_dishes_on_SLIM::fitet-sf-c2-b5::4_BKOCO2form20min_740nm_2995mW_u1_poc0p6_20x0p75NA_457s50_g70_z1_256pix_basicFLIM_120f_0014,fitet-sf-c2-b5,3,"a1, a2, a3, chi2, photons, tau1, tau2, tau3"
4_BKOCO2form20min_740nm_2995mW_u1_poc0p6_20x0p75NA_457s50_g70_z1_256pix_basicFLIM_120f_0014.sdt,20260509_KPC_fixed_dishes_on_SLIM::fitet-sf-c3-b5::4_BKOCO2form20min_740nm_2995mW_u1_poc0p6_20x0p75NA_457s50_g70_z1_256pix_basicFLIM_120f_0014,fitet-sf-c3-b5,3,"a1, a2, a3, chi2, photons, tau1, tau2, tau3"
4_BKOCO2form20min_740nm_2995mW_u1_poc0p6_20x0p75NA_457s50_g70_z1_256pix_basicFLIM_120f_0014.sdt,20260509_KPC_fixed_dishes_on_SLIM::fitet-sf-c3-t365_1982_7988-b5::4_BKOCO2form20min_740nm_2995mW_u1_poc0p6_20x0p75NA_457s50_g70_z1_256pix_basicFLIM_120f_0014,fitet-sf-c3-t365_1982_7988-b5,3,"a1, a2, a3, chi2, photons, tau1, tau2, tau3"
4_BKOCO2form20min_740nm_2995mW_u1_poc0p6_20x0p75NA_457s50_g70_z1_256pix_basicFLIM_120f_0014.sdt,20260509_KPC_fixed_dishes_on_SLIM::fitet-sz-c2-b5::4_BKOCO2form20min_740nm_2995mW_u1_poc0p6_20x0p75NA_457s50_g70_z1_256pix_basicFLIM_120f_0014,fitet-sz-c2-b5,2,"a1, a2, chi2, photons, tau1, tau2"
4_BKOCO2form20min_740nm_2995mW_u1_poc0p6_20x0p75NA_457s50_g70_z1_256pix_basicFLIM_120f_0014.sdt,20260509_KPC_fixed_dishes_on_SLIM::fitet-sz-c3-b5::4_BKOCO2form20min_740nm_2995mW_u1_poc0p6_20x0p75NA_457s50_g70_z1_256pix_basicFLIM_120f_0014,fitet-sz-c3-b5,3,"a1, a2, a3, chi2, photons, tau1, tau2, tau3"
4_BKOCO2form20min_740nm_2995mW_u1_poc0p6_20x0p75NA_457s50_g70_z1_256pix_basicFLIM_120f_0015.sdt,20260509_KPC_fixed_dishes_on_SLIM::fitet-sf-c2-b5::4_BKOCO2form20min_740nm_2995mW_u1_poc0p6_20x0p75NA_457s50_g70_z1_256pix_basicFLIM_120f_0015,fitet-sf-c2-b5,3,"a1, a2, a3, chi2, photons, tau1, tau2, tau3"
4_BKOCO2form20min_740nm_2995mW_u1_poc0p6_20x0p75NA_457s50_g70_z1_256pix_basicFLIM_120f_0015.sdt,20260509_KPC_fixed_dishes_on_SLIM::fitet-sf-c3-b5::4_BKOCO2form20min_740nm_2995mW_u1_poc0p6_20x0p75NA_457s50_g70_z1_256pix_basicFLIM_120f_0015,fitet-sf-c3-b5,3,"a1, a2, a3, chi2, photons, tau1, tau2, tau3"
4_BKOCO2form20min_740nm_2995mW_u1_poc0p6_20x0p75NA_457s50_g70_z1_256pix_basicFLIM_120f_0015.sdt,20260509_KPC_fixed_dishes_on_SLIM::fitet-sf-c3-t365_1982_7988-b5::4_BKOCO2form20min_740nm_2995mW_u1_poc0p6_20x0p75NA_457s50_g70_z1_256pix_basicFLIM_120f_0015,fitet-sf-c3-t365_1982_7988-b5,3,"a1, a2, a3, chi2, photons, tau1, tau2, tau3"
4_BKOCO2form20min_740nm_2995mW_u1_poc0p6_20x0p75NA_457s50_g70_z1_256pix_basicFLIM_120f_0015.sdt,20260509_KPC_fixed_dishes_on_SLIM::fitet-sz-c2-b5::4_BKOCO2form20min_740nm_2995mW_u1_poc0p6_20x0p75NA_457s50_g70_z1_256pix_basicFLIM_120f_0015,fitet-sz-c2-b5,2,"a1, a2, chi2, photons, tau1, tau2"
4_BKOCO2form20min_740nm_2995mW_u1_poc0p6_20x0p75NA_457s50_g70_z1_256pix_basicFLIM_120f_0015.sdt,20260509_KPC_fixed_dishes_on_SLIM::fitet-sz-c3-b5::4_BKOCO2form20min_740nm_2995mW_u1_poc0p6_20x0p75NA_457s50_g70_z1_256pix_basicFLIM_120f_0015,fitet-sz-c3-b5,3,"a1, a2, a3, chi2, photons, tau1, tau2, tau3"
4_BKOCO2form20min_740nm_2995mW_u1_poc0p6_20x0p75NA_535s50_g70_z1_256pix_basicFLIM_120f_0000.sdt,20260509_KPC_fixed_dishes_on_SLIM::fitet-sf-c2-b5::4_BKOCO2form20min_740nm_2995mW_u1_poc0p6_20x0p75NA_535s50_g70_z1_256pix_basicFLIM_120f_0000,fitet-sf-c2-b5,3,"a1, a2, a3, chi2, photons, tau1, tau2, tau3"
4_BKOCO2form20min_740nm_2995mW_u1_poc0p6_20x0p75NA_535s50_g70_z1_256pix_basicFLIM_120f_0000.sdt,20260509_KPC_fixed_dishes_on_SLIM::fitet-sf-c3-b5::4_BKOCO2form20min_740nm_2995mW_u1_poc0p6_20x0p75NA_535s50_g70_z1_256pix_basicFLIM_120f_0000,fitet-sf-c3-b5,3,"a1, a2, a3, chi2, photons, tau1, tau2, tau3"
4_BKOCO2form20min_740nm_2995mW_u1_poc0p6_20x0p75NA_535s50_g70_z1_256pix_basicFLIM_120f_0000.sdt,20260509_KPC_fixed_dishes_on_SLIM::fitet-sf-c3-t365_1982_7988-b5::4_BKOCO2form20min_740nm_2995mW_u1_poc0p6_20x0p75NA_535s50_g70_z1_256pix_basicFLIM_120f_0000,fitet-sf-c3-t365_1982_7988-b5,3,"a1, a2, a3, chi2, photons, tau1, tau2, tau3"
4_BKOCO2form20min_740nm_2995mW_u1_poc0p6_20x0p75NA_535s50_g70_z1_256pix_basicFLIM_120f_0000.sdt,20260509_KPC_fixed_dishes_on_SLIM::fitet-sz-c2-b5::4_BKOCO2form20min_740nm_2995mW_u1_poc0p6_20x0p75NA_535s50_g70_z1_256pix_basicFLIM_120f_0000,fitet-sz-c2-b5,2,"a1, a2, chi2, photons, tau1, tau2"
4_BKOCO2form20min_740nm_2995mW_u1_poc0p6_20x0p75NA_535s50_g70_z1_256pix_basicFLIM_120f_0000.sdt,20260509_KPC_fixed_dishes_on_SLIM::fitet-sz-c3-b5::4_BKOCO2form20min_740nm_2995mW_u1_poc0p6_20x0p75NA_535s50_g70_z1_256pix_basicFLIM_120f_0000,fitet-sz-c3-b5,3,"a1, a2, a3, chi2, photons, tau1, tau2, tau3"
4_BKOCO2form20min_740nm_2995mW_u1_poc0p6_20x0p75NA_535s50_g70_z1_256pix_basicFLIM_120f_0001.sdt,20260509_KPC_fixed_dishes_on_SLIM::fitet-sf-c2-b5::4_BKOCO2form20min_740nm_2995mW_u1_poc0p6_20x0p75NA_535s50_g70_z1_256pix_basicFLIM_120f_0001,fitet-sf-c2-b5,3,"a1, a2, a3, chi2, photons, tau1, tau2, tau3"
4_BKOCO2form20min_740nm_2995mW_u1_poc0p6_20x0p75NA_535s50_g70_z1_256pix_basicFLIM_120f_0001.sdt,20260509_KPC_fixed_dishes_on_SLIM::fitet-sf-c3-b5::4_BKOCO2form20min_740nm_2995mW_u1_poc0p6_20x0p75NA_535s50_g70_z1_256pix_basicFLIM_120f_0001,fitet-sf-c3-b5,3,"a1, a2, a3, chi2, photons, tau1, tau2, tau3"
4_BKOCO2form20min_740nm_2995mW_u1_poc0p6_20x0p75NA_535s50_g70_z1_256pix_basicFLIM_120f_0001.sdt,20260509_KPC_fixed_dishes_on_SLIM::fitet-sf-c3-t365_1982_7988-b5::4_BKOCO2form20min_740nm_2995mW_u1_poc0p6_20x0p75NA_535s50_g70_z1_256pix_basicFLIM_120f_0001,fitet-sf-c3-t365_1982_7988-b5,3,"a1, a2, a3, chi2, photons, tau1, tau2, tau3"
4_BKOCO2form20min_740nm_2995mW_u1_poc0p6_20x0p75NA_535s50_g70_z1_256pix_basicFLIM_120f_0001.sdt,20260509_KPC_fixed_dishes_on_SLIM::fitet-sz-c2-b5::4_BKOCO2form20min_740nm_2995mW_u1_poc0p6_20x0p75NA_535s50_g70_z1_256pix_basicFLIM_120f_0001,fitet-sz-c2-b5,2,"a1, a2, chi2, photons, tau1, tau2"
4_BKOCO2form20min_740nm_2995mW_u1_poc0p6_20x0p75NA_535s50_g70_z1_256pix_basicFLIM_120f_0001.sdt,20260509_KPC_fixed_dishes_on_SLIM::fitet-sz-c3-b5::4_BKOCO2form20min_740nm_2995mW_u1_poc0p6_20x0p75NA_535s50_g70_z1_256pix_basicFLIM_120f_0001,fitet-sz-c3-b5,3,"a1, a2, a3, chi2, photons, tau1, tau2, tau3"
4_BKOCO2form20min_740nm_2995mW_u1_poc0p6_20x0p75NA_535s50_g70_z1_256pix_basicFLIM_120f_0002.sdt,20260509_KPC_fixed_dishes_on_SLIM::fitet-sf-c2-b5::4_BKOCO2form20min_740nm_2995mW_u1_poc0p6_20x0p75NA_535s50_g70_z1_256pix_basicFLIM_120f_0002,fitet-sf-c2-b5,2,"a1, a2, chi2, photons, tau1, tau2"
4_BKOCO2form20min_740nm_2995mW_u1_poc0p6_20x0p75NA_535s50_g70_z1_256pix_basicFLIM_120f_0002.sdt,20260509_KPC_fixed_dishes_on_SLIM::fitet-sf-c3-b5::4_BKOCO2form20min_740nm_2995mW_u1_poc0p6_20x0p75NA_535s50_g70_z1_256pix_basicFLIM_120f_0002,fitet-sf-c3-b5,3,"a1, a2, a3, chi2, photons, tau1, tau2, tau3"
4_BKOCO2form20min_740nm_2995mW_u1_poc0p6_20x0p75NA_535s50_g70_z1_256pix_basicFLIM_120f_0002.sdt,20260509_KPC_fixed_dishes_on_SLIM::fitet-sf-c3-t365_1982_7988-b5::4_BKOCO2form20min_740nm_2995mW_u1_poc0p6_20x0p75NA_535s50_g70_z1_256pix_basicFLIM_120f_0002,fitet-sf-c3-t365_1982_7988-b5,3,"a1, a2, a3, chi2, photons, tau1, tau2, tau3"
4_BKOCO2form20min_740nm_2995mW_u1_poc0p6_20x0p75NA_535s50_g70_z1_256pix_basicFLIM_120f_0002.sdt,20260509_KPC_fixed_dishes_on_SLIM::fitet-sz-c2-b5::4_BKOCO2form20min_740nm_2995mW_u1_poc0p6_20x0p75NA_535s50_g70_z1_256pix_basicFLIM_120f_0002,fitet-sz-c2-b5,2,"a1, a2, chi2, photons, tau1, tau2"
4_BKOCO2form20min_740nm_2995mW_u1_poc0p6_20x0p75NA_535s50_g70_z1_256pix_basicFLIM_120f_0002.sdt,20260509_KPC_fixed_dishes_on_SLIM::fitet-sz-c3-b5::4_BKOCO2form20min_740nm_2995mW_u1_poc0p6_20x0p75NA_535s50_g70_z1_256pix_basicFLIM_120f_0002,fitet-sz-c3-b5,3,"a1, a2, a3, chi2, photons, tau1, tau2, tau3"
4_BKOCO2form20min_740nm_2995mW_u1_poc0p6_20x0p75NA_535s50_g70_z1_256pix_basicFLIM_120f_0003.sdt,20260509_KPC_fixed_dishes_on_SLIM::fitet-sf-c2-b5::4_BKOCO2form20min_740nm_2995mW_u1_poc0p6_20x0p75NA_535s50_g70_z1_256pix_basicFLIM_120f_0003,fitet-sf-c2-b5,2,"a1, a2, chi2, photons, tau1, tau2"
4_BKOCO2form20min_740nm_2995mW_u1_poc0p6_20x0p75NA_535s50_g70_z1_256pix_basicFLIM_120f_0003.sdt,20260509_KPC_fixed_dishes_on_SLIM::fitet-sf-c3-b5::4_BKOCO2form20min_740nm_2995mW_u1_poc0p6_20x0p75NA_535s50_g70_z1_256pix_basicFLIM_120f_0003,fitet-sf-c3-b5,3,"a1, a2, a3, chi2, photons, tau1, tau2, tau3"
4_BKOCO2form20min_740nm_2995mW_u1_poc0p6_20x0p75NA_535s50_g70_z1_256pix_basicFLIM_120f_0003.sdt,20260509_KPC_fixed_dishes_on_SLIM::fitet-sf-c3-t365_1982_7988-b5::4_BKOCO2form20min_740nm_2995mW_u1_poc0p6_20x0p75NA_535s50_g70_z1_256pix_basicFLIM_120f_0003,fitet-sf-c3-t365_1982_7988-b5,3,"a1, a2, a3, chi2, photons, tau1, tau2, tau3"
4_BKOCO2form20min_740nm_2995mW_u1_poc0p6_20x0p75NA_535s50_g70_z1_256pix_basicFLIM_120f_0003.sdt,20260509_KPC_fixed_dishes_on_SLIM::fitet-sz-c2-b5::4_BKOCO2form20min_740nm_2995mW_u1_poc0p6_20x0p75NA_535s50_g70_z1_256pix_basicFLIM_120f_0003,fitet-sz-c2-b5,2,"a1, a2, chi2, photons, tau1, tau2"
4_BKOCO2form20min_740nm_2995mW_u1_poc0p6_20x0p75NA_535s50_g70_z1_256pix_basicFLIM_120f_0003.sdt,20260509_KPC_fixed_dishes_on_SLIM::fitet-sz-c3-b5::4_BKOCO2form20min_740nm_2995mW_u1_poc0p6_20x0p75NA_535s50_g70_z1_256pix_basicFLIM_120f_0003,fitet-sz-c3-b5,3,"a1, a2, a3, chi2, photons, tau1, tau2, tau3"
4_BKOCO2form20min_740nm_2995mW_u1_poc0p6_20x0p75NA_535s50_g70_z1_256pix_basicFLIM_120f_0004.sdt,20260509_KPC_fixed_dishes_on_SLIM::fitet-sf-c2-b5::4_BKOCO2form20min_740nm_2995mW_u1_poc0p6_20x0p75NA_535s50_g70_z1_256pix_basicFLIM_120f_0004,fitet-sf-c2-b5,2,"a1, a2, chi2, photons, tau1, tau2"
4_BKOCO2form20min_740nm_2995mW_u1_poc0p6_20x0p75NA_535s50_g70_z1_256pix_basicFLIM_120f_0004.sdt,20260509_KPC_fixed_dishes_on_SLIM::fitet-sf-c3-b5::4_BKOCO2form20min_740nm_2995mW_u1_poc0p6_20x0p75NA_535s50_g70_z1_256pix_basicFLIM_120f_0004,fitet-sf-c3-b5,3,"a1, a2, a3, chi2, photons, tau1, tau2, tau3"
4_BKOCO2form20min_740nm_2995mW_u1_poc0p6_20x0p75NA_535s50_g70_z1_256pix_basicFLIM_120f_0004.sdt,20260509_KPC_fixed_dishes_on_SLIM::fitet-sf-c3-t365_1982_7988-b5::4_BKOCO2form20min_740nm_2995mW_u1_poc0p6_20x0p75NA_535s50_g70_z1_256pix_basicFLIM_120f_0004,fitet-sf-c3-t365_1982_7988-b5,3,"a1, a2, a3, chi2, photons, tau1, tau2, tau3"
4_BKOCO2form20min_740nm_2995mW_u1_poc0p6_20x0p75NA_535s50_g70_z1_256pix_basicFLIM_120f_0004.sdt,20260509_KPC_fixed_dishes_on_SLIM::fitet-sz-c2-b5::4_BKOCO2form20min_740nm_2995mW_u1_poc0p6_20x0p75NA_535s50_g70_z1_256pix_basicFLIM_120f_0004,fitet-sz-c2-b5,2,"a1, a2, chi2, photons, tau1, tau2"
4_BKOCO2form20min_740nm_2995mW_u1_poc0p6_20x0p75NA_535s50_g70_z1_256pix_basicFLIM_120f_0004.sdt,20260509_KPC_fixed_dishes_on_SLIM::fitet-sz-c3-b5::4_BKOCO2form20min_740nm_2995mW_u1_poc0p6_20x0p75NA_535s50_g70_z1_256pix_basicFLIM_120f_0004,fitet-sz-c3-b5,3,"a1, a2, a3, chi2, photons, tau1, tau2, tau3"
4_BKOCO2form20min_740nm_2995mW_u1_poc0p6_20x0p75NA_535s50_g70_z1_256pix_basicFLIM_120f_0005.sdt,20260509_KPC_fixed_dishes_on_SLIM::fitet-sf-c2-b5::4_BKOCO2form20min_740nm_2995mW_u1_poc0p6_20x0p75NA_535s50_g70_z1_256pix_basicFLIM_120f_0005,fitet-sf-c2-b5,2,"a1, a2, chi2, photons, tau1, tau2"
4_BKOCO2form20min_740nm_2995mW_u1_poc0p6_20x0p75NA_535s50_g70_z1_256pix_basicFLIM_120f_0005.sdt,20260509_KPC_fixed_dishes_on_SLIM::fitet-sf-c3-b5::4_BKOCO2form20min_740nm_2995mW_u1_poc0p6_20x0p75NA_535s50_g70_z1_256pix_basicFLIM_120f_0005,fitet-sf-c3-b5,3,"a1, a2, a3, chi2, photons, tau1, tau2, tau3"
4_BKOCO2form20min_740nm_2995mW_u1_poc0p6_20x0p75NA_535s50_g70_z1_256pix_basicFLIM_120f_0005.sdt,20260509_KPC_fixed_dishes_on_SLIM::fitet-sf-c3-t365_1982_7988-b5::4_BKOCO2form20min_740nm_2995mW_u1_poc0p6_20x0p75NA_535s50_g70_z1_256pix_basicFLIM_120f_0005,fitet-sf-c3-t365_1982_7988-b5,3,"a1, a2, a3, chi2, photons, tau1, tau2, tau3"
4_BKOCO2form20min_740nm_2995mW_u1_poc0p6_20x0p75NA_535s50_g70_z1_256pix_basicFLIM_120f_0005.sdt,20260509_KPC_fixed_dishes_on_SLIM::fitet-sz-c2-b5::4_BKOCO2form20min_740nm_2995mW_u1_poc0p6_20x0p75NA_535s50_g70_z1_256pix_basicFLIM_120f_0005,fitet-sz-c2-b5,2,"a1, a2, chi2, photons, tau1, tau2"
4_BKOCO2form20min_740nm_2995mW_u1_poc0p6_20x0p75NA_535s50_g70_z1_256pix_basicFLIM_120f_0005.sdt,20260509_KPC_fixed_dishes_on_SLIM::fitet-sz-c3-b5::4_BKOCO2form20min_740nm_2995mW_u1_poc0p6_20x0p75NA_535s50_g70_z1_256pix_basicFLIM_120f_0005,fitet-sz-c3-b5,3,"a1, a2, a3, chi2, photons, tau1, tau2, tau3"
4_BKOCO2form20min_740nm_2995mW_u1_poc0p6_20x0p75NA_535s50_g70_z1_256pix_basicFLIM_120f_0006.sdt,20260509_KPC_fixed_dishes_on_SLIM::fitet-sf-c2-b5::4_BKOCO2form20min_740nm_2995mW_u1_poc0p6_20x0p75NA_535s50_g70_z1_256pix_basicFLIM_120f_0006,fitet-sf-c2-b5,2,"a1, a2, chi2, photons, tau1, tau2"
4_BKOCO2form20min_740nm_2995mW_u1_poc0p6_20x0p75NA_535s50_g70_z1_256pix_basicFLIM_120f_0006.sdt,20260509_KPC_fixed_dishes_on_SLIM::fitet-sf-c3-b5::4_BKOCO2form20min_740nm_2995mW_u1_poc0p6_20x0p75NA_535s50_g70_z1_256pix_basicFLIM_120f_0006,fitet-sf-c3-b5,3,"a1, a2, a3, chi2, photons, tau1, tau2, tau3"
4_BKOCO2form20min_740nm_2995mW_u1_poc0p6_20x0p75NA_535s50_g70_z1_256pix_basicFLIM_120f_0006.sdt,20260509_KPC_fixed_dishes_on_SLIM::fitet-sf-c3-t365_1982_7988-b5::4_BKOCO2form20min_740nm_2995mW_u1_poc0p6_20x0p75NA_535s50_g70_z1_256pix_basicFLIM_120f_0006,fitet-sf-c3-t365_1982_7988-b5,3,"a1, a2, a3, chi2, photons, tau1, tau2, tau3"
4_BKOCO2form20min_740nm_2995mW_u1_poc0p6_20x0p75NA_535s50_g70_z1_256pix_basicFLIM_120f_0006.sdt,20260509_KPC_fixed_dishes_on_SLIM::fitet-sz-c2-b5::4_BKOCO2form20min_740nm_2995mW_u1_poc0p6_20x0p75NA_535s50_g70_z1_256pix_basicFLIM_120f_0006,fitet-sz-c2-b5,2,"a1, a2, chi2, photons, tau1, tau2"
4_BKOCO2form20min_740nm_2995mW_u1_poc0p6_20x0p75NA_535s50_g70_z1_256pix_basicFLIM_120f_0006.sdt,20260509_KPC_fixed_dishes_on_SLIM::fitet-sz-c3-b5::4_BKOCO2form20min_740nm_2995mW_u1_poc0p6_20x0p75NA_535s50_g70_z1_256pix_basicFLIM_120f_0006,fitet-sz-c3-b5,3,"a1, a2, a3, chi2, photons, tau1, tau2, tau3"
4_BKOCO2form20min_740nm_2995mW_u1_poc0p6_20x0p75NA_535s50_g70_z1_256pix_basicFLIM_120f_0007.sdt,20260509_KPC_fixed_dishes_on_SLIM::fitet-sf-c2-b5::4_BKOCO2form20min_740nm_2995mW_u1_poc0p6_20x0p75NA_535s50_g70_z1_256pix_basicFLIM_120f_0007,fitet-sf-c2-b5,2,"a1, a2, chi2, photons, tau1, tau2"
4_BKOCO2form20min_740nm_2995mW_u1_poc0p6_20x0p75NA_535s50_g70_z1_256pix_basicFLIM_120f_0007.sdt,20260509_KPC_fixed_dishes_on_SLIM::fitet-sf-c3-b5::4_BKOCO2form20min_740nm_2995mW_u1_poc0p6_20x0p75NA_535s50_g70_z1_256pix_basicFLIM_120f_0007,fitet-sf-c3-b5,3,"a1, a2, a3, chi2, photons, tau1, tau2, tau3"
4_BKOCO2form20min_740nm_2995mW_u1_poc0p6_20x0p75NA_535s50_g70_z1_256pix_basicFLIM_120f_0007.sdt,20260509_KPC_fixed_dishes_on_SLIM::fitet-sf-c3-t365_1982_7988-b5::4_BKOCO2form20min_740nm_2995mW_u1_poc0p6_20x0p75NA_535s50_g70_z1_256pix_basicFLIM_120f_0007,fitet-sf-c3-t365_1982_7988-b5,3,"a1, a2, a3, chi2, photons, tau1, tau2, tau3"
4_BKOCO2form20min_740nm_2995mW_u1_poc0p6_20x0p75NA_535s50_g70_z1_256pix_basicFLIM_120f_0007.sdt,20260509_KPC_fixed_dishes_on_SLIM::fitet-sz-c2-b5::4_BKOCO2form20min_740nm_2995mW_u1_poc0p6_20x0p75NA_535s50_g70_z1_256pix_basicFLIM_120f_0007,fitet-sz-c2-b5,2,"a1, a2, chi2, photons, tau1, tau2"
4_BKOCO2form20min_740nm_2995mW_u1_poc0p6_20x0p75NA_535s50_g70_z1_256pix_basicFLIM_120f_0007.sdt,20260509_KPC_fixed_dishes_on_SLIM::fitet-sz-c3-b5::4_BKOCO2form20min_740nm_2995mW_u1_poc0p6_20x0p75NA_535s50_g70_z1_256pix_basicFLIM_120f_0007,fitet-sz-c3-b5,3,"a1, a2, a3, chi2, photons, tau1, tau2, tau3"
4_BKOCO2form20min_740nm_2995mW_u1_poc0p6_20x0p75NA_535s50_g70_z1_256pix_basicFLIM_120f_0008.sdt,20260509_KPC_fixed_dishes_on_SLIM::fitet-sf-c2-b5::4_BKOCO2form20min_740nm_2995mW_u1_poc0p6_20x0p75NA_535s50_g70_z1_256pix_basicFLIM_120f_0008,fitet-sf-c2-b5,2,"a1, a2, chi2, photons, tau1, tau2"
4_BKOCO2form20min_740nm_2995mW_u1_poc0p6_20x0p75NA_535s50_g70_z1_256pix_basicFLIM_120f_0008.sdt,20260509_KPC_fixed_dishes_on_SLIM::fitet-sf-c3-b5::4_BKOCO2form20min_740nm_2995mW_u1_poc0p6_20x0p75NA_535s50_g70_z1_256pix_basicFLIM_120f_0008,fitet-sf-c3-b5,3,"a1, a2, a3, chi2, photons, tau1, tau2, tau3"
4_BKOCO2form20min_740nm_2995mW_u1_poc0p6_20x0p75NA_535s50_g70_z1_256pix_basicFLIM_120f_0008.sdt,20260509_KPC_fixed_dishes_on_SLIM::fitet-sf-c3-t365_1982_7988-b5::4_BKOCO2form20min_740nm_2995mW_u1_poc0p6_20x0p75NA_535s50_g70_z1_256pix_basicFLIM_120f_0008,fitet-sf-c3-t365_1982_7988-b5,3,"a1, a2, a3, chi2, photons, tau1, tau2, tau3"
4_BKOCO2form20min_740nm_2995mW_u1_poc0p6_20x0p75NA_535s50_g70_z1_256pix_basicFLIM_120f_0008.sdt,20260509_KPC_fixed_dishes_on_SLIM::fitet-sz-c2-b5::4_BKOCO2form20min_740nm_2995mW_u1_poc0p6_20x0p75NA_535s50_g70_z1_256pix_basicFLIM_120f_0008,fitet-sz-c2-b5,2,"a1, a2, chi2, photons, tau1, tau2"
4_BKOCO2form20min_740nm_2995mW_u1_poc0p6_20x0p75NA_535s50_g70_z1_256pix_basicFLIM_120f_0008.sdt,20260509_KPC_fixed_dishes_on_SLIM::fitet-sz-c3-b5::4_BKOCO2form20min_740nm_2995mW_u1_poc0p6_20x0p75NA_535s50_g70_z1_256pix_basicFLIM_120f_0008,fitet-sz-c3-b5,3,"a1, a2, a3, chi2, photons, tau1, tau2, tau3"
4_BKOCO2form20min_740nm_2995mW_u1_poc0p6_20x0p75NA_535s50_g70_z1_256pix_basicFLIM_120f_0009.sdt,20260509_KPC_fixed_dishes_on_SLIM::fitet-sf-c2-b5::4_BKOCO2form20min_740nm_2995mW_u1_poc0p6_20x0p75NA_535s50_g70_z1_256pix_basicFLIM_120f_0009,fitet-sf-c2-b5,2,"a1, a2, chi2, photons, tau1, tau2"
4_BKOCO2form20min_740nm_2995mW_u1_poc0p6_20x0p75NA_535s50_g70_z1_256pix_basicFLIM_120f_0009.sdt,20260509_KPC_fixed_dishes_on_SLIM::fitet-sf-c3-b5::4_BKOCO2form20min_740nm_2995mW_u1_poc0p6_20x0p75NA_535s50_g70_z1_256pix_basicFLIM_120f_0009,fitet-sf-c3-b5,3,"a1, a2, a3, chi2, photons, tau1, tau2, tau3"
4_BKOCO2form20min_740nm_2995mW_u1_poc0p6_20x0p75NA_535s50_g70_z1_256pix_basicFLIM_120f_0009.sdt,20260509_KPC_fixed_dishes_on_SLIM::fitet-sf-c3-t365_1982_7988-b5::4_BKOCO2form20min_740nm_2995mW_u1_poc0p6_20x0p75NA_535s50_g70_z1_256pix_basicFLIM_120f_0009,fitet-sf-c3-t365_1982_7988-b5,3,"a1, a2, a3, chi2, photons, tau1, tau2, tau3"
4_BKOCO2form20min_740nm_2995mW_u1_poc0p6_20x0p75NA_535s50_g70_z1_256pix_basicFLIM_120f_0009.sdt,20260509_KPC_fixed_dishes_on_SLIM::fitet-sz-c2-b5::4_BKOCO2form20min_740nm_2995mW_u1_poc0p6_20x0p75NA_535s50_g70_z1_256pix_basicFLIM_120f_0009,fitet-sz-c2-b5,2,"a1, a2, chi2, photons, tau1, tau2"
4_BKOCO2form20min_740nm_2995mW_u1_poc0p6_20x0p75NA_535s50_g70_z1_256pix_basicFLIM_120f_0009.sdt,20260509_KPC_fixed_dishes_on_SLIM::fitet-sz-c3-b5::4_BKOCO2form20min_740nm_2995mW_u1_poc0p6_20x0p75NA_535s50_g70_z1_256pix_basicFLIM_120f_0009,fitet-sz-c3-b5,3,"a1, a2, a3, chi2, photons, tau1, tau2, tau3"
4_BKOCO2form20min_740nm_2995mW_u1_poc0p6_20x0p75NA_535s50_g70_z1_256pix_basicFLIM_120f_0010.sdt,20260509_KPC_fixed_dishes_on_SLIM::fitet-sf-c2-b5::4_BKOCO2form20min_740nm_2995mW_u1_poc0p6_20x0p75NA_535s50_g70_z1_256pix_basicFLIM_120f_0010,fitet-sf-c2-b5,2,"a1, a2, chi2, photons, tau1, tau2"
4_BKOCO2form20min_740nm_2995mW_u1_poc0p6_20x0p75NA_535s50_g70_z1_256pix_basicFLIM_120f_0010.sdt,20260509_KPC_fixed_dishes_on_SLIM::fitet-sf-c3-b5::4_BKOCO2form20min_740nm_2995mW_u1_poc0p6_20x0p75NA_535s50_g70_z1_256pix_basicFLIM_120f_0010,fitet-sf-c3-b5,3,"a1, a2, a3, chi2, photons, tau1, tau2, tau3"
4_BKOCO2form20min_740nm_2995mW_u1_poc0p6_20x0p75NA_535s50_g70_z1_256pix_basicFLIM_120f_0010.sdt,20260509_KPC_fixed_dishes_on_SLIM::fitet-sf-c3-t365_1982_7988-b5::4_BKOCO2form20min_740nm_2995mW_u1_poc0p6_20x0p75NA_535s50_g70_z1_256pix_basicFLIM_120f_0010,fitet-sf-c3-t365_1982_7988-b5,3,"a1, a2, a3, chi2, photons, tau1, tau2, tau3"
4_BKOCO2form20min_740nm_2995mW_u1_poc0p6_20x0p75NA_535s50_g70_z1_256pix_basicFLIM_120f_0010.sdt,20260509_KPC_fixed_dishes_on_SLIM::fitet-sz-c2-b5::4_BKOCO2form20min_740nm_2995mW_u1_poc0p6_20x0p75NA_535s50_g70_z1_256pix_basicFLIM_120f_0010,fitet-sz-c2-b5,2,"a1, a2, chi2, photons, tau1, tau2"
4_BKOCO2form20min_740nm_2995mW_u1_poc0p6_20x0p75NA_535s50_g70_z1_256pix_basicFLIM_120f_0010.sdt,20260509_KPC_fixed_dishes_on_SLIM::fitet-sz-c3-b5::4_BKOCO2form20min_740nm_2995mW_u1_poc0p6_20x0p75NA_535s50_g70_z1_256pix_basicFLIM_120f_0010,fitet-sz-c3-b5,3,"a1, a2, a3, chi2, photons, tau1, tau2, tau3"
4_BKOCO2form20min_740nm_2995mW_u1_poc0p6_20x0p75NA_535s50_g70_z1_256pix_basicFLIM_120f_0011.sdt,20260509_KPC_fixed_dishes_on_SLIM::fitet-sf-c2-b5::4_BKOCO2form20min_740nm_2995mW_u1_poc0p6_20x0p75NA_535s50_g70_z1_256pix_basicFLIM_120f_0011,fitet-sf-c2-b5,2,"a1, a2, chi2, photons, tau1, tau2"
4_BKOCO2form20min_740nm_2995mW_u1_poc0p6_20x0p75NA_535s50_g70_z1_256pix_basicFLIM_120f_0011.sdt,20260509_KPC_fixed_dishes_on_SLIM::fitet-sf-c3-b5::4_BKOCO2form20min_740nm_2995mW_u1_poc0p6_20x0p75NA_535s50_g70_z1_256pix_basicFLIM_120f_0011,fitet-sf-c3-b5,3,"a1, a2, a3, chi2, photons, tau1, tau2, tau3"
4_BKOCO2form20min_740nm_2995mW_u1_poc0p6_20x0p75NA_535s50_g70_z1_256pix_basicFLIM_120f_0011.sdt,20260509_KPC_fixed_dishes_on_SLIM::fitet-sf-c3-t365_1982_7988-b5::4_BKOCO2form20min_740nm_2995mW_u1_poc0p6_20x0p75NA_535s50_g70_z1_256pix_basicFLIM_120f_0011,fitet-sf-c3-t365_1982_7988-b5,3,"a1, a2, a3, chi2, photons, tau1, tau2, tau3"
4_BKOCO2form20min_740nm_2995mW_u1_poc0p6_20x0p75NA_535s50_g70_z1_256pix_basicFLIM_120f_0011.sdt,20260509_KPC_fixed_dishes_on_SLIM::fitet-sz-c2-b5::4_BKOCO2form20min_740nm_2995mW_u1_poc0p6_20x0p75NA_535s50_g70_z1_256pix_basicFLIM_120f_0011,fitet-sz-c2-b5,2,"a1, a2, chi2, photons, tau1, tau2"
4_BKOCO2form20min_740nm_2995mW_u1_poc0p6_20x0p75NA_535s50_g70_z1_256pix_basicFLIM_120f_0011.sdt,20260509_KPC_fixed_dishes_on_SLIM::fitet-sz-c3-b5::4_BKOCO2form20min_740nm_2995mW_u1_poc0p6_20x0p75NA_535s50_g70_z1_256pix_basicFLIM_120f_0011,fitet-sz-c3-b5,3,"a1, a2, a3, chi2, photons, tau1, tau2, tau3"
4_BKOCO2form20min_740nm_2995mW_u1_poc0p6_20x0p75NA_535s50_g70_z1_256pix_basicFLIM_120f_0012.sdt,20260509_KPC_fixed_dishes_on_SLIM::fitet-sf-c2-b5::4_BKOCO2form20min_740nm_2995mW_u1_poc0p6_20x0p75NA_535s50_g70_z1_256pix_basicFLIM_120f_0012,fitet-sf-c2-b5,2,"a1, a2, chi2, photons, tau1, tau2"
4_BKOCO2form20min_740nm_2995mW_u1_poc0p6_20x0p75NA_535s50_g70_z1_256pix_basicFLIM_120f_0012.sdt,20260509_KPC_fixed_dishes_on_SLIM::fitet-sf-c3-b5::4_BKOCO2form20min_740nm_2995mW_u1_poc0p6_20x0p75NA_535s50_g70_z1_256pix_basicFLIM_120f_0012,fitet-sf-c3-b5,3,"a1, a2, a3, chi2, photons, tau1, tau2, tau3"
4_BKOCO2form20min_740nm_2995mW_u1_poc0p6_20x0p75NA_535s50_g70_z1_256pix_basicFLIM_120f_0012.sdt,20260509_KPC_fixed_dishes_on_SLIM::fitet-sf-c3-t365_1982_7988-b5::4_BKOCO2form20min_740nm_2995mW_u1_poc0p6_20x0p75NA_535s50_g70_z1_256pix_basicFLIM_120f_0012,fitet-sf-c3-t365_1982_7988-b5,3,"a1, a2, a3, chi2, photons, tau1, tau2, tau3"
4_BKOCO2form20min_740nm_2995mW_u1_poc0p6_20x0p75NA_535s50_g70_z1_256pix_basicFLIM_120f_0012.sdt,20260509_KPC_fixed_dishes_on_SLIM::fitet-sz-c2-b5::4_BKOCO2form20min_740nm_2995mW_u1_poc0p6_20x0p75NA_535s50_g70_z1_256pix_basicFLIM_120f_0012,fitet-sz-c2-b5,2,"a1, a2, chi2, photons, tau1, tau2"
4_BKOCO2form20min_740nm_2995mW_u1_poc0p6_20x0p75NA_535s50_g70_z1_256pix_basicFLIM_120f_0012.sdt,20260509_KPC_fixed_dishes_on_SLIM::fitet-sz-c3-b5::4_BKOCO2form20min_740nm_2995mW_u1_poc0p6_20x0p75NA_535s50_g70_z1_256pix_basicFLIM_120f_0012,fitet-sz-c3-b5,3,"a1, a2, a3, chi2, photons, tau1, tau2, tau3"
4_BKOCO2form20min_740nm_2995mW_u1_poc0p6_20x0p75NA_535s50_g70_z1_256pix_basicFLIM_120f_0013.sdt,20260509_KPC_fixed_dishes_on_SLIM::fitet-sf-c2-b5::4_BKOCO2form20min_740nm_2995mW_u1_poc0p6_20x0p75NA_535s50_g70_z1_256pix_basicFLIM_120f_0013,fitet-sf-c2-b5,2,"a1, a2, chi2, photons, tau1, tau2"
4_BKOCO2form20min_740nm_2995mW_u1_poc0p6_20x0p75NA_535s50_g70_z1_256pix_basicFLIM_120f_0013.sdt,20260509_KPC_fixed_dishes_on_SLIM::fitet-sf-c3-b5::4_BKOCO2form20min_740nm_2995mW_u1_poc0p6_20x0p75NA_535s50_g70_z1_256pix_basicFLIM_120f_0013,fitet-sf-c3-b5,3,"a1, a2, a3, chi2, photons, tau1, tau2, tau3"
4_BKOCO2form20min_740nm_2995mW_u1_poc0p6_20x0p75NA_535s50_g70_z1_256pix_basicFLIM_120f_0013.sdt,20260509_KPC_fixed_dishes_on_SLIM::fitet-sf-c3-t365_1982_7988-b5::4_BKOCO2form20min_740nm_2995mW_u1_poc0p6_20x0p75NA_535s50_g70_z1_256pix_basicFLIM_120f_0013,fitet-sf-c3-t365_1982_7988-b5,3,"a1, a2, a3, chi2, photons, tau1, tau2, tau3"
4_BKOCO2form20min_740nm_2995mW_u1_poc0p6_20x0p75NA_535s50_g70_z1_256pix_basicFLIM_120f_0013.sdt,20260509_KPC_fixed_dishes_on_SLIM::fitet-sz-c2-b5::4_BKOCO2form20min_740nm_2995mW_u1_poc0p6_20x0p75NA_535s50_g70_z1_256pix_basicFLIM_120f_0013,fitet-sz-c2-b5,2,"a1, a2, chi2, photons, tau1, tau2"
4_BKOCO2form20min_740nm_2995mW_u1_poc0p6_20x0p75NA_535s50_g70_z1_256pix_basicFLIM_120f_0013.sdt,20260509_KPC_fixed_dishes_on_SLIM::fitet-sz-c3-b5::4_BKOCO2form20min_740nm_2995mW_u1_poc0p6_20x0p75NA_535s50_g70_z1_256pix_basicFLIM_120f_0013,fitet-sz-c3-b5,3,"a1, a2, a3, chi2, photons, tau1, tau2, tau3"
4_BKOCO2form20min_740nm_2995mW_u1_poc0p6_20x0p75NA_535s50_g70_z1_256pix_basicFLIM_120f_0014.sdt,20260509_KPC_fixed_dishes_on_SLIM::fitet-sf-c2-b5::4_BKOCO2form20min_740nm_2995mW_u1_poc0p6_20x0p75NA_535s50_g70_z1_256pix_basicFLIM_120f_0014,fitet-sf-c2-b5,2,"a1, a2, chi2, photons, tau1, tau2"
4_BKOCO2form20min_740nm_2995mW_u1_poc0p6_20x0p75NA_535s50_g70_z1_256pix_basicFLIM_120f_0014.sdt,20260509_KPC_fixed_dishes_on_SLIM::fitet-sf-c3-b5::4_BKOCO2form20min_740nm_2995mW_u1_poc0p6_20x0p75NA_535s50_g70_z1_256pix_basicFLIM_120f_0014,fitet-sf-c3-b5,3,"a1, a2, a3, chi2, photons, tau1, tau2, tau3"
4_BKOCO2form20min_740nm_2995mW_u1_poc0p6_20x0p75NA_535s50_g70_z1_256pix_basicFLIM_120f_0014.sdt,20260509_KPC_fixed_dishes_on_SLIM::fitet-sf-c3-t365_1982_7988-b5::4_BKOCO2form20min_740nm_2995mW_u1_poc0p6_20x0p75NA_535s50_g70_z1_256pix_basicFLIM_120f_0014,fitet-sf-c3-t365_1982_7988-b5,3,"a1, a2, a3, chi2, photons, tau1, tau2, tau3"
4_BKOCO2form20min_740nm_2995mW_u1_poc0p6_20x0p75NA_535s50_g70_z1_256pix_basicFLIM_120f_0014.sdt,20260509_KPC_fixed_dishes_on_SLIM::fitet-sz-c2-b5::4_BKOCO2form20min_740nm_2995mW_u1_poc0p6_20x0p75NA_535s50_g70_z1_256pix_basicFLIM_120f_0014,fitet-sz-c2-b5,2,"a1, a2, chi2, photons, tau1, tau2"
4_BKOCO2form20min_740nm_2995mW_u1_poc0p6_20x0p75NA_535s50_g70_z1_256pix_basicFLIM_120f_0014.sdt,20260509_KPC_fixed_dishes_on_SLIM::fitet-sz-c3-b5::4_BKOCO2form20min_740nm_2995mW_u1_poc0p6_20x0p75NA_535s50_g70_z1_256pix_basicFLIM_120f_0014,fitet-sz-c3-b5,3,"a1, a2, a3, chi2, photons, tau1, tau2, tau3"
4_BKOCO2form20min_740nm_2995mW_u1_poc0p6_20x0p75NA_535s50_g70_z1_256pix_basicFLIM_120f_0015.sdt,20260509_KPC_fixed_dishes_on_SLIM::fitet-sf-c2-b5::4_BKOCO2form20min_740nm_2995mW_u1_poc0p6_20x0p75NA_535s50_g70_z1_256pix_basicFLIM_120f_0015,fitet-sf-c2-b5,2,"a1, a2, chi2, photons, tau1, tau2"
4_BKOCO2form20min_740nm_2995mW_u1_poc0p6_20x0p75NA_535s50_g70_z1_256pix_basicFLIM_120f_0015.sdt,20260509_KPC_fixed_dishes_on_SLIM::fitet-sf-c3-b5::4_BKOCO2form20min_740nm_2995mW_u1_poc0p6_20x0p75NA_535s50_g70_z1_256pix_basicFLIM_120f_0015,fitet-sf-c3-b5,3,"a1, a2, a3, chi2, photons, tau1, tau2, tau3"
4_BKOCO2form20min_740nm_2995mW_u1_poc0p6_20x0p75NA_535s50_g70_z1_256pix_basicFLIM_120f_0015.sdt,20260509_KPC_fixed_dishes_on_SLIM::fitet-sf-c3-t365_1982_7988-b5::4_BKOCO2form20min_740nm_2995mW_u1_poc0p6_20x0p75NA_535s50_g70_z1_256pix_basicFLIM_120f_0015,fitet-sf-c3-t365_1982_7988-b5,3,"a1, a2, a3, chi2, photons, tau1, tau2, tau3"
4_BKOCO2form20min_740nm_2995mW_u1_poc0p6_20x0p75NA_535s50_g70_z1_256pix_basicFLIM_120f_0015.sdt,20260509_KPC_fixed_dishes_on_SLIM::fitet-sz-c2-b5::4_BKOCO2form20min_740nm_2995mW_u1_poc0p6_20x0p75NA_535s50_g70_z1_256pix_basicFLIM_120f_0015,fitet-sz-c2-b5,2,"a1, a2, chi2, photons, tau1, tau2"
4_BKOCO2form20min_740nm_2995mW_u1_poc0p6_20x0p75NA_535s50_g70_z1_256pix_basicFLIM_120f_0015.sdt,20260509_KPC_fixed_dishes_on_SLIM::fitet-sz-c3-b5::4_BKOCO2form20min_740nm_2995mW_u1_poc0p6_20x0p75NA_535s50_g70_z1_256pix_basicFLIM_120f_0015,fitet-sz-c3-b5,3,"a1, a2, a3, chi2, photons, tau1, tau2, tau3"
5_urea_740nm_2999mW_u1_poc0_20x0p75NA_370s10_g70_z1_256pix_basicFLIM_60f_0000.sdt,20260509_KPC_fixed_dishes_on_SLIM::fitet-sf-c2-b5::5_urea_740nm_2999mW_u1_poc0_20x0p75NA_370s10_g70_z1_256pix_basicFLIM_60f_0000,fitet-sf-c2-b5,2,"a1, a2, chi2, photons, tau1, tau2"
5_urea_740nm_2999mW_u1_poc0_20x0p75NA_370s10_g70_z1_256pix_basicFLIM_60f_0000.sdt,20260509_KPC_fixed_dishes_on_SLIM::fitet-sf-c3-b5::5_urea_740nm_2999mW_u1_poc0_20x0p75NA_370s10_g70_z1_256pix_basicFLIM_60f_0000,fitet-sf-c3-b5,3,"a1, a2, a3, chi2, photons, tau1, tau2, tau3"
5_urea_740nm_2999mW_u1_poc0_20x0p75NA_370s10_g70_z1_256pix_basicFLIM_60f_0000.sdt,20260509_KPC_fixed_dishes_on_SLIM::fitet-sf-c3-t365_1982_7988-b5::5_urea_740nm_2999mW_u1_poc0_20x0p75NA_370s10_g70_z1_256pix_basicFLIM_60f_0000,fitet-sf-c3-t365_1982_7988-b5,3,"a1, a2, a3, chi2, photons, tau1, tau2, tau3"
5_urea_740nm_2999mW_u1_poc0_20x0p75NA_370s10_g70_z1_256pix_basicFLIM_60f_0000.sdt,20260509_KPC_fixed_dishes_on_SLIM::fitet-sz-c2-b5::5_urea_740nm_2999mW_u1_poc0_20x0p75NA_370s10_g70_z1_256pix_basicFLIM_60f_0000,fitet-sz-c2-b5,2,"a1, a2, chi2, photons, tau1, tau2"
5_urea_740nm_2999mW_u1_poc0_20x0p75NA_370s10_g70_z1_256pix_basicFLIM_60f_0000.sdt,20260509_KPC_fixed_dishes_on_SLIM::fitet-sz-c3-b5::5_urea_740nm_2999mW_u1_poc0_20x0p75NA_370s10_g70_z1_256pix_basicFLIM_60f_0000,fitet-sz-c3-b5,3,"a1, a2, a3, chi2, photons, tau1, tau2, tau3"
6_chromablue_740nm_3008mW_u80_poc0_20x0p75NA_457s50_g70_z1_256pix_basicFLIM_60f_0000.sdt,20260509_KPC_fixed_dishes_on_SLIM::fitet-sf-c2-b5::6_chromablue_740nm_3008mW_u80_poc0_20x0p75NA_457s50_g70_z1_256pix_basicFLIM_60f_0000,fitet-sf-c2-b5,2,"a1, a2, chi2, photons, tau1, tau2"
6_chromablue_740nm_3008mW_u80_poc0_20x0p75NA_457s50_g70_z1_256pix_basicFLIM_60f_0000.sdt,20260509_KPC_fixed_dishes_on_SLIM::fitet-sf-c3-b5::6_chromablue_740nm_3008mW_u80_poc0_20x0p75NA_457s50_g70_z1_256pix_basicFLIM_60f_0000,fitet-sf-c3-b5,3,"a1, a2, a3, chi2, photons, tau1, tau2, tau3"
6_chromablue_740nm_3008mW_u80_poc0_20x0p75NA_457s50_g70_z1_256pix_basicFLIM_60f_0000.sdt,20260509_KPC_fixed_dishes_on_SLIM::fitet-sf-c3-t365_1982_7988-b5::6_chromablue_740nm_3008mW_u80_poc0_20x0p75NA_457s50_g70_z1_256pix_basicFLIM_60f_0000,fitet-sf-c3-t365_1982_7988-b5,3,"a1, a2, a3, chi2, photons, tau1, tau2, tau3"
6_chromablue_740nm_3008mW_u80_poc0_20x0p75NA_457s50_g70_z1_256pix_basicFLIM_60f_0000.sdt,20260509_KPC_fixed_dishes_on_SLIM::fitet-sz-c2-b5::6_chromablue_740nm_3008mW_u80_poc0_20x0p75NA_457s50_g70_z1_256pix_basicFLIM_60f_0000,fitet-sz-c2-b5,2,"a1, a2, chi2, photons, tau1, tau2"
6_chromablue_740nm_3008mW_u80_poc0_20x0p75NA_457s50_g70_z1_256pix_basicFLIM_60f_0000.sdt,20260509_KPC_fixed_dishes_on_SLIM::fitet-sz-c3-b5::6_chromablue_740nm_3008mW_u80_poc0_20x0p75NA_457s50_g70_z1_256pix_basicFLIM_60f_0000,fitet-sz-c3-b5,3,"a1, a2, a3, chi2, photons, tau1, tau2, tau3"
7_pollen_890nm_2864mW_u1_poc0p2_10x0p5NA_457s50_g70_z1_256pix_basicFLIM_45f_0000.sdt,20260509_KPC_fixed_dishes_on_SLIM::fitet-sf-c2-b5::7_pollen_890nm_2864mW_u1_poc0p2_10x0p5NA_457s50_g70_z1_256pix_basicFLIM_45f_0000,fitet-sf-c2-b5,2,"a1, a2, chi2, photons, tau1, tau2"
7_pollen_890nm_2864mW_u1_poc0p2_10x0p5NA_457s50_g70_z1_256pix_basicFLIM_45f_0000.sdt,20260509_KPC_fixed_dishes_on_SLIM::fitet-sf-c3-b5::7_pollen_890nm_2864mW_u1_poc0p2_10x0p5NA_457s50_g70_z1_256pix_basicFLIM_45f_0000,fitet-sf-c3-b5,3,"a1, a2, a3, chi2, photons, tau1, tau2, tau3"
7_pollen_890nm_2864mW_u1_poc0p2_10x0p5NA_457s50_g70_z1_256pix_basicFLIM_45f_0000.sdt,20260509_KPC_fixed_dishes_on_SLIM::fitet-sf-c3-t365_1982_7988-b5::7_pollen_890nm_2864mW_u1_poc0p2_10x0p5NA_457s50_g70_z1_256pix_basicFLIM_45f_0000,fitet-sf-c3-t365_1982_7988-b5,3,"a1, a2, a3, chi2, photons, tau1, tau2, tau3"
7_pollen_890nm_2864mW_u1_poc0p2_10x0p5NA_457s50_g70_z1_256pix_basicFLIM_45f_0000.sdt,20260509_KPC_fixed_dishes_on_SLIM::fitet-sz-c2-b5::7_pollen_890nm_2864mW_u1_poc0p2_10x0p5NA_457s50_g70_z1_256pix_basicFLIM_45f_0000,fitet-sz-c2-b5,2,"a1, a2, chi2, photons, tau1, tau2"
7_pollen_890nm_2864mW_u1_poc0p2_10x0p5NA_457s50_g70_z1_256pix_basicFLIM_45f_0000.sdt,20260509_KPC_fixed_dishes_on_SLIM::fitet-sz-c3-b5::7_pollen_890nm_2864mW_u1_poc0p2_10x0p5NA_457s50_g70_z1_256pix_basicFLIM_45f_0000,fitet-sz-c3-b5,3,"a1, a2, a3, chi2, photons, tau1, tau2, tau3"
0_pollen_890nm_2905mW_u1_poc0p2_10x0p5NA_457s50_g70_z1_256pix_basicFLIM_45f_0000.sdt,20260517_KPC_live_on_SLIM::fitet-sf-c2-b5::0_pollen_890nm_2905mW_u1_poc0p2_10x0p5NA_457s50_g70_z1_256pix_basicFLIM_45f_0000,fitet-sf-c2-b5,2,"a1, a2, chi2, photons, tau1, tau2"
0_pollen_890nm_2905mW_u1_poc0p2_10x0p5NA_457s50_g70_z1_256pix_basicFLIM_45f_0000.sdt,20260517_KPC_live_on_SLIM::fitet-sf-c3-b5::0_pollen_890nm_2905mW_u1_poc0p2_10x0p5NA_457s50_g70_z1_256pix_basicFLIM_45f_0000,fitet-sf-c3-b5,3,"a1, a2, a3, chi2, photons, tau1, tau2, tau3"
0_pollen_890nm_2905mW_u1_poc0p2_10x0p5NA_457s50_g70_z1_256pix_basicFLIM_45f_0000.sdt,20260517_KPC_live_on_SLIM::fitet-sz-c2-b5::0_pollen_890nm_2905mW_u1_poc0p2_10x0p5NA_457s50_g70_z1_256pix_basicFLIM_45f_0000,fitet-sz-c2-b5,2,"a1, a2, chi2, photons, tau1, tau2"
0_pollen_890nm_2905mW_u1_poc0p2_10x0p5NA_457s50_g70_z1_256pix_basicFLIM_45f_0000.sdt,20260517_KPC_live_on_SLIM::fitet-sz-c3-b5::0_pollen_890nm_2905mW_u1_poc0p2_10x0p5NA_457s50_g70_z1_256pix_basicFLIM_45f_0000,fitet-sz-c3-b5,3,"a1, a2, a3, chi2, photons, tau1, tau2, tau3"
1_chromablue_740nm_3098mW_u80_poc0_20x0p75NA_457s50_g70_z1_256pix_basicFLIM_45f_0000.sdt,20260517_KPC_live_on_SLIM::fitet-sf-c2-b5::1_chromablue_740nm_3098mW_u80_poc0_20x0p75NA_457s50_g70_z1_256pix_basicFLIM_45f_0000,fitet-sf-c2-b5,2,"a1, a2, chi2, photons, tau1, tau2"
1_chromablue_740nm_3098mW_u80_poc0_20x0p75NA_457s50_g70_z1_256pix_basicFLIM_45f_0000.sdt,20260517_KPC_live_on_SLIM::fitet-sf-c3-b5::1_chromablue_740nm_3098mW_u80_poc0_20x0p75NA_457s50_g70_z1_256pix_basicFLIM_45f_0000,fitet-sf-c3-b5,3,"a1, a2, a3, chi2, photons, tau1, tau2, tau3"
1_chromablue_740nm_3098mW_u80_poc0_20x0p75NA_457s50_g70_z1_256pix_basicFLIM_45f_0000.sdt,20260517_KPC_live_on_SLIM::fitet-sz-c2-b5::1_chromablue_740nm_3098mW_u80_poc0_20x0p75NA_457s50_g70_z1_256pix_basicFLIM_45f_0000,fitet-sz-c2-b5,2,"a1, a2, chi2, photons, tau1, tau2"
1_chromablue_740nm_3098mW_u80_poc0_20x0p75NA_457s50_g70_z1_256pix_basicFLIM_45f_0000.sdt,20260517_KPC_live_on_SLIM::fitet-sz-c3-b5::1_chromablue_740nm_3098mW_u80_poc0_20x0p75NA_457s50_g70_z1_256pix_basicFLIM_45f_0000,fitet-sz-c3-b5,3,"a1, a2, a3, chi2, photons, tau1, tau2, tau3"
2_urea_740nm_3098mW_u1_poc0_20x0p75NA_370s10_g70_z1_256pix_basicFLIM_45f_0000.sdt,20260517_KPC_live_on_SLIM::fitet-sf-c2-b5::2_urea_740nm_3098mW_u1_poc0_20x0p75NA_370s10_g70_z1_256pix_basicFLIM_45f_0000,fitet-sf-c2-b5,2,"a1, a2, chi2, photons, tau1, tau2"
2_urea_740nm_3098mW_u1_poc0_20x0p75NA_370s10_g70_z1_256pix_basicFLIM_45f_0000.sdt,20260517_KPC_live_on_SLIM::fitet-sf-c3-b5::2_urea_740nm_3098mW_u1_poc0_20x0p75NA_370s10_g70_z1_256pix_basicFLIM_45f_0000,fitet-sf-c3-b5,3,"a1, a2, a3, chi2, photons, tau1, tau2, tau3"
2_urea_740nm_3098mW_u1_poc0_20x0p75NA_370s10_g70_z1_256pix_basicFLIM_45f_0000.sdt,20260517_KPC_live_on_SLIM::fitet-sz-c2-b5::2_urea_740nm_3098mW_u1_poc0_20x0p75NA_370s10_g70_z1_256pix_basicFLIM_45f_0000,fitet-sz-c2-b5,2,"a1, a2, chi2, photons, tau1, tau2"
2_urea_740nm_3098mW_u1_poc0_20x0p75NA_370s10_g70_z1_256pix_basicFLIM_45f_0000.sdt,20260517_KPC_live_on_SLIM::fitet-sz-c3-b5::2_urea_740nm_3098mW_u1_poc0_20x0p75NA_370s10_g70_z1_256pix_basicFLIM_45f_0000,fitet-sz-c3-b5,3,"a1, a2, a3, chi2, photons, tau1, tau2, tau3"
3_BKOCO2live_740nm_3097mW_u1_poc0p2_20x0p75NA_457s50_g70_z1_256pix_basicFLIM_120f_0000.sdt,20260517_KPC_live_on_SLIM::fitet-sf-c2-b5::3_BKOCO2live_740nm_3097mW_u1_poc0p2_20x0p75NA_457s50_g70_z1_256pix_basicFLIM_120f_0000,fitet-sf-c2-b5,2,"a1, a2, chi2, photons, tau1, tau2"
3_BKOCO2live_740nm_3097mW_u1_poc0p2_20x0p75NA_457s50_g70_z1_256pix_basicFLIM_120f_0000.sdt,20260517_KPC_live_on_SLIM::fitet-sf-c3-b5::3_BKOCO2live_740nm_3097mW_u1_poc0p2_20x0p75NA_457s50_g70_z1_256pix_basicFLIM_120f_0000,fitet-sf-c3-b5,3,"a1, a2, a3, chi2, photons, tau1, tau2, tau3"
3_BKOCO2live_740nm_3097mW_u1_poc0p2_20x0p75NA_457s50_g70_z1_256pix_basicFLIM_120f_0000.sdt,20260517_KPC_live_on_SLIM::fitet-sz-c2-b5::3_BKOCO2live_740nm_3097mW_u1_poc0p2_20x0p75NA_457s50_g70_z1_256pix_basicFLIM_120f_0000,fitet-sz-c2-b5,2,"a1, a2, chi2, photons, tau1, tau2"
3_BKOCO2live_740nm_3097mW_u1_poc0p2_20x0p75NA_457s50_g70_z1_256pix_basicFLIM_120f_0000.sdt,20260517_KPC_live_on_SLIM::fitet-sz-c3-b5::3_BKOCO2live_740nm_3097mW_u1_poc0p2_20x0p75NA_457s50_g70_z1_256pix_basicFLIM_120f_0000,fitet-sz-c3-b5,3,"a1, a2, a3, chi2, photons, tau1, tau2, tau3"
3_BKOCO2live_740nm_3097mW_u1_poc0p2_20x0p75NA_457s50_g70_z1_256pix_basicFLIM_120f_0001.sdt,20260517_KPC_live_on_SLIM::fitet-sf-c2-b5::3_BKOCO2live_740nm_3097mW_u1_poc0p2_20x0p75NA_457s50_g70_z1_256pix_basicFLIM_120f_0001,fitet-sf-c2-b5,2,"a1, a2, chi2, photons, tau1, tau2"
3_BKOCO2live_740nm_3097mW_u1_poc0p2_20x0p75NA_457s50_g70_z1_256pix_basicFLIM_120f_0001.sdt,20260517_KPC_live_on_SLIM::fitet-sf-c3-b5::3_BKOCO2live_740nm_3097mW_u1_poc0p2_20x0p75NA_457s50_g70_z1_256pix_basicFLIM_120f_0001,fitet-sf-c3-b5,3,"a1, a2, a3, chi2, photons, tau1, tau2, tau3"
3_BKOCO2live_740nm_3097mW_u1_poc0p2_20x0p75NA_457s50_g70_z1_256pix_basicFLIM_120f_0001.sdt,20260517_KPC_live_on_SLIM::fitet-sz-c2-b5::3_BKOCO2live_740nm_3097mW_u1_poc0p2_20x0p75NA_457s50_g70_z1_256pix_basicFLIM_120f_0001,fitet-sz-c2-b5,2,"a1, a2, chi2, photons, tau1, tau2"
3_BKOCO2live_740nm_3097mW_u1_poc0p2_20x0p75NA_457s50_g70_z1_256pix_basicFLIM_120f_0001.sdt,20260517_KPC_live_on_SLIM::fitet-sz-c3-b5::3_BKOCO2live_740nm_3097mW_u1_poc0p2_20x0p75NA_457s50_g70_z1_256pix_basicFLIM_120f_0001,fitet-sz-c3-b5,3,"a1, a2, a3, chi2, photons, tau1, tau2, tau3"
3_BKOCO2live_740nm_3097mW_u1_poc0p2_20x0p75NA_457s50_g70_z1_256pix_basicFLIM_120f_0002.sdt,20260517_KPC_live_on_SLIM::fitet-sf-c2-b5::3_BKOCO2live_740nm_3097mW_u1_poc0p2_20x0p75NA_457s50_g70_z1_256pix_basicFLIM_120f_0002,fitet-sf-c2-b5,2,"a1, a2, chi2, photons, tau1, tau2"
3_BKOCO2live_740nm_3097mW_u1_poc0p2_20x0p75NA_457s50_g70_z1_256pix_basicFLIM_120f_0002.sdt,20260517_KPC_live_on_SLIM::fitet-sf-c3-b5::3_BKOCO2live_740nm_3097mW_u1_poc0p2_20x0p75NA_457s50_g70_z1_256pix_basicFLIM_120f_0002,fitet-sf-c3-b5,3,"a1, a2, a3, chi2, photons, tau1, tau2, tau3"
3_BKOCO2live_740nm_3097mW_u1_poc0p2_20x0p75NA_457s50_g70_z1_256pix_basicFLIM_120f_0002.sdt,20260517_KPC_live_on_SLIM::fitet-sz-c2-b5::3_BKOCO2live_740nm_3097mW_u1_poc0p2_20x0p75NA_457s50_g70_z1_256pix_basicFLIM_120f_0002,fitet-sz-c2-b5,2,"a1, a2, chi2, photons, tau1, tau2"
3_BKOCO2live_740nm_3097mW_u1_poc0p2_20x0p75NA_457s50_g70_z1_256pix_basicFLIM_120f_0002.sdt,20260517_KPC_live_on_SLIM::fitet-sz-c3-b5::3_BKOCO2live_740nm_3097mW_u1_poc0p2_20x0p75NA_457s50_g70_z1_256pix_basicFLIM_120f_0002,fitet-sz-c3-b5,3,"a1, a2, a3, chi2, photons, tau1, tau2, tau3"
3_BKOCO2live_740nm_3097mW_u1_poc0p2_20x0p75NA_457s50_g70_z1_256pix_basicFLIM_120f_0003.sdt,20260517_KPC_live_on_SLIM::fitet-sf-c2-b5::3_BKOCO2live_740nm_3097mW_u1_poc0p2_20x0p75NA_457s50_g70_z1_256pix_basicFLIM_120f_0003,fitet-sf-c2-b5,2,"a1, a2, chi2, photons, tau1, tau2"
3_BKOCO2live_740nm_3097mW_u1_poc0p2_20x0p75NA_457s50_g70_z1_256pix_basicFLIM_120f_0003.sdt,20260517_KPC_live_on_SLIM::fitet-sf-c3-b5::3_BKOCO2live_740nm_3097mW_u1_poc0p2_20x0p75NA_457s50_g70_z1_256pix_basicFLIM_120f_0003,fitet-sf-c3-b5,3,"a1, a2, a3, chi2, photons, tau1, tau2, tau3"
3_BKOCO2live_740nm_3097mW_u1_poc0p2_20x0p75NA_457s50_g70_z1_256pix_basicFLIM_120f_0003.sdt,20260517_KPC_live_on_SLIM::fitet-sz-c2-b5::3_BKOCO2live_740nm_3097mW_u1_poc0p2_20x0p75NA_457s50_g70_z1_256pix_basicFLIM_120f_0003,fitet-sz-c2-b5,2,"a1, a2, chi2, photons, tau1, tau2"
3_BKOCO2live_740nm_3097mW_u1_poc0p2_20x0p75NA_457s50_g70_z1_256pix_basicFLIM_120f_0003.sdt,20260517_KPC_live_on_SLIM::fitet-sz-c3-b5::3_BKOCO2live_740nm_3097mW_u1_poc0p2_20x0p75NA_457s50_g70_z1_256pix_basicFLIM_120f_0003,fitet-sz-c3-b5,3,"a1, a2, a3, chi2, photons, tau1, tau2, tau3"
3_BKOCO2live_740nm_3097mW_u1_poc0p2_20x0p75NA_457s50_g70_z1_256pix_basicFLIM_120f_0004.sdt,20260517_KPC_live_on_SLIM::fitet-sf-c2-b5::3_BKOCO2live_740nm_3097mW_u1_poc0p2_20x0p75NA_457s50_g70_z1_256pix_basicFLIM_120f_0004,fitet-sf-c2-b5,2,"a1, a2, chi2, photons, tau1, tau2"
3_BKOCO2live_740nm_3097mW_u1_poc0p2_20x0p75NA_457s50_g70_z1_256pix_basicFLIM_120f_0004.sdt,20260517_KPC_live_on_SLIM::fitet-sf-c3-b5::3_BKOCO2live_740nm_3097mW_u1_poc0p2_20x0p75NA_457s50_g70_z1_256pix_basicFLIM_120f_0004,fitet-sf-c3-b5,3,"a1, a2, a3, chi2, photons, tau1, tau2, tau3"
3_BKOCO2live_740nm_3097mW_u1_poc0p2_20x0p75NA_457s50_g70_z1_256pix_basicFLIM_120f_0004.sdt,20260517_KPC_live_on_SLIM::fitet-sz-c2-b5::3_BKOCO2live_740nm_3097mW_u1_poc0p2_20x0p75NA_457s50_g70_z1_256pix_basicFLIM_120f_0004,fitet-sz-c2-b5,2,"a1, a2, chi2, photons, tau1, tau2"
3_BKOCO2live_740nm_3097mW_u1_poc0p2_20x0p75NA_457s50_g70_z1_256pix_basicFLIM_120f_0004.sdt,20260517_KPC_live_on_SLIM::fitet-sz-c3-b5::3_BKOCO2live_740nm_3097mW_u1_poc0p2_20x0p75NA_457s50_g70_z1_256pix_basicFLIM_120f_0004,fitet-sz-c3-b5,3,"a1, a2, a3, chi2, photons, tau1, tau2, tau3"
3_BKOCO2live_740nm_3097mW_u1_poc0p2_20x0p75NA_457s50_g70_z1_256pix_basicFLIM_120f_0005.sdt,20260517_KPC_live_on_SLIM::fitet-sf-c2-b5::3_BKOCO2live_740nm_3097mW_u1_poc0p2_20x0p75NA_457s50_g70_z1_256pix_basicFLIM_120f_0005,fitet-sf-c2-b5,2,"a1, a2, chi2, photons, tau1, tau2"
3_BKOCO2live_740nm_3097mW_u1_poc0p2_20x0p75NA_457s50_g70_z1_256pix_basicFLIM_120f_0005.sdt,20260517_KPC_live_on_SLIM::fitet-sf-c3-b5::3_BKOCO2live_740nm_3097mW_u1_poc0p2_20x0p75NA_457s50_g70_z1_256pix_basicFLIM_120f_0005,fitet-sf-c3-b5,3,"a1, a2, a3, chi2, photons, tau1, tau2, tau3"
3_BKOCO2live_740nm_3097mW_u1_poc0p2_20x0p75NA_457s50_g70_z1_256pix_basicFLIM_120f_0005.sdt,20260517_KPC_live_on_SLIM::fitet-sz-c2-b5::3_BKOCO2live_740nm_3097mW_u1_poc0p2_20x0p75NA_457s50_g70_z1_256pix_basicFLIM_120f_0005,fitet-sz-c2-b5,2,"a1, a2, chi2, photons, tau1, tau2"
3_BKOCO2live_740nm_3097mW_u1_poc0p2_20x0p75NA_457s50_g70_z1_256pix_basicFLIM_120f_0005.sdt,20260517_KPC_live_on_SLIM::fitet-sz-c3-b5::3_BKOCO2live_740nm_3097mW_u1_poc0p2_20x0p75NA_457s50_g70_z1_256pix_basicFLIM_120f_0005,fitet-sz-c3-b5,3,"a1, a2, a3, chi2, photons, tau1, tau2, tau3"
3_BKOCO2live_740nm_3097mW_u1_poc0p2_20x0p75NA_457s50_g70_z1_256pix_basicFLIM_120f_0006.sdt,20260517_KPC_live_on_SLIM::fitet-sf-c2-b5::3_BKOCO2live_740nm_3097mW_u1_poc0p2_20x0p75NA_457s50_g70_z1_256pix_basicFLIM_120f_0006,fitet-sf-c2-b5,2,"a1, a2, chi2, photons, tau1, tau2"
3_BKOCO2live_740nm_3097mW_u1_poc0p2_20x0p75NA_457s50_g70_z1_256pix_basicFLIM_120f_0006.sdt,20260517_KPC_live_on_SLIM::fitet-sf-c3-b5::3_BKOCO2live_740nm_3097mW_u1_poc0p2_20x0p75NA_457s50_g70_z1_256pix_basicFLIM_120f_0006,fitet-sf-c3-b5,3,"a1, a2, a3, chi2, photons, tau1, tau2, tau3"
3_BKOCO2live_740nm_3097mW_u1_poc0p2_20x0p75NA_457s50_g70_z1_256pix_basicFLIM_120f_0006.sdt,20260517_KPC_live_on_SLIM::fitet-sz-c2-b5::3_BKOCO2live_740nm_3097mW_u1_poc0p2_20x0p75NA_457s50_g70_z1_256pix_basicFLIM_120f_0006,fitet-sz-c2-b5,2,"a1, a2, chi2, photons, tau1, tau2"
3_BKOCO2live_740nm_3097mW_u1_poc0p2_20x0p75NA_457s50_g70_z1_256pix_basicFLIM_120f_0006.sdt,20260517_KPC_live_on_SLIM::fitet-sz-c3-b5::3_BKOCO2live_740nm_3097mW_u1_poc0p2_20x0p75NA_457s50_g70_z1_256pix_basicFLIM_120f_0006,fitet-sz-c3-b5,3,"a1, a2, a3, chi2, photons, tau1, tau2, tau3"
3_BKOCO2live_740nm_3097mW_u1_poc0p2_20x0p75NA_457s50_g70_z1_256pix_basicFLIM_120f_0007.sdt,20260517_KPC_live_on_SLIM::fitet-sf-c2-b5::3_BKOCO2live_740nm_3097mW_u1_poc0p2_20x0p75NA_457s50_g70_z1_256pix_basicFLIM_120f_0007,fitet-sf-c2-b5,2,"a1, a2, chi2, photons, tau1, tau2"
3_BKOCO2live_740nm_3097mW_u1_poc0p2_20x0p75NA_457s50_g70_z1_256pix_basicFLIM_120f_0007.sdt,20260517_KPC_live_on_SLIM::fitet-sf-c3-b5::3_BKOCO2live_740nm_3097mW_u1_poc0p2_20x0p75NA_457s50_g70_z1_256pix_basicFLIM_120f_0007,fitet-sf-c3-b5,3,"a1, a2, a3, chi2, photons, tau1, tau2, tau3"
3_BKOCO2live_740nm_3097mW_u1_poc0p2_20x0p75NA_457s50_g70_z1_256pix_basicFLIM_120f_0007.sdt,20260517_KPC_live_on_SLIM::fitet-sz-c2-b5::3_BKOCO2live_740nm_3097mW_u1_poc0p2_20x0p75NA_457s50_g70_z1_256pix_basicFLIM_120f_0007,fitet-sz-c2-b5,2,"a1, a2, chi2, photons, tau1, tau2"
3_BKOCO2live_740nm_3097mW_u1_poc0p2_20x0p75NA_457s50_g70_z1_256pix_basicFLIM_120f_0007.sdt,20260517_KPC_live_on_SLIM::fitet-sz-c3-b5::3_BKOCO2live_740nm_3097mW_u1_poc0p2_20x0p75NA_457s50_g70_z1_256pix_basicFLIM_120f_0007,fitet-sz-c3-b5,3,"a1, a2, a3, chi2, photons, tau1, tau2, tau3"
3_BKOCO2live_740nm_3097mW_u1_poc0p2_20x0p75NA_457s50_g70_z1_256pix_basicFLIM_120f_0008.sdt,20260517_KPC_live_on_SLIM::fitet-sf-c2-b5::3_BKOCO2live_740nm_3097mW_u1_poc0p2_20x0p75NA_457s50_g70_z1_256pix_basicFLIM_120f_0008,fitet-sf-c2-b5,2,"a1, a2, chi2, photons, tau1, tau2"
3_BKOCO2live_740nm_3097mW_u1_poc0p2_20x0p75NA_457s50_g70_z1_256pix_basicFLIM_120f_0008.sdt,20260517_KPC_live_on_SLIM::fitet-sf-c3-b5::3_BKOCO2live_740nm_3097mW_u1_poc0p2_20x0p75NA_457s50_g70_z1_256pix_basicFLIM_120f_0008,fitet-sf-c3-b5,3,"a1, a2, a3, chi2, photons, tau1, tau2, tau3"
3_BKOCO2live_740nm_3097mW_u1_poc0p2_20x0p75NA_457s50_g70_z1_256pix_basicFLIM_120f_0008.sdt,20260517_KPC_live_on_SLIM::fitet-sz-c2-b5::3_BKOCO2live_740nm_3097mW_u1_poc0p2_20x0p75NA_457s50_g70_z1_256pix_basicFLIM_120f_0008,fitet-sz-c2-b5,2,"a1, a2, chi2, photons, tau1, tau2"
3_BKOCO2live_740nm_3097mW_u1_poc0p2_20x0p75NA_457s50_g70_z1_256pix_basicFLIM_120f_0008.sdt,20260517_KPC_live_on_SLIM::fitet-sz-c3-b5::3_BKOCO2live_740nm_3097mW_u1_poc0p2_20x0p75NA_457s50_g70_z1_256pix_basicFLIM_120f_0008,fitet-sz-c3-b5,3,"a1, a2, a3, chi2, photons, tau1, tau2, tau3"
3_BKOCO2live_740nm_3097mW_u1_poc0p2_20x0p75NA_457s50_g70_z1_256pix_basicFLIM_120f_0009.sdt,20260517_KPC_live_on_SLIM::fitet-sf-c2-b5::3_BKOCO2live_740nm_3097mW_u1_poc0p2_20x0p75NA_457s50_g70_z1_256pix_basicFLIM_120f_0009,fitet-sf-c2-b5,2,"a1, a2, chi2, photons, tau1, tau2"
3_BKOCO2live_740nm_3097mW_u1_poc0p2_20x0p75NA_457s50_g70_z1_256pix_basicFLIM_120f_0009.sdt,20260517_KPC_live_on_SLIM::fitet-sf-c3-b5::3_BKOCO2live_740nm_3097mW_u1_poc0p2_20x0p75NA_457s50_g70_z1_256pix_basicFLIM_120f_0009,fitet-sf-c3-b5,3,"a1, a2, a3, chi2, photons, tau1, tau2, tau3"
3_BKOCO2live_740nm_3097mW_u1_poc0p2_20x0p75NA_457s50_g70_z1_256pix_basicFLIM_120f_0009.sdt,20260517_KPC_live_on_SLIM::fitet-sz-c2-b5::3_BKOCO2live_740nm_3097mW_u1_poc0p2_20x0p75NA_457s50_g70_z1_256pix_basicFLIM_120f_0009,fitet-sz-c2-b5,2,"a1, a2, chi2, photons, tau1, tau2"
3_BKOCO2live_740nm_3097mW_u1_poc0p2_20x0p75NA_457s50_g70_z1_256pix_basicFLIM_120f_0009.sdt,20260517_KPC_live_on_SLIM::fitet-sz-c3-b5::3_BKOCO2live_740nm_3097mW_u1_poc0p2_20x0p75NA_457s50_g70_z1_256pix_basicFLIM_120f_0009,fitet-sz-c3-b5,3,"a1, a2, a3, chi2, photons, tau1, tau2, tau3"
3_BKOCO2live_740nm_3097mW_u1_poc0p2_20x0p75NA_457s50_g70_z1_256pix_basicFLIM_120f_0010.sdt,20260517_KPC_live_on_SLIM::fitet-sf-c2-b5::3_BKOCO2live_740nm_3097mW_u1_poc0p2_20x0p75NA_457s50_g70_z1_256pix_basicFLIM_120f_0010,fitet-sf-c2-b5,2,"a1, a2, chi2, photons, tau1, tau2"
3_BKOCO2live_740nm_3097mW_u1_poc0p2_20x0p75NA_457s50_g70_z1_256pix_basicFLIM_120f_0010.sdt,20260517_KPC_live_on_SLIM::fitet-sf-c3-b5::3_BKOCO2live_740nm_3097mW_u1_poc0p2_20x0p75NA_457s50_g70_z1_256pix_basicFLIM_120f_0010,fitet-sf-c3-b5,3,"a1, a2, a3, chi2, photons, tau1, tau2, tau3"
3_BKOCO2live_740nm_3097mW_u1_poc0p2_20x0p75NA_457s50_g70_z1_256pix_basicFLIM_120f_0010.sdt,20260517_KPC_live_on_SLIM::fitet-sz-c2-b5::3_BKOCO2live_740nm_3097mW_u1_poc0p2_20x0p75NA_457s50_g70_z1_256pix_basicFLIM_120f_0010,fitet-sz-c2-b5,2,"a1, a2, chi2, photons, tau1, tau2"
3_BKOCO2live_740nm_3097mW_u1_poc0p2_20x0p75NA_457s50_g70_z1_256pix_basicFLIM_120f_0010.sdt,20260517_KPC_live_on_SLIM::fitet-sz-c3-b5::3_BKOCO2live_740nm_3097mW_u1_poc0p2_20x0p75NA_457s50_g70_z1_256pix_basicFLIM_120f_0010,fitet-sz-c3-b5,3,"a1, a2, a3, chi2, photons, tau1, tau2, tau3"
3_BKOCO2live_740nm_3097mW_u1_poc0p2_20x0p75NA_457s50_g70_z1_256pix_basicFLIM_120f_0011.sdt,20260517_KPC_live_on_SLIM::fitet-sf-c2-b5::3_BKOCO2live_740nm_3097mW_u1_poc0p2_20x0p75NA_457s50_g70_z1_256pix_basicFLIM_120f_0011,fitet-sf-c2-b5,2,"a1, a2, chi2, photons, tau1, tau2"
3_BKOCO2live_740nm_3097mW_u1_poc0p2_20x0p75NA_457s50_g70_z1_256pix_basicFLIM_120f_0011.sdt,20260517_KPC_live_on_SLIM::fitet-sf-c3-b5::3_BKOCO2live_740nm_3097mW_u1_poc0p2_20x0p75NA_457s50_g70_z1_256pix_basicFLIM_120f_0011,fitet-sf-c3-b5,3,"a1, a2, a3, chi2, photons, tau1, tau2, tau3"
3_BKOCO2live_740nm_3097mW_u1_poc0p2_20x0p75NA_457s50_g70_z1_256pix_basicFLIM_120f_0011.sdt,20260517_KPC_live_on_SLIM::fitet-sz-c2-b5::3_BKOCO2live_740nm_3097mW_u1_poc0p2_20x0p75NA_457s50_g70_z1_256pix_basicFLIM_120f_0011,fitet-sz-c2-b5,2,"a1, a2, chi2, photons, tau1, tau2"
3_BKOCO2live_740nm_3097mW_u1_poc0p2_20x0p75NA_457s50_g70_z1_256pix_basicFLIM_120f_0011.sdt,20260517_KPC_live_on_SLIM::fitet-sz-c3-b5::3_BKOCO2live_740nm_3097mW_u1_poc0p2_20x0p75NA_457s50_g70_z1_256pix_basicFLIM_120f_0011,fitet-sz-c3-b5,3,"a1, a2, a3, chi2, photons, tau1, tau2, tau3"
3_BKOCO2live_740nm_3097mW_u1_poc0p2_20x0p75NA_457s50_g70_z1_256pix_basicFLIM_120f_0012.sdt,20260517_KPC_live_on_SLIM::fitet-sf-c2-b5::3_BKOCO2live_740nm_3097mW_u1_poc0p2_20x0p75NA_457s50_g70_z1_256pix_basicFLIM_120f_0012,fitet-sf-c2-b5,2,"a1, a2, chi2, photons, tau1, tau2"
3_BKOCO2live_740nm_3097mW_u1_poc0p2_20x0p75NA_457s50_g70_z1_256pix_basicFLIM_120f_0012.sdt,20260517_KPC_live_on_SLIM::fitet-sf-c3-b5::3_BKOCO2live_740nm_3097mW_u1_poc0p2_20x0p75NA_457s50_g70_z1_256pix_basicFLIM_120f_0012,fitet-sf-c3-b5,3,"a1, a2, a3, chi2, photons, tau1, tau2, tau3"
3_BKOCO2live_740nm_3097mW_u1_poc0p2_20x0p75NA_457s50_g70_z1_256pix_basicFLIM_120f_0012.sdt,20260517_KPC_live_on_SLIM::fitet-sz-c2-b5::3_BKOCO2live_740nm_3097mW_u1_poc0p2_20x0p75NA_457s50_g70_z1_256pix_basicFLIM_120f_0012,fitet-sz-c2-b5,2,"a1, a2, chi2, photons, tau1, tau2"
3_BKOCO2live_740nm_3097mW_u1_poc0p2_20x0p75NA_457s50_g70_z1_256pix_basicFLIM_120f_0012.sdt,20260517_KPC_live_on_SLIM::fitet-sz-c3-b5::3_BKOCO2live_740nm_3097mW_u1_poc0p2_20x0p75NA_457s50_g70_z1_256pix_basicFLIM_120f_0012,fitet-sz-c3-b5,3,"a1, a2, a3, chi2, photons, tau1, tau2, tau3"
3_BKOCO2live_740nm_3097mW_u1_poc0p2_20x0p75NA_457s50_g70_z1_256pix_basicFLIM_120f_0013.sdt,20260517_KPC_live_on_SLIM::fitet-sf-c2-b5::3_BKOCO2live_740nm_3097mW_u1_poc0p2_20x0p75NA_457s50_g70_z1_256pix_basicFLIM_120f_0013,fitet-sf-c2-b5,2,"a1, a2, chi2, photons, tau1, tau2"
3_BKOCO2live_740nm_3097mW_u1_poc0p2_20x0p75NA_457s50_g70_z1_256pix_basicFLIM_120f_0013.sdt,20260517_KPC_live_on_SLIM::fitet-sf-c3-b5::3_BKOCO2live_740nm_3097mW_u1_poc0p2_20x0p75NA_457s50_g70_z1_256pix_basicFLIM_120f_0013,fitet-sf-c3-b5,3,"a1, a2, a3, chi2, photons, tau1, tau2, tau3"
3_BKOCO2live_740nm_3097mW_u1_poc0p2_20x0p75NA_457s50_g70_z1_256pix_basicFLIM_120f_0013.sdt,20260517_KPC_live_on_SLIM::fitet-sz-c2-b5::3_BKOCO2live_740nm_3097mW_u1_poc0p2_20x0p75NA_457s50_g70_z1_256pix_basicFLIM_120f_0013,fitet-sz-c2-b5,2,"a1, a2, chi2, photons, tau1, tau2"
3_BKOCO2live_740nm_3097mW_u1_poc0p2_20x0p75NA_457s50_g70_z1_256pix_basicFLIM_120f_0013.sdt,20260517_KPC_live_on_SLIM::fitet-sz-c3-b5::3_BKOCO2live_740nm_3097mW_u1_poc0p2_20x0p75NA_457s50_g70_z1_256pix_basicFLIM_120f_0013,fitet-sz-c3-b5,3,"a1, a2, a3, chi2, photons, tau1, tau2, tau3"
3_BKOCO2live_740nm_3097mW_u1_poc0p2_20x0p75NA_457s50_g70_z1_256pix_basicFLIM_120f_0014.sdt,20260517_KPC_live_on_SLIM::fitet-sf-c2-b5::3_BKOCO2live_740nm_3097mW_u1_poc0p2_20x0p75NA_457s50_g70_z1_256pix_basicFLIM_120f_0014,fitet-sf-c2-b5,2,"a1, a2, chi2, photons, tau1, tau2"
3_BKOCO2live_740nm_3097mW_u1_poc0p2_20x0p75NA_457s50_g70_z1_256pix_basicFLIM_120f_0014.sdt,20260517_KPC_live_on_SLIM::fitet-sf-c3-b5::3_BKOCO2live_740nm_3097mW_u1_poc0p2_20x0p75NA_457s50_g70_z1_256pix_basicFLIM_120f_0014,fitet-sf-c3-b5,3,"a1, a2, a3, chi2, photons, tau1, tau2, tau3"
3_BKOCO2live_740nm_3097mW_u1_poc0p2_20x0p75NA_457s50_g70_z1_256pix_basicFLIM_120f_0014.sdt,20260517_KPC_live_on_SLIM::fitet-sz-c2-b5::3_BKOCO2live_740nm_3097mW_u1_poc0p2_20x0p75NA_457s50_g70_z1_256pix_basicFLIM_120f_0014,fitet-sz-c2-b5,2,"a1, a2, chi2, photons, tau1, tau2"
3_BKOCO2live_740nm_3097mW_u1_poc0p2_20x0p75NA_457s50_g70_z1_256pix_basicFLIM_120f_0014.sdt,20260517_KPC_live_on_SLIM::fitet-sz-c3-b5::3_BKOCO2live_740nm_3097mW_u1_poc0p2_20x0p75NA_457s50_g70_z1_256pix_basicFLIM_120f_0014,fitet-sz-c3-b5,3,"a1, a2, a3, chi2, photons, tau1, tau2, tau3"
3_BKOCO2live_740nm_3097mW_u1_poc0p2_20x0p75NA_457s50_g70_z1_256pix_basicFLIM_120f_0015.sdt,20260517_KPC_live_on_SLIM::fitet-sf-c2-b5::3_BKOCO2live_740nm_3097mW_u1_poc0p2_20x0p75NA_457s50_g70_z1_256pix_basicFLIM_120f_0015,fitet-sf-c2-b5,2,"a1, a2, chi2, photons, tau1, tau2"
3_BKOCO2live_740nm_3097mW_u1_poc0p2_20x0p75NA_457s50_g70_z1_256pix_basicFLIM_120f_0015.sdt,20260517_KPC_live_on_SLIM::fitet-sf-c3-b5::3_BKOCO2live_740nm_3097mW_u1_poc0p2_20x0p75NA_457s50_g70_z1_256pix_basicFLIM_120f_0015,fitet-sf-c3-b5,3,"a1, a2, a3, chi2, photons, tau1, tau2, tau3"
3_BKOCO2live_740nm_3097mW_u1_poc0p2_20x0p75NA_457s50_g70_z1_256pix_basicFLIM_120f_0015.sdt,20260517_KPC_live_on_SLIM::fitet-sz-c2-b5::3_BKOCO2live_740nm_3097mW_u1_poc0p2_20x0p75NA_457s50_g70_z1_256pix_basicFLIM_120f_0015,fitet-sz-c2-b5,2,"a1, a2, chi2, photons, tau1, tau2"
3_BKOCO2live_740nm_3097mW_u1_poc0p2_20x0p75NA_457s50_g70_z1_256pix_basicFLIM_120f_0015.sdt,20260517_KPC_live_on_SLIM::fitet-sz-c3-b5::3_BKOCO2live_740nm_3097mW_u1_poc0p2_20x0p75NA_457s50_g70_z1_256pix_basicFLIM_120f_0015,fitet-sz-c3-b5,3,"a1, a2, a3, chi2, photons, tau1, tau2, tau3"
3_BKOCO2live_740nm_3097mW_u1_poc0p2_20x0p75NA_535s50_g70_z1_256pix_basicFLIM_120f_0000.sdt,20260517_KPC_live_on_SLIM::fitet-sf-c2-b5::3_BKOCO2live_740nm_3097mW_u1_poc0p2_20x0p75NA_535s50_g70_z1_256pix_basicFLIM_120f_0000,fitet-sf-c2-b5,2,"a1, a2, chi2, photons, tau1, tau2"
3_BKOCO2live_740nm_3097mW_u1_poc0p2_20x0p75NA_535s50_g70_z1_256pix_basicFLIM_120f_0000.sdt,20260517_KPC_live_on_SLIM::fitet-sf-c3-b5::3_BKOCO2live_740nm_3097mW_u1_poc0p2_20x0p75NA_535s50_g70_z1_256pix_basicFLIM_120f_0000,fitet-sf-c3-b5,3,"a1, a2, a3, chi2, photons, tau1, tau2, tau3"
3_BKOCO2live_740nm_3097mW_u1_poc0p2_20x0p75NA_535s50_g70_z1_256pix_basicFLIM_120f_0000.sdt,20260517_KPC_live_on_SLIM::fitet-sz-c2-b5::3_BKOCO2live_740nm_3097mW_u1_poc0p2_20x0p75NA_535s50_g70_z1_256pix_basicFLIM_120f_0000,fitet-sz-c2-b5,2,"a1, a2, chi2, photons, tau1, tau2"
3_BKOCO2live_740nm_3097mW_u1_poc0p2_20x0p75NA_535s50_g70_z1_256pix_basicFLIM_120f_0000.sdt,20260517_KPC_live_on_SLIM::fitet-sz-c3-b5::3_BKOCO2live_740nm_3097mW_u1_poc0p2_20x0p75NA_535s50_g70_z1_256pix_basicFLIM_120f_0000,fitet-sz-c3-b5,3,"a1, a2, a3, chi2, photons, tau1, tau2, tau3"
3_BKOCO2live_740nm_3097mW_u1_poc0p2_20x0p75NA_535s50_g70_z1_256pix_basicFLIM_120f_0001.sdt,20260517_KPC_live_on_SLIM::fitet-sf-c2-b5::3_BKOCO2live_740nm_3097mW_u1_poc0p2_20x0p75NA_535s50_g70_z1_256pix_basicFLIM_120f_0001,fitet-sf-c2-b5,2,"a1, a2, chi2, photons, tau1, tau2"
3_BKOCO2live_740nm_3097mW_u1_poc0p2_20x0p75NA_535s50_g70_z1_256pix_basicFLIM_120f_0001.sdt,20260517_KPC_live_on_SLIM::fitet-sf-c3-b5::3_BKOCO2live_740nm_3097mW_u1_poc0p2_20x0p75NA_535s50_g70_z1_256pix_basicFLIM_120f_0001,fitet-sf-c3-b5,3,"a1, a2, a3, chi2, photons, tau1, tau2, tau3"
3_BKOCO2live_740nm_3097mW_u1_poc0p2_20x0p75NA_535s50_g70_z1_256pix_basicFLIM_120f_0001.sdt,20260517_KPC_live_on_SLIM::fitet-sz-c2-b5::3_BKOCO2live_740nm_3097mW_u1_poc0p2_20x0p75NA_535s50_g70_z1_256pix_basicFLIM_120f_0001,fitet-sz-c2-b5,2,"a1, a2, chi2, photons, tau1, tau2"
3_BKOCO2live_740nm_3097mW_u1_poc0p2_20x0p75NA_535s50_g70_z1_256pix_basicFLIM_120f_0001.sdt,20260517_KPC_live_on_SLIM::fitet-sz-c3-b5::3_BKOCO2live_740nm_3097mW_u1_poc0p2_20x0p75NA_535s50_g70_z1_256pix_basicFLIM_120f_0001,fitet-sz-c3-b5,3,"a1, a2, a3, chi2, photons, tau1, tau2, tau3"
3_BKOCO2live_740nm_3097mW_u1_poc0p2_20x0p75NA_535s50_g70_z1_256pix_basicFLIM_120f_0002.sdt,20260517_KPC_live_on_SLIM::fitet-sf-c2-b5::3_BKOCO2live_740nm_3097mW_u1_poc0p2_20x0p75NA_535s50_g70_z1_256pix_basicFLIM_120f_0002,fitet-sf-c2-b5,2,"a1, a2, chi2, photons, tau1, tau2"
3_BKOCO2live_740nm_3097mW_u1_poc0p2_20x0p75NA_535s50_g70_z1_256pix_basicFLIM_120f_0002.sdt,20260517_KPC_live_on_SLIM::fitet-sf-c3-b5::3_BKOCO2live_740nm_3097mW_u1_poc0p2_20x0p75NA_535s50_g70_z1_256pix_basicFLIM_120f_0002,fitet-sf-c3-b5,3,"a1, a2, a3, chi2, photons, tau1, tau2, tau3"
3_BKOCO2live_740nm_3097mW_u1_poc0p2_20x0p75NA_535s50_g70_z1_256pix_basicFLIM_120f_0002.sdt,20260517_KPC_live_on_SLIM::fitet-sz-c2-b5::3_BKOCO2live_740nm_3097mW_u1_poc0p2_20x0p75NA_535s50_g70_z1_256pix_basicFLIM_120f_0002,fitet-sz-c2-b5,2,"a1, a2, chi2, photons, tau1, tau2"
3_BKOCO2live_740nm_3097mW_u1_poc0p2_20x0p75NA_535s50_g70_z1_256pix_basicFLIM_120f_0002.sdt,20260517_KPC_live_on_SLIM::fitet-sz-c3-b5::3_BKOCO2live_740nm_3097mW_u1_poc0p2_20x0p75NA_535s50_g70_z1_256pix_basicFLIM_120f_0002,fitet-sz-c3-b5,3,"a1, a2, a3, chi2, photons, tau1, tau2, tau3"
3_BKOCO2live_740nm_3097mW_u1_poc0p2_20x0p75NA_535s50_g70_z1_256pix_basicFLIM_120f_0003.sdt,20260517_KPC_live_on_SLIM::fitet-sf-c2-b5::3_BKOCO2live_740nm_3097mW_u1_poc0p2_20x0p75NA_535s50_g70_z1_256pix_basicFLIM_120f_0003,fitet-sf-c2-b5,2,"a1, a2, chi2, photons, tau1, tau2"
3_BKOCO2live_740nm_3097mW_u1_poc0p2_20x0p75NA_535s50_g70_z1_256pix_basicFLIM_120f_0003.sdt,20260517_KPC_live_on_SLIM::fitet-sf-c3-b5::3_BKOCO2live_740nm_3097mW_u1_poc0p2_20x0p75NA_535s50_g70_z1_256pix_basicFLIM_120f_0003,fitet-sf-c3-b5,3,"a1, a2, a3, chi2, photons, tau1, tau2, tau3"
3_BKOCO2live_740nm_3097mW_u1_poc0p2_20x0p75NA_535s50_g70_z1_256pix_basicFLIM_120f_0003.sdt,20260517_KPC_live_on_SLIM::fitet-sz-c2-b5::3_BKOCO2live_740nm_3097mW_u1_poc0p2_20x0p75NA_535s50_g70_z1_256pix_basicFLIM_120f_0003,fitet-sz-c2-b5,2,"a1, a2, chi2, photons, tau1, tau2"
3_BKOCO2live_740nm_3097mW_u1_poc0p2_20x0p75NA_535s50_g70_z1_256pix_basicFLIM_120f_0003.sdt,20260517_KPC_live_on_SLIM::fitet-sz-c3-b5::3_BKOCO2live_740nm_3097mW_u1_poc0p2_20x0p75NA_535s50_g70_z1_256pix_basicFLIM_120f_0003,fitet-sz-c3-b5,3,"a1, a2, a3, chi2, photons, tau1, tau2, tau3"
3_BKOCO2live_740nm_3097mW_u1_poc0p2_20x0p75NA_535s50_g70_z1_256pix_basicFLIM_120f_0004.sdt,20260517_KPC_live_on_SLIM::fitet-sf-c2-b5::3_BKOCO2live_740nm_3097mW_u1_poc0p2_20x0p75NA_535s50_g70_z1_256pix_basicFLIM_120f_0004,fitet-sf-c2-b5,2,"a1, a2, chi2, photons, tau1, tau2"
3_BKOCO2live_740nm_3097mW_u1_poc0p2_20x0p75NA_535s50_g70_z1_256pix_basicFLIM_120f_0004.sdt,20260517_KPC_live_on_SLIM::fitet-sf-c3-b5::3_BKOCO2live_740nm_3097mW_u1_poc0p2_20x0p75NA_535s50_g70_z1_256pix_basicFLIM_120f_0004,fitet-sf-c3-b5,3,"a1, a2, a3, chi2, photons, tau1, tau2, tau3"
3_BKOCO2live_740nm_3097mW_u1_poc0p2_20x0p75NA_535s50_g70_z1_256pix_basicFLIM_120f_0004.sdt,20260517_KPC_live_on_SLIM::fitet-sz-c2-b5::3_BKOCO2live_740nm_3097mW_u1_poc0p2_20x0p75NA_535s50_g70_z1_256pix_basicFLIM_120f_0004,fitet-sz-c2-b5,2,"a1, a2, chi2, photons, tau1, tau2"
3_BKOCO2live_740nm_3097mW_u1_poc0p2_20x0p75NA_535s50_g70_z1_256pix_basicFLIM_120f_0004.sdt,20260517_KPC_live_on_SLIM::fitet-sz-c3-b5::3_BKOCO2live_740nm_3097mW_u1_poc0p2_20x0p75NA_535s50_g70_z1_256pix_basicFLIM_120f_0004,fitet-sz-c3-b5,3,"a1, a2, a3, chi2, photons, tau1, tau2, tau3"
3_BKOCO2live_740nm_3097mW_u1_poc0p2_20x0p75NA_535s50_g70_z1_256pix_basicFLIM_120f_0005.sdt,20260517_KPC_live_on_SLIM::fitet-sf-c2-b5::3_BKOCO2live_740nm_3097mW_u1_poc0p2_20x0p75NA_535s50_g70_z1_256pix_basicFLIM_120f_0005,fitet-sf-c2-b5,2,"a1, a2, chi2, photons, tau1, tau2"
3_BKOCO2live_740nm_3097mW_u1_poc0p2_20x0p75NA_535s50_g70_z1_256pix_basicFLIM_120f_0005.sdt,20260517_KPC_live_on_SLIM::fitet-sf-c3-b5::3_BKOCO2live_740nm_3097mW_u1_poc0p2_20x0p75NA_535s50_g70_z1_256pix_basicFLIM_120f_0005,fitet-sf-c3-b5,3,"a1, a2, a3, chi2, photons, tau1, tau2, tau3"
3_BKOCO2live_740nm_3097mW_u1_poc0p2_20x0p75NA_535s50_g70_z1_256pix_basicFLIM_120f_0005.sdt,20260517_KPC_live_on_SLIM::fitet-sz-c2-b5::3_BKOCO2live_740nm_3097mW_u1_poc0p2_20x0p75NA_535s50_g70_z1_256pix_basicFLIM_120f_0005,fitet-sz-c2-b5,2,"a1, a2, chi2, photons, tau1, tau2"
3_BKOCO2live_740nm_3097mW_u1_poc0p2_20x0p75NA_535s50_g70_z1_256pix_basicFLIM_120f_0005.sdt,20260517_KPC_live_on_SLIM::fitet-sz-c3-b5::3_BKOCO2live_740nm_3097mW_u1_poc0p2_20x0p75NA_535s50_g70_z1_256pix_basicFLIM_120f_0005,fitet-sz-c3-b5,3,"a1, a2, a3, chi2, photons, tau1, tau2, tau3"
3_BKOCO2live_740nm_3097mW_u1_poc0p2_20x0p75NA_535s50_g70_z1_256pix_basicFLIM_120f_0006.sdt,20260517_KPC_live_on_SLIM::fitet-sf-c2-b5::3_BKOCO2live_740nm_3097mW_u1_poc0p2_20x0p75NA_535s50_g70_z1_256pix_basicFLIM_120f_0006,fitet-sf-c2-b5,2,"a1, a2, chi2, photons, tau1, tau2"
3_BKOCO2live_740nm_3097mW_u1_poc0p2_20x0p75NA_535s50_g70_z1_256pix_basicFLIM_120f_0006.sdt,20260517_KPC_live_on_SLIM::fitet-sf-c3-b5::3_BKOCO2live_740nm_3097mW_u1_poc0p2_20x0p75NA_535s50_g70_z1_256pix_basicFLIM_120f_0006,fitet-sf-c3-b5,3,"a1, a2, a3, chi2, photons, tau1, tau2, tau3"
3_BKOCO2live_740nm_3097mW_u1_poc0p2_20x0p75NA_535s50_g70_z1_256pix_basicFLIM_120f_0006.sdt,20260517_KPC_live_on_SLIM::fitet-sz-c2-b5::3_BKOCO2live_740nm_3097mW_u1_poc0p2_20x0p75NA_535s50_g70_z1_256pix_basicFLIM_120f_0006,fitet-sz-c2-b5,2,"a1, a2, chi2, photons, tau1, tau2"
3_BKOCO2live_740nm_3097mW_u1_poc0p2_20x0p75NA_535s50_g70_z1_256pix_basicFLIM_120f_0006.sdt,20260517_KPC_live_on_SLIM::fitet-sz-c3-b5::3_BKOCO2live_740nm_3097mW_u1_poc0p2_20x0p75NA_535s50_g70_z1_256pix_basicFLIM_120f_0006,fitet-sz-c3-b5,3,"a1, a2, a3, chi2, photons, tau1, tau2, tau3"
3_BKOCO2live_740nm_3097mW_u1_poc0p2_20x0p75NA_535s50_g70_z1_256pix_basicFLIM_120f_0007.sdt,20260517_KPC_live_on_SLIM::fitet-sf-c2-b5::3_BKOCO2live_740nm_3097mW_u1_poc0p2_20x0p75NA_535s50_g70_z1_256pix_basicFLIM_120f_0007,fitet-sf-c2-b5,2,"a1, a2, chi2, photons, tau1, tau2"
3_BKOCO2live_740nm_3097mW_u1_poc0p2_20x0p75NA_535s50_g70_z1_256pix_basicFLIM_120f_0007.sdt,20260517_KPC_live_on_SLIM::fitet-sf-c3-b5::3_BKOCO2live_740nm_3097mW_u1_poc0p2_20x0p75NA_535s50_g70_z1_256pix_basicFLIM_120f_0007,fitet-sf-c3-b5,3,"a1, a2, a3, chi2, photons, tau1, tau2, tau3"
3_BKOCO2live_740nm_3097mW_u1_poc0p2_20x0p75NA_535s50_g70_z1_256pix_basicFLIM_120f_0007.sdt,20260517_KPC_live_on_SLIM::fitet-sz-c2-b5::3_BKOCO2live_740nm_3097mW_u1_poc0p2_20x0p75NA_535s50_g70_z1_256pix_basicFLIM_120f_0007,fitet-sz-c2-b5,2,"a1, a2, chi2, photons, tau1, tau2"
3_BKOCO2live_740nm_3097mW_u1_poc0p2_20x0p75NA_535s50_g70_z1_256pix_basicFLIM_120f_0007.sdt,20260517_KPC_live_on_SLIM::fitet-sz-c3-b5::3_BKOCO2live_740nm_3097mW_u1_poc0p2_20x0p75NA_535s50_g70_z1_256pix_basicFLIM_120f_0007,fitet-sz-c3-b5,3,"a1, a2, a3, chi2, photons, tau1, tau2, tau3"
3_BKOCO2live_740nm_3097mW_u1_poc0p2_20x0p75NA_535s50_g70_z1_256pix_basicFLIM_120f_0008.sdt,20260517_KPC_live_on_SLIM::fitet-sf-c2-b5::3_BKOCO2live_740nm_3097mW_u1_poc0p2_20x0p75NA_535s50_g70_z1_256pix_basicFLIM_120f_0008,fitet-sf-c2-b5,2,"a1, a2, chi2, photons, tau1, tau2"
3_BKOCO2live_740nm_3097mW_u1_poc0p2_20x0p75NA_535s50_g70_z1_256pix_basicFLIM_120f_0008.sdt,20260517_KPC_live_on_SLIM::fitet-sf-c3-b5::3_BKOCO2live_740nm_3097mW_u1_poc0p2_20x0p75NA_535s50_g70_z1_256pix_basicFLIM_120f_0008,fitet-sf-c3-b5,3,"a1, a2, a3, chi2, photons, tau1, tau2, tau3"
3_BKOCO2live_740nm_3097mW_u1_poc0p2_20x0p75NA_535s50_g70_z1_256pix_basicFLIM_120f_0008.sdt,20260517_KPC_live_on_SLIM::fitet-sz-c2-b5::3_BKOCO2live_740nm_3097mW_u1_poc0p2_20x0p75NA_535s50_g70_z1_256pix_basicFLIM_120f_0008,fitet-sz-c2-b5,2,"a1, a2, chi2, photons, tau1, tau2"
3_BKOCO2live_740nm_3097mW_u1_poc0p2_20x0p75NA_535s50_g70_z1_256pix_basicFLIM_120f_0008.sdt,20260517_KPC_live_on_SLIM::fitet-sz-c3-b5::3_BKOCO2live_740nm_3097mW_u1_poc0p2_20x0p75NA_535s50_g70_z1_256pix_basicFLIM_120f_0008,fitet-sz-c3-b5,3,"a1, a2, a3, chi2, photons, tau1, tau2, tau3"
3_BKOCO2live_740nm_3097mW_u1_poc0p2_20x0p75NA_535s50_g70_z1_256pix_basicFLIM_120f_0009.sdt,20260517_KPC_live_on_SLIM::fitet-sf-c2-b5::3_BKOCO2live_740nm_3097mW_u1_poc0p2_20x0p75NA_535s50_g70_z1_256pix_basicFLIM_120f_0009,fitet-sf-c2-b5,2,"a1, a2, chi2, photons, tau1, tau2"
3_BKOCO2live_740nm_3097mW_u1_poc0p2_20x0p75NA_535s50_g70_z1_256pix_basicFLIM_120f_0009.sdt,20260517_KPC_live_on_SLIM::fitet-sf-c3-b5::3_BKOCO2live_740nm_3097mW_u1_poc0p2_20x0p75NA_535s50_g70_z1_256pix_basicFLIM_120f_0009,fitet-sf-c3-b5,3,"a1, a2, a3, chi2, photons, tau1, tau2, tau3"
3_BKOCO2live_740nm_3097mW_u1_poc0p2_20x0p75NA_535s50_g70_z1_256pix_basicFLIM_120f_0009.sdt,20260517_KPC_live_on_SLIM::fitet-sz-c2-b5::3_BKOCO2live_740nm_3097mW_u1_poc0p2_20x0p75NA_535s50_g70_z1_256pix_basicFLIM_120f_0009,fitet-sz-c2-b5,2,"a1, a2, chi2, photons, tau1, tau2"
3_BKOCO2live_740nm_3097mW_u1_poc0p2_20x0p75NA_535s50_g70_z1_256pix_basicFLIM_120f_0009.sdt,20260517_KPC_live_on_SLIM::fitet-sz-c3-b5::3_BKOCO2live_740nm_3097mW_u1_poc0p2_20x0p75NA_535s50_g70_z1_256pix_basicFLIM_120f_0009,fitet-sz-c3-b5,3,"a1, a2, a3, chi2, photons, tau1, tau2, tau3"
3_BKOCO2live_740nm_3097mW_u1_poc0p2_20x0p75NA_535s50_g70_z1_256pix_basicFLIM_120f_0010.sdt,20260517_KPC_live_on_SLIM::fitet-sf-c2-b5::3_BKOCO2live_740nm_3097mW_u1_poc0p2_20x0p75NA_535s50_g70_z1_256pix_basicFLIM_120f_0010,fitet-sf-c2-b5,2,"a1, a2, chi2, photons, tau1, tau2"
3_BKOCO2live_740nm_3097mW_u1_poc0p2_20x0p75NA_535s50_g70_z1_256pix_basicFLIM_120f_0010.sdt,20260517_KPC_live_on_SLIM::fitet-sf-c3-b5::3_BKOCO2live_740nm_3097mW_u1_poc0p2_20x0p75NA_535s50_g70_z1_256pix_basicFLIM_120f_0010,fitet-sf-c3-b5,3,"a1, a2, a3, chi2, photons, tau1, tau2, tau3"
3_BKOCO2live_740nm_3097mW_u1_poc0p2_20x0p75NA_535s50_g70_z1_256pix_basicFLIM_120f_0010.sdt,20260517_KPC_live_on_SLIM::fitet-sz-c2-b5::3_BKOCO2live_740nm_3097mW_u1_poc0p2_20x0p75NA_535s50_g70_z1_256pix_basicFLIM_120f_0010,fitet-sz-c2-b5,2,"a1, a2, chi2, photons, tau1, tau2"
3_BKOCO2live_740nm_3097mW_u1_poc0p2_20x0p75NA_535s50_g70_z1_256pix_basicFLIM_120f_0010.sdt,20260517_KPC_live_on_SLIM::fitet-sz-c3-b5::3_BKOCO2live_740nm_3097mW_u1_poc0p2_20x0p75NA_535s50_g70_z1_256pix_basicFLIM_120f_0010,fitet-sz-c3-b5,3,"a1, a2, a3, chi2, photons, tau1, tau2, tau3"
3_BKOCO2live_740nm_3097mW_u1_poc0p2_20x0p75NA_535s50_g70_z1_256pix_basicFLIM_120f_0011.sdt,20260517_KPC_live_on_SLIM::fitet-sf-c2-b5::3_BKOCO2live_740nm_3097mW_u1_poc0p2_20x0p75NA_535s50_g70_z1_256pix_basicFLIM_120f_0011,fitet-sf-c2-b5,2,"a1, a2, chi2, photons, tau1, tau2"
3_BKOCO2live_740nm_3097mW_u1_poc0p2_20x0p75NA_535s50_g70_z1_256pix_basicFLIM_120f_0011.sdt,20260517_KPC_live_on_SLIM::fitet-sf-c3-b5::3_BKOCO2live_740nm_3097mW_u1_poc0p2_20x0p75NA_535s50_g70_z1_256pix_basicFLIM_120f_0011,fitet-sf-c3-b5,3,"a1, a2, a3, chi2, photons, tau1, tau2, tau3"
3_BKOCO2live_740nm_3097mW_u1_poc0p2_20x0p75NA_535s50_g70_z1_256pix_basicFLIM_120f_0011.sdt,20260517_KPC_live_on_SLIM::fitet-sz-c2-b5::3_BKOCO2live_740nm_3097mW_u1_poc0p2_20x0p75NA_535s50_g70_z1_256pix_basicFLIM_120f_0011,fitet-sz-c2-b5,2,"a1, a2, chi2, photons, tau1, tau2"
3_BKOCO2live_740nm_3097mW_u1_poc0p2_20x0p75NA_535s50_g70_z1_256pix_basicFLIM_120f_0011.sdt,20260517_KPC_live_on_SLIM::fitet-sz-c3-b5::3_BKOCO2live_740nm_3097mW_u1_poc0p2_20x0p75NA_535s50_g70_z1_256pix_basicFLIM_120f_0011,fitet-sz-c3-b5,3,"a1, a2, a3, chi2, photons, tau1, tau2, tau3"
3_BKOCO2live_740nm_3097mW_u1_poc0p2_20x0p75NA_535s50_g70_z1_256pix_basicFLIM_120f_0012.sdt,20260517_KPC_live_on_SLIM::fitet-sf-c2-b5::3_BKOCO2live_740nm_3097mW_u1_poc0p2_20x0p75NA_535s50_g70_z1_256pix_basicFLIM_120f_0012,fitet-sf-c2-b5,2,"a1, a2, chi2, photons, tau1, tau2"
3_BKOCO2live_740nm_3097mW_u1_poc0p2_20x0p75NA_535s50_g70_z1_256pix_basicFLIM_120f_0012.sdt,20260517_KPC_live_on_SLIM::fitet-sf-c3-b5::3_BKOCO2live_740nm_3097mW_u1_poc0p2_20x0p75NA_535s50_g70_z1_256pix_basicFLIM_120f_0012,fitet-sf-c3-b5,3,"a1, a2, a3, chi2, photons, tau1, tau2, tau3"
3_BKOCO2live_740nm_3097mW_u1_poc0p2_20x0p75NA_535s50_g70_z1_256pix_basicFLIM_120f_0012.sdt,20260517_KPC_live_on_SLIM::fitet-sz-c2-b5::3_BKOCO2live_740nm_3097mW_u1_poc0p2_20x0p75NA_535s50_g70_z1_256pix_basicFLIM_120f_0012,fitet-sz-c2-b5,2,"a1, a2, chi2, photons, tau1, tau2"
3_BKOCO2live_740nm_3097mW_u1_poc0p2_20x0p75NA_535s50_g70_z1_256pix_basicFLIM_120f_0012.sdt,20260517_KPC_live_on_SLIM::fitet-sz-c3-b5::3_BKOCO2live_740nm_3097mW_u1_poc0p2_20x0p75NA_535s50_g70_z1_256pix_basicFLIM_120f_0012,fitet-sz-c3-b5,3,"a1, a2, a3, chi2, photons, tau1, tau2, tau3"
3_BKOCO2live_740nm_3097mW_u1_poc0p2_20x0p75NA_535s50_g70_z1_256pix_basicFLIM_120f_0013.sdt,20260517_KPC_live_on_SLIM::fitet-sf-c2-b5::3_BKOCO2live_740nm_3097mW_u1_poc0p2_20x0p75NA_535s50_g70_z1_256pix_basicFLIM_120f_0013,fitet-sf-c2-b5,2,"a1, a2, chi2, photons, tau1, tau2"
3_BKOCO2live_740nm_3097mW_u1_poc0p2_20x0p75NA_535s50_g70_z1_256pix_basicFLIM_120f_0013.sdt,20260517_KPC_live_on_SLIM::fitet-sf-c3-b5::3_BKOCO2live_740nm_3097mW_u1_poc0p2_20x0p75NA_535s50_g70_z1_256pix_basicFLIM_120f_0013,fitet-sf-c3-b5,3,"a1, a2, a3, chi2, photons, tau1, tau2, tau3"
3_BKOCO2live_740nm_3097mW_u1_poc0p2_20x0p75NA_535s50_g70_z1_256pix_basicFLIM_120f_0013.sdt,20260517_KPC_live_on_SLIM::fitet-sz-c2-b5::3_BKOCO2live_740nm_3097mW_u1_poc0p2_20x0p75NA_535s50_g70_z1_256pix_basicFLIM_120f_0013,fitet-sz-c2-b5,2,"a1, a2, chi2, photons, tau1, tau2"
3_BKOCO2live_740nm_3097mW_u1_poc0p2_20x0p75NA_535s50_g70_z1_256pix_basicFLIM_120f_0013.sdt,20260517_KPC_live_on_SLIM::fitet-sz-c3-b5::3_BKOCO2live_740nm_3097mW_u1_poc0p2_20x0p75NA_535s50_g70_z1_256pix_basicFLIM_120f_0013,fitet-sz-c3-b5,3,"a1, a2, a3, chi2, photons, tau1, tau2, tau3"
3_BKOCO2live_740nm_3097mW_u1_poc0p2_20x0p75NA_535s50_g70_z1_256pix_basicFLIM_120f_0014.sdt,20260517_KPC_live_on_SLIM::fitet-sf-c2-b5::3_BKOCO2live_740nm_3097mW_u1_poc0p2_20x0p75NA_535s50_g70_z1_256pix_basicFLIM_120f_0014,fitet-sf-c2-b5,2,"a1, a2, chi2, photons, tau1, tau2"
3_BKOCO2live_740nm_3097mW_u1_poc0p2_20x0p75NA_535s50_g70_z1_256pix_basicFLIM_120f_0014.sdt,20260517_KPC_live_on_SLIM::fitet-sf-c3-b5::3_BKOCO2live_740nm_3097mW_u1_poc0p2_20x0p75NA_535s50_g70_z1_256pix_basicFLIM_120f_0014,fitet-sf-c3-b5,3,"a1, a2, a3, chi2, photons, tau1, tau2, tau3"
3_BKOCO2live_740nm_3097mW_u1_poc0p2_20x0p75NA_535s50_g70_z1_256pix_basicFLIM_120f_0014.sdt,20260517_KPC_live_on_SLIM::fitet-sz-c2-b5::3_BKOCO2live_740nm_3097mW_u1_poc0p2_20x0p75NA_535s50_g70_z1_256pix_basicFLIM_120f_0014,fitet-sz-c2-b5,2,"a1, a2, chi2, photons, tau1, tau2"
3_BKOCO2live_740nm_3097mW_u1_poc0p2_20x0p75NA_535s50_g70_z1_256pix_basicFLIM_120f_0014.sdt,20260517_KPC_live_on_SLIM::fitet-sz-c3-b5::3_BKOCO2live_740nm_3097mW_u1_poc0p2_20x0p75NA_535s50_g70_z1_256pix_basicFLIM_120f_0014,fitet-sz-c3-b5,3,"a1, a2, a3, chi2, photons, tau1, tau2, tau3"
3_BKOCO2live_740nm_3097mW_u1_poc0p2_20x0p75NA_535s50_g70_z1_256pix_basicFLIM_120f_0015.sdt,20260517_KPC_live_on_SLIM::fitet-sf-c2-b5::3_BKOCO2live_740nm_3097mW_u1_poc0p2_20x0p75NA_535s50_g70_z1_256pix_basicFLIM_120f_0015,fitet-sf-c2-b5,2,"a1, a2, chi2, photons, tau1, tau2"
3_BKOCO2live_740nm_3097mW_u1_poc0p2_20x0p75NA_535s50_g70_z1_256pix_basicFLIM_120f_0015.sdt,20260517_KPC_live_on_SLIM::fitet-sf-c3-b5::3_BKOCO2live_740nm_3097mW_u1_poc0p2_20x0p75NA_535s50_g70_z1_256pix_basicFLIM_120f_0015,fitet-sf-c3-b5,3,"a1, a2, a3, chi2, photons, tau1, tau2, tau3"
3_BKOCO2live_740nm_3097mW_u1_poc0p2_20x0p75NA_535s50_g70_z1_256pix_basicFLIM_120f_0015.sdt,20260517_KPC_live_on_SLIM::fitet-sz-c2-b5::3_BKOCO2live_740nm_3097mW_u1_poc0p2_20x0p75NA_535s50_g70_z1_256pix_basicFLIM_120f_0015,fitet-sz-c2-b5,2,"a1, a2, chi2, photons, tau1, tau2"
3_BKOCO2live_740nm_3097mW_u1_poc0p2_20x0p75NA_535s50_g70_z1_256pix_basicFLIM_120f_0015.sdt,20260517_KPC_live_on_SLIM::fitet-sz-c3-b5::3_BKOCO2live_740nm_3097mW_u1_poc0p2_20x0p75NA_535s50_g70_z1_256pix_basicFLIM_120f_0015,fitet-sz-c3-b5,3,"a1, a2, a3, chi2, photons, tau1, tau2, tau3"
3_BKOCO2live_740nm_3097mW_u1_poc0p45_20x0p75NA_535s50_g70_z1_256pix_basicFLIM_120f_0000.sdt,20260517_KPC_live_on_SLIM::fitet-sf-c2-b5::3_BKOCO2live_740nm_3097mW_u1_poc0p45_20x0p75NA_535s50_g70_z1_256pix_basicFLIM_120f_0000,fitet-sf-c2-b5,2,"a1, a2, chi2, photons, tau1, tau2"
3_BKOCO2live_740nm_3097mW_u1_poc0p45_20x0p75NA_535s50_g70_z1_256pix_basicFLIM_120f_0000.sdt,20260517_KPC_live_on_SLIM::fitet-sf-c3-b5::3_BKOCO2live_740nm_3097mW_u1_poc0p45_20x0p75NA_535s50_g70_z1_256pix_basicFLIM_120f_0000,fitet-sf-c3-b5,3,"a1, a2, a3, chi2, photons, tau1, tau2, tau3"
3_BKOCO2live_740nm_3097mW_u1_poc0p45_20x0p75NA_535s50_g70_z1_256pix_basicFLIM_120f_0000.sdt,20260517_KPC_live_on_SLIM::fitet-sz-c2-b5::3_BKOCO2live_740nm_3097mW_u1_poc0p45_20x0p75NA_535s50_g70_z1_256pix_basicFLIM_120f_0000,fitet-sz-c2-b5,2,"a1, a2, chi2, photons, tau1, tau2"
3_BKOCO2live_740nm_3097mW_u1_poc0p45_20x0p75NA_535s50_g70_z1_256pix_basicFLIM_120f_0000.sdt,20260517_KPC_live_on_SLIM::fitet-sz-c3-b5::3_BKOCO2live_740nm_3097mW_u1_poc0p45_20x0p75NA_535s50_g70_z1_256pix_basicFLIM_120f_0000,fitet-sz-c3-b5,3,"a1, a2, a3, chi2, photons, tau1, tau2, tau3"
3_BKOCO2live_740nm_3097mW_u1_poc0p45_20x0p75NA_535s50_g70_z1_256pix_basicFLIM_120f_0001.sdt,20260517_KPC_live_on_SLIM::fitet-sf-c2-b5::3_BKOCO2live_740nm_3097mW_u1_poc0p45_20x0p75NA_535s50_g70_z1_256pix_basicFLIM_120f_0001,fitet-sf-c2-b5,2,"a1, a2, chi2, photons, tau1, tau2"
3_BKOCO2live_740nm_3097mW_u1_poc0p45_20x0p75NA_535s50_g70_z1_256pix_basicFLIM_120f_0001.sdt,20260517_KPC_live_on_SLIM::fitet-sf-c3-b5::3_BKOCO2live_740nm_3097mW_u1_poc0p45_20x0p75NA_535s50_g70_z1_256pix_basicFLIM_120f_0001,fitet-sf-c3-b5,3,"a1, a2, a3, chi2, photons, tau1, tau2, tau3"
3_BKOCO2live_740nm_3097mW_u1_poc0p45_20x0p75NA_535s50_g70_z1_256pix_basicFLIM_120f_0001.sdt,20260517_KPC_live_on_SLIM::fitet-sz-c2-b5::3_BKOCO2live_740nm_3097mW_u1_poc0p45_20x0p75NA_535s50_g70_z1_256pix_basicFLIM_120f_0001,fitet-sz-c2-b5,2,"a1, a2, chi2, photons, tau1, tau2"
3_BKOCO2live_740nm_3097mW_u1_poc0p45_20x0p75NA_535s50_g70_z1_256pix_basicFLIM_120f_0001.sdt,20260517_KPC_live_on_SLIM::fitet-sz-c3-b5::3_BKOCO2live_740nm_3097mW_u1_poc0p45_20x0p75NA_535s50_g70_z1_256pix_basicFLIM_120f_0001,fitet-sz-c3-b5,3,"a1, a2, a3, chi2, photons, tau1, tau2, tau3"
3_BKOCO2live_740nm_3097mW_u1_poc0p45_20x0p75NA_535s50_g70_z1_256pix_basicFLIM_120f_0002.sdt,20260517_KPC_live_on_SLIM::fitet-sf-c2-b5::3_BKOCO2live_740nm_3097mW_u1_poc0p45_20x0p75NA_535s50_g70_z1_256pix_basicFLIM_120f_0002,fitet-sf-c2-b5,2,"a1, a2, chi2, photons, tau1, tau2"
3_BKOCO2live_740nm_3097mW_u1_poc0p45_20x0p75NA_535s50_g70_z1_256pix_basicFLIM_120f_0002.sdt,20260517_KPC_live_on_SLIM::fitet-sf-c3-b5::3_BKOCO2live_740nm_3097mW_u1_poc0p45_20x0p75NA_535s50_g70_z1_256pix_basicFLIM_120f_0002,fitet-sf-c3-b5,3,"a1, a2, a3, chi2, photons, tau1, tau2, tau3"
3_BKOCO2live_740nm_3097mW_u1_poc0p45_20x0p75NA_535s50_g70_z1_256pix_basicFLIM_120f_0002.sdt,20260517_KPC_live_on_SLIM::fitet-sz-c2-b5::3_BKOCO2live_740nm_3097mW_u1_poc0p45_20x0p75NA_535s50_g70_z1_256pix_basicFLIM_120f_0002,fitet-sz-c2-b5,2,"a1, a2, chi2, photons, tau1, tau2"
3_BKOCO2live_740nm_3097mW_u1_poc0p45_20x0p75NA_535s50_g70_z1_256pix_basicFLIM_120f_0002.sdt,20260517_KPC_live_on_SLIM::fitet-sz-c3-b5::3_BKOCO2live_740nm_3097mW_u1_poc0p45_20x0p75NA_535s50_g70_z1_256pix_basicFLIM_120f_0002,fitet-sz-c3-b5,3,"a1, a2, a3, chi2, photons, tau1, tau2, tau3"
3_BKOCO2live_740nm_3097mW_u1_poc0p45_20x0p75NA_535s50_g70_z1_256pix_basicFLIM_120f_0003.sdt,20260517_KPC_live_on_SLIM::fitet-sf-c2-b5::3_BKOCO2live_740nm_3097mW_u1_poc0p45_20x0p75NA_535s50_g70_z1_256pix_basicFLIM_120f_0003,fitet-sf-c2-b5,2,"a1, a2, chi2, photons, tau1, tau2"
3_BKOCO2live_740nm_3097mW_u1_poc0p45_20x0p75NA_535s50_g70_z1_256pix_basicFLIM_120f_0003.sdt,20260517_KPC_live_on_SLIM::fitet-sf-c3-b5::3_BKOCO2live_740nm_3097mW_u1_poc0p45_20x0p75NA_535s50_g70_z1_256pix_basicFLIM_120f_0003,fitet-sf-c3-b5,3,"a1, a2, a3, chi2, photons, tau1, tau2, tau3"
3_BKOCO2live_740nm_3097mW_u1_poc0p45_20x0p75NA_535s50_g70_z1_256pix_basicFLIM_120f_0003.sdt,20260517_KPC_live_on_SLIM::fitet-sz-c2-b5::3_BKOCO2live_740nm_3097mW_u1_poc0p45_20x0p75NA_535s50_g70_z1_256pix_basicFLIM_120f_0003,fitet-sz-c2-b5,2,"a1, a2, chi2, photons, tau1, tau2"
3_BKOCO2live_740nm_3097mW_u1_poc0p45_20x0p75NA_535s50_g70_z1_256pix_basicFLIM_120f_0003.sdt,20260517_KPC_live_on_SLIM::fitet-sz-c3-b5::3_BKOCO2live_740nm_3097mW_u1_poc0p45_20x0p75NA_535s50_g70_z1_256pix_basicFLIM_120f_0003,fitet-sz-c3-b5,3,"a1, a2, a3, chi2, photons, tau1, tau2, tau3"
3_BKOCO2live_740nm_3097mW_u1_poc0p45_20x0p75NA_535s50_g70_z1_256pix_basicFLIM_120f_0004.sdt,20260517_KPC_live_on_SLIM::fitet-sf-c2-b5::3_BKOCO2live_740nm_3097mW_u1_poc0p45_20x0p75NA_535s50_g70_z1_256pix_basicFLIM_120f_0004,fitet-sf-c2-b5,2,"a1, a2, chi2, photons, tau1, tau2"
3_BKOCO2live_740nm_3097mW_u1_poc0p45_20x0p75NA_535s50_g70_z1_256pix_basicFLIM_120f_0004.sdt,20260517_KPC_live_on_SLIM::fitet-sf-c3-b5::3_BKOCO2live_740nm_3097mW_u1_poc0p45_20x0p75NA_535s50_g70_z1_256pix_basicFLIM_120f_0004,fitet-sf-c3-b5,3,"a1, a2, a3, chi2, photons, tau1, tau2, tau3"
3_BKOCO2live_740nm_3097mW_u1_poc0p45_20x0p75NA_535s50_g70_z1_256pix_basicFLIM_120f_0004.sdt,20260517_KPC_live_on_SLIM::fitet-sz-c2-b5::3_BKOCO2live_740nm_3097mW_u1_poc0p45_20x0p75NA_535s50_g70_z1_256pix_basicFLIM_120f_0004,fitet-sz-c2-b5,2,"a1, a2, chi2, photons, tau1, tau2"
3_BKOCO2live_740nm_3097mW_u1_poc0p45_20x0p75NA_535s50_g70_z1_256pix_basicFLIM_120f_0004.sdt,20260517_KPC_live_on_SLIM::fitet-sz-c3-b5::3_BKOCO2live_740nm_3097mW_u1_poc0p45_20x0p75NA_535s50_g70_z1_256pix_basicFLIM_120f_0004,fitet-sz-c3-b5,3,"a1, a2, a3, chi2, photons, tau1, tau2, tau3"
3_BKOCO2live_740nm_3097mW_u1_poc0p45_20x0p75NA_535s50_g70_z1_256pix_basicFLIM_120f_0005.sdt,20260517_KPC_live_on_SLIM::fitet-sf-c2-b5::3_BKOCO2live_740nm_3097mW_u1_poc0p45_20x0p75NA_535s50_g70_z1_256pix_basicFLIM_120f_0005,fitet-sf-c2-b5,2,"a1, a2, chi2, photons, tau1, tau2"
3_BKOCO2live_740nm_3097mW_u1_poc0p45_20x0p75NA_535s50_g70_z1_256pix_basicFLIM_120f_0005.sdt,20260517_KPC_live_on_SLIM::fitet-sf-c3-b5::3_BKOCO2live_740nm_3097mW_u1_poc0p45_20x0p75NA_535s50_g70_z1_256pix_basicFLIM_120f_0005,fitet-sf-c3-b5,3,"a1, a2, a3, chi2, photons, tau1, tau2, tau3"
3_BKOCO2live_740nm_3097mW_u1_poc0p45_20x0p75NA_535s50_g70_z1_256pix_basicFLIM_120f_0005.sdt,20260517_KPC_live_on_SLIM::fitet-sz-c2-b5::3_BKOCO2live_740nm_3097mW_u1_poc0p45_20x0p75NA_535s50_g70_z1_256pix_basicFLIM_120f_0005,fitet-sz-c2-b5,2,"a1, a2, chi2, photons, tau1, tau2"
3_BKOCO2live_740nm_3097mW_u1_poc0p45_20x0p75NA_535s50_g70_z1_256pix_basicFLIM_120f_0005.sdt,20260517_KPC_live_on_SLIM::fitet-sz-c3-b5::3_BKOCO2live_740nm_3097mW_u1_poc0p45_20x0p75NA_535s50_g70_z1_256pix_basicFLIM_120f_0005,fitet-sz-c3-b5,3,"a1, a2, a3, chi2, photons, tau1, tau2, tau3"
3_BKOCO2live_740nm_3097mW_u1_poc0p45_20x0p75NA_535s50_g70_z1_256pix_basicFLIM_120f_0006.sdt,20260517_KPC_live_on_SLIM::fitet-sf-c2-b5::3_BKOCO2live_740nm_3097mW_u1_poc0p45_20x0p75NA_535s50_g70_z1_256pix_basicFLIM_120f_0006,fitet-sf-c2-b5,2,"a1, a2, chi2, photons, tau1, tau2"
3_BKOCO2live_740nm_3097mW_u1_poc0p45_20x0p75NA_535s50_g70_z1_256pix_basicFLIM_120f_0006.sdt,20260517_KPC_live_on_SLIM::fitet-sf-c3-b5::3_BKOCO2live_740nm_3097mW_u1_poc0p45_20x0p75NA_535s50_g70_z1_256pix_basicFLIM_120f_0006,fitet-sf-c3-b5,3,"a1, a2, a3, chi2, photons, tau1, tau2, tau3"
3_BKOCO2live_740nm_3097mW_u1_poc0p45_20x0p75NA_535s50_g70_z1_256pix_basicFLIM_120f_0006.sdt,20260517_KPC_live_on_SLIM::fitet-sz-c2-b5::3_BKOCO2live_740nm_3097mW_u1_poc0p45_20x0p75NA_535s50_g70_z1_256pix_basicFLIM_120f_0006,fitet-sz-c2-b5,2,"a1, a2, chi2, photons, tau1, tau2"
3_BKOCO2live_740nm_3097mW_u1_poc0p45_20x0p75NA_535s50_g70_z1_256pix_basicFLIM_120f_0006.sdt,20260517_KPC_live_on_SLIM::fitet-sz-c3-b5::3_BKOCO2live_740nm_3097mW_u1_poc0p45_20x0p75NA_535s50_g70_z1_256pix_basicFLIM_120f_0006,fitet-sz-c3-b5,3,"a1, a2, a3, chi2, photons, tau1, tau2, tau3"
3_BKOCO2live_740nm_3097mW_u1_poc0p45_20x0p75NA_535s50_g70_z1_256pix_basicFLIM_120f_0007.sdt,20260517_KPC_live_on_SLIM::fitet-sf-c2-b5::3_BKOCO2live_740nm_3097mW_u1_poc0p45_20x0p75NA_535s50_g70_z1_256pix_basicFLIM_120f_0007,fitet-sf-c2-b5,2,"a1, a2, chi2, photons, tau1, tau2"
3_BKOCO2live_740nm_3097mW_u1_poc0p45_20x0p75NA_535s50_g70_z1_256pix_basicFLIM_120f_0007.sdt,20260517_KPC_live_on_SLIM::fitet-sf-c3-b5::3_BKOCO2live_740nm_3097mW_u1_poc0p45_20x0p75NA_535s50_g70_z1_256pix_basicFLIM_120f_0007,fitet-sf-c3-b5,3,"a1, a2, a3, chi2, photons, tau1, tau2, tau3"
3_BKOCO2live_740nm_3097mW_u1_poc0p45_20x0p75NA_535s50_g70_z1_256pix_basicFLIM_120f_0007.sdt,20260517_KPC_live_on_SLIM::fitet-sz-c2-b5::3_BKOCO2live_740nm_3097mW_u1_poc0p45_20x0p75NA_535s50_g70_z1_256pix_basicFLIM_120f_0007,fitet-sz-c2-b5,2,"a1, a2, chi2, photons, tau1, tau2"
3_BKOCO2live_740nm_3097mW_u1_poc0p45_20x0p75NA_535s50_g70_z1_256pix_basicFLIM_120f_0007.sdt,20260517_KPC_live_on_SLIM::fitet-sz-c3-b5::3_BKOCO2live_740nm_3097mW_u1_poc0p45_20x0p75NA_535s50_g70_z1_256pix_basicFLIM_120f_0007,fitet-sz-c3-b5,3,"a1, a2, a3, chi2, photons, tau1, tau2, tau3"
3_BKOCO2live_740nm_3097mW_u1_poc0p45_20x0p75NA_535s50_g70_z1_256pix_basicFLIM_120f_0008.sdt,20260517_KPC_live_on_SLIM::fitet-sf-c2-b5::3_BKOCO2live_740nm_3097mW_u1_poc0p45_20x0p75NA_535s50_g70_z1_256pix_basicFLIM_120f_0008,fitet-sf-c2-b5,2,"a1, a2, chi2, photons, tau1, tau2"
3_BKOCO2live_740nm_3097mW_u1_poc0p45_20x0p75NA_535s50_g70_z1_256pix_basicFLIM_120f_0008.sdt,20260517_KPC_live_on_SLIM::fitet-sf-c3-b5::3_BKOCO2live_740nm_3097mW_u1_poc0p45_20x0p75NA_535s50_g70_z1_256pix_basicFLIM_120f_0008,fitet-sf-c3-b5,3,"a1, a2, a3, chi2, photons, tau1, tau2, tau3"
3_BKOCO2live_740nm_3097mW_u1_poc0p45_20x0p75NA_535s50_g70_z1_256pix_basicFLIM_120f_0008.sdt,20260517_KPC_live_on_SLIM::fitet-sz-c2-b5::3_BKOCO2live_740nm_3097mW_u1_poc0p45_20x0p75NA_535s50_g70_z1_256pix_basicFLIM_120f_0008,fitet-sz-c2-b5,2,"a1, a2, chi2, photons, tau1, tau2"
3_BKOCO2live_740nm_3097mW_u1_poc0p45_20x0p75NA_535s50_g70_z1_256pix_basicFLIM_120f_0008.sdt,20260517_KPC_live_on_SLIM::fitet-sz-c3-b5::3_BKOCO2live_740nm_3097mW_u1_poc0p45_20x0p75NA_535s50_g70_z1_256pix_basicFLIM_120f_0008,fitet-sz-c3-b5,3,"a1, a2, a3, chi2, photons, tau1, tau2, tau3"
3_BKOCO2live_740nm_3097mW_u1_poc0p45_20x0p75NA_535s50_g70_z1_256pix_basicFLIM_120f_0009.sdt,20260517_KPC_live_on_SLIM::fitet-sf-c2-b5::3_BKOCO2live_740nm_3097mW_u1_poc0p45_20x0p75NA_535s50_g70_z1_256pix_basicFLIM_120f_0009,fitet-sf-c2-b5,2,"a1, a2, chi2, photons, tau1, tau2"
3_BKOCO2live_740nm_3097mW_u1_poc0p45_20x0p75NA_535s50_g70_z1_256pix_basicFLIM_120f_0009.sdt,20260517_KPC_live_on_SLIM::fitet-sf-c3-b5::3_BKOCO2live_740nm_3097mW_u1_poc0p45_20x0p75NA_535s50_g70_z1_256pix_basicFLIM_120f_0009,fitet-sf-c3-b5,3,"a1, a2, a3, chi2, photons, tau1, tau2, tau3"
3_BKOCO2live_740nm_3097mW_u1_poc0p45_20x0p75NA_535s50_g70_z1_256pix_basicFLIM_120f_0009.sdt,20260517_KPC_live_on_SLIM::fitet-sz-c2-b5::3_BKOCO2live_740nm_3097mW_u1_poc0p45_20x0p75NA_535s50_g70_z1_256pix_basicFLIM_120f_0009,fitet-sz-c2-b5,2,"a1, a2, chi2, photons, tau1, tau2"
3_BKOCO2live_740nm_3097mW_u1_poc0p45_20x0p75NA_535s50_g70_z1_256pix_basicFLIM_120f_0009.sdt,20260517_KPC_live_on_SLIM::fitet-sz-c3-b5::3_BKOCO2live_740nm_3097mW_u1_poc0p45_20x0p75NA_535s50_g70_z1_256pix_basicFLIM_120f_0009,fitet-sz-c3-b5,3,"a1, a2, a3, chi2, photons, tau1, tau2, tau3"
3_BKOCO2live_740nm_3097mW_u1_poc0p45_20x0p75NA_535s50_g70_z1_256pix_basicFLIM_120f_0010.sdt,20260517_KPC_live_on_SLIM::fitet-sf-c2-b5::3_BKOCO2live_740nm_3097mW_u1_poc0p45_20x0p75NA_535s50_g70_z1_256pix_basicFLIM_120f_0010,fitet-sf-c2-b5,2,"a1, a2, chi2, photons, tau1, tau2"
3_BKOCO2live_740nm_3097mW_u1_poc0p45_20x0p75NA_535s50_g70_z1_256pix_basicFLIM_120f_0010.sdt,20260517_KPC_live_on_SLIM::fitet-sf-c3-b5::3_BKOCO2live_740nm_3097mW_u1_poc0p45_20x0p75NA_535s50_g70_z1_256pix_basicFLIM_120f_0010,fitet-sf-c3-b5,3,"a1, a2, a3, chi2, photons, tau1, tau2, tau3"
3_BKOCO2live_740nm_3097mW_u1_poc0p45_20x0p75NA_535s50_g70_z1_256pix_basicFLIM_120f_0010.sdt,20260517_KPC_live_on_SLIM::fitet-sz-c2-b5::3_BKOCO2live_740nm_3097mW_u1_poc0p45_20x0p75NA_535s50_g70_z1_256pix_basicFLIM_120f_0010,fitet-sz-c2-b5,2,"a1, a2, chi2, photons, tau1, tau2"
3_BKOCO2live_740nm_3097mW_u1_poc0p45_20x0p75NA_535s50_g70_z1_256pix_basicFLIM_120f_0010.sdt,20260517_KPC_live_on_SLIM::fitet-sz-c3-b5::3_BKOCO2live_740nm_3097mW_u1_poc0p45_20x0p75NA_535s50_g70_z1_256pix_basicFLIM_120f_0010,fitet-sz-c3-b5,3,"a1, a2, a3, chi2, photons, tau1, tau2, tau3"
3_BKOCO2live_740nm_3097mW_u1_poc0p45_20x0p75NA_535s50_g70_z1_256pix_basicFLIM_120f_0011.sdt,20260517_KPC_live_on_SLIM::fitet-sf-c2-b5::3_BKOCO2live_740nm_3097mW_u1_poc0p45_20x0p75NA_535s50_g70_z1_256pix_basicFLIM_120f_0011,fitet-sf-c2-b5,2,"a1, a2, chi2, photons, tau1, tau2"
3_BKOCO2live_740nm_3097mW_u1_poc0p45_20x0p75NA_535s50_g70_z1_256pix_basicFLIM_120f_0011.sdt,20260517_KPC_live_on_SLIM::fitet-sf-c3-b5::3_BKOCO2live_740nm_3097mW_u1_poc0p45_20x0p75NA_535s50_g70_z1_256pix_basicFLIM_120f_0011,fitet-sf-c3-b5,3,"a1, a2, a3, chi2, photons, tau1, tau2, tau3"
3_BKOCO2live_740nm_3097mW_u1_poc0p45_20x0p75NA_535s50_g70_z1_256pix_basicFLIM_120f_0011.sdt,20260517_KPC_live_on_SLIM::fitet-sz-c2-b5::3_BKOCO2live_740nm_3097mW_u1_poc0p45_20x0p75NA_535s50_g70_z1_256pix_basicFLIM_120f_0011,fitet-sz-c2-b5,2,"a1, a2, chi2, photons, tau1, tau2"
3_BKOCO2live_740nm_3097mW_u1_poc0p45_20x0p75NA_535s50_g70_z1_256pix_basicFLIM_120f_0011.sdt,20260517_KPC_live_on_SLIM::fitet-sz-c3-b5::3_BKOCO2live_740nm_3097mW_u1_poc0p45_20x0p75NA_535s50_g70_z1_256pix_basicFLIM_120f_0011,fitet-sz-c3-b5,3,"a1, a2, a3, chi2, photons, tau1, tau2, tau3"
3_BKOCO2live_740nm_3097mW_u1_poc0p45_20x0p75NA_535s50_g70_z1_256pix_basicFLIM_120f_0012.sdt,20260517_KPC_live_on_SLIM::fitet-sf-c2-b5::3_BKOCO2live_740nm_3097mW_u1_poc0p45_20x0p75NA_535s50_g70_z1_256pix_basicFLIM_120f_0012,fitet-sf-c2-b5,2,"a1, a2, chi2, photons, tau1, tau2"
3_BKOCO2live_740nm_3097mW_u1_poc0p45_20x0p75NA_535s50_g70_z1_256pix_basicFLIM_120f_0012.sdt,20260517_KPC_live_on_SLIM::fitet-sf-c3-b5::3_BKOCO2live_740nm_3097mW_u1_poc0p45_20x0p75NA_535s50_g70_z1_256pix_basicFLIM_120f_0012,fitet-sf-c3-b5,3,"a1, a2, a3, chi2, photons, tau1, tau2, tau3"
3_BKOCO2live_740nm_3097mW_u1_poc0p45_20x0p75NA_535s50_g70_z1_256pix_basicFLIM_120f_0012.sdt,20260517_KPC_live_on_SLIM::fitet-sz-c2-b5::3_BKOCO2live_740nm_3097mW_u1_poc0p45_20x0p75NA_535s50_g70_z1_256pix_basicFLIM_120f_0012,fitet-sz-c2-b5,2,"a1, a2, chi2, photons, tau1, tau2"
3_BKOCO2live_740nm_3097mW_u1_poc0p45_20x0p75NA_535s50_g70_z1_256pix_basicFLIM_120f_0012.sdt,20260517_KPC_live_on_SLIM::fitet-sz-c3-b5::3_BKOCO2live_740nm_3097mW_u1_poc0p45_20x0p75NA_535s50_g70_z1_256pix_basicFLIM_120f_0012,fitet-sz-c3-b5,3,"a1, a2, a3, chi2, photons, tau1, tau2, tau3"
3_BKOCO2live_740nm_3097mW_u1_poc0p45_20x0p75NA_535s50_g70_z1_256pix_basicFLIM_120f_0013.sdt,20260517_KPC_live_on_SLIM::fitet-sf-c2-b5::3_BKOCO2live_740nm_3097mW_u1_poc0p45_20x0p75NA_535s50_g70_z1_256pix_basicFLIM_120f_0013,fitet-sf-c2-b5,2,"a1, a2, chi2, photons, tau1, tau2"
3_BKOCO2live_740nm_3097mW_u1_poc0p45_20x0p75NA_535s50_g70_z1_256pix_basicFLIM_120f_0013.sdt,20260517_KPC_live_on_SLIM::fitet-sf-c3-b5::3_BKOCO2live_740nm_3097mW_u1_poc0p45_20x0p75NA_535s50_g70_z1_256pix_basicFLIM_120f_0013,fitet-sf-c3-b5,3,"a1, a2, a3, chi2, photons, tau1, tau2, tau3"
3_BKOCO2live_740nm_3097mW_u1_poc0p45_20x0p75NA_535s50_g70_z1_256pix_basicFLIM_120f_0013.sdt,20260517_KPC_live_on_SLIM::fitet-sz-c2-b5::3_BKOCO2live_740nm_3097mW_u1_poc0p45_20x0p75NA_535s50_g70_z1_256pix_basicFLIM_120f_0013,fitet-sz-c2-b5,2,"a1, a2, chi2, photons, tau1, tau2"
3_BKOCO2live_740nm_3097mW_u1_poc0p45_20x0p75NA_535s50_g70_z1_256pix_basicFLIM_120f_0013.sdt,20260517_KPC_live_on_SLIM::fitet-sz-c3-b5::3_BKOCO2live_740nm_3097mW_u1_poc0p45_20x0p75NA_535s50_g70_z1_256pix_basicFLIM_120f_0013,fitet-sz-c3-b5,3,"a1, a2, a3, chi2, photons, tau1, tau2, tau3"
3_BKOCO2live_740nm_3097mW_u1_poc0p45_20x0p75NA_535s50_g70_z1_256pix_basicFLIM_120f_0014.sdt,20260517_KPC_live_on_SLIM::fitet-sf-c2-b5::3_BKOCO2live_740nm_3097mW_u1_poc0p45_20x0p75NA_535s50_g70_z1_256pix_basicFLIM_120f_0014,fitet-sf-c2-b5,2,"a1, a2, chi2, photons, tau1, tau2"
3_BKOCO2live_740nm_3097mW_u1_poc0p45_20x0p75NA_535s50_g70_z1_256pix_basicFLIM_120f_0014.sdt,20260517_KPC_live_on_SLIM::fitet-sf-c3-b5::3_BKOCO2live_740nm_3097mW_u1_poc0p45_20x0p75NA_535s50_g70_z1_256pix_basicFLIM_120f_0014,fitet-sf-c3-b5,3,"a1, a2, a3, chi2, photons, tau1, tau2, tau3"
3_BKOCO2live_740nm_3097mW_u1_poc0p45_20x0p75NA_535s50_g70_z1_256pix_basicFLIM_120f_0014.sdt,20260517_KPC_live_on_SLIM::fitet-sz-c2-b5::3_BKOCO2live_740nm_3097mW_u1_poc0p45_20x0p75NA_535s50_g70_z1_256pix_basicFLIM_120f_0014,fitet-sz-c2-b5,2,"a1, a2, chi2, photons, tau1, tau2"
3_BKOCO2live_740nm_3097mW_u1_poc0p45_20x0p75NA_535s50_g70_z1_256pix_basicFLIM_120f_0014.sdt,20260517_KPC_live_on_SLIM::fitet-sz-c3-b5::3_BKOCO2live_740nm_3097mW_u1_poc0p45_20x0p75NA_535s50_g70_z1_256pix_basicFLIM_120f_0014,fitet-sz-c3-b5,3,"a1, a2, a3, chi2, photons, tau1, tau2, tau3"
3_BKOCO2live_740nm_3097mW_u1_poc0p45_20x0p75NA_535s50_g70_z1_256pix_basicFLIM_120f_0015.sdt,20260517_KPC_live_on_SLIM::fitet-sf-c2-b5::3_BKOCO2live_740nm_3097mW_u1_poc0p45_20x0p75NA_535s50_g70_z1_256pix_basicFLIM_120f_0015,fitet-sf-c2-b5,2,"a1, a2, chi2, photons, tau1, tau2"
3_BKOCO2live_740nm_3097mW_u1_poc0p45_20x0p75NA_535s50_g70_z1_256pix_basicFLIM_120f_0015.sdt,20260517_KPC_live_on_SLIM::fitet-sf-c3-b5::3_BKOCO2live_740nm_3097mW_u1_poc0p45_20x0p75NA_535s50_g70_z1_256pix_basicFLIM_120f_0015,fitet-sf-c3-b5,3,"a1, a2, a3, chi2, photons, tau1, tau2, tau3"
3_BKOCO2live_740nm_3097mW_u1_poc0p45_20x0p75NA_535s50_g70_z1_256pix_basicFLIM_120f_0015.sdt,20260517_KPC_live_on_SLIM::fitet-sz-c2-b5::3_BKOCO2live_740nm_3097mW_u1_poc0p45_20x0p75NA_535s50_g70_z1_256pix_basicFLIM_120f_0015,fitet-sz-c2-b5,2,"a1, a2, chi2, photons, tau1, tau2"
3_BKOCO2live_740nm_3097mW_u1_poc0p45_20x0p75NA_535s50_g70_z1_256pix_basicFLIM_120f_0015.sdt,20260517_KPC_live_on_SLIM::fitet-sz-c3-b5::3_BKOCO2live_740nm_3097mW_u1_poc0p45_20x0p75NA_535s50_g70_z1_256pix_basicFLIM_120f_0015,fitet-sz-c3-b5,3,"a1, a2, a3, chi2, photons, tau1, tau2, tau3"
3_BKOCO2live_740nm_3097mW_u1_poc0p45_20x0p75NA_457s50_g70_z1_256pix_basicFLIM_120f_0000.sdt,20260517_KPC_live_on_SLIM::fitet-sf-c2-b5::3_BKOCO2live_740nm_3097mW_u1_poc0p45_20x0p75NA_457s50_g70_z1_256pix_basicFLIM_120f_0000,fitet-sf-c2-b5,2,"a1, a2, chi2, photons, tau1, tau2"
3_BKOCO2live_740nm_3097mW_u1_poc0p45_20x0p75NA_457s50_g70_z1_256pix_basicFLIM_120f_0000.sdt,20260517_KPC_live_on_SLIM::fitet-sf-c3-b5::3_BKOCO2live_740nm_3097mW_u1_poc0p45_20x0p75NA_457s50_g70_z1_256pix_basicFLIM_120f_0000,fitet-sf-c3-b5,3,"a1, a2, a3, chi2, photons, tau1, tau2, tau3"
3_BKOCO2live_740nm_3097mW_u1_poc0p45_20x0p75NA_457s50_g70_z1_256pix_basicFLIM_120f_0000.sdt,20260517_KPC_live_on_SLIM::fitet-sz-c2-b5::3_BKOCO2live_740nm_3097mW_u1_poc0p45_20x0p75NA_457s50_g70_z1_256pix_basicFLIM_120f_0000,fitet-sz-c2-b5,2,"a1, a2, chi2, photons, tau1, tau2"
3_BKOCO2live_740nm_3097mW_u1_poc0p45_20x0p75NA_457s50_g70_z1_256pix_basicFLIM_120f_0000.sdt,20260517_KPC_live_on_SLIM::fitet-sz-c3-b5::3_BKOCO2live_740nm_3097mW_u1_poc0p45_20x0p75NA_457s50_g70_z1_256pix_basicFLIM_120f_0000,fitet-sz-c3-b5,3,"a1, a2, a3, chi2, photons, tau1, tau2, tau3"
3_BKOCO2live_740nm_3097mW_u1_poc0p45_20x0p75NA_457s50_g70_z1_256pix_basicFLIM_120f_0001.sdt,20260517_KPC_live_on_SLIM::fitet-sf-c2-b5::3_BKOCO2live_740nm_3097mW_u1_poc0p45_20x0p75NA_457s50_g70_z1_256pix_basicFLIM_120f_0001,fitet-sf-c2-b5,2,"a1, a2, chi2, photons, tau1, tau2"
3_BKOCO2live_740nm_3097mW_u1_poc0p45_20x0p75NA_457s50_g70_z1_256pix_basicFLIM_120f_0001.sdt,20260517_KPC_live_on_SLIM::fitet-sf-c3-b5::3_BKOCO2live_740nm_3097mW_u1_poc0p45_20x0p75NA_457s50_g70_z1_256pix_basicFLIM_120f_0001,fitet-sf-c3-b5,3,"a1, a2, a3, chi2, photons, tau1, tau2, tau3"
3_BKOCO2live_740nm_3097mW_u1_poc0p45_20x0p75NA_457s50_g70_z1_256pix_basicFLIM_120f_0001.sdt,20260517_KPC_live_on_SLIM::fitet-sz-c2-b5::3_BKOCO2live_740nm_3097mW_u1_poc0p45_20x0p75NA_457s50_g70_z1_256pix_basicFLIM_120f_0001,fitet-sz-c2-b5,2,"a1, a2, chi2, photons, tau1, tau2"
3_BKOCO2live_740nm_3097mW_u1_poc0p45_20x0p75NA_457s50_g70_z1_256pix_basicFLIM_120f_0001.sdt,20260517_KPC_live_on_SLIM::fitet-sz-c3-b5::3_BKOCO2live_740nm_3097mW_u1_poc0p45_20x0p75NA_457s50_g70_z1_256pix_basicFLIM_120f_0001,fitet-sz-c3-b5,3,"a1, a2, a3, chi2, photons, tau1, tau2, tau3"
3_BKOCO2live_740nm_3097mW_u1_poc0p45_20x0p75NA_457s50_g70_z1_256pix_basicFLIM_120f_0002.sdt,20260517_KPC_live_on_SLIM::fitet-sf-c2-b5::3_BKOCO2live_740nm_3097mW_u1_poc0p45_20x0p75NA_457s50_g70_z1_256pix_basicFLIM_120f_0002,fitet-sf-c2-b5,2,"a1, a2, chi2, photons, tau1, tau2"
3_BKOCO2live_740nm_3097mW_u1_poc0p45_20x0p75NA_457s50_g70_z1_256pix_basicFLIM_120f_0002.sdt,20260517_KPC_live_on_SLIM::fitet-sf-c3-b5::3_BKOCO2live_740nm_3097mW_u1_poc0p45_20x0p75NA_457s50_g70_z1_256pix_basicFLIM_120f_0002,fitet-sf-c3-b5,3,"a1, a2, a3, chi2, photons, tau1, tau2, tau3"
3_BKOCO2live_740nm_3097mW_u1_poc0p45_20x0p75NA_457s50_g70_z1_256pix_basicFLIM_120f_0002.sdt,20260517_KPC_live_on_SLIM::fitet-sz-c2-b5::3_BKOCO2live_740nm_3097mW_u1_poc0p45_20x0p75NA_457s50_g70_z1_256pix_basicFLIM_120f_0002,fitet-sz-c2-b5,2,"a1, a2, chi2, photons, tau1, tau2"
3_BKOCO2live_740nm_3097mW_u1_poc0p45_20x0p75NA_457s50_g70_z1_256pix_basicFLIM_120f_0002.sdt,20260517_KPC_live_on_SLIM::fitet-sz-c3-b5::3_BKOCO2live_740nm_3097mW_u1_poc0p45_20x0p75NA_457s50_g70_z1_256pix_basicFLIM_120f_0002,fitet-sz-c3-b5,3,"a1, a2, a3, chi2, photons, tau1, tau2, tau3"
3_BKOCO2live_740nm_3097mW_u1_poc0p45_20x0p75NA_457s50_g70_z1_256pix_basicFLIM_120f_0003.sdt,20260517_KPC_live_on_SLIM::fitet-sf-c2-b5::3_BKOCO2live_740nm_3097mW_u1_poc0p45_20x0p75NA_457s50_g70_z1_256pix_basicFLIM_120f_0003,fitet-sf-c2-b5,2,"a1, a2, chi2, photons, tau1, tau2"
3_BKOCO2live_740nm_3097mW_u1_poc0p45_20x0p75NA_457s50_g70_z1_256pix_basicFLIM_120f_0003.sdt,20260517_KPC_live_on_SLIM::fitet-sf-c3-b5::3_BKOCO2live_740nm_3097mW_u1_poc0p45_20x0p75NA_457s50_g70_z1_256pix_basicFLIM_120f_0003,fitet-sf-c3-b5,3,"a1, a2, a3, chi2, photons, tau1, tau2, tau3"
3_BKOCO2live_740nm_3097mW_u1_poc0p45_20x0p75NA_457s50_g70_z1_256pix_basicFLIM_120f_0003.sdt,20260517_KPC_live_on_SLIM::fitet-sz-c2-b5::3_BKOCO2live_740nm_3097mW_u1_poc0p45_20x0p75NA_457s50_g70_z1_256pix_basicFLIM_120f_0003,fitet-sz-c2-b5,2,"a1, a2, chi2, photons, tau1, tau2"
3_BKOCO2live_740nm_3097mW_u1_poc0p45_20x0p75NA_457s50_g70_z1_256pix_basicFLIM_120f_0003.sdt,20260517_KPC_live_on_SLIM::fitet-sz-c3-b5::3_BKOCO2live_740nm_3097mW_u1_poc0p45_20x0p75NA_457s50_g70_z1_256pix_basicFLIM_120f_0003,fitet-sz-c3-b5,3,"a1, a2, a3, chi2, photons, tau1, tau2, tau3"
3_BKOCO2live_740nm_3097mW_u1_poc0p45_20x0p75NA_457s50_g70_z1_256pix_basicFLIM_120f_0004.sdt,20260517_KPC_live_on_SLIM::fitet-sf-c2-b5::3_BKOCO2live_740nm_3097mW_u1_poc0p45_20x0p75NA_457s50_g70_z1_256pix_basicFLIM_120f_0004,fitet-sf-c2-b5,2,"a1, a2, chi2, photons, tau1, tau2"
3_BKOCO2live_740nm_3097mW_u1_poc0p45_20x0p75NA_457s50_g70_z1_256pix_basicFLIM_120f_0004.sdt,20260517_KPC_live_on_SLIM::fitet-sf-c3-b5::3_BKOCO2live_740nm_3097mW_u1_poc0p45_20x0p75NA_457s50_g70_z1_256pix_basicFLIM_120f_0004,fitet-sf-c3-b5,3,"a1, a2, a3, chi2, photons, tau1, tau2, tau3"
3_BKOCO2live_740nm_3097mW_u1_poc0p45_20x0p75NA_457s50_g70_z1_256pix_basicFLIM_120f_0004.sdt,20260517_KPC_live_on_SLIM::fitet-sz-c2-b5::3_BKOCO2live_740nm_3097mW_u1_poc0p45_20x0p75NA_457s50_g70_z1_256pix_basicFLIM_120f_0004,fitet-sz-c2-b5,2,"a1, a2, chi2, photons, tau1, tau2"
3_BKOCO2live_740nm_3097mW_u1_poc0p45_20x0p75NA_457s50_g70_z1_256pix_basicFLIM_120f_0004.sdt,20260517_KPC_live_on_SLIM::fitet-sz-c3-b5::3_BKOCO2live_740nm_3097mW_u1_poc0p45_20x0p75NA_457s50_g70_z1_256pix_basicFLIM_120f_0004,fitet-sz-c3-b5,3,"a1, a2, a3, chi2, photons, tau1, tau2, tau3"
3_BKOCO2live_740nm_3097mW_u1_poc0p45_20x0p75NA_457s50_g70_z1_256pix_basicFLIM_120f_0005.sdt,20260517_KPC_live_on_SLIM::fitet-sf-c2-b5::3_BKOCO2live_740nm_3097mW_u1_poc0p45_20x0p75NA_457s50_g70_z1_256pix_basicFLIM_120f_0005,fitet-sf-c2-b5,2,"a1, a2, chi2, photons, tau1, tau2"
3_BKOCO2live_740nm_3097mW_u1_poc0p45_20x0p75NA_457s50_g70_z1_256pix_basicFLIM_120f_0005.sdt,20260517_KPC_live_on_SLIM::fitet-sf-c3-b5::3_BKOCO2live_740nm_3097mW_u1_poc0p45_20x0p75NA_457s50_g70_z1_256pix_basicFLIM_120f_0005,fitet-sf-c3-b5,3,"a1, a2, a3, chi2, photons, tau1, tau2, tau3"
3_BKOCO2live_740nm_3097mW_u1_poc0p45_20x0p75NA_457s50_g70_z1_256pix_basicFLIM_120f_0005.sdt,20260517_KPC_live_on_SLIM::fitet-sz-c2-b5::3_BKOCO2live_740nm_3097mW_u1_poc0p45_20x0p75NA_457s50_g70_z1_256pix_basicFLIM_120f_0005,fitet-sz-c2-b5,2,"a1, a2, chi2, photons, tau1, tau2"
3_BKOCO2live_740nm_3097mW_u1_poc0p45_20x0p75NA_457s50_g70_z1_256pix_basicFLIM_120f_0005.sdt,20260517_KPC_live_on_SLIM::fitet-sz-c3-b5::3_BKOCO2live_740nm_3097mW_u1_poc0p45_20x0p75NA_457s50_g70_z1_256pix_basicFLIM_120f_0005,fitet-sz-c3-b5,3,"a1, a2, a3, chi2, photons, tau1, tau2, tau3"
3_BKOCO2live_740nm_3097mW_u1_poc0p45_20x0p75NA_457s50_g70_z1_256pix_basicFLIM_120f_0006.sdt,20260517_KPC_live_on_SLIM::fitet-sf-c2-b5::3_BKOCO2live_740nm_3097mW_u1_poc0p45_20x0p75NA_457s50_g70_z1_256pix_basicFLIM_120f_0006,fitet-sf-c2-b5,2,"a1, a2, chi2, photons, tau1, tau2"
3_BKOCO2live_740nm_3097mW_u1_poc0p45_20x0p75NA_457s50_g70_z1_256pix_basicFLIM_120f_0006.sdt,20260517_KPC_live_on_SLIM::fitet-sf-c3-b5::3_BKOCO2live_740nm_3097mW_u1_poc0p45_20x0p75NA_457s50_g70_z1_256pix_basicFLIM_120f_0006,fitet-sf-c3-b5,3,"a1, a2, a3, chi2, photons, tau1, tau2, tau3"
3_BKOCO2live_740nm_3097mW_u1_poc0p45_20x0p75NA_457s50_g70_z1_256pix_basicFLIM_120f_0006.sdt,20260517_KPC_live_on_SLIM::fitet-sz-c2-b5::3_BKOCO2live_740nm_3097mW_u1_poc0p45_20x0p75NA_457s50_g70_z1_256pix_basicFLIM_120f_0006,fitet-sz-c2-b5,2,"a1, a2, chi2, photons, tau1, tau2"
3_BKOCO2live_740nm_3097mW_u1_poc0p45_20x0p75NA_457s50_g70_z1_256pix_basicFLIM_120f_0006.sdt,20260517_KPC_live_on_SLIM::fitet-sz-c3-b5::3_BKOCO2live_740nm_3097mW_u1_poc0p45_20x0p75NA_457s50_g70_z1_256pix_basicFLIM_120f_0006,fitet-sz-c3-b5,3,"a1, a2, a3, chi2, photons, tau1, tau2, tau3"
3_BKOCO2live_740nm_3097mW_u1_poc0p45_20x0p75NA_457s50_g70_z1_256pix_basicFLIM_120f_0007.sdt,20260517_KPC_live_on_SLIM::fitet-sf-c2-b5::3_BKOCO2live_740nm_3097mW_u1_poc0p45_20x0p75NA_457s50_g70_z1_256pix_basicFLIM_120f_0007,fitet-sf-c2-b5,2,"a1, a2, chi2, photons, tau1, tau2"
3_BKOCO2live_740nm_3097mW_u1_poc0p45_20x0p75NA_457s50_g70_z1_256pix_basicFLIM_120f_0007.sdt,20260517_KPC_live_on_SLIM::fitet-sf-c3-b5::3_BKOCO2live_740nm_3097mW_u1_poc0p45_20x0p75NA_457s50_g70_z1_256pix_basicFLIM_120f_0007,fitet-sf-c3-b5,3,"a1, a2, a3, chi2, photons, tau1, tau2, tau3"
3_BKOCO2live_740nm_3097mW_u1_poc0p45_20x0p75NA_457s50_g70_z1_256pix_basicFLIM_120f_0007.sdt,20260517_KPC_live_on_SLIM::fitet-sz-c2-b5::3_BKOCO2live_740nm_3097mW_u1_poc0p45_20x0p75NA_457s50_g70_z1_256pix_basicFLIM_120f_0007,fitet-sz-c2-b5,2,"a1, a2, chi2, photons, tau1, tau2"
3_BKOCO2live_740nm_3097mW_u1_poc0p45_20x0p75NA_457s50_g70_z1_256pix_basicFLIM_120f_0007.sdt,20260517_KPC_live_on_SLIM::fitet-sz-c3-b5::3_BKOCO2live_740nm_3097mW_u1_poc0p45_20x0p75NA_457s50_g70_z1_256pix_basicFLIM_120f_0007,fitet-sz-c3-b5,3,"a1, a2, a3, chi2, photons, tau1, tau2, tau3"
3_BKOCO2live_740nm_3097mW_u1_poc0p45_20x0p75NA_457s50_g70_z1_256pix_basicFLIM_120f_0008.sdt,20260517_KPC_live_on_SLIM::fitet-sf-c2-b5::3_BKOCO2live_740nm_3097mW_u1_poc0p45_20x0p75NA_457s50_g70_z1_256pix_basicFLIM_120f_0008,fitet-sf-c2-b5,2,"a1, a2, chi2, photons, tau1, tau2"
3_BKOCO2live_740nm_3097mW_u1_poc0p45_20x0p75NA_457s50_g70_z1_256pix_basicFLIM_120f_0008.sdt,20260517_KPC_live_on_SLIM::fitet-sf-c3-b5::3_BKOCO2live_740nm_3097mW_u1_poc0p45_20x0p75NA_457s50_g70_z1_256pix_basicFLIM_120f_0008,fitet-sf-c3-b5,3,"a1, a2, a3, chi2, photons, tau1, tau2, tau3"
3_BKOCO2live_740nm_3097mW_u1_poc0p45_20x0p75NA_457s50_g70_z1_256pix_basicFLIM_120f_0008.sdt,20260517_KPC_live_on_SLIM::fitet-sz-c2-b5::3_BKOCO2live_740nm_3097mW_u1_poc0p45_20x0p75NA_457s50_g70_z1_256pix_basicFLIM_120f_0008,fitet-sz-c2-b5,2,"a1, a2, chi2, photons, tau1, tau2"
3_BKOCO2live_740nm_3097mW_u1_poc0p45_20x0p75NA_457s50_g70_z1_256pix_basicFLIM_120f_0008.sdt,20260517_KPC_live_on_SLIM::fitet-sz-c3-b5::3_BKOCO2live_740nm_3097mW_u1_poc0p45_20x0p75NA_457s50_g70_z1_256pix_basicFLIM_120f_0008,fitet-sz-c3-b5,3,"a1, a2, a3, chi2, photons, tau1, tau2, tau3"
3_BKOCO2live_740nm_3097mW_u1_poc0p45_20x0p75NA_457s50_g70_z1_256pix_basicFLIM_120f_0009.sdt,20260517_KPC_live_on_SLIM::fitet-sf-c2-b5::3_BKOCO2live_740nm_3097mW_u1_poc0p45_20x0p75NA_457s50_g70_z1_256pix_basicFLIM_120f_0009,fitet-sf-c2-b5,2,"a1, a2, chi2, photons, tau1, tau2"
3_BKOCO2live_740nm_3097mW_u1_poc0p45_20x0p75NA_457s50_g70_z1_256pix_basicFLIM_120f_0009.sdt,20260517_KPC_live_on_SLIM::fitet-sf-c3-b5::3_BKOCO2live_740nm_3097mW_u1_poc0p45_20x0p75NA_457s50_g70_z1_256pix_basicFLIM_120f_0009,fitet-sf-c3-b5,3,"a1, a2, a3, chi2, photons, tau1, tau2, tau3"
3_BKOCO2live_740nm_3097mW_u1_poc0p45_20x0p75NA_457s50_g70_z1_256pix_basicFLIM_120f_0009.sdt,20260517_KPC_live_on_SLIM::fitet-sz-c2-b5::3_BKOCO2live_740nm_3097mW_u1_poc0p45_20x0p75NA_457s50_g70_z1_256pix_basicFLIM_120f_0009,fitet-sz-c2-b5,2,"a1, a2, chi2, photons, tau1, tau2"
3_BKOCO2live_740nm_3097mW_u1_poc0p45_20x0p75NA_457s50_g70_z1_256pix_basicFLIM_120f_0009.sdt,20260517_KPC_live_on_SLIM::fitet-sz-c3-b5::3_BKOCO2live_740nm_3097mW_u1_poc0p45_20x0p75NA_457s50_g70_z1_256pix_basicFLIM_120f_0009,fitet-sz-c3-b5,3,"a1, a2, a3, chi2, photons, tau1, tau2, tau3"
3_BKOCO2live_740nm_3097mW_u1_poc0p45_20x0p75NA_457s50_g70_z1_256pix_basicFLIM_120f_0010.sdt,20260517_KPC_live_on_SLIM::fitet-sf-c2-b5::3_BKOCO2live_740nm_3097mW_u1_poc0p45_20x0p75NA_457s50_g70_z1_256pix_basicFLIM_120f_0010,fitet-sf-c2-b5,2,"a1, a2, chi2, photons, tau1, tau2"
3_BKOCO2live_740nm_3097mW_u1_poc0p45_20x0p75NA_457s50_g70_z1_256pix_basicFLIM_120f_0010.sdt,20260517_KPC_live_on_SLIM::fitet-sf-c3-b5::3_BKOCO2live_740nm_3097mW_u1_poc0p45_20x0p75NA_457s50_g70_z1_256pix_basicFLIM_120f_0010,fitet-sf-c3-b5,3,"a1, a2, a3, chi2, photons, tau1, tau2, tau3"
3_BKOCO2live_740nm_3097mW_u1_poc0p45_20x0p75NA_457s50_g70_z1_256pix_basicFLIM_120f_0010.sdt,20260517_KPC_live_on_SLIM::fitet-sz-c2-b5::3_BKOCO2live_740nm_3097mW_u1_poc0p45_20x0p75NA_457s50_g70_z1_256pix_basicFLIM_120f_0010,fitet-sz-c2-b5,2,"a1, a2, chi2, photons, tau1, tau2"
3_BKOCO2live_740nm_3097mW_u1_poc0p45_20x0p75NA_457s50_g70_z1_256pix_basicFLIM_120f_0010.sdt,20260517_KPC_live_on_SLIM::fitet-sz-c3-b5::3_BKOCO2live_740nm_3097mW_u1_poc0p45_20x0p75NA_457s50_g70_z1_256pix_basicFLIM_120f_0010,fitet-sz-c3-b5,3,"a1, a2, a3, chi2, photons, tau1, tau2, tau3"
3_BKOCO2live_740nm_3097mW_u1_poc0p45_20x0p75NA_457s50_g70_z1_256pix_basicFLIM_120f_0011.sdt,20260517_KPC_live_on_SLIM::fitet-sf-c2-b5::3_BKOCO2live_740nm_3097mW_u1_poc0p45_20x0p75NA_457s50_g70_z1_256pix_basicFLIM_120f_0011,fitet-sf-c2-b5,2,"a1, a2, chi2, photons, tau1, tau2"
3_BKOCO2live_740nm_3097mW_u1_poc0p45_20x0p75NA_457s50_g70_z1_256pix_basicFLIM_120f_0011.sdt,20260517_KPC_live_on_SLIM::fitet-sf-c3-b5::3_BKOCO2live_740nm_3097mW_u1_poc0p45_20x0p75NA_457s50_g70_z1_256pix_basicFLIM_120f_0011,fitet-sf-c3-b5,3,"a1, a2, a3, chi2, photons, tau1, tau2, tau3"
3_BKOCO2live_740nm_3097mW_u1_poc0p45_20x0p75NA_457s50_g70_z1_256pix_basicFLIM_120f_0011.sdt,20260517_KPC_live_on_SLIM::fitet-sz-c2-b5::3_BKOCO2live_740nm_3097mW_u1_poc0p45_20x0p75NA_457s50_g70_z1_256pix_basicFLIM_120f_0011,fitet-sz-c2-b5,2,"a1, a2, chi2, photons, tau1, tau2"
3_BKOCO2live_740nm_3097mW_u1_poc0p45_20x0p75NA_457s50_g70_z1_256pix_basicFLIM_120f_0011.sdt,20260517_KPC_live_on_SLIM::fitet-sz-c3-b5::3_BKOCO2live_740nm_3097mW_u1_poc0p45_20x0p75NA_457s50_g70_z1_256pix_basicFLIM_120f_0011,fitet-sz-c3-b5,3,"a1, a2, a3, chi2, photons, tau1, tau2, tau3"
3_BKOCO2live_740nm_3097mW_u1_poc0p45_20x0p75NA_457s50_g70_z1_256pix_basicFLIM_120f_0012.sdt,20260517_KPC_live_on_SLIM::fitet-sf-c2-b5::3_BKOCO2live_740nm_3097mW_u1_poc0p45_20x0p75NA_457s50_g70_z1_256pix_basicFLIM_120f_0012,fitet-sf-c2-b5,2,"a1, a2, chi2, photons, tau1, tau2"
3_BKOCO2live_740nm_3097mW_u1_poc0p45_20x0p75NA_457s50_g70_z1_256pix_basicFLIM_120f_0012.sdt,20260517_KPC_live_on_SLIM::fitet-sf-c3-b5::3_BKOCO2live_740nm_3097mW_u1_poc0p45_20x0p75NA_457s50_g70_z1_256pix_basicFLIM_120f_0012,fitet-sf-c3-b5,3,"a1, a2, a3, chi2, photons, tau1, tau2, tau3"
3_BKOCO2live_740nm_3097mW_u1_poc0p45_20x0p75NA_457s50_g70_z1_256pix_basicFLIM_120f_0012.sdt,20260517_KPC_live_on_SLIM::fitet-sz-c2-b5::3_BKOCO2live_740nm_3097mW_u1_poc0p45_20x0p75NA_457s50_g70_z1_256pix_basicFLIM_120f_0012,fitet-sz-c2-b5,2,"a1, a2, chi2, photons, tau1, tau2"
3_BKOCO2live_740nm_3097mW_u1_poc0p45_20x0p75NA_457s50_g70_z1_256pix_basicFLIM_120f_0012.sdt,20260517_KPC_live_on_SLIM::fitet-sz-c3-b5::3_BKOCO2live_740nm_3097mW_u1_poc0p45_20x0p75NA_457s50_g70_z1_256pix_basicFLIM_120f_0012,fitet-sz-c3-b5,3,"a1, a2, a3, chi2, photons, tau1, tau2, tau3"
3_BKOCO2live_740nm_3097mW_u1_poc0p45_20x0p75NA_457s50_g70_z1_256pix_basicFLIM_120f_0013.sdt,20260517_KPC_live_on_SLIM::fitet-sf-c2-b5::3_BKOCO2live_740nm_3097mW_u1_poc0p45_20x0p75NA_457s50_g70_z1_256pix_basicFLIM_120f_0013,fitet-sf-c2-b5,2,"a1, a2, chi2, photons, tau1, tau2"
3_BKOCO2live_740nm_3097mW_u1_poc0p45_20x0p75NA_457s50_g70_z1_256pix_basicFLIM_120f_0013.sdt,20260517_KPC_live_on_SLIM::fitet-sf-c3-b5::3_BKOCO2live_740nm_3097mW_u1_poc0p45_20x0p75NA_457s50_g70_z1_256pix_basicFLIM_120f_0013,fitet-sf-c3-b5,3,"a1, a2, a3, chi2, photons, tau1, tau2, tau3"
3_BKOCO2live_740nm_3097mW_u1_poc0p45_20x0p75NA_457s50_g70_z1_256pix_basicFLIM_120f_0013.sdt,20260517_KPC_live_on_SLIM::fitet-sz-c2-b5::3_BKOCO2live_740nm_3097mW_u1_poc0p45_20x0p75NA_457s50_g70_z1_256pix_basicFLIM_120f_0013,fitet-sz-c2-b5,2,"a1, a2, chi2, photons, tau1, tau2"
3_BKOCO2live_740nm_3097mW_u1_poc0p45_20x0p75NA_457s50_g70_z1_256pix_basicFLIM_120f_0013.sdt,20260517_KPC_live_on_SLIM::fitet-sz-c3-b5::3_BKOCO2live_740nm_3097mW_u1_poc0p45_20x0p75NA_457s50_g70_z1_256pix_basicFLIM_120f_0013,fitet-sz-c3-b5,3,"a1, a2, a3, chi2, photons, tau1, tau2, tau3"
3_BKOCO2live_740nm_3097mW_u1_poc0p45_20x0p75NA_457s50_g70_z1_256pix_basicFLIM_120f_0014.sdt,20260517_KPC_live_on_SLIM::fitet-sf-c2-b5::3_BKOCO2live_740nm_3097mW_u1_poc0p45_20x0p75NA_457s50_g70_z1_256pix_basicFLIM_120f_0014,fitet-sf-c2-b5,2,"a1, a2, chi2, photons, tau1, tau2"
3_BKOCO2live_740nm_3097mW_u1_poc0p45_20x0p75NA_457s50_g70_z1_256pix_basicFLIM_120f_0014.sdt,20260517_KPC_live_on_SLIM::fitet-sf-c3-b5::3_BKOCO2live_740nm_3097mW_u1_poc0p45_20x0p75NA_457s50_g70_z1_256pix_basicFLIM_120f_0014,fitet-sf-c3-b5,3,"a1, a2, a3, chi2, photons, tau1, tau2, tau3"
3_BKOCO2live_740nm_3097mW_u1_poc0p45_20x0p75NA_457s50_g70_z1_256pix_basicFLIM_120f_0014.sdt,20260517_KPC_live_on_SLIM::fitet-sz-c2-b5::3_BKOCO2live_740nm_3097mW_u1_poc0p45_20x0p75NA_457s50_g70_z1_256pix_basicFLIM_120f_0014,fitet-sz-c2-b5,2,"a1, a2, chi2, photons, tau1, tau2"
3_BKOCO2live_740nm_3097mW_u1_poc0p45_20x0p75NA_457s50_g70_z1_256pix_basicFLIM_120f_0014.sdt,20260517_KPC_live_on_SLIM::fitet-sz-c3-b5::3_BKOCO2live_740nm_3097mW_u1_poc0p45_20x0p75NA_457s50_g70_z1_256pix_basicFLIM_120f_0014,fitet-sz-c3-b5,3,"a1, a2, a3, chi2, photons, tau1, tau2, tau3"
3_BKOCO2live_740nm_3097mW_u1_poc0p45_20x0p75NA_457s50_g70_z1_256pix_basicFLIM_120f_0015.sdt,20260517_KPC_live_on_SLIM::fitet-sf-c2-b5::3_BKOCO2live_740nm_3097mW_u1_poc0p45_20x0p75NA_457s50_g70_z1_256pix_basicFLIM_120f_0015,fitet-sf-c2-b5,2,"a1, a2, chi2, photons, tau1, tau2"
3_BKOCO2live_740nm_3097mW_u1_poc0p45_20x0p75NA_457s50_g70_z1_256pix_basicFLIM_120f_0015.sdt,20260517_KPC_live_on_SLIM::fitet-sf-c3-b5::3_BKOCO2live_740nm_3097mW_u1_poc0p45_20x0p75NA_457s50_g70_z1_256pix_basicFLIM_120f_0015,fitet-sf-c3-b5,3,"a1, a2, a3, chi2, photons, tau1, tau2, tau3"
3_BKOCO2live_740nm_3097mW_u1_poc0p45_20x0p75NA_457s50_g70_z1_256pix_basicFLIM_120f_0015.sdt,20260517_KPC_live_on_SLIM::fitet-sz-c2-b5::3_BKOCO2live_740nm_3097mW_u1_poc0p45_20x0p75NA_457s50_g70_z1_256pix_basicFLIM_120f_0015,fitet-sz-c2-b5,2,"a1, a2, chi2, photons, tau1, tau2"
3_BKOCO2live_740nm_3097mW_u1_poc0p45_20x0p75NA_457s50_g70_z1_256pix_basicFLIM_120f_0015.sdt,20260517_KPC_live_on_SLIM::fitet-sz-c3-b5::3_BKOCO2live_740nm_3097mW_u1_poc0p45_20x0p75NA_457s50_g70_z1_256pix_basicFLIM_120f_0015,fitet-sz-c3-b5,3,"a1, a2, a3, chi2, photons, tau1, tau2, tau3"
4_urea_740nm_3097mW_u1_poc0_20x0p75NA_370s10_g70_z1_256pix_basicFLIM_90f_0001.sdt,20260517_KPC_live_on_SLIM::fitet-sf-c2-b5::4_urea_740nm_3097mW_u1_poc0_20x0p75NA_370s10_g70_z1_256pix_basicFLIM_90f_0001,fitet-sf-c2-b5,2,"a1, a2, chi2, photons, tau1, tau2"
4_urea_740nm_3097mW_u1_poc0_20x0p75NA_370s10_g70_z1_256pix_basicFLIM_90f_0001.sdt,20260517_KPC_live_on_SLIM::fitet-sf-c3-b5::4_urea_740nm_3097mW_u1_poc0_20x0p75NA_370s10_g70_z1_256pix_basicFLIM_90f_0001,fitet-sf-c3-b5,3,"a1, a2, a3, chi2, photons, tau1, tau2, tau3"
4_urea_740nm_3097mW_u1_poc0_20x0p75NA_370s10_g70_z1_256pix_basicFLIM_90f_0001.sdt,20260517_KPC_live_on_SLIM::fitet-sz-c2-b5::4_urea_740nm_3097mW_u1_poc0_20x0p75NA_370s10_g70_z1_256pix_basicFLIM_90f_0001,fitet-sz-c2-b5,2,"a1, a2, chi2, photons, tau1, tau2"
4_urea_740nm_3097mW_u1_poc0_20x0p75NA_370s10_g70_z1_256pix_basicFLIM_90f_0001.sdt,20260517_KPC_live_on_SLIM::fitet-sz-c3-b5::4_urea_740nm_3097mW_u1_poc0_20x0p75NA_370s10_g70_z1_256pix_basicFLIM_90f_0001,fitet-sz-c3-b5,3,"a1, a2, a3, chi2, photons, tau1, tau2, tau3"
4_urea_740nm_3097mW_u1_poc0_20x0p75NA_370s10_g70_z1_256pix_basicFLIM_90f_0000.sdt,20260517_KPC_live_on_SLIM::fitet-sf-c2-b5::4_urea_740nm_3097mW_u1_poc0_20x0p75NA_370s10_g70_z1_256pix_basicFLIM_90f_0000,fitet-sf-c2-b5,2,"a1, a2, chi2, photons, tau1, tau2"
4_urea_740nm_3097mW_u1_poc0_20x0p75NA_370s10_g70_z1_256pix_basicFLIM_90f_0000.sdt,20260517_KPC_live_on_SLIM::fitet-sf-c3-b5::4_urea_740nm_3097mW_u1_poc0_20x0p75NA_370s10_g70_z1_256pix_basicFLIM_90f_0000,fitet-sf-c3-b5,3,"a1, a2, a3, chi2, photons, tau1, tau2, tau3"
4_urea_740nm_3097mW_u1_poc0_20x0p75NA_370s10_g70_z1_256pix_basicFLIM_90f_0000.sdt,20260517_KPC_live_on_SLIM::fitet-sz-c2-b5::4_urea_740nm_3097mW_u1_poc0_20x0p75NA_370s10_g70_z1_256pix_basicFLIM_90f_0000,fitet-sz-c2-b5,2,"a1, a2, chi2, photons, tau1, tau2"
4_urea_740nm_3097mW_u1_poc0_20x0p75NA_370s10_g70_z1_256pix_basicFLIM_90f_0000.sdt,20260517_KPC_live_on_SLIM::fitet-sz-c3-b5::4_urea_740nm_3097mW_u1_poc0_20x0p75NA_370s10_g70_z1_256pix_basicFLIM_90f_0000,fitet-sz-c3-b5,3,"a1, a2, a3, chi2, photons, tau1, tau2, tau3"
4_chroma_740nm_3097mW_u80_poc0_20x0p75NA_457s50_g70_z1_256pix_basicFLIM_45f_0000.sdt,20260517_KPC_live_on_SLIM::fitet-sf-c2-b5::4_chroma_740nm_3097mW_u80_poc0_20x0p75NA_457s50_g70_z1_256pix_basicFLIM_45f_0000,fitet-sf-c2-b5,2,"a1, a2, chi2, photons, tau1, tau2"
4_chroma_740nm_3097mW_u80_poc0_20x0p75NA_457s50_g70_z1_256pix_basicFLIM_45f_0000.sdt,20260517_KPC_live_on_SLIM::fitet-sf-c3-b5::4_chroma_740nm_3097mW_u80_poc0_20x0p75NA_457s50_g70_z1_256pix_basicFLIM_45f_0000,fitet-sf-c3-b5,3,"a1, a2, a3, chi2, photons, tau1, tau2, tau3"
4_chroma_740nm_3097mW_u80_poc0_20x0p75NA_457s50_g70_z1_256pix_basicFLIM_45f_0000.sdt,20260517_KPC_live_on_SLIM::fitet-sz-c2-b5::4_chroma_740nm_3097mW_u80_poc0_20x0p75NA_457s50_g70_z1_256pix_basicFLIM_45f_0000,fitet-sz-c2-b5,2,"a1, a2, chi2, photons, tau1, tau2"
4_chroma_740nm_3097mW_u80_poc0_20x0p75NA_457s50_g70_z1_256pix_basicFLIM_45f_0000.sdt,20260517_KPC_live_on_SLIM::fitet-sz-c3-b5::4_chroma_740nm_3097mW_u80_poc0_20x0p75NA_457s50_g70_z1_256pix_basicFLIM_45f_0000,fitet-sz-c3-b5,3,"a1, a2, a3, chi2, photons, tau1, tau2, tau3"
4_chroma_740nm_3097mW_u80_poc0_20x0p75NA_457s50_g70_z1_256pix_basicFLIM_45f_0001.sdt,20260517_KPC_live_on_SLIM::fitet-sf-c2-b5::4_chroma_740nm_3097mW_u80_poc0_20x0p75NA_457s50_g70_z1_256pix_basicFLIM_45f_0001,fitet-sf-c2-b5,2,"a1, a2, chi2, photons, tau1, tau2"
4_chroma_740nm_3097mW_u80_poc0_20x0p75NA_457s50_g70_z1_256pix_basicFLIM_45f_0001.sdt,20260517_KPC_live_on_SLIM::fitet-sf-c3-b5::4_chroma_740nm_3097mW_u80_poc0_20x0p75NA_457s50_g70_z1_256pix_basicFLIM_45f_0001,fitet-sf-c3-b5,3,"a1, a2, a3, chi2, photons, tau1, tau2, tau3"
4_chroma_740nm_3097mW_u80_poc0_20x0p75NA_457s50_g70_z1_256pix_basicFLIM_45f_0001.sdt,20260517_KPC_live_on_SLIM::fitet-sz-c2-b5::4_chroma_740nm_3097mW_u80_poc0_20x0p75NA_457s50_g70_z1_256pix_basicFLIM_45f_0001,fitet-sz-c2-b5,2,"a1, a2, chi2, photons, tau1, tau2"
4_chroma_740nm_3097mW_u80_poc0_20x0p75NA_457s50_g70_z1_256pix_basicFLIM_45f_0001.sdt,20260517_KPC_live_on_SLIM::fitet-sz-c3-b5::4_chroma_740nm_3097mW_u80_poc0_20x0p75NA_457s50_g70_z1_256pix_basicFLIM_45f_0001,fitet-sz-c3-b5,3,"a1, a2, a3, chi2, photons, tau1, tau2, tau3"
5_pollen_890nm_2899mW_u1_poc0p2_10x0p5NA_457s50_g70_z1_256pix_basicFLIM_45f_0000.sdt,20260517_KPC_live_on_SLIM::fitet-sf-c2-b5::5_pollen_890nm_2899mW_u1_poc0p2_10x0p5NA_457s50_g70_z1_256pix_basicFLIM_45f_0000,fitet-sf-c2-b5,2,"a1, a2, chi2, photons, tau1, tau2"
5_pollen_890nm_2899mW_u1_poc0p2_10x0p5NA_457s50_g70_z1_256pix_basicFLIM_45f_0000.sdt,20260517_KPC_live_on_SLIM::fitet-sf-c3-b5::5_pollen_890nm_2899mW_u1_poc0p2_10x0p5NA_457s50_g70_z1_256pix_basicFLIM_45f_0000,fitet-sf-c3-b5,3,"a1, a2, a3, chi2, photons, tau1, tau2, tau3"
5_pollen_890nm_2899mW_u1_poc0p2_10x0p5NA_457s50_g70_z1_256pix_basicFLIM_45f_0000.sdt,20260517_KPC_live_on_SLIM::fitet-sz-c2-b5::5_pollen_890nm_2899mW_u1_poc0p2_10x0p5NA_457s50_g70_z1_256pix_basicFLIM_45f_0000,fitet-sz-c2-b5,2,"a1, a2, chi2, photons, tau1, tau2"
5_pollen_890nm_2899mW_u1_poc0p2_10x0p5NA_457s50_g70_z1_256pix_basicFLIM_45f_0000.sdt,20260517_KPC_live_on_SLIM::fitet-sz-c3-b5::5_pollen_890nm_2899mW_u1_poc0p2_10x0p5NA_457s50_g70_z1_256pix_basicFLIM_45f_0000,fitet-sz-c3-b5,3,"a1, a2, a3, chi2, photons, tau1, tau2, tau3"
0_pollen_890nm_2883mW_u1_poc0p2_10x0p5NA_457s50_g70_z1_256pix_basicFLIM_45f_0000.sdt,20260520_KPC_fixed_dishes_SLIM::fitet-sf-c2-b9::0_pollen_890nm_2883mW_u1_poc0p2_10x0p5NA_457s50_g70_z1_256pix_basicFLIM_45f_0000,fitet-sf-c2-b9,2,"a1, a2, chi2, photons, tau1, tau2"
0_pollen_890nm_2883mW_u1_poc0p2_10x0p5NA_457s50_g70_z1_256pix_basicFLIM_45f_0000.sdt,20260520_KPC_fixed_dishes_SLIM::fitet-sz-c2-b9::0_pollen_890nm_2883mW_u1_poc0p2_10x0p5NA_457s50_g70_z1_256pix_basicFLIM_45f_0000,fitet-sz-c2-b9,2,"a1, a2, chi2, photons, tau1, tau2"
1_chromablue_740nm_3083mW_u80_poc0_20x0p75NA_457s50_g70_z1_256pix_basicFLIM_45f_0000.sdt,20260520_KPC_fixed_dishes_SLIM::fitet-sf-c2-b9::1_chromablue_740nm_3083mW_u80_poc0_20x0p75NA_457s50_g70_z1_256pix_basicFLIM_45f_0000,fitet-sf-c2-b9,2,"a1, a2, chi2, photons, tau1, tau2"
1_chromablue_740nm_3083mW_u80_poc0_20x0p75NA_457s50_g70_z1_256pix_basicFLIM_45f_0000.sdt,20260520_KPC_fixed_dishes_SLIM::fitet-sz-c2-b9::1_chromablue_740nm_3083mW_u80_poc0_20x0p75NA_457s50_g70_z1_256pix_basicFLIM_45f_0000,fitet-sz-c2-b9,2,"a1, a2, chi2, photons, tau1, tau2"
2_urea_740nm_3085mW_u1_poc0_20x0p75NA_457s50_g70_z1_256pix_basicFLIM_45f_0000.sdt,20260520_KPC_fixed_dishes_SLIM::fitet-sf-c2-b9::2_urea_740nm_3085mW_u1_poc0_20x0p75NA_457s50_g70_z1_256pix_basicFLIM_45f_0000,fitet-sf-c2-b9,2,"a1, a2, chi2, photons, tau1, tau2"
2_urea_740nm_3085mW_u1_poc0_20x0p75NA_457s50_g70_z1_256pix_basicFLIM_45f_0000.sdt,20260520_KPC_fixed_dishes_SLIM::fitet-sz-c2-b9::2_urea_740nm_3085mW_u1_poc0_20x0p75NA_457s50_g70_z1_256pix_basicFLIM_45f_0000,fitet-sz-c2-b9,2,"a1, a2, chi2, photons, tau1, tau2"
3_KPCWTform10min_740nm_3082mW_u1_poc0p25_20x0p75NA_457s50_g70_z1_256pix_basicFLIM_120f_0000.sdt,20260520_KPC_fixed_dishes_SLIM::fitet-sf-c2-b9::3_KPCWTform10min_740nm_3082mW_u1_poc0p25_20x0p75NA_457s50_g70_z1_256pix_basicFLIM_120f_0000,fitet-sf-c2-b9,2,"a1, a2, chi2, photons, tau1, tau2"
3_KPCWTform10min_740nm_3082mW_u1_poc0p25_20x0p75NA_457s50_g70_z1_256pix_basicFLIM_120f_0000.sdt,20260520_KPC_fixed_dishes_SLIM::fitet-sz-c2-b9::3_KPCWTform10min_740nm_3082mW_u1_poc0p25_20x0p75NA_457s50_g70_z1_256pix_basicFLIM_120f_0000,fitet-sz-c2-b9,2,"a1, a2, chi2, photons, tau1, tau2"
3_KPCWTform10min_740nm_3082mW_u1_poc0p25_20x0p75NA_457s50_g70_z1_256pix_basicFLIM_120f_0001.sdt,20260520_KPC_fixed_dishes_SLIM::fitet-sf-c2-b9::3_KPCWTform10min_740nm_3082mW_u1_poc0p25_20x0p75NA_457s50_g70_z1_256pix_basicFLIM_120f_0001,fitet-sf-c2-b9,2,"a1, a2, chi2, photons, tau1, tau2"
3_KPCWTform10min_740nm_3082mW_u1_poc0p25_20x0p75NA_457s50_g70_z1_256pix_basicFLIM_120f_0001.sdt,20260520_KPC_fixed_dishes_SLIM::fitet-sz-c2-b9::3_KPCWTform10min_740nm_3082mW_u1_poc0p25_20x0p75NA_457s50_g70_z1_256pix_basicFLIM_120f_0001,fitet-sz-c2-b9,2,"a1, a2, chi2, photons, tau1, tau2"
3_KPCWTform10min_740nm_3082mW_u1_poc0p25_20x0p75NA_457s50_g70_z1_256pix_basicFLIM_120f_0002.sdt,20260520_KPC_fixed_dishes_SLIM::fitet-sf-c2-b9::3_KPCWTform10min_740nm_3082mW_u1_poc0p25_20x0p75NA_457s50_g70_z1_256pix_basicFLIM_120f_0002,fitet-sf-c2-b9,2,"a1, a2, chi2, photons, tau1, tau2"
3_KPCWTform10min_740nm_3082mW_u1_poc0p25_20x0p75NA_457s50_g70_z1_256pix_basicFLIM_120f_0002.sdt,20260520_KPC_fixed_dishes_SLIM::fitet-sz-c2-b9::3_KPCWTform10min_740nm_3082mW_u1_poc0p25_20x0p75NA_457s50_g70_z1_256pix_basicFLIM_120f_0002,fitet-sz-c2-b9,2,"a1, a2, chi2, photons, tau1, tau2"
3_KPCWTform10min_740nm_3082mW_u1_poc0p25_20x0p75NA_457s50_g70_z1_256pix_basicFLIM_120f_0003.sdt,20260520_KPC_fixed_dishes_SLIM::fitet-sf-c2-b9::3_KPCWTform10min_740nm_3082mW_u1_poc0p25_20x0p75NA_457s50_g70_z1_256pix_basicFLIM_120f_0003,fitet-sf-c2-b9,2,"a1, a2, chi2, photons, tau1, tau2"
3_KPCWTform10min_740nm_3082mW_u1_poc0p25_20x0p75NA_457s50_g70_z1_256pix_basicFLIM_120f_0003.sdt,20260520_KPC_fixed_dishes_SLIM::fitet-sz-c2-b9::3_KPCWTform10min_740nm_3082mW_u1_poc0p25_20x0p75NA_457s50_g70_z1_256pix_basicFLIM_120f_0003,fitet-sz-c2-b9,2,"a1, a2, chi2, photons, tau1, tau2"
3_KPCWTform10min_740nm_3082mW_u1_poc0p25_20x0p75NA_457s50_g70_z1_256pix_basicFLIM_120f_0004.sdt,20260520_KPC_fixed_dishes_SLIM::fitet-sf-c2-b9::3_KPCWTform10min_740nm_3082mW_u1_poc0p25_20x0p75NA_457s50_g70_z1_256pix_basicFLIM_120f_0004,fitet-sf-c2-b9,2,"a1, a2, chi2, photons, tau1, tau2"
3_KPCWTform10min_740nm_3082mW_u1_poc0p25_20x0p75NA_457s50_g70_z1_256pix_basicFLIM_120f_0004.sdt,20260520_KPC_fixed_dishes_SLIM::fitet-sz-c2-b9::3_KPCWTform10min_740nm_3082mW_u1_poc0p25_20x0p75NA_457s50_g70_z1_256pix_basicFLIM_120f_0004,fitet-sz-c2-b9,2,"a1, a2, chi2, photons, tau1, tau2"
3_KPCWTform10min_740nm_3082mW_u1_poc0p25_20x0p75NA_457s50_g70_z1_256pix_basicFLIM_120f_0005.sdt,20260520_KPC_fixed_dishes_SLIM::fitet-sf-c2-b9::3_KPCWTform10min_740nm_3082mW_u1_poc0p25_20x0p75NA_457s50_g70_z1_256pix_basicFLIM_120f_0005,fitet-sf-c2-b9,2,"a1, a2, chi2, photons, tau1, tau2"
3_KPCWTform10min_740nm_3082mW_u1_poc0p25_20x0p75NA_457s50_g70_z1_256pix_basicFLIM_120f_0005.sdt,20260520_KPC_fixed_dishes_SLIM::fitet-sz-c2-b9::3_KPCWTform10min_740nm_3082mW_u1_poc0p25_20x0p75NA_457s50_g70_z1_256pix_basicFLIM_120f_0005,fitet-sz-c2-b9,2,"a1, a2, chi2, photons, tau1, tau2"
3_KPCWTform10min_740nm_3082mW_u1_poc0p25_20x0p75NA_457s50_g70_z1_256pix_basicFLIM_120f_0006.sdt,20260520_KPC_fixed_dishes_SLIM::fitet-sf-c2-b9::3_KPCWTform10min_740nm_3082mW_u1_poc0p25_20x0p75NA_457s50_g70_z1_256pix_basicFLIM_120f_0006,fitet-sf-c2-b9,2,"a1, a2, chi2, photons, tau1, tau2"
3_KPCWTform10min_740nm_3082mW_u1_poc0p25_20x0p75NA_457s50_g70_z1_256pix_basicFLIM_120f_0006.sdt,20260520_KPC_fixed_dishes_SLIM::fitet-sz-c2-b9::3_KPCWTform10min_740nm_3082mW_u1_poc0p25_20x0p75NA_457s50_g70_z1_256pix_basicFLIM_120f_0006,fitet-sz-c2-b9,2,"a1, a2, chi2, photons, tau1, tau2"
3_KPCWTform10min_740nm_3082mW_u1_poc0p25_20x0p75NA_457s50_g70_z1_256pix_basicFLIM_120f_0007.sdt,20260520_KPC_fixed_dishes_SLIM::fitet-sf-c2-b9::3_KPCWTform10min_740nm_3082mW_u1_poc0p25_20x0p75NA_457s50_g70_z1_256pix_basicFLIM_120f_0007,fitet-sf-c2-b9,2,"a1, a2, chi2, photons, tau1, tau2"
3_KPCWTform10min_740nm_3082mW_u1_poc0p25_20x0p75NA_457s50_g70_z1_256pix_basicFLIM_120f_0007.sdt,20260520_KPC_fixed_dishes_SLIM::fitet-sz-c2-b9::3_KPCWTform10min_740nm_3082mW_u1_poc0p25_20x0p75NA_457s50_g70_z1_256pix_basicFLIM_120f_0007,fitet-sz-c2-b9,2,"a1, a2, chi2, photons, tau1, tau2"
3_KPCWTform10min_740nm_3082mW_u1_poc0p25_20x0p75NA_457s50_g70_z1_256pix_basicFLIM_120f_0008.sdt,20260520_KPC_fixed_dishes_SLIM::fitet-sf-c2-b9::3_KPCWTform10min_740nm_3082mW_u1_poc0p25_20x0p75NA_457s50_g70_z1_256pix_basicFLIM_120f_0008,fitet-sf-c2-b9,2,"a1, a2, chi2, photons, tau1, tau2"
3_KPCWTform10min_740nm_3082mW_u1_poc0p25_20x0p75NA_457s50_g70_z1_256pix_basicFLIM_120f_0008.sdt,20260520_KPC_fixed_dishes_SLIM::fitet-sz-c2-b9::3_KPCWTform10min_740nm_3082mW_u1_poc0p25_20x0p75NA_457s50_g70_z1_256pix_basicFLIM_120f_0008,fitet-sz-c2-b9,2,"a1, a2, chi2, photons, tau1, tau2"
3_KPCWTform10min_740nm_3082mW_u1_poc0p25_20x0p75NA_457s50_g70_z1_256pix_basicFLIM_120f_0009.sdt,20260520_KPC_fixed_dishes_SLIM::fitet-sf-c2-b9::3_KPCWTform10min_740nm_3082mW_u1_poc0p25_20x0p75NA_457s50_g70_z1_256pix_basicFLIM_120f_0009,fitet-sf-c2-b9,2,"a1, a2, chi2, photons, tau1, tau2"
3_KPCWTform10min_740nm_3082mW_u1_poc0p25_20x0p75NA_457s50_g70_z1_256pix_basicFLIM_120f_0009.sdt,20260520_KPC_fixed_dishes_SLIM::fitet-sz-c2-b9::3_KPCWTform10min_740nm_3082mW_u1_poc0p25_20x0p75NA_457s50_g70_z1_256pix_basicFLIM_120f_0009,fitet-sz-c2-b9,2,"a1, a2, chi2, photons, tau1, tau2"
3_KPCWTform10min_740nm_3082mW_u1_poc0p25_20x0p75NA_457s50_g70_z1_256pix_basicFLIM_120f_0010.sdt,20260520_KPC_fixed_dishes_SLIM::fitet-sf-c2-b9::3_KPCWTform10min_740nm_3082mW_u1_poc0p25_20x0p75NA_457s50_g70_z1_256pix_basicFLIM_120f_0010,fitet-sf-c2-b9,2,"a1, a2, chi2, photons, tau1, tau2"
3_KPCWTform10min_740nm_3082mW_u1_poc0p25_20x0p75NA_457s50_g70_z1_256pix_basicFLIM_120f_0010.sdt,20260520_KPC_fixed_dishes_SLIM::fitet-sz-c2-b9::3_KPCWTform10min_740nm_3082mW_u1_poc0p25_20x0p75NA_457s50_g70_z1_256pix_basicFLIM_120f_0010,fitet-sz-c2-b9,2,"a1, a2, chi2, photons, tau1, tau2"
3_KPCWTform10min_740nm_3082mW_u1_poc0p25_20x0p75NA_457s50_g70_z1_256pix_basicFLIM_120f_0011.sdt,20260520_KPC_fixed_dishes_SLIM::fitet-sf-c2-b9::3_KPCWTform10min_740nm_3082mW_u1_poc0p25_20x0p75NA_457s50_g70_z1_256pix_basicFLIM_120f_0011,fitet-sf-c2-b9,2,"a1, a2, chi2, photons, tau1, tau2"
3_KPCWTform10min_740nm_3082mW_u1_poc0p25_20x0p75NA_457s50_g70_z1_256pix_basicFLIM_120f_0011.sdt,20260520_KPC_fixed_dishes_SLIM::fitet-sz-c2-b9::3_KPCWTform10min_740nm_3082mW_u1_poc0p25_20x0p75NA_457s50_g70_z1_256pix_basicFLIM_120f_0011,fitet-sz-c2-b9,2,"a1, a2, chi2, photons, tau1, tau2"
3_KPCWTform10min_740nm_3082mW_u1_poc0p25_20x0p75NA_457s50_g70_z1_256pix_basicFLIM_120f_0012.sdt,20260520_KPC_fixed_dishes_SLIM::fitet-sf-c2-b9::3_KPCWTform10min_740nm_3082mW_u1_poc0p25_20x0p75NA_457s50_g70_z1_256pix_basicFLIM_120f_0012,fitet-sf-c2-b9,2,"a1, a2, chi2, photons, tau1, tau2"
3_KPCWTform10min_740nm_3082mW_u1_poc0p25_20x0p75NA_457s50_g70_z1_256pix_basicFLIM_120f_0012.sdt,20260520_KPC_fixed_dishes_SLIM::fitet-sz-c2-b9::3_KPCWTform10min_740nm_3082mW_u1_poc0p25_20x0p75NA_457s50_g70_z1_256pix_basicFLIM_120f_0012,fitet-sz-c2-b9,2,"a1, a2, chi2, photons, tau1, tau2"
3_KPCWTform10min_740nm_3082mW_u1_poc0p25_20x0p75NA_457s50_g70_z1_256pix_basicFLIM_120f_0013.sdt,20260520_KPC_fixed_dishes_SLIM::fitet-sf-c2-b9::3_KPCWTform10min_740nm_3082mW_u1_poc0p25_20x0p75NA_457s50_g70_z1_256pix_basicFLIM_120f_0013,fitet-sf-c2-b9,2,"a1, a2, chi2, photons, tau1, tau2"
3_KPCWTform10min_740nm_3082mW_u1_poc0p25_20x0p75NA_457s50_g70_z1_256pix_basicFLIM_120f_0013.sdt,20260520_KPC_fixed_dishes_SLIM::fitet-sz-c2-b9::3_KPCWTform10min_740nm_3082mW_u1_poc0p25_20x0p75NA_457s50_g70_z1_256pix_basicFLIM_120f_0013,fitet-sz-c2-b9,2,"a1, a2, chi2, photons, tau1, tau2"
3_KPCWTform10min_740nm_3082mW_u1_poc0p25_20x0p75NA_457s50_g70_z1_256pix_basicFLIM_120f_0014.sdt,20260520_KPC_fixed_dishes_SLIM::fitet-sf-c2-b9::3_KPCWTform10min_740nm_3082mW_u1_poc0p25_20x0p75NA_457s50_g70_z1_256pix_basicFLIM_120f_0014,fitet-sf-c2-b9,2,"a1, a2, chi2, photons, tau1, tau2"
3_KPCWTform10min_740nm_3082mW_u1_poc0p25_20x0p75NA_457s50_g70_z1_256pix_basicFLIM_120f_0014.sdt,20260520_KPC_fixed_dishes_SLIM::fitet-sz-c2-b9::3_KPCWTform10min_740nm_3082mW_u1_poc0p25_20x0p75NA_457s50_g70_z1_256pix_basicFLIM_120f_0014,fitet-sz-c2-b9,2,"a1, a2, chi2, photons, tau1, tau2"
3_KPCWTform10min_740nm_3082mW_u1_poc0p25_20x0p75NA_457s50_g70_z1_256pix_basicFLIM_120f_0015.sdt,20260520_KPC_fixed_dishes_SLIM::fitet-sf-c2-b9::3_KPCWTform10min_740nm_3082mW_u1_poc0p25_20x0p75NA_457s50_g70_z1_256pix_basicFLIM_120f_0015,fitet-sf-c2-b9,2,"a1, a2, chi2, photons, tau1, tau2"
3_KPCWTform10min_740nm_3082mW_u1_poc0p25_20x0p75NA_457s50_g70_z1_256pix_basicFLIM_120f_0015.sdt,20260520_KPC_fixed_dishes_SLIM::fitet-sz-c2-b9::3_KPCWTform10min_740nm_3082mW_u1_poc0p25_20x0p75NA_457s50_g70_z1_256pix_basicFLIM_120f_0015,fitet-sz-c2-b9,2,"a1, a2, chi2, photons, tau1, tau2"
3_KPCWTform10min_740nm_3082mW_u1_poc0p25_20x0p75NA_457s50_g70_z1_256pix_basicFLIM_120f_0016.sdt,20260520_KPC_fixed_dishes_SLIM::fitet-sf-c2-b9::3_KPCWTform10min_740nm_3082mW_u1_poc0p25_20x0p75NA_457s50_g70_z1_256pix_basicFLIM_120f_0016,fitet-sf-c2-b9,2,"a1, a2, chi2, photons, tau1, tau2"
3_KPCWTform10min_740nm_3082mW_u1_poc0p25_20x0p75NA_457s50_g70_z1_256pix_basicFLIM_120f_0016.sdt,20260520_KPC_fixed_dishes_SLIM::fitet-sz-c2-b9::3_KPCWTform10min_740nm_3082mW_u1_poc0p25_20x0p75NA_457s50_g70_z1_256pix_basicFLIM_120f_0016,fitet-sz-c2-b9,2,"a1, a2, chi2, photons, tau1, tau2"
3_KPCWTform10min_740nm_3083mW_u1_poc0p25_20x0p75NA_535s50_g70_z1_256pix_basicFLIM_120f_0000.sdt,20260520_KPC_fixed_dishes_SLIM::fitet-sf-c2-b9::3_KPCWTform10min_740nm_3083mW_u1_poc0p25_20x0p75NA_535s50_g70_z1_256pix_basicFLIM_120f_0000,fitet-sf-c2-b9,2,"a1, a2, chi2, photons, tau1, tau2"
3_KPCWTform10min_740nm_3083mW_u1_poc0p25_20x0p75NA_535s50_g70_z1_256pix_basicFLIM_120f_0000.sdt,20260520_KPC_fixed_dishes_SLIM::fitet-sz-c2-b9::3_KPCWTform10min_740nm_3083mW_u1_poc0p25_20x0p75NA_535s50_g70_z1_256pix_basicFLIM_120f_0000,fitet-sz-c2-b9,2,"a1, a2, chi2, photons, tau1, tau2"
3_KPCWTform10min_740nm_3083mW_u1_poc0p25_20x0p75NA_535s50_g70_z1_256pix_basicFLIM_120f_0001.sdt,20260520_KPC_fixed_dishes_SLIM::fitet-sf-c2-b9::3_KPCWTform10min_740nm_3083mW_u1_poc0p25_20x0p75NA_535s50_g70_z1_256pix_basicFLIM_120f_0001,fitet-sf-c2-b9,2,"a1, a2, chi2, photons, tau1, tau2"
3_KPCWTform10min_740nm_3083mW_u1_poc0p25_20x0p75NA_535s50_g70_z1_256pix_basicFLIM_120f_0001.sdt,20260520_KPC_fixed_dishes_SLIM::fitet-sz-c2-b9::3_KPCWTform10min_740nm_3083mW_u1_poc0p25_20x0p75NA_535s50_g70_z1_256pix_basicFLIM_120f_0001,fitet-sz-c2-b9,2,"a1, a2, chi2, photons, tau1, tau2"
3_KPCWTform10min_740nm_3083mW_u1_poc0p25_20x0p75NA_535s50_g70_z1_256pix_basicFLIM_120f_0002.sdt,20260520_KPC_fixed_dishes_SLIM::fitet-sf-c2-b9::3_KPCWTform10min_740nm_3083mW_u1_poc0p25_20x0p75NA_535s50_g70_z1_256pix_basicFLIM_120f_0002,fitet-sf-c2-b9,2,"a1, a2, chi2, photons, tau1, tau2"
3_KPCWTform10min_740nm_3083mW_u1_poc0p25_20x0p75NA_535s50_g70_z1_256pix_basicFLIM_120f_0002.sdt,20260520_KPC_fixed_dishes_SLIM::fitet-sz-c2-b9::3_KPCWTform10min_740nm_3083mW_u1_poc0p25_20x0p75NA_535s50_g70_z1_256pix_basicFLIM_120f_0002,fitet-sz-c2-b9,2,"a1, a2, chi2, photons, tau1, tau2"
3_KPCWTform10min_740nm_3083mW_u1_poc0p25_20x0p75NA_535s50_g70_z1_256pix_basicFLIM_120f_0003.sdt,20260520_KPC_fixed_dishes_SLIM::fitet-sf-c2-b9::3_KPCWTform10min_740nm_3083mW_u1_poc0p25_20x0p75NA_535s50_g70_z1_256pix_basicFLIM_120f_0003,fitet-sf-c2-b9,2,"a1, a2, chi2, photons, tau1, tau2"
3_KPCWTform10min_740nm_3083mW_u1_poc0p25_20x0p75NA_535s50_g70_z1_256pix_basicFLIM_120f_0003.sdt,20260520_KPC_fixed_dishes_SLIM::fitet-sz-c2-b9::3_KPCWTform10min_740nm_3083mW_u1_poc0p25_20x0p75NA_535s50_g70_z1_256pix_basicFLIM_120f_0003,fitet-sz-c2-b9,2,"a1, a2, chi2, photons, tau1, tau2"
3_KPCWTform10min_740nm_3083mW_u1_poc0p25_20x0p75NA_535s50_g70_z1_256pix_basicFLIM_120f_0004.sdt,20260520_KPC_fixed_dishes_SLIM::fitet-sf-c2-b9::3_KPCWTform10min_740nm_3083mW_u1_poc0p25_20x0p75NA_535s50_g70_z1_256pix_basicFLIM_120f_0004,fitet-sf-c2-b9,2,"a1, a2, chi2, photons, tau1, tau2"
3_KPCWTform10min_740nm_3083mW_u1_poc0p25_20x0p75NA_535s50_g70_z1_256pix_basicFLIM_120f_0004.sdt,20260520_KPC_fixed_dishes_SLIM::fitet-sz-c2-b9::3_KPCWTform10min_740nm_3083mW_u1_poc0p25_20x0p75NA_535s50_g70_z1_256pix_basicFLIM_120f_0004,fitet-sz-c2-b9,2,"a1, a2, chi2, photons, tau1, tau2"
3_KPCWTform10min_740nm_3083mW_u1_poc0p25_20x0p75NA_535s50_g70_z1_256pix_basicFLIM_120f_0005.sdt,20260520_KPC_fixed_dishes_SLIM::fitet-sf-c2-b9::3_KPCWTform10min_740nm_3083mW_u1_poc0p25_20x0p75NA_535s50_g70_z1_256pix_basicFLIM_120f_0005,fitet-sf-c2-b9,2,"a1, a2, chi2, photons, tau1, tau2"
3_KPCWTform10min_740nm_3083mW_u1_poc0p25_20x0p75NA_535s50_g70_z1_256pix_basicFLIM_120f_0005.sdt,20260520_KPC_fixed_dishes_SLIM::fitet-sz-c2-b9::3_KPCWTform10min_740nm_3083mW_u1_poc0p25_20x0p75NA_535s50_g70_z1_256pix_basicFLIM_120f_0005,fitet-sz-c2-b9,2,"a1, a2, chi2, photons, tau1, tau2"
3_KPCWTform10min_740nm_3083mW_u1_poc0p25_20x0p75NA_535s50_g70_z1_256pix_basicFLIM_120f_0006.sdt,20260520_KPC_fixed_dishes_SLIM::fitet-sf-c2-b9::3_KPCWTform10min_740nm_3083mW_u1_poc0p25_20x0p75NA_535s50_g70_z1_256pix_basicFLIM_120f_0006,fitet-sf-c2-b9,2,"a1, a2, chi2, photons, tau1, tau2"
3_KPCWTform10min_740nm_3083mW_u1_poc0p25_20x0p75NA_535s50_g70_z1_256pix_basicFLIM_120f_0006.sdt,20260520_KPC_fixed_dishes_SLIM::fitet-sz-c2-b9::3_KPCWTform10min_740nm_3083mW_u1_poc0p25_20x0p75NA_535s50_g70_z1_256pix_basicFLIM_120f_0006,fitet-sz-c2-b9,2,"a1, a2, chi2, photons, tau1, tau2"
3_KPCWTform10min_740nm_3083mW_u1_poc0p25_20x0p75NA_535s50_g70_z1_256pix_basicFLIM_120f_0007.sdt,20260520_KPC_fixed_dishes_SLIM::fitet-sf-c2-b9::3_KPCWTform10min_740nm_3083mW_u1_poc0p25_20x0p75NA_535s50_g70_z1_256pix_basicFLIM_120f_0007,fitet-sf-c2-b9,2,"a1, a2, chi2, photons, tau1, tau2"
3_KPCWTform10min_740nm_3083mW_u1_poc0p25_20x0p75NA_535s50_g70_z1_256pix_basicFLIM_120f_0007.sdt,20260520_KPC_fixed_dishes_SLIM::fitet-sz-c2-b9::3_KPCWTform10min_740nm_3083mW_u1_poc0p25_20x0p75NA_535s50_g70_z1_256pix_basicFLIM_120f_0007,fitet-sz-c2-b9,2,"a1, a2, chi2, photons, tau1, tau2"
3_KPCWTform10min_740nm_3083mW_u1_poc0p25_20x0p75NA_535s50_g70_z1_256pix_basicFLIM_120f_0008.sdt,20260520_KPC_fixed_dishes_SLIM::fitet-sf-c2-b9::3_KPCWTform10min_740nm_3083mW_u1_poc0p25_20x0p75NA_535s50_g70_z1_256pix_basicFLIM_120f_0008,fitet-sf-c2-b9,2,"a1, a2, chi2, photons, tau1, tau2"
3_KPCWTform10min_740nm_3083mW_u1_poc0p25_20x0p75NA_535s50_g70_z1_256pix_basicFLIM_120f_0008.sdt,20260520_KPC_fixed_dishes_SLIM::fitet-sz-c2-b9::3_KPCWTform10min_740nm_3083mW_u1_poc0p25_20x0p75NA_535s50_g70_z1_256pix_basicFLIM_120f_0008,fitet-sz-c2-b9,2,"a1, a2, chi2, photons, tau1, tau2"
3_KPCWTform10min_740nm_3083mW_u1_poc0p25_20x0p75NA_535s50_g70_z1_256pix_basicFLIM_120f_0009.sdt,20260520_KPC_fixed_dishes_SLIM::fitet-sf-c2-b9::3_KPCWTform10min_740nm_3083mW_u1_poc0p25_20x0p75NA_535s50_g70_z1_256pix_basicFLIM_120f_0009,fitet-sf-c2-b9,2,"a1, a2, chi2, photons, tau1, tau2"
3_KPCWTform10min_740nm_3083mW_u1_poc0p25_20x0p75NA_535s50_g70_z1_256pix_basicFLIM_120f_0009.sdt,20260520_KPC_fixed_dishes_SLIM::fitet-sz-c2-b9::3_KPCWTform10min_740nm_3083mW_u1_poc0p25_20x0p75NA_535s50_g70_z1_256pix_basicFLIM_120f_0009,fitet-sz-c2-b9,2,"a1, a2, chi2, photons, tau1, tau2"
3_KPCWTform10min_740nm_3083mW_u1_poc0p25_20x0p75NA_535s50_g70_z1_256pix_basicFLIM_120f_0010.sdt,20260520_KPC_fixed_dishes_SLIM::fitet-sf-c2-b9::3_KPCWTform10min_740nm_3083mW_u1_poc0p25_20x0p75NA_535s50_g70_z1_256pix_basicFLIM_120f_0010,fitet-sf-c2-b9,2,"a1, a2, chi2, photons, tau1, tau2"
3_KPCWTform10min_740nm_3083mW_u1_poc0p25_20x0p75NA_535s50_g70_z1_256pix_basicFLIM_120f_0010.sdt,20260520_KPC_fixed_dishes_SLIM::fitet-sz-c2-b9::3_KPCWTform10min_740nm_3083mW_u1_poc0p25_20x0p75NA_535s50_g70_z1_256pix_basicFLIM_120f_0010,fitet-sz-c2-b9,2,"a1, a2, chi2, photons, tau1, tau2"
3_KPCWTform10min_740nm_3083mW_u1_poc0p25_20x0p75NA_535s50_g70_z1_256pix_basicFLIM_120f_0011.sdt,20260520_KPC_fixed_dishes_SLIM::fitet-sf-c2-b9::3_KPCWTform10min_740nm_3083mW_u1_poc0p25_20x0p75NA_535s50_g70_z1_256pix_basicFLIM_120f_0011,fitet-sf-c2-b9,2,"a1, a2, chi2, photons, tau1, tau2"
3_KPCWTform10min_740nm_3083mW_u1_poc0p25_20x0p75NA_535s50_g70_z1_256pix_basicFLIM_120f_0011.sdt,20260520_KPC_fixed_dishes_SLIM::fitet-sz-c2-b9::3_KPCWTform10min_740nm_3083mW_u1_poc0p25_20x0p75NA_535s50_g70_z1_256pix_basicFLIM_120f_0011,fitet-sz-c2-b9,2,"a1, a2, chi2, photons, tau1, tau2"
3_KPCWTform10min_740nm_3083mW_u1_poc0p25_20x0p75NA_535s50_g70_z1_256pix_basicFLIM_120f_0012.sdt,20260520_KPC_fixed_dishes_SLIM::fitet-sf-c2-b9::3_KPCWTform10min_740nm_3083mW_u1_poc0p25_20x0p75NA_535s50_g70_z1_256pix_basicFLIM_120f_0012,fitet-sf-c2-b9,2,"a1, a2, chi2, photons, tau1, tau2"
3_KPCWTform10min_740nm_3083mW_u1_poc0p25_20x0p75NA_535s50_g70_z1_256pix_basicFLIM_120f_0012.sdt,20260520_KPC_fixed_dishes_SLIM::fitet-sz-c2-b9::3_KPCWTform10min_740nm_3083mW_u1_poc0p25_20x0p75NA_535s50_g70_z1_256pix_basicFLIM_120f_0012,fitet-sz-c2-b9,2,"a1, a2, chi2, photons, tau1, tau2"
3_KPCWTform10min_740nm_3083mW_u1_poc0p25_20x0p75NA_535s50_g70_z1_256pix_basicFLIM_120f_0013.sdt,20260520_KPC_fixed_dishes_SLIM::fitet-sf-c2-b9::3_KPCWTform10min_740nm_3083mW_u1_poc0p25_20x0p75NA_535s50_g70_z1_256pix_basicFLIM_120f_0013,fitet-sf-c2-b9,2,"a1, a2, chi2, photons, tau1, tau2"
3_KPCWTform10min_740nm_3083mW_u1_poc0p25_20x0p75NA_535s50_g70_z1_256pix_basicFLIM_120f_0013.sdt,20260520_KPC_fixed_dishes_SLIM::fitet-sz-c2-b9::3_KPCWTform10min_740nm_3083mW_u1_poc0p25_20x0p75NA_535s50_g70_z1_256pix_basicFLIM_120f_0013,fitet-sz-c2-b9,2,"a1, a2, chi2, photons, tau1, tau2"
3_KPCWTform10min_740nm_3083mW_u1_poc0p25_20x0p75NA_535s50_g70_z1_256pix_basicFLIM_120f_0014.sdt,20260520_KPC_fixed_dishes_SLIM::fitet-sf-c2-b9::3_KPCWTform10min_740nm_3083mW_u1_poc0p25_20x0p75NA_535s50_g70_z1_256pix_basicFLIM_120f_0014,fitet-sf-c2-b9,2,"a1, a2, chi2, photons, tau1, tau2"
3_KPCWTform10min_740nm_3083mW_u1_poc0p25_20x0p75NA_535s50_g70_z1_256pix_basicFLIM_120f_0014.sdt,20260520_KPC_fixed_dishes_SLIM::fitet-sz-c2-b9::3_KPCWTform10min_740nm_3083mW_u1_poc0p25_20x0p75NA_535s50_g70_z1_256pix_basicFLIM_120f_0014,fitet-sz-c2-b9,2,"a1, a2, chi2, photons, tau1, tau2"
3_KPCWTform10min_740nm_3083mW_u1_poc0p25_20x0p75NA_535s50_g70_z1_256pix_basicFLIM_120f_0015.sdt,20260520_KPC_fixed_dishes_SLIM::fitet-sf-c2-b9::3_KPCWTform10min_740nm_3083mW_u1_poc0p25_20x0p75NA_535s50_g70_z1_256pix_basicFLIM_120f_0015,fitet-sf-c2-b9,2,"a1, a2, chi2, photons, tau1, tau2"
3_KPCWTform10min_740nm_3083mW_u1_poc0p25_20x0p75NA_535s50_g70_z1_256pix_basicFLIM_120f_0015.sdt,20260520_KPC_fixed_dishes_SLIM::fitet-sz-c2-b9::3_KPCWTform10min_740nm_3083mW_u1_poc0p25_20x0p75NA_535s50_g70_z1_256pix_basicFLIM_120f_0015,fitet-sz-c2-b9,2,"a1, a2, chi2, photons, tau1, tau2"
3_KPCWTform10min_740nm_3083mW_u1_poc0p25_20x0p75NA_535s50_g70_z1_256pix_basicFLIM_120f_0016.sdt,20260520_KPC_fixed_dishes_SLIM::fitet-sf-c2-b9::3_KPCWTform10min_740nm_3083mW_u1_poc0p25_20x0p75NA_535s50_g70_z1_256pix_basicFLIM_120f_0016,fitet-sf-c2-b9,2,"a1, a2, chi2, photons, tau1, tau2"
3_KPCWTform10min_740nm_3083mW_u1_poc0p25_20x0p75NA_535s50_g70_z1_256pix_basicFLIM_120f_0016.sdt,20260520_KPC_fixed_dishes_SLIM::fitet-sz-c2-b9::3_KPCWTform10min_740nm_3083mW_u1_poc0p25_20x0p75NA_535s50_g70_z1_256pix_basicFLIM_120f_0016,fitet-sz-c2-b9,2,"a1, a2, chi2, photons, tau1, tau2"
3_KPCWTform10min_740nm_3083mW_u1_poc0p6_20x0p75NA_535s50_g70_z1_256pix_basicFLIM_120f_0000.sdt,20260520_KPC_fixed_dishes_SLIM::fitet-sf-c2-b9::3_KPCWTform10min_740nm_3083mW_u1_poc0p6_20x0p75NA_535s50_g70_z1_256pix_basicFLIM_120f_0000,fitet-sf-c2-b9,2,"a1, a2, chi2, photons, tau1, tau2"
3_KPCWTform10min_740nm_3083mW_u1_poc0p6_20x0p75NA_535s50_g70_z1_256pix_basicFLIM_120f_0000.sdt,20260520_KPC_fixed_dishes_SLIM::fitet-sz-c2-b9::3_KPCWTform10min_740nm_3083mW_u1_poc0p6_20x0p75NA_535s50_g70_z1_256pix_basicFLIM_120f_0000,fitet-sz-c2-b9,2,"a1, a2, chi2, photons, tau1, tau2"
3_KPCWTform10min_740nm_3083mW_u1_poc0p6_20x0p75NA_535s50_g70_z1_256pix_basicFLIM_120f_0001.sdt,20260520_KPC_fixed_dishes_SLIM::fitet-sf-c2-b9::3_KPCWTform10min_740nm_3083mW_u1_poc0p6_20x0p75NA_535s50_g70_z1_256pix_basicFLIM_120f_0001,fitet-sf-c2-b9,2,"a1, a2, chi2, photons, tau1, tau2"
3_KPCWTform10min_740nm_3083mW_u1_poc0p6_20x0p75NA_535s50_g70_z1_256pix_basicFLIM_120f_0001.sdt,20260520_KPC_fixed_dishes_SLIM::fitet-sz-c2-b9::3_KPCWTform10min_740nm_3083mW_u1_poc0p6_20x0p75NA_535s50_g70_z1_256pix_basicFLIM_120f_0001,fitet-sz-c2-b9,2,"a1, a2, chi2, photons, tau1, tau2"
3_KPCWTform10min_740nm_3083mW_u1_poc0p6_20x0p75NA_535s50_g70_z1_256pix_basicFLIM_120f_0002.sdt,20260520_KPC_fixed_dishes_SLIM::fitet-sf-c2-b9::3_KPCWTform10min_740nm_3083mW_u1_poc0p6_20x0p75NA_535s50_g70_z1_256pix_basicFLIM_120f_0002,fitet-sf-c2-b9,2,"a1, a2, chi2, photons, tau1, tau2"
3_KPCWTform10min_740nm_3083mW_u1_poc0p6_20x0p75NA_535s50_g70_z1_256pix_basicFLIM_120f_0002.sdt,20260520_KPC_fixed_dishes_SLIM::fitet-sz-c2-b9::3_KPCWTform10min_740nm_3083mW_u1_poc0p6_20x0p75NA_535s50_g70_z1_256pix_basicFLIM_120f_0002,fitet-sz-c2-b9,2,"a1, a2, chi2, photons, tau1, tau2"
3_KPCWTform10min_740nm_3083mW_u1_poc0p6_20x0p75NA_535s50_g70_z1_256pix_basicFLIM_120f_0003.sdt,20260520_KPC_fixed_dishes_SLIM::fitet-sf-c2-b9::3_KPCWTform10min_740nm_3083mW_u1_poc0p6_20x0p75NA_535s50_g70_z1_256pix_basicFLIM_120f_0003,fitet-sf-c2-b9,2,"a1, a2, chi2, photons, tau1, tau2"
3_KPCWTform10min_740nm_3083mW_u1_poc0p6_20x0p75NA_535s50_g70_z1_256pix_basicFLIM_120f_0003.sdt,20260520_KPC_fixed_dishes_SLIM::fitet-sz-c2-b9::3_KPCWTform10min_740nm_3083mW_u1_poc0p6_20x0p75NA_535s50_g70_z1_256pix_basicFLIM_120f_0003,fitet-sz-c2-b9,2,"a1, a2, chi2, photons, tau1, tau2"
3_KPCWTform10min_740nm_3083mW_u1_poc0p6_20x0p75NA_535s50_g70_z1_256pix_basicFLIM_120f_0004.sdt,20260520_KPC_fixed_dishes_SLIM::fitet-sf-c2-b9::3_KPCWTform10min_740nm_3083mW_u1_poc0p6_20x0p75NA_535s50_g70_z1_256pix_basicFLIM_120f_0004,fitet-sf-c2-b9,2,"a1, a2, chi2, photons, tau1, tau2"
3_KPCWTform10min_740nm_3083mW_u1_poc0p6_20x0p75NA_535s50_g70_z1_256pix_basicFLIM_120f_0004.sdt,20260520_KPC_fixed_dishes_SLIM::fitet-sz-c2-b9::3_KPCWTform10min_740nm_3083mW_u1_poc0p6_20x0p75NA_535s50_g70_z1_256pix_basicFLIM_120f_0004,fitet-sz-c2-b9,2,"a1, a2, chi2, photons, tau1, tau2"
3_KPCWTform10min_740nm_3083mW_u1_poc0p6_20x0p75NA_535s50_g70_z1_256pix_basicFLIM_120f_0005.sdt,20260520_KPC_fixed_dishes_SLIM::fitet-sf-c2-b9::3_KPCWTform10min_740nm_3083mW_u1_poc0p6_20x0p75NA_535s50_g70_z1_256pix_basicFLIM_120f_0005,fitet-sf-c2-b9,2,"a1, a2, chi2, photons, tau1, tau2"
3_KPCWTform10min_740nm_3083mW_u1_poc0p6_20x0p75NA_535s50_g70_z1_256pix_basicFLIM_120f_0005.sdt,20260520_KPC_fixed_dishes_SLIM::fitet-sz-c2-b9::3_KPCWTform10min_740nm_3083mW_u1_poc0p6_20x0p75NA_535s50_g70_z1_256pix_basicFLIM_120f_0005,fitet-sz-c2-b9,2,"a1, a2, chi2, photons, tau1, tau2"
3_KPCWTform10min_740nm_3083mW_u1_poc0p6_20x0p75NA_535s50_g70_z1_256pix_basicFLIM_120f_0006.sdt,20260520_KPC_fixed_dishes_SLIM::fitet-sf-c2-b9::3_KPCWTform10min_740nm_3083mW_u1_poc0p6_20x0p75NA_535s50_g70_z1_256pix_basicFLIM_120f_0006,fitet-sf-c2-b9,2,"a1, a2, chi2, photons, tau1, tau2"
3_KPCWTform10min_740nm_3083mW_u1_poc0p6_20x0p75NA_535s50_g70_z1_256pix_basicFLIM_120f_0006.sdt,20260520_KPC_fixed_dishes_SLIM::fitet-sz-c2-b9::3_KPCWTform10min_740nm_3083mW_u1_poc0p6_20x0p75NA_535s50_g70_z1_256pix_basicFLIM_120f_0006,fitet-sz-c2-b9,2,"a1, a2, chi2, photons, tau1, tau2"
3_KPCWTform10min_740nm_3083mW_u1_poc0p6_20x0p75NA_535s50_g70_z1_256pix_basicFLIM_120f_0007.sdt,20260520_KPC_fixed_dishes_SLIM::fitet-sf-c2-b9::3_KPCWTform10min_740nm_3083mW_u1_poc0p6_20x0p75NA_535s50_g70_z1_256pix_basicFLIM_120f_0007,fitet-sf-c2-b9,2,"a1, a2, chi2, photons, tau1, tau2"
3_KPCWTform10min_740nm_3083mW_u1_poc0p6_20x0p75NA_535s50_g70_z1_256pix_basicFLIM_120f_0007.sdt,20260520_KPC_fixed_dishes_SLIM::fitet-sz-c2-b9::3_KPCWTform10min_740nm_3083mW_u1_poc0p6_20x0p75NA_535s50_g70_z1_256pix_basicFLIM_120f_0007,fitet-sz-c2-b9,2,"a1, a2, chi2, photons, tau1, tau2"
3_KPCWTform10min_740nm_3083mW_u1_poc0p6_20x0p75NA_535s50_g70_z1_256pix_basicFLIM_120f_0008.sdt,20260520_KPC_fixed_dishes_SLIM::fitet-sf-c2-b9::3_KPCWTform10min_740nm_3083mW_u1_poc0p6_20x0p75NA_535s50_g70_z1_256pix_basicFLIM_120f_0008,fitet-sf-c2-b9,2,"a1, a2, chi2, photons, tau1, tau2"
3_KPCWTform10min_740nm_3083mW_u1_poc0p6_20x0p75NA_535s50_g70_z1_256pix_basicFLIM_120f_0008.sdt,20260520_KPC_fixed_dishes_SLIM::fitet-sz-c2-b9::3_KPCWTform10min_740nm_3083mW_u1_poc0p6_20x0p75NA_535s50_g70_z1_256pix_basicFLIM_120f_0008,fitet-sz-c2-b9,2,"a1, a2, chi2, photons, tau1, tau2"
3_KPCWTform10min_740nm_3083mW_u1_poc0p6_20x0p75NA_535s50_g70_z1_256pix_basicFLIM_120f_0009.sdt,20260520_KPC_fixed_dishes_SLIM::fitet-sf-c2-b9::3_KPCWTform10min_740nm_3083mW_u1_poc0p6_20x0p75NA_535s50_g70_z1_256pix_basicFLIM_120f_0009,fitet-sf-c2-b9,2,"a1, a2, chi2, photons, tau1, tau2"
3_KPCWTform10min_740nm_3083mW_u1_poc0p6_20x0p75NA_535s50_g70_z1_256pix_basicFLIM_120f_0009.sdt,20260520_KPC_fixed_dishes_SLIM::fitet-sz-c2-b9::3_KPCWTform10min_740nm_3083mW_u1_poc0p6_20x0p75NA_535s50_g70_z1_256pix_basicFLIM_120f_0009,fitet-sz-c2-b9,2,"a1, a2, chi2, photons, tau1, tau2"
3_KPCWTform10min_740nm_3083mW_u1_poc0p6_20x0p75NA_535s50_g70_z1_256pix_basicFLIM_120f_0010.sdt,20260520_KPC_fixed_dishes_SLIM::fitet-sf-c2-b9::3_KPCWTform10min_740nm_3083mW_u1_poc0p6_20x0p75NA_535s50_g70_z1_256pix_basicFLIM_120f_0010,fitet-sf-c2-b9,2,"a1, a2, chi2, photons, tau1, tau2"
3_KPCWTform10min_740nm_3083mW_u1_poc0p6_20x0p75NA_535s50_g70_z1_256pix_basicFLIM_120f_0010.sdt,20260520_KPC_fixed_dishes_SLIM::fitet-sz-c2-b9::3_KPCWTform10min_740nm_3083mW_u1_poc0p6_20x0p75NA_535s50_g70_z1_256pix_basicFLIM_120f_0010,fitet-sz-c2-b9,2,"a1, a2, chi2, photons, tau1, tau2"
3_KPCWTform10min_740nm_3083mW_u1_poc0p6_20x0p75NA_535s50_g70_z1_256pix_basicFLIM_120f_0011.sdt,20260520_KPC_fixed_dishes_SLIM::fitet-sf-c2-b9::3_KPCWTform10min_740nm_3083mW_u1_poc0p6_20x0p75NA_535s50_g70_z1_256pix_basicFLIM_120f_0011,fitet-sf-c2-b9,2,"a1, a2, chi2, photons, tau1, tau2"
3_KPCWTform10min_740nm_3083mW_u1_poc0p6_20x0p75NA_535s50_g70_z1_256pix_basicFLIM_120f_0011.sdt,20260520_KPC_fixed_dishes_SLIM::fitet-sz-c2-b9::3_KPCWTform10min_740nm_3083mW_u1_poc0p6_20x0p75NA_535s50_g70_z1_256pix_basicFLIM_120f_0011,fitet-sz-c2-b9,2,"a1, a2, chi2, photons, tau1, tau2"
3_KPCWTform10min_740nm_3083mW_u1_poc0p6_20x0p75NA_535s50_g70_z1_256pix_basicFLIM_120f_0012.sdt,20260520_KPC_fixed_dishes_SLIM::fitet-sf-c2-b9::3_KPCWTform10min_740nm_3083mW_u1_poc0p6_20x0p75NA_535s50_g70_z1_256pix_basicFLIM_120f_0012,fitet-sf-c2-b9,2,"a1, a2, chi2, photons, tau1, tau2"
3_KPCWTform10min_740nm_3083mW_u1_poc0p6_20x0p75NA_535s50_g70_z1_256pix_basicFLIM_120f_0012.sdt,20260520_KPC_fixed_dishes_SLIM::fitet-sz-c2-b9::3_KPCWTform10min_740nm_3083mW_u1_poc0p6_20x0p75NA_535s50_g70_z1_256pix_basicFLIM_120f_0012,fitet-sz-c2-b9,2,"a1, a2, chi2, photons, tau1, tau2"
3_KPCWTform10min_740nm_3083mW_u1_poc0p6_20x0p75NA_535s50_g70_z1_256pix_basicFLIM_120f_0013.sdt,20260520_KPC_fixed_dishes_SLIM::fitet-sf-c2-b9::3_KPCWTform10min_740nm_3083mW_u1_poc0p6_20x0p75NA_535s50_g70_z1_256pix_basicFLIM_120f_0013,fitet-sf-c2-b9,2,"a1, a2, chi2, photons, tau1, tau2"
3_KPCWTform10min_740nm_3083mW_u1_poc0p6_20x0p75NA_535s50_g70_z1_256pix_basicFLIM_120f_0013.sdt,20260520_KPC_fixed_dishes_SLIM::fitet-sz-c2-b9::3_KPCWTform10min_740nm_3083mW_u1_poc0p6_20x0p75NA_535s50_g70_z1_256pix_basicFLIM_120f_0013,fitet-sz-c2-b9,2,"a1, a2, chi2, photons, tau1, tau2"
3_KPCWTform10min_740nm_3083mW_u1_poc0p6_20x0p75NA_535s50_g70_z1_256pix_basicFLIM_120f_0014.sdt,20260520_KPC_fixed_dishes_SLIM::fitet-sf-c2-b9::3_KPCWTform10min_740nm_3083mW_u1_poc0p6_20x0p75NA_535s50_g70_z1_256pix_basicFLIM_120f_0014,fitet-sf-c2-b9,2,"a1, a2, chi2, photons, tau1, tau2"
3_KPCWTform10min_740nm_3083mW_u1_poc0p6_20x0p75NA_535s50_g70_z1_256pix_basicFLIM_120f_0014.sdt,20260520_KPC_fixed_dishes_SLIM::fitet-sz-c2-b9::3_KPCWTform10min_740nm_3083mW_u1_poc0p6_20x0p75NA_535s50_g70_z1_256pix_basicFLIM_120f_0014,fitet-sz-c2-b9,2,"a1, a2, chi2, photons, tau1, tau2"
3_KPCWTform10min_740nm_3083mW_u1_poc0p6_20x0p75NA_535s50_g70_z1_256pix_basicFLIM_120f_0015.sdt,20260520_KPC_fixed_dishes_SLIM::fitet-sf-c2-b9::3_KPCWTform10min_740nm_3083mW_u1_poc0p6_20x0p75NA_535s50_g70_z1_256pix_basicFLIM_120f_0015,fitet-sf-c2-b9,2,"a1, a2, chi2, photons, tau1, tau2"
3_KPCWTform10min_740nm_3083mW_u1_poc0p6_20x0p75NA_535s50_g70_z1_256pix_basicFLIM_120f_0015.sdt,20260520_KPC_fixed_dishes_SLIM::fitet-sz-c2-b9::3_KPCWTform10min_740nm_3083mW_u1_poc0p6_20x0p75NA_535s50_g70_z1_256pix_basicFLIM_120f_0015,fitet-sz-c2-b9,2,"a1, a2, chi2, photons, tau1, tau2"
3_KPCWTform10min_740nm_3083mW_u1_poc0p6_20x0p75NA_535s50_g70_z1_256pix_basicFLIM_120f_0016.sdt,20260520_KPC_fixed_dishes_SLIM::fitet-sf-c2-b9::3_KPCWTform10min_740nm_3083mW_u1_poc0p6_20x0p75NA_535s50_g70_z1_256pix_basicFLIM_120f_0016,fitet-sf-c2-b9,2,"a1, a2, chi2, photons, tau1, tau2"
3_KPCWTform10min_740nm_3083mW_u1_poc0p6_20x0p75NA_535s50_g70_z1_256pix_basicFLIM_120f_0016.sdt,20260520_KPC_fixed_dishes_SLIM::fitet-sz-c2-b9::3_KPCWTform10min_740nm_3083mW_u1_poc0p6_20x0p75NA_535s50_g70_z1_256pix_basicFLIM_120f_0016,fitet-sz-c2-b9,2,"a1, a2, chi2, photons, tau1, tau2"
3_KPCWTform10min_740nm_3083mW_u1_poc0p6_20x0p75NA_457s50_g70_z1_256pix_basicFLIM_120f_0000.sdt,20260520_KPC_fixed_dishes_SLIM::fitet-sf-c2-b9::3_KPCWTform10min_740nm_3083mW_u1_poc0p6_20x0p75NA_457s50_g70_z1_256pix_basicFLIM_120f_0000,fitet-sf-c2-b9,2,"a1, a2, chi2, photons, tau1, tau2"
3_KPCWTform10min_740nm_3083mW_u1_poc0p6_20x0p75NA_457s50_g70_z1_256pix_basicFLIM_120f_0000.sdt,20260520_KPC_fixed_dishes_SLIM::fitet-sz-c2-b9::3_KPCWTform10min_740nm_3083mW_u1_poc0p6_20x0p75NA_457s50_g70_z1_256pix_basicFLIM_120f_0000,fitet-sz-c2-b9,2,"a1, a2, chi2, photons, tau1, tau2"
3_KPCWTform10min_740nm_3083mW_u1_poc0p6_20x0p75NA_457s50_g70_z1_256pix_basicFLIM_120f_0001.sdt,20260520_KPC_fixed_dishes_SLIM::fitet-sf-c2-b9::3_KPCWTform10min_740nm_3083mW_u1_poc0p6_20x0p75NA_457s50_g70_z1_256pix_basicFLIM_120f_0001,fitet-sf-c2-b9,2,"a1, a2, chi2, photons, tau1, tau2"
3_KPCWTform10min_740nm_3083mW_u1_poc0p6_20x0p75NA_457s50_g70_z1_256pix_basicFLIM_120f_0001.sdt,20260520_KPC_fixed_dishes_SLIM::fitet-sz-c2-b9::3_KPCWTform10min_740nm_3083mW_u1_poc0p6_20x0p75NA_457s50_g70_z1_256pix_basicFLIM_120f_0001,fitet-sz-c2-b9,2,"a1, a2, chi2, photons, tau1, tau2"
3_KPCWTform10min_740nm_3083mW_u1_poc0p6_20x0p75NA_457s50_g70_z1_256pix_basicFLIM_120f_0002.sdt,20260520_KPC_fixed_dishes_SLIM::fitet-sf-c2-b9::3_KPCWTform10min_740nm_3083mW_u1_poc0p6_20x0p75NA_457s50_g70_z1_256pix_basicFLIM_120f_0002,fitet-sf-c2-b9,2,"a1, a2, chi2, photons, tau1, tau2"
3_KPCWTform10min_740nm_3083mW_u1_poc0p6_20x0p75NA_457s50_g70_z1_256pix_basicFLIM_120f_0002.sdt,20260520_KPC_fixed_dishes_SLIM::fitet-sz-c2-b9::3_KPCWTform10min_740nm_3083mW_u1_poc0p6_20x0p75NA_457s50_g70_z1_256pix_basicFLIM_120f_0002,fitet-sz-c2-b9,2,"a1, a2, chi2, photons, tau1, tau2"
3_KPCWTform10min_740nm_3083mW_u1_poc0p6_20x0p75NA_457s50_g70_z1_256pix_basicFLIM_120f_0003.sdt,20260520_KPC_fixed_dishes_SLIM::fitet-sf-c2-b9::3_KPCWTform10min_740nm_3083mW_u1_poc0p6_20x0p75NA_457s50_g70_z1_256pix_basicFLIM_120f_0003,fitet-sf-c2-b9,2,"a1, a2, chi2, photons, tau1, tau2"
3_KPCWTform10min_740nm_3083mW_u1_poc0p6_20x0p75NA_457s50_g70_z1_256pix_basicFLIM_120f_0003.sdt,20260520_KPC_fixed_dishes_SLIM::fitet-sz-c2-b9::3_KPCWTform10min_740nm_3083mW_u1_poc0p6_20x0p75NA_457s50_g70_z1_256pix_basicFLIM_120f_0003,fitet-sz-c2-b9,2,"a1, a2, chi2, photons, tau1, tau2"
3_KPCWTform10min_740nm_3083mW_u1_poc0p6_20x0p75NA_457s50_g70_z1_256pix_basicFLIM_120f_0004.sdt,20260520_KPC_fixed_dishes_SLIM::fitet-sf-c2-b9::3_KPCWTform10min_740nm_3083mW_u1_poc0p6_20x0p75NA_457s50_g70_z1_256pix_basicFLIM_120f_0004,fitet-sf-c2-b9,2,"a1, a2, chi2, photons, tau1, tau2"
3_KPCWTform10min_740nm_3083mW_u1_poc0p6_20x0p75NA_457s50_g70_z1_256pix_basicFLIM_120f_0004.sdt,20260520_KPC_fixed_dishes_SLIM::fitet-sz-c2-b9::3_KPCWTform10min_740nm_3083mW_u1_poc0p6_20x0p75NA_457s50_g70_z1_256pix_basicFLIM_120f_0004,fitet-sz-c2-b9,2,"a1, a2, chi2, photons, tau1, tau2"
3_KPCWTform10min_740nm_3083mW_u1_poc0p6_20x0p75NA_457s50_g70_z1_256pix_basicFLIM_120f_0005.sdt,20260520_KPC_fixed_dishes_SLIM::fitet-sf-c2-b9::3_KPCWTform10min_740nm_3083mW_u1_poc0p6_20x0p75NA_457s50_g70_z1_256pix_basicFLIM_120f_0005,fitet-sf-c2-b9,2,"a1, a2, chi2, photons, tau1, tau2"
3_KPCWTform10min_740nm_3083mW_u1_poc0p6_20x0p75NA_457s50_g70_z1_256pix_basicFLIM_120f_0005.sdt,20260520_KPC_fixed_dishes_SLIM::fitet-sz-c2-b9::3_KPCWTform10min_740nm_3083mW_u1_poc0p6_20x0p75NA_457s50_g70_z1_256pix_basicFLIM_120f_0005,fitet-sz-c2-b9,2,"a1, a2, chi2, photons, tau1, tau2"
3_KPCWTform10min_740nm_3083mW_u1_poc0p6_20x0p75NA_457s50_g70_z1_256pix_basicFLIM_120f_0006.sdt,20260520_KPC_fixed_dishes_SLIM::fitet-sf-c2-b9::3_KPCWTform10min_740nm_3083mW_u1_poc0p6_20x0p75NA_457s50_g70_z1_256pix_basicFLIM_120f_0006,fitet-sf-c2-b9,2,"a1, a2, chi2, photons, tau1, tau2"
3_KPCWTform10min_740nm_3083mW_u1_poc0p6_20x0p75NA_457s50_g70_z1_256pix_basicFLIM_120f_0006.sdt,20260520_KPC_fixed_dishes_SLIM::fitet-sz-c2-b9::3_KPCWTform10min_740nm_3083mW_u1_poc0p6_20x0p75NA_457s50_g70_z1_256pix_basicFLIM_120f_0006,fitet-sz-c2-b9,2,"a1, a2, chi2, photons, tau1, tau2"
3_KPCWTform10min_740nm_3083mW_u1_poc0p6_20x0p75NA_457s50_g70_z1_256pix_basicFLIM_120f_0007.sdt,20260520_KPC_fixed_dishes_SLIM::fitet-sf-c2-b9::3_KPCWTform10min_740nm_3083mW_u1_poc0p6_20x0p75NA_457s50_g70_z1_256pix_basicFLIM_120f_0007,fitet-sf-c2-b9,2,"a1, a2, chi2, photons, tau1, tau2"
3_KPCWTform10min_740nm_3083mW_u1_poc0p6_20x0p75NA_457s50_g70_z1_256pix_basicFLIM_120f_0007.sdt,20260520_KPC_fixed_dishes_SLIM::fitet-sz-c2-b9::3_KPCWTform10min_740nm_3083mW_u1_poc0p6_20x0p75NA_457s50_g70_z1_256pix_basicFLIM_120f_0007,fitet-sz-c2-b9,2,"a1, a2, chi2, photons, tau1, tau2"
3_KPCWTform10min_740nm_3083mW_u1_poc0p6_20x0p75NA_457s50_g70_z1_256pix_basicFLIM_120f_0008.sdt,20260520_KPC_fixed_dishes_SLIM::fitet-sf-c2-b9::3_KPCWTform10min_740nm_3083mW_u1_poc0p6_20x0p75NA_457s50_g70_z1_256pix_basicFLIM_120f_0008,fitet-sf-c2-b9,2,"a1, a2, chi2, photons, tau1, tau2"
3_KPCWTform10min_740nm_3083mW_u1_poc0p6_20x0p75NA_457s50_g70_z1_256pix_basicFLIM_120f_0008.sdt,20260520_KPC_fixed_dishes_SLIM::fitet-sz-c2-b9::3_KPCWTform10min_740nm_3083mW_u1_poc0p6_20x0p75NA_457s50_g70_z1_256pix_basicFLIM_120f_0008,fitet-sz-c2-b9,2,"a1, a2, chi2, photons, tau1, tau2"
3_KPCWTform10min_740nm_3083mW_u1_poc0p6_20x0p75NA_457s50_g70_z1_256pix_basicFLIM_120f_0009.sdt,20260520_KPC_fixed_dishes_SLIM::fitet-sf-c2-b9::3_KPCWTform10min_740nm_3083mW_u1_poc0p6_20x0p75NA_457s50_g70_z1_256pix_basicFLIM_120f_0009,fitet-sf-c2-b9,2,"a1, a2, chi2, photons, tau1, tau2"
3_KPCWTform10min_740nm_3083mW_u1_poc0p6_20x0p75NA_457s50_g70_z1_256pix_basicFLIM_120f_0009.sdt,20260520_KPC_fixed_dishes_SLIM::fitet-sz-c2-b9::3_KPCWTform10min_740nm_3083mW_u1_poc0p6_20x0p75NA_457s50_g70_z1_256pix_basicFLIM_120f_0009,fitet-sz-c2-b9,2,"a1, a2, chi2, photons, tau1, tau2"
3_KPCWTform10min_740nm_3083mW_u1_poc0p6_20x0p75NA_457s50_g70_z1_256pix_basicFLIM_120f_0010.sdt,20260520_KPC_fixed_dishes_SLIM::fitet-sf-c2-b9::3_KPCWTform10min_740nm_3083mW_u1_poc0p6_20x0p75NA_457s50_g70_z1_256pix_basicFLIM_120f_0010,fitet-sf-c2-b9,2,"a1, a2, chi2, photons, tau1, tau2"
3_KPCWTform10min_740nm_3083mW_u1_poc0p6_20x0p75NA_457s50_g70_z1_256pix_basicFLIM_120f_0010.sdt,20260520_KPC_fixed_dishes_SLIM::fitet-sz-c2-b9::3_KPCWTform10min_740nm_3083mW_u1_poc0p6_20x0p75NA_457s50_g70_z1_256pix_basicFLIM_120f_0010,fitet-sz-c2-b9,2,"a1, a2, chi2, photons, tau1, tau2"
3_KPCWTform10min_740nm_3083mW_u1_poc0p6_20x0p75NA_457s50_g70_z1_256pix_basicFLIM_120f_0011.sdt,20260520_KPC_fixed_dishes_SLIM::fitet-sf-c2-b9::3_KPCWTform10min_740nm_3083mW_u1_poc0p6_20x0p75NA_457s50_g70_z1_256pix_basicFLIM_120f_0011,fitet-sf-c2-b9,2,"a1, a2, chi2, photons, tau1, tau2"
3_KPCWTform10min_740nm_3083mW_u1_poc0p6_20x0p75NA_457s50_g70_z1_256pix_basicFLIM_120f_0011.sdt,20260520_KPC_fixed_dishes_SLIM::fitet-sz-c2-b9::3_KPCWTform10min_740nm_3083mW_u1_poc0p6_20x0p75NA_457s50_g70_z1_256pix_basicFLIM_120f_0011,fitet-sz-c2-b9,2,"a1, a2, chi2, photons, tau1, tau2"
3_KPCWTform10min_740nm_3083mW_u1_poc0p6_20x0p75NA_457s50_g70_z1_256pix_basicFLIM_120f_0012.sdt,20260520_KPC_fixed_dishes_SLIM::fitet-sf-c2-b9::3_KPCWTform10min_740nm_3083mW_u1_poc0p6_20x0p75NA_457s50_g70_z1_256pix_basicFLIM_120f_0012,fitet-sf-c2-b9,2,"a1, a2, chi2, photons, tau1, tau2"
3_KPCWTform10min_740nm_3083mW_u1_poc0p6_20x0p75NA_457s50_g70_z1_256pix_basicFLIM_120f_0012.sdt,20260520_KPC_fixed_dishes_SLIM::fitet-sz-c2-b9::3_KPCWTform10min_740nm_3083mW_u1_poc0p6_20x0p75NA_457s50_g70_z1_256pix_basicFLIM_120f_0012,fitet-sz-c2-b9,2,"a1, a2, chi2, photons, tau1, tau2"
3_KPCWTform10min_740nm_3083mW_u1_poc0p6_20x0p75NA_457s50_g70_z1_256pix_basicFLIM_120f_0013.sdt,20260520_KPC_fixed_dishes_SLIM::fitet-sf-c2-b9::3_KPCWTform10min_740nm_3083mW_u1_poc0p6_20x0p75NA_457s50_g70_z1_256pix_basicFLIM_120f_0013,fitet-sf-c2-b9,2,"a1, a2, chi2, photons, tau1, tau2"
3_KPCWTform10min_740nm_3083mW_u1_poc0p6_20x0p75NA_457s50_g70_z1_256pix_basicFLIM_120f_0013.sdt,20260520_KPC_fixed_dishes_SLIM::fitet-sz-c2-b9::3_KPCWTform10min_740nm_3083mW_u1_poc0p6_20x0p75NA_457s50_g70_z1_256pix_basicFLIM_120f_0013,fitet-sz-c2-b9,2,"a1, a2, chi2, photons, tau1, tau2"
3_KPCWTform10min_740nm_3083mW_u1_poc0p6_20x0p75NA_457s50_g70_z1_256pix_basicFLIM_120f_0014.sdt,20260520_KPC_fixed_dishes_SLIM::fitet-sf-c2-b9::3_KPCWTform10min_740nm_3083mW_u1_poc0p6_20x0p75NA_457s50_g70_z1_256pix_basicFLIM_120f_0014,fitet-sf-c2-b9,2,"a1, a2, chi2, photons, tau1, tau2"
3_KPCWTform10min_740nm_3083mW_u1_poc0p6_20x0p75NA_457s50_g70_z1_256pix_basicFLIM_120f_0014.sdt,20260520_KPC_fixed_dishes_SLIM::fitet-sz-c2-b9::3_KPCWTform10min_740nm_3083mW_u1_poc0p6_20x0p75NA_457s50_g70_z1_256pix_basicFLIM_120f_0014,fitet-sz-c2-b9,2,"a1, a2, chi2, photons, tau1, tau2"
3_KPCWTform10min_740nm_3083mW_u1_poc0p6_20x0p75NA_457s50_g70_z1_256pix_basicFLIM_120f_0015.sdt,20260520_KPC_fixed_dishes_SLIM::fitet-sf-c2-b9::3_KPCWTform10min_740nm_3083mW_u1_poc0p6_20x0p75NA_457s50_g70_z1_256pix_basicFLIM_120f_0015,fitet-sf-c2-b9,2,"a1, a2, chi2, photons, tau1, tau2"
3_KPCWTform10min_740nm_3083mW_u1_poc0p6_20x0p75NA_457s50_g70_z1_256pix_basicFLIM_120f_0015.sdt,20260520_KPC_fixed_dishes_SLIM::fitet-sz-c2-b9::3_KPCWTform10min_740nm_3083mW_u1_poc0p6_20x0p75NA_457s50_g70_z1_256pix_basicFLIM_120f_0015,fitet-sz-c2-b9,2,"a1, a2, chi2, photons, tau1, tau2"
3_KPCWTform10min_740nm_3083mW_u1_poc0p6_20x0p75NA_457s50_g70_z1_256pix_basicFLIM_120f_0016.sdt,20260520_KPC_fixed_dishes_SLIM::fitet-sf-c2-b9::3_KPCWTform10min_740nm_3083mW_u1_poc0p6_20x0p75NA_457s50_g70_z1_256pix_basicFLIM_120f_0016,fitet-sf-c2-b9,2,"a1, a2, chi2, photons, tau1, tau2"
3_KPCWTform10min_740nm_3083mW_u1_poc0p6_20x0p75NA_457s50_g70_z1_256pix_basicFLIM_120f_0016.sdt,20260520_KPC_fixed_dishes_SLIM::fitet-sz-c2-b9::3_KPCWTform10min_740nm_3083mW_u1_poc0p6_20x0p75NA_457s50_g70_z1_256pix_basicFLIM_120f_0016,fitet-sz-c2-b9,2,"a1, a2, chi2, photons, tau1, tau2"
4_BKOCO2form10min_740nm_3099mW_u1_poc0p25_20x0p75NA_457s50_g70_z1_256pix_basicFLIM_120f_0000.sdt,20260520_KPC_fixed_dishes_SLIM::fitet-sf-c2-b9::4_BKOCO2form10min_740nm_3099mW_u1_poc0p25_20x0p75NA_457s50_g70_z1_256pix_basicFLIM_120f_0000,fitet-sf-c2-b9,2,"a1, a2, chi2, photons, tau1, tau2"
4_BKOCO2form10min_740nm_3099mW_u1_poc0p25_20x0p75NA_457s50_g70_z1_256pix_basicFLIM_120f_0000.sdt,20260520_KPC_fixed_dishes_SLIM::fitet-sz-c2-b9::4_BKOCO2form10min_740nm_3099mW_u1_poc0p25_20x0p75NA_457s50_g70_z1_256pix_basicFLIM_120f_0000,fitet-sz-c2-b9,2,"a1, a2, chi2, photons, tau1, tau2"
4_BKOCO2form10min_740nm_3099mW_u1_poc0p25_20x0p75NA_457s50_g70_z1_256pix_basicFLIM_120f_0001.sdt,20260520_KPC_fixed_dishes_SLIM::fitet-sf-c2-b9::4_BKOCO2form10min_740nm_3099mW_u1_poc0p25_20x0p75NA_457s50_g70_z1_256pix_basicFLIM_120f_0001,fitet-sf-c2-b9,2,"a1, a2, chi2, photons, tau1, tau2"
4_BKOCO2form10min_740nm_3099mW_u1_poc0p25_20x0p75NA_457s50_g70_z1_256pix_basicFLIM_120f_0001.sdt,20260520_KPC_fixed_dishes_SLIM::fitet-sz-c2-b9::4_BKOCO2form10min_740nm_3099mW_u1_poc0p25_20x0p75NA_457s50_g70_z1_256pix_basicFLIM_120f_0001,fitet-sz-c2-b9,2,"a1, a2, chi2, photons, tau1, tau2"
4_BKOCO2form10min_740nm_3099mW_u1_poc0p25_20x0p75NA_457s50_g70_z1_256pix_basicFLIM_120f_0002.sdt,20260520_KPC_fixed_dishes_SLIM::fitet-sf-c2-b9::4_BKOCO2form10min_740nm_3099mW_u1_poc0p25_20x0p75NA_457s50_g70_z1_256pix_basicFLIM_120f_0002,fitet-sf-c2-b9,2,"a1, a2, chi2, photons, tau1, tau2"
4_BKOCO2form10min_740nm_3099mW_u1_poc0p25_20x0p75NA_457s50_g70_z1_256pix_basicFLIM_120f_0002.sdt,20260520_KPC_fixed_dishes_SLIM::fitet-sz-c2-b9::4_BKOCO2form10min_740nm_3099mW_u1_poc0p25_20x0p75NA_457s50_g70_z1_256pix_basicFLIM_120f_0002,fitet-sz-c2-b9,2,"a1, a2, chi2, photons, tau1, tau2"
4_BKOCO2form10min_740nm_3099mW_u1_poc0p25_20x0p75NA_457s50_g70_z1_256pix_basicFLIM_120f_0003.sdt,20260520_KPC_fixed_dishes_SLIM::fitet-sf-c2-b9::4_BKOCO2form10min_740nm_3099mW_u1_poc0p25_20x0p75NA_457s50_g70_z1_256pix_basicFLIM_120f_0003,fitet-sf-c2-b9,2,"a1, a2, chi2, photons, tau1, tau2"
4_BKOCO2form10min_740nm_3099mW_u1_poc0p25_20x0p75NA_457s50_g70_z1_256pix_basicFLIM_120f_0003.sdt,20260520_KPC_fixed_dishes_SLIM::fitet-sz-c2-b9::4_BKOCO2form10min_740nm_3099mW_u1_poc0p25_20x0p75NA_457s50_g70_z1_256pix_basicFLIM_120f_0003,fitet-sz-c2-b9,2,"a1, a2, chi2, photons, tau1, tau2"
4_BKOCO2form10min_740nm_3099mW_u1_poc0p25_20x0p75NA_457s50_g70_z1_256pix_basicFLIM_120f_0004.sdt,20260520_KPC_fixed_dishes_SLIM::fitet-sf-c2-b9::4_BKOCO2form10min_740nm_3099mW_u1_poc0p25_20x0p75NA_457s50_g70_z1_256pix_basicFLIM_120f_0004,fitet-sf-c2-b9,2,"a1, a2, chi2, photons, tau1, tau2"
4_BKOCO2form10min_740nm_3099mW_u1_poc0p25_20x0p75NA_457s50_g70_z1_256pix_basicFLIM_120f_0004.sdt,20260520_KPC_fixed_dishes_SLIM::fitet-sz-c2-b9::4_BKOCO2form10min_740nm_3099mW_u1_poc0p25_20x0p75NA_457s50_g70_z1_256pix_basicFLIM_120f_0004,fitet-sz-c2-b9,2,"a1, a2, chi2, photons, tau1, tau2"
4_BKOCO2form10min_740nm_3099mW_u1_poc0p25_20x0p75NA_457s50_g70_z1_256pix_basicFLIM_120f_0005.sdt,20260520_KPC_fixed_dishes_SLIM::fitet-sf-c2-b9::4_BKOCO2form10min_740nm_3099mW_u1_poc0p25_20x0p75NA_457s50_g70_z1_256pix_basicFLIM_120f_0005,fitet-sf-c2-b9,2,"a1, a2, chi2, photons, tau1, tau2"
4_BKOCO2form10min_740nm_3099mW_u1_poc0p25_20x0p75NA_457s50_g70_z1_256pix_basicFLIM_120f_0005.sdt,20260520_KPC_fixed_dishes_SLIM::fitet-sz-c2-b9::4_BKOCO2form10min_740nm_3099mW_u1_poc0p25_20x0p75NA_457s50_g70_z1_256pix_basicFLIM_120f_0005,fitet-sz-c2-b9,2,"a1, a2, chi2, photons, tau1, tau2"
4_BKOCO2form10min_740nm_3099mW_u1_poc0p25_20x0p75NA_457s50_g70_z1_256pix_basicFLIM_120f_0006.sdt,20260520_KPC_fixed_dishes_SLIM::fitet-sf-c2-b9::4_BKOCO2form10min_740nm_3099mW_u1_poc0p25_20x0p75NA_457s50_g70_z1_256pix_basicFLIM_120f_0006,fitet-sf-c2-b9,2,"a1, a2, chi2, photons, tau1, tau2"
4_BKOCO2form10min_740nm_3099mW_u1_poc0p25_20x0p75NA_457s50_g70_z1_256pix_basicFLIM_120f_0006.sdt,20260520_KPC_fixed_dishes_SLIM::fitet-sz-c2-b9::4_BKOCO2form10min_740nm_3099mW_u1_poc0p25_20x0p75NA_457s50_g70_z1_256pix_basicFLIM_120f_0006,fitet-sz-c2-b9,2,"a1, a2, chi2, photons, tau1, tau2"
4_BKOCO2form10min_740nm_3099mW_u1_poc0p25_20x0p75NA_457s50_g70_z1_256pix_basicFLIM_120f_0007.sdt,20260520_KPC_fixed_dishes_SLIM::fitet-sf-c2-b9::4_BKOCO2form10min_740nm_3099mW_u1_poc0p25_20x0p75NA_457s50_g70_z1_256pix_basicFLIM_120f_0007,fitet-sf-c2-b9,2,"a1, a2, chi2, photons, tau1, tau2"
4_BKOCO2form10min_740nm_3099mW_u1_poc0p25_20x0p75NA_457s50_g70_z1_256pix_basicFLIM_120f_0007.sdt,20260520_KPC_fixed_dishes_SLIM::fitet-sz-c2-b9::4_BKOCO2form10min_740nm_3099mW_u1_poc0p25_20x0p75NA_457s50_g70_z1_256pix_basicFLIM_120f_0007,fitet-sz-c2-b9,2,"a1, a2, chi2, photons, tau1, tau2"
4_BKOCO2form10min_740nm_3099mW_u1_poc0p25_20x0p75NA_457s50_g70_z1_256pix_basicFLIM_120f_0008.sdt,20260520_KPC_fixed_dishes_SLIM::fitet-sf-c2-b9::4_BKOCO2form10min_740nm_3099mW_u1_poc0p25_20x0p75NA_457s50_g70_z1_256pix_basicFLIM_120f_0008,fitet-sf-c2-b9,2,"a1, a2, chi2, photons, tau1, tau2"
4_BKOCO2form10min_740nm_3099mW_u1_poc0p25_20x0p75NA_457s50_g70_z1_256pix_basicFLIM_120f_0008.sdt,20260520_KPC_fixed_dishes_SLIM::fitet-sz-c2-b9::4_BKOCO2form10min_740nm_3099mW_u1_poc0p25_20x0p75NA_457s50_g70_z1_256pix_basicFLIM_120f_0008,fitet-sz-c2-b9,2,"a1, a2, chi2, photons, tau1, tau2"
4_BKOCO2form10min_740nm_3099mW_u1_poc0p25_20x0p75NA_457s50_g70_z1_256pix_basicFLIM_120f_0009.sdt,20260520_KPC_fixed_dishes_SLIM::fitet-sf-c2-b9::4_BKOCO2form10min_740nm_3099mW_u1_poc0p25_20x0p75NA_457s50_g70_z1_256pix_basicFLIM_120f_0009,fitet-sf-c2-b9,2,"a1, a2, chi2, photons, tau1, tau2"
4_BKOCO2form10min_740nm_3099mW_u1_poc0p25_20x0p75NA_457s50_g70_z1_256pix_basicFLIM_120f_0009.sdt,20260520_KPC_fixed_dishes_SLIM::fitet-sz-c2-b9::4_BKOCO2form10min_740nm_3099mW_u1_poc0p25_20x0p75NA_457s50_g70_z1_256pix_basicFLIM_120f_0009,fitet-sz-c2-b9,2,"a1, a2, chi2, photons, tau1, tau2"
4_BKOCO2form10min_740nm_3099mW_u1_poc0p25_20x0p75NA_457s50_g70_z1_256pix_basicFLIM_120f_0010.sdt,20260520_KPC_fixed_dishes_SLIM::fitet-sf-c2-b9::4_BKOCO2form10min_740nm_3099mW_u1_poc0p25_20x0p75NA_457s50_g70_z1_256pix_basicFLIM_120f_0010,fitet-sf-c2-b9,2,"a1, a2, chi2, photons, tau1, tau2"
4_BKOCO2form10min_740nm_3099mW_u1_poc0p25_20x0p75NA_457s50_g70_z1_256pix_basicFLIM_120f_0010.sdt,20260520_KPC_fixed_dishes_SLIM::fitet-sz-c2-b9::4_BKOCO2form10min_740nm_3099mW_u1_poc0p25_20x0p75NA_457s50_g70_z1_256pix_basicFLIM_120f_0010,fitet-sz-c2-b9,2,"a1, a2, chi2, photons, tau1, tau2"
4_BKOCO2form10min_740nm_3099mW_u1_poc0p25_20x0p75NA_457s50_g70_z1_256pix_basicFLIM_120f_0011.sdt,20260520_KPC_fixed_dishes_SLIM::fitet-sf-c2-b9::4_BKOCO2form10min_740nm_3099mW_u1_poc0p25_20x0p75NA_457s50_g70_z1_256pix_basicFLIM_120f_0011,fitet-sf-c2-b9,2,"a1, a2, chi2, photons, tau1, tau2"
4_BKOCO2form10min_740nm_3099mW_u1_poc0p25_20x0p75NA_457s50_g70_z1_256pix_basicFLIM_120f_0011.sdt,20260520_KPC_fixed_dishes_SLIM::fitet-sz-c2-b9::4_BKOCO2form10min_740nm_3099mW_u1_poc0p25_20x0p75NA_457s50_g70_z1_256pix_basicFLIM_120f_0011,fitet-sz-c2-b9,2,"a1, a2, chi2, photons, tau1, tau2"
4_BKOCO2form10min_740nm_3099mW_u1_poc0p25_20x0p75NA_457s50_g70_z1_256pix_basicFLIM_120f_0012.sdt,20260520_KPC_fixed_dishes_SLIM::fitet-sf-c2-b9::4_BKOCO2form10min_740nm_3099mW_u1_poc0p25_20x0p75NA_457s50_g70_z1_256pix_basicFLIM_120f_0012,fitet-sf-c2-b9,2,"a1, a2, chi2, photons, tau1, tau2"
4_BKOCO2form10min_740nm_3099mW_u1_poc0p25_20x0p75NA_457s50_g70_z1_256pix_basicFLIM_120f_0012.sdt,20260520_KPC_fixed_dishes_SLIM::fitet-sz-c2-b9::4_BKOCO2form10min_740nm_3099mW_u1_poc0p25_20x0p75NA_457s50_g70_z1_256pix_basicFLIM_120f_0012,fitet-sz-c2-b9,2,"a1, a2, chi2, photons, tau1, tau2"
4_BKOCO2form10min_740nm_3099mW_u1_poc0p25_20x0p75NA_457s50_g70_z1_256pix_basicFLIM_120f_0013.sdt,20260520_KPC_fixed_dishes_SLIM::fitet-sf-c2-b9::4_BKOCO2form10min_740nm_3099mW_u1_poc0p25_20x0p75NA_457s50_g70_z1_256pix_basicFLIM_120f_0013,fitet-sf-c2-b9,2,"a1, a2, chi2, photons, tau1, tau2"
4_BKOCO2form10min_740nm_3099mW_u1_poc0p25_20x0p75NA_457s50_g70_z1_256pix_basicFLIM_120f_0013.sdt,20260520_KPC_fixed_dishes_SLIM::fitet-sz-c2-b9::4_BKOCO2form10min_740nm_3099mW_u1_poc0p25_20x0p75NA_457s50_g70_z1_256pix_basicFLIM_120f_0013,fitet-sz-c2-b9,2,"a1, a2, chi2, photons, tau1, tau2"
4_BKOCO2form10min_740nm_3099mW_u1_poc0p25_20x0p75NA_457s50_g70_z1_256pix_basicFLIM_120f_0014.sdt,20260520_KPC_fixed_dishes_SLIM::fitet-sf-c2-b9::4_BKOCO2form10min_740nm_3099mW_u1_poc0p25_20x0p75NA_457s50_g70_z1_256pix_basicFLIM_120f_0014,fitet-sf-c2-b9,2,"a1, a2, chi2, photons, tau1, tau2"
4_BKOCO2form10min_740nm_3099mW_u1_poc0p25_20x0p75NA_457s50_g70_z1_256pix_basicFLIM_120f_0014.sdt,20260520_KPC_fixed_dishes_SLIM::fitet-sz-c2-b9::4_BKOCO2form10min_740nm_3099mW_u1_poc0p25_20x0p75NA_457s50_g70_z1_256pix_basicFLIM_120f_0014,fitet-sz-c2-b9,2,"a1, a2, chi2, photons, tau1, tau2"
4_BKOCO2form10min_740nm_3099mW_u1_poc0p25_20x0p75NA_457s50_g70_z1_256pix_basicFLIM_120f_0015.sdt,20260520_KPC_fixed_dishes_SLIM::fitet-sf-c2-b9::4_BKOCO2form10min_740nm_3099mW_u1_poc0p25_20x0p75NA_457s50_g70_z1_256pix_basicFLIM_120f_0015,fitet-sf-c2-b9,2,"a1, a2, chi2, photons, tau1, tau2"
4_BKOCO2form10min_740nm_3099mW_u1_poc0p25_20x0p75NA_457s50_g70_z1_256pix_basicFLIM_120f_0015.sdt,20260520_KPC_fixed_dishes_SLIM::fitet-sz-c2-b9::4_BKOCO2form10min_740nm_3099mW_u1_poc0p25_20x0p75NA_457s50_g70_z1_256pix_basicFLIM_120f_0015,fitet-sz-c2-b9,2,"a1, a2, chi2, photons, tau1, tau2"
4_BKOCO2form10min_740nm_3099mW_u1_poc0p25_20x0p75NA_457s50_g70_z1_256pix_basicFLIM_120f_0016.sdt,20260520_KPC_fixed_dishes_SLIM::fitet-sf-c2-b9::4_BKOCO2form10min_740nm_3099mW_u1_poc0p25_20x0p75NA_457s50_g70_z1_256pix_basicFLIM_120f_0016,fitet-sf-c2-b9,2,"a1, a2, chi2, photons, tau1, tau2"
4_BKOCO2form10min_740nm_3099mW_u1_poc0p25_20x0p75NA_457s50_g70_z1_256pix_basicFLIM_120f_0016.sdt,20260520_KPC_fixed_dishes_SLIM::fitet-sz-c2-b9::4_BKOCO2form10min_740nm_3099mW_u1_poc0p25_20x0p75NA_457s50_g70_z1_256pix_basicFLIM_120f_0016,fitet-sz-c2-b9,2,"a1, a2, chi2, photons, tau1, tau2"
4_BKOCO2form10min_740nm_3099mW_u1_poc0p25_20x0p75NA_535s50_g70_z1_256pix_basicFLIM_120f_0000.sdt,20260520_KPC_fixed_dishes_SLIM::fitet-sf-c2-b9::4_BKOCO2form10min_740nm_3099mW_u1_poc0p25_20x0p75NA_535s50_g70_z1_256pix_basicFLIM_120f_0000,fitet-sf-c2-b9,2,"a1, a2, chi2, photons, tau1, tau2"
4_BKOCO2form10min_740nm_3099mW_u1_poc0p25_20x0p75NA_535s50_g70_z1_256pix_basicFLIM_120f_0000.sdt,20260520_KPC_fixed_dishes_SLIM::fitet-sz-c2-b9::4_BKOCO2form10min_740nm_3099mW_u1_poc0p25_20x0p75NA_535s50_g70_z1_256pix_basicFLIM_120f_0000,fitet-sz-c2-b9,2,"a1, a2, chi2, photons, tau1, tau2"
4_BKOCO2form10min_740nm_3099mW_u1_poc0p25_20x0p75NA_535s50_g70_z1_256pix_basicFLIM_120f_0001.sdt,20260520_KPC_fixed_dishes_SLIM::fitet-sf-c2-b9::4_BKOCO2form10min_740nm_3099mW_u1_poc0p25_20x0p75NA_535s50_g70_z1_256pix_basicFLIM_120f_0001,fitet-sf-c2-b9,2,"a1, a2, chi2, photons, tau1, tau2"
4_BKOCO2form10min_740nm_3099mW_u1_poc0p25_20x0p75NA_535s50_g70_z1_256pix_basicFLIM_120f_0001.sdt,20260520_KPC_fixed_dishes_SLIM::fitet-sz-c2-b9::4_BKOCO2form10min_740nm_3099mW_u1_poc0p25_20x0p75NA_535s50_g70_z1_256pix_basicFLIM_120f_0001,fitet-sz-c2-b9,2,"a1, a2, chi2, photons, tau1, tau2"
4_BKOCO2form10min_740nm_3099mW_u1_poc0p25_20x0p75NA_535s50_g70_z1_256pix_basicFLIM_120f_0002.sdt,20260520_KPC_fixed_dishes_SLIM::fitet-sf-c2-b9::4_BKOCO2form10min_740nm_3099mW_u1_poc0p25_20x0p75NA_535s50_g70_z1_256pix_basicFLIM_120f_0002,fitet-sf-c2-b9,2,"a1, a2, chi2, photons, tau1, tau2"
4_BKOCO2form10min_740nm_3099mW_u1_poc0p25_20x0p75NA_535s50_g70_z1_256pix_basicFLIM_120f_0002.sdt,20260520_KPC_fixed_dishes_SLIM::fitet-sz-c2-b9::4_BKOCO2form10min_740nm_3099mW_u1_poc0p25_20x0p75NA_535s50_g70_z1_256pix_basicFLIM_120f_0002,fitet-sz-c2-b9,2,"a1, a2, chi2, photons, tau1, tau2"
4_BKOCO2form10min_740nm_3099mW_u1_poc0p25_20x0p75NA_535s50_g70_z1_256pix_basicFLIM_120f_0003.sdt,20260520_KPC_fixed_dishes_SLIM::fitet-sf-c2-b9::4_BKOCO2form10min_740nm_3099mW_u1_poc0p25_20x0p75NA_535s50_g70_z1_256pix_basicFLIM_120f_0003,fitet-sf-c2-b9,2,"a1, a2, chi2, photons, tau1, tau2"
4_BKOCO2form10min_740nm_3099mW_u1_poc0p25_20x0p75NA_535s50_g70_z1_256pix_basicFLIM_120f_0003.sdt,20260520_KPC_fixed_dishes_SLIM::fitet-sz-c2-b9::4_BKOCO2form10min_740nm_3099mW_u1_poc0p25_20x0p75NA_535s50_g70_z1_256pix_basicFLIM_120f_0003,fitet-sz-c2-b9,2,"a1, a2, chi2, photons, tau1, tau2"
4_BKOCO2form10min_740nm_3099mW_u1_poc0p25_20x0p75NA_535s50_g70_z1_256pix_basicFLIM_120f_0004.sdt,20260520_KPC_fixed_dishes_SLIM::fitet-sf-c2-b9::4_BKOCO2form10min_740nm_3099mW_u1_poc0p25_20x0p75NA_535s50_g70_z1_256pix_basicFLIM_120f_0004,fitet-sf-c2-b9,2,"a1, a2, chi2, photons, tau1, tau2"
4_BKOCO2form10min_740nm_3099mW_u1_poc0p25_20x0p75NA_535s50_g70_z1_256pix_basicFLIM_120f_0004.sdt,20260520_KPC_fixed_dishes_SLIM::fitet-sz-c2-b9::4_BKOCO2form10min_740nm_3099mW_u1_poc0p25_20x0p75NA_535s50_g70_z1_256pix_basicFLIM_120f_0004,fitet-sz-c2-b9,2,"a1, a2, chi2, photons, tau1, tau2"
4_BKOCO2form10min_740nm_3099mW_u1_poc0p25_20x0p75NA_535s50_g70_z1_256pix_basicFLIM_120f_0005.sdt,20260520_KPC_fixed_dishes_SLIM::fitet-sf-c2-b9::4_BKOCO2form10min_740nm_3099mW_u1_poc0p25_20x0p75NA_535s50_g70_z1_256pix_basicFLIM_120f_0005,fitet-sf-c2-b9,2,"a1, a2, chi2, photons, tau1, tau2"
4_BKOCO2form10min_740nm_3099mW_u1_poc0p25_20x0p75NA_535s50_g70_z1_256pix_basicFLIM_120f_0005.sdt,20260520_KPC_fixed_dishes_SLIM::fitet-sz-c2-b9::4_BKOCO2form10min_740nm_3099mW_u1_poc0p25_20x0p75NA_535s50_g70_z1_256pix_basicFLIM_120f_0005,fitet-sz-c2-b9,2,"a1, a2, chi2, photons, tau1, tau2"
4_BKOCO2form10min_740nm_3099mW_u1_poc0p25_20x0p75NA_535s50_g70_z1_256pix_basicFLIM_120f_0006.sdt,20260520_KPC_fixed_dishes_SLIM::fitet-sf-c2-b9::4_BKOCO2form10min_740nm_3099mW_u1_poc0p25_20x0p75NA_535s50_g70_z1_256pix_basicFLIM_120f_0006,fitet-sf-c2-b9,2,"a1, a2, chi2, photons, tau1, tau2"
4_BKOCO2form10min_740nm_3099mW_u1_poc0p25_20x0p75NA_535s50_g70_z1_256pix_basicFLIM_120f_0006.sdt,20260520_KPC_fixed_dishes_SLIM::fitet-sz-c2-b9::4_BKOCO2form10min_740nm_3099mW_u1_poc0p25_20x0p75NA_535s50_g70_z1_256pix_basicFLIM_120f_0006,fitet-sz-c2-b9,2,"a1, a2, chi2, photons, tau1, tau2"
4_BKOCO2form10min_740nm_3099mW_u1_poc0p25_20x0p75NA_535s50_g70_z1_256pix_basicFLIM_120f_0007.sdt,20260520_KPC_fixed_dishes_SLIM::fitet-sf-c2-b9::4_BKOCO2form10min_740nm_3099mW_u1_poc0p25_20x0p75NA_535s50_g70_z1_256pix_basicFLIM_120f_0007,fitet-sf-c2-b9,2,"a1, a2, chi2, photons, tau1, tau2"
4_BKOCO2form10min_740nm_3099mW_u1_poc0p25_20x0p75NA_535s50_g70_z1_256pix_basicFLIM_120f_0007.sdt,20260520_KPC_fixed_dishes_SLIM::fitet-sz-c2-b9::4_BKOCO2form10min_740nm_3099mW_u1_poc0p25_20x0p75NA_535s50_g70_z1_256pix_basicFLIM_120f_0007,fitet-sz-c2-b9,2,"a1, a2, chi2, photons, tau1, tau2"
4_BKOCO2form10min_740nm_3099mW_u1_poc0p25_20x0p75NA_535s50_g70_z1_256pix_basicFLIM_120f_0008.sdt,20260520_KPC_fixed_dishes_SLIM::fitet-sf-c2-b9::4_BKOCO2form10min_740nm_3099mW_u1_poc0p25_20x0p75NA_535s50_g70_z1_256pix_basicFLIM_120f_0008,fitet-sf-c2-b9,2,"a1, a2, chi2, photons, tau1, tau2"
4_BKOCO2form10min_740nm_3099mW_u1_poc0p25_20x0p75NA_535s50_g70_z1_256pix_basicFLIM_120f_0008.sdt,20260520_KPC_fixed_dishes_SLIM::fitet-sz-c2-b9::4_BKOCO2form10min_740nm_3099mW_u1_poc0p25_20x0p75NA_535s50_g70_z1_256pix_basicFLIM_120f_0008,fitet-sz-c2-b9,2,"a1, a2, chi2, photons, tau1, tau2"
4_BKOCO2form10min_740nm_3099mW_u1_poc0p25_20x0p75NA_535s50_g70_z1_256pix_basicFLIM_120f_0009.sdt,20260520_KPC_fixed_dishes_SLIM::fitet-sf-c2-b9::4_BKOCO2form10min_740nm_3099mW_u1_poc0p25_20x0p75NA_535s50_g70_z1_256pix_basicFLIM_120f_0009,fitet-sf-c2-b9,2,"a1, a2, chi2, photons, tau1, tau2"
4_BKOCO2form10min_740nm_3099mW_u1_poc0p25_20x0p75NA_535s50_g70_z1_256pix_basicFLIM_120f_0009.sdt,20260520_KPC_fixed_dishes_SLIM::fitet-sz-c2-b9::4_BKOCO2form10min_740nm_3099mW_u1_poc0p25_20x0p75NA_535s50_g70_z1_256pix_basicFLIM_120f_0009,fitet-sz-c2-b9,2,"a1, a2, chi2, photons, tau1, tau2"
4_BKOCO2form10min_740nm_3099mW_u1_poc0p25_20x0p75NA_535s50_g70_z1_256pix_basicFLIM_120f_0010.sdt,20260520_KPC_fixed_dishes_SLIM::fitet-sf-c2-b9::4_BKOCO2form10min_740nm_3099mW_u1_poc0p25_20x0p75NA_535s50_g70_z1_256pix_basicFLIM_120f_0010,fitet-sf-c2-b9,2,"a1, a2, chi2, photons, tau1, tau2"
4_BKOCO2form10min_740nm_3099mW_u1_poc0p25_20x0p75NA_535s50_g70_z1_256pix_basicFLIM_120f_0010.sdt,20260520_KPC_fixed_dishes_SLIM::fitet-sz-c2-b9::4_BKOCO2form10min_740nm_3099mW_u1_poc0p25_20x0p75NA_535s50_g70_z1_256pix_basicFLIM_120f_0010,fitet-sz-c2-b9,2,"a1, a2, chi2, photons, tau1, tau2"
4_BKOCO2form10min_740nm_3099mW_u1_poc0p25_20x0p75NA_535s50_g70_z1_256pix_basicFLIM_120f_0011.sdt,20260520_KPC_fixed_dishes_SLIM::fitet-sf-c2-b9::4_BKOCO2form10min_740nm_3099mW_u1_poc0p25_20x0p75NA_535s50_g70_z1_256pix_basicFLIM_120f_0011,fitet-sf-c2-b9,2,"a1, a2, chi2, photons, tau1, tau2"
4_BKOCO2form10min_740nm_3099mW_u1_poc0p25_20x0p75NA_535s50_g70_z1_256pix_basicFLIM_120f_0011.sdt,20260520_KPC_fixed_dishes_SLIM::fitet-sz-c2-b9::4_BKOCO2form10min_740nm_3099mW_u1_poc0p25_20x0p75NA_535s50_g70_z1_256pix_basicFLIM_120f_0011,fitet-sz-c2-b9,2,"a1, a2, chi2, photons, tau1, tau2"
4_BKOCO2form10min_740nm_3099mW_u1_poc0p25_20x0p75NA_535s50_g70_z1_256pix_basicFLIM_120f_0012.sdt,20260520_KPC_fixed_dishes_SLIM::fitet-sf-c2-b9::4_BKOCO2form10min_740nm_3099mW_u1_poc0p25_20x0p75NA_535s50_g70_z1_256pix_basicFLIM_120f_0012,fitet-sf-c2-b9,2,"a1, a2, chi2, photons, tau1, tau2"
4_BKOCO2form10min_740nm_3099mW_u1_poc0p25_20x0p75NA_535s50_g70_z1_256pix_basicFLIM_120f_0012.sdt,20260520_KPC_fixed_dishes_SLIM::fitet-sz-c2-b9::4_BKOCO2form10min_740nm_3099mW_u1_poc0p25_20x0p75NA_535s50_g70_z1_256pix_basicFLIM_120f_0012,fitet-sz-c2-b9,2,"a1, a2, chi2, photons, tau1, tau2"
4_BKOCO2form10min_740nm_3099mW_u1_poc0p25_20x0p75NA_535s50_g70_z1_256pix_basicFLIM_120f_0013.sdt,20260520_KPC_fixed_dishes_SLIM::fitet-sf-c2-b9::4_BKOCO2form10min_740nm_3099mW_u1_poc0p25_20x0p75NA_535s50_g70_z1_256pix_basicFLIM_120f_0013,fitet-sf-c2-b9,2,"a1, a2, chi2, photons, tau1, tau2"
4_BKOCO2form10min_740nm_3099mW_u1_poc0p25_20x0p75NA_535s50_g70_z1_256pix_basicFLIM_120f_0013.sdt,20260520_KPC_fixed_dishes_SLIM::fitet-sz-c2-b9::4_BKOCO2form10min_740nm_3099mW_u1_poc0p25_20x0p75NA_535s50_g70_z1_256pix_basicFLIM_120f_0013,fitet-sz-c2-b9,2,"a1, a2, chi2, photons, tau1, tau2"
4_BKOCO2form10min_740nm_3099mW_u1_poc0p25_20x0p75NA_535s50_g70_z1_256pix_basicFLIM_120f_0014.sdt,20260520_KPC_fixed_dishes_SLIM::fitet-sf-c2-b9::4_BKOCO2form10min_740nm_3099mW_u1_poc0p25_20x0p75NA_535s50_g70_z1_256pix_basicFLIM_120f_0014,fitet-sf-c2-b9,2,"a1, a2, chi2, photons, tau1, tau2"
4_BKOCO2form10min_740nm_3099mW_u1_poc0p25_20x0p75NA_535s50_g70_z1_256pix_basicFLIM_120f_0014.sdt,20260520_KPC_fixed_dishes_SLIM::fitet-sz-c2-b9::4_BKOCO2form10min_740nm_3099mW_u1_poc0p25_20x0p75NA_535s50_g70_z1_256pix_basicFLIM_120f_0014,fitet-sz-c2-b9,2,"a1, a2, chi2, photons, tau1, tau2"
4_BKOCO2form10min_740nm_3099mW_u1_poc0p25_20x0p75NA_535s50_g70_z1_256pix_basicFLIM_120f_0015.sdt,20260520_KPC_fixed_dishes_SLIM::fitet-sf-c2-b9::4_BKOCO2form10min_740nm_3099mW_u1_poc0p25_20x0p75NA_535s50_g70_z1_256pix_basicFLIM_120f_0015,fitet-sf-c2-b9,2,"a1, a2, chi2, photons, tau1, tau2"
4_BKOCO2form10min_740nm_3099mW_u1_poc0p25_20x0p75NA_535s50_g70_z1_256pix_basicFLIM_120f_0015.sdt,20260520_KPC_fixed_dishes_SLIM::fitet-sz-c2-b9::4_BKOCO2form10min_740nm_3099mW_u1_poc0p25_20x0p75NA_535s50_g70_z1_256pix_basicFLIM_120f_0015,fitet-sz-c2-b9,2,"a1, a2, chi2, photons, tau1, tau2"
4_BKOCO2form10min_740nm_3099mW_u1_poc0p25_20x0p75NA_535s50_g70_z1_256pix_basicFLIM_120f_0016.sdt,20260520_KPC_fixed_dishes_SLIM::fitet-sf-c2-b9::4_BKOCO2form10min_740nm_3099mW_u1_poc0p25_20x0p75NA_535s50_g70_z1_256pix_basicFLIM_120f_0016,fitet-sf-c2-b9,2,"a1, a2, chi2, photons, tau1, tau2"
4_BKOCO2form10min_740nm_3099mW_u1_poc0p25_20x0p75NA_535s50_g70_z1_256pix_basicFLIM_120f_0016.sdt,20260520_KPC_fixed_dishes_SLIM::fitet-sz-c2-b9::4_BKOCO2form10min_740nm_3099mW_u1_poc0p25_20x0p75NA_535s50_g70_z1_256pix_basicFLIM_120f_0016,fitet-sz-c2-b9,2,"a1, a2, chi2, photons, tau1, tau2"
4_BKOCO2form10min_740nm_3099mW_u1_poc0p6_20x0p75NA_535s50_g70_z1_256pix_basicFLIM_120f_0000.sdt,20260520_KPC_fixed_dishes_SLIM::fitet-sf-c2-b9::4_BKOCO2form10min_740nm_3099mW_u1_poc0p6_20x0p75NA_535s50_g70_z1_256pix_basicFLIM_120f_0000,fitet-sf-c2-b9,2,"a1, a2, chi2, photons, tau1, tau2"
4_BKOCO2form10min_740nm_3099mW_u1_poc0p6_20x0p75NA_535s50_g70_z1_256pix_basicFLIM_120f_0000.sdt,20260520_KPC_fixed_dishes_SLIM::fitet-sz-c2-b9::4_BKOCO2form10min_740nm_3099mW_u1_poc0p6_20x0p75NA_535s50_g70_z1_256pix_basicFLIM_120f_0000,fitet-sz-c2-b9,2,"a1, a2, chi2, photons, tau1, tau2"
4_BKOCO2form10min_740nm_3099mW_u1_poc0p6_20x0p75NA_535s50_g70_z1_256pix_basicFLIM_120f_0001.sdt,20260520_KPC_fixed_dishes_SLIM::fitet-sf-c2-b9::4_BKOCO2form10min_740nm_3099mW_u1_poc0p6_20x0p75NA_535s50_g70_z1_256pix_basicFLIM_120f_0001,fitet-sf-c2-b9,2,"a1, a2, chi2, photons, tau1, tau2"
4_BKOCO2form10min_740nm_3099mW_u1_poc0p6_20x0p75NA_535s50_g70_z1_256pix_basicFLIM_120f_0001.sdt,20260520_KPC_fixed_dishes_SLIM::fitet-sz-c2-b9::4_BKOCO2form10min_740nm_3099mW_u1_poc0p6_20x0p75NA_535s50_g70_z1_256pix_basicFLIM_120f_0001,fitet-sz-c2-b9,2,"a1, a2, chi2, photons, tau1, tau2"
4_BKOCO2form10min_740nm_3099mW_u1_poc0p6_20x0p75NA_535s50_g70_z1_256pix_basicFLIM_120f_0002.sdt,20260520_KPC_fixed_dishes_SLIM::fitet-sf-c2-b9::4_BKOCO2form10min_740nm_3099mW_u1_poc0p6_20x0p75NA_535s50_g70_z1_256pix_basicFLIM_120f_0002,fitet-sf-c2-b9,2,"a1, a2, chi2, photons, tau1, tau2"
4_BKOCO2form10min_740nm_3099mW_u1_poc0p6_20x0p75NA_535s50_g70_z1_256pix_basicFLIM_120f_0002.sdt,20260520_KPC_fixed_dishes_SLIM::fitet-sz-c2-b9::4_BKOCO2form10min_740nm_3099mW_u1_poc0p6_20x0p75NA_535s50_g70_z1_256pix_basicFLIM_120f_0002,fitet-sz-c2-b9,2,"a1, a2, chi2, photons, tau1, tau2"
4_BKOCO2form10min_740nm_3099mW_u1_poc0p6_20x0p75NA_535s50_g70_z1_256pix_basicFLIM_120f_0003.sdt,20260520_KPC_fixed_dishes_SLIM::fitet-sf-c2-b9::4_BKOCO2form10min_740nm_3099mW_u1_poc0p6_20x0p75NA_535s50_g70_z1_256pix_basicFLIM_120f_0003,fitet-sf-c2-b9,2,"a1, a2, chi2, photons, tau1, tau2"
4_BKOCO2form10min_740nm_3099mW_u1_poc0p6_20x0p75NA_535s50_g70_z1_256pix_basicFLIM_120f_0003.sdt,20260520_KPC_fixed_dishes_SLIM::fitet-sz-c2-b9::4_BKOCO2form10min_740nm_3099mW_u1_poc0p6_20x0p75NA_535s50_g70_z1_256pix_basicFLIM_120f_0003,fitet-sz-c2-b9,2,"a1, a2, chi2, photons, tau1, tau2"
4_BKOCO2form10min_740nm_3099mW_u1_poc0p6_20x0p75NA_535s50_g70_z1_256pix_basicFLIM_120f_0004.sdt,20260520_KPC_fixed_dishes_SLIM::fitet-sf-c2-b9::4_BKOCO2form10min_740nm_3099mW_u1_poc0p6_20x0p75NA_535s50_g70_z1_256pix_basicFLIM_120f_0004,fitet-sf-c2-b9,2,"a1, a2, chi2, photons, tau1, tau2"
4_BKOCO2form10min_740nm_3099mW_u1_poc0p6_20x0p75NA_535s50_g70_z1_256pix_basicFLIM_120f_0004.sdt,20260520_KPC_fixed_dishes_SLIM::fitet-sz-c2-b9::4_BKOCO2form10min_740nm_3099mW_u1_poc0p6_20x0p75NA_535s50_g70_z1_256pix_basicFLIM_120f_0004,fitet-sz-c2-b9,2,"a1, a2, chi2, photons, tau1, tau2"
4_BKOCO2form10min_740nm_3099mW_u1_poc0p6_20x0p75NA_535s50_g70_z1_256pix_basicFLIM_120f_0005.sdt,20260520_KPC_fixed_dishes_SLIM::fitet-sf-c2-b9::4_BKOCO2form10min_740nm_3099mW_u1_poc0p6_20x0p75NA_535s50_g70_z1_256pix_basicFLIM_120f_0005,fitet-sf-c2-b9,2,"a1, a2, chi2, photons, tau1, tau2"
4_BKOCO2form10min_740nm_3099mW_u1_poc0p6_20x0p75NA_535s50_g70_z1_256pix_basicFLIM_120f_0005.sdt,20260520_KPC_fixed_dishes_SLIM::fitet-sz-c2-b9::4_BKOCO2form10min_740nm_3099mW_u1_poc0p6_20x0p75NA_535s50_g70_z1_256pix_basicFLIM_120f_0005,fitet-sz-c2-b9,2,"a1, a2, chi2, photons, tau1, tau2"
4_BKOCO2form10min_740nm_3099mW_u1_poc0p6_20x0p75NA_535s50_g70_z1_256pix_basicFLIM_120f_0006.sdt,20260520_KPC_fixed_dishes_SLIM::fitet-sf-c2-b9::4_BKOCO2form10min_740nm_3099mW_u1_poc0p6_20x0p75NA_535s50_g70_z1_256pix_basicFLIM_120f_0006,fitet-sf-c2-b9,2,"a1, a2, chi2, photons, tau1, tau2"
4_BKOCO2form10min_740nm_3099mW_u1_poc0p6_20x0p75NA_535s50_g70_z1_256pix_basicFLIM_120f_0006.sdt,20260520_KPC_fixed_dishes_SLIM::fitet-sz-c2-b9::4_BKOCO2form10min_740nm_3099mW_u1_poc0p6_20x0p75NA_535s50_g70_z1_256pix_basicFLIM_120f_0006,fitet-sz-c2-b9,2,"a1, a2, chi2, photons, tau1, tau2"
4_BKOCO2form10min_740nm_3099mW_u1_poc0p6_20x0p75NA_535s50_g70_z1_256pix_basicFLIM_120f_0007.sdt,20260520_KPC_fixed_dishes_SLIM::fitet-sf-c2-b9::4_BKOCO2form10min_740nm_3099mW_u1_poc0p6_20x0p75NA_535s50_g70_z1_256pix_basicFLIM_120f_0007,fitet-sf-c2-b9,2,"a1, a2, chi2, photons, tau1, tau2"
4_BKOCO2form10min_740nm_3099mW_u1_poc0p6_20x0p75NA_535s50_g70_z1_256pix_basicFLIM_120f_0007.sdt,20260520_KPC_fixed_dishes_SLIM::fitet-sz-c2-b9::4_BKOCO2form10min_740nm_3099mW_u1_poc0p6_20x0p75NA_535s50_g70_z1_256pix_basicFLIM_120f_0007,fitet-sz-c2-b9,2,"a1, a2, chi2, photons, tau1, tau2"
4_BKOCO2form10min_740nm_3099mW_u1_poc0p6_20x0p75NA_535s50_g70_z1_256pix_basicFLIM_120f_0008.sdt,20260520_KPC_fixed_dishes_SLIM::fitet-sf-c2-b9::4_BKOCO2form10min_740nm_3099mW_u1_poc0p6_20x0p75NA_535s50_g70_z1_256pix_basicFLIM_120f_0008,fitet-sf-c2-b9,2,"a1, a2, chi2, photons, tau1, tau2"
4_BKOCO2form10min_740nm_3099mW_u1_poc0p6_20x0p75NA_535s50_g70_z1_256pix_basicFLIM_120f_0008.sdt,20260520_KPC_fixed_dishes_SLIM::fitet-sz-c2-b9::4_BKOCO2form10min_740nm_3099mW_u1_poc0p6_20x0p75NA_535s50_g70_z1_256pix_basicFLIM_120f_0008,fitet-sz-c2-b9,2,"a1, a2, chi2, photons, tau1, tau2"
4_BKOCO2form10min_740nm_3099mW_u1_poc0p6_20x0p75NA_535s50_g70_z1_256pix_basicFLIM_120f_0009.sdt,20260520_KPC_fixed_dishes_SLIM::fitet-sf-c2-b9::4_BKOCO2form10min_740nm_3099mW_u1_poc0p6_20x0p75NA_535s50_g70_z1_256pix_basicFLIM_120f_0009,fitet-sf-c2-b9,2,"a1, a2, chi2, photons, tau1, tau2"
4_BKOCO2form10min_740nm_3099mW_u1_poc0p6_20x0p75NA_535s50_g70_z1_256pix_basicFLIM_120f_0009.sdt,20260520_KPC_fixed_dishes_SLIM::fitet-sz-c2-b9::4_BKOCO2form10min_740nm_3099mW_u1_poc0p6_20x0p75NA_535s50_g70_z1_256pix_basicFLIM_120f_0009,fitet-sz-c2-b9,2,"a1, a2, chi2, photons, tau1, tau2"
4_BKOCO2form10min_740nm_3099mW_u1_poc0p6_20x0p75NA_535s50_g70_z1_256pix_basicFLIM_120f_0010.sdt,20260520_KPC_fixed_dishes_SLIM::fitet-sf-c2-b9::4_BKOCO2form10min_740nm_3099mW_u1_poc0p6_20x0p75NA_535s50_g70_z1_256pix_basicFLIM_120f_0010,fitet-sf-c2-b9,2,"a1, a2, chi2, photons, tau1, tau2"
4_BKOCO2form10min_740nm_3099mW_u1_poc0p6_20x0p75NA_535s50_g70_z1_256pix_basicFLIM_120f_0010.sdt,20260520_KPC_fixed_dishes_SLIM::fitet-sz-c2-b9::4_BKOCO2form10min_740nm_3099mW_u1_poc0p6_20x0p75NA_535s50_g70_z1_256pix_basicFLIM_120f_0010,fitet-sz-c2-b9,2,"a1, a2, chi2, photons, tau1, tau2"
4_BKOCO2form10min_740nm_3099mW_u1_poc0p6_20x0p75NA_535s50_g70_z1_256pix_basicFLIM_120f_0011.sdt,20260520_KPC_fixed_dishes_SLIM::fitet-sf-c2-b9::4_BKOCO2form10min_740nm_3099mW_u1_poc0p6_20x0p75NA_535s50_g70_z1_256pix_basicFLIM_120f_0011,fitet-sf-c2-b9,2,"a1, a2, chi2, photons, tau1, tau2"
4_BKOCO2form10min_740nm_3099mW_u1_poc0p6_20x0p75NA_535s50_g70_z1_256pix_basicFLIM_120f_0011.sdt,20260520_KPC_fixed_dishes_SLIM::fitet-sz-c2-b9::4_BKOCO2form10min_740nm_3099mW_u1_poc0p6_20x0p75NA_535s50_g70_z1_256pix_basicFLIM_120f_0011,fitet-sz-c2-b9,2,"a1, a2, chi2, photons, tau1, tau2"
4_BKOCO2form10min_740nm_3099mW_u1_poc0p6_20x0p75NA_535s50_g70_z1_256pix_basicFLIM_120f_0012.sdt,20260520_KPC_fixed_dishes_SLIM::fitet-sf-c2-b9::4_BKOCO2form10min_740nm_3099mW_u1_poc0p6_20x0p75NA_535s50_g70_z1_256pix_basicFLIM_120f_0012,fitet-sf-c2-b9,2,"a1, a2, chi2, photons, tau1, tau2"
4_BKOCO2form10min_740nm_3099mW_u1_poc0p6_20x0p75NA_535s50_g70_z1_256pix_basicFLIM_120f_0012.sdt,20260520_KPC_fixed_dishes_SLIM::fitet-sz-c2-b9::4_BKOCO2form10min_740nm_3099mW_u1_poc0p6_20x0p75NA_535s50_g70_z1_256pix_basicFLIM_120f_0012,fitet-sz-c2-b9,2,"a1, a2, chi2, photons, tau1, tau2"
4_BKOCO2form10min_740nm_3099mW_u1_poc0p6_20x0p75NA_535s50_g70_z1_256pix_basicFLIM_120f_0013.sdt,20260520_KPC_fixed_dishes_SLIM::fitet-sf-c2-b9::4_BKOCO2form10min_740nm_3099mW_u1_poc0p6_20x0p75NA_535s50_g70_z1_256pix_basicFLIM_120f_0013,fitet-sf-c2-b9,2,"a1, a2, chi2, photons, tau1, tau2"
4_BKOCO2form10min_740nm_3099mW_u1_poc0p6_20x0p75NA_535s50_g70_z1_256pix_basicFLIM_120f_0013.sdt,20260520_KPC_fixed_dishes_SLIM::fitet-sz-c2-b9::4_BKOCO2form10min_740nm_3099mW_u1_poc0p6_20x0p75NA_535s50_g70_z1_256pix_basicFLIM_120f_0013,fitet-sz-c2-b9,2,"a1, a2, chi2, photons, tau1, tau2"
4_BKOCO2form10min_740nm_3099mW_u1_poc0p6_20x0p75NA_535s50_g70_z1_256pix_basicFLIM_120f_0014.sdt,20260520_KPC_fixed_dishes_SLIM::fitet-sf-c2-b9::4_BKOCO2form10min_740nm_3099mW_u1_poc0p6_20x0p75NA_535s50_g70_z1_256pix_basicFLIM_120f_0014,fitet-sf-c2-b9,2,"a1, a2, chi2, photons, tau1, tau2"
4_BKOCO2form10min_740nm_3099mW_u1_poc0p6_20x0p75NA_535s50_g70_z1_256pix_basicFLIM_120f_0014.sdt,20260520_KPC_fixed_dishes_SLIM::fitet-sz-c2-b9::4_BKOCO2form10min_740nm_3099mW_u1_poc0p6_20x0p75NA_535s50_g70_z1_256pix_basicFLIM_120f_0014,fitet-sz-c2-b9,2,"a1, a2, chi2, photons, tau1, tau2"
4_BKOCO2form10min_740nm_3099mW_u1_poc0p6_20x0p75NA_535s50_g70_z1_256pix_basicFLIM_120f_0015.sdt,20260520_KPC_fixed_dishes_SLIM::fitet-sf-c2-b9::4_BKOCO2form10min_740nm_3099mW_u1_poc0p6_20x0p75NA_535s50_g70_z1_256pix_basicFLIM_120f_0015,fitet-sf-c2-b9,2,"a1, a2, chi2, photons, tau1, tau2"
4_BKOCO2form10min_740nm_3099mW_u1_poc0p6_20x0p75NA_535s50_g70_z1_256pix_basicFLIM_120f_0015.sdt,20260520_KPC_fixed_dishes_SLIM::fitet-sz-c2-b9::4_BKOCO2form10min_740nm_3099mW_u1_poc0p6_20x0p75NA_535s50_g70_z1_256pix_basicFLIM_120f_0015,fitet-sz-c2-b9,2,"a1, a2, chi2, photons, tau1, tau2"
4_BKOCO2form10min_740nm_3099mW_u1_poc0p6_20x0p75NA_535s50_g70_z1_256pix_basicFLIM_120f_0016.sdt,20260520_KPC_fixed_dishes_SLIM::fitet-sf-c2-b9::4_BKOCO2form10min_740nm_3099mW_u1_poc0p6_20x0p75NA_535s50_g70_z1_256pix_basicFLIM_120f_0016,fitet-sf-c2-b9,2,"a1, a2, chi2, photons, tau1, tau2"
4_BKOCO2form10min_740nm_3099mW_u1_poc0p6_20x0p75NA_535s50_g70_z1_256pix_basicFLIM_120f_0016.sdt,20260520_KPC_fixed_dishes_SLIM::fitet-sz-c2-b9::4_BKOCO2form10min_740nm_3099mW_u1_poc0p6_20x0p75NA_535s50_g70_z1_256pix_basicFLIM_120f_0016,fitet-sz-c2-b9,2,"a1, a2, chi2, photons, tau1, tau2"
4_BKOCO2form10min_740nm_3099mW_u1_poc0p6_20x0p75NA_457s50_g70_z1_256pix_basicFLIM_120f_0000.sdt,20260520_KPC_fixed_dishes_SLIM::fitet-sf-c2-b9::4_BKOCO2form10min_740nm_3099mW_u1_poc0p6_20x0p75NA_457s50_g70_z1_256pix_basicFLIM_120f_0000,fitet-sf-c2-b9,2,"a1, a2, chi2, photons, tau1, tau2"
4_BKOCO2form10min_740nm_3099mW_u1_poc0p6_20x0p75NA_457s50_g70_z1_256pix_basicFLIM_120f_0000.sdt,20260520_KPC_fixed_dishes_SLIM::fitet-sz-c2-b9::4_BKOCO2form10min_740nm_3099mW_u1_poc0p6_20x0p75NA_457s50_g70_z1_256pix_basicFLIM_120f_0000,fitet-sz-c2-b9,2,"a1, a2, chi2, photons, tau1, tau2"
4_BKOCO2form10min_740nm_3099mW_u1_poc0p6_20x0p75NA_457s50_g70_z1_256pix_basicFLIM_120f_0001.sdt,20260520_KPC_fixed_dishes_SLIM::fitet-sf-c2-b9::4_BKOCO2form10min_740nm_3099mW_u1_poc0p6_20x0p75NA_457s50_g70_z1_256pix_basicFLIM_120f_0001,fitet-sf-c2-b9,2,"a1, a2, chi2, photons, tau1, tau2"
4_BKOCO2form10min_740nm_3099mW_u1_poc0p6_20x0p75NA_457s50_g70_z1_256pix_basicFLIM_120f_0001.sdt,20260520_KPC_fixed_dishes_SLIM::fitet-sz-c2-b9::4_BKOCO2form10min_740nm_3099mW_u1_poc0p6_20x0p75NA_457s50_g70_z1_256pix_basicFLIM_120f_0001,fitet-sz-c2-b9,2,"a1, a2, chi2, photons, tau1, tau2"
4_BKOCO2form10min_740nm_3099mW_u1_poc0p6_20x0p75NA_457s50_g70_z1_256pix_basicFLIM_120f_0002.sdt,20260520_KPC_fixed_dishes_SLIM::fitet-sf-c2-b9::4_BKOCO2form10min_740nm_3099mW_u1_poc0p6_20x0p75NA_457s50_g70_z1_256pix_basicFLIM_120f_0002,fitet-sf-c2-b9,2,"a1, a2, chi2, photons, tau1, tau2"
4_BKOCO2form10min_740nm_3099mW_u1_poc0p6_20x0p75NA_457s50_g70_z1_256pix_basicFLIM_120f_0002.sdt,20260520_KPC_fixed_dishes_SLIM::fitet-sz-c2-b9::4_BKOCO2form10min_740nm_3099mW_u1_poc0p6_20x0p75NA_457s50_g70_z1_256pix_basicFLIM_120f_0002,fitet-sz-c2-b9,2,"a1, a2, chi2, photons, tau1, tau2"
4_BKOCO2form10min_740nm_3099mW_u1_poc0p6_20x0p75NA_457s50_g70_z1_256pix_basicFLIM_120f_0003.sdt,20260520_KPC_fixed_dishes_SLIM::fitet-sf-c2-b9::4_BKOCO2form10min_740nm_3099mW_u1_poc0p6_20x0p75NA_457s50_g70_z1_256pix_basicFLIM_120f_0003,fitet-sf-c2-b9,2,"a1, a2, chi2, photons, tau1, tau2"
4_BKOCO2form10min_740nm_3099mW_u1_poc0p6_20x0p75NA_457s50_g70_z1_256pix_basicFLIM_120f_0003.sdt,20260520_KPC_fixed_dishes_SLIM::fitet-sz-c2-b9::4_BKOCO2form10min_740nm_3099mW_u1_poc0p6_20x0p75NA_457s50_g70_z1_256pix_basicFLIM_120f_0003,fitet-sz-c2-b9,2,"a1, a2, chi2, photons, tau1, tau2"
4_BKOCO2form10min_740nm_3099mW_u1_poc0p6_20x0p75NA_457s50_g70_z1_256pix_basicFLIM_120f_0004.sdt,20260520_KPC_fixed_dishes_SLIM::fitet-sf-c2-b9::4_BKOCO2form10min_740nm_3099mW_u1_poc0p6_20x0p75NA_457s50_g70_z1_256pix_basicFLIM_120f_0004,fitet-sf-c2-b9,2,"a1, a2, chi2, photons, tau1, tau2"
4_BKOCO2form10min_740nm_3099mW_u1_poc0p6_20x0p75NA_457s50_g70_z1_256pix_basicFLIM_120f_0004.sdt,20260520_KPC_fixed_dishes_SLIM::fitet-sz-c2-b9::4_BKOCO2form10min_740nm_3099mW_u1_poc0p6_20x0p75NA_457s50_g70_z1_256pix_basicFLIM_120f_0004,fitet-sz-c2-b9,2,"a1, a2, chi2, photons, tau1, tau2"
4_BKOCO2form10min_740nm_3099mW_u1_poc0p6_20x0p75NA_457s50_g70_z1_256pix_basicFLIM_120f_0005.sdt,20260520_KPC_fixed_dishes_SLIM::fitet-sf-c2-b9::4_BKOCO2form10min_740nm_3099mW_u1_poc0p6_20x0p75NA_457s50_g70_z1_256pix_basicFLIM_120f_0005,fitet-sf-c2-b9,2,"a1, a2, chi2, photons, tau1, tau2"
4_BKOCO2form10min_740nm_3099mW_u1_poc0p6_20x0p75NA_457s50_g70_z1_256pix_basicFLIM_120f_0005.sdt,20260520_KPC_fixed_dishes_SLIM::fitet-sz-c2-b9::4_BKOCO2form10min_740nm_3099mW_u1_poc0p6_20x0p75NA_457s50_g70_z1_256pix_basicFLIM_120f_0005,fitet-sz-c2-b9,2,"a1, a2, chi2, photons, tau1, tau2"
4_BKOCO2form10min_740nm_3099mW_u1_poc0p6_20x0p75NA_457s50_g70_z1_256pix_basicFLIM_120f_0006.sdt,20260520_KPC_fixed_dishes_SLIM::fitet-sf-c2-b9::4_BKOCO2form10min_740nm_3099mW_u1_poc0p6_20x0p75NA_457s50_g70_z1_256pix_basicFLIM_120f_0006,fitet-sf-c2-b9,2,"a1, a2, chi2, photons, tau1, tau2"
4_BKOCO2form10min_740nm_3099mW_u1_poc0p6_20x0p75NA_457s50_g70_z1_256pix_basicFLIM_120f_0006.sdt,20260520_KPC_fixed_dishes_SLIM::fitet-sz-c2-b9::4_BKOCO2form10min_740nm_3099mW_u1_poc0p6_20x0p75NA_457s50_g70_z1_256pix_basicFLIM_120f_0006,fitet-sz-c2-b9,2,"a1, a2, chi2, photons, tau1, tau2"
4_BKOCO2form10min_740nm_3099mW_u1_poc0p6_20x0p75NA_457s50_g70_z1_256pix_basicFLIM_120f_0007.sdt,20260520_KPC_fixed_dishes_SLIM::fitet-sf-c2-b9::4_BKOCO2form10min_740nm_3099mW_u1_poc0p6_20x0p75NA_457s50_g70_z1_256pix_basicFLIM_120f_0007,fitet-sf-c2-b9,2,"a1, a2, chi2, photons, tau1, tau2"
4_BKOCO2form10min_740nm_3099mW_u1_poc0p6_20x0p75NA_457s50_g70_z1_256pix_basicFLIM_120f_0007.sdt,20260520_KPC_fixed_dishes_SLIM::fitet-sz-c2-b9::4_BKOCO2form10min_740nm_3099mW_u1_poc0p6_20x0p75NA_457s50_g70_z1_256pix_basicFLIM_120f_0007,fitet-sz-c2-b9,2,"a1, a2, chi2, photons, tau1, tau2"
4_BKOCO2form10min_740nm_3099mW_u1_poc0p6_20x0p75NA_457s50_g70_z1_256pix_basicFLIM_120f_0008.sdt,20260520_KPC_fixed_dishes_SLIM::fitet-sf-c2-b9::4_BKOCO2form10min_740nm_3099mW_u1_poc0p6_20x0p75NA_457s50_g70_z1_256pix_basicFLIM_120f_0008,fitet-sf-c2-b9,2,"a1, a2, chi2, photons, tau1, tau2"
4_BKOCO2form10min_740nm_3099mW_u1_poc0p6_20x0p75NA_457s50_g70_z1_256pix_basicFLIM_120f_0008.sdt,20260520_KPC_fixed_dishes_SLIM::fitet-sz-c2-b9::4_BKOCO2form10min_740nm_3099mW_u1_poc0p6_20x0p75NA_457s50_g70_z1_256pix_basicFLIM_120f_0008,fitet-sz-c2-b9,2,"a1, a2, chi2, photons, tau1, tau2"
4_BKOCO2form10min_740nm_3099mW_u1_poc0p6_20x0p75NA_457s50_g70_z1_256pix_basicFLIM_120f_0009.sdt,20260520_KPC_fixed_dishes_SLIM::fitet-sf-c2-b9::4_BKOCO2form10min_740nm_3099mW_u1_poc0p6_20x0p75NA_457s50_g70_z1_256pix_basicFLIM_120f_0009,fitet-sf-c2-b9,2,"a1, a2, chi2, photons, tau1, tau2"
4_BKOCO2form10min_740nm_3099mW_u1_poc0p6_20x0p75NA_457s50_g70_z1_256pix_basicFLIM_120f_0009.sdt,20260520_KPC_fixed_dishes_SLIM::fitet-sz-c2-b9::4_BKOCO2form10min_740nm_3099mW_u1_poc0p6_20x0p75NA_457s50_g70_z1_256pix_basicFLIM_120f_0009,fitet-sz-c2-b9,2,"a1, a2, chi2, photons, tau1, tau2"
4_BKOCO2form10min_740nm_3099mW_u1_poc0p6_20x0p75NA_457s50_g70_z1_256pix_basicFLIM_120f_0010.sdt,20260520_KPC_fixed_dishes_SLIM::fitet-sf-c2-b9::4_BKOCO2form10min_740nm_3099mW_u1_poc0p6_20x0p75NA_457s50_g70_z1_256pix_basicFLIM_120f_0010,fitet-sf-c2-b9,2,"a1, a2, chi2, photons, tau1, tau2"
4_BKOCO2form10min_740nm_3099mW_u1_poc0p6_20x0p75NA_457s50_g70_z1_256pix_basicFLIM_120f_0010.sdt,20260520_KPC_fixed_dishes_SLIM::fitet-sz-c2-b9::4_BKOCO2form10min_740nm_3099mW_u1_poc0p6_20x0p75NA_457s50_g70_z1_256pix_basicFLIM_120f_0010,fitet-sz-c2-b9,2,"a1, a2, chi2, photons, tau1, tau2"
4_BKOCO2form10min_740nm_3099mW_u1_poc0p6_20x0p75NA_457s50_g70_z1_256pix_basicFLIM_120f_0011.sdt,20260520_KPC_fixed_dishes_SLIM::fitet-sf-c2-b9::4_BKOCO2form10min_740nm_3099mW_u1_poc0p6_20x0p75NA_457s50_g70_z1_256pix_basicFLIM_120f_0011,fitet-sf-c2-b9,2,"a1, a2, chi2, photons, tau1, tau2"
4_BKOCO2form10min_740nm_3099mW_u1_poc0p6_20x0p75NA_457s50_g70_z1_256pix_basicFLIM_120f_0011.sdt,20260520_KPC_fixed_dishes_SLIM::fitet-sz-c2-b9::4_BKOCO2form10min_740nm_3099mW_u1_poc0p6_20x0p75NA_457s50_g70_z1_256pix_basicFLIM_120f_0011,fitet-sz-c2-b9,2,"a1, a2, chi2, photons, tau1, tau2"
4_BKOCO2form10min_740nm_3099mW_u1_poc0p6_20x0p75NA_457s50_g70_z1_256pix_basicFLIM_120f_0012.sdt,20260520_KPC_fixed_dishes_SLIM::fitet-sf-c2-b9::4_BKOCO2form10min_740nm_3099mW_u1_poc0p6_20x0p75NA_457s50_g70_z1_256pix_basicFLIM_120f_0012,fitet-sf-c2-b9,2,"a1, a2, chi2, photons, tau1, tau2"
4_BKOCO2form10min_740nm_3099mW_u1_poc0p6_20x0p75NA_457s50_g70_z1_256pix_basicFLIM_120f_0012.sdt,20260520_KPC_fixed_dishes_SLIM::fitet-sz-c2-b9::4_BKOCO2form10min_740nm_3099mW_u1_poc0p6_20x0p75NA_457s50_g70_z1_256pix_basicFLIM_120f_0012,fitet-sz-c2-b9,2,"a1, a2, chi2, photons, tau1, tau2"
4_BKOCO2form10min_740nm_3099mW_u1_poc0p6_20x0p75NA_457s50_g70_z1_256pix_basicFLIM_120f_0013.sdt,20260520_KPC_fixed_dishes_SLIM::fitet-sf-c2-b9::4_BKOCO2form10min_740nm_3099mW_u1_poc0p6_20x0p75NA_457s50_g70_z1_256pix_basicFLIM_120f_0013,fitet-sf-c2-b9,2,"a1, a2, chi2, photons, tau1, tau2"
4_BKOCO2form10min_740nm_3099mW_u1_poc0p6_20x0p75NA_457s50_g70_z1_256pix_basicFLIM_120f_0013.sdt,20260520_KPC_fixed_dishes_SLIM::fitet-sz-c2-b9::4_BKOCO2form10min_740nm_3099mW_u1_poc0p6_20x0p75NA_457s50_g70_z1_256pix_basicFLIM_120f_0013,fitet-sz-c2-b9,2,"a1, a2, chi2, photons, tau1, tau2"
4_BKOCO2form10min_740nm_3099mW_u1_poc0p6_20x0p75NA_457s50_g70_z1_256pix_basicFLIM_120f_0014.sdt,20260520_KPC_fixed_dishes_SLIM::fitet-sf-c2-b9::4_BKOCO2form10min_740nm_3099mW_u1_poc0p6_20x0p75NA_457s50_g70_z1_256pix_basicFLIM_120f_0014,fitet-sf-c2-b9,2,"a1, a2, chi2, photons, tau1, tau2"
4_BKOCO2form10min_740nm_3099mW_u1_poc0p6_20x0p75NA_457s50_g70_z1_256pix_basicFLIM_120f_0014.sdt,20260520_KPC_fixed_dishes_SLIM::fitet-sz-c2-b9::4_BKOCO2form10min_740nm_3099mW_u1_poc0p6_20x0p75NA_457s50_g70_z1_256pix_basicFLIM_120f_0014,fitet-sz-c2-b9,2,"a1, a2, chi2, photons, tau1, tau2"
4_BKOCO2form10min_740nm_3099mW_u1_poc0p6_20x0p75NA_457s50_g70_z1_256pix_basicFLIM_120f_0015.sdt,20260520_KPC_fixed_dishes_SLIM::fitet-sf-c2-b9::4_BKOCO2form10min_740nm_3099mW_u1_poc0p6_20x0p75NA_457s50_g70_z1_256pix_basicFLIM_120f_0015,fitet-sf-c2-b9,2,"a1, a2, chi2, photons, tau1, tau2"
4_BKOCO2form10min_740nm_3099mW_u1_poc0p6_20x0p75NA_457s50_g70_z1_256pix_basicFLIM_120f_0015.sdt,20260520_KPC_fixed_dishes_SLIM::fitet-sz-c2-b9::4_BKOCO2form10min_740nm_3099mW_u1_poc0p6_20x0p75NA_457s50_g70_z1_256pix_basicFLIM_120f_0015,fitet-sz-c2-b9,2,"a1, a2, chi2, photons, tau1, tau2"
4_BKOCO2form10min_740nm_3099mW_u1_poc0p6_20x0p75NA_457s50_g70_z1_256pix_basicFLIM_120f_0016.sdt,20260520_KPC_fixed_dishes_SLIM::fitet-sf-c2-b9::4_BKOCO2form10min_740nm_3099mW_u1_poc0p6_20x0p75NA_457s50_g70_z1_256pix_basicFLIM_120f_0016,fitet-sf-c2-b9,2,"a1, a2, chi2, photons, tau1, tau2"
4_BKOCO2form10min_740nm_3099mW_u1_poc0p6_20x0p75NA_457s50_g70_z1_256pix_basicFLIM_120f_0016.sdt,20260520_KPC_fixed_dishes_SLIM::fitet-sz-c2-b9::4_BKOCO2form10min_740nm_3099mW_u1_poc0p6_20x0p75NA_457s50_g70_z1_256pix_basicFLIM_120f_0016,fitet-sz-c2-b9,2,"a1, a2, chi2, photons, tau1, tau2"
5_urea_740nm_3094mW_u1_poc0_20x0p75NA_370s10_g70_z1_256pix_basicFLIM_60f_0000.sdt,20260520_KPC_fixed_dishes_SLIM::fitet-sf-c2-b9::5_urea_740nm_3094mW_u1_poc0_20x0p75NA_370s10_g70_z1_256pix_basicFLIM_60f_0000,fitet-sf-c2-b9,2,"a1, a2, chi2, photons, tau1, tau2"
5_urea_740nm_3094mW_u1_poc0_20x0p75NA_370s10_g70_z1_256pix_basicFLIM_60f_0000.sdt,20260520_KPC_fixed_dishes_SLIM::fitet-sz-c2-b9::5_urea_740nm_3094mW_u1_poc0_20x0p75NA_370s10_g70_z1_256pix_basicFLIM_60f_0000,fitet-sz-c2-b9,2,"a1, a2, chi2, photons, tau1, tau2"
6_chromablue_740nm_3097mW_u80_poc0_20x0p75NA_457s50_g70_z1_256pix_basicFLIM_60f_0000.sdt,20260520_KPC_fixed_dishes_SLIM::fitet-sf-c2-b9::6_chromablue_740nm_3097mW_u80_poc0_20x0p75NA_457s50_g70_z1_256pix_basicFLIM_60f_0000,fitet-sf-c2-b9,2,"a1, a2, chi2, photons, tau1, tau2"
6_chromablue_740nm_3097mW_u80_poc0_20x0p75NA_457s50_g70_z1_256pix_basicFLIM_60f_0000.sdt,20260520_KPC_fixed_dishes_SLIM::fitet-sz-c2-b9::6_chromablue_740nm_3097mW_u80_poc0_20x0p75NA_457s50_g70_z1_256pix_basicFLIM_60f_0000,fitet-sz-c2-b9,2,"a1, a2, chi2, photons, tau1, tau2"
7_pollen_890nm_2879mW_u1_poc0p2_10x0p5NA_457s50_g70_z1_256pix_basicFLIM_45f_0000.sdt,20260520_KPC_fixed_dishes_SLIM::fitet-sf-c2-b9::7_pollen_890nm_2879mW_u1_poc0p2_10x0p5NA_457s50_g70_z1_256pix_basicFLIM_45f_0000,fitet-sf-c2-b9,2,"a1, a2, chi2, photons, tau1, tau2"
7_pollen_890nm_2879mW_u1_poc0p2_10x0p5NA_457s50_g70_z1_256pix_basicFLIM_45f_0000.sdt,20260520_KPC_fixed_dishes_SLIM::fitet-sz-c2-b9::7_pollen_890nm_2879mW_u1_poc0p2_10x0p5NA_457s50_g70_z1_256pix_basicFLIM_45f_0000,fitet-sz-c2-b9,2,"a1, a2, chi2, photons, tau1, tau2"
0_pollen_890nm_2890mW_u1_poc0p2_10x0p5NA_457s50_g70_z1_256pix_basicFLIM_45f_0000.sdt,20260521_KPC_live_SLIM::.::0_pollen_890nm_2890mW_u1_poc0p2_10x0p5NA_457s50_g70_z1_256pix_basicFLIM_45f_0000,.,2,"a1, a2, chi2, photons, tau1, tau2"
0_pollen_890nm_2890mW_u1_poc0p2_10x0p5NA_457s50_g70_z1_256pix_basicFLIM_45f_0000.sdt,20260521_KPC_live_SLIM::fitet-sf-c2-b1::0_pollen_890nm_2890mW_u1_poc0p2_10x0p5NA_457s50_g70_z1_256pix_basicFLIM_45f_0000,fitet-sf-c2-b1,2,"a1, a2, chi2, photons, tau1, tau2"
0_pollen_890nm_2890mW_u1_poc0p2_10x0p5NA_457s50_g70_z1_256pix_basicFLIM_45f_0000.sdt,20260521_KPC_live_SLIM::fitet-sf-c2-b3::0_pollen_890nm_2890mW_u1_poc0p2_10x0p5NA_457s50_g70_z1_256pix_basicFLIM_45f_0000,fitet-sf-c2-b3,2,"a1, a2, chi2, photons, tau1, tau2"
0_pollen_890nm_2890mW_u1_poc0p2_10x0p5NA_457s50_g70_z1_256pix_basicFLIM_45f_0000.sdt,20260521_KPC_live_SLIM::fitet-sf-c2-b9::0_pollen_890nm_2890mW_u1_poc0p2_10x0p5NA_457s50_g70_z1_256pix_basicFLIM_45f_0000,fitet-sf-c2-b9,2,"a1, a2, chi2, photons, tau1, tau2"
0_pollen_890nm_2890mW_u1_poc0p2_10x0p5NA_457s50_g70_z1_256pix_basicFLIM_45f_0000.sdt,20260521_KPC_live_SLIM::fitet-sz-c2-b1::0_pollen_890nm_2890mW_u1_poc0p2_10x0p5NA_457s50_g70_z1_256pix_basicFLIM_45f_0000,fitet-sz-c2-b1,2,"a1, a2, chi2, photons, tau1, tau2"
0_pollen_890nm_2890mW_u1_poc0p2_10x0p5NA_457s50_g70_z1_256pix_basicFLIM_45f_0000.sdt,20260521_KPC_live_SLIM::fitet-sz-c2-b3::0_pollen_890nm_2890mW_u1_poc0p2_10x0p5NA_457s50_g70_z1_256pix_basicFLIM_45f_0000,fitet-sz-c2-b3,2,"a1, a2, chi2, photons, tau1, tau2"
0_pollen_890nm_2890mW_u1_poc0p2_10x0p5NA_457s50_g70_z1_256pix_basicFLIM_45f_0000.sdt,20260521_KPC_live_SLIM::fitet-sz-c2-b9::0_pollen_890nm_2890mW_u1_poc0p2_10x0p5NA_457s50_g70_z1_256pix_basicFLIM_45f_0000,fitet-sz-c2-b9,2,"a1, a2, chi2, photons, tau1, tau2"
1_chroma_740nm_3085mW_u80_poc0_20x0p75NA_457s50_g70_z1_256pix_basicFLIM_45f_0000.sdt,20260521_KPC_live_SLIM::.::1_chroma_740nm_3085mW_u80_poc0_20x0p75NA_457s50_g70_z1_256pix_basicFLIM_45f_0000,.,2,"a1, a2, chi2, photons, tau1, tau2"
1_chroma_740nm_3085mW_u80_poc0_20x0p75NA_457s50_g70_z1_256pix_basicFLIM_45f_0000.sdt,20260521_KPC_live_SLIM::fitet-sf-c2-b1::1_chroma_740nm_3085mW_u80_poc0_20x0p75NA_457s50_g70_z1_256pix_basicFLIM_45f_0000,fitet-sf-c2-b1,2,"a1, a2, chi2, photons, tau1, tau2"
1_chroma_740nm_3085mW_u80_poc0_20x0p75NA_457s50_g70_z1_256pix_basicFLIM_45f_0000.sdt,20260521_KPC_live_SLIM::fitet-sf-c2-b3::1_chroma_740nm_3085mW_u80_poc0_20x0p75NA_457s50_g70_z1_256pix_basicFLIM_45f_0000,fitet-sf-c2-b3,2,"a1, a2, chi2, photons, tau1, tau2"
1_chroma_740nm_3085mW_u80_poc0_20x0p75NA_457s50_g70_z1_256pix_basicFLIM_45f_0000.sdt,20260521_KPC_live_SLIM::fitet-sf-c2-b9::1_chroma_740nm_3085mW_u80_poc0_20x0p75NA_457s50_g70_z1_256pix_basicFLIM_45f_0000,fitet-sf-c2-b9,2,"a1, a2, chi2, photons, tau1, tau2"
1_chroma_740nm_3085mW_u80_poc0_20x0p75NA_457s50_g70_z1_256pix_basicFLIM_45f_0000.sdt,20260521_KPC_live_SLIM::fitet-sz-c2-b1::1_chroma_740nm_3085mW_u80_poc0_20x0p75NA_457s50_g70_z1_256pix_basicFLIM_45f_0000,fitet-sz-c2-b1,2,"a1, a2, chi2, photons, tau1, tau2"
1_chroma_740nm_3085mW_u80_poc0_20x0p75NA_457s50_g70_z1_256pix_basicFLIM_45f_0000.sdt,20260521_KPC_live_SLIM::fitet-sz-c2-b3::1_chroma_740nm_3085mW_u80_poc0_20x0p75NA_457s50_g70_z1_256pix_basicFLIM_45f_0000,fitet-sz-c2-b3,2,"a1, a2, chi2, photons, tau1, tau2"
1_chroma_740nm_3085mW_u80_poc0_20x0p75NA_457s50_g70_z1_256pix_basicFLIM_45f_0000.sdt,20260521_KPC_live_SLIM::fitet-sz-c2-b9::1_chroma_740nm_3085mW_u80_poc0_20x0p75NA_457s50_g70_z1_256pix_basicFLIM_45f_0000,fitet-sz-c2-b9,2,"a1, a2, chi2, photons, tau1, tau2"
2_urea_740nm_3085mW_u1_poc0_20x0p75NA_370s10_g70_z1_256pix_basicFLIM_45f_0000.sdt,20260521_KPC_live_SLIM::.::2_urea_740nm_3085mW_u1_poc0_20x0p75NA_370s10_g70_z1_256pix_basicFLIM_45f_0000,.,2,"a1, a2, chi2, photons, tau1, tau2"
2_urea_740nm_3085mW_u1_poc0_20x0p75NA_370s10_g70_z1_256pix_basicFLIM_45f_0000.sdt,20260521_KPC_live_SLIM::fitet-sf-c2-b1::2_urea_740nm_3085mW_u1_poc0_20x0p75NA_370s10_g70_z1_256pix_basicFLIM_45f_0000,fitet-sf-c2-b1,2,"a1, a2, chi2, photons, tau1, tau2"
2_urea_740nm_3085mW_u1_poc0_20x0p75NA_370s10_g70_z1_256pix_basicFLIM_45f_0000.sdt,20260521_KPC_live_SLIM::fitet-sf-c2-b3::2_urea_740nm_3085mW_u1_poc0_20x0p75NA_370s10_g70_z1_256pix_basicFLIM_45f_0000,fitet-sf-c2-b3,2,"a1, a2, chi2, photons, tau1, tau2"
2_urea_740nm_3085mW_u1_poc0_20x0p75NA_370s10_g70_z1_256pix_basicFLIM_45f_0000.sdt,20260521_KPC_live_SLIM::fitet-sf-c2-b9::2_urea_740nm_3085mW_u1_poc0_20x0p75NA_370s10_g70_z1_256pix_basicFLIM_45f_0000,fitet-sf-c2-b9,2,"a1, a2, chi2, photons, tau1, tau2"
2_urea_740nm_3085mW_u1_poc0_20x0p75NA_370s10_g70_z1_256pix_basicFLIM_45f_0000.sdt,20260521_KPC_live_SLIM::fitet-sz-c2-b1::2_urea_740nm_3085mW_u1_poc0_20x0p75NA_370s10_g70_z1_256pix_basicFLIM_45f_0000,fitet-sz-c2-b1,2,"a1, a2, chi2, photons, tau1, tau2"
2_urea_740nm_3085mW_u1_poc0_20x0p75NA_370s10_g70_z1_256pix_basicFLIM_45f_0000.sdt,20260521_KPC_live_SLIM::fitet-sz-c2-b3::2_urea_740nm_3085mW_u1_poc0_20x0p75NA_370s10_g70_z1_256pix_basicFLIM_45f_0000,fitet-sz-c2-b3,2,"a1, a2, chi2, photons, tau1, tau2"
2_urea_740nm_3085mW_u1_poc0_20x0p75NA_370s10_g70_z1_256pix_basicFLIM_45f_0000.sdt,20260521_KPC_live_SLIM::fitet-sz-c2-b9::2_urea_740nm_3085mW_u1_poc0_20x0p75NA_370s10_g70_z1_256pix_basicFLIM_45f_0000,fitet-sz-c2-b9,2,"a1, a2, chi2, photons, tau1, tau2"
3_BKOCO2live_740nm_3085mW_u1_poc0p15_20x0p75NA_457s50_g70_z1_256pix_basicFLIM_120f_0000.sdt,20260521_KPC_live_SLIM::.::3_BKOCO2live_740nm_3085mW_u1_poc0p15_20x0p75NA_457s50_g70_z1_256pix_basicFLIM_120f_0000,.,2,"a1, a2, chi2, photons, tau1, tau2"
3_BKOCO2live_740nm_3085mW_u1_poc0p15_20x0p75NA_457s50_g70_z1_256pix_basicFLIM_120f_0000.sdt,20260521_KPC_live_SLIM::fitet-sf-c2-b1::3_BKOCO2live_740nm_3085mW_u1_poc0p15_20x0p75NA_457s50_g70_z1_256pix_basicFLIM_120f_0000,fitet-sf-c2-b1,2,"a1, a2, chi2, photons, tau1, tau2"
3_BKOCO2live_740nm_3085mW_u1_poc0p15_20x0p75NA_457s50_g70_z1_256pix_basicFLIM_120f_0000.sdt,20260521_KPC_live_SLIM::fitet-sf-c2-b3::3_BKOCO2live_740nm_3085mW_u1_poc0p15_20x0p75NA_457s50_g70_z1_256pix_basicFLIM_120f_0000,fitet-sf-c2-b3,2,"a1, a2, chi2, photons, tau1, tau2"
3_BKOCO2live_740nm_3085mW_u1_poc0p15_20x0p75NA_457s50_g70_z1_256pix_basicFLIM_120f_0000.sdt,20260521_KPC_live_SLIM::fitet-sf-c2-b9::3_BKOCO2live_740nm_3085mW_u1_poc0p15_20x0p75NA_457s50_g70_z1_256pix_basicFLIM_120f_0000,fitet-sf-c2-b9,2,"a1, a2, chi2, photons, tau1, tau2"
3_BKOCO2live_740nm_3085mW_u1_poc0p15_20x0p75NA_457s50_g70_z1_256pix_basicFLIM_120f_0000.sdt,20260521_KPC_live_SLIM::fitet-sz-c2-b1::3_BKOCO2live_740nm_3085mW_u1_poc0p15_20x0p75NA_457s50_g70_z1_256pix_basicFLIM_120f_0000,fitet-sz-c2-b1,2,"a1, a2, chi2, photons, tau1, tau2"
3_BKOCO2live_740nm_3085mW_u1_poc0p15_20x0p75NA_457s50_g70_z1_256pix_basicFLIM_120f_0000.sdt,20260521_KPC_live_SLIM::fitet-sz-c2-b3::3_BKOCO2live_740nm_3085mW_u1_poc0p15_20x0p75NA_457s50_g70_z1_256pix_basicFLIM_120f_0000,fitet-sz-c2-b3,2,"a1, a2, chi2, photons, tau1, tau2"
3_BKOCO2live_740nm_3085mW_u1_poc0p15_20x0p75NA_457s50_g70_z1_256pix_basicFLIM_120f_0000.sdt,20260521_KPC_live_SLIM::fitet-sz-c2-b9::3_BKOCO2live_740nm_3085mW_u1_poc0p15_20x0p75NA_457s50_g70_z1_256pix_basicFLIM_120f_0000,fitet-sz-c2-b9,2,"a1, a2, chi2, photons, tau1, tau2"
3_BKOCO2live_740nm_3085mW_u1_poc0p15_20x0p75NA_457s50_g70_z1_256pix_basicFLIM_120f_0001.sdt,20260521_KPC_live_SLIM::.::3_BKOCO2live_740nm_3085mW_u1_poc0p15_20x0p75NA_457s50_g70_z1_256pix_basicFLIM_120f_0001,.,2,"a1, a2, chi2, photons, tau1, tau2"
3_BKOCO2live_740nm_3085mW_u1_poc0p15_20x0p75NA_457s50_g70_z1_256pix_basicFLIM_120f_0001.sdt,20260521_KPC_live_SLIM::fitet-sf-c2-b1::3_BKOCO2live_740nm_3085mW_u1_poc0p15_20x0p75NA_457s50_g70_z1_256pix_basicFLIM_120f_0001,fitet-sf-c2-b1,2,"a1, a2, chi2, photons, tau1, tau2"
3_BKOCO2live_740nm_3085mW_u1_poc0p15_20x0p75NA_457s50_g70_z1_256pix_basicFLIM_120f_0001.sdt,20260521_KPC_live_SLIM::fitet-sf-c2-b3::3_BKOCO2live_740nm_3085mW_u1_poc0p15_20x0p75NA_457s50_g70_z1_256pix_basicFLIM_120f_0001,fitet-sf-c2-b3,2,"a1, a2, chi2, photons, tau1, tau2"
3_BKOCO2live_740nm_3085mW_u1_poc0p15_20x0p75NA_457s50_g70_z1_256pix_basicFLIM_120f_0001.sdt,20260521_KPC_live_SLIM::fitet-sf-c2-b9::3_BKOCO2live_740nm_3085mW_u1_poc0p15_20x0p75NA_457s50_g70_z1_256pix_basicFLIM_120f_0001,fitet-sf-c2-b9,2,"a1, a2, chi2, photons, tau1, tau2"
3_BKOCO2live_740nm_3085mW_u1_poc0p15_20x0p75NA_457s50_g70_z1_256pix_basicFLIM_120f_0001.sdt,20260521_KPC_live_SLIM::fitet-sz-c2-b1::3_BKOCO2live_740nm_3085mW_u1_poc0p15_20x0p75NA_457s50_g70_z1_256pix_basicFLIM_120f_0001,fitet-sz-c2-b1,2,"a1, a2, chi2, photons, tau1, tau2"
3_BKOCO2live_740nm_3085mW_u1_poc0p15_20x0p75NA_457s50_g70_z1_256pix_basicFLIM_120f_0001.sdt,20260521_KPC_live_SLIM::fitet-sz-c2-b3::3_BKOCO2live_740nm_3085mW_u1_poc0p15_20x0p75NA_457s50_g70_z1_256pix_basicFLIM_120f_0001,fitet-sz-c2-b3,2,"a1, a2, chi2, photons, tau1, tau2"
3_BKOCO2live_740nm_3085mW_u1_poc0p15_20x0p75NA_457s50_g70_z1_256pix_basicFLIM_120f_0001.sdt,20260521_KPC_live_SLIM::fitet-sz-c2-b9::3_BKOCO2live_740nm_3085mW_u1_poc0p15_20x0p75NA_457s50_g70_z1_256pix_basicFLIM_120f_0001,fitet-sz-c2-b9,2,"a1, a2, chi2, photons, tau1, tau2"
3_BKOCO2live_740nm_3085mW_u1_poc0p15_20x0p75NA_457s50_g70_z1_256pix_basicFLIM_120f_0002.sdt,20260521_KPC_live_SLIM::.::3_BKOCO2live_740nm_3085mW_u1_poc0p15_20x0p75NA_457s50_g70_z1_256pix_basicFLIM_120f_0002,.,2,"a1, a2, chi2, photons, tau1, tau2"
3_BKOCO2live_740nm_3085mW_u1_poc0p15_20x0p75NA_457s50_g70_z1_256pix_basicFLIM_120f_0002.sdt,20260521_KPC_live_SLIM::fitet-sf-c2-b1::3_BKOCO2live_740nm_3085mW_u1_poc0p15_20x0p75NA_457s50_g70_z1_256pix_basicFLIM_120f_0002,fitet-sf-c2-b1,2,"a1, a2, chi2, photons, tau1, tau2"
3_BKOCO2live_740nm_3085mW_u1_poc0p15_20x0p75NA_457s50_g70_z1_256pix_basicFLIM_120f_0002.sdt,20260521_KPC_live_SLIM::fitet-sf-c2-b3::3_BKOCO2live_740nm_3085mW_u1_poc0p15_20x0p75NA_457s50_g70_z1_256pix_basicFLIM_120f_0002,fitet-sf-c2-b3,2,"a1, a2, chi2, photons, tau1, tau2"
3_BKOCO2live_740nm_3085mW_u1_poc0p15_20x0p75NA_457s50_g70_z1_256pix_basicFLIM_120f_0002.sdt,20260521_KPC_live_SLIM::fitet-sf-c2-b9::3_BKOCO2live_740nm_3085mW_u1_poc0p15_20x0p75NA_457s50_g70_z1_256pix_basicFLIM_120f_0002,fitet-sf-c2-b9,2,"a1, a2, chi2, photons, tau1, tau2"
3_BKOCO2live_740nm_3085mW_u1_poc0p15_20x0p75NA_457s50_g70_z1_256pix_basicFLIM_120f_0002.sdt,20260521_KPC_live_SLIM::fitet-sz-c2-b1::3_BKOCO2live_740nm_3085mW_u1_poc0p15_20x0p75NA_457s50_g70_z1_256pix_basicFLIM_120f_0002,fitet-sz-c2-b1,2,"a1, a2, chi2, photons, tau1, tau2"
3_BKOCO2live_740nm_3085mW_u1_poc0p15_20x0p75NA_457s50_g70_z1_256pix_basicFLIM_120f_0002.sdt,20260521_KPC_live_SLIM::fitet-sz-c2-b3::3_BKOCO2live_740nm_3085mW_u1_poc0p15_20x0p75NA_457s50_g70_z1_256pix_basicFLIM_120f_0002,fitet-sz-c2-b3,2,"a1, a2, chi2, photons, tau1, tau2"
3_BKOCO2live_740nm_3085mW_u1_poc0p15_20x0p75NA_457s50_g70_z1_256pix_basicFLIM_120f_0002.sdt,20260521_KPC_live_SLIM::fitet-sz-c2-b9::3_BKOCO2live_740nm_3085mW_u1_poc0p15_20x0p75NA_457s50_g70_z1_256pix_basicFLIM_120f_0002,fitet-sz-c2-b9,2,"a1, a2, chi2, photons, tau1, tau2"
3_BKOCO2live_740nm_3085mW_u1_poc0p25_20x0p75NA_457s50_g70_z1_256pix_basicFLIM_120f_0000.sdt,20260521_KPC_live_SLIM::.::3_BKOCO2live_740nm_3085mW_u1_poc0p25_20x0p75NA_457s50_g70_z1_256pix_basicFLIM_120f_0000,.,2,"a1, a2, chi2, photons, tau1, tau2"
3_BKOCO2live_740nm_3085mW_u1_poc0p25_20x0p75NA_457s50_g70_z1_256pix_basicFLIM_120f_0000.sdt,20260521_KPC_live_SLIM::fitet-sf-c2-b1::3_BKOCO2live_740nm_3085mW_u1_poc0p25_20x0p75NA_457s50_g70_z1_256pix_basicFLIM_120f_0000,fitet-sf-c2-b1,2,"a1, a2, chi2, photons, tau1, tau2"
3_BKOCO2live_740nm_3085mW_u1_poc0p25_20x0p75NA_457s50_g70_z1_256pix_basicFLIM_120f_0000.sdt,20260521_KPC_live_SLIM::fitet-sf-c2-b3::3_BKOCO2live_740nm_3085mW_u1_poc0p25_20x0p75NA_457s50_g70_z1_256pix_basicFLIM_120f_0000,fitet-sf-c2-b3,2,"a1, a2, chi2, photons, tau1, tau2"
3_BKOCO2live_740nm_3085mW_u1_poc0p25_20x0p75NA_457s50_g70_z1_256pix_basicFLIM_120f_0000.sdt,20260521_KPC_live_SLIM::fitet-sf-c2-b9::3_BKOCO2live_740nm_3085mW_u1_poc0p25_20x0p75NA_457s50_g70_z1_256pix_basicFLIM_120f_0000,fitet-sf-c2-b9,2,"a1, a2, chi2, photons, tau1, tau2"
3_BKOCO2live_740nm_3085mW_u1_poc0p25_20x0p75NA_457s50_g70_z1_256pix_basicFLIM_120f_0000.sdt,20260521_KPC_live_SLIM::fitet-sz-c2-b1::3_BKOCO2live_740nm_3085mW_u1_poc0p25_20x0p75NA_457s50_g70_z1_256pix_basicFLIM_120f_0000,fitet-sz-c2-b1,2,"a1, a2, chi2, photons, tau1, tau2"
3_BKOCO2live_740nm_3085mW_u1_poc0p25_20x0p75NA_457s50_g70_z1_256pix_basicFLIM_120f_0000.sdt,20260521_KPC_live_SLIM::fitet-sz-c2-b3::3_BKOCO2live_740nm_3085mW_u1_poc0p25_20x0p75NA_457s50_g70_z1_256pix_basicFLIM_120f_0000,fitet-sz-c2-b3,2,"a1, a2, chi2, photons, tau1, tau2"
3_BKOCO2live_740nm_3085mW_u1_poc0p25_20x0p75NA_457s50_g70_z1_256pix_basicFLIM_120f_0000.sdt,20260521_KPC_live_SLIM::fitet-sz-c2-b9::3_BKOCO2live_740nm_3085mW_u1_poc0p25_20x0p75NA_457s50_g70_z1_256pix_basicFLIM_120f_0000,fitet-sz-c2-b9,2,"a1, a2, chi2, photons, tau1, tau2"
3_BKOCO2live_740nm_3085mW_u1_poc0p25_20x0p75NA_457s50_g70_z1_256pix_basicFLIM_120f_0001.sdt,20260521_KPC_live_SLIM::.::3_BKOCO2live_740nm_3085mW_u1_poc0p25_20x0p75NA_457s50_g70_z1_256pix_basicFLIM_120f_0001,.,2,"a1, a2, chi2, photons, tau1, tau2"
3_BKOCO2live_740nm_3085mW_u1_poc0p25_20x0p75NA_457s50_g70_z1_256pix_basicFLIM_120f_0001.sdt,20260521_KPC_live_SLIM::fitet-sf-c2-b1::3_BKOCO2live_740nm_3085mW_u1_poc0p25_20x0p75NA_457s50_g70_z1_256pix_basicFLIM_120f_0001,fitet-sf-c2-b1,2,"a1, a2, chi2, photons, tau1, tau2"
3_BKOCO2live_740nm_3085mW_u1_poc0p25_20x0p75NA_457s50_g70_z1_256pix_basicFLIM_120f_0001.sdt,20260521_KPC_live_SLIM::fitet-sf-c2-b3::3_BKOCO2live_740nm_3085mW_u1_poc0p25_20x0p75NA_457s50_g70_z1_256pix_basicFLIM_120f_0001,fitet-sf-c2-b3,2,"a1, a2, chi2, photons, tau1, tau2"
3_BKOCO2live_740nm_3085mW_u1_poc0p25_20x0p75NA_457s50_g70_z1_256pix_basicFLIM_120f_0001.sdt,20260521_KPC_live_SLIM::fitet-sf-c2-b9::3_BKOCO2live_740nm_3085mW_u1_poc0p25_20x0p75NA_457s50_g70_z1_256pix_basicFLIM_120f_0001,fitet-sf-c2-b9,2,"a1, a2, chi2, photons, tau1, tau2"
3_BKOCO2live_740nm_3085mW_u1_poc0p25_20x0p75NA_457s50_g70_z1_256pix_basicFLIM_120f_0001.sdt,20260521_KPC_live_SLIM::fitet-sz-c2-b1::3_BKOCO2live_740nm_3085mW_u1_poc0p25_20x0p75NA_457s50_g70_z1_256pix_basicFLIM_120f_0001,fitet-sz-c2-b1,2,"a1, a2, chi2, photons, tau1, tau2"
3_BKOCO2live_740nm_3085mW_u1_poc0p25_20x0p75NA_457s50_g70_z1_256pix_basicFLIM_120f_0001.sdt,20260521_KPC_live_SLIM::fitet-sz-c2-b3::3_BKOCO2live_740nm_3085mW_u1_poc0p25_20x0p75NA_457s50_g70_z1_256pix_basicFLIM_120f_0001,fitet-sz-c2-b3,2,"a1, a2, chi2, photons, tau1, tau2"
3_BKOCO2live_740nm_3085mW_u1_poc0p25_20x0p75NA_457s50_g70_z1_256pix_basicFLIM_120f_0001.sdt,20260521_KPC_live_SLIM::fitet-sz-c2-b9::3_BKOCO2live_740nm_3085mW_u1_poc0p25_20x0p75NA_457s50_g70_z1_256pix_basicFLIM_120f_0001,fitet-sz-c2-b9,2,"a1, a2, chi2, photons, tau1, tau2"
3_BKOCO2live_740nm_3085mW_u1_poc0p25_20x0p75NA_457s50_g70_z1_256pix_basicFLIM_120f_0002.sdt,20260521_KPC_live_SLIM::.::3_BKOCO2live_740nm_3085mW_u1_poc0p25_20x0p75NA_457s50_g70_z1_256pix_basicFLIM_120f_0002,.,2,"a1, a2, chi2, photons, tau1, tau2"
3_BKOCO2live_740nm_3085mW_u1_poc0p25_20x0p75NA_457s50_g70_z1_256pix_basicFLIM_120f_0002.sdt,20260521_KPC_live_SLIM::fitet-sf-c2-b1::3_BKOCO2live_740nm_3085mW_u1_poc0p25_20x0p75NA_457s50_g70_z1_256pix_basicFLIM_120f_0002,fitet-sf-c2-b1,2,"a1, a2, chi2, photons, tau1, tau2"
3_BKOCO2live_740nm_3085mW_u1_poc0p25_20x0p75NA_457s50_g70_z1_256pix_basicFLIM_120f_0002.sdt,20260521_KPC_live_SLIM::fitet-sf-c2-b3::3_BKOCO2live_740nm_3085mW_u1_poc0p25_20x0p75NA_457s50_g70_z1_256pix_basicFLIM_120f_0002,fitet-sf-c2-b3,2,"a1, a2, chi2, photons, tau1, tau2"
3_BKOCO2live_740nm_3085mW_u1_poc0p25_20x0p75NA_457s50_g70_z1_256pix_basicFLIM_120f_0002.sdt,20260521_KPC_live_SLIM::fitet-sf-c2-b9::3_BKOCO2live_740nm_3085mW_u1_poc0p25_20x0p75NA_457s50_g70_z1_256pix_basicFLIM_120f_0002,fitet-sf-c2-b9,2,"a1, a2, chi2, photons, tau1, tau2"
3_BKOCO2live_740nm_3085mW_u1_poc0p25_20x0p75NA_457s50_g70_z1_256pix_basicFLIM_120f_0002.sdt,20260521_KPC_live_SLIM::fitet-sz-c2-b1::3_BKOCO2live_740nm_3085mW_u1_poc0p25_20x0p75NA_457s50_g70_z1_256pix_basicFLIM_120f_0002,fitet-sz-c2-b1,2,"a1, a2, chi2, photons, tau1, tau2"
3_BKOCO2live_740nm_3085mW_u1_poc0p25_20x0p75NA_457s50_g70_z1_256pix_basicFLIM_120f_0002.sdt,20260521_KPC_live_SLIM::fitet-sz-c2-b3::3_BKOCO2live_740nm_3085mW_u1_poc0p25_20x0p75NA_457s50_g70_z1_256pix_basicFLIM_120f_0002,fitet-sz-c2-b3,2,"a1, a2, chi2, photons, tau1, tau2"
3_BKOCO2live_740nm_3085mW_u1_poc0p25_20x0p75NA_457s50_g70_z1_256pix_basicFLIM_120f_0002.sdt,20260521_KPC_live_SLIM::fitet-sz-c2-b9::3_BKOCO2live_740nm_3085mW_u1_poc0p25_20x0p75NA_457s50_g70_z1_256pix_basicFLIM_120f_0002,fitet-sz-c2-b9,2,"a1, a2, chi2, photons, tau1, tau2"
3_BKOCO2live_740nm_3085mW_u1_poc0p25_20x0p75NA_457s50_g70_z1_256pix_basicFLIM_120f_0003.sdt,20260521_KPC_live_SLIM::.::3_BKOCO2live_740nm_3085mW_u1_poc0p25_20x0p75NA_457s50_g70_z1_256pix_basicFLIM_120f_0003,.,2,"a1, a2, chi2, photons, tau1, tau2"
3_BKOCO2live_740nm_3085mW_u1_poc0p25_20x0p75NA_457s50_g70_z1_256pix_basicFLIM_120f_0003.sdt,20260521_KPC_live_SLIM::fitet-sf-c2-b1::3_BKOCO2live_740nm_3085mW_u1_poc0p25_20x0p75NA_457s50_g70_z1_256pix_basicFLIM_120f_0003,fitet-sf-c2-b1,2,"a1, a2, chi2, photons, tau1, tau2"
3_BKOCO2live_740nm_3085mW_u1_poc0p25_20x0p75NA_457s50_g70_z1_256pix_basicFLIM_120f_0003.sdt,20260521_KPC_live_SLIM::fitet-sf-c2-b3::3_BKOCO2live_740nm_3085mW_u1_poc0p25_20x0p75NA_457s50_g70_z1_256pix_basicFLIM_120f_0003,fitet-sf-c2-b3,2,"a1, a2, chi2, photons, tau1, tau2"
3_BKOCO2live_740nm_3085mW_u1_poc0p25_20x0p75NA_457s50_g70_z1_256pix_basicFLIM_120f_0003.sdt,20260521_KPC_live_SLIM::fitet-sf-c2-b9::3_BKOCO2live_740nm_3085mW_u1_poc0p25_20x0p75NA_457s50_g70_z1_256pix_basicFLIM_120f_0003,fitet-sf-c2-b9,2,"a1, a2, chi2, photons, tau1, tau2"
3_BKOCO2live_740nm_3085mW_u1_poc0p25_20x0p75NA_457s50_g70_z1_256pix_basicFLIM_120f_0003.sdt,20260521_KPC_live_SLIM::fitet-sz-c2-b1::3_BKOCO2live_740nm_3085mW_u1_poc0p25_20x0p75NA_457s50_g70_z1_256pix_basicFLIM_120f_0003,fitet-sz-c2-b1,2,"a1, a2, chi2, photons, tau1, tau2"
3_BKOCO2live_740nm_3085mW_u1_poc0p25_20x0p75NA_457s50_g70_z1_256pix_basicFLIM_120f_0003.sdt,20260521_KPC_live_SLIM::fitet-sz-c2-b3::3_BKOCO2live_740nm_3085mW_u1_poc0p25_20x0p75NA_457s50_g70_z1_256pix_basicFLIM_120f_0003,fitet-sz-c2-b3,2,"a1, a2, chi2, photons, tau1, tau2"
3_BKOCO2live_740nm_3085mW_u1_poc0p25_20x0p75NA_457s50_g70_z1_256pix_basicFLIM_120f_0003.sdt,20260521_KPC_live_SLIM::fitet-sz-c2-b9::3_BKOCO2live_740nm_3085mW_u1_poc0p25_20x0p75NA_457s50_g70_z1_256pix_basicFLIM_120f_0003,fitet-sz-c2-b9,2,"a1, a2, chi2, photons, tau1, tau2"
3_BKOCO2live_740nm_3085mW_u1_poc0p25_20x0p75NA_457s50_g70_z1_256pix_basicFLIM_120f_0004.sdt,20260521_KPC_live_SLIM::.::3_BKOCO2live_740nm_3085mW_u1_poc0p25_20x0p75NA_457s50_g70_z1_256pix_basicFLIM_120f_0004,.,2,"a1, a2, chi2, photons, tau1, tau2"
3_BKOCO2live_740nm_3085mW_u1_poc0p25_20x0p75NA_457s50_g70_z1_256pix_basicFLIM_120f_0004.sdt,20260521_KPC_live_SLIM::fitet-sf-c2-b1::3_BKOCO2live_740nm_3085mW_u1_poc0p25_20x0p75NA_457s50_g70_z1_256pix_basicFLIM_120f_0004,fitet-sf-c2-b1,2,"a1, a2, chi2, photons, tau1, tau2"
3_BKOCO2live_740nm_3085mW_u1_poc0p25_20x0p75NA_457s50_g70_z1_256pix_basicFLIM_120f_0004.sdt,20260521_KPC_live_SLIM::fitet-sf-c2-b3::3_BKOCO2live_740nm_3085mW_u1_poc0p25_20x0p75NA_457s50_g70_z1_256pix_basicFLIM_120f_0004,fitet-sf-c2-b3,2,"a1, a2, chi2, photons, tau1, tau2"
3_BKOCO2live_740nm_3085mW_u1_poc0p25_20x0p75NA_457s50_g70_z1_256pix_basicFLIM_120f_0004.sdt,20260521_KPC_live_SLIM::fitet-sf-c2-b9::3_BKOCO2live_740nm_3085mW_u1_poc0p25_20x0p75NA_457s50_g70_z1_256pix_basicFLIM_120f_0004,fitet-sf-c2-b9,2,"a1, a2, chi2, photons, tau1, tau2"
3_BKOCO2live_740nm_3085mW_u1_poc0p25_20x0p75NA_457s50_g70_z1_256pix_basicFLIM_120f_0004.sdt,20260521_KPC_live_SLIM::fitet-sz-c2-b1::3_BKOCO2live_740nm_3085mW_u1_poc0p25_20x0p75NA_457s50_g70_z1_256pix_basicFLIM_120f_0004,fitet-sz-c2-b1,2,"a1, a2, chi2, photons, tau1, tau2"
3_BKOCO2live_740nm_3085mW_u1_poc0p25_20x0p75NA_457s50_g70_z1_256pix_basicFLIM_120f_0004.sdt,20260521_KPC_live_SLIM::fitet-sz-c2-b3::3_BKOCO2live_740nm_3085mW_u1_poc0p25_20x0p75NA_457s50_g70_z1_256pix_basicFLIM_120f_0004,fitet-sz-c2-b3,2,"a1, a2, chi2, photons, tau1, tau2"
3_BKOCO2live_740nm_3085mW_u1_poc0p25_20x0p75NA_457s50_g70_z1_256pix_basicFLIM_120f_0004.sdt,20260521_KPC_live_SLIM::fitet-sz-c2-b9::3_BKOCO2live_740nm_3085mW_u1_poc0p25_20x0p75NA_457s50_g70_z1_256pix_basicFLIM_120f_0004,fitet-sz-c2-b9,2,"a1, a2, chi2, photons, tau1, tau2"
3_BKOCO2live_740nm_3085mW_u1_poc0p25_20x0p75NA_457s50_g70_z1_256pix_basicFLIM_120f_0005.sdt,20260521_KPC_live_SLIM::.::3_BKOCO2live_740nm_3085mW_u1_poc0p25_20x0p75NA_457s50_g70_z1_256pix_basicFLIM_120f_0005,.,2,"a1, a2, chi2, photons, tau1, tau2"
3_BKOCO2live_740nm_3085mW_u1_poc0p25_20x0p75NA_457s50_g70_z1_256pix_basicFLIM_120f_0005.sdt,20260521_KPC_live_SLIM::fitet-sf-c2-b1::3_BKOCO2live_740nm_3085mW_u1_poc0p25_20x0p75NA_457s50_g70_z1_256pix_basicFLIM_120f_0005,fitet-sf-c2-b1,2,"a1, a2, chi2, photons, tau1, tau2"
3_BKOCO2live_740nm_3085mW_u1_poc0p25_20x0p75NA_457s50_g70_z1_256pix_basicFLIM_120f_0005.sdt,20260521_KPC_live_SLIM::fitet-sf-c2-b3::3_BKOCO2live_740nm_3085mW_u1_poc0p25_20x0p75NA_457s50_g70_z1_256pix_basicFLIM_120f_0005,fitet-sf-c2-b3,2,"a1, a2, chi2, photons, tau1, tau2"
3_BKOCO2live_740nm_3085mW_u1_poc0p25_20x0p75NA_457s50_g70_z1_256pix_basicFLIM_120f_0005.sdt,20260521_KPC_live_SLIM::fitet-sf-c2-b9::3_BKOCO2live_740nm_3085mW_u1_poc0p25_20x0p75NA_457s50_g70_z1_256pix_basicFLIM_120f_0005,fitet-sf-c2-b9,2,"a1, a2, chi2, photons, tau1, tau2"
3_BKOCO2live_740nm_3085mW_u1_poc0p25_20x0p75NA_457s50_g70_z1_256pix_basicFLIM_120f_0005.sdt,20260521_KPC_live_SLIM::fitet-sz-c2-b1::3_BKOCO2live_740nm_3085mW_u1_poc0p25_20x0p75NA_457s50_g70_z1_256pix_basicFLIM_120f_0005,fitet-sz-c2-b1,2,"a1, a2, chi2, photons, tau1, tau2"
3_BKOCO2live_740nm_3085mW_u1_poc0p25_20x0p75NA_457s50_g70_z1_256pix_basicFLIM_120f_0005.sdt,20260521_KPC_live_SLIM::fitet-sz-c2-b3::3_BKOCO2live_740nm_3085mW_u1_poc0p25_20x0p75NA_457s50_g70_z1_256pix_basicFLIM_120f_0005,fitet-sz-c2-b3,2,"a1, a2, chi2, photons, tau1, tau2"
3_BKOCO2live_740nm_3085mW_u1_poc0p25_20x0p75NA_457s50_g70_z1_256pix_basicFLIM_120f_0005.sdt,20260521_KPC_live_SLIM::fitet-sz-c2-b9::3_BKOCO2live_740nm_3085mW_u1_poc0p25_20x0p75NA_457s50_g70_z1_256pix_basicFLIM_120f_0005,fitet-sz-c2-b9,2,"a1, a2, chi2, photons, tau1, tau2"
3_BKOCO2live_740nm_3085mW_u1_poc0p25_20x0p75NA_457s50_g70_z1_256pix_basicFLIM_120f_0006.sdt,20260521_KPC_live_SLIM::fitet-sf-c2-b1::3_BKOCO2live_740nm_3085mW_u1_poc0p25_20x0p75NA_457s50_g70_z1_256pix_basicFLIM_120f_0006,fitet-sf-c2-b1,2,"a1, a2, chi2, photons, tau1, tau2"
3_BKOCO2live_740nm_3085mW_u1_poc0p25_20x0p75NA_457s50_g70_z1_256pix_basicFLIM_120f_0006.sdt,20260521_KPC_live_SLIM::fitet-sf-c2-b3::3_BKOCO2live_740nm_3085mW_u1_poc0p25_20x0p75NA_457s50_g70_z1_256pix_basicFLIM_120f_0006,fitet-sf-c2-b3,2,"a1, a2, chi2, photons, tau1, tau2"
3_BKOCO2live_740nm_3085mW_u1_poc0p25_20x0p75NA_457s50_g70_z1_256pix_basicFLIM_120f_0006.sdt,20260521_KPC_live_SLIM::fitet-sf-c2-b9::3_BKOCO2live_740nm_3085mW_u1_poc0p25_20x0p75NA_457s50_g70_z1_256pix_basicFLIM_120f_0006,fitet-sf-c2-b9,2,"a1, a2, chi2, photons, tau1, tau2"
3_BKOCO2live_740nm_3085mW_u1_poc0p25_20x0p75NA_457s50_g70_z1_256pix_basicFLIM_120f_0006.sdt,20260521_KPC_live_SLIM::fitet-sz-c2-b1::3_BKOCO2live_740nm_3085mW_u1_poc0p25_20x0p75NA_457s50_g70_z1_256pix_basicFLIM_120f_0006,fitet-sz-c2-b1,2,"a1, a2, chi2, photons, tau1, tau2"
3_BKOCO2live_740nm_3085mW_u1_poc0p25_20x0p75NA_457s50_g70_z1_256pix_basicFLIM_120f_0006.sdt,20260521_KPC_live_SLIM::fitet-sz-c2-b3::3_BKOCO2live_740nm_3085mW_u1_poc0p25_20x0p75NA_457s50_g70_z1_256pix_basicFLIM_120f_0006,fitet-sz-c2-b3,2,"a1, a2, chi2, photons, tau1, tau2"
3_BKOCO2live_740nm_3085mW_u1_poc0p25_20x0p75NA_457s50_g70_z1_256pix_basicFLIM_120f_0006.sdt,20260521_KPC_live_SLIM::fitet-sz-c2-b9::3_BKOCO2live_740nm_3085mW_u1_poc0p25_20x0p75NA_457s50_g70_z1_256pix_basicFLIM_120f_0006,fitet-sz-c2-b9,2,"a1, a2, chi2, photons, tau1, tau2"
3_BKOCO2live_740nm_3085mW_u1_poc0p25_20x0p75NA_457s50_g70_z1_256pix_basicFLIM_120f_0007.sdt,20260521_KPC_live_SLIM::fitet-sf-c2-b1::3_BKOCO2live_740nm_3085mW_u1_poc0p25_20x0p75NA_457s50_g70_z1_256pix_basicFLIM_120f_0007,fitet-sf-c2-b1,2,"a1, a2, chi2, photons, tau1, tau2"
3_BKOCO2live_740nm_3085mW_u1_poc0p25_20x0p75NA_457s50_g70_z1_256pix_basicFLIM_120f_0007.sdt,20260521_KPC_live_SLIM::fitet-sf-c2-b3::3_BKOCO2live_740nm_3085mW_u1_poc0p25_20x0p75NA_457s50_g70_z1_256pix_basicFLIM_120f_0007,fitet-sf-c2-b3,2,"a1, a2, chi2, photons, tau1, tau2"
3_BKOCO2live_740nm_3085mW_u1_poc0p25_20x0p75NA_457s50_g70_z1_256pix_basicFLIM_120f_0007.sdt,20260521_KPC_live_SLIM::fitet-sf-c2-b9::3_BKOCO2live_740nm_3085mW_u1_poc0p25_20x0p75NA_457s50_g70_z1_256pix_basicFLIM_120f_0007,fitet-sf-c2-b9,2,"a1, a2, chi2, photons, tau1, tau2"
3_BKOCO2live_740nm_3085mW_u1_poc0p25_20x0p75NA_457s50_g70_z1_256pix_basicFLIM_120f_0007.sdt,20260521_KPC_live_SLIM::fitet-sz-c2-b1::3_BKOCO2live_740nm_3085mW_u1_poc0p25_20x0p75NA_457s50_g70_z1_256pix_basicFLIM_120f_0007,fitet-sz-c2-b1,2,"a1, a2, chi2, photons, tau1, tau2"
3_BKOCO2live_740nm_3085mW_u1_poc0p25_20x0p75NA_457s50_g70_z1_256pix_basicFLIM_120f_0007.sdt,20260521_KPC_live_SLIM::fitet-sz-c2-b3::3_BKOCO2live_740nm_3085mW_u1_poc0p25_20x0p75NA_457s50_g70_z1_256pix_basicFLIM_120f_0007,fitet-sz-c2-b3,2,"a1, a2, chi2, photons, tau1, tau2"
3_BKOCO2live_740nm_3085mW_u1_poc0p25_20x0p75NA_457s50_g70_z1_256pix_basicFLIM_120f_0007.sdt,20260521_KPC_live_SLIM::fitet-sz-c2-b9::3_BKOCO2live_740nm_3085mW_u1_poc0p25_20x0p75NA_457s50_g70_z1_256pix_basicFLIM_120f_0007,fitet-sz-c2-b9,2,"a1, a2, chi2, photons, tau1, tau2"
3_BKOCO2live_740nm_3085mW_u1_poc0p25_20x0p75NA_457s50_g70_z1_256pix_basicFLIM_120f_0008.sdt,20260521_KPC_live_SLIM::fitet-sf-c2-b1::3_BKOCO2live_740nm_3085mW_u1_poc0p25_20x0p75NA_457s50_g70_z1_256pix_basicFLIM_120f_0008,fitet-sf-c2-b1,2,"a1, a2, chi2, photons, tau1, tau2"
3_BKOCO2live_740nm_3085mW_u1_poc0p25_20x0p75NA_457s50_g70_z1_256pix_basicFLIM_120f_0008.sdt,20260521_KPC_live_SLIM::fitet-sf-c2-b3::3_BKOCO2live_740nm_3085mW_u1_poc0p25_20x0p75NA_457s50_g70_z1_256pix_basicFLIM_120f_0008,fitet-sf-c2-b3,2,"a1, a2, chi2, photons, tau1, tau2"
3_BKOCO2live_740nm_3085mW_u1_poc0p25_20x0p75NA_457s50_g70_z1_256pix_basicFLIM_120f_0008.sdt,20260521_KPC_live_SLIM::fitet-sf-c2-b9::3_BKOCO2live_740nm_3085mW_u1_poc0p25_20x0p75NA_457s50_g70_z1_256pix_basicFLIM_120f_0008,fitet-sf-c2-b9,2,"a1, a2, chi2, photons, tau1, tau2"
3_BKOCO2live_740nm_3085mW_u1_poc0p25_20x0p75NA_457s50_g70_z1_256pix_basicFLIM_120f_0008.sdt,20260521_KPC_live_SLIM::fitet-sz-c2-b1::3_BKOCO2live_740nm_3085mW_u1_poc0p25_20x0p75NA_457s50_g70_z1_256pix_basicFLIM_120f_0008,fitet-sz-c2-b1,2,"a1, a2, chi2, photons, tau1, tau2"
3_BKOCO2live_740nm_3085mW_u1_poc0p25_20x0p75NA_457s50_g70_z1_256pix_basicFLIM_120f_0008.sdt,20260521_KPC_live_SLIM::fitet-sz-c2-b3::3_BKOCO2live_740nm_3085mW_u1_poc0p25_20x0p75NA_457s50_g70_z1_256pix_basicFLIM_120f_0008,fitet-sz-c2-b3,2,"a1, a2, chi2, photons, tau1, tau2"
3_BKOCO2live_740nm_3085mW_u1_poc0p25_20x0p75NA_457s50_g70_z1_256pix_basicFLIM_120f_0008.sdt,20260521_KPC_live_SLIM::fitet-sz-c2-b9::3_BKOCO2live_740nm_3085mW_u1_poc0p25_20x0p75NA_457s50_g70_z1_256pix_basicFLIM_120f_0008,fitet-sz-c2-b9,2,"a1, a2, chi2, photons, tau1, tau2"
3_BKOCO2live_740nm_3085mW_u1_poc0p25_20x0p75NA_457s50_g70_z1_256pix_basicFLIM_120f_0009.sdt,20260521_KPC_live_SLIM::fitet-sf-c2-b1::3_BKOCO2live_740nm_3085mW_u1_poc0p25_20x0p75NA_457s50_g70_z1_256pix_basicFLIM_120f_0009,fitet-sf-c2-b1,2,"a1, a2, chi2, photons, tau1, tau2"
3_BKOCO2live_740nm_3085mW_u1_poc0p25_20x0p75NA_457s50_g70_z1_256pix_basicFLIM_120f_0009.sdt,20260521_KPC_live_SLIM::fitet-sf-c2-b3::3_BKOCO2live_740nm_3085mW_u1_poc0p25_20x0p75NA_457s50_g70_z1_256pix_basicFLIM_120f_0009,fitet-sf-c2-b3,2,"a1, a2, chi2, photons, tau1, tau2"
3_BKOCO2live_740nm_3085mW_u1_poc0p25_20x0p75NA_457s50_g70_z1_256pix_basicFLIM_120f_0009.sdt,20260521_KPC_live_SLIM::fitet-sf-c2-b9::3_BKOCO2live_740nm_3085mW_u1_poc0p25_20x0p75NA_457s50_g70_z1_256pix_basicFLIM_120f_0009,fitet-sf-c2-b9,2,"a1, a2, chi2, photons, tau1, tau2"
3_BKOCO2live_740nm_3085mW_u1_poc0p25_20x0p75NA_457s50_g70_z1_256pix_basicFLIM_120f_0009.sdt,20260521_KPC_live_SLIM::fitet-sz-c2-b1::3_BKOCO2live_740nm_3085mW_u1_poc0p25_20x0p75NA_457s50_g70_z1_256pix_basicFLIM_120f_0009,fitet-sz-c2-b1,2,"a1, a2, chi2, photons, tau1, tau2"
3_BKOCO2live_740nm_3085mW_u1_poc0p25_20x0p75NA_457s50_g70_z1_256pix_basicFLIM_120f_0009.sdt,20260521_KPC_live_SLIM::fitet-sz-c2-b3::3_BKOCO2live_740nm_3085mW_u1_poc0p25_20x0p75NA_457s50_g70_z1_256pix_basicFLIM_120f_0009,fitet-sz-c2-b3,2,"a1, a2, chi2, photons, tau1, tau2"
3_BKOCO2live_740nm_3085mW_u1_poc0p25_20x0p75NA_457s50_g70_z1_256pix_basicFLIM_120f_0009.sdt,20260521_KPC_live_SLIM::fitet-sz-c2-b9::3_BKOCO2live_740nm_3085mW_u1_poc0p25_20x0p75NA_457s50_g70_z1_256pix_basicFLIM_120f_0009,fitet-sz-c2-b9,2,"a1, a2, chi2, photons, tau1, tau2"
3_BKOCO2live_740nm_3085mW_u1_poc0p25_20x0p75NA_457s50_g70_z1_256pix_basicFLIM_120f_0010.sdt,20260521_KPC_live_SLIM::fitet-sf-c2-b1::3_BKOCO2live_740nm_3085mW_u1_poc0p25_20x0p75NA_457s50_g70_z1_256pix_basicFLIM_120f_0010,fitet-sf-c2-b1,2,"a1, a2, chi2, photons, tau1, tau2"
3_BKOCO2live_740nm_3085mW_u1_poc0p25_20x0p75NA_457s50_g70_z1_256pix_basicFLIM_120f_0010.sdt,20260521_KPC_live_SLIM::fitet-sf-c2-b3::3_BKOCO2live_740nm_3085mW_u1_poc0p25_20x0p75NA_457s50_g70_z1_256pix_basicFLIM_120f_0010,fitet-sf-c2-b3,2,"a1, a2, chi2, photons, tau1, tau2"
3_BKOCO2live_740nm_3085mW_u1_poc0p25_20x0p75NA_457s50_g70_z1_256pix_basicFLIM_120f_0010.sdt,20260521_KPC_live_SLIM::fitet-sf-c2-b9::3_BKOCO2live_740nm_3085mW_u1_poc0p25_20x0p75NA_457s50_g70_z1_256pix_basicFLIM_120f_0010,fitet-sf-c2-b9,2,"a1, a2, chi2, photons, tau1, tau2"
3_BKOCO2live_740nm_3085mW_u1_poc0p25_20x0p75NA_457s50_g70_z1_256pix_basicFLIM_120f_0010.sdt,20260521_KPC_live_SLIM::fitet-sz-c2-b1::3_BKOCO2live_740nm_3085mW_u1_poc0p25_20x0p75NA_457s50_g70_z1_256pix_basicFLIM_120f_0010,fitet-sz-c2-b1,2,"a1, a2, chi2, photons, tau1, tau2"
3_BKOCO2live_740nm_3085mW_u1_poc0p25_20x0p75NA_457s50_g70_z1_256pix_basicFLIM_120f_0010.sdt,20260521_KPC_live_SLIM::fitet-sz-c2-b3::3_BKOCO2live_740nm_3085mW_u1_poc0p25_20x0p75NA_457s50_g70_z1_256pix_basicFLIM_120f_0010,fitet-sz-c2-b3,2,"a1, a2, chi2, photons, tau1, tau2"
3_BKOCO2live_740nm_3085mW_u1_poc0p25_20x0p75NA_457s50_g70_z1_256pix_basicFLIM_120f_0010.sdt,20260521_KPC_live_SLIM::fitet-sz-c2-b9::3_BKOCO2live_740nm_3085mW_u1_poc0p25_20x0p75NA_457s50_g70_z1_256pix_basicFLIM_120f_0010,fitet-sz-c2-b9,2,"a1, a2, chi2, photons, tau1, tau2"
3_BKOCO2live_740nm_3085mW_u1_poc0p25_20x0p75NA_457s50_g70_z1_256pix_basicFLIM_120f_0011.sdt,20260521_KPC_live_SLIM::fitet-sf-c2-b1::3_BKOCO2live_740nm_3085mW_u1_poc0p25_20x0p75NA_457s50_g70_z1_256pix_basicFLIM_120f_0011,fitet-sf-c2-b1,2,"a1, a2, chi2, photons, tau1, tau2"
3_BKOCO2live_740nm_3085mW_u1_poc0p25_20x0p75NA_457s50_g70_z1_256pix_basicFLIM_120f_0011.sdt,20260521_KPC_live_SLIM::fitet-sf-c2-b3::3_BKOCO2live_740nm_3085mW_u1_poc0p25_20x0p75NA_457s50_g70_z1_256pix_basicFLIM_120f_0011,fitet-sf-c2-b3,2,"a1, a2, chi2, photons, tau1, tau2"
3_BKOCO2live_740nm_3085mW_u1_poc0p25_20x0p75NA_457s50_g70_z1_256pix_basicFLIM_120f_0011.sdt,20260521_KPC_live_SLIM::fitet-sf-c2-b9::3_BKOCO2live_740nm_3085mW_u1_poc0p25_20x0p75NA_457s50_g70_z1_256pix_basicFLIM_120f_0011,fitet-sf-c2-b9,2,"a1, a2, chi2, photons, tau1, tau2"
3_BKOCO2live_740nm_3085mW_u1_poc0p25_20x0p75NA_457s50_g70_z1_256pix_basicFLIM_120f_0011.sdt,20260521_KPC_live_SLIM::fitet-sz-c2-b1::3_BKOCO2live_740nm_3085mW_u1_poc0p25_20x0p75NA_457s50_g70_z1_256pix_basicFLIM_120f_0011,fitet-sz-c2-b1,2,"a1, a2, chi2, photons, tau1, tau2"
3_BKOCO2live_740nm_3085mW_u1_poc0p25_20x0p75NA_457s50_g70_z1_256pix_basicFLIM_120f_0011.sdt,20260521_KPC_live_SLIM::fitet-sz-c2-b3::3_BKOCO2live_740nm_3085mW_u1_poc0p25_20x0p75NA_457s50_g70_z1_256pix_basicFLIM_120f_0011,fitet-sz-c2-b3,2,"a1, a2, chi2, photons, tau1, tau2"
3_BKOCO2live_740nm_3085mW_u1_poc0p25_20x0p75NA_457s50_g70_z1_256pix_basicFLIM_120f_0011.sdt,20260521_KPC_live_SLIM::fitet-sz-c2-b9::3_BKOCO2live_740nm_3085mW_u1_poc0p25_20x0p75NA_457s50_g70_z1_256pix_basicFLIM_120f_0011,fitet-sz-c2-b9,2,"a1, a2, chi2, photons, tau1, tau2"
3_BKOCO2live_740nm_3085mW_u1_poc0p25_20x0p75NA_457s50_g70_z1_256pix_basicFLIM_120f_0012.sdt,20260521_KPC_live_SLIM::fitet-sf-c2-b1::3_BKOCO2live_740nm_3085mW_u1_poc0p25_20x0p75NA_457s50_g70_z1_256pix_basicFLIM_120f_0012,fitet-sf-c2-b1,2,"a1, a2, chi2, photons, tau1, tau2"
3_BKOCO2live_740nm_3085mW_u1_poc0p25_20x0p75NA_457s50_g70_z1_256pix_basicFLIM_120f_0012.sdt,20260521_KPC_live_SLIM::fitet-sf-c2-b3::3_BKOCO2live_740nm_3085mW_u1_poc0p25_20x0p75NA_457s50_g70_z1_256pix_basicFLIM_120f_0012,fitet-sf-c2-b3,2,"a1, a2, chi2, photons, tau1, tau2"
3_BKOCO2live_740nm_3085mW_u1_poc0p25_20x0p75NA_457s50_g70_z1_256pix_basicFLIM_120f_0012.sdt,20260521_KPC_live_SLIM::fitet-sf-c2-b9::3_BKOCO2live_740nm_3085mW_u1_poc0p25_20x0p75NA_457s50_g70_z1_256pix_basicFLIM_120f_0012,fitet-sf-c2-b9,2,"a1, a2, chi2, photons, tau1, tau2"
3_BKOCO2live_740nm_3085mW_u1_poc0p25_20x0p75NA_457s50_g70_z1_256pix_basicFLIM_120f_0012.sdt,20260521_KPC_live_SLIM::fitet-sz-c2-b1::3_BKOCO2live_740nm_3085mW_u1_poc0p25_20x0p75NA_457s50_g70_z1_256pix_basicFLIM_120f_0012,fitet-sz-c2-b1,2,"a1, a2, chi2, photons, tau1, tau2"
3_BKOCO2live_740nm_3085mW_u1_poc0p25_20x0p75NA_457s50_g70_z1_256pix_basicFLIM_120f_0012.sdt,20260521_KPC_live_SLIM::fitet-sz-c2-b3::3_BKOCO2live_740nm_3085mW_u1_poc0p25_20x0p75NA_457s50_g70_z1_256pix_basicFLIM_120f_0012,fitet-sz-c2-b3,2,"a1, a2, chi2, photons, tau1, tau2"
3_BKOCO2live_740nm_3085mW_u1_poc0p25_20x0p75NA_457s50_g70_z1_256pix_basicFLIM_120f_0012.sdt,20260521_KPC_live_SLIM::fitet-sz-c2-b9::3_BKOCO2live_740nm_3085mW_u1_poc0p25_20x0p75NA_457s50_g70_z1_256pix_basicFLIM_120f_0012,fitet-sz-c2-b9,2,"a1, a2, chi2, photons, tau1, tau2"
3_BKOCO2live_740nm_3085mW_u1_poc0p25_20x0p75NA_457s50_g70_z1_256pix_basicFLIM_120f_0013.sdt,20260521_KPC_live_SLIM::fitet-sf-c2-b1::3_BKOCO2live_740nm_3085mW_u1_poc0p25_20x0p75NA_457s50_g70_z1_256pix_basicFLIM_120f_0013,fitet-sf-c2-b1,2,"a1, a2, chi2, photons, tau1, tau2"
3_BKOCO2live_740nm_3085mW_u1_poc0p25_20x0p75NA_457s50_g70_z1_256pix_basicFLIM_120f_0013.sdt,20260521_KPC_live_SLIM::fitet-sf-c2-b3::3_BKOCO2live_740nm_3085mW_u1_poc0p25_20x0p75NA_457s50_g70_z1_256pix_basicFLIM_120f_0013,fitet-sf-c2-b3,2,"a1, a2, chi2, photons, tau1, tau2"
3_BKOCO2live_740nm_3085mW_u1_poc0p25_20x0p75NA_457s50_g70_z1_256pix_basicFLIM_120f_0013.sdt,20260521_KPC_live_SLIM::fitet-sf-c2-b9::3_BKOCO2live_740nm_3085mW_u1_poc0p25_20x0p75NA_457s50_g70_z1_256pix_basicFLIM_120f_0013,fitet-sf-c2-b9,2,"a1, a2, chi2, photons, tau1, tau2"
3_BKOCO2live_740nm_3085mW_u1_poc0p25_20x0p75NA_457s50_g70_z1_256pix_basicFLIM_120f_0013.sdt,20260521_KPC_live_SLIM::fitet-sz-c2-b1::3_BKOCO2live_740nm_3085mW_u1_poc0p25_20x0p75NA_457s50_g70_z1_256pix_basicFLIM_120f_0013,fitet-sz-c2-b1,2,"a1, a2, chi2, photons, tau1, tau2"
3_BKOCO2live_740nm_3085mW_u1_poc0p25_20x0p75NA_457s50_g70_z1_256pix_basicFLIM_120f_0013.sdt,20260521_KPC_live_SLIM::fitet-sz-c2-b3::3_BKOCO2live_740nm_3085mW_u1_poc0p25_20x0p75NA_457s50_g70_z1_256pix_basicFLIM_120f_0013,fitet-sz-c2-b3,2,"a1, a2, chi2, photons, tau1, tau2"
3_BKOCO2live_740nm_3085mW_u1_poc0p25_20x0p75NA_457s50_g70_z1_256pix_basicFLIM_120f_0013.sdt,20260521_KPC_live_SLIM::fitet-sz-c2-b9::3_BKOCO2live_740nm_3085mW_u1_poc0p25_20x0p75NA_457s50_g70_z1_256pix_basicFLIM_120f_0013,fitet-sz-c2-b9,2,"a1, a2, chi2, photons, tau1, tau2"
3_BKOCO2live_740nm_3085mW_u1_poc0p25_20x0p75NA_457s50_g70_z1_256pix_basicFLIM_120f_0014.sdt,20260521_KPC_live_SLIM::fitet-sf-c2-b1::3_BKOCO2live_740nm_3085mW_u1_poc0p25_20x0p75NA_457s50_g70_z1_256pix_basicFLIM_120f_0014,fitet-sf-c2-b1,2,"a1, a2, chi2, photons, tau1, tau2"
3_BKOCO2live_740nm_3085mW_u1_poc0p25_20x0p75NA_457s50_g70_z1_256pix_basicFLIM_120f_0014.sdt,20260521_KPC_live_SLIM::fitet-sf-c2-b3::3_BKOCO2live_740nm_3085mW_u1_poc0p25_20x0p75NA_457s50_g70_z1_256pix_basicFLIM_120f_0014,fitet-sf-c2-b3,2,"a1, a2, chi2, photons, tau1, tau2"
3_BKOCO2live_740nm_3085mW_u1_poc0p25_20x0p75NA_457s50_g70_z1_256pix_basicFLIM_120f_0014.sdt,20260521_KPC_live_SLIM::fitet-sf-c2-b9::3_BKOCO2live_740nm_3085mW_u1_poc0p25_20x0p75NA_457s50_g70_z1_256pix_basicFLIM_120f_0014,fitet-sf-c2-b9,2,"a1, a2, chi2, photons, tau1, tau2"
3_BKOCO2live_740nm_3085mW_u1_poc0p25_20x0p75NA_457s50_g70_z1_256pix_basicFLIM_120f_0014.sdt,20260521_KPC_live_SLIM::fitet-sz-c2-b1::3_BKOCO2live_740nm_3085mW_u1_poc0p25_20x0p75NA_457s50_g70_z1_256pix_basicFLIM_120f_0014,fitet-sz-c2-b1,2,"a1, a2, chi2, photons, tau1, tau2"
3_BKOCO2live_740nm_3085mW_u1_poc0p25_20x0p75NA_457s50_g70_z1_256pix_basicFLIM_120f_0014.sdt,20260521_KPC_live_SLIM::fitet-sz-c2-b3::3_BKOCO2live_740nm_3085mW_u1_poc0p25_20x0p75NA_457s50_g70_z1_256pix_basicFLIM_120f_0014,fitet-sz-c2-b3,2,"a1, a2, chi2, photons, tau1, tau2"
3_BKOCO2live_740nm_3085mW_u1_poc0p25_20x0p75NA_457s50_g70_z1_256pix_basicFLIM_120f_0014.sdt,20260521_KPC_live_SLIM::fitet-sz-c2-b9::3_BKOCO2live_740nm_3085mW_u1_poc0p25_20x0p75NA_457s50_g70_z1_256pix_basicFLIM_120f_0014,fitet-sz-c2-b9,2,"a1, a2, chi2, photons, tau1, tau2"
3_BKOCO2live_posn11_to_13_740nm_3085mW_u1_poc0p25_20x0p75NA_457s50_g70_z1_256pix_basicFLIM_120f_0000.sdt,20260521_KPC_live_SLIM::fitet-sf-c2-b1::3_BKOCO2live_posn11_to_13_740nm_3085mW_u1_poc0p25_20x0p75NA_457s50_g70_z1_256pix_basicFLIM_120f_0000,fitet-sf-c2-b1,2,"a1, a2, chi2, photons, tau1, tau2"
3_BKOCO2live_posn11_to_13_740nm_3085mW_u1_poc0p25_20x0p75NA_457s50_g70_z1_256pix_basicFLIM_120f_0000.sdt,20260521_KPC_live_SLIM::fitet-sf-c2-b3::3_BKOCO2live_posn11_to_13_740nm_3085mW_u1_poc0p25_20x0p75NA_457s50_g70_z1_256pix_basicFLIM_120f_0000,fitet-sf-c2-b3,2,"a1, a2, chi2, photons, tau1, tau2"
3_BKOCO2live_posn11_to_13_740nm_3085mW_u1_poc0p25_20x0p75NA_457s50_g70_z1_256pix_basicFLIM_120f_0000.sdt,20260521_KPC_live_SLIM::fitet-sf-c2-b9::3_BKOCO2live_posn11_to_13_740nm_3085mW_u1_poc0p25_20x0p75NA_457s50_g70_z1_256pix_basicFLIM_120f_0000,fitet-sf-c2-b9,2,"a1, a2, chi2, photons, tau1, tau2"
3_BKOCO2live_posn11_to_13_740nm_3085mW_u1_poc0p25_20x0p75NA_457s50_g70_z1_256pix_basicFLIM_120f_0000.sdt,20260521_KPC_live_SLIM::fitet-sz-c2-b1::3_BKOCO2live_posn11_to_13_740nm_3085mW_u1_poc0p25_20x0p75NA_457s50_g70_z1_256pix_basicFLIM_120f_0000,fitet-sz-c2-b1,2,"a1, a2, chi2, photons, tau1, tau2"
3_BKOCO2live_posn11_to_13_740nm_3085mW_u1_poc0p25_20x0p75NA_457s50_g70_z1_256pix_basicFLIM_120f_0000.sdt,20260521_KPC_live_SLIM::fitet-sz-c2-b3::3_BKOCO2live_posn11_to_13_740nm_3085mW_u1_poc0p25_20x0p75NA_457s50_g70_z1_256pix_basicFLIM_120f_0000,fitet-sz-c2-b3,2,"a1, a2, chi2, photons, tau1, tau2"
3_BKOCO2live_posn11_to_13_740nm_3085mW_u1_poc0p25_20x0p75NA_457s50_g70_z1_256pix_basicFLIM_120f_0000.sdt,20260521_KPC_live_SLIM::fitet-sz-c2-b9::3_BKOCO2live_posn11_to_13_740nm_3085mW_u1_poc0p25_20x0p75NA_457s50_g70_z1_256pix_basicFLIM_120f_0000,fitet-sz-c2-b9,2,"a1, a2, chi2, photons, tau1, tau2"
3_BKOCO2live_posn11_to_13_740nm_3085mW_u1_poc0p25_20x0p75NA_457s50_g70_z1_256pix_basicFLIM_120f_0001.sdt,20260521_KPC_live_SLIM::fitet-sf-c2-b1::3_BKOCO2live_posn11_to_13_740nm_3085mW_u1_poc0p25_20x0p75NA_457s50_g70_z1_256pix_basicFLIM_120f_0001,fitet-sf-c2-b1,2,"a1, a2, chi2, photons, tau1, tau2"
3_BKOCO2live_posn11_to_13_740nm_3085mW_u1_poc0p25_20x0p75NA_457s50_g70_z1_256pix_basicFLIM_120f_0001.sdt,20260521_KPC_live_SLIM::fitet-sf-c2-b3::3_BKOCO2live_posn11_to_13_740nm_3085mW_u1_poc0p25_20x0p75NA_457s50_g70_z1_256pix_basicFLIM_120f_0001,fitet-sf-c2-b3,2,"a1, a2, chi2, photons, tau1, tau2"
3_BKOCO2live_posn11_to_13_740nm_3085mW_u1_poc0p25_20x0p75NA_457s50_g70_z1_256pix_basicFLIM_120f_0001.sdt,20260521_KPC_live_SLIM::fitet-sf-c2-b9::3_BKOCO2live_posn11_to_13_740nm_3085mW_u1_poc0p25_20x0p75NA_457s50_g70_z1_256pix_basicFLIM_120f_0001,fitet-sf-c2-b9,2,"a1, a2, chi2, photons, tau1, tau2"
3_BKOCO2live_posn11_to_13_740nm_3085mW_u1_poc0p25_20x0p75NA_457s50_g70_z1_256pix_basicFLIM_120f_0001.sdt,20260521_KPC_live_SLIM::fitet-sz-c2-b1::3_BKOCO2live_posn11_to_13_740nm_3085mW_u1_poc0p25_20x0p75NA_457s50_g70_z1_256pix_basicFLIM_120f_0001,fitet-sz-c2-b1,2,"a1, a2, chi2, photons, tau1, tau2"
3_BKOCO2live_posn11_to_13_740nm_3085mW_u1_poc0p25_20x0p75NA_457s50_g70_z1_256pix_basicFLIM_120f_0001.sdt,20260521_KPC_live_SLIM::fitet-sz-c2-b3::3_BKOCO2live_posn11_to_13_740nm_3085mW_u1_poc0p25_20x0p75NA_457s50_g70_z1_256pix_basicFLIM_120f_0001,fitet-sz-c2-b3,2,"a1, a2, chi2, photons, tau1, tau2"
3_BKOCO2live_posn11_to_13_740nm_3085mW_u1_poc0p25_20x0p75NA_457s50_g70_z1_256pix_basicFLIM_120f_0001.sdt,20260521_KPC_live_SLIM::fitet-sz-c2-b9::3_BKOCO2live_posn11_to_13_740nm_3085mW_u1_poc0p25_20x0p75NA_457s50_g70_z1_256pix_basicFLIM_120f_0001,fitet-sz-c2-b9,2,"a1, a2, chi2, photons, tau1, tau2"
3_BKOCO2live_posn11_to_13_740nm_3085mW_u1_poc0p25_20x0p75NA_457s50_g70_z1_256pix_basicFLIM_120f_0002.sdt,20260521_KPC_live_SLIM::fitet-sf-c2-b1::3_BKOCO2live_posn11_to_13_740nm_3085mW_u1_poc0p25_20x0p75NA_457s50_g70_z1_256pix_basicFLIM_120f_0002,fitet-sf-c2-b1,2,"a1, a2, chi2, photons, tau1, tau2"
3_BKOCO2live_posn11_to_13_740nm_3085mW_u1_poc0p25_20x0p75NA_457s50_g70_z1_256pix_basicFLIM_120f_0002.sdt,20260521_KPC_live_SLIM::fitet-sf-c2-b3::3_BKOCO2live_posn11_to_13_740nm_3085mW_u1_poc0p25_20x0p75NA_457s50_g70_z1_256pix_basicFLIM_120f_0002,fitet-sf-c2-b3,2,"a1, a2, chi2, photons, tau1, tau2"
3_BKOCO2live_posn11_to_13_740nm_3085mW_u1_poc0p25_20x0p75NA_457s50_g70_z1_256pix_basicFLIM_120f_0002.sdt,20260521_KPC_live_SLIM::fitet-sf-c2-b9::3_BKOCO2live_posn11_to_13_740nm_3085mW_u1_poc0p25_20x0p75NA_457s50_g70_z1_256pix_basicFLIM_120f_0002,fitet-sf-c2-b9,2,"a1, a2, chi2, photons, tau1, tau2"
3_BKOCO2live_posn11_to_13_740nm_3085mW_u1_poc0p25_20x0p75NA_457s50_g70_z1_256pix_basicFLIM_120f_0002.sdt,20260521_KPC_live_SLIM::fitet-sz-c2-b1::3_BKOCO2live_posn11_to_13_740nm_3085mW_u1_poc0p25_20x0p75NA_457s50_g70_z1_256pix_basicFLIM_120f_0002,fitet-sz-c2-b1,2,"a1, a2, chi2, photons, tau1, tau2"
3_BKOCO2live_posn11_to_13_740nm_3085mW_u1_poc0p25_20x0p75NA_457s50_g70_z1_256pix_basicFLIM_120f_0002.sdt,20260521_KPC_live_SLIM::fitet-sz-c2-b3::3_BKOCO2live_posn11_to_13_740nm_3085mW_u1_poc0p25_20x0p75NA_457s50_g70_z1_256pix_basicFLIM_120f_0002,fitet-sz-c2-b3,2,"a1, a2, chi2, photons, tau1, tau2"
3_BKOCO2live_posn11_to_13_740nm_3085mW_u1_poc0p25_20x0p75NA_457s50_g70_z1_256pix_basicFLIM_120f_0002.sdt,20260521_KPC_live_SLIM::fitet-sz-c2-b9::3_BKOCO2live_posn11_to_13_740nm_3085mW_u1_poc0p25_20x0p75NA_457s50_g70_z1_256pix_basicFLIM_120f_0002,fitet-sz-c2-b9,2,"a1, a2, chi2, photons, tau1, tau2"
3_BKOCO2live_740nm_3085mW_u1_poc0p25_20x0p75NA_535s50_g70_z1_256pix_basicFLIM_120f_0000.sdt,20260521_KPC_live_SLIM::fitet-sf-c2-b1::3_BKOCO2live_740nm_3085mW_u1_poc0p25_20x0p75NA_535s50_g70_z1_256pix_basicFLIM_120f_0000,fitet-sf-c2-b1,2,"a1, a2, chi2, photons, tau1, tau2"
3_BKOCO2live_740nm_3085mW_u1_poc0p25_20x0p75NA_535s50_g70_z1_256pix_basicFLIM_120f_0000.sdt,20260521_KPC_live_SLIM::fitet-sf-c2-b3::3_BKOCO2live_740nm_3085mW_u1_poc0p25_20x0p75NA_535s50_g70_z1_256pix_basicFLIM_120f_0000,fitet-sf-c2-b3,2,"a1, a2, chi2, photons, tau1, tau2"
3_BKOCO2live_740nm_3085mW_u1_poc0p25_20x0p75NA_535s50_g70_z1_256pix_basicFLIM_120f_0000.sdt,20260521_KPC_live_SLIM::fitet-sf-c2-b9::3_BKOCO2live_740nm_3085mW_u1_poc0p25_20x0p75NA_535s50_g70_z1_256pix_basicFLIM_120f_0000,fitet-sf-c2-b9,2,"a1, a2, chi2, photons, tau1, tau2"
3_BKOCO2live_740nm_3085mW_u1_poc0p25_20x0p75NA_535s50_g70_z1_256pix_basicFLIM_120f_0000.sdt,20260521_KPC_live_SLIM::fitet-sz-c2-b1::3_BKOCO2live_740nm_3085mW_u1_poc0p25_20x0p75NA_535s50_g70_z1_256pix_basicFLIM_120f_0000,fitet-sz-c2-b1,2,"a1, a2, chi2, photons, tau1, tau2"
3_BKOCO2live_740nm_3085mW_u1_poc0p25_20x0p75NA_535s50_g70_z1_256pix_basicFLIM_120f_0000.sdt,20260521_KPC_live_SLIM::fitet-sz-c2-b3::3_BKOCO2live_740nm_3085mW_u1_poc0p25_20x0p75NA_535s50_g70_z1_256pix_basicFLIM_120f_0000,fitet-sz-c2-b3,2,"a1, a2, chi2, photons, tau1, tau2"
3_BKOCO2live_740nm_3085mW_u1_poc0p25_20x0p75NA_535s50_g70_z1_256pix_basicFLIM_120f_0000.sdt,20260521_KPC_live_SLIM::fitet-sz-c2-b9::3_BKOCO2live_740nm_3085mW_u1_poc0p25_20x0p75NA_535s50_g70_z1_256pix_basicFLIM_120f_0000,fitet-sz-c2-b9,2,"a1, a2, chi2, photons, tau1, tau2"
3_BKOCO2live_740nm_3085mW_u1_poc0p25_20x0p75NA_535s50_g70_z1_256pix_basicFLIM_120f_0001.sdt,20260521_KPC_live_SLIM::fitet-sf-c2-b1::3_BKOCO2live_740nm_3085mW_u1_poc0p25_20x0p75NA_535s50_g70_z1_256pix_basicFLIM_120f_0001,fitet-sf-c2-b1,2,"a1, a2, chi2, photons, tau1, tau2"
3_BKOCO2live_740nm_3085mW_u1_poc0p25_20x0p75NA_535s50_g70_z1_256pix_basicFLIM_120f_0001.sdt,20260521_KPC_live_SLIM::fitet-sf-c2-b3::3_BKOCO2live_740nm_3085mW_u1_poc0p25_20x0p75NA_535s50_g70_z1_256pix_basicFLIM_120f_0001,fitet-sf-c2-b3,2,"a1, a2, chi2, photons, tau1, tau2"
3_BKOCO2live_740nm_3085mW_u1_poc0p25_20x0p75NA_535s50_g70_z1_256pix_basicFLIM_120f_0001.sdt,20260521_KPC_live_SLIM::fitet-sf-c2-b9::3_BKOCO2live_740nm_3085mW_u1_poc0p25_20x0p75NA_535s50_g70_z1_256pix_basicFLIM_120f_0001,fitet-sf-c2-b9,2,"a1, a2, chi2, photons, tau1, tau2"
3_BKOCO2live_740nm_3085mW_u1_poc0p25_20x0p75NA_535s50_g70_z1_256pix_basicFLIM_120f_0001.sdt,20260521_KPC_live_SLIM::fitet-sz-c2-b1::3_BKOCO2live_740nm_3085mW_u1_poc0p25_20x0p75NA_535s50_g70_z1_256pix_basicFLIM_120f_0001,fitet-sz-c2-b1,2,"a1, a2, chi2, photons, tau1, tau2"
3_BKOCO2live_740nm_3085mW_u1_poc0p25_20x0p75NA_535s50_g70_z1_256pix_basicFLIM_120f_0001.sdt,20260521_KPC_live_SLIM::fitet-sz-c2-b3::3_BKOCO2live_740nm_3085mW_u1_poc0p25_20x0p75NA_535s50_g70_z1_256pix_basicFLIM_120f_0001,fitet-sz-c2-b3,2,"a1, a2, chi2, photons, tau1, tau2"
3_BKOCO2live_740nm_3085mW_u1_poc0p25_20x0p75NA_535s50_g70_z1_256pix_basicFLIM_120f_0001.sdt,20260521_KPC_live_SLIM::fitet-sz-c2-b9::3_BKOCO2live_740nm_3085mW_u1_poc0p25_20x0p75NA_535s50_g70_z1_256pix_basicFLIM_120f_0001,fitet-sz-c2-b9,2,"a1, a2, chi2, photons, tau1, tau2"
3_BKOCO2live_740nm_3085mW_u1_poc0p25_20x0p75NA_535s50_g70_z1_256pix_basicFLIM_120f_0002.sdt,20260521_KPC_live_SLIM::fitet-sf-c2-b1::3_BKOCO2live_740nm_3085mW_u1_poc0p25_20x0p75NA_535s50_g70_z1_256pix_basicFLIM_120f_0002,fitet-sf-c2-b1,2,"a1, a2, chi2, photons, tau1, tau2"
3_BKOCO2live_740nm_3085mW_u1_poc0p25_20x0p75NA_535s50_g70_z1_256pix_basicFLIM_120f_0002.sdt,20260521_KPC_live_SLIM::fitet-sf-c2-b3::3_BKOCO2live_740nm_3085mW_u1_poc0p25_20x0p75NA_535s50_g70_z1_256pix_basicFLIM_120f_0002,fitet-sf-c2-b3,2,"a1, a2, chi2, photons, tau1, tau2"
3_BKOCO2live_740nm_3085mW_u1_poc0p25_20x0p75NA_535s50_g70_z1_256pix_basicFLIM_120f_0002.sdt,20260521_KPC_live_SLIM::fitet-sf-c2-b9::3_BKOCO2live_740nm_3085mW_u1_poc0p25_20x0p75NA_535s50_g70_z1_256pix_basicFLIM_120f_0002,fitet-sf-c2-b9,2,"a1, a2, chi2, photons, tau1, tau2"
3_BKOCO2live_740nm_3085mW_u1_poc0p25_20x0p75NA_535s50_g70_z1_256pix_basicFLIM_120f_0002.sdt,20260521_KPC_live_SLIM::fitet-sz-c2-b1::3_BKOCO2live_740nm_3085mW_u1_poc0p25_20x0p75NA_535s50_g70_z1_256pix_basicFLIM_120f_0002,fitet-sz-c2-b1,2,"a1, a2, chi2, photons, tau1, tau2"
3_BKOCO2live_740nm_3085mW_u1_poc0p25_20x0p75NA_535s50_g70_z1_256pix_basicFLIM_120f_0002.sdt,20260521_KPC_live_SLIM::fitet-sz-c2-b3::3_BKOCO2live_740nm_3085mW_u1_poc0p25_20x0p75NA_535s50_g70_z1_256pix_basicFLIM_120f_0002,fitet-sz-c2-b3,2,"a1, a2, chi2, photons, tau1, tau2"
3_BKOCO2live_740nm_3085mW_u1_poc0p25_20x0p75NA_535s50_g70_z1_256pix_basicFLIM_120f_0002.sdt,20260521_KPC_live_SLIM::fitet-sz-c2-b9::3_BKOCO2live_740nm_3085mW_u1_poc0p25_20x0p75NA_535s50_g70_z1_256pix_basicFLIM_120f_0002,fitet-sz-c2-b9,2,"a1, a2, chi2, photons, tau1, tau2"
3_BKOCO2live_740nm_3085mW_u1_poc0p25_20x0p75NA_535s50_g70_z1_256pix_basicFLIM_120f_0003.sdt,20260521_KPC_live_SLIM::fitet-sf-c2-b1::3_BKOCO2live_740nm_3085mW_u1_poc0p25_20x0p75NA_535s50_g70_z1_256pix_basicFLIM_120f_0003,fitet-sf-c2-b1,2,"a1, a2, chi2, photons, tau1, tau2"
3_BKOCO2live_740nm_3085mW_u1_poc0p25_20x0p75NA_535s50_g70_z1_256pix_basicFLIM_120f_0003.sdt,20260521_KPC_live_SLIM::fitet-sf-c2-b3::3_BKOCO2live_740nm_3085mW_u1_poc0p25_20x0p75NA_535s50_g70_z1_256pix_basicFLIM_120f_0003,fitet-sf-c2-b3,2,"a1, a2, chi2, photons, tau1, tau2"
3_BKOCO2live_740nm_3085mW_u1_poc0p25_20x0p75NA_535s50_g70_z1_256pix_basicFLIM_120f_0003.sdt,20260521_KPC_live_SLIM::fitet-sf-c2-b9::3_BKOCO2live_740nm_3085mW_u1_poc0p25_20x0p75NA_535s50_g70_z1_256pix_basicFLIM_120f_0003,fitet-sf-c2-b9,2,"a1, a2, chi2, photons, tau1, tau2"
3_BKOCO2live_740nm_3085mW_u1_poc0p25_20x0p75NA_535s50_g70_z1_256pix_basicFLIM_120f_0003.sdt,20260521_KPC_live_SLIM::fitet-sz-c2-b1::3_BKOCO2live_740nm_3085mW_u1_poc0p25_20x0p75NA_535s50_g70_z1_256pix_basicFLIM_120f_0003,fitet-sz-c2-b1,2,"a1, a2, chi2, photons, tau1, tau2"
3_BKOCO2live_740nm_3085mW_u1_poc0p25_20x0p75NA_535s50_g70_z1_256pix_basicFLIM_120f_0003.sdt,20260521_KPC_live_SLIM::fitet-sz-c2-b3::3_BKOCO2live_740nm_3085mW_u1_poc0p25_20x0p75NA_535s50_g70_z1_256pix_basicFLIM_120f_0003,fitet-sz-c2-b3,2,"a1, a2, chi2, photons, tau1, tau2"
3_BKOCO2live_740nm_3085mW_u1_poc0p25_20x0p75NA_535s50_g70_z1_256pix_basicFLIM_120f_0003.sdt,20260521_KPC_live_SLIM::fitet-sz-c2-b9::3_BKOCO2live_740nm_3085mW_u1_poc0p25_20x0p75NA_535s50_g70_z1_256pix_basicFLIM_120f_0003,fitet-sz-c2-b9,2,"a1, a2, chi2, photons, tau1, tau2"
3_BKOCO2live_740nm_3085mW_u1_poc0p25_20x0p75NA_535s50_g70_z1_256pix_basicFLIM_120f_0004.sdt,20260521_KPC_live_SLIM::fitet-sf-c2-b1::3_BKOCO2live_740nm_3085mW_u1_poc0p25_20x0p75NA_535s50_g70_z1_256pix_basicFLIM_120f_0004,fitet-sf-c2-b1,2,"a1, a2, chi2, photons, tau1, tau2"
3_BKOCO2live_740nm_3085mW_u1_poc0p25_20x0p75NA_535s50_g70_z1_256pix_basicFLIM_120f_0004.sdt,20260521_KPC_live_SLIM::fitet-sf-c2-b3::3_BKOCO2live_740nm_3085mW_u1_poc0p25_20x0p75NA_535s50_g70_z1_256pix_basicFLIM_120f_0004,fitet-sf-c2-b3,2,"a1, a2, chi2, photons, tau1, tau2"
3_BKOCO2live_740nm_3085mW_u1_poc0p25_20x0p75NA_535s50_g70_z1_256pix_basicFLIM_120f_0004.sdt,20260521_KPC_live_SLIM::fitet-sf-c2-b9::3_BKOCO2live_740nm_3085mW_u1_poc0p25_20x0p75NA_535s50_g70_z1_256pix_basicFLIM_120f_0004,fitet-sf-c2-b9,2,"a1, a2, chi2, photons, tau1, tau2"
3_BKOCO2live_740nm_3085mW_u1_poc0p25_20x0p75NA_535s50_g70_z1_256pix_basicFLIM_120f_0004.sdt,20260521_KPC_live_SLIM::fitet-sz-c2-b1::3_BKOCO2live_740nm_3085mW_u1_poc0p25_20x0p75NA_535s50_g70_z1_256pix_basicFLIM_120f_0004,fitet-sz-c2-b1,2,"a1, a2, chi2, photons, tau1, tau2"
3_BKOCO2live_740nm_3085mW_u1_poc0p25_20x0p75NA_535s50_g70_z1_256pix_basicFLIM_120f_0004.sdt,20260521_KPC_live_SLIM::fitet-sz-c2-b3::3_BKOCO2live_740nm_3085mW_u1_poc0p25_20x0p75NA_535s50_g70_z1_256pix_basicFLIM_120f_0004,fitet-sz-c2-b3,2,"a1, a2, chi2, photons, tau1, tau2"
3_BKOCO2live_740nm_3085mW_u1_poc0p25_20x0p75NA_535s50_g70_z1_256pix_basicFLIM_120f_0004.sdt,20260521_KPC_live_SLIM::fitet-sz-c2-b9::3_BKOCO2live_740nm_3085mW_u1_poc0p25_20x0p75NA_535s50_g70_z1_256pix_basicFLIM_120f_0004,fitet-sz-c2-b9,2,"a1, a2, chi2, photons, tau1, tau2"
3_BKOCO2live_740nm_3085mW_u1_poc0p25_20x0p75NA_535s50_g70_z1_256pix_basicFLIM_120f_0005.sdt,20260521_KPC_live_SLIM::fitet-sf-c2-b1::3_BKOCO2live_740nm_3085mW_u1_poc0p25_20x0p75NA_535s50_g70_z1_256pix_basicFLIM_120f_0005,fitet-sf-c2-b1,2,"a1, a2, chi2, photons, tau1, tau2"
3_BKOCO2live_740nm_3085mW_u1_poc0p25_20x0p75NA_535s50_g70_z1_256pix_basicFLIM_120f_0005.sdt,20260521_KPC_live_SLIM::fitet-sf-c2-b3::3_BKOCO2live_740nm_3085mW_u1_poc0p25_20x0p75NA_535s50_g70_z1_256pix_basicFLIM_120f_0005,fitet-sf-c2-b3,2,"a1, a2, chi2, photons, tau1, tau2"
3_BKOCO2live_740nm_3085mW_u1_poc0p25_20x0p75NA_535s50_g70_z1_256pix_basicFLIM_120f_0005.sdt,20260521_KPC_live_SLIM::fitet-sf-c2-b9::3_BKOCO2live_740nm_3085mW_u1_poc0p25_20x0p75NA_535s50_g70_z1_256pix_basicFLIM_120f_0005,fitet-sf-c2-b9,2,"a1, a2, chi2, photons, tau1, tau2"
3_BKOCO2live_740nm_3085mW_u1_poc0p25_20x0p75NA_535s50_g70_z1_256pix_basicFLIM_120f_0005.sdt,20260521_KPC_live_SLIM::fitet-sz-c2-b1::3_BKOCO2live_740nm_3085mW_u1_poc0p25_20x0p75NA_535s50_g70_z1_256pix_basicFLIM_120f_0005,fitet-sz-c2-b1,2,"a1, a2, chi2, photons, tau1, tau2"
3_BKOCO2live_740nm_3085mW_u1_poc0p25_20x0p75NA_535s50_g70_z1_256pix_basicFLIM_120f_0005.sdt,20260521_KPC_live_SLIM::fitet-sz-c2-b3::3_BKOCO2live_740nm_3085mW_u1_poc0p25_20x0p75NA_535s50_g70_z1_256pix_basicFLIM_120f_0005,fitet-sz-c2-b3,2,"a1, a2, chi2, photons, tau1, tau2"
3_BKOCO2live_740nm_3085mW_u1_poc0p25_20x0p75NA_535s50_g70_z1_256pix_basicFLIM_120f_0005.sdt,20260521_KPC_live_SLIM::fitet-sz-c2-b9::3_BKOCO2live_740nm_3085mW_u1_poc0p25_20x0p75NA_535s50_g70_z1_256pix_basicFLIM_120f_0005,fitet-sz-c2-b9,2,"a1, a2, chi2, photons, tau1, tau2"
3_BKOCO2live_740nm_3085mW_u1_poc0p25_20x0p75NA_535s50_g70_z1_256pix_basicFLIM_120f_0006.sdt,20260521_KPC_live_SLIM::fitet-sf-c2-b1::3_BKOCO2live_740nm_3085mW_u1_poc0p25_20x0p75NA_535s50_g70_z1_256pix_basicFLIM_120f_0006,fitet-sf-c2-b1,2,"a1, a2, chi2, photons, tau1, tau2"
3_BKOCO2live_740nm_3085mW_u1_poc0p25_20x0p75NA_535s50_g70_z1_256pix_basicFLIM_120f_0006.sdt,20260521_KPC_live_SLIM::fitet-sf-c2-b3::3_BKOCO2live_740nm_3085mW_u1_poc0p25_20x0p75NA_535s50_g70_z1_256pix_basicFLIM_120f_0006,fitet-sf-c2-b3,2,"a1, a2, chi2, photons, tau1, tau2"
3_BKOCO2live_740nm_3085mW_u1_poc0p25_20x0p75NA_535s50_g70_z1_256pix_basicFLIM_120f_0006.sdt,20260521_KPC_live_SLIM::fitet-sf-c2-b9::3_BKOCO2live_740nm_3085mW_u1_poc0p25_20x0p75NA_535s50_g70_z1_256pix_basicFLIM_120f_0006,fitet-sf-c2-b9,2,"a1, a2, chi2, photons, tau1, tau2"
3_BKOCO2live_740nm_3085mW_u1_poc0p25_20x0p75NA_535s50_g70_z1_256pix_basicFLIM_120f_0006.sdt,20260521_KPC_live_SLIM::fitet-sz-c2-b1::3_BKOCO2live_740nm_3085mW_u1_poc0p25_20x0p75NA_535s50_g70_z1_256pix_basicFLIM_120f_0006,fitet-sz-c2-b1,2,"a1, a2, chi2, photons, tau1, tau2"
3_BKOCO2live_740nm_3085mW_u1_poc0p25_20x0p75NA_535s50_g70_z1_256pix_basicFLIM_120f_0006.sdt,20260521_KPC_live_SLIM::fitet-sz-c2-b3::3_BKOCO2live_740nm_3085mW_u1_poc0p25_20x0p75NA_535s50_g70_z1_256pix_basicFLIM_120f_0006,fitet-sz-c2-b3,2,"a1, a2, chi2, photons, tau1, tau2"
3_BKOCO2live_740nm_3085mW_u1_poc0p25_20x0p75NA_535s50_g70_z1_256pix_basicFLIM_120f_0006.sdt,20260521_KPC_live_SLIM::fitet-sz-c2-b9::3_BKOCO2live_740nm_3085mW_u1_poc0p25_20x0p75NA_535s50_g70_z1_256pix_basicFLIM_120f_0006,fitet-sz-c2-b9,2,"a1, a2, chi2, photons, tau1, tau2"
3_BKOCO2live_740nm_3085mW_u1_poc0p25_20x0p75NA_535s50_g70_z1_256pix_basicFLIM_120f_0007.sdt,20260521_KPC_live_SLIM::fitet-sf-c2-b1::3_BKOCO2live_740nm_3085mW_u1_poc0p25_20x0p75NA_535s50_g70_z1_256pix_basicFLIM_120f_0007,fitet-sf-c2-b1,2,"a1, a2, chi2, photons, tau1, tau2"
3_BKOCO2live_740nm_3085mW_u1_poc0p25_20x0p75NA_535s50_g70_z1_256pix_basicFLIM_120f_0007.sdt,20260521_KPC_live_SLIM::fitet-sf-c2-b3::3_BKOCO2live_740nm_3085mW_u1_poc0p25_20x0p75NA_535s50_g70_z1_256pix_basicFLIM_120f_0007,fitet-sf-c2-b3,2,"a1, a2, chi2, photons, tau1, tau2"
3_BKOCO2live_740nm_3085mW_u1_poc0p25_20x0p75NA_535s50_g70_z1_256pix_basicFLIM_120f_0007.sdt,20260521_KPC_live_SLIM::fitet-sf-c2-b9::3_BKOCO2live_740nm_3085mW_u1_poc0p25_20x0p75NA_535s50_g70_z1_256pix_basicFLIM_120f_0007,fitet-sf-c2-b9,2,"a1, a2, chi2, photons, tau1, tau2"
3_BKOCO2live_740nm_3085mW_u1_poc0p25_20x0p75NA_535s50_g70_z1_256pix_basicFLIM_120f_0007.sdt,20260521_KPC_live_SLIM::fitet-sz-c2-b1::3_BKOCO2live_740nm_3085mW_u1_poc0p25_20x0p75NA_535s50_g70_z1_256pix_basicFLIM_120f_0007,fitet-sz-c2-b1,2,"a1, a2, chi2, photons, tau1, tau2"
3_BKOCO2live_740nm_3085mW_u1_poc0p25_20x0p75NA_535s50_g70_z1_256pix_basicFLIM_120f_0007.sdt,20260521_KPC_live_SLIM::fitet-sz-c2-b3::3_BKOCO2live_740nm_3085mW_u1_poc0p25_20x0p75NA_535s50_g70_z1_256pix_basicFLIM_120f_0007,fitet-sz-c2-b3,2,"a1, a2, chi2, photons, tau1, tau2"
3_BKOCO2live_740nm_3085mW_u1_poc0p25_20x0p75NA_535s50_g70_z1_256pix_basicFLIM_120f_0007.sdt,20260521_KPC_live_SLIM::fitet-sz-c2-b9::3_BKOCO2live_740nm_3085mW_u1_poc0p25_20x0p75NA_535s50_g70_z1_256pix_basicFLIM_120f_0007,fitet-sz-c2-b9,2,"a1, a2, chi2, photons, tau1, tau2"
3_BKOCO2live_740nm_3085mW_u1_poc0p25_20x0p75NA_535s50_g70_z1_256pix_basicFLIM_120f_0008.sdt,20260521_KPC_live_SLIM::fitet-sf-c2-b1::3_BKOCO2live_740nm_3085mW_u1_poc0p25_20x0p75NA_535s50_g70_z1_256pix_basicFLIM_120f_0008,fitet-sf-c2-b1,2,"a1, a2, chi2, photons, tau1, tau2"
3_BKOCO2live_740nm_3085mW_u1_poc0p25_20x0p75NA_535s50_g70_z1_256pix_basicFLIM_120f_0008.sdt,20260521_KPC_live_SLIM::fitet-sf-c2-b3::3_BKOCO2live_740nm_3085mW_u1_poc0p25_20x0p75NA_535s50_g70_z1_256pix_basicFLIM_120f_0008,fitet-sf-c2-b3,2,"a1, a2, chi2, photons, tau1, tau2"
3_BKOCO2live_740nm_3085mW_u1_poc0p25_20x0p75NA_535s50_g70_z1_256pix_basicFLIM_120f_0008.sdt,20260521_KPC_live_SLIM::fitet-sf-c2-b9::3_BKOCO2live_740nm_3085mW_u1_poc0p25_20x0p75NA_535s50_g70_z1_256pix_basicFLIM_120f_0008,fitet-sf-c2-b9,2,"a1, a2, chi2, photons, tau1, tau2"
3_BKOCO2live_740nm_3085mW_u1_poc0p25_20x0p75NA_535s50_g70_z1_256pix_basicFLIM_120f_0008.sdt,20260521_KPC_live_SLIM::fitet-sz-c2-b1::3_BKOCO2live_740nm_3085mW_u1_poc0p25_20x0p75NA_535s50_g70_z1_256pix_basicFLIM_120f_0008,fitet-sz-c2-b1,2,"a1, a2, chi2, photons, tau1, tau2"
3_BKOCO2live_740nm_3085mW_u1_poc0p25_20x0p75NA_535s50_g70_z1_256pix_basicFLIM_120f_0008.sdt,20260521_KPC_live_SLIM::fitet-sz-c2-b3::3_BKOCO2live_740nm_3085mW_u1_poc0p25_20x0p75NA_535s50_g70_z1_256pix_basicFLIM_120f_0008,fitet-sz-c2-b3,2,"a1, a2, chi2, photons, tau1, tau2"
3_BKOCO2live_740nm_3085mW_u1_poc0p25_20x0p75NA_535s50_g70_z1_256pix_basicFLIM_120f_0008.sdt,20260521_KPC_live_SLIM::fitet-sz-c2-b9::3_BKOCO2live_740nm_3085mW_u1_poc0p25_20x0p75NA_535s50_g70_z1_256pix_basicFLIM_120f_0008,fitet-sz-c2-b9,2,"a1, a2, chi2, photons, tau1, tau2"
3_BKOCO2live_740nm_3085mW_u1_poc0p25_20x0p75NA_535s50_g70_z1_256pix_basicFLIM_120f_0009.sdt,20260521_KPC_live_SLIM::fitet-sf-c2-b1::3_BKOCO2live_740nm_3085mW_u1_poc0p25_20x0p75NA_535s50_g70_z1_256pix_basicFLIM_120f_0009,fitet-sf-c2-b1,2,"a1, a2, chi2, photons, tau1, tau2"
3_BKOCO2live_740nm_3085mW_u1_poc0p25_20x0p75NA_535s50_g70_z1_256pix_basicFLIM_120f_0009.sdt,20260521_KPC_live_SLIM::fitet-sf-c2-b3::3_BKOCO2live_740nm_3085mW_u1_poc0p25_20x0p75NA_535s50_g70_z1_256pix_basicFLIM_120f_0009,fitet-sf-c2-b3,2,"a1, a2, chi2, photons, tau1, tau2"
3_BKOCO2live_740nm_3085mW_u1_poc0p25_20x0p75NA_535s50_g70_z1_256pix_basicFLIM_120f_0009.sdt,20260521_KPC_live_SLIM::fitet-sf-c2-b9::3_BKOCO2live_740nm_3085mW_u1_poc0p25_20x0p75NA_535s50_g70_z1_256pix_basicFLIM_120f_0009,fitet-sf-c2-b9,2,"a1, a2, chi2, photons, tau1, tau2"
3_BKOCO2live_740nm_3085mW_u1_poc0p25_20x0p75NA_535s50_g70_z1_256pix_basicFLIM_120f_0009.sdt,20260521_KPC_live_SLIM::fitet-sz-c2-b1::3_BKOCO2live_740nm_3085mW_u1_poc0p25_20x0p75NA_535s50_g70_z1_256pix_basicFLIM_120f_0009,fitet-sz-c2-b1,2,"a1, a2, chi2, photons, tau1, tau2"
3_BKOCO2live_740nm_3085mW_u1_poc0p25_20x0p75NA_535s50_g70_z1_256pix_basicFLIM_120f_0009.sdt,20260521_KPC_live_SLIM::fitet-sz-c2-b3::3_BKOCO2live_740nm_3085mW_u1_poc0p25_20x0p75NA_535s50_g70_z1_256pix_basicFLIM_120f_0009,fitet-sz-c2-b3,2,"a1, a2, chi2, photons, tau1, tau2"
3_BKOCO2live_740nm_3085mW_u1_poc0p25_20x0p75NA_535s50_g70_z1_256pix_basicFLIM_120f_0009.sdt,20260521_KPC_live_SLIM::fitet-sz-c2-b9::3_BKOCO2live_740nm_3085mW_u1_poc0p25_20x0p75NA_535s50_g70_z1_256pix_basicFLIM_120f_0009,fitet-sz-c2-b9,2,"a1, a2, chi2, photons, tau1, tau2"
3_BKOCO2live_740nm_3085mW_u1_poc0p25_20x0p75NA_535s50_g70_z1_256pix_basicFLIM_120f_0010.sdt,20260521_KPC_live_SLIM::fitet-sf-c2-b1::3_BKOCO2live_740nm_3085mW_u1_poc0p25_20x0p75NA_535s50_g70_z1_256pix_basicFLIM_120f_0010,fitet-sf-c2-b1,2,"a1, a2, chi2, photons, tau1, tau2"
3_BKOCO2live_740nm_3085mW_u1_poc0p25_20x0p75NA_535s50_g70_z1_256pix_basicFLIM_120f_0010.sdt,20260521_KPC_live_SLIM::fitet-sf-c2-b3::3_BKOCO2live_740nm_3085mW_u1_poc0p25_20x0p75NA_535s50_g70_z1_256pix_basicFLIM_120f_0010,fitet-sf-c2-b3,2,"a1, a2, chi2, photons, tau1, tau2"
3_BKOCO2live_740nm_3085mW_u1_poc0p25_20x0p75NA_535s50_g70_z1_256pix_basicFLIM_120f_0010.sdt,20260521_KPC_live_SLIM::fitet-sf-c2-b9::3_BKOCO2live_740nm_3085mW_u1_poc0p25_20x0p75NA_535s50_g70_z1_256pix_basicFLIM_120f_0010,fitet-sf-c2-b9,2,"a1, a2, chi2, photons, tau1, tau2"
3_BKOCO2live_740nm_3085mW_u1_poc0p25_20x0p75NA_535s50_g70_z1_256pix_basicFLIM_120f_0010.sdt,20260521_KPC_live_SLIM::fitet-sz-c2-b1::3_BKOCO2live_740nm_3085mW_u1_poc0p25_20x0p75NA_535s50_g70_z1_256pix_basicFLIM_120f_0010,fitet-sz-c2-b1,2,"a1, a2, chi2, photons, tau1, tau2"
3_BKOCO2live_740nm_3085mW_u1_poc0p25_20x0p75NA_535s50_g70_z1_256pix_basicFLIM_120f_0010.sdt,20260521_KPC_live_SLIM::fitet-sz-c2-b3::3_BKOCO2live_740nm_3085mW_u1_poc0p25_20x0p75NA_535s50_g70_z1_256pix_basicFLIM_120f_0010,fitet-sz-c2-b3,2,"a1, a2, chi2, photons, tau1, tau2"
3_BKOCO2live_740nm_3085mW_u1_poc0p25_20x0p75NA_535s50_g70_z1_256pix_basicFLIM_120f_0010.sdt,20260521_KPC_live_SLIM::fitet-sz-c2-b9::3_BKOCO2live_740nm_3085mW_u1_poc0p25_20x0p75NA_535s50_g70_z1_256pix_basicFLIM_120f_0010,fitet-sz-c2-b9,2,"a1, a2, chi2, photons, tau1, tau2"
3_BKOCO2live_740nm_3085mW_u1_poc0p25_20x0p75NA_535s50_g70_z1_256pix_basicFLIM_120f_0011.sdt,20260521_KPC_live_SLIM::fitet-sf-c2-b1::3_BKOCO2live_740nm_3085mW_u1_poc0p25_20x0p75NA_535s50_g70_z1_256pix_basicFLIM_120f_0011,fitet-sf-c2-b1,2,"a1, a2, chi2, photons, tau1, tau2"
3_BKOCO2live_740nm_3085mW_u1_poc0p25_20x0p75NA_535s50_g70_z1_256pix_basicFLIM_120f_0011.sdt,20260521_KPC_live_SLIM::fitet-sf-c2-b3::3_BKOCO2live_740nm_3085mW_u1_poc0p25_20x0p75NA_535s50_g70_z1_256pix_basicFLIM_120f_0011,fitet-sf-c2-b3,2,"a1, a2, chi2, photons, tau1, tau2"
3_BKOCO2live_740nm_3085mW_u1_poc0p25_20x0p75NA_535s50_g70_z1_256pix_basicFLIM_120f_0011.sdt,20260521_KPC_live_SLIM::fitet-sf-c2-b9::3_BKOCO2live_740nm_3085mW_u1_poc0p25_20x0p75NA_535s50_g70_z1_256pix_basicFLIM_120f_0011,fitet-sf-c2-b9,2,"a1, a2, chi2, photons, tau1, tau2"
3_BKOCO2live_740nm_3085mW_u1_poc0p25_20x0p75NA_535s50_g70_z1_256pix_basicFLIM_120f_0011.sdt,20260521_KPC_live_SLIM::fitet-sz-c2-b1::3_BKOCO2live_740nm_3085mW_u1_poc0p25_20x0p75NA_535s50_g70_z1_256pix_basicFLIM_120f_0011,fitet-sz-c2-b1,2,"a1, a2, chi2, photons, tau1, tau2"
3_BKOCO2live_740nm_3085mW_u1_poc0p25_20x0p75NA_535s50_g70_z1_256pix_basicFLIM_120f_0011.sdt,20260521_KPC_live_SLIM::fitet-sz-c2-b3::3_BKOCO2live_740nm_3085mW_u1_poc0p25_20x0p75NA_535s50_g70_z1_256pix_basicFLIM_120f_0011,fitet-sz-c2-b3,2,"a1, a2, chi2, photons, tau1, tau2"
3_BKOCO2live_740nm_3085mW_u1_poc0p25_20x0p75NA_535s50_g70_z1_256pix_basicFLIM_120f_0011.sdt,20260521_KPC_live_SLIM::fitet-sz-c2-b9::3_BKOCO2live_740nm_3085mW_u1_poc0p25_20x0p75NA_535s50_g70_z1_256pix_basicFLIM_120f_0011,fitet-sz-c2-b9,2,"a1, a2, chi2, photons, tau1, tau2"
3_BKOCO2live_740nm_3085mW_u1_poc0p25_20x0p75NA_535s50_g70_z1_256pix_basicFLIM_120f_0012.sdt,20260521_KPC_live_SLIM::fitet-sf-c2-b1::3_BKOCO2live_740nm_3085mW_u1_poc0p25_20x0p75NA_535s50_g70_z1_256pix_basicFLIM_120f_0012,fitet-sf-c2-b1,2,"a1, a2, chi2, photons, tau1, tau2"
3_BKOCO2live_740nm_3085mW_u1_poc0p25_20x0p75NA_535s50_g70_z1_256pix_basicFLIM_120f_0012.sdt,20260521_KPC_live_SLIM::fitet-sf-c2-b3::3_BKOCO2live_740nm_3085mW_u1_poc0p25_20x0p75NA_535s50_g70_z1_256pix_basicFLIM_120f_0012,fitet-sf-c2-b3,2,"a1, a2, chi2, photons, tau1, tau2"
3_BKOCO2live_740nm_3085mW_u1_poc0p25_20x0p75NA_535s50_g70_z1_256pix_basicFLIM_120f_0012.sdt,20260521_KPC_live_SLIM::fitet-sf-c2-b9::3_BKOCO2live_740nm_3085mW_u1_poc0p25_20x0p75NA_535s50_g70_z1_256pix_basicFLIM_120f_0012,fitet-sf-c2-b9,2,"a1, a2, chi2, photons, tau1, tau2"
3_BKOCO2live_740nm_3085mW_u1_poc0p25_20x0p75NA_535s50_g70_z1_256pix_basicFLIM_120f_0012.sdt,20260521_KPC_live_SLIM::fitet-sz-c2-b1::3_BKOCO2live_740nm_3085mW_u1_poc0p25_20x0p75NA_535s50_g70_z1_256pix_basicFLIM_120f_0012,fitet-sz-c2-b1,2,"a1, a2, chi2, photons, tau1, tau2"
3_BKOCO2live_740nm_3085mW_u1_poc0p25_20x0p75NA_535s50_g70_z1_256pix_basicFLIM_120f_0012.sdt,20260521_KPC_live_SLIM::fitet-sz-c2-b3::3_BKOCO2live_740nm_3085mW_u1_poc0p25_20x0p75NA_535s50_g70_z1_256pix_basicFLIM_120f_0012,fitet-sz-c2-b3,2,"a1, a2, chi2, photons, tau1, tau2"
3_BKOCO2live_740nm_3085mW_u1_poc0p25_20x0p75NA_535s50_g70_z1_256pix_basicFLIM_120f_0012.sdt,20260521_KPC_live_SLIM::fitet-sz-c2-b9::3_BKOCO2live_740nm_3085mW_u1_poc0p25_20x0p75NA_535s50_g70_z1_256pix_basicFLIM_120f_0012,fitet-sz-c2-b9,2,"a1, a2, chi2, photons, tau1, tau2"
3_BKOCO2live_740nm_3085mW_u1_poc0p25_20x0p75NA_535s50_g70_z1_256pix_basicFLIM_120f_0013.sdt,20260521_KPC_live_SLIM::fitet-sf-c2-b1::3_BKOCO2live_740nm_3085mW_u1_poc0p25_20x0p75NA_535s50_g70_z1_256pix_basicFLIM_120f_0013,fitet-sf-c2-b1,2,"a1, a2, chi2, photons, tau1, tau2"
3_BKOCO2live_740nm_3085mW_u1_poc0p25_20x0p75NA_535s50_g70_z1_256pix_basicFLIM_120f_0013.sdt,20260521_KPC_live_SLIM::fitet-sf-c2-b3::3_BKOCO2live_740nm_3085mW_u1_poc0p25_20x0p75NA_535s50_g70_z1_256pix_basicFLIM_120f_0013,fitet-sf-c2-b3,2,"a1, a2, chi2, photons, tau1, tau2"
3_BKOCO2live_740nm_3085mW_u1_poc0p25_20x0p75NA_535s50_g70_z1_256pix_basicFLIM_120f_0013.sdt,20260521_KPC_live_SLIM::fitet-sf-c2-b9::3_BKOCO2live_740nm_3085mW_u1_poc0p25_20x0p75NA_535s50_g70_z1_256pix_basicFLIM_120f_0013,fitet-sf-c2-b9,2,"a1, a2, chi2, photons, tau1, tau2"
3_BKOCO2live_740nm_3085mW_u1_poc0p25_20x0p75NA_535s50_g70_z1_256pix_basicFLIM_120f_0013.sdt,20260521_KPC_live_SLIM::fitet-sz-c2-b1::3_BKOCO2live_740nm_3085mW_u1_poc0p25_20x0p75NA_535s50_g70_z1_256pix_basicFLIM_120f_0013,fitet-sz-c2-b1,2,"a1, a2, chi2, photons, tau1, tau2"
3_BKOCO2live_740nm_3085mW_u1_poc0p25_20x0p75NA_535s50_g70_z1_256pix_basicFLIM_120f_0013.sdt,20260521_KPC_live_SLIM::fitet-sz-c2-b3::3_BKOCO2live_740nm_3085mW_u1_poc0p25_20x0p75NA_535s50_g70_z1_256pix_basicFLIM_120f_0013,fitet-sz-c2-b3,2,"a1, a2, chi2, photons, tau1, tau2"
3_BKOCO2live_740nm_3085mW_u1_poc0p25_20x0p75NA_535s50_g70_z1_256pix_basicFLIM_120f_0013.sdt,20260521_KPC_live_SLIM::fitet-sz-c2-b9::3_BKOCO2live_740nm_3085mW_u1_poc0p25_20x0p75NA_535s50_g70_z1_256pix_basicFLIM_120f_0013,fitet-sz-c2-b9,2,"a1, a2, chi2, photons, tau1, tau2"
3_BKOCO2live_740nm_3085mW_u1_poc0p25_20x0p75NA_535s50_g70_z1_256pix_basicFLIM_120f_0014.sdt,20260521_KPC_live_SLIM::fitet-sf-c2-b1::3_BKOCO2live_740nm_3085mW_u1_poc0p25_20x0p75NA_535s50_g70_z1_256pix_basicFLIM_120f_0014,fitet-sf-c2-b1,2,"a1, a2, chi2, photons, tau1, tau2"
3_BKOCO2live_740nm_3085mW_u1_poc0p25_20x0p75NA_535s50_g70_z1_256pix_basicFLIM_120f_0014.sdt,20260521_KPC_live_SLIM::fitet-sf-c2-b3::3_BKOCO2live_740nm_3085mW_u1_poc0p25_20x0p75NA_535s50_g70_z1_256pix_basicFLIM_120f_0014,fitet-sf-c2-b3,2,"a1, a2, chi2, photons, tau1, tau2"
3_BKOCO2live_740nm_3085mW_u1_poc0p25_20x0p75NA_535s50_g70_z1_256pix_basicFLIM_120f_0014.sdt,20260521_KPC_live_SLIM::fitet-sf-c2-b9::3_BKOCO2live_740nm_3085mW_u1_poc0p25_20x0p75NA_535s50_g70_z1_256pix_basicFLIM_120f_0014,fitet-sf-c2-b9,2,"a1, a2, chi2, photons, tau1, tau2"
3_BKOCO2live_740nm_3085mW_u1_poc0p25_20x0p75NA_535s50_g70_z1_256pix_basicFLIM_120f_0014.sdt,20260521_KPC_live_SLIM::fitet-sz-c2-b1::3_BKOCO2live_740nm_3085mW_u1_poc0p25_20x0p75NA_535s50_g70_z1_256pix_basicFLIM_120f_0014,fitet-sz-c2-b1,2,"a1, a2, chi2, photons, tau1, tau2"
3_BKOCO2live_740nm_3085mW_u1_poc0p25_20x0p75NA_535s50_g70_z1_256pix_basicFLIM_120f_0014.sdt,20260521_KPC_live_SLIM::fitet-sz-c2-b3::3_BKOCO2live_740nm_3085mW_u1_poc0p25_20x0p75NA_535s50_g70_z1_256pix_basicFLIM_120f_0014,fitet-sz-c2-b3,2,"a1, a2, chi2, photons, tau1, tau2"
3_BKOCO2live_740nm_3085mW_u1_poc0p25_20x0p75NA_535s50_g70_z1_256pix_basicFLIM_120f_0014.sdt,20260521_KPC_live_SLIM::fitet-sz-c2-b9::3_BKOCO2live_740nm_3085mW_u1_poc0p25_20x0p75NA_535s50_g70_z1_256pix_basicFLIM_120f_0014,fitet-sz-c2-b9,2,"a1, a2, chi2, photons, tau1, tau2"
3_BKOCO2live_740nm_3085mW_u1_poc0p6_20x0p75NA_535s50_g70_z1_256pix_basicFLIM_120f_0000.sdt,20260521_KPC_live_SLIM::fitet-sf-c2-b1::3_BKOCO2live_740nm_3085mW_u1_poc0p6_20x0p75NA_535s50_g70_z1_256pix_basicFLIM_120f_0000,fitet-sf-c2-b1,2,"a1, a2, chi2, photons, tau1, tau2"
3_BKOCO2live_740nm_3085mW_u1_poc0p6_20x0p75NA_535s50_g70_z1_256pix_basicFLIM_120f_0000.sdt,20260521_KPC_live_SLIM::fitet-sf-c2-b3::3_BKOCO2live_740nm_3085mW_u1_poc0p6_20x0p75NA_535s50_g70_z1_256pix_basicFLIM_120f_0000,fitet-sf-c2-b3,2,"a1, a2, chi2, photons, tau1, tau2"
3_BKOCO2live_740nm_3085mW_u1_poc0p6_20x0p75NA_535s50_g70_z1_256pix_basicFLIM_120f_0000.sdt,20260521_KPC_live_SLIM::fitet-sf-c2-b9::3_BKOCO2live_740nm_3085mW_u1_poc0p6_20x0p75NA_535s50_g70_z1_256pix_basicFLIM_120f_0000,fitet-sf-c2-b9,2,"a1, a2, chi2, photons, tau1, tau2"
3_BKOCO2live_740nm_3085mW_u1_poc0p6_20x0p75NA_535s50_g70_z1_256pix_basicFLIM_120f_0000.sdt,20260521_KPC_live_SLIM::fitet-sz-c2-b1::3_BKOCO2live_740nm_3085mW_u1_poc0p6_20x0p75NA_535s50_g70_z1_256pix_basicFLIM_120f_0000,fitet-sz-c2-b1,2,"a1, a2, chi2, photons, tau1, tau2"
3_BKOCO2live_740nm_3085mW_u1_poc0p6_20x0p75NA_535s50_g70_z1_256pix_basicFLIM_120f_0000.sdt,20260521_KPC_live_SLIM::fitet-sz-c2-b3::3_BKOCO2live_740nm_3085mW_u1_poc0p6_20x0p75NA_535s50_g70_z1_256pix_basicFLIM_120f_0000,fitet-sz-c2-b3,2,"a1, a2, chi2, photons, tau1, tau2"
3_BKOCO2live_740nm_3085mW_u1_poc0p6_20x0p75NA_535s50_g70_z1_256pix_basicFLIM_120f_0000.sdt,20260521_KPC_live_SLIM::fitet-sz-c2-b9::3_BKOCO2live_740nm_3085mW_u1_poc0p6_20x0p75NA_535s50_g70_z1_256pix_basicFLIM_120f_0000,fitet-sz-c2-b9,2,"a1, a2, chi2, photons, tau1, tau2"
3_BKOCO2live_740nm_3085mW_u1_poc0p6_20x0p75NA_535s50_g70_z1_256pix_basicFLIM_120f_0001.sdt,20260521_KPC_live_SLIM::fitet-sf-c2-b1::3_BKOCO2live_740nm_3085mW_u1_poc0p6_20x0p75NA_535s50_g70_z1_256pix_basicFLIM_120f_0001,fitet-sf-c2-b1,2,"a1, a2, chi2, photons, tau1, tau2"
3_BKOCO2live_740nm_3085mW_u1_poc0p6_20x0p75NA_535s50_g70_z1_256pix_basicFLIM_120f_0001.sdt,20260521_KPC_live_SLIM::fitet-sf-c2-b3::3_BKOCO2live_740nm_3085mW_u1_poc0p6_20x0p75NA_535s50_g70_z1_256pix_basicFLIM_120f_0001,fitet-sf-c2-b3,2,"a1, a2, chi2, photons, tau1, tau2"
3_BKOCO2live_740nm_3085mW_u1_poc0p6_20x0p75NA_535s50_g70_z1_256pix_basicFLIM_120f_0001.sdt,20260521_KPC_live_SLIM::fitet-sf-c2-b9::3_BKOCO2live_740nm_3085mW_u1_poc0p6_20x0p75NA_535s50_g70_z1_256pix_basicFLIM_120f_0001,fitet-sf-c2-b9,2,"a1, a2, chi2, photons, tau1, tau2"
3_BKOCO2live_740nm_3085mW_u1_poc0p6_20x0p75NA_535s50_g70_z1_256pix_basicFLIM_120f_0001.sdt,20260521_KPC_live_SLIM::fitet-sz-c2-b1::3_BKOCO2live_740nm_3085mW_u1_poc0p6_20x0p75NA_535s50_g70_z1_256pix_basicFLIM_120f_0001,fitet-sz-c2-b1,2,"a1, a2, chi2, photons, tau1, tau2"
3_BKOCO2live_740nm_3085mW_u1_poc0p6_20x0p75NA_535s50_g70_z1_256pix_basicFLIM_120f_0001.sdt,20260521_KPC_live_SLIM::fitet-sz-c2-b3::3_BKOCO2live_740nm_3085mW_u1_poc0p6_20x0p75NA_535s50_g70_z1_256pix_basicFLIM_120f_0001,fitet-sz-c2-b3,2,"a1, a2, chi2, photons, tau1, tau2"
3_BKOCO2live_740nm_3085mW_u1_poc0p6_20x0p75NA_535s50_g70_z1_256pix_basicFLIM_120f_0001.sdt,20260521_KPC_live_SLIM::fitet-sz-c2-b9::3_BKOCO2live_740nm_3085mW_u1_poc0p6_20x0p75NA_535s50_g70_z1_256pix_basicFLIM_120f_0001,fitet-sz-c2-b9,2,"a1, a2, chi2, photons, tau1, tau2"
3_BKOCO2live_740nm_3085mW_u1_poc0p6_20x0p75NA_535s50_g70_z1_256pix_basicFLIM_120f_0002.sdt,20260521_KPC_live_SLIM::fitet-sf-c2-b1::3_BKOCO2live_740nm_3085mW_u1_poc0p6_20x0p75NA_535s50_g70_z1_256pix_basicFLIM_120f_0002,fitet-sf-c2-b1,2,"a1, a2, chi2, photons, tau1, tau2"
3_BKOCO2live_740nm_3085mW_u1_poc0p6_20x0p75NA_535s50_g70_z1_256pix_basicFLIM_120f_0002.sdt,20260521_KPC_live_SLIM::fitet-sf-c2-b3::3_BKOCO2live_740nm_3085mW_u1_poc0p6_20x0p75NA_535s50_g70_z1_256pix_basicFLIM_120f_0002,fitet-sf-c2-b3,2,"a1, a2, chi2, photons, tau1, tau2"
3_BKOCO2live_740nm_3085mW_u1_poc0p6_20x0p75NA_535s50_g70_z1_256pix_basicFLIM_120f_0002.sdt,20260521_KPC_live_SLIM::fitet-sf-c2-b9::3_BKOCO2live_740nm_3085mW_u1_poc0p6_20x0p75NA_535s50_g70_z1_256pix_basicFLIM_120f_0002,fitet-sf-c2-b9,2,"a1, a2, chi2, photons, tau1, tau2"
3_BKOCO2live_740nm_3085mW_u1_poc0p6_20x0p75NA_535s50_g70_z1_256pix_basicFLIM_120f_0002.sdt,20260521_KPC_live_SLIM::fitet-sz-c2-b1::3_BKOCO2live_740nm_3085mW_u1_poc0p6_20x0p75NA_535s50_g70_z1_256pix_basicFLIM_120f_0002,fitet-sz-c2-b1,2,"a1, a2, chi2, photons, tau1, tau2"
3_BKOCO2live_740nm_3085mW_u1_poc0p6_20x0p75NA_535s50_g70_z1_256pix_basicFLIM_120f_0002.sdt,20260521_KPC_live_SLIM::fitet-sz-c2-b3::3_BKOCO2live_740nm_3085mW_u1_poc0p6_20x0p75NA_535s50_g70_z1_256pix_basicFLIM_120f_0002,fitet-sz-c2-b3,2,"a1, a2, chi2, photons, tau1, tau2"
3_BKOCO2live_740nm_3085mW_u1_poc0p6_20x0p75NA_535s50_g70_z1_256pix_basicFLIM_120f_0002.sdt,20260521_KPC_live_SLIM::fitet-sz-c2-b9::3_BKOCO2live_740nm_3085mW_u1_poc0p6_20x0p75NA_535s50_g70_z1_256pix_basicFLIM_120f_0002,fitet-sz-c2-b9,2,"a1, a2, chi2, photons, tau1, tau2"
3_BKOCO2live_740nm_3085mW_u1_poc0p6_20x0p75NA_535s50_g70_z1_256pix_basicFLIM_120f_0003.sdt,20260521_KPC_live_SLIM::fitet-sf-c2-b1::3_BKOCO2live_740nm_3085mW_u1_poc0p6_20x0p75NA_535s50_g70_z1_256pix_basicFLIM_120f_0003,fitet-sf-c2-b1,2,"a1, a2, chi2, photons, tau1, tau2"
3_BKOCO2live_740nm_3085mW_u1_poc0p6_20x0p75NA_535s50_g70_z1_256pix_basicFLIM_120f_0003.sdt,20260521_KPC_live_SLIM::fitet-sf-c2-b3::3_BKOCO2live_740nm_3085mW_u1_poc0p6_20x0p75NA_535s50_g70_z1_256pix_basicFLIM_120f_0003,fitet-sf-c2-b3,2,"a1, a2, chi2, photons, tau1, tau2"
3_BKOCO2live_740nm_3085mW_u1_poc0p6_20x0p75NA_535s50_g70_z1_256pix_basicFLIM_120f_0003.sdt,20260521_KPC_live_SLIM::fitet-sf-c2-b9::3_BKOCO2live_740nm_3085mW_u1_poc0p6_20x0p75NA_535s50_g70_z1_256pix_basicFLIM_120f_0003,fitet-sf-c2-b9,2,"a1, a2, chi2, photons, tau1, tau2"
3_BKOCO2live_740nm_3085mW_u1_poc0p6_20x0p75NA_535s50_g70_z1_256pix_basicFLIM_120f_0003.sdt,20260521_KPC_live_SLIM::fitet-sz-c2-b1::3_BKOCO2live_740nm_3085mW_u1_poc0p6_20x0p75NA_535s50_g70_z1_256pix_basicFLIM_120f_0003,fitet-sz-c2-b1,2,"a1, a2, chi2, photons, tau1, tau2"
3_BKOCO2live_740nm_3085mW_u1_poc0p6_20x0p75NA_535s50_g70_z1_256pix_basicFLIM_120f_0003.sdt,20260521_KPC_live_SLIM::fitet-sz-c2-b3::3_BKOCO2live_740nm_3085mW_u1_poc0p6_20x0p75NA_535s50_g70_z1_256pix_basicFLIM_120f_0003,fitet-sz-c2-b3,2,"a1, a2, chi2, photons, tau1, tau2"
3_BKOCO2live_740nm_3085mW_u1_poc0p6_20x0p75NA_535s50_g70_z1_256pix_basicFLIM_120f_0003.sdt,20260521_KPC_live_SLIM::fitet-sz-c2-b9::3_BKOCO2live_740nm_3085mW_u1_poc0p6_20x0p75NA_535s50_g70_z1_256pix_basicFLIM_120f_0003,fitet-sz-c2-b9,2,"a1, a2, chi2, photons, tau1, tau2"
3_BKOCO2live_740nm_3085mW_u1_poc0p6_20x0p75NA_535s50_g70_z1_256pix_basicFLIM_120f_0004.sdt,20260521_KPC_live_SLIM::fitet-sf-c2-b1::3_BKOCO2live_740nm_3085mW_u1_poc0p6_20x0p75NA_535s50_g70_z1_256pix_basicFLIM_120f_0004,fitet-sf-c2-b1,2,"a1, a2, chi2, photons, tau1, tau2"
3_BKOCO2live_740nm_3085mW_u1_poc0p6_20x0p75NA_535s50_g70_z1_256pix_basicFLIM_120f_0004.sdt,20260521_KPC_live_SLIM::fitet-sf-c2-b3::3_BKOCO2live_740nm_3085mW_u1_poc0p6_20x0p75NA_535s50_g70_z1_256pix_basicFLIM_120f_0004,fitet-sf-c2-b3,2,"a1, a2, chi2, photons, tau1, tau2"
3_BKOCO2live_740nm_3085mW_u1_poc0p6_20x0p75NA_535s50_g70_z1_256pix_basicFLIM_120f_0004.sdt,20260521_KPC_live_SLIM::fitet-sf-c2-b9::3_BKOCO2live_740nm_3085mW_u1_poc0p6_20x0p75NA_535s50_g70_z1_256pix_basicFLIM_120f_0004,fitet-sf-c2-b9,2,"a1, a2, chi2, photons, tau1, tau2"
3_BKOCO2live_740nm_3085mW_u1_poc0p6_20x0p75NA_535s50_g70_z1_256pix_basicFLIM_120f_0004.sdt,20260521_KPC_live_SLIM::fitet-sz-c2-b1::3_BKOCO2live_740nm_3085mW_u1_poc0p6_20x0p75NA_535s50_g70_z1_256pix_basicFLIM_120f_0004,fitet-sz-c2-b1,2,"a1, a2, chi2, photons, tau1, tau2"
3_BKOCO2live_740nm_3085mW_u1_poc0p6_20x0p75NA_535s50_g70_z1_256pix_basicFLIM_120f_0004.sdt,20260521_KPC_live_SLIM::fitet-sz-c2-b3::3_BKOCO2live_740nm_3085mW_u1_poc0p6_20x0p75NA_535s50_g70_z1_256pix_basicFLIM_120f_0004,fitet-sz-c2-b3,2,"a1, a2, chi2, photons, tau1, tau2"
3_BKOCO2live_740nm_3085mW_u1_poc0p6_20x0p75NA_535s50_g70_z1_256pix_basicFLIM_120f_0004.sdt,20260521_KPC_live_SLIM::fitet-sz-c2-b9::3_BKOCO2live_740nm_3085mW_u1_poc0p6_20x0p75NA_535s50_g70_z1_256pix_basicFLIM_120f_0004,fitet-sz-c2-b9,2,"a1, a2, chi2, photons, tau1, tau2"
3_BKOCO2live_740nm_3085mW_u1_poc0p6_20x0p75NA_535s50_g70_z1_256pix_basicFLIM_120f_0005.sdt,20260521_KPC_live_SLIM::fitet-sf-c2-b1::3_BKOCO2live_740nm_3085mW_u1_poc0p6_20x0p75NA_535s50_g70_z1_256pix_basicFLIM_120f_0005,fitet-sf-c2-b1,2,"a1, a2, chi2, photons, tau1, tau2"
3_BKOCO2live_740nm_3085mW_u1_poc0p6_20x0p75NA_535s50_g70_z1_256pix_basicFLIM_120f_0005.sdt,20260521_KPC_live_SLIM::fitet-sf-c2-b3::3_BKOCO2live_740nm_3085mW_u1_poc0p6_20x0p75NA_535s50_g70_z1_256pix_basicFLIM_120f_0005,fitet-sf-c2-b3,2,"a1, a2, chi2, photons, tau1, tau2"
3_BKOCO2live_740nm_3085mW_u1_poc0p6_20x0p75NA_535s50_g70_z1_256pix_basicFLIM_120f_0005.sdt,20260521_KPC_live_SLIM::fitet-sf-c2-b9::3_BKOCO2live_740nm_3085mW_u1_poc0p6_20x0p75NA_535s50_g70_z1_256pix_basicFLIM_120f_0005,fitet-sf-c2-b9,2,"a1, a2, chi2, photons, tau1, tau2"
3_BKOCO2live_740nm_3085mW_u1_poc0p6_20x0p75NA_535s50_g70_z1_256pix_basicFLIM_120f_0005.sdt,20260521_KPC_live_SLIM::fitet-sz-c2-b1::3_BKOCO2live_740nm_3085mW_u1_poc0p6_20x0p75NA_535s50_g70_z1_256pix_basicFLIM_120f_0005,fitet-sz-c2-b1,2,"a1, a2, chi2, photons, tau1, tau2"
3_BKOCO2live_740nm_3085mW_u1_poc0p6_20x0p75NA_535s50_g70_z1_256pix_basicFLIM_120f_0005.sdt,20260521_KPC_live_SLIM::fitet-sz-c2-b3::3_BKOCO2live_740nm_3085mW_u1_poc0p6_20x0p75NA_535s50_g70_z1_256pix_basicFLIM_120f_0005,fitet-sz-c2-b3,2,"a1, a2, chi2, photons, tau1, tau2"
3_BKOCO2live_740nm_3085mW_u1_poc0p6_20x0p75NA_535s50_g70_z1_256pix_basicFLIM_120f_0005.sdt,20260521_KPC_live_SLIM::fitet-sz-c2-b9::3_BKOCO2live_740nm_3085mW_u1_poc0p6_20x0p75NA_535s50_g70_z1_256pix_basicFLIM_120f_0005,fitet-sz-c2-b9,2,"a1, a2, chi2, photons, tau1, tau2"
3_BKOCO2live_740nm_3085mW_u1_poc0p6_20x0p75NA_535s50_g70_z1_256pix_basicFLIM_120f_0006.sdt,20260521_KPC_live_SLIM::fitet-sf-c2-b1::3_BKOCO2live_740nm_3085mW_u1_poc0p6_20x0p75NA_535s50_g70_z1_256pix_basicFLIM_120f_0006,fitet-sf-c2-b1,2,"a1, a2, chi2, photons, tau1, tau2"
3_BKOCO2live_740nm_3085mW_u1_poc0p6_20x0p75NA_535s50_g70_z1_256pix_basicFLIM_120f_0006.sdt,20260521_KPC_live_SLIM::fitet-sf-c2-b3::3_BKOCO2live_740nm_3085mW_u1_poc0p6_20x0p75NA_535s50_g70_z1_256pix_basicFLIM_120f_0006,fitet-sf-c2-b3,2,"a1, a2, chi2, photons, tau1, tau2"
3_BKOCO2live_740nm_3085mW_u1_poc0p6_20x0p75NA_535s50_g70_z1_256pix_basicFLIM_120f_0006.sdt,20260521_KPC_live_SLIM::fitet-sf-c2-b9::3_BKOCO2live_740nm_3085mW_u1_poc0p6_20x0p75NA_535s50_g70_z1_256pix_basicFLIM_120f_0006,fitet-sf-c2-b9,2,"a1, a2, chi2, photons, tau1, tau2"
3_BKOCO2live_740nm_3085mW_u1_poc0p6_20x0p75NA_535s50_g70_z1_256pix_basicFLIM_120f_0006.sdt,20260521_KPC_live_SLIM::fitet-sz-c2-b1::3_BKOCO2live_740nm_3085mW_u1_poc0p6_20x0p75NA_535s50_g70_z1_256pix_basicFLIM_120f_0006,fitet-sz-c2-b1,2,"a1, a2, chi2, photons, tau1, tau2"
3_BKOCO2live_740nm_3085mW_u1_poc0p6_20x0p75NA_535s50_g70_z1_256pix_basicFLIM_120f_0006.sdt,20260521_KPC_live_SLIM::fitet-sz-c2-b3::3_BKOCO2live_740nm_3085mW_u1_poc0p6_20x0p75NA_535s50_g70_z1_256pix_basicFLIM_120f_0006,fitet-sz-c2-b3,2,"a1, a2, chi2, photons, tau1, tau2"
3_BKOCO2live_740nm_3085mW_u1_poc0p6_20x0p75NA_535s50_g70_z1_256pix_basicFLIM_120f_0006.sdt,20260521_KPC_live_SLIM::fitet-sz-c2-b9::3_BKOCO2live_740nm_3085mW_u1_poc0p6_20x0p75NA_535s50_g70_z1_256pix_basicFLIM_120f_0006,fitet-sz-c2-b9,2,"a1, a2, chi2, photons, tau1, tau2"
3_BKOCO2live_740nm_3085mW_u1_poc0p6_20x0p75NA_535s50_g70_z1_256pix_basicFLIM_120f_0007.sdt,20260521_KPC_live_SLIM::fitet-sf-c2-b1::3_BKOCO2live_740nm_3085mW_u1_poc0p6_20x0p75NA_535s50_g70_z1_256pix_basicFLIM_120f_0007,fitet-sf-c2-b1,2,"a1, a2, chi2, photons, tau1, tau2"
3_BKOCO2live_740nm_3085mW_u1_poc0p6_20x0p75NA_535s50_g70_z1_256pix_basicFLIM_120f_0007.sdt,20260521_KPC_live_SLIM::fitet-sf-c2-b3::3_BKOCO2live_740nm_3085mW_u1_poc0p6_20x0p75NA_535s50_g70_z1_256pix_basicFLIM_120f_0007,fitet-sf-c2-b3,2,"a1, a2, chi2, photons, tau1, tau2"
3_BKOCO2live_740nm_3085mW_u1_poc0p6_20x0p75NA_535s50_g70_z1_256pix_basicFLIM_120f_0007.sdt,20260521_KPC_live_SLIM::fitet-sf-c2-b9::3_BKOCO2live_740nm_3085mW_u1_poc0p6_20x0p75NA_535s50_g70_z1_256pix_basicFLIM_120f_0007,fitet-sf-c2-b9,2,"a1, a2, chi2, photons, tau1, tau2"
3_BKOCO2live_740nm_3085mW_u1_poc0p6_20x0p75NA_535s50_g70_z1_256pix_basicFLIM_120f_0007.sdt,20260521_KPC_live_SLIM::fitet-sz-c2-b1::3_BKOCO2live_740nm_3085mW_u1_poc0p6_20x0p75NA_535s50_g70_z1_256pix_basicFLIM_120f_0007,fitet-sz-c2-b1,2,"a1, a2, chi2, photons, tau1, tau2"
3_BKOCO2live_740nm_3085mW_u1_poc0p6_20x0p75NA_535s50_g70_z1_256pix_basicFLIM_120f_0007.sdt,20260521_KPC_live_SLIM::fitet-sz-c2-b3::3_BKOCO2live_740nm_3085mW_u1_poc0p6_20x0p75NA_535s50_g70_z1_256pix_basicFLIM_120f_0007,fitet-sz-c2-b3,2,"a1, a2, chi2, photons, tau1, tau2"
3_BKOCO2live_740nm_3085mW_u1_poc0p6_20x0p75NA_535s50_g70_z1_256pix_basicFLIM_120f_0007.sdt,20260521_KPC_live_SLIM::fitet-sz-c2-b9::3_BKOCO2live_740nm_3085mW_u1_poc0p6_20x0p75NA_535s50_g70_z1_256pix_basicFLIM_120f_0007,fitet-sz-c2-b9,2,"a1, a2, chi2, photons, tau1, tau2"
3_BKOCO2live_740nm_3085mW_u1_poc0p6_20x0p75NA_535s50_g70_z1_256pix_basicFLIM_120f_0008.sdt,20260521_KPC_live_SLIM::fitet-sf-c2-b1::3_BKOCO2live_740nm_3085mW_u1_poc0p6_20x0p75NA_535s50_g70_z1_256pix_basicFLIM_120f_0008,fitet-sf-c2-b1,2,"a1, a2, chi2, photons, tau1, tau2"
3_BKOCO2live_740nm_3085mW_u1_poc0p6_20x0p75NA_535s50_g70_z1_256pix_basicFLIM_120f_0008.sdt,20260521_KPC_live_SLIM::fitet-sf-c2-b3::3_BKOCO2live_740nm_3085mW_u1_poc0p6_20x0p75NA_535s50_g70_z1_256pix_basicFLIM_120f_0008,fitet-sf-c2-b3,2,"a1, a2, chi2, photons, tau1, tau2"
3_BKOCO2live_740nm_3085mW_u1_poc0p6_20x0p75NA_535s50_g70_z1_256pix_basicFLIM_120f_0008.sdt,20260521_KPC_live_SLIM::fitet-sf-c2-b9::3_BKOCO2live_740nm_3085mW_u1_poc0p6_20x0p75NA_535s50_g70_z1_256pix_basicFLIM_120f_0008,fitet-sf-c2-b9,2,"a1, a2, chi2, photons, tau1, tau2"
3_BKOCO2live_740nm_3085mW_u1_poc0p6_20x0p75NA_535s50_g70_z1_256pix_basicFLIM_120f_0008.sdt,20260521_KPC_live_SLIM::fitet-sz-c2-b1::3_BKOCO2live_740nm_3085mW_u1_poc0p6_20x0p75NA_535s50_g70_z1_256pix_basicFLIM_120f_0008,fitet-sz-c2-b1,2,"a1, a2, chi2, photons, tau1, tau2"
3_BKOCO2live_740nm_3085mW_u1_poc0p6_20x0p75NA_535s50_g70_z1_256pix_basicFLIM_120f_0008.sdt,20260521_KPC_live_SLIM::fitet-sz-c2-b3::3_BKOCO2live_740nm_3085mW_u1_poc0p6_20x0p75NA_535s50_g70_z1_256pix_basicFLIM_120f_0008,fitet-sz-c2-b3,2,"a1, a2, chi2, photons, tau1, tau2"
3_BKOCO2live_740nm_3085mW_u1_poc0p6_20x0p75NA_535s50_g70_z1_256pix_basicFLIM_120f_0008.sdt,20260521_KPC_live_SLIM::fitet-sz-c2-b9::3_BKOCO2live_740nm_3085mW_u1_poc0p6_20x0p75NA_535s50_g70_z1_256pix_basicFLIM_120f_0008,fitet-sz-c2-b9,2,"a1, a2, chi2, photons, tau1, tau2"
3_BKOCO2live_740nm_3085mW_u1_poc0p6_20x0p75NA_535s50_g70_z1_256pix_basicFLIM_120f_0009.sdt,20260521_KPC_live_SLIM::fitet-sf-c2-b1::3_BKOCO2live_740nm_3085mW_u1_poc0p6_20x0p75NA_535s50_g70_z1_256pix_basicFLIM_120f_0009,fitet-sf-c2-b1,2,"a1, a2, chi2, photons, tau1, tau2"
3_BKOCO2live_740nm_3085mW_u1_poc0p6_20x0p75NA_535s50_g70_z1_256pix_basicFLIM_120f_0009.sdt,20260521_KPC_live_SLIM::fitet-sf-c2-b3::3_BKOCO2live_740nm_3085mW_u1_poc0p6_20x0p75NA_535s50_g70_z1_256pix_basicFLIM_120f_0009,fitet-sf-c2-b3,2,"a1, a2, chi2, photons, tau1, tau2"
3_BKOCO2live_740nm_3085mW_u1_poc0p6_20x0p75NA_535s50_g70_z1_256pix_basicFLIM_120f_0009.sdt,20260521_KPC_live_SLIM::fitet-sf-c2-b9::3_BKOCO2live_740nm_3085mW_u1_poc0p6_20x0p75NA_535s50_g70_z1_256pix_basicFLIM_120f_0009,fitet-sf-c2-b9,2,"a1, a2, chi2, photons, tau1, tau2"
3_BKOCO2live_740nm_3085mW_u1_poc0p6_20x0p75NA_535s50_g70_z1_256pix_basicFLIM_120f_0009.sdt,20260521_KPC_live_SLIM::fitet-sz-c2-b1::3_BKOCO2live_740nm_3085mW_u1_poc0p6_20x0p75NA_535s50_g70_z1_256pix_basicFLIM_120f_0009,fitet-sz-c2-b1,2,"a1, a2, chi2, photons, tau1, tau2"
3_BKOCO2live_740nm_3085mW_u1_poc0p6_20x0p75NA_535s50_g70_z1_256pix_basicFLIM_120f_0009.sdt,20260521_KPC_live_SLIM::fitet-sz-c2-b3::3_BKOCO2live_740nm_3085mW_u1_poc0p6_20x0p75NA_535s50_g70_z1_256pix_basicFLIM_120f_0009,fitet-sz-c2-b3,2,"a1, a2, chi2, photons, tau1, tau2"
3_BKOCO2live_740nm_3085mW_u1_poc0p6_20x0p75NA_535s50_g70_z1_256pix_basicFLIM_120f_0009.sdt,20260521_KPC_live_SLIM::fitet-sz-c2-b9::3_BKOCO2live_740nm_3085mW_u1_poc0p6_20x0p75NA_535s50_g70_z1_256pix_basicFLIM_120f_0009,fitet-sz-c2-b9,2,"a1, a2, chi2, photons, tau1, tau2"
3_BKOCO2live_740nm_3085mW_u1_poc0p6_20x0p75NA_535s50_g70_z1_256pix_basicFLIM_120f_0010.sdt,20260521_KPC_live_SLIM::fitet-sf-c2-b1::3_BKOCO2live_740nm_3085mW_u1_poc0p6_20x0p75NA_535s50_g70_z1_256pix_basicFLIM_120f_0010,fitet-sf-c2-b1,2,"a1, a2, chi2, photons, tau1, tau2"
3_BKOCO2live_740nm_3085mW_u1_poc0p6_20x0p75NA_535s50_g70_z1_256pix_basicFLIM_120f_0010.sdt,20260521_KPC_live_SLIM::fitet-sf-c2-b3::3_BKOCO2live_740nm_3085mW_u1_poc0p6_20x0p75NA_535s50_g70_z1_256pix_basicFLIM_120f_0010,fitet-sf-c2-b3,2,"a1, a2, chi2, photons, tau1, tau2"
3_BKOCO2live_740nm_3085mW_u1_poc0p6_20x0p75NA_535s50_g70_z1_256pix_basicFLIM_120f_0010.sdt,20260521_KPC_live_SLIM::fitet-sf-c2-b9::3_BKOCO2live_740nm_3085mW_u1_poc0p6_20x0p75NA_535s50_g70_z1_256pix_basicFLIM_120f_0010,fitet-sf-c2-b9,2,"a1, a2, chi2, photons, tau1, tau2"
3_BKOCO2live_740nm_3085mW_u1_poc0p6_20x0p75NA_535s50_g70_z1_256pix_basicFLIM_120f_0010.sdt,20260521_KPC_live_SLIM::fitet-sz-c2-b1::3_BKOCO2live_740nm_3085mW_u1_poc0p6_20x0p75NA_535s50_g70_z1_256pix_basicFLIM_120f_0010,fitet-sz-c2-b1,2,"a1, a2, chi2, photons, tau1, tau2"
3_BKOCO2live_740nm_3085mW_u1_poc0p6_20x0p75NA_535s50_g70_z1_256pix_basicFLIM_120f_0010.sdt,20260521_KPC_live_SLIM::fitet-sz-c2-b3::3_BKOCO2live_740nm_3085mW_u1_poc0p6_20x0p75NA_535s50_g70_z1_256pix_basicFLIM_120f_0010,fitet-sz-c2-b3,2,"a1, a2, chi2, photons, tau1, tau2"
3_BKOCO2live_740nm_3085mW_u1_poc0p6_20x0p75NA_535s50_g70_z1_256pix_basicFLIM_120f_0010.sdt,20260521_KPC_live_SLIM::fitet-sz-c2-b9::3_BKOCO2live_740nm_3085mW_u1_poc0p6_20x0p75NA_535s50_g70_z1_256pix_basicFLIM_120f_0010,fitet-sz-c2-b9,2,"a1, a2, chi2, photons, tau1, tau2"
3_BKOCO2live_740nm_3085mW_u1_poc0p6_20x0p75NA_535s50_g70_z1_256pix_basicFLIM_120f_0011.sdt,20260521_KPC_live_SLIM::fitet-sf-c2-b1::3_BKOCO2live_740nm_3085mW_u1_poc0p6_20x0p75NA_535s50_g70_z1_256pix_basicFLIM_120f_0011,fitet-sf-c2-b1,2,"a1, a2, chi2, photons, tau1, tau2"
3_BKOCO2live_740nm_3085mW_u1_poc0p6_20x0p75NA_535s50_g70_z1_256pix_basicFLIM_120f_0011.sdt,20260521_KPC_live_SLIM::fitet-sf-c2-b3::3_BKOCO2live_740nm_3085mW_u1_poc0p6_20x0p75NA_535s50_g70_z1_256pix_basicFLIM_120f_0011,fitet-sf-c2-b3,2,"a1, a2, chi2, photons, tau1, tau2"
3_BKOCO2live_740nm_3085mW_u1_poc0p6_20x0p75NA_535s50_g70_z1_256pix_basicFLIM_120f_0011.sdt,20260521_KPC_live_SLIM::fitet-sf-c2-b9::3_BKOCO2live_740nm_3085mW_u1_poc0p6_20x0p75NA_535s50_g70_z1_256pix_basicFLIM_120f_0011,fitet-sf-c2-b9,2,"a1, a2, chi2, photons, tau1, tau2"
3_BKOCO2live_740nm_3085mW_u1_poc0p6_20x0p75NA_535s50_g70_z1_256pix_basicFLIM_120f_0011.sdt,20260521_KPC_live_SLIM::fitet-sz-c2-b1::3_BKOCO2live_740nm_3085mW_u1_poc0p6_20x0p75NA_535s50_g70_z1_256pix_basicFLIM_120f_0011,fitet-sz-c2-b1,2,"a1, a2, chi2, photons, tau1, tau2"
3_BKOCO2live_740nm_3085mW_u1_poc0p6_20x0p75NA_535s50_g70_z1_256pix_basicFLIM_120f_0011.sdt,20260521_KPC_live_SLIM::fitet-sz-c2-b3::3_BKOCO2live_740nm_3085mW_u1_poc0p6_20x0p75NA_535s50_g70_z1_256pix_basicFLIM_120f_0011,fitet-sz-c2-b3,2,"a1, a2, chi2, photons, tau1, tau2"
3_BKOCO2live_740nm_3085mW_u1_poc0p6_20x0p75NA_535s50_g70_z1_256pix_basicFLIM_120f_0011.sdt,20260521_KPC_live_SLIM::fitet-sz-c2-b9::3_BKOCO2live_740nm_3085mW_u1_poc0p6_20x0p75NA_535s50_g70_z1_256pix_basicFLIM_120f_0011,fitet-sz-c2-b9,2,"a1, a2, chi2, photons, tau1, tau2"
3_BKOCO2live_740nm_3085mW_u1_poc0p6_20x0p75NA_535s50_g70_z1_256pix_basicFLIM_120f_0012.sdt,20260521_KPC_live_SLIM::fitet-sf-c2-b1::3_BKOCO2live_740nm_3085mW_u1_poc0p6_20x0p75NA_535s50_g70_z1_256pix_basicFLIM_120f_0012,fitet-sf-c2-b1,2,"a1, a2, chi2, photons, tau1, tau2"
3_BKOCO2live_740nm_3085mW_u1_poc0p6_20x0p75NA_535s50_g70_z1_256pix_basicFLIM_120f_0012.sdt,20260521_KPC_live_SLIM::fitet-sf-c2-b3::3_BKOCO2live_740nm_3085mW_u1_poc0p6_20x0p75NA_535s50_g70_z1_256pix_basicFLIM_120f_0012,fitet-sf-c2-b3,2,"a1, a2, chi2, photons, tau1, tau2"
3_BKOCO2live_740nm_3085mW_u1_poc0p6_20x0p75NA_535s50_g70_z1_256pix_basicFLIM_120f_0012.sdt,20260521_KPC_live_SLIM::fitet-sf-c2-b9::3_BKOCO2live_740nm_3085mW_u1_poc0p6_20x0p75NA_535s50_g70_z1_256pix_basicFLIM_120f_0012,fitet-sf-c2-b9,2,"a1, a2, chi2, photons, tau1, tau2"
3_BKOCO2live_740nm_3085mW_u1_poc0p6_20x0p75NA_535s50_g70_z1_256pix_basicFLIM_120f_0012.sdt,20260521_KPC_live_SLIM::fitet-sz-c2-b1::3_BKOCO2live_740nm_3085mW_u1_poc0p6_20x0p75NA_535s50_g70_z1_256pix_basicFLIM_120f_0012,fitet-sz-c2-b1,2,"a1, a2, chi2, photons, tau1, tau2"
3_BKOCO2live_740nm_3085mW_u1_poc0p6_20x0p75NA_535s50_g70_z1_256pix_basicFLIM_120f_0012.sdt,20260521_KPC_live_SLIM::fitet-sz-c2-b3::3_BKOCO2live_740nm_3085mW_u1_poc0p6_20x0p75NA_535s50_g70_z1_256pix_basicFLIM_120f_0012,fitet-sz-c2-b3,2,"a1, a2, chi2, photons, tau1, tau2"
3_BKOCO2live_740nm_3085mW_u1_poc0p6_20x0p75NA_535s50_g70_z1_256pix_basicFLIM_120f_0012.sdt,20260521_KPC_live_SLIM::fitet-sz-c2-b9::3_BKOCO2live_740nm_3085mW_u1_poc0p6_20x0p75NA_535s50_g70_z1_256pix_basicFLIM_120f_0012,fitet-sz-c2-b9,2,"a1, a2, chi2, photons, tau1, tau2"
3_BKOCO2live_740nm_3085mW_u1_poc0p6_20x0p75NA_535s50_g70_z1_256pix_basicFLIM_120f_0013.sdt,20260521_KPC_live_SLIM::fitet-sf-c2-b1::3_BKOCO2live_740nm_3085mW_u1_poc0p6_20x0p75NA_535s50_g70_z1_256pix_basicFLIM_120f_0013,fitet-sf-c2-b1,2,"a1, a2, chi2, photons, tau1, tau2"
3_BKOCO2live_740nm_3085mW_u1_poc0p6_20x0p75NA_535s50_g70_z1_256pix_basicFLIM_120f_0013.sdt,20260521_KPC_live_SLIM::fitet-sf-c2-b3::3_BKOCO2live_740nm_3085mW_u1_poc0p6_20x0p75NA_535s50_g70_z1_256pix_basicFLIM_120f_0013,fitet-sf-c2-b3,2,"a1, a2, chi2, photons, tau1, tau2"
3_BKOCO2live_740nm_3085mW_u1_poc0p6_20x0p75NA_535s50_g70_z1_256pix_basicFLIM_120f_0013.sdt,20260521_KPC_live_SLIM::fitet-sf-c2-b9::3_BKOCO2live_740nm_3085mW_u1_poc0p6_20x0p75NA_535s50_g70_z1_256pix_basicFLIM_120f_0013,fitet-sf-c2-b9,2,"a1, a2, chi2, photons, tau1, tau2"
3_BKOCO2live_740nm_3085mW_u1_poc0p6_20x0p75NA_535s50_g70_z1_256pix_basicFLIM_120f_0013.sdt,20260521_KPC_live_SLIM::fitet-sz-c2-b1::3_BKOCO2live_740nm_3085mW_u1_poc0p6_20x0p75NA_535s50_g70_z1_256pix_basicFLIM_120f_0013,fitet-sz-c2-b1,2,"a1, a2, chi2, photons, tau1, tau2"
3_BKOCO2live_740nm_3085mW_u1_poc0p6_20x0p75NA_535s50_g70_z1_256pix_basicFLIM_120f_0013.sdt,20260521_KPC_live_SLIM::fitet-sz-c2-b3::3_BKOCO2live_740nm_3085mW_u1_poc0p6_20x0p75NA_535s50_g70_z1_256pix_basicFLIM_120f_0013,fitet-sz-c2-b3,2,"a1, a2, chi2, photons, tau1, tau2"
3_BKOCO2live_740nm_3085mW_u1_poc0p6_20x0p75NA_535s50_g70_z1_256pix_basicFLIM_120f_0013.sdt,20260521_KPC_live_SLIM::fitet-sz-c2-b9::3_BKOCO2live_740nm_3085mW_u1_poc0p6_20x0p75NA_535s50_g70_z1_256pix_basicFLIM_120f_0013,fitet-sz-c2-b9,2,"a1, a2, chi2, photons, tau1, tau2"
3_BKOCO2live_740nm_3085mW_u1_poc0p6_20x0p75NA_535s50_g70_z1_256pix_basicFLIM_120f_0014.sdt,20260521_KPC_live_SLIM::fitet-sf-c2-b1::3_BKOCO2live_740nm_3085mW_u1_poc0p6_20x0p75NA_535s50_g70_z1_256pix_basicFLIM_120f_0014,fitet-sf-c2-b1,2,"a1, a2, chi2, photons, tau1, tau2"
3_BKOCO2live_740nm_3085mW_u1_poc0p6_20x0p75NA_535s50_g70_z1_256pix_basicFLIM_120f_0014.sdt,20260521_KPC_live_SLIM::fitet-sf-c2-b3::3_BKOCO2live_740nm_3085mW_u1_poc0p6_20x0p75NA_535s50_g70_z1_256pix_basicFLIM_120f_0014,fitet-sf-c2-b3,2,"a1, a2, chi2, photons, tau1, tau2"
3_BKOCO2live_740nm_3085mW_u1_poc0p6_20x0p75NA_535s50_g70_z1_256pix_basicFLIM_120f_0014.sdt,20260521_KPC_live_SLIM::fitet-sf-c2-b9::3_BKOCO2live_740nm_3085mW_u1_poc0p6_20x0p75NA_535s50_g70_z1_256pix_basicFLIM_120f_0014,fitet-sf-c2-b9,2,"a1, a2, chi2, photons, tau1, tau2"
3_BKOCO2live_740nm_3085mW_u1_poc0p6_20x0p75NA_535s50_g70_z1_256pix_basicFLIM_120f_0014.sdt,20260521_KPC_live_SLIM::fitet-sz-c2-b1::3_BKOCO2live_740nm_3085mW_u1_poc0p6_20x0p75NA_535s50_g70_z1_256pix_basicFLIM_120f_0014,fitet-sz-c2-b1,2,"a1, a2, chi2, photons, tau1, tau2"
3_BKOCO2live_740nm_3085mW_u1_poc0p6_20x0p75NA_535s50_g70_z1_256pix_basicFLIM_120f_0014.sdt,20260521_KPC_live_SLIM::fitet-sz-c2-b3::3_BKOCO2live_740nm_3085mW_u1_poc0p6_20x0p75NA_535s50_g70_z1_256pix_basicFLIM_120f_0014,fitet-sz-c2-b3,2,"a1, a2, chi2, photons, tau1, tau2"
3_BKOCO2live_740nm_3085mW_u1_poc0p6_20x0p75NA_535s50_g70_z1_256pix_basicFLIM_120f_0014.sdt,20260521_KPC_live_SLIM::fitet-sz-c2-b9::3_BKOCO2live_740nm_3085mW_u1_poc0p6_20x0p75NA_535s50_g70_z1_256pix_basicFLIM_120f_0014,fitet-sz-c2-b9,2,"a1, a2, chi2, photons, tau1, tau2"
3_BKOCO2live_740nm_3085mW_u1_poc0p6_20x0p75NA_457s50_g70_z1_256pix_basicFLIM_120f_0000.sdt,20260521_KPC_live_SLIM::fitet-sf-c2-b1::3_BKOCO2live_740nm_3085mW_u1_poc0p6_20x0p75NA_457s50_g70_z1_256pix_basicFLIM_120f_0000,fitet-sf-c2-b1,2,"a1, a2, chi2, photons, tau1, tau2"
3_BKOCO2live_740nm_3085mW_u1_poc0p6_20x0p75NA_457s50_g70_z1_256pix_basicFLIM_120f_0000.sdt,20260521_KPC_live_SLIM::fitet-sf-c2-b3::3_BKOCO2live_740nm_3085mW_u1_poc0p6_20x0p75NA_457s50_g70_z1_256pix_basicFLIM_120f_0000,fitet-sf-c2-b3,2,"a1, a2, chi2, photons, tau1, tau2"
3_BKOCO2live_740nm_3085mW_u1_poc0p6_20x0p75NA_457s50_g70_z1_256pix_basicFLIM_120f_0000.sdt,20260521_KPC_live_SLIM::fitet-sf-c2-b9::3_BKOCO2live_740nm_3085mW_u1_poc0p6_20x0p75NA_457s50_g70_z1_256pix_basicFLIM_120f_0000,fitet-sf-c2-b9,2,"a1, a2, chi2, photons, tau1, tau2"
3_BKOCO2live_740nm_3085mW_u1_poc0p6_20x0p75NA_457s50_g70_z1_256pix_basicFLIM_120f_0000.sdt,20260521_KPC_live_SLIM::fitet-sz-c2-b1::3_BKOCO2live_740nm_3085mW_u1_poc0p6_20x0p75NA_457s50_g70_z1_256pix_basicFLIM_120f_0000,fitet-sz-c2-b1,2,"a1, a2, chi2, photons, tau1, tau2"
3_BKOCO2live_740nm_3085mW_u1_poc0p6_20x0p75NA_457s50_g70_z1_256pix_basicFLIM_120f_0000.sdt,20260521_KPC_live_SLIM::fitet-sz-c2-b3::3_BKOCO2live_740nm_3085mW_u1_poc0p6_20x0p75NA_457s50_g70_z1_256pix_basicFLIM_120f_0000,fitet-sz-c2-b3,2,"a1, a2, chi2, photons, tau1, tau2"
3_BKOCO2live_740nm_3085mW_u1_poc0p6_20x0p75NA_457s50_g70_z1_256pix_basicFLIM_120f_0000.sdt,20260521_KPC_live_SLIM::fitet-sz-c2-b9::3_BKOCO2live_740nm_3085mW_u1_poc0p6_20x0p75NA_457s50_g70_z1_256pix_basicFLIM_120f_0000,fitet-sz-c2-b9,2,"a1, a2, chi2, photons, tau1, tau2"
3_BKOCO2live_740nm_3085mW_u1_poc0p6_20x0p75NA_457s50_g70_z1_256pix_basicFLIM_120f_0001.sdt,20260521_KPC_live_SLIM::fitet-sf-c2-b1::3_BKOCO2live_740nm_3085mW_u1_poc0p6_20x0p75NA_457s50_g70_z1_256pix_basicFLIM_120f_0001,fitet-sf-c2-b1,2,"a1, a2, chi2, photons, tau1, tau2"
3_BKOCO2live_740nm_3085mW_u1_poc0p6_20x0p75NA_457s50_g70_z1_256pix_basicFLIM_120f_0001.sdt,20260521_KPC_live_SLIM::fitet-sf-c2-b3::3_BKOCO2live_740nm_3085mW_u1_poc0p6_20x0p75NA_457s50_g70_z1_256pix_basicFLIM_120f_0001,fitet-sf-c2-b3,2,"a1, a2, chi2, photons, tau1, tau2"
3_BKOCO2live_740nm_3085mW_u1_poc0p6_20x0p75NA_457s50_g70_z1_256pix_basicFLIM_120f_0001.sdt,20260521_KPC_live_SLIM::fitet-sf-c2-b9::3_BKOCO2live_740nm_3085mW_u1_poc0p6_20x0p75NA_457s50_g70_z1_256pix_basicFLIM_120f_0001,fitet-sf-c2-b9,2,"a1, a2, chi2, photons, tau1, tau2"
3_BKOCO2live_740nm_3085mW_u1_poc0p6_20x0p75NA_457s50_g70_z1_256pix_basicFLIM_120f_0001.sdt,20260521_KPC_live_SLIM::fitet-sz-c2-b1::3_BKOCO2live_740nm_3085mW_u1_poc0p6_20x0p75NA_457s50_g70_z1_256pix_basicFLIM_120f_0001,fitet-sz-c2-b1,2,"a1, a2, chi2, photons, tau1, tau2"
3_BKOCO2live_740nm_3085mW_u1_poc0p6_20x0p75NA_457s50_g70_z1_256pix_basicFLIM_120f_0001.sdt,20260521_KPC_live_SLIM::fitet-sz-c2-b3::3_BKOCO2live_740nm_3085mW_u1_poc0p6_20x0p75NA_457s50_g70_z1_256pix_basicFLIM_120f_0001,fitet-sz-c2-b3,2,"a1, a2, chi2, photons, tau1, tau2"
3_BKOCO2live_740nm_3085mW_u1_poc0p6_20x0p75NA_457s50_g70_z1_256pix_basicFLIM_120f_0001.sdt,20260521_KPC_live_SLIM::fitet-sz-c2-b9::3_BKOCO2live_740nm_3085mW_u1_poc0p6_20x0p75NA_457s50_g70_z1_256pix_basicFLIM_120f_0001,fitet-sz-c2-b9,2,"a1, a2, chi2, photons, tau1, tau2"
3_BKOCO2live_740nm_3085mW_u1_poc0p6_20x0p75NA_457s50_g70_z1_256pix_basicFLIM_120f_0002.sdt,20260521_KPC_live_SLIM::fitet-sf-c2-b1::3_BKOCO2live_740nm_3085mW_u1_poc0p6_20x0p75NA_457s50_g70_z1_256pix_basicFLIM_120f_0002,fitet-sf-c2-b1,2,"a1, a2, chi2, photons, tau1, tau2"
3_BKOCO2live_740nm_3085mW_u1_poc0p6_20x0p75NA_457s50_g70_z1_256pix_basicFLIM_120f_0002.sdt,20260521_KPC_live_SLIM::fitet-sf-c2-b3::3_BKOCO2live_740nm_3085mW_u1_poc0p6_20x0p75NA_457s50_g70_z1_256pix_basicFLIM_120f_0002,fitet-sf-c2-b3,2,"a1, a2, chi2, photons, tau1, tau2"
3_BKOCO2live_740nm_3085mW_u1_poc0p6_20x0p75NA_457s50_g70_z1_256pix_basicFLIM_120f_0002.sdt,20260521_KPC_live_SLIM::fitet-sf-c2-b9::3_BKOCO2live_740nm_3085mW_u1_poc0p6_20x0p75NA_457s50_g70_z1_256pix_basicFLIM_120f_0002,fitet-sf-c2-b9,2,"a1, a2, chi2, photons, tau1, tau2"
3_BKOCO2live_740nm_3085mW_u1_poc0p6_20x0p75NA_457s50_g70_z1_256pix_basicFLIM_120f_0002.sdt,20260521_KPC_live_SLIM::fitet-sz-c2-b1::3_BKOCO2live_740nm_3085mW_u1_poc0p6_20x0p75NA_457s50_g70_z1_256pix_basicFLIM_120f_0002,fitet-sz-c2-b1,2,"a1, a2, chi2, photons, tau1, tau2"
3_BKOCO2live_740nm_3085mW_u1_poc0p6_20x0p75NA_457s50_g70_z1_256pix_basicFLIM_120f_0002.sdt,20260521_KPC_live_SLIM::fitet-sz-c2-b3::3_BKOCO2live_740nm_3085mW_u1_poc0p6_20x0p75NA_457s50_g70_z1_256pix_basicFLIM_120f_0002,fitet-sz-c2-b3,2,"a1, a2, chi2, photons, tau1, tau2"
3_BKOCO2live_740nm_3085mW_u1_poc0p6_20x0p75NA_457s50_g70_z1_256pix_basicFLIM_120f_0002.sdt,20260521_KPC_live_SLIM::fitet-sz-c2-b9::3_BKOCO2live_740nm_3085mW_u1_poc0p6_20x0p75NA_457s50_g70_z1_256pix_basicFLIM_120f_0002,fitet-sz-c2-b9,2,"a1, a2, chi2, photons, tau1, tau2"
3_BKOCO2live_740nm_3085mW_u1_poc0p6_20x0p75NA_457s50_g70_z1_256pix_basicFLIM_120f_0003.sdt,20260521_KPC_live_SLIM::fitet-sf-c2-b1::3_BKOCO2live_740nm_3085mW_u1_poc0p6_20x0p75NA_457s50_g70_z1_256pix_basicFLIM_120f_0003,fitet-sf-c2-b1,2,"a1, a2, chi2, photons, tau1, tau2"
3_BKOCO2live_740nm_3085mW_u1_poc0p6_20x0p75NA_457s50_g70_z1_256pix_basicFLIM_120f_0003.sdt,20260521_KPC_live_SLIM::fitet-sf-c2-b3::3_BKOCO2live_740nm_3085mW_u1_poc0p6_20x0p75NA_457s50_g70_z1_256pix_basicFLIM_120f_0003,fitet-sf-c2-b3,2,"a1, a2, chi2, photons, tau1, tau2"
3_BKOCO2live_740nm_3085mW_u1_poc0p6_20x0p75NA_457s50_g70_z1_256pix_basicFLIM_120f_0003.sdt,20260521_KPC_live_SLIM::fitet-sf-c2-b9::3_BKOCO2live_740nm_3085mW_u1_poc0p6_20x0p75NA_457s50_g70_z1_256pix_basicFLIM_120f_0003,fitet-sf-c2-b9,2,"a1, a2, chi2, photons, tau1, tau2"
3_BKOCO2live_740nm_3085mW_u1_poc0p6_20x0p75NA_457s50_g70_z1_256pix_basicFLIM_120f_0003.sdt,20260521_KPC_live_SLIM::fitet-sz-c2-b1::3_BKOCO2live_740nm_3085mW_u1_poc0p6_20x0p75NA_457s50_g70_z1_256pix_basicFLIM_120f_0003,fitet-sz-c2-b1,2,"a1, a2, chi2, photons, tau1, tau2"
3_BKOCO2live_740nm_3085mW_u1_poc0p6_20x0p75NA_457s50_g70_z1_256pix_basicFLIM_120f_0003.sdt,20260521_KPC_live_SLIM::fitet-sz-c2-b3::3_BKOCO2live_740nm_3085mW_u1_poc0p6_20x0p75NA_457s50_g70_z1_256pix_basicFLIM_120f_0003,fitet-sz-c2-b3,2,"a1, a2, chi2, photons, tau1, tau2"
3_BKOCO2live_740nm_3085mW_u1_poc0p6_20x0p75NA_457s50_g70_z1_256pix_basicFLIM_120f_0003.sdt,20260521_KPC_live_SLIM::fitet-sz-c2-b9::3_BKOCO2live_740nm_3085mW_u1_poc0p6_20x0p75NA_457s50_g70_z1_256pix_basicFLIM_120f_0003,fitet-sz-c2-b9,2,"a1, a2, chi2, photons, tau1, tau2"
3_BKOCO2live_740nm_3085mW_u1_poc0p6_20x0p75NA_457s50_g70_z1_256pix_basicFLIM_120f_0004.sdt,20260521_KPC_live_SLIM::fitet-sf-c2-b1::3_BKOCO2live_740nm_3085mW_u1_poc0p6_20x0p75NA_457s50_g70_z1_256pix_basicFLIM_120f_0004,fitet-sf-c2-b1,2,"a1, a2, chi2, photons, tau1, tau2"
3_BKOCO2live_740nm_3085mW_u1_poc0p6_20x0p75NA_457s50_g70_z1_256pix_basicFLIM_120f_0004.sdt,20260521_KPC_live_SLIM::fitet-sf-c2-b3::3_BKOCO2live_740nm_3085mW_u1_poc0p6_20x0p75NA_457s50_g70_z1_256pix_basicFLIM_120f_0004,fitet-sf-c2-b3,2,"a1, a2, chi2, photons, tau1, tau2"
3_BKOCO2live_740nm_3085mW_u1_poc0p6_20x0p75NA_457s50_g70_z1_256pix_basicFLIM_120f_0004.sdt,20260521_KPC_live_SLIM::fitet-sf-c2-b9::3_BKOCO2live_740nm_3085mW_u1_poc0p6_20x0p75NA_457s50_g70_z1_256pix_basicFLIM_120f_0004,fitet-sf-c2-b9,2,"a1, a2, chi2, photons, tau1, tau2"
3_BKOCO2live_740nm_3085mW_u1_poc0p6_20x0p75NA_457s50_g70_z1_256pix_basicFLIM_120f_0004.sdt,20260521_KPC_live_SLIM::fitet-sz-c2-b1::3_BKOCO2live_740nm_3085mW_u1_poc0p6_20x0p75NA_457s50_g70_z1_256pix_basicFLIM_120f_0004,fitet-sz-c2-b1,2,"a1, a2, chi2, photons, tau1, tau2"
3_BKOCO2live_740nm_3085mW_u1_poc0p6_20x0p75NA_457s50_g70_z1_256pix_basicFLIM_120f_0004.sdt,20260521_KPC_live_SLIM::fitet-sz-c2-b3::3_BKOCO2live_740nm_3085mW_u1_poc0p6_20x0p75NA_457s50_g70_z1_256pix_basicFLIM_120f_0004,fitet-sz-c2-b3,2,"a1, a2, chi2, photons, tau1, tau2"
3_BKOCO2live_740nm_3085mW_u1_poc0p6_20x0p75NA_457s50_g70_z1_256pix_basicFLIM_120f_0004.sdt,20260521_KPC_live_SLIM::fitet-sz-c2-b9::3_BKOCO2live_740nm_3085mW_u1_poc0p6_20x0p75NA_457s50_g70_z1_256pix_basicFLIM_120f_0004,fitet-sz-c2-b9,2,"a1, a2, chi2, photons, tau1, tau2"
3_BKOCO2live_740nm_3085mW_u1_poc0p6_20x0p75NA_457s50_g70_z1_256pix_basicFLIM_120f_0005.sdt,20260521_KPC_live_SLIM::fitet-sf-c2-b1::3_BKOCO2live_740nm_3085mW_u1_poc0p6_20x0p75NA_457s50_g70_z1_256pix_basicFLIM_120f_0005,fitet-sf-c2-b1,2,"a1, a2, chi2, photons, tau1, tau2"
3_BKOCO2live_740nm_3085mW_u1_poc0p6_20x0p75NA_457s50_g70_z1_256pix_basicFLIM_120f_0005.sdt,20260521_KPC_live_SLIM::fitet-sf-c2-b3::3_BKOCO2live_740nm_3085mW_u1_poc0p6_20x0p75NA_457s50_g70_z1_256pix_basicFLIM_120f_0005,fitet-sf-c2-b3,2,"a1, a2, chi2, photons, tau1, tau2"
3_BKOCO2live_740nm_3085mW_u1_poc0p6_20x0p75NA_457s50_g70_z1_256pix_basicFLIM_120f_0005.sdt,20260521_KPC_live_SLIM::fitet-sf-c2-b9::3_BKOCO2live_740nm_3085mW_u1_poc0p6_20x0p75NA_457s50_g70_z1_256pix_basicFLIM_120f_0005,fitet-sf-c2-b9,2,"a1, a2, chi2, photons, tau1, tau2"
3_BKOCO2live_740nm_3085mW_u1_poc0p6_20x0p75NA_457s50_g70_z1_256pix_basicFLIM_120f_0005.sdt,20260521_KPC_live_SLIM::fitet-sz-c2-b1::3_BKOCO2live_740nm_3085mW_u1_poc0p6_20x0p75NA_457s50_g70_z1_256pix_basicFLIM_120f_0005,fitet-sz-c2-b1,2,"a1, a2, chi2, photons, tau1, tau2"
3_BKOCO2live_740nm_3085mW_u1_poc0p6_20x0p75NA_457s50_g70_z1_256pix_basicFLIM_120f_0005.sdt,20260521_KPC_live_SLIM::fitet-sz-c2-b3::3_BKOCO2live_740nm_3085mW_u1_poc0p6_20x0p75NA_457s50_g70_z1_256pix_basicFLIM_120f_0005,fitet-sz-c2-b3,2,"a1, a2, chi2, photons, tau1, tau2"
3_BKOCO2live_740nm_3085mW_u1_poc0p6_20x0p75NA_457s50_g70_z1_256pix_basicFLIM_120f_0005.sdt,20260521_KPC_live_SLIM::fitet-sz-c2-b9::3_BKOCO2live_740nm_3085mW_u1_poc0p6_20x0p75NA_457s50_g70_z1_256pix_basicFLIM_120f_0005,fitet-sz-c2-b9,2,"a1, a2, chi2, photons, tau1, tau2"
3_BKOCO2live_740nm_3085mW_u1_poc0p6_20x0p75NA_457s50_g70_z1_256pix_basicFLIM_120f_0006.sdt,20260521_KPC_live_SLIM::fitet-sf-c2-b1::3_BKOCO2live_740nm_3085mW_u1_poc0p6_20x0p75NA_457s50_g70_z1_256pix_basicFLIM_120f_0006,fitet-sf-c2-b1,2,"a1, a2, chi2, photons, tau1, tau2"
3_BKOCO2live_740nm_3085mW_u1_poc0p6_20x0p75NA_457s50_g70_z1_256pix_basicFLIM_120f_0006.sdt,20260521_KPC_live_SLIM::fitet-sf-c2-b3::3_BKOCO2live_740nm_3085mW_u1_poc0p6_20x0p75NA_457s50_g70_z1_256pix_basicFLIM_120f_0006,fitet-sf-c2-b3,2,"a1, a2, chi2, photons, tau1, tau2"
3_BKOCO2live_740nm_3085mW_u1_poc0p6_20x0p75NA_457s50_g70_z1_256pix_basicFLIM_120f_0006.sdt,20260521_KPC_live_SLIM::fitet-sf-c2-b9::3_BKOCO2live_740nm_3085mW_u1_poc0p6_20x0p75NA_457s50_g70_z1_256pix_basicFLIM_120f_0006,fitet-sf-c2-b9,2,"a1, a2, chi2, photons, tau1, tau2"
3_BKOCO2live_740nm_3085mW_u1_poc0p6_20x0p75NA_457s50_g70_z1_256pix_basicFLIM_120f_0006.sdt,20260521_KPC_live_SLIM::fitet-sz-c2-b1::3_BKOCO2live_740nm_3085mW_u1_poc0p6_20x0p75NA_457s50_g70_z1_256pix_basicFLIM_120f_0006,fitet-sz-c2-b1,2,"a1, a2, chi2, photons, tau1, tau2"
3_BKOCO2live_740nm_3085mW_u1_poc0p6_20x0p75NA_457s50_g70_z1_256pix_basicFLIM_120f_0006.sdt,20260521_KPC_live_SLIM::fitet-sz-c2-b3::3_BKOCO2live_740nm_3085mW_u1_poc0p6_20x0p75NA_457s50_g70_z1_256pix_basicFLIM_120f_0006,fitet-sz-c2-b3,2,"a1, a2, chi2, photons, tau1, tau2"
3_BKOCO2live_740nm_3085mW_u1_poc0p6_20x0p75NA_457s50_g70_z1_256pix_basicFLIM_120f_0006.sdt,20260521_KPC_live_SLIM::fitet-sz-c2-b9::3_BKOCO2live_740nm_3085mW_u1_poc0p6_20x0p75NA_457s50_g70_z1_256pix_basicFLIM_120f_0006,fitet-sz-c2-b9,2,"a1, a2, chi2, photons, tau1, tau2"
3_BKOCO2live_740nm_3085mW_u1_poc0p6_20x0p75NA_457s50_g70_z1_256pix_basicFLIM_120f_0007.sdt,20260521_KPC_live_SLIM::fitet-sf-c2-b1::3_BKOCO2live_740nm_3085mW_u1_poc0p6_20x0p75NA_457s50_g70_z1_256pix_basicFLIM_120f_0007,fitet-sf-c2-b1,2,"a1, a2, chi2, photons, tau1, tau2"
3_BKOCO2live_740nm_3085mW_u1_poc0p6_20x0p75NA_457s50_g70_z1_256pix_basicFLIM_120f_0007.sdt,20260521_KPC_live_SLIM::fitet-sf-c2-b3::3_BKOCO2live_740nm_3085mW_u1_poc0p6_20x0p75NA_457s50_g70_z1_256pix_basicFLIM_120f_0007,fitet-sf-c2-b3,2,"a1, a2, chi2, photons, tau1, tau2"
3_BKOCO2live_740nm_3085mW_u1_poc0p6_20x0p75NA_457s50_g70_z1_256pix_basicFLIM_120f_0007.sdt,20260521_KPC_live_SLIM::fitet-sf-c2-b9::3_BKOCO2live_740nm_3085mW_u1_poc0p6_20x0p75NA_457s50_g70_z1_256pix_basicFLIM_120f_0007,fitet-sf-c2-b9,2,"a1, a2, chi2, photons, tau1, tau2"
3_BKOCO2live_740nm_3085mW_u1_poc0p6_20x0p75NA_457s50_g70_z1_256pix_basicFLIM_120f_0007.sdt,20260521_KPC_live_SLIM::fitet-sz-c2-b1::3_BKOCO2live_740nm_3085mW_u1_poc0p6_20x0p75NA_457s50_g70_z1_256pix_basicFLIM_120f_0007,fitet-sz-c2-b1,2,"a1, a2, chi2, photons, tau1, tau2"
3_BKOCO2live_740nm_3085mW_u1_poc0p6_20x0p75NA_457s50_g70_z1_256pix_basicFLIM_120f_0007.sdt,20260521_KPC_live_SLIM::fitet-sz-c2-b3::3_BKOCO2live_740nm_3085mW_u1_poc0p6_20x0p75NA_457s50_g70_z1_256pix_basicFLIM_120f_0007,fitet-sz-c2-b3,2,"a1, a2, chi2, photons, tau1, tau2"
3_BKOCO2live_740nm_3085mW_u1_poc0p6_20x0p75NA_457s50_g70_z1_256pix_basicFLIM_120f_0007.sdt,20260521_KPC_live_SLIM::fitet-sz-c2-b9::3_BKOCO2live_740nm_3085mW_u1_poc0p6_20x0p75NA_457s50_g70_z1_256pix_basicFLIM_120f_0007,fitet-sz-c2-b9,2,"a1, a2, chi2, photons, tau1, tau2"
3_BKOCO2live_740nm_3085mW_u1_poc0p6_20x0p75NA_457s50_g70_z1_256pix_basicFLIM_120f_0008.sdt,20260521_KPC_live_SLIM::fitet-sf-c2-b1::3_BKOCO2live_740nm_3085mW_u1_poc0p6_20x0p75NA_457s50_g70_z1_256pix_basicFLIM_120f_0008,fitet-sf-c2-b1,2,"a1, a2, chi2, photons, tau1, tau2"
3_BKOCO2live_740nm_3085mW_u1_poc0p6_20x0p75NA_457s50_g70_z1_256pix_basicFLIM_120f_0008.sdt,20260521_KPC_live_SLIM::fitet-sf-c2-b3::3_BKOCO2live_740nm_3085mW_u1_poc0p6_20x0p75NA_457s50_g70_z1_256pix_basicFLIM_120f_0008,fitet-sf-c2-b3,2,"a1, a2, chi2, photons, tau1, tau2"
3_BKOCO2live_740nm_3085mW_u1_poc0p6_20x0p75NA_457s50_g70_z1_256pix_basicFLIM_120f_0008.sdt,20260521_KPC_live_SLIM::fitet-sf-c2-b9::3_BKOCO2live_740nm_3085mW_u1_poc0p6_20x0p75NA_457s50_g70_z1_256pix_basicFLIM_120f_0008,fitet-sf-c2-b9,2,"a1, a2, chi2, photons, tau1, tau2"
3_BKOCO2live_740nm_3085mW_u1_poc0p6_20x0p75NA_457s50_g70_z1_256pix_basicFLIM_120f_0008.sdt,20260521_KPC_live_SLIM::fitet-sz-c2-b1::3_BKOCO2live_740nm_3085mW_u1_poc0p6_20x0p75NA_457s50_g70_z1_256pix_basicFLIM_120f_0008,fitet-sz-c2-b1,2,"a1, a2, chi2, photons, tau1, tau2"
3_BKOCO2live_740nm_3085mW_u1_poc0p6_20x0p75NA_457s50_g70_z1_256pix_basicFLIM_120f_0008.sdt,20260521_KPC_live_SLIM::fitet-sz-c2-b3::3_BKOCO2live_740nm_3085mW_u1_poc0p6_20x0p75NA_457s50_g70_z1_256pix_basicFLIM_120f_0008,fitet-sz-c2-b3,2,"a1, a2, chi2, photons, tau1, tau2"
3_BKOCO2live_740nm_3085mW_u1_poc0p6_20x0p75NA_457s50_g70_z1_256pix_basicFLIM_120f_0008.sdt,20260521_KPC_live_SLIM::fitet-sz-c2-b9::3_BKOCO2live_740nm_3085mW_u1_poc0p6_20x0p75NA_457s50_g70_z1_256pix_basicFLIM_120f_0008,fitet-sz-c2-b9,2,"a1, a2, chi2, photons, tau1, tau2"
3_BKOCO2live_740nm_3085mW_u1_poc0p6_20x0p75NA_457s50_g70_z1_256pix_basicFLIM_120f_0009.sdt,20260521_KPC_live_SLIM::fitet-sf-c2-b1::3_BKOCO2live_740nm_3085mW_u1_poc0p6_20x0p75NA_457s50_g70_z1_256pix_basicFLIM_120f_0009,fitet-sf-c2-b1,2,"a1, a2, chi2, photons, tau1, tau2"
3_BKOCO2live_740nm_3085mW_u1_poc0p6_20x0p75NA_457s50_g70_z1_256pix_basicFLIM_120f_0009.sdt,20260521_KPC_live_SLIM::fitet-sf-c2-b3::3_BKOCO2live_740nm_3085mW_u1_poc0p6_20x0p75NA_457s50_g70_z1_256pix_basicFLIM_120f_0009,fitet-sf-c2-b3,2,"a1, a2, chi2, photons, tau1, tau2"
3_BKOCO2live_740nm_3085mW_u1_poc0p6_20x0p75NA_457s50_g70_z1_256pix_basicFLIM_120f_0009.sdt,20260521_KPC_live_SLIM::fitet-sf-c2-b9::3_BKOCO2live_740nm_3085mW_u1_poc0p6_20x0p75NA_457s50_g70_z1_256pix_basicFLIM_120f_0009,fitet-sf-c2-b9,2,"a1, a2, chi2, photons, tau1, tau2"
3_BKOCO2live_740nm_3085mW_u1_poc0p6_20x0p75NA_457s50_g70_z1_256pix_basicFLIM_120f_0009.sdt,20260521_KPC_live_SLIM::fitet-sz-c2-b1::3_BKOCO2live_740nm_3085mW_u1_poc0p6_20x0p75NA_457s50_g70_z1_256pix_basicFLIM_120f_0009,fitet-sz-c2-b1,2,"a1, a2, chi2, photons, tau1, tau2"
3_BKOCO2live_740nm_3085mW_u1_poc0p6_20x0p75NA_457s50_g70_z1_256pix_basicFLIM_120f_0009.sdt,20260521_KPC_live_SLIM::fitet-sz-c2-b3::3_BKOCO2live_740nm_3085mW_u1_poc0p6_20x0p75NA_457s50_g70_z1_256pix_basicFLIM_120f_0009,fitet-sz-c2-b3,2,"a1, a2, chi2, photons, tau1, tau2"
3_BKOCO2live_740nm_3085mW_u1_poc0p6_20x0p75NA_457s50_g70_z1_256pix_basicFLIM_120f_0009.sdt,20260521_KPC_live_SLIM::fitet-sz-c2-b9::3_BKOCO2live_740nm_3085mW_u1_poc0p6_20x0p75NA_457s50_g70_z1_256pix_basicFLIM_120f_0009,fitet-sz-c2-b9,2,"a1, a2, chi2, photons, tau1, tau2"
3_BKOCO2live_740nm_3085mW_u1_poc0p6_20x0p75NA_457s50_g70_z1_256pix_basicFLIM_120f_0010.sdt,20260521_KPC_live_SLIM::fitet-sf-c2-b1::3_BKOCO2live_740nm_3085mW_u1_poc0p6_20x0p75NA_457s50_g70_z1_256pix_basicFLIM_120f_0010,fitet-sf-c2-b1,2,"a1, a2, chi2, photons, tau1, tau2"
3_BKOCO2live_740nm_3085mW_u1_poc0p6_20x0p75NA_457s50_g70_z1_256pix_basicFLIM_120f_0010.sdt,20260521_KPC_live_SLIM::fitet-sf-c2-b3::3_BKOCO2live_740nm_3085mW_u1_poc0p6_20x0p75NA_457s50_g70_z1_256pix_basicFLIM_120f_0010,fitet-sf-c2-b3,2,"a1, a2, chi2, photons, tau1, tau2"
3_BKOCO2live_740nm_3085mW_u1_poc0p6_20x0p75NA_457s50_g70_z1_256pix_basicFLIM_120f_0010.sdt,20260521_KPC_live_SLIM::fitet-sf-c2-b9::3_BKOCO2live_740nm_3085mW_u1_poc0p6_20x0p75NA_457s50_g70_z1_256pix_basicFLIM_120f_0010,fitet-sf-c2-b9,2,"a1, a2, chi2, photons, tau1, tau2"
3_BKOCO2live_740nm_3085mW_u1_poc0p6_20x0p75NA_457s50_g70_z1_256pix_basicFLIM_120f_0010.sdt,20260521_KPC_live_SLIM::fitet-sz-c2-b1::3_BKOCO2live_740nm_3085mW_u1_poc0p6_20x0p75NA_457s50_g70_z1_256pix_basicFLIM_120f_0010,fitet-sz-c2-b1,2,"a1, a2, chi2, photons, tau1, tau2"
3_BKOCO2live_740nm_3085mW_u1_poc0p6_20x0p75NA_457s50_g70_z1_256pix_basicFLIM_120f_0010.sdt,20260521_KPC_live_SLIM::fitet-sz-c2-b3::3_BKOCO2live_740nm_3085mW_u1_poc0p6_20x0p75NA_457s50_g70_z1_256pix_basicFLIM_120f_0010,fitet-sz-c2-b3,2,"a1, a2, chi2, photons, tau1, tau2"
3_BKOCO2live_740nm_3085mW_u1_poc0p6_20x0p75NA_457s50_g70_z1_256pix_basicFLIM_120f_0010.sdt,20260521_KPC_live_SLIM::fitet-sz-c2-b9::3_BKOCO2live_740nm_3085mW_u1_poc0p6_20x0p75NA_457s50_g70_z1_256pix_basicFLIM_120f_0010,fitet-sz-c2-b9,2,"a1, a2, chi2, photons, tau1, tau2"
3_BKOCO2live_740nm_3085mW_u1_poc0p6_20x0p75NA_457s50_g70_z1_256pix_basicFLIM_120f_0011.sdt,20260521_KPC_live_SLIM::fitet-sf-c2-b1::3_BKOCO2live_740nm_3085mW_u1_poc0p6_20x0p75NA_457s50_g70_z1_256pix_basicFLIM_120f_0011,fitet-sf-c2-b1,2,"a1, a2, chi2, photons, tau1, tau2"
3_BKOCO2live_740nm_3085mW_u1_poc0p6_20x0p75NA_457s50_g70_z1_256pix_basicFLIM_120f_0011.sdt,20260521_KPC_live_SLIM::fitet-sf-c2-b3::3_BKOCO2live_740nm_3085mW_u1_poc0p6_20x0p75NA_457s50_g70_z1_256pix_basicFLIM_120f_0011,fitet-sf-c2-b3,2,"a1, a2, chi2, photons, tau1, tau2"
3_BKOCO2live_740nm_3085mW_u1_poc0p6_20x0p75NA_457s50_g70_z1_256pix_basicFLIM_120f_0011.sdt,20260521_KPC_live_SLIM::fitet-sf-c2-b9::3_BKOCO2live_740nm_3085mW_u1_poc0p6_20x0p75NA_457s50_g70_z1_256pix_basicFLIM_120f_0011,fitet-sf-c2-b9,2,"a1, a2, chi2, photons, tau1, tau2"
3_BKOCO2live_740nm_3085mW_u1_poc0p6_20x0p75NA_457s50_g70_z1_256pix_basicFLIM_120f_0011.sdt,20260521_KPC_live_SLIM::fitet-sz-c2-b1::3_BKOCO2live_740nm_3085mW_u1_poc0p6_20x0p75NA_457s50_g70_z1_256pix_basicFLIM_120f_0011,fitet-sz-c2-b1,2,"a1, a2, chi2, photons, tau1, tau2"
3_BKOCO2live_740nm_3085mW_u1_poc0p6_20x0p75NA_457s50_g70_z1_256pix_basicFLIM_120f_0011.sdt,20260521_KPC_live_SLIM::fitet-sz-c2-b3::3_BKOCO2live_740nm_3085mW_u1_poc0p6_20x0p75NA_457s50_g70_z1_256pix_basicFLIM_120f_0011,fitet-sz-c2-b3,2,"a1, a2, chi2, photons, tau1, tau2"
3_BKOCO2live_740nm_3085mW_u1_poc0p6_20x0p75NA_457s50_g70_z1_256pix_basicFLIM_120f_0011.sdt,20260521_KPC_live_SLIM::fitet-sz-c2-b9::3_BKOCO2live_740nm_3085mW_u1_poc0p6_20x0p75NA_457s50_g70_z1_256pix_basicFLIM_120f_0011,fitet-sz-c2-b9,2,"a1, a2, chi2, photons, tau1, tau2"
3_BKOCO2live_740nm_3085mW_u1_poc0p6_20x0p75NA_457s50_g70_z1_256pix_basicFLIM_120f_0012.sdt,20260521_KPC_live_SLIM::fitet-sf-c2-b1::3_BKOCO2live_740nm_3085mW_u1_poc0p6_20x0p75NA_457s50_g70_z1_256pix_basicFLIM_120f_0012,fitet-sf-c2-b1,2,"a1, a2, chi2, photons, tau1, tau2"
3_BKOCO2live_740nm_3085mW_u1_poc0p6_20x0p75NA_457s50_g70_z1_256pix_basicFLIM_120f_0012.sdt,20260521_KPC_live_SLIM::fitet-sf-c2-b3::3_BKOCO2live_740nm_3085mW_u1_poc0p6_20x0p75NA_457s50_g70_z1_256pix_basicFLIM_120f_0012,fitet-sf-c2-b3,2,"a1, a2, chi2, photons, tau1, tau2"
3_BKOCO2live_740nm_3085mW_u1_poc0p6_20x0p75NA_457s50_g70_z1_256pix_basicFLIM_120f_0012.sdt,20260521_KPC_live_SLIM::fitet-sf-c2-b9::3_BKOCO2live_740nm_3085mW_u1_poc0p6_20x0p75NA_457s50_g70_z1_256pix_basicFLIM_120f_0012,fitet-sf-c2-b9,2,"a1, a2, chi2, photons, tau1, tau2"
3_BKOCO2live_740nm_3085mW_u1_poc0p6_20x0p75NA_457s50_g70_z1_256pix_basicFLIM_120f_0012.sdt,20260521_KPC_live_SLIM::fitet-sz-c2-b1::3_BKOCO2live_740nm_3085mW_u1_poc0p6_20x0p75NA_457s50_g70_z1_256pix_basicFLIM_120f_0012,fitet-sz-c2-b1,2,"a1, a2, chi2, photons, tau1, tau2"
3_BKOCO2live_740nm_3085mW_u1_poc0p6_20x0p75NA_457s50_g70_z1_256pix_basicFLIM_120f_0012.sdt,20260521_KPC_live_SLIM::fitet-sz-c2-b3::3_BKOCO2live_740nm_3085mW_u1_poc0p6_20x0p75NA_457s50_g70_z1_256pix_basicFLIM_120f_0012,fitet-sz-c2-b3,2,"a1, a2, chi2, photons, tau1, tau2"
3_BKOCO2live_740nm_3085mW_u1_poc0p6_20x0p75NA_457s50_g70_z1_256pix_basicFLIM_120f_0012.sdt,20260521_KPC_live_SLIM::fitet-sz-c2-b9::3_BKOCO2live_740nm_3085mW_u1_poc0p6_20x0p75NA_457s50_g70_z1_256pix_basicFLIM_120f_0012,fitet-sz-c2-b9,2,"a1, a2, chi2, photons, tau1, tau2"
3_BKOCO2live_740nm_3085mW_u1_poc0p6_20x0p75NA_457s50_g70_z1_256pix_basicFLIM_120f_0013.sdt,20260521_KPC_live_SLIM::fitet-sf-c2-b1::3_BKOCO2live_740nm_3085mW_u1_poc0p6_20x0p75NA_457s50_g70_z1_256pix_basicFLIM_120f_0013,fitet-sf-c2-b1,2,"a1, a2, chi2, photons, tau1, tau2"
3_BKOCO2live_740nm_3085mW_u1_poc0p6_20x0p75NA_457s50_g70_z1_256pix_basicFLIM_120f_0013.sdt,20260521_KPC_live_SLIM::fitet-sf-c2-b3::3_BKOCO2live_740nm_3085mW_u1_poc0p6_20x0p75NA_457s50_g70_z1_256pix_basicFLIM_120f_0013,fitet-sf-c2-b3,2,"a1, a2, chi2, photons, tau1, tau2"
3_BKOCO2live_740nm_3085mW_u1_poc0p6_20x0p75NA_457s50_g70_z1_256pix_basicFLIM_120f_0013.sdt,20260521_KPC_live_SLIM::fitet-sf-c2-b9::3_BKOCO2live_740nm_3085mW_u1_poc0p6_20x0p75NA_457s50_g70_z1_256pix_basicFLIM_120f_0013,fitet-sf-c2-b9,2,"a1, a2, chi2, photons, tau1, tau2"
3_BKOCO2live_740nm_3085mW_u1_poc0p6_20x0p75NA_457s50_g70_z1_256pix_basicFLIM_120f_0013.sdt,20260521_KPC_live_SLIM::fitet-sz-c2-b1::3_BKOCO2live_740nm_3085mW_u1_poc0p6_20x0p75NA_457s50_g70_z1_256pix_basicFLIM_120f_0013,fitet-sz-c2-b1,2,"a1, a2, chi2, photons, tau1, tau2"
3_BKOCO2live_740nm_3085mW_u1_poc0p6_20x0p75NA_457s50_g70_z1_256pix_basicFLIM_120f_0013.sdt,20260521_KPC_live_SLIM::fitet-sz-c2-b3::3_BKOCO2live_740nm_3085mW_u1_poc0p6_20x0p75NA_457s50_g70_z1_256pix_basicFLIM_120f_0013,fitet-sz-c2-b3,2,"a1, a2, chi2, photons, tau1, tau2"
3_BKOCO2live_740nm_3085mW_u1_poc0p6_20x0p75NA_457s50_g70_z1_256pix_basicFLIM_120f_0013.sdt,20260521_KPC_live_SLIM::fitet-sz-c2-b9::3_BKOCO2live_740nm_3085mW_u1_poc0p6_20x0p75NA_457s50_g70_z1_256pix_basicFLIM_120f_0013,fitet-sz-c2-b9,2,"a1, a2, chi2, photons, tau1, tau2"
3_BKOCO2live_740nm_3085mW_u1_poc0p6_20x0p75NA_457s50_g70_z1_256pix_basicFLIM_120f_0014.sdt,20260521_KPC_live_SLIM::fitet-sf-c2-b1::3_BKOCO2live_740nm_3085mW_u1_poc0p6_20x0p75NA_457s50_g70_z1_256pix_basicFLIM_120f_0014,fitet-sf-c2-b1,2,"a1, a2, chi2, photons, tau1, tau2"
3_BKOCO2live_740nm_3085mW_u1_poc0p6_20x0p75NA_457s50_g70_z1_256pix_basicFLIM_120f_0014.sdt,20260521_KPC_live_SLIM::fitet-sf-c2-b3::3_BKOCO2live_740nm_3085mW_u1_poc0p6_20x0p75NA_457s50_g70_z1_256pix_basicFLIM_120f_0014,fitet-sf-c2-b3,2,"a1, a2, chi2, photons, tau1, tau2"
3_BKOCO2live_740nm_3085mW_u1_poc0p6_20x0p75NA_457s50_g70_z1_256pix_basicFLIM_120f_0014.sdt,20260521_KPC_live_SLIM::fitet-sf-c2-b9::3_BKOCO2live_740nm_3085mW_u1_poc0p6_20x0p75NA_457s50_g70_z1_256pix_basicFLIM_120f_0014,fitet-sf-c2-b9,2,"a1, a2, chi2, photons, tau1, tau2"
3_BKOCO2live_740nm_3085mW_u1_poc0p6_20x0p75NA_457s50_g70_z1_256pix_basicFLIM_120f_0014.sdt,20260521_KPC_live_SLIM::fitet-sz-c2-b1::3_BKOCO2live_740nm_3085mW_u1_poc0p6_20x0p75NA_457s50_g70_z1_256pix_basicFLIM_120f_0014,fitet-sz-c2-b1,2,"a1, a2, chi2, photons, tau1, tau2"
3_BKOCO2live_740nm_3085mW_u1_poc0p6_20x0p75NA_457s50_g70_z1_256pix_basicFLIM_120f_0014.sdt,20260521_KPC_live_SLIM::fitet-sz-c2-b3::3_BKOCO2live_740nm_3085mW_u1_poc0p6_20x0p75NA_457s50_g70_z1_256pix_basicFLIM_120f_0014,fitet-sz-c2-b3,2,"a1, a2, chi2, photons, tau1, tau2"
3_BKOCO2live_740nm_3085mW_u1_poc0p6_20x0p75NA_457s50_g70_z1_256pix_basicFLIM_120f_0014.sdt,20260521_KPC_live_SLIM::fitet-sz-c2-b9::3_BKOCO2live_740nm_3085mW_u1_poc0p6_20x0p75NA_457s50_g70_z1_256pix_basicFLIM_120f_0014,fitet-sz-c2-b9,2,"a1, a2, chi2, photons, tau1, tau2"
4_BKOCO2live_740nm_3085mW_u1_poc0p5_20x0p75NA_457s50_g70_z1_256pix_basicFLIM_120f_0000.sdt,20260521_KPC_live_SLIM::fitet-sf-c2-b1::4_BKOCO2live_740nm_3085mW_u1_poc0p5_20x0p75NA_457s50_g70_z1_256pix_basicFLIM_120f_0000,fitet-sf-c2-b1,2,"a1, a2, chi2, photons, tau1, tau2"
4_BKOCO2live_740nm_3085mW_u1_poc0p5_20x0p75NA_457s50_g70_z1_256pix_basicFLIM_120f_0000.sdt,20260521_KPC_live_SLIM::fitet-sf-c2-b3::4_BKOCO2live_740nm_3085mW_u1_poc0p5_20x0p75NA_457s50_g70_z1_256pix_basicFLIM_120f_0000,fitet-sf-c2-b3,2,"a1, a2, chi2, photons, tau1, tau2"
4_BKOCO2live_740nm_3085mW_u1_poc0p5_20x0p75NA_457s50_g70_z1_256pix_basicFLIM_120f_0000.sdt,20260521_KPC_live_SLIM::fitet-sf-c2-b9::4_BKOCO2live_740nm_3085mW_u1_poc0p5_20x0p75NA_457s50_g70_z1_256pix_basicFLIM_120f_0000,fitet-sf-c2-b9,2,"a1, a2, chi2, photons, tau1, tau2"
4_BKOCO2live_740nm_3085mW_u1_poc0p5_20x0p75NA_457s50_g70_z1_256pix_basicFLIM_120f_0000.sdt,20260521_KPC_live_SLIM::fitet-sz-c2-b1::4_BKOCO2live_740nm_3085mW_u1_poc0p5_20x0p75NA_457s50_g70_z1_256pix_basicFLIM_120f_0000,fitet-sz-c2-b1,2,"a1, a2, chi2, photons, tau1, tau2"
4_BKOCO2live_740nm_3085mW_u1_poc0p5_20x0p75NA_457s50_g70_z1_256pix_basicFLIM_120f_0000.sdt,20260521_KPC_live_SLIM::fitet-sz-c2-b3::4_BKOCO2live_740nm_3085mW_u1_poc0p5_20x0p75NA_457s50_g70_z1_256pix_basicFLIM_120f_0000,fitet-sz-c2-b3,2,"a1, a2, chi2, photons, tau1, tau2"
4_BKOCO2live_740nm_3085mW_u1_poc0p5_20x0p75NA_457s50_g70_z1_256pix_basicFLIM_120f_0000.sdt,20260521_KPC_live_SLIM::fitet-sz-c2-b9::4_BKOCO2live_740nm_3085mW_u1_poc0p5_20x0p75NA_457s50_g70_z1_256pix_basicFLIM_120f_0000,fitet-sz-c2-b9,2,"a1, a2, chi2, photons, tau1, tau2"
4_BKOCO2live_740nm_3085mW_u1_poc0p5_20x0p75NA_457s50_g70_z1_256pix_basicFLIM_120f_0001.sdt,20260521_KPC_live_SLIM::fitet-sf-c2-b1::4_BKOCO2live_740nm_3085mW_u1_poc0p5_20x0p75NA_457s50_g70_z1_256pix_basicFLIM_120f_0001,fitet-sf-c2-b1,2,"a1, a2, chi2, photons, tau1, tau2"
4_BKOCO2live_740nm_3085mW_u1_poc0p5_20x0p75NA_457s50_g70_z1_256pix_basicFLIM_120f_0001.sdt,20260521_KPC_live_SLIM::fitet-sf-c2-b3::4_BKOCO2live_740nm_3085mW_u1_poc0p5_20x0p75NA_457s50_g70_z1_256pix_basicFLIM_120f_0001,fitet-sf-c2-b3,2,"a1, a2, chi2, photons, tau1, tau2"
4_BKOCO2live_740nm_3085mW_u1_poc0p5_20x0p75NA_457s50_g70_z1_256pix_basicFLIM_120f_0001.sdt,20260521_KPC_live_SLIM::fitet-sf-c2-b9::4_BKOCO2live_740nm_3085mW_u1_poc0p5_20x0p75NA_457s50_g70_z1_256pix_basicFLIM_120f_0001,fitet-sf-c2-b9,2,"a1, a2, chi2, photons, tau1, tau2"
4_BKOCO2live_740nm_3085mW_u1_poc0p5_20x0p75NA_457s50_g70_z1_256pix_basicFLIM_120f_0001.sdt,20260521_KPC_live_SLIM::fitet-sz-c2-b1::4_BKOCO2live_740nm_3085mW_u1_poc0p5_20x0p75NA_457s50_g70_z1_256pix_basicFLIM_120f_0001,fitet-sz-c2-b1,2,"a1, a2, chi2, photons, tau1, tau2"
4_BKOCO2live_740nm_3085mW_u1_poc0p5_20x0p75NA_457s50_g70_z1_256pix_basicFLIM_120f_0001.sdt,20260521_KPC_live_SLIM::fitet-sz-c2-b3::4_BKOCO2live_740nm_3085mW_u1_poc0p5_20x0p75NA_457s50_g70_z1_256pix_basicFLIM_120f_0001,fitet-sz-c2-b3,2,"a1, a2, chi2, photons, tau1, tau2"
4_BKOCO2live_740nm_3085mW_u1_poc0p5_20x0p75NA_457s50_g70_z1_256pix_basicFLIM_120f_0001.sdt,20260521_KPC_live_SLIM::fitet-sz-c2-b9::4_BKOCO2live_740nm_3085mW_u1_poc0p5_20x0p75NA_457s50_g70_z1_256pix_basicFLIM_120f_0001,fitet-sz-c2-b9,2,"a1, a2, chi2, photons, tau1, tau2"
4_BKOCO2live_740nm_3085mW_u1_poc0p5_20x0p75NA_457s50_g70_z1_256pix_basicFLIM_120f_0002.sdt,20260521_KPC_live_SLIM::fitet-sf-c2-b1::4_BKOCO2live_740nm_3085mW_u1_poc0p5_20x0p75NA_457s50_g70_z1_256pix_basicFLIM_120f_0002,fitet-sf-c2-b1,2,"a1, a2, chi2, photons, tau1, tau2"
4_BKOCO2live_740nm_3085mW_u1_poc0p5_20x0p75NA_457s50_g70_z1_256pix_basicFLIM_120f_0002.sdt,20260521_KPC_live_SLIM::fitet-sf-c2-b3::4_BKOCO2live_740nm_3085mW_u1_poc0p5_20x0p75NA_457s50_g70_z1_256pix_basicFLIM_120f_0002,fitet-sf-c2-b3,2,"a1, a2, chi2, photons, tau1, tau2"
4_BKOCO2live_740nm_3085mW_u1_poc0p5_20x0p75NA_457s50_g70_z1_256pix_basicFLIM_120f_0002.sdt,20260521_KPC_live_SLIM::fitet-sf-c2-b9::4_BKOCO2live_740nm_3085mW_u1_poc0p5_20x0p75NA_457s50_g70_z1_256pix_basicFLIM_120f_0002,fitet-sf-c2-b9,2,"a1, a2, chi2, photons, tau1, tau2"
4_BKOCO2live_740nm_3085mW_u1_poc0p5_20x0p75NA_457s50_g70_z1_256pix_basicFLIM_120f_0002.sdt,20260521_KPC_live_SLIM::fitet-sz-c2-b1::4_BKOCO2live_740nm_3085mW_u1_poc0p5_20x0p75NA_457s50_g70_z1_256pix_basicFLIM_120f_0002,fitet-sz-c2-b1,2,"a1, a2, chi2, photons, tau1, tau2"
4_BKOCO2live_740nm_3085mW_u1_poc0p5_20x0p75NA_457s50_g70_z1_256pix_basicFLIM_120f_0002.sdt,20260521_KPC_live_SLIM::fitet-sz-c2-b3::4_BKOCO2live_740nm_3085mW_u1_poc0p5_20x0p75NA_457s50_g70_z1_256pix_basicFLIM_120f_0002,fitet-sz-c2-b3,2,"a1, a2, chi2, photons, tau1, tau2"
4_BKOCO2live_740nm_3085mW_u1_poc0p5_20x0p75NA_457s50_g70_z1_256pix_basicFLIM_120f_0002.sdt,20260521_KPC_live_SLIM::fitet-sz-c2-b9::4_BKOCO2live_740nm_3085mW_u1_poc0p5_20x0p75NA_457s50_g70_z1_256pix_basicFLIM_120f_0002,fitet-sz-c2-b9,2,"a1, a2, chi2, photons, tau1, tau2"
4_BKOCO2live_740nm_3085mW_u1_poc0p5_20x0p75NA_457s50_g70_z1_256pix_basicFLIM_120f_0003.sdt,20260521_KPC_live_SLIM::fitet-sf-c2-b1::4_BKOCO2live_740nm_3085mW_u1_poc0p5_20x0p75NA_457s50_g70_z1_256pix_basicFLIM_120f_0003,fitet-sf-c2-b1,2,"a1, a2, chi2, photons, tau1, tau2"
4_BKOCO2live_740nm_3085mW_u1_poc0p5_20x0p75NA_457s50_g70_z1_256pix_basicFLIM_120f_0003.sdt,20260521_KPC_live_SLIM::fitet-sf-c2-b3::4_BKOCO2live_740nm_3085mW_u1_poc0p5_20x0p75NA_457s50_g70_z1_256pix_basicFLIM_120f_0003,fitet-sf-c2-b3,2,"a1, a2, chi2, photons, tau1, tau2"
4_BKOCO2live_740nm_3085mW_u1_poc0p5_20x0p75NA_457s50_g70_z1_256pix_basicFLIM_120f_0003.sdt,20260521_KPC_live_SLIM::fitet-sf-c2-b9::4_BKOCO2live_740nm_3085mW_u1_poc0p5_20x0p75NA_457s50_g70_z1_256pix_basicFLIM_120f_0003,fitet-sf-c2-b9,2,"a1, a2, chi2, photons, tau1, tau2"
4_BKOCO2live_740nm_3085mW_u1_poc0p5_20x0p75NA_457s50_g70_z1_256pix_basicFLIM_120f_0003.sdt,20260521_KPC_live_SLIM::fitet-sz-c2-b1::4_BKOCO2live_740nm_3085mW_u1_poc0p5_20x0p75NA_457s50_g70_z1_256pix_basicFLIM_120f_0003,fitet-sz-c2-b1,2,"a1, a2, chi2, photons, tau1, tau2"
4_BKOCO2live_740nm_3085mW_u1_poc0p5_20x0p75NA_457s50_g70_z1_256pix_basicFLIM_120f_0003.sdt,20260521_KPC_live_SLIM::fitet-sz-c2-b3::4_BKOCO2live_740nm_3085mW_u1_poc0p5_20x0p75NA_457s50_g70_z1_256pix_basicFLIM_120f_0003,fitet-sz-c2-b3,2,"a1, a2, chi2, photons, tau1, tau2"
4_BKOCO2live_740nm_3085mW_u1_poc0p5_20x0p75NA_457s50_g70_z1_256pix_basicFLIM_120f_0003.sdt,20260521_KPC_live_SLIM::fitet-sz-c2-b9::4_BKOCO2live_740nm_3085mW_u1_poc0p5_20x0p75NA_457s50_g70_z1_256pix_basicFLIM_120f_0003,fitet-sz-c2-b9,2,"a1, a2, chi2, photons, tau1, tau2"
4_BKOCO2live_740nm_3085mW_u1_poc0p5_20x0p75NA_457s50_g70_z1_256pix_basicFLIM_120f_0004.sdt,20260521_KPC_live_SLIM::fitet-sf-c2-b1::4_BKOCO2live_740nm_3085mW_u1_poc0p5_20x0p75NA_457s50_g70_z1_256pix_basicFLIM_120f_0004,fitet-sf-c2-b1,2,"a1, a2, chi2, photons, tau1, tau2"
4_BKOCO2live_740nm_3085mW_u1_poc0p5_20x0p75NA_457s50_g70_z1_256pix_basicFLIM_120f_0004.sdt,20260521_KPC_live_SLIM::fitet-sf-c2-b3::4_BKOCO2live_740nm_3085mW_u1_poc0p5_20x0p75NA_457s50_g70_z1_256pix_basicFLIM_120f_0004,fitet-sf-c2-b3,2,"a1, a2, chi2, photons, tau1, tau2"
4_BKOCO2live_740nm_3085mW_u1_poc0p5_20x0p75NA_457s50_g70_z1_256pix_basicFLIM_120f_0004.sdt,20260521_KPC_live_SLIM::fitet-sf-c2-b9::4_BKOCO2live_740nm_3085mW_u1_poc0p5_20x0p75NA_457s50_g70_z1_256pix_basicFLIM_120f_0004,fitet-sf-c2-b9,2,"a1, a2, chi2, photons, tau1, tau2"
4_BKOCO2live_740nm_3085mW_u1_poc0p5_20x0p75NA_457s50_g70_z1_256pix_basicFLIM_120f_0004.sdt,20260521_KPC_live_SLIM::fitet-sz-c2-b1::4_BKOCO2live_740nm_3085mW_u1_poc0p5_20x0p75NA_457s50_g70_z1_256pix_basicFLIM_120f_0004,fitet-sz-c2-b1,2,"a1, a2, chi2, photons, tau1, tau2"
4_BKOCO2live_740nm_3085mW_u1_poc0p5_20x0p75NA_457s50_g70_z1_256pix_basicFLIM_120f_0004.sdt,20260521_KPC_live_SLIM::fitet-sz-c2-b3::4_BKOCO2live_740nm_3085mW_u1_poc0p5_20x0p75NA_457s50_g70_z1_256pix_basicFLIM_120f_0004,fitet-sz-c2-b3,2,"a1, a2, chi2, photons, tau1, tau2"
4_BKOCO2live_740nm_3085mW_u1_poc0p5_20x0p75NA_457s50_g70_z1_256pix_basicFLIM_120f_0004.sdt,20260521_KPC_live_SLIM::fitet-sz-c2-b9::4_BKOCO2live_740nm_3085mW_u1_poc0p5_20x0p75NA_457s50_g70_z1_256pix_basicFLIM_120f_0004,fitet-sz-c2-b9,2,"a1, a2, chi2, photons, tau1, tau2"
4_BKOCO2live_740nm_3085mW_u1_poc0p5_20x0p75NA_457s50_g70_z1_256pix_basicFLIM_120f_0005.sdt,20260521_KPC_live_SLIM::fitet-sf-c2-b1::4_BKOCO2live_740nm_3085mW_u1_poc0p5_20x0p75NA_457s50_g70_z1_256pix_basicFLIM_120f_0005,fitet-sf-c2-b1,2,"a1, a2, chi2, photons, tau1, tau2"
4_BKOCO2live_740nm_3085mW_u1_poc0p5_20x0p75NA_457s50_g70_z1_256pix_basicFLIM_120f_0005.sdt,20260521_KPC_live_SLIM::fitet-sf-c2-b3::4_BKOCO2live_740nm_3085mW_u1_poc0p5_20x0p75NA_457s50_g70_z1_256pix_basicFLIM_120f_0005,fitet-sf-c2-b3,2,"a1, a2, chi2, photons, tau1, tau2"
4_BKOCO2live_740nm_3085mW_u1_poc0p5_20x0p75NA_457s50_g70_z1_256pix_basicFLIM_120f_0005.sdt,20260521_KPC_live_SLIM::fitet-sf-c2-b9::4_BKOCO2live_740nm_3085mW_u1_poc0p5_20x0p75NA_457s50_g70_z1_256pix_basicFLIM_120f_0005,fitet-sf-c2-b9,2,"a1, a2, chi2, photons, tau1, tau2"
4_BKOCO2live_740nm_3085mW_u1_poc0p5_20x0p75NA_457s50_g70_z1_256pix_basicFLIM_120f_0005.sdt,20260521_KPC_live_SLIM::fitet-sz-c2-b1::4_BKOCO2live_740nm_3085mW_u1_poc0p5_20x0p75NA_457s50_g70_z1_256pix_basicFLIM_120f_0005,fitet-sz-c2-b1,2,"a1, a2, chi2, photons, tau1, tau2"
4_BKOCO2live_740nm_3085mW_u1_poc0p5_20x0p75NA_457s50_g70_z1_256pix_basicFLIM_120f_0005.sdt,20260521_KPC_live_SLIM::fitet-sz-c2-b3::4_BKOCO2live_740nm_3085mW_u1_poc0p5_20x0p75NA_457s50_g70_z1_256pix_basicFLIM_120f_0005,fitet-sz-c2-b3,2,"a1, a2, chi2, photons, tau1, tau2"
4_BKOCO2live_740nm_3085mW_u1_poc0p5_20x0p75NA_457s50_g70_z1_256pix_basicFLIM_120f_0005.sdt,20260521_KPC_live_SLIM::fitet-sz-c2-b9::4_BKOCO2live_740nm_3085mW_u1_poc0p5_20x0p75NA_457s50_g70_z1_256pix_basicFLIM_120f_0005,fitet-sz-c2-b9,2,"a1, a2, chi2, photons, tau1, tau2"
4_BKOCO2live_740nm_3085mW_u1_poc0p5_20x0p75NA_457s50_g70_z1_256pix_basicFLIM_120f_0006.sdt,20260521_KPC_live_SLIM::fitet-sf-c2-b1::4_BKOCO2live_740nm_3085mW_u1_poc0p5_20x0p75NA_457s50_g70_z1_256pix_basicFLIM_120f_0006,fitet-sf-c2-b1,2,"a1, a2, chi2, photons, tau1, tau2"
4_BKOCO2live_740nm_3085mW_u1_poc0p5_20x0p75NA_457s50_g70_z1_256pix_basicFLIM_120f_0006.sdt,20260521_KPC_live_SLIM::fitet-sf-c2-b3::4_BKOCO2live_740nm_3085mW_u1_poc0p5_20x0p75NA_457s50_g70_z1_256pix_basicFLIM_120f_0006,fitet-sf-c2-b3,2,"a1, a2, chi2, photons, tau1, tau2"
4_BKOCO2live_740nm_3085mW_u1_poc0p5_20x0p75NA_457s50_g70_z1_256pix_basicFLIM_120f_0006.sdt,20260521_KPC_live_SLIM::fitet-sf-c2-b9::4_BKOCO2live_740nm_3085mW_u1_poc0p5_20x0p75NA_457s50_g70_z1_256pix_basicFLIM_120f_0006,fitet-sf-c2-b9,2,"a1, a2, chi2, photons, tau1, tau2"
4_BKOCO2live_740nm_3085mW_u1_poc0p5_20x0p75NA_457s50_g70_z1_256pix_basicFLIM_120f_0006.sdt,20260521_KPC_live_SLIM::fitet-sz-c2-b1::4_BKOCO2live_740nm_3085mW_u1_poc0p5_20x0p75NA_457s50_g70_z1_256pix_basicFLIM_120f_0006,fitet-sz-c2-b1,2,"a1, a2, chi2, photons, tau1, tau2"
4_BKOCO2live_740nm_3085mW_u1_poc0p5_20x0p75NA_457s50_g70_z1_256pix_basicFLIM_120f_0006.sdt,20260521_KPC_live_SLIM::fitet-sz-c2-b3::4_BKOCO2live_740nm_3085mW_u1_poc0p5_20x0p75NA_457s50_g70_z1_256pix_basicFLIM_120f_0006,fitet-sz-c2-b3,2,"a1, a2, chi2, photons, tau1, tau2"
4_BKOCO2live_740nm_3085mW_u1_poc0p5_20x0p75NA_457s50_g70_z1_256pix_basicFLIM_120f_0006.sdt,20260521_KPC_live_SLIM::fitet-sz-c2-b9::4_BKOCO2live_740nm_3085mW_u1_poc0p5_20x0p75NA_457s50_g70_z1_256pix_basicFLIM_120f_0006,fitet-sz-c2-b9,2,"a1, a2, chi2, photons, tau1, tau2"
4_BKOCO2live_740nm_3085mW_u1_poc0p5_20x0p75NA_457s50_g70_z1_256pix_basicFLIM_120f_0007.sdt,20260521_KPC_live_SLIM::fitet-sf-c2-b1::4_BKOCO2live_740nm_3085mW_u1_poc0p5_20x0p75NA_457s50_g70_z1_256pix_basicFLIM_120f_0007,fitet-sf-c2-b1,2,"a1, a2, chi2, photons, tau1, tau2"
4_BKOCO2live_740nm_3085mW_u1_poc0p5_20x0p75NA_457s50_g70_z1_256pix_basicFLIM_120f_0007.sdt,20260521_KPC_live_SLIM::fitet-sf-c2-b3::4_BKOCO2live_740nm_3085mW_u1_poc0p5_20x0p75NA_457s50_g70_z1_256pix_basicFLIM_120f_0007,fitet-sf-c2-b3,2,"a1, a2, chi2, photons, tau1, tau2"
4_BKOCO2live_740nm_3085mW_u1_poc0p5_20x0p75NA_457s50_g70_z1_256pix_basicFLIM_120f_0007.sdt,20260521_KPC_live_SLIM::fitet-sf-c2-b9::4_BKOCO2live_740nm_3085mW_u1_poc0p5_20x0p75NA_457s50_g70_z1_256pix_basicFLIM_120f_0007,fitet-sf-c2-b9,2,"a1, a2, chi2, photons, tau1, tau2"
4_BKOCO2live_740nm_3085mW_u1_poc0p5_20x0p75NA_457s50_g70_z1_256pix_basicFLIM_120f_0007.sdt,20260521_KPC_live_SLIM::fitet-sz-c2-b1::4_BKOCO2live_740nm_3085mW_u1_poc0p5_20x0p75NA_457s50_g70_z1_256pix_basicFLIM_120f_0007,fitet-sz-c2-b1,2,"a1, a2, chi2, photons, tau1, tau2"
4_BKOCO2live_740nm_3085mW_u1_poc0p5_20x0p75NA_457s50_g70_z1_256pix_basicFLIM_120f_0007.sdt,20260521_KPC_live_SLIM::fitet-sz-c2-b3::4_BKOCO2live_740nm_3085mW_u1_poc0p5_20x0p75NA_457s50_g70_z1_256pix_basicFLIM_120f_0007,fitet-sz-c2-b3,2,"a1, a2, chi2, photons, tau1, tau2"
4_BKOCO2live_740nm_3085mW_u1_poc0p5_20x0p75NA_457s50_g70_z1_256pix_basicFLIM_120f_0007.sdt,20260521_KPC_live_SLIM::fitet-sz-c2-b9::4_BKOCO2live_740nm_3085mW_u1_poc0p5_20x0p75NA_457s50_g70_z1_256pix_basicFLIM_120f_0007,fitet-sz-c2-b9,2,"a1, a2, chi2, photons, tau1, tau2"
4_BKOCO2live_740nm_3085mW_u1_poc0p5_20x0p75NA_457s50_g70_z1_256pix_basicFLIM_120f_0008.sdt,20260521_KPC_live_SLIM::fitet-sf-c2-b1::4_BKOCO2live_740nm_3085mW_u1_poc0p5_20x0p75NA_457s50_g70_z1_256pix_basicFLIM_120f_0008,fitet-sf-c2-b1,2,"a1, a2, chi2, photons, tau1, tau2"
4_BKOCO2live_740nm_3085mW_u1_poc0p5_20x0p75NA_457s50_g70_z1_256pix_basicFLIM_120f_0008.sdt,20260521_KPC_live_SLIM::fitet-sf-c2-b3::4_BKOCO2live_740nm_3085mW_u1_poc0p5_20x0p75NA_457s50_g70_z1_256pix_basicFLIM_120f_0008,fitet-sf-c2-b3,2,"a1, a2, chi2, photons, tau1, tau2"
4_BKOCO2live_740nm_3085mW_u1_poc0p5_20x0p75NA_457s50_g70_z1_256pix_basicFLIM_120f_0008.sdt,20260521_KPC_live_SLIM::fitet-sf-c2-b9::4_BKOCO2live_740nm_3085mW_u1_poc0p5_20x0p75NA_457s50_g70_z1_256pix_basicFLIM_120f_0008,fitet-sf-c2-b9,2,"a1, a2, chi2, photons, tau1, tau2"
4_BKOCO2live_740nm_3085mW_u1_poc0p5_20x0p75NA_457s50_g70_z1_256pix_basicFLIM_120f_0008.sdt,20260521_KPC_live_SLIM::fitet-sz-c2-b1::4_BKOCO2live_740nm_3085mW_u1_poc0p5_20x0p75NA_457s50_g70_z1_256pix_basicFLIM_120f_0008,fitet-sz-c2-b1,2,"a1, a2, chi2, photons, tau1, tau2"
4_BKOCO2live_740nm_3085mW_u1_poc0p5_20x0p75NA_457s50_g70_z1_256pix_basicFLIM_120f_0008.sdt,20260521_KPC_live_SLIM::fitet-sz-c2-b3::4_BKOCO2live_740nm_3085mW_u1_poc0p5_20x0p75NA_457s50_g70_z1_256pix_basicFLIM_120f_0008,fitet-sz-c2-b3,2,"a1, a2, chi2, photons, tau1, tau2"
4_BKOCO2live_740nm_3085mW_u1_poc0p5_20x0p75NA_457s50_g70_z1_256pix_basicFLIM_120f_0008.sdt,20260521_KPC_live_SLIM::fitet-sz-c2-b9::4_BKOCO2live_740nm_3085mW_u1_poc0p5_20x0p75NA_457s50_g70_z1_256pix_basicFLIM_120f_0008,fitet-sz-c2-b9,2,"a1, a2, chi2, photons, tau1, tau2"
4_BKOCO2live_740nm_3085mW_u1_poc0p5_20x0p75NA_457s50_g70_z1_256pix_basicFLIM_120f_0009.sdt,20260521_KPC_live_SLIM::fitet-sf-c2-b1::4_BKOCO2live_740nm_3085mW_u1_poc0p5_20x0p75NA_457s50_g70_z1_256pix_basicFLIM_120f_0009,fitet-sf-c2-b1,2,"a1, a2, chi2, photons, tau1, tau2"
4_BKOCO2live_740nm_3085mW_u1_poc0p5_20x0p75NA_457s50_g70_z1_256pix_basicFLIM_120f_0009.sdt,20260521_KPC_live_SLIM::fitet-sf-c2-b3::4_BKOCO2live_740nm_3085mW_u1_poc0p5_20x0p75NA_457s50_g70_z1_256pix_basicFLIM_120f_0009,fitet-sf-c2-b3,2,"a1, a2, chi2, photons, tau1, tau2"
4_BKOCO2live_740nm_3085mW_u1_poc0p5_20x0p75NA_457s50_g70_z1_256pix_basicFLIM_120f_0009.sdt,20260521_KPC_live_SLIM::fitet-sf-c2-b9::4_BKOCO2live_740nm_3085mW_u1_poc0p5_20x0p75NA_457s50_g70_z1_256pix_basicFLIM_120f_0009,fitet-sf-c2-b9,2,"a1, a2, chi2, photons, tau1, tau2"
4_BKOCO2live_740nm_3085mW_u1_poc0p5_20x0p75NA_457s50_g70_z1_256pix_basicFLIM_120f_0009.sdt,20260521_KPC_live_SLIM::fitet-sz-c2-b1::4_BKOCO2live_740nm_3085mW_u1_poc0p5_20x0p75NA_457s50_g70_z1_256pix_basicFLIM_120f_0009,fitet-sz-c2-b1,2,"a1, a2, chi2, photons, tau1, tau2"
4_BKOCO2live_740nm_3085mW_u1_poc0p5_20x0p75NA_457s50_g70_z1_256pix_basicFLIM_120f_0009.sdt,20260521_KPC_live_SLIM::fitet-sz-c2-b3::4_BKOCO2live_740nm_3085mW_u1_poc0p5_20x0p75NA_457s50_g70_z1_256pix_basicFLIM_120f_0009,fitet-sz-c2-b3,2,"a1, a2, chi2, photons, tau1, tau2"
4_BKOCO2live_740nm_3085mW_u1_poc0p5_20x0p75NA_457s50_g70_z1_256pix_basicFLIM_120f_0009.sdt,20260521_KPC_live_SLIM::fitet-sz-c2-b9::4_BKOCO2live_740nm_3085mW_u1_poc0p5_20x0p75NA_457s50_g70_z1_256pix_basicFLIM_120f_0009,fitet-sz-c2-b9,2,"a1, a2, chi2, photons, tau1, tau2"
4_BKOCO2live_740nm_3085mW_u1_poc0p5_20x0p75NA_457s50_g70_z1_256pix_basicFLIM_120f_0010.sdt,20260521_KPC_live_SLIM::fitet-sf-c2-b1::4_BKOCO2live_740nm_3085mW_u1_poc0p5_20x0p75NA_457s50_g70_z1_256pix_basicFLIM_120f_0010,fitet-sf-c2-b1,2,"a1, a2, chi2, photons, tau1, tau2"
4_BKOCO2live_740nm_3085mW_u1_poc0p5_20x0p75NA_457s50_g70_z1_256pix_basicFLIM_120f_0010.sdt,20260521_KPC_live_SLIM::fitet-sf-c2-b3::4_BKOCO2live_740nm_3085mW_u1_poc0p5_20x0p75NA_457s50_g70_z1_256pix_basicFLIM_120f_0010,fitet-sf-c2-b3,2,"a1, a2, chi2, photons, tau1, tau2"
4_BKOCO2live_740nm_3085mW_u1_poc0p5_20x0p75NA_457s50_g70_z1_256pix_basicFLIM_120f_0010.sdt,20260521_KPC_live_SLIM::fitet-sf-c2-b9::4_BKOCO2live_740nm_3085mW_u1_poc0p5_20x0p75NA_457s50_g70_z1_256pix_basicFLIM_120f_0010,fitet-sf-c2-b9,2,"a1, a2, chi2, photons, tau1, tau2"
4_BKOCO2live_740nm_3085mW_u1_poc0p5_20x0p75NA_457s50_g70_z1_256pix_basicFLIM_120f_0010.sdt,20260521_KPC_live_SLIM::fitet-sz-c2-b1::4_BKOCO2live_740nm_3085mW_u1_poc0p5_20x0p75NA_457s50_g70_z1_256pix_basicFLIM_120f_0010,fitet-sz-c2-b1,2,"a1, a2, chi2, photons, tau1, tau2"
4_BKOCO2live_740nm_3085mW_u1_poc0p5_20x0p75NA_457s50_g70_z1_256pix_basicFLIM_120f_0010.sdt,20260521_KPC_live_SLIM::fitet-sz-c2-b3::4_BKOCO2live_740nm_3085mW_u1_poc0p5_20x0p75NA_457s50_g70_z1_256pix_basicFLIM_120f_0010,fitet-sz-c2-b3,2,"a1, a2, chi2, photons, tau1, tau2"
4_BKOCO2live_740nm_3085mW_u1_poc0p5_20x0p75NA_457s50_g70_z1_256pix_basicFLIM_120f_0010.sdt,20260521_KPC_live_SLIM::fitet-sz-c2-b9::4_BKOCO2live_740nm_3085mW_u1_poc0p5_20x0p75NA_457s50_g70_z1_256pix_basicFLIM_120f_0010,fitet-sz-c2-b9,2,"a1, a2, chi2, photons, tau1, tau2"
4_BKOCO2live_740nm_3085mW_u1_poc0p5_20x0p75NA_457s50_g70_z1_256pix_basicFLIM_120f_0011.sdt,20260521_KPC_live_SLIM::fitet-sf-c2-b1::4_BKOCO2live_740nm_3085mW_u1_poc0p5_20x0p75NA_457s50_g70_z1_256pix_basicFLIM_120f_0011,fitet-sf-c2-b1,2,"a1, a2, chi2, photons, tau1, tau2"
4_BKOCO2live_740nm_3085mW_u1_poc0p5_20x0p75NA_457s50_g70_z1_256pix_basicFLIM_120f_0011.sdt,20260521_KPC_live_SLIM::fitet-sf-c2-b3::4_BKOCO2live_740nm_3085mW_u1_poc0p5_20x0p75NA_457s50_g70_z1_256pix_basicFLIM_120f_0011,fitet-sf-c2-b3,2,"a1, a2, chi2, photons, tau1, tau2"
4_BKOCO2live_740nm_3085mW_u1_poc0p5_20x0p75NA_457s50_g70_z1_256pix_basicFLIM_120f_0011.sdt,20260521_KPC_live_SLIM::fitet-sf-c2-b9::4_BKOCO2live_740nm_3085mW_u1_poc0p5_20x0p75NA_457s50_g70_z1_256pix_basicFLIM_120f_0011,fitet-sf-c2-b9,2,"a1, a2, chi2, photons, tau1, tau2"
4_BKOCO2live_740nm_3085mW_u1_poc0p5_20x0p75NA_457s50_g70_z1_256pix_basicFLIM_120f_0011.sdt,20260521_KPC_live_SLIM::fitet-sz-c2-b1::4_BKOCO2live_740nm_3085mW_u1_poc0p5_20x0p75NA_457s50_g70_z1_256pix_basicFLIM_120f_0011,fitet-sz-c2-b1,2,"a1, a2, chi2, photons, tau1, tau2"
4_BKOCO2live_740nm_3085mW_u1_poc0p5_20x0p75NA_457s50_g70_z1_256pix_basicFLIM_120f_0011.sdt,20260521_KPC_live_SLIM::fitet-sz-c2-b3::4_BKOCO2live_740nm_3085mW_u1_poc0p5_20x0p75NA_457s50_g70_z1_256pix_basicFLIM_120f_0011,fitet-sz-c2-b3,2,"a1, a2, chi2, photons, tau1, tau2"
4_BKOCO2live_740nm_3085mW_u1_poc0p5_20x0p75NA_457s50_g70_z1_256pix_basicFLIM_120f_0011.sdt,20260521_KPC_live_SLIM::fitet-sz-c2-b9::4_BKOCO2live_740nm_3085mW_u1_poc0p5_20x0p75NA_457s50_g70_z1_256pix_basicFLIM_120f_0011,fitet-sz-c2-b9,2,"a1, a2, chi2, photons, tau1, tau2"
4_BKOCO2live_740nm_3085mW_u1_poc0p5_20x0p75NA_535s50_g70_z1_256pix_basicFLIM_120f_0000.sdt,20260521_KPC_live_SLIM::fitet-sf-c2-b1::4_BKOCO2live_740nm_3085mW_u1_poc0p5_20x0p75NA_535s50_g70_z1_256pix_basicFLIM_120f_0000,fitet-sf-c2-b1,2,"a1, a2, chi2, photons, tau1, tau2"
4_BKOCO2live_740nm_3085mW_u1_poc0p5_20x0p75NA_535s50_g70_z1_256pix_basicFLIM_120f_0000.sdt,20260521_KPC_live_SLIM::fitet-sf-c2-b3::4_BKOCO2live_740nm_3085mW_u1_poc0p5_20x0p75NA_535s50_g70_z1_256pix_basicFLIM_120f_0000,fitet-sf-c2-b3,2,"a1, a2, chi2, photons, tau1, tau2"
4_BKOCO2live_740nm_3085mW_u1_poc0p5_20x0p75NA_535s50_g70_z1_256pix_basicFLIM_120f_0000.sdt,20260521_KPC_live_SLIM::fitet-sf-c2-b9::4_BKOCO2live_740nm_3085mW_u1_poc0p5_20x0p75NA_535s50_g70_z1_256pix_basicFLIM_120f_0000,fitet-sf-c2-b9,2,"a1, a2, chi2, photons, tau1, tau2"
4_BKOCO2live_740nm_3085mW_u1_poc0p5_20x0p75NA_535s50_g70_z1_256pix_basicFLIM_120f_0000.sdt,20260521_KPC_live_SLIM::fitet-sz-c2-b1::4_BKOCO2live_740nm_3085mW_u1_poc0p5_20x0p75NA_535s50_g70_z1_256pix_basicFLIM_120f_0000,fitet-sz-c2-b1,2,"a1, a2, chi2, photons, tau1, tau2"
4_BKOCO2live_740nm_3085mW_u1_poc0p5_20x0p75NA_535s50_g70_z1_256pix_basicFLIM_120f_0000.sdt,20260521_KPC_live_SLIM::fitet-sz-c2-b3::4_BKOCO2live_740nm_3085mW_u1_poc0p5_20x0p75NA_535s50_g70_z1_256pix_basicFLIM_120f_0000,fitet-sz-c2-b3,2,"a1, a2, chi2, photons, tau1, tau2"
4_BKOCO2live_740nm_3085mW_u1_poc0p5_20x0p75NA_535s50_g70_z1_256pix_basicFLIM_120f_0000.sdt,20260521_KPC_live_SLIM::fitet-sz-c2-b9::4_BKOCO2live_740nm_3085mW_u1_poc0p5_20x0p75NA_535s50_g70_z1_256pix_basicFLIM_120f_0000,fitet-sz-c2-b9,2,"a1, a2, chi2, photons, tau1, tau2"
4_BKOCO2live_740nm_3085mW_u1_poc0p5_20x0p75NA_535s50_g70_z1_256pix_basicFLIM_120f_0001.sdt,20260521_KPC_live_SLIM::fitet-sf-c2-b1::4_BKOCO2live_740nm_3085mW_u1_poc0p5_20x0p75NA_535s50_g70_z1_256pix_basicFLIM_120f_0001,fitet-sf-c2-b1,2,"a1, a2, chi2, photons, tau1, tau2"
4_BKOCO2live_740nm_3085mW_u1_poc0p5_20x0p75NA_535s50_g70_z1_256pix_basicFLIM_120f_0001.sdt,20260521_KPC_live_SLIM::fitet-sf-c2-b3::4_BKOCO2live_740nm_3085mW_u1_poc0p5_20x0p75NA_535s50_g70_z1_256pix_basicFLIM_120f_0001,fitet-sf-c2-b3,2,"a1, a2, chi2, photons, tau1, tau2"
4_BKOCO2live_740nm_3085mW_u1_poc0p5_20x0p75NA_535s50_g70_z1_256pix_basicFLIM_120f_0001.sdt,20260521_KPC_live_SLIM::fitet-sf-c2-b9::4_BKOCO2live_740nm_3085mW_u1_poc0p5_20x0p75NA_535s50_g70_z1_256pix_basicFLIM_120f_0001,fitet-sf-c2-b9,2,"a1, a2, chi2, photons, tau1, tau2"
4_BKOCO2live_740nm_3085mW_u1_poc0p5_20x0p75NA_535s50_g70_z1_256pix_basicFLIM_120f_0001.sdt,20260521_KPC_live_SLIM::fitet-sz-c2-b1::4_BKOCO2live_740nm_3085mW_u1_poc0p5_20x0p75NA_535s50_g70_z1_256pix_basicFLIM_120f_0001,fitet-sz-c2-b1,2,"a1, a2, chi2, photons, tau1, tau2"
4_BKOCO2live_740nm_3085mW_u1_poc0p5_20x0p75NA_535s50_g70_z1_256pix_basicFLIM_120f_0001.sdt,20260521_KPC_live_SLIM::fitet-sz-c2-b3::4_BKOCO2live_740nm_3085mW_u1_poc0p5_20x0p75NA_535s50_g70_z1_256pix_basicFLIM_120f_0001,fitet-sz-c2-b3,2,"a1, a2, chi2, photons, tau1, tau2"
4_BKOCO2live_740nm_3085mW_u1_poc0p5_20x0p75NA_535s50_g70_z1_256pix_basicFLIM_120f_0001.sdt,20260521_KPC_live_SLIM::fitet-sz-c2-b9::4_BKOCO2live_740nm_3085mW_u1_poc0p5_20x0p75NA_535s50_g70_z1_256pix_basicFLIM_120f_0001,fitet-sz-c2-b9,2,"a1, a2, chi2, photons, tau1, tau2"
4_BKOCO2live_740nm_3085mW_u1_poc0p5_20x0p75NA_535s50_g70_z1_256pix_basicFLIM_120f_0002.sdt,20260521_KPC_live_SLIM::fitet-sf-c2-b1::4_BKOCO2live_740nm_3085mW_u1_poc0p5_20x0p75NA_535s50_g70_z1_256pix_basicFLIM_120f_0002,fitet-sf-c2-b1,2,"a1, a2, chi2, photons, tau1, tau2"
4_BKOCO2live_740nm_3085mW_u1_poc0p5_20x0p75NA_535s50_g70_z1_256pix_basicFLIM_120f_0002.sdt,20260521_KPC_live_SLIM::fitet-sf-c2-b3::4_BKOCO2live_740nm_3085mW_u1_poc0p5_20x0p75NA_535s50_g70_z1_256pix_basicFLIM_120f_0002,fitet-sf-c2-b3,2,"a1, a2, chi2, photons, tau1, tau2"
4_BKOCO2live_740nm_3085mW_u1_poc0p5_20x0p75NA_535s50_g70_z1_256pix_basicFLIM_120f_0002.sdt,20260521_KPC_live_SLIM::fitet-sf-c2-b9::4_BKOCO2live_740nm_3085mW_u1_poc0p5_20x0p75NA_535s50_g70_z1_256pix_basicFLIM_120f_0002,fitet-sf-c2-b9,2,"a1, a2, chi2, photons, tau1, tau2"
4_BKOCO2live_740nm_3085mW_u1_poc0p5_20x0p75NA_535s50_g70_z1_256pix_basicFLIM_120f_0002.sdt,20260521_KPC_live_SLIM::fitet-sz-c2-b1::4_BKOCO2live_740nm_3085mW_u1_poc0p5_20x0p75NA_535s50_g70_z1_256pix_basicFLIM_120f_0002,fitet-sz-c2-b1,2,"a1, a2, chi2, photons, tau1, tau2"
4_BKOCO2live_740nm_3085mW_u1_poc0p5_20x0p75NA_535s50_g70_z1_256pix_basicFLIM_120f_0002.sdt,20260521_KPC_live_SLIM::fitet-sz-c2-b3::4_BKOCO2live_740nm_3085mW_u1_poc0p5_20x0p75NA_535s50_g70_z1_256pix_basicFLIM_120f_0002,fitet-sz-c2-b3,2,"a1, a2, chi2, photons, tau1, tau2"
4_BKOCO2live_740nm_3085mW_u1_poc0p5_20x0p75NA_535s50_g70_z1_256pix_basicFLIM_120f_0002.sdt,20260521_KPC_live_SLIM::fitet-sz-c2-b9::4_BKOCO2live_740nm_3085mW_u1_poc0p5_20x0p75NA_535s50_g70_z1_256pix_basicFLIM_120f_0002,fitet-sz-c2-b9,2,"a1, a2, chi2, photons, tau1, tau2"
4_BKOCO2live_740nm_3085mW_u1_poc0p5_20x0p75NA_535s50_g70_z1_256pix_basicFLIM_120f_0003.sdt,20260521_KPC_live_SLIM::fitet-sf-c2-b1::4_BKOCO2live_740nm_3085mW_u1_poc0p5_20x0p75NA_535s50_g70_z1_256pix_basicFLIM_120f_0003,fitet-sf-c2-b1,2,"a1, a2, chi2, photons, tau1, tau2"
4_BKOCO2live_740nm_3085mW_u1_poc0p5_20x0p75NA_535s50_g70_z1_256pix_basicFLIM_120f_0003.sdt,20260521_KPC_live_SLIM::fitet-sf-c2-b3::4_BKOCO2live_740nm_3085mW_u1_poc0p5_20x0p75NA_535s50_g70_z1_256pix_basicFLIM_120f_0003,fitet-sf-c2-b3,2,"a1, a2, chi2, photons, tau1, tau2"
4_BKOCO2live_740nm_3085mW_u1_poc0p5_20x0p75NA_535s50_g70_z1_256pix_basicFLIM_120f_0003.sdt,20260521_KPC_live_SLIM::fitet-sf-c2-b9::4_BKOCO2live_740nm_3085mW_u1_poc0p5_20x0p75NA_535s50_g70_z1_256pix_basicFLIM_120f_0003,fitet-sf-c2-b9,2,"a1, a2, chi2, photons, tau1, tau2"
4_BKOCO2live_740nm_3085mW_u1_poc0p5_20x0p75NA_535s50_g70_z1_256pix_basicFLIM_120f_0003.sdt,20260521_KPC_live_SLIM::fitet-sz-c2-b1::4_BKOCO2live_740nm_3085mW_u1_poc0p5_20x0p75NA_535s50_g70_z1_256pix_basicFLIM_120f_0003,fitet-sz-c2-b1,2,"a1, a2, chi2, photons, tau1, tau2"
4_BKOCO2live_740nm_3085mW_u1_poc0p5_20x0p75NA_535s50_g70_z1_256pix_basicFLIM_120f_0003.sdt,20260521_KPC_live_SLIM::fitet-sz-c2-b3::4_BKOCO2live_740nm_3085mW_u1_poc0p5_20x0p75NA_535s50_g70_z1_256pix_basicFLIM_120f_0003,fitet-sz-c2-b3,2,"a1, a2, chi2, photons, tau1, tau2"
4_BKOCO2live_740nm_3085mW_u1_poc0p5_20x0p75NA_535s50_g70_z1_256pix_basicFLIM_120f_0003.sdt,20260521_KPC_live_SLIM::fitet-sz-c2-b9::4_BKOCO2live_740nm_3085mW_u1_poc0p5_20x0p75NA_535s50_g70_z1_256pix_basicFLIM_120f_0003,fitet-sz-c2-b9,2,"a1, a2, chi2, photons, tau1, tau2"
4_BKOCO2live_740nm_3085mW_u1_poc0p5_20x0p75NA_535s50_g70_z1_256pix_basicFLIM_120f_0004.sdt,20260521_KPC_live_SLIM::fitet-sf-c2-b1::4_BKOCO2live_740nm_3085mW_u1_poc0p5_20x0p75NA_535s50_g70_z1_256pix_basicFLIM_120f_0004,fitet-sf-c2-b1,2,"a1, a2, chi2, photons, tau1, tau2"
4_BKOCO2live_740nm_3085mW_u1_poc0p5_20x0p75NA_535s50_g70_z1_256pix_basicFLIM_120f_0004.sdt,20260521_KPC_live_SLIM::fitet-sf-c2-b3::4_BKOCO2live_740nm_3085mW_u1_poc0p5_20x0p75NA_535s50_g70_z1_256pix_basicFLIM_120f_0004,fitet-sf-c2-b3,2,"a1, a2, chi2, photons, tau1, tau2"
4_BKOCO2live_740nm_3085mW_u1_poc0p5_20x0p75NA_535s50_g70_z1_256pix_basicFLIM_120f_0004.sdt,20260521_KPC_live_SLIM::fitet-sf-c2-b9::4_BKOCO2live_740nm_3085mW_u1_poc0p5_20x0p75NA_535s50_g70_z1_256pix_basicFLIM_120f_0004,fitet-sf-c2-b9,2,"a1, a2, chi2, photons, tau1, tau2"
4_BKOCO2live_740nm_3085mW_u1_poc0p5_20x0p75NA_535s50_g70_z1_256pix_basicFLIM_120f_0004.sdt,20260521_KPC_live_SLIM::fitet-sz-c2-b1::4_BKOCO2live_740nm_3085mW_u1_poc0p5_20x0p75NA_535s50_g70_z1_256pix_basicFLIM_120f_0004,fitet-sz-c2-b1,2,"a1, a2, chi2, photons, tau1, tau2"
4_BKOCO2live_740nm_3085mW_u1_poc0p5_20x0p75NA_535s50_g70_z1_256pix_basicFLIM_120f_0004.sdt,20260521_KPC_live_SLIM::fitet-sz-c2-b3::4_BKOCO2live_740nm_3085mW_u1_poc0p5_20x0p75NA_535s50_g70_z1_256pix_basicFLIM_120f_0004,fitet-sz-c2-b3,2,"a1, a2, chi2, photons, tau1, tau2"
4_BKOCO2live_740nm_3085mW_u1_poc0p5_20x0p75NA_535s50_g70_z1_256pix_basicFLIM_120f_0004.sdt,20260521_KPC_live_SLIM::fitet-sz-c2-b9::4_BKOCO2live_740nm_3085mW_u1_poc0p5_20x0p75NA_535s50_g70_z1_256pix_basicFLIM_120f_0004,fitet-sz-c2-b9,2,"a1, a2, chi2, photons, tau1, tau2"
4_BKOCO2live_740nm_3085mW_u1_poc0p5_20x0p75NA_535s50_g70_z1_256pix_basicFLIM_120f_0005.sdt,20260521_KPC_live_SLIM::fitet-sf-c2-b1::4_BKOCO2live_740nm_3085mW_u1_poc0p5_20x0p75NA_535s50_g70_z1_256pix_basicFLIM_120f_0005,fitet-sf-c2-b1,2,"a1, a2, chi2, photons, tau1, tau2"
4_BKOCO2live_740nm_3085mW_u1_poc0p5_20x0p75NA_535s50_g70_z1_256pix_basicFLIM_120f_0005.sdt,20260521_KPC_live_SLIM::fitet-sf-c2-b3::4_BKOCO2live_740nm_3085mW_u1_poc0p5_20x0p75NA_535s50_g70_z1_256pix_basicFLIM_120f_0005,fitet-sf-c2-b3,2,"a1, a2, chi2, photons, tau1, tau2"
4_BKOCO2live_740nm_3085mW_u1_poc0p5_20x0p75NA_535s50_g70_z1_256pix_basicFLIM_120f_0005.sdt,20260521_KPC_live_SLIM::fitet-sf-c2-b9::4_BKOCO2live_740nm_3085mW_u1_poc0p5_20x0p75NA_535s50_g70_z1_256pix_basicFLIM_120f_0005,fitet-sf-c2-b9,2,"a1, a2, chi2, photons, tau1, tau2"
4_BKOCO2live_740nm_3085mW_u1_poc0p5_20x0p75NA_535s50_g70_z1_256pix_basicFLIM_120f_0005.sdt,20260521_KPC_live_SLIM::fitet-sz-c2-b1::4_BKOCO2live_740nm_3085mW_u1_poc0p5_20x0p75NA_535s50_g70_z1_256pix_basicFLIM_120f_0005,fitet-sz-c2-b1,2,"a1, a2, chi2, photons, tau1, tau2"
4_BKOCO2live_740nm_3085mW_u1_poc0p5_20x0p75NA_535s50_g70_z1_256pix_basicFLIM_120f_0005.sdt,20260521_KPC_live_SLIM::fitet-sz-c2-b3::4_BKOCO2live_740nm_3085mW_u1_poc0p5_20x0p75NA_535s50_g70_z1_256pix_basicFLIM_120f_0005,fitet-sz-c2-b3,2,"a1, a2, chi2, photons, tau1, tau2"
4_BKOCO2live_740nm_3085mW_u1_poc0p5_20x0p75NA_535s50_g70_z1_256pix_basicFLIM_120f_0005.sdt,20260521_KPC_live_SLIM::fitet-sz-c2-b9::4_BKOCO2live_740nm_3085mW_u1_poc0p5_20x0p75NA_535s50_g70_z1_256pix_basicFLIM_120f_0005,fitet-sz-c2-b9,2,"a1, a2, chi2, photons, tau1, tau2"
4_BKOCO2live_740nm_3085mW_u1_poc0p5_20x0p75NA_535s50_g70_z1_256pix_basicFLIM_120f_0006.sdt,20260521_KPC_live_SLIM::fitet-sf-c2-b1::4_BKOCO2live_740nm_3085mW_u1_poc0p5_20x0p75NA_535s50_g70_z1_256pix_basicFLIM_120f_0006,fitet-sf-c2-b1,2,"a1, a2, chi2, photons, tau1, tau2"
4_BKOCO2live_740nm_3085mW_u1_poc0p5_20x0p75NA_535s50_g70_z1_256pix_basicFLIM_120f_0006.sdt,20260521_KPC_live_SLIM::fitet-sf-c2-b3::4_BKOCO2live_740nm_3085mW_u1_poc0p5_20x0p75NA_535s50_g70_z1_256pix_basicFLIM_120f_0006,fitet-sf-c2-b3,2,"a1, a2, chi2, photons, tau1, tau2"
4_BKOCO2live_740nm_3085mW_u1_poc0p5_20x0p75NA_535s50_g70_z1_256pix_basicFLIM_120f_0006.sdt,20260521_KPC_live_SLIM::fitet-sf-c2-b9::4_BKOCO2live_740nm_3085mW_u1_poc0p5_20x0p75NA_535s50_g70_z1_256pix_basicFLIM_120f_0006,fitet-sf-c2-b9,2,"a1, a2, chi2, photons, tau1, tau2"
4_BKOCO2live_740nm_3085mW_u1_poc0p5_20x0p75NA_535s50_g70_z1_256pix_basicFLIM_120f_0006.sdt,20260521_KPC_live_SLIM::fitet-sz-c2-b1::4_BKOCO2live_740nm_3085mW_u1_poc0p5_20x0p75NA_535s50_g70_z1_256pix_basicFLIM_120f_0006,fitet-sz-c2-b1,2,"a1, a2, chi2, photons, tau1, tau2"
4_BKOCO2live_740nm_3085mW_u1_poc0p5_20x0p75NA_535s50_g70_z1_256pix_basicFLIM_120f_0006.sdt,20260521_KPC_live_SLIM::fitet-sz-c2-b3::4_BKOCO2live_740nm_3085mW_u1_poc0p5_20x0p75NA_535s50_g70_z1_256pix_basicFLIM_120f_0006,fitet-sz-c2-b3,2,"a1, a2, chi2, photons, tau1, tau2"
4_BKOCO2live_740nm_3085mW_u1_poc0p5_20x0p75NA_535s50_g70_z1_256pix_basicFLIM_120f_0006.sdt,20260521_KPC_live_SLIM::fitet-sz-c2-b9::4_BKOCO2live_740nm_3085mW_u1_poc0p5_20x0p75NA_535s50_g70_z1_256pix_basicFLIM_120f_0006,fitet-sz-c2-b9,2,"a1, a2, chi2, photons, tau1, tau2"
4_BKOCO2live_740nm_3085mW_u1_poc0p5_20x0p75NA_535s50_g70_z1_256pix_basicFLIM_120f_0007.sdt,20260521_KPC_live_SLIM::fitet-sf-c2-b1::4_BKOCO2live_740nm_3085mW_u1_poc0p5_20x0p75NA_535s50_g70_z1_256pix_basicFLIM_120f_0007,fitet-sf-c2-b1,2,"a1, a2, chi2, photons, tau1, tau2"
4_BKOCO2live_740nm_3085mW_u1_poc0p5_20x0p75NA_535s50_g70_z1_256pix_basicFLIM_120f_0007.sdt,20260521_KPC_live_SLIM::fitet-sf-c2-b3::4_BKOCO2live_740nm_3085mW_u1_poc0p5_20x0p75NA_535s50_g70_z1_256pix_basicFLIM_120f_0007,fitet-sf-c2-b3,2,"a1, a2, chi2, photons, tau1, tau2"
4_BKOCO2live_740nm_3085mW_u1_poc0p5_20x0p75NA_535s50_g70_z1_256pix_basicFLIM_120f_0007.sdt,20260521_KPC_live_SLIM::fitet-sf-c2-b9::4_BKOCO2live_740nm_3085mW_u1_poc0p5_20x0p75NA_535s50_g70_z1_256pix_basicFLIM_120f_0007,fitet-sf-c2-b9,2,"a1, a2, chi2, photons, tau1, tau2"
4_BKOCO2live_740nm_3085mW_u1_poc0p5_20x0p75NA_535s50_g70_z1_256pix_basicFLIM_120f_0007.sdt,20260521_KPC_live_SLIM::fitet-sz-c2-b1::4_BKOCO2live_740nm_3085mW_u1_poc0p5_20x0p75NA_535s50_g70_z1_256pix_basicFLIM_120f_0007,fitet-sz-c2-b1,2,"a1, a2, chi2, photons, tau1, tau2"
4_BKOCO2live_740nm_3085mW_u1_poc0p5_20x0p75NA_535s50_g70_z1_256pix_basicFLIM_120f_0007.sdt,20260521_KPC_live_SLIM::fitet-sz-c2-b3::4_BKOCO2live_740nm_3085mW_u1_poc0p5_20x0p75NA_535s50_g70_z1_256pix_basicFLIM_120f_0007,fitet-sz-c2-b3,2,"a1, a2, chi2, photons, tau1, tau2"
4_BKOCO2live_740nm_3085mW_u1_poc0p5_20x0p75NA_535s50_g70_z1_256pix_basicFLIM_120f_0007.sdt,20260521_KPC_live_SLIM::fitet-sz-c2-b9::4_BKOCO2live_740nm_3085mW_u1_poc0p5_20x0p75NA_535s50_g70_z1_256pix_basicFLIM_120f_0007,fitet-sz-c2-b9,2,"a1, a2, chi2, photons, tau1, tau2"
4_BKOCO2live_740nm_3085mW_u1_poc0p5_20x0p75NA_535s50_g70_z1_256pix_basicFLIM_120f_0008.sdt,20260521_KPC_live_SLIM::fitet-sf-c2-b1::4_BKOCO2live_740nm_3085mW_u1_poc0p5_20x0p75NA_535s50_g70_z1_256pix_basicFLIM_120f_0008,fitet-sf-c2-b1,2,"a1, a2, chi2, photons, tau1, tau2"
4_BKOCO2live_740nm_3085mW_u1_poc0p5_20x0p75NA_535s50_g70_z1_256pix_basicFLIM_120f_0008.sdt,20260521_KPC_live_SLIM::fitet-sf-c2-b3::4_BKOCO2live_740nm_3085mW_u1_poc0p5_20x0p75NA_535s50_g70_z1_256pix_basicFLIM_120f_0008,fitet-sf-c2-b3,2,"a1, a2, chi2, photons, tau1, tau2"
4_BKOCO2live_740nm_3085mW_u1_poc0p5_20x0p75NA_535s50_g70_z1_256pix_basicFLIM_120f_0008.sdt,20260521_KPC_live_SLIM::fitet-sf-c2-b9::4_BKOCO2live_740nm_3085mW_u1_poc0p5_20x0p75NA_535s50_g70_z1_256pix_basicFLIM_120f_0008,fitet-sf-c2-b9,2,"a1, a2, chi2, photons, tau1, tau2"
4_BKOCO2live_740nm_3085mW_u1_poc0p5_20x0p75NA_535s50_g70_z1_256pix_basicFLIM_120f_0008.sdt,20260521_KPC_live_SLIM::fitet-sz-c2-b1::4_BKOCO2live_740nm_3085mW_u1_poc0p5_20x0p75NA_535s50_g70_z1_256pix_basicFLIM_120f_0008,fitet-sz-c2-b1,2,"a1, a2, chi2, photons, tau1, tau2"
4_BKOCO2live_740nm_3085mW_u1_poc0p5_20x0p75NA_535s50_g70_z1_256pix_basicFLIM_120f_0008.sdt,20260521_KPC_live_SLIM::fitet-sz-c2-b3::4_BKOCO2live_740nm_3085mW_u1_poc0p5_20x0p75NA_535s50_g70_z1_256pix_basicFLIM_120f_0008,fitet-sz-c2-b3,2,"a1, a2, chi2, photons, tau1, tau2"
4_BKOCO2live_740nm_3085mW_u1_poc0p5_20x0p75NA_535s50_g70_z1_256pix_basicFLIM_120f_0008.sdt,20260521_KPC_live_SLIM::fitet-sz-c2-b9::4_BKOCO2live_740nm_3085mW_u1_poc0p5_20x0p75NA_535s50_g70_z1_256pix_basicFLIM_120f_0008,fitet-sz-c2-b9,2,"a1, a2, chi2, photons, tau1, tau2"
4_BKOCO2live_740nm_3085mW_u1_poc0p5_20x0p75NA_535s50_g70_z1_256pix_basicFLIM_120f_0009.sdt,20260521_KPC_live_SLIM::fitet-sf-c2-b1::4_BKOCO2live_740nm_3085mW_u1_poc0p5_20x0p75NA_535s50_g70_z1_256pix_basicFLIM_120f_0009,fitet-sf-c2-b1,2,"a1, a2, chi2, photons, tau1, tau2"
4_BKOCO2live_740nm_3085mW_u1_poc0p5_20x0p75NA_535s50_g70_z1_256pix_basicFLIM_120f_0009.sdt,20260521_KPC_live_SLIM::fitet-sf-c2-b3::4_BKOCO2live_740nm_3085mW_u1_poc0p5_20x0p75NA_535s50_g70_z1_256pix_basicFLIM_120f_0009,fitet-sf-c2-b3,2,"a1, a2, chi2, photons, tau1, tau2"
4_BKOCO2live_740nm_3085mW_u1_poc0p5_20x0p75NA_535s50_g70_z1_256pix_basicFLIM_120f_0009.sdt,20260521_KPC_live_SLIM::fitet-sf-c2-b9::4_BKOCO2live_740nm_3085mW_u1_poc0p5_20x0p75NA_535s50_g70_z1_256pix_basicFLIM_120f_0009,fitet-sf-c2-b9,2,"a1, a2, chi2, photons, tau1, tau2"
4_BKOCO2live_740nm_3085mW_u1_poc0p5_20x0p75NA_535s50_g70_z1_256pix_basicFLIM_120f_0009.sdt,20260521_KPC_live_SLIM::fitet-sz-c2-b1::4_BKOCO2live_740nm_3085mW_u1_poc0p5_20x0p75NA_535s50_g70_z1_256pix_basicFLIM_120f_0009,fitet-sz-c2-b1,2,"a1, a2, chi2, photons, tau1, tau2"
4_BKOCO2live_740nm_3085mW_u1_poc0p5_20x0p75NA_535s50_g70_z1_256pix_basicFLIM_120f_0009.sdt,20260521_KPC_live_SLIM::fitet-sz-c2-b3::4_BKOCO2live_740nm_3085mW_u1_poc0p5_20x0p75NA_535s50_g70_z1_256pix_basicFLIM_120f_0009,fitet-sz-c2-b3,2,"a1, a2, chi2, photons, tau1, tau2"
4_BKOCO2live_740nm_3085mW_u1_poc0p5_20x0p75NA_535s50_g70_z1_256pix_basicFLIM_120f_0009.sdt,20260521_KPC_live_SLIM::fitet-sz-c2-b9::4_BKOCO2live_740nm_3085mW_u1_poc0p5_20x0p75NA_535s50_g70_z1_256pix_basicFLIM_120f_0009,fitet-sz-c2-b9,2,"a1, a2, chi2, photons, tau1, tau2"
4_BKOCO2live_740nm_3085mW_u1_poc0p5_20x0p75NA_535s50_g70_z1_256pix_basicFLIM_120f_0010.sdt,20260521_KPC_live_SLIM::fitet-sf-c2-b1::4_BKOCO2live_740nm_3085mW_u1_poc0p5_20x0p75NA_535s50_g70_z1_256pix_basicFLIM_120f_0010,fitet-sf-c2-b1,2,"a1, a2, chi2, photons, tau1, tau2"
4_BKOCO2live_740nm_3085mW_u1_poc0p5_20x0p75NA_535s50_g70_z1_256pix_basicFLIM_120f_0010.sdt,20260521_KPC_live_SLIM::fitet-sf-c2-b3::4_BKOCO2live_740nm_3085mW_u1_poc0p5_20x0p75NA_535s50_g70_z1_256pix_basicFLIM_120f_0010,fitet-sf-c2-b3,2,"a1, a2, chi2, photons, tau1, tau2"
4_BKOCO2live_740nm_3085mW_u1_poc0p5_20x0p75NA_535s50_g70_z1_256pix_basicFLIM_120f_0010.sdt,20260521_KPC_live_SLIM::fitet-sf-c2-b9::4_BKOCO2live_740nm_3085mW_u1_poc0p5_20x0p75NA_535s50_g70_z1_256pix_basicFLIM_120f_0010,fitet-sf-c2-b9,2,"a1, a2, chi2, photons, tau1, tau2"
4_BKOCO2live_740nm_3085mW_u1_poc0p5_20x0p75NA_535s50_g70_z1_256pix_basicFLIM_120f_0010.sdt,20260521_KPC_live_SLIM::fitet-sz-c2-b1::4_BKOCO2live_740nm_3085mW_u1_poc0p5_20x0p75NA_535s50_g70_z1_256pix_basicFLIM_120f_0010,fitet-sz-c2-b1,2,"a1, a2, chi2, photons, tau1, tau2"
4_BKOCO2live_740nm_3085mW_u1_poc0p5_20x0p75NA_535s50_g70_z1_256pix_basicFLIM_120f_0010.sdt,20260521_KPC_live_SLIM::fitet-sz-c2-b3::4_BKOCO2live_740nm_3085mW_u1_poc0p5_20x0p75NA_535s50_g70_z1_256pix_basicFLIM_120f_0010,fitet-sz-c2-b3,2,"a1, a2, chi2, photons, tau1, tau2"
4_BKOCO2live_740nm_3085mW_u1_poc0p5_20x0p75NA_535s50_g70_z1_256pix_basicFLIM_120f_0010.sdt,20260521_KPC_live_SLIM::fitet-sz-c2-b9::4_BKOCO2live_740nm_3085mW_u1_poc0p5_20x0p75NA_535s50_g70_z1_256pix_basicFLIM_120f_0010,fitet-sz-c2-b9,2,"a1, a2, chi2, photons, tau1, tau2"
4_BKOCO2live_740nm_3085mW_u1_poc0p5_20x0p75NA_535s50_g70_z1_256pix_basicFLIM_120f_0011.sdt,20260521_KPC_live_SLIM::fitet-sf-c2-b1::4_BKOCO2live_740nm_3085mW_u1_poc0p5_20x0p75NA_535s50_g70_z1_256pix_basicFLIM_120f_0011,fitet-sf-c2-b1,2,"a1, a2, chi2, photons, tau1, tau2"
4_BKOCO2live_740nm_3085mW_u1_poc0p5_20x0p75NA_535s50_g70_z1_256pix_basicFLIM_120f_0011.sdt,20260521_KPC_live_SLIM::fitet-sf-c2-b3::4_BKOCO2live_740nm_3085mW_u1_poc0p5_20x0p75NA_535s50_g70_z1_256pix_basicFLIM_120f_0011,fitet-sf-c2-b3,2,"a1, a2, chi2, photons, tau1, tau2"
4_BKOCO2live_740nm_3085mW_u1_poc0p5_20x0p75NA_535s50_g70_z1_256pix_basicFLIM_120f_0011.sdt,20260521_KPC_live_SLIM::fitet-sf-c2-b9::4_BKOCO2live_740nm_3085mW_u1_poc0p5_20x0p75NA_535s50_g70_z1_256pix_basicFLIM_120f_0011,fitet-sf-c2-b9,2,"a1, a2, chi2, photons, tau1, tau2"
4_BKOCO2live_740nm_3085mW_u1_poc0p5_20x0p75NA_535s50_g70_z1_256pix_basicFLIM_120f_0011.sdt,20260521_KPC_live_SLIM::fitet-sz-c2-b1::4_BKOCO2live_740nm_3085mW_u1_poc0p5_20x0p75NA_535s50_g70_z1_256pix_basicFLIM_120f_0011,fitet-sz-c2-b1,2,"a1, a2, chi2, photons, tau1, tau2"
4_BKOCO2live_740nm_3085mW_u1_poc0p5_20x0p75NA_535s50_g70_z1_256pix_basicFLIM_120f_0011.sdt,20260521_KPC_live_SLIM::fitet-sz-c2-b3::4_BKOCO2live_740nm_3085mW_u1_poc0p5_20x0p75NA_535s50_g70_z1_256pix_basicFLIM_120f_0011,fitet-sz-c2-b3,2,"a1, a2, chi2, photons, tau1, tau2"
4_BKOCO2live_740nm_3085mW_u1_poc0p5_20x0p75NA_535s50_g70_z1_256pix_basicFLIM_120f_0011.sdt,20260521_KPC_live_SLIM::fitet-sz-c2-b9::4_BKOCO2live_740nm_3085mW_u1_poc0p5_20x0p75NA_535s50_g70_z1_256pix_basicFLIM_120f_0011,fitet-sz-c2-b9,2,"a1, a2, chi2, photons, tau1, tau2"
4_BKOCO2live_posn1_740nm_3085mW_u1_poc0p5_20x0p75NA_535s50_g70_z1_256pix_basicFLIM_120f_0000.sdt,20260521_KPC_live_SLIM::fitet-sf-c2-b1::4_BKOCO2live_posn1_740nm_3085mW_u1_poc0p5_20x0p75NA_535s50_g70_z1_256pix_basicFLIM_120f_0000,fitet-sf-c2-b1,2,"a1, a2, chi2, photons, tau1, tau2"
4_BKOCO2live_posn1_740nm_3085mW_u1_poc0p5_20x0p75NA_535s50_g70_z1_256pix_basicFLIM_120f_0000.sdt,20260521_KPC_live_SLIM::fitet-sf-c2-b3::4_BKOCO2live_posn1_740nm_3085mW_u1_poc0p5_20x0p75NA_535s50_g70_z1_256pix_basicFLIM_120f_0000,fitet-sf-c2-b3,2,"a1, a2, chi2, photons, tau1, tau2"
4_BKOCO2live_posn1_740nm_3085mW_u1_poc0p5_20x0p75NA_535s50_g70_z1_256pix_basicFLIM_120f_0000.sdt,20260521_KPC_live_SLIM::fitet-sf-c2-b9::4_BKOCO2live_posn1_740nm_3085mW_u1_poc0p5_20x0p75NA_535s50_g70_z1_256pix_basicFLIM_120f_0000,fitet-sf-c2-b9,2,"a1, a2, chi2, photons, tau1, tau2"
4_BKOCO2live_posn1_740nm_3085mW_u1_poc0p5_20x0p75NA_535s50_g70_z1_256pix_basicFLIM_120f_0000.sdt,20260521_KPC_live_SLIM::fitet-sz-c2-b1::4_BKOCO2live_posn1_740nm_3085mW_u1_poc0p5_20x0p75NA_535s50_g70_z1_256pix_basicFLIM_120f_0000,fitet-sz-c2-b1,2,"a1, a2, chi2, photons, tau1, tau2"
4_BKOCO2live_posn1_740nm_3085mW_u1_poc0p5_20x0p75NA_535s50_g70_z1_256pix_basicFLIM_120f_0000.sdt,20260521_KPC_live_SLIM::fitet-sz-c2-b3::4_BKOCO2live_posn1_740nm_3085mW_u1_poc0p5_20x0p75NA_535s50_g70_z1_256pix_basicFLIM_120f_0000,fitet-sz-c2-b3,2,"a1, a2, chi2, photons, tau1, tau2"
4_BKOCO2live_posn1_740nm_3085mW_u1_poc0p5_20x0p75NA_535s50_g70_z1_256pix_basicFLIM_120f_0000.sdt,20260521_KPC_live_SLIM::fitet-sz-c2-b9::4_BKOCO2live_posn1_740nm_3085mW_u1_poc0p5_20x0p75NA_535s50_g70_z1_256pix_basicFLIM_120f_0000,fitet-sz-c2-b9,2,"a1, a2, chi2, photons, tau1, tau2"
5_urea_740nm_3085mW_u1_poc0_20x0p75NA_457s50_g70_z1_256pix_basicFLIM_60f_0000.sdt,20260521_KPC_live_SLIM::fitet-sf-c2-b1::5_urea_740nm_3085mW_u1_poc0_20x0p75NA_457s50_g70_z1_256pix_basicFLIM_60f_0000,fitet-sf-c2-b1,2,"a1, a2, chi2, photons, tau1, tau2"
5_urea_740nm_3085mW_u1_poc0_20x0p75NA_457s50_g70_z1_256pix_basicFLIM_60f_0000.sdt,20260521_KPC_live_SLIM::fitet-sf-c2-b3::5_urea_740nm_3085mW_u1_poc0_20x0p75NA_457s50_g70_z1_256pix_basicFLIM_60f_0000,fitet-sf-c2-b3,2,"a1, a2, chi2, photons, tau1, tau2"
5_urea_740nm_3085mW_u1_poc0_20x0p75NA_457s50_g70_z1_256pix_basicFLIM_60f_0000.sdt,20260521_KPC_live_SLIM::fitet-sf-c2-b9::5_urea_740nm_3085mW_u1_poc0_20x0p75NA_457s50_g70_z1_256pix_basicFLIM_60f_0000,fitet-sf-c2-b9,2,"a1, a2, chi2, photons, tau1, tau2"
5_urea_740nm_3085mW_u1_poc0_20x0p75NA_457s50_g70_z1_256pix_basicFLIM_60f_0000.sdt,20260521_KPC_live_SLIM::fitet-sz-c2-b1::5_urea_740nm_3085mW_u1_poc0_20x0p75NA_457s50_g70_z1_256pix_basicFLIM_60f_0000,fitet-sz-c2-b1,2,"a1, a2, chi2, photons, tau1, tau2"
5_urea_740nm_3085mW_u1_poc0_20x0p75NA_457s50_g70_z1_256pix_basicFLIM_60f_0000.sdt,20260521_KPC_live_SLIM::fitet-sz-c2-b3::5_urea_740nm_3085mW_u1_poc0_20x0p75NA_457s50_g70_z1_256pix_basicFLIM_60f_0000,fitet-sz-c2-b3,2,"a1, a2, chi2, photons, tau1, tau2"
5_urea_740nm_3085mW_u1_poc0_20x0p75NA_457s50_g70_z1_256pix_basicFLIM_60f_0000.sdt,20260521_KPC_live_SLIM::fitet-sz-c2-b9::5_urea_740nm_3085mW_u1_poc0_20x0p75NA_457s50_g70_z1_256pix_basicFLIM_60f_0000,fitet-sz-c2-b9,2,"a1, a2, chi2, photons, tau1, tau2"
6_chromablue_740nm_3085mW_u80_poc0_20x0p75NA_457s50_g70_z1_256pix_basicFLIM_60f_0000.sdt,20260521_KPC_live_SLIM::fitet-sf-c2-b1::6_chromablue_740nm_3085mW_u80_poc0_20x0p75NA_457s50_g70_z1_256pix_basicFLIM_60f_0000,fitet-sf-c2-b1,2,"a1, a2, chi2, photons, tau1, tau2"
6_chromablue_740nm_3085mW_u80_poc0_20x0p75NA_457s50_g70_z1_256pix_basicFLIM_60f_0000.sdt,20260521_KPC_live_SLIM::fitet-sf-c2-b3::6_chromablue_740nm_3085mW_u80_poc0_20x0p75NA_457s50_g70_z1_256pix_basicFLIM_60f_0000,fitet-sf-c2-b3,2,"a1, a2, chi2, photons, tau1, tau2"
6_chromablue_740nm_3085mW_u80_poc0_20x0p75NA_457s50_g70_z1_256pix_basicFLIM_60f_0000.sdt,20260521_KPC_live_SLIM::fitet-sf-c2-b9::6_chromablue_740nm_3085mW_u80_poc0_20x0p75NA_457s50_g70_z1_256pix_basicFLIM_60f_0000,fitet-sf-c2-b9,2,"a1, a2, chi2, photons, tau1, tau2"
6_chromablue_740nm_3085mW_u80_poc0_20x0p75NA_457s50_g70_z1_256pix_basicFLIM_60f_0000.sdt,20260521_KPC_live_SLIM::fitet-sz-c2-b1::6_chromablue_740nm_3085mW_u80_poc0_20x0p75NA_457s50_g70_z1_256pix_basicFLIM_60f_0000,fitet-sz-c2-b1,2,"a1, a2, chi2, photons, tau1, tau2"
6_chromablue_740nm_3085mW_u80_poc0_20x0p75NA_457s50_g70_z1_256pix_basicFLIM_60f_0000.sdt,20260521_KPC_live_SLIM::fitet-sz-c2-b3::6_chromablue_740nm_3085mW_u80_poc0_20x0p75NA_457s50_g70_z1_256pix_basicFLIM_60f_0000,fitet-sz-c2-b3,2,"a1, a2, chi2, photons, tau1, tau2"
6_chromablue_740nm_3085mW_u80_poc0_20x0p75NA_457s50_g70_z1_256pix_basicFLIM_60f_0000.sdt,20260521_KPC_live_SLIM::fitet-sz-c2-b9::6_chromablue_740nm_3085mW_u80_poc0_20x0p75NA_457s50_g70_z1_256pix_basicFLIM_60f_0000,fitet-sz-c2-b9,2,"a1, a2, chi2, photons, tau1, tau2"
7_pollen_890nm_2884mW_u1_poc0_10x0p5NA_457s50_g70_z1_256pix_basicFLIM_45f_0000.sdt,20260521_KPC_live_SLIM::fitet-sf-c2-b1::7_pollen_890nm_2884mW_u1_poc0_10x0p5NA_457s50_g70_z1_256pix_basicFLIM_45f_0000,fitet-sf-c2-b1,2,"a1, a2, chi2, photons, tau1, tau2"
7_pollen_890nm_2884mW_u1_poc0_10x0p5NA_457s50_g70_z1_256pix_basicFLIM_45f_0000.sdt,20260521_KPC_live_SLIM::fitet-sf-c2-b3::7_pollen_890nm_2884mW_u1_poc0_10x0p5NA_457s50_g70_z1_256pix_basicFLIM_45f_0000,fitet-sf-c2-b3,2,"a1, a2, chi2, photons, tau1, tau2"
7_pollen_890nm_2884mW_u1_poc0_10x0p5NA_457s50_g70_z1_256pix_basicFLIM_45f_0000.sdt,20260521_KPC_live_SLIM::fitet-sf-c2-b9::7_pollen_890nm_2884mW_u1_poc0_10x0p5NA_457s50_g70_z1_256pix_basicFLIM_45f_0000,fitet-sf-c2-b9,2,"a1, a2, chi2, photons, tau1, tau2"
7_pollen_890nm_2884mW_u1_poc0_10x0p5NA_457s50_g70_z1_256pix_basicFLIM_45f_0000.sdt,20260521_KPC_live_SLIM::fitet-sz-c2-b1::7_pollen_890nm_2884mW_u1_poc0_10x0p5NA_457s50_g70_z1_256pix_basicFLIM_45f_0000,fitet-sz-c2-b1,2,"a1, a2, chi2, photons, tau1, tau2"
7_pollen_890nm_2884mW_u1_poc0_10x0p5NA_457s50_g70_z1_256pix_basicFLIM_45f_0000.sdt,20260521_KPC_live_SLIM::fitet-sz-c2-b3::7_pollen_890nm_2884mW_u1_poc0_10x0p5NA_457s50_g70_z1_256pix_basicFLIM_45f_0000,fitet-sz-c2-b3,2,"a1, a2, chi2, photons, tau1, tau2"
7_pollen_890nm_2884mW_u1_poc0_10x0p5NA_457s50_g70_z1_256pix_basicFLIM_45f_0000.sdt,20260521_KPC_live_SLIM::fitet-sz-c2-b9::7_pollen_890nm_2884mW_u1_poc0_10x0p5NA_457s50_g70_z1_256pix_basicFLIM_45f_0000,fitet-sz-c2-b9,2,"a1, a2, chi2, photons, tau1, tau2"
0_pollen_890nm_2863mW_u1_poc0p2_10x0p5NA_457s50_g70_z1_256pix_basicFLIM_45f_0000.sdt,20260522_KPC_fixed_dishes_SLIM::fitet-sf-c2-b3::0_pollen_890nm_2863mW_u1_poc0p2_10x0p5NA_457s50_g70_z1_256pix_basicFLIM_45f_0000,fitet-sf-c2-b3,2,"a1, a2, chi2, photons, tau1, tau2"
0_pollen_890nm_2863mW_u1_poc0p2_10x0p5NA_457s50_g70_z1_256pix_basicFLIM_45f_0000.sdt,20260522_KPC_fixed_dishes_SLIM::fitet-sf-c3-b5::0_pollen_890nm_2863mW_u1_poc0p2_10x0p5NA_457s50_g70_z1_256pix_basicFLIM_45f_0000,fitet-sf-c3-b5,3,"a1, a2, a3, chi2, photons, tau1, tau2, tau3"
0_pollen_890nm_2863mW_u1_poc0p2_10x0p5NA_457s50_g70_z1_256pix_basicFLIM_45f_0000.sdt,20260522_KPC_fixed_dishes_SLIM::fitet-sz-c2-b3::0_pollen_890nm_2863mW_u1_poc0p2_10x0p5NA_457s50_g70_z1_256pix_basicFLIM_45f_0000,fitet-sz-c2-b3,3,"a1, a2, a3, chi2, photons, tau1, tau2, tau3"
0_pollen_890nm_2863mW_u1_poc0p2_10x0p5NA_457s50_g70_z1_256pix_basicFLIM_45f_0000.sdt,20260522_KPC_fixed_dishes_SLIM::fitet-sz-c3-b5::0_pollen_890nm_2863mW_u1_poc0p2_10x0p5NA_457s50_g70_z1_256pix_basicFLIM_45f_0000,fitet-sz-c3-b5,3,"a1, a2, a3, chi2, photons, tau1, tau2, tau3"
1_chromablue_740nm_3049mW_u80_poc0_20x0p75NA_457s50_g70_z1_256pix_basicFLIM_45f_0000.sdt,20260522_KPC_fixed_dishes_SLIM::fitet-sf-c2-b3::1_chromablue_740nm_3049mW_u80_poc0_20x0p75NA_457s50_g70_z1_256pix_basicFLIM_45f_0000,fitet-sf-c2-b3,2,"a1, a2, chi2, photons, tau1, tau2"
1_chromablue_740nm_3049mW_u80_poc0_20x0p75NA_457s50_g70_z1_256pix_basicFLIM_45f_0000.sdt,20260522_KPC_fixed_dishes_SLIM::fitet-sf-c3-b5::1_chromablue_740nm_3049mW_u80_poc0_20x0p75NA_457s50_g70_z1_256pix_basicFLIM_45f_0000,fitet-sf-c3-b5,3,"a1, a2, a3, chi2, photons, tau1, tau2, tau3"
1_chromablue_740nm_3049mW_u80_poc0_20x0p75NA_457s50_g70_z1_256pix_basicFLIM_45f_0000.sdt,20260522_KPC_fixed_dishes_SLIM::fitet-sz-c2-b3::1_chromablue_740nm_3049mW_u80_poc0_20x0p75NA_457s50_g70_z1_256pix_basicFLIM_45f_0000,fitet-sz-c2-b3,3,"a1, a2, a3, chi2, photons, tau1, tau2, tau3"
1_chromablue_740nm_3049mW_u80_poc0_20x0p75NA_457s50_g70_z1_256pix_basicFLIM_45f_0000.sdt,20260522_KPC_fixed_dishes_SLIM::fitet-sz-c3-b5::1_chromablue_740nm_3049mW_u80_poc0_20x0p75NA_457s50_g70_z1_256pix_basicFLIM_45f_0000,fitet-sz-c3-b5,3,"a1, a2, a3, chi2, photons, tau1, tau2, tau3"
2_urea_740nm_3057mW_u1_poc0_20x0p75NA_370s10_g70_z1_256pix_basicFLIM_60f_0000.sdt,20260522_KPC_fixed_dishes_SLIM::fitet-sf-c2-b3::2_urea_740nm_3057mW_u1_poc0_20x0p75NA_370s10_g70_z1_256pix_basicFLIM_60f_0000,fitet-sf-c2-b3,2,"a1, a2, chi2, photons, tau1, tau2"
2_urea_740nm_3057mW_u1_poc0_20x0p75NA_370s10_g70_z1_256pix_basicFLIM_60f_0000.sdt,20260522_KPC_fixed_dishes_SLIM::fitet-sf-c3-b5::2_urea_740nm_3057mW_u1_poc0_20x0p75NA_370s10_g70_z1_256pix_basicFLIM_60f_0000,fitet-sf-c3-b5,3,"a1, a2, a3, chi2, photons, tau1, tau2, tau3"
2_urea_740nm_3057mW_u1_poc0_20x0p75NA_370s10_g70_z1_256pix_basicFLIM_60f_0000.sdt,20260522_KPC_fixed_dishes_SLIM::fitet-sz-c2-b3::2_urea_740nm_3057mW_u1_poc0_20x0p75NA_370s10_g70_z1_256pix_basicFLIM_60f_0000,fitet-sz-c2-b3,3,"a1, a2, a3, chi2, photons, tau1, tau2, tau3"
2_urea_740nm_3057mW_u1_poc0_20x0p75NA_370s10_g70_z1_256pix_basicFLIM_60f_0000.sdt,20260522_KPC_fixed_dishes_SLIM::fitet-sz-c3-b5::2_urea_740nm_3057mW_u1_poc0_20x0p75NA_370s10_g70_z1_256pix_basicFLIM_60f_0000,fitet-sz-c3-b5,3,"a1, a2, a3, chi2, photons, tau1, tau2, tau3"
3_KPCWTglu20min_740nm_3057mW_u1_poc0p25_20x0p75NA_457s50_g70_z1_256pix_basicFLIM_120f_0000.sdt,20260522_KPC_fixed_dishes_SLIM::fitet-sf-c2-b3::3_KPCWTglu20min_740nm_3057mW_u1_poc0p25_20x0p75NA_457s50_g70_z1_256pix_basicFLIM_120f_0000,fitet-sf-c2-b3,2,"a1, a2, chi2, photons, tau1, tau2"
3_KPCWTglu20min_740nm_3057mW_u1_poc0p25_20x0p75NA_457s50_g70_z1_256pix_basicFLIM_120f_0000.sdt,20260522_KPC_fixed_dishes_SLIM::fitet-sf-c3-b5::3_KPCWTglu20min_740nm_3057mW_u1_poc0p25_20x0p75NA_457s50_g70_z1_256pix_basicFLIM_120f_0000,fitet-sf-c3-b5,3,"a1, a2, a3, chi2, photons, tau1, tau2, tau3"
3_KPCWTglu20min_740nm_3057mW_u1_poc0p25_20x0p75NA_457s50_g70_z1_256pix_basicFLIM_120f_0000.sdt,20260522_KPC_fixed_dishes_SLIM::fitet-sz-c2-b3::3_KPCWTglu20min_740nm_3057mW_u1_poc0p25_20x0p75NA_457s50_g70_z1_256pix_basicFLIM_120f_0000,fitet-sz-c2-b3,3,"a1, a2, a3, chi2, photons, tau1, tau2, tau3"
3_KPCWTglu20min_740nm_3057mW_u1_poc0p25_20x0p75NA_457s50_g70_z1_256pix_basicFLIM_120f_0000.sdt,20260522_KPC_fixed_dishes_SLIM::fitet-sz-c3-b5::3_KPCWTglu20min_740nm_3057mW_u1_poc0p25_20x0p75NA_457s50_g70_z1_256pix_basicFLIM_120f_0000,fitet-sz-c3-b5,3,"a1, a2, a3, chi2, photons, tau1, tau2, tau3"
3_KPCWTglu20min_740nm_3057mW_u1_poc0p25_20x0p75NA_457s50_g70_z1_256pix_basicFLIM_120f_0001.sdt,20260522_KPC_fixed_dishes_SLIM::fitet-sf-c2-b3::3_KPCWTglu20min_740nm_3057mW_u1_poc0p25_20x0p75NA_457s50_g70_z1_256pix_basicFLIM_120f_0001,fitet-sf-c2-b3,2,"a1, a2, chi2, photons, tau1, tau2"
3_KPCWTglu20min_740nm_3057mW_u1_poc0p25_20x0p75NA_457s50_g70_z1_256pix_basicFLIM_120f_0001.sdt,20260522_KPC_fixed_dishes_SLIM::fitet-sf-c3-b5::3_KPCWTglu20min_740nm_3057mW_u1_poc0p25_20x0p75NA_457s50_g70_z1_256pix_basicFLIM_120f_0001,fitet-sf-c3-b5,3,"a1, a2, a3, chi2, photons, tau1, tau2, tau3"
3_KPCWTglu20min_740nm_3057mW_u1_poc0p25_20x0p75NA_457s50_g70_z1_256pix_basicFLIM_120f_0001.sdt,20260522_KPC_fixed_dishes_SLIM::fitet-sz-c2-b3::3_KPCWTglu20min_740nm_3057mW_u1_poc0p25_20x0p75NA_457s50_g70_z1_256pix_basicFLIM_120f_0001,fitet-sz-c2-b3,3,"a1, a2, a3, chi2, photons, tau1, tau2, tau3"
3_KPCWTglu20min_740nm_3057mW_u1_poc0p25_20x0p75NA_457s50_g70_z1_256pix_basicFLIM_120f_0001.sdt,20260522_KPC_fixed_dishes_SLIM::fitet-sz-c3-b5::3_KPCWTglu20min_740nm_3057mW_u1_poc0p25_20x0p75NA_457s50_g70_z1_256pix_basicFLIM_120f_0001,fitet-sz-c3-b5,3,"a1, a2, a3, chi2, photons, tau1, tau2, tau3"
3_KPCWTglu20min_740nm_3057mW_u1_poc0p25_20x0p75NA_457s50_g70_z1_256pix_basicFLIM_120f_0002.sdt,20260522_KPC_fixed_dishes_SLIM::fitet-sf-c2-b3::3_KPCWTglu20min_740nm_3057mW_u1_poc0p25_20x0p75NA_457s50_g70_z1_256pix_basicFLIM_120f_0002,fitet-sf-c2-b3,2,"a1, a2, chi2, photons, tau1, tau2"
3_KPCWTglu20min_740nm_3057mW_u1_poc0p25_20x0p75NA_457s50_g70_z1_256pix_basicFLIM_120f_0002.sdt,20260522_KPC_fixed_dishes_SLIM::fitet-sf-c3-b5::3_KPCWTglu20min_740nm_3057mW_u1_poc0p25_20x0p75NA_457s50_g70_z1_256pix_basicFLIM_120f_0002,fitet-sf-c3-b5,3,"a1, a2, a3, chi2, photons, tau1, tau2, tau3"
3_KPCWTglu20min_740nm_3057mW_u1_poc0p25_20x0p75NA_457s50_g70_z1_256pix_basicFLIM_120f_0002.sdt,20260522_KPC_fixed_dishes_SLIM::fitet-sz-c2-b3::3_KPCWTglu20min_740nm_3057mW_u1_poc0p25_20x0p75NA_457s50_g70_z1_256pix_basicFLIM_120f_0002,fitet-sz-c2-b3,3,"a1, a2, a3, chi2, photons, tau1, tau2, tau3"
3_KPCWTglu20min_740nm_3057mW_u1_poc0p25_20x0p75NA_457s50_g70_z1_256pix_basicFLIM_120f_0002.sdt,20260522_KPC_fixed_dishes_SLIM::fitet-sz-c3-b5::3_KPCWTglu20min_740nm_3057mW_u1_poc0p25_20x0p75NA_457s50_g70_z1_256pix_basicFLIM_120f_0002,fitet-sz-c3-b5,3,"a1, a2, a3, chi2, photons, tau1, tau2, tau3"
3_KPCWTglu20min_740nm_3057mW_u1_poc0p25_20x0p75NA_457s50_g70_z1_256pix_basicFLIM_120f_0003.sdt,20260522_KPC_fixed_dishes_SLIM::fitet-sf-c2-b3::3_KPCWTglu20min_740nm_3057mW_u1_poc0p25_20x0p75NA_457s50_g70_z1_256pix_basicFLIM_120f_0003,fitet-sf-c2-b3,2,"a1, a2, chi2, photons, tau1, tau2"
3_KPCWTglu20min_740nm_3057mW_u1_poc0p25_20x0p75NA_457s50_g70_z1_256pix_basicFLIM_120f_0003.sdt,20260522_KPC_fixed_dishes_SLIM::fitet-sf-c3-b5::3_KPCWTglu20min_740nm_3057mW_u1_poc0p25_20x0p75NA_457s50_g70_z1_256pix_basicFLIM_120f_0003,fitet-sf-c3-b5,3,"a1, a2, a3, chi2, photons, tau1, tau2, tau3"
3_KPCWTglu20min_740nm_3057mW_u1_poc0p25_20x0p75NA_457s50_g70_z1_256pix_basicFLIM_120f_0003.sdt,20260522_KPC_fixed_dishes_SLIM::fitet-sz-c2-b3::3_KPCWTglu20min_740nm_3057mW_u1_poc0p25_20x0p75NA_457s50_g70_z1_256pix_basicFLIM_120f_0003,fitet-sz-c2-b3,3,"a1, a2, a3, chi2, photons, tau1, tau2, tau3"
3_KPCWTglu20min_740nm_3057mW_u1_poc0p25_20x0p75NA_457s50_g70_z1_256pix_basicFLIM_120f_0003.sdt,20260522_KPC_fixed_dishes_SLIM::fitet-sz-c3-b5::3_KPCWTglu20min_740nm_3057mW_u1_poc0p25_20x0p75NA_457s50_g70_z1_256pix_basicFLIM_120f_0003,fitet-sz-c3-b5,3,"a1, a2, a3, chi2, photons, tau1, tau2, tau3"
3_KPCWTglu20min_740nm_3057mW_u1_poc0p25_20x0p75NA_457s50_g70_z1_256pix_basicFLIM_120f_0004.sdt,20260522_KPC_fixed_dishes_SLIM::fitet-sf-c2-b3::3_KPCWTglu20min_740nm_3057mW_u1_poc0p25_20x0p75NA_457s50_g70_z1_256pix_basicFLIM_120f_0004,fitet-sf-c2-b3,2,"a1, a2, chi2, photons, tau1, tau2"
3_KPCWTglu20min_740nm_3057mW_u1_poc0p25_20x0p75NA_457s50_g70_z1_256pix_basicFLIM_120f_0004.sdt,20260522_KPC_fixed_dishes_SLIM::fitet-sf-c3-b5::3_KPCWTglu20min_740nm_3057mW_u1_poc0p25_20x0p75NA_457s50_g70_z1_256pix_basicFLIM_120f_0004,fitet-sf-c3-b5,3,"a1, a2, a3, chi2, photons, tau1, tau2, tau3"
3_KPCWTglu20min_740nm_3057mW_u1_poc0p25_20x0p75NA_457s50_g70_z1_256pix_basicFLIM_120f_0004.sdt,20260522_KPC_fixed_dishes_SLIM::fitet-sz-c2-b3::3_KPCWTglu20min_740nm_3057mW_u1_poc0p25_20x0p75NA_457s50_g70_z1_256pix_basicFLIM_120f_0004,fitet-sz-c2-b3,3,"a1, a2, a3, chi2, photons, tau1, tau2, tau3"
3_KPCWTglu20min_740nm_3057mW_u1_poc0p25_20x0p75NA_457s50_g70_z1_256pix_basicFLIM_120f_0004.sdt,20260522_KPC_fixed_dishes_SLIM::fitet-sz-c3-b5::3_KPCWTglu20min_740nm_3057mW_u1_poc0p25_20x0p75NA_457s50_g70_z1_256pix_basicFLIM_120f_0004,fitet-sz-c3-b5,3,"a1, a2, a3, chi2, photons, tau1, tau2, tau3"
3_KPCWTglu20min_740nm_3057mW_u1_poc0p25_20x0p75NA_457s50_g70_z1_256pix_basicFLIM_120f_0005.sdt,20260522_KPC_fixed_dishes_SLIM::fitet-sf-c2-b3::3_KPCWTglu20min_740nm_3057mW_u1_poc0p25_20x0p75NA_457s50_g70_z1_256pix_basicFLIM_120f_0005,fitet-sf-c2-b3,2,"a1, a2, chi2, photons, tau1, tau2"
3_KPCWTglu20min_740nm_3057mW_u1_poc0p25_20x0p75NA_457s50_g70_z1_256pix_basicFLIM_120f_0005.sdt,20260522_KPC_fixed_dishes_SLIM::fitet-sf-c3-b5::3_KPCWTglu20min_740nm_3057mW_u1_poc0p25_20x0p75NA_457s50_g70_z1_256pix_basicFLIM_120f_0005,fitet-sf-c3-b5,3,"a1, a2, a3, chi2, photons, tau1, tau2, tau3"
3_KPCWTglu20min_740nm_3057mW_u1_poc0p25_20x0p75NA_457s50_g70_z1_256pix_basicFLIM_120f_0005.sdt,20260522_KPC_fixed_dishes_SLIM::fitet-sz-c2-b3::3_KPCWTglu20min_740nm_3057mW_u1_poc0p25_20x0p75NA_457s50_g70_z1_256pix_basicFLIM_120f_0005,fitet-sz-c2-b3,3,"a1, a2, a3, chi2, photons, tau1, tau2, tau3"
3_KPCWTglu20min_740nm_3057mW_u1_poc0p25_20x0p75NA_457s50_g70_z1_256pix_basicFLIM_120f_0005.sdt,20260522_KPC_fixed_dishes_SLIM::fitet-sz-c3-b5::3_KPCWTglu20min_740nm_3057mW_u1_poc0p25_20x0p75NA_457s50_g70_z1_256pix_basicFLIM_120f_0005,fitet-sz-c3-b5,3,"a1, a2, a3, chi2, photons, tau1, tau2, tau3"
3_KPCWTglu20min_740nm_3057mW_u1_poc0p25_20x0p75NA_457s50_g70_z1_256pix_basicFLIM_120f_0006.sdt,20260522_KPC_fixed_dishes_SLIM::fitet-sf-c2-b3::3_KPCWTglu20min_740nm_3057mW_u1_poc0p25_20x0p75NA_457s50_g70_z1_256pix_basicFLIM_120f_0006,fitet-sf-c2-b3,2,"a1, a2, chi2, photons, tau1, tau2"
3_KPCWTglu20min_740nm_3057mW_u1_poc0p25_20x0p75NA_457s50_g70_z1_256pix_basicFLIM_120f_0006.sdt,20260522_KPC_fixed_dishes_SLIM::fitet-sf-c3-b5::3_KPCWTglu20min_740nm_3057mW_u1_poc0p25_20x0p75NA_457s50_g70_z1_256pix_basicFLIM_120f_0006,fitet-sf-c3-b5,3,"a1, a2, a3, chi2, photons, tau1, tau2, tau3"
3_KPCWTglu20min_740nm_3057mW_u1_poc0p25_20x0p75NA_457s50_g70_z1_256pix_basicFLIM_120f_0006.sdt,20260522_KPC_fixed_dishes_SLIM::fitet-sz-c2-b3::3_KPCWTglu20min_740nm_3057mW_u1_poc0p25_20x0p75NA_457s50_g70_z1_256pix_basicFLIM_120f_0006,fitet-sz-c2-b3,3,"a1, a2, a3, chi2, photons, tau1, tau2, tau3"
3_KPCWTglu20min_740nm_3057mW_u1_poc0p25_20x0p75NA_457s50_g70_z1_256pix_basicFLIM_120f_0006.sdt,20260522_KPC_fixed_dishes_SLIM::fitet-sz-c3-b5::3_KPCWTglu20min_740nm_3057mW_u1_poc0p25_20x0p75NA_457s50_g70_z1_256pix_basicFLIM_120f_0006,fitet-sz-c3-b5,3,"a1, a2, a3, chi2, photons, tau1, tau2, tau3"
3_KPCWTglu20min_740nm_3057mW_u1_poc0p25_20x0p75NA_457s50_g70_z1_256pix_basicFLIM_120f_0007.sdt,20260522_KPC_fixed_dishes_SLIM::fitet-sf-c2-b3::3_KPCWTglu20min_740nm_3057mW_u1_poc0p25_20x0p75NA_457s50_g70_z1_256pix_basicFLIM_120f_0007,fitet-sf-c2-b3,2,"a1, a2, chi2, photons, tau1, tau2"
3_KPCWTglu20min_740nm_3057mW_u1_poc0p25_20x0p75NA_457s50_g70_z1_256pix_basicFLIM_120f_0007.sdt,20260522_KPC_fixed_dishes_SLIM::fitet-sf-c3-b5::3_KPCWTglu20min_740nm_3057mW_u1_poc0p25_20x0p75NA_457s50_g70_z1_256pix_basicFLIM_120f_0007,fitet-sf-c3-b5,3,"a1, a2, a3, chi2, photons, tau1, tau2, tau3"
3_KPCWTglu20min_740nm_3057mW_u1_poc0p25_20x0p75NA_457s50_g70_z1_256pix_basicFLIM_120f_0007.sdt,20260522_KPC_fixed_dishes_SLIM::fitet-sz-c2-b3::3_KPCWTglu20min_740nm_3057mW_u1_poc0p25_20x0p75NA_457s50_g70_z1_256pix_basicFLIM_120f_0007,fitet-sz-c2-b3,3,"a1, a2, a3, chi2, photons, tau1, tau2, tau3"
3_KPCWTglu20min_740nm_3057mW_u1_poc0p25_20x0p75NA_457s50_g70_z1_256pix_basicFLIM_120f_0007.sdt,20260522_KPC_fixed_dishes_SLIM::fitet-sz-c3-b5::3_KPCWTglu20min_740nm_3057mW_u1_poc0p25_20x0p75NA_457s50_g70_z1_256pix_basicFLIM_120f_0007,fitet-sz-c3-b5,3,"a1, a2, a3, chi2, photons, tau1, tau2, tau3"
3_KPCWTglu20min_740nm_3057mW_u1_poc0p25_20x0p75NA_457s50_g70_z1_256pix_basicFLIM_120f_0008.sdt,20260522_KPC_fixed_dishes_SLIM::fitet-sf-c2-b3::3_KPCWTglu20min_740nm_3057mW_u1_poc0p25_20x0p75NA_457s50_g70_z1_256pix_basicFLIM_120f_0008,fitet-sf-c2-b3,2,"a1, a2, chi2, photons, tau1, tau2"
3_KPCWTglu20min_740nm_3057mW_u1_poc0p25_20x0p75NA_457s50_g70_z1_256pix_basicFLIM_120f_0008.sdt,20260522_KPC_fixed_dishes_SLIM::fitet-sf-c3-b5::3_KPCWTglu20min_740nm_3057mW_u1_poc0p25_20x0p75NA_457s50_g70_z1_256pix_basicFLIM_120f_0008,fitet-sf-c3-b5,3,"a1, a2, a3, chi2, photons, tau1, tau2, tau3"
3_KPCWTglu20min_740nm_3057mW_u1_poc0p25_20x0p75NA_457s50_g70_z1_256pix_basicFLIM_120f_0008.sdt,20260522_KPC_fixed_dishes_SLIM::fitet-sz-c2-b3::3_KPCWTglu20min_740nm_3057mW_u1_poc0p25_20x0p75NA_457s50_g70_z1_256pix_basicFLIM_120f_0008,fitet-sz-c2-b3,3,"a1, a2, a3, chi2, photons, tau1, tau2, tau3"
3_KPCWTglu20min_740nm_3057mW_u1_poc0p25_20x0p75NA_457s50_g70_z1_256pix_basicFLIM_120f_0008.sdt,20260522_KPC_fixed_dishes_SLIM::fitet-sz-c3-b5::3_KPCWTglu20min_740nm_3057mW_u1_poc0p25_20x0p75NA_457s50_g70_z1_256pix_basicFLIM_120f_0008,fitet-sz-c3-b5,3,"a1, a2, a3, chi2, photons, tau1, tau2, tau3"
3_KPCWTglu20min_740nm_3057mW_u1_poc0p25_20x0p75NA_457s50_g70_z1_256pix_basicFLIM_120f_0009.sdt,20260522_KPC_fixed_dishes_SLIM::fitet-sf-c2-b3::3_KPCWTglu20min_740nm_3057mW_u1_poc0p25_20x0p75NA_457s50_g70_z1_256pix_basicFLIM_120f_0009,fitet-sf-c2-b3,2,"a1, a2, chi2, photons, tau1, tau2"
3_KPCWTglu20min_740nm_3057mW_u1_poc0p25_20x0p75NA_457s50_g70_z1_256pix_basicFLIM_120f_0009.sdt,20260522_KPC_fixed_dishes_SLIM::fitet-sf-c3-b5::3_KPCWTglu20min_740nm_3057mW_u1_poc0p25_20x0p75NA_457s50_g70_z1_256pix_basicFLIM_120f_0009,fitet-sf-c3-b5,3,"a1, a2, a3, chi2, photons, tau1, tau2, tau3"
3_KPCWTglu20min_740nm_3057mW_u1_poc0p25_20x0p75NA_457s50_g70_z1_256pix_basicFLIM_120f_0009.sdt,20260522_KPC_fixed_dishes_SLIM::fitet-sz-c2-b3::3_KPCWTglu20min_740nm_3057mW_u1_poc0p25_20x0p75NA_457s50_g70_z1_256pix_basicFLIM_120f_0009,fitet-sz-c2-b3,3,"a1, a2, a3, chi2, photons, tau1, tau2, tau3"
3_KPCWTglu20min_740nm_3057mW_u1_poc0p25_20x0p75NA_457s50_g70_z1_256pix_basicFLIM_120f_0009.sdt,20260522_KPC_fixed_dishes_SLIM::fitet-sz-c3-b5::3_KPCWTglu20min_740nm_3057mW_u1_poc0p25_20x0p75NA_457s50_g70_z1_256pix_basicFLIM_120f_0009,fitet-sz-c3-b5,3,"a1, a2, a3, chi2, photons, tau1, tau2, tau3"
3_KPCWTglu20min_740nm_3057mW_u1_poc0p25_20x0p75NA_457s50_g70_z1_256pix_basicFLIM_120f_0010.sdt,20260522_KPC_fixed_dishes_SLIM::fitet-sf-c2-b3::3_KPCWTglu20min_740nm_3057mW_u1_poc0p25_20x0p75NA_457s50_g70_z1_256pix_basicFLIM_120f_0010,fitet-sf-c2-b3,2,"a1, a2, chi2, photons, tau1, tau2"
3_KPCWTglu20min_740nm_3057mW_u1_poc0p25_20x0p75NA_457s50_g70_z1_256pix_basicFLIM_120f_0010.sdt,20260522_KPC_fixed_dishes_SLIM::fitet-sf-c3-b5::3_KPCWTglu20min_740nm_3057mW_u1_poc0p25_20x0p75NA_457s50_g70_z1_256pix_basicFLIM_120f_0010,fitet-sf-c3-b5,3,"a1, a2, a3, chi2, photons, tau1, tau2, tau3"
3_KPCWTglu20min_740nm_3057mW_u1_poc0p25_20x0p75NA_457s50_g70_z1_256pix_basicFLIM_120f_0010.sdt,20260522_KPC_fixed_dishes_SLIM::fitet-sz-c2-b3::3_KPCWTglu20min_740nm_3057mW_u1_poc0p25_20x0p75NA_457s50_g70_z1_256pix_basicFLIM_120f_0010,fitet-sz-c2-b3,3,"a1, a2, a3, chi2, photons, tau1, tau2, tau3"
3_KPCWTglu20min_740nm_3057mW_u1_poc0p25_20x0p75NA_457s50_g70_z1_256pix_basicFLIM_120f_0010.sdt,20260522_KPC_fixed_dishes_SLIM::fitet-sz-c3-b5::3_KPCWTglu20min_740nm_3057mW_u1_poc0p25_20x0p75NA_457s50_g70_z1_256pix_basicFLIM_120f_0010,fitet-sz-c3-b5,3,"a1, a2, a3, chi2, photons, tau1, tau2, tau3"
3_KPCWTglu20min_740nm_3057mW_u1_poc0p25_20x0p75NA_457s50_g70_z1_256pix_basicFLIM_120f_0011.sdt,20260522_KPC_fixed_dishes_SLIM::fitet-sf-c2-b3::3_KPCWTglu20min_740nm_3057mW_u1_poc0p25_20x0p75NA_457s50_g70_z1_256pix_basicFLIM_120f_0011,fitet-sf-c2-b3,2,"a1, a2, chi2, photons, tau1, tau2"
3_KPCWTglu20min_740nm_3057mW_u1_poc0p25_20x0p75NA_457s50_g70_z1_256pix_basicFLIM_120f_0011.sdt,20260522_KPC_fixed_dishes_SLIM::fitet-sf-c3-b5::3_KPCWTglu20min_740nm_3057mW_u1_poc0p25_20x0p75NA_457s50_g70_z1_256pix_basicFLIM_120f_0011,fitet-sf-c3-b5,3,"a1, a2, a3, chi2, photons, tau1, tau2, tau3"
3_KPCWTglu20min_740nm_3057mW_u1_poc0p25_20x0p75NA_457s50_g70_z1_256pix_basicFLIM_120f_0011.sdt,20260522_KPC_fixed_dishes_SLIM::fitet-sz-c2-b3::3_KPCWTglu20min_740nm_3057mW_u1_poc0p25_20x0p75NA_457s50_g70_z1_256pix_basicFLIM_120f_0011,fitet-sz-c2-b3,3,"a1, a2, a3, chi2, photons, tau1, tau2, tau3"
3_KPCWTglu20min_740nm_3057mW_u1_poc0p25_20x0p75NA_457s50_g70_z1_256pix_basicFLIM_120f_0011.sdt,20260522_KPC_fixed_dishes_SLIM::fitet-sz-c3-b5::3_KPCWTglu20min_740nm_3057mW_u1_poc0p25_20x0p75NA_457s50_g70_z1_256pix_basicFLIM_120f_0011,fitet-sz-c3-b5,3,"a1, a2, a3, chi2, photons, tau1, tau2, tau3"
3_KPCWTglu20min_740nm_3057mW_u1_poc0p25_20x0p75NA_457s50_g70_z1_256pix_basicFLIM_120f_0012.sdt,20260522_KPC_fixed_dishes_SLIM::fitet-sf-c2-b3::3_KPCWTglu20min_740nm_3057mW_u1_poc0p25_20x0p75NA_457s50_g70_z1_256pix_basicFLIM_120f_0012,fitet-sf-c2-b3,2,"a1, a2, chi2, photons, tau1, tau2"
3_KPCWTglu20min_740nm_3057mW_u1_poc0p25_20x0p75NA_457s50_g70_z1_256pix_basicFLIM_120f_0012.sdt,20260522_KPC_fixed_dishes_SLIM::fitet-sf-c3-b5::3_KPCWTglu20min_740nm_3057mW_u1_poc0p25_20x0p75NA_457s50_g70_z1_256pix_basicFLIM_120f_0012,fitet-sf-c3-b5,3,"a1, a2, a3, chi2, photons, tau1, tau2, tau3"
3_KPCWTglu20min_740nm_3057mW_u1_poc0p25_20x0p75NA_457s50_g70_z1_256pix_basicFLIM_120f_0012.sdt,20260522_KPC_fixed_dishes_SLIM::fitet-sz-c2-b3::3_KPCWTglu20min_740nm_3057mW_u1_poc0p25_20x0p75NA_457s50_g70_z1_256pix_basicFLIM_120f_0012,fitet-sz-c2-b3,3,"a1, a2, a3, chi2, photons, tau1, tau2, tau3"
3_KPCWTglu20min_740nm_3057mW_u1_poc0p25_20x0p75NA_457s50_g70_z1_256pix_basicFLIM_120f_0012.sdt,20260522_KPC_fixed_dishes_SLIM::fitet-sz-c3-b5::3_KPCWTglu20min_740nm_3057mW_u1_poc0p25_20x0p75NA_457s50_g70_z1_256pix_basicFLIM_120f_0012,fitet-sz-c3-b5,3,"a1, a2, a3, chi2, photons, tau1, tau2, tau3"
3_KPCWTglu20min_740nm_3057mW_u1_poc0p25_20x0p75NA_457s50_g70_z1_256pix_basicFLIM_120f_0013.sdt,20260522_KPC_fixed_dishes_SLIM::fitet-sf-c2-b3::3_KPCWTglu20min_740nm_3057mW_u1_poc0p25_20x0p75NA_457s50_g70_z1_256pix_basicFLIM_120f_0013,fitet-sf-c2-b3,2,"a1, a2, chi2, photons, tau1, tau2"
3_KPCWTglu20min_740nm_3057mW_u1_poc0p25_20x0p75NA_457s50_g70_z1_256pix_basicFLIM_120f_0013.sdt,20260522_KPC_fixed_dishes_SLIM::fitet-sf-c3-b5::3_KPCWTglu20min_740nm_3057mW_u1_poc0p25_20x0p75NA_457s50_g70_z1_256pix_basicFLIM_120f_0013,fitet-sf-c3-b5,3,"a1, a2, a3, chi2, photons, tau1, tau2, tau3"
3_KPCWTglu20min_740nm_3057mW_u1_poc0p25_20x0p75NA_457s50_g70_z1_256pix_basicFLIM_120f_0013.sdt,20260522_KPC_fixed_dishes_SLIM::fitet-sz-c2-b3::3_KPCWTglu20min_740nm_3057mW_u1_poc0p25_20x0p75NA_457s50_g70_z1_256pix_basicFLIM_120f_0013,fitet-sz-c2-b3,3,"a1, a2, a3, chi2, photons, tau1, tau2, tau3"
3_KPCWTglu20min_740nm_3057mW_u1_poc0p25_20x0p75NA_457s50_g70_z1_256pix_basicFLIM_120f_0013.sdt,20260522_KPC_fixed_dishes_SLIM::fitet-sz-c3-b5::3_KPCWTglu20min_740nm_3057mW_u1_poc0p25_20x0p75NA_457s50_g70_z1_256pix_basicFLIM_120f_0013,fitet-sz-c3-b5,3,"a1, a2, a3, chi2, photons, tau1, tau2, tau3"
3_KPCWTglu20min_740nm_3057mW_u1_poc0p25_20x0p75NA_457s50_g70_z1_256pix_basicFLIM_120f_0014.sdt,20260522_KPC_fixed_dishes_SLIM::fitet-sf-c2-b3::3_KPCWTglu20min_740nm_3057mW_u1_poc0p25_20x0p75NA_457s50_g70_z1_256pix_basicFLIM_120f_0014,fitet-sf-c2-b3,2,"a1, a2, chi2, photons, tau1, tau2"
3_KPCWTglu20min_740nm_3057mW_u1_poc0p25_20x0p75NA_457s50_g70_z1_256pix_basicFLIM_120f_0014.sdt,20260522_KPC_fixed_dishes_SLIM::fitet-sf-c3-b5::3_KPCWTglu20min_740nm_3057mW_u1_poc0p25_20x0p75NA_457s50_g70_z1_256pix_basicFLIM_120f_0014,fitet-sf-c3-b5,3,"a1, a2, a3, chi2, photons, tau1, tau2, tau3"
3_KPCWTglu20min_740nm_3057mW_u1_poc0p25_20x0p75NA_457s50_g70_z1_256pix_basicFLIM_120f_0014.sdt,20260522_KPC_fixed_dishes_SLIM::fitet-sz-c2-b3::3_KPCWTglu20min_740nm_3057mW_u1_poc0p25_20x0p75NA_457s50_g70_z1_256pix_basicFLIM_120f_0014,fitet-sz-c2-b3,3,"a1, a2, a3, chi2, photons, tau1, tau2, tau3"
3_KPCWTglu20min_740nm_3057mW_u1_poc0p25_20x0p75NA_457s50_g70_z1_256pix_basicFLIM_120f_0014.sdt,20260522_KPC_fixed_dishes_SLIM::fitet-sz-c3-b5::3_KPCWTglu20min_740nm_3057mW_u1_poc0p25_20x0p75NA_457s50_g70_z1_256pix_basicFLIM_120f_0014,fitet-sz-c3-b5,3,"a1, a2, a3, chi2, photons, tau1, tau2, tau3"
3_KPCWTglu20min_740nm_3057mW_u1_poc0p25_20x0p75NA_535s50_g70_z1_256pix_basicFLIM_120f_0000.sdt,20260522_KPC_fixed_dishes_SLIM::fitet-sf-c2-b3::3_KPCWTglu20min_740nm_3057mW_u1_poc0p25_20x0p75NA_535s50_g70_z1_256pix_basicFLIM_120f_0000,fitet-sf-c2-b3,2,"a1, a2, chi2, photons, tau1, tau2"
3_KPCWTglu20min_740nm_3057mW_u1_poc0p25_20x0p75NA_535s50_g70_z1_256pix_basicFLIM_120f_0000.sdt,20260522_KPC_fixed_dishes_SLIM::fitet-sf-c3-b5::3_KPCWTglu20min_740nm_3057mW_u1_poc0p25_20x0p75NA_535s50_g70_z1_256pix_basicFLIM_120f_0000,fitet-sf-c3-b5,3,"a1, a2, a3, chi2, photons, tau1, tau2, tau3"
3_KPCWTglu20min_740nm_3057mW_u1_poc0p25_20x0p75NA_535s50_g70_z1_256pix_basicFLIM_120f_0000.sdt,20260522_KPC_fixed_dishes_SLIM::fitet-sz-c2-b3::3_KPCWTglu20min_740nm_3057mW_u1_poc0p25_20x0p75NA_535s50_g70_z1_256pix_basicFLIM_120f_0000,fitet-sz-c2-b3,3,"a1, a2, a3, chi2, photons, tau1, tau2, tau3"
3_KPCWTglu20min_740nm_3057mW_u1_poc0p25_20x0p75NA_535s50_g70_z1_256pix_basicFLIM_120f_0000.sdt,20260522_KPC_fixed_dishes_SLIM::fitet-sz-c3-b5::3_KPCWTglu20min_740nm_3057mW_u1_poc0p25_20x0p75NA_535s50_g70_z1_256pix_basicFLIM_120f_0000,fitet-sz-c3-b5,3,"a1, a2, a3, chi2, photons, tau1, tau2, tau3"
3_KPCWTglu20min_740nm_3057mW_u1_poc0p25_20x0p75NA_535s50_g70_z1_256pix_basicFLIM_120f_0001.sdt,20260522_KPC_fixed_dishes_SLIM::fitet-sf-c2-b3::3_KPCWTglu20min_740nm_3057mW_u1_poc0p25_20x0p75NA_535s50_g70_z1_256pix_basicFLIM_120f_0001,fitet-sf-c2-b3,2,"a1, a2, chi2, photons, tau1, tau2"
3_KPCWTglu20min_740nm_3057mW_u1_poc0p25_20x0p75NA_535s50_g70_z1_256pix_basicFLIM_120f_0001.sdt,20260522_KPC_fixed_dishes_SLIM::fitet-sf-c3-b5::3_KPCWTglu20min_740nm_3057mW_u1_poc0p25_20x0p75NA_535s50_g70_z1_256pix_basicFLIM_120f_0001,fitet-sf-c3-b5,3,"a1, a2, a3, chi2, photons, tau1, tau2, tau3"
3_KPCWTglu20min_740nm_3057mW_u1_poc0p25_20x0p75NA_535s50_g70_z1_256pix_basicFLIM_120f_0001.sdt,20260522_KPC_fixed_dishes_SLIM::fitet-sz-c2-b3::3_KPCWTglu20min_740nm_3057mW_u1_poc0p25_20x0p75NA_535s50_g70_z1_256pix_basicFLIM_120f_0001,fitet-sz-c2-b3,3,"a1, a2, a3, chi2, photons, tau1, tau2, tau3"
3_KPCWTglu20min_740nm_3057mW_u1_poc0p25_20x0p75NA_535s50_g70_z1_256pix_basicFLIM_120f_0001.sdt,20260522_KPC_fixed_dishes_SLIM::fitet-sz-c3-b5::3_KPCWTglu20min_740nm_3057mW_u1_poc0p25_20x0p75NA_535s50_g70_z1_256pix_basicFLIM_120f_0001,fitet-sz-c3-b5,3,"a1, a2, a3, chi2, photons, tau1, tau2, tau3"
3_KPCWTglu20min_740nm_3057mW_u1_poc0p25_20x0p75NA_535s50_g70_z1_256pix_basicFLIM_120f_0002.sdt,20260522_KPC_fixed_dishes_SLIM::fitet-sf-c2-b3::3_KPCWTglu20min_740nm_3057mW_u1_poc0p25_20x0p75NA_535s50_g70_z1_256pix_basicFLIM_120f_0002,fitet-sf-c2-b3,2,"a1, a2, chi2, photons, tau1, tau2"
3_KPCWTglu20min_740nm_3057mW_u1_poc0p25_20x0p75NA_535s50_g70_z1_256pix_basicFLIM_120f_0002.sdt,20260522_KPC_fixed_dishes_SLIM::fitet-sf-c3-b5::3_KPCWTglu20min_740nm_3057mW_u1_poc0p25_20x0p75NA_535s50_g70_z1_256pix_basicFLIM_120f_0002,fitet-sf-c3-b5,3,"a1, a2, a3, chi2, photons, tau1, tau2, tau3"
3_KPCWTglu20min_740nm_3057mW_u1_poc0p25_20x0p75NA_535s50_g70_z1_256pix_basicFLIM_120f_0002.sdt,20260522_KPC_fixed_dishes_SLIM::fitet-sz-c2-b3::3_KPCWTglu20min_740nm_3057mW_u1_poc0p25_20x0p75NA_535s50_g70_z1_256pix_basicFLIM_120f_0002,fitet-sz-c2-b3,3,"a1, a2, a3, chi2, photons, tau1, tau2, tau3"
3_KPCWTglu20min_740nm_3057mW_u1_poc0p25_20x0p75NA_535s50_g70_z1_256pix_basicFLIM_120f_0002.sdt,20260522_KPC_fixed_dishes_SLIM::fitet-sz-c3-b5::3_KPCWTglu20min_740nm_3057mW_u1_poc0p25_20x0p75NA_535s50_g70_z1_256pix_basicFLIM_120f_0002,fitet-sz-c3-b5,3,"a1, a2, a3, chi2, photons, tau1, tau2, tau3"
3_KPCWTglu20min_740nm_3057mW_u1_poc0p25_20x0p75NA_535s50_g70_z1_256pix_basicFLIM_120f_0003.sdt,20260522_KPC_fixed_dishes_SLIM::fitet-sf-c2-b3::3_KPCWTglu20min_740nm_3057mW_u1_poc0p25_20x0p75NA_535s50_g70_z1_256pix_basicFLIM_120f_0003,fitet-sf-c2-b3,2,"a1, a2, chi2, photons, tau1, tau2"
3_KPCWTglu20min_740nm_3057mW_u1_poc0p25_20x0p75NA_535s50_g70_z1_256pix_basicFLIM_120f_0003.sdt,20260522_KPC_fixed_dishes_SLIM::fitet-sf-c3-b5::3_KPCWTglu20min_740nm_3057mW_u1_poc0p25_20x0p75NA_535s50_g70_z1_256pix_basicFLIM_120f_0003,fitet-sf-c3-b5,3,"a1, a2, a3, chi2, photons, tau1, tau2, tau3"
3_KPCWTglu20min_740nm_3057mW_u1_poc0p25_20x0p75NA_535s50_g70_z1_256pix_basicFLIM_120f_0003.sdt,20260522_KPC_fixed_dishes_SLIM::fitet-sz-c2-b3::3_KPCWTglu20min_740nm_3057mW_u1_poc0p25_20x0p75NA_535s50_g70_z1_256pix_basicFLIM_120f_0003,fitet-sz-c2-b3,3,"a1, a2, a3, chi2, photons, tau1, tau2, tau3"
3_KPCWTglu20min_740nm_3057mW_u1_poc0p25_20x0p75NA_535s50_g70_z1_256pix_basicFLIM_120f_0003.sdt,20260522_KPC_fixed_dishes_SLIM::fitet-sz-c3-b5::3_KPCWTglu20min_740nm_3057mW_u1_poc0p25_20x0p75NA_535s50_g70_z1_256pix_basicFLIM_120f_0003,fitet-sz-c3-b5,3,"a1, a2, a3, chi2, photons, tau1, tau2, tau3"
3_KPCWTglu20min_740nm_3057mW_u1_poc0p25_20x0p75NA_535s50_g70_z1_256pix_basicFLIM_120f_0004.sdt,20260522_KPC_fixed_dishes_SLIM::fitet-sf-c2-b3::3_KPCWTglu20min_740nm_3057mW_u1_poc0p25_20x0p75NA_535s50_g70_z1_256pix_basicFLIM_120f_0004,fitet-sf-c2-b3,2,"a1, a2, chi2, photons, tau1, tau2"
3_KPCWTglu20min_740nm_3057mW_u1_poc0p25_20x0p75NA_535s50_g70_z1_256pix_basicFLIM_120f_0004.sdt,20260522_KPC_fixed_dishes_SLIM::fitet-sf-c3-b5::3_KPCWTglu20min_740nm_3057mW_u1_poc0p25_20x0p75NA_535s50_g70_z1_256pix_basicFLIM_120f_0004,fitet-sf-c3-b5,3,"a1, a2, a3, chi2, photons, tau1, tau2, tau3"
3_KPCWTglu20min_740nm_3057mW_u1_poc0p25_20x0p75NA_535s50_g70_z1_256pix_basicFLIM_120f_0004.sdt,20260522_KPC_fixed_dishes_SLIM::fitet-sz-c2-b3::3_KPCWTglu20min_740nm_3057mW_u1_poc0p25_20x0p75NA_535s50_g70_z1_256pix_basicFLIM_120f_0004,fitet-sz-c2-b3,3,"a1, a2, a3, chi2, photons, tau1, tau2, tau3"
3_KPCWTglu20min_740nm_3057mW_u1_poc0p25_20x0p75NA_535s50_g70_z1_256pix_basicFLIM_120f_0004.sdt,20260522_KPC_fixed_dishes_SLIM::fitet-sz-c3-b5::3_KPCWTglu20min_740nm_3057mW_u1_poc0p25_20x0p75NA_535s50_g70_z1_256pix_basicFLIM_120f_0004,fitet-sz-c3-b5,3,"a1, a2, a3, chi2, photons, tau1, tau2, tau3"
3_KPCWTglu20min_740nm_3057mW_u1_poc0p25_20x0p75NA_535s50_g70_z1_256pix_basicFLIM_120f_0005.sdt,20260522_KPC_fixed_dishes_SLIM::fitet-sf-c2-b3::3_KPCWTglu20min_740nm_3057mW_u1_poc0p25_20x0p75NA_535s50_g70_z1_256pix_basicFLIM_120f_0005,fitet-sf-c2-b3,2,"a1, a2, chi2, photons, tau1, tau2"
3_KPCWTglu20min_740nm_3057mW_u1_poc0p25_20x0p75NA_535s50_g70_z1_256pix_basicFLIM_120f_0005.sdt,20260522_KPC_fixed_dishes_SLIM::fitet-sf-c3-b5::3_KPCWTglu20min_740nm_3057mW_u1_poc0p25_20x0p75NA_535s50_g70_z1_256pix_basicFLIM_120f_0005,fitet-sf-c3-b5,3,"a1, a2, a3, chi2, photons, tau1, tau2, tau3"
3_KPCWTglu20min_740nm_3057mW_u1_poc0p25_20x0p75NA_535s50_g70_z1_256pix_basicFLIM_120f_0005.sdt,20260522_KPC_fixed_dishes_SLIM::fitet-sz-c2-b3::3_KPCWTglu20min_740nm_3057mW_u1_poc0p25_20x0p75NA_535s50_g70_z1_256pix_basicFLIM_120f_0005,fitet-sz-c2-b3,3,"a1, a2, a3, chi2, photons, tau1, tau2, tau3"
3_KPCWTglu20min_740nm_3057mW_u1_poc0p25_20x0p75NA_535s50_g70_z1_256pix_basicFLIM_120f_0005.sdt,20260522_KPC_fixed_dishes_SLIM::fitet-sz-c3-b5::3_KPCWTglu20min_740nm_3057mW_u1_poc0p25_20x0p75NA_535s50_g70_z1_256pix_basicFLIM_120f_0005,fitet-sz-c3-b5,3,"a1, a2, a3, chi2, photons, tau1, tau2, tau3"
3_KPCWTglu20min_740nm_3057mW_u1_poc0p25_20x0p75NA_535s50_g70_z1_256pix_basicFLIM_120f_0006.sdt,20260522_KPC_fixed_dishes_SLIM::fitet-sf-c2-b3::3_KPCWTglu20min_740nm_3057mW_u1_poc0p25_20x0p75NA_535s50_g70_z1_256pix_basicFLIM_120f_0006,fitet-sf-c2-b3,2,"a1, a2, chi2, photons, tau1, tau2"
3_KPCWTglu20min_740nm_3057mW_u1_poc0p25_20x0p75NA_535s50_g70_z1_256pix_basicFLIM_120f_0006.sdt,20260522_KPC_fixed_dishes_SLIM::fitet-sf-c3-b5::3_KPCWTglu20min_740nm_3057mW_u1_poc0p25_20x0p75NA_535s50_g70_z1_256pix_basicFLIM_120f_0006,fitet-sf-c3-b5,3,"a1, a2, a3, chi2, photons, tau1, tau2, tau3"
3_KPCWTglu20min_740nm_3057mW_u1_poc0p25_20x0p75NA_535s50_g70_z1_256pix_basicFLIM_120f_0006.sdt,20260522_KPC_fixed_dishes_SLIM::fitet-sz-c2-b3::3_KPCWTglu20min_740nm_3057mW_u1_poc0p25_20x0p75NA_535s50_g70_z1_256pix_basicFLIM_120f_0006,fitet-sz-c2-b3,3,"a1, a2, a3, chi2, photons, tau1, tau2, tau3"
3_KPCWTglu20min_740nm_3057mW_u1_poc0p25_20x0p75NA_535s50_g70_z1_256pix_basicFLIM_120f_0006.sdt,20260522_KPC_fixed_dishes_SLIM::fitet-sz-c3-b5::3_KPCWTglu20min_740nm_3057mW_u1_poc0p25_20x0p75NA_535s50_g70_z1_256pix_basicFLIM_120f_0006,fitet-sz-c3-b5,3,"a1, a2, a3, chi2, photons, tau1, tau2, tau3"
3_KPCWTglu20min_740nm_3057mW_u1_poc0p25_20x0p75NA_535s50_g70_z1_256pix_basicFLIM_120f_0007.sdt,20260522_KPC_fixed_dishes_SLIM::fitet-sf-c2-b3::3_KPCWTglu20min_740nm_3057mW_u1_poc0p25_20x0p75NA_535s50_g70_z1_256pix_basicFLIM_120f_0007,fitet-sf-c2-b3,2,"a1, a2, chi2, photons, tau1, tau2"
3_KPCWTglu20min_740nm_3057mW_u1_poc0p25_20x0p75NA_535s50_g70_z1_256pix_basicFLIM_120f_0007.sdt,20260522_KPC_fixed_dishes_SLIM::fitet-sf-c3-b5::3_KPCWTglu20min_740nm_3057mW_u1_poc0p25_20x0p75NA_535s50_g70_z1_256pix_basicFLIM_120f_0007,fitet-sf-c3-b5,3,"a1, a2, a3, chi2, photons, tau1, tau2, tau3"
3_KPCWTglu20min_740nm_3057mW_u1_poc0p25_20x0p75NA_535s50_g70_z1_256pix_basicFLIM_120f_0007.sdt,20260522_KPC_fixed_dishes_SLIM::fitet-sz-c2-b3::3_KPCWTglu20min_740nm_3057mW_u1_poc0p25_20x0p75NA_535s50_g70_z1_256pix_basicFLIM_120f_0007,fitet-sz-c2-b3,3,"a1, a2, a3, chi2, photons, tau1, tau2, tau3"
3_KPCWTglu20min_740nm_3057mW_u1_poc0p25_20x0p75NA_535s50_g70_z1_256pix_basicFLIM_120f_0007.sdt,20260522_KPC_fixed_dishes_SLIM::fitet-sz-c3-b5::3_KPCWTglu20min_740nm_3057mW_u1_poc0p25_20x0p75NA_535s50_g70_z1_256pix_basicFLIM_120f_0007,fitet-sz-c3-b5,3,"a1, a2, a3, chi2, photons, tau1, tau2, tau3"
3_KPCWTglu20min_740nm_3057mW_u1_poc0p25_20x0p75NA_535s50_g70_z1_256pix_basicFLIM_120f_0008.sdt,20260522_KPC_fixed_dishes_SLIM::fitet-sf-c2-b3::3_KPCWTglu20min_740nm_3057mW_u1_poc0p25_20x0p75NA_535s50_g70_z1_256pix_basicFLIM_120f_0008,fitet-sf-c2-b3,2,"a1, a2, chi2, photons, tau1, tau2"
3_KPCWTglu20min_740nm_3057mW_u1_poc0p25_20x0p75NA_535s50_g70_z1_256pix_basicFLIM_120f_0008.sdt,20260522_KPC_fixed_dishes_SLIM::fitet-sf-c3-b5::3_KPCWTglu20min_740nm_3057mW_u1_poc0p25_20x0p75NA_535s50_g70_z1_256pix_basicFLIM_120f_0008,fitet-sf-c3-b5,3,"a1, a2, a3, chi2, photons, tau1, tau2, tau3"
3_KPCWTglu20min_740nm_3057mW_u1_poc0p25_20x0p75NA_535s50_g70_z1_256pix_basicFLIM_120f_0008.sdt,20260522_KPC_fixed_dishes_SLIM::fitet-sz-c2-b3::3_KPCWTglu20min_740nm_3057mW_u1_poc0p25_20x0p75NA_535s50_g70_z1_256pix_basicFLIM_120f_0008,fitet-sz-c2-b3,3,"a1, a2, a3, chi2, photons, tau1, tau2, tau3"
3_KPCWTglu20min_740nm_3057mW_u1_poc0p25_20x0p75NA_535s50_g70_z1_256pix_basicFLIM_120f_0008.sdt,20260522_KPC_fixed_dishes_SLIM::fitet-sz-c3-b5::3_KPCWTglu20min_740nm_3057mW_u1_poc0p25_20x0p75NA_535s50_g70_z1_256pix_basicFLIM_120f_0008,fitet-sz-c3-b5,3,"a1, a2, a3, chi2, photons, tau1, tau2, tau3"
3_KPCWTglu20min_740nm_3057mW_u1_poc0p25_20x0p75NA_535s50_g70_z1_256pix_basicFLIM_120f_0009.sdt,20260522_KPC_fixed_dishes_SLIM::fitet-sf-c2-b3::3_KPCWTglu20min_740nm_3057mW_u1_poc0p25_20x0p75NA_535s50_g70_z1_256pix_basicFLIM_120f_0009,fitet-sf-c2-b3,2,"a1, a2, chi2, photons, tau1, tau2"
3_KPCWTglu20min_740nm_3057mW_u1_poc0p25_20x0p75NA_535s50_g70_z1_256pix_basicFLIM_120f_0009.sdt,20260522_KPC_fixed_dishes_SLIM::fitet-sf-c3-b5::3_KPCWTglu20min_740nm_3057mW_u1_poc0p25_20x0p75NA_535s50_g70_z1_256pix_basicFLIM_120f_0009,fitet-sf-c3-b5,3,"a1, a2, a3, chi2, photons, tau1, tau2, tau3"
3_KPCWTglu20min_740nm_3057mW_u1_poc0p25_20x0p75NA_535s50_g70_z1_256pix_basicFLIM_120f_0009.sdt,20260522_KPC_fixed_dishes_SLIM::fitet-sz-c2-b3::3_KPCWTglu20min_740nm_3057mW_u1_poc0p25_20x0p75NA_535s50_g70_z1_256pix_basicFLIM_120f_0009,fitet-sz-c2-b3,3,"a1, a2, a3, chi2, photons, tau1, tau2, tau3"
3_KPCWTglu20min_740nm_3057mW_u1_poc0p25_20x0p75NA_535s50_g70_z1_256pix_basicFLIM_120f_0009.sdt,20260522_KPC_fixed_dishes_SLIM::fitet-sz-c3-b5::3_KPCWTglu20min_740nm_3057mW_u1_poc0p25_20x0p75NA_535s50_g70_z1_256pix_basicFLIM_120f_0009,fitet-sz-c3-b5,3,"a1, a2, a3, chi2, photons, tau1, tau2, tau3"
3_KPCWTglu20min_740nm_3057mW_u1_poc0p25_20x0p75NA_535s50_g70_z1_256pix_basicFLIM_120f_0010.sdt,20260522_KPC_fixed_dishes_SLIM::fitet-sf-c2-b3::3_KPCWTglu20min_740nm_3057mW_u1_poc0p25_20x0p75NA_535s50_g70_z1_256pix_basicFLIM_120f_0010,fitet-sf-c2-b3,2,"a1, a2, chi2, photons, tau1, tau2"
3_KPCWTglu20min_740nm_3057mW_u1_poc0p25_20x0p75NA_535s50_g70_z1_256pix_basicFLIM_120f_0010.sdt,20260522_KPC_fixed_dishes_SLIM::fitet-sf-c3-b5::3_KPCWTglu20min_740nm_3057mW_u1_poc0p25_20x0p75NA_535s50_g70_z1_256pix_basicFLIM_120f_0010,fitet-sf-c3-b5,3,"a1, a2, a3, chi2, photons, tau1, tau2, tau3"
3_KPCWTglu20min_740nm_3057mW_u1_poc0p25_20x0p75NA_535s50_g70_z1_256pix_basicFLIM_120f_0010.sdt,20260522_KPC_fixed_dishes_SLIM::fitet-sz-c2-b3::3_KPCWTglu20min_740nm_3057mW_u1_poc0p25_20x0p75NA_535s50_g70_z1_256pix_basicFLIM_120f_0010,fitet-sz-c2-b3,3,"a1, a2, a3, chi2, photons, tau1, tau2, tau3"
3_KPCWTglu20min_740nm_3057mW_u1_poc0p25_20x0p75NA_535s50_g70_z1_256pix_basicFLIM_120f_0010.sdt,20260522_KPC_fixed_dishes_SLIM::fitet-sz-c3-b5::3_KPCWTglu20min_740nm_3057mW_u1_poc0p25_20x0p75NA_535s50_g70_z1_256pix_basicFLIM_120f_0010,fitet-sz-c3-b5,3,"a1, a2, a3, chi2, photons, tau1, tau2, tau3"
3_KPCWTglu20min_740nm_3057mW_u1_poc0p25_20x0p75NA_535s50_g70_z1_256pix_basicFLIM_120f_0011.sdt,20260522_KPC_fixed_dishes_SLIM::fitet-sf-c2-b3::3_KPCWTglu20min_740nm_3057mW_u1_poc0p25_20x0p75NA_535s50_g70_z1_256pix_basicFLIM_120f_0011,fitet-sf-c2-b3,2,"a1, a2, chi2, photons, tau1, tau2"
3_KPCWTglu20min_740nm_3057mW_u1_poc0p25_20x0p75NA_535s50_g70_z1_256pix_basicFLIM_120f_0011.sdt,20260522_KPC_fixed_dishes_SLIM::fitet-sf-c3-b5::3_KPCWTglu20min_740nm_3057mW_u1_poc0p25_20x0p75NA_535s50_g70_z1_256pix_basicFLIM_120f_0011,fitet-sf-c3-b5,3,"a1, a2, a3, chi2, photons, tau1, tau2, tau3"
3_KPCWTglu20min_740nm_3057mW_u1_poc0p25_20x0p75NA_535s50_g70_z1_256pix_basicFLIM_120f_0011.sdt,20260522_KPC_fixed_dishes_SLIM::fitet-sz-c2-b3::3_KPCWTglu20min_740nm_3057mW_u1_poc0p25_20x0p75NA_535s50_g70_z1_256pix_basicFLIM_120f_0011,fitet-sz-c2-b3,3,"a1, a2, a3, chi2, photons, tau1, tau2, tau3"
3_KPCWTglu20min_740nm_3057mW_u1_poc0p25_20x0p75NA_535s50_g70_z1_256pix_basicFLIM_120f_0011.sdt,20260522_KPC_fixed_dishes_SLIM::fitet-sz-c3-b5::3_KPCWTglu20min_740nm_3057mW_u1_poc0p25_20x0p75NA_535s50_g70_z1_256pix_basicFLIM_120f_0011,fitet-sz-c3-b5,3,"a1, a2, a3, chi2, photons, tau1, tau2, tau3"
3_KPCWTglu20min_740nm_3057mW_u1_poc0p25_20x0p75NA_535s50_g70_z1_256pix_basicFLIM_120f_0012.sdt,20260522_KPC_fixed_dishes_SLIM::fitet-sf-c2-b3::3_KPCWTglu20min_740nm_3057mW_u1_poc0p25_20x0p75NA_535s50_g70_z1_256pix_basicFLIM_120f_0012,fitet-sf-c2-b3,2,"a1, a2, chi2, photons, tau1, tau2"
3_KPCWTglu20min_740nm_3057mW_u1_poc0p25_20x0p75NA_535s50_g70_z1_256pix_basicFLIM_120f_0012.sdt,20260522_KPC_fixed_dishes_SLIM::fitet-sf-c3-b5::3_KPCWTglu20min_740nm_3057mW_u1_poc0p25_20x0p75NA_535s50_g70_z1_256pix_basicFLIM_120f_0012,fitet-sf-c3-b5,3,"a1, a2, a3, chi2, photons, tau1, tau2, tau3"
3_KPCWTglu20min_740nm_3057mW_u1_poc0p25_20x0p75NA_535s50_g70_z1_256pix_basicFLIM_120f_0012.sdt,20260522_KPC_fixed_dishes_SLIM::fitet-sz-c2-b3::3_KPCWTglu20min_740nm_3057mW_u1_poc0p25_20x0p75NA_535s50_g70_z1_256pix_basicFLIM_120f_0012,fitet-sz-c2-b3,3,"a1, a2, a3, chi2, photons, tau1, tau2, tau3"
3_KPCWTglu20min_740nm_3057mW_u1_poc0p25_20x0p75NA_535s50_g70_z1_256pix_basicFLIM_120f_0012.sdt,20260522_KPC_fixed_dishes_SLIM::fitet-sz-c3-b5::3_KPCWTglu20min_740nm_3057mW_u1_poc0p25_20x0p75NA_535s50_g70_z1_256pix_basicFLIM_120f_0012,fitet-sz-c3-b5,3,"a1, a2, a3, chi2, photons, tau1, tau2, tau3"
3_KPCWTglu20min_740nm_3057mW_u1_poc0p25_20x0p75NA_535s50_g70_z1_256pix_basicFLIM_120f_0013.sdt,20260522_KPC_fixed_dishes_SLIM::fitet-sf-c2-b3::3_KPCWTglu20min_740nm_3057mW_u1_poc0p25_20x0p75NA_535s50_g70_z1_256pix_basicFLIM_120f_0013,fitet-sf-c2-b3,2,"a1, a2, chi2, photons, tau1, tau2"
3_KPCWTglu20min_740nm_3057mW_u1_poc0p25_20x0p75NA_535s50_g70_z1_256pix_basicFLIM_120f_0013.sdt,20260522_KPC_fixed_dishes_SLIM::fitet-sf-c3-b5::3_KPCWTglu20min_740nm_3057mW_u1_poc0p25_20x0p75NA_535s50_g70_z1_256pix_basicFLIM_120f_0013,fitet-sf-c3-b5,3,"a1, a2, a3, chi2, photons, tau1, tau2, tau3"
3_KPCWTglu20min_740nm_3057mW_u1_poc0p25_20x0p75NA_535s50_g70_z1_256pix_basicFLIM_120f_0013.sdt,20260522_KPC_fixed_dishes_SLIM::fitet-sz-c2-b3::3_KPCWTglu20min_740nm_3057mW_u1_poc0p25_20x0p75NA_535s50_g70_z1_256pix_basicFLIM_120f_0013,fitet-sz-c2-b3,3,"a1, a2, a3, chi2, photons, tau1, tau2, tau3"
3_KPCWTglu20min_740nm_3057mW_u1_poc0p25_20x0p75NA_535s50_g70_z1_256pix_basicFLIM_120f_0013.sdt,20260522_KPC_fixed_dishes_SLIM::fitet-sz-c3-b5::3_KPCWTglu20min_740nm_3057mW_u1_poc0p25_20x0p75NA_535s50_g70_z1_256pix_basicFLIM_120f_0013,fitet-sz-c3-b5,3,"a1, a2, a3, chi2, photons, tau1, tau2, tau3"
3_KPCWTglu20min_740nm_3057mW_u1_poc0p25_20x0p75NA_535s50_g70_z1_256pix_basicFLIM_120f_0014.sdt,20260522_KPC_fixed_dishes_SLIM::fitet-sf-c2-b3::3_KPCWTglu20min_740nm_3057mW_u1_poc0p25_20x0p75NA_535s50_g70_z1_256pix_basicFLIM_120f_0014,fitet-sf-c2-b3,2,"a1, a2, chi2, photons, tau1, tau2"
3_KPCWTglu20min_740nm_3057mW_u1_poc0p25_20x0p75NA_535s50_g70_z1_256pix_basicFLIM_120f_0014.sdt,20260522_KPC_fixed_dishes_SLIM::fitet-sf-c3-b5::3_KPCWTglu20min_740nm_3057mW_u1_poc0p25_20x0p75NA_535s50_g70_z1_256pix_basicFLIM_120f_0014,fitet-sf-c3-b5,3,"a1, a2, a3, chi2, photons, tau1, tau2, tau3"
3_KPCWTglu20min_740nm_3057mW_u1_poc0p25_20x0p75NA_535s50_g70_z1_256pix_basicFLIM_120f_0014.sdt,20260522_KPC_fixed_dishes_SLIM::fitet-sz-c2-b3::3_KPCWTglu20min_740nm_3057mW_u1_poc0p25_20x0p75NA_535s50_g70_z1_256pix_basicFLIM_120f_0014,fitet-sz-c2-b3,3,"a1, a2, a3, chi2, photons, tau1, tau2, tau3"
3_KPCWTglu20min_740nm_3057mW_u1_poc0p25_20x0p75NA_535s50_g70_z1_256pix_basicFLIM_120f_0014.sdt,20260522_KPC_fixed_dishes_SLIM::fitet-sz-c3-b5::3_KPCWTglu20min_740nm_3057mW_u1_poc0p25_20x0p75NA_535s50_g70_z1_256pix_basicFLIM_120f_0014,fitet-sz-c3-b5,3,"a1, a2, a3, chi2, photons, tau1, tau2, tau3"
4_BKOCO2glu20min_740nm_3053mW_u1_poc0p25_20x0p75NA_457s50_g70_z1_256pix_basicFLIM_120f_0000.sdt,20260522_KPC_fixed_dishes_SLIM::fitet-sf-c2-b3::4_BKOCO2glu20min_740nm_3053mW_u1_poc0p25_20x0p75NA_457s50_g70_z1_256pix_basicFLIM_120f_0000,fitet-sf-c2-b3,2,"a1, a2, chi2, photons, tau1, tau2"
4_BKOCO2glu20min_740nm_3053mW_u1_poc0p25_20x0p75NA_457s50_g70_z1_256pix_basicFLIM_120f_0000.sdt,20260522_KPC_fixed_dishes_SLIM::fitet-sf-c3-b5::4_BKOCO2glu20min_740nm_3053mW_u1_poc0p25_20x0p75NA_457s50_g70_z1_256pix_basicFLIM_120f_0000,fitet-sf-c3-b5,3,"a1, a2, a3, chi2, photons, tau1, tau2, tau3"
4_BKOCO2glu20min_740nm_3053mW_u1_poc0p25_20x0p75NA_457s50_g70_z1_256pix_basicFLIM_120f_0000.sdt,20260522_KPC_fixed_dishes_SLIM::fitet-sz-c2-b3::4_BKOCO2glu20min_740nm_3053mW_u1_poc0p25_20x0p75NA_457s50_g70_z1_256pix_basicFLIM_120f_0000,fitet-sz-c2-b3,3,"a1, a2, a3, chi2, photons, tau1, tau2, tau3"
4_BKOCO2glu20min_740nm_3053mW_u1_poc0p25_20x0p75NA_457s50_g70_z1_256pix_basicFLIM_120f_0000.sdt,20260522_KPC_fixed_dishes_SLIM::fitet-sz-c3-b5::4_BKOCO2glu20min_740nm_3053mW_u1_poc0p25_20x0p75NA_457s50_g70_z1_256pix_basicFLIM_120f_0000,fitet-sz-c3-b5,3,"a1, a2, a3, chi2, photons, tau1, tau2, tau3"
4_BKOCO2glu20min_740nm_3053mW_u1_poc0p25_20x0p75NA_457s50_g70_z1_256pix_basicFLIM_120f_0001.sdt,20260522_KPC_fixed_dishes_SLIM::fitet-sf-c2-b3::4_BKOCO2glu20min_740nm_3053mW_u1_poc0p25_20x0p75NA_457s50_g70_z1_256pix_basicFLIM_120f_0001,fitet-sf-c2-b3,2,"a1, a2, chi2, photons, tau1, tau2"
4_BKOCO2glu20min_740nm_3053mW_u1_poc0p25_20x0p75NA_457s50_g70_z1_256pix_basicFLIM_120f_0001.sdt,20260522_KPC_fixed_dishes_SLIM::fitet-sf-c3-b5::4_BKOCO2glu20min_740nm_3053mW_u1_poc0p25_20x0p75NA_457s50_g70_z1_256pix_basicFLIM_120f_0001,fitet-sf-c3-b5,3,"a1, a2, a3, chi2, photons, tau1, tau2, tau3"
4_BKOCO2glu20min_740nm_3053mW_u1_poc0p25_20x0p75NA_457s50_g70_z1_256pix_basicFLIM_120f_0001.sdt,20260522_KPC_fixed_dishes_SLIM::fitet-sz-c2-b3::4_BKOCO2glu20min_740nm_3053mW_u1_poc0p25_20x0p75NA_457s50_g70_z1_256pix_basicFLIM_120f_0001,fitet-sz-c2-b3,3,"a1, a2, a3, chi2, photons, tau1, tau2, tau3"
4_BKOCO2glu20min_740nm_3053mW_u1_poc0p25_20x0p75NA_457s50_g70_z1_256pix_basicFLIM_120f_0001.sdt,20260522_KPC_fixed_dishes_SLIM::fitet-sz-c3-b5::4_BKOCO2glu20min_740nm_3053mW_u1_poc0p25_20x0p75NA_457s50_g70_z1_256pix_basicFLIM_120f_0001,fitet-sz-c3-b5,3,"a1, a2, a3, chi2, photons, tau1, tau2, tau3"
4_BKOCO2glu20min_740nm_3053mW_u1_poc0p25_20x0p75NA_457s50_g70_z1_256pix_basicFLIM_120f_0002.sdt,20260522_KPC_fixed_dishes_SLIM::fitet-sf-c2-b3::4_BKOCO2glu20min_740nm_3053mW_u1_poc0p25_20x0p75NA_457s50_g70_z1_256pix_basicFLIM_120f_0002,fitet-sf-c2-b3,2,"a1, a2, chi2, photons, tau1, tau2"
4_BKOCO2glu20min_740nm_3053mW_u1_poc0p25_20x0p75NA_457s50_g70_z1_256pix_basicFLIM_120f_0002.sdt,20260522_KPC_fixed_dishes_SLIM::fitet-sf-c3-b5::4_BKOCO2glu20min_740nm_3053mW_u1_poc0p25_20x0p75NA_457s50_g70_z1_256pix_basicFLIM_120f_0002,fitet-sf-c3-b5,3,"a1, a2, a3, chi2, photons, tau1, tau2, tau3"
4_BKOCO2glu20min_740nm_3053mW_u1_poc0p25_20x0p75NA_457s50_g70_z1_256pix_basicFLIM_120f_0002.sdt,20260522_KPC_fixed_dishes_SLIM::fitet-sz-c2-b3::4_BKOCO2glu20min_740nm_3053mW_u1_poc0p25_20x0p75NA_457s50_g70_z1_256pix_basicFLIM_120f_0002,fitet-sz-c2-b3,3,"a1, a2, a3, chi2, photons, tau1, tau2, tau3"
4_BKOCO2glu20min_740nm_3053mW_u1_poc0p25_20x0p75NA_457s50_g70_z1_256pix_basicFLIM_120f_0002.sdt,20260522_KPC_fixed_dishes_SLIM::fitet-sz-c3-b5::4_BKOCO2glu20min_740nm_3053mW_u1_poc0p25_20x0p75NA_457s50_g70_z1_256pix_basicFLIM_120f_0002,fitet-sz-c3-b5,3,"a1, a2, a3, chi2, photons, tau1, tau2, tau3"
4_BKOCO2glu20min_740nm_3053mW_u1_poc0p25_20x0p75NA_457s50_g70_z1_256pix_basicFLIM_120f_0003.sdt,20260522_KPC_fixed_dishes_SLIM::fitet-sf-c2-b3::4_BKOCO2glu20min_740nm_3053mW_u1_poc0p25_20x0p75NA_457s50_g70_z1_256pix_basicFLIM_120f_0003,fitet-sf-c2-b3,2,"a1, a2, chi2, photons, tau1, tau2"
4_BKOCO2glu20min_740nm_3053mW_u1_poc0p25_20x0p75NA_457s50_g70_z1_256pix_basicFLIM_120f_0003.sdt,20260522_KPC_fixed_dishes_SLIM::fitet-sf-c3-b5::4_BKOCO2glu20min_740nm_3053mW_u1_poc0p25_20x0p75NA_457s50_g70_z1_256pix_basicFLIM_120f_0003,fitet-sf-c3-b5,3,"a1, a2, a3, chi2, photons, tau1, tau2, tau3"
4_BKOCO2glu20min_740nm_3053mW_u1_poc0p25_20x0p75NA_457s50_g70_z1_256pix_basicFLIM_120f_0003.sdt,20260522_KPC_fixed_dishes_SLIM::fitet-sz-c2-b3::4_BKOCO2glu20min_740nm_3053mW_u1_poc0p25_20x0p75NA_457s50_g70_z1_256pix_basicFLIM_120f_0003,fitet-sz-c2-b3,3,"a1, a2, a3, chi2, photons, tau1, tau2, tau3"
4_BKOCO2glu20min_740nm_3053mW_u1_poc0p25_20x0p75NA_457s50_g70_z1_256pix_basicFLIM_120f_0003.sdt,20260522_KPC_fixed_dishes_SLIM::fitet-sz-c3-b5::4_BKOCO2glu20min_740nm_3053mW_u1_poc0p25_20x0p75NA_457s50_g70_z1_256pix_basicFLIM_120f_0003,fitet-sz-c3-b5,3,"a1, a2, a3, chi2, photons, tau1, tau2, tau3"
4_BKOCO2glu20min_740nm_3053mW_u1_poc0p25_20x0p75NA_457s50_g70_z1_256pix_basicFLIM_120f_0004.sdt,20260522_KPC_fixed_dishes_SLIM::fitet-sf-c2-b3::4_BKOCO2glu20min_740nm_3053mW_u1_poc0p25_20x0p75NA_457s50_g70_z1_256pix_basicFLIM_120f_0004,fitet-sf-c2-b3,2,"a1, a2, chi2, photons, tau1, tau2"
4_BKOCO2glu20min_740nm_3053mW_u1_poc0p25_20x0p75NA_457s50_g70_z1_256pix_basicFLIM_120f_0004.sdt,20260522_KPC_fixed_dishes_SLIM::fitet-sf-c3-b5::4_BKOCO2glu20min_740nm_3053mW_u1_poc0p25_20x0p75NA_457s50_g70_z1_256pix_basicFLIM_120f_0004,fitet-sf-c3-b5,3,"a1, a2, a3, chi2, photons, tau1, tau2, tau3"
4_BKOCO2glu20min_740nm_3053mW_u1_poc0p25_20x0p75NA_457s50_g70_z1_256pix_basicFLIM_120f_0004.sdt,20260522_KPC_fixed_dishes_SLIM::fitet-sz-c2-b3::4_BKOCO2glu20min_740nm_3053mW_u1_poc0p25_20x0p75NA_457s50_g70_z1_256pix_basicFLIM_120f_0004,fitet-sz-c2-b3,3,"a1, a2, a3, chi2, photons, tau1, tau2, tau3"
4_BKOCO2glu20min_740nm_3053mW_u1_poc0p25_20x0p75NA_457s50_g70_z1_256pix_basicFLIM_120f_0004.sdt,20260522_KPC_fixed_dishes_SLIM::fitet-sz-c3-b5::4_BKOCO2glu20min_740nm_3053mW_u1_poc0p25_20x0p75NA_457s50_g70_z1_256pix_basicFLIM_120f_0004,fitet-sz-c3-b5,3,"a1, a2, a3, chi2, photons, tau1, tau2, tau3"
4_BKOCO2glu20min_740nm_3053mW_u1_poc0p25_20x0p75NA_457s50_g70_z1_256pix_basicFLIM_120f_0005.sdt,20260522_KPC_fixed_dishes_SLIM::fitet-sf-c2-b3::4_BKOCO2glu20min_740nm_3053mW_u1_poc0p25_20x0p75NA_457s50_g70_z1_256pix_basicFLIM_120f_0005,fitet-sf-c2-b3,2,"a1, a2, chi2, photons, tau1, tau2"
4_BKOCO2glu20min_740nm_3053mW_u1_poc0p25_20x0p75NA_457s50_g70_z1_256pix_basicFLIM_120f_0005.sdt,20260522_KPC_fixed_dishes_SLIM::fitet-sf-c3-b5::4_BKOCO2glu20min_740nm_3053mW_u1_poc0p25_20x0p75NA_457s50_g70_z1_256pix_basicFLIM_120f_0005,fitet-sf-c3-b5,3,"a1, a2, a3, chi2, photons, tau1, tau2, tau3"
4_BKOCO2glu20min_740nm_3053mW_u1_poc0p25_20x0p75NA_457s50_g70_z1_256pix_basicFLIM_120f_0005.sdt,20260522_KPC_fixed_dishes_SLIM::fitet-sz-c2-b3::4_BKOCO2glu20min_740nm_3053mW_u1_poc0p25_20x0p75NA_457s50_g70_z1_256pix_basicFLIM_120f_0005,fitet-sz-c2-b3,3,"a1, a2, a3, chi2, photons, tau1, tau2, tau3"
4_BKOCO2glu20min_740nm_3053mW_u1_poc0p25_20x0p75NA_457s50_g70_z1_256pix_basicFLIM_120f_0005.sdt,20260522_KPC_fixed_dishes_SLIM::fitet-sz-c3-b5::4_BKOCO2glu20min_740nm_3053mW_u1_poc0p25_20x0p75NA_457s50_g70_z1_256pix_basicFLIM_120f_0005,fitet-sz-c3-b5,3,"a1, a2, a3, chi2, photons, tau1, tau2, tau3"
4_BKOCO2glu20min_740nm_3053mW_u1_poc0p25_20x0p75NA_457s50_g70_z1_256pix_basicFLIM_120f_0006.sdt,20260522_KPC_fixed_dishes_SLIM::fitet-sf-c2-b3::4_BKOCO2glu20min_740nm_3053mW_u1_poc0p25_20x0p75NA_457s50_g70_z1_256pix_basicFLIM_120f_0006,fitet-sf-c2-b3,2,"a1, a2, chi2, photons, tau1, tau2"
4_BKOCO2glu20min_740nm_3053mW_u1_poc0p25_20x0p75NA_457s50_g70_z1_256pix_basicFLIM_120f_0006.sdt,20260522_KPC_fixed_dishes_SLIM::fitet-sf-c3-b5::4_BKOCO2glu20min_740nm_3053mW_u1_poc0p25_20x0p75NA_457s50_g70_z1_256pix_basicFLIM_120f_0006,fitet-sf-c3-b5,3,"a1, a2, a3, chi2, photons, tau1, tau2, tau3"
4_BKOCO2glu20min_740nm_3053mW_u1_poc0p25_20x0p75NA_457s50_g70_z1_256pix_basicFLIM_120f_0006.sdt,20260522_KPC_fixed_dishes_SLIM::fitet-sz-c2-b3::4_BKOCO2glu20min_740nm_3053mW_u1_poc0p25_20x0p75NA_457s50_g70_z1_256pix_basicFLIM_120f_0006,fitet-sz-c2-b3,3,"a1, a2, a3, chi2, photons, tau1, tau2, tau3"
4_BKOCO2glu20min_740nm_3053mW_u1_poc0p25_20x0p75NA_457s50_g70_z1_256pix_basicFLIM_120f_0006.sdt,20260522_KPC_fixed_dishes_SLIM::fitet-sz-c3-b5::4_BKOCO2glu20min_740nm_3053mW_u1_poc0p25_20x0p75NA_457s50_g70_z1_256pix_basicFLIM_120f_0006,fitet-sz-c3-b5,3,"a1, a2, a3, chi2, photons, tau1, tau2, tau3"
4_BKOCO2glu20min_740nm_3053mW_u1_poc0p25_20x0p75NA_457s50_g70_z1_256pix_basicFLIM_120f_0007.sdt,20260522_KPC_fixed_dishes_SLIM::fitet-sf-c2-b3::4_BKOCO2glu20min_740nm_3053mW_u1_poc0p25_20x0p75NA_457s50_g70_z1_256pix_basicFLIM_120f_0007,fitet-sf-c2-b3,2,"a1, a2, chi2, photons, tau1, tau2"
4_BKOCO2glu20min_740nm_3053mW_u1_poc0p25_20x0p75NA_457s50_g70_z1_256pix_basicFLIM_120f_0007.sdt,20260522_KPC_fixed_dishes_SLIM::fitet-sf-c3-b5::4_BKOCO2glu20min_740nm_3053mW_u1_poc0p25_20x0p75NA_457s50_g70_z1_256pix_basicFLIM_120f_0007,fitet-sf-c3-b5,3,"a1, a2, a3, chi2, photons, tau1, tau2, tau3"
4_BKOCO2glu20min_740nm_3053mW_u1_poc0p25_20x0p75NA_457s50_g70_z1_256pix_basicFLIM_120f_0007.sdt,20260522_KPC_fixed_dishes_SLIM::fitet-sz-c2-b3::4_BKOCO2glu20min_740nm_3053mW_u1_poc0p25_20x0p75NA_457s50_g70_z1_256pix_basicFLIM_120f_0007,fitet-sz-c2-b3,3,"a1, a2, a3, chi2, photons, tau1, tau2, tau3"
4_BKOCO2glu20min_740nm_3053mW_u1_poc0p25_20x0p75NA_457s50_g70_z1_256pix_basicFLIM_120f_0007.sdt,20260522_KPC_fixed_dishes_SLIM::fitet-sz-c3-b5::4_BKOCO2glu20min_740nm_3053mW_u1_poc0p25_20x0p75NA_457s50_g70_z1_256pix_basicFLIM_120f_0007,fitet-sz-c3-b5,3,"a1, a2, a3, chi2, photons, tau1, tau2, tau3"
4_BKOCO2glu20min_740nm_3053mW_u1_poc0p25_20x0p75NA_457s50_g70_z1_256pix_basicFLIM_120f_0008.sdt,20260522_KPC_fixed_dishes_SLIM::fitet-sf-c2-b3::4_BKOCO2glu20min_740nm_3053mW_u1_poc0p25_20x0p75NA_457s50_g70_z1_256pix_basicFLIM_120f_0008,fitet-sf-c2-b3,2,"a1, a2, chi2, photons, tau1, tau2"
4_BKOCO2glu20min_740nm_3053mW_u1_poc0p25_20x0p75NA_457s50_g70_z1_256pix_basicFLIM_120f_0008.sdt,20260522_KPC_fixed_dishes_SLIM::fitet-sf-c3-b5::4_BKOCO2glu20min_740nm_3053mW_u1_poc0p25_20x0p75NA_457s50_g70_z1_256pix_basicFLIM_120f_0008,fitet-sf-c3-b5,3,"a1, a2, a3, chi2, photons, tau1, tau2, tau3"
4_BKOCO2glu20min_740nm_3053mW_u1_poc0p25_20x0p75NA_457s50_g70_z1_256pix_basicFLIM_120f_0008.sdt,20260522_KPC_fixed_dishes_SLIM::fitet-sz-c2-b3::4_BKOCO2glu20min_740nm_3053mW_u1_poc0p25_20x0p75NA_457s50_g70_z1_256pix_basicFLIM_120f_0008,fitet-sz-c2-b3,3,"a1, a2, a3, chi2, photons, tau1, tau2, tau3"
4_BKOCO2glu20min_740nm_3053mW_u1_poc0p25_20x0p75NA_457s50_g70_z1_256pix_basicFLIM_120f_0008.sdt,20260522_KPC_fixed_dishes_SLIM::fitet-sz-c3-b5::4_BKOCO2glu20min_740nm_3053mW_u1_poc0p25_20x0p75NA_457s50_g70_z1_256pix_basicFLIM_120f_0008,fitet-sz-c3-b5,3,"a1, a2, a3, chi2, photons, tau1, tau2, tau3"
4_BKOCO2glu20min_740nm_3053mW_u1_poc0p25_20x0p75NA_457s50_g70_z1_256pix_basicFLIM_120f_0009.sdt,20260522_KPC_fixed_dishes_SLIM::fitet-sf-c2-b3::4_BKOCO2glu20min_740nm_3053mW_u1_poc0p25_20x0p75NA_457s50_g70_z1_256pix_basicFLIM_120f_0009,fitet-sf-c2-b3,2,"a1, a2, chi2, photons, tau1, tau2"
4_BKOCO2glu20min_740nm_3053mW_u1_poc0p25_20x0p75NA_457s50_g70_z1_256pix_basicFLIM_120f_0009.sdt,20260522_KPC_fixed_dishes_SLIM::fitet-sf-c3-b5::4_BKOCO2glu20min_740nm_3053mW_u1_poc0p25_20x0p75NA_457s50_g70_z1_256pix_basicFLIM_120f_0009,fitet-sf-c3-b5,3,"a1, a2, a3, chi2, photons, tau1, tau2, tau3"
4_BKOCO2glu20min_740nm_3053mW_u1_poc0p25_20x0p75NA_457s50_g70_z1_256pix_basicFLIM_120f_0009.sdt,20260522_KPC_fixed_dishes_SLIM::fitet-sz-c2-b3::4_BKOCO2glu20min_740nm_3053mW_u1_poc0p25_20x0p75NA_457s50_g70_z1_256pix_basicFLIM_120f_0009,fitet-sz-c2-b3,3,"a1, a2, a3, chi2, photons, tau1, tau2, tau3"
4_BKOCO2glu20min_740nm_3053mW_u1_poc0p25_20x0p75NA_457s50_g70_z1_256pix_basicFLIM_120f_0009.sdt,20260522_KPC_fixed_dishes_SLIM::fitet-sz-c3-b5::4_BKOCO2glu20min_740nm_3053mW_u1_poc0p25_20x0p75NA_457s50_g70_z1_256pix_basicFLIM_120f_0009,fitet-sz-c3-b5,3,"a1, a2, a3, chi2, photons, tau1, tau2, tau3"
4_BKOCO2glu20min_740nm_3053mW_u1_poc0p25_20x0p75NA_457s50_g70_z1_256pix_basicFLIM_120f_0010.sdt,20260522_KPC_fixed_dishes_SLIM::fitet-sf-c2-b3::4_BKOCO2glu20min_740nm_3053mW_u1_poc0p25_20x0p75NA_457s50_g70_z1_256pix_basicFLIM_120f_0010,fitet-sf-c2-b3,2,"a1, a2, chi2, photons, tau1, tau2"
4_BKOCO2glu20min_740nm_3053mW_u1_poc0p25_20x0p75NA_457s50_g70_z1_256pix_basicFLIM_120f_0010.sdt,20260522_KPC_fixed_dishes_SLIM::fitet-sf-c3-b5::4_BKOCO2glu20min_740nm_3053mW_u1_poc0p25_20x0p75NA_457s50_g70_z1_256pix_basicFLIM_120f_0010,fitet-sf-c3-b5,3,"a1, a2, a3, chi2, photons, tau1, tau2, tau3"
4_BKOCO2glu20min_740nm_3053mW_u1_poc0p25_20x0p75NA_457s50_g70_z1_256pix_basicFLIM_120f_0010.sdt,20260522_KPC_fixed_dishes_SLIM::fitet-sz-c2-b3::4_BKOCO2glu20min_740nm_3053mW_u1_poc0p25_20x0p75NA_457s50_g70_z1_256pix_basicFLIM_120f_0010,fitet-sz-c2-b3,3,"a1, a2, a3, chi2, photons, tau1, tau2, tau3"
4_BKOCO2glu20min_740nm_3053mW_u1_poc0p25_20x0p75NA_457s50_g70_z1_256pix_basicFLIM_120f_0010.sdt,20260522_KPC_fixed_dishes_SLIM::fitet-sz-c3-b5::4_BKOCO2glu20min_740nm_3053mW_u1_poc0p25_20x0p75NA_457s50_g70_z1_256pix_basicFLIM_120f_0010,fitet-sz-c3-b5,3,"a1, a2, a3, chi2, photons, tau1, tau2, tau3"
4_BKOCO2glu20min_740nm_3053mW_u1_poc0p25_20x0p75NA_457s50_g70_z1_256pix_basicFLIM_120f_0011.sdt,20260522_KPC_fixed_dishes_SLIM::fitet-sf-c2-b3::4_BKOCO2glu20min_740nm_3053mW_u1_poc0p25_20x0p75NA_457s50_g70_z1_256pix_basicFLIM_120f_0011,fitet-sf-c2-b3,2,"a1, a2, chi2, photons, tau1, tau2"
4_BKOCO2glu20min_740nm_3053mW_u1_poc0p25_20x0p75NA_457s50_g70_z1_256pix_basicFLIM_120f_0011.sdt,20260522_KPC_fixed_dishes_SLIM::fitet-sf-c3-b5::4_BKOCO2glu20min_740nm_3053mW_u1_poc0p25_20x0p75NA_457s50_g70_z1_256pix_basicFLIM_120f_0011,fitet-sf-c3-b5,3,"a1, a2, a3, chi2, photons, tau1, tau2, tau3"
4_BKOCO2glu20min_740nm_3053mW_u1_poc0p25_20x0p75NA_457s50_g70_z1_256pix_basicFLIM_120f_0011.sdt,20260522_KPC_fixed_dishes_SLIM::fitet-sz-c2-b3::4_BKOCO2glu20min_740nm_3053mW_u1_poc0p25_20x0p75NA_457s50_g70_z1_256pix_basicFLIM_120f_0011,fitet-sz-c2-b3,3,"a1, a2, a3, chi2, photons, tau1, tau2, tau3"
4_BKOCO2glu20min_740nm_3053mW_u1_poc0p25_20x0p75NA_457s50_g70_z1_256pix_basicFLIM_120f_0011.sdt,20260522_KPC_fixed_dishes_SLIM::fitet-sz-c3-b5::4_BKOCO2glu20min_740nm_3053mW_u1_poc0p25_20x0p75NA_457s50_g70_z1_256pix_basicFLIM_120f_0011,fitet-sz-c3-b5,3,"a1, a2, a3, chi2, photons, tau1, tau2, tau3"
4_BKOCO2glu20min_740nm_3053mW_u1_poc0p25_20x0p75NA_457s50_g70_z1_256pix_basicFLIM_120f_0012.sdt,20260522_KPC_fixed_dishes_SLIM::fitet-sf-c2-b3::4_BKOCO2glu20min_740nm_3053mW_u1_poc0p25_20x0p75NA_457s50_g70_z1_256pix_basicFLIM_120f_0012,fitet-sf-c2-b3,2,"a1, a2, chi2, photons, tau1, tau2"
4_BKOCO2glu20min_740nm_3053mW_u1_poc0p25_20x0p75NA_457s50_g70_z1_256pix_basicFLIM_120f_0012.sdt,20260522_KPC_fixed_dishes_SLIM::fitet-sf-c3-b5::4_BKOCO2glu20min_740nm_3053mW_u1_poc0p25_20x0p75NA_457s50_g70_z1_256pix_basicFLIM_120f_0012,fitet-sf-c3-b5,3,"a1, a2, a3, chi2, photons, tau1, tau2, tau3"
4_BKOCO2glu20min_740nm_3053mW_u1_poc0p25_20x0p75NA_457s50_g70_z1_256pix_basicFLIM_120f_0012.sdt,20260522_KPC_fixed_dishes_SLIM::fitet-sz-c2-b3::4_BKOCO2glu20min_740nm_3053mW_u1_poc0p25_20x0p75NA_457s50_g70_z1_256pix_basicFLIM_120f_0012,fitet-sz-c2-b3,3,"a1, a2, a3, chi2, photons, tau1, tau2, tau3"
4_BKOCO2glu20min_740nm_3053mW_u1_poc0p25_20x0p75NA_457s50_g70_z1_256pix_basicFLIM_120f_0012.sdt,20260522_KPC_fixed_dishes_SLIM::fitet-sz-c3-b5::4_BKOCO2glu20min_740nm_3053mW_u1_poc0p25_20x0p75NA_457s50_g70_z1_256pix_basicFLIM_120f_0012,fitet-sz-c3-b5,3,"a1, a2, a3, chi2, photons, tau1, tau2, tau3"
4_BKOCO2glu20min_740nm_3053mW_u1_poc0p25_20x0p75NA_535s50_g70_z1_256pix_basicFLIM_120f_0000.sdt,20260522_KPC_fixed_dishes_SLIM::fitet-sf-c2-b3::4_BKOCO2glu20min_740nm_3053mW_u1_poc0p25_20x0p75NA_535s50_g70_z1_256pix_basicFLIM_120f_0000,fitet-sf-c2-b3,2,"a1, a2, chi2, photons, tau1, tau2"
4_BKOCO2glu20min_740nm_3053mW_u1_poc0p25_20x0p75NA_535s50_g70_z1_256pix_basicFLIM_120f_0000.sdt,20260522_KPC_fixed_dishes_SLIM::fitet-sf-c3-b5::4_BKOCO2glu20min_740nm_3053mW_u1_poc0p25_20x0p75NA_535s50_g70_z1_256pix_basicFLIM_120f_0000,fitet-sf-c3-b5,3,"a1, a2, a3, chi2, photons, tau1, tau2, tau3"
4_BKOCO2glu20min_740nm_3053mW_u1_poc0p25_20x0p75NA_535s50_g70_z1_256pix_basicFLIM_120f_0000.sdt,20260522_KPC_fixed_dishes_SLIM::fitet-sz-c2-b3::4_BKOCO2glu20min_740nm_3053mW_u1_poc0p25_20x0p75NA_535s50_g70_z1_256pix_basicFLIM_120f_0000,fitet-sz-c2-b3,3,"a1, a2, a3, chi2, photons, tau1, tau2, tau3"
4_BKOCO2glu20min_740nm_3053mW_u1_poc0p25_20x0p75NA_535s50_g70_z1_256pix_basicFLIM_120f_0000.sdt,20260522_KPC_fixed_dishes_SLIM::fitet-sz-c3-b5::4_BKOCO2glu20min_740nm_3053mW_u1_poc0p25_20x0p75NA_535s50_g70_z1_256pix_basicFLIM_120f_0000,fitet-sz-c3-b5,3,"a1, a2, a3, chi2, photons, tau1, tau2, tau3"
4_BKOCO2glu20min_740nm_3053mW_u1_poc0p25_20x0p75NA_535s50_g70_z1_256pix_basicFLIM_120f_0001.sdt,20260522_KPC_fixed_dishes_SLIM::fitet-sf-c2-b3::4_BKOCO2glu20min_740nm_3053mW_u1_poc0p25_20x0p75NA_535s50_g70_z1_256pix_basicFLIM_120f_0001,fitet-sf-c2-b3,2,"a1, a2, chi2, photons, tau1, tau2"
4_BKOCO2glu20min_740nm_3053mW_u1_poc0p25_20x0p75NA_535s50_g70_z1_256pix_basicFLIM_120f_0001.sdt,20260522_KPC_fixed_dishes_SLIM::fitet-sf-c3-b5::4_BKOCO2glu20min_740nm_3053mW_u1_poc0p25_20x0p75NA_535s50_g70_z1_256pix_basicFLIM_120f_0001,fitet-sf-c3-b5,3,"a1, a2, a3, chi2, photons, tau1, tau2, tau3"
4_BKOCO2glu20min_740nm_3053mW_u1_poc0p25_20x0p75NA_535s50_g70_z1_256pix_basicFLIM_120f_0001.sdt,20260522_KPC_fixed_dishes_SLIM::fitet-sz-c2-b3::4_BKOCO2glu20min_740nm_3053mW_u1_poc0p25_20x0p75NA_535s50_g70_z1_256pix_basicFLIM_120f_0001,fitet-sz-c2-b3,3,"a1, a2, a3, chi2, photons, tau1, tau2, tau3"
4_BKOCO2glu20min_740nm_3053mW_u1_poc0p25_20x0p75NA_535s50_g70_z1_256pix_basicFLIM_120f_0001.sdt,20260522_KPC_fixed_dishes_SLIM::fitet-sz-c3-b5::4_BKOCO2glu20min_740nm_3053mW_u1_poc0p25_20x0p75NA_535s50_g70_z1_256pix_basicFLIM_120f_0001,fitet-sz-c3-b5,3,"a1, a2, a3, chi2, photons, tau1, tau2, tau3"
4_BKOCO2glu20min_740nm_3053mW_u1_poc0p25_20x0p75NA_535s50_g70_z1_256pix_basicFLIM_120f_0002.sdt,20260522_KPC_fixed_dishes_SLIM::fitet-sf-c2-b3::4_BKOCO2glu20min_740nm_3053mW_u1_poc0p25_20x0p75NA_535s50_g70_z1_256pix_basicFLIM_120f_0002,fitet-sf-c2-b3,2,"a1, a2, chi2, photons, tau1, tau2"
4_BKOCO2glu20min_740nm_3053mW_u1_poc0p25_20x0p75NA_535s50_g70_z1_256pix_basicFLIM_120f_0002.sdt,20260522_KPC_fixed_dishes_SLIM::fitet-sf-c3-b5::4_BKOCO2glu20min_740nm_3053mW_u1_poc0p25_20x0p75NA_535s50_g70_z1_256pix_basicFLIM_120f_0002,fitet-sf-c3-b5,3,"a1, a2, a3, chi2, photons, tau1, tau2, tau3"
4_BKOCO2glu20min_740nm_3053mW_u1_poc0p25_20x0p75NA_535s50_g70_z1_256pix_basicFLIM_120f_0002.sdt,20260522_KPC_fixed_dishes_SLIM::fitet-sz-c2-b3::4_BKOCO2glu20min_740nm_3053mW_u1_poc0p25_20x0p75NA_535s50_g70_z1_256pix_basicFLIM_120f_0002,fitet-sz-c2-b3,3,"a1, a2, a3, chi2, photons, tau1, tau2, tau3"
4_BKOCO2glu20min_740nm_3053mW_u1_poc0p25_20x0p75NA_535s50_g70_z1_256pix_basicFLIM_120f_0002.sdt,20260522_KPC_fixed_dishes_SLIM::fitet-sz-c3-b5::4_BKOCO2glu20min_740nm_3053mW_u1_poc0p25_20x0p75NA_535s50_g70_z1_256pix_basicFLIM_120f_0002,fitet-sz-c3-b5,3,"a1, a2, a3, chi2, photons, tau1, tau2, tau3"
4_BKOCO2glu20min_740nm_3053mW_u1_poc0p25_20x0p75NA_535s50_g70_z1_256pix_basicFLIM_120f_0003.sdt,20260522_KPC_fixed_dishes_SLIM::fitet-sf-c2-b3::4_BKOCO2glu20min_740nm_3053mW_u1_poc0p25_20x0p75NA_535s50_g70_z1_256pix_basicFLIM_120f_0003,fitet-sf-c2-b3,2,"a1, a2, chi2, photons, tau1, tau2"
4_BKOCO2glu20min_740nm_3053mW_u1_poc0p25_20x0p75NA_535s50_g70_z1_256pix_basicFLIM_120f_0003.sdt,20260522_KPC_fixed_dishes_SLIM::fitet-sf-c3-b5::4_BKOCO2glu20min_740nm_3053mW_u1_poc0p25_20x0p75NA_535s50_g70_z1_256pix_basicFLIM_120f_0003,fitet-sf-c3-b5,3,"a1, a2, a3, chi2, photons, tau1, tau2, tau3"
4_BKOCO2glu20min_740nm_3053mW_u1_poc0p25_20x0p75NA_535s50_g70_z1_256pix_basicFLIM_120f_0003.sdt,20260522_KPC_fixed_dishes_SLIM::fitet-sz-c2-b3::4_BKOCO2glu20min_740nm_3053mW_u1_poc0p25_20x0p75NA_535s50_g70_z1_256pix_basicFLIM_120f_0003,fitet-sz-c2-b3,3,"a1, a2, a3, chi2, photons, tau1, tau2, tau3"
4_BKOCO2glu20min_740nm_3053mW_u1_poc0p25_20x0p75NA_535s50_g70_z1_256pix_basicFLIM_120f_0003.sdt,20260522_KPC_fixed_dishes_SLIM::fitet-sz-c3-b5::4_BKOCO2glu20min_740nm_3053mW_u1_poc0p25_20x0p75NA_535s50_g70_z1_256pix_basicFLIM_120f_0003,fitet-sz-c3-b5,3,"a1, a2, a3, chi2, photons, tau1, tau2, tau3"
4_BKOCO2glu20min_740nm_3053mW_u1_poc0p25_20x0p75NA_535s50_g70_z1_256pix_basicFLIM_120f_0004.sdt,20260522_KPC_fixed_dishes_SLIM::fitet-sf-c2-b3::4_BKOCO2glu20min_740nm_3053mW_u1_poc0p25_20x0p75NA_535s50_g70_z1_256pix_basicFLIM_120f_0004,fitet-sf-c2-b3,2,"a1, a2, chi2, photons, tau1, tau2"
4_BKOCO2glu20min_740nm_3053mW_u1_poc0p25_20x0p75NA_535s50_g70_z1_256pix_basicFLIM_120f_0004.sdt,20260522_KPC_fixed_dishes_SLIM::fitet-sf-c3-b5::4_BKOCO2glu20min_740nm_3053mW_u1_poc0p25_20x0p75NA_535s50_g70_z1_256pix_basicFLIM_120f_0004,fitet-sf-c3-b5,3,"a1, a2, a3, chi2, photons, tau1, tau2, tau3"
4_BKOCO2glu20min_740nm_3053mW_u1_poc0p25_20x0p75NA_535s50_g70_z1_256pix_basicFLIM_120f_0004.sdt,20260522_KPC_fixed_dishes_SLIM::fitet-sz-c2-b3::4_BKOCO2glu20min_740nm_3053mW_u1_poc0p25_20x0p75NA_535s50_g70_z1_256pix_basicFLIM_120f_0004,fitet-sz-c2-b3,3,"a1, a2, a3, chi2, photons, tau1, tau2, tau3"
4_BKOCO2glu20min_740nm_3053mW_u1_poc0p25_20x0p75NA_535s50_g70_z1_256pix_basicFLIM_120f_0004.sdt,20260522_KPC_fixed_dishes_SLIM::fitet-sz-c3-b5::4_BKOCO2glu20min_740nm_3053mW_u1_poc0p25_20x0p75NA_535s50_g70_z1_256pix_basicFLIM_120f_0004,fitet-sz-c3-b5,3,"a1, a2, a3, chi2, photons, tau1, tau2, tau3"
4_BKOCO2glu20min_740nm_3053mW_u1_poc0p25_20x0p75NA_535s50_g70_z1_256pix_basicFLIM_120f_0005.sdt,20260522_KPC_fixed_dishes_SLIM::fitet-sf-c2-b3::4_BKOCO2glu20min_740nm_3053mW_u1_poc0p25_20x0p75NA_535s50_g70_z1_256pix_basicFLIM_120f_0005,fitet-sf-c2-b3,2,"a1, a2, chi2, photons, tau1, tau2"
4_BKOCO2glu20min_740nm_3053mW_u1_poc0p25_20x0p75NA_535s50_g70_z1_256pix_basicFLIM_120f_0005.sdt,20260522_KPC_fixed_dishes_SLIM::fitet-sf-c3-b5::4_BKOCO2glu20min_740nm_3053mW_u1_poc0p25_20x0p75NA_535s50_g70_z1_256pix_basicFLIM_120f_0005,fitet-sf-c3-b5,3,"a1, a2, a3, chi2, photons, tau1, tau2, tau3"
4_BKOCO2glu20min_740nm_3053mW_u1_poc0p25_20x0p75NA_535s50_g70_z1_256pix_basicFLIM_120f_0005.sdt,20260522_KPC_fixed_dishes_SLIM::fitet-sz-c2-b3::4_BKOCO2glu20min_740nm_3053mW_u1_poc0p25_20x0p75NA_535s50_g70_z1_256pix_basicFLIM_120f_0005,fitet-sz-c2-b3,3,"a1, a2, a3, chi2, photons, tau1, tau2, tau3"
4_BKOCO2glu20min_740nm_3053mW_u1_poc0p25_20x0p75NA_535s50_g70_z1_256pix_basicFLIM_120f_0005.sdt,20260522_KPC_fixed_dishes_SLIM::fitet-sz-c3-b5::4_BKOCO2glu20min_740nm_3053mW_u1_poc0p25_20x0p75NA_535s50_g70_z1_256pix_basicFLIM_120f_0005,fitet-sz-c3-b5,3,"a1, a2, a3, chi2, photons, tau1, tau2, tau3"
4_BKOCO2glu20min_740nm_3053mW_u1_poc0p25_20x0p75NA_535s50_g70_z1_256pix_basicFLIM_120f_0006.sdt,20260522_KPC_fixed_dishes_SLIM::fitet-sf-c2-b3::4_BKOCO2glu20min_740nm_3053mW_u1_poc0p25_20x0p75NA_535s50_g70_z1_256pix_basicFLIM_120f_0006,fitet-sf-c2-b3,2,"a1, a2, chi2, photons, tau1, tau2"
4_BKOCO2glu20min_740nm_3053mW_u1_poc0p25_20x0p75NA_535s50_g70_z1_256pix_basicFLIM_120f_0006.sdt,20260522_KPC_fixed_dishes_SLIM::fitet-sf-c3-b5::4_BKOCO2glu20min_740nm_3053mW_u1_poc0p25_20x0p75NA_535s50_g70_z1_256pix_basicFLIM_120f_0006,fitet-sf-c3-b5,3,"a1, a2, a3, chi2, photons, tau1, tau2, tau3"
4_BKOCO2glu20min_740nm_3053mW_u1_poc0p25_20x0p75NA_535s50_g70_z1_256pix_basicFLIM_120f_0006.sdt,20260522_KPC_fixed_dishes_SLIM::fitet-sz-c2-b3::4_BKOCO2glu20min_740nm_3053mW_u1_poc0p25_20x0p75NA_535s50_g70_z1_256pix_basicFLIM_120f_0006,fitet-sz-c2-b3,3,"a1, a2, a3, chi2, photons, tau1, tau2, tau3"
4_BKOCO2glu20min_740nm_3053mW_u1_poc0p25_20x0p75NA_535s50_g70_z1_256pix_basicFLIM_120f_0006.sdt,20260522_KPC_fixed_dishes_SLIM::fitet-sz-c3-b5::4_BKOCO2glu20min_740nm_3053mW_u1_poc0p25_20x0p75NA_535s50_g70_z1_256pix_basicFLIM_120f_0006,fitet-sz-c3-b5,3,"a1, a2, a3, chi2, photons, tau1, tau2, tau3"
4_BKOCO2glu20min_740nm_3053mW_u1_poc0p25_20x0p75NA_535s50_g70_z1_256pix_basicFLIM_120f_0007.sdt,20260522_KPC_fixed_dishes_SLIM::fitet-sf-c2-b3::4_BKOCO2glu20min_740nm_3053mW_u1_poc0p25_20x0p75NA_535s50_g70_z1_256pix_basicFLIM_120f_0007,fitet-sf-c2-b3,2,"a1, a2, chi2, photons, tau1, tau2"
4_BKOCO2glu20min_740nm_3053mW_u1_poc0p25_20x0p75NA_535s50_g70_z1_256pix_basicFLIM_120f_0007.sdt,20260522_KPC_fixed_dishes_SLIM::fitet-sf-c3-b5::4_BKOCO2glu20min_740nm_3053mW_u1_poc0p25_20x0p75NA_535s50_g70_z1_256pix_basicFLIM_120f_0007,fitet-sf-c3-b5,3,"a1, a2, a3, chi2, photons, tau1, tau2, tau3"
4_BKOCO2glu20min_740nm_3053mW_u1_poc0p25_20x0p75NA_535s50_g70_z1_256pix_basicFLIM_120f_0007.sdt,20260522_KPC_fixed_dishes_SLIM::fitet-sz-c2-b3::4_BKOCO2glu20min_740nm_3053mW_u1_poc0p25_20x0p75NA_535s50_g70_z1_256pix_basicFLIM_120f_0007,fitet-sz-c2-b3,3,"a1, a2, a3, chi2, photons, tau1, tau2, tau3"
4_BKOCO2glu20min_740nm_3053mW_u1_poc0p25_20x0p75NA_535s50_g70_z1_256pix_basicFLIM_120f_0007.sdt,20260522_KPC_fixed_dishes_SLIM::fitet-sz-c3-b5::4_BKOCO2glu20min_740nm_3053mW_u1_poc0p25_20x0p75NA_535s50_g70_z1_256pix_basicFLIM_120f_0007,fitet-sz-c3-b5,3,"a1, a2, a3, chi2, photons, tau1, tau2, tau3"
4_BKOCO2glu20min_740nm_3053mW_u1_poc0p25_20x0p75NA_535s50_g70_z1_256pix_basicFLIM_120f_0008.sdt,20260522_KPC_fixed_dishes_SLIM::fitet-sf-c2-b3::4_BKOCO2glu20min_740nm_3053mW_u1_poc0p25_20x0p75NA_535s50_g70_z1_256pix_basicFLIM_120f_0008,fitet-sf-c2-b3,2,"a1, a2, chi2, photons, tau1, tau2"
4_BKOCO2glu20min_740nm_3053mW_u1_poc0p25_20x0p75NA_535s50_g70_z1_256pix_basicFLIM_120f_0008.sdt,20260522_KPC_fixed_dishes_SLIM::fitet-sf-c3-b5::4_BKOCO2glu20min_740nm_3053mW_u1_poc0p25_20x0p75NA_535s50_g70_z1_256pix_basicFLIM_120f_0008,fitet-sf-c3-b5,3,"a1, a2, a3, chi2, photons, tau1, tau2, tau3"
4_BKOCO2glu20min_740nm_3053mW_u1_poc0p25_20x0p75NA_535s50_g70_z1_256pix_basicFLIM_120f_0008.sdt,20260522_KPC_fixed_dishes_SLIM::fitet-sz-c2-b3::4_BKOCO2glu20min_740nm_3053mW_u1_poc0p25_20x0p75NA_535s50_g70_z1_256pix_basicFLIM_120f_0008,fitet-sz-c2-b3,3,"a1, a2, a3, chi2, photons, tau1, tau2, tau3"
4_BKOCO2glu20min_740nm_3053mW_u1_poc0p25_20x0p75NA_535s50_g70_z1_256pix_basicFLIM_120f_0008.sdt,20260522_KPC_fixed_dishes_SLIM::fitet-sz-c3-b5::4_BKOCO2glu20min_740nm_3053mW_u1_poc0p25_20x0p75NA_535s50_g70_z1_256pix_basicFLIM_120f_0008,fitet-sz-c3-b5,3,"a1, a2, a3, chi2, photons, tau1, tau2, tau3"
4_BKOCO2glu20min_740nm_3053mW_u1_poc0p25_20x0p75NA_535s50_g70_z1_256pix_basicFLIM_120f_0009.sdt,20260522_KPC_fixed_dishes_SLIM::fitet-sf-c2-b3::4_BKOCO2glu20min_740nm_3053mW_u1_poc0p25_20x0p75NA_535s50_g70_z1_256pix_basicFLIM_120f_0009,fitet-sf-c2-b3,2,"a1, a2, chi2, photons, tau1, tau2"
4_BKOCO2glu20min_740nm_3053mW_u1_poc0p25_20x0p75NA_535s50_g70_z1_256pix_basicFLIM_120f_0009.sdt,20260522_KPC_fixed_dishes_SLIM::fitet-sf-c3-b5::4_BKOCO2glu20min_740nm_3053mW_u1_poc0p25_20x0p75NA_535s50_g70_z1_256pix_basicFLIM_120f_0009,fitet-sf-c3-b5,3,"a1, a2, a3, chi2, photons, tau1, tau2, tau3"
4_BKOCO2glu20min_740nm_3053mW_u1_poc0p25_20x0p75NA_535s50_g70_z1_256pix_basicFLIM_120f_0009.sdt,20260522_KPC_fixed_dishes_SLIM::fitet-sz-c2-b3::4_BKOCO2glu20min_740nm_3053mW_u1_poc0p25_20x0p75NA_535s50_g70_z1_256pix_basicFLIM_120f_0009,fitet-sz-c2-b3,3,"a1, a2, a3, chi2, photons, tau1, tau2, tau3"
4_BKOCO2glu20min_740nm_3053mW_u1_poc0p25_20x0p75NA_535s50_g70_z1_256pix_basicFLIM_120f_0009.sdt,20260522_KPC_fixed_dishes_SLIM::fitet-sz-c3-b5::4_BKOCO2glu20min_740nm_3053mW_u1_poc0p25_20x0p75NA_535s50_g70_z1_256pix_basicFLIM_120f_0009,fitet-sz-c3-b5,3,"a1, a2, a3, chi2, photons, tau1, tau2, tau3"
4_BKOCO2glu20min_740nm_3053mW_u1_poc0p25_20x0p75NA_535s50_g70_z1_256pix_basicFLIM_120f_0010.sdt,20260522_KPC_fixed_dishes_SLIM::fitet-sf-c2-b3::4_BKOCO2glu20min_740nm_3053mW_u1_poc0p25_20x0p75NA_535s50_g70_z1_256pix_basicFLIM_120f_0010,fitet-sf-c2-b3,2,"a1, a2, chi2, photons, tau1, tau2"
4_BKOCO2glu20min_740nm_3053mW_u1_poc0p25_20x0p75NA_535s50_g70_z1_256pix_basicFLIM_120f_0010.sdt,20260522_KPC_fixed_dishes_SLIM::fitet-sf-c3-b5::4_BKOCO2glu20min_740nm_3053mW_u1_poc0p25_20x0p75NA_535s50_g70_z1_256pix_basicFLIM_120f_0010,fitet-sf-c3-b5,3,"a1, a2, a3, chi2, photons, tau1, tau2, tau3"
4_BKOCO2glu20min_740nm_3053mW_u1_poc0p25_20x0p75NA_535s50_g70_z1_256pix_basicFLIM_120f_0010.sdt,20260522_KPC_fixed_dishes_SLIM::fitet-sz-c2-b3::4_BKOCO2glu20min_740nm_3053mW_u1_poc0p25_20x0p75NA_535s50_g70_z1_256pix_basicFLIM_120f_0010,fitet-sz-c2-b3,3,"a1, a2, a3, chi2, photons, tau1, tau2, tau3"
4_BKOCO2glu20min_740nm_3053mW_u1_poc0p25_20x0p75NA_535s50_g70_z1_256pix_basicFLIM_120f_0010.sdt,20260522_KPC_fixed_dishes_SLIM::fitet-sz-c3-b5::4_BKOCO2glu20min_740nm_3053mW_u1_poc0p25_20x0p75NA_535s50_g70_z1_256pix_basicFLIM_120f_0010,fitet-sz-c3-b5,3,"a1, a2, a3, chi2, photons, tau1, tau2, tau3"
4_BKOCO2glu20min_740nm_3053mW_u1_poc0p25_20x0p75NA_535s50_g70_z1_256pix_basicFLIM_120f_0011.sdt,20260522_KPC_fixed_dishes_SLIM::fitet-sf-c2-b3::4_BKOCO2glu20min_740nm_3053mW_u1_poc0p25_20x0p75NA_535s50_g70_z1_256pix_basicFLIM_120f_0011,fitet-sf-c2-b3,2,"a1, a2, chi2, photons, tau1, tau2"
4_BKOCO2glu20min_740nm_3053mW_u1_poc0p25_20x0p75NA_535s50_g70_z1_256pix_basicFLIM_120f_0011.sdt,20260522_KPC_fixed_dishes_SLIM::fitet-sf-c3-b5::4_BKOCO2glu20min_740nm_3053mW_u1_poc0p25_20x0p75NA_535s50_g70_z1_256pix_basicFLIM_120f_0011,fitet-sf-c3-b5,3,"a1, a2, a3, chi2, photons, tau1, tau2, tau3"
4_BKOCO2glu20min_740nm_3053mW_u1_poc0p25_20x0p75NA_535s50_g70_z1_256pix_basicFLIM_120f_0011.sdt,20260522_KPC_fixed_dishes_SLIM::fitet-sz-c2-b3::4_BKOCO2glu20min_740nm_3053mW_u1_poc0p25_20x0p75NA_535s50_g70_z1_256pix_basicFLIM_120f_0011,fitet-sz-c2-b3,3,"a1, a2, a3, chi2, photons, tau1, tau2, tau3"
4_BKOCO2glu20min_740nm_3053mW_u1_poc0p25_20x0p75NA_535s50_g70_z1_256pix_basicFLIM_120f_0011.sdt,20260522_KPC_fixed_dishes_SLIM::fitet-sz-c3-b5::4_BKOCO2glu20min_740nm_3053mW_u1_poc0p25_20x0p75NA_535s50_g70_z1_256pix_basicFLIM_120f_0011,fitet-sz-c3-b5,3,"a1, a2, a3, chi2, photons, tau1, tau2, tau3"
4_BKOCO2glu20min_740nm_3053mW_u1_poc0p25_20x0p75NA_535s50_g70_z1_256pix_basicFLIM_120f_0012.sdt,20260522_KPC_fixed_dishes_SLIM::fitet-sf-c2-b3::4_BKOCO2glu20min_740nm_3053mW_u1_poc0p25_20x0p75NA_535s50_g70_z1_256pix_basicFLIM_120f_0012,fitet-sf-c2-b3,2,"a1, a2, chi2, photons, tau1, tau2"
4_BKOCO2glu20min_740nm_3053mW_u1_poc0p25_20x0p75NA_535s50_g70_z1_256pix_basicFLIM_120f_0012.sdt,20260522_KPC_fixed_dishes_SLIM::fitet-sf-c3-b5::4_BKOCO2glu20min_740nm_3053mW_u1_poc0p25_20x0p75NA_535s50_g70_z1_256pix_basicFLIM_120f_0012,fitet-sf-c3-b5,3,"a1, a2, a3, chi2, photons, tau1, tau2, tau3"
4_BKOCO2glu20min_740nm_3053mW_u1_poc0p25_20x0p75NA_535s50_g70_z1_256pix_basicFLIM_120f_0012.sdt,20260522_KPC_fixed_dishes_SLIM::fitet-sz-c2-b3::4_BKOCO2glu20min_740nm_3053mW_u1_poc0p25_20x0p75NA_535s50_g70_z1_256pix_basicFLIM_120f_0012,fitet-sz-c2-b3,3,"a1, a2, a3, chi2, photons, tau1, tau2, tau3"
4_BKOCO2glu20min_740nm_3053mW_u1_poc0p25_20x0p75NA_535s50_g70_z1_256pix_basicFLIM_120f_0012.sdt,20260522_KPC_fixed_dishes_SLIM::fitet-sz-c3-b5::4_BKOCO2glu20min_740nm_3053mW_u1_poc0p25_20x0p75NA_535s50_g70_z1_256pix_basicFLIM_120f_0012,fitet-sz-c3-b5,3,"a1, a2, a3, chi2, photons, tau1, tau2, tau3"
5_urea_740nm_3069mW_u1_poc0_20x0p75NA_370s10_g70_z1_256pix_basicFLIM_120f_0000.sdt,20260522_KPC_fixed_dishes_SLIM::fitet-sf-c2-b3::5_urea_740nm_3069mW_u1_poc0_20x0p75NA_370s10_g70_z1_256pix_basicFLIM_120f_0000,fitet-sf-c2-b3,2,"a1, a2, chi2, photons, tau1, tau2"
5_urea_740nm_3069mW_u1_poc0_20x0p75NA_370s10_g70_z1_256pix_basicFLIM_120f_0000.sdt,20260522_KPC_fixed_dishes_SLIM::fitet-sf-c3-b5::5_urea_740nm_3069mW_u1_poc0_20x0p75NA_370s10_g70_z1_256pix_basicFLIM_120f_0000,fitet-sf-c3-b5,3,"a1, a2, a3, chi2, photons, tau1, tau2, tau3"
5_urea_740nm_3069mW_u1_poc0_20x0p75NA_370s10_g70_z1_256pix_basicFLIM_120f_0000.sdt,20260522_KPC_fixed_dishes_SLIM::fitet-sz-c2-b3::5_urea_740nm_3069mW_u1_poc0_20x0p75NA_370s10_g70_z1_256pix_basicFLIM_120f_0000,fitet-sz-c2-b3,3,"a1, a2, a3, chi2, photons, tau1, tau2, tau3"
5_urea_740nm_3069mW_u1_poc0_20x0p75NA_370s10_g70_z1_256pix_basicFLIM_120f_0000.sdt,20260522_KPC_fixed_dishes_SLIM::fitet-sz-c3-b5::5_urea_740nm_3069mW_u1_poc0_20x0p75NA_370s10_g70_z1_256pix_basicFLIM_120f_0000,fitet-sz-c3-b5,3,"a1, a2, a3, chi2, photons, tau1, tau2, tau3"
6_chromablue_740nm_3069mW_u80_poc0_20x0p75NA_457s50_g70_z1_256pix_basicFLIM_120f_0000.sdt,20260522_KPC_fixed_dishes_SLIM::fitet-sf-c2-b3::6_chromablue_740nm_3069mW_u80_poc0_20x0p75NA_457s50_g70_z1_256pix_basicFLIM_120f_0000,fitet-sf-c2-b3,2,"a1, a2, chi2, photons, tau1, tau2"
6_chromablue_740nm_3069mW_u80_poc0_20x0p75NA_457s50_g70_z1_256pix_basicFLIM_120f_0000.sdt,20260522_KPC_fixed_dishes_SLIM::fitet-sf-c3-b5::6_chromablue_740nm_3069mW_u80_poc0_20x0p75NA_457s50_g70_z1_256pix_basicFLIM_120f_0000,fitet-sf-c3-b5,3,"a1, a2, a3, chi2, photons, tau1, tau2, tau3"
6_chromablue_740nm_3069mW_u80_poc0_20x0p75NA_457s50_g70_z1_256pix_basicFLIM_120f_0000.sdt,20260522_KPC_fixed_dishes_SLIM::fitet-sz-c2-b3::6_chromablue_740nm_3069mW_u80_poc0_20x0p75NA_457s50_g70_z1_256pix_basicFLIM_120f_0000,fitet-sz-c2-b3,3,"a1, a2, a3, chi2, photons, tau1, tau2, tau3"
6_chromablue_740nm_3069mW_u80_poc0_20x0p75NA_457s50_g70_z1_256pix_basicFLIM_120f_0000.sdt,20260522_KPC_fixed_dishes_SLIM::fitet-sz-c3-b5::6_chromablue_740nm_3069mW_u80_poc0_20x0p75NA_457s50_g70_z1_256pix_basicFLIM_120f_0000,fitet-sz-c3-b5,3,"a1, a2, a3, chi2, photons, tau1, tau2, tau3"
7_pollen_890nm_2881mW_u1_poc0p2_10x0p5NA_457s50_g70_z1_256pix_basicFLIM_60f_0000.sdt,20260522_KPC_fixed_dishes_SLIM::fitet-sf-c2-b3::7_pollen_890nm_2881mW_u1_poc0p2_10x0p5NA_457s50_g70_z1_256pix_basicFLIM_60f_0000,fitet-sf-c2-b3,2,"a1, a2, chi2, photons, tau1, tau2"
7_pollen_890nm_2881mW_u1_poc0p2_10x0p5NA_457s50_g70_z1_256pix_basicFLIM_60f_0000.sdt,20260522_KPC_fixed_dishes_SLIM::fitet-sf-c3-b5::7_pollen_890nm_2881mW_u1_poc0p2_10x0p5NA_457s50_g70_z1_256pix_basicFLIM_60f_0000,fitet-sf-c3-b5,3,"a1, a2, a3, chi2, photons, tau1, tau2, tau3"
7_pollen_890nm_2881mW_u1_poc0p2_10x0p5NA_457s50_g70_z1_256pix_basicFLIM_60f_0000.sdt,20260522_KPC_fixed_dishes_SLIM::fitet-sz-c2-b3::7_pollen_890nm_2881mW_u1_poc0p2_10x0p5NA_457s50_g70_z1_256pix_basicFLIM_60f_0000,fitet-sz-c2-b3,3,"a1, a2, a3, chi2, photons, tau1, tau2, tau3"
7_pollen_890nm_2881mW_u1_poc0p2_10x0p5NA_457s50_g70_z1_256pix_basicFLIM_60f_0000.sdt,20260522_KPC_fixed_dishes_SLIM::fitet-sz-c3-b5::7_pollen_890nm_2881mW_u1_poc0p2_10x0p5NA_457s50_g70_z1_256pix_basicFLIM_60f_0000,fitet-sz-c3-b5,3,"a1, a2, a3, chi2, photons, tau1, tau2, tau3"
