filename,session_root,fixation_type,cell_type,em_filter_nm,pockels,acquisition_time,fit_set_key,fit_mask_path,n_components,n_px_total,n_px_final,pct_final,tau_mean_median_ps,tau_mean_mean_ps,tau_mean_std_ps,tau_mean_cv,amp_ratio_median,amp_ratio_mean,amp_ratio_std,amp_ratio_cv
3_KPCWT0430glu10min_740nm_3024mW_u1_poc0p2_20x0p75NA_457s50_g70_z1_256pix_basicFLIM_120f_0000.sdt,20260501_KPC_fixed_dishes_on_SLIM,glu,KPCWT,457,0.2,2026-05-02 02:36:55.037235,20260501_KPC_fixed_dishes_on_SLIM::batch1\fitet-sz-c3-b7::3_KPCWT0430glu10min_740nm_3024mW_u1_poc0p2_20x0p75NA_457s50_g70_z1_256pix_basicFLIM_120f_0000,E:\18_RK_Circadian\data\raw\20260501_KPC_fixed_dishes_on_SLIM\batch1\fitet-sz-c3-b7\3_KPCWT0430glu10min_740nm_3024mW_u1_poc0p2_20x0p75NA_457s50_g70_z1_256pix_basicFLIM_120f_0000_fit_mask.npy,3,65536,56002,85.5,712.2280839449973,712.1455697411365,40.166136970261,0.05640158231253382,3.1872967095692784,3.1903556296407496,0.39251412186579765,0.1230314633951942
3_KPCWT0430glu10min_740nm_3024mW_u1_poc0p2_20x0p75NA_457s50_g70_z1_256pix_basicFLIM_120f_0001.sdt,20260501_KPC_fixed_dishes_on_SLIM,glu,KPCWT,457,0.2,2026-05-02 02:38:03.106658,20260501_KPC_fixed_dishes_on_SLIM::batch1\fitet-sz-c3-b7::3_KPCWT0430glu10min_740nm_3024mW_u1_poc0p2_20x0p75NA_457s50_g70_z1_256pix_basicFLIM_120f_0001,E:\18_RK_Circadian\data\raw\20260501_KPC_fixed_dishes_on_SLIM\batch1\fitet-sz-c3-b7\3_KPCWT0430glu10min_740nm_3024mW_u1_poc0p2_20x0p75NA_457s50_g70_z1_256pix_basicFLIM_120f_0001_fit_mask.npy,3,65536,65147,99.4,711.8209317793214,711.2836201514647,33.82170896318238,0.04755024297618466,3.2453288623467103,3.2447386719539115,0.3109720055591422,0.09583884466476357
3_KPCWT0430glu10min_740nm_3024mW_u1_poc0p2_20x0p75NA_457s50_g70_z1_256pix_basicFLIM_120f_0002.sdt,20260501_KPC_fixed_dishes_on_SLIM,glu,KPCWT,457,0.2,2026-05-02 02:39:11.503284,20260501_KPC_fixed_dishes_on_SLIM::batch1\fitet-sz-c3-b7::3_KPCWT0430glu10min_740nm_3024mW_u1_poc0p2_20x0p75NA_457s50_g70_z1_256pix_basicFLIM_120f_0002,E:\18_RK_Circadian\data\raw\20260501_KPC_fixed_dishes_on_SLIM\batch1\fitet-sz-c3-b7\3_KPCWT0430glu10min_740nm_3024mW_u1_poc0p2_20x0p75NA_457s50_g70_z1_256pix_basicFLIM_120f_0002_fit_mask.npy,3,65536,64579,98.5,699.2132237124147,699.5998217742368,36.45805811041308,0.05211273213013798,3.307007666322171,3.3035290300164744,0.327058403730624,0.09900273336753242
3_KPCWT0430glu10min_740nm_3024mW_u1_poc0p2_20x0p75NA_457s50_g70_z1_256pix_basicFLIM_120f_0003.sdt,20260501_KPC_fixed_dishes_on_SLIM,glu,KPCWT,457,0.2,2026-05-02 02:40:20.221795,20260501_KPC_fixed_dishes_on_SLIM::batch1\fitet-sz-c3-b7::3_KPCWT0430glu10min_740nm_3024mW_u1_poc0p2_20x0p75NA_457s50_g70_z1_256pix_basicFLIM_120f_0003,E:\18_RK_Circadian\data\raw\20260501_KPC_fixed_dishes_on_SLIM\batch1\fitet-sz-c3-b7\3_KPCWT0430glu10min_740nm_3024mW_u1_poc0p2_20x0p75NA_457s50_g70_z1_256pix_basicFLIM_120f_0003_fit_mask.npy,3,65536,63681,97.2,698.842452733106,699.6354695515904,45.15012281338924,0.06453378191692712,3.303202912820242,3.3145735093697724,0.42178947067542905,0.1272530144475895
3_KPCWT0430glu10min_740nm_3024mW_u1_poc0p2_20x0p75NA_457s50_g70_z1_256pix_basicFLIM_120f_0004.sdt,20260501_KPC_fixed_dishes_on_SLIM,glu,KPCWT,457,0.2,2026-05-02 02:41:28.626858,20260501_KPC_fixed_dishes_on_SLIM::batch1\fitet-sz-c3-b7::3_KPCWT0430glu10min_740nm_3024mW_u1_poc0p2_20x0p75NA_457s50_g70_z1_256pix_basicFLIM_120f_0004,E:\18_RK_Circadian\data\raw\20260501_KPC_fixed_dishes_on_SLIM\batch1\fitet-sz-c3-b7\3_KPCWT0430glu10min_740nm_3024mW_u1_poc0p2_20x0p75NA_457s50_g70_z1_256pix_basicFLIM_120f_0004_fit_mask.npy,3,65536,65249,99.6,695.1108456498329,696.4497617569124,34.063399421450946,0.04891005969406933,3.3637369440090614,3.354859241306149,0.2922175695935784,0.0871027809440402
3_KPCWT0430glu10min_740nm_3024mW_u1_poc0p2_20x0p75NA_457s50_g70_z1_256pix_basicFLIM_120f_0005.sdt,20260501_KPC_fixed_dishes_on_SLIM,glu,KPCWT,457,0.2,2026-05-02 02:42:37.310515,20260501_KPC_fixed_dishes_on_SLIM::batch1\fitet-sz-c3-b7::3_KPCWT0430glu10min_740nm_3024mW_u1_poc0p2_20x0p75NA_457s50_g70_z1_256pix_basicFLIM_120f_0005,E:\18_RK_Circadian\data\raw\20260501_KPC_fixed_dishes_on_SLIM\batch1\fitet-sz-c3-b7\3_KPCWT0430glu10min_740nm_3024mW_u1_poc0p2_20x0p75NA_457s50_g70_z1_256pix_basicFLIM_120f_0005_fit_mask.npy,3,65536,25857,39.5,713.4954741485122,715.6411645630202,50.46837339897708,0.07052189826139155,3.2479925520772723,3.2289062120365326,0.451906134427626,0.13995641395313252
3_KPCWT0430glu10min_740nm_3024mW_u1_poc0p2_20x0p75NA_457s50_g70_z1_256pix_basicFLIM_120f_0006.sdt,20260501_KPC_fixed_dishes_on_SLIM,glu,KPCWT,457,0.2,2026-05-02 02:43:45.975055,20260501_KPC_fixed_dishes_on_SLIM::batch1\fitet-sz-c3-b7::3_KPCWT0430glu10min_740nm_3024mW_u1_poc0p2_20x0p75NA_457s50_g70_z1_256pix_basicFLIM_120f_0006,E:\18_RK_Circadian\data\raw\20260501_KPC_fixed_dishes_on_SLIM\batch1\fitet-sz-c3-b7\3_KPCWT0430glu10min_740nm_3024mW_u1_poc0p2_20x0p75NA_457s50_g70_z1_256pix_basicFLIM_120f_0006_fit_mask.npy,3,65536,39141,59.7,725.3525793238983,725.9850500966083,50.885793004093415,0.07009206731918506,3.1211168662585744,3.131923912092008,0.4309907348917189,0.13761213458210522
3_KPCWT0430glu10min_740nm_3024mW_u1_poc0p2_20x0p75NA_457s50_g70_z1_256pix_basicFLIM_120f_0007.sdt,20260501_KPC_fixed_dishes_on_SLIM,glu,KPCWT,457,0.2,2026-05-02 02:44:55.968385,20260501_KPC_fixed_dishes_on_SLIM::batch1\fitet-sz-c3-b7::3_KPCWT0430glu10min_740nm_3024mW_u1_poc0p2_20x0p75NA_457s50_g70_z1_256pix_basicFLIM_120f_0007,E:\18_RK_Circadian\data\raw\20260501_KPC_fixed_dishes_on_SLIM\batch1\fitet-sz-c3-b7\3_KPCWT0430glu10min_740nm_3024mW_u1_poc0p2_20x0p75NA_457s50_g70_z1_256pix_basicFLIM_120f_0007_fit_mask.npy,3,65536,39426,60.2,715.8062855255482,719.1976590760727,53.91930008906986,0.07497146216846429,3.1760991227198634,3.1774430730648002,0.48271869589293803,0.15192048599861527
3_KPCWT0430glu10min_740nm_3024mW_u1_poc0p2_20x0p75NA_457s50_g70_z1_256pix_basicFLIM_120f_0008.sdt,20260501_KPC_fixed_dishes_on_SLIM,glu,KPCWT,457,0.2,2026-05-02 02:46:04.526301,20260501_KPC_fixed_dishes_on_SLIM::batch1\fitet-sz-c3-b7::3_KPCWT0430glu10min_740nm_3024mW_u1_poc0p2_20x0p75NA_457s50_g70_z1_256pix_basicFLIM_120f_0008,E:\18_RK_Circadian\data\raw\20260501_KPC_fixed_dishes_on_SLIM\batch1\fitet-sz-c3-b7\3_KPCWT0430glu10min_740nm_3024mW_u1_poc0p2_20x0p75NA_457s50_g70_z1_256pix_basicFLIM_120f_0008_fit_mask.npy,3,65536,65052,99.3,710.0757880768707,712.0585753381687,38.58879436008852,0.05419328647472864,3.1744759344472033,3.1891509928255917,0.3514309471355603,0.11019576932109823
3_KPCWT0430glu10min_740nm_3024mW_u1_poc0p2_20x0p75NA_457s50_g70_z1_256pix_basicFLIM_120f_0009.sdt,20260501_KPC_fixed_dishes_on_SLIM,glu,KPCWT,457,0.2,2026-05-02 02:47:13.634270,20260501_KPC_fixed_dishes_on_SLIM::batch1\fitet-sz-c3-b7::3_KPCWT0430glu10min_740nm_3024mW_u1_poc0p2_20x0p75NA_457s50_g70_z1_256pix_basicFLIM_120f_0009,E:\18_RK_Circadian\data\raw\20260501_KPC_fixed_dishes_on_SLIM\batch1\fitet-sz-c3-b7\3_KPCWT0430glu10min_740nm_3024mW_u1_poc0p2_20x0p75NA_457s50_g70_z1_256pix_basicFLIM_120f_0009_fit_mask.npy,3,65536,60099,91.7,703.751478092436,703.7048672607315,38.03505454262466,0.05404972498013459,3.271020730442322,3.2563029677703175,0.3752569394784075,0.1152401797967087
3_KPCWT0430glu10min_740nm_3024mW_u1_poc0p2_20x0p75NA_535s50_g70_z1_256pix_basicFLIM_120f_0000.sdt,20260501_KPC_fixed_dishes_on_SLIM,glu,KPCWT,535,0.2,2026-05-02 02:49:29.961571,20260501_KPC_fixed_dishes_on_SLIM::batch1\fitet-sz-c3-b7::3_KPCWT0430glu10min_740nm_3024mW_u1_poc0p2_20x0p75NA_535s50_g70_z1_256pix_basicFLIM_120f_0000,E:\18_RK_Circadian\data\raw\20260501_KPC_fixed_dishes_on_SLIM\batch1\fitet-sz-c3-b7\3_KPCWT0430glu10min_740nm_3024mW_u1_poc0p2_20x0p75NA_535s50_g70_z1_256pix_basicFLIM_120f_0000_fit_mask.npy,3,65536,51728,78.9,787.6324749725086,785.2907392823203,39.30208821345576,0.05004781827603629,2.1843561558281865,2.2111078878095833,0.3577748402321286,0.16180795256741426
3_KPCWT0430glu10min_740nm_3024mW_u1_poc0p2_20x0p75NA_535s50_g70_z1_256pix_basicFLIM_120f_0001.sdt,20260501_KPC_fixed_dishes_on_SLIM,glu,KPCWT,535,0.2,2026-05-02 02:50:38.371304,20260501_KPC_fixed_dishes_on_SLIM::batch1\fitet-sz-c3-b7::3_KPCWT0430glu10min_740nm_3024mW_u1_poc0p2_20x0p75NA_535s50_g70_z1_256pix_basicFLIM_120f_0001,E:\18_RK_Circadian\data\raw\20260501_KPC_fixed_dishes_on_SLIM\batch1\fitet-sz-c3-b7\3_KPCWT0430glu10min_740nm_3024mW_u1_poc0p2_20x0p75NA_535s50_g70_z1_256pix_basicFLIM_120f_0001_fit_mask.npy,3,65536,45782,69.9,806.8401497056906,803.5646337144407,35.04486700924825,0.043611758829224426,2.0968166355745366,2.122319599954211,0.28266881365443086,0.13318861761467474
3_KPCWT0430glu10min_740nm_3024mW_u1_poc0p2_20x0p75NA_535s50_g70_z1_256pix_basicFLIM_120f_0002.sdt,20260501_KPC_fixed_dishes_on_SLIM,glu,KPCWT,535,0.2,2026-05-02 02:51:46.988245,20260501_KPC_fixed_dishes_on_SLIM::batch1\fitet-sz-c3-b7::3_KPCWT0430glu10min_740nm_3024mW_u1_poc0p2_20x0p75NA_535s50_g70_z1_256pix_basicFLIM_120f_0002,E:\18_RK_Circadian\data\raw\20260501_KPC_fixed_dishes_on_SLIM\batch1\fitet-sz-c3-b7\3_KPCWT0430glu10min_740nm_3024mW_u1_poc0p2_20x0p75NA_535s50_g70_z1_256pix_basicFLIM_120f_0002_fit_mask.npy,3,65536,40189,61.3,787.8090282829991,785.5200429236241,38.702901649596484,0.04927041900235708,2.1300765531903245,2.151503417582249,0.32672076516720605,0.15185695848643288
3_KPCWT0430glu10min_740nm_3024mW_u1_poc0p2_20x0p75NA_535s50_g70_z1_256pix_basicFLIM_120f_0003.sdt,20260501_KPC_fixed_dishes_on_SLIM,glu,KPCWT,535,0.2,2026-05-02 02:52:55.720882,20260501_KPC_fixed_dishes_on_SLIM::batch1\fitet-sz-c3-b7::3_KPCWT0430glu10min_740nm_3024mW_u1_poc0p2_20x0p75NA_535s50_g70_z1_256pix_basicFLIM_120f_0003,E:\18_RK_Circadian\data\raw\20260501_KPC_fixed_dishes_on_SLIM\batch1\fitet-sz-c3-b7\3_KPCWT0430glu10min_740nm_3024mW_u1_poc0p2_20x0p75NA_535s50_g70_z1_256pix_basicFLIM_120f_0003_fit_mask.npy,3,65536,64387,98.2,783.5037890391754,782.291516546412,44.82574651674607,0.05730056579756689,2.1523510603479385,2.1774611095871856,0.37086187887383293,0.17031848570840508
3_KPCWT0430glu10min_740nm_3024mW_u1_poc0p2_20x0p75NA_535s50_g70_z1_256pix_basicFLIM_120f_0004.sdt,20260501_KPC_fixed_dishes_on_SLIM,glu,KPCWT,535,0.2,2026-05-02 02:54:04.579098,20260501_KPC_fixed_dishes_on_SLIM::batch1\fitet-sz-c3-b7::3_KPCWT0430glu10min_740nm_3024mW_u1_poc0p2_20x0p75NA_535s50_g70_z1_256pix_basicFLIM_120f_0004,E:\18_RK_Circadian\data\raw\20260501_KPC_fixed_dishes_on_SLIM\batch1\fitet-sz-c3-b7\3_KPCWT0430glu10min_740nm_3024mW_u1_poc0p2_20x0p75NA_535s50_g70_z1_256pix_basicFLIM_120f_0004_fit_mask.npy,3,65536,30811,47.0,797.2773391823855,793.5539868768707,36.626153063387186,0.04615458263593875,2.147380988400381,2.163435909857926,0.2712967799109727,0.12540088600488694
3_KPCWT0430glu10min_740nm_3024mW_u1_poc0p2_20x0p75NA_535s50_g70_z1_256pix_basicFLIM_120f_0005.sdt,20260501_KPC_fixed_dishes_on_SLIM,glu,KPCWT,535,0.2,2026-05-02 02:55:13.659638,20260501_KPC_fixed_dishes_on_SLIM::batch1\fitet-sz-c3-b7::3_KPCWT0430glu10min_740nm_3024mW_u1_poc0p2_20x0p75NA_535s50_g70_z1_256pix_basicFLIM_120f_0005,E:\18_RK_Circadian\data\raw\20260501_KPC_fixed_dishes_on_SLIM\batch1\fitet-sz-c3-b7\3_KPCWT0430glu10min_740nm_3024mW_u1_poc0p2_20x0p75NA_535s50_g70_z1_256pix_basicFLIM_120f_0005_fit_mask.npy,3,65536,33418,51.0,804.5650213267963,804.4316437746486,53.84471706825478,0.06693510565496688,2.071494835920185,2.1035133631913197,0.41573195707300925,0.19763694604834198
3_KPCWT0430glu10min_740nm_3024mW_u1_poc0p2_20x0p75NA_535s50_g70_z1_256pix_basicFLIM_120f_0006.sdt,20260501_KPC_fixed_dishes_on_SLIM,glu,KPCWT,535,0.2,2026-05-02 02:56:22.644829,20260501_KPC_fixed_dishes_on_SLIM::batch1\fitet-sz-c3-b7::3_KPCWT0430glu10min_740nm_3024mW_u1_poc0p2_20x0p75NA_535s50_g70_z1_256pix_basicFLIM_120f_0006,E:\18_RK_Circadian\data\raw\20260501_KPC_fixed_dishes_on_SLIM\batch1\fitet-sz-c3-b7\3_KPCWT0430glu10min_740nm_3024mW_u1_poc0p2_20x0p75NA_535s50_g70_z1_256pix_basicFLIM_120f_0006_fit_mask.npy,3,65536,50969,77.8,812.1616302890244,810.5154996526185,54.50826966604172,0.06725136001643843,2.107203787426427,2.1682014273132864,0.47472898424297955,0.21895059115021295
3_KPCWT0430glu10min_740nm_3024mW_u1_poc0p2_20x0p75NA_535s50_g70_z1_256pix_basicFLIM_120f_0007.sdt,20260501_KPC_fixed_dishes_on_SLIM,glu,KPCWT,535,0.2,2026-05-02 02:57:33.093796,20260501_KPC_fixed_dishes_on_SLIM::batch1\fitet-sz-c3-b7::3_KPCWT0430glu10min_740nm_3024mW_u1_poc0p2_20x0p75NA_535s50_g70_z1_256pix_basicFLIM_120f_0007,E:\18_RK_Circadian\data\raw\20260501_KPC_fixed_dishes_on_SLIM\batch1\fitet-sz-c3-b7\3_KPCWT0430glu10min_740nm_3024mW_u1_poc0p2_20x0p75NA_535s50_g70_z1_256pix_basicFLIM_120f_0007_fit_mask.npy,3,65536,49998,76.3,809.8179255887337,808.4413067910739,54.154926545641146,0.06698683762287823,2.047347543751993,2.0893471278910978,0.42774318766122876,0.20472576430752099
3_KPCWT0430glu10min_740nm_3024mW_u1_poc0p2_20x0p75NA_535s50_g70_z1_256pix_basicFLIM_120f_0008.sdt,20260501_KPC_fixed_dishes_on_SLIM,glu,KPCWT,535,0.2,2026-05-02 02:58:41.756837,20260501_KPC_fixed_dishes_on_SLIM::batch1\fitet-sz-c3-b7::3_KPCWT0430glu10min_740nm_3024mW_u1_poc0p2_20x0p75NA_535s50_g70_z1_256pix_basicFLIM_120f_0008,E:\18_RK_Circadian\data\raw\20260501_KPC_fixed_dishes_on_SLIM\batch1\fitet-sz-c3-b7\3_KPCWT0430glu10min_740nm_3024mW_u1_poc0p2_20x0p75NA_535s50_g70_z1_256pix_basicFLIM_120f_0008_fit_mask.npy,3,65536,49954,76.2,804.0724898130098,802.1155921653741,33.885966058431215,0.042245739129635154,2.1272661272203552,2.1641616242421087,0.3326312566737405,0.15369982211482391
3_KPCWT0430glu10min_740nm_3024mW_u1_poc0p2_20x0p75NA_535s50_g70_z1_256pix_basicFLIM_120f_0009.sdt,20260501_KPC_fixed_dishes_on_SLIM,glu,KPCWT,535,0.2,2026-05-02 02:59:51.204626,20260501_KPC_fixed_dishes_on_SLIM::batch1\fitet-sz-c3-b7::3_KPCWT0430glu10min_740nm_3024mW_u1_poc0p2_20x0p75NA_535s50_g70_z1_256pix_basicFLIM_120f_0009,E:\18_RK_Circadian\data\raw\20260501_KPC_fixed_dishes_on_SLIM\batch1\fitet-sz-c3-b7\3_KPCWT0430glu10min_740nm_3024mW_u1_poc0p2_20x0p75NA_535s50_g70_z1_256pix_basicFLIM_120f_0009_fit_mask.npy,3,65536,52882,80.7,793.108219156237,793.525655433273,38.01493644744601,0.047906373520701706,2.1742753109414616,2.196581562205837,0.3349897147394279,0.1525050198468509
4_BKO0430glu10min_740nm_3024mW_u1_poc0p2_20x0p75NA_535s50_g70_z1_256pix_basicFLIM_60f_0000.sdt,20260501_KPC_fixed_dishes_on_SLIM,glu,BKO,535,0.2,2026-05-02 03:09:00.662720,20260501_KPC_fixed_dishes_on_SLIM::batch1\fitet-sz-c3-b7::4_BKO0430glu10min_740nm_3024mW_u1_poc0p2_20x0p75NA_535s50_g70_z1_256pix_basicFLIM_60f_0000,E:\18_RK_Circadian\data\raw\20260501_KPC_fixed_dishes_on_SLIM\batch1\fitet-sz-c3-b7\4_BKO0430glu10min_740nm_3024mW_u1_poc0p2_20x0p75NA_535s50_g70_z1_256pix_basicFLIM_60f_0000_fit_mask.npy,3,65536,62439,95.3,731.6886872512055,731.8437539330625,47.30942249094452,0.0646441569483855,2.377297359844175,2.4095888594592445,0.44933833889510166,0.18647925646366964
4_BKO0430glu10min_740nm_3024mW_u1_poc0p2_20x0p75NA_535s50_g70_z1_256pix_basicFLIM_60f_0001.sdt,20260501_KPC_fixed_dishes_on_SLIM,glu,BKO,535,0.2,2026-05-02 03:09:36.503611,20260501_KPC_fixed_dishes_on_SLIM::batch1\fitet-sz-c3-b7::4_BKO0430glu10min_740nm_3024mW_u1_poc0p2_20x0p75NA_535s50_g70_z1_256pix_basicFLIM_60f_0001,E:\18_RK_Circadian\data\raw\20260501_KPC_fixed_dishes_on_SLIM\batch1\fitet-sz-c3-b7\4_BKO0430glu10min_740nm_3024mW_u1_poc0p2_20x0p75NA_535s50_g70_z1_256pix_basicFLIM_60f_0001_fit_mask.npy,3,65536,61443,93.8,734.9146481310189,732.1384198224887,52.60827878296364,0.07185564554270875,2.3480308715642666,2.3766182023669993,0.45683395370171825,0.19222016950250287
4_BKO0430glu10min_740nm_3024mW_u1_poc0p2_20x0p75NA_535s50_g70_z1_256pix_basicFLIM_60f_0002.sdt,20260501_KPC_fixed_dishes_on_SLIM,glu,BKO,535,0.2,2026-05-02 03:10:11.986902,20260501_KPC_fixed_dishes_on_SLIM::batch1\fitet-sz-c3-b7::4_BKO0430glu10min_740nm_3024mW_u1_poc0p2_20x0p75NA_535s50_g70_z1_256pix_basicFLIM_60f_0002,E:\18_RK_Circadian\data\raw\20260501_KPC_fixed_dishes_on_SLIM\batch1\fitet-sz-c3-b7\4_BKO0430glu10min_740nm_3024mW_u1_poc0p2_20x0p75NA_535s50_g70_z1_256pix_basicFLIM_60f_0002_fit_mask.npy,3,65536,42501,64.9,733.1204019833223,732.6092483555067,57.470202525792736,0.07844591459198272,2.302620575871265,2.3391825526819825,0.4804949755763841,0.20541149087550867
4_BKO0430glu10min_740nm_3024mW_u1_poc0p2_20x0p75NA_535s50_g70_z1_256pix_basicFLIM_60f_0003.sdt,20260501_KPC_fixed_dishes_on_SLIM,glu,BKO,535,0.2,2026-05-02 03:10:46.980473,20260501_KPC_fixed_dishes_on_SLIM::batch1\fitet-sz-c3-b7::4_BKO0430glu10min_740nm_3024mW_u1_poc0p2_20x0p75NA_535s50_g70_z1_256pix_basicFLIM_60f_0003,E:\18_RK_Circadian\data\raw\20260501_KPC_fixed_dishes_on_SLIM\batch1\fitet-sz-c3-b7\4_BKO0430glu10min_740nm_3024mW_u1_poc0p2_20x0p75NA_535s50_g70_z1_256pix_basicFLIM_60f_0003_fit_mask.npy,3,65536,57825,88.2,734.404404470632,734.2573418057902,51.95192259232739,0.07075437947213414,2.410932115091769,2.43584756866183,0.47327525472154314,0.1942959242648932
4_BKO0430glu10min_740nm_3024mW_u1_poc0p2_20x0p75NA_535s50_g70_z1_256pix_basicFLIM_60f_0004.sdt,20260501_KPC_fixed_dishes_on_SLIM,glu,BKO,535,0.2,2026-05-02 03:11:22.901257,20260501_KPC_fixed_dishes_on_SLIM::batch1\fitet-sz-c3-b7::4_BKO0430glu10min_740nm_3024mW_u1_poc0p2_20x0p75NA_535s50_g70_z1_256pix_basicFLIM_60f_0004,E:\18_RK_Circadian\data\raw\20260501_KPC_fixed_dishes_on_SLIM\batch1\fitet-sz-c3-b7\4_BKO0430glu10min_740nm_3024mW_u1_poc0p2_20x0p75NA_535s50_g70_z1_256pix_basicFLIM_60f_0004_fit_mask.npy,3,65536,54283,82.8,737.5780068810651,736.916801113931,56.14559809771786,0.07618987382679782,2.350760924347841,2.388969758381122,0.49431881406260664,0.20691715009300926
4_BKO0430glu10min_740nm_3024mW_u1_poc0p2_20x0p75NA_535s50_g70_z1_256pix_basicFLIM_60f_0005.sdt,20260501_KPC_fixed_dishes_on_SLIM,glu,BKO,535,0.2,2026-05-02 03:11:58.504132,20260501_KPC_fixed_dishes_on_SLIM::batch1\fitet-sz-c3-b7::4_BKO0430glu10min_740nm_3024mW_u1_poc0p2_20x0p75NA_535s50_g70_z1_256pix_basicFLIM_60f_0005,E:\18_RK_Circadian\data\raw\20260501_KPC_fixed_dishes_on_SLIM\batch1\fitet-sz-c3-b7\4_BKO0430glu10min_740nm_3024mW_u1_poc0p2_20x0p75NA_535s50_g70_z1_256pix_basicFLIM_60f_0005_fit_mask.npy,3,65536,18796,28.7,738.5308278101993,737.0246270904483,51.47704222243155,0.06984439912903241,2.43628907920701,2.4989425431742482,0.5003316025095065,0.20021732947647808
4_BKO0430glu10min_740nm_3024mW_u1_poc0p2_20x0p75NA_535s50_g70_z1_256pix_basicFLIM_60f_0006.sdt,20260501_KPC_fixed_dishes_on_SLIM,glu,BKO,535,0.2,2026-05-02 03:12:34.882495,20260501_KPC_fixed_dishes_on_SLIM::batch1\fitet-sz-c3-b7::4_BKO0430glu10min_740nm_3024mW_u1_poc0p2_20x0p75NA_535s50_g70_z1_256pix_basicFLIM_60f_0006,E:\18_RK_Circadian\data\raw\20260501_KPC_fixed_dishes_on_SLIM\batch1\fitet-sz-c3-b7\4_BKO0430glu10min_740nm_3024mW_u1_poc0p2_20x0p75NA_535s50_g70_z1_256pix_basicFLIM_60f_0006_fit_mask.npy,3,65536,59725,91.1,721.8489957103058,720.6152145906646,45.08134068192818,0.06255951826875597,2.4159847863635573,2.44955192826886,0.4433643542082553,0.18099814463683914
4_BKO0430glu10min_740nm_3024mW_u1_poc0p2_20x0p75NA_535s50_g70_z1_256pix_basicFLIM_60f_0007.sdt,20260501_KPC_fixed_dishes_on_SLIM,glu,BKO,535,0.2,2026-05-02 03:13:11.428332,20260501_KPC_fixed_dishes_on_SLIM::batch1\fitet-sz-c3-b7::4_BKO0430glu10min_740nm_3024mW_u1_poc0p2_20x0p75NA_535s50_g70_z1_256pix_basicFLIM_60f_0007,E:\18_RK_Circadian\data\raw\20260501_KPC_fixed_dishes_on_SLIM\batch1\fitet-sz-c3-b7\4_BKO0430glu10min_740nm_3024mW_u1_poc0p2_20x0p75NA_535s50_g70_z1_256pix_basicFLIM_60f_0007_fit_mask.npy,3,65536,50844,77.6,738.0249704722892,738.0356930791679,56.96706453513747,0.0771874112178294,2.339738467271623,2.3836604399426338,0.5120877978578282,0.21483252785373758
4_BKO0430glu10min_740nm_3024mW_u1_poc0p2_20x0p75NA_535s50_g70_z1_256pix_basicFLIM_60f_0008.sdt,20260501_KPC_fixed_dishes_on_SLIM,glu,BKO,535,0.2,2026-05-02 03:13:46.537314,20260501_KPC_fixed_dishes_on_SLIM::batch1\fitet-sz-c3-b7::4_BKO0430glu10min_740nm_3024mW_u1_poc0p2_20x0p75NA_535s50_g70_z1_256pix_basicFLIM_60f_0008,E:\18_RK_Circadian\data\raw\20260501_KPC_fixed_dishes_on_SLIM\batch1\fitet-sz-c3-b7\4_BKO0430glu10min_740nm_3024mW_u1_poc0p2_20x0p75NA_535s50_g70_z1_256pix_basicFLIM_60f_0008_fit_mask.npy,3,65536,38017,58.0,749.3405095702454,747.3948993955554,48.10740383888911,0.0643667810387725,2.4292577407752094,2.4876050414401822,0.5279554021814123,0.2122344155870323
4_BKO0430glu10min_740nm_3024mW_u1_poc0p2_20x0p75NA_535s50_g70_z1_256pix_basicFLIM_60f_0009.sdt,20260501_KPC_fixed_dishes_on_SLIM,glu,BKO,535,0.2,2026-05-02 03:14:21.427754,20260501_KPC_fixed_dishes_on_SLIM::batch1\fitet-sz-c3-b7::4_BKO0430glu10min_740nm_3024mW_u1_poc0p2_20x0p75NA_535s50_g70_z1_256pix_basicFLIM_60f_0009,E:\18_RK_Circadian\data\raw\20260501_KPC_fixed_dishes_on_SLIM\batch1\fitet-sz-c3-b7\4_BKO0430glu10min_740nm_3024mW_u1_poc0p2_20x0p75NA_535s50_g70_z1_256pix_basicFLIM_60f_0009_fit_mask.npy,3,65536,64379,98.2,744.2818784700262,742.6602175605785,49.638394259184224,0.06683863371897289,2.3983524146976953,2.442407440205921,0.49562219640472976,0.20292363519943404
4_BKO0430glu10min_740nm_3024mW_u1_poc0p2_20x0p75NA_535s50_g70_z1_256pix_basicFLIM_40f_0000.sdt,20260501_KPC_fixed_dishes_on_SLIM,glu,BKO,535,0.2,2026-05-02 03:15:04.902694,20260501_KPC_fixed_dishes_on_SLIM::batch1\fitet-sz-c3-b7::4_BKO0430glu10min_740nm_3024mW_u1_poc0p2_20x0p75NA_535s50_g70_z1_256pix_basicFLIM_40f_0000,E:\18_RK_Circadian\data\raw\20260501_KPC_fixed_dishes_on_SLIM\batch1\fitet-sz-c3-b7\4_BKO0430glu10min_740nm_3024mW_u1_poc0p2_20x0p75NA_535s50_g70_z1_256pix_basicFLIM_40f_0000_fit_mask.npy,3,65536,40538,61.9,729.2595464407347,730.5809802163661,56.754577019609386,0.07768416993664572,2.397554053265562,2.424332257150692,0.5071659727136494,0.20919821167982952
4_BKO0430glu10min_740nm_3024mW_u1_poc0p2_20x0p75NA_535s50_g70_z1_256pix_basicFLIM_40f_0001.sdt,20260501_KPC_fixed_dishes_on_SLIM,glu,BKO,535,0.2,2026-05-02 03:15:29.566742,20260501_KPC_fixed_dishes_on_SLIM::batch1\fitet-sz-c3-b7::4_BKO0430glu10min_740nm_3024mW_u1_poc0p2_20x0p75NA_535s50_g70_z1_256pix_basicFLIM_40f_0001,E:\18_RK_Circadian\data\raw\20260501_KPC_fixed_dishes_on_SLIM\batch1\fitet-sz-c3-b7\4_BKO0430glu10min_740nm_3024mW_u1_poc0p2_20x0p75NA_535s50_g70_z1_256pix_basicFLIM_40f_0001_fit_mask.npy,3,65536,37332,57.0,741.2431671828499,740.3951882868438,55.04628879130843,0.07434717251293427,2.4048237654893034,2.4551763343435336,0.5292361905899953,0.21555934015285413
4_BKO0430glu10min_740nm_3024mW_u1_poc0p2_20x0p75NA_535s50_g70_z1_256pix_basicFLIM_40f_0002.sdt,20260501_KPC_fixed_dishes_on_SLIM,glu,BKO,535,0.2,2026-05-02 03:15:53.913062,20260501_KPC_fixed_dishes_on_SLIM::batch1\fitet-sz-c3-b7::4_BKO0430glu10min_740nm_3024mW_u1_poc0p2_20x0p75NA_535s50_g70_z1_256pix_basicFLIM_40f_0002,E:\18_RK_Circadian\data\raw\20260501_KPC_fixed_dishes_on_SLIM\batch1\fitet-sz-c3-b7\4_BKO0430glu10min_740nm_3024mW_u1_poc0p2_20x0p75NA_535s50_g70_z1_256pix_basicFLIM_40f_0002_fit_mask.npy,3,65536,15137,23.1,720.1387581377667,721.2188836978164,60.37411469102858,0.08371122284191984,2.3840204448438556,2.4122055875667225,0.5026202539268562,0.20836542976167594
4_BKO0430glu10min_740nm_3024mW_u1_poc0p2_20x0p75NA_535s50_g70_z1_256pix_basicFLIM_40f_0003.sdt,20260501_KPC_fixed_dishes_on_SLIM,glu,BKO,535,0.2,2026-05-02 03:16:17.809610,20260501_KPC_fixed_dishes_on_SLIM::batch1\fitet-sz-c3-b7::4_BKO0430glu10min_740nm_3024mW_u1_poc0p2_20x0p75NA_535s50_g70_z1_256pix_basicFLIM_40f_0003,E:\18_RK_Circadian\data\raw\20260501_KPC_fixed_dishes_on_SLIM\batch1\fitet-sz-c3-b7\4_BKO0430glu10min_740nm_3024mW_u1_poc0p2_20x0p75NA_535s50_g70_z1_256pix_basicFLIM_40f_0003_fit_mask.npy,3,65536,31980,48.8,732.7084264586673,733.6309740168743,62.006506038565206,0.08452002196561971,2.3398184596880798,2.3673253598188118,0.49245916099902004,0.20802343833156564
4_BKO0430glu10min_740nm_3024mW_u1_poc0p2_20x0p75NA_535s50_g70_z1_256pix_basicFLIM_40f_0004.sdt,20260501_KPC_fixed_dishes_on_SLIM,glu,BKO,535,0.2,2026-05-02 03:16:42.653585,20260501_KPC_fixed_dishes_on_SLIM::batch1\fitet-sz-c3-b7::4_BKO0430glu10min_740nm_3024mW_u1_poc0p2_20x0p75NA_535s50_g70_z1_256pix_basicFLIM_40f_0004,E:\18_RK_Circadian\data\raw\20260501_KPC_fixed_dishes_on_SLIM\batch1\fitet-sz-c3-b7\4_BKO0430glu10min_740nm_3024mW_u1_poc0p2_20x0p75NA_535s50_g70_z1_256pix_basicFLIM_40f_0004_fit_mask.npy,3,65536,17387,26.5,732.8868300219365,737.2300600465665,68.69615689222053,0.09318143767480316,2.4105532619914176,2.457454052937298,0.6184669164188045,0.2516697781916107
4_BKO0430glu10min_740nm_3024mW_u1_poc0p2_20x0p75NA_535s50_g70_z1_256pix_basicFLIM_40f_0005.sdt,20260501_KPC_fixed_dishes_on_SLIM,glu,BKO,535,0.2,2026-05-02 03:17:07.129931,20260501_KPC_fixed_dishes_on_SLIM::batch1\fitet-sz-c3-b7::4_BKO0430glu10min_740nm_3024mW_u1_poc0p2_20x0p75NA_535s50_g70_z1_256pix_basicFLIM_40f_0005,E:\18_RK_Circadian\data\raw\20260501_KPC_fixed_dishes_on_SLIM\batch1\fitet-sz-c3-b7\4_BKO0430glu10min_740nm_3024mW_u1_poc0p2_20x0p75NA_535s50_g70_z1_256pix_basicFLIM_40f_0005_fit_mask.npy,3,65536,12828,19.6,736.0206411689635,735.9262484992037,52.440971389950874,0.07125846033742554,2.476185458284432,2.5061462762562,0.4839434753721663,0.1931026452674199
4_BKO0430glu10min_740nm_3024mW_u1_poc0p2_20x0p75NA_535s50_g70_z1_256pix_basicFLIM_40f_0006.sdt,20260501_KPC_fixed_dishes_on_SLIM,glu,BKO,535,0.2,2026-05-02 03:17:32.161737,20260501_KPC_fixed_dishes_on_SLIM::batch1\fitet-sz-c3-b7::4_BKO0430glu10min_740nm_3024mW_u1_poc0p2_20x0p75NA_535s50_g70_z1_256pix_basicFLIM_40f_0006,E:\18_RK_Circadian\data\raw\20260501_KPC_fixed_dishes_on_SLIM\batch1\fitet-sz-c3-b7\4_BKO0430glu10min_740nm_3024mW_u1_poc0p2_20x0p75NA_535s50_g70_z1_256pix_basicFLIM_40f_0006_fit_mask.npy,3,65536,49524,75.6,723.5813034761752,722.4031722103493,53.749324720628444,0.07440350041123257,2.398028182737127,2.4233930658979532,0.4809724370648202,0.19847066653489942
4_BKO0430glu10min_740nm_3024mW_u1_poc0p2_20x0p75NA_535s50_g70_z1_256pix_basicFLIM_40f_0007.sdt,20260501_KPC_fixed_dishes_on_SLIM,glu,BKO,535,0.2,2026-05-02 03:17:57.552062,20260501_KPC_fixed_dishes_on_SLIM::batch1\fitet-sz-c3-b7::4_BKO0430glu10min_740nm_3024mW_u1_poc0p2_20x0p75NA_535s50_g70_z1_256pix_basicFLIM_40f_0007,E:\18_RK_Circadian\data\raw\20260501_KPC_fixed_dishes_on_SLIM\batch1\fitet-sz-c3-b7\4_BKO0430glu10min_740nm_3024mW_u1_poc0p2_20x0p75NA_535s50_g70_z1_256pix_basicFLIM_40f_0007_fit_mask.npy,3,65536,20939,32.0,727.8425442445158,725.8829449257802,59.66067588758547,0.08219049132458352,2.4425954472127622,2.4635577729809186,0.5012551303968268,0.20346798272577357
4_BKO0430glu10min_740nm_3024mW_u1_poc0p2_20x0p75NA_535s50_g70_z1_256pix_basicFLIM_40f_0008.sdt,20260501_KPC_fixed_dishes_on_SLIM,glu,BKO,535,0.2,2026-05-02 03:18:21.389256,20260501_KPC_fixed_dishes_on_SLIM::batch1\fitet-sz-c3-b7::4_BKO0430glu10min_740nm_3024mW_u1_poc0p2_20x0p75NA_535s50_g70_z1_256pix_basicFLIM_40f_0008,E:\18_RK_Circadian\data\raw\20260501_KPC_fixed_dishes_on_SLIM\batch1\fitet-sz-c3-b7\4_BKO0430glu10min_740nm_3024mW_u1_poc0p2_20x0p75NA_535s50_g70_z1_256pix_basicFLIM_40f_0008_fit_mask.npy,3,65536,17153,26.2,750.0145022204265,749.9775957094782,57.925584629213716,0.07723642007521059,2.4105394919958636,2.4635480403313,0.5514553235548898,0.2238459792652266
4_BKO0430glu10min_740nm_3024mW_u1_poc0p2_20x0p75NA_535s50_g70_z1_256pix_basicFLIM_40f_0009.sdt,20260501_KPC_fixed_dishes_on_SLIM,glu,BKO,535,0.2,2026-05-02 03:18:45.193245,20260501_KPC_fixed_dishes_on_SLIM::batch1\fitet-sz-c3-b7::4_BKO0430glu10min_740nm_3024mW_u1_poc0p2_20x0p75NA_535s50_g70_z1_256pix_basicFLIM_40f_0009,E:\18_RK_Circadian\data\raw\20260501_KPC_fixed_dishes_on_SLIM\batch1\fitet-sz-c3-b7\4_BKO0430glu10min_740nm_3024mW_u1_poc0p2_20x0p75NA_535s50_g70_z1_256pix_basicFLIM_40f_0009_fit_mask.npy,3,65536,46029,70.2,741.6798370299631,743.1220085008281,60.56376199663328,0.08149908265913752,2.3630734113835503,2.40070117874133,0.5240341940871365,0.21828380755071056
4_BKO0430glu10min_740nm_3038mW_u1_poc0p2_20x0p75NA_457s50_g70_z1_256pix_basicFLIM_100f_0000.sdt,20260501_KPC_fixed_dishes_on_SLIM,glu,BKO,457,0.2,2026-05-02 03:22:09.120483,20260501_KPC_fixed_dishes_on_SLIM::batch1\fitet-sz-c3-b7::4_BKO0430glu10min_740nm_3038mW_u1_poc0p2_20x0p75NA_457s50_g70_z1_256pix_basicFLIM_100f_0000,E:\18_RK_Circadian\data\raw\20260501_KPC_fixed_dishes_on_SLIM\batch1\fitet-sz-c3-b7\4_BKO0430glu10min_740nm_3038mW_u1_poc0p2_20x0p75NA_457s50_g70_z1_256pix_basicFLIM_100f_0000_fit_mask.npy,3,65536,63508,96.9,661.3333615426277,667.9051717068712,59.57516323709231,0.08919703838322506,3.4379570590323163,3.442501599035574,0.4903422904453989,0.14243778146182112
4_BKO0430glu10min_740nm_3038mW_u1_poc0p2_20x0p75NA_457s50_g70_z1_256pix_basicFLIM_100f_0001.sdt,20260501_KPC_fixed_dishes_on_SLIM,glu,BKO,457,0.2,2026-05-02 03:23:07.402745,20260501_KPC_fixed_dishes_on_SLIM::batch1\fitet-sz-c3-b7::4_BKO0430glu10min_740nm_3038mW_u1_poc0p2_20x0p75NA_457s50_g70_z1_256pix_basicFLIM_100f_0001,E:\18_RK_Circadian\data\raw\20260501_KPC_fixed_dishes_on_SLIM\batch1\fitet-sz-c3-b7\4_BKO0430glu10min_740nm_3038mW_u1_poc0p2_20x0p75NA_457s50_g70_z1_256pix_basicFLIM_100f_0001_fit_mask.npy,3,65536,57824,88.2,657.264222712629,664.6658833056847,62.9471268112602,0.0947049162478381,3.430272686572887,3.454343905634037,0.5067015306917154,0.14668531696143078
4_BKO0430glu10min_740nm_3038mW_u1_poc0p2_20x0p75NA_457s50_g70_z1_256pix_basicFLIM_100f_0002.sdt,20260501_KPC_fixed_dishes_on_SLIM,glu,BKO,457,0.2,2026-05-02 03:24:05.458550,20260501_KPC_fixed_dishes_on_SLIM::batch1\fitet-sz-c3-b7::4_BKO0430glu10min_740nm_3038mW_u1_poc0p2_20x0p75NA_457s50_g70_z1_256pix_basicFLIM_100f_0002,E:\18_RK_Circadian\data\raw\20260501_KPC_fixed_dishes_on_SLIM\batch1\fitet-sz-c3-b7\4_BKO0430glu10min_740nm_3038mW_u1_poc0p2_20x0p75NA_457s50_g70_z1_256pix_basicFLIM_100f_0002_fit_mask.npy,3,65536,44135,67.3,663.7350489118428,673.222761355004,70.62965416552089,0.10491275432126461,3.446850635607685,3.463022345749165,0.5670044482735526,0.1637310971930477
4_BKO0430glu10min_740nm_3038mW_u1_poc0p2_20x0p75NA_457s50_g70_z1_256pix_basicFLIM_100f_0003.sdt,20260501_KPC_fixed_dishes_on_SLIM,glu,BKO,457,0.2,2026-05-02 03:25:02.866493,20260501_KPC_fixed_dishes_on_SLIM::batch1\fitet-sz-c3-b7::4_BKO0430glu10min_740nm_3038mW_u1_poc0p2_20x0p75NA_457s50_g70_z1_256pix_basicFLIM_100f_0003,E:\18_RK_Circadian\data\raw\20260501_KPC_fixed_dishes_on_SLIM\batch1\fitet-sz-c3-b7\4_BKO0430glu10min_740nm_3038mW_u1_poc0p2_20x0p75NA_457s50_g70_z1_256pix_basicFLIM_100f_0003_fit_mask.npy,3,65536,63097,96.3,672.3685098662248,678.5132855378299,62.90071577709876,0.09270373494196199,3.3396770194335765,3.3533049362585925,0.4775570682139831,0.14241385060161316
4_BKO0430glu10min_740nm_3038mW_u1_poc0p2_20x0p75NA_457s50_g70_z1_256pix_basicFLIM_100f_0004.sdt,20260501_KPC_fixed_dishes_on_SLIM,glu,BKO,457,0.2,2026-05-02 03:26:01.218925,20260501_KPC_fixed_dishes_on_SLIM::batch1\fitet-sz-c3-b7::4_BKO0430glu10min_740nm_3038mW_u1_poc0p2_20x0p75NA_457s50_g70_z1_256pix_basicFLIM_100f_0004,E:\18_RK_Circadian\data\raw\20260501_KPC_fixed_dishes_on_SLIM\batch1\fitet-sz-c3-b7\4_BKO0430glu10min_740nm_3038mW_u1_poc0p2_20x0p75NA_457s50_g70_z1_256pix_basicFLIM_100f_0004_fit_mask.npy,3,65536,61110,93.2,669.2202479057111,677.49945470915,66.95751499258907,0.09883035997620675,3.2985959103297535,3.318643352928375,0.512595634332441,0.1544593919319851
4_BKO0430glu10min_740nm_3038mW_u1_poc0p2_20x0p75NA_457s50_g70_z1_256pix_basicFLIM_100f_0005.sdt,20260501_KPC_fixed_dishes_on_SLIM,glu,BKO,457,0.2,2026-05-02 03:26:59.249065,20260501_KPC_fixed_dishes_on_SLIM::batch1\fitet-sz-c3-b7::4_BKO0430glu10min_740nm_3038mW_u1_poc0p2_20x0p75NA_457s50_g70_z1_256pix_basicFLIM_100f_0005,E:\18_RK_Circadian\data\raw\20260501_KPC_fixed_dishes_on_SLIM\batch1\fitet-sz-c3-b7\4_BKO0430glu10min_740nm_3038mW_u1_poc0p2_20x0p75NA_457s50_g70_z1_256pix_basicFLIM_100f_0005_fit_mask.npy,3,65536,21159,32.3,692.1975226037298,700.7413336882233,63.576046970727994,0.09072684015385127,3.2840196943060556,3.2748585573127746,0.41909639971507934,0.12797389333937342
4_BKO0430glu10min_740nm_3038mW_u1_poc0p2_20x0p75NA_457s50_g70_z1_256pix_basicFLIM_100f_0006.sdt,20260501_KPC_fixed_dishes_on_SLIM,glu,BKO,457,0.2,2026-05-02 03:27:57.904913,20260501_KPC_fixed_dishes_on_SLIM::batch1\fitet-sz-c3-b7::4_BKO0430glu10min_740nm_3038mW_u1_poc0p2_20x0p75NA_457s50_g70_z1_256pix_basicFLIM_100f_0006,E:\18_RK_Circadian\data\raw\20260501_KPC_fixed_dishes_on_SLIM\batch1\fitet-sz-c3-b7\4_BKO0430glu10min_740nm_3038mW_u1_poc0p2_20x0p75NA_457s50_g70_z1_256pix_basicFLIM_100f_0006_fit_mask.npy,3,65536,61522,93.9,658.6702366966604,667.2266101276954,57.834056361689925,0.08667828213659151,3.4856309387185904,3.494908770522763,0.43290514952211684,0.12386736763299362
4_BKO0430glu10min_740nm_3038mW_u1_poc0p2_20x0p75NA_457s50_g70_z1_256pix_basicFLIM_100f_0007.sdt,20260501_KPC_fixed_dishes_on_SLIM,glu,BKO,457,0.2,2026-05-02 03:28:56.949966,20260501_KPC_fixed_dishes_on_SLIM::batch1\fitet-sz-c3-b7::4_BKO0430glu10min_740nm_3038mW_u1_poc0p2_20x0p75NA_457s50_g70_z1_256pix_basicFLIM_100f_0007,E:\18_RK_Circadian\data\raw\20260501_KPC_fixed_dishes_on_SLIM\batch1\fitet-sz-c3-b7\4_BKO0430glu10min_740nm_3038mW_u1_poc0p2_20x0p75NA_457s50_g70_z1_256pix_basicFLIM_100f_0007_fit_mask.npy,3,65536,58919,89.9,673.4898434778033,682.9461109202854,70.9454875119997,0.10388153088154942,3.3588364425086805,3.376732042297468,0.5437151659560648,0.16101815576285136
4_BKO0430glu10min_740nm_3038mW_u1_poc0p2_20x0p75NA_457s50_g70_z1_256pix_basicFLIM_100f_0008.sdt,20260501_KPC_fixed_dishes_on_SLIM,glu,BKO,457,0.2,2026-05-02 03:29:54.442088,20260501_KPC_fixed_dishes_on_SLIM::batch1\fitet-sz-c3-b7::4_BKO0430glu10min_740nm_3038mW_u1_poc0p2_20x0p75NA_457s50_g70_z1_256pix_basicFLIM_100f_0008,E:\18_RK_Circadian\data\raw\20260501_KPC_fixed_dishes_on_SLIM\batch1\fitet-sz-c3-b7\4_BKO0430glu10min_740nm_3038mW_u1_poc0p2_20x0p75NA_457s50_g70_z1_256pix_basicFLIM_100f_0008_fit_mask.npy,3,65536,40080,61.2,665.0564116075516,676.7845212167528,73.8596886809693,0.10913324162346551,3.4246923281525508,3.441572548542195,0.5177850139767787,0.15045012321361803
4_BKO0430glu10min_740nm_3038mW_u1_poc0p2_20x0p75NA_457s50_g70_z1_256pix_basicFLIM_100f_0009.sdt,20260501_KPC_fixed_dishes_on_SLIM,glu,BKO,457,0.2,2026-05-02 03:30:51.721094,20260501_KPC_fixed_dishes_on_SLIM::batch1\fitet-sz-c3-b7::4_BKO0430glu10min_740nm_3038mW_u1_poc0p2_20x0p75NA_457s50_g70_z1_256pix_basicFLIM_100f_0009,E:\18_RK_Circadian\data\raw\20260501_KPC_fixed_dishes_on_SLIM\batch1\fitet-sz-c3-b7\4_BKO0430glu10min_740nm_3038mW_u1_poc0p2_20x0p75NA_457s50_g70_z1_256pix_basicFLIM_100f_0009_fit_mask.npy,3,65536,64574,98.5,667.6729809720264,673.973814108677,59.9929423892472,0.0890137585962256,3.413088769779164,3.443179273936828,0.4604100422377298,0.13371654671681116
13_KPC_live_posn1_740nm_3040mW_u1_poc0p2_20x0p75NA_4570s50_g70_z1_256pix_basicFLIM_120f_0000.sdt,20260501_KPC_fixed_dishes_on_SLIM,live,KPCWT,457,0.2,2026-05-02 10:36:08.951813,20260501_KPC_fixed_dishes_on_SLIM::batch2\fitet-sz-c2-b10::13_KPC_live_posn1_740nm_3040mW_u1_poc0p2_20x0p75NA_4570s50_g70_z1_256pix_basicFLIM_120f_0000,E:\18_RK_Circadian\data\raw\20260501_KPC_fixed_dishes_on_SLIM\batch2\fitet-sz-c2-b10\13_KPC_live_posn1_740nm_3040mW_u1_poc0p2_20x0p75NA_4570s50_g70_z1_256pix_basicFLIM_120f_0000_fit_mask.npy,2,65536,64835,98.9,846.2342529244145,844.4681863600177,72.2779683228063,0.08558992451136864,3.3891487266705456,3.4185611366860704,0.6017177236645511,0.17601490791176902
13_KPC_live_posn1_740nm_3040mW_u1_poc0p2_20x0p75NA_4570s50_g70_z1_256pix_basicFLIM_120f_0001.sdt,20260501_KPC_fixed_dishes_on_SLIM,live,KPCWT,457,0.2,2026-05-02 10:37:16.977535,20260501_KPC_fixed_dishes_on_SLIM::batch2\fitet-sz-c2-b10::13_KPC_live_posn1_740nm_3040mW_u1_poc0p2_20x0p75NA_4570s50_g70_z1_256pix_basicFLIM_120f_0001,E:\18_RK_Circadian\data\raw\20260501_KPC_fixed_dishes_on_SLIM\batch2\fitet-sz-c2-b10\13_KPC_live_posn1_740nm_3040mW_u1_poc0p2_20x0p75NA_4570s50_g70_z1_256pix_basicFLIM_120f_0001_fit_mask.npy,2,65536,65011,99.2,870.7924212633773,879.6684138187638,67.5534866498584,0.0767942620067478,3.242274704712209,3.005296191621777,0.7607519435747612,0.25313709367336246
13_KPC_live_posn1_740nm_3040mW_u1_poc0p2_20x0p75NA_4570s50_g70_z1_256pix_basicFLIM_120f_0002.sdt,20260501_KPC_fixed_dishes_on_SLIM,live,KPCWT,457,0.2,2026-05-02 10:38:24.763521,20260501_KPC_fixed_dishes_on_SLIM::batch2\fitet-sz-c2-b10::13_KPC_live_posn1_740nm_3040mW_u1_poc0p2_20x0p75NA_4570s50_g70_z1_256pix_basicFLIM_120f_0002,E:\18_RK_Circadian\data\raw\20260501_KPC_fixed_dishes_on_SLIM\batch2\fitet-sz-c2-b10\13_KPC_live_posn1_740nm_3040mW_u1_poc0p2_20x0p75NA_4570s50_g70_z1_256pix_basicFLIM_120f_0002_fit_mask.npy,2,65536,64618,98.6,891.5730470500524,899.7946159226334,72.81037262134431,0.08091888007874536,2.9195665223318232,2.6629000196592623,0.887084889903049,0.33312737367306716
13_KPC_live_posn1_740nm_3040mW_u1_poc0p2_20x0p75NA_4570s50_g70_z1_256pix_basicFLIM_120f_0003.sdt,20260501_KPC_fixed_dishes_on_SLIM,live,KPCWT,457,0.2,2026-05-02 10:39:32.542870,20260501_KPC_fixed_dishes_on_SLIM::batch2\fitet-sz-c2-b10::13_KPC_live_posn1_740nm_3040mW_u1_poc0p2_20x0p75NA_4570s50_g70_z1_256pix_basicFLIM_120f_0003,E:\18_RK_Circadian\data\raw\20260501_KPC_fixed_dishes_on_SLIM\batch2\fitet-sz-c2-b10\13_KPC_live_posn1_740nm_3040mW_u1_poc0p2_20x0p75NA_4570s50_g70_z1_256pix_basicFLIM_120f_0003_fit_mask.npy,2,65536,64650,98.6,908.3520506989539,916.718135510338,87.00635240184182,0.09491069177267371,2.019209679351839,2.220223773753408,0.8065086241036421,0.3632555572270969
13_KPC_live_posn1b_740nm_3040mW_u1_poc0p2_20x0p75NA_535s50_g70_z1_256pix_basicFLIM_120f_0000.sdt,20260501_KPC_fixed_dishes_on_SLIM,live,KPCWT,535,0.2,2026-05-02 10:50:43.884449,20260501_KPC_fixed_dishes_on_SLIM::batch2\fitet-sz-c2-b10::13_KPC_live_posn1b_740nm_3040mW_u1_poc0p2_20x0p75NA_535s50_g70_z1_256pix_basicFLIM_120f_0000,E:\18_RK_Circadian\data\raw\20260501_KPC_fixed_dishes_on_SLIM\batch2\fitet-sz-c2-b10\13_KPC_live_posn1b_740nm_3040mW_u1_poc0p2_20x0p75NA_535s50_g70_z1_256pix_basicFLIM_120f_0000_fit_mask.npy,2,65536,63636,97.1,638.9962266813766,637.5948610179724,91.87732152332644,0.14409984637679915,3.482929185848029,3.5401671840736717,0.7505953803085285,0.21202258008753644
13_KPC_live_posn1b_740nm_3040mW_u1_poc0p2_20x0p75NA_535s50_g70_z1_256pix_basicFLIM_120f_0001.sdt,20260501_KPC_fixed_dishes_on_SLIM,live,KPCWT,535,0.2,2026-05-02 10:51:51.847521,20260501_KPC_fixed_dishes_on_SLIM::batch2\fitet-sz-c2-b10::13_KPC_live_posn1b_740nm_3040mW_u1_poc0p2_20x0p75NA_535s50_g70_z1_256pix_basicFLIM_120f_0001,E:\18_RK_Circadian\data\raw\20260501_KPC_fixed_dishes_on_SLIM\batch2\fitet-sz-c2-b10\13_KPC_live_posn1b_740nm_3040mW_u1_poc0p2_20x0p75NA_535s50_g70_z1_256pix_basicFLIM_120f_0001_fit_mask.npy,2,65536,64196,98.0,665.6733982141849,677.2226229893109,89.14217030869378,0.13162904971368738,3.423440703467306,3.3668802623285425,0.6729291187905083,0.19986725584506201
13_KPC_live_posn1b_740nm_3040mW_u1_poc0p2_20x0p75NA_535s50_g70_z1_256pix_basicFLIM_120f_0002.sdt,20260501_KPC_fixed_dishes_on_SLIM,live,KPCWT,535,0.2,2026-05-02 10:52:59.392850,20260501_KPC_fixed_dishes_on_SLIM::batch2\fitet-sz-c2-b10::13_KPC_live_posn1b_740nm_3040mW_u1_poc0p2_20x0p75NA_535s50_g70_z1_256pix_basicFLIM_120f_0002,E:\18_RK_Circadian\data\raw\20260501_KPC_fixed_dishes_on_SLIM\batch2\fitet-sz-c2-b10\13_KPC_live_posn1b_740nm_3040mW_u1_poc0p2_20x0p75NA_535s50_g70_z1_256pix_basicFLIM_120f_0002_fit_mask.npy,2,65536,63063,96.2,689.9411182666057,711.3271249680084,100.89873070160772,0.14184575163803234,3.3258792498838123,3.203515100546346,0.6275719321438119,0.19590103759360528
13_KPC_live_posn1b_740nm_3040mW_u1_poc0p2_20x0p75NA_535s50_g70_z1_256pix_basicFLIM_120f_0003.sdt,20260501_KPC_fixed_dishes_on_SLIM,live,KPCWT,535,0.2,2026-05-02 10:54:07.329168,20260501_KPC_fixed_dishes_on_SLIM::batch2\fitet-sz-c2-b10::13_KPC_live_posn1b_740nm_3040mW_u1_poc0p2_20x0p75NA_535s50_g70_z1_256pix_basicFLIM_120f_0003,E:\18_RK_Circadian\data\raw\20260501_KPC_fixed_dishes_on_SLIM\batch2\fitet-sz-c2-b10\13_KPC_live_posn1b_740nm_3040mW_u1_poc0p2_20x0p75NA_535s50_g70_z1_256pix_basicFLIM_120f_0003_fit_mask.npy,2,65536,61613,94.0,730.1570033447719,745.7102014007937,99.33103690557736,0.13320326947249356,2.8588077810594474,2.9196582092387913,0.5714487694184912,0.195724543239422
14_KPC_live_posn2_740nm_3040mW_u1_poc0p2_20x0p75NA_535s50_g70_z1_256pix_basicFLIM_120f_0000.sdt,20260501_KPC_fixed_dishes_on_SLIM,live,KPCWT,535,0.2,2026-05-02 11:00:37.351133,20260501_KPC_fixed_dishes_on_SLIM::batch2\fitet-sz-c2-b10::14_KPC_live_posn2_740nm_3040mW_u1_poc0p2_20x0p75NA_535s50_g70_z1_256pix_basicFLIM_120f_0000,E:\18_RK_Circadian\data\raw\20260501_KPC_fixed_dishes_on_SLIM\batch2\fitet-sz-c2-b10\14_KPC_live_posn2_740nm_3040mW_u1_poc0p2_20x0p75NA_535s50_g70_z1_256pix_basicFLIM_120f_0000_fit_mask.npy,2,65536,57891,88.3,687.9380009078386,705.6820723884274,143.53833389790069,0.20340368490882269,2.81569916851754,2.8964902386965052,0.6970375859010886,0.2406490367510347
14_KPC_live_posn2_740nm_3040mW_u1_poc0p2_20x0p75NA_535s50_g70_z1_256pix_basicFLIM_120f_0001.sdt,20260501_KPC_fixed_dishes_on_SLIM,live,KPCWT,535,0.2,2026-05-02 11:01:45.344086,20260501_KPC_fixed_dishes_on_SLIM::batch2\fitet-sz-c2-b10::14_KPC_live_posn2_740nm_3040mW_u1_poc0p2_20x0p75NA_535s50_g70_z1_256pix_basicFLIM_120f_0001,E:\18_RK_Circadian\data\raw\20260501_KPC_fixed_dishes_on_SLIM\batch2\fitet-sz-c2-b10\14_KPC_live_posn2_740nm_3040mW_u1_poc0p2_20x0p75NA_535s50_g70_z1_256pix_basicFLIM_120f_0001_fit_mask.npy,2,65536,57809,88.2,717.7869441532064,731.9876013623059,112.78508484006394,0.1540805945758631,2.802777630719819,2.8424558728507443,0.5641041744893281,0.19845661629342343
14_KPC_live_posn2_740nm_3040mW_u1_poc0p2_20x0p75NA_535s50_g70_z1_256pix_basicFLIM_120f_0002.sdt,20260501_KPC_fixed_dishes_on_SLIM,live,KPCWT,535,0.2,2026-05-02 11:02:53.250075,20260501_KPC_fixed_dishes_on_SLIM::batch2\fitet-sz-c2-b10::14_KPC_live_posn2_740nm_3040mW_u1_poc0p2_20x0p75NA_535s50_g70_z1_256pix_basicFLIM_120f_0002,E:\18_RK_Circadian\data\raw\20260501_KPC_fixed_dishes_on_SLIM\batch2\fitet-sz-c2-b10\14_KPC_live_posn2_740nm_3040mW_u1_poc0p2_20x0p75NA_535s50_g70_z1_256pix_basicFLIM_120f_0002_fit_mask.npy,2,65536,55919,85.3,728.3386146893728,742.536902455053,104.2851879378995,0.1404444514381722,2.7194359189397757,2.7460451426792547,0.5065542660160615,0.18446683856108345
14_KPC_live_posn2_740nm_3040mW_u1_poc0p2_20x0p75NA_457s50_g70_z1_256pix_basicFLIM_120f_0000.sdt,20260501_KPC_fixed_dishes_on_SLIM,live,KPCWT,457,0.2,2026-05-02 11:05:14.243167,20260501_KPC_fixed_dishes_on_SLIM::batch2\fitet-sz-c2-b10::14_KPC_live_posn2_740nm_3040mW_u1_poc0p2_20x0p75NA_457s50_g70_z1_256pix_basicFLIM_120f_0000,E:\18_RK_Circadian\data\raw\20260501_KPC_fixed_dishes_on_SLIM\batch2\fitet-sz-c2-b10\14_KPC_live_posn2_740nm_3040mW_u1_poc0p2_20x0p75NA_457s50_g70_z1_256pix_basicFLIM_120f_0000_fit_mask.npy,2,65536,60545,92.4,814.7088666286163,826.5228235868709,144.45104560398352,0.17476957862713047,2.160388150368822,2.3452539648008868,0.8921486327669274,0.3804059799735468
14_KPC_live_posn2_740nm_3040mW_u1_poc0p2_20x0p75NA_457s50_g70_z1_256pix_basicFLIM_120f_0001.sdt,20260501_KPC_fixed_dishes_on_SLIM,live,KPCWT,457,0.2,2026-05-02 11:06:22.121106,20260501_KPC_fixed_dishes_on_SLIM::batch2\fitet-sz-c2-b10::14_KPC_live_posn2_740nm_3040mW_u1_poc0p2_20x0p75NA_457s50_g70_z1_256pix_basicFLIM_120f_0001,E:\18_RK_Circadian\data\raw\20260501_KPC_fixed_dishes_on_SLIM\batch2\fitet-sz-c2-b10\14_KPC_live_posn2_740nm_3040mW_u1_poc0p2_20x0p75NA_457s50_g70_z1_256pix_basicFLIM_120f_0001_fit_mask.npy,2,65536,63292,96.6,872.1266577985191,879.3669240805993,121.80395863928814,0.1385132364020142,1.7754994389927987,2.1437425083310075,0.912215084469055,0.42552455853443527
14_KPC_live_posn2_740nm_3040mW_u1_poc0p2_20x0p75NA_457s50_g70_z1_256pix_basicFLIM_120f_0002.sdt,20260501_KPC_fixed_dishes_on_SLIM,live,KPCWT,457,0.2,2026-05-02 11:07:30.033550,20260501_KPC_fixed_dishes_on_SLIM::batch2\fitet-sz-c2-b10::14_KPC_live_posn2_740nm_3040mW_u1_poc0p2_20x0p75NA_457s50_g70_z1_256pix_basicFLIM_120f_0002,E:\18_RK_Circadian\data\raw\20260501_KPC_fixed_dishes_on_SLIM\batch2\fitet-sz-c2-b10\14_KPC_live_posn2_740nm_3040mW_u1_poc0p2_20x0p75NA_457s50_g70_z1_256pix_basicFLIM_120f_0002_fit_mask.npy,2,65536,63983,97.6,891.5558385546153,901.6768688666116,118.98744983313566,0.1319624068683278,1.6118851309876554,1.9385270235876302,0.7710326507322953,0.3977415023626268
15_KPC_live_posn3_740nm_3040mW_u1_poc0p2_20x0p75NA_457s50_g70_z1_256pix_basicFLIM_120f_0000.sdt,20260501_KPC_fixed_dishes_on_SLIM,live,KPCWT,457,0.2,2026-05-02 11:13:43.312986,20260501_KPC_fixed_dishes_on_SLIM::batch2\fitet-sz-c2-b10::15_KPC_live_posn3_740nm_3040mW_u1_poc0p2_20x0p75NA_457s50_g70_z1_256pix_basicFLIM_120f_0000,E:\18_RK_Circadian\data\raw\20260501_KPC_fixed_dishes_on_SLIM\batch2\fitet-sz-c2-b10\15_KPC_live_posn3_740nm_3040mW_u1_poc0p2_20x0p75NA_457s50_g70_z1_256pix_basicFLIM_120f_0000_fit_mask.npy,2,65536,64810,98.9,864.0918148975334,856.8933491434491,80.28859349304433,0.09369730033883544,3.244804431412475,3.2497998823967,0.503529133077232,0.1549415814200484
15_KPC_live_posn3_740nm_3040mW_u1_poc0p2_20x0p75NA_457s50_g70_z1_256pix_basicFLIM_120f_0001.sdt,20260501_KPC_fixed_dishes_on_SLIM,live,KPCWT,457,0.2,2026-05-02 11:14:51.232975,20260501_KPC_fixed_dishes_on_SLIM::batch2\fitet-sz-c2-b10::15_KPC_live_posn3_740nm_3040mW_u1_poc0p2_20x0p75NA_457s50_g70_z1_256pix_basicFLIM_120f_0001,E:\18_RK_Circadian\data\raw\20260501_KPC_fixed_dishes_on_SLIM\batch2\fitet-sz-c2-b10\15_KPC_live_posn3_740nm_3040mW_u1_poc0p2_20x0p75NA_457s50_g70_z1_256pix_basicFLIM_120f_0001_fit_mask.npy,2,65536,65035,99.2,881.1696493903929,881.6499726372977,63.5475489931327,0.07207797988473999,3.1611753143321923,3.092039992545784,0.5344873264637673,0.17285912464013936
15_KPC_live_posn3_740nm_3040mW_u1_poc0p2_20x0p75NA_457s50_g70_z1_256pix_basicFLIM_120f_0002.sdt,20260501_KPC_fixed_dishes_on_SLIM,live,KPCWT,457,0.2,2026-05-02 11:15:59.049926,20260501_KPC_fixed_dishes_on_SLIM::batch2\fitet-sz-c2-b10::15_KPC_live_posn3_740nm_3040mW_u1_poc0p2_20x0p75NA_457s50_g70_z1_256pix_basicFLIM_120f_0002,E:\18_RK_Circadian\data\raw\20260501_KPC_fixed_dishes_on_SLIM\batch2\fitet-sz-c2-b10\15_KPC_live_posn3_740nm_3040mW_u1_poc0p2_20x0p75NA_457s50_g70_z1_256pix_basicFLIM_120f_0002_fit_mask.npy,2,65536,65106,99.3,896.0589109433793,893.1894346053723,61.82224615581706,0.06921515611425842,3.0426525057948375,2.8822620940648322,0.7074352598089445,0.24544445880397156
15_KPC_live_posn3_740nm_3040mW_u1_poc0p2_20x0p75NA_457s50_g70_z1_256pix_basicFLIM_120f_0003.sdt,20260501_KPC_fixed_dishes_on_SLIM,live,KPCWT,457,0.2,2026-05-02 11:17:06.881924,20260501_KPC_fixed_dishes_on_SLIM::batch2\fitet-sz-c2-b10::15_KPC_live_posn3_740nm_3040mW_u1_poc0p2_20x0p75NA_457s50_g70_z1_256pix_basicFLIM_120f_0003,E:\18_RK_Circadian\data\raw\20260501_KPC_fixed_dishes_on_SLIM\batch2\fitet-sz-c2-b10\15_KPC_live_posn3_740nm_3040mW_u1_poc0p2_20x0p75NA_457s50_g70_z1_256pix_basicFLIM_120f_0003_fit_mask.npy,2,65536,64963,99.1,903.667017792728,912.7863061364912,76.54082487356531,0.0838540459678193,2.436939541778317,2.465229939160956,0.7897850495965196,0.3203697298375842
15_KPC_live_posn3_740nm_3040mW_u1_poc0p2_20x0p75NA_457s50_g70_z1_256pix_basicFLIM_120f_0004.sdt,20260501_KPC_fixed_dishes_on_SLIM,live,KPCWT,457,0.2,2026-05-02 11:18:14.720153,20260501_KPC_fixed_dishes_on_SLIM::batch2\fitet-sz-c2-b10::15_KPC_live_posn3_740nm_3040mW_u1_poc0p2_20x0p75NA_457s50_g70_z1_256pix_basicFLIM_120f_0004,E:\18_RK_Circadian\data\raw\20260501_KPC_fixed_dishes_on_SLIM\batch2\fitet-sz-c2-b10\15_KPC_live_posn3_740nm_3040mW_u1_poc0p2_20x0p75NA_457s50_g70_z1_256pix_basicFLIM_120f_0004_fit_mask.npy,2,65536,64215,98.0,918.9811450605024,927.767005188223,85.19050073858922,0.09182316277922169,2.130282291248465,2.3119138161104806,0.8070985730468663,0.34910409177999263
15_KPC_live_posn3_740nm_3040mW_u1_poc0p2_20x0p75NA_535s50_g70_z1_256pix_basicFLIM_120f_0000.sdt,20260501_KPC_fixed_dishes_on_SLIM,live,KPCWT,535,0.2,2026-05-02 11:20:31.205919,20260501_KPC_fixed_dishes_on_SLIM::batch2\fitet-sz-c2-b10::15_KPC_live_posn3_740nm_3040mW_u1_poc0p2_20x0p75NA_535s50_g70_z1_256pix_basicFLIM_120f_0000,E:\18_RK_Circadian\data\raw\20260501_KPC_fixed_dishes_on_SLIM\batch2\fitet-sz-c2-b10\15_KPC_live_posn3_740nm_3040mW_u1_poc0p2_20x0p75NA_535s50_g70_z1_256pix_basicFLIM_120f_0000_fit_mask.npy,2,65536,63761,97.3,669.5850153638648,669.7788625721804,78.89696330046276,0.1177955407512733,3.3738384145899474,3.387354985010062,0.5922803056197451,0.17485037979212142
15_KPC_live_posn3_740nm_3040mW_u1_poc0p2_20x0p75NA_535s50_g70_z1_256pix_basicFLIM_120f_0001.sdt,20260501_KPC_fixed_dishes_on_SLIM,live,KPCWT,535,0.2,2026-05-02 11:21:39.115201,20260501_KPC_fixed_dishes_on_SLIM::batch2\fitet-sz-c2-b10::15_KPC_live_posn3_740nm_3040mW_u1_poc0p2_20x0p75NA_535s50_g70_z1_256pix_basicFLIM_120f_0001,E:\18_RK_Circadian\data\raw\20260501_KPC_fixed_dishes_on_SLIM\batch2\fitet-sz-c2-b10\15_KPC_live_posn3_740nm_3040mW_u1_poc0p2_20x0p75NA_535s50_g70_z1_256pix_basicFLIM_120f_0001_fit_mask.npy,2,65536,64435,98.3,676.4071595081375,687.140334075795,89.22283776182037,0.12984660241466578,3.273616892708473,3.219645939833414,0.5717945655523559,0.17759547982531917
15_KPC_live_posn3_740nm_3040mW_u1_poc0p2_20x0p75NA_535s50_g70_z1_256pix_basicFLIM_120f_0002.sdt,20260501_KPC_fixed_dishes_on_SLIM,live,KPCWT,535,0.2,2026-05-02 11:22:46.637621,20260501_KPC_fixed_dishes_on_SLIM::batch2\fitet-sz-c2-b10::15_KPC_live_posn3_740nm_3040mW_u1_poc0p2_20x0p75NA_535s50_g70_z1_256pix_basicFLIM_120f_0002,E:\18_RK_Circadian\data\raw\20260501_KPC_fixed_dishes_on_SLIM\batch2\fitet-sz-c2-b10\15_KPC_live_posn3_740nm_3040mW_u1_poc0p2_20x0p75NA_535s50_g70_z1_256pix_basicFLIM_120f_0002_fit_mask.npy,2,65536,64855,99.0,706.549506728357,724.124168253941,95.14346699803265,0.1313910944685761,3.122836256891802,3.105157536000934,0.6626083994914287,0.21338962413636117
15_KPC_live_posn3_740nm_3040mW_u1_poc0p2_20x0p75NA_535s50_g70_z1_256pix_basicFLIM_120f_0003.sdt,20260501_KPC_fixed_dishes_on_SLIM,live,KPCWT,535,0.2,2026-05-02 11:23:54.138241,20260501_KPC_fixed_dishes_on_SLIM::batch2\fitet-sz-c2-b10::15_KPC_live_posn3_740nm_3040mW_u1_poc0p2_20x0p75NA_535s50_g70_z1_256pix_basicFLIM_120f_0003,E:\18_RK_Circadian\data\raw\20260501_KPC_fixed_dishes_on_SLIM\batch2\fitet-sz-c2-b10\15_KPC_live_posn3_740nm_3040mW_u1_poc0p2_20x0p75NA_535s50_g70_z1_256pix_basicFLIM_120f_0003_fit_mask.npy,2,65536,63954,97.6,730.9438824492245,745.3117227096993,106.74025128785553,0.14321558085760996,2.8220440703883867,2.9124511353960054,0.6086444718633671,0.20898014887402044
15_KPC_live_posn3_740nm_3040mW_u1_poc0p2_20x0p75NA_535s50_g70_z1_256pix_basicFLIM_120f_0004.sdt,20260501_KPC_fixed_dishes_on_SLIM,live,KPCWT,535,0.2,2026-05-02 11:25:02.000449,20260501_KPC_fixed_dishes_on_SLIM::batch2\fitet-sz-c2-b10::15_KPC_live_posn3_740nm_3040mW_u1_poc0p2_20x0p75NA_535s50_g70_z1_256pix_basicFLIM_120f_0004,E:\18_RK_Circadian\data\raw\20260501_KPC_fixed_dishes_on_SLIM\batch2\fitet-sz-c2-b10\15_KPC_live_posn3_740nm_3040mW_u1_poc0p2_20x0p75NA_535s50_g70_z1_256pix_basicFLIM_120f_0004_fit_mask.npy,2,65536,63182,96.4,743.7767687440335,756.6741623685851,105.77079525459467,0.13978380723811795,2.6980125451077415,2.7889067982862197,0.5597061762750435,0.20069016885719607
16_KPC_live_posn4_740nm_3040mW_u1_poc0p2_20x0p75NA_535s50_g70_z1_256pix_basicFLIM_120f_0000.sdt,20260501_KPC_fixed_dishes_on_SLIM,live,KPCWT,535,0.2,2026-05-02 11:37:32.711409,20260501_KPC_fixed_dishes_on_SLIM::batch2\fitet-sz-c2-b10::16_KPC_live_posn4_740nm_3040mW_u1_poc0p2_20x0p75NA_535s50_g70_z1_256pix_basicFLIM_120f_0000,E:\18_RK_Circadian\data\raw\20260501_KPC_fixed_dishes_on_SLIM\batch2\fitet-sz-c2-b10\16_KPC_live_posn4_740nm_3040mW_u1_poc0p2_20x0p75NA_535s50_g70_z1_256pix_basicFLIM_120f_0000_fit_mask.npy,2,65536,56642,86.4,691.5240781009866,719.4350542502275,149.65262879268116,0.20801409092950635,3.105633937248904,3.1106128052170225,0.7537318642877361,0.24230976707342058
16_KPC_live_posn4_740nm_3040mW_u1_poc0p2_20x0p75NA_535s50_g70_z1_256pix_basicFLIM_120f_0001.sdt,20260501_KPC_fixed_dishes_on_SLIM,live,KPCWT,535,0.2,2026-05-02 11:38:40.281392,20260501_KPC_fixed_dishes_on_SLIM::batch2\fitet-sz-c2-b10::16_KPC_live_posn4_740nm_3040mW_u1_poc0p2_20x0p75NA_535s50_g70_z1_256pix_basicFLIM_120f_0001,E:\18_RK_Circadian\data\raw\20260501_KPC_fixed_dishes_on_SLIM\batch2\fitet-sz-c2-b10\16_KPC_live_posn4_740nm_3040mW_u1_poc0p2_20x0p75NA_535s50_g70_z1_256pix_basicFLIM_120f_0001_fit_mask.npy,2,65536,56689,86.5,713.3401553731393,732.4751060245061,135.87945164077107,0.1855072623262981,2.744007548772916,2.7959301554364067,0.631695547553591,0.2259339512917811
16_KPC_live_posn4_740nm_3040mW_u1_poc0p2_20x0p75NA_535s50_g70_z1_256pix_basicFLIM_120f_0002.sdt,20260501_KPC_fixed_dishes_on_SLIM,live,KPCWT,535,0.2,2026-05-02 11:39:48.247061,20260501_KPC_fixed_dishes_on_SLIM::batch2\fitet-sz-c2-b10::16_KPC_live_posn4_740nm_3040mW_u1_poc0p2_20x0p75NA_535s50_g70_z1_256pix_basicFLIM_120f_0002,E:\18_RK_Circadian\data\raw\20260501_KPC_fixed_dishes_on_SLIM\batch2\fitet-sz-c2-b10\16_KPC_live_posn4_740nm_3040mW_u1_poc0p2_20x0p75NA_535s50_g70_z1_256pix_basicFLIM_120f_0002_fit_mask.npy,2,65536,57623,87.9,754.8266105074155,767.2154984221261,133.36729095843174,0.17383289471174412,2.5717269015310382,2.6290803167326238,0.550358284345696,0.20933490728410759
16_KPC_live_posn4_740nm_3040mW_u1_poc0p2_20x0p75NA_535s50_g70_z1_256pix_basicFLIM_120f_0003.sdt,20260501_KPC_fixed_dishes_on_SLIM,live,KPCWT,535,0.2,2026-05-02 11:40:56.163206,20260501_KPC_fixed_dishes_on_SLIM::batch2\fitet-sz-c2-b10::16_KPC_live_posn4_740nm_3040mW_u1_poc0p2_20x0p75NA_535s50_g70_z1_256pix_basicFLIM_120f_0003,E:\18_RK_Circadian\data\raw\20260501_KPC_fixed_dishes_on_SLIM\batch2\fitet-sz-c2-b10\16_KPC_live_posn4_740nm_3040mW_u1_poc0p2_20x0p75NA_535s50_g70_z1_256pix_basicFLIM_120f_0003_fit_mask.npy,2,65536,53753,82.0,785.5249097579572,793.7667780660045,121.88486431929472,0.15355248882582936,2.4318639529582846,2.484377212927103,0.43357133840969897,0.1745191254185042
16_KPC_live_posn4_740nm_3040mW_u1_poc0p2_20x0p75NA_457s50_g70_z1_256pix_basicFLIM_120f_0000.sdt,20260501_KPC_fixed_dishes_on_SLIM,live,KPCWT,457,0.2,2026-05-02 11:43:17.606711,20260501_KPC_fixed_dishes_on_SLIM::batch2\fitet-sz-c2-b10::16_KPC_live_posn4_740nm_3040mW_u1_poc0p2_20x0p75NA_457s50_g70_z1_256pix_basicFLIM_120f_0000,E:\18_RK_Circadian\data\raw\20260501_KPC_fixed_dishes_on_SLIM\batch2\fitet-sz-c2-b10\16_KPC_live_posn4_740nm_3040mW_u1_poc0p2_20x0p75NA_457s50_g70_z1_256pix_basicFLIM_120f_0000_fit_mask.npy,2,65536,58948,89.9,784.207607547682,794.7903917221114,147.69669380788199,0.18583100065900432,2.6686997071153185,2.711442210766635,1.3492664057308306,0.49761945888912673
16_KPC_live_posn4_740nm_3040mW_u1_poc0p2_20x0p75NA_457s50_g70_z1_256pix_basicFLIM_120f_0001.sdt,20260501_KPC_fixed_dishes_on_SLIM,live,KPCWT,457,0.2,2026-05-02 11:44:25.504050,20260501_KPC_fixed_dishes_on_SLIM::batch2\fitet-sz-c2-b10::16_KPC_live_posn4_740nm_3040mW_u1_poc0p2_20x0p75NA_457s50_g70_z1_256pix_basicFLIM_120f_0001,E:\18_RK_Circadian\data\raw\20260501_KPC_fixed_dishes_on_SLIM\batch2\fitet-sz-c2-b10\16_KPC_live_posn4_740nm_3040mW_u1_poc0p2_20x0p75NA_457s50_g70_z1_256pix_basicFLIM_120f_0001_fit_mask.npy,2,65536,61364,93.6,833.0695581202478,835.0384688178835,141.3257393511097,0.16924458528380915,2.0010873133232168,2.2537780849634506,0.9093558454718552,0.40348064946536305
16_KPC_live_posn4_740nm_3040mW_u1_poc0p2_20x0p75NA_457s50_g70_z1_256pix_basicFLIM_120f_0002.sdt,20260501_KPC_fixed_dishes_on_SLIM,live,KPCWT,457,0.2,2026-05-02 11:45:33.313239,20260501_KPC_fixed_dishes_on_SLIM::batch2\fitet-sz-c2-b10::16_KPC_live_posn4_740nm_3040mW_u1_poc0p2_20x0p75NA_457s50_g70_z1_256pix_basicFLIM_120f_0002,E:\18_RK_Circadian\data\raw\20260501_KPC_fixed_dishes_on_SLIM\batch2\fitet-sz-c2-b10\16_KPC_live_posn4_740nm_3040mW_u1_poc0p2_20x0p75NA_457s50_g70_z1_256pix_basicFLIM_120f_0002_fit_mask.npy,2,65536,63412,96.8,881.4814237294441,885.5842412358074,115.0008410355263,0.1298587256645917,1.6164958737042254,1.790601501463787,0.64264623053972,0.35889963792299256
16_KPC_live_posn4_740nm_3040mW_u1_poc0p2_20x0p75NA_457s50_g70_z1_256pix_basicFLIM_120f_0003.sdt,20260501_KPC_fixed_dishes_on_SLIM,live,KPCWT,457,0.2,2026-05-02 11:46:41.240478,20260501_KPC_fixed_dishes_on_SLIM::batch2\fitet-sz-c2-b10::16_KPC_live_posn4_740nm_3040mW_u1_poc0p2_20x0p75NA_457s50_g70_z1_256pix_basicFLIM_120f_0003,E:\18_RK_Circadian\data\raw\20260501_KPC_fixed_dishes_on_SLIM\batch2\fitet-sz-c2-b10\16_KPC_live_posn4_740nm_3040mW_u1_poc0p2_20x0p75NA_457s50_g70_z1_256pix_basicFLIM_120f_0003_fit_mask.npy,2,65536,63029,96.2,929.3088538821058,925.7075118269215,129.270254820298,0.13964481563423622,1.4053298646834613,1.4510154658612382,0.35377755204366307,0.2438137706779585
17_KPC_live_posn5_740nm_3040mW_u1_poc0p2_20x0p75NA_457s50_g70_z1_256pix_basicFLIM_120f_0000.sdt,20260501_KPC_fixed_dishes_on_SLIM,live,KPCWT,457,0.2,2026-05-02 11:55:20.746617,20260501_KPC_fixed_dishes_on_SLIM::batch2\fitet-sz-c2-b10::17_KPC_live_posn5_740nm_3040mW_u1_poc0p2_20x0p75NA_457s50_g70_z1_256pix_basicFLIM_120f_0000,E:\18_RK_Circadian\data\raw\20260501_KPC_fixed_dishes_on_SLIM\batch2\fitet-sz-c2-b10\17_KPC_live_posn5_740nm_3040mW_u1_poc0p2_20x0p75NA_457s50_g70_z1_256pix_basicFLIM_120f_0000_fit_mask.npy,2,65536,63321,96.6,836.0086224405196,829.7621221166451,92.20043872815934,0.1111167119715765,3.3089589500825363,3.3433082603837687,0.6760645036953614,0.2022142294524041
17_KPC_live_posn5_740nm_3040mW_u1_poc0p2_20x0p75NA_457s50_g70_z1_256pix_basicFLIM_120f_0001.sdt,20260501_KPC_fixed_dishes_on_SLIM,live,KPCWT,457,0.2,2026-05-02 11:56:28.442525,20260501_KPC_fixed_dishes_on_SLIM::batch2\fitet-sz-c2-b10::17_KPC_live_posn5_740nm_3040mW_u1_poc0p2_20x0p75NA_457s50_g70_z1_256pix_basicFLIM_120f_0001,E:\18_RK_Circadian\data\raw\20260501_KPC_fixed_dishes_on_SLIM\batch2\fitet-sz-c2-b10\17_KPC_live_posn5_740nm_3040mW_u1_poc0p2_20x0p75NA_457s50_g70_z1_256pix_basicFLIM_120f_0001_fit_mask.npy,2,65536,64549,98.5,838.1456228823039,835.2695209956371,77.04484705588034,0.09223950487747148,3.2367104179963184,3.1957546889468054,0.566229905124939,0.17718190544579815
17_KPC_live_posn5_740nm_3040mW_u1_poc0p2_20x0p75NA_457s50_g70_z1_256pix_basicFLIM_120f_0002.sdt,20260501_KPC_fixed_dishes_on_SLIM,live,KPCWT,457,0.2,2026-05-02 11:57:36.532429,20260501_KPC_fixed_dishes_on_SLIM::batch2\fitet-sz-c2-b10::17_KPC_live_posn5_740nm_3040mW_u1_poc0p2_20x0p75NA_457s50_g70_z1_256pix_basicFLIM_120f_0002,E:\18_RK_Circadian\data\raw\20260501_KPC_fixed_dishes_on_SLIM\batch2\fitet-sz-c2-b10\17_KPC_live_posn5_740nm_3040mW_u1_poc0p2_20x0p75NA_457s50_g70_z1_256pix_basicFLIM_120f_0002_fit_mask.npy,2,65536,64671,98.7,863.6002538442398,865.3870298334972,84.64079744166095,0.09780687082627766,3.0778176919622813,2.862269330430361,0.7934728881187013,0.27721810791278595
17_KPC_live_posn5_740nm_3040mW_u1_poc0p2_20x0p75NA_457s50_g70_z1_256pix_basicFLIM_120f_0003.sdt,20260501_KPC_fixed_dishes_on_SLIM,live,KPCWT,457,0.2,2026-05-02 11:58:44.098702,20260501_KPC_fixed_dishes_on_SLIM::batch2\fitet-sz-c2-b10::17_KPC_live_posn5_740nm_3040mW_u1_poc0p2_20x0p75NA_457s50_g70_z1_256pix_basicFLIM_120f_0003,E:\18_RK_Circadian\data\raw\20260501_KPC_fixed_dishes_on_SLIM\batch2\fitet-sz-c2-b10\17_KPC_live_posn5_740nm_3040mW_u1_poc0p2_20x0p75NA_457s50_g70_z1_256pix_basicFLIM_120f_0003_fit_mask.npy,2,65536,64504,98.4,884.891480114708,899.5600459122892,98.90129448582971,0.10994407203304468,2.463373079560492,2.496548347684663,0.896939481817155,0.35927182529791196
17_KPC_live_posn5_740nm_3040mW_u1_poc0p2_20x0p75NA_457s50_g70_z1_256pix_basicFLIM_120f_0004.sdt,20260501_KPC_fixed_dishes_on_SLIM,live,KPCWT,457,0.2,2026-05-02 11:59:52.756167,20260501_KPC_fixed_dishes_on_SLIM::batch2\fitet-sz-c2-b10::17_KPC_live_posn5_740nm_3040mW_u1_poc0p2_20x0p75NA_457s50_g70_z1_256pix_basicFLIM_120f_0004,E:\18_RK_Circadian\data\raw\20260501_KPC_fixed_dishes_on_SLIM\batch2\fitet-sz-c2-b10\17_KPC_live_posn5_740nm_3040mW_u1_poc0p2_20x0p75NA_457s50_g70_z1_256pix_basicFLIM_120f_0004_fit_mask.npy,2,65536,64258,98.0,884.9743026513145,894.4658978803416,91.4655593768608,0.10225717894176971,1.9164773045090886,2.1968398211649505,0.8325797082316085,0.37898971978307655
17_KPC_live_posn5_740nm_3040mW_u1_poc0p2_20x0p75NA_535s50_g70_z1_256pix_basicFLIM_120f_0000.sdt,20260501_KPC_fixed_dishes_on_SLIM,live,KPCWT,535,0.2,2026-05-02 12:02:51.183655,20260501_KPC_fixed_dishes_on_SLIM::batch2\fitet-sz-c2-b10::17_KPC_live_posn5_740nm_3040mW_u1_poc0p2_20x0p75NA_535s50_g70_z1_256pix_basicFLIM_120f_0000,E:\18_RK_Circadian\data\raw\20260501_KPC_fixed_dishes_on_SLIM\batch2\fitet-sz-c2-b10\17_KPC_live_posn5_740nm_3040mW_u1_poc0p2_20x0p75NA_535s50_g70_z1_256pix_basicFLIM_120f_0000_fit_mask.npy,2,65536,63190,96.4,685.1024271596482,675.2742946961077,92.35610211437705,0.13676827748335937,3.2029114027170573,3.2335283013102525,0.6134545932115862,0.18971678490118962
17_KPC_live_posn5_740nm_3040mW_u1_poc0p2_20x0p75NA_535s50_g70_z1_256pix_basicFLIM_120f_0001.sdt,20260501_KPC_fixed_dishes_on_SLIM,live,KPCWT,535,0.2,2026-05-02 12:03:59.214334,20260501_KPC_fixed_dishes_on_SLIM::batch2\fitet-sz-c2-b10::17_KPC_live_posn5_740nm_3040mW_u1_poc0p2_20x0p75NA_535s50_g70_z1_256pix_basicFLIM_120f_0001,E:\18_RK_Circadian\data\raw\20260501_KPC_fixed_dishes_on_SLIM\batch2\fitet-sz-c2-b10\17_KPC_live_posn5_740nm_3040mW_u1_poc0p2_20x0p75NA_535s50_g70_z1_256pix_basicFLIM_120f_0001_fit_mask.npy,2,65536,64267,98.1,706.996651387804,706.294887094303,98.94875248051567,0.14009552424709007,3.1188518921055235,3.1597662983076935,0.5771401441050205,0.18265279442157636
17_KPC_live_posn5_740nm_3040mW_u1_poc0p2_20x0p75NA_535s50_g70_z1_256pix_basicFLIM_120f_0002.sdt,20260501_KPC_fixed_dishes_on_SLIM,live,KPCWT,535,0.2,2026-05-02 12:05:07.447769,20260501_KPC_fixed_dishes_on_SLIM::batch2\fitet-sz-c2-b10::17_KPC_live_posn5_740nm_3040mW_u1_poc0p2_20x0p75NA_535s50_g70_z1_256pix_basicFLIM_120f_0002,E:\18_RK_Circadian\data\raw\20260501_KPC_fixed_dishes_on_SLIM\batch2\fitet-sz-c2-b10\17_KPC_live_posn5_740nm_3040mW_u1_poc0p2_20x0p75NA_535s50_g70_z1_256pix_basicFLIM_120f_0002_fit_mask.npy,2,65536,64164,97.9,717.4875377542251,732.6825750133554,106.12372722353948,0.14484270657263146,2.936537012660232,2.9350552878164815,0.5604356350830343,0.1909455121371725
17_KPC_live_posn5_740nm_3040mW_u1_poc0p2_20x0p75NA_535s50_g70_z1_256pix_basicFLIM_120f_0003.sdt,20260501_KPC_fixed_dishes_on_SLIM,live,KPCWT,535,0.2,2026-05-02 12:06:15.431774,20260501_KPC_fixed_dishes_on_SLIM::batch2\fitet-sz-c2-b10::17_KPC_live_posn5_740nm_3040mW_u1_poc0p2_20x0p75NA_535s50_g70_z1_256pix_basicFLIM_120f_0003,E:\18_RK_Circadian\data\raw\20260501_KPC_fixed_dishes_on_SLIM\batch2\fitet-sz-c2-b10\17_KPC_live_posn5_740nm_3040mW_u1_poc0p2_20x0p75NA_535s50_g70_z1_256pix_basicFLIM_120f_0003_fit_mask.npy,2,65536,62836,95.9,748.1892504891457,764.9461264022864,106.41909216480259,0.1391197216270844,2.72261883694848,2.791075242502209,0.5757729148262306,0.2062907176626482
17_KPC_live_posn5_740nm_3040mW_u1_poc0p2_20x0p75NA_535s50_g70_z1_256pix_basicFLIM_120f_0004.sdt,20260501_KPC_fixed_dishes_on_SLIM,live,KPCWT,535,0.2,2026-05-02 12:07:23.561527,20260501_KPC_fixed_dishes_on_SLIM::batch2\fitet-sz-c2-b10::17_KPC_live_posn5_740nm_3040mW_u1_poc0p2_20x0p75NA_535s50_g70_z1_256pix_basicFLIM_120f_0004,E:\18_RK_Circadian\data\raw\20260501_KPC_fixed_dishes_on_SLIM\batch2\fitet-sz-c2-b10\17_KPC_live_posn5_740nm_3040mW_u1_poc0p2_20x0p75NA_535s50_g70_z1_256pix_basicFLIM_120f_0004_fit_mask.npy,2,65536,62982,96.1,781.932745451049,797.4378792426116,122.69451207717212,0.1538609028626839,2.5145191280487187,2.6121852233999308,0.5891054624434922,0.2255220867059085
3_KPCWTlive_740nm_3033mW_u1_poc0p2_20x0p75NA_475s50_g70_z1_256pix_basicFLIM_120f_0000.sdt,20260508_KPC_live_on_SLIM,live,KPCWT,457,0.2,2026-05-09 11:33:07.495491,20260508_KPC_live_on_SLIM::fitet-sz-c2-b5::3_KPCWTlive_740nm_3033mW_u1_poc0p2_20x0p75NA_475s50_g70_z1_256pix_basicFLIM_120f_0000,E:\18_RK_Circadian\data\raw\20260508_KPC_live_on_SLIM\fitet-sz-c2-b5\3_KPCWTlive_740nm_3033mW_u1_poc0p2_20x0p75NA_475s50_g70_z1_256pix_basicFLIM_120f_0000_fit_mask.npy,2,65536,64450,98.3,783.770490188572,780.8861616832372,79.76639127030593,0.1021485527395769,3.6035586694371697,3.6670631391237034,0.6686898718350631,0.18235024772299285
3_KPCWTlive_740nm_3033mW_u1_poc0p2_20x0p75NA_475s50_g70_z1_256pix_basicFLIM_120f_0001.sdt,20260508_KPC_live_on_SLIM,live,KPCWT,457,0.2,2026-05-09 11:34:15.932629,20260508_KPC_live_on_SLIM::fitet-sz-c2-b5::3_KPCWTlive_740nm_3033mW_u1_poc0p2_20x0p75NA_475s50_g70_z1_256pix_basicFLIM_120f_0001,E:\18_RK_Circadian\data\raw\20260508_KPC_live_on_SLIM\fitet-sz-c2-b5\3_KPCWTlive_740nm_3033mW_u1_poc0p2_20x0p75NA_475s50_g70_z1_256pix_basicFLIM_120f_0001_fit_mask.npy,2,65536,63312,96.6,738.5257773085577,736.1087513691705,91.91530671606874,0.124866477331108,3.683346216971099,3.7400345066159524,0.7676697791756462,0.2052574054644878
3_KPCWTlive_740nm_3033mW_u1_poc0p2_20x0p75NA_475s50_g70_z1_256pix_basicFLIM_120f_0002.sdt,20260508_KPC_live_on_SLIM,live,KPCWT,457,0.2,2026-05-09 11:35:24.317922,20260508_KPC_live_on_SLIM::fitet-sz-c2-b5::3_KPCWTlive_740nm_3033mW_u1_poc0p2_20x0p75NA_475s50_g70_z1_256pix_basicFLIM_120f_0002,E:\18_RK_Circadian\data\raw\20260508_KPC_live_on_SLIM\fitet-sz-c2-b5\3_KPCWTlive_740nm_3033mW_u1_poc0p2_20x0p75NA_475s50_g70_z1_256pix_basicFLIM_120f_0002_fit_mask.npy,2,65536,62866,95.9,755.6427564527824,751.613123043806,104.38741986191515,0.13888450941247227,3.43405072631291,3.521778864550715,0.8003474853710545,0.22725659848411792
3_KPCWTlive_740nm_3033mW_u1_poc0p2_20x0p75NA_475s50_g70_z1_256pix_basicFLIM_120f_0003.sdt,20260508_KPC_live_on_SLIM,live,KPCWT,457,0.2,2026-05-09 11:36:31.895423,20260508_KPC_live_on_SLIM::fitet-sz-c2-b5::3_KPCWTlive_740nm_3033mW_u1_poc0p2_20x0p75NA_475s50_g70_z1_256pix_basicFLIM_120f_0003,E:\18_RK_Circadian\data\raw\20260508_KPC_live_on_SLIM\fitet-sz-c2-b5\3_KPCWTlive_740nm_3033mW_u1_poc0p2_20x0p75NA_475s50_g70_z1_256pix_basicFLIM_120f_0003_fit_mask.npy,2,65536,64046,97.7,768.1584588371353,765.3224988175065,89.4060602446602,0.11682141892182808,3.810053986742569,3.920138901698041,0.7734661707979469,0.19730580731792782
3_KPCWTlive_740nm_3033mW_u1_poc0p2_20x0p75NA_475s50_g70_z1_256pix_basicFLIM_120f_0004.sdt,20260508_KPC_live_on_SLIM,live,KPCWT,457,0.2,2026-05-09 11:37:40.477367,20260508_KPC_live_on_SLIM::fitet-sz-c2-b5::3_KPCWTlive_740nm_3033mW_u1_poc0p2_20x0p75NA_475s50_g70_z1_256pix_basicFLIM_120f_0004,E:\18_RK_Circadian\data\raw\20260508_KPC_live_on_SLIM\fitet-sz-c2-b5\3_KPCWTlive_740nm_3033mW_u1_poc0p2_20x0p75NA_475s50_g70_z1_256pix_basicFLIM_120f_0004_fit_mask.npy,2,65536,62521,95.4,727.1367935338246,723.9338697114417,91.65397219987912,0.1266054484181161,3.6909471212065608,3.753216251204152,0.8012007806112619,0.21347045493427433
3_KPCWTlive_740nm_3033mW_u1_poc0p2_20x0p75NA_475s50_g70_z1_256pix_basicFLIM_120f_0005.sdt,20260508_KPC_live_on_SLIM,live,KPCWT,457,0.2,2026-05-09 11:38:48.032025,20260508_KPC_live_on_SLIM::fitet-sz-c2-b5::3_KPCWTlive_740nm_3033mW_u1_poc0p2_20x0p75NA_475s50_g70_z1_256pix_basicFLIM_120f_0005,E:\18_RK_Circadian\data\raw\20260508_KPC_live_on_SLIM\fitet-sz-c2-b5\3_KPCWTlive_740nm_3033mW_u1_poc0p2_20x0p75NA_475s50_g70_z1_256pix_basicFLIM_120f_0005_fit_mask.npy,2,65536,64043,97.7,724.8053126949222,724.916301746586,76.33378587545003,0.105300136983448,4.050544932937019,4.15944783996523,0.7494698216483574,0.18018493090530555
3_KPCWTlive_740nm_3033mW_u1_poc0p2_20x0p75NA_475s50_g70_z1_256pix_basicFLIM_120f_0006.sdt,20260508_KPC_live_on_SLIM,live,KPCWT,457,0.2,2026-05-09 11:39:57.513476,20260508_KPC_live_on_SLIM::fitet-sz-c2-b5::3_KPCWTlive_740nm_3033mW_u1_poc0p2_20x0p75NA_475s50_g70_z1_256pix_basicFLIM_120f_0006,E:\18_RK_Circadian\data\raw\20260508_KPC_live_on_SLIM\fitet-sz-c2-b5\3_KPCWTlive_740nm_3033mW_u1_poc0p2_20x0p75NA_475s50_g70_z1_256pix_basicFLIM_120f_0006_fit_mask.npy,2,65536,64470,98.4,829.7194331493572,827.1590162327572,79.93092160460598,0.09663307784354,3.471193665574326,3.53852645465689,0.621750288500074,0.17570881452131504
3_KPCWTlive_740nm_3033mW_u1_poc0p2_20x0p75NA_475s50_g70_z1_256pix_basicFLIM_120f_0007.sdt,20260508_KPC_live_on_SLIM,live,KPCWT,457,0.2,2026-05-09 11:41:04.990425,20260508_KPC_live_on_SLIM::fitet-sz-c2-b5::3_KPCWTlive_740nm_3033mW_u1_poc0p2_20x0p75NA_475s50_g70_z1_256pix_basicFLIM_120f_0007,E:\18_RK_Circadian\data\raw\20260508_KPC_live_on_SLIM\fitet-sz-c2-b5\3_KPCWTlive_740nm_3033mW_u1_poc0p2_20x0p75NA_475s50_g70_z1_256pix_basicFLIM_120f_0007_fit_mask.npy,2,65536,65121,99.4,828.8104659347596,826.5899244520318,73.41710198328934,0.08881925585042603,3.588250172841172,3.6643128785983983,0.5525625274697155,0.15079567323439666
3_KPCWTlive_740nm_3033mW_u1_poc0p2_20x0p75NA_475s50_g70_z1_256pix_basicFLIM_120f_0008.sdt,20260508_KPC_live_on_SLIM,live,KPCWT,457,0.2,2026-05-09 11:42:14.080330,20260508_KPC_live_on_SLIM::fitet-sz-c2-b5::3_KPCWTlive_740nm_3033mW_u1_poc0p2_20x0p75NA_475s50_g70_z1_256pix_basicFLIM_120f_0008,E:\18_RK_Circadian\data\raw\20260508_KPC_live_on_SLIM\fitet-sz-c2-b5\3_KPCWTlive_740nm_3033mW_u1_poc0p2_20x0p75NA_475s50_g70_z1_256pix_basicFLIM_120f_0008_fit_mask.npy,2,65536,41363,63.1,693.7387881309235,692.121124435132,110.57830698093541,0.15976727638703825,3.5704345809294638,3.667162225058708,0.9078270356328937,0.24755573381222867
3_KPCWTlive_740nm_3033mW_u1_poc0p2_20x0p75NA_475s50_g70_z1_256pix_basicFLIM_120f_0009.sdt,20260508_KPC_live_on_SLIM,live,KPCWT,457,0.2,2026-05-09 11:43:21.497617,20260508_KPC_live_on_SLIM::fitet-sz-c2-b5::3_KPCWTlive_740nm_3033mW_u1_poc0p2_20x0p75NA_475s50_g70_z1_256pix_basicFLIM_120f_0009,E:\18_RK_Circadian\data\raw\20260508_KPC_live_on_SLIM\fitet-sz-c2-b5\3_KPCWTlive_740nm_3033mW_u1_poc0p2_20x0p75NA_475s50_g70_z1_256pix_basicFLIM_120f_0009_fit_mask.npy,2,65536,44955,68.6,705.5964886968023,698.7773051502082,92.12526998574714,0.13183781056819527,3.89476020219455,3.983322247130333,0.8858324492470943,0.2223853342232771
3_KPCWTlive_740nm_3033mW_u1_poc0p2_20x0p75NA_475s50_g70_z1_256pix_basicFLIM_120f_0010.sdt,20260508_KPC_live_on_SLIM,live,KPCWT,457,0.2,2026-05-09 11:44:30.137133,20260508_KPC_live_on_SLIM::fitet-sz-c2-b5::3_KPCWTlive_740nm_3033mW_u1_poc0p2_20x0p75NA_475s50_g70_z1_256pix_basicFLIM_120f_0010,E:\18_RK_Circadian\data\raw\20260508_KPC_live_on_SLIM\fitet-sz-c2-b5\3_KPCWTlive_740nm_3033mW_u1_poc0p2_20x0p75NA_475s50_g70_z1_256pix_basicFLIM_120f_0010_fit_mask.npy,2,65536,60060,91.6,726.0368198938734,723.136437685006,112.8933174874409,0.1561162065748602,3.5958005214255326,3.6784235473249547,0.868039638589039,0.23598142721229043
3_KPCWTlive_740nm_3033mW_u1_poc0p2_20x0p75NA_475s50_g70_z1_256pix_basicFLIM_120f_0011.sdt,20260508_KPC_live_on_SLIM,live,KPCWT,457,0.2,2026-05-09 11:45:37.604530,20260508_KPC_live_on_SLIM::fitet-sz-c2-b5::3_KPCWTlive_740nm_3033mW_u1_poc0p2_20x0p75NA_475s50_g70_z1_256pix_basicFLIM_120f_0011,E:\18_RK_Circadian\data\raw\20260508_KPC_live_on_SLIM\fitet-sz-c2-b5\3_KPCWTlive_740nm_3033mW_u1_poc0p2_20x0p75NA_475s50_g70_z1_256pix_basicFLIM_120f_0011_fit_mask.npy,2,65536,61936,94.5,731.1666812731347,728.8252165293605,97.84367632862794,0.13424847838629406,4.007479745890811,4.054278556950683,0.8724301513859355,0.2151875208205009
3_KPCWTlive_740nm_3033mW_u1_poc0p2_20x0p75NA_475s50_g70_z1_256pix_basicFLIM_120f_0017.sdt,20260508_KPC_live_on_SLIM,live,KPCWT,457,0.2,2026-05-09 11:52:28.932320,20260508_KPC_live_on_SLIM::fitet-sz-c2-b5::3_KPCWTlive_740nm_3033mW_u1_poc0p2_20x0p75NA_475s50_g70_z1_256pix_basicFLIM_120f_0017,E:\18_RK_Circadian\data\raw\20260508_KPC_live_on_SLIM\fitet-sz-c2-b5\3_KPCWTlive_740nm_3033mW_u1_poc0p2_20x0p75NA_475s50_g70_z1_256pix_basicFLIM_120f_0017_fit_mask.npy,2,65536,10119,15.4,753.6181792560268,752.3661311595339,105.69769527831292,0.14048704600167664,4.155089683217982,4.251054122705329,1.1370964103258132,0.267485752357859
3_KPCWTlive_740nm_3033mW_u1_poc0p2_20x0p75NA_475s50_g70_z1_256pix_basicFLIM_120f_0018.sdt,20260508_KPC_live_on_SLIM,live,KPCWT,457,0.2,2026-05-09 11:53:36.763440,20260508_KPC_live_on_SLIM::fitet-sz-c2-b5::3_KPCWTlive_740nm_3033mW_u1_poc0p2_20x0p75NA_475s50_g70_z1_256pix_basicFLIM_120f_0018,E:\18_RK_Circadian\data\raw\20260508_KPC_live_on_SLIM\fitet-sz-c2-b5\3_KPCWTlive_740nm_3033mW_u1_poc0p2_20x0p75NA_475s50_g70_z1_256pix_basicFLIM_120f_0018_fit_mask.npy,2,65536,52003,79.4,698.3789115404763,686.1124164907083,103.82093939837404,0.15131768046028365,4.098152534343913,4.174420358357807,0.8718870128191294,0.2088642105899763
3_KPCWTlive_740nm_3033mW_u1_poc0p2_20x0p75NA_475s50_g70_z1_256pix_basicFLIM_120f_0019.sdt,20260508_KPC_live_on_SLIM,live,KPCWT,457,0.2,2026-05-09 11:54:45.103647,20260508_KPC_live_on_SLIM::fitet-sz-c2-b5::3_KPCWTlive_740nm_3033mW_u1_poc0p2_20x0p75NA_475s50_g70_z1_256pix_basicFLIM_120f_0019,E:\18_RK_Circadian\data\raw\20260508_KPC_live_on_SLIM\fitet-sz-c2-b5\3_KPCWTlive_740nm_3033mW_u1_poc0p2_20x0p75NA_475s50_g70_z1_256pix_basicFLIM_120f_0019_fit_mask.npy,2,65536,37189,56.7,685.5291857526884,667.7352010628689,129.46819249968794,0.19389151911357477,3.706936306423611,3.783843573390605,0.8460792863578943,0.22360313526379327
3_KPCWTlive_740nm_3033mW_u1_poc0p2_20x0p75NA_475s50_g70_z1_256pix_basicFLIM_120f_0020.sdt,20260508_KPC_live_on_SLIM,live,KPCWT,457,0.2,2026-05-09 11:55:52.556550,20260508_KPC_live_on_SLIM::fitet-sz-c2-b5::3_KPCWTlive_740nm_3033mW_u1_poc0p2_20x0p75NA_475s50_g70_z1_256pix_basicFLIM_120f_0020,E:\18_RK_Circadian\data\raw\20260508_KPC_live_on_SLIM\fitet-sz-c2-b5\3_KPCWTlive_740nm_3033mW_u1_poc0p2_20x0p75NA_475s50_g70_z1_256pix_basicFLIM_120f_0020_fit_mask.npy,2,65536,37240,56.8,711.6621289877395,697.5298512979574,107.4113541116142,0.1539881826014243,4.055055217629443,4.128514370053728,0.8375106481500896,0.2028600540245159
3_KPCWTlive_740nm_3033mW_u1_poc0p2_20x0p75NA_475s50_g70_z1_256pix_basicFLIM_120f_0021.sdt,20260508_KPC_live_on_SLIM,live,KPCWT,457,0.2,2026-05-09 11:57:01.839563,20260508_KPC_live_on_SLIM::fitet-sz-c2-b5::3_KPCWTlive_740nm_3033mW_u1_poc0p2_20x0p75NA_475s50_g70_z1_256pix_basicFLIM_120f_0021,E:\18_RK_Circadian\data\raw\20260508_KPC_live_on_SLIM\fitet-sz-c2-b5\3_KPCWTlive_740nm_3033mW_u1_poc0p2_20x0p75NA_475s50_g70_z1_256pix_basicFLIM_120f_0021_fit_mask.npy,2,65536,47630,72.7,702.9469151927539,700.7690115515319,110.86163378597676,0.1581999659781252,3.5358232954021496,3.587822612271514,0.8595191654915821,0.2395656804636184
3_KPCWTlive_740nm_3033mW_u1_poc0p2_20x0p75NA_475s50_g70_z1_256pix_basicFLIM_120f_0022.sdt,20260508_KPC_live_on_SLIM,live,KPCWT,457,0.2,2026-05-09 11:58:09.217721,20260508_KPC_live_on_SLIM::fitet-sz-c2-b5::3_KPCWTlive_740nm_3033mW_u1_poc0p2_20x0p75NA_475s50_g70_z1_256pix_basicFLIM_120f_0022,E:\18_RK_Circadian\data\raw\20260508_KPC_live_on_SLIM\fitet-sz-c2-b5\3_KPCWTlive_740nm_3033mW_u1_poc0p2_20x0p75NA_475s50_g70_z1_256pix_basicFLIM_120f_0022_fit_mask.npy,2,65536,53264,81.3,720.2031501667846,718.1845261544966,85.40523748589243,0.11891823671444568,4.055777702774446,4.094980209977011,0.925492341085412,0.2260065479267866
3_KPCWTlive_740nm_3033mW_u1_poc0p2_20x0p75NA_475s50_g70_z1_256pix_basicFLIM_120f_overloadedposns_0000.sdt,20260508_KPC_live_on_SLIM,live,KPCWT,457,0.2,2026-05-09 12:22:25.458185,20260508_KPC_live_on_SLIM::fitet-sz-c2-b5::3_KPCWTlive_740nm_3033mW_u1_poc0p2_20x0p75NA_475s50_g70_z1_256pix_basicFLIM_120f_overloadedposns_0000,E:\18_RK_Circadian\data\raw\20260508_KPC_live_on_SLIM\fitet-sz-c2-b5\3_KPCWTlive_740nm_3033mW_u1_poc0p2_20x0p75NA_475s50_g70_z1_256pix_basicFLIM_120f_overloadedposns_0000_fit_mask.npy,2,65536,35640,54.4,727.0742726418237,717.6518856640245,97.6151217971496,0.1360201564952747,3.8230262088743254,3.854778760291078,0.8459036030304887,0.2194428411156374
3_KPCWTlive_740nm_3033mW_u1_poc0p2_20x0p75NA_475s50_g70_z1_256pix_basicFLIM_120f_overloadedposns_0001.sdt,20260508_KPC_live_on_SLIM,live,KPCWT,457,0.2,2026-05-09 12:23:34.760415,20260508_KPC_live_on_SLIM::fitet-sz-c2-b5::3_KPCWTlive_740nm_3033mW_u1_poc0p2_20x0p75NA_475s50_g70_z1_256pix_basicFLIM_120f_overloadedposns_0001,E:\18_RK_Circadian\data\raw\20260508_KPC_live_on_SLIM\fitet-sz-c2-b5\3_KPCWTlive_740nm_3033mW_u1_poc0p2_20x0p75NA_475s50_g70_z1_256pix_basicFLIM_120f_overloadedposns_0001_fit_mask.npy,2,65536,34820,53.1,715.6712910023754,707.4792219695074,114.30023156208752,0.1615598423426404,3.6568397261538976,3.759861748154855,0.8890307629965505,0.23645304602831227
3_KPCWTlive_740nm_3033mW_u1_poc0p2_20x0p75NA_475s50_g70_z1_256pix_basicFLIM_120f_overloadedposns_0002.sdt,20260508_KPC_live_on_SLIM,live,KPCWT,457,0.2,2026-05-09 12:24:43.131684,20260508_KPC_live_on_SLIM::fitet-sz-c2-b5::3_KPCWTlive_740nm_3033mW_u1_poc0p2_20x0p75NA_475s50_g70_z1_256pix_basicFLIM_120f_overloadedposns_0002,E:\18_RK_Circadian\data\raw\20260508_KPC_live_on_SLIM\fitet-sz-c2-b5\3_KPCWTlive_740nm_3033mW_u1_poc0p2_20x0p75NA_475s50_g70_z1_256pix_basicFLIM_120f_overloadedposns_0002_fit_mask.npy,2,65536,57681,88.0,740.0120920111693,735.4741727506079,105.21859920874935,0.14306226256082,3.5779692781003556,3.667998701783924,0.866715852573479,0.23629121028640318
3_KPCWTlive_740nm_3033mW_u1_poc0p2_20x0p75NA_475s50_g70_z1_256pix_basicFLIM_120f_overloadedposns_0003.sdt,20260508_KPC_live_on_SLIM,live,KPCWT,457,0.2,2026-05-09 12:25:51.118834,20260508_KPC_live_on_SLIM::fitet-sz-c2-b5::3_KPCWTlive_740nm_3033mW_u1_poc0p2_20x0p75NA_475s50_g70_z1_256pix_basicFLIM_120f_overloadedposns_0003,E:\18_RK_Circadian\data\raw\20260508_KPC_live_on_SLIM\fitet-sz-c2-b5\3_KPCWTlive_740nm_3033mW_u1_poc0p2_20x0p75NA_475s50_g70_z1_256pix_basicFLIM_120f_overloadedposns_0003_fit_mask.npy,2,65536,58985,90.0,748.5701369686406,739.8620012171124,92.21178894355789,0.12463376790788633,3.97801878716801,4.115943357328681,0.8704094353089331,0.2114726466677724
3_KPCWTlive_740nm_3033mW_u1_poc0p2_20x0p75NA_475s50_g70_z1_256pix_basicFLIM_120f_overloadedposns_0004.sdt,20260508_KPC_live_on_SLIM,live,KPCWT,457,0.2,2026-05-09 12:26:59.939358,20260508_KPC_live_on_SLIM::fitet-sz-c2-b5::3_KPCWTlive_740nm_3033mW_u1_poc0p2_20x0p75NA_475s50_g70_z1_256pix_basicFLIM_120f_overloadedposns_0004,E:\18_RK_Circadian\data\raw\20260508_KPC_live_on_SLIM\fitet-sz-c2-b5\3_KPCWTlive_740nm_3033mW_u1_poc0p2_20x0p75NA_475s50_g70_z1_256pix_basicFLIM_120f_overloadedposns_0004_fit_mask.npy,2,65536,42393,64.7,768.2953724913583,768.4298557782304,105.55261401077314,0.13736141720297204,3.8210381190835188,3.9462596156824548,0.9677731733148613,0.2452380906387725
3_KPCWTlive_740nm_3033mW_u1_poc0p2_20x0p75NA_475s50_g70_z1_256pix_basicFLIM_120f_overloadedposns_0005.sdt,20260508_KPC_live_on_SLIM,live,KPCWT,457,0.2,2026-05-09 12:28:08.765450,20260508_KPC_live_on_SLIM::fitet-sz-c2-b5::3_KPCWTlive_740nm_3033mW_u1_poc0p2_20x0p75NA_475s50_g70_z1_256pix_basicFLIM_120f_overloadedposns_0005,E:\18_RK_Circadian\data\raw\20260508_KPC_live_on_SLIM\fitet-sz-c2-b5\3_KPCWTlive_740nm_3033mW_u1_poc0p2_20x0p75NA_475s50_g70_z1_256pix_basicFLIM_120f_overloadedposns_0005_fit_mask.npy,2,65536,47424,72.4,714.8989709443372,705.9797423720798,122.59654299159173,0.17365447708126786,3.5845153258342934,3.6780780160765323,0.9428010378697764,0.2563298096856244
3_KPCWTlive_740nm_3033mW_u1_poc0p2_20x0p75NA_475s50_g70_z1_256pix_basicFLIM_120f_overloadedposns_0006.sdt,20260508_KPC_live_on_SLIM,live,KPCWT,457,0.2,2026-05-09 12:29:19.689551,20260508_KPC_live_on_SLIM::fitet-sz-c2-b5::3_KPCWTlive_740nm_3033mW_u1_poc0p2_20x0p75NA_475s50_g70_z1_256pix_basicFLIM_120f_overloadedposns_0006,E:\18_RK_Circadian\data\raw\20260508_KPC_live_on_SLIM\fitet-sz-c2-b5\3_KPCWTlive_740nm_3033mW_u1_poc0p2_20x0p75NA_475s50_g70_z1_256pix_basicFLIM_120f_overloadedposns_0006_fit_mask.npy,2,65536,46341,70.7,719.6071069777114,714.9645450628929,100.6904498847895,0.14083278755582507,3.7557702341317096,3.847932368942585,0.9386149459392322,0.24392709017314781
3_KPCWTlive_740nm_3033mW_u1_poc0p2_20x0p75NA_475s50_g70_z1_256pix_basicFLIM_120f_overloadedtwicePos10_0007.sdt,20260508_KPC_live_on_SLIM,live,KPCWT,457,0.2,2026-05-09 12:30:27.445544,20260508_KPC_live_on_SLIM::fitet-sz-c2-b5::3_KPCWTlive_740nm_3033mW_u1_poc0p2_20x0p75NA_475s50_g70_z1_256pix_basicFLIM_120f_overloadedtwicePos10_0007,E:\18_RK_Circadian\data\raw\20260508_KPC_live_on_SLIM\fitet-sz-c2-b5\3_KPCWTlive_740nm_3033mW_u1_poc0p2_20x0p75NA_475s50_g70_z1_256pix_basicFLIM_120f_overloadedtwicePos10_0007_fit_mask.npy,2,65536,48920,74.6,719.3315963998166,712.5572432490487,88.6925334728846,0.12447074857940266,4.037256693977268,4.122490332779725,0.8518080881739171,0.2066246417610293
3_KPCWTlive_740nm_3033mW_u1_poc0p1_20x0p75NA_475s50_g70_z1_256pix_basicFLIM_120f_overloadedposns_0000.sdt,20260508_KPC_live_on_SLIM,live,KPCWT,457,0.1,2026-05-09 12:34:42.104887,20260508_KPC_live_on_SLIM::fitet-sz-c2-b5::3_KPCWTlive_740nm_3033mW_u1_poc0p1_20x0p75NA_475s50_g70_z1_256pix_basicFLIM_120f_overloadedposns_0000,E:\18_RK_Circadian\data\raw\20260508_KPC_live_on_SLIM\fitet-sz-c2-b5\3_KPCWTlive_740nm_3033mW_u1_poc0p1_20x0p75NA_475s50_g70_z1_256pix_basicFLIM_120f_overloadedposns_0000_fit_mask.npy,2,65536,46938,71.6,757.6000050093326,760.0568518412557,92.02624425670939,0.12107810624136028,3.8778338741366447,3.9312407669090987,0.8325376529707781,0.21177478112727066
3_KPCWTlive_740nm_3033mW_u1_poc0p2_20x0p75NA_535s50_g70_z1_256pix_basicFLIM_120f_0000.sdt,20260508_KPC_live_on_SLIM,live,KPCWT,535,0.2,2026-05-09 12:38:08.252007,20260508_KPC_live_on_SLIM::fitet-sz-c2-b5::3_KPCWTlive_740nm_3033mW_u1_poc0p2_20x0p75NA_535s50_g70_z1_256pix_basicFLIM_120f_0000,E:\18_RK_Circadian\data\raw\20260508_KPC_live_on_SLIM\fitet-sz-c2-b5\3_KPCWTlive_740nm_3033mW_u1_poc0p2_20x0p75NA_535s50_g70_z1_256pix_basicFLIM_120f_0000_fit_mask.npy,2,65536,62606,95.5,721.2144163167352,731.8775429791815,112.30137563101597,0.15344284943336542,3.0576542917723106,3.0898964048774364,0.6285123168442538,0.20340886375741918
3_KPCWTlive_740nm_3033mW_u1_poc0p25_20x0p75NA_535s50_g70_z1_256pix_basicFLIM_120f_0000.sdt,20260508_KPC_live_on_SLIM,live,KPCWT,535,0.25,2026-05-09 12:39:45.035340,20260508_KPC_live_on_SLIM::fitet-sz-c2-b5::3_KPCWTlive_740nm_3033mW_u1_poc0p25_20x0p75NA_535s50_g70_z1_256pix_basicFLIM_120f_0000,E:\18_RK_Circadian\data\raw\20260508_KPC_live_on_SLIM\fitet-sz-c2-b5\3_KPCWTlive_740nm_3033mW_u1_poc0p25_20x0p75NA_535s50_g70_z1_256pix_basicFLIM_120f_0000_fit_mask.npy,2,65536,64241,98.0,736.6209153578073,742.9580345867768,98.34876554120103,0.13237459043820865,3.0317472604027293,3.074955723646094,0.6037929247687756,0.1963582500150067
3_KPCWTlive_740nm_3033mW_u1_poc0p25_20x0p75NA_535s50_g70_z1_256pix_basicFLIM_120f_0001.sdt,20260508_KPC_live_on_SLIM,live,KPCWT,535,0.25,2026-05-09 12:40:53.418598,20260508_KPC_live_on_SLIM::fitet-sz-c2-b5::3_KPCWTlive_740nm_3033mW_u1_poc0p25_20x0p75NA_535s50_g70_z1_256pix_basicFLIM_120f_0001,E:\18_RK_Circadian\data\raw\20260508_KPC_live_on_SLIM\fitet-sz-c2-b5\3_KPCWTlive_740nm_3033mW_u1_poc0p25_20x0p75NA_535s50_g70_z1_256pix_basicFLIM_120f_0001_fit_mask.npy,2,65536,63825,97.4,761.0840574965304,765.7197038072277,114.36259502453653,0.14935307849062177,2.796361310113338,2.863622022897474,0.5687632988397484,0.19861674979865587
3_KPCWTlive_740nm_3033mW_u1_poc0p25_20x0p75NA_535s50_g70_z1_256pix_basicFLIM_120f_0002.sdt,20260508_KPC_live_on_SLIM,live,KPCWT,535,0.25,2026-05-09 12:42:02.044659,20260508_KPC_live_on_SLIM::fitet-sz-c2-b5::3_KPCWTlive_740nm_3033mW_u1_poc0p25_20x0p75NA_535s50_g70_z1_256pix_basicFLIM_120f_0002,E:\18_RK_Circadian\data\raw\20260508_KPC_live_on_SLIM\fitet-sz-c2-b5\3_KPCWTlive_740nm_3033mW_u1_poc0p25_20x0p75NA_535s50_g70_z1_256pix_basicFLIM_120f_0002_fit_mask.npy,2,65536,62987,96.1,777.6175056379659,774.7211145564692,118.82999352380898,0.1533842195482688,2.7187548116548466,2.7852524386055526,0.5911165974828915,0.2122308876888862
3_KPCWTlive_740nm_3033mW_u1_poc0p25_20x0p75NA_535s50_g70_z1_256pix_basicFLIM_120f_0003.sdt,20260508_KPC_live_on_SLIM,live,KPCWT,535,0.25,2026-05-09 12:43:09.589850,20260508_KPC_live_on_SLIM::fitet-sz-c2-b5::3_KPCWTlive_740nm_3033mW_u1_poc0p25_20x0p75NA_535s50_g70_z1_256pix_basicFLIM_120f_0003,E:\18_RK_Circadian\data\raw\20260508_KPC_live_on_SLIM\fitet-sz-c2-b5\3_KPCWTlive_740nm_3033mW_u1_poc0p25_20x0p75NA_535s50_g70_z1_256pix_basicFLIM_120f_0003_fit_mask.npy,2,65536,64504,98.4,692.1021780813246,698.076075120874,87.79651061954385,0.12576925889394164,3.4303027842801046,3.4186731140529893,0.6110460826606164,0.17873779161535397
3_KPCWTlive_740nm_3033mW_u1_poc0p25_20x0p75NA_535s50_g70_z1_256pix_basicFLIM_120f_0004.sdt,20260508_KPC_live_on_SLIM,live,KPCWT,535,0.25,2026-05-09 12:44:18.554667,20260508_KPC_live_on_SLIM::fitet-sz-c2-b5::3_KPCWTlive_740nm_3033mW_u1_poc0p25_20x0p75NA_535s50_g70_z1_256pix_basicFLIM_120f_0004,E:\18_RK_Circadian\data\raw\20260508_KPC_live_on_SLIM\fitet-sz-c2-b5\3_KPCWTlive_740nm_3033mW_u1_poc0p25_20x0p75NA_535s50_g70_z1_256pix_basicFLIM_120f_0004_fit_mask.npy,2,65536,63393,96.7,744.3895324162045,751.0465830018172,115.15704049709201,0.15332875896569173,2.8783583079512143,2.9245140429311784,0.5843024836736519,0.1997947266096961
3_KPCWTlive_740nm_3033mW_u1_poc0p25_20x0p75NA_535s50_g70_z1_256pix_basicFLIM_120f_0005.sdt,20260508_KPC_live_on_SLIM,live,KPCWT,535,0.25,2026-05-09 12:45:26.530480,20260508_KPC_live_on_SLIM::fitet-sz-c2-b5::3_KPCWTlive_740nm_3033mW_u1_poc0p25_20x0p75NA_535s50_g70_z1_256pix_basicFLIM_120f_0005,E:\18_RK_Circadian\data\raw\20260508_KPC_live_on_SLIM\fitet-sz-c2-b5\3_KPCWTlive_740nm_3033mW_u1_poc0p25_20x0p75NA_535s50_g70_z1_256pix_basicFLIM_120f_0005_fit_mask.npy,2,65536,64655,98.7,667.4110399926303,677.7704012875872,95.94509493280137,0.14155987743125206,3.5382111334761492,3.5532082315653497,0.6213396132603376,0.17486721091676893
3_KPCWTlive_740nm_3033mW_u1_poc0p25_20x0p75NA_535s50_g70_z1_256pix_basicFLIM_120f_0006.sdt,20260508_KPC_live_on_SLIM,live,KPCWT,535,0.25,2026-05-09 12:46:35.507242,20260508_KPC_live_on_SLIM::fitet-sz-c2-b5::3_KPCWTlive_740nm_3033mW_u1_poc0p25_20x0p75NA_535s50_g70_z1_256pix_basicFLIM_120f_0006,E:\18_RK_Circadian\data\raw\20260508_KPC_live_on_SLIM\fitet-sz-c2-b5\3_KPCWTlive_740nm_3033mW_u1_poc0p25_20x0p75NA_535s50_g70_z1_256pix_basicFLIM_120f_0006_fit_mask.npy,2,65536,65055,99.3,719.0511896021982,726.8201185327895,94.0212231382256,0.12935968713692667,3.210271729991196,3.262362467049377,0.6475333998882438,0.19848603778043744
3_KPCWTlive_740nm_3033mW_u1_poc0p25_20x0p75NA_535s50_g70_z1_256pix_basicFLIM_120f_0007.sdt,20260508_KPC_live_on_SLIM,live,KPCWT,535,0.25,2026-05-09 12:47:42.980559,20260508_KPC_live_on_SLIM::fitet-sz-c2-b5::3_KPCWTlive_740nm_3033mW_u1_poc0p25_20x0p75NA_535s50_g70_z1_256pix_basicFLIM_120f_0007,E:\18_RK_Circadian\data\raw\20260508_KPC_live_on_SLIM\fitet-sz-c2-b5\3_KPCWTlive_740nm_3033mW_u1_poc0p25_20x0p75NA_535s50_g70_z1_256pix_basicFLIM_120f_0007_fit_mask.npy,2,65536,65139,99.4,680.2464958292665,683.9055667589555,65.21993543450299,0.0953639487737785,3.690825046060652,3.7159180404862506,0.5731219480834123,0.15423428122984537
3_KPCWTlive_740nm_3033mW_u1_poc0p25_20x0p75NA_535s50_g70_z1_256pix_basicFLIM_120f_0008.sdt,20260508_KPC_live_on_SLIM,live,KPCWT,535,0.25,2026-05-09 12:48:52.073911,20260508_KPC_live_on_SLIM::fitet-sz-c2-b5::3_KPCWTlive_740nm_3033mW_u1_poc0p25_20x0p75NA_535s50_g70_z1_256pix_basicFLIM_120f_0008,E:\18_RK_Circadian\data\raw\20260508_KPC_live_on_SLIM\fitet-sz-c2-b5\3_KPCWTlive_740nm_3033mW_u1_poc0p25_20x0p75NA_535s50_g70_z1_256pix_basicFLIM_120f_0008_fit_mask.npy,2,65536,52952,80.8,781.8962671455301,787.3718650345438,129.3140504076674,0.16423504083676407,2.6868161746269887,2.747395234898599,0.5734816579036166,0.20873649725347315
3_KPCWTlive_740nm_3033mW_u1_poc0p25_20x0p75NA_535s50_g70_z1_256pix_basicFLIM_120f_0009.sdt,20260508_KPC_live_on_SLIM,live,KPCWT,535,0.25,2026-05-09 12:49:59.831190,20260508_KPC_live_on_SLIM::fitet-sz-c2-b5::3_KPCWTlive_740nm_3033mW_u1_poc0p25_20x0p75NA_535s50_g70_z1_256pix_basicFLIM_120f_0009,E:\18_RK_Circadian\data\raw\20260508_KPC_live_on_SLIM\fitet-sz-c2-b5\3_KPCWTlive_740nm_3033mW_u1_poc0p25_20x0p75NA_535s50_g70_z1_256pix_basicFLIM_120f_0009_fit_mask.npy,2,65536,57023,87.0,720.463434155254,733.7876409546827,120.47833091024768,0.16418691755764825,3.056974092083888,3.120545491232427,0.7208015866393324,0.23098576472110946
3_KPCWTlive_740nm_3033mW_u1_poc0p25_20x0p75NA_535s50_g70_z1_256pix_basicFLIM_120f_0010.sdt,20260508_KPC_live_on_SLIM,live,KPCWT,535,0.25,2026-05-09 12:51:08.392034,20260508_KPC_live_on_SLIM::fitet-sz-c2-b5::3_KPCWTlive_740nm_3033mW_u1_poc0p25_20x0p75NA_535s50_g70_z1_256pix_basicFLIM_120f_0010,E:\18_RK_Circadian\data\raw\20260508_KPC_live_on_SLIM\fitet-sz-c2-b5\3_KPCWTlive_740nm_3033mW_u1_poc0p25_20x0p75NA_535s50_g70_z1_256pix_basicFLIM_120f_0010_fit_mask.npy,2,65536,61764,94.2,753.2236295641108,758.8560030961559,111.87262972287068,0.14742273799828545,2.825558242252586,2.8843347938956527,0.5732755845174425,0.1987548691402646
3_KPCWTlive_740nm_3033mW_u1_poc0p25_20x0p75NA_535s50_g70_z1_256pix_basicFLIM_120f_0011.sdt,20260508_KPC_live_on_SLIM,live,KPCWT,535,0.25,2026-05-09 12:52:15.838999,20260508_KPC_live_on_SLIM::fitet-sz-c2-b5::3_KPCWTlive_740nm_3033mW_u1_poc0p25_20x0p75NA_535s50_g70_z1_256pix_basicFLIM_120f_0011,E:\18_RK_Circadian\data\raw\20260508_KPC_live_on_SLIM\fitet-sz-c2-b5\3_KPCWTlive_740nm_3033mW_u1_poc0p25_20x0p75NA_535s50_g70_z1_256pix_basicFLIM_120f_0011_fit_mask.npy,2,65536,64435,98.3,692.5597457690052,699.433213944243,93.13625279724414,0.13315960829487963,3.292544633208548,3.353929534543028,0.6548776289919266,0.1952568240468873
3_KPCWTlive_740nm_3033mW_u1_poc0p25_20x0p75NA_535s50_g70_z1_256pix_basicFLIM_120f_0012.sdt,20260508_KPC_live_on_SLIM,live,KPCWT,535,0.25,2026-05-09 12:53:24.043830,20260508_KPC_live_on_SLIM::fitet-sz-c2-b5::3_KPCWTlive_740nm_3033mW_u1_poc0p25_20x0p75NA_535s50_g70_z1_256pix_basicFLIM_120f_0012,E:\18_RK_Circadian\data\raw\20260508_KPC_live_on_SLIM\fitet-sz-c2-b5\3_KPCWTlive_740nm_3033mW_u1_poc0p25_20x0p75NA_535s50_g70_z1_256pix_basicFLIM_120f_0012_fit_mask.npy,2,65536,59527,90.8,708.5174027380037,726.8428012701518,128.33537774180323,0.17656552079423257,3.051056908643963,3.092454625962128,0.7433913337645732,0.24038876028238845
3_KPCWTlive_740nm_3033mW_u1_poc0p25_20x0p75NA_535s50_g70_z1_256pix_basicFLIM_120f_0013.sdt,20260508_KPC_live_on_SLIM,live,KPCWT,535,0.25,2026-05-09 12:54:32.938109,20260508_KPC_live_on_SLIM::fitet-sz-c2-b5::3_KPCWTlive_740nm_3033mW_u1_poc0p25_20x0p75NA_535s50_g70_z1_256pix_basicFLIM_120f_0013,E:\18_RK_Circadian\data\raw\20260508_KPC_live_on_SLIM\fitet-sz-c2-b5\3_KPCWTlive_740nm_3033mW_u1_poc0p25_20x0p75NA_535s50_g70_z1_256pix_basicFLIM_120f_0013_fit_mask.npy,2,65536,55357,84.5,752.7617669470093,761.9887496426171,115.63108176072566,0.151749066918584,2.8604369188264784,2.9009698598598024,0.6076785480674509,0.2094742715102937
3_KPCWTlive_740nm_3033mW_u1_poc0p25_20x0p75NA_535s50_g70_z1_256pix_basicFLIM_120f_0014.sdt,20260508_KPC_live_on_SLIM,live,KPCWT,535,0.25,2026-05-09 12:55:41.335918,20260508_KPC_live_on_SLIM::fitet-sz-c2-b5::3_KPCWTlive_740nm_3033mW_u1_poc0p25_20x0p75NA_535s50_g70_z1_256pix_basicFLIM_120f_0014,E:\18_RK_Circadian\data\raw\20260508_KPC_live_on_SLIM\fitet-sz-c2-b5\3_KPCWTlive_740nm_3033mW_u1_poc0p25_20x0p75NA_535s50_g70_z1_256pix_basicFLIM_120f_0014_fit_mask.npy,2,65536,63261,96.5,735.3711060380184,738.5396053942327,109.06096636316263,0.14767111413740072,3.0034831436955094,3.093084946877116,0.6742660450169593,0.2179914411008082
3_KPCWTlive_740nm_3033mW_u1_poc0p25_20x0p75NA_535s50_g70_z1_256pix_basicFLIM_120f_0015.sdt,20260508_KPC_live_on_SLIM,live,KPCWT,535,0.25,2026-05-09 12:56:49.184814,20260508_KPC_live_on_SLIM::fitet-sz-c2-b5::3_KPCWTlive_740nm_3033mW_u1_poc0p25_20x0p75NA_535s50_g70_z1_256pix_basicFLIM_120f_0015,E:\18_RK_Circadian\data\raw\20260508_KPC_live_on_SLIM\fitet-sz-c2-b5\3_KPCWTlive_740nm_3033mW_u1_poc0p25_20x0p75NA_535s50_g70_z1_256pix_basicFLIM_120f_0015_fit_mask.npy,2,65536,63630,97.1,665.1616322415723,667.0551990735638,93.50606977740223,0.14017740946666432,3.6202975880397377,3.647380766834582,0.6736453155589199,0.1846928957032227
3_KPCWTlive_740nm_3033mW_u1_poc0p25_20x0p75NA_535s50_g70_z1_256pix_basicFLIM_120f_0016.sdt,20260508_KPC_live_on_SLIM,live,KPCWT,535,0.25,2026-05-09 12:57:57.511858,20260508_KPC_live_on_SLIM::fitet-sz-c2-b5::3_KPCWTlive_740nm_3033mW_u1_poc0p25_20x0p75NA_535s50_g70_z1_256pix_basicFLIM_120f_0016,E:\18_RK_Circadian\data\raw\20260508_KPC_live_on_SLIM\fitet-sz-c2-b5\3_KPCWTlive_740nm_3033mW_u1_poc0p25_20x0p75NA_535s50_g70_z1_256pix_basicFLIM_120f_0016_fit_mask.npy,2,65536,62980,96.1,709.1930327253419,722.821984598102,105.62070754632944,0.1461227104278737,3.251995157031347,3.252276911130304,0.6927843337788441,0.21301517450987045
3_KPCWTlive_740nm_3033mW_u1_poc0p25_20x0p75NA_535s50_g70_z1_256pix_basicFLIM_120f_0017.sdt,20260508_KPC_live_on_SLIM,live,KPCWT,535,0.25,2026-05-09 12:59:06.026705,20260508_KPC_live_on_SLIM::fitet-sz-c2-b5::3_KPCWTlive_740nm_3033mW_u1_poc0p25_20x0p75NA_535s50_g70_z1_256pix_basicFLIM_120f_0017,E:\18_RK_Circadian\data\raw\20260508_KPC_live_on_SLIM\fitet-sz-c2-b5\3_KPCWTlive_740nm_3033mW_u1_poc0p25_20x0p75NA_535s50_g70_z1_256pix_basicFLIM_120f_0017_fit_mask.npy,2,65536,59176,90.3,738.4052418347151,746.9886678306401,127.23352722225943,0.17032859091659774,2.8625401243467725,2.934633093460297,0.6637205465880046,0.2261681530366018
3_KPCWTlive_740nm_3033mW_u1_poc0p25_20x0p75NA_535s50_g70_z1_256pix_basicFLIM_120f_0018.sdt,20260508_KPC_live_on_SLIM,live,KPCWT,535,0.25,2026-05-09 13:00:13.586287,20260508_KPC_live_on_SLIM::fitet-sz-c2-b5::3_KPCWTlive_740nm_3033mW_u1_poc0p25_20x0p75NA_535s50_g70_z1_256pix_basicFLIM_120f_0018,E:\18_RK_Circadian\data\raw\20260508_KPC_live_on_SLIM\fitet-sz-c2-b5\3_KPCWTlive_740nm_3033mW_u1_poc0p25_20x0p75NA_535s50_g70_z1_256pix_basicFLIM_120f_0018_fit_mask.npy,2,65536,61781,94.3,677.7144610836986,679.6308266260992,108.11878522602083,0.15908458090807392,3.396864109261981,3.45611706000412,0.7560652868881802,0.21876148109615215
3_KPCWTlive_740nm_3033mW_u1_poc0p25_20x0p75NA_535s50_g70_z1_256pix_basicFLIM_120f_0019.sdt,20260508_KPC_live_on_SLIM,live,KPCWT,535,0.25,2026-05-09 13:01:21.537158,20260508_KPC_live_on_SLIM::fitet-sz-c2-b5::3_KPCWTlive_740nm_3033mW_u1_poc0p25_20x0p75NA_535s50_g70_z1_256pix_basicFLIM_120f_0019,E:\18_RK_Circadian\data\raw\20260508_KPC_live_on_SLIM\fitet-sz-c2-b5\3_KPCWTlive_740nm_3033mW_u1_poc0p25_20x0p75NA_535s50_g70_z1_256pix_basicFLIM_120f_0019_fit_mask.npy,2,65536,56544,86.3,735.5491594936555,745.4994297507989,126.80038548778863,0.17008783699562952,2.8911085822148284,2.9338003147207368,0.626880541269768,0.21367525871624962
3_KPCWTlive_740nm_3033mW_u1_poc0p25_20x0p75NA_535s50_g70_z1_256pix_basicFLIM_120f_0020.sdt,20260508_KPC_live_on_SLIM,live,KPCWT,535,0.25,2026-05-09 13:02:29.098139,20260508_KPC_live_on_SLIM::fitet-sz-c2-b5::3_KPCWTlive_740nm_3033mW_u1_poc0p25_20x0p75NA_535s50_g70_z1_256pix_basicFLIM_120f_0020,E:\18_RK_Circadian\data\raw\20260508_KPC_live_on_SLIM\fitet-sz-c2-b5\3_KPCWTlive_740nm_3033mW_u1_poc0p25_20x0p75NA_535s50_g70_z1_256pix_basicFLIM_120f_0020_fit_mask.npy,2,65536,59896,91.4,680.7094029833245,707.6005578383147,129.96413684401634,0.18366878799679082,3.2660953525367225,3.2484614451510323,0.8229937061856684,0.25334876835744763
3_KPCWTlive_740nm_3033mW_u1_poc0p25_20x0p75NA_535s50_g70_z1_256pix_basicFLIM_120f_0021.sdt,20260508_KPC_live_on_SLIM,live,KPCWT,535,0.25,2026-05-09 13:03:37.927846,20260508_KPC_live_on_SLIM::fitet-sz-c2-b5::3_KPCWTlive_740nm_3033mW_u1_poc0p25_20x0p75NA_535s50_g70_z1_256pix_basicFLIM_120f_0021,E:\18_RK_Circadian\data\raw\20260508_KPC_live_on_SLIM\fitet-sz-c2-b5\3_KPCWTlive_740nm_3033mW_u1_poc0p25_20x0p75NA_535s50_g70_z1_256pix_basicFLIM_120f_0021_fit_mask.npy,2,65536,58686,89.5,759.0864832618865,774.3398203304848,130.76641110856698,0.16887470807423602,2.7819046215618286,2.827091744448763,0.6027033614375052,0.21318846925324053
3_KPCWTlive_740nm_3033mW_u1_poc0p25_20x0p75NA_535s50_g70_z1_256pix_basicFLIM_120f_0022.sdt,20260508_KPC_live_on_SLIM,live,KPCWT,535,0.25,2026-05-09 13:04:45.300435,20260508_KPC_live_on_SLIM::fitet-sz-c2-b5::3_KPCWTlive_740nm_3033mW_u1_poc0p25_20x0p75NA_535s50_g70_z1_256pix_basicFLIM_120f_0022,E:\18_RK_Circadian\data\raw\20260508_KPC_live_on_SLIM\fitet-sz-c2-b5\3_KPCWTlive_740nm_3033mW_u1_poc0p25_20x0p75NA_535s50_g70_z1_256pix_basicFLIM_120f_0022_fit_mask.npy,2,65536,62497,95.4,688.7667655419292,705.2752753501746,104.86192602061088,0.14868226589759032,3.2962377672024985,3.332925765385637,0.7080031522398829,0.21242691919301215
3_KPCWTlive_740nm_3033mW_u1_poc0p25_20x0p75NA_535s50_g70_z1_256pix_basicFLIM_120f_0023.sdt,20260508_KPC_live_on_SLIM,live,KPCWT,535,0.25,2026-05-09 13:05:54.997546,20260508_KPC_live_on_SLIM::fitet-sz-c2-b5::3_KPCWTlive_740nm_3033mW_u1_poc0p25_20x0p75NA_535s50_g70_z1_256pix_basicFLIM_120f_0023,E:\18_RK_Circadian\data\raw\20260508_KPC_live_on_SLIM\fitet-sz-c2-b5\3_KPCWTlive_740nm_3033mW_u1_poc0p25_20x0p75NA_535s50_g70_z1_256pix_basicFLIM_120f_0023_fit_mask.npy,2,65536,58570,89.4,739.692866487974,743.5107934632127,122.53482476232611,0.1648057107437121,2.9949467793838496,3.1209670490350887,0.7627843099302939,0.24440639646167503
3_KPCWTlive_740nm_3033mW_u1_poc0p25_20x0p75NA_535s50_g70_z1_256pix_basicFLIM_120f_0024.sdt,20260508_KPC_live_on_SLIM,live,KPCWT,535,0.25,2026-05-09 13:07:02.568758,20260508_KPC_live_on_SLIM::fitet-sz-c2-b5::3_KPCWTlive_740nm_3033mW_u1_poc0p25_20x0p75NA_535s50_g70_z1_256pix_basicFLIM_120f_0024,E:\18_RK_Circadian\data\raw\20260508_KPC_live_on_SLIM\fitet-sz-c2-b5\3_KPCWTlive_740nm_3033mW_u1_poc0p25_20x0p75NA_535s50_g70_z1_256pix_basicFLIM_120f_0024_fit_mask.npy,2,65536,60117,91.7,682.5651221649617,693.3727474062688,112.5232609629136,0.1622839394594531,3.4417874796493573,3.5159667194912125,0.8363369261624417,0.23786827148451112
3_KPCWTform20min_740nm_3006mW_u1_poc0p25_20x0p75NA_475s50_g70_z1_256pix_basicFLIM_120f_0000.sdt,20260509_KPC_fixed_dishes_on_SLIM,form,KPCWT,457,0.25,2026-05-10 09:49:23.986573,20260509_KPC_fixed_dishes_on_SLIM::fitet-sz-c2-b10::3_KPCWTform20min_740nm_3006mW_u1_poc0p25_20x0p75NA_475s50_g70_z1_256pix_basicFLIM_120f_0000,E:\18_RK_Circadian\data\raw\20260509_KPC_fixed_dishes_on_SLIM\fitet-sz-c2-b10\3_KPCWTform20min_740nm_3006mW_u1_poc0p25_20x0p75NA_475s50_g70_z1_256pix_basicFLIM_120f_0000_fit_mask.npy,2,65536,59148,90.3,620.8923021929734,626.5491773417326,105.480139903577,0.1683509351190896,3.9999731309624957,4.059583230564454,0.6391535449560821,0.15744314345963362
3_KPCWTform20min_740nm_3006mW_u1_poc0p25_20x0p75NA_475s50_g70_z1_256pix_basicFLIM_120f_0001.sdt,20260509_KPC_fixed_dishes_on_SLIM,form,KPCWT,457,0.25,2026-05-10 09:50:31.724045,20260509_KPC_fixed_dishes_on_SLIM::fitet-sz-c2-b10::3_KPCWTform20min_740nm_3006mW_u1_poc0p25_20x0p75NA_475s50_g70_z1_256pix_basicFLIM_120f_0001,E:\18_RK_Circadian\data\raw\20260509_KPC_fixed_dishes_on_SLIM\fitet-sz-c2-b10\3_KPCWTform20min_740nm_3006mW_u1_poc0p25_20x0p75NA_475s50_g70_z1_256pix_basicFLIM_120f_0001_fit_mask.npy,2,65536,65078,99.3,536.8571773580306,540.0615148521639,62.97360615266013,0.1166045060068731,3.6242463441312225,3.6359652940860467,0.38912703986968716,0.10702165955835945
3_KPCWTform20min_740nm_3006mW_u1_poc0p25_20x0p75NA_475s50_g70_z1_256pix_basicFLIM_120f_0002.sdt,20260509_KPC_fixed_dishes_on_SLIM,form,KPCWT,457,0.25,2026-05-10 09:51:39.997918,20260509_KPC_fixed_dishes_on_SLIM::fitet-sz-c2-b10::3_KPCWTform20min_740nm_3006mW_u1_poc0p25_20x0p75NA_475s50_g70_z1_256pix_basicFLIM_120f_0002,E:\18_RK_Circadian\data\raw\20260509_KPC_fixed_dishes_on_SLIM\fitet-sz-c2-b10\3_KPCWTform20min_740nm_3006mW_u1_poc0p25_20x0p75NA_475s50_g70_z1_256pix_basicFLIM_120f_0002_fit_mask.npy,2,65536,65097,99.3,508.2545228515336,506.3989825269461,46.95239171547531,0.09271817941098828,3.441905192895124,3.459023481475711,0.29847723662089065,0.08628945082892364
3_KPCWTform20min_740nm_3006mW_u1_poc0p25_20x0p75NA_475s50_g70_z1_256pix_basicFLIM_120f_0003.sdt,20260509_KPC_fixed_dishes_on_SLIM,form,KPCWT,457,0.25,2026-05-10 09:52:48.532127,20260509_KPC_fixed_dishes_on_SLIM::fitet-sz-c2-b10::3_KPCWTform20min_740nm_3006mW_u1_poc0p25_20x0p75NA_475s50_g70_z1_256pix_basicFLIM_120f_0003,E:\18_RK_Circadian\data\raw\20260509_KPC_fixed_dishes_on_SLIM\fitet-sz-c2-b10\3_KPCWTform20min_740nm_3006mW_u1_poc0p25_20x0p75NA_475s50_g70_z1_256pix_basicFLIM_120f_0003_fit_mask.npy,2,65536,63930,97.5,523.3657743539985,522.835871730568,67.02195957579478,0.128189290749991,3.4340782596662986,3.4452749158075004,0.3991001658610302,0.11583986056668266
3_KPCWTform20min_740nm_3006mW_u1_poc0p25_20x0p75NA_475s50_g70_z1_256pix_basicFLIM_120f_0004.sdt,20260509_KPC_fixed_dishes_on_SLIM,form,KPCWT,457,0.25,2026-05-10 09:53:56.661987,20260509_KPC_fixed_dishes_on_SLIM::fitet-sz-c2-b10::3_KPCWTform20min_740nm_3006mW_u1_poc0p25_20x0p75NA_475s50_g70_z1_256pix_basicFLIM_120f_0004,E:\18_RK_Circadian\data\raw\20260509_KPC_fixed_dishes_on_SLIM\fitet-sz-c2-b10\3_KPCWTform20min_740nm_3006mW_u1_poc0p25_20x0p75NA_475s50_g70_z1_256pix_basicFLIM_120f_0004_fit_mask.npy,2,65536,64685,98.7,510.77462979130695,510.24746974586145,60.713262711498984,0.11898787610203808,3.3894910542496595,3.4107013230681504,0.36470713167285607,0.10693024604827549
3_KPCWTform20min_740nm_3006mW_u1_poc0p25_20x0p75NA_475s50_g70_z1_256pix_basicFLIM_120f_0005.sdt,20260509_KPC_fixed_dishes_on_SLIM,form,KPCWT,457,0.25,2026-05-10 09:55:05.186332,20260509_KPC_fixed_dishes_on_SLIM::fitet-sz-c2-b10::3_KPCWTform20min_740nm_3006mW_u1_poc0p25_20x0p75NA_475s50_g70_z1_256pix_basicFLIM_120f_0005,E:\18_RK_Circadian\data\raw\20260509_KPC_fixed_dishes_on_SLIM\fitet-sz-c2-b10\3_KPCWTform20min_740nm_3006mW_u1_poc0p25_20x0p75NA_475s50_g70_z1_256pix_basicFLIM_120f_0005_fit_mask.npy,2,65536,64319,98.1,476.5813629453682,480.0652314570179,32.73844895525332,0.06819583425338004,3.679487916319434,3.6797158339331992,0.1862957588790271,0.05062775694825816
3_KPCWTform20min_740nm_3006mW_u1_poc0p25_20x0p75NA_475s50_g70_z1_256pix_basicFLIM_120f_0006.sdt,20260509_KPC_fixed_dishes_on_SLIM,form,KPCWT,457,0.25,2026-05-10 09:56:13.718845,20260509_KPC_fixed_dishes_on_SLIM::fitet-sz-c2-b10::3_KPCWTform20min_740nm_3006mW_u1_poc0p25_20x0p75NA_475s50_g70_z1_256pix_basicFLIM_120f_0006,E:\18_RK_Circadian\data\raw\20260509_KPC_fixed_dishes_on_SLIM\fitet-sz-c2-b10\3_KPCWTform20min_740nm_3006mW_u1_poc0p25_20x0p75NA_475s50_g70_z1_256pix_basicFLIM_120f_0006_fit_mask.npy,2,65536,65183,99.5,509.65922913497917,511.23810816842587,37.10466675547473,0.07257805347963363,3.461310014849035,3.46330125424359,0.24940037554012343,0.07201232501346298
3_KPCWTform20min_740nm_3006mW_u1_poc0p25_20x0p75NA_475s50_g70_z1_256pix_basicFLIM_120f_0007.sdt,20260509_KPC_fixed_dishes_on_SLIM,form,KPCWT,457,0.25,2026-05-10 09:57:22.350927,20260509_KPC_fixed_dishes_on_SLIM::fitet-sz-c2-b10::3_KPCWTform20min_740nm_3006mW_u1_poc0p25_20x0p75NA_475s50_g70_z1_256pix_basicFLIM_120f_0007,E:\18_RK_Circadian\data\raw\20260509_KPC_fixed_dishes_on_SLIM\fitet-sz-c2-b10\3_KPCWTform20min_740nm_3006mW_u1_poc0p25_20x0p75NA_475s50_g70_z1_256pix_basicFLIM_120f_0007_fit_mask.npy,2,65536,64794,98.9,534.8717099048973,536.0136206980078,64.98467026150139,0.12123697561430816,3.537343023672231,3.5731635468181784,0.5243033856496182,0.14673366577818656
3_KPCWTform20min_740nm_3006mW_u1_poc0p25_20x0p75NA_475s50_g70_z1_256pix_basicFLIM_120f_0008.sdt,20260509_KPC_fixed_dishes_on_SLIM,form,KPCWT,457,0.25,2026-05-10 09:58:30.610877,20260509_KPC_fixed_dishes_on_SLIM::fitet-sz-c2-b10::3_KPCWTform20min_740nm_3006mW_u1_poc0p25_20x0p75NA_475s50_g70_z1_256pix_basicFLIM_120f_0008,E:\18_RK_Circadian\data\raw\20260509_KPC_fixed_dishes_on_SLIM\fitet-sz-c2-b10\3_KPCWTform20min_740nm_3006mW_u1_poc0p25_20x0p75NA_475s50_g70_z1_256pix_basicFLIM_120f_0008_fit_mask.npy,2,65536,65101,99.3,508.56061947777727,509.05351761073956,58.4041922794419,0.11473094725592707,3.357007138477377,3.3940734980199543,0.41613548944440887,0.12260650504097079
3_KPCWTform20min_740nm_3006mW_u1_poc0p25_20x0p75NA_475s50_g70_z1_256pix_basicFLIM_120f_0009.sdt,20260509_KPC_fixed_dishes_on_SLIM,form,KPCWT,457,0.25,2026-05-10 09:59:39.147091,20260509_KPC_fixed_dishes_on_SLIM::fitet-sz-c2-b10::3_KPCWTform20min_740nm_3006mW_u1_poc0p25_20x0p75NA_475s50_g70_z1_256pix_basicFLIM_120f_0009,E:\18_RK_Circadian\data\raw\20260509_KPC_fixed_dishes_on_SLIM\fitet-sz-c2-b10\3_KPCWTform20min_740nm_3006mW_u1_poc0p25_20x0p75NA_475s50_g70_z1_256pix_basicFLIM_120f_0009_fit_mask.npy,2,65536,62635,95.6,497.86134572844327,501.13413685403435,78.37427658592337,0.15639380920631932,3.3971535880424013,3.4497378755825046,0.5429468435070793,0.1573878546976269
3_KPCWTform20min_740nm_3006mW_u1_poc0p25_20x0p75NA_475s50_g70_z1_256pix_basicFLIM_120f_0010.sdt,20260509_KPC_fixed_dishes_on_SLIM,form,KPCWT,457,0.25,2026-05-10 10:00:47.135168,20260509_KPC_fixed_dishes_on_SLIM::fitet-sz-c2-b10::3_KPCWTform20min_740nm_3006mW_u1_poc0p25_20x0p75NA_475s50_g70_z1_256pix_basicFLIM_120f_0010,E:\18_RK_Circadian\data\raw\20260509_KPC_fixed_dishes_on_SLIM\fitet-sz-c2-b10\3_KPCWTform20min_740nm_3006mW_u1_poc0p25_20x0p75NA_475s50_g70_z1_256pix_basicFLIM_120f_0010_fit_mask.npy,2,65536,58988,90.0,485.7501737015742,485.946405138486,82.2846432610858,0.1693286386955289,3.3923328246983377,3.445816720608566,0.6375620948780523,0.18502495825298926
3_KPCWTform20min_740nm_3006mW_u1_poc0p25_20x0p75NA_475s50_g70_z1_256pix_basicFLIM_120f_0011.sdt,20260509_KPC_fixed_dishes_on_SLIM,form,KPCWT,457,0.25,2026-05-10 10:01:56.877086,20260509_KPC_fixed_dishes_on_SLIM::fitet-sz-c2-b10::3_KPCWTform20min_740nm_3006mW_u1_poc0p25_20x0p75NA_475s50_g70_z1_256pix_basicFLIM_120f_0011,E:\18_RK_Circadian\data\raw\20260509_KPC_fixed_dishes_on_SLIM\fitet-sz-c2-b10\3_KPCWTform20min_740nm_3006mW_u1_poc0p25_20x0p75NA_475s50_g70_z1_256pix_basicFLIM_120f_0011_fit_mask.npy,2,65536,62903,96.0,493.1646633739045,494.55248110447206,66.8142118773247,0.13510034714235006,3.462846633782415,3.484253705591483,0.49133442706261127,0.1410156861637614
3_KPCWTform20min_740nm_3006mW_u1_poc0p25_20x0p75NA_535s50_g70_z1_256pix_basicFLIM_120f_0000.sdt,20260509_KPC_fixed_dishes_on_SLIM,form,KPCWT,535,0.25,2026-05-10 10:04:45.528851,20260509_KPC_fixed_dishes_on_SLIM::fitet-sz-c2-b10::3_KPCWTform20min_740nm_3006mW_u1_poc0p25_20x0p75NA_535s50_g70_z1_256pix_basicFLIM_120f_0000,E:\18_RK_Circadian\data\raw\20260509_KPC_fixed_dishes_on_SLIM\fitet-sz-c2-b10\3_KPCWTform20min_740nm_3006mW_u1_poc0p25_20x0p75NA_535s50_g70_z1_256pix_basicFLIM_120f_0000_fit_mask.npy,2,65536,49763,75.9,499.6649996673646,508.1896913409737,104.13824987895555,0.20492003606795559,3.4067319363130086,3.4662379937003145,0.7404618763052757,0.21362118748078524
3_KPCWTform20min_740nm_3006mW_u1_poc0p25_20x0p75NA_535s50_g70_z1_256pix_basicFLIM_120f_0001.sdt,20260509_KPC_fixed_dishes_on_SLIM,form,KPCWT,535,0.25,2026-05-10 10:05:53.280513,20260509_KPC_fixed_dishes_on_SLIM::fitet-sz-c2-b10::3_KPCWTform20min_740nm_3006mW_u1_poc0p25_20x0p75NA_535s50_g70_z1_256pix_basicFLIM_120f_0001,E:\18_RK_Circadian\data\raw\20260509_KPC_fixed_dishes_on_SLIM\fitet-sz-c2-b10\3_KPCWTform20min_740nm_3006mW_u1_poc0p25_20x0p75NA_535s50_g70_z1_256pix_basicFLIM_120f_0001_fit_mask.npy,2,65536,61908,94.5,525.4060608324661,527.8179768386951,81.6864240983041,0.15476248949979976,3.225413204748709,3.2491529312271723,0.4410567312077455,0.1357451435938298
3_KPCWTform20min_740nm_3006mW_u1_poc0p25_20x0p75NA_535s50_g70_z1_256pix_basicFLIM_120f_0002.sdt,20260509_KPC_fixed_dishes_on_SLIM,form,KPCWT,535,0.25,2026-05-10 10:07:01.667585,20260509_KPC_fixed_dishes_on_SLIM::fitet-sz-c2-b10::3_KPCWTform20min_740nm_3006mW_u1_poc0p25_20x0p75NA_535s50_g70_z1_256pix_basicFLIM_120f_0002,E:\18_RK_Circadian\data\raw\20260509_KPC_fixed_dishes_on_SLIM\fitet-sz-c2-b10\3_KPCWTform20min_740nm_3006mW_u1_poc0p25_20x0p75NA_535s50_g70_z1_256pix_basicFLIM_120f_0002_fit_mask.npy,2,65536,64478,98.4,518.6371108200807,521.2156108065683,62.721628236425964,0.12033720198703525,3.253898892255938,3.2768669388004845,0.39254505589542604,0.11979279696938788
3_KPCWTform20min_740nm_3006mW_u1_poc0p25_20x0p75NA_535s50_g70_z1_256pix_basicFLIM_120f_0003.sdt,20260509_KPC_fixed_dishes_on_SLIM,form,KPCWT,535,0.25,2026-05-10 10:08:10.136197,20260509_KPC_fixed_dishes_on_SLIM::fitet-sz-c2-b10::3_KPCWTform20min_740nm_3006mW_u1_poc0p25_20x0p75NA_535s50_g70_z1_256pix_basicFLIM_120f_0003,E:\18_RK_Circadian\data\raw\20260509_KPC_fixed_dishes_on_SLIM\fitet-sz-c2-b10\3_KPCWTform20min_740nm_3006mW_u1_poc0p25_20x0p75NA_535s50_g70_z1_256pix_basicFLIM_120f_0003_fit_mask.npy,2,65536,60468,92.3,509.4382904714911,510.6142148566315,78.06187973777988,0.1528783912913545,3.3056075525225284,3.356492375037044,0.5088246167989943,0.15159415245010907
3_KPCWTform20min_740nm_3006mW_u1_poc0p25_20x0p75NA_535s50_g70_z1_256pix_basicFLIM_120f_0004.sdt,20260509_KPC_fixed_dishes_on_SLIM,form,KPCWT,535,0.25,2026-05-10 10:09:18.404228,20260509_KPC_fixed_dishes_on_SLIM::fitet-sz-c2-b10::3_KPCWTform20min_740nm_3006mW_u1_poc0p25_20x0p75NA_535s50_g70_z1_256pix_basicFLIM_120f_0004,E:\18_RK_Circadian\data\raw\20260509_KPC_fixed_dishes_on_SLIM\fitet-sz-c2-b10\3_KPCWTform20min_740nm_3006mW_u1_poc0p25_20x0p75NA_535s50_g70_z1_256pix_basicFLIM_120f_0004_fit_mask.npy,2,65536,62118,94.8,531.5185719892262,532.9381282965546,80.15867720225992,0.15040897422459412,3.202304246133564,3.2382681365905426,0.40570876224917385,0.12528572222445117
3_KPCWTform20min_740nm_3006mW_u1_poc0p25_20x0p75NA_535s50_g70_z1_256pix_basicFLIM_120f_0005.sdt,20260509_KPC_fixed_dishes_on_SLIM,form,KPCWT,535,0.25,2026-05-10 10:10:26.894777,20260509_KPC_fixed_dishes_on_SLIM::fitet-sz-c2-b10::3_KPCWTform20min_740nm_3006mW_u1_poc0p25_20x0p75NA_535s50_g70_z1_256pix_basicFLIM_120f_0005,E:\18_RK_Circadian\data\raw\20260509_KPC_fixed_dishes_on_SLIM\fitet-sz-c2-b10\3_KPCWTform20min_740nm_3006mW_u1_poc0p25_20x0p75NA_535s50_g70_z1_256pix_basicFLIM_120f_0005_fit_mask.npy,2,65536,63611,97.1,526.2312297652677,525.834495047914,37.95818547341383,0.072186564082212,3.199856811717039,3.200594950915573,0.1919894188347586,0.0599855407444911
3_KPCWTform20min_740nm_3006mW_u1_poc0p25_20x0p75NA_535s50_g70_z1_256pix_basicFLIM_120f_0006.sdt,20260509_KPC_fixed_dishes_on_SLIM,form,KPCWT,535,0.25,2026-05-10 10:11:35.213831,20260509_KPC_fixed_dishes_on_SLIM::fitet-sz-c2-b10::3_KPCWTform20min_740nm_3006mW_u1_poc0p25_20x0p75NA_535s50_g70_z1_256pix_basicFLIM_120f_0006,E:\18_RK_Circadian\data\raw\20260509_KPC_fixed_dishes_on_SLIM\fitet-sz-c2-b10\3_KPCWTform20min_740nm_3006mW_u1_poc0p25_20x0p75NA_535s50_g70_z1_256pix_basicFLIM_120f_0006_fit_mask.npy,2,65536,65290,99.6,540.473717810529,541.8740050641695,48.839188968750435,0.0901301566643095,3.149629729790837,3.154926164411969,0.24516228477981722,0.077707772544817
3_KPCWTform20min_740nm_3006mW_u1_poc0p25_20x0p75NA_535s50_g70_z1_256pix_basicFLIM_120f_0007.sdt,20260509_KPC_fixed_dishes_on_SLIM,form,KPCWT,535,0.25,2026-05-10 10:12:43.940148,20260509_KPC_fixed_dishes_on_SLIM::fitet-sz-c2-b10::3_KPCWTform20min_740nm_3006mW_u1_poc0p25_20x0p75NA_535s50_g70_z1_256pix_basicFLIM_120f_0007,E:\18_RK_Circadian\data\raw\20260509_KPC_fixed_dishes_on_SLIM\fitet-sz-c2-b10\3_KPCWTform20min_740nm_3006mW_u1_poc0p25_20x0p75NA_535s50_g70_z1_256pix_basicFLIM_120f_0007_fit_mask.npy,2,65536,64038,97.7,538.0664966975078,540.6819434244354,84.55026246988201,0.15637707805512943,3.166528902866273,3.2445385776271154,0.8448992314952983,0.26040659134748617
3_KPCWTform20min_740nm_3006mW_u1_poc0p25_20x0p75NA_535s50_g70_z1_256pix_basicFLIM_120f_0008.sdt,20260509_KPC_fixed_dishes_on_SLIM,form,KPCWT,535,0.25,2026-05-10 10:13:51.730675,20260509_KPC_fixed_dishes_on_SLIM::fitet-sz-c2-b10::3_KPCWTform20min_740nm_3006mW_u1_poc0p25_20x0p75NA_535s50_g70_z1_256pix_basicFLIM_120f_0008,E:\18_RK_Circadian\data\raw\20260509_KPC_fixed_dishes_on_SLIM\fitet-sz-c2-b10\3_KPCWTform20min_740nm_3006mW_u1_poc0p25_20x0p75NA_535s50_g70_z1_256pix_basicFLIM_120f_0008_fit_mask.npy,2,65536,63994,97.6,563.942823869175,564.7337071007233,84.10725310264638,0.1489325890151717,3.1068483953282255,3.117683497249769,0.42806409868566125,0.13730197406608893
3_KPCWTform20min_740nm_3006mW_u1_poc0p25_20x0p75NA_535s50_g70_z1_256pix_basicFLIM_120f_0009.sdt,20260509_KPC_fixed_dishes_on_SLIM,form,KPCWT,535,0.25,2026-05-10 10:15:00.394754,20260509_KPC_fixed_dishes_on_SLIM::fitet-sz-c2-b10::3_KPCWTform20min_740nm_3006mW_u1_poc0p25_20x0p75NA_535s50_g70_z1_256pix_basicFLIM_120f_0009,E:\18_RK_Circadian\data\raw\20260509_KPC_fixed_dishes_on_SLIM\fitet-sz-c2-b10\3_KPCWTform20min_740nm_3006mW_u1_poc0p25_20x0p75NA_535s50_g70_z1_256pix_basicFLIM_120f_0009_fit_mask.npy,2,65536,61834,94.4,537.3486637190485,557.0009018382021,108.51037941740351,0.19481185588622915,3.1472693906470446,3.141285147818217,0.5057621471430896,0.1610048509904831
3_KPCWTform20min_740nm_3006mW_u1_poc0p25_20x0p75NA_535s50_g70_z1_256pix_basicFLIM_120f_0010.sdt,20260509_KPC_fixed_dishes_on_SLIM,form,KPCWT,535,0.25,2026-05-10 10:16:08.645323,20260509_KPC_fixed_dishes_on_SLIM::fitet-sz-c2-b10::3_KPCWTform20min_740nm_3006mW_u1_poc0p25_20x0p75NA_535s50_g70_z1_256pix_basicFLIM_120f_0010,E:\18_RK_Circadian\data\raw\20260509_KPC_fixed_dishes_on_SLIM\fitet-sz-c2-b10\3_KPCWTform20min_740nm_3006mW_u1_poc0p25_20x0p75NA_535s50_g70_z1_256pix_basicFLIM_120f_0010_fit_mask.npy,2,65536,59205,90.3,539.8741557041861,555.043857533009,117.62454323014951,0.21191936751260104,3.148815709128306,3.160458553663886,0.6068889699347698,0.19202560629412777
3_KPCWTform20min_740nm_3006mW_u1_poc0p25_20x0p75NA_535s50_g70_z1_256pix_basicFLIM_120f_0011.sdt,20260509_KPC_fixed_dishes_on_SLIM,form,KPCWT,535,0.25,2026-05-10 10:17:17.867546,20260509_KPC_fixed_dishes_on_SLIM::fitet-sz-c2-b10::3_KPCWTform20min_740nm_3006mW_u1_poc0p25_20x0p75NA_535s50_g70_z1_256pix_basicFLIM_120f_0011,E:\18_RK_Circadian\data\raw\20260509_KPC_fixed_dishes_on_SLIM\fitet-sz-c2-b10\3_KPCWTform20min_740nm_3006mW_u1_poc0p25_20x0p75NA_535s50_g70_z1_256pix_basicFLIM_120f_0011_fit_mask.npy,2,65536,59466,90.7,528.4963158761814,530.6717568599292,84.95731511665277,0.1600939074266152,3.1685507395853074,3.2046319215310204,0.5229314148592182,0.16317986828558662
3_KPCWTform20min_740nm_3006mW_u1_poc0p6_20x0p75NA_457s50_g70_z1_256pix_basicFLIM_120f_0000.sdt,20260509_KPC_fixed_dishes_on_SLIM,form,KPCWT,457,0.6,2026-05-10 10:32:29.073243,20260509_KPC_fixed_dishes_on_SLIM::fitet-sz-c2-b10::3_KPCWTform20min_740nm_3006mW_u1_poc0p6_20x0p75NA_457s50_g70_z1_256pix_basicFLIM_120f_0000,E:\18_RK_Circadian\data\raw\20260509_KPC_fixed_dishes_on_SLIM\fitet-sz-c2-b10\3_KPCWTform20min_740nm_3006mW_u1_poc0p6_20x0p75NA_457s50_g70_z1_256pix_basicFLIM_120f_0000_fit_mask.npy,2,65536,65018,99.2,496.7558708605087,496.4606759641706,40.21713766629085,0.08100770033434292,3.4855059534639032,3.4958831134226047,0.23252011410278015,0.0665125539266483
3_KPCWTform20min_740nm_3006mW_u1_poc0p6_20x0p75NA_457s50_g70_z1_256pix_basicFLIM_120f_0001.sdt,20260509_KPC_fixed_dishes_on_SLIM,form,KPCWT,457,0.6,2026-05-10 10:33:37.261296,20260509_KPC_fixed_dishes_on_SLIM::fitet-sz-c2-b10::3_KPCWTform20min_740nm_3006mW_u1_poc0p6_20x0p75NA_457s50_g70_z1_256pix_basicFLIM_120f_0001,E:\18_RK_Circadian\data\raw\20260509_KPC_fixed_dishes_on_SLIM\fitet-sz-c2-b10\3_KPCWTform20min_740nm_3006mW_u1_poc0p6_20x0p75NA_457s50_g70_z1_256pix_basicFLIM_120f_0001_fit_mask.npy,2,65536,60120,91.7,548.0603593350936,545.9005971863987,43.61648116156667,0.07989821111456623,3.2324899816508967,3.250597761395758,0.18282989687270632,0.05624500793177249
3_KPCWTform20min_740nm_3006mW_u1_poc0p6_20x0p75NA_457s50_g70_z1_256pix_basicFLIM_120f_0002.sdt,20260509_KPC_fixed_dishes_on_SLIM,form,KPCWT,457,0.6,2026-05-10 10:34:45.714845,20260509_KPC_fixed_dishes_on_SLIM::fitet-sz-c2-b10::3_KPCWTform20min_740nm_3006mW_u1_poc0p6_20x0p75NA_457s50_g70_z1_256pix_basicFLIM_120f_0002,E:\18_RK_Circadian\data\raw\20260509_KPC_fixed_dishes_on_SLIM\fitet-sz-c2-b10\3_KPCWTform20min_740nm_3006mW_u1_poc0p6_20x0p75NA_457s50_g70_z1_256pix_basicFLIM_120f_0002_fit_mask.npy,2,65536,28987,44.2,549.7804342708118,546.8763783782017,33.88098088249242,0.061953637461849655,3.2746474960832894,3.3052305161577857,0.21466811518878576,0.06494800109685842
3_KPCWTform20min_740nm_3006mW_u1_poc0p6_20x0p75NA_457s50_g70_z1_256pix_basicFLIM_120f_0003.sdt,20260509_KPC_fixed_dishes_on_SLIM,form,KPCWT,457,0.6,2026-05-10 10:35:54.662230,20260509_KPC_fixed_dishes_on_SLIM::fitet-sz-c2-b10::3_KPCWTform20min_740nm_3006mW_u1_poc0p6_20x0p75NA_457s50_g70_z1_256pix_basicFLIM_120f_0003,E:\18_RK_Circadian\data\raw\20260509_KPC_fixed_dishes_on_SLIM\fitet-sz-c2-b10\3_KPCWTform20min_740nm_3006mW_u1_poc0p6_20x0p75NA_457s50_g70_z1_256pix_basicFLIM_120f_0003_fit_mask.npy,2,65536,53070,81.0,528.0924320252542,529.7770375446752,35.37610444656615,0.06677545823903881,3.354739729920402,3.3543854682261562,0.1765202575934334,0.052623724752414835
3_KPCWTform20min_740nm_3006mW_u1_poc0p6_20x0p75NA_457s50_g70_z1_256pix_basicFLIM_120f_0004.sdt,20260509_KPC_fixed_dishes_on_SLIM,form,KPCWT,457,0.6,2026-05-10 10:37:03.229912,20260509_KPC_fixed_dishes_on_SLIM::fitet-sz-c2-b10::3_KPCWTform20min_740nm_3006mW_u1_poc0p6_20x0p75NA_457s50_g70_z1_256pix_basicFLIM_120f_0004,E:\18_RK_Circadian\data\raw\20260509_KPC_fixed_dishes_on_SLIM\fitet-sz-c2-b10\3_KPCWTform20min_740nm_3006mW_u1_poc0p6_20x0p75NA_457s50_g70_z1_256pix_basicFLIM_120f_0004_fit_mask.npy,2,65536,32071,48.9,554.3863748800512,552.5410573813137,49.6896640420921,0.08992936068423382,3.228964952952407,3.2762081763640625,0.2564095826267745,0.07826413000145124
3_KPCWTform20min_740nm_3006mW_u1_poc0p6_20x0p75NA_457s50_g70_z1_256pix_basicFLIM_120f_0006.sdt,20260509_KPC_fixed_dishes_on_SLIM,form,KPCWT,457,0.6,2026-05-10 10:39:20.821508,20260509_KPC_fixed_dishes_on_SLIM::fitet-sz-c2-b10::3_KPCWTform20min_740nm_3006mW_u1_poc0p6_20x0p75NA_457s50_g70_z1_256pix_basicFLIM_120f_0006,E:\18_RK_Circadian\data\raw\20260509_KPC_fixed_dishes_on_SLIM\fitet-sz-c2-b10\3_KPCWTform20min_740nm_3006mW_u1_poc0p6_20x0p75NA_457s50_g70_z1_256pix_basicFLIM_120f_0006_fit_mask.npy,2,65536,4146,6.3,600.1303438081056,603.2214156743238,30.73381984174726,0.05094948395920395,3.074729168674276,3.0520866145512566,0.1289063527995503,0.042235483156005775
3_KPCWTform20min_740nm_3006mW_u1_poc0p6_20x0p75NA_457s50_g70_z1_256pix_basicFLIM_120f_0007.sdt,20260509_KPC_fixed_dishes_on_SLIM,form,KPCWT,457,0.6,2026-05-10 10:40:29.586347,20260509_KPC_fixed_dishes_on_SLIM::fitet-sz-c2-b10::3_KPCWTform20min_740nm_3006mW_u1_poc0p6_20x0p75NA_457s50_g70_z1_256pix_basicFLIM_120f_0007,E:\18_RK_Circadian\data\raw\20260509_KPC_fixed_dishes_on_SLIM\fitet-sz-c2-b10\3_KPCWTform20min_740nm_3006mW_u1_poc0p6_20x0p75NA_457s50_g70_z1_256pix_basicFLIM_120f_0007_fit_mask.npy,2,65536,55099,84.1,569.0392126742943,566.2669036317045,33.4157273385671,0.05901056043406066,3.1427294193878,3.1513795806261813,0.1872768142765213,0.05942693016983668
3_KPCWTform20min_740nm_3006mW_u1_poc0p6_20x0p75NA_457s50_g70_z1_256pix_basicFLIM_120f_0008.sdt,20260509_KPC_fixed_dishes_on_SLIM,form,KPCWT,457,0.6,2026-05-10 10:41:37.456727,20260509_KPC_fixed_dishes_on_SLIM::fitet-sz-c2-b10::3_KPCWTform20min_740nm_3006mW_u1_poc0p6_20x0p75NA_457s50_g70_z1_256pix_basicFLIM_120f_0008,E:\18_RK_Circadian\data\raw\20260509_KPC_fixed_dishes_on_SLIM\fitet-sz-c2-b10\3_KPCWTform20min_740nm_3006mW_u1_poc0p6_20x0p75NA_457s50_g70_z1_256pix_basicFLIM_120f_0008_fit_mask.npy,2,65536,58247,88.9,589.7617548018604,590.2603796348754,42.40775811489721,0.07184584901519207,3.060064411972232,3.0631183475447585,0.1838564347727183,0.06002263507712275
3_KPCWTform20min_740nm_3006mW_u1_poc0p6_20x0p75NA_457s50_g70_z1_256pix_basicFLIM_120f_0009.sdt,20260509_KPC_fixed_dishes_on_SLIM,form,KPCWT,457,0.6,2026-05-10 10:42:46.547624,20260509_KPC_fixed_dishes_on_SLIM::fitet-sz-c2-b10::3_KPCWTform20min_740nm_3006mW_u1_poc0p6_20x0p75NA_457s50_g70_z1_256pix_basicFLIM_120f_0009,E:\18_RK_Circadian\data\raw\20260509_KPC_fixed_dishes_on_SLIM\fitet-sz-c2-b10\3_KPCWTform20min_740nm_3006mW_u1_poc0p6_20x0p75NA_457s50_g70_z1_256pix_basicFLIM_120f_0009_fit_mask.npy,2,65536,56277,85.9,561.4372773966361,547.6922254255078,55.713129151154405,0.1017234252464882,3.103039151673438,3.113473934539531,0.21696824812231494,0.06968686832909156
3_KPCWTform20min_740nm_3006mW_u1_poc0p6_20x0p75NA_457s50_g70_z1_256pix_basicFLIM_120f_0010.sdt,20260509_KPC_fixed_dishes_on_SLIM,form,KPCWT,457,0.6,2026-05-10 10:43:54.761886,20260509_KPC_fixed_dishes_on_SLIM::fitet-sz-c2-b10::3_KPCWTform20min_740nm_3006mW_u1_poc0p6_20x0p75NA_457s50_g70_z1_256pix_basicFLIM_120f_0010,E:\18_RK_Circadian\data\raw\20260509_KPC_fixed_dishes_on_SLIM\fitet-sz-c2-b10\3_KPCWTform20min_740nm_3006mW_u1_poc0p6_20x0p75NA_457s50_g70_z1_256pix_basicFLIM_120f_0010_fit_mask.npy,2,65536,61253,93.5,537.2048459292712,524.7778179835404,60.694674592061055,0.11565785083157751,3.1714842658167655,3.1902825129017356,0.271978331321499,0.08525211489001328
3_KPCWTform20min_740nm_3006mW_u1_poc0p6_20x0p75NA_457s50_g70_z1_256pix_basicFLIM_120f_0011.sdt,20260509_KPC_fixed_dishes_on_SLIM,form,KPCWT,457,0.6,2026-05-10 10:45:04.073673,20260509_KPC_fixed_dishes_on_SLIM::fitet-sz-c2-b10::3_KPCWTform20min_740nm_3006mW_u1_poc0p6_20x0p75NA_457s50_g70_z1_256pix_basicFLIM_120f_0011,E:\18_RK_Circadian\data\raw\20260509_KPC_fixed_dishes_on_SLIM\fitet-sz-c2-b10\3_KPCWTform20min_740nm_3006mW_u1_poc0p6_20x0p75NA_457s50_g70_z1_256pix_basicFLIM_120f_0011_fit_mask.npy,2,65536,62140,94.8,546.5589763030906,541.6995625589193,51.7411898551409,0.09551639586106024,3.2551135643426434,3.265895685162735,0.25656688522445514,0.07855942441458315
3_KPCWTform20min_740nm_3006mW_u1_poc0p6_20x0p75NA_457s50_g70_z1_256pix_basicFLIM_120f_0012.sdt,20260509_KPC_fixed_dishes_on_SLIM,form,KPCWT,457,0.6,2026-05-10 11:11:11.619324,20260509_KPC_fixed_dishes_on_SLIM::fitet-sz-c2-b10::3_KPCWTform20min_740nm_3006mW_u1_poc0p6_20x0p75NA_457s50_g70_z1_256pix_basicFLIM_120f_0012,E:\18_RK_Circadian\data\raw\20260509_KPC_fixed_dishes_on_SLIM\fitet-sz-c2-b10\3_KPCWTform20min_740nm_3006mW_u1_poc0p6_20x0p75NA_457s50_g70_z1_256pix_basicFLIM_120f_0012_fit_mask.npy,2,65536,65174,99.4,564.3351574971659,570.6290617492588,68.93545470070566,0.12080607056602512,3.0684904976133343,3.0859978974378803,0.2852302773525756,0.0924272429314956
3_KPCWTform20min_740nm_3006mW_u1_poc0p6_20x0p75NA_457s50_g70_z1_256pix_basicFLIM_120f_0013.sdt,20260509_KPC_fixed_dishes_on_SLIM,form,KPCWT,457,0.6,2026-05-10 11:12:19.691200,20260509_KPC_fixed_dishes_on_SLIM::fitet-sz-c2-b10::3_KPCWTform20min_740nm_3006mW_u1_poc0p6_20x0p75NA_457s50_g70_z1_256pix_basicFLIM_120f_0013,E:\18_RK_Circadian\data\raw\20260509_KPC_fixed_dishes_on_SLIM\fitet-sz-c2-b10\3_KPCWTform20min_740nm_3006mW_u1_poc0p6_20x0p75NA_457s50_g70_z1_256pix_basicFLIM_120f_0013_fit_mask.npy,2,65536,62991,96.1,600.8877536449265,597.4010391391292,54.30665503433826,0.0909048553256546,2.914774730789053,2.9475672454232846,0.22887001931368295,0.07764709004317089
3_KPCWTform20min_740nm_3006mW_u1_poc0p6_20x0p75NA_457s50_g70_z1_256pix_basicFLIM_120f_0014.sdt,20260509_KPC_fixed_dishes_on_SLIM,form,KPCWT,457,0.6,2026-05-10 11:13:28.034346,20260509_KPC_fixed_dishes_on_SLIM::fitet-sz-c2-b10::3_KPCWTform20min_740nm_3006mW_u1_poc0p6_20x0p75NA_457s50_g70_z1_256pix_basicFLIM_120f_0014,E:\18_RK_Circadian\data\raw\20260509_KPC_fixed_dishes_on_SLIM\fitet-sz-c2-b10\3_KPCWTform20min_740nm_3006mW_u1_poc0p6_20x0p75NA_457s50_g70_z1_256pix_basicFLIM_120f_0014_fit_mask.npy,2,65536,38418,58.6,601.0575232689587,597.4183022852866,41.05431766882445,0.06871955129560073,2.930479548901535,2.9586230896989467,0.20066331548226354,0.06782321012126014
3_KPCWTform20min_740nm_3006mW_u1_poc0p6_20x0p75NA_457s50_g70_z1_256pix_basicFLIM_120f_0015.sdt,20260509_KPC_fixed_dishes_on_SLIM,form,KPCWT,457,0.6,2026-05-10 11:14:36.903973,20260509_KPC_fixed_dishes_on_SLIM::fitet-sz-c2-b10::3_KPCWTform20min_740nm_3006mW_u1_poc0p6_20x0p75NA_457s50_g70_z1_256pix_basicFLIM_120f_0015,E:\18_RK_Circadian\data\raw\20260509_KPC_fixed_dishes_on_SLIM\fitet-sz-c2-b10\3_KPCWTform20min_740nm_3006mW_u1_poc0p6_20x0p75NA_457s50_g70_z1_256pix_basicFLIM_120f_0015_fit_mask.npy,2,65536,55945,85.4,572.9262619212433,570.7345150970687,47.23645318098332,0.08276431849044472,3.046392262771658,3.068664714614249,0.2236007098065858,0.07286580014483396
3_KPCWTform20min_740nm_3006mW_u1_poc0p6_20x0p75NA_457s50_g70_z1_256pix_basicFLIM_120f_0016.sdt,20260509_KPC_fixed_dishes_on_SLIM,form,KPCWT,457,0.6,2026-05-10 11:15:45.580541,20260509_KPC_fixed_dishes_on_SLIM::fitet-sz-c2-b10::3_KPCWTform20min_740nm_3006mW_u1_poc0p6_20x0p75NA_457s50_g70_z1_256pix_basicFLIM_120f_0016,E:\18_RK_Circadian\data\raw\20260509_KPC_fixed_dishes_on_SLIM\fitet-sz-c2-b10\3_KPCWTform20min_740nm_3006mW_u1_poc0p6_20x0p75NA_457s50_g70_z1_256pix_basicFLIM_120f_0016_fit_mask.npy,2,65536,36016,55.0,608.9887137678412,605.7729052684499,56.48846659211011,0.09325023635231273,2.883614657184337,2.9101809073334293,0.21499075507565096,0.07387539191597711
3_KPCWTform20min_740nm_3006mW_u1_poc0p6_20x0p75NA_457s50_g70_z1_256pix_basicFLIM_120f_0017.sdt,20260509_KPC_fixed_dishes_on_SLIM,form,KPCWT,457,0.6,2026-05-10 11:16:54.551664,20260509_KPC_fixed_dishes_on_SLIM::fitet-sz-c2-b10::3_KPCWTform20min_740nm_3006mW_u1_poc0p6_20x0p75NA_457s50_g70_z1_256pix_basicFLIM_120f_0017,E:\18_RK_Circadian\data\raw\20260509_KPC_fixed_dishes_on_SLIM\fitet-sz-c2-b10\3_KPCWTform20min_740nm_3006mW_u1_poc0p6_20x0p75NA_457s50_g70_z1_256pix_basicFLIM_120f_0017_fit_mask.npy,2,65536,830,1.3,612.7685415449714,623.6442277883214,38.390561342170244,0.06155843288779841,2.831414420307037,2.810414346860798,0.13797838263715,0.0490953879420913
3_KPCWTform20min_740nm_3006mW_u1_poc0p6_20x0p75NA_457s50_g70_z1_256pix_basicFLIM_120f_0018.sdt,20260509_KPC_fixed_dishes_on_SLIM,form,KPCWT,457,0.6,2026-05-10 11:18:03.271286,20260509_KPC_fixed_dishes_on_SLIM::fitet-sz-c2-b10::3_KPCWTform20min_740nm_3006mW_u1_poc0p6_20x0p75NA_457s50_g70_z1_256pix_basicFLIM_120f_0018,E:\18_RK_Circadian\data\raw\20260509_KPC_fixed_dishes_on_SLIM\fitet-sz-c2-b10\3_KPCWTform20min_740nm_3006mW_u1_poc0p6_20x0p75NA_457s50_g70_z1_256pix_basicFLIM_120f_0018_fit_mask.npy,2,65536,10991,16.8,653.3723018518292,651.9463744762476,36.2291094028326,0.055570689279371914,2.7596890265856486,2.767251625205478,0.13054625363637573,0.04717541854426853
3_KPCWTform20min_740nm_3006mW_u1_poc0p6_20x0p75NA_457s50_g70_z1_256pix_basicFLIM_120f_0019.sdt,20260509_KPC_fixed_dishes_on_SLIM,form,KPCWT,457,0.6,2026-05-10 11:19:12.238437,20260509_KPC_fixed_dishes_on_SLIM::fitet-sz-c2-b10::3_KPCWTform20min_740nm_3006mW_u1_poc0p6_20x0p75NA_457s50_g70_z1_256pix_basicFLIM_120f_0019,E:\18_RK_Circadian\data\raw\20260509_KPC_fixed_dishes_on_SLIM\fitet-sz-c2-b10\3_KPCWTform20min_740nm_3006mW_u1_poc0p6_20x0p75NA_457s50_g70_z1_256pix_basicFLIM_120f_0019_fit_mask.npy,2,65536,60525,92.4,617.5895864382519,613.1991586033934,49.26354305857203,0.08033856923543961,2.876110297550151,2.904279626181152,0.23341687866029698,0.08036997421189009
3_KPCWTform20min_740nm_3006mW_u1_poc0p6_20x0p75NA_457s50_g70_z1_256pix_basicFLIM_120f_0020.sdt,20260509_KPC_fixed_dishes_on_SLIM,form,KPCWT,457,0.6,2026-05-10 11:20:20.206460,20260509_KPC_fixed_dishes_on_SLIM::fitet-sz-c2-b10::3_KPCWTform20min_740nm_3006mW_u1_poc0p6_20x0p75NA_457s50_g70_z1_256pix_basicFLIM_120f_0020,E:\18_RK_Circadian\data\raw\20260509_KPC_fixed_dishes_on_SLIM\fitet-sz-c2-b10\3_KPCWTform20min_740nm_3006mW_u1_poc0p6_20x0p75NA_457s50_g70_z1_256pix_basicFLIM_120f_0020_fit_mask.npy,2,65536,60016,91.6,620.8778543519002,621.6476613346954,49.19750892938147,0.07914050351891135,2.8580526201924314,2.864918705776555,0.1908175722581476,0.06660488197218331
3_KPCWTform20min_740nm_3006mW_u1_poc0p6_20x0p75NA_457s50_g70_z1_256pix_basicFLIM_120f_0021.sdt,20260509_KPC_fixed_dishes_on_SLIM,form,KPCWT,457,0.6,2026-05-10 11:21:29.171293,20260509_KPC_fixed_dishes_on_SLIM::fitet-sz-c2-b10::3_KPCWTform20min_740nm_3006mW_u1_poc0p6_20x0p75NA_457s50_g70_z1_256pix_basicFLIM_120f_0021,E:\18_RK_Circadian\data\raw\20260509_KPC_fixed_dishes_on_SLIM\fitet-sz-c2-b10\3_KPCWTform20min_740nm_3006mW_u1_poc0p6_20x0p75NA_457s50_g70_z1_256pix_basicFLIM_120f_0021_fit_mask.npy,2,65536,59134,90.2,622.818387254885,634.7886897631001,74.91186258885506,0.1180107078102034,2.8043448486410827,2.773379277236408,0.28912246968196925,0.1042491634862403
3_KPCWTform20min_740nm_3006mW_u1_poc0p6_20x0p75NA_457s50_g70_z1_256pix_basicFLIM_120f_0022.sdt,20260509_KPC_fixed_dishes_on_SLIM,form,KPCWT,457,0.6,2026-05-10 11:22:37.271576,20260509_KPC_fixed_dishes_on_SLIM::fitet-sz-c2-b10::3_KPCWTform20min_740nm_3006mW_u1_poc0p6_20x0p75NA_457s50_g70_z1_256pix_basicFLIM_120f_0022,E:\18_RK_Circadian\data\raw\20260509_KPC_fixed_dishes_on_SLIM\fitet-sz-c2-b10\3_KPCWTform20min_740nm_3006mW_u1_poc0p6_20x0p75NA_457s50_g70_z1_256pix_basicFLIM_120f_0022_fit_mask.npy,2,65536,60429,92.2,619.0706013774045,626.5211131334996,80.02885241797583,0.12773528415940744,2.8127756813118094,2.8066868549574,0.31574405180770443,0.11249707150265498
3_KPCWTform20min_740nm_3006mW_u1_poc0p6_20x0p75NA_457s50_g70_z1_256pix_basicFLIM_120f_0023.sdt,20260509_KPC_fixed_dishes_on_SLIM,form,KPCWT,457,0.6,2026-05-10 11:23:46.691777,20260509_KPC_fixed_dishes_on_SLIM::fitet-sz-c2-b10::3_KPCWTform20min_740nm_3006mW_u1_poc0p6_20x0p75NA_457s50_g70_z1_256pix_basicFLIM_120f_0023,E:\18_RK_Circadian\data\raw\20260509_KPC_fixed_dishes_on_SLIM\fitet-sz-c2-b10\3_KPCWTform20min_740nm_3006mW_u1_poc0p6_20x0p75NA_457s50_g70_z1_256pix_basicFLIM_120f_0023_fit_mask.npy,2,65536,62992,96.1,597.5437921314422,599.1425791903538,63.66786430065241,0.1062649634861362,2.9623314022551988,2.976778109925726,0.26559842333400374,0.08922345352124036
4_BKOCO2form20min_740nm_2995mW_u1_poc0p25_20x0p75NA_457s50_g70_z1_256pix_basicFLIM_120f_0000.sdt,20260509_KPC_fixed_dishes_on_SLIM,form,BKO,457,0.25,2026-05-10 11:52:24.900548,20260509_KPC_fixed_dishes_on_SLIM::fitet-sz-c2-b10::4_BKOCO2form20min_740nm_2995mW_u1_poc0p25_20x0p75NA_457s50_g70_z1_256pix_basicFLIM_120f_0000,E:\18_RK_Circadian\data\raw\20260509_KPC_fixed_dishes_on_SLIM\fitet-sz-c2-b10\4_BKOCO2form20min_740nm_2995mW_u1_poc0p25_20x0p75NA_457s50_g70_z1_256pix_basicFLIM_120f_0000_fit_mask.npy,2,65536,65190,99.5,492.44958012784446,492.4062763175452,45.91556196766399,0.09324731258716482,3.441412674576327,3.4516651922331776,0.30359742209930174,0.08795679916535548
4_BKOCO2form20min_740nm_2995mW_u1_poc0p25_20x0p75NA_457s50_g70_z1_256pix_basicFLIM_120f_0001.sdt,20260509_KPC_fixed_dishes_on_SLIM,form,BKO,457,0.25,2026-05-10 11:53:33.720786,20260509_KPC_fixed_dishes_on_SLIM::fitet-sz-c2-b10::4_BKOCO2form20min_740nm_2995mW_u1_poc0p25_20x0p75NA_457s50_g70_z1_256pix_basicFLIM_120f_0001,E:\18_RK_Circadian\data\raw\20260509_KPC_fixed_dishes_on_SLIM\fitet-sz-c2-b10\4_BKOCO2form20min_740nm_2995mW_u1_poc0p25_20x0p75NA_457s50_g70_z1_256pix_basicFLIM_120f_0001_fit_mask.npy,2,65536,65196,99.5,496.46016608924924,497.1784926785426,55.332951818465844,0.11129393695282411,3.414190873155415,3.4182104067435235,0.3556438551017726,0.10404387465445378
4_BKOCO2form20min_740nm_2995mW_u1_poc0p25_20x0p75NA_457s50_g70_z1_256pix_basicFLIM_120f_0002.sdt,20260509_KPC_fixed_dishes_on_SLIM,form,BKO,457,0.25,2026-05-10 11:54:41.946839,20260509_KPC_fixed_dishes_on_SLIM::fitet-sz-c2-b10::4_BKOCO2form20min_740nm_2995mW_u1_poc0p25_20x0p75NA_457s50_g70_z1_256pix_basicFLIM_120f_0002,E:\18_RK_Circadian\data\raw\20260509_KPC_fixed_dishes_on_SLIM\fitet-sz-c2-b10\4_BKOCO2form20min_740nm_2995mW_u1_poc0p25_20x0p75NA_457s50_g70_z1_256pix_basicFLIM_120f_0002_fit_mask.npy,2,65536,64695,98.7,459.06642687502153,460.40812615565665,56.17749682531012,0.12201673609539508,3.503613592852585,3.5309269235201506,0.3698814480870629,0.1047547729247
4_BKOCO2form20min_740nm_2995mW_u1_poc0p25_20x0p75NA_457s50_g70_z1_256pix_basicFLIM_120f_0003.sdt,20260509_KPC_fixed_dishes_on_SLIM,form,BKO,457,0.25,2026-05-10 11:55:50.347990,20260509_KPC_fixed_dishes_on_SLIM::fitet-sz-c2-b10::4_BKOCO2form20min_740nm_2995mW_u1_poc0p25_20x0p75NA_457s50_g70_z1_256pix_basicFLIM_120f_0003,E:\18_RK_Circadian\data\raw\20260509_KPC_fixed_dishes_on_SLIM\fitet-sz-c2-b10\4_BKOCO2form20min_740nm_2995mW_u1_poc0p25_20x0p75NA_457s50_g70_z1_256pix_basicFLIM_120f_0003_fit_mask.npy,2,65536,65153,99.4,471.02536875091954,473.7806265850946,57.31188211894976,0.12096712888418648,3.5071101812120995,3.5076354162647214,0.34044816749924417,0.09705916581883164
4_BKOCO2form20min_740nm_2995mW_u1_poc0p25_20x0p75NA_457s50_g70_z1_256pix_basicFLIM_120f_0004.sdt,20260509_KPC_fixed_dishes_on_SLIM,form,BKO,457,0.25,2026-05-10 11:56:58.806856,20260509_KPC_fixed_dishes_on_SLIM::fitet-sz-c2-b10::4_BKOCO2form20min_740nm_2995mW_u1_poc0p25_20x0p75NA_457s50_g70_z1_256pix_basicFLIM_120f_0004,E:\18_RK_Circadian\data\raw\20260509_KPC_fixed_dishes_on_SLIM\fitet-sz-c2-b10\4_BKOCO2form20min_740nm_2995mW_u1_poc0p25_20x0p75NA_457s50_g70_z1_256pix_basicFLIM_120f_0004_fit_mask.npy,2,65536,65210,99.5,493.34083566148786,494.3956442058391,56.5891060127817,0.1144611743165381,3.4808625672411977,3.49653688813501,0.3700259969882648,0.10582642449559
4_BKOCO2form20min_740nm_2995mW_u1_poc0p25_20x0p75NA_457s50_g70_z1_256pix_basicFLIM_120f_0005.sdt,20260509_KPC_fixed_dishes_on_SLIM,form,BKO,457,0.25,2026-05-10 11:58:07.124593,20260509_KPC_fixed_dishes_on_SLIM::fitet-sz-c2-b10::4_BKOCO2form20min_740nm_2995mW_u1_poc0p25_20x0p75NA_457s50_g70_z1_256pix_basicFLIM_120f_0005,E:\18_RK_Circadian\data\raw\20260509_KPC_fixed_dishes_on_SLIM\fitet-sz-c2-b10\4_BKOCO2form20min_740nm_2995mW_u1_poc0p25_20x0p75NA_457s50_g70_z1_256pix_basicFLIM_120f_0005_fit_mask.npy,2,65536,65200,99.5,497.75996970725873,500.28421997695153,55.22690657452175,0.11039106245858822,3.400983657631537,3.4093970248653713,0.37292042721177676,0.1093801703034285
4_BKOCO2form20min_740nm_2995mW_u1_poc0p25_20x0p75NA_457s50_g70_z1_256pix_basicFLIM_120f_0006.sdt,20260509_KPC_fixed_dishes_on_SLIM,form,BKO,457,0.25,2026-05-10 11:59:15.193451,20260509_KPC_fixed_dishes_on_SLIM::fitet-sz-c2-b10::4_BKOCO2form20min_740nm_2995mW_u1_poc0p25_20x0p75NA_457s50_g70_z1_256pix_basicFLIM_120f_0006,E:\18_RK_Circadian\data\raw\20260509_KPC_fixed_dishes_on_SLIM\fitet-sz-c2-b10\4_BKOCO2form20min_740nm_2995mW_u1_poc0p25_20x0p75NA_457s50_g70_z1_256pix_basicFLIM_120f_0006_fit_mask.npy,2,65536,65192,99.5,491.9547893026549,490.90482382737326,56.24780351947127,0.11457985497256147,3.4838361095354813,3.4903559483534727,0.359437808989744,0.10298027316076568
4_BKOCO2form20min_740nm_2995mW_u1_poc0p25_20x0p75NA_457s50_g70_z1_256pix_basicFLIM_120f_0007.sdt,20260509_KPC_fixed_dishes_on_SLIM,form,BKO,457,0.25,2026-05-10 12:00:24.027889,20260509_KPC_fixed_dishes_on_SLIM::fitet-sz-c2-b10::4_BKOCO2form20min_740nm_2995mW_u1_poc0p25_20x0p75NA_457s50_g70_z1_256pix_basicFLIM_120f_0007,E:\18_RK_Circadian\data\raw\20260509_KPC_fixed_dishes_on_SLIM\fitet-sz-c2-b10\4_BKOCO2form20min_740nm_2995mW_u1_poc0p25_20x0p75NA_457s50_g70_z1_256pix_basicFLIM_120f_0007_fit_mask.npy,2,65536,65248,99.6,492.4636494996597,493.9101155157712,50.512647075673826,0.10227093045649698,3.4881975547162876,3.4928376590195986,0.34293203049151294,0.09818149710048941
4_BKOCO2form20min_740nm_2995mW_u1_poc0p25_20x0p75NA_457s50_g70_z1_256pix_basicFLIM_120f_0008.sdt,20260509_KPC_fixed_dishes_on_SLIM,form,BKO,457,0.25,2026-05-10 12:01:32.380382,20260509_KPC_fixed_dishes_on_SLIM::fitet-sz-c2-b10::4_BKOCO2form20min_740nm_2995mW_u1_poc0p25_20x0p75NA_457s50_g70_z1_256pix_basicFLIM_120f_0008,E:\18_RK_Circadian\data\raw\20260509_KPC_fixed_dishes_on_SLIM\fitet-sz-c2-b10\4_BKOCO2form20min_740nm_2995mW_u1_poc0p25_20x0p75NA_457s50_g70_z1_256pix_basicFLIM_120f_0008_fit_mask.npy,2,65536,64356,98.2,482.19996931844616,483.382194747125,58.68574948240408,0.12140651873432108,3.425673945708413,3.43960421744087,0.40050547946897763,0.11643940818486413
4_BKOCO2form20min_740nm_2995mW_u1_poc0p25_20x0p75NA_457s50_g70_z1_256pix_basicFLIM_120f_0009.sdt,20260509_KPC_fixed_dishes_on_SLIM,form,BKO,457,0.25,2026-05-10 12:02:42.155692,20260509_KPC_fixed_dishes_on_SLIM::fitet-sz-c2-b10::4_BKOCO2form20min_740nm_2995mW_u1_poc0p25_20x0p75NA_457s50_g70_z1_256pix_basicFLIM_120f_0009,E:\18_RK_Circadian\data\raw\20260509_KPC_fixed_dishes_on_SLIM\fitet-sz-c2-b10\4_BKOCO2form20min_740nm_2995mW_u1_poc0p25_20x0p75NA_457s50_g70_z1_256pix_basicFLIM_120f_0009_fit_mask.npy,2,65536,65287,99.6,483.6991627819188,484.4814219909736,53.51080421216015,0.11044965148974714,3.4863336297392826,3.491424353546312,0.33642192943387716,0.09635664283895094
4_BKOCO2form20min_740nm_2995mW_u1_poc0p25_20x0p75NA_457s50_g70_z1_256pix_basicFLIM_120f_0010.sdt,20260509_KPC_fixed_dishes_on_SLIM,form,BKO,457,0.25,2026-05-10 12:03:51.160129,20260509_KPC_fixed_dishes_on_SLIM::fitet-sz-c2-b10::4_BKOCO2form20min_740nm_2995mW_u1_poc0p25_20x0p75NA_457s50_g70_z1_256pix_basicFLIM_120f_0010,E:\18_RK_Circadian\data\raw\20260509_KPC_fixed_dishes_on_SLIM\fitet-sz-c2-b10\4_BKOCO2form20min_740nm_2995mW_u1_poc0p25_20x0p75NA_457s50_g70_z1_256pix_basicFLIM_120f_0010_fit_mask.npy,2,65536,62586,95.5,499.7250885058793,500.7826830662487,67.33541513546407,0.1344603505919478,3.358827770094887,3.3437225650078406,0.4697332379867086,0.14048212100563645
4_BKOCO2form20min_740nm_2995mW_u1_poc0p25_20x0p75NA_457s50_g70_z1_256pix_basicFLIM_120f_0011.sdt,20260509_KPC_fixed_dishes_on_SLIM,form,BKO,457,0.25,2026-05-10 12:04:59.200580,20260509_KPC_fixed_dishes_on_SLIM::fitet-sz-c2-b10::4_BKOCO2form20min_740nm_2995mW_u1_poc0p25_20x0p75NA_457s50_g70_z1_256pix_basicFLIM_120f_0011,E:\18_RK_Circadian\data\raw\20260509_KPC_fixed_dishes_on_SLIM\fitet-sz-c2-b10\4_BKOCO2form20min_740nm_2995mW_u1_poc0p25_20x0p75NA_457s50_g70_z1_256pix_basicFLIM_120f_0011_fit_mask.npy,2,65536,63864,97.4,495.467308298032,496.0849496101155,67.48365940499643,0.1360324667338394,3.353582052476539,3.3833934982282416,0.46390006353248786,0.1371108810652427
4_BKOCO2form20min_740nm_2995mW_u1_poc0p25_20x0p75NA_457s50_g70_z1_256pix_basicFLIM_120f_0012.sdt,20260509_KPC_fixed_dishes_on_SLIM,form,BKO,457,0.25,2026-05-10 12:06:07.167188,20260509_KPC_fixed_dishes_on_SLIM::fitet-sz-c2-b10::4_BKOCO2form20min_740nm_2995mW_u1_poc0p25_20x0p75NA_457s50_g70_z1_256pix_basicFLIM_120f_0012,E:\18_RK_Circadian\data\raw\20260509_KPC_fixed_dishes_on_SLIM\fitet-sz-c2-b10\4_BKOCO2form20min_740nm_2995mW_u1_poc0p25_20x0p75NA_457s50_g70_z1_256pix_basicFLIM_120f_0012_fit_mask.npy,2,65536,50090,76.4,497.6370283746853,498.459396752279,76.58843851530912,0.15365030534948773,3.407237860897755,3.499881565713533,0.5976847185519297,0.17077284111757582
4_BKOCO2form20min_740nm_2995mW_u1_poc0p25_20x0p75NA_457s50_g70_z1_256pix_basicFLIM_120f_0013.sdt,20260509_KPC_fixed_dishes_on_SLIM,form,BKO,457,0.25,2026-05-10 12:07:16.240293,20260509_KPC_fixed_dishes_on_SLIM::fitet-sz-c2-b10::4_BKOCO2form20min_740nm_2995mW_u1_poc0p25_20x0p75NA_457s50_g70_z1_256pix_basicFLIM_120f_0013,E:\18_RK_Circadian\data\raw\20260509_KPC_fixed_dishes_on_SLIM\fitet-sz-c2-b10\4_BKOCO2form20min_740nm_2995mW_u1_poc0p25_20x0p75NA_457s50_g70_z1_256pix_basicFLIM_120f_0013_fit_mask.npy,2,65536,63478,96.9,493.2625497984561,491.17200758245747,65.06871691233584,0.13247643576555443,3.4074837111805474,3.430572119409654,0.47419773554773215,0.13822701259209613
4_BKOCO2form20min_740nm_2995mW_u1_poc0p25_20x0p75NA_457s50_g70_z1_256pix_basicFLIM_120f_0014.sdt,20260509_KPC_fixed_dishes_on_SLIM,form,BKO,457,0.25,2026-05-10 12:08:25.695606,20260509_KPC_fixed_dishes_on_SLIM::fitet-sz-c2-b10::4_BKOCO2form20min_740nm_2995mW_u1_poc0p25_20x0p75NA_457s50_g70_z1_256pix_basicFLIM_120f_0014,E:\18_RK_Circadian\data\raw\20260509_KPC_fixed_dishes_on_SLIM\fitet-sz-c2-b10\4_BKOCO2form20min_740nm_2995mW_u1_poc0p25_20x0p75NA_457s50_g70_z1_256pix_basicFLIM_120f_0014_fit_mask.npy,2,65536,62781,95.8,496.4659777409041,501.738323100521,79.91444858088322,0.15927515380337556,3.307874994013393,3.3331081242204488,0.5067667986699104,0.1520403118601001
4_BKOCO2form20min_740nm_2995mW_u1_poc0p25_20x0p75NA_457s50_g70_z1_256pix_basicFLIM_120f_0015.sdt,20260509_KPC_fixed_dishes_on_SLIM,form,BKO,457,0.25,2026-05-10 12:09:33.766142,20260509_KPC_fixed_dishes_on_SLIM::fitet-sz-c2-b10::4_BKOCO2form20min_740nm_2995mW_u1_poc0p25_20x0p75NA_457s50_g70_z1_256pix_basicFLIM_120f_0015,E:\18_RK_Circadian\data\raw\20260509_KPC_fixed_dishes_on_SLIM\fitet-sz-c2-b10\4_BKOCO2form20min_740nm_2995mW_u1_poc0p25_20x0p75NA_457s50_g70_z1_256pix_basicFLIM_120f_0015_fit_mask.npy,2,65536,62451,95.3,501.56076144405154,499.7465636974263,78.31112131068808,0.15670167040528543,3.3212206784241713,3.38313989989602,0.5684942256351289,0.16803745705360912
4_BKOCO2form20min_740nm_2995mW_u1_poc0p25_20x0p75NA_535s50_g70_z1_256pix_basicFLIM_120f_0000.sdt,20260509_KPC_fixed_dishes_on_SLIM,form,BKO,535,0.25,2026-05-10 12:22:24.885547,20260509_KPC_fixed_dishes_on_SLIM::fitet-sz-c2-b10::4_BKOCO2form20min_740nm_2995mW_u1_poc0p25_20x0p75NA_535s50_g70_z1_256pix_basicFLIM_120f_0000,E:\18_RK_Circadian\data\raw\20260509_KPC_fixed_dishes_on_SLIM\fitet-sz-c2-b10\4_BKOCO2form20min_740nm_2995mW_u1_poc0p25_20x0p75NA_535s50_g70_z1_256pix_basicFLIM_120f_0000_fit_mask.npy,2,65536,64846,98.9,497.4727226124192,499.1266896893698,62.37810156991973,0.1249744861544883,3.244481913389381,3.261387074216888,0.3238958341996684,0.09931229468597838
4_BKOCO2form20min_740nm_2995mW_u1_poc0p25_20x0p75NA_535s50_g70_z1_256pix_basicFLIM_120f_0001.sdt,20260509_KPC_fixed_dishes_on_SLIM,form,BKO,535,0.25,2026-05-10 12:23:33.740522,20260509_KPC_fixed_dishes_on_SLIM::fitet-sz-c2-b10::4_BKOCO2form20min_740nm_2995mW_u1_poc0p25_20x0p75NA_535s50_g70_z1_256pix_basicFLIM_120f_0001,E:\18_RK_Circadian\data\raw\20260509_KPC_fixed_dishes_on_SLIM\fitet-sz-c2-b10\4_BKOCO2form20min_740nm_2995mW_u1_poc0p25_20x0p75NA_535s50_g70_z1_256pix_basicFLIM_120f_0001_fit_mask.npy,2,65536,64563,98.5,507.1198917490874,508.07536985008807,62.802519000783796,0.12360866660258342,3.2481200557641148,3.2664241200824056,0.35018649160818227,0.10720790648562432
4_BKOCO2form20min_740nm_2995mW_u1_poc0p25_20x0p75NA_535s50_g70_z1_256pix_basicFLIM_120f_0002.sdt,20260509_KPC_fixed_dishes_on_SLIM,form,BKO,535,0.25,2026-05-10 12:24:42.068237,20260509_KPC_fixed_dishes_on_SLIM::fitet-sz-c2-b10::4_BKOCO2form20min_740nm_2995mW_u1_poc0p25_20x0p75NA_535s50_g70_z1_256pix_basicFLIM_120f_0002,E:\18_RK_Circadian\data\raw\20260509_KPC_fixed_dishes_on_SLIM\fitet-sz-c2-b10\4_BKOCO2form20min_740nm_2995mW_u1_poc0p25_20x0p75NA_535s50_g70_z1_256pix_basicFLIM_120f_0002_fit_mask.npy,2,65536,63057,96.2,481.63577609966654,481.54569631510503,69.60017310826065,0.14453492916841887,3.335164835164835,3.3586223011788614,0.4159313554753841,0.12383987188121573
4_BKOCO2form20min_740nm_2995mW_u1_poc0p25_20x0p75NA_535s50_g70_z1_256pix_basicFLIM_120f_0003.sdt,20260509_KPC_fixed_dishes_on_SLIM,form,BKO,535,0.25,2026-05-10 12:25:50.403154,20260509_KPC_fixed_dishes_on_SLIM::fitet-sz-c2-b10::4_BKOCO2form20min_740nm_2995mW_u1_poc0p25_20x0p75NA_535s50_g70_z1_256pix_basicFLIM_120f_0003,E:\18_RK_Circadian\data\raw\20260509_KPC_fixed_dishes_on_SLIM\fitet-sz-c2-b10\4_BKOCO2form20min_740nm_2995mW_u1_poc0p25_20x0p75NA_535s50_g70_z1_256pix_basicFLIM_120f_0003_fit_mask.npy,2,65536,64181,97.9,509.6318976917314,508.31398768774136,66.49020388801358,0.13080537915249874,3.192174446509446,3.2123241100982787,0.35747921888619827,0.1112836708358365
4_BKOCO2form20min_740nm_2995mW_u1_poc0p25_20x0p75NA_535s50_g70_z1_256pix_basicFLIM_120f_0004.sdt,20260509_KPC_fixed_dishes_on_SLIM,form,BKO,535,0.25,2026-05-10 12:26:59.388704,20260509_KPC_fixed_dishes_on_SLIM::fitet-sz-c2-b10::4_BKOCO2form20min_740nm_2995mW_u1_poc0p25_20x0p75NA_535s50_g70_z1_256pix_basicFLIM_120f_0004,E:\18_RK_Circadian\data\raw\20260509_KPC_fixed_dishes_on_SLIM\fitet-sz-c2-b10\4_BKOCO2form20min_740nm_2995mW_u1_poc0p25_20x0p75NA_535s50_g70_z1_256pix_basicFLIM_120f_0004_fit_mask.npy,2,65536,64677,98.7,515.8337805450328,517.7742533677646,74.34805692431577,0.1435916452792562,3.189540260842969,3.2047128221295127,0.39609852796830447,0.12359875906294135
4_BKOCO2form20min_740nm_2995mW_u1_poc0p25_20x0p75NA_535s50_g70_z1_256pix_basicFLIM_120f_0005.sdt,20260509_KPC_fixed_dishes_on_SLIM,form,BKO,535,0.25,2026-05-10 12:28:08.033281,20260509_KPC_fixed_dishes_on_SLIM::fitet-sz-c2-b10::4_BKOCO2form20min_740nm_2995mW_u1_poc0p25_20x0p75NA_535s50_g70_z1_256pix_basicFLIM_120f_0005,E:\18_RK_Circadian\data\raw\20260509_KPC_fixed_dishes_on_SLIM\fitet-sz-c2-b10\4_BKOCO2form20min_740nm_2995mW_u1_poc0p25_20x0p75NA_535s50_g70_z1_256pix_basicFLIM_120f_0005_fit_mask.npy,2,65536,63801,97.4,499.5616490200618,499.52063618373967,65.92868679390594,0.13198391020957792,3.2498237646033226,3.2808608895821854,0.3823948063289091,0.11655319112832203
4_BKOCO2form20min_740nm_2995mW_u1_poc0p25_20x0p75NA_535s50_g70_z1_256pix_basicFLIM_120f_0006.sdt,20260509_KPC_fixed_dishes_on_SLIM,form,BKO,535,0.25,2026-05-10 12:29:16.152172,20260509_KPC_fixed_dishes_on_SLIM::fitet-sz-c2-b10::4_BKOCO2form20min_740nm_2995mW_u1_poc0p25_20x0p75NA_535s50_g70_z1_256pix_basicFLIM_120f_0006,E:\18_RK_Circadian\data\raw\20260509_KPC_fixed_dishes_on_SLIM\fitet-sz-c2-b10\4_BKOCO2form20min_740nm_2995mW_u1_poc0p25_20x0p75NA_535s50_g70_z1_256pix_basicFLIM_120f_0006_fit_mask.npy,2,65536,63465,96.8,496.38930731030507,497.49360378119013,68.31085630218281,0.13731001923037306,3.3026756679285563,3.3339503445954426,0.39846225528694856,0.11951655366819804
4_BKOCO2form20min_740nm_2995mW_u1_poc0p25_20x0p75NA_535s50_g70_z1_256pix_basicFLIM_120f_0007.sdt,20260509_KPC_fixed_dishes_on_SLIM,form,BKO,535,0.25,2026-05-10 12:30:24.754387,20260509_KPC_fixed_dishes_on_SLIM::fitet-sz-c2-b10::4_BKOCO2form20min_740nm_2995mW_u1_poc0p25_20x0p75NA_535s50_g70_z1_256pix_basicFLIM_120f_0007,E:\18_RK_Circadian\data\raw\20260509_KPC_fixed_dishes_on_SLIM\fitet-sz-c2-b10\4_BKOCO2form20min_740nm_2995mW_u1_poc0p25_20x0p75NA_535s50_g70_z1_256pix_basicFLIM_120f_0007_fit_mask.npy,2,65536,64747,98.8,508.00109023945106,509.1037054712708,61.4780095914808,0.1207573406572859,3.2336217857716,3.2494820204115067,0.34710503651642427,0.10681857426386612
4_BKOCO2form20min_740nm_2995mW_u1_poc0p25_20x0p75NA_535s50_g70_z1_256pix_basicFLIM_120f_0008.sdt,20260509_KPC_fixed_dishes_on_SLIM,form,BKO,535,0.25,2026-05-10 12:31:33.647733,20260509_KPC_fixed_dishes_on_SLIM::fitet-sz-c2-b10::4_BKOCO2form20min_740nm_2995mW_u1_poc0p25_20x0p75NA_535s50_g70_z1_256pix_basicFLIM_120f_0008,E:\18_RK_Circadian\data\raw\20260509_KPC_fixed_dishes_on_SLIM\fitet-sz-c2-b10\4_BKOCO2form20min_740nm_2995mW_u1_poc0p25_20x0p75NA_535s50_g70_z1_256pix_basicFLIM_120f_0008_fit_mask.npy,2,65536,64139,97.9,497.3510765351605,500.4753158453051,72.02370118466645,0.14391059639578446,3.212058492840333,3.2525202050250748,0.4331275837262561,0.133166761902688
4_BKOCO2form20min_740nm_2995mW_u1_poc0p25_20x0p75NA_535s50_g70_z1_256pix_basicFLIM_120f_0009.sdt,20260509_KPC_fixed_dishes_on_SLIM,form,BKO,535,0.25,2026-05-10 12:32:43.879770,20260509_KPC_fixed_dishes_on_SLIM::fitet-sz-c2-b10::4_BKOCO2form20min_740nm_2995mW_u1_poc0p25_20x0p75NA_535s50_g70_z1_256pix_basicFLIM_120f_0009,E:\18_RK_Circadian\data\raw\20260509_KPC_fixed_dishes_on_SLIM\fitet-sz-c2-b10\4_BKOCO2form20min_740nm_2995mW_u1_poc0p25_20x0p75NA_535s50_g70_z1_256pix_basicFLIM_120f_0009_fit_mask.npy,2,65536,64492,98.4,497.92001212316455,498.32822057612486,64.30932408433473,0.12905013488898087,3.2546791753793185,3.274483392894943,0.37194260552093916,0.11358817892556415
4_BKOCO2form20min_740nm_2995mW_u1_poc0p25_20x0p75NA_535s50_g70_z1_256pix_basicFLIM_120f_0010.sdt,20260509_KPC_fixed_dishes_on_SLIM,form,BKO,535,0.25,2026-05-10 12:33:53.285970,20260509_KPC_fixed_dishes_on_SLIM::fitet-sz-c2-b10::4_BKOCO2form20min_740nm_2995mW_u1_poc0p25_20x0p75NA_535s50_g70_z1_256pix_basicFLIM_120f_0010,E:\18_RK_Circadian\data\raw\20260509_KPC_fixed_dishes_on_SLIM\fitet-sz-c2-b10\4_BKOCO2form20min_740nm_2995mW_u1_poc0p25_20x0p75NA_535s50_g70_z1_256pix_basicFLIM_120f_0010_fit_mask.npy,2,65536,61331,93.6,534.4685747483027,540.0397377433887,94.94439062912015,0.17581000802988128,3.1388833925739257,3.162371195661729,0.4845925195595878,0.15323707736282566
4_BKOCO2form20min_740nm_2995mW_u1_poc0p25_20x0p75NA_535s50_g70_z1_256pix_basicFLIM_120f_0011.sdt,20260509_KPC_fixed_dishes_on_SLIM,form,BKO,535,0.25,2026-05-10 12:35:01.376474,20260509_KPC_fixed_dishes_on_SLIM::fitet-sz-c2-b10::4_BKOCO2form20min_740nm_2995mW_u1_poc0p25_20x0p75NA_535s50_g70_z1_256pix_basicFLIM_120f_0011,E:\18_RK_Circadian\data\raw\20260509_KPC_fixed_dishes_on_SLIM\fitet-sz-c2-b10\4_BKOCO2form20min_740nm_2995mW_u1_poc0p25_20x0p75NA_535s50_g70_z1_256pix_basicFLIM_120f_0011_fit_mask.npy,2,65536,62404,95.2,536.7839606317648,540.7473855968309,82.14125236102933,0.15190318908406522,3.039803482466603,3.038866720429039,0.44006513593441576,0.144812252862569
4_BKOCO2form20min_740nm_2995mW_u1_poc0p25_20x0p75NA_535s50_g70_z1_256pix_basicFLIM_120f_0012.sdt,20260509_KPC_fixed_dishes_on_SLIM,form,BKO,535,0.25,2026-05-10 12:36:09.292729,20260509_KPC_fixed_dishes_on_SLIM::fitet-sz-c2-b10::4_BKOCO2form20min_740nm_2995mW_u1_poc0p25_20x0p75NA_535s50_g70_z1_256pix_basicFLIM_120f_0012,E:\18_RK_Circadian\data\raw\20260509_KPC_fixed_dishes_on_SLIM\fitet-sz-c2-b10\4_BKOCO2form20min_740nm_2995mW_u1_poc0p25_20x0p75NA_535s50_g70_z1_256pix_basicFLIM_120f_0012_fit_mask.npy,2,65536,55769,85.1,547.3086584512101,566.5087606257334,135.75587555285978,0.23963596856456648,3.1003433491204913,3.1506360823291706,0.7096793773921594,0.22524955559688592
4_BKOCO2form20min_740nm_2995mW_u1_poc0p25_20x0p75NA_535s50_g70_z1_256pix_basicFLIM_120f_0013.sdt,20260509_KPC_fixed_dishes_on_SLIM,form,BKO,535,0.25,2026-05-10 12:37:18.475386,20260509_KPC_fixed_dishes_on_SLIM::fitet-sz-c2-b10::4_BKOCO2form20min_740nm_2995mW_u1_poc0p25_20x0p75NA_535s50_g70_z1_256pix_basicFLIM_120f_0013,E:\18_RK_Circadian\data\raw\20260509_KPC_fixed_dishes_on_SLIM\fitet-sz-c2-b10\4_BKOCO2form20min_740nm_2995mW_u1_poc0p25_20x0p75NA_535s50_g70_z1_256pix_basicFLIM_120f_0013_fit_mask.npy,2,65536,62352,95.1,542.2075963850004,544.119941490756,85.45463273053933,0.157051095198633,3.089326623647231,3.127002265246387,0.4965266268995188,0.1587867819662087
4_BKOCO2form20min_740nm_2995mW_u1_poc0p25_20x0p75NA_535s50_g70_z1_256pix_basicFLIM_120f_0014.sdt,20260509_KPC_fixed_dishes_on_SLIM,form,BKO,535,0.25,2026-05-10 12:38:27.768321,20260509_KPC_fixed_dishes_on_SLIM::fitet-sz-c2-b10::4_BKOCO2form20min_740nm_2995mW_u1_poc0p25_20x0p75NA_535s50_g70_z1_256pix_basicFLIM_120f_0014,E:\18_RK_Circadian\data\raw\20260509_KPC_fixed_dishes_on_SLIM\fitet-sz-c2-b10\4_BKOCO2form20min_740nm_2995mW_u1_poc0p25_20x0p75NA_535s50_g70_z1_256pix_basicFLIM_120f_0014_fit_mask.npy,2,65536,61297,93.5,525.9011919345895,533.358257063882,93.97998195719518,0.17620423179450076,3.0658933945186844,3.0839513426884233,0.5504175539817793,0.17847802796459
4_BKOCO2form20min_740nm_2995mW_u1_poc0p25_20x0p75NA_535s50_g70_z1_256pix_basicFLIM_120f_0015.sdt,20260509_KPC_fixed_dishes_on_SLIM,form,BKO,535,0.25,2026-05-10 12:39:36.268109,20260509_KPC_fixed_dishes_on_SLIM::fitet-sz-c2-b10::4_BKOCO2form20min_740nm_2995mW_u1_poc0p25_20x0p75NA_535s50_g70_z1_256pix_basicFLIM_120f_0015,E:\18_RK_Circadian\data\raw\20260509_KPC_fixed_dishes_on_SLIM\fitet-sz-c2-b10\4_BKOCO2form20min_740nm_2995mW_u1_poc0p25_20x0p75NA_535s50_g70_z1_256pix_basicFLIM_120f_0015_fit_mask.npy,2,65536,59644,91.0,523.7595751928471,528.2905773153661,90.33435356307255,0.17099368688748529,3.150256967879829,3.17248429746324,0.5472181372449942,0.17248884027024405
4_BKOCO2form20min_740nm_2995mW_u1_poc0p6_20x0p75NA_457s50_g70_z1_256pix_basicFLIM_120f_0000.sdt,20260509_KPC_fixed_dishes_on_SLIM,form,BKO,457,0.6,2026-05-10 12:44:08.865625,20260509_KPC_fixed_dishes_on_SLIM::fitet-sz-c2-b10::4_BKOCO2form20min_740nm_2995mW_u1_poc0p6_20x0p75NA_457s50_g70_z1_256pix_basicFLIM_120f_0000,E:\18_RK_Circadian\data\raw\20260509_KPC_fixed_dishes_on_SLIM\fitet-sz-c2-b10\4_BKOCO2form20min_740nm_2995mW_u1_poc0p6_20x0p75NA_457s50_g70_z1_256pix_basicFLIM_120f_0000_fit_mask.npy,2,65536,24543,37.4,585.2667722007388,583.2887336468317,32.11948792584377,0.05506618947536779,3.0245219266063357,3.040823623923721,0.1451354290653495,0.04772898629288939
4_BKOCO2form20min_740nm_2995mW_u1_poc0p6_20x0p75NA_457s50_g70_z1_256pix_basicFLIM_120f_0001.sdt,20260509_KPC_fixed_dishes_on_SLIM,form,BKO,457,0.6,2026-05-10 12:45:17.778293,20260509_KPC_fixed_dishes_on_SLIM::fitet-sz-c2-b10::4_BKOCO2form20min_740nm_2995mW_u1_poc0p6_20x0p75NA_457s50_g70_z1_256pix_basicFLIM_120f_0001,E:\18_RK_Circadian\data\raw\20260509_KPC_fixed_dishes_on_SLIM\fitet-sz-c2-b10\4_BKOCO2form20min_740nm_2995mW_u1_poc0p6_20x0p75NA_457s50_g70_z1_256pix_basicFLIM_120f_0001_fit_mask.npy,2,65536,42865,65.4,589.1196747437937,588.6428342128812,28.894807069558876,0.04908716353983363,3.0436781069834207,3.053354667968236,0.1387290094244253,0.04543494762655213
4_BKOCO2form20min_740nm_2995mW_u1_poc0p6_20x0p75NA_457s50_g70_z1_256pix_basicFLIM_120f_0002.sdt,20260509_KPC_fixed_dishes_on_SLIM,form,BKO,457,0.6,2026-05-10 12:46:26.286773,20260509_KPC_fixed_dishes_on_SLIM::fitet-sz-c2-b10::4_BKOCO2form20min_740nm_2995mW_u1_poc0p6_20x0p75NA_457s50_g70_z1_256pix_basicFLIM_120f_0002,E:\18_RK_Circadian\data\raw\20260509_KPC_fixed_dishes_on_SLIM\fitet-sz-c2-b10\4_BKOCO2form20min_740nm_2995mW_u1_poc0p6_20x0p75NA_457s50_g70_z1_256pix_basicFLIM_120f_0002_fit_mask.npy,2,65536,53991,82.4,556.5430713245754,557.2177843218717,32.24326909896184,0.05786475235746749,3.0509570096660745,3.0574837662259027,0.13040660918679148,0.04265161131101043
4_BKOCO2form20min_740nm_2995mW_u1_poc0p6_20x0p75NA_457s50_g70_z1_256pix_basicFLIM_120f_0003.sdt,20260509_KPC_fixed_dishes_on_SLIM,form,BKO,457,0.6,2026-05-10 12:47:34.818393,20260509_KPC_fixed_dishes_on_SLIM::fitet-sz-c2-b10::4_BKOCO2form20min_740nm_2995mW_u1_poc0p6_20x0p75NA_457s50_g70_z1_256pix_basicFLIM_120f_0003,E:\18_RK_Circadian\data\raw\20260509_KPC_fixed_dishes_on_SLIM\fitet-sz-c2-b10\4_BKOCO2form20min_740nm_2995mW_u1_poc0p6_20x0p75NA_457s50_g70_z1_256pix_basicFLIM_120f_0003_fit_mask.npy,2,65536,54523,83.2,588.0619662772835,585.9633118922727,29.247059161147103,0.049912782195695,2.977388611177527,2.987510810755358,0.13657203950235267,0.04571432478526228
4_BKOCO2form20min_740nm_2995mW_u1_poc0p6_20x0p75NA_457s50_g70_z1_256pix_basicFLIM_120f_0004.sdt,20260509_KPC_fixed_dishes_on_SLIM,form,BKO,457,0.6,2026-05-10 12:48:43.790352,20260509_KPC_fixed_dishes_on_SLIM::fitet-sz-c2-b10::4_BKOCO2form20min_740nm_2995mW_u1_poc0p6_20x0p75NA_457s50_g70_z1_256pix_basicFLIM_120f_0004,E:\18_RK_Circadian\data\raw\20260509_KPC_fixed_dishes_on_SLIM\fitet-sz-c2-b10\4_BKOCO2form20min_740nm_2995mW_u1_poc0p6_20x0p75NA_457s50_g70_z1_256pix_basicFLIM_120f_0004_fit_mask.npy,2,65536,49567,75.6,599.220868727214,598.9773770514786,29.196391884098624,0.04874373056929221,2.9834674958134006,2.9906062926041623,0.12878620123317108,0.04306357595503704
4_BKOCO2form20min_740nm_2995mW_u1_poc0p6_20x0p75NA_457s50_g70_z1_256pix_basicFLIM_120f_0005.sdt,20260509_KPC_fixed_dishes_on_SLIM,form,BKO,457,0.6,2026-05-10 12:49:52.241415,20260509_KPC_fixed_dishes_on_SLIM::fitet-sz-c2-b10::4_BKOCO2form20min_740nm_2995mW_u1_poc0p6_20x0p75NA_457s50_g70_z1_256pix_basicFLIM_120f_0005,E:\18_RK_Circadian\data\raw\20260509_KPC_fixed_dishes_on_SLIM\fitet-sz-c2-b10\4_BKOCO2form20min_740nm_2995mW_u1_poc0p6_20x0p75NA_457s50_g70_z1_256pix_basicFLIM_120f_0005_fit_mask.npy,2,65536,50957,77.8,602.6419675888496,600.8403444131088,32.2309536763936,0.053643124960052864,2.9756532310000408,2.98849048453469,0.13214094437244997,0.04421661874323298
4_BKOCO2form20min_740nm_2995mW_u1_poc0p6_20x0p75NA_457s50_g70_z1_256pix_basicFLIM_120f_0006.sdt,20260509_KPC_fixed_dishes_on_SLIM,form,BKO,457,0.6,2026-05-10 12:51:00.424667,20260509_KPC_fixed_dishes_on_SLIM::fitet-sz-c2-b10::4_BKOCO2form20min_740nm_2995mW_u1_poc0p6_20x0p75NA_457s50_g70_z1_256pix_basicFLIM_120f_0006,E:\18_RK_Circadian\data\raw\20260509_KPC_fixed_dishes_on_SLIM\fitet-sz-c2-b10\4_BKOCO2form20min_740nm_2995mW_u1_poc0p6_20x0p75NA_457s50_g70_z1_256pix_basicFLIM_120f_0006_fit_mask.npy,2,65536,49225,75.1,598.2044459418105,596.9740494521274,31.092296779890763,0.05208316309297817,3.030398204997849,3.036707069977665,0.14072865545666188,0.046342519121443264
4_BKOCO2form20min_740nm_2995mW_u1_poc0p6_20x0p75NA_457s50_g70_z1_256pix_basicFLIM_120f_0007.sdt,20260509_KPC_fixed_dishes_on_SLIM,form,BKO,457,0.6,2026-05-10 12:52:09.073783,20260509_KPC_fixed_dishes_on_SLIM::fitet-sz-c2-b10::4_BKOCO2form20min_740nm_2995mW_u1_poc0p6_20x0p75NA_457s50_g70_z1_256pix_basicFLIM_120f_0007,E:\18_RK_Circadian\data\raw\20260509_KPC_fixed_dishes_on_SLIM\fitet-sz-c2-b10\4_BKOCO2form20min_740nm_2995mW_u1_poc0p6_20x0p75NA_457s50_g70_z1_256pix_basicFLIM_120f_0007_fit_mask.npy,2,65536,34360,52.4,594.2985526136866,592.4656130897257,33.48873861211343,0.05652435832936981,3.0038613352356123,3.006734136937195,0.11481713843646864,0.038186661409786944
4_BKOCO2form20min_740nm_2995mW_u1_poc0p6_20x0p75NA_457s50_g70_z1_256pix_basicFLIM_120f_0008.sdt,20260509_KPC_fixed_dishes_on_SLIM,form,BKO,457,0.6,2026-05-10 12:53:17.773510,20260509_KPC_fixed_dishes_on_SLIM::fitet-sz-c2-b10::4_BKOCO2form20min_740nm_2995mW_u1_poc0p6_20x0p75NA_457s50_g70_z1_256pix_basicFLIM_120f_0008,E:\18_RK_Circadian\data\raw\20260509_KPC_fixed_dishes_on_SLIM\fitet-sz-c2-b10\4_BKOCO2form20min_740nm_2995mW_u1_poc0p6_20x0p75NA_457s50_g70_z1_256pix_basicFLIM_120f_0008_fit_mask.npy,2,65536,60607,92.5,576.6936364881924,574.718222646416,34.742494782346604,0.06045135409552036,2.950059493385796,2.9446514243246718,0.1443951958192391,0.04903643080686699
4_BKOCO2form20min_740nm_2995mW_u1_poc0p6_20x0p75NA_457s50_g70_z1_256pix_basicFLIM_120f_0009.sdt,20260509_KPC_fixed_dishes_on_SLIM,form,BKO,457,0.6,2026-05-10 12:54:27.736579,20260509_KPC_fixed_dishes_on_SLIM::fitet-sz-c2-b10::4_BKOCO2form20min_740nm_2995mW_u1_poc0p6_20x0p75NA_457s50_g70_z1_256pix_basicFLIM_120f_0009,E:\18_RK_Circadian\data\raw\20260509_KPC_fixed_dishes_on_SLIM\fitet-sz-c2-b10\4_BKOCO2form20min_740nm_2995mW_u1_poc0p6_20x0p75NA_457s50_g70_z1_256pix_basicFLIM_120f_0009_fit_mask.npy,2,65536,52117,79.5,594.8144729004081,595.089433039246,30.701410914492627,0.05159125538105106,2.9711859954145967,2.9711836888973315,0.13319524782874317,0.044829018255069485
4_BKOCO2form20min_740nm_2995mW_u1_poc0p6_20x0p75NA_457s50_g70_z1_256pix_basicFLIM_120f_0010.sdt,20260509_KPC_fixed_dishes_on_SLIM,form,BKO,457,0.6,2026-05-10 12:55:36.799720,20260509_KPC_fixed_dishes_on_SLIM::fitet-sz-c2-b10::4_BKOCO2form20min_740nm_2995mW_u1_poc0p6_20x0p75NA_457s50_g70_z1_256pix_basicFLIM_120f_0010,E:\18_RK_Circadian\data\raw\20260509_KPC_fixed_dishes_on_SLIM\fitet-sz-c2-b10\4_BKOCO2form20min_740nm_2995mW_u1_poc0p6_20x0p75NA_457s50_g70_z1_256pix_basicFLIM_120f_0010_fit_mask.npy,2,65536,62400,95.2,610.0900254696933,600.0761392905209,50.38483990826091,0.08396407823819102,2.868539626531111,2.8849806881727367,0.18392766777573563,0.06375351784147647
4_BKOCO2form20min_740nm_2995mW_u1_poc0p6_20x0p75NA_457s50_g70_z1_256pix_basicFLIM_120f_0011.sdt,20260509_KPC_fixed_dishes_on_SLIM,form,BKO,457,0.6,2026-05-10 12:56:45.291880,20260509_KPC_fixed_dishes_on_SLIM::fitet-sz-c2-b10::4_BKOCO2form20min_740nm_2995mW_u1_poc0p6_20x0p75NA_457s50_g70_z1_256pix_basicFLIM_120f_0011,E:\18_RK_Circadian\data\raw\20260509_KPC_fixed_dishes_on_SLIM\fitet-sz-c2-b10\4_BKOCO2form20min_740nm_2995mW_u1_poc0p6_20x0p75NA_457s50_g70_z1_256pix_basicFLIM_120f_0011_fit_mask.npy,2,65536,63717,97.2,603.1479914543934,598.7937496362794,40.91378816850076,0.06832701275414566,2.88026651299014,2.9080222056189986,0.19478260742175144,0.06698112794509772
4_BKOCO2form20min_740nm_2995mW_u1_poc0p6_20x0p75NA_457s50_g70_z1_256pix_basicFLIM_120f_0012.sdt,20260509_KPC_fixed_dishes_on_SLIM,form,BKO,457,0.6,2026-05-10 12:57:53.628057,20260509_KPC_fixed_dishes_on_SLIM::fitet-sz-c2-b10::4_BKOCO2form20min_740nm_2995mW_u1_poc0p6_20x0p75NA_457s50_g70_z1_256pix_basicFLIM_120f_0012,E:\18_RK_Circadian\data\raw\20260509_KPC_fixed_dishes_on_SLIM\fitet-sz-c2-b10\4_BKOCO2form20min_740nm_2995mW_u1_poc0p6_20x0p75NA_457s50_g70_z1_256pix_basicFLIM_120f_0012_fit_mask.npy,2,65536,62089,94.7,582.7589291294095,563.792768947419,76.54715040501372,0.1357717846362672,2.959665920772888,3.043521934062524,0.35635973100474205,0.11708794571723999
4_BKOCO2form20min_740nm_2995mW_u1_poc0p6_20x0p75NA_457s50_g70_z1_256pix_basicFLIM_120f_0013.sdt,20260509_KPC_fixed_dishes_on_SLIM,form,BKO,457,0.6,2026-05-10 12:59:02.904846,20260509_KPC_fixed_dishes_on_SLIM::fitet-sz-c2-b10::4_BKOCO2form20min_740nm_2995mW_u1_poc0p6_20x0p75NA_457s50_g70_z1_256pix_basicFLIM_120f_0013,E:\18_RK_Circadian\data\raw\20260509_KPC_fixed_dishes_on_SLIM\fitet-sz-c2-b10\4_BKOCO2form20min_740nm_2995mW_u1_poc0p6_20x0p75NA_457s50_g70_z1_256pix_basicFLIM_120f_0013_fit_mask.npy,2,65536,58909,89.9,588.6280978916868,579.705730092942,50.550467930215746,0.08720022126072687,2.953936816331952,2.98290923666746,0.1991017619686139,0.06674750928427599
4_BKOCO2form20min_740nm_2995mW_u1_poc0p6_20x0p75NA_457s50_g70_z1_256pix_basicFLIM_120f_0014.sdt,20260509_KPC_fixed_dishes_on_SLIM,form,BKO,457,0.6,2026-05-10 13:00:12.352244,20260509_KPC_fixed_dishes_on_SLIM::fitet-sz-c2-b10::4_BKOCO2form20min_740nm_2995mW_u1_poc0p6_20x0p75NA_457s50_g70_z1_256pix_basicFLIM_120f_0014,E:\18_RK_Circadian\data\raw\20260509_KPC_fixed_dishes_on_SLIM\fitet-sz-c2-b10\4_BKOCO2form20min_740nm_2995mW_u1_poc0p6_20x0p75NA_457s50_g70_z1_256pix_basicFLIM_120f_0014_fit_mask.npy,2,65536,59309,90.5,587.195218297279,578.1823229213036,58.927101108975016,0.10191785319765923,2.947250289645038,2.9737404912115486,0.21723675925998534,0.07305168689130627
4_BKOCO2form20min_740nm_2995mW_u1_poc0p6_20x0p75NA_457s50_g70_z1_256pix_basicFLIM_120f_0015.sdt,20260509_KPC_fixed_dishes_on_SLIM,form,BKO,457,0.6,2026-05-10 13:01:20.840077,20260509_KPC_fixed_dishes_on_SLIM::fitet-sz-c2-b10::4_BKOCO2form20min_740nm_2995mW_u1_poc0p6_20x0p75NA_457s50_g70_z1_256pix_basicFLIM_120f_0015,E:\18_RK_Circadian\data\raw\20260509_KPC_fixed_dishes_on_SLIM\fitet-sz-c2-b10\4_BKOCO2form20min_740nm_2995mW_u1_poc0p6_20x0p75NA_457s50_g70_z1_256pix_basicFLIM_120f_0015_fit_mask.npy,2,65536,59355,90.6,574.9419229783055,560.5799081243828,58.25710837467521,0.10392293325245076,2.9408764124014417,2.9684932508870028,0.25419040258208714,0.08562943591201819
4_BKOCO2form20min_740nm_2995mW_u1_poc0p6_20x0p75NA_535s50_g70_z1_256pix_basicFLIM_120f_0000.sdt,20260509_KPC_fixed_dishes_on_SLIM,form,BKO,535,0.6,2026-05-10 13:13:07.400388,20260509_KPC_fixed_dishes_on_SLIM::fitet-sz-c2-b10::4_BKOCO2form20min_740nm_2995mW_u1_poc0p6_20x0p75NA_535s50_g70_z1_256pix_basicFLIM_120f_0000,E:\18_RK_Circadian\data\raw\20260509_KPC_fixed_dishes_on_SLIM\fitet-sz-c2-b10\4_BKOCO2form20min_740nm_2995mW_u1_poc0p6_20x0p75NA_535s50_g70_z1_256pix_basicFLIM_120f_0000_fit_mask.npy,2,65536,54012,82.4,626.8479876016395,624.0502787618383,44.50868174143617,0.07132226882382726,2.743330382222921,2.7632793743556894,0.18852109996952277,0.06822368440884846
4_BKOCO2form20min_740nm_2995mW_u1_poc0p6_20x0p75NA_535s50_g70_z1_256pix_basicFLIM_120f_0001.sdt,20260509_KPC_fixed_dishes_on_SLIM,form,BKO,535,0.6,2026-05-10 13:14:16.340841,20260509_KPC_fixed_dishes_on_SLIM::fitet-sz-c2-b10::4_BKOCO2form20min_740nm_2995mW_u1_poc0p6_20x0p75NA_535s50_g70_z1_256pix_basicFLIM_120f_0001,E:\18_RK_Circadian\data\raw\20260509_KPC_fixed_dishes_on_SLIM\fitet-sz-c2-b10\4_BKOCO2form20min_740nm_2995mW_u1_poc0p6_20x0p75NA_535s50_g70_z1_256pix_basicFLIM_120f_0001_fit_mask.npy,2,65536,54871,83.7,633.2232571918809,631.3963068112897,38.85488296207556,0.06153802697754521,2.7914397270162086,2.797591784181184,0.13781120069407515,0.04926065392146215
4_BKOCO2form20min_740nm_2995mW_u1_poc0p6_20x0p75NA_535s50_g70_z1_256pix_basicFLIM_120f_0002.sdt,20260509_KPC_fixed_dishes_on_SLIM,form,BKO,535,0.6,2026-05-10 13:15:25.201114,20260509_KPC_fixed_dishes_on_SLIM::fitet-sz-c2-b10::4_BKOCO2form20min_740nm_2995mW_u1_poc0p6_20x0p75NA_535s50_g70_z1_256pix_basicFLIM_120f_0002,E:\18_RK_Circadian\data\raw\20260509_KPC_fixed_dishes_on_SLIM\fitet-sz-c2-b10\4_BKOCO2form20min_740nm_2995mW_u1_poc0p6_20x0p75NA_535s50_g70_z1_256pix_basicFLIM_120f_0002_fit_mask.npy,2,65536,62120,94.8,601.480790554769,599.9021690150158,44.49698335805478,0.07417373307903642,2.7535429096263995,2.765768711664743,0.1727326053409655,0.06245374192442724
4_BKOCO2form20min_740nm_2995mW_u1_poc0p6_20x0p75NA_535s50_g70_z1_256pix_basicFLIM_120f_0003.sdt,20260509_KPC_fixed_dishes_on_SLIM,form,BKO,535,0.6,2026-05-10 13:16:33.745658,20260509_KPC_fixed_dishes_on_SLIM::fitet-sz-c2-b10::4_BKOCO2form20min_740nm_2995mW_u1_poc0p6_20x0p75NA_535s50_g70_z1_256pix_basicFLIM_120f_0003,E:\18_RK_Circadian\data\raw\20260509_KPC_fixed_dishes_on_SLIM\fitet-sz-c2-b10\4_BKOCO2form20min_740nm_2995mW_u1_poc0p6_20x0p75NA_535s50_g70_z1_256pix_basicFLIM_120f_0003_fit_mask.npy,2,65536,60608,92.5,628.5518197443414,627.7971376183466,43.168785521533216,0.06876231657458845,2.722758821226167,2.7317584613873236,0.16137035333425218,0.059071969800836725
4_BKOCO2form20min_740nm_2995mW_u1_poc0p6_20x0p75NA_535s50_g70_z1_256pix_basicFLIM_120f_0004.sdt,20260509_KPC_fixed_dishes_on_SLIM,form,BKO,535,0.6,2026-05-10 13:17:42.366894,20260509_KPC_fixed_dishes_on_SLIM::fitet-sz-c2-b10::4_BKOCO2form20min_740nm_2995mW_u1_poc0p6_20x0p75NA_535s50_g70_z1_256pix_basicFLIM_120f_0004,E:\18_RK_Circadian\data\raw\20260509_KPC_fixed_dishes_on_SLIM\fitet-sz-c2-b10\4_BKOCO2form20min_740nm_2995mW_u1_poc0p6_20x0p75NA_535s50_g70_z1_256pix_basicFLIM_120f_0004_fit_mask.npy,2,65536,58986,90.0,630.7797561409761,629.2680623851822,42.758095066411144,0.06794893563220188,2.776601722344969,2.777731032083969,0.16165611222798498,0.05819717977039118
4_BKOCO2form20min_740nm_2995mW_u1_poc0p6_20x0p75NA_535s50_g70_z1_256pix_basicFLIM_120f_0005.sdt,20260509_KPC_fixed_dishes_on_SLIM,form,BKO,535,0.6,2026-05-10 13:18:50.782588,20260509_KPC_fixed_dishes_on_SLIM::fitet-sz-c2-b10::4_BKOCO2form20min_740nm_2995mW_u1_poc0p6_20x0p75NA_535s50_g70_z1_256pix_basicFLIM_120f_0005,E:\18_RK_Circadian\data\raw\20260509_KPC_fixed_dishes_on_SLIM\fitet-sz-c2-b10\4_BKOCO2form20min_740nm_2995mW_u1_poc0p6_20x0p75NA_535s50_g70_z1_256pix_basicFLIM_120f_0005_fit_mask.npy,2,65536,59515,90.8,629.8505489155922,626.336749575536,44.719099870252826,0.07139785411052224,2.780651651921275,2.8019962275172965,0.1825674042970609,0.06515619204056688
4_BKOCO2form20min_740nm_2995mW_u1_poc0p6_20x0p75NA_535s50_g70_z1_256pix_basicFLIM_120f_0006.sdt,20260509_KPC_fixed_dishes_on_SLIM,form,BKO,535,0.6,2026-05-10 13:19:59.249377,20260509_KPC_fixed_dishes_on_SLIM::fitet-sz-c2-b10::4_BKOCO2form20min_740nm_2995mW_u1_poc0p6_20x0p75NA_535s50_g70_z1_256pix_basicFLIM_120f_0006,E:\18_RK_Circadian\data\raw\20260509_KPC_fixed_dishes_on_SLIM\fitet-sz-c2-b10\4_BKOCO2form20min_740nm_2995mW_u1_poc0p6_20x0p75NA_535s50_g70_z1_256pix_basicFLIM_120f_0006_fit_mask.npy,2,65536,57068,87.1,632.9948646174603,629.9212300983544,44.40271911318556,0.07048931992060758,2.781431245841678,2.800422108616027,0.18655252675689143,0.06661585986731336
4_BKOCO2form20min_740nm_2995mW_u1_poc0p6_20x0p75NA_535s50_g70_z1_256pix_basicFLIM_120f_0007.sdt,20260509_KPC_fixed_dishes_on_SLIM,form,BKO,535,0.6,2026-05-10 13:21:08.063861,20260509_KPC_fixed_dishes_on_SLIM::fitet-sz-c2-b10::4_BKOCO2form20min_740nm_2995mW_u1_poc0p6_20x0p75NA_535s50_g70_z1_256pix_basicFLIM_120f_0007,E:\18_RK_Circadian\data\raw\20260509_KPC_fixed_dishes_on_SLIM\fitet-sz-c2-b10\4_BKOCO2form20min_740nm_2995mW_u1_poc0p6_20x0p75NA_535s50_g70_z1_256pix_basicFLIM_120f_0007_fit_mask.npy,2,65536,48978,74.7,634.7476662549932,632.0247042274559,41.48809659925357,0.06564315654396105,2.765982976487588,2.7722251576095167,0.138384557547193,0.049918224415264195
4_BKOCO2form20min_740nm_2995mW_u1_poc0p6_20x0p75NA_535s50_g70_z1_256pix_basicFLIM_120f_0008.sdt,20260509_KPC_fixed_dishes_on_SLIM,form,BKO,535,0.6,2026-05-10 13:22:16.650796,20260509_KPC_fixed_dishes_on_SLIM::fitet-sz-c2-b10::4_BKOCO2form20min_740nm_2995mW_u1_poc0p6_20x0p75NA_535s50_g70_z1_256pix_basicFLIM_120f_0008,E:\18_RK_Circadian\data\raw\20260509_KPC_fixed_dishes_on_SLIM\fitet-sz-c2-b10\4_BKOCO2form20min_740nm_2995mW_u1_poc0p6_20x0p75NA_535s50_g70_z1_256pix_basicFLIM_120f_0008_fit_mask.npy,2,65536,63258,96.5,622.1287258387553,620.0118023696929,46.87551808528315,0.07560423512282238,2.661189391850765,2.6761998335794166,0.1649363398229342,0.06163080116567076
4_BKOCO2form20min_740nm_2995mW_u1_poc0p6_20x0p75NA_535s50_g70_z1_256pix_basicFLIM_120f_0009.sdt,20260509_KPC_fixed_dishes_on_SLIM,form,BKO,535,0.6,2026-05-10 13:23:26.474568,20260509_KPC_fixed_dishes_on_SLIM::fitet-sz-c2-b10::4_BKOCO2form20min_740nm_2995mW_u1_poc0p6_20x0p75NA_535s50_g70_z1_256pix_basicFLIM_120f_0009,E:\18_RK_Circadian\data\raw\20260509_KPC_fixed_dishes_on_SLIM\fitet-sz-c2-b10\4_BKOCO2form20min_740nm_2995mW_u1_poc0p6_20x0p75NA_535s50_g70_z1_256pix_basicFLIM_120f_0009_fit_mask.npy,2,65536,60171,91.8,631.9049585169296,632.8632959678106,42.52244910461927,0.06719057555643437,2.7282887268727105,2.7317957113325737,0.14710035763707635,0.05384749563331022
4_BKOCO2form20min_740nm_2995mW_u1_poc0p6_20x0p75NA_535s50_g70_z1_256pix_basicFLIM_120f_0010.sdt,20260509_KPC_fixed_dishes_on_SLIM,form,BKO,535,0.6,2026-05-10 13:24:35.500862,20260509_KPC_fixed_dishes_on_SLIM::fitet-sz-c2-b10::4_BKOCO2form20min_740nm_2995mW_u1_poc0p6_20x0p75NA_535s50_g70_z1_256pix_basicFLIM_120f_0010,E:\18_RK_Circadian\data\raw\20260509_KPC_fixed_dishes_on_SLIM\fitet-sz-c2-b10\4_BKOCO2form20min_740nm_2995mW_u1_poc0p6_20x0p75NA_535s50_g70_z1_256pix_basicFLIM_120f_0010_fit_mask.npy,2,65536,63054,96.2,644.6268238706913,650.1711204195403,64.42135470073012,0.09908369147365469,2.663564894084211,2.6481090098093487,0.2255962665413157,0.08519145764228096
4_BKOCO2form20min_740nm_2995mW_u1_poc0p6_20x0p75NA_535s50_g70_z1_256pix_basicFLIM_120f_0011.sdt,20260509_KPC_fixed_dishes_on_SLIM,form,BKO,535,0.6,2026-05-10 13:25:43.646647,20260509_KPC_fixed_dishes_on_SLIM::fitet-sz-c2-b10::4_BKOCO2form20min_740nm_2995mW_u1_poc0p6_20x0p75NA_535s50_g70_z1_256pix_basicFLIM_120f_0011,E:\18_RK_Circadian\data\raw\20260509_KPC_fixed_dishes_on_SLIM\fitet-sz-c2-b10\4_BKOCO2form20min_740nm_2995mW_u1_poc0p6_20x0p75NA_535s50_g70_z1_256pix_basicFLIM_120f_0011_fit_mask.npy,2,65536,64347,98.2,639.3008145525686,638.4341200233342,54.05139662431625,0.08466244978000348,2.637529415777088,2.6526861516858657,0.2187276544377158,0.08245515750090054
4_BKOCO2form20min_740nm_2995mW_u1_poc0p6_20x0p75NA_535s50_g70_z1_256pix_basicFLIM_120f_0012.sdt,20260509_KPC_fixed_dishes_on_SLIM,form,BKO,535,0.6,2026-05-10 13:26:51.864687,20260509_KPC_fixed_dishes_on_SLIM::fitet-sz-c2-b10::4_BKOCO2form20min_740nm_2995mW_u1_poc0p6_20x0p75NA_535s50_g70_z1_256pix_basicFLIM_120f_0012,E:\18_RK_Circadian\data\raw\20260509_KPC_fixed_dishes_on_SLIM\fitet-sz-c2-b10\4_BKOCO2form20min_740nm_2995mW_u1_poc0p6_20x0p75NA_535s50_g70_z1_256pix_basicFLIM_120f_0012_fit_mask.npy,2,65536,60597,92.5,641.4885472174301,637.7542992674685,78.66675717092593,0.12334963051018774,2.7034160498240016,2.726774767734187,0.2950912742038684,0.1082198932217179
4_BKOCO2form20min_740nm_2995mW_u1_poc0p6_20x0p75NA_535s50_g70_z1_256pix_basicFLIM_120f_0013.sdt,20260509_KPC_fixed_dishes_on_SLIM,form,BKO,535,0.6,2026-05-10 13:28:01.110552,20260509_KPC_fixed_dishes_on_SLIM::fitet-sz-c2-b10::4_BKOCO2form20min_740nm_2995mW_u1_poc0p6_20x0p75NA_535s50_g70_z1_256pix_basicFLIM_120f_0013,E:\18_RK_Circadian\data\raw\20260509_KPC_fixed_dishes_on_SLIM\fitet-sz-c2-b10\4_BKOCO2form20min_740nm_2995mW_u1_poc0p6_20x0p75NA_535s50_g70_z1_256pix_basicFLIM_120f_0013_fit_mask.npy,2,65536,62924,96.0,633.4701103373236,630.4186076177245,58.63811761571381,0.09301457302680222,2.6729998572003417,2.7017373301982985,0.24394580804090008,0.0902922002499019
4_BKOCO2form20min_740nm_2995mW_u1_poc0p6_20x0p75NA_535s50_g70_z1_256pix_basicFLIM_120f_0014.sdt,20260509_KPC_fixed_dishes_on_SLIM,form,BKO,535,0.6,2026-05-10 13:29:10.603463,20260509_KPC_fixed_dishes_on_SLIM::fitet-sz-c2-b10::4_BKOCO2form20min_740nm_2995mW_u1_poc0p6_20x0p75NA_535s50_g70_z1_256pix_basicFLIM_120f_0014,E:\18_RK_Circadian\data\raw\20260509_KPC_fixed_dishes_on_SLIM\fitet-sz-c2-b10\4_BKOCO2form20min_740nm_2995mW_u1_poc0p6_20x0p75NA_535s50_g70_z1_256pix_basicFLIM_120f_0014_fit_mask.npy,2,65536,62432,95.3,643.8077929197548,642.4848029203381,68.46565599806085,0.10656385285201825,2.689007812044172,2.6959391207346357,0.2333502719964367,0.08655620974588232
4_BKOCO2form20min_740nm_2995mW_u1_poc0p6_20x0p75NA_535s50_g70_z1_256pix_basicFLIM_120f_0015.sdt,20260509_KPC_fixed_dishes_on_SLIM,form,BKO,535,0.6,2026-05-10 13:30:18.836616,20260509_KPC_fixed_dishes_on_SLIM::fitet-sz-c2-b10::4_BKOCO2form20min_740nm_2995mW_u1_poc0p6_20x0p75NA_535s50_g70_z1_256pix_basicFLIM_120f_0015,E:\18_RK_Circadian\data\raw\20260509_KPC_fixed_dishes_on_SLIM\fitet-sz-c2-b10\4_BKOCO2form20min_740nm_2995mW_u1_poc0p6_20x0p75NA_535s50_g70_z1_256pix_basicFLIM_120f_0015_fit_mask.npy,2,65536,61985,94.6,637.8363055805746,633.1660817041662,63.39099673468065,0.10011748665383939,2.6376136428359596,2.63690535792168,0.26331260797140554,0.09985667751797496
3_BKOCO2live_740nm_3097mW_u1_poc0p2_20x0p75NA_457s50_g70_z1_256pix_basicFLIM_120f_0000.sdt,20260517_KPC_live_on_SLIM,live,BKO,457,0.2,2026-05-18 10:02:33.799905,20260517_KPC_live_on_SLIM::fitet-sz-c2-b5::3_BKOCO2live_740nm_3097mW_u1_poc0p2_20x0p75NA_457s50_g70_z1_256pix_basicFLIM_120f_0000,E:\18_RK_Circadian\data\raw\20260517_KPC_live_on_SLIM\fitet-sz-c2-b5\3_BKOCO2live_740nm_3097mW_u1_poc0p2_20x0p75NA_457s50_g70_z1_256pix_basicFLIM_120f_0000_fit_mask.npy,2,65536,45962,70.1,643.4073011299608,646.9709400667111,87.27988336363232,0.13490541531066702,3.7667988616449093,3.8351760328994313,0.7160930906793038,0.18671713750201194
3_BKOCO2live_740nm_3097mW_u1_poc0p2_20x0p75NA_457s50_g70_z1_256pix_basicFLIM_120f_0001.sdt,20260517_KPC_live_on_SLIM,live,BKO,457,0.2,2026-05-18 10:03:41.835541,20260517_KPC_live_on_SLIM::fitet-sz-c2-b5::3_BKOCO2live_740nm_3097mW_u1_poc0p2_20x0p75NA_457s50_g70_z1_256pix_basicFLIM_120f_0001,E:\18_RK_Circadian\data\raw\20260517_KPC_live_on_SLIM\fitet-sz-c2-b5\3_BKOCO2live_740nm_3097mW_u1_poc0p2_20x0p75NA_457s50_g70_z1_256pix_basicFLIM_120f_0001_fit_mask.npy,2,65536,59828,91.3,663.2887817300441,661.7786792742866,85.856174224477,0.12973547941832725,3.624584445032161,3.712561416036688,0.7337148238634879,0.19763035318261712
3_BKOCO2live_740nm_3097mW_u1_poc0p2_20x0p75NA_457s50_g70_z1_256pix_basicFLIM_120f_0002.sdt,20260517_KPC_live_on_SLIM,live,BKO,457,0.2,2026-05-18 10:04:50.474726,20260517_KPC_live_on_SLIM::fitet-sz-c2-b5::3_BKOCO2live_740nm_3097mW_u1_poc0p2_20x0p75NA_457s50_g70_z1_256pix_basicFLIM_120f_0002,E:\18_RK_Circadian\data\raw\20260517_KPC_live_on_SLIM\fitet-sz-c2-b5\3_BKOCO2live_740nm_3097mW_u1_poc0p2_20x0p75NA_457s50_g70_z1_256pix_basicFLIM_120f_0002_fit_mask.npy,2,65536,51905,79.2,677.7252135459415,671.3263831008375,89.04947043496931,0.1326470591303925,3.45920672548846,3.540063556799448,0.7051335789799055,0.19918670037026479
3_BKOCO2live_740nm_3097mW_u1_poc0p2_20x0p75NA_457s50_g70_z1_256pix_basicFLIM_120f_0003.sdt,20260517_KPC_live_on_SLIM,live,BKO,457,0.2,2026-05-18 10:05:58.650999,20260517_KPC_live_on_SLIM::fitet-sz-c2-b5::3_BKOCO2live_740nm_3097mW_u1_poc0p2_20x0p75NA_457s50_g70_z1_256pix_basicFLIM_120f_0003,E:\18_RK_Circadian\data\raw\20260517_KPC_live_on_SLIM\fitet-sz-c2-b5\3_BKOCO2live_740nm_3097mW_u1_poc0p2_20x0p75NA_457s50_g70_z1_256pix_basicFLIM_120f_0003_fit_mask.npy,2,65536,64690,98.7,686.7193252073639,682.7031776629503,89.93219127895246,0.13172956303911018,3.193307147113406,3.2497890629707213,0.5742199414378385,0.1766945270327571
3_BKOCO2live_740nm_3097mW_u1_poc0p2_20x0p75NA_457s50_g70_z1_256pix_basicFLIM_120f_0004.sdt,20260517_KPC_live_on_SLIM,live,BKO,457,0.2,2026-05-18 10:07:07.782061,20260517_KPC_live_on_SLIM::fitet-sz-c2-b5::3_BKOCO2live_740nm_3097mW_u1_poc0p2_20x0p75NA_457s50_g70_z1_256pix_basicFLIM_120f_0004,E:\18_RK_Circadian\data\raw\20260517_KPC_live_on_SLIM\fitet-sz-c2-b5\3_BKOCO2live_740nm_3097mW_u1_poc0p2_20x0p75NA_457s50_g70_z1_256pix_basicFLIM_120f_0004_fit_mask.npy,2,65536,56274,85.9,662.4330808909386,663.5893339083317,86.42110463432721,0.13023281149703564,3.37243356917961,3.4232606781486523,0.6361216161757284,0.18582330590136417
3_BKOCO2live_740nm_3097mW_u1_poc0p2_20x0p75NA_457s50_g70_z1_256pix_basicFLIM_120f_0005.sdt,20260517_KPC_live_on_SLIM,live,BKO,457,0.2,2026-05-18 10:08:15.806626,20260517_KPC_live_on_SLIM::fitet-sz-c2-b5::3_BKOCO2live_740nm_3097mW_u1_poc0p2_20x0p75NA_457s50_g70_z1_256pix_basicFLIM_120f_0005,E:\18_RK_Circadian\data\raw\20260517_KPC_live_on_SLIM\fitet-sz-c2-b5\3_BKOCO2live_740nm_3097mW_u1_poc0p2_20x0p75NA_457s50_g70_z1_256pix_basicFLIM_120f_0005_fit_mask.npy,2,65536,64549,98.5,683.612521827601,681.8151493218354,79.90007315115062,0.1171872951644194,3.438522524173961,3.5105736564025376,0.6064967543286798,0.17276286262291038
3_BKOCO2live_740nm_3097mW_u1_poc0p2_20x0p75NA_457s50_g70_z1_256pix_basicFLIM_120f_0006.sdt,20260517_KPC_live_on_SLIM,live,BKO,457,0.2,2026-05-18 10:09:24.393671,20260517_KPC_live_on_SLIM::fitet-sz-c2-b5::3_BKOCO2live_740nm_3097mW_u1_poc0p2_20x0p75NA_457s50_g70_z1_256pix_basicFLIM_120f_0006,E:\18_RK_Circadian\data\raw\20260517_KPC_live_on_SLIM\fitet-sz-c2-b5\3_BKOCO2live_740nm_3097mW_u1_poc0p2_20x0p75NA_457s50_g70_z1_256pix_basicFLIM_120f_0006_fit_mask.npy,2,65536,64882,99.0,684.8313454127306,681.0357104050318,86.47459847385902,0.1269751308964842,3.369041684417149,3.4366865797658654,0.5957396259387622,0.17334709235526177
3_BKOCO2live_740nm_3097mW_u1_poc0p2_20x0p75NA_457s50_g70_z1_256pix_basicFLIM_120f_0007.sdt,20260517_KPC_live_on_SLIM,live,BKO,457,0.2,2026-05-18 10:10:33.163858,20260517_KPC_live_on_SLIM::fitet-sz-c2-b5::3_BKOCO2live_740nm_3097mW_u1_poc0p2_20x0p75NA_457s50_g70_z1_256pix_basicFLIM_120f_0007,E:\18_RK_Circadian\data\raw\20260517_KPC_live_on_SLIM\fitet-sz-c2-b5\3_BKOCO2live_740nm_3097mW_u1_poc0p2_20x0p75NA_457s50_g70_z1_256pix_basicFLIM_120f_0007_fit_mask.npy,2,65536,63525,96.9,673.6464795285551,669.280037500558,94.06694003390454,0.14054944830746743,3.2790109460683907,3.322180858839217,0.5797806263039403,0.1745180804233873
3_BKOCO2live_740nm_3097mW_u1_poc0p2_20x0p75NA_457s50_g70_z1_256pix_basicFLIM_120f_0008.sdt,20260517_KPC_live_on_SLIM,live,BKO,457,0.2,2026-05-18 10:11:41.821345,20260517_KPC_live_on_SLIM::fitet-sz-c2-b5::3_BKOCO2live_740nm_3097mW_u1_poc0p2_20x0p75NA_457s50_g70_z1_256pix_basicFLIM_120f_0008,E:\18_RK_Circadian\data\raw\20260517_KPC_live_on_SLIM\fitet-sz-c2-b5\3_BKOCO2live_740nm_3097mW_u1_poc0p2_20x0p75NA_457s50_g70_z1_256pix_basicFLIM_120f_0008_fit_mask.npy,2,65536,64717,98.8,671.8370689123153,669.6094348598496,85.9121721617299,0.12830191405488703,3.4124211000901714,3.487712116572972,0.6195709760916966,0.17764395551674358
3_BKOCO2live_740nm_3097mW_u1_poc0p2_20x0p75NA_457s50_g70_z1_256pix_basicFLIM_120f_0009.sdt,20260517_KPC_live_on_SLIM,live,BKO,457,0.2,2026-05-18 10:12:50.819611,20260517_KPC_live_on_SLIM::fitet-sz-c2-b5::3_BKOCO2live_740nm_3097mW_u1_poc0p2_20x0p75NA_457s50_g70_z1_256pix_basicFLIM_120f_0009,E:\18_RK_Circadian\data\raw\20260517_KPC_live_on_SLIM\fitet-sz-c2-b5\3_BKOCO2live_740nm_3097mW_u1_poc0p2_20x0p75NA_457s50_g70_z1_256pix_basicFLIM_120f_0009_fit_mask.npy,2,65536,64355,98.2,684.7960967257952,679.765438991416,84.03800828618323,0.12362795085739046,3.3802532893447075,3.4354380879102178,0.5675464335591137,0.1652035108874144
3_BKOCO2live_740nm_3097mW_u1_poc0p2_20x0p75NA_457s50_g70_z1_256pix_basicFLIM_120f_0010.sdt,20260517_KPC_live_on_SLIM,live,BKO,457,0.2,2026-05-18 10:14:00.085310,20260517_KPC_live_on_SLIM::fitet-sz-c2-b5::3_BKOCO2live_740nm_3097mW_u1_poc0p2_20x0p75NA_457s50_g70_z1_256pix_basicFLIM_120f_0010,E:\18_RK_Circadian\data\raw\20260517_KPC_live_on_SLIM\fitet-sz-c2-b5\3_BKOCO2live_740nm_3097mW_u1_poc0p2_20x0p75NA_457s50_g70_z1_256pix_basicFLIM_120f_0010_fit_mask.npy,2,65536,47068,71.8,680.3681255237675,675.9613370469766,79.10950539282425,0.11703258908035216,3.4555784678794783,3.5084812682238273,0.5221652349666867,0.14882942077984454
3_BKOCO2live_740nm_3097mW_u1_poc0p2_20x0p75NA_457s50_g70_z1_256pix_basicFLIM_120f_0011.sdt,20260517_KPC_live_on_SLIM,live,BKO,457,0.2,2026-05-18 10:15:08.378377,20260517_KPC_live_on_SLIM::fitet-sz-c2-b5::3_BKOCO2live_740nm_3097mW_u1_poc0p2_20x0p75NA_457s50_g70_z1_256pix_basicFLIM_120f_0011,E:\18_RK_Circadian\data\raw\20260517_KPC_live_on_SLIM\fitet-sz-c2-b5\3_BKOCO2live_740nm_3097mW_u1_poc0p2_20x0p75NA_457s50_g70_z1_256pix_basicFLIM_120f_0011_fit_mask.npy,2,65536,61825,94.3,686.1423766990022,679.3907171140314,88.28876792274549,0.1299528617314428,3.417814393749687,3.498360647680534,0.5938338347906754,0.16974631680252755
3_BKOCO2live_740nm_3097mW_u1_poc0p2_20x0p75NA_457s50_g70_z1_256pix_basicFLIM_120f_0012.sdt,20260517_KPC_live_on_SLIM,live,BKO,457,0.2,2026-05-18 10:16:16.734862,20260517_KPC_live_on_SLIM::fitet-sz-c2-b5::3_BKOCO2live_740nm_3097mW_u1_poc0p2_20x0p75NA_457s50_g70_z1_256pix_basicFLIM_120f_0012,E:\18_RK_Circadian\data\raw\20260517_KPC_live_on_SLIM\fitet-sz-c2-b5\3_BKOCO2live_740nm_3097mW_u1_poc0p2_20x0p75NA_457s50_g70_z1_256pix_basicFLIM_120f_0012_fit_mask.npy,2,65536,52009,79.4,679.6985790271701,675.0152309853906,86.02206066190554,0.12743721432230515,3.3640823950331473,3.4381957037529176,0.5582955570106115,0.16238038934235516
3_BKOCO2live_740nm_3097mW_u1_poc0p2_20x0p75NA_457s50_g70_z1_256pix_basicFLIM_120f_0013.sdt,20260517_KPC_live_on_SLIM,live,BKO,457,0.2,2026-05-18 10:30:40.630046,20260517_KPC_live_on_SLIM::fitet-sz-c2-b5::3_BKOCO2live_740nm_3097mW_u1_poc0p2_20x0p75NA_457s50_g70_z1_256pix_basicFLIM_120f_0013,E:\18_RK_Circadian\data\raw\20260517_KPC_live_on_SLIM\fitet-sz-c2-b5\3_BKOCO2live_740nm_3097mW_u1_poc0p2_20x0p75NA_457s50_g70_z1_256pix_basicFLIM_120f_0013_fit_mask.npy,2,65536,45056,68.8,691.653630029977,686.0156952238708,95.21260663504219,0.1387907117838915,3.239295066519084,3.277839429042571,0.5313122815092852,0.16209222355485456
3_BKOCO2live_740nm_3097mW_u1_poc0p2_20x0p75NA_457s50_g70_z1_256pix_basicFLIM_120f_0014.sdt,20260517_KPC_live_on_SLIM,live,BKO,457,0.2,2026-05-18 10:31:49.263350,20260517_KPC_live_on_SLIM::fitet-sz-c2-b5::3_BKOCO2live_740nm_3097mW_u1_poc0p2_20x0p75NA_457s50_g70_z1_256pix_basicFLIM_120f_0014,E:\18_RK_Circadian\data\raw\20260517_KPC_live_on_SLIM\fitet-sz-c2-b5\3_BKOCO2live_740nm_3097mW_u1_poc0p2_20x0p75NA_457s50_g70_z1_256pix_basicFLIM_120f_0014_fit_mask.npy,2,65536,45338,69.2,684.3895751806144,678.3866220724531,95.70674555644635,0.14107994238457236,3.4109512776899495,3.476149402606199,0.6468699208991129,0.18608806641455927
3_BKOCO2live_740nm_3097mW_u1_poc0p2_20x0p75NA_457s50_g70_z1_256pix_basicFLIM_120f_0015.sdt,20260517_KPC_live_on_SLIM,live,BKO,457,0.2,2026-05-18 10:32:58.086633,20260517_KPC_live_on_SLIM::fitet-sz-c2-b5::3_BKOCO2live_740nm_3097mW_u1_poc0p2_20x0p75NA_457s50_g70_z1_256pix_basicFLIM_120f_0015,E:\18_RK_Circadian\data\raw\20260517_KPC_live_on_SLIM\fitet-sz-c2-b5\3_BKOCO2live_740nm_3097mW_u1_poc0p2_20x0p75NA_457s50_g70_z1_256pix_basicFLIM_120f_0015_fit_mask.npy,2,65536,57807,88.2,670.6551896941646,664.3024516186501,99.60916713136947,0.14994550582894908,3.3579768880375696,3.452993813312361,0.7423546043790104,0.2149886864890992
3_BKOCO2live_740nm_3097mW_u1_poc0p2_20x0p75NA_535s50_g70_z1_256pix_basicFLIM_120f_0000.sdt,20260517_KPC_live_on_SLIM,live,BKO,535,0.2,2026-05-18 10:43:36.593034,20260517_KPC_live_on_SLIM::fitet-sz-c2-b5::3_BKOCO2live_740nm_3097mW_u1_poc0p2_20x0p75NA_535s50_g70_z1_256pix_basicFLIM_120f_0000,E:\18_RK_Circadian\data\raw\20260517_KPC_live_on_SLIM\fitet-sz-c2-b5\3_BKOCO2live_740nm_3097mW_u1_poc0p2_20x0p75NA_535s50_g70_z1_256pix_basicFLIM_120f_0000_fit_mask.npy,2,65536,52051,79.4,543.08805031684,559.05037497603,135.64811266895367,0.24264023197331683,3.825075713859827,3.840211725402774,0.8012102825069536,0.20863700748763275
3_BKOCO2live_740nm_3097mW_u1_poc0p2_20x0p75NA_535s50_g70_z1_256pix_basicFLIM_120f_0001.sdt,20260517_KPC_live_on_SLIM,live,BKO,535,0.2,2026-05-18 10:44:44.683294,20260517_KPC_live_on_SLIM::fitet-sz-c2-b5::3_BKOCO2live_740nm_3097mW_u1_poc0p2_20x0p75NA_535s50_g70_z1_256pix_basicFLIM_120f_0001,E:\18_RK_Circadian\data\raw\20260517_KPC_live_on_SLIM\fitet-sz-c2-b5\3_BKOCO2live_740nm_3097mW_u1_poc0p2_20x0p75NA_535s50_g70_z1_256pix_basicFLIM_120f_0001_fit_mask.npy,2,65536,63217,96.5,560.6197456759112,569.2158996950416,110.18045245225737,0.19356531065152385,3.7263605627658416,3.7559481871195146,0.7016953505843544,0.18682242555707182
3_BKOCO2live_740nm_3097mW_u1_poc0p2_20x0p75NA_535s50_g70_z1_256pix_basicFLIM_120f_0002.sdt,20260517_KPC_live_on_SLIM,live,BKO,535,0.2,2026-05-18 10:45:53.334407,20260517_KPC_live_on_SLIM::fitet-sz-c2-b5::3_BKOCO2live_740nm_3097mW_u1_poc0p2_20x0p75NA_535s50_g70_z1_256pix_basicFLIM_120f_0002,E:\18_RK_Circadian\data\raw\20260517_KPC_live_on_SLIM\fitet-sz-c2-b5\3_BKOCO2live_740nm_3097mW_u1_poc0p2_20x0p75NA_535s50_g70_z1_256pix_basicFLIM_120f_0002_fit_mask.npy,2,65536,57429,87.6,539.2335014669836,554.4427858152644,113.59024399982316,0.2048727964469727,3.728355736764987,3.7215948203784857,0.6670471876035294,0.1792369185250776
3_BKOCO2live_740nm_3097mW_u1_poc0p2_20x0p75NA_535s50_g70_z1_256pix_basicFLIM_120f_0003.sdt,20260517_KPC_live_on_SLIM,live,BKO,535,0.2,2026-05-18 10:47:01.409752,20260517_KPC_live_on_SLIM::fitet-sz-c2-b5::3_BKOCO2live_740nm_3097mW_u1_poc0p2_20x0p75NA_535s50_g70_z1_256pix_basicFLIM_120f_0003,E:\18_RK_Circadian\data\raw\20260517_KPC_live_on_SLIM\fitet-sz-c2-b5\3_BKOCO2live_740nm_3097mW_u1_poc0p2_20x0p75NA_535s50_g70_z1_256pix_basicFLIM_120f_0003_fit_mask.npy,2,65536,64596,98.6,504.457630686681,514.0004781972666,89.72957079454274,0.1745709869945018,3.82330308465424,3.827653557545591,0.5767268979292802,0.15067374548366788
3_BKOCO2live_740nm_3097mW_u1_poc0p2_20x0p75NA_535s50_g70_z1_256pix_basicFLIM_120f_0004.sdt,20260517_KPC_live_on_SLIM,live,BKO,535,0.2,2026-05-18 10:48:10.482155,20260517_KPC_live_on_SLIM::fitet-sz-c2-b5::3_BKOCO2live_740nm_3097mW_u1_poc0p2_20x0p75NA_535s50_g70_z1_256pix_basicFLIM_120f_0004,E:\18_RK_Circadian\data\raw\20260517_KPC_live_on_SLIM\fitet-sz-c2-b5\3_BKOCO2live_740nm_3097mW_u1_poc0p2_20x0p75NA_535s50_g70_z1_256pix_basicFLIM_120f_0004_fit_mask.npy,2,65536,59421,90.7,540.3000289592865,553.5669208735669,108.41983496480553,0.19585678059251,3.654970286769111,3.6605144712895177,0.6157191249789156,0.16820562514044957
3_BKOCO2live_740nm_3097mW_u1_poc0p2_20x0p75NA_535s50_g70_z1_256pix_basicFLIM_120f_0005.sdt,20260517_KPC_live_on_SLIM,live,BKO,535,0.2,2026-05-18 10:49:18.535278,20260517_KPC_live_on_SLIM::fitet-sz-c2-b5::3_BKOCO2live_740nm_3097mW_u1_poc0p2_20x0p75NA_535s50_g70_z1_256pix_basicFLIM_120f_0005,E:\18_RK_Circadian\data\raw\20260517_KPC_live_on_SLIM\fitet-sz-c2-b5\3_BKOCO2live_740nm_3097mW_u1_poc0p2_20x0p75NA_535s50_g70_z1_256pix_basicFLIM_120f_0005_fit_mask.npy,2,65536,64056,97.7,517.1326156021249,522.8302614153996,90.98778049027285,0.1740292924972473,3.7916452055783445,3.810606222589651,0.5768952413151505,0.15139198532119597
3_BKOCO2live_740nm_3097mW_u1_poc0p2_20x0p75NA_535s50_g70_z1_256pix_basicFLIM_120f_0006.sdt,20260517_KPC_live_on_SLIM,live,BKO,535,0.2,2026-05-18 10:50:27.134286,20260517_KPC_live_on_SLIM::fitet-sz-c2-b5::3_BKOCO2live_740nm_3097mW_u1_poc0p2_20x0p75NA_535s50_g70_z1_256pix_basicFLIM_120f_0006,E:\18_RK_Circadian\data\raw\20260517_KPC_live_on_SLIM\fitet-sz-c2-b5\3_BKOCO2live_740nm_3097mW_u1_poc0p2_20x0p75NA_535s50_g70_z1_256pix_basicFLIM_120f_0006_fit_mask.npy,2,65536,64445,98.3,503.64017803967954,509.33951891874085,86.8702745792932,0.17055475052025626,3.8577918338619597,3.877266041146159,0.5994708408876144,0.15461173789106428
3_BKOCO2live_740nm_3097mW_u1_poc0p2_20x0p75NA_535s50_g70_z1_256pix_basicFLIM_120f_0007.sdt,20260517_KPC_live_on_SLIM,live,BKO,535,0.2,2026-05-18 10:51:35.836411,20260517_KPC_live_on_SLIM::fitet-sz-c2-b5::3_BKOCO2live_740nm_3097mW_u1_poc0p2_20x0p75NA_535s50_g70_z1_256pix_basicFLIM_120f_0007,E:\18_RK_Circadian\data\raw\20260517_KPC_live_on_SLIM\fitet-sz-c2-b5\3_BKOCO2live_740nm_3097mW_u1_poc0p2_20x0p75NA_535s50_g70_z1_256pix_basicFLIM_120f_0007_fit_mask.npy,2,65536,62870,95.9,543.7477559058411,549.959196554222,101.87597246221266,0.18524278364743815,3.675037624375685,3.713656913928418,0.6421785412924136,0.17292349729019468
3_BKOCO2live_740nm_3097mW_u1_poc0p2_20x0p75NA_535s50_g70_z1_256pix_basicFLIM_120f_0008.sdt,20260517_KPC_live_on_SLIM,live,BKO,535,0.2,2026-05-18 10:52:44.454102,20260517_KPC_live_on_SLIM::fitet-sz-c2-b5::3_BKOCO2live_740nm_3097mW_u1_poc0p2_20x0p75NA_535s50_g70_z1_256pix_basicFLIM_120f_0008,E:\18_RK_Circadian\data\raw\20260517_KPC_live_on_SLIM\fitet-sz-c2-b5\3_BKOCO2live_740nm_3097mW_u1_poc0p2_20x0p75NA_535s50_g70_z1_256pix_basicFLIM_120f_0008_fit_mask.npy,2,65536,64182,97.9,517.910916840028,525.0613283231891,93.11052567193282,0.1773326669653737,3.7539154138098714,3.7855898165284216,0.6226583907397523,0.1644812092480642
3_BKOCO2live_740nm_3097mW_u1_poc0p2_20x0p75NA_535s50_g70_z1_256pix_basicFLIM_120f_0009.sdt,20260517_KPC_live_on_SLIM,live,BKO,535,0.2,2026-05-18 10:53:53.586749,20260517_KPC_live_on_SLIM::fitet-sz-c2-b5::3_BKOCO2live_740nm_3097mW_u1_poc0p2_20x0p75NA_535s50_g70_z1_256pix_basicFLIM_120f_0009,E:\18_RK_Circadian\data\raw\20260517_KPC_live_on_SLIM\fitet-sz-c2-b5\3_BKOCO2live_740nm_3097mW_u1_poc0p2_20x0p75NA_535s50_g70_z1_256pix_basicFLIM_120f_0009_fit_mask.npy,2,65536,64071,97.8,505.86228729032393,511.5763005551378,84.86008054949127,0.16587961650570057,3.833563786902161,3.858815355459007,0.6152462066358084,0.1594391412808672
3_BKOCO2live_740nm_3097mW_u1_poc0p2_20x0p75NA_535s50_g70_z1_256pix_basicFLIM_120f_0010.sdt,20260517_KPC_live_on_SLIM,live,BKO,535,0.2,2026-05-18 10:55:02.752924,20260517_KPC_live_on_SLIM::fitet-sz-c2-b5::3_BKOCO2live_740nm_3097mW_u1_poc0p2_20x0p75NA_535s50_g70_z1_256pix_basicFLIM_120f_0010,E:\18_RK_Circadian\data\raw\20260517_KPC_live_on_SLIM\fitet-sz-c2-b5\3_BKOCO2live_740nm_3097mW_u1_poc0p2_20x0p75NA_535s50_g70_z1_256pix_basicFLIM_120f_0010_fit_mask.npy,2,65536,56690,86.5,512.0582543962498,533.0366426847949,120.08776178287779,0.22528988096957214,3.8496220072139757,3.81631581360736,0.6730532227084388,0.17636203489989405
3_BKOCO2live_740nm_3097mW_u1_poc0p2_20x0p75NA_535s50_g70_z1_256pix_basicFLIM_120f_0011.sdt,20260517_KPC_live_on_SLIM,live,BKO,535,0.2,2026-05-18 10:56:10.894289,20260517_KPC_live_on_SLIM::fitet-sz-c2-b5::3_BKOCO2live_740nm_3097mW_u1_poc0p2_20x0p75NA_535s50_g70_z1_256pix_basicFLIM_120f_0011,E:\18_RK_Circadian\data\raw\20260517_KPC_live_on_SLIM\fitet-sz-c2-b5\3_BKOCO2live_740nm_3097mW_u1_poc0p2_20x0p75NA_535s50_g70_z1_256pix_basicFLIM_120f_0011_fit_mask.npy,2,65536,62468,95.3,515.5034588564631,520.6792081750377,86.5234190306519,0.16617413884052223,3.846868512888646,3.865034878897826,0.5959571310773445,0.15419191540317762
3_BKOCO2live_740nm_3097mW_u1_poc0p2_20x0p75NA_535s50_g70_z1_256pix_basicFLIM_120f_0012.sdt,20260517_KPC_live_on_SLIM,live,BKO,535,0.2,2026-05-18 10:57:19.245118,20260517_KPC_live_on_SLIM::fitet-sz-c2-b5::3_BKOCO2live_740nm_3097mW_u1_poc0p2_20x0p75NA_535s50_g70_z1_256pix_basicFLIM_120f_0012,E:\18_RK_Circadian\data\raw\20260517_KPC_live_on_SLIM\fitet-sz-c2-b5\3_BKOCO2live_740nm_3097mW_u1_poc0p2_20x0p75NA_535s50_g70_z1_256pix_basicFLIM_120f_0012_fit_mask.npy,2,65536,59315,90.5,505.2412326821191,526.1128520242997,112.73209628193362,0.2142736027986764,3.805097892535886,3.7966087533545325,0.6245786521115221,0.1645096170522362
3_BKOCO2live_740nm_3097mW_u1_poc0p2_20x0p75NA_535s50_g70_z1_256pix_basicFLIM_120f_0013.sdt,20260517_KPC_live_on_SLIM,live,BKO,535,0.2,2026-05-18 10:58:28.036586,20260517_KPC_live_on_SLIM::fitet-sz-c2-b5::3_BKOCO2live_740nm_3097mW_u1_poc0p2_20x0p75NA_535s50_g70_z1_256pix_basicFLIM_120f_0013,E:\18_RK_Circadian\data\raw\20260517_KPC_live_on_SLIM\fitet-sz-c2-b5\3_BKOCO2live_740nm_3097mW_u1_poc0p2_20x0p75NA_535s50_g70_z1_256pix_basicFLIM_120f_0013_fit_mask.npy,2,65536,51906,79.2,543.2420271720098,567.3928418488355,129.75051928211968,0.22867845646295226,3.725951858608533,3.693612603484058,0.6809510028827526,0.1843590749718676
3_BKOCO2live_740nm_3097mW_u1_poc0p2_20x0p75NA_535s50_g70_z1_256pix_basicFLIM_120f_0014.sdt,20260517_KPC_live_on_SLIM,live,BKO,535,0.2,2026-05-18 10:59:36.656471,20260517_KPC_live_on_SLIM::fitet-sz-c2-b5::3_BKOCO2live_740nm_3097mW_u1_poc0p2_20x0p75NA_535s50_g70_z1_256pix_basicFLIM_120f_0014,E:\18_RK_Circadian\data\raw\20260517_KPC_live_on_SLIM\fitet-sz-c2-b5\3_BKOCO2live_740nm_3097mW_u1_poc0p2_20x0p75NA_535s50_g70_z1_256pix_basicFLIM_120f_0014_fit_mask.npy,2,65536,49530,75.6,524.2913305423363,540.3954165138116,123.72343688521795,0.22894982656103965,3.80807721841533,3.8327709203670097,0.7637272796297105,0.1992624384544692
3_BKOCO2live_740nm_3097mW_u1_poc0p2_20x0p75NA_535s50_g70_z1_256pix_basicFLIM_120f_0015.sdt,20260517_KPC_live_on_SLIM,live,BKO,535,0.2,2026-05-18 11:00:45.434877,20260517_KPC_live_on_SLIM::fitet-sz-c2-b5::3_BKOCO2live_740nm_3097mW_u1_poc0p2_20x0p75NA_535s50_g70_z1_256pix_basicFLIM_120f_0015,E:\18_RK_Circadian\data\raw\20260517_KPC_live_on_SLIM\fitet-sz-c2-b5\3_BKOCO2live_740nm_3097mW_u1_poc0p2_20x0p75NA_535s50_g70_z1_256pix_basicFLIM_120f_0015_fit_mask.npy,2,65536,60759,92.7,554.004419778825,562.9181555432453,111.15416818497708,0.1974606203235842,3.6147250849986174,3.6621162783965717,0.6795592206200427,0.18556462137176657
3_BKOCO2live_740nm_3097mW_u1_poc0p45_20x0p75NA_535s50_g70_z1_256pix_basicFLIM_120f_0000.sdt,20260517_KPC_live_on_SLIM,live,BKO,535,0.45,2026-05-18 11:11:13.177204,20260517_KPC_live_on_SLIM::fitet-sz-c2-b5::3_BKOCO2live_740nm_3097mW_u1_poc0p45_20x0p75NA_535s50_g70_z1_256pix_basicFLIM_120f_0000,E:\18_RK_Circadian\data\raw\20260517_KPC_live_on_SLIM\fitet-sz-c2-b5\3_BKOCO2live_740nm_3097mW_u1_poc0p45_20x0p75NA_535s50_g70_z1_256pix_basicFLIM_120f_0000_fit_mask.npy,2,65536,57467,87.7,602.45150377029,606.4401970859824,55.99642935878557,0.09233627590627254,3.611335064225198,3.642350063510669,0.4910092863583177,0.13480562762961332
3_BKOCO2live_740nm_3097mW_u1_poc0p45_20x0p75NA_535s50_g70_z1_256pix_basicFLIM_120f_0001.sdt,20260517_KPC_live_on_SLIM,live,BKO,535,0.45,2026-05-18 11:12:21.288900,20260517_KPC_live_on_SLIM::fitet-sz-c2-b5::3_BKOCO2live_740nm_3097mW_u1_poc0p45_20x0p75NA_535s50_g70_z1_256pix_basicFLIM_120f_0001,E:\18_RK_Circadian\data\raw\20260517_KPC_live_on_SLIM\fitet-sz-c2-b5\3_BKOCO2live_740nm_3097mW_u1_poc0p45_20x0p75NA_535s50_g70_z1_256pix_basicFLIM_120f_0001_fit_mask.npy,2,65536,61526,93.9,636.3980222037371,638.1364155080304,51.32156233163934,0.08042412419103437,3.451933884507829,3.486052850878894,0.3871868268910198,0.11106740013806829
3_BKOCO2live_740nm_3097mW_u1_poc0p45_20x0p75NA_535s50_g70_z1_256pix_basicFLIM_120f_0002.sdt,20260517_KPC_live_on_SLIM,live,BKO,535,0.45,2026-05-18 11:21:12.642338,20260517_KPC_live_on_SLIM::fitet-sz-c2-b5::3_BKOCO2live_740nm_3097mW_u1_poc0p45_20x0p75NA_535s50_g70_z1_256pix_basicFLIM_120f_0002,E:\18_RK_Circadian\data\raw\20260517_KPC_live_on_SLIM\fitet-sz-c2-b5\3_BKOCO2live_740nm_3097mW_u1_poc0p45_20x0p75NA_535s50_g70_z1_256pix_basicFLIM_120f_0002_fit_mask.npy,2,65536,51845,79.1,665.2456276180512,661.3075646711399,62.218510953453276,0.09408407566665865,3.1341956318401847,3.189100229840196,0.3907084556261034,0.12251369586012716
3_BKOCO2live_740nm_3097mW_u1_poc0p45_20x0p75NA_535s50_g70_z1_256pix_basicFLIM_120f_0003.sdt,20260517_KPC_live_on_SLIM,live,BKO,535,0.45,2026-05-18 11:24:53.327847,20260517_KPC_live_on_SLIM::fitet-sz-c2-b5::3_BKOCO2live_740nm_3097mW_u1_poc0p45_20x0p75NA_535s50_g70_z1_256pix_basicFLIM_120f_0003,E:\18_RK_Circadian\data\raw\20260517_KPC_live_on_SLIM\fitet-sz-c2-b5\3_BKOCO2live_740nm_3097mW_u1_poc0p45_20x0p75NA_535s50_g70_z1_256pix_basicFLIM_120f_0003_fit_mask.npy,2,65536,62351,95.1,671.521518920129,665.8580272207073,59.96094784118438,0.09005064952278415,3.1011674947316608,3.1452621409201695,0.33434649796692584,0.10630163178357856
3_BKOCO2live_740nm_3097mW_u1_poc0p45_20x0p75NA_535s50_g70_z1_256pix_basicFLIM_120f_0004.sdt,20260517_KPC_live_on_SLIM,live,BKO,535,0.45,2026-05-18 11:26:02.488599,20260517_KPC_live_on_SLIM::fitet-sz-c2-b5::3_BKOCO2live_740nm_3097mW_u1_poc0p45_20x0p75NA_535s50_g70_z1_256pix_basicFLIM_120f_0004,E:\18_RK_Circadian\data\raw\20260517_KPC_live_on_SLIM\fitet-sz-c2-b5\3_BKOCO2live_740nm_3097mW_u1_poc0p45_20x0p75NA_535s50_g70_z1_256pix_basicFLIM_120f_0004_fit_mask.npy,2,65536,61250,93.5,671.309178053587,670.5511174399711,56.799961940888494,0.08470638623008979,3.083061753956472,3.1177184933058637,0.3193696663390247,0.10243697980582654
3_BKOCO2live_740nm_3097mW_u1_poc0p45_20x0p75NA_535s50_g70_z1_256pix_basicFLIM_120f_0005.sdt,20260517_KPC_live_on_SLIM,live,BKO,535,0.45,2026-05-18 11:27:10.505404,20260517_KPC_live_on_SLIM::fitet-sz-c2-b5::3_BKOCO2live_740nm_3097mW_u1_poc0p45_20x0p75NA_535s50_g70_z1_256pix_basicFLIM_120f_0005,E:\18_RK_Circadian\data\raw\20260517_KPC_live_on_SLIM\fitet-sz-c2-b5\3_BKOCO2live_740nm_3097mW_u1_poc0p45_20x0p75NA_535s50_g70_z1_256pix_basicFLIM_120f_0005_fit_mask.npy,2,65536,63977,97.6,648.1956878597384,647.1703878761977,49.78287068635969,0.07692390075159473,3.2247540722097163,3.2607350535690895,0.31997703963752694,0.0981303400554703
3_BKOCO2live_740nm_3097mW_u1_poc0p45_20x0p75NA_535s50_g70_z1_256pix_basicFLIM_120f_0006.sdt,20260517_KPC_live_on_SLIM,live,BKO,535,0.45,2026-05-18 11:28:19.099432,20260517_KPC_live_on_SLIM::fitet-sz-c2-b5::3_BKOCO2live_740nm_3097mW_u1_poc0p45_20x0p75NA_535s50_g70_z1_256pix_basicFLIM_120f_0006,E:\18_RK_Circadian\data\raw\20260517_KPC_live_on_SLIM\fitet-sz-c2-b5\3_BKOCO2live_740nm_3097mW_u1_poc0p45_20x0p75NA_535s50_g70_z1_256pix_basicFLIM_120f_0006_fit_mask.npy,2,65536,60209,91.9,652.7875106382043,651.4993577295382,46.33197976146633,0.07111592545989963,3.2183473578424753,3.255490836040394,0.32676378022722763,0.10037312242127693
3_BKOCO2live_740nm_3097mW_u1_poc0p45_20x0p75NA_535s50_g70_z1_256pix_basicFLIM_120f_0007.sdt,20260517_KPC_live_on_SLIM,live,BKO,535,0.45,2026-05-18 11:29:27.893117,20260517_KPC_live_on_SLIM::fitet-sz-c2-b5::3_BKOCO2live_740nm_3097mW_u1_poc0p45_20x0p75NA_535s50_g70_z1_256pix_basicFLIM_120f_0007,E:\18_RK_Circadian\data\raw\20260517_KPC_live_on_SLIM\fitet-sz-c2-b5\3_BKOCO2live_740nm_3097mW_u1_poc0p45_20x0p75NA_535s50_g70_z1_256pix_basicFLIM_120f_0007_fit_mask.npy,2,65536,61652,94.1,659.5383969528431,657.4543071019259,46.63103364262947,0.07092665321211472,3.2303664908960457,3.24921798087326,0.272543980876472,0.08387986970428592
3_BKOCO2live_740nm_3097mW_u1_poc0p45_20x0p75NA_535s50_g70_z1_256pix_basicFLIM_120f_0008.sdt,20260517_KPC_live_on_SLIM,live,BKO,535,0.45,2026-05-18 11:30:36.539939,20260517_KPC_live_on_SLIM::fitet-sz-c2-b5::3_BKOCO2live_740nm_3097mW_u1_poc0p45_20x0p75NA_535s50_g70_z1_256pix_basicFLIM_120f_0008,E:\18_RK_Circadian\data\raw\20260517_KPC_live_on_SLIM\fitet-sz-c2-b5\3_BKOCO2live_740nm_3097mW_u1_poc0p45_20x0p75NA_535s50_g70_z1_256pix_basicFLIM_120f_0008_fit_mask.npy,2,65536,64569,98.5,612.9824901907474,611.033967525978,48.36362437811601,0.0791504678110384,3.618777877714349,3.6365579866414808,0.36228980950332357,0.09962437305665348
3_BKOCO2live_740nm_3097mW_u1_poc0p45_20x0p75NA_535s50_g70_z1_256pix_basicFLIM_120f_0009.sdt,20260517_KPC_live_on_SLIM,live,BKO,535,0.45,2026-05-18 11:33:15.543354,20260517_KPC_live_on_SLIM::fitet-sz-c2-b5::3_BKOCO2live_740nm_3097mW_u1_poc0p45_20x0p75NA_535s50_g70_z1_256pix_basicFLIM_120f_0009,E:\18_RK_Circadian\data\raw\20260517_KPC_live_on_SLIM\fitet-sz-c2-b5\3_BKOCO2live_740nm_3097mW_u1_poc0p45_20x0p75NA_535s50_g70_z1_256pix_basicFLIM_120f_0009_fit_mask.npy,2,65536,61030,93.1,650.0258058280201,647.8618217237683,45.36756269198745,0.07002660315941725,3.240659273571991,3.270810670039395,0.31068835398382916,0.09498818040118694
3_BKOCO2live_740nm_3097mW_u1_poc0p45_20x0p75NA_535s50_g70_z1_256pix_basicFLIM_120f_0010.sdt,20260517_KPC_live_on_SLIM,live,BKO,535,0.45,2026-05-18 11:35:23.466033,20260517_KPC_live_on_SLIM::fitet-sz-c2-b5::3_BKOCO2live_740nm_3097mW_u1_poc0p45_20x0p75NA_535s50_g70_z1_256pix_basicFLIM_120f_0010,E:\18_RK_Circadian\data\raw\20260517_KPC_live_on_SLIM\fitet-sz-c2-b5\3_BKOCO2live_740nm_3097mW_u1_poc0p45_20x0p75NA_535s50_g70_z1_256pix_basicFLIM_120f_0010_fit_mask.npy,2,65536,38885,59.3,635.375513604788,636.5933654240321,45.90343049654061,0.07210793104317782,3.497843728664149,3.501019820358347,0.3711029998132543,0.10599854295462686
3_BKOCO2live_740nm_3097mW_u1_poc0p45_20x0p75NA_535s50_g70_z1_256pix_basicFLIM_120f_0011.sdt,20260517_KPC_live_on_SLIM,live,BKO,535,0.45,2026-05-18 11:36:31.879517,20260517_KPC_live_on_SLIM::fitet-sz-c2-b5::3_BKOCO2live_740nm_3097mW_u1_poc0p45_20x0p75NA_535s50_g70_z1_256pix_basicFLIM_120f_0011,E:\18_RK_Circadian\data\raw\20260517_KPC_live_on_SLIM\fitet-sz-c2-b5\3_BKOCO2live_740nm_3097mW_u1_poc0p45_20x0p75NA_535s50_g70_z1_256pix_basicFLIM_120f_0011_fit_mask.npy,2,65536,61667,94.1,611.9902439531922,609.4462122191804,46.613807470987986,0.07648551510600554,3.5965904148908403,3.6558035320149544,0.4318386336049808,0.11812413599999069
3_BKOCO2live_740nm_3097mW_u1_poc0p45_20x0p75NA_535s50_g70_z1_256pix_basicFLIM_120f_0012.sdt,20260517_KPC_live_on_SLIM,live,BKO,535,0.45,2026-05-18 11:40:42.824279,20260517_KPC_live_on_SLIM::fitet-sz-c2-b5::3_BKOCO2live_740nm_3097mW_u1_poc0p45_20x0p75NA_535s50_g70_z1_256pix_basicFLIM_120f_0012,E:\18_RK_Circadian\data\raw\20260517_KPC_live_on_SLIM\fitet-sz-c2-b5\3_BKOCO2live_740nm_3097mW_u1_poc0p45_20x0p75NA_535s50_g70_z1_256pix_basicFLIM_120f_0012_fit_mask.npy,2,65536,44485,67.9,637.0489929980125,639.2215375228849,46.50034960282254,0.07274527980239992,3.4186271422787997,3.425112808576959,0.3418322216339581,0.09980174106323232
3_BKOCO2live_740nm_3097mW_u1_poc0p45_20x0p75NA_535s50_g70_z1_256pix_basicFLIM_120f_0013.sdt,20260517_KPC_live_on_SLIM,live,BKO,535,0.45,2026-05-18 11:41:51.776531,20260517_KPC_live_on_SLIM::fitet-sz-c2-b5::3_BKOCO2live_740nm_3097mW_u1_poc0p45_20x0p75NA_535s50_g70_z1_256pix_basicFLIM_120f_0013,E:\18_RK_Circadian\data\raw\20260517_KPC_live_on_SLIM\fitet-sz-c2-b5\3_BKOCO2live_740nm_3097mW_u1_poc0p45_20x0p75NA_535s50_g70_z1_256pix_basicFLIM_120f_0013_fit_mask.npy,2,65536,41822,63.8,658.3211372557964,657.0389885783322,46.408107841146006,0.07063219785717971,3.296763745098891,3.3066554573517637,0.30241488457158794,0.09145642431515565
3_BKOCO2live_740nm_3097mW_u1_poc0p45_20x0p75NA_535s50_g70_z1_256pix_basicFLIM_120f_0014.sdt,20260517_KPC_live_on_SLIM,live,BKO,535,0.45,2026-05-18 11:43:00.447776,20260517_KPC_live_on_SLIM::fitet-sz-c2-b5::3_BKOCO2live_740nm_3097mW_u1_poc0p45_20x0p75NA_535s50_g70_z1_256pix_basicFLIM_120f_0014,E:\18_RK_Circadian\data\raw\20260517_KPC_live_on_SLIM\fitet-sz-c2-b5\3_BKOCO2live_740nm_3097mW_u1_poc0p45_20x0p75NA_535s50_g70_z1_256pix_basicFLIM_120f_0014_fit_mask.npy,2,65536,50565,77.2,626.7075925003983,632.2147175554701,59.56709826025042,0.09421972726382163,3.4030658567587673,3.423772759712148,0.44301866358156666,0.1293948794717361
3_BKOCO2live_740nm_3097mW_u1_poc0p45_20x0p75NA_535s50_g70_z1_256pix_basicFLIM_120f_0015.sdt,20260517_KPC_live_on_SLIM,live,BKO,535,0.45,2026-05-18 11:44:09.438298,20260517_KPC_live_on_SLIM::fitet-sz-c2-b5::3_BKOCO2live_740nm_3097mW_u1_poc0p45_20x0p75NA_535s50_g70_z1_256pix_basicFLIM_120f_0015,E:\18_RK_Circadian\data\raw\20260517_KPC_live_on_SLIM\fitet-sz-c2-b5\3_BKOCO2live_740nm_3097mW_u1_poc0p45_20x0p75NA_535s50_g70_z1_256pix_basicFLIM_120f_0015_fit_mask.npy,2,65536,62326,95.1,649.5707658536639,645.5176971359822,65.29607099479131,0.1011530300168305,3.2689682811526306,3.3154170401446126,0.39585220258863274,0.11939740846942332
3_BKOCO2live_740nm_3097mW_u1_poc0p45_20x0p75NA_457s50_g70_z1_256pix_basicFLIM_120f_0000.sdt,20260517_KPC_live_on_SLIM,live,BKO,457,0.45,2026-05-18 11:52:34.734781,20260517_KPC_live_on_SLIM::fitet-sz-c2-b5::3_BKOCO2live_740nm_3097mW_u1_poc0p45_20x0p75NA_457s50_g70_z1_256pix_basicFLIM_120f_0000,E:\18_RK_Circadian\data\raw\20260517_KPC_live_on_SLIM\fitet-sz-c2-b5\3_BKOCO2live_740nm_3097mW_u1_poc0p45_20x0p75NA_457s50_g70_z1_256pix_basicFLIM_120f_0000_fit_mask.npy,2,65536,64501,98.4,618.8663700539352,619.6617743164641,68.2936594700192,0.11021118665154471,3.820274839488624,3.9010806882275553,0.7914154617564043,0.20287082606229856
3_BKOCO2live_740nm_3097mW_u1_poc0p45_20x0p75NA_457s50_g70_z1_256pix_basicFLIM_120f_0001.sdt,20260517_KPC_live_on_SLIM,live,BKO,457,0.45,2026-05-18 11:53:42.861516,20260517_KPC_live_on_SLIM::fitet-sz-c2-b5::3_BKOCO2live_740nm_3097mW_u1_poc0p45_20x0p75NA_457s50_g70_z1_256pix_basicFLIM_120f_0001,E:\18_RK_Circadian\data\raw\20260517_KPC_live_on_SLIM\fitet-sz-c2-b5\3_BKOCO2live_740nm_3097mW_u1_poc0p45_20x0p75NA_457s50_g70_z1_256pix_basicFLIM_120f_0001_fit_mask.npy,2,65536,64500,98.4,649.6273165846476,645.3701203624378,88.01219099510385,0.13637475336738009,3.5705702504470604,3.658713277588901,0.6653632056694215,0.18185715993243864
3_BKOCO2live_740nm_3097mW_u1_poc0p45_20x0p75NA_457s50_g70_z1_256pix_basicFLIM_120f_0002.sdt,20260517_KPC_live_on_SLIM,live,BKO,457,0.45,2026-05-18 11:54:51.613761,20260517_KPC_live_on_SLIM::fitet-sz-c2-b5::3_BKOCO2live_740nm_3097mW_u1_poc0p45_20x0p75NA_457s50_g70_z1_256pix_basicFLIM_120f_0002,E:\18_RK_Circadian\data\raw\20260517_KPC_live_on_SLIM\fitet-sz-c2-b5\3_BKOCO2live_740nm_3097mW_u1_poc0p45_20x0p75NA_457s50_g70_z1_256pix_basicFLIM_120f_0002_fit_mask.npy,2,65536,63883,97.5,643.009224594487,633.8711427491643,92.80508198615289,0.14641001258338993,3.417622261608899,3.53902912927507,0.6488504347215247,0.18334136595661035
3_BKOCO2live_740nm_3097mW_u1_poc0p45_20x0p75NA_457s50_g70_z1_256pix_basicFLIM_120f_0003.sdt,20260517_KPC_live_on_SLIM,live,BKO,457,0.45,2026-05-18 11:59:26.904002,20260517_KPC_live_on_SLIM::fitet-sz-c2-b5::3_BKOCO2live_740nm_3097mW_u1_poc0p45_20x0p75NA_457s50_g70_z1_256pix_basicFLIM_120f_0003,E:\18_RK_Circadian\data\raw\20260517_KPC_live_on_SLIM\fitet-sz-c2-b5\3_BKOCO2live_740nm_3097mW_u1_poc0p45_20x0p75NA_457s50_g70_z1_256pix_basicFLIM_120f_0003_fit_mask.npy,2,65536,61057,93.2,710.2666653652091,704.8095396669976,61.030752197472985,0.0865918361807479,3.4341451336198507,3.4916627260657944,0.40586285769472286,0.11623770379220615
3_BKOCO2live_740nm_3097mW_u1_poc0p45_20x0p75NA_457s50_g70_z1_256pix_basicFLIM_120f_0004.sdt,20260517_KPC_live_on_SLIM,live,BKO,457,0.45,2026-05-18 12:00:36.023747,20260517_KPC_live_on_SLIM::fitet-sz-c2-b5::3_BKOCO2live_740nm_3097mW_u1_poc0p45_20x0p75NA_457s50_g70_z1_256pix_basicFLIM_120f_0004,E:\18_RK_Circadian\data\raw\20260517_KPC_live_on_SLIM\fitet-sz-c2-b5\3_BKOCO2live_740nm_3097mW_u1_poc0p45_20x0p75NA_457s50_g70_z1_256pix_basicFLIM_120f_0004_fit_mask.npy,2,65536,64511,98.4,652.5381909562191,647.4317793664726,70.13790688607156,0.1083325056343437,3.5158444369444126,3.619984727629338,0.6258293705205762,0.17288177094891238
3_BKOCO2live_740nm_3097mW_u1_poc0p45_20x0p75NA_457s50_g70_z1_256pix_basicFLIM_120f_0005.sdt,20260517_KPC_live_on_SLIM,live,BKO,457,0.45,2026-05-18 12:01:44.045138,20260517_KPC_live_on_SLIM::fitet-sz-c2-b5::3_BKOCO2live_740nm_3097mW_u1_poc0p45_20x0p75NA_457s50_g70_z1_256pix_basicFLIM_120f_0005,E:\18_RK_Circadian\data\raw\20260517_KPC_live_on_SLIM\fitet-sz-c2-b5\3_BKOCO2live_740nm_3097mW_u1_poc0p45_20x0p75NA_457s50_g70_z1_256pix_basicFLIM_120f_0005_fit_mask.npy,2,65536,64113,97.8,674.6141680321346,672.531488075943,54.212525316590295,0.08060964620658558,3.818047421160498,3.8802022547254595,0.4999716902196224,0.12885196631457488
3_BKOCO2live_740nm_3097mW_u1_poc0p45_20x0p75NA_457s50_g70_z1_256pix_basicFLIM_120f_0006.sdt,20260517_KPC_live_on_SLIM,live,BKO,457,0.45,2026-05-18 12:02:52.626543,20260517_KPC_live_on_SLIM::fitet-sz-c2-b5::3_BKOCO2live_740nm_3097mW_u1_poc0p45_20x0p75NA_457s50_g70_z1_256pix_basicFLIM_120f_0006,E:\18_RK_Circadian\data\raw\20260517_KPC_live_on_SLIM\fitet-sz-c2-b5\3_BKOCO2live_740nm_3097mW_u1_poc0p45_20x0p75NA_457s50_g70_z1_256pix_basicFLIM_120f_0006_fit_mask.npy,2,65536,62101,94.8,684.8454944409357,681.3328430200446,64.19847637739917,0.0942248374419116,3.6612209319887286,3.724482401562159,0.49958396475611017,0.13413513903208932
3_BKOCO2live_740nm_3097mW_u1_poc0p45_20x0p75NA_457s50_g70_z1_256pix_basicFLIM_120f_0007.sdt,20260517_KPC_live_on_SLIM,live,BKO,457,0.45,2026-05-18 12:04:01.405708,20260517_KPC_live_on_SLIM::fitet-sz-c2-b5::3_BKOCO2live_740nm_3097mW_u1_poc0p45_20x0p75NA_457s50_g70_z1_256pix_basicFLIM_120f_0007,E:\18_RK_Circadian\data\raw\20260517_KPC_live_on_SLIM\fitet-sz-c2-b5\3_BKOCO2live_740nm_3097mW_u1_poc0p45_20x0p75NA_457s50_g70_z1_256pix_basicFLIM_120f_0007_fit_mask.npy,2,65536,63555,97.0,684.9527566397292,681.0398706262658,49.7872254895654,0.07310471477063804,3.5737121634383513,3.627770620799113,0.42881523510456543,0.11820351392837165
3_BKOCO2live_740nm_3097mW_u1_poc0p45_20x0p75NA_457s50_g70_z1_256pix_basicFLIM_120f_0008.sdt,20260517_KPC_live_on_SLIM,live,BKO,457,0.45,2026-05-18 12:07:58.832707,20260517_KPC_live_on_SLIM::fitet-sz-c2-b5::3_BKOCO2live_740nm_3097mW_u1_poc0p45_20x0p75NA_457s50_g70_z1_256pix_basicFLIM_120f_0008,E:\18_RK_Circadian\data\raw\20260517_KPC_live_on_SLIM\fitet-sz-c2-b5\3_BKOCO2live_740nm_3097mW_u1_poc0p45_20x0p75NA_457s50_g70_z1_256pix_basicFLIM_120f_0008_fit_mask.npy,2,65536,64557,98.5,672.0523602108391,668.2832502466184,87.47711680844645,0.13089826323817713,3.741679181290497,3.829656810629753,0.7204126948493832,0.188114165438996
3_BKOCO2live_740nm_3097mW_u1_poc0p45_20x0p75NA_457s50_g70_z1_256pix_basicFLIM_120f_0009.sdt,20260517_KPC_live_on_SLIM,live,BKO,457,0.45,2026-05-18 12:10:58.657535,20260517_KPC_live_on_SLIM::fitet-sz-c2-b5::3_BKOCO2live_740nm_3097mW_u1_poc0p45_20x0p75NA_457s50_g70_z1_256pix_basicFLIM_120f_0009,E:\18_RK_Circadian\data\raw\20260517_KPC_live_on_SLIM\fitet-sz-c2-b5\3_BKOCO2live_740nm_3097mW_u1_poc0p45_20x0p75NA_457s50_g70_z1_256pix_basicFLIM_120f_0009_fit_mask.npy,2,65536,61645,94.1,673.8162700401002,669.6519821014944,82.48641695069932,0.12317803748126209,3.4051769103712073,3.492729219464864,0.5626690007452685,0.16109722952742309
3_BKOCO2live_740nm_3097mW_u1_poc0p45_20x0p75NA_457s50_g70_z1_256pix_basicFLIM_120f_0010.sdt,20260517_KPC_live_on_SLIM,live,BKO,457,0.45,2026-05-18 12:12:07.994493,20260517_KPC_live_on_SLIM::fitet-sz-c2-b5::3_BKOCO2live_740nm_3097mW_u1_poc0p45_20x0p75NA_457s50_g70_z1_256pix_basicFLIM_120f_0010,E:\18_RK_Circadian\data\raw\20260517_KPC_live_on_SLIM\fitet-sz-c2-b5\3_BKOCO2live_740nm_3097mW_u1_poc0p45_20x0p75NA_457s50_g70_z1_256pix_basicFLIM_120f_0010_fit_mask.npy,2,65536,63482,96.9,651.3755726099956,634.0442247408808,88.48011122373671,0.13954880081101043,3.5667497201416465,3.6122608623537387,0.6193204755905863,0.17144954342722604
3_BKOCO2live_740nm_3097mW_u1_poc0p45_20x0p75NA_457s50_g70_z1_256pix_basicFLIM_120f_0011.sdt,20260517_KPC_live_on_SLIM,live,BKO,457,0.45,2026-05-18 12:14:51.318863,20260517_KPC_live_on_SLIM::fitet-sz-c2-b5::3_BKOCO2live_740nm_3097mW_u1_poc0p45_20x0p75NA_457s50_g70_z1_256pix_basicFLIM_120f_0011,E:\18_RK_Circadian\data\raw\20260517_KPC_live_on_SLIM\fitet-sz-c2-b5\3_BKOCO2live_740nm_3097mW_u1_poc0p45_20x0p75NA_457s50_g70_z1_256pix_basicFLIM_120f_0011_fit_mask.npy,2,65536,61253,93.5,703.4245416805421,692.1508523330766,76.24347299253238,0.11015441610096077,3.5865530942068404,3.653547654186669,0.5323327031714472,0.14570295875611125
3_BKOCO2live_740nm_3097mW_u1_poc0p45_20x0p75NA_457s50_g70_z1_256pix_basicFLIM_120f_0012.sdt,20260517_KPC_live_on_SLIM,live,BKO,457,0.45,2026-05-18 12:15:59.928142,20260517_KPC_live_on_SLIM::fitet-sz-c2-b5::3_BKOCO2live_740nm_3097mW_u1_poc0p45_20x0p75NA_457s50_g70_z1_256pix_basicFLIM_120f_0012,E:\18_RK_Circadian\data\raw\20260517_KPC_live_on_SLIM\fitet-sz-c2-b5\3_BKOCO2live_740nm_3097mW_u1_poc0p45_20x0p75NA_457s50_g70_z1_256pix_basicFLIM_120f_0012_fit_mask.npy,2,65536,59482,90.8,652.4223381462116,637.0241789700087,80.74560073353109,0.12675437353741736,3.5137067088009415,3.5389508989617378,0.496843242830918,0.1403928048215313
3_BKOCO2live_740nm_3097mW_u1_poc0p45_20x0p75NA_457s50_g70_z1_256pix_basicFLIM_120f_0013.sdt,20260517_KPC_live_on_SLIM,live,BKO,457,0.45,2026-05-18 12:17:08.972551,20260517_KPC_live_on_SLIM::fitet-sz-c2-b5::3_BKOCO2live_740nm_3097mW_u1_poc0p45_20x0p75NA_457s50_g70_z1_256pix_basicFLIM_120f_0013,E:\18_RK_Circadian\data\raw\20260517_KPC_live_on_SLIM\fitet-sz-c2-b5\3_BKOCO2live_740nm_3097mW_u1_poc0p45_20x0p75NA_457s50_g70_z1_256pix_basicFLIM_120f_0013_fit_mask.npy,2,65536,61900,94.5,665.6866627333951,651.4481099120511,85.86585748242362,0.13180766998313337,3.3900894771728804,3.430383568170331,0.4341716290262597,0.12656649625273086
3_BKOCO2live_740nm_3097mW_u1_poc0p45_20x0p75NA_457s50_g70_z1_256pix_basicFLIM_120f_0014.sdt,20260517_KPC_live_on_SLIM,live,BKO,457,0.45,2026-05-18 12:18:17.715781,20260517_KPC_live_on_SLIM::fitet-sz-c2-b5::3_BKOCO2live_740nm_3097mW_u1_poc0p45_20x0p75NA_457s50_g70_z1_256pix_basicFLIM_120f_0014,E:\18_RK_Circadian\data\raw\20260517_KPC_live_on_SLIM\fitet-sz-c2-b5\3_BKOCO2live_740nm_3097mW_u1_poc0p45_20x0p75NA_457s50_g70_z1_256pix_basicFLIM_120f_0014_fit_mask.npy,2,65536,63987,97.6,635.9292834826108,625.7542859671155,94.2259598764403,0.15057980742522958,3.4505246196160506,3.5008401519395234,0.6071440858749455,0.1734281085466235
3_BKOCO2live_740nm_3097mW_u1_poc0p45_20x0p75NA_457s50_g70_z1_256pix_basicFLIM_120f_0015.sdt,20260517_KPC_live_on_SLIM,live,BKO,457,0.45,2026-05-18 12:20:40.068357,20260517_KPC_live_on_SLIM::fitet-sz-c2-b5::3_BKOCO2live_740nm_3097mW_u1_poc0p45_20x0p75NA_457s50_g70_z1_256pix_basicFLIM_120f_0015,E:\18_RK_Circadian\data\raw\20260517_KPC_live_on_SLIM\fitet-sz-c2-b5\3_BKOCO2live_740nm_3097mW_u1_poc0p45_20x0p75NA_457s50_g70_z1_256pix_basicFLIM_120f_0015_fit_mask.npy,2,65536,62459,95.3,692.9672618581457,688.3950554895868,91.96928168781142,0.13359956750764695,3.27823336063091,3.3543841830177303,0.4912076700778275,0.14643751081485204
3_KPCWTform10min_740nm_3082mW_u1_poc0p25_20x0p75NA_457s50_g70_z1_256pix_basicFLIM_120f_0000.sdt,20260520_KPC_fixed_dishes_SLIM,form,KPCWT,457,0.25,2026-05-21 09:51:08.351630,20260520_KPC_fixed_dishes_SLIM::fitet-sz-c2-b9::3_KPCWTform10min_740nm_3082mW_u1_poc0p25_20x0p75NA_457s50_g70_z1_256pix_basicFLIM_120f_0000,E:\18_RK_Circadian\data\raw\20260520_KPC_fixed_dishes_SLIM\fitet-sz-c2-b9\3_KPCWTform10min_740nm_3082mW_u1_poc0p25_20x0p75NA_457s50_g70_z1_256pix_basicFLIM_120f_0000_fit_mask.npy,2,65536,65345,99.7,561.9999491378453,561.8265926808206,32.26456858859621,0.057427984023757386,3.239039560452629,3.235586852781828,0.17514455527998177,0.0541306919730495
3_KPCWTform10min_740nm_3082mW_u1_poc0p25_20x0p75NA_457s50_g70_z1_256pix_basicFLIM_120f_0001.sdt,20260520_KPC_fixed_dishes_SLIM,form,KPCWT,457,0.25,2026-05-21 09:52:17.110674,20260520_KPC_fixed_dishes_SLIM::fitet-sz-c2-b9::3_KPCWTform10min_740nm_3082mW_u1_poc0p25_20x0p75NA_457s50_g70_z1_256pix_basicFLIM_120f_0001,E:\18_RK_Circadian\data\raw\20260520_KPC_fixed_dishes_SLIM\fitet-sz-c2-b9\3_KPCWTform10min_740nm_3082mW_u1_poc0p25_20x0p75NA_457s50_g70_z1_256pix_basicFLIM_120f_0001_fit_mask.npy,2,65536,65448,99.9,562.3882220164908,561.9932678793458,50.70986161726794,0.09023215137188231,3.183413915011079,3.1941583849455286,0.30785196801716824,0.09637968156748689
3_KPCWTform10min_740nm_3082mW_u1_poc0p25_20x0p75NA_457s50_g70_z1_256pix_basicFLIM_120f_0002.sdt,20260520_KPC_fixed_dishes_SLIM,form,KPCWT,457,0.25,2026-05-21 09:53:25.524801,20260520_KPC_fixed_dishes_SLIM::fitet-sz-c2-b9::3_KPCWTform10min_740nm_3082mW_u1_poc0p25_20x0p75NA_457s50_g70_z1_256pix_basicFLIM_120f_0002,E:\18_RK_Circadian\data\raw\20260520_KPC_fixed_dishes_SLIM\fitet-sz-c2-b9\3_KPCWTform10min_740nm_3082mW_u1_poc0p25_20x0p75NA_457s50_g70_z1_256pix_basicFLIM_120f_0002_fit_mask.npy,2,65536,65390,99.8,570.5027673817729,568.9259937025389,48.38044807084625,0.0850382099014126,3.1842849749259408,3.1960796404984095,0.3065967508043234,0.09592900843876077
3_KPCWTform10min_740nm_3082mW_u1_poc0p25_20x0p75NA_457s50_g70_z1_256pix_basicFLIM_120f_0003.sdt,20260520_KPC_fixed_dishes_SLIM,form,KPCWT,457,0.25,2026-05-21 09:54:33.889129,20260520_KPC_fixed_dishes_SLIM::fitet-sz-c2-b9::3_KPCWTform10min_740nm_3082mW_u1_poc0p25_20x0p75NA_457s50_g70_z1_256pix_basicFLIM_120f_0003,E:\18_RK_Circadian\data\raw\20260520_KPC_fixed_dishes_SLIM\fitet-sz-c2-b9\3_KPCWTform10min_740nm_3082mW_u1_poc0p25_20x0p75NA_457s50_g70_z1_256pix_basicFLIM_120f_0003_fit_mask.npy,2,65536,64859,99.0,569.5388541029192,570.0931722390412,41.1095855297496,0.07211029272336605,3.2297866114437492,3.2381747198341104,0.23453013406514922,0.07242664598319266
3_KPCWTform10min_740nm_3082mW_u1_poc0p25_20x0p75NA_457s50_g70_z1_256pix_basicFLIM_120f_0004.sdt,20260520_KPC_fixed_dishes_SLIM,form,KPCWT,457,0.25,2026-05-21 09:55:42.089607,20260520_KPC_fixed_dishes_SLIM::fitet-sz-c2-b9::3_KPCWTform10min_740nm_3082mW_u1_poc0p25_20x0p75NA_457s50_g70_z1_256pix_basicFLIM_120f_0004,E:\18_RK_Circadian\data\raw\20260520_KPC_fixed_dishes_SLIM\fitet-sz-c2-b9\3_KPCWTform10min_740nm_3082mW_u1_poc0p25_20x0p75NA_457s50_g70_z1_256pix_basicFLIM_120f_0004_fit_mask.npy,2,65536,65423,99.8,568.2481951767548,567.365724324892,53.093515735493064,0.09357899756575708,3.2213286181917304,3.2382979321707626,0.2856969591258486,0.08822442070187604
3_KPCWTform10min_740nm_3082mW_u1_poc0p25_20x0p75NA_457s50_g70_z1_256pix_basicFLIM_120f_0005.sdt,20260520_KPC_fixed_dishes_SLIM,form,KPCWT,457,0.25,2026-05-21 09:56:50.629114,20260520_KPC_fixed_dishes_SLIM::fitet-sz-c2-b9::3_KPCWTform10min_740nm_3082mW_u1_poc0p25_20x0p75NA_457s50_g70_z1_256pix_basicFLIM_120f_0005,E:\18_RK_Circadian\data\raw\20260520_KPC_fixed_dishes_SLIM\fitet-sz-c2-b9\3_KPCWTform10min_740nm_3082mW_u1_poc0p25_20x0p75NA_457s50_g70_z1_256pix_basicFLIM_120f_0005_fit_mask.npy,2,65536,65336,99.7,561.587072306048,562.882147115142,40.727819994532496,0.07235585673354337,3.2267823123067796,3.2305205539783906,0.23802145969739308,0.07367898012729537
3_KPCWTform10min_740nm_3082mW_u1_poc0p25_20x0p75NA_457s50_g70_z1_256pix_basicFLIM_120f_0006.sdt,20260520_KPC_fixed_dishes_SLIM,form,KPCWT,457,0.25,2026-05-21 09:58:00.049688,20260520_KPC_fixed_dishes_SLIM::fitet-sz-c2-b9::3_KPCWTform10min_740nm_3082mW_u1_poc0p25_20x0p75NA_457s50_g70_z1_256pix_basicFLIM_120f_0006,E:\18_RK_Circadian\data\raw\20260520_KPC_fixed_dishes_SLIM\fitet-sz-c2-b9\3_KPCWTform10min_740nm_3082mW_u1_poc0p25_20x0p75NA_457s50_g70_z1_256pix_basicFLIM_120f_0006_fit_mask.npy,2,65536,65284,99.6,565.8828801251522,565.299406411287,57.78725964060053,0.1022241647261824,3.122366700673502,3.1431145215025444,0.2781530409973143,0.0884959930967915
3_KPCWTform10min_740nm_3082mW_u1_poc0p25_20x0p75NA_457s50_g70_z1_256pix_basicFLIM_120f_0007.sdt,20260520_KPC_fixed_dishes_SLIM,form,KPCWT,457,0.25,2026-05-21 09:59:08.592783,20260520_KPC_fixed_dishes_SLIM::fitet-sz-c2-b9::3_KPCWTform10min_740nm_3082mW_u1_poc0p25_20x0p75NA_457s50_g70_z1_256pix_basicFLIM_120f_0007,E:\18_RK_Circadian\data\raw\20260520_KPC_fixed_dishes_SLIM\fitet-sz-c2-b9\3_KPCWTform10min_740nm_3082mW_u1_poc0p25_20x0p75NA_457s50_g70_z1_256pix_basicFLIM_120f_0007_fit_mask.npy,2,65536,61386,93.7,542.5193998212939,540.1699770466062,82.93383540507517,0.15353284878681733,3.2737872250605564,3.332917809158468,0.5181199894220907,0.15545537546661295
3_KPCWTform10min_740nm_3082mW_u1_poc0p25_20x0p75NA_457s50_g70_z1_256pix_basicFLIM_120f_0008.sdt,20260520_KPC_fixed_dishes_SLIM,form,KPCWT,457,0.25,2026-05-21 10:00:18.472419,20260520_KPC_fixed_dishes_SLIM::fitet-sz-c2-b9::3_KPCWTform10min_740nm_3082mW_u1_poc0p25_20x0p75NA_457s50_g70_z1_256pix_basicFLIM_120f_0008,E:\18_RK_Circadian\data\raw\20260520_KPC_fixed_dishes_SLIM\fitet-sz-c2-b9\3_KPCWTform10min_740nm_3082mW_u1_poc0p25_20x0p75NA_457s50_g70_z1_256pix_basicFLIM_120f_0008_fit_mask.npy,2,65536,65034,99.2,554.3651990245068,550.5147720169871,63.976217864985344,0.11621162794703581,3.201787266342821,3.2384533083741625,0.38844194204936994,0.11994674774063173
3_KPCWTform10min_740nm_3082mW_u1_poc0p25_20x0p75NA_457s50_g70_z1_256pix_basicFLIM_120f_0009.sdt,20260520_KPC_fixed_dishes_SLIM,form,KPCWT,457,0.25,2026-05-21 10:01:27.603728,20260520_KPC_fixed_dishes_SLIM::fitet-sz-c2-b9::3_KPCWTform10min_740nm_3082mW_u1_poc0p25_20x0p75NA_457s50_g70_z1_256pix_basicFLIM_120f_0009,E:\18_RK_Circadian\data\raw\20260520_KPC_fixed_dishes_SLIM\fitet-sz-c2-b9\3_KPCWTform10min_740nm_3082mW_u1_poc0p25_20x0p75NA_457s50_g70_z1_256pix_basicFLIM_120f_0009_fit_mask.npy,2,65536,65434,99.8,550.9541296647432,551.0969966863436,38.47788471347956,0.06982053058688545,3.281034395800264,3.2696434977029583,0.21521915711851428,0.065823432208959
3_KPCWTform10min_740nm_3082mW_u1_poc0p25_20x0p75NA_457s50_g70_z1_256pix_basicFLIM_120f_0010.sdt,20260520_KPC_fixed_dishes_SLIM,form,KPCWT,457,0.25,2026-05-21 10:02:36.227455,20260520_KPC_fixed_dishes_SLIM::fitet-sz-c2-b9::3_KPCWTform10min_740nm_3082mW_u1_poc0p25_20x0p75NA_457s50_g70_z1_256pix_basicFLIM_120f_0010,E:\18_RK_Circadian\data\raw\20260520_KPC_fixed_dishes_SLIM\fitet-sz-c2-b9\3_KPCWTform10min_740nm_3082mW_u1_poc0p25_20x0p75NA_457s50_g70_z1_256pix_basicFLIM_120f_0010_fit_mask.npy,2,65536,65447,99.9,569.1555482078646,569.4217262994468,46.995423689103546,0.08253184154829675,3.1541038841256244,3.170315273866421,0.26988683697452975,0.08512933688307406
3_KPCWTform10min_740nm_3082mW_u1_poc0p25_20x0p75NA_457s50_g70_z1_256pix_basicFLIM_120f_0011.sdt,20260520_KPC_fixed_dishes_SLIM,form,KPCWT,457,0.25,2026-05-21 10:03:44.363915,20260520_KPC_fixed_dishes_SLIM::fitet-sz-c2-b9::3_KPCWTform10min_740nm_3082mW_u1_poc0p25_20x0p75NA_457s50_g70_z1_256pix_basicFLIM_120f_0011,E:\18_RK_Circadian\data\raw\20260520_KPC_fixed_dishes_SLIM\fitet-sz-c2-b9\3_KPCWTform10min_740nm_3082mW_u1_poc0p25_20x0p75NA_457s50_g70_z1_256pix_basicFLIM_120f_0011_fit_mask.npy,2,65536,65465,99.9,579.4712807006571,579.8480609187258,42.01569513095648,0.07245983553758163,3.138637004729392,3.14389640666098,0.23655755805062656,0.07524343281459006
3_KPCWTform10min_740nm_3082mW_u1_poc0p25_20x0p75NA_457s50_g70_z1_256pix_basicFLIM_120f_0012.sdt,20260520_KPC_fixed_dishes_SLIM,form,KPCWT,457,0.25,2026-05-21 10:04:54.076158,20260520_KPC_fixed_dishes_SLIM::fitet-sz-c2-b9::3_KPCWTform10min_740nm_3082mW_u1_poc0p25_20x0p75NA_457s50_g70_z1_256pix_basicFLIM_120f_0012,E:\18_RK_Circadian\data\raw\20260520_KPC_fixed_dishes_SLIM\fitet-sz-c2-b9\3_KPCWTform10min_740nm_3082mW_u1_poc0p25_20x0p75NA_457s50_g70_z1_256pix_basicFLIM_120f_0012_fit_mask.npy,2,65536,64668,98.7,551.9678441717199,550.0443992530757,62.602448940748594,0.11381344674313315,3.1983168394849506,3.140679180538405,0.5027260532158357,0.16006921570692034
3_KPCWTform10min_740nm_3082mW_u1_poc0p25_20x0p75NA_457s50_g70_z1_256pix_basicFLIM_120f_0013.sdt,20260520_KPC_fixed_dishes_SLIM,form,KPCWT,457,0.25,2026-05-21 10:06:03.471210,20260520_KPC_fixed_dishes_SLIM::fitet-sz-c2-b9::3_KPCWTform10min_740nm_3082mW_u1_poc0p25_20x0p75NA_457s50_g70_z1_256pix_basicFLIM_120f_0013,E:\18_RK_Circadian\data\raw\20260520_KPC_fixed_dishes_SLIM\fitet-sz-c2-b9\3_KPCWTform10min_740nm_3082mW_u1_poc0p25_20x0p75NA_457s50_g70_z1_256pix_basicFLIM_120f_0013_fit_mask.npy,2,65536,63663,97.1,562.1373416944343,554.790813415842,59.44662886914857,0.10715142974905481,3.2089179348902395,3.192247503911354,0.5023246112251067,0.15735766434451753
3_KPCWTform10min_740nm_3082mW_u1_poc0p25_20x0p75NA_457s50_g70_z1_256pix_basicFLIM_120f_0014.sdt,20260520_KPC_fixed_dishes_SLIM,form,KPCWT,457,0.25,2026-05-21 10:07:11.882862,20260520_KPC_fixed_dishes_SLIM::fitet-sz-c2-b9::3_KPCWTform10min_740nm_3082mW_u1_poc0p25_20x0p75NA_457s50_g70_z1_256pix_basicFLIM_120f_0014,E:\18_RK_Circadian\data\raw\20260520_KPC_fixed_dishes_SLIM\fitet-sz-c2-b9\3_KPCWTform10min_740nm_3082mW_u1_poc0p25_20x0p75NA_457s50_g70_z1_256pix_basicFLIM_120f_0014_fit_mask.npy,2,65536,63048,96.2,555.7842445631145,546.2551496832416,69.37372838763895,0.1269987631748037,3.260885169860593,3.3542498969739563,0.6617871374816197,0.1972981017540322
3_KPCWTform10min_740nm_3082mW_u1_poc0p25_20x0p75NA_457s50_g70_z1_256pix_basicFLIM_120f_0015.sdt,20260520_KPC_fixed_dishes_SLIM,form,KPCWT,457,0.25,2026-05-21 10:08:20.382704,20260520_KPC_fixed_dishes_SLIM::fitet-sz-c2-b9::3_KPCWTform10min_740nm_3082mW_u1_poc0p25_20x0p75NA_457s50_g70_z1_256pix_basicFLIM_120f_0015,E:\18_RK_Circadian\data\raw\20260520_KPC_fixed_dishes_SLIM\fitet-sz-c2-b9\3_KPCWTform10min_740nm_3082mW_u1_poc0p25_20x0p75NA_457s50_g70_z1_256pix_basicFLIM_120f_0015_fit_mask.npy,2,65536,61850,94.4,552.1002725844487,542.8224686470454,69.46346349806187,0.12796718542472213,3.330707449924309,3.3749039023156873,0.4676509369668589,0.13856718606001808
3_KPCWTform10min_740nm_3082mW_u1_poc0p25_20x0p75NA_457s50_g70_z1_256pix_basicFLIM_120f_0016.sdt,20260520_KPC_fixed_dishes_SLIM,form,KPCWT,457,0.25,2026-05-21 10:09:29.901751,20260520_KPC_fixed_dishes_SLIM::fitet-sz-c2-b9::3_KPCWTform10min_740nm_3082mW_u1_poc0p25_20x0p75NA_457s50_g70_z1_256pix_basicFLIM_120f_0016,E:\18_RK_Circadian\data\raw\20260520_KPC_fixed_dishes_SLIM\fitet-sz-c2-b9\3_KPCWTform10min_740nm_3082mW_u1_poc0p25_20x0p75NA_457s50_g70_z1_256pix_basicFLIM_120f_0016_fit_mask.npy,2,65536,63892,97.5,595.1199132714619,602.8870487768094,85.18921082346999,0.14130210790944905,2.9359033151866853,2.8574062071113975,0.593389864860203,0.2076673114880895
3_KPCWTform10min_740nm_3083mW_u1_poc0p25_20x0p75NA_535s50_g70_z1_256pix_basicFLIM_120f_0000.sdt,20260520_KPC_fixed_dishes_SLIM,form,KPCWT,535,0.25,2026-05-21 10:22:43.596961,20260520_KPC_fixed_dishes_SLIM::fitet-sz-c2-b9::3_KPCWTform10min_740nm_3083mW_u1_poc0p25_20x0p75NA_535s50_g70_z1_256pix_basicFLIM_120f_0000,E:\18_RK_Circadian\data\raw\20260520_KPC_fixed_dishes_SLIM\fitet-sz-c2-b9\3_KPCWTform10min_740nm_3083mW_u1_poc0p25_20x0p75NA_535s50_g70_z1_256pix_basicFLIM_120f_0000_fit_mask.npy,2,65536,65351,99.7,583.1549775977154,580.9591557958029,44.50359549649026,0.07660365630270316,2.964981071645148,2.978624200969752,0.2023548818331133,0.06793568714282
3_KPCWTform10min_740nm_3083mW_u1_poc0p25_20x0p75NA_535s50_g70_z1_256pix_basicFLIM_120f_0001.sdt,20260520_KPC_fixed_dishes_SLIM,form,KPCWT,535,0.25,2026-05-21 10:23:52.364639,20260520_KPC_fixed_dishes_SLIM::fitet-sz-c2-b9::3_KPCWTform10min_740nm_3083mW_u1_poc0p25_20x0p75NA_535s50_g70_z1_256pix_basicFLIM_120f_0001,E:\18_RK_Circadian\data\raw\20260520_KPC_fixed_dishes_SLIM\fitet-sz-c2-b9\3_KPCWTform10min_740nm_3083mW_u1_poc0p25_20x0p75NA_535s50_g70_z1_256pix_basicFLIM_120f_0001_fit_mask.npy,2,65536,65134,99.4,595.2309433584339,594.3461866680504,69.28341487489274,0.11657080743346027,2.996241837838573,3.023083888068951,0.3385215473711103,0.11197887981446224
3_KPCWTform10min_740nm_3083mW_u1_poc0p25_20x0p75NA_535s50_g70_z1_256pix_basicFLIM_120f_0002.sdt,20260520_KPC_fixed_dishes_SLIM,form,KPCWT,535,0.25,2026-05-21 10:25:00.828863,20260520_KPC_fixed_dishes_SLIM::fitet-sz-c2-b9::3_KPCWTform10min_740nm_3083mW_u1_poc0p25_20x0p75NA_535s50_g70_z1_256pix_basicFLIM_120f_0002,E:\18_RK_Circadian\data\raw\20260520_KPC_fixed_dishes_SLIM\fitet-sz-c2-b9\3_KPCWTform10min_740nm_3083mW_u1_poc0p25_20x0p75NA_535s50_g70_z1_256pix_basicFLIM_120f_0002_fit_mask.npy,2,65536,64946,99.1,590.9669595027813,586.5237852337649,71.49890256227886,0.12190281854261419,2.9750564952640906,3.0390287723048433,0.5031659193482049,0.16556800117644052
3_KPCWTform10min_740nm_3083mW_u1_poc0p25_20x0p75NA_535s50_g70_z1_256pix_basicFLIM_120f_0003.sdt,20260520_KPC_fixed_dishes_SLIM,form,KPCWT,535,0.25,2026-05-21 10:26:09.252696,20260520_KPC_fixed_dishes_SLIM::fitet-sz-c2-b9::3_KPCWTform10min_740nm_3083mW_u1_poc0p25_20x0p75NA_535s50_g70_z1_256pix_basicFLIM_120f_0003,E:\18_RK_Circadian\data\raw\20260520_KPC_fixed_dishes_SLIM\fitet-sz-c2-b9\3_KPCWTform10min_740nm_3083mW_u1_poc0p25_20x0p75NA_535s50_g70_z1_256pix_basicFLIM_120f_0003_fit_mask.npy,2,65536,64126,97.8,583.5122459081583,577.0242590634815,62.01188999376067,0.10746842792087605,3.022413029683572,3.071107457437951,0.35354773661932637,0.11512060112486945
3_KPCWTform10min_740nm_3083mW_u1_poc0p25_20x0p75NA_535s50_g70_z1_256pix_basicFLIM_120f_0004.sdt,20260520_KPC_fixed_dishes_SLIM,form,KPCWT,535,0.25,2026-05-21 10:27:17.425638,20260520_KPC_fixed_dishes_SLIM::fitet-sz-c2-b9::3_KPCWTform10min_740nm_3083mW_u1_poc0p25_20x0p75NA_535s50_g70_z1_256pix_basicFLIM_120f_0004,E:\18_RK_Circadian\data\raw\20260520_KPC_fixed_dishes_SLIM\fitet-sz-c2-b9\3_KPCWTform10min_740nm_3083mW_u1_poc0p25_20x0p75NA_535s50_g70_z1_256pix_basicFLIM_120f_0004_fit_mask.npy,2,65536,64370,98.2,582.5841641216198,578.1958864553371,71.98442425603403,0.12449833342353687,3.051485528746227,3.1038497698221743,0.4471911216977018,0.1440762778036523
3_KPCWTform10min_740nm_3083mW_u1_poc0p25_20x0p75NA_535s50_g70_z1_256pix_basicFLIM_120f_0005.sdt,20260520_KPC_fixed_dishes_SLIM,form,KPCWT,535,0.25,2026-05-21 10:28:25.978138,20260520_KPC_fixed_dishes_SLIM::fitet-sz-c2-b9::3_KPCWTform10min_740nm_3083mW_u1_poc0p25_20x0p75NA_535s50_g70_z1_256pix_basicFLIM_120f_0005,E:\18_RK_Circadian\data\raw\20260520_KPC_fixed_dishes_SLIM\fitet-sz-c2-b9\3_KPCWTform10min_740nm_3083mW_u1_poc0p25_20x0p75NA_535s50_g70_z1_256pix_basicFLIM_120f_0005_fit_mask.npy,2,65536,65327,99.7,574.9108301613602,576.7695791959248,57.171230763455675,0.09912317297170589,3.0203560348203258,3.023213430352167,0.2605907390037731,0.08619660669257397
3_KPCWTform10min_740nm_3083mW_u1_poc0p25_20x0p75NA_535s50_g70_z1_256pix_basicFLIM_120f_0006.sdt,20260520_KPC_fixed_dishes_SLIM,form,KPCWT,535,0.25,2026-05-21 10:29:35.418662,20260520_KPC_fixed_dishes_SLIM::fitet-sz-c2-b9::3_KPCWTform10min_740nm_3083mW_u1_poc0p25_20x0p75NA_535s50_g70_z1_256pix_basicFLIM_120f_0006,E:\18_RK_Circadian\data\raw\20260520_KPC_fixed_dishes_SLIM\fitet-sz-c2-b9\3_KPCWTform10min_740nm_3083mW_u1_poc0p25_20x0p75NA_535s50_g70_z1_256pix_basicFLIM_120f_0006_fit_mask.npy,2,65536,64844,98.9,596.0831044278693,591.0251295801679,79.97260476249434,0.1353116826340405,2.949018062959957,3.006240458526799,0.42772375615158287,0.14227862409954653
3_KPCWTform10min_740nm_3083mW_u1_poc0p25_20x0p75NA_535s50_g70_z1_256pix_basicFLIM_120f_0007.sdt,20260520_KPC_fixed_dishes_SLIM,form,KPCWT,535,0.25,2026-05-21 10:30:43.992021,20260520_KPC_fixed_dishes_SLIM::fitet-sz-c2-b9::3_KPCWTform10min_740nm_3083mW_u1_poc0p25_20x0p75NA_535s50_g70_z1_256pix_basicFLIM_120f_0007,E:\18_RK_Circadian\data\raw\20260520_KPC_fixed_dishes_SLIM\fitet-sz-c2-b9\3_KPCWTform10min_740nm_3083mW_u1_poc0p25_20x0p75NA_535s50_g70_z1_256pix_basicFLIM_120f_0007_fit_mask.npy,2,65536,54235,82.8,547.7213677469073,548.8578444923812,89.45059200158006,0.16297588328050533,3.1938455544010687,3.2559177070633862,0.5855362283667715,0.1798375392278833
3_KPCWTform10min_740nm_3083mW_u1_poc0p25_20x0p75NA_535s50_g70_z1_256pix_basicFLIM_120f_0008.sdt,20260520_KPC_fixed_dishes_SLIM,form,KPCWT,535,0.25,2026-05-21 10:31:53.748400,20260520_KPC_fixed_dishes_SLIM::fitet-sz-c2-b9::3_KPCWTform10min_740nm_3083mW_u1_poc0p25_20x0p75NA_535s50_g70_z1_256pix_basicFLIM_120f_0008,E:\18_RK_Circadian\data\raw\20260520_KPC_fixed_dishes_SLIM\fitet-sz-c2-b9\3_KPCWTform10min_740nm_3083mW_u1_poc0p25_20x0p75NA_535s50_g70_z1_256pix_basicFLIM_120f_0008_fit_mask.npy,2,65536,63399,96.7,589.796724089648,585.0971748551085,88.5829673663906,0.15139872686674138,3.0212787619629404,3.1038699678052164,0.6827967755191972,0.21998240345165326
3_KPCWTform10min_740nm_3083mW_u1_poc0p25_20x0p75NA_535s50_g70_z1_256pix_basicFLIM_120f_0009.sdt,20260520_KPC_fixed_dishes_SLIM,form,KPCWT,535,0.25,2026-05-21 10:33:02.802714,20260520_KPC_fixed_dishes_SLIM::fitet-sz-c2-b9::3_KPCWTform10min_740nm_3083mW_u1_poc0p25_20x0p75NA_535s50_g70_z1_256pix_basicFLIM_120f_0009,E:\18_RK_Circadian\data\raw\20260520_KPC_fixed_dishes_SLIM\fitet-sz-c2-b9\3_KPCWTform10min_740nm_3083mW_u1_poc0p25_20x0p75NA_535s50_g70_z1_256pix_basicFLIM_120f_0009_fit_mask.npy,2,65536,65145,99.4,574.6923824730605,571.4041824048848,51.15009017530119,0.0895164784409249,3.045288202275772,3.073923213196846,0.24648792035075193,0.08018675264643557
3_KPCWTform10min_740nm_3083mW_u1_poc0p25_20x0p75NA_535s50_g70_z1_256pix_basicFLIM_120f_0010.sdt,20260520_KPC_fixed_dishes_SLIM,form,KPCWT,535,0.25,2026-05-21 10:34:11.385713,20260520_KPC_fixed_dishes_SLIM::fitet-sz-c2-b9::3_KPCWTform10min_740nm_3083mW_u1_poc0p25_20x0p75NA_535s50_g70_z1_256pix_basicFLIM_120f_0010,E:\18_RK_Circadian\data\raw\20260520_KPC_fixed_dishes_SLIM\fitet-sz-c2-b9\3_KPCWTform10min_740nm_3083mW_u1_poc0p25_20x0p75NA_535s50_g70_z1_256pix_basicFLIM_120f_0010_fit_mask.npy,2,65536,65001,99.2,577.0349578751147,572.0776076645283,74.01800335416789,0.12938454916342879,3.057018026948636,3.110068738159042,0.38535637092873526,0.1239060623325133
3_KPCWTform10min_740nm_3083mW_u1_poc0p25_20x0p75NA_535s50_g70_z1_256pix_basicFLIM_120f_0011.sdt,20260520_KPC_fixed_dishes_SLIM,form,KPCWT,535,0.25,2026-05-21 10:35:19.523673,20260520_KPC_fixed_dishes_SLIM::fitet-sz-c2-b9::3_KPCWTform10min_740nm_3083mW_u1_poc0p25_20x0p75NA_535s50_g70_z1_256pix_basicFLIM_120f_0011,E:\18_RK_Circadian\data\raw\20260520_KPC_fixed_dishes_SLIM\fitet-sz-c2-b9\3_KPCWTform10min_740nm_3083mW_u1_poc0p25_20x0p75NA_535s50_g70_z1_256pix_basicFLIM_120f_0011_fit_mask.npy,2,65536,65172,99.4,587.1702456289227,584.1515836551677,65.17426535512703,0.11157081000674006,2.977996648759535,3.0158534793783724,0.3612223183976439,0.11977449198629471
3_KPCWTform10min_740nm_3083mW_u1_poc0p25_20x0p75NA_535s50_g70_z1_256pix_basicFLIM_120f_0012.sdt,20260520_KPC_fixed_dishes_SLIM,form,KPCWT,535,0.25,2026-05-21 10:36:29.148152,20260520_KPC_fixed_dishes_SLIM::fitet-sz-c2-b9::3_KPCWTform10min_740nm_3083mW_u1_poc0p25_20x0p75NA_535s50_g70_z1_256pix_basicFLIM_120f_0012,E:\18_RK_Circadian\data\raw\20260520_KPC_fixed_dishes_SLIM\fitet-sz-c2-b9\3_KPCWTform10min_740nm_3083mW_u1_poc0p25_20x0p75NA_535s50_g70_z1_256pix_basicFLIM_120f_0012_fit_mask.npy,2,65536,63090,96.3,590.1564620195941,606.7660451946708,118.45913527087664,0.19523033005723153,2.9698536036048147,2.9487426106077343,0.6157914694640636,0.20883188218898133
3_KPCWTform10min_740nm_3083mW_u1_poc0p25_20x0p75NA_535s50_g70_z1_256pix_basicFLIM_120f_0013.sdt,20260520_KPC_fixed_dishes_SLIM,form,KPCWT,535,0.25,2026-05-21 10:37:38.043255,20260520_KPC_fixed_dishes_SLIM::fitet-sz-c2-b9::3_KPCWTform10min_740nm_3083mW_u1_poc0p25_20x0p75NA_535s50_g70_z1_256pix_basicFLIM_120f_0013,E:\18_RK_Circadian\data\raw\20260520_KPC_fixed_dishes_SLIM\fitet-sz-c2-b9\3_KPCWTform10min_740nm_3083mW_u1_poc0p25_20x0p75NA_535s50_g70_z1_256pix_basicFLIM_120f_0013_fit_mask.npy,2,65536,60169,91.8,589.765975861112,589.1209721014566,69.88539398621958,0.11862655939226034,3.0076603280770096,3.0304627159356006,0.3239331990652484,0.10689232286602804
3_KPCWTform10min_740nm_3083mW_u1_poc0p25_20x0p75NA_535s50_g70_z1_256pix_basicFLIM_120f_0014.sdt,20260520_KPC_fixed_dishes_SLIM,form,KPCWT,535,0.25,2026-05-21 10:38:46.713814,20260520_KPC_fixed_dishes_SLIM::fitet-sz-c2-b9::3_KPCWTform10min_740nm_3083mW_u1_poc0p25_20x0p75NA_535s50_g70_z1_256pix_basicFLIM_120f_0014,E:\18_RK_Circadian\data\raw\20260520_KPC_fixed_dishes_SLIM\fitet-sz-c2-b9\3_KPCWTform10min_740nm_3083mW_u1_poc0p25_20x0p75NA_535s50_g70_z1_256pix_basicFLIM_120f_0014_fit_mask.npy,2,65536,57357,87.5,581.7289906592695,576.0191866169669,71.6345569644538,0.12436140779471697,3.04081691325238,3.098355818141342,0.3963875140159822,0.1279347942205583
3_KPCWTform10min_740nm_3083mW_u1_poc0p25_20x0p75NA_535s50_g70_z1_256pix_basicFLIM_120f_0015.sdt,20260520_KPC_fixed_dishes_SLIM,form,KPCWT,535,0.25,2026-05-21 10:39:55.378045,20260520_KPC_fixed_dishes_SLIM::fitet-sz-c2-b9::3_KPCWTform10min_740nm_3083mW_u1_poc0p25_20x0p75NA_535s50_g70_z1_256pix_basicFLIM_120f_0015,E:\18_RK_Circadian\data\raw\20260520_KPC_fixed_dishes_SLIM\fitet-sz-c2-b9\3_KPCWTform10min_740nm_3083mW_u1_poc0p25_20x0p75NA_535s50_g70_z1_256pix_basicFLIM_120f_0015_fit_mask.npy,2,65536,55561,84.8,587.9359885857617,582.7998716922733,58.71552572031477,0.10074732094539206,3.0129774002310477,3.065341084893021,0.5395073088653234,0.17600237426242304
3_KPCWTform10min_740nm_3083mW_u1_poc0p25_20x0p75NA_535s50_g70_z1_256pix_basicFLIM_120f_0016.sdt,20260520_KPC_fixed_dishes_SLIM,form,KPCWT,535,0.25,2026-05-21 10:41:05.101250,20260520_KPC_fixed_dishes_SLIM::fitet-sz-c2-b9::3_KPCWTform10min_740nm_3083mW_u1_poc0p25_20x0p75NA_535s50_g70_z1_256pix_basicFLIM_120f_0016,E:\18_RK_Circadian\data\raw\20260520_KPC_fixed_dishes_SLIM\fitet-sz-c2-b9\3_KPCWTform10min_740nm_3083mW_u1_poc0p25_20x0p75NA_535s50_g70_z1_256pix_basicFLIM_120f_0016_fit_mask.npy,2,65536,57781,88.2,611.4653614148782,610.2407121521262,92.34751435732296,0.1513296515921438,2.8760933146667034,2.9390500305400575,0.679220456975515,0.23110203974673635
3_KPCWTform10min_740nm_3083mW_u1_poc0p6_20x0p75NA_535s50_g70_z1_256pix_basicFLIM_120f_0000.sdt,20260520_KPC_fixed_dishes_SLIM,form,KPCWT,535,0.6,2026-05-21 10:47:18.878016,20260520_KPC_fixed_dishes_SLIM::fitet-sz-c2-b9::3_KPCWTform10min_740nm_3083mW_u1_poc0p6_20x0p75NA_535s50_g70_z1_256pix_basicFLIM_120f_0000,E:\18_RK_Circadian\data\raw\20260520_KPC_fixed_dishes_SLIM\fitet-sz-c2-b9\3_KPCWTform10min_740nm_3083mW_u1_poc0p6_20x0p75NA_535s50_g70_z1_256pix_basicFLIM_120f_0000_fit_mask.npy,2,65536,1779,2.7,676.0388920112429,671.3856314521015,41.24070908008137,0.061426261075746,2.6332780833659095,2.662108988343173,0.13670045660793495,0.051350435765972806
3_KPCWTform10min_740nm_3083mW_u1_poc0p6_20x0p75NA_535s50_g70_z1_256pix_basicFLIM_120f_0001.sdt,20260520_KPC_fixed_dishes_SLIM,form,KPCWT,535,0.6,2026-05-21 10:48:27.704110,20260520_KPC_fixed_dishes_SLIM::fitet-sz-c2-b9::3_KPCWTform10min_740nm_3083mW_u1_poc0p6_20x0p75NA_535s50_g70_z1_256pix_basicFLIM_120f_0001,E:\18_RK_Circadian\data\raw\20260520_KPC_fixed_dishes_SLIM\fitet-sz-c2-b9\3_KPCWTform10min_740nm_3083mW_u1_poc0p6_20x0p75NA_535s50_g70_z1_256pix_basicFLIM_120f_0001_fit_mask.npy,2,65536,38115,58.2,673.6868415738963,671.582823499296,40.69678234497261,0.060598307343420726,2.721950847198901,2.731649676962439,0.15550759554605212,0.05692808886056526
3_KPCWTform10min_740nm_3083mW_u1_poc0p6_20x0p75NA_535s50_g70_z1_256pix_basicFLIM_120f_0002.sdt,20260520_KPC_fixed_dishes_SLIM,form,KPCWT,535,0.6,2026-05-21 10:49:36.161325,20260520_KPC_fixed_dishes_SLIM::fitet-sz-c2-b9::3_KPCWTform10min_740nm_3083mW_u1_poc0p6_20x0p75NA_535s50_g70_z1_256pix_basicFLIM_120f_0002,E:\18_RK_Circadian\data\raw\20260520_KPC_fixed_dishes_SLIM\fitet-sz-c2-b9\3_KPCWTform10min_740nm_3083mW_u1_poc0p6_20x0p75NA_535s50_g70_z1_256pix_basicFLIM_120f_0002_fit_mask.npy,2,65536,12539,19.1,659.5382871719938,655.9145508901667,33.741173386973095,0.05144141617407582,2.7540333591674573,2.768632688576358,0.12619227397725194,0.045579276188543634
3_KPCWTform10min_740nm_3083mW_u1_poc0p6_20x0p75NA_535s50_g70_z1_256pix_basicFLIM_120f_0003.sdt,20260520_KPC_fixed_dishes_SLIM,form,KPCWT,535,0.6,2026-05-21 10:50:44.597737,20260520_KPC_fixed_dishes_SLIM::fitet-sz-c2-b9::3_KPCWTform10min_740nm_3083mW_u1_poc0p6_20x0p75NA_535s50_g70_z1_256pix_basicFLIM_120f_0003,E:\18_RK_Circadian\data\raw\20260520_KPC_fixed_dishes_SLIM\fitet-sz-c2-b9\3_KPCWTform10min_740nm_3083mW_u1_poc0p6_20x0p75NA_535s50_g70_z1_256pix_basicFLIM_120f_0003_fit_mask.npy,2,65536,6101,9.3,642.2303737928456,634.5327619525524,53.06113462927318,0.08362237194183025,2.8127848804891604,2.864928704575591,0.28532444254440537,0.09959216160901747
3_KPCWTform10min_740nm_3083mW_u1_poc0p6_20x0p75NA_535s50_g70_z1_256pix_basicFLIM_120f_0004.sdt,20260520_KPC_fixed_dishes_SLIM,form,KPCWT,535,0.6,2026-05-21 10:51:52.849485,20260520_KPC_fixed_dishes_SLIM::fitet-sz-c2-b9::3_KPCWTform10min_740nm_3083mW_u1_poc0p6_20x0p75NA_535s50_g70_z1_256pix_basicFLIM_120f_0004,E:\18_RK_Circadian\data\raw\20260520_KPC_fixed_dishes_SLIM\fitet-sz-c2-b9\3_KPCWTform10min_740nm_3083mW_u1_poc0p6_20x0p75NA_535s50_g70_z1_256pix_basicFLIM_120f_0004_fit_mask.npy,2,65536,26376,40.2,662.0728548156565,659.4595715239905,56.32200931983341,0.08540631109451488,2.7605947311460515,2.781058508177596,0.19301995574008085,0.06940521214225198
3_KPCWTform10min_740nm_3083mW_u1_poc0p6_20x0p75NA_535s50_g70_z1_256pix_basicFLIM_120f_0005.sdt,20260520_KPC_fixed_dishes_SLIM,form,KPCWT,535,0.6,2026-05-21 10:53:01.330981,20260520_KPC_fixed_dishes_SLIM::fitet-sz-c2-b9::3_KPCWTform10min_740nm_3083mW_u1_poc0p6_20x0p75NA_535s50_g70_z1_256pix_basicFLIM_120f_0005,E:\18_RK_Circadian\data\raw\20260520_KPC_fixed_dishes_SLIM\fitet-sz-c2-b9\3_KPCWTform10min_740nm_3083mW_u1_poc0p6_20x0p75NA_535s50_g70_z1_256pix_basicFLIM_120f_0005_fit_mask.npy,2,65536,10857,16.6,696.9755554311193,689.9018599797021,40.00654195066194,0.05798874343060764,2.656787710396579,2.666032801295493,0.11482553311274103,0.04306981259080698
3_KPCWTform10min_740nm_3083mW_u1_poc0p6_20x0p75NA_535s50_g70_z1_256pix_basicFLIM_120f_0006.sdt,20260520_KPC_fixed_dishes_SLIM,form,KPCWT,535,0.6,2026-05-21 10:54:10.836082,20260520_KPC_fixed_dishes_SLIM::fitet-sz-c2-b9::3_KPCWTform10min_740nm_3083mW_u1_poc0p6_20x0p75NA_535s50_g70_z1_256pix_basicFLIM_120f_0006,E:\18_RK_Circadian\data\raw\20260520_KPC_fixed_dishes_SLIM\fitet-sz-c2-b9\3_KPCWTform10min_740nm_3083mW_u1_poc0p6_20x0p75NA_535s50_g70_z1_256pix_basicFLIM_120f_0006_fit_mask.npy,2,65536,48766,74.4,676.14992120961,671.3374755314072,46.9952189431613,0.07000237683135674,2.6722948144753476,2.6958795231401695,0.18078601453663798,0.0670601237870073
3_KPCWTform10min_740nm_3083mW_u1_poc0p6_20x0p75NA_535s50_g70_z1_256pix_basicFLIM_120f_0007.sdt,20260520_KPC_fixed_dishes_SLIM,form,KPCWT,535,0.6,2026-05-21 11:23:20.954098,20260520_KPC_fixed_dishes_SLIM::fitet-sz-c2-b9::3_KPCWTform10min_740nm_3083mW_u1_poc0p6_20x0p75NA_535s50_g70_z1_256pix_basicFLIM_120f_0007,E:\18_RK_Circadian\data\raw\20260520_KPC_fixed_dishes_SLIM\fitet-sz-c2-b9\3_KPCWTform10min_740nm_3083mW_u1_poc0p6_20x0p75NA_535s50_g70_z1_256pix_basicFLIM_120f_0007_fit_mask.npy,2,65536,59592,90.9,674.1610764846325,670.7949068627555,51.05563014072676,0.07611213147027178,2.7074480825172085,2.7391721013362273,0.23111176301176772,0.08437285225671888
3_KPCWTform10min_740nm_3083mW_u1_poc0p6_20x0p75NA_535s50_g70_z1_256pix_basicFLIM_120f_0008.sdt,20260520_KPC_fixed_dishes_SLIM,form,KPCWT,535,0.6,2026-05-21 11:24:30.099569,20260520_KPC_fixed_dishes_SLIM::fitet-sz-c2-b9::3_KPCWTform10min_740nm_3083mW_u1_poc0p6_20x0p75NA_535s50_g70_z1_256pix_basicFLIM_120f_0008,E:\18_RK_Circadian\data\raw\20260520_KPC_fixed_dishes_SLIM\fitet-sz-c2-b9\3_KPCWTform10min_740nm_3083mW_u1_poc0p6_20x0p75NA_535s50_g70_z1_256pix_basicFLIM_120f_0008_fit_mask.npy,2,65536,7057,10.8,675.1907044120459,677.2723489402534,46.603339993986665,0.06881033910052313,2.692204310152699,2.7047583368993395,0.13516892184149054,0.04997449125027727
3_KPCWTform10min_740nm_3083mW_u1_poc0p6_20x0p75NA_535s50_g70_z1_256pix_basicFLIM_120f_0009.sdt,20260520_KPC_fixed_dishes_SLIM,form,KPCWT,535,0.6,2026-05-21 11:25:38.876121,20260520_KPC_fixed_dishes_SLIM::fitet-sz-c2-b9::3_KPCWTform10min_740nm_3083mW_u1_poc0p6_20x0p75NA_535s50_g70_z1_256pix_basicFLIM_120f_0009,E:\18_RK_Circadian\data\raw\20260520_KPC_fixed_dishes_SLIM\fitet-sz-c2-b9\3_KPCWTform10min_740nm_3083mW_u1_poc0p6_20x0p75NA_535s50_g70_z1_256pix_basicFLIM_120f_0009_fit_mask.npy,2,65536,37786,57.7,693.8899709227446,691.6579924528322,46.96387872529786,0.06790043524076038,2.6560567962444965,2.659026243003254,0.15759964779447624,0.059269684986814695
3_KPCWTform10min_740nm_3083mW_u1_poc0p6_20x0p75NA_535s50_g70_z1_256pix_basicFLIM_120f_0011.sdt,20260520_KPC_fixed_dishes_SLIM,form,KPCWT,535,0.6,2026-05-21 11:34:20.340757,20260520_KPC_fixed_dishes_SLIM::fitet-sz-c2-b9::3_KPCWTform10min_740nm_3083mW_u1_poc0p6_20x0p75NA_535s50_g70_z1_256pix_basicFLIM_120f_0011,E:\18_RK_Circadian\data\raw\20260520_KPC_fixed_dishes_SLIM\fitet-sz-c2-b9\3_KPCWTform10min_740nm_3083mW_u1_poc0p6_20x0p75NA_535s50_g70_z1_256pix_basicFLIM_120f_0011_fit_mask.npy,2,65536,15971,24.4,702.6406681391153,697.4901043710079,47.30200676512358,0.06781745929969892,2.6181986392459957,2.627628417775469,0.16169075223561943,0.0615348620610922
3_KPCWTform10min_740nm_3083mW_u1_poc0p6_20x0p75NA_535s50_g70_z1_256pix_basicFLIM_120f_0012.sdt,20260520_KPC_fixed_dishes_SLIM,form,KPCWT,535,0.6,2026-05-21 11:35:30.033245,20260520_KPC_fixed_dishes_SLIM::fitet-sz-c2-b9::3_KPCWTform10min_740nm_3083mW_u1_poc0p6_20x0p75NA_535s50_g70_z1_256pix_basicFLIM_120f_0012,E:\18_RK_Circadian\data\raw\20260520_KPC_fixed_dishes_SLIM\fitet-sz-c2-b9\3_KPCWTform10min_740nm_3083mW_u1_poc0p6_20x0p75NA_535s50_g70_z1_256pix_basicFLIM_120f_0012_fit_mask.npy,2,65536,30995,47.3,741.9388859349247,736.3697287139764,146.0958079321891,0.19840007300046986,2.4445919298536705,2.576012945016827,0.8998046135301885,0.34930127788015086
3_KPCWTform10min_740nm_3083mW_u1_poc0p6_20x0p75NA_535s50_g70_z1_256pix_basicFLIM_120f_0013.sdt,20260520_KPC_fixed_dishes_SLIM,form,KPCWT,535,0.6,2026-05-21 11:36:39.010262,20260520_KPC_fixed_dishes_SLIM::fitet-sz-c2-b9::3_KPCWTform10min_740nm_3083mW_u1_poc0p6_20x0p75NA_535s50_g70_z1_256pix_basicFLIM_120f_0013,E:\18_RK_Circadian\data\raw\20260520_KPC_fixed_dishes_SLIM\fitet-sz-c2-b9\3_KPCWTform10min_740nm_3083mW_u1_poc0p6_20x0p75NA_535s50_g70_z1_256pix_basicFLIM_120f_0013_fit_mask.npy,2,65536,22999,35.1,666.1424679730876,674.428890341316,109.10552565702606,0.16177469147534557,2.6627102287874975,2.6665756604262754,0.6612013221848256,0.2479589579990117
3_KPCWTform10min_740nm_3083mW_u1_poc0p6_20x0p75NA_535s50_g70_z1_256pix_basicFLIM_120f_0014.sdt,20260520_KPC_fixed_dishes_SLIM,form,KPCWT,535,0.6,2026-05-21 11:38:23.619261,20260520_KPC_fixed_dishes_SLIM::fitet-sz-c2-b9::3_KPCWTform10min_740nm_3083mW_u1_poc0p6_20x0p75NA_535s50_g70_z1_256pix_basicFLIM_120f_0014,E:\18_RK_Circadian\data\raw\20260520_KPC_fixed_dishes_SLIM\fitet-sz-c2-b9\3_KPCWTform10min_740nm_3083mW_u1_poc0p6_20x0p75NA_535s50_g70_z1_256pix_basicFLIM_120f_0014_fit_mask.npy,2,65536,52833,80.6,653.8699047060925,637.7099194351626,85.99303460483453,0.13484663164876115,2.760674704315702,2.8949941692801966,0.743688148901773,0.2568876154547426
3_KPCWTform10min_740nm_3083mW_u1_poc0p6_20x0p75NA_535s50_g70_z1_256pix_basicFLIM_120f_0015.sdt,20260520_KPC_fixed_dishes_SLIM,form,KPCWT,535,0.6,2026-05-21 11:39:32.235683,20260520_KPC_fixed_dishes_SLIM::fitet-sz-c2-b9::3_KPCWTform10min_740nm_3083mW_u1_poc0p6_20x0p75NA_535s50_g70_z1_256pix_basicFLIM_120f_0015,E:\18_RK_Circadian\data\raw\20260520_KPC_fixed_dishes_SLIM\fitet-sz-c2-b9\3_KPCWTform10min_740nm_3083mW_u1_poc0p6_20x0p75NA_535s50_g70_z1_256pix_basicFLIM_120f_0015_fit_mask.npy,2,65536,23391,35.7,661.5789535537824,649.7646462070297,75.65206257953307,0.11642994585985617,2.726491258639717,2.8111715006544595,0.6835222218317953,0.24314497414073344
3_KPCWTform10min_740nm_3083mW_u1_poc0p6_20x0p75NA_535s50_g70_z1_256pix_basicFLIM_120f_0016.sdt,20260520_KPC_fixed_dishes_SLIM,form,KPCWT,535,0.6,2026-05-21 11:40:41.869267,20260520_KPC_fixed_dishes_SLIM::fitet-sz-c2-b9::3_KPCWTform10min_740nm_3083mW_u1_poc0p6_20x0p75NA_535s50_g70_z1_256pix_basicFLIM_120f_0016,E:\18_RK_Circadian\data\raw\20260520_KPC_fixed_dishes_SLIM\fitet-sz-c2-b9\3_KPCWTform10min_740nm_3083mW_u1_poc0p6_20x0p75NA_535s50_g70_z1_256pix_basicFLIM_120f_0016_fit_mask.npy,2,65536,64510,98.4,691.0809239303007,689.9502755923404,61.558776244408065,0.08922204747517239,2.6006851374268543,2.593806681279394,0.245488694492446,0.09464417539836038
3_KPCWTform10min_740nm_3083mW_u1_poc0p6_20x0p75NA_457s50_g70_z1_256pix_basicFLIM_120f_0001.sdt,20260520_KPC_fixed_dishes_SLIM,form,KPCWT,457,0.6,2026-05-21 11:47:46.415412,20260520_KPC_fixed_dishes_SLIM::fitet-sz-c2-b9::3_KPCWTform10min_740nm_3083mW_u1_poc0p6_20x0p75NA_457s50_g70_z1_256pix_basicFLIM_120f_0001,E:\18_RK_Circadian\data\raw\20260520_KPC_fixed_dishes_SLIM\fitet-sz-c2-b9\3_KPCWTform10min_740nm_3083mW_u1_poc0p6_20x0p75NA_457s50_g70_z1_256pix_basicFLIM_120f_0001_fit_mask.npy,2,65536,23638,36.1,673.2247739391354,671.5485411735665,34.67761652667002,0.051638287332244154,2.8923635777277585,2.9107427011853124,0.15588069993419543,0.05355358268895347
3_KPCWTform10min_740nm_3083mW_u1_poc0p6_20x0p75NA_457s50_g70_z1_256pix_basicFLIM_120f_0002.sdt,20260520_KPC_fixed_dishes_SLIM,form,KPCWT,457,0.6,2026-05-21 11:48:55.039181,20260520_KPC_fixed_dishes_SLIM::fitet-sz-c2-b9::3_KPCWTform10min_740nm_3083mW_u1_poc0p6_20x0p75NA_457s50_g70_z1_256pix_basicFLIM_120f_0002,E:\18_RK_Circadian\data\raw\20260520_KPC_fixed_dishes_SLIM\fitet-sz-c2-b9\3_KPCWTform10min_740nm_3083mW_u1_poc0p6_20x0p75NA_457s50_g70_z1_256pix_basicFLIM_120f_0002_fit_mask.npy,2,65536,6668,10.2,647.7974282349473,648.1236060341931,26.644852675028034,0.041110757927897985,2.9836352253713234,2.9796966225995,0.11932284849075778,0.040045301117487594
3_KPCWTform10min_740nm_3083mW_u1_poc0p6_20x0p75NA_457s50_g70_z1_256pix_basicFLIM_120f_0003.sdt,20260520_KPC_fixed_dishes_SLIM,form,KPCWT,457,0.6,2026-05-21 11:50:03.593464,20260520_KPC_fixed_dishes_SLIM::fitet-sz-c2-b9::3_KPCWTform10min_740nm_3083mW_u1_poc0p6_20x0p75NA_457s50_g70_z1_256pix_basicFLIM_120f_0003,E:\18_RK_Circadian\data\raw\20260520_KPC_fixed_dishes_SLIM\fitet-sz-c2-b9\3_KPCWTform10min_740nm_3083mW_u1_poc0p6_20x0p75NA_457s50_g70_z1_256pix_basicFLIM_120f_0003_fit_mask.npy,2,65536,6746,10.3,634.916220975578,625.6460185079119,56.367834982772344,0.09009541068798398,2.986823434579258,3.06180531780334,0.43791759121363105,0.14302594246188402
3_KPCWTform10min_740nm_3083mW_u1_poc0p6_20x0p75NA_457s50_g70_z1_256pix_basicFLIM_120f_0004.sdt,20260520_KPC_fixed_dishes_SLIM,form,KPCWT,457,0.6,2026-05-21 11:51:11.932404,20260520_KPC_fixed_dishes_SLIM::fitet-sz-c2-b9::3_KPCWTform10min_740nm_3083mW_u1_poc0p6_20x0p75NA_457s50_g70_z1_256pix_basicFLIM_120f_0004,E:\18_RK_Circadian\data\raw\20260520_KPC_fixed_dishes_SLIM\fitet-sz-c2-b9\3_KPCWTform10min_740nm_3083mW_u1_poc0p6_20x0p75NA_457s50_g70_z1_256pix_basicFLIM_120f_0004_fit_mask.npy,2,65536,21718,33.1,639.1708781546295,637.2076646629887,44.42968913619956,0.06972560375540661,2.950902637823547,2.966316569366775,0.1622667303286296,0.05470310620395751
3_KPCWTform10min_740nm_3083mW_u1_poc0p6_20x0p75NA_457s50_g70_z1_256pix_basicFLIM_120f_0005.sdt,20260520_KPC_fixed_dishes_SLIM,form,KPCWT,457,0.6,2026-05-21 11:52:20.903680,20260520_KPC_fixed_dishes_SLIM::fitet-sz-c2-b9::3_KPCWTform10min_740nm_3083mW_u1_poc0p6_20x0p75NA_457s50_g70_z1_256pix_basicFLIM_120f_0005,E:\18_RK_Circadian\data\raw\20260520_KPC_fixed_dishes_SLIM\fitet-sz-c2-b9\3_KPCWTform10min_740nm_3083mW_u1_poc0p6_20x0p75NA_457s50_g70_z1_256pix_basicFLIM_120f_0005_fit_mask.npy,2,65536,4218,6.4,688.1759510251667,688.6766277779544,29.92575319747957,0.043453998568292254,2.8589723686929136,2.8590960644691346,0.11903048050019041,0.04163220745865057
3_KPCWTform10min_740nm_3083mW_u1_poc0p6_20x0p75NA_457s50_g70_z1_256pix_basicFLIM_120f_0006.sdt,20260520_KPC_fixed_dishes_SLIM,form,KPCWT,457,0.6,2026-05-21 11:53:30.579578,20260520_KPC_fixed_dishes_SLIM::fitet-sz-c2-b9::3_KPCWTform10min_740nm_3083mW_u1_poc0p6_20x0p75NA_457s50_g70_z1_256pix_basicFLIM_120f_0006,E:\18_RK_Circadian\data\raw\20260520_KPC_fixed_dishes_SLIM\fitet-sz-c2-b9\3_KPCWTform10min_740nm_3083mW_u1_poc0p6_20x0p75NA_457s50_g70_z1_256pix_basicFLIM_120f_0006_fit_mask.npy,2,65536,27121,41.4,676.811855471547,673.9631389155297,43.58666025545382,0.06467217231730042,2.858258654323526,2.884463063434283,0.21621092739241166,0.07495707958034582
3_KPCWTform10min_740nm_3083mW_u1_poc0p6_20x0p75NA_457s50_g70_z1_256pix_basicFLIM_120f_0007.sdt,20260520_KPC_fixed_dishes_SLIM,form,KPCWT,457,0.6,2026-05-21 11:54:39.160231,20260520_KPC_fixed_dishes_SLIM::fitet-sz-c2-b9::3_KPCWTform10min_740nm_3083mW_u1_poc0p6_20x0p75NA_457s50_g70_z1_256pix_basicFLIM_120f_0007,E:\18_RK_Circadian\data\raw\20260520_KPC_fixed_dishes_SLIM\fitet-sz-c2-b9\3_KPCWTform10min_740nm_3083mW_u1_poc0p6_20x0p75NA_457s50_g70_z1_256pix_basicFLIM_120f_0007_fit_mask.npy,2,65536,48140,73.5,590.2622174994382,586.8695996037128,52.14476060206517,0.08885237987668168,3.146329896420423,3.198100273499378,0.5033216092331012,0.1573814346610102
3_KPCWTform10min_740nm_3083mW_u1_poc0p6_20x0p75NA_457s50_g70_z1_256pix_basicFLIM_120f_0008.sdt,20260520_KPC_fixed_dishes_SLIM,form,KPCWT,457,0.6,2026-05-21 11:55:48.849009,20260520_KPC_fixed_dishes_SLIM::fitet-sz-c2-b9::3_KPCWTform10min_740nm_3083mW_u1_poc0p6_20x0p75NA_457s50_g70_z1_256pix_basicFLIM_120f_0008,E:\18_RK_Circadian\data\raw\20260520_KPC_fixed_dishes_SLIM\fitet-sz-c2-b9\3_KPCWTform10min_740nm_3083mW_u1_poc0p6_20x0p75NA_457s50_g70_z1_256pix_basicFLIM_120f_0008_fit_mask.npy,2,65536,44499,67.9,672.6717719739664,668.2952280259223,59.22384691295172,0.08861928744859227,2.8773440637441725,2.92280517409288,0.38302864861016556,0.13104829976532462
3_KPCWTform10min_740nm_3083mW_u1_poc0p6_20x0p75NA_457s50_g70_z1_256pix_basicFLIM_120f_0009.sdt,20260520_KPC_fixed_dishes_SLIM,form,KPCWT,457,0.6,2026-05-21 11:56:57.966288,20260520_KPC_fixed_dishes_SLIM::fitet-sz-c2-b9::3_KPCWTform10min_740nm_3083mW_u1_poc0p6_20x0p75NA_457s50_g70_z1_256pix_basicFLIM_120f_0009,E:\18_RK_Circadian\data\raw\20260520_KPC_fixed_dishes_SLIM\fitet-sz-c2-b9\3_KPCWTform10min_740nm_3083mW_u1_poc0p6_20x0p75NA_457s50_g70_z1_256pix_basicFLIM_120f_0009_fit_mask.npy,2,65536,2945,4.5,709.856739930832,707.0564089389587,38.35019526064619,0.054239230103573,2.7964082392747565,2.800393485986844,0.09892720023883964,0.03532617852950697
3_KPCWTform10min_740nm_3083mW_u1_poc0p6_20x0p75NA_457s50_g70_z1_256pix_basicFLIM_120f_0010.sdt,20260520_KPC_fixed_dishes_SLIM,form,KPCWT,457,0.6,2026-05-21 11:58:06.896379,20260520_KPC_fixed_dishes_SLIM::fitet-sz-c2-b9::3_KPCWTform10min_740nm_3083mW_u1_poc0p6_20x0p75NA_457s50_g70_z1_256pix_basicFLIM_120f_0010,E:\18_RK_Circadian\data\raw\20260520_KPC_fixed_dishes_SLIM\fitet-sz-c2-b9\3_KPCWTform10min_740nm_3083mW_u1_poc0p6_20x0p75NA_457s50_g70_z1_256pix_basicFLIM_120f_0010_fit_mask.npy,2,65536,18532,28.3,716.3250074755929,713.2339834505364,52.49715408383653,0.07360439253029125,2.7160526888885697,2.741351418266617,0.2333626953260056,0.08512688076801297
3_KPCWTform10min_740nm_3083mW_u1_poc0p6_20x0p75NA_457s50_g70_z1_256pix_basicFLIM_120f_0011.sdt,20260520_KPC_fixed_dishes_SLIM,form,KPCWT,457,0.6,2026-05-21 11:59:15.138355,20260520_KPC_fixed_dishes_SLIM::fitet-sz-c2-b9::3_KPCWTform10min_740nm_3083mW_u1_poc0p6_20x0p75NA_457s50_g70_z1_256pix_basicFLIM_120f_0011,E:\18_RK_Circadian\data\raw\20260520_KPC_fixed_dishes_SLIM\fitet-sz-c2-b9\3_KPCWTform10min_740nm_3083mW_u1_poc0p6_20x0p75NA_457s50_g70_z1_256pix_basicFLIM_120f_0011_fit_mask.npy,2,65536,8459,12.9,696.9504735635618,694.233902233473,58.282103871956544,0.08395168211240149,2.7748374129214013,2.8205111013279653,0.34441336473545764,0.12211026738143291
3_KPCWTform10min_740nm_3083mW_u1_poc0p6_20x0p75NA_457s50_g70_z1_256pix_basicFLIM_120f_0012.sdt,20260520_KPC_fixed_dishes_SLIM,form,KPCWT,457,0.6,2026-05-21 12:00:24.802337,20260520_KPC_fixed_dishes_SLIM::fitet-sz-c2-b9::3_KPCWTform10min_740nm_3083mW_u1_poc0p6_20x0p75NA_457s50_g70_z1_256pix_basicFLIM_120f_0012,E:\18_RK_Circadian\data\raw\20260520_KPC_fixed_dishes_SLIM\fitet-sz-c2-b9\3_KPCWTform10min_740nm_3083mW_u1_poc0p6_20x0p75NA_457s50_g70_z1_256pix_basicFLIM_120f_0012_fit_mask.npy,2,65536,28922,44.1,646.9082581836083,625.1084192837425,116.50683549592883,0.18637860553761842,2.8073146629709127,3.0863349112779557,1.1115460795521555,0.3601508298695616
3_KPCWTform10min_740nm_3083mW_u1_poc0p6_20x0p75NA_457s50_g70_z1_256pix_basicFLIM_120f_0013.sdt,20260520_KPC_fixed_dishes_SLIM,form,KPCWT,457,0.6,2026-05-21 12:01:33.839969,20260520_KPC_fixed_dishes_SLIM::fitet-sz-c2-b9::3_KPCWTform10min_740nm_3083mW_u1_poc0p6_20x0p75NA_457s50_g70_z1_256pix_basicFLIM_120f_0013,E:\18_RK_Circadian\data\raw\20260520_KPC_fixed_dishes_SLIM\fitet-sz-c2-b9\3_KPCWTform10min_740nm_3083mW_u1_poc0p6_20x0p75NA_457s50_g70_z1_256pix_basicFLIM_120f_0013_fit_mask.npy,2,65536,21443,32.7,572.8157235588568,571.6093911359052,90.39160448763032,0.15813526840068817,3.03792718908998,3.169136349344919,0.6978437367662688,0.2201999724342935
3_KPCWTform10min_740nm_3083mW_u1_poc0p6_20x0p75NA_457s50_g70_z1_256pix_basicFLIM_120f_0014.sdt,20260520_KPC_fixed_dishes_SLIM,form,KPCWT,457,0.6,2026-05-21 12:02:42.394634,20260520_KPC_fixed_dishes_SLIM::fitet-sz-c2-b9::3_KPCWTform10min_740nm_3083mW_u1_poc0p6_20x0p75NA_457s50_g70_z1_256pix_basicFLIM_120f_0014,E:\18_RK_Circadian\data\raw\20260520_KPC_fixed_dishes_SLIM\fitet-sz-c2-b9\3_KPCWTform10min_740nm_3083mW_u1_poc0p6_20x0p75NA_457s50_g70_z1_256pix_basicFLIM_120f_0014_fit_mask.npy,2,65536,35761,54.6,614.7055099000162,595.6611513159202,88.00127467858826,0.1477371396207021,3.090074466999898,3.2104539511472523,0.785853228176823,0.2447794735993641
3_KPCWTform10min_740nm_3083mW_u1_poc0p6_20x0p75NA_457s50_g70_z1_256pix_basicFLIM_120f_0015.sdt,20260520_KPC_fixed_dishes_SLIM,form,KPCWT,457,0.6,2026-05-21 12:03:51.172633,20260520_KPC_fixed_dishes_SLIM::fitet-sz-c2-b9::3_KPCWTform10min_740nm_3083mW_u1_poc0p6_20x0p75NA_457s50_g70_z1_256pix_basicFLIM_120f_0015,E:\18_RK_Circadian\data\raw\20260520_KPC_fixed_dishes_SLIM\fitet-sz-c2-b9\3_KPCWTform10min_740nm_3083mW_u1_poc0p6_20x0p75NA_457s50_g70_z1_256pix_basicFLIM_120f_0015_fit_mask.npy,2,65536,14328,21.9,586.5420111780782,570.6247951504268,90.32261576889671,0.1582872257506547,3.0520948333513482,3.2401360636113767,0.9458940165141256,0.2919303380919921
3_KPCWTform10min_740nm_3083mW_u1_poc0p6_20x0p75NA_457s50_g70_z1_256pix_basicFLIM_120f_0016.sdt,20260520_KPC_fixed_dishes_SLIM,form,KPCWT,457,0.6,2026-05-21 12:05:00.719479,20260520_KPC_fixed_dishes_SLIM::fitet-sz-c2-b9::3_KPCWTform10min_740nm_3083mW_u1_poc0p6_20x0p75NA_457s50_g70_z1_256pix_basicFLIM_120f_0016,E:\18_RK_Circadian\data\raw\20260520_KPC_fixed_dishes_SLIM\fitet-sz-c2-b9\3_KPCWTform10min_740nm_3083mW_u1_poc0p6_20x0p75NA_457s50_g70_z1_256pix_basicFLIM_120f_0016_fit_mask.npy,2,65536,45757,69.8,714.8375598888347,717.4953809992516,46.946027253958384,0.06543042435837974,2.682910517633421,2.466073528453715,0.5490192360867561,0.2226288996463961
4_BKOCO2form10min_740nm_3099mW_u1_poc0p25_20x0p75NA_457s50_g70_z1_256pix_basicFLIM_120f_0000.sdt,20260520_KPC_fixed_dishes_SLIM,form,BKO,457,0.25,2026-05-21 12:55:30.949788,20260520_KPC_fixed_dishes_SLIM::fitet-sz-c2-b9::4_BKOCO2form10min_740nm_3099mW_u1_poc0p25_20x0p75NA_457s50_g70_z1_256pix_basicFLIM_120f_0000,E:\18_RK_Circadian\data\raw\20260520_KPC_fixed_dishes_SLIM\fitet-sz-c2-b9\4_BKOCO2form10min_740nm_3099mW_u1_poc0p25_20x0p75NA_457s50_g70_z1_256pix_basicFLIM_120f_0000_fit_mask.npy,2,65536,65495,99.9,602.9729511932985,603.2966446313219,48.55076854558659,0.08047578082463272,3.0597049765442046,3.0602029422126305,0.23901935494053536,0.07810572025910029
4_BKOCO2form10min_740nm_3099mW_u1_poc0p25_20x0p75NA_457s50_g70_z1_256pix_basicFLIM_120f_0001.sdt,20260520_KPC_fixed_dishes_SLIM,form,BKO,457,0.25,2026-05-21 12:56:39.081938,20260520_KPC_fixed_dishes_SLIM::fitet-sz-c2-b9::4_BKOCO2form10min_740nm_3099mW_u1_poc0p25_20x0p75NA_457s50_g70_z1_256pix_basicFLIM_120f_0001,E:\18_RK_Circadian\data\raw\20260520_KPC_fixed_dishes_SLIM\fitet-sz-c2-b9\4_BKOCO2form10min_740nm_3099mW_u1_poc0p25_20x0p75NA_457s50_g70_z1_256pix_basicFLIM_120f_0001_fit_mask.npy,2,65536,65427,99.8,596.2856276139613,596.2792649127366,46.097589533974784,0.07730872469751401,3.1491391864485525,3.160312726217421,0.24754451821967463,0.07832912109174738
4_BKOCO2form10min_740nm_3099mW_u1_poc0p25_20x0p75NA_457s50_g70_z1_256pix_basicFLIM_120f_0002.sdt,20260520_KPC_fixed_dishes_SLIM,form,BKO,457,0.25,2026-05-21 12:57:47.552793,20260520_KPC_fixed_dishes_SLIM::fitet-sz-c2-b9::4_BKOCO2form10min_740nm_3099mW_u1_poc0p25_20x0p75NA_457s50_g70_z1_256pix_basicFLIM_120f_0002,E:\18_RK_Circadian\data\raw\20260520_KPC_fixed_dishes_SLIM\fitet-sz-c2-b9\4_BKOCO2form10min_740nm_3099mW_u1_poc0p25_20x0p75NA_457s50_g70_z1_256pix_basicFLIM_120f_0002_fit_mask.npy,2,65536,65447,99.9,570.0134497670608,569.8267053623858,54.395776502769294,0.09546020920198162,3.183803346015344,3.1853132880608315,0.29852557791647355,0.09371937731695183
4_BKOCO2form10min_740nm_3099mW_u1_poc0p25_20x0p75NA_457s50_g70_z1_256pix_basicFLIM_120f_0003.sdt,20260520_KPC_fixed_dishes_SLIM,form,BKO,457,0.25,2026-05-21 12:58:56.044629,20260520_KPC_fixed_dishes_SLIM::fitet-sz-c2-b9::4_BKOCO2form10min_740nm_3099mW_u1_poc0p25_20x0p75NA_457s50_g70_z1_256pix_basicFLIM_120f_0003,E:\18_RK_Circadian\data\raw\20260520_KPC_fixed_dishes_SLIM\fitet-sz-c2-b9\4_BKOCO2form10min_740nm_3099mW_u1_poc0p25_20x0p75NA_457s50_g70_z1_256pix_basicFLIM_120f_0003_fit_mask.npy,2,65536,65422,99.8,593.102103740285,593.0436195336798,46.84259624845033,0.0789867637144186,3.1353747498341855,3.1373802384004534,0.2567613035155898,0.08183939593069399
4_BKOCO2form10min_740nm_3099mW_u1_poc0p25_20x0p75NA_457s50_g70_z1_256pix_basicFLIM_120f_0004.sdt,20260520_KPC_fixed_dishes_SLIM,form,BKO,457,0.25,2026-05-21 13:00:04.453988,20260520_KPC_fixed_dishes_SLIM::fitet-sz-c2-b9::4_BKOCO2form10min_740nm_3099mW_u1_poc0p25_20x0p75NA_457s50_g70_z1_256pix_basicFLIM_120f_0004,E:\18_RK_Circadian\data\raw\20260520_KPC_fixed_dishes_SLIM\fitet-sz-c2-b9\4_BKOCO2form10min_740nm_3099mW_u1_poc0p25_20x0p75NA_457s50_g70_z1_256pix_basicFLIM_120f_0004_fit_mask.npy,2,65536,60119,91.7,606.644626322095,605.3385733964802,61.28055522293001,0.10123352106754466,3.080407941441212,3.097229089521381,0.31964708964737115,0.10320421267151622
4_BKOCO2form10min_740nm_3099mW_u1_poc0p25_20x0p75NA_457s50_g70_z1_256pix_basicFLIM_120f_0005.sdt,20260520_KPC_fixed_dishes_SLIM,form,BKO,457,0.25,2026-05-21 13:01:12.905654,20260520_KPC_fixed_dishes_SLIM::fitet-sz-c2-b9::4_BKOCO2form10min_740nm_3099mW_u1_poc0p25_20x0p75NA_457s50_g70_z1_256pix_basicFLIM_120f_0005,E:\18_RK_Circadian\data\raw\20260520_KPC_fixed_dishes_SLIM\fitet-sz-c2-b9\4_BKOCO2form10min_740nm_3099mW_u1_poc0p25_20x0p75NA_457s50_g70_z1_256pix_basicFLIM_120f_0005_fit_mask.npy,2,65536,65408,99.8,603.5373232332701,603.7324023332515,44.850138772197575,0.07428810943203434,3.1209389040192757,3.1306502529627025,0.2529293789471077,0.0807913240093642
4_BKOCO2form10min_740nm_3099mW_u1_poc0p25_20x0p75NA_457s50_g70_z1_256pix_basicFLIM_120f_0006.sdt,20260520_KPC_fixed_dishes_SLIM,form,BKO,457,0.25,2026-05-21 13:02:21.528862,20260520_KPC_fixed_dishes_SLIM::fitet-sz-c2-b9::4_BKOCO2form10min_740nm_3099mW_u1_poc0p25_20x0p75NA_457s50_g70_z1_256pix_basicFLIM_120f_0006,E:\18_RK_Circadian\data\raw\20260520_KPC_fixed_dishes_SLIM\fitet-sz-c2-b9\4_BKOCO2form10min_740nm_3099mW_u1_poc0p25_20x0p75NA_457s50_g70_z1_256pix_basicFLIM_120f_0006_fit_mask.npy,2,65536,65484,99.9,601.4926602388225,601.3966151944506,48.25410430915431,0.08023674076308564,3.1370613023945615,3.149329716058299,0.244036804483624,0.07748849008704635
4_BKOCO2form10min_740nm_3099mW_u1_poc0p25_20x0p75NA_457s50_g70_z1_256pix_basicFLIM_120f_0007.sdt,20260520_KPC_fixed_dishes_SLIM,form,BKO,457,0.25,2026-05-21 13:03:30.275650,20260520_KPC_fixed_dishes_SLIM::fitet-sz-c2-b9::4_BKOCO2form10min_740nm_3099mW_u1_poc0p25_20x0p75NA_457s50_g70_z1_256pix_basicFLIM_120f_0007,E:\18_RK_Circadian\data\raw\20260520_KPC_fixed_dishes_SLIM\fitet-sz-c2-b9\4_BKOCO2form10min_740nm_3099mW_u1_poc0p25_20x0p75NA_457s50_g70_z1_256pix_basicFLIM_120f_0007_fit_mask.npy,2,65536,65485,99.9,593.3723268478889,593.4849000457433,48.90600540628001,0.08240480154172505,3.153443827967629,3.168692518280139,0.28428251285671613,0.0897160299450624
4_BKOCO2form10min_740nm_3099mW_u1_poc0p25_20x0p75NA_457s50_g70_z1_256pix_basicFLIM_120f_0008.sdt,20260520_KPC_fixed_dishes_SLIM,form,BKO,457,0.25,2026-05-21 13:04:38.813772,20260520_KPC_fixed_dishes_SLIM::fitet-sz-c2-b9::4_BKOCO2form10min_740nm_3099mW_u1_poc0p25_20x0p75NA_457s50_g70_z1_256pix_basicFLIM_120f_0008,E:\18_RK_Circadian\data\raw\20260520_KPC_fixed_dishes_SLIM\fitet-sz-c2-b9\4_BKOCO2form10min_740nm_3099mW_u1_poc0p25_20x0p75NA_457s50_g70_z1_256pix_basicFLIM_120f_0008_fit_mask.npy,2,65536,65362,99.7,593.1195454771284,592.3093599374574,53.244660738891675,0.08989332997289429,3.150828089136933,3.1634592713985525,0.26844287918281123,0.08485738432286935
4_BKOCO2form10min_740nm_3099mW_u1_poc0p25_20x0p75NA_457s50_g70_z1_256pix_basicFLIM_120f_0009.sdt,20260520_KPC_fixed_dishes_SLIM,form,BKO,457,0.25,2026-05-21 13:05:47.144453,20260520_KPC_fixed_dishes_SLIM::fitet-sz-c2-b9::4_BKOCO2form10min_740nm_3099mW_u1_poc0p25_20x0p75NA_457s50_g70_z1_256pix_basicFLIM_120f_0009,E:\18_RK_Circadian\data\raw\20260520_KPC_fixed_dishes_SLIM\fitet-sz-c2-b9\4_BKOCO2form10min_740nm_3099mW_u1_poc0p25_20x0p75NA_457s50_g70_z1_256pix_basicFLIM_120f_0009_fit_mask.npy,2,65536,61794,94.3,590.5304024055775,582.169434908082,76.6620568716644,0.13168341083342597,3.1457862706181574,3.220770423292018,0.5373239390891501,0.16683087226687207
4_BKOCO2form10min_740nm_3099mW_u1_poc0p25_20x0p75NA_457s50_g70_z1_256pix_basicFLIM_120f_0010.sdt,20260520_KPC_fixed_dishes_SLIM,form,BKO,457,0.25,2026-05-21 13:06:55.417205,20260520_KPC_fixed_dishes_SLIM::fitet-sz-c2-b9::4_BKOCO2form10min_740nm_3099mW_u1_poc0p25_20x0p75NA_457s50_g70_z1_256pix_basicFLIM_120f_0010,E:\18_RK_Circadian\data\raw\20260520_KPC_fixed_dishes_SLIM\fitet-sz-c2-b9\4_BKOCO2form10min_740nm_3099mW_u1_poc0p25_20x0p75NA_457s50_g70_z1_256pix_basicFLIM_120f_0010_fit_mask.npy,2,65536,53872,82.2,595.19006314101,586.8065925550377,83.40975245670758,0.14214181216596408,3.122009931291152,3.2289460213615095,0.969485676374678,0.3002483379904527
4_BKOCO2form10min_740nm_3099mW_u1_poc0p25_20x0p75NA_457s50_g70_z1_256pix_basicFLIM_120f_0011.sdt,20260520_KPC_fixed_dishes_SLIM,form,BKO,457,0.25,2026-05-21 13:08:04.006537,20260520_KPC_fixed_dishes_SLIM::fitet-sz-c2-b9::4_BKOCO2form10min_740nm_3099mW_u1_poc0p25_20x0p75NA_457s50_g70_z1_256pix_basicFLIM_120f_0011,E:\18_RK_Circadian\data\raw\20260520_KPC_fixed_dishes_SLIM\fitet-sz-c2-b9\4_BKOCO2form10min_740nm_3099mW_u1_poc0p25_20x0p75NA_457s50_g70_z1_256pix_basicFLIM_120f_0011_fit_mask.npy,2,65536,49576,75.6,599.2916850580768,596.9484724811138,66.19952221285236,0.11089654344487292,3.1118008438967406,3.1446654323408456,0.37934001630057107,0.12062969001385804
4_BKOCO2form10min_740nm_3099mW_u1_poc0p25_20x0p75NA_457s50_g70_z1_256pix_basicFLIM_120f_0012.sdt,20260520_KPC_fixed_dishes_SLIM,form,BKO,457,0.25,2026-05-21 13:09:13.831201,20260520_KPC_fixed_dishes_SLIM::fitet-sz-c2-b9::4_BKOCO2form10min_740nm_3099mW_u1_poc0p25_20x0p75NA_457s50_g70_z1_256pix_basicFLIM_120f_0012,E:\18_RK_Circadian\data\raw\20260520_KPC_fixed_dishes_SLIM\fitet-sz-c2-b9\4_BKOCO2form10min_740nm_3099mW_u1_poc0p25_20x0p75NA_457s50_g70_z1_256pix_basicFLIM_120f_0012_fit_mask.npy,2,65536,65404,99.8,602.3518425982572,603.2756856635219,43.834823582719125,0.07266134641993192,3.136714968810537,3.128714705803986,0.25465832275605516,0.08139390986453512
4_BKOCO2form10min_740nm_3099mW_u1_poc0p25_20x0p75NA_457s50_g70_z1_256pix_basicFLIM_120f_0013.sdt,20260520_KPC_fixed_dishes_SLIM,form,BKO,457,0.25,2026-05-21 13:10:22.409244,20260520_KPC_fixed_dishes_SLIM::fitet-sz-c2-b9::4_BKOCO2form10min_740nm_3099mW_u1_poc0p25_20x0p75NA_457s50_g70_z1_256pix_basicFLIM_120f_0013,E:\18_RK_Circadian\data\raw\20260520_KPC_fixed_dishes_SLIM\fitet-sz-c2-b9\4_BKOCO2form10min_740nm_3099mW_u1_poc0p25_20x0p75NA_457s50_g70_z1_256pix_basicFLIM_120f_0013_fit_mask.npy,2,65536,64021,97.7,590.9528133714299,587.9443165832054,63.12408883203137,0.107364059914504,3.0709315905871826,3.0979209366821054,0.3366932655173629,0.10868362117658292
4_BKOCO2form10min_740nm_3099mW_u1_poc0p25_20x0p75NA_457s50_g70_z1_256pix_basicFLIM_120f_0014.sdt,20260520_KPC_fixed_dishes_SLIM,form,BKO,457,0.25,2026-05-21 13:11:31.629870,20260520_KPC_fixed_dishes_SLIM::fitet-sz-c2-b9::4_BKOCO2form10min_740nm_3099mW_u1_poc0p25_20x0p75NA_457s50_g70_z1_256pix_basicFLIM_120f_0014,E:\18_RK_Circadian\data\raw\20260520_KPC_fixed_dishes_SLIM\fitet-sz-c2-b9\4_BKOCO2form10min_740nm_3099mW_u1_poc0p25_20x0p75NA_457s50_g70_z1_256pix_basicFLIM_120f_0014_fit_mask.npy,2,65536,65489,99.9,597.9118576937315,596.1261595413395,49.07555051061059,0.08232410157670217,3.1023283752860413,3.1202218617146427,0.29904972615563236,0.09584245589231812
4_BKOCO2form10min_740nm_3099mW_u1_poc0p25_20x0p75NA_457s50_g70_z1_256pix_basicFLIM_120f_0015.sdt,20260520_KPC_fixed_dishes_SLIM,form,BKO,457,0.25,2026-05-21 13:12:40.970220,20260520_KPC_fixed_dishes_SLIM::fitet-sz-c2-b9::4_BKOCO2form10min_740nm_3099mW_u1_poc0p25_20x0p75NA_457s50_g70_z1_256pix_basicFLIM_120f_0015,E:\18_RK_Circadian\data\raw\20260520_KPC_fixed_dishes_SLIM\fitet-sz-c2-b9\4_BKOCO2form10min_740nm_3099mW_u1_poc0p25_20x0p75NA_457s50_g70_z1_256pix_basicFLIM_120f_0015_fit_mask.npy,2,65536,65099,99.3,574.7920557287812,574.701530222618,59.70703470969012,0.10389224940215809,3.045967415720667,3.053265050525353,0.31793755243125504,0.10413034806020194
4_BKOCO2form10min_740nm_3099mW_u1_poc0p25_20x0p75NA_457s50_g70_z1_256pix_basicFLIM_120f_0016.sdt,20260520_KPC_fixed_dishes_SLIM,form,BKO,457,0.25,2026-05-21 13:13:48.926741,20260520_KPC_fixed_dishes_SLIM::fitet-sz-c2-b9::4_BKOCO2form10min_740nm_3099mW_u1_poc0p25_20x0p75NA_457s50_g70_z1_256pix_basicFLIM_120f_0016,E:\18_RK_Circadian\data\raw\20260520_KPC_fixed_dishes_SLIM\fitet-sz-c2-b9\4_BKOCO2form10min_740nm_3099mW_u1_poc0p25_20x0p75NA_457s50_g70_z1_256pix_basicFLIM_120f_0016_fit_mask.npy,2,65536,43547,66.4,592.1235790350114,586.6229698552343,78.60375187970767,0.13399364825265087,3.0177875579332465,3.081921235590422,0.4718966902552811,0.15311769970165282
4_BKOCO2form10min_740nm_3099mW_u1_poc0p25_20x0p75NA_535s50_g70_z1_256pix_basicFLIM_120f_0000.sdt,20260520_KPC_fixed_dishes_SLIM,form,BKO,535,0.25,2026-05-21 13:15:53.950812,20260520_KPC_fixed_dishes_SLIM::fitet-sz-c2-b9::4_BKOCO2form10min_740nm_3099mW_u1_poc0p25_20x0p75NA_535s50_g70_z1_256pix_basicFLIM_120f_0000,E:\18_RK_Circadian\data\raw\20260520_KPC_fixed_dishes_SLIM\fitet-sz-c2-b9\4_BKOCO2form10min_740nm_3099mW_u1_poc0p25_20x0p75NA_535s50_g70_z1_256pix_basicFLIM_120f_0000_fit_mask.npy,2,65536,65056,99.3,620.0150974451433,614.8311858929933,67.59093839217182,0.1099341411805606,2.798128368192761,2.838053774570062,0.3336339424701112,0.11755730122508111
4_BKOCO2form10min_740nm_3099mW_u1_poc0p25_20x0p75NA_535s50_g70_z1_256pix_basicFLIM_120f_0001.sdt,20260520_KPC_fixed_dishes_SLIM,form,BKO,535,0.25,2026-05-21 13:17:02.043380,20260520_KPC_fixed_dishes_SLIM::fitet-sz-c2-b9::4_BKOCO2form10min_740nm_3099mW_u1_poc0p25_20x0p75NA_535s50_g70_z1_256pix_basicFLIM_120f_0001,E:\18_RK_Circadian\data\raw\20260520_KPC_fixed_dishes_SLIM\fitet-sz-c2-b9\4_BKOCO2form10min_740nm_3099mW_u1_poc0p25_20x0p75NA_535s50_g70_z1_256pix_basicFLIM_120f_0001_fit_mask.npy,2,65536,65469,99.9,605.7973466275744,603.8976680772237,57.68854670278883,0.09552702345492727,2.90668365985951,2.9174669796455643,0.2831316079522394,0.09704706511764405
4_BKOCO2form10min_740nm_3099mW_u1_poc0p25_20x0p75NA_535s50_g70_z1_256pix_basicFLIM_120f_0002.sdt,20260520_KPC_fixed_dishes_SLIM,form,BKO,535,0.25,2026-05-21 13:18:10.331510,20260520_KPC_fixed_dishes_SLIM::fitet-sz-c2-b9::4_BKOCO2form10min_740nm_3099mW_u1_poc0p25_20x0p75NA_535s50_g70_z1_256pix_basicFLIM_120f_0002,E:\18_RK_Circadian\data\raw\20260520_KPC_fixed_dishes_SLIM\fitet-sz-c2-b9\4_BKOCO2form10min_740nm_3099mW_u1_poc0p25_20x0p75NA_535s50_g70_z1_256pix_basicFLIM_120f_0002_fit_mask.npy,2,65536,65186,99.5,583.1974614482702,580.8544740747741,69.20306842615923,0.11914011428833488,2.9309328761044933,2.9649242777691374,0.35426009930737634,0.1194836920334195
4_BKOCO2form10min_740nm_3099mW_u1_poc0p25_20x0p75NA_535s50_g70_z1_256pix_basicFLIM_120f_0003.sdt,20260520_KPC_fixed_dishes_SLIM,form,BKO,535,0.25,2026-05-21 13:19:18.810071,20260520_KPC_fixed_dishes_SLIM::fitet-sz-c2-b9::4_BKOCO2form10min_740nm_3099mW_u1_poc0p25_20x0p75NA_535s50_g70_z1_256pix_basicFLIM_120f_0003,E:\18_RK_Circadian\data\raw\20260520_KPC_fixed_dishes_SLIM\fitet-sz-c2-b9\4_BKOCO2form10min_740nm_3099mW_u1_poc0p25_20x0p75NA_535s50_g70_z1_256pix_basicFLIM_120f_0003_fit_mask.npy,2,65536,65401,99.8,613.5995743015691,611.257195746916,64.75939700141595,0.10594459656590911,2.8646053442888713,2.8932686164991965,0.4333269713858239,0.14977073643101338
4_BKOCO2form10min_740nm_3099mW_u1_poc0p25_20x0p75NA_535s50_g70_z1_256pix_basicFLIM_120f_0004.sdt,20260520_KPC_fixed_dishes_SLIM,form,BKO,535,0.25,2026-05-21 13:20:27.070508,20260520_KPC_fixed_dishes_SLIM::fitet-sz-c2-b9::4_BKOCO2form10min_740nm_3099mW_u1_poc0p25_20x0p75NA_535s50_g70_z1_256pix_basicFLIM_120f_0004,E:\18_RK_Circadian\data\raw\20260520_KPC_fixed_dishes_SLIM\fitet-sz-c2-b9\4_BKOCO2form10min_740nm_3099mW_u1_poc0p25_20x0p75NA_535s50_g70_z1_256pix_basicFLIM_120f_0004_fit_mask.npy,2,65536,60232,91.9,637.660104915972,635.5849275168147,76.84119786229027,0.12089839537652881,2.8343938868376,2.874101867020857,0.36217463270874295,0.1260131510523509
4_BKOCO2form10min_740nm_3099mW_u1_poc0p25_20x0p75NA_535s50_g70_z1_256pix_basicFLIM_120f_0005.sdt,20260520_KPC_fixed_dishes_SLIM,form,BKO,535,0.25,2026-05-21 13:21:35.558295,20260520_KPC_fixed_dishes_SLIM::fitet-sz-c2-b9::4_BKOCO2form10min_740nm_3099mW_u1_poc0p25_20x0p75NA_535s50_g70_z1_256pix_basicFLIM_120f_0005,E:\18_RK_Circadian\data\raw\20260520_KPC_fixed_dishes_SLIM\fitet-sz-c2-b9\4_BKOCO2form10min_740nm_3099mW_u1_poc0p25_20x0p75NA_535s50_g70_z1_256pix_basicFLIM_120f_0005_fit_mask.npy,2,65536,65305,99.6,631.0887699696831,631.9769537941845,63.223907245969066,0.10004147598483339,2.8566395827756814,2.869883279416209,0.2611592315437916,0.0909999488191438
4_BKOCO2form10min_740nm_3099mW_u1_poc0p25_20x0p75NA_535s50_g70_z1_256pix_basicFLIM_120f_0006.sdt,20260520_KPC_fixed_dishes_SLIM,form,BKO,535,0.25,2026-05-21 13:22:44.047400,20260520_KPC_fixed_dishes_SLIM::fitet-sz-c2-b9::4_BKOCO2form10min_740nm_3099mW_u1_poc0p25_20x0p75NA_535s50_g70_z1_256pix_basicFLIM_120f_0006,E:\18_RK_Circadian\data\raw\20260520_KPC_fixed_dishes_SLIM\fitet-sz-c2-b9\4_BKOCO2form10min_740nm_3099mW_u1_poc0p25_20x0p75NA_535s50_g70_z1_256pix_basicFLIM_120f_0006_fit_mask.npy,2,65536,65410,99.8,630.3858411130576,629.1907813898961,65.01367628224271,0.103329035016416,2.850539630723314,2.877364018861864,0.3224218258254847,0.11205458319209052
4_BKOCO2form10min_740nm_3099mW_u1_poc0p25_20x0p75NA_535s50_g70_z1_256pix_basicFLIM_120f_0007.sdt,20260520_KPC_fixed_dishes_SLIM,form,BKO,535,0.25,2026-05-21 13:23:52.812964,20260520_KPC_fixed_dishes_SLIM::fitet-sz-c2-b9::4_BKOCO2form10min_740nm_3099mW_u1_poc0p25_20x0p75NA_535s50_g70_z1_256pix_basicFLIM_120f_0007,E:\18_RK_Circadian\data\raw\20260520_KPC_fixed_dishes_SLIM\fitet-sz-c2-b9\4_BKOCO2form10min_740nm_3099mW_u1_poc0p25_20x0p75NA_535s50_g70_z1_256pix_basicFLIM_120f_0007_fit_mask.npy,2,65536,65448,99.9,619.8801162300613,618.7394586715786,59.35211866319656,0.0959242502338939,2.887654503249024,2.9031822528742706,0.2591856333731965,0.08927639080067812
4_BKOCO2form10min_740nm_3099mW_u1_poc0p25_20x0p75NA_535s50_g70_z1_256pix_basicFLIM_120f_0008.sdt,20260520_KPC_fixed_dishes_SLIM,form,BKO,535,0.25,2026-05-21 13:25:01.301858,20260520_KPC_fixed_dishes_SLIM::fitet-sz-c2-b9::4_BKOCO2form10min_740nm_3099mW_u1_poc0p25_20x0p75NA_535s50_g70_z1_256pix_basicFLIM_120f_0008,E:\18_RK_Circadian\data\raw\20260520_KPC_fixed_dishes_SLIM\fitet-sz-c2-b9\4_BKOCO2form10min_740nm_3099mW_u1_poc0p25_20x0p75NA_535s50_g70_z1_256pix_basicFLIM_120f_0008_fit_mask.npy,2,65536,65270,99.6,605.0375342377629,600.4028472353091,69.55882556756598,0.11585359044825544,2.94943483488413,2.9872685807337427,0.3456789137583888,0.11571738677527348
4_BKOCO2form10min_740nm_3099mW_u1_poc0p25_20x0p75NA_535s50_g70_z1_256pix_basicFLIM_120f_0009.sdt,20260520_KPC_fixed_dishes_SLIM,form,BKO,535,0.25,2026-05-21 13:26:09.745081,20260520_KPC_fixed_dishes_SLIM::fitet-sz-c2-b9::4_BKOCO2form10min_740nm_3099mW_u1_poc0p25_20x0p75NA_535s50_g70_z1_256pix_basicFLIM_120f_0009,E:\18_RK_Circadian\data\raw\20260520_KPC_fixed_dishes_SLIM\fitet-sz-c2-b9\4_BKOCO2form10min_740nm_3099mW_u1_poc0p25_20x0p75NA_535s50_g70_z1_256pix_basicFLIM_120f_0009_fit_mask.npy,2,65536,60939,93.0,620.008461379611,616.2958422670401,89.90949310719277,0.14588690518576486,2.903871466311072,2.9517286231007165,0.41395271066185124,0.1402407753281209
4_BKOCO2form10min_740nm_3099mW_u1_poc0p25_20x0p75NA_535s50_g70_z1_256pix_basicFLIM_120f_0010.sdt,20260520_KPC_fixed_dishes_SLIM,form,BKO,535,0.25,2026-05-21 13:27:17.894184,20260520_KPC_fixed_dishes_SLIM::fitet-sz-c2-b9::4_BKOCO2form10min_740nm_3099mW_u1_poc0p25_20x0p75NA_535s50_g70_z1_256pix_basicFLIM_120f_0010,E:\18_RK_Circadian\data\raw\20260520_KPC_fixed_dishes_SLIM\fitet-sz-c2-b9\4_BKOCO2form10min_740nm_3099mW_u1_poc0p25_20x0p75NA_535s50_g70_z1_256pix_basicFLIM_120f_0010_fit_mask.npy,2,65536,52820,80.6,625.1946874511029,614.4584125785183,98.66986942948081,0.1605802238355266,2.8747121978763435,3.0638401068756638,1.0068996969377784,0.328639766376242
4_BKOCO2form10min_740nm_3099mW_u1_poc0p25_20x0p75NA_535s50_g70_z1_256pix_basicFLIM_120f_0011.sdt,20260520_KPC_fixed_dishes_SLIM,form,BKO,535,0.25,2026-05-21 13:28:26.263532,20260520_KPC_fixed_dishes_SLIM::fitet-sz-c2-b9::4_BKOCO2form10min_740nm_3099mW_u1_poc0p25_20x0p75NA_535s50_g70_z1_256pix_basicFLIM_120f_0011,E:\18_RK_Circadian\data\raw\20260520_KPC_fixed_dishes_SLIM\fitet-sz-c2-b9\4_BKOCO2form10min_740nm_3099mW_u1_poc0p25_20x0p75NA_535s50_g70_z1_256pix_basicFLIM_120f_0011_fit_mask.npy,2,65536,49447,75.5,625.341504879208,622.6799103199551,79.5308204189983,0.12772344040798192,2.868486720761979,2.914475966430263,0.5682960365322759,0.1949908124404065
4_BKOCO2form10min_740nm_3099mW_u1_poc0p25_20x0p75NA_535s50_g70_z1_256pix_basicFLIM_120f_0012.sdt,20260520_KPC_fixed_dishes_SLIM,form,BKO,535,0.25,2026-05-21 13:29:36.069793,20260520_KPC_fixed_dishes_SLIM::fitet-sz-c2-b9::4_BKOCO2form10min_740nm_3099mW_u1_poc0p25_20x0p75NA_535s50_g70_z1_256pix_basicFLIM_120f_0012,E:\18_RK_Circadian\data\raw\20260520_KPC_fixed_dishes_SLIM\fitet-sz-c2-b9\4_BKOCO2form10min_740nm_3099mW_u1_poc0p25_20x0p75NA_535s50_g70_z1_256pix_basicFLIM_120f_0012_fit_mask.npy,2,65536,65462,99.9,632.5645563558528,629.1031660824749,68.72157135327969,0.10923736369222206,2.8545135224877427,2.9108712132195134,0.5202882350310595,0.1787396957543871
4_BKOCO2form10min_740nm_3099mW_u1_poc0p25_20x0p75NA_535s50_g70_z1_256pix_basicFLIM_120f_0013.sdt,20260520_KPC_fixed_dishes_SLIM,form,BKO,535,0.25,2026-05-21 13:30:44.685684,20260520_KPC_fixed_dishes_SLIM::fitet-sz-c2-b9::4_BKOCO2form10min_740nm_3099mW_u1_poc0p25_20x0p75NA_535s50_g70_z1_256pix_basicFLIM_120f_0013,E:\18_RK_Circadian\data\raw\20260520_KPC_fixed_dishes_SLIM\fitet-sz-c2-b9\4_BKOCO2form10min_740nm_3099mW_u1_poc0p25_20x0p75NA_535s50_g70_z1_256pix_basicFLIM_120f_0013_fit_mask.npy,2,65536,63038,96.2,630.5980058539608,631.8228247685929,80.44133015296379,0.12731627760112288,2.770664146748135,2.785790623990387,0.3379334737686294,0.1213061279115697
4_BKOCO2form10min_740nm_3099mW_u1_poc0p25_20x0p75NA_535s50_g70_z1_256pix_basicFLIM_120f_0014.sdt,20260520_KPC_fixed_dishes_SLIM,form,BKO,535,0.25,2026-05-21 13:31:53.871690,20260520_KPC_fixed_dishes_SLIM::fitet-sz-c2-b9::4_BKOCO2form10min_740nm_3099mW_u1_poc0p25_20x0p75NA_535s50_g70_z1_256pix_basicFLIM_120f_0014,E:\18_RK_Circadian\data\raw\20260520_KPC_fixed_dishes_SLIM\fitet-sz-c2-b9\4_BKOCO2form10min_740nm_3099mW_u1_poc0p25_20x0p75NA_535s50_g70_z1_256pix_basicFLIM_120f_0014_fit_mask.npy,2,65536,65283,99.6,626.5629882496576,622.0350373047568,69.16592497035421,0.11119297277858546,2.858249497548261,2.9037157163339486,0.47171818299846124,0.16245329401392755
4_BKOCO2form10min_740nm_3099mW_u1_poc0p25_20x0p75NA_535s50_g70_z1_256pix_basicFLIM_120f_0015.sdt,20260520_KPC_fixed_dishes_SLIM,form,BKO,535,0.25,2026-05-21 13:33:03.076495,20260520_KPC_fixed_dishes_SLIM::fitet-sz-c2-b9::4_BKOCO2form10min_740nm_3099mW_u1_poc0p25_20x0p75NA_535s50_g70_z1_256pix_basicFLIM_120f_0015,E:\18_RK_Circadian\data\raw\20260520_KPC_fixed_dishes_SLIM\fitet-sz-c2-b9\4_BKOCO2form10min_740nm_3099mW_u1_poc0p25_20x0p75NA_535s50_g70_z1_256pix_basicFLIM_120f_0015_fit_mask.npy,2,65536,64882,99.0,618.8245340044112,620.924983526942,73.18196976666322,0.11785959932064458,2.82407389829707,2.8343355693928647,0.30669823919909067,0.10820816085118237
4_BKOCO2form10min_740nm_3099mW_u1_poc0p25_20x0p75NA_535s50_g70_z1_256pix_basicFLIM_120f_0016.sdt,20260520_KPC_fixed_dishes_SLIM,form,BKO,535,0.25,2026-05-21 13:34:10.891985,20260520_KPC_fixed_dishes_SLIM::fitet-sz-c2-b9::4_BKOCO2form10min_740nm_3099mW_u1_poc0p25_20x0p75NA_535s50_g70_z1_256pix_basicFLIM_120f_0016,E:\18_RK_Circadian\data\raw\20260520_KPC_fixed_dishes_SLIM\fitet-sz-c2-b9\4_BKOCO2form10min_740nm_3099mW_u1_poc0p25_20x0p75NA_535s50_g70_z1_256pix_basicFLIM_120f_0016_fit_mask.npy,2,65536,41648,63.5,631.9932973782977,627.5077862147057,89.96080040588464,0.14336204646726725,2.8501612690199964,2.900628594118187,0.40591750365222795,0.13994121980157545
4_BKOCO2form10min_740nm_3099mW_u1_poc0p6_20x0p75NA_535s50_g70_z1_256pix_basicFLIM_120f_0000.sdt,20260520_KPC_fixed_dishes_SLIM,form,BKO,535,0.6,2026-05-21 13:36:55.854689,20260520_KPC_fixed_dishes_SLIM::fitet-sz-c2-b9::4_BKOCO2form10min_740nm_3099mW_u1_poc0p6_20x0p75NA_535s50_g70_z1_256pix_basicFLIM_120f_0000,E:\18_RK_Circadian\data\raw\20260520_KPC_fixed_dishes_SLIM\fitet-sz-c2-b9\4_BKOCO2form10min_740nm_3099mW_u1_poc0p6_20x0p75NA_535s50_g70_z1_256pix_basicFLIM_120f_0000_fit_mask.npy,2,65536,46011,70.2,701.1941268323385,697.8931815293303,42.62829523739263,0.061081403810220626,2.5255714423226436,2.547629693177783,0.17137328819573322,0.0672677385785887
4_BKOCO2form10min_740nm_3099mW_u1_poc0p6_20x0p75NA_535s50_g70_z1_256pix_basicFLIM_120f_0001.sdt,20260520_KPC_fixed_dishes_SLIM,form,BKO,535,0.6,2026-05-21 13:38:04.140566,20260520_KPC_fixed_dishes_SLIM::fitet-sz-c2-b9::4_BKOCO2form10min_740nm_3099mW_u1_poc0p6_20x0p75NA_535s50_g70_z1_256pix_basicFLIM_120f_0001,E:\18_RK_Circadian\data\raw\20260520_KPC_fixed_dishes_SLIM\fitet-sz-c2-b9\4_BKOCO2form10min_740nm_3099mW_u1_poc0p6_20x0p75NA_535s50_g70_z1_256pix_basicFLIM_120f_0001_fit_mask.npy,2,65536,24398,37.2,676.814650575955,676.4372487049416,35.75165554127517,0.05285287823774154,2.5674646728031947,2.5740626203755683,0.11989741560456646,0.046579059365336205
4_BKOCO2form10min_740nm_3099mW_u1_poc0p6_20x0p75NA_535s50_g70_z1_256pix_basicFLIM_120f_0002.sdt,20260520_KPC_fixed_dishes_SLIM,form,BKO,535,0.6,2026-05-21 13:39:12.807665,20260520_KPC_fixed_dishes_SLIM::fitet-sz-c2-b9::4_BKOCO2form10min_740nm_3099mW_u1_poc0p6_20x0p75NA_535s50_g70_z1_256pix_basicFLIM_120f_0002,E:\18_RK_Circadian\data\raw\20260520_KPC_fixed_dishes_SLIM\fitet-sz-c2-b9\4_BKOCO2form10min_740nm_3099mW_u1_poc0p6_20x0p75NA_535s50_g70_z1_256pix_basicFLIM_120f_0002_fit_mask.npy,2,65536,56946,86.9,609.3908229426409,605.2667004728899,43.189526971990176,0.07135619213521338,2.641028448743613,2.6675089231969134,0.19701056198909472,0.07385563372473546
4_BKOCO2form10min_740nm_3099mW_u1_poc0p6_20x0p75NA_535s50_g70_z1_256pix_basicFLIM_120f_0003.sdt,20260520_KPC_fixed_dishes_SLIM,form,BKO,535,0.6,2026-05-21 13:40:21.332238,20260520_KPC_fixed_dishes_SLIM::fitet-sz-c2-b9::4_BKOCO2form10min_740nm_3099mW_u1_poc0p6_20x0p75NA_535s50_g70_z1_256pix_basicFLIM_120f_0003,E:\18_RK_Circadian\data\raw\20260520_KPC_fixed_dishes_SLIM\fitet-sz-c2-b9\4_BKOCO2form10min_740nm_3099mW_u1_poc0p6_20x0p75NA_535s50_g70_z1_256pix_basicFLIM_120f_0003_fit_mask.npy,2,65536,51847,79.1,681.953387977973,681.8871004805295,34.30041986907352,0.050302197893026326,2.5489087111095596,2.549273186677001,0.10870750001565391,0.04264254634763372
4_BKOCO2form10min_740nm_3099mW_u1_poc0p6_20x0p75NA_535s50_g70_z1_256pix_basicFLIM_120f_0004.sdt,20260520_KPC_fixed_dishes_SLIM,form,BKO,535,0.6,2026-05-21 13:41:29.870420,20260520_KPC_fixed_dishes_SLIM::fitet-sz-c2-b9::4_BKOCO2form10min_740nm_3099mW_u1_poc0p6_20x0p75NA_535s50_g70_z1_256pix_basicFLIM_120f_0004,E:\18_RK_Circadian\data\raw\20260520_KPC_fixed_dishes_SLIM\fitet-sz-c2-b9\4_BKOCO2form10min_740nm_3099mW_u1_poc0p6_20x0p75NA_535s50_g70_z1_256pix_basicFLIM_120f_0004_fit_mask.npy,2,65536,56988,87.0,728.8100065087722,718.066911271006,72.22614871704279,0.10058414833403162,2.5069872679174328,2.590433152228833,0.453258399629384,0.17497398040918224
4_BKOCO2form10min_740nm_3099mW_u1_poc0p6_20x0p75NA_535s50_g70_z1_256pix_basicFLIM_120f_0005.sdt,20260520_KPC_fixed_dishes_SLIM,form,BKO,535,0.6,2026-05-21 13:42:38.397971,20260520_KPC_fixed_dishes_SLIM::fitet-sz-c2-b9::4_BKOCO2form10min_740nm_3099mW_u1_poc0p6_20x0p75NA_535s50_g70_z1_256pix_basicFLIM_120f_0005,E:\18_RK_Circadian\data\raw\20260520_KPC_fixed_dishes_SLIM\fitet-sz-c2-b9\4_BKOCO2form10min_740nm_3099mW_u1_poc0p6_20x0p75NA_535s50_g70_z1_256pix_basicFLIM_120f_0005_fit_mask.npy,2,65536,46583,71.1,727.7229959718626,724.767459837951,43.248859273781925,0.05967273873395452,2.545116029384667,2.5653888727719774,0.17945219335908183,0.06995126363247164
4_BKOCO2form10min_740nm_3099mW_u1_poc0p6_20x0p75NA_535s50_g70_z1_256pix_basicFLIM_120f_0006.sdt,20260520_KPC_fixed_dishes_SLIM,form,BKO,535,0.6,2026-05-21 13:43:46.989108,20260520_KPC_fixed_dishes_SLIM::fitet-sz-c2-b9::4_BKOCO2form10min_740nm_3099mW_u1_poc0p6_20x0p75NA_535s50_g70_z1_256pix_basicFLIM_120f_0006,E:\18_RK_Circadian\data\raw\20260520_KPC_fixed_dishes_SLIM\fitet-sz-c2-b9\4_BKOCO2form10min_740nm_3099mW_u1_poc0p6_20x0p75NA_535s50_g70_z1_256pix_basicFLIM_120f_0006_fit_mask.npy,2,65536,44991,68.7,724.0079368541919,722.9148781572404,33.44143509142761,0.046259160105643585,2.5359341128126553,2.5400958264170144,0.1051915119329503,0.04141241871230126
4_BKOCO2form10min_740nm_3099mW_u1_poc0p6_20x0p75NA_535s50_g70_z1_256pix_basicFLIM_120f_0007.sdt,20260520_KPC_fixed_dishes_SLIM,form,BKO,535,0.6,2026-05-21 13:44:55.919944,20260520_KPC_fixed_dishes_SLIM::fitet-sz-c2-b9::4_BKOCO2form10min_740nm_3099mW_u1_poc0p6_20x0p75NA_535s50_g70_z1_256pix_basicFLIM_120f_0007,E:\18_RK_Circadian\data\raw\20260520_KPC_fixed_dishes_SLIM\fitet-sz-c2-b9\4_BKOCO2form10min_740nm_3099mW_u1_poc0p6_20x0p75NA_535s50_g70_z1_256pix_basicFLIM_120f_0007_fit_mask.npy,2,65536,30321,46.3,705.152534278735,702.8416588553478,38.12489721080173,0.05424393493250267,2.555878148164476,2.5689626496662075,0.153233630045167,0.05964805680031084
4_BKOCO2form10min_740nm_3099mW_u1_poc0p6_20x0p75NA_535s50_g70_z1_256pix_basicFLIM_120f_0008.sdt,20260520_KPC_fixed_dishes_SLIM,form,BKO,535,0.6,2026-05-21 13:46:04.585706,20260520_KPC_fixed_dishes_SLIM::fitet-sz-c2-b9::4_BKOCO2form10min_740nm_3099mW_u1_poc0p6_20x0p75NA_535s50_g70_z1_256pix_basicFLIM_120f_0008,E:\18_RK_Circadian\data\raw\20260520_KPC_fixed_dishes_SLIM\fitet-sz-c2-b9\4_BKOCO2form10min_740nm_3099mW_u1_poc0p6_20x0p75NA_535s50_g70_z1_256pix_basicFLIM_120f_0008_fit_mask.npy,2,65536,43288,66.1,699.9757222648997,696.9218582609737,41.74687958452256,0.05990180834432913,2.6419926616623686,2.6556762739738287,0.14581030060531958,0.05490514865621626
4_BKOCO2form10min_740nm_3099mW_u1_poc0p6_20x0p75NA_535s50_g70_z1_256pix_basicFLIM_120f_0009.sdt,20260520_KPC_fixed_dishes_SLIM,form,BKO,535,0.6,2026-05-21 13:47:13.114402,20260520_KPC_fixed_dishes_SLIM::fitet-sz-c2-b9::4_BKOCO2form10min_740nm_3099mW_u1_poc0p6_20x0p75NA_535s50_g70_z1_256pix_basicFLIM_120f_0009,E:\18_RK_Circadian\data\raw\20260520_KPC_fixed_dishes_SLIM\fitet-sz-c2-b9\4_BKOCO2form10min_740nm_3099mW_u1_poc0p6_20x0p75NA_535s50_g70_z1_256pix_basicFLIM_120f_0009_fit_mask.npy,2,65536,59562,90.9,709.5770731357302,698.6581977384527,68.0347080881637,0.09737910226830679,2.56768273874167,2.629737819623875,0.32496279124429545,0.12357231539179601
4_BKOCO2form10min_740nm_3099mW_u1_poc0p6_20x0p75NA_535s50_g70_z1_256pix_basicFLIM_120f_0010.sdt,20260520_KPC_fixed_dishes_SLIM,form,BKO,535,0.6,2026-05-21 13:48:21.395335,20260520_KPC_fixed_dishes_SLIM::fitet-sz-c2-b9::4_BKOCO2form10min_740nm_3099mW_u1_poc0p6_20x0p75NA_535s50_g70_z1_256pix_basicFLIM_120f_0010,E:\18_RK_Circadian\data\raw\20260520_KPC_fixed_dishes_SLIM\fitet-sz-c2-b9\4_BKOCO2form10min_740nm_3099mW_u1_poc0p6_20x0p75NA_535s50_g70_z1_256pix_basicFLIM_120f_0010_fit_mask.npy,2,65536,60735,92.7,732.34621846576,728.2234561739058,60.33036095129114,0.0828459457599286,2.5124950749033843,2.518935013399329,0.23251545961674328,0.09230704975709605
4_BKOCO2form10min_740nm_3099mW_u1_poc0p6_20x0p75NA_535s50_g70_z1_256pix_basicFLIM_120f_0011.sdt,20260520_KPC_fixed_dishes_SLIM,form,BKO,535,0.6,2026-05-21 13:49:30.021147,20260520_KPC_fixed_dishes_SLIM::fitet-sz-c2-b9::4_BKOCO2form10min_740nm_3099mW_u1_poc0p6_20x0p75NA_535s50_g70_z1_256pix_basicFLIM_120f_0011,E:\18_RK_Circadian\data\raw\20260520_KPC_fixed_dishes_SLIM\fitet-sz-c2-b9\4_BKOCO2form10min_740nm_3099mW_u1_poc0p6_20x0p75NA_535s50_g70_z1_256pix_basicFLIM_120f_0011_fit_mask.npy,2,65536,63340,96.6,715.5160005741682,705.5451985661147,74.25822740083011,0.1052494263326371,2.561798043485507,2.636379707438411,0.48399626660693873,0.18358367166966424
4_BKOCO2form10min_740nm_3099mW_u1_poc0p6_20x0p75NA_535s50_g70_z1_256pix_basicFLIM_120f_0012.sdt,20260520_KPC_fixed_dishes_SLIM,form,BKO,535,0.6,2026-05-21 13:50:39.994957,20260520_KPC_fixed_dishes_SLIM::fitet-sz-c2-b9::4_BKOCO2form10min_740nm_3099mW_u1_poc0p6_20x0p75NA_535s50_g70_z1_256pix_basicFLIM_120f_0012,E:\18_RK_Circadian\data\raw\20260520_KPC_fixed_dishes_SLIM\fitet-sz-c2-b9\4_BKOCO2form10min_740nm_3099mW_u1_poc0p6_20x0p75NA_535s50_g70_z1_256pix_basicFLIM_120f_0012_fit_mask.npy,2,65536,32362,49.4,720.2265138986604,720.4058247817825,41.63578987683101,0.05779491009729533,2.555208123698354,2.5579613363543348,0.12345183120861239,0.04826180499841283
4_BKOCO2form10min_740nm_3099mW_u1_poc0p6_20x0p75NA_535s50_g70_z1_256pix_basicFLIM_120f_0013.sdt,20260520_KPC_fixed_dishes_SLIM,form,BKO,535,0.6,2026-05-21 13:51:48.650150,20260520_KPC_fixed_dishes_SLIM::fitet-sz-c2-b9::4_BKOCO2form10min_740nm_3099mW_u1_poc0p6_20x0p75NA_535s50_g70_z1_256pix_basicFLIM_120f_0013,E:\18_RK_Circadian\data\raw\20260520_KPC_fixed_dishes_SLIM\fitet-sz-c2-b9\4_BKOCO2form10min_740nm_3099mW_u1_poc0p6_20x0p75NA_535s50_g70_z1_256pix_basicFLIM_120f_0013_fit_mask.npy,2,65536,62680,95.6,715.3087533587412,709.0064714177604,59.281370296632154,0.08361188887047889,2.49710279267305,2.5289784783727507,0.30836447660608224,0.12193242419543905
4_BKOCO2form10min_740nm_3099mW_u1_poc0p6_20x0p75NA_535s50_g70_z1_256pix_basicFLIM_120f_0014.sdt,20260520_KPC_fixed_dishes_SLIM,form,BKO,535,0.6,2026-05-21 13:52:57.982912,20260520_KPC_fixed_dishes_SLIM::fitet-sz-c2-b9::4_BKOCO2form10min_740nm_3099mW_u1_poc0p6_20x0p75NA_535s50_g70_z1_256pix_basicFLIM_120f_0014,E:\18_RK_Circadian\data\raw\20260520_KPC_fixed_dishes_SLIM\fitet-sz-c2-b9\4_BKOCO2form10min_740nm_3099mW_u1_poc0p6_20x0p75NA_535s50_g70_z1_256pix_basicFLIM_120f_0014_fit_mask.npy,2,65536,34434,52.5,722.325598851402,718.2053958223837,44.16763718427083,0.061497222718156434,2.5741083129810676,2.5874115637357615,0.13773664135897062,0.053233371640383116
4_BKOCO2form10min_740nm_3099mW_u1_poc0p6_20x0p75NA_535s50_g70_z1_256pix_basicFLIM_120f_0015.sdt,20260520_KPC_fixed_dishes_SLIM,form,BKO,535,0.6,2026-05-21 13:54:07.708511,20260520_KPC_fixed_dishes_SLIM::fitet-sz-c2-b9::4_BKOCO2form10min_740nm_3099mW_u1_poc0p6_20x0p75NA_535s50_g70_z1_256pix_basicFLIM_120f_0015,E:\18_RK_Circadian\data\raw\20260520_KPC_fixed_dishes_SLIM\fitet-sz-c2-b9\4_BKOCO2form10min_740nm_3099mW_u1_poc0p6_20x0p75NA_535s50_g70_z1_256pix_basicFLIM_120f_0015_fit_mask.npy,2,65536,63849,97.4,694.8940339547021,690.8979014601036,61.709053786536,0.08931718225822319,2.480043619797968,2.520833037338728,0.33693023875370626,0.13365829222446532
4_BKOCO2form10min_740nm_3099mW_u1_poc0p6_20x0p75NA_535s50_g70_z1_256pix_basicFLIM_120f_0016.sdt,20260520_KPC_fixed_dishes_SLIM,form,BKO,535,0.6,2026-05-21 13:55:15.700458,20260520_KPC_fixed_dishes_SLIM::fitet-sz-c2-b9::4_BKOCO2form10min_740nm_3099mW_u1_poc0p6_20x0p75NA_535s50_g70_z1_256pix_basicFLIM_120f_0016,E:\18_RK_Circadian\data\raw\20260520_KPC_fixed_dishes_SLIM\fitet-sz-c2-b9\4_BKOCO2form10min_740nm_3099mW_u1_poc0p6_20x0p75NA_535s50_g70_z1_256pix_basicFLIM_120f_0016_fit_mask.npy,2,65536,62614,95.5,724.6367082312836,716.0741584967273,74.8562727629365,0.10453703973913006,2.536053175608929,2.591659732359746,0.33855605389199256,0.1306329105108764
4_BKOCO2form10min_740nm_3099mW_u1_poc0p6_20x0p75NA_457s50_g70_z1_256pix_basicFLIM_120f_0000.sdt,20260520_KPC_fixed_dishes_SLIM,form,BKO,457,0.6,2026-05-21 13:57:50.083110,20260520_KPC_fixed_dishes_SLIM::fitet-sz-c2-b9::4_BKOCO2form10min_740nm_3099mW_u1_poc0p6_20x0p75NA_457s50_g70_z1_256pix_basicFLIM_120f_0000,E:\18_RK_Circadian\data\raw\20260520_KPC_fixed_dishes_SLIM\fitet-sz-c2-b9\4_BKOCO2form10min_740nm_3099mW_u1_poc0p6_20x0p75NA_457s50_g70_z1_256pix_basicFLIM_120f_0000_fit_mask.npy,2,65536,38798,59.2,748.6304964620266,747.0758748986818,29.492458752435223,0.03947719333921067,2.5899832547375903,2.598120960540732,0.10034239580079551,0.03862114094176425
4_BKOCO2form10min_740nm_3099mW_u1_poc0p6_20x0p75NA_457s50_g70_z1_256pix_basicFLIM_120f_0001.sdt,20260520_KPC_fixed_dishes_SLIM,form,BKO,457,0.6,2026-05-21 13:58:58.506121,20260520_KPC_fixed_dishes_SLIM::fitet-sz-c2-b9::4_BKOCO2form10min_740nm_3099mW_u1_poc0p6_20x0p75NA_457s50_g70_z1_256pix_basicFLIM_120f_0001,E:\18_RK_Circadian\data\raw\20260520_KPC_fixed_dishes_SLIM\fitet-sz-c2-b9\4_BKOCO2form10min_740nm_3099mW_u1_poc0p6_20x0p75NA_457s50_g70_z1_256pix_basicFLIM_120f_0001_fit_mask.npy,2,65536,22002,33.6,726.2447031734002,725.9227591798789,23.475938251092483,0.0323394437689414,2.6843353174985616,2.6877561860292913,0.08870242745521051,0.03300240844622646
4_BKOCO2form10min_740nm_3099mW_u1_poc0p6_20x0p75NA_457s50_g70_z1_256pix_basicFLIM_120f_0002.sdt,20260520_KPC_fixed_dishes_SLIM,form,BKO,457,0.6,2026-05-21 14:00:07.065247,20260520_KPC_fixed_dishes_SLIM::fitet-sz-c2-b9::4_BKOCO2form10min_740nm_3099mW_u1_poc0p6_20x0p75NA_457s50_g70_z1_256pix_basicFLIM_120f_0002,E:\18_RK_Circadian\data\raw\20260520_KPC_fixed_dishes_SLIM\fitet-sz-c2-b9\4_BKOCO2form10min_740nm_3099mW_u1_poc0p6_20x0p75NA_457s50_g70_z1_256pix_basicFLIM_120f_0002_fit_mask.npy,2,65536,57158,87.2,632.697336070331,631.5345250718276,29.32002981324912,0.0464266459698532,2.7477340633766367,2.7468005523194123,0.11220864819694565,0.04085067192162754
4_BKOCO2form10min_740nm_3099mW_u1_poc0p6_20x0p75NA_457s50_g70_z1_256pix_basicFLIM_120f_0003.sdt,20260520_KPC_fixed_dishes_SLIM,form,BKO,457,0.6,2026-05-21 14:01:15.713070,20260520_KPC_fixed_dishes_SLIM::fitet-sz-c2-b9::4_BKOCO2form10min_740nm_3099mW_u1_poc0p6_20x0p75NA_457s50_g70_z1_256pix_basicFLIM_120f_0003,E:\18_RK_Circadian\data\raw\20260520_KPC_fixed_dishes_SLIM\fitet-sz-c2-b9\4_BKOCO2form10min_740nm_3099mW_u1_poc0p6_20x0p75NA_457s50_g70_z1_256pix_basicFLIM_120f_0003_fit_mask.npy,2,65536,39020,59.5,708.9507332779169,707.3836404807689,30.83325635944633,0.04358774305056122,2.6051037163596558,2.609583494304439,0.11517955042504939,0.04413713938505327
4_BKOCO2form10min_740nm_3099mW_u1_poc0p6_20x0p75NA_457s50_g70_z1_256pix_basicFLIM_120f_0004.sdt,20260520_KPC_fixed_dishes_SLIM,form,BKO,457,0.6,2026-05-21 14:02:24.209374,20260520_KPC_fixed_dishes_SLIM::fitet-sz-c2-b9::4_BKOCO2form10min_740nm_3099mW_u1_poc0p6_20x0p75NA_457s50_g70_z1_256pix_basicFLIM_120f_0004,E:\18_RK_Circadian\data\raw\20260520_KPC_fixed_dishes_SLIM\fitet-sz-c2-b9\4_BKOCO2form10min_740nm_3099mW_u1_poc0p6_20x0p75NA_457s50_g70_z1_256pix_basicFLIM_120f_0004_fit_mask.npy,2,65536,50040,76.4,746.8485838874576,731.68496611291,62.67145657041129,0.08565360704806409,2.653998801401951,2.703816670077578,0.3055406291735243,0.11300345639364584
4_BKOCO2form10min_740nm_3099mW_u1_poc0p6_20x0p75NA_457s50_g70_z1_256pix_basicFLIM_120f_0005.sdt,20260520_KPC_fixed_dishes_SLIM,form,BKO,457,0.6,2026-05-21 14:03:32.781819,20260520_KPC_fixed_dishes_SLIM::fitet-sz-c2-b9::4_BKOCO2form10min_740nm_3099mW_u1_poc0p6_20x0p75NA_457s50_g70_z1_256pix_basicFLIM_120f_0005,E:\18_RK_Circadian\data\raw\20260520_KPC_fixed_dishes_SLIM\fitet-sz-c2-b9\4_BKOCO2form10min_740nm_3099mW_u1_poc0p6_20x0p75NA_457s50_g70_z1_256pix_basicFLIM_120f_0005_fit_mask.npy,2,65536,37977,57.9,749.8085199583801,749.8052178897852,30.236726467480683,0.04032610836261907,2.663387431186101,2.6661971830635216,0.09405219613281016,0.03527578407563316
4_BKOCO2form10min_740nm_3099mW_u1_poc0p6_20x0p75NA_457s50_g70_z1_256pix_basicFLIM_120f_0006.sdt,20260520_KPC_fixed_dishes_SLIM,form,BKO,457,0.6,2026-05-21 14:04:41.319822,20260520_KPC_fixed_dishes_SLIM::fitet-sz-c2-b9::4_BKOCO2form10min_740nm_3099mW_u1_poc0p6_20x0p75NA_457s50_g70_z1_256pix_basicFLIM_120f_0006,E:\18_RK_Circadian\data\raw\20260520_KPC_fixed_dishes_SLIM\fitet-sz-c2-b9\4_BKOCO2form10min_740nm_3099mW_u1_poc0p6_20x0p75NA_457s50_g70_z1_256pix_basicFLIM_120f_0006_fit_mask.npy,2,65536,27101,41.4,741.0975995983148,742.6081558308946,31.697870237089067,0.04268451671073115,2.6859595511096024,2.6946574164053945,0.11288251793579479,0.0418912316083494
4_BKOCO2form10min_740nm_3099mW_u1_poc0p6_20x0p75NA_457s50_g70_z1_256pix_basicFLIM_120f_0007.sdt,20260520_KPC_fixed_dishes_SLIM,form,BKO,457,0.6,2026-05-21 14:05:50.237905,20260520_KPC_fixed_dishes_SLIM::fitet-sz-c2-b9::4_BKOCO2form10min_740nm_3099mW_u1_poc0p6_20x0p75NA_457s50_g70_z1_256pix_basicFLIM_120f_0007,E:\18_RK_Circadian\data\raw\20260520_KPC_fixed_dishes_SLIM\fitet-sz-c2-b9\4_BKOCO2form10min_740nm_3099mW_u1_poc0p6_20x0p75NA_457s50_g70_z1_256pix_basicFLIM_120f_0007_fit_mask.npy,2,65536,23327,35.6,740.9760209779198,738.924825904571,34.3236355394124,0.04645078137332086,2.6749704132148753,2.6855023788920174,0.14166652970187862,0.05275233819019266
4_BKOCO2form10min_740nm_3099mW_u1_poc0p6_20x0p75NA_457s50_g70_z1_256pix_basicFLIM_120f_0008.sdt,20260520_KPC_fixed_dishes_SLIM,form,BKO,457,0.6,2026-05-21 14:06:59.040499,20260520_KPC_fixed_dishes_SLIM::fitet-sz-c2-b9::4_BKOCO2form10min_740nm_3099mW_u1_poc0p6_20x0p75NA_457s50_g70_z1_256pix_basicFLIM_120f_0008,E:\18_RK_Circadian\data\raw\20260520_KPC_fixed_dishes_SLIM\fitet-sz-c2-b9\4_BKOCO2form10min_740nm_3099mW_u1_poc0p6_20x0p75NA_457s50_g70_z1_256pix_basicFLIM_120f_0008_fit_mask.npy,2,65536,36304,55.4,719.1823214572435,716.0406875588819,42.295431035240654,0.059068474417890655,2.7715403580930693,2.7842538766346343,0.15160603560635763,0.05445122547143794
4_BKOCO2form10min_740nm_3099mW_u1_poc0p6_20x0p75NA_457s50_g70_z1_256pix_basicFLIM_120f_0009.sdt,20260520_KPC_fixed_dishes_SLIM,form,BKO,457,0.6,2026-05-21 14:08:07.472093,20260520_KPC_fixed_dishes_SLIM::fitet-sz-c2-b9::4_BKOCO2form10min_740nm_3099mW_u1_poc0p6_20x0p75NA_457s50_g70_z1_256pix_basicFLIM_120f_0009,E:\18_RK_Circadian\data\raw\20260520_KPC_fixed_dishes_SLIM\fitet-sz-c2-b9\4_BKOCO2form10min_740nm_3099mW_u1_poc0p6_20x0p75NA_457s50_g70_z1_256pix_basicFLIM_120f_0009_fit_mask.npy,2,65536,56191,85.7,720.5306540477953,709.7971083140036,59.20492511753292,0.08341105426332837,2.700838646415583,2.7379183053468954,0.19083096598597443,0.06969929147020187
4_BKOCO2form10min_740nm_3099mW_u1_poc0p6_20x0p75NA_457s50_g70_z1_256pix_basicFLIM_120f_0010.sdt,20260520_KPC_fixed_dishes_SLIM,form,BKO,457,0.6,2026-05-21 14:09:16.097602,20260520_KPC_fixed_dishes_SLIM::fitet-sz-c2-b9::4_BKOCO2form10min_740nm_3099mW_u1_poc0p6_20x0p75NA_457s50_g70_z1_256pix_basicFLIM_120f_0010,E:\18_RK_Circadian\data\raw\20260520_KPC_fixed_dishes_SLIM\fitet-sz-c2-b9\4_BKOCO2form10min_740nm_3099mW_u1_poc0p6_20x0p75NA_457s50_g70_z1_256pix_basicFLIM_120f_0010_fit_mask.npy,2,65536,61059,93.2,712.258290727843,701.3691667654894,71.12610096520757,0.10141036181162691,2.711689263466471,2.7471114042065383,0.2012041231445746,0.07324206904622761
4_BKOCO2form10min_740nm_3099mW_u1_poc0p6_20x0p75NA_457s50_g70_z1_256pix_basicFLIM_120f_0011.sdt,20260520_KPC_fixed_dishes_SLIM,form,BKO,457,0.6,2026-05-21 14:10:25.038969,20260520_KPC_fixed_dishes_SLIM::fitet-sz-c2-b9::4_BKOCO2form10min_740nm_3099mW_u1_poc0p6_20x0p75NA_457s50_g70_z1_256pix_basicFLIM_120f_0011,E:\18_RK_Circadian\data\raw\20260520_KPC_fixed_dishes_SLIM\fitet-sz-c2-b9\4_BKOCO2form10min_740nm_3099mW_u1_poc0p6_20x0p75NA_457s50_g70_z1_256pix_basicFLIM_120f_0011_fit_mask.npy,2,65536,63123,96.3,710.5246700732433,683.0806043189668,88.59571363331361,0.12970023313960696,2.775160637164827,2.8638187197694838,0.41251303963153096,0.14404299992310102
4_BKOCO2form10min_740nm_3099mW_u1_poc0p6_20x0p75NA_457s50_g70_z1_256pix_basicFLIM_120f_0012.sdt,20260520_KPC_fixed_dishes_SLIM,form,BKO,457,0.6,2026-05-21 14:11:35.267560,20260520_KPC_fixed_dishes_SLIM::fitet-sz-c2-b9::4_BKOCO2form10min_740nm_3099mW_u1_poc0p6_20x0p75NA_457s50_g70_z1_256pix_basicFLIM_120f_0012,E:\18_RK_Circadian\data\raw\20260520_KPC_fixed_dishes_SLIM\fitet-sz-c2-b9\4_BKOCO2form10min_740nm_3099mW_u1_poc0p6_20x0p75NA_457s50_g70_z1_256pix_basicFLIM_120f_0012_fit_mask.npy,2,65536,21964,33.5,743.5678809816886,740.9079151055854,38.19829523969621,0.05155606312324608,2.6717691120244336,2.679539726641575,0.10744775140167913,0.0400993313640286
4_BKOCO2form10min_740nm_3099mW_u1_poc0p6_20x0p75NA_457s50_g70_z1_256pix_basicFLIM_120f_0013.sdt,20260520_KPC_fixed_dishes_SLIM,form,BKO,457,0.6,2026-05-21 14:12:44.080347,20260520_KPC_fixed_dishes_SLIM::fitet-sz-c2-b9::4_BKOCO2form10min_740nm_3099mW_u1_poc0p6_20x0p75NA_457s50_g70_z1_256pix_basicFLIM_120f_0013,E:\18_RK_Circadian\data\raw\20260520_KPC_fixed_dishes_SLIM\fitet-sz-c2-b9\4_BKOCO2form10min_740nm_3099mW_u1_poc0p6_20x0p75NA_457s50_g70_z1_256pix_basicFLIM_120f_0013_fit_mask.npy,2,65536,52140,79.6,743.5929538533352,733.9621827118676,51.90840798458553,0.07072354571838108,2.610302026022646,2.617601680954038,0.12232280528620841,0.04673087054315513
4_BKOCO2form10min_740nm_3099mW_u1_poc0p6_20x0p75NA_457s50_g70_z1_256pix_basicFLIM_120f_0014.sdt,20260520_KPC_fixed_dishes_SLIM,form,BKO,457,0.6,2026-05-21 14:13:53.674425,20260520_KPC_fixed_dishes_SLIM::fitet-sz-c2-b9::4_BKOCO2form10min_740nm_3099mW_u1_poc0p6_20x0p75NA_457s50_g70_z1_256pix_basicFLIM_120f_0014,E:\18_RK_Circadian\data\raw\20260520_KPC_fixed_dishes_SLIM\fitet-sz-c2-b9\4_BKOCO2form10min_740nm_3099mW_u1_poc0p6_20x0p75NA_457s50_g70_z1_256pix_basicFLIM_120f_0014_fit_mask.npy,2,65536,28734,43.8,742.3667815091319,739.9076251353766,35.74604911407248,0.04831150254402666,2.6952482186676505,2.7063354503647137,0.11749673747390088,0.0434154374536485
4_BKOCO2form10min_740nm_3099mW_u1_poc0p6_20x0p75NA_457s50_g70_z1_256pix_basicFLIM_120f_0015.sdt,20260520_KPC_fixed_dishes_SLIM,form,BKO,457,0.6,2026-05-21 14:15:03.464996,20260520_KPC_fixed_dishes_SLIM::fitet-sz-c2-b9::4_BKOCO2form10min_740nm_3099mW_u1_poc0p6_20x0p75NA_457s50_g70_z1_256pix_basicFLIM_120f_0015,E:\18_RK_Circadian\data\raw\20260520_KPC_fixed_dishes_SLIM\fitet-sz-c2-b9\4_BKOCO2form10min_740nm_3099mW_u1_poc0p6_20x0p75NA_457s50_g70_z1_256pix_basicFLIM_120f_0015_fit_mask.npy,2,65536,60648,92.5,726.5433313527544,721.3536646238678,55.31856693643891,0.07668716421546624,2.5573477800199247,2.594743976942604,0.35318301534456564,0.1361147837640315
4_BKOCO2form10min_740nm_3099mW_u1_poc0p6_20x0p75NA_457s50_g70_z1_256pix_basicFLIM_120f_0016.sdt,20260520_KPC_fixed_dishes_SLIM,form,BKO,457,0.6,2026-05-21 14:16:11.845228,20260520_KPC_fixed_dishes_SLIM::fitet-sz-c2-b9::4_BKOCO2form10min_740nm_3099mW_u1_poc0p6_20x0p75NA_457s50_g70_z1_256pix_basicFLIM_120f_0016,E:\18_RK_Circadian\data\raw\20260520_KPC_fixed_dishes_SLIM\fitet-sz-c2-b9\4_BKOCO2form10min_740nm_3099mW_u1_poc0p6_20x0p75NA_457s50_g70_z1_256pix_basicFLIM_120f_0016_fit_mask.npy,2,65536,61903,94.5,681.2814692217366,667.5954031119495,77.8932378394212,0.11667731304968143,2.8040058216092594,2.8659203754205858,0.3009442939245759,0.10500790479233432
3_BKOCO2live_740nm_3085mW_u1_poc0p15_20x0p75NA_457s50_g70_z1_256pix_basicFLIM_120f_0000.sdt,20260521_KPC_live_SLIM,live,BKO,457,0.15,2026-05-22 08:32:56.130212,20260521_KPC_live_SLIM::fitet-sz-c2-b9::3_BKOCO2live_740nm_3085mW_u1_poc0p15_20x0p75NA_457s50_g70_z1_256pix_basicFLIM_120f_0000,E:\18_RK_Circadian\data\raw\20260521_KPC_live_SLIM\fitet-sz-c2-b9\3_BKOCO2live_740nm_3085mW_u1_poc0p15_20x0p75NA_457s50_g70_z1_256pix_basicFLIM_120f_0000_fit_mask.npy,2,65536,65164,99.4,608.1016480898516,607.9636936784772,58.75623997214347,0.09664432363820862,3.6523776900412113,3.6690996802084177,0.5131733077273632,0.13986355031330552
3_BKOCO2live_740nm_3085mW_u1_poc0p15_20x0p75NA_457s50_g70_z1_256pix_basicFLIM_120f_0001.sdt,20260521_KPC_live_SLIM,live,BKO,457,0.15,2026-05-22 08:34:04.354782,20260521_KPC_live_SLIM::fitet-sz-c2-b9::3_BKOCO2live_740nm_3085mW_u1_poc0p15_20x0p75NA_457s50_g70_z1_256pix_basicFLIM_120f_0001,E:\18_RK_Circadian\data\raw\20260521_KPC_live_SLIM\fitet-sz-c2-b9\3_BKOCO2live_740nm_3085mW_u1_poc0p15_20x0p75NA_457s50_g70_z1_256pix_basicFLIM_120f_0001_fit_mask.npy,2,65536,65405,99.8,619.7236598126518,617.5470146922703,43.85886620084948,0.07102109662485338,3.934202839804957,3.9894174039918058,0.4234625820409859,0.10614647181748137
3_BKOCO2live_740nm_3085mW_u1_poc0p15_20x0p75NA_457s50_g70_z1_256pix_basicFLIM_120f_0002.sdt,20260521_KPC_live_SLIM,live,BKO,457,0.15,2026-05-22 08:34:19.882145,20260521_KPC_live_SLIM::fitet-sz-c2-b9::3_BKOCO2live_740nm_3085mW_u1_poc0p15_20x0p75NA_457s50_g70_z1_256pix_basicFLIM_120f_0002,E:\18_RK_Circadian\data\raw\20260521_KPC_live_SLIM\fitet-sz-c2-b9\3_BKOCO2live_740nm_3085mW_u1_poc0p15_20x0p75NA_457s50_g70_z1_256pix_basicFLIM_120f_0002_fit_mask.npy,2,65536,48425,73.9,603.6765163484207,605.5541699813634,97.59068626205263,0.16115930019118865,3.642533714912968,3.7123224575035008,0.799586393956064,0.21538710688773996
3_BKOCO2live_740nm_3085mW_u1_poc0p25_20x0p75NA_457s50_g70_z1_256pix_basicFLIM_120f_0000.sdt,20260521_KPC_live_SLIM,live,BKO,457,0.25,2026-05-22 08:36:50.092782,20260521_KPC_live_SLIM::fitet-sz-c2-b9::3_BKOCO2live_740nm_3085mW_u1_poc0p25_20x0p75NA_457s50_g70_z1_256pix_basicFLIM_120f_0000,E:\18_RK_Circadian\data\raw\20260521_KPC_live_SLIM\fitet-sz-c2-b9\3_BKOCO2live_740nm_3085mW_u1_poc0p25_20x0p75NA_457s50_g70_z1_256pix_basicFLIM_120f_0000_fit_mask.npy,2,65536,65152,99.4,630.6951772265593,632.4511229682546,39.860816841700306,0.06302592468272222,3.7168564888015387,3.7296320330193597,0.3959862488448211,0.1061730072401396
3_BKOCO2live_740nm_3085mW_u1_poc0p25_20x0p75NA_457s50_g70_z1_256pix_basicFLIM_120f_0001.sdt,20260521_KPC_live_SLIM,live,BKO,457,0.25,2026-05-22 08:37:58.291174,20260521_KPC_live_SLIM::fitet-sz-c2-b9::3_BKOCO2live_740nm_3085mW_u1_poc0p25_20x0p75NA_457s50_g70_z1_256pix_basicFLIM_120f_0001,E:\18_RK_Circadian\data\raw\20260521_KPC_live_SLIM\fitet-sz-c2-b9\3_BKOCO2live_740nm_3085mW_u1_poc0p25_20x0p75NA_457s50_g70_z1_256pix_basicFLIM_120f_0001_fit_mask.npy,2,65536,57702,88.0,632.7762044618974,633.0774988702256,29.378014304232202,0.046405083669312966,3.9814556340139218,4.021761759736487,0.3078620138237529,0.07654904298556078
3_BKOCO2live_740nm_3085mW_u1_poc0p25_20x0p75NA_457s50_g70_z1_256pix_basicFLIM_120f_0002.sdt,20260521_KPC_live_SLIM,live,BKO,457,0.25,2026-05-22 08:39:06.282384,20260521_KPC_live_SLIM::fitet-sz-c2-b9::3_BKOCO2live_740nm_3085mW_u1_poc0p25_20x0p75NA_457s50_g70_z1_256pix_basicFLIM_120f_0002,E:\18_RK_Circadian\data\raw\20260521_KPC_live_SLIM\fitet-sz-c2-b9\3_BKOCO2live_740nm_3085mW_u1_poc0p25_20x0p75NA_457s50_g70_z1_256pix_basicFLIM_120f_0002_fit_mask.npy,2,65536,65167,99.4,642.1711362042419,643.4919298462229,40.335705996639604,0.06268253590418568,3.532034683345794,3.552398173095952,0.38573091085811045,0.10858324209809565
3_BKOCO2live_740nm_3085mW_u1_poc0p25_20x0p75NA_457s50_g70_z1_256pix_basicFLIM_120f_0003.sdt,20260521_KPC_live_SLIM,live,BKO,457,0.25,2026-05-22 08:40:14.278150,20260521_KPC_live_SLIM::fitet-sz-c2-b9::3_BKOCO2live_740nm_3085mW_u1_poc0p25_20x0p75NA_457s50_g70_z1_256pix_basicFLIM_120f_0003,E:\18_RK_Circadian\data\raw\20260521_KPC_live_SLIM\fitet-sz-c2-b9\3_BKOCO2live_740nm_3085mW_u1_poc0p25_20x0p75NA_457s50_g70_z1_256pix_basicFLIM_120f_0003_fit_mask.npy,2,65536,64254,98.0,638.8229610624908,636.9015374060989,39.37883754153582,0.06182876822987982,3.8680943778781067,3.9277251044359143,0.3957394474062294,0.10075538304839286
3_BKOCO2live_740nm_3085mW_u1_poc0p25_20x0p75NA_457s50_g70_z1_256pix_basicFLIM_120f_0004.sdt,20260521_KPC_live_SLIM,live,BKO,457,0.25,2026-05-22 08:41:22.874370,20260521_KPC_live_SLIM::fitet-sz-c2-b9::3_BKOCO2live_740nm_3085mW_u1_poc0p25_20x0p75NA_457s50_g70_z1_256pix_basicFLIM_120f_0004,E:\18_RK_Circadian\data\raw\20260521_KPC_live_SLIM\fitet-sz-c2-b9\3_BKOCO2live_740nm_3085mW_u1_poc0p25_20x0p75NA_457s50_g70_z1_256pix_basicFLIM_120f_0004_fit_mask.npy,2,65536,62726,95.7,622.2815083059509,623.2528730633038,33.641460756168414,0.05397722531276875,4.054606255105397,4.082442066768474,0.3514923792717846,0.08609855902989319
3_BKOCO2live_740nm_3085mW_u1_poc0p25_20x0p75NA_457s50_g70_z1_256pix_basicFLIM_120f_0005.sdt,20260521_KPC_live_SLIM,live,BKO,457,0.25,2026-05-22 08:42:31.353573,20260521_KPC_live_SLIM::fitet-sz-c2-b9::3_BKOCO2live_740nm_3085mW_u1_poc0p25_20x0p75NA_457s50_g70_z1_256pix_basicFLIM_120f_0005,E:\18_RK_Circadian\data\raw\20260521_KPC_live_SLIM\fitet-sz-c2-b9\3_BKOCO2live_740nm_3085mW_u1_poc0p25_20x0p75NA_457s50_g70_z1_256pix_basicFLIM_120f_0005_fit_mask.npy,2,65536,64493,98.4,588.6873602531471,588.0781765240112,47.18020016265796,0.08022776910636063,3.744148875442402,3.727675815100798,0.820325705653223,0.22006358555378858
3_BKOCO2live_740nm_3085mW_u1_poc0p25_20x0p75NA_457s50_g70_z1_256pix_basicFLIM_120f_0006.sdt,20260521_KPC_live_SLIM,live,BKO,457,0.25,2026-05-22 08:43:39.965108,20260521_KPC_live_SLIM::fitet-sz-c2-b9::3_BKOCO2live_740nm_3085mW_u1_poc0p25_20x0p75NA_457s50_g70_z1_256pix_basicFLIM_120f_0006,E:\18_RK_Circadian\data\raw\20260521_KPC_live_SLIM\fitet-sz-c2-b9\3_BKOCO2live_740nm_3085mW_u1_poc0p25_20x0p75NA_457s50_g70_z1_256pix_basicFLIM_120f_0006_fit_mask.npy,2,65536,63596,97.0,646.0176755316875,643.8833183919002,45.965884543230835,0.0713885314780801,3.6742339567706006,3.7240291302610626,0.40883370424945586,0.10978262788744504
3_BKOCO2live_740nm_3085mW_u1_poc0p25_20x0p75NA_457s50_g70_z1_256pix_basicFLIM_120f_0007.sdt,20260521_KPC_live_SLIM,live,BKO,457,0.25,2026-05-22 08:44:48.863626,20260521_KPC_live_SLIM::fitet-sz-c2-b9::3_BKOCO2live_740nm_3085mW_u1_poc0p25_20x0p75NA_457s50_g70_z1_256pix_basicFLIM_120f_0007,E:\18_RK_Circadian\data\raw\20260521_KPC_live_SLIM\fitet-sz-c2-b9\3_BKOCO2live_740nm_3085mW_u1_poc0p25_20x0p75NA_457s50_g70_z1_256pix_basicFLIM_120f_0007_fit_mask.npy,2,65536,63971,97.6,596.9038441633965,595.9181829916206,33.30424231618556,0.0558872732310198,4.2711855749093335,4.250215533227175,0.5256673085936645,0.12368015327319812
3_BKOCO2live_740nm_3085mW_u1_poc0p25_20x0p75NA_457s50_g70_z1_256pix_basicFLIM_120f_0008.sdt,20260521_KPC_live_SLIM,live,BKO,457,0.25,2026-05-22 08:45:57.153421,20260521_KPC_live_SLIM::fitet-sz-c2-b9::3_BKOCO2live_740nm_3085mW_u1_poc0p25_20x0p75NA_457s50_g70_z1_256pix_basicFLIM_120f_0008,E:\18_RK_Circadian\data\raw\20260521_KPC_live_SLIM\fitet-sz-c2-b9\3_BKOCO2live_740nm_3085mW_u1_poc0p25_20x0p75NA_457s50_g70_z1_256pix_basicFLIM_120f_0008_fit_mask.npy,2,65536,64156,97.9,614.1234265191168,614.4731049066899,28.436044116844002,0.04627711756588944,4.27902963864722,4.291315512511009,0.3125421709211606,0.07283131944271339
3_BKOCO2live_740nm_3085mW_u1_poc0p25_20x0p75NA_457s50_g70_z1_256pix_basicFLIM_120f_0009.sdt,20260521_KPC_live_SLIM,live,BKO,457,0.25,2026-05-22 08:47:05.740690,20260521_KPC_live_SLIM::fitet-sz-c2-b9::3_BKOCO2live_740nm_3085mW_u1_poc0p25_20x0p75NA_457s50_g70_z1_256pix_basicFLIM_120f_0009,E:\18_RK_Circadian\data\raw\20260521_KPC_live_SLIM\fitet-sz-c2-b9\3_BKOCO2live_740nm_3085mW_u1_poc0p25_20x0p75NA_457s50_g70_z1_256pix_basicFLIM_120f_0009_fit_mask.npy,2,65536,63839,97.4,614.3548833338084,610.9042351727493,47.91167153710931,0.07842746666105697,3.712509583142961,3.6016809738118805,0.5946108532699402,0.16509259359543635
3_BKOCO2live_740nm_3085mW_u1_poc0p25_20x0p75NA_457s50_g70_z1_256pix_basicFLIM_120f_0010.sdt,20260521_KPC_live_SLIM,live,BKO,457,0.25,2026-05-22 08:48:13.729596,20260521_KPC_live_SLIM::fitet-sz-c2-b9::3_BKOCO2live_740nm_3085mW_u1_poc0p25_20x0p75NA_457s50_g70_z1_256pix_basicFLIM_120f_0010,E:\18_RK_Circadian\data\raw\20260521_KPC_live_SLIM\fitet-sz-c2-b9\3_BKOCO2live_740nm_3085mW_u1_poc0p25_20x0p75NA_457s50_g70_z1_256pix_basicFLIM_120f_0010_fit_mask.npy,2,65536,64480,98.4,613.1141204794349,608.6660072598,57.907272443527894,0.0951380096027131,3.2456481906975583,3.2529282713521672,0.5050580602844986,0.1552625874761627
3_BKOCO2live_740nm_3085mW_u1_poc0p25_20x0p75NA_457s50_g70_z1_256pix_basicFLIM_120f_0014.sdt,20260521_KPC_live_SLIM,live,BKO,457,0.25,2026-05-22 08:52:48.487317,20260521_KPC_live_SLIM::fitet-sz-c2-b9::3_BKOCO2live_740nm_3085mW_u1_poc0p25_20x0p75NA_457s50_g70_z1_256pix_basicFLIM_120f_0014,E:\18_RK_Circadian\data\raw\20260521_KPC_live_SLIM\fitet-sz-c2-b9\3_BKOCO2live_740nm_3085mW_u1_poc0p25_20x0p75NA_457s50_g70_z1_256pix_basicFLIM_120f_0014_fit_mask.npy,2,65536,63563,97.0,611.5098449612402,607.0414019687732,55.986993372273616,0.09222928319336222,3.8641613733470264,3.7827775241711437,0.7606836745913195,0.2010913065150442
3_BKOCO2live_posn11_to_13_740nm_3085mW_u1_poc0p25_20x0p75NA_457s50_g70_z1_256pix_basicFLIM_120f_0000.sdt,20260521_KPC_live_SLIM,live,BKO,457,0.25,2026-05-22 08:55:26.399117,20260521_KPC_live_SLIM::fitet-sz-c2-b9::3_BKOCO2live_posn11_to_13_740nm_3085mW_u1_poc0p25_20x0p75NA_457s50_g70_z1_256pix_basicFLIM_120f_0000,E:\18_RK_Circadian\data\raw\20260521_KPC_live_SLIM\fitet-sz-c2-b9\3_BKOCO2live_posn11_to_13_740nm_3085mW_u1_poc0p25_20x0p75NA_457s50_g70_z1_256pix_basicFLIM_120f_0000_fit_mask.npy,2,65536,63779,97.3,609.684247885684,608.4706481013775,54.070835512954176,0.08886350669777159,4.073053186929599,3.98425562315908,0.7299023909600703,0.1831966771201636
3_BKOCO2live_posn11_to_13_740nm_3085mW_u1_poc0p25_20x0p75NA_457s50_g70_z1_256pix_basicFLIM_120f_0001.sdt,20260521_KPC_live_SLIM,live,BKO,457,0.25,2026-05-22 08:56:35.076941,20260521_KPC_live_SLIM::fitet-sz-c2-b9::3_BKOCO2live_posn11_to_13_740nm_3085mW_u1_poc0p25_20x0p75NA_457s50_g70_z1_256pix_basicFLIM_120f_0001,E:\18_RK_Circadian\data\raw\20260521_KPC_live_SLIM\fitet-sz-c2-b9\3_BKOCO2live_posn11_to_13_740nm_3085mW_u1_poc0p25_20x0p75NA_457s50_g70_z1_256pix_basicFLIM_120f_0001_fit_mask.npy,2,65536,64124,97.8,617.9408214302105,618.8939461830182,49.89870133721108,0.08062560903197964,3.9553118365448894,3.955147693614414,0.7467743715993078,0.18881074221450062
3_BKOCO2live_posn11_to_13_740nm_3085mW_u1_poc0p25_20x0p75NA_457s50_g70_z1_256pix_basicFLIM_120f_0002.sdt,20260521_KPC_live_SLIM,live,BKO,457,0.25,2026-05-22 08:57:43.699358,20260521_KPC_live_SLIM::fitet-sz-c2-b9::3_BKOCO2live_posn11_to_13_740nm_3085mW_u1_poc0p25_20x0p75NA_457s50_g70_z1_256pix_basicFLIM_120f_0002,E:\18_RK_Circadian\data\raw\20260521_KPC_live_SLIM\fitet-sz-c2-b9\3_BKOCO2live_posn11_to_13_740nm_3085mW_u1_poc0p25_20x0p75NA_457s50_g70_z1_256pix_basicFLIM_120f_0002_fit_mask.npy,2,65536,64200,98.0,605.817989967489,606.3017618327913,48.24896481313519,0.079579126848128,4.020223375749463,3.845749622628347,0.753112166260253,0.19582974456499966
3_BKOCO2live_740nm_3085mW_u1_poc0p25_20x0p75NA_535s50_g70_z1_256pix_basicFLIM_120f_0000.sdt,20260521_KPC_live_SLIM,live,BKO,535,0.25,2026-05-22 09:01:48.751688,20260521_KPC_live_SLIM::fitet-sz-c2-b9::3_BKOCO2live_740nm_3085mW_u1_poc0p25_20x0p75NA_535s50_g70_z1_256pix_basicFLIM_120f_0000,E:\18_RK_Circadian\data\raw\20260521_KPC_live_SLIM\fitet-sz-c2-b9\3_BKOCO2live_740nm_3085mW_u1_poc0p25_20x0p75NA_535s50_g70_z1_256pix_basicFLIM_120f_0000_fit_mask.npy,2,65536,63982,97.6,527.108242030841,526.1413178464627,44.99943848745392,0.08552728508690426,3.814987613440376,3.8116499182793193,0.31382712590076417,0.08233366983566899
3_BKOCO2live_740nm_3085mW_u1_poc0p25_20x0p75NA_535s50_g70_z1_256pix_basicFLIM_120f_0001.sdt,20260521_KPC_live_SLIM,live,BKO,535,0.25,2026-05-22 09:02:57.057206,20260521_KPC_live_SLIM::fitet-sz-c2-b9::3_BKOCO2live_740nm_3085mW_u1_poc0p25_20x0p75NA_535s50_g70_z1_256pix_basicFLIM_120f_0001,E:\18_RK_Circadian\data\raw\20260521_KPC_live_SLIM\fitet-sz-c2-b9\3_BKOCO2live_740nm_3085mW_u1_poc0p25_20x0p75NA_535s50_g70_z1_256pix_basicFLIM_120f_0001_fit_mask.npy,2,65536,48342,73.8,525.8181776701447,526.5360675956385,31.715180522108696,0.06023363350383977,4.030922116536334,4.053662028862385,0.2799810481025048,0.06906867077447953
3_BKOCO2live_740nm_3085mW_u1_poc0p25_20x0p75NA_535s50_g70_z1_256pix_basicFLIM_120f_0002.sdt,20260521_KPC_live_SLIM,live,BKO,535,0.25,2026-05-22 09:04:05.052146,20260521_KPC_live_SLIM::fitet-sz-c2-b9::3_BKOCO2live_740nm_3085mW_u1_poc0p25_20x0p75NA_535s50_g70_z1_256pix_basicFLIM_120f_0002,E:\18_RK_Circadian\data\raw\20260521_KPC_live_SLIM\fitet-sz-c2-b9\3_BKOCO2live_740nm_3085mW_u1_poc0p25_20x0p75NA_535s50_g70_z1_256pix_basicFLIM_120f_0002_fit_mask.npy,2,65536,64040,97.7,561.6363222224647,560.4263157800268,53.66093555443348,0.09575020666141587,3.6192723089947956,3.6273984404087836,0.3117513624050729,0.08594351227926883
3_BKOCO2live_740nm_3085mW_u1_poc0p25_20x0p75NA_535s50_g70_z1_256pix_basicFLIM_120f_0003.sdt,20260521_KPC_live_SLIM,live,BKO,535,0.25,2026-05-22 09:05:12.936308,20260521_KPC_live_SLIM::fitet-sz-c2-b9::3_BKOCO2live_740nm_3085mW_u1_poc0p25_20x0p75NA_535s50_g70_z1_256pix_basicFLIM_120f_0003,E:\18_RK_Circadian\data\raw\20260521_KPC_live_SLIM\fitet-sz-c2-b9\3_BKOCO2live_740nm_3085mW_u1_poc0p25_20x0p75NA_535s50_g70_z1_256pix_basicFLIM_120f_0003_fit_mask.npy,2,65536,61515,93.9,526.3477286063729,524.9830458545973,34.89012150074405,0.06645952050498682,3.9653346967251966,3.9805777227027352,0.31254229992635774,0.07851681883858495
3_BKOCO2live_740nm_3085mW_u1_poc0p25_20x0p75NA_535s50_g70_z1_256pix_basicFLIM_120f_0004.sdt,20260521_KPC_live_SLIM,live,BKO,535,0.25,2026-05-22 09:06:21.394311,20260521_KPC_live_SLIM::fitet-sz-c2-b9::3_BKOCO2live_740nm_3085mW_u1_poc0p25_20x0p75NA_535s50_g70_z1_256pix_basicFLIM_120f_0004,E:\18_RK_Circadian\data\raw\20260521_KPC_live_SLIM\fitet-sz-c2-b9\3_BKOCO2live_740nm_3085mW_u1_poc0p25_20x0p75NA_535s50_g70_z1_256pix_basicFLIM_120f_0004_fit_mask.npy,2,65536,61297,93.5,533.777443058407,533.523432237013,40.56845656160942,0.0760387531462484,4.028996912646044,4.033230324574997,0.30983916694647523,0.0768215901429147
3_BKOCO2live_740nm_3085mW_u1_poc0p25_20x0p75NA_535s50_g70_z1_256pix_basicFLIM_120f_0005.sdt,20260521_KPC_live_SLIM,live,BKO,535,0.25,2026-05-22 09:07:29.908981,20260521_KPC_live_SLIM::fitet-sz-c2-b9::3_BKOCO2live_740nm_3085mW_u1_poc0p25_20x0p75NA_535s50_g70_z1_256pix_basicFLIM_120f_0005,E:\18_RK_Circadian\data\raw\20260521_KPC_live_SLIM\fitet-sz-c2-b9\3_BKOCO2live_740nm_3085mW_u1_poc0p25_20x0p75NA_535s50_g70_z1_256pix_basicFLIM_120f_0005_fit_mask.npy,2,65536,52168,79.6,559.4110004481176,558.4977855181448,53.9577338350824,0.09661226102270622,3.7362930445099582,3.8123992529303363,0.4434419301217293,0.1163157111052535
3_BKOCO2live_740nm_3085mW_u1_poc0p25_20x0p75NA_535s50_g70_z1_256pix_basicFLIM_120f_0006.sdt,20260521_KPC_live_SLIM,live,BKO,535,0.25,2026-05-22 09:08:38.355284,20260521_KPC_live_SLIM::fitet-sz-c2-b9::3_BKOCO2live_740nm_3085mW_u1_poc0p25_20x0p75NA_535s50_g70_z1_256pix_basicFLIM_120f_0006,E:\18_RK_Circadian\data\raw\20260521_KPC_live_SLIM\fitet-sz-c2-b9\3_BKOCO2live_740nm_3085mW_u1_poc0p25_20x0p75NA_535s50_g70_z1_256pix_basicFLIM_120f_0006_fit_mask.npy,2,65536,61628,94.0,532.294102960547,530.148273115957,42.474558215906384,0.08011826194634443,3.8391042114783485,3.864061299315459,0.34579099159613175,0.08948900258321228
3_BKOCO2live_740nm_3085mW_u1_poc0p25_20x0p75NA_535s50_g70_z1_256pix_basicFLIM_120f_0007.sdt,20260521_KPC_live_SLIM,live,BKO,535,0.25,2026-05-22 09:09:47.128831,20260521_KPC_live_SLIM::fitet-sz-c2-b9::3_BKOCO2live_740nm_3085mW_u1_poc0p25_20x0p75NA_535s50_g70_z1_256pix_basicFLIM_120f_0007,E:\18_RK_Circadian\data\raw\20260521_KPC_live_SLIM\fitet-sz-c2-b9\3_BKOCO2live_740nm_3085mW_u1_poc0p25_20x0p75NA_535s50_g70_z1_256pix_basicFLIM_120f_0007_fit_mask.npy,2,65536,62910,96.0,530.1728163415443,528.8788491726222,42.705851192207675,0.08074789010567673,4.126314611263606,4.1352379154450185,0.43374274517418104,0.10488942934919461
3_BKOCO2live_740nm_3085mW_u1_poc0p25_20x0p75NA_535s50_g70_z1_256pix_basicFLIM_120f_0008.sdt,20260521_KPC_live_SLIM,live,BKO,535,0.25,2026-05-22 09:10:55.412264,20260521_KPC_live_SLIM::fitet-sz-c2-b9::3_BKOCO2live_740nm_3085mW_u1_poc0p25_20x0p75NA_535s50_g70_z1_256pix_basicFLIM_120f_0008,E:\18_RK_Circadian\data\raw\20260521_KPC_live_SLIM\fitet-sz-c2-b9\3_BKOCO2live_740nm_3085mW_u1_poc0p25_20x0p75NA_535s50_g70_z1_256pix_basicFLIM_120f_0008_fit_mask.npy,2,65536,62007,94.6,521.3050220588977,522.1677118089312,29.004189608229307,0.05554573550277724,4.235088231004813,4.247672193283375,0.3341486931418134,0.07866630896569314
3_BKOCO2live_740nm_3085mW_u1_poc0p25_20x0p75NA_535s50_g70_z1_256pix_basicFLIM_120f_0009.sdt,20260521_KPC_live_SLIM,live,BKO,535,0.25,2026-05-22 09:12:03.979749,20260521_KPC_live_SLIM::fitet-sz-c2-b9::3_BKOCO2live_740nm_3085mW_u1_poc0p25_20x0p75NA_535s50_g70_z1_256pix_basicFLIM_120f_0009,E:\18_RK_Circadian\data\raw\20260521_KPC_live_SLIM\fitet-sz-c2-b9\3_BKOCO2live_740nm_3085mW_u1_poc0p25_20x0p75NA_535s50_g70_z1_256pix_basicFLIM_120f_0009_fit_mask.npy,2,65536,54607,83.3,548.9020775505185,550.7526107265513,49.56748052494648,0.08999953801318744,3.747983919181398,3.7549012607049566,0.33924768849263554,0.09034796521625289
3_BKOCO2live_740nm_3085mW_u1_poc0p25_20x0p75NA_535s50_g70_z1_256pix_basicFLIM_120f_0010.sdt,20260521_KPC_live_SLIM,live,BKO,535,0.25,2026-05-22 09:13:11.985074,20260521_KPC_live_SLIM::fitet-sz-c2-b9::3_BKOCO2live_740nm_3085mW_u1_poc0p25_20x0p75NA_535s50_g70_z1_256pix_basicFLIM_120f_0010,E:\18_RK_Circadian\data\raw\20260521_KPC_live_SLIM\fitet-sz-c2-b9\3_BKOCO2live_740nm_3085mW_u1_poc0p25_20x0p75NA_535s50_g70_z1_256pix_basicFLIM_120f_0010_fit_mask.npy,2,65536,50085,76.4,550.1361357416243,549.105493354189,63.31027865497512,0.11529711398122575,3.6482205831868257,3.6749260911500796,0.38404553904203664,0.1045042892064935
3_BKOCO2live_740nm_3085mW_u1_poc0p25_20x0p75NA_535s50_g70_z1_256pix_basicFLIM_120f_0011.sdt,20260521_KPC_live_SLIM,live,BKO,535,0.25,2026-05-22 09:14:21.137833,20260521_KPC_live_SLIM::fitet-sz-c2-b9::3_BKOCO2live_740nm_3085mW_u1_poc0p25_20x0p75NA_535s50_g70_z1_256pix_basicFLIM_120f_0011,E:\18_RK_Circadian\data\raw\20260521_KPC_live_SLIM\fitet-sz-c2-b9\3_BKOCO2live_740nm_3085mW_u1_poc0p25_20x0p75NA_535s50_g70_z1_256pix_basicFLIM_120f_0011_fit_mask.npy,2,65536,55526,84.7,529.5906100757818,529.8099359183356,43.60050696281404,0.08229461927179596,4.099924558914648,4.111347921691481,0.4619744718655663,0.11236569627887437
3_BKOCO2live_740nm_3085mW_u1_poc0p25_20x0p75NA_535s50_g70_z1_256pix_basicFLIM_120f_0012.sdt,20260521_KPC_live_SLIM,live,BKO,535,0.25,2026-05-22 09:15:29.867617,20260521_KPC_live_SLIM::fitet-sz-c2-b9::3_BKOCO2live_740nm_3085mW_u1_poc0p25_20x0p75NA_535s50_g70_z1_256pix_basicFLIM_120f_0012,E:\18_RK_Circadian\data\raw\20260521_KPC_live_SLIM\fitet-sz-c2-b9\3_BKOCO2live_740nm_3085mW_u1_poc0p25_20x0p75NA_535s50_g70_z1_256pix_basicFLIM_120f_0012_fit_mask.npy,2,65536,57130,87.2,530.2403619499028,532.2608029813408,35.67646902019749,0.06702817269346843,4.006267970354093,4.099825598935582,0.5492714345687234,0.13397434142352985
3_BKOCO2live_740nm_3085mW_u1_poc0p25_20x0p75NA_535s50_g70_z1_256pix_basicFLIM_120f_0013.sdt,20260521_KPC_live_SLIM,live,BKO,535,0.25,2026-05-22 09:16:38.372602,20260521_KPC_live_SLIM::fitet-sz-c2-b9::3_BKOCO2live_740nm_3085mW_u1_poc0p25_20x0p75NA_535s50_g70_z1_256pix_basicFLIM_120f_0013,E:\18_RK_Circadian\data\raw\20260521_KPC_live_SLIM\fitet-sz-c2-b9\3_BKOCO2live_740nm_3085mW_u1_poc0p25_20x0p75NA_535s50_g70_z1_256pix_basicFLIM_120f_0013_fit_mask.npy,2,65536,55036,84.0,537.31223811922,537.9520767799895,47.38014090987807,0.08807502183741081,4.036891918698985,4.026512232938419,0.42285171307195635,0.10501687033578755
3_BKOCO2live_740nm_3085mW_u1_poc0p25_20x0p75NA_535s50_g70_z1_256pix_basicFLIM_120f_0014.sdt,20260521_KPC_live_SLIM,live,BKO,535,0.25,2026-05-22 09:17:46.923370,20260521_KPC_live_SLIM::fitet-sz-c2-b9::3_BKOCO2live_740nm_3085mW_u1_poc0p25_20x0p75NA_535s50_g70_z1_256pix_basicFLIM_120f_0014,E:\18_RK_Circadian\data\raw\20260521_KPC_live_SLIM\fitet-sz-c2-b9\3_BKOCO2live_740nm_3085mW_u1_poc0p25_20x0p75NA_535s50_g70_z1_256pix_basicFLIM_120f_0014_fit_mask.npy,2,65536,51445,78.5,542.0158113722288,542.447762167297,42.338003102619616,0.07804991753208136,3.985400452367807,4.014906880193561,0.449457628835402,0.11194721129216662
3_BKOCO2live_740nm_3085mW_u1_poc0p6_20x0p75NA_535s50_g70_z1_256pix_basicFLIM_120f_0000.sdt,20260521_KPC_live_SLIM,live,BKO,535,0.6,2026-05-22 09:19:49.348340,20260521_KPC_live_SLIM::fitet-sz-c2-b9::3_BKOCO2live_740nm_3085mW_u1_poc0p6_20x0p75NA_535s50_g70_z1_256pix_basicFLIM_120f_0000,E:\18_RK_Circadian\data\raw\20260521_KPC_live_SLIM\fitet-sz-c2-b9\3_BKOCO2live_740nm_3085mW_u1_poc0p6_20x0p75NA_535s50_g70_z1_256pix_basicFLIM_120f_0000_fit_mask.npy,2,65536,61843,94.4,570.2378472137173,571.2111004055074,30.84842195095,0.054005291439627935,3.627693044623708,3.6426467455883493,0.33680954035209704,0.09246286117642642
3_BKOCO2live_740nm_3085mW_u1_poc0p6_20x0p75NA_535s50_g70_z1_256pix_basicFLIM_120f_0001.sdt,20260521_KPC_live_SLIM,live,BKO,535,0.6,2026-05-22 09:23:08.958972,20260521_KPC_live_SLIM::fitet-sz-c2-b9::3_BKOCO2live_740nm_3085mW_u1_poc0p6_20x0p75NA_535s50_g70_z1_256pix_basicFLIM_120f_0001,E:\18_RK_Circadian\data\raw\20260521_KPC_live_SLIM\fitet-sz-c2-b9\3_BKOCO2live_740nm_3085mW_u1_poc0p6_20x0p75NA_535s50_g70_z1_256pix_basicFLIM_120f_0001_fit_mask.npy,2,65536,1335,2.0,574.651011091193,573.0240719099066,25.65060372773275,0.04476357100014753,3.8747517807569576,3.910994197383275,0.38962467108497284,0.09962292231107339
3_BKOCO2live_740nm_3085mW_u1_poc0p6_20x0p75NA_535s50_g70_z1_256pix_basicFLIM_120f_0002.sdt,20260521_KPC_live_SLIM,live,BKO,535,0.6,2026-05-22 09:25:21.292274,20260521_KPC_live_SLIM::fitet-sz-c2-b9::3_BKOCO2live_740nm_3085mW_u1_poc0p6_20x0p75NA_535s50_g70_z1_256pix_basicFLIM_120f_0002,E:\18_RK_Circadian\data\raw\20260521_KPC_live_SLIM\fitet-sz-c2-b9\3_BKOCO2live_740nm_3085mW_u1_poc0p6_20x0p75NA_535s50_g70_z1_256pix_basicFLIM_120f_0002_fit_mask.npy,2,65536,671,1.0,596.5922981568717,592.9981256981279,62.50922730639895,0.10541218360986852,3.6210396919146812,3.6221371210300295,0.26753505757876345,0.07386110703138823
3_BKOCO2live_740nm_3085mW_u1_poc0p6_20x0p75NA_535s50_g70_z1_256pix_basicFLIM_120f_0003.sdt,20260521_KPC_live_SLIM,live,BKO,535,0.6,2026-05-22 09:27:12.427404,20260521_KPC_live_SLIM::fitet-sz-c2-b9::3_BKOCO2live_740nm_3085mW_u1_poc0p6_20x0p75NA_535s50_g70_z1_256pix_basicFLIM_120f_0003,E:\18_RK_Circadian\data\raw\20260521_KPC_live_SLIM\fitet-sz-c2-b9\3_BKOCO2live_740nm_3085mW_u1_poc0p6_20x0p75NA_535s50_g70_z1_256pix_basicFLIM_120f_0003_fit_mask.npy,2,65536,2748,4.2,568.9858072171108,569.4071998786325,38.041327167998745,0.06680865148193972,3.6703996403311496,3.8498443393572597,0.5830380792598524,0.1514445852522941
3_BKOCO2live_740nm_3085mW_u1_poc0p6_20x0p75NA_535s50_g70_z1_256pix_basicFLIM_120f_0006.sdt,20260521_KPC_live_SLIM,live,BKO,535,0.6,2026-05-22 09:32:42.635977,20260521_KPC_live_SLIM::fitet-sz-c2-b9::3_BKOCO2live_740nm_3085mW_u1_poc0p6_20x0p75NA_535s50_g70_z1_256pix_basicFLIM_120f_0006,E:\18_RK_Circadian\data\raw\20260521_KPC_live_SLIM\fitet-sz-c2-b9\3_BKOCO2live_740nm_3085mW_u1_poc0p6_20x0p75NA_535s50_g70_z1_256pix_basicFLIM_120f_0006_fit_mask.npy,2,65536,65384,99.8,578.0697343317194,576.4475075094123,51.23113646222652,0.08887389709355283,3.667703350280693,3.7163374170694476,0.431442225110042,0.11609339429955737
3_BKOCO2live_740nm_3085mW_u1_poc0p6_20x0p75NA_535s50_g70_z1_256pix_basicFLIM_120f_0007.sdt,20260521_KPC_live_SLIM,live,BKO,535,0.6,2026-05-22 09:34:39.774430,20260521_KPC_live_SLIM::fitet-sz-c2-b9::3_BKOCO2live_740nm_3085mW_u1_poc0p6_20x0p75NA_535s50_g70_z1_256pix_basicFLIM_120f_0007,E:\18_RK_Circadian\data\raw\20260521_KPC_live_SLIM\fitet-sz-c2-b9\3_BKOCO2live_740nm_3085mW_u1_poc0p6_20x0p75NA_535s50_g70_z1_256pix_basicFLIM_120f_0007_fit_mask.npy,2,65536,2060,3.1,571.2811324496377,573.6901132295427,30.181348712167313,0.0526091491140815,3.6655995848376923,3.872704792984094,0.5683852945658169,0.1467670078017618
3_BKOCO2live_740nm_3085mW_u1_poc0p6_20x0p75NA_535s50_g70_z1_256pix_basicFLIM_120f_0009.sdt,20260521_KPC_live_SLIM,live,BKO,535,0.6,2026-05-22 09:37:26.249725,20260521_KPC_live_SLIM::fitet-sz-c2-b9::3_BKOCO2live_740nm_3085mW_u1_poc0p6_20x0p75NA_535s50_g70_z1_256pix_basicFLIM_120f_0009,E:\18_RK_Circadian\data\raw\20260521_KPC_live_SLIM\fitet-sz-c2-b9\3_BKOCO2live_740nm_3085mW_u1_poc0p6_20x0p75NA_535s50_g70_z1_256pix_basicFLIM_120f_0009_fit_mask.npy,2,65536,44926,68.6,574.6063649493864,571.9091476128475,37.13012534675005,0.06492311847385451,3.6349656341127687,3.6531076331817105,0.28138899254076083,0.07702729314210824
3_BKOCO2live_740nm_3085mW_u1_poc0p6_20x0p75NA_535s50_g70_z1_256pix_basicFLIM_120f_0011.sdt,20260521_KPC_live_SLIM,live,BKO,535,0.6,2026-05-22 09:40:35.082521,20260521_KPC_live_SLIM::fitet-sz-c2-b9::3_BKOCO2live_740nm_3085mW_u1_poc0p6_20x0p75NA_535s50_g70_z1_256pix_basicFLIM_120f_0011,E:\18_RK_Circadian\data\raw\20260521_KPC_live_SLIM\fitet-sz-c2-b9\3_BKOCO2live_740nm_3085mW_u1_poc0p6_20x0p75NA_535s50_g70_z1_256pix_basicFLIM_120f_0011_fit_mask.npy,2,65536,63086,96.3,547.2954416688949,553.2810559500376,69.15980045257683,0.12499940077258329,4.194558950661477,4.2267169763091506,0.7008109490419983,0.16580503330837157
3_BKOCO2live_740nm_3085mW_u1_poc0p6_20x0p75NA_535s50_g70_z1_256pix_basicFLIM_120f_0013.sdt,20260521_KPC_live_SLIM,live,BKO,535,0.6,2026-05-22 09:44:22.255858,20260521_KPC_live_SLIM::fitet-sz-c2-b9::3_BKOCO2live_740nm_3085mW_u1_poc0p6_20x0p75NA_535s50_g70_z1_256pix_basicFLIM_120f_0013,E:\18_RK_Circadian\data\raw\20260521_KPC_live_SLIM\fitet-sz-c2-b9\3_BKOCO2live_740nm_3085mW_u1_poc0p6_20x0p75NA_535s50_g70_z1_256pix_basicFLIM_120f_0013_fit_mask.npy,2,65536,1815,2.8,549.5750536471472,553.0246436908978,37.49042816190913,0.06779160493047333,3.71801421681044,3.728090717986689,0.2838018654748522,0.07612525738861742
3_BKOCO2live_740nm_3085mW_u1_poc0p6_20x0p75NA_457s50_g70_z1_256pix_basicFLIM_120f_0003.sdt,20260521_KPC_live_SLIM,live,BKO,457,0.6,2026-05-22 09:54:43.956151,20260521_KPC_live_SLIM::fitet-sz-c2-b9::3_BKOCO2live_740nm_3085mW_u1_poc0p6_20x0p75NA_457s50_g70_z1_256pix_basicFLIM_120f_0003,E:\18_RK_Circadian\data\raw\20260521_KPC_live_SLIM\fitet-sz-c2-b9\3_BKOCO2live_740nm_3085mW_u1_poc0p6_20x0p75NA_457s50_g70_z1_256pix_basicFLIM_120f_0003_fit_mask.npy,2,65536,986,1.5,513.653924511373,515.3043227189107,35.56097697507171,0.0690096616838776,2.9716388866091217,2.980198183665943,0.19532940451855124,0.06554242116820448
3_BKOCO2live_740nm_3085mW_u1_poc0p6_20x0p75NA_457s50_g70_z1_256pix_basicFLIM_120f_0004.sdt,20260521_KPC_live_SLIM,live,BKO,457,0.6,2026-05-22 09:55:52.512486,20260521_KPC_live_SLIM::fitet-sz-c2-b9::3_BKOCO2live_740nm_3085mW_u1_poc0p6_20x0p75NA_457s50_g70_z1_256pix_basicFLIM_120f_0004,E:\18_RK_Circadian\data\raw\20260521_KPC_live_SLIM\fitet-sz-c2-b9\3_BKOCO2live_740nm_3085mW_u1_poc0p6_20x0p75NA_457s50_g70_z1_256pix_basicFLIM_120f_0004_fit_mask.npy,2,65536,906,1.4,495.92024227535495,495.9584977794349,42.663136364789175,0.08602158558791856,3.11286321544382,3.156503743896546,0.3151349829739522,0.09983672079695805
3_BKOCO2live_740nm_3085mW_u1_poc0p6_20x0p75NA_457s50_g70_z1_256pix_basicFLIM_120f_0006.sdt,20260521_KPC_live_SLIM,live,BKO,457,0.6,2026-05-22 09:58:09.807729,20260521_KPC_live_SLIM::fitet-sz-c2-b9::3_BKOCO2live_740nm_3085mW_u1_poc0p6_20x0p75NA_457s50_g70_z1_256pix_basicFLIM_120f_0006,E:\18_RK_Circadian\data\raw\20260521_KPC_live_SLIM\fitet-sz-c2-b9\3_BKOCO2live_740nm_3085mW_u1_poc0p6_20x0p75NA_457s50_g70_z1_256pix_basicFLIM_120f_0006_fit_mask.npy,2,65536,1581,2.4,530.6287670008581,531.0789558344782,30.89055940895268,0.05816566269400508,2.887891341161323,2.9099875081885775,0.185300531054567,0.06367743178729786
3_BKOCO2live_740nm_3085mW_u1_poc0p6_20x0p75NA_457s50_g70_z1_256pix_basicFLIM_120f_0009.sdt,20260521_KPC_live_SLIM,live,BKO,457,0.6,2026-05-22 10:01:35.862242,20260521_KPC_live_SLIM::fitet-sz-c2-b9::3_BKOCO2live_740nm_3085mW_u1_poc0p6_20x0p75NA_457s50_g70_z1_256pix_basicFLIM_120f_0009,E:\18_RK_Circadian\data\raw\20260521_KPC_live_SLIM\fitet-sz-c2-b9\3_BKOCO2live_740nm_3085mW_u1_poc0p6_20x0p75NA_457s50_g70_z1_256pix_basicFLIM_120f_0009_fit_mask.npy,2,65536,658,1.0,515.5879736917766,514.309477578888,51.66740943867139,0.10045976535741813,3.012480496236323,3.054740620125398,0.26406778350822463,0.08644523916972845
3_BKOCO2live_740nm_3085mW_u1_poc0p6_20x0p75NA_457s50_g70_z1_256pix_basicFLIM_120f_0012.sdt,20260521_KPC_live_SLIM,live,BKO,457,0.6,2026-05-22 10:05:01.906865,20260521_KPC_live_SLIM::fitet-sz-c2-b9::3_BKOCO2live_740nm_3085mW_u1_poc0p6_20x0p75NA_457s50_g70_z1_256pix_basicFLIM_120f_0012,E:\18_RK_Circadian\data\raw\20260521_KPC_live_SLIM\fitet-sz-c2-b9\3_BKOCO2live_740nm_3085mW_u1_poc0p6_20x0p75NA_457s50_g70_z1_256pix_basicFLIM_120f_0012_fit_mask.npy,2,65536,998,1.5,538.4934043066439,539.6424368829347,32.63719329818762,0.06047929344976189,2.8987634161569393,2.897119801603567,0.18014927600903596,0.06218219761202924
3_BKOCO2live_740nm_3085mW_u1_poc0p6_20x0p75NA_457s50_g70_z1_256pix_basicFLIM_120f_0013.sdt,20260521_KPC_live_SLIM,live,BKO,457,0.6,2026-05-22 10:07:39.351635,20260521_KPC_live_SLIM::fitet-sz-c2-b9::3_BKOCO2live_740nm_3085mW_u1_poc0p6_20x0p75NA_457s50_g70_z1_256pix_basicFLIM_120f_0013,E:\18_RK_Circadian\data\raw\20260521_KPC_live_SLIM\fitet-sz-c2-b9\3_BKOCO2live_740nm_3085mW_u1_poc0p6_20x0p75NA_457s50_g70_z1_256pix_basicFLIM_120f_0013_fit_mask.npy,2,65536,1606,2.5,536.0913930912682,535.2780028031538,35.3754035126911,0.06608790820365591,2.8188359937023897,2.8579693725386552,0.18161458467135397,0.0635467218145976
3_BKOCO2live_740nm_3085mW_u1_poc0p6_20x0p75NA_457s50_g70_z1_256pix_basicFLIM_120f_0014.sdt,20260521_KPC_live_SLIM,live,BKO,457,0.6,2026-05-22 10:08:47.994497,20260521_KPC_live_SLIM::fitet-sz-c2-b9::3_BKOCO2live_740nm_3085mW_u1_poc0p6_20x0p75NA_457s50_g70_z1_256pix_basicFLIM_120f_0014,E:\18_RK_Circadian\data\raw\20260521_KPC_live_SLIM\fitet-sz-c2-b9\3_BKOCO2live_740nm_3085mW_u1_poc0p6_20x0p75NA_457s50_g70_z1_256pix_basicFLIM_120f_0014_fit_mask.npy,2,65536,1741,2.7,512.5576471477968,512.784191368619,41.5699630065474,0.08106716959350352,2.967234526394205,3.007131798608173,0.2469516062426717,0.08212197628217402
4_BKOCO2live_740nm_3085mW_u1_poc0p5_20x0p75NA_457s50_g70_z1_256pix_basicFLIM_120f_0001.sdt,20260521_KPC_live_SLIM,live,BKO,457,0.5,2026-05-22 10:24:12.843199,20260521_KPC_live_SLIM::fitet-sz-c2-b9::4_BKOCO2live_740nm_3085mW_u1_poc0p5_20x0p75NA_457s50_g70_z1_256pix_basicFLIM_120f_0001,E:\18_RK_Circadian\data\raw\20260521_KPC_live_SLIM\fitet-sz-c2-b9\4_BKOCO2live_740nm_3085mW_u1_poc0p5_20x0p75NA_457s50_g70_z1_256pix_basicFLIM_120f_0001_fit_mask.npy,2,65536,6529,10.0,620.6622684185401,620.1311469866783,40.617595608354215,0.06549839627588769,3.600584731125121,3.549707861687419,0.591495704305717,0.16663222083423468
4_BKOCO2live_740nm_3085mW_u1_poc0p5_20x0p75NA_457s50_g70_z1_256pix_basicFLIM_120f_0002.sdt,20260521_KPC_live_SLIM,live,BKO,457,0.5,2026-05-22 10:25:21.110433,20260521_KPC_live_SLIM::fitet-sz-c2-b9::4_BKOCO2live_740nm_3085mW_u1_poc0p5_20x0p75NA_457s50_g70_z1_256pix_basicFLIM_120f_0002,E:\18_RK_Circadian\data\raw\20260521_KPC_live_SLIM\fitet-sz-c2-b9\4_BKOCO2live_740nm_3085mW_u1_poc0p5_20x0p75NA_457s50_g70_z1_256pix_basicFLIM_120f_0002_fit_mask.npy,2,65536,1762,2.7,696.0513114794778,695.1888447626621,35.76355029028585,0.051444367325105086,3.2566647107932143,3.2762900342822316,0.28156623755174576,0.08594057137967372
4_BKOCO2live_740nm_3085mW_u1_poc0p5_20x0p75NA_457s50_g70_z1_256pix_basicFLIM_120f_0003.sdt,20260521_KPC_live_SLIM,live,BKO,457,0.5,2026-05-22 10:26:28.994264,20260521_KPC_live_SLIM::fitet-sz-c2-b9::4_BKOCO2live_740nm_3085mW_u1_poc0p5_20x0p75NA_457s50_g70_z1_256pix_basicFLIM_120f_0003,E:\18_RK_Circadian\data\raw\20260521_KPC_live_SLIM\fitet-sz-c2-b9\4_BKOCO2live_740nm_3085mW_u1_poc0p5_20x0p75NA_457s50_g70_z1_256pix_basicFLIM_120f_0003_fit_mask.npy,2,65536,64941,99.1,645.0396415624467,646.0259135776505,38.499132766375276,0.05959379021372304,4.166366891770362,4.207674393562972,0.4985538982611594,0.11848680568626277
4_BKOCO2live_740nm_3085mW_u1_poc0p5_20x0p75NA_457s50_g70_z1_256pix_basicFLIM_120f_0004.sdt,20260521_KPC_live_SLIM,live,BKO,457,0.5,2026-05-22 10:27:37.130983,20260521_KPC_live_SLIM::fitet-sz-c2-b9::4_BKOCO2live_740nm_3085mW_u1_poc0p5_20x0p75NA_457s50_g70_z1_256pix_basicFLIM_120f_0004,E:\18_RK_Circadian\data\raw\20260521_KPC_live_SLIM\fitet-sz-c2-b9\4_BKOCO2live_740nm_3085mW_u1_poc0p5_20x0p75NA_457s50_g70_z1_256pix_basicFLIM_120f_0004_fit_mask.npy,2,65536,65492,99.9,646.0294341800454,644.829019091571,52.92587128958799,0.08207737202049227,4.143419272997697,4.148127513488241,0.5170028734402853,0.12463524126468511
4_BKOCO2live_740nm_3085mW_u1_poc0p5_20x0p75NA_457s50_g70_z1_256pix_basicFLIM_120f_0006.sdt,20260521_KPC_live_SLIM,live,BKO,457,0.5,2026-05-22 10:31:51.877289,20260521_KPC_live_SLIM::fitet-sz-c2-b9::4_BKOCO2live_740nm_3085mW_u1_poc0p5_20x0p75NA_457s50_g70_z1_256pix_basicFLIM_120f_0006,E:\18_RK_Circadian\data\raw\20260521_KPC_live_SLIM\fitet-sz-c2-b9\4_BKOCO2live_740nm_3085mW_u1_poc0p5_20x0p75NA_457s50_g70_z1_256pix_basicFLIM_120f_0006_fit_mask.npy,2,65536,860,1.3,652.538763283445,649.5459378264142,46.66107083339842,0.07183644468556158,3.6670343157922414,3.7545919702583275,0.4028606765434584,0.10729812446590312
4_BKOCO2live_740nm_3085mW_u1_poc0p5_20x0p75NA_457s50_g70_z1_256pix_basicFLIM_120f_0007.sdt,20260521_KPC_live_SLIM,live,BKO,457,0.5,2026-05-22 10:33:01.309817,20260521_KPC_live_SLIM::fitet-sz-c2-b9::4_BKOCO2live_740nm_3085mW_u1_poc0p5_20x0p75NA_457s50_g70_z1_256pix_basicFLIM_120f_0007,E:\18_RK_Circadian\data\raw\20260521_KPC_live_SLIM\fitet-sz-c2-b9\4_BKOCO2live_740nm_3085mW_u1_poc0p5_20x0p75NA_457s50_g70_z1_256pix_basicFLIM_120f_0007_fit_mask.npy,2,65536,1323,2.0,637.7126436251225,638.7168510507584,24.471400761642002,0.03831337895874189,3.7296433942798903,3.7416043510754027,0.338929800278001,0.09058408331725043
4_BKOCO2live_740nm_3085mW_u1_poc0p5_20x0p75NA_457s50_g70_z1_256pix_basicFLIM_120f_0008.sdt,20260521_KPC_live_SLIM,live,BKO,457,0.5,2026-05-22 10:34:10.734617,20260521_KPC_live_SLIM::fitet-sz-c2-b9::4_BKOCO2live_740nm_3085mW_u1_poc0p5_20x0p75NA_457s50_g70_z1_256pix_basicFLIM_120f_0008,E:\18_RK_Circadian\data\raw\20260521_KPC_live_SLIM\fitet-sz-c2-b9\4_BKOCO2live_740nm_3085mW_u1_poc0p5_20x0p75NA_457s50_g70_z1_256pix_basicFLIM_120f_0008_fit_mask.npy,2,65536,65420,99.8,615.4241884387152,609.3939480379706,60.03426067067399,0.09851469786328321,3.8893820652289497,4.105775410485812,0.8821118033806006,0.2148465795590669
4_BKOCO2live_740nm_3085mW_u1_poc0p5_20x0p75NA_457s50_g70_z1_256pix_basicFLIM_120f_0009.sdt,20260521_KPC_live_SLIM,live,BKO,457,0.5,2026-05-22 10:35:19.584137,20260521_KPC_live_SLIM::fitet-sz-c2-b9::4_BKOCO2live_740nm_3085mW_u1_poc0p5_20x0p75NA_457s50_g70_z1_256pix_basicFLIM_120f_0009,E:\18_RK_Circadian\data\raw\20260521_KPC_live_SLIM\fitet-sz-c2-b9\4_BKOCO2live_740nm_3085mW_u1_poc0p5_20x0p75NA_457s50_g70_z1_256pix_basicFLIM_120f_0009_fit_mask.npy,2,65536,8576,13.1,581.051005139929,579.0644104075604,34.686053285915165,0.05990016423475625,2.6207784345604646,2.681958907798638,0.28164102896835436,0.105013178296429
4_BKOCO2live_740nm_3085mW_u1_poc0p5_20x0p75NA_457s50_g70_z1_256pix_basicFLIM_120f_0010.sdt,20260521_KPC_live_SLIM,live,BKO,457,0.5,2026-05-22 10:36:27.862402,20260521_KPC_live_SLIM::fitet-sz-c2-b9::4_BKOCO2live_740nm_3085mW_u1_poc0p5_20x0p75NA_457s50_g70_z1_256pix_basicFLIM_120f_0010,E:\18_RK_Circadian\data\raw\20260521_KPC_live_SLIM\fitet-sz-c2-b9\4_BKOCO2live_740nm_3085mW_u1_poc0p5_20x0p75NA_457s50_g70_z1_256pix_basicFLIM_120f_0010_fit_mask.npy,2,65536,62821,95.9,630.9531387635421,626.0091340632054,58.300704475596575,0.09313075689037824,3.975653855104635,3.9880353097542236,0.7869115714047504,0.197318105353798
4_BKOCO2live_740nm_3085mW_u1_poc0p5_20x0p75NA_457s50_g70_z1_256pix_basicFLIM_120f_0011.sdt,20260521_KPC_live_SLIM,live,BKO,457,0.5,2026-05-22 10:37:36.152209,20260521_KPC_live_SLIM::fitet-sz-c2-b9::4_BKOCO2live_740nm_3085mW_u1_poc0p5_20x0p75NA_457s50_g70_z1_256pix_basicFLIM_120f_0011,E:\18_RK_Circadian\data\raw\20260521_KPC_live_SLIM\fitet-sz-c2-b9\4_BKOCO2live_740nm_3085mW_u1_poc0p5_20x0p75NA_457s50_g70_z1_256pix_basicFLIM_120f_0011_fit_mask.npy,2,65536,65108,99.3,640.4181060652687,639.2158095782643,53.7881257180396,0.08414705160926389,3.766028316394018,3.813677020101845,0.6511289732354434,0.1707352169057187
4_BKOCO2live_740nm_3085mW_u1_poc0p5_20x0p75NA_535s50_g70_z1_256pix_basicFLIM_120f_0001.sdt,20260521_KPC_live_SLIM,live,BKO,535,0.5,2026-05-22 10:42:37.051439,20260521_KPC_live_SLIM::fitet-sz-c2-b9::4_BKOCO2live_740nm_3085mW_u1_poc0p5_20x0p75NA_535s50_g70_z1_256pix_basicFLIM_120f_0001,E:\18_RK_Circadian\data\raw\20260521_KPC_live_SLIM\fitet-sz-c2-b9\4_BKOCO2live_740nm_3085mW_u1_poc0p5_20x0p75NA_535s50_g70_z1_256pix_basicFLIM_120f_0001_fit_mask.npy,2,65536,746,1.1,581.0259112533317,587.3998846211864,37.63340828255709,0.06406778289857315,3.361710577034965,3.4064243694460417,0.28763251234354537,0.08443824995014365
4_BKOCO2live_740nm_3085mW_u1_poc0p5_20x0p75NA_535s50_g70_z1_256pix_basicFLIM_120f_0003.sdt,20260521_KPC_live_SLIM,live,BKO,535,0.5,2026-05-22 10:44:53.186681,20260521_KPC_live_SLIM::fitet-sz-c2-b9::4_BKOCO2live_740nm_3085mW_u1_poc0p5_20x0p75NA_535s50_g70_z1_256pix_basicFLIM_120f_0003,E:\18_RK_Circadian\data\raw\20260521_KPC_live_SLIM\fitet-sz-c2-b9\4_BKOCO2live_740nm_3085mW_u1_poc0p5_20x0p75NA_535s50_g70_z1_256pix_basicFLIM_120f_0003_fit_mask.npy,2,65536,14028,21.4,595.1306856477981,596.0892999931768,38.66284096831247,0.06486082029782288,3.6528923305725067,3.7727867028597752,0.5104559941626399,0.13529945750066227
4_BKOCO2live_740nm_3085mW_u1_poc0p5_20x0p75NA_535s50_g70_z1_256pix_basicFLIM_120f_0006.sdt,20260521_KPC_live_SLIM,live,BKO,535,0.5,2026-05-22 10:48:18.823380,20260521_KPC_live_SLIM::fitet-sz-c2-b9::4_BKOCO2live_740nm_3085mW_u1_poc0p5_20x0p75NA_535s50_g70_z1_256pix_basicFLIM_120f_0006,E:\18_RK_Circadian\data\raw\20260521_KPC_live_SLIM\fitet-sz-c2-b9\4_BKOCO2live_740nm_3085mW_u1_poc0p5_20x0p75NA_535s50_g70_z1_256pix_basicFLIM_120f_0006_fit_mask.npy,2,65536,3077,4.7,565.6536426983389,564.074739939202,35.984930441109654,0.0637946142473748,3.494715489138351,3.5217642371841973,0.26258624074685055,0.07456099359927613
4_BKOCO2live_740nm_3085mW_u1_poc0p5_20x0p75NA_535s50_g70_z1_256pix_basicFLIM_120f_0007.sdt,20260521_KPC_live_SLIM,live,BKO,535,0.5,2026-05-22 10:49:26.938535,20260521_KPC_live_SLIM::fitet-sz-c2-b9::4_BKOCO2live_740nm_3085mW_u1_poc0p5_20x0p75NA_535s50_g70_z1_256pix_basicFLIM_120f_0007,E:\18_RK_Circadian\data\raw\20260521_KPC_live_SLIM\fitet-sz-c2-b9\4_BKOCO2live_740nm_3085mW_u1_poc0p5_20x0p75NA_535s50_g70_z1_256pix_basicFLIM_120f_0007_fit_mask.npy,2,65536,9170,14.0,590.0480095553455,594.6510931224127,49.62481726684897,0.08345199031969724,3.4012289019547204,3.4935373749980574,0.4135942223389709,0.11838837772250853
4_BKOCO2live_740nm_3085mW_u1_poc0p5_20x0p75NA_535s50_g70_z1_256pix_basicFLIM_120f_0009.sdt,20260521_KPC_live_SLIM,live,BKO,535,0.5,2026-05-22 10:51:45.111903,20260521_KPC_live_SLIM::fitet-sz-c2-b9::4_BKOCO2live_740nm_3085mW_u1_poc0p5_20x0p75NA_535s50_g70_z1_256pix_basicFLIM_120f_0009,E:\18_RK_Circadian\data\raw\20260521_KPC_live_SLIM\fitet-sz-c2-b9\4_BKOCO2live_740nm_3085mW_u1_poc0p5_20x0p75NA_535s50_g70_z1_256pix_basicFLIM_120f_0009_fit_mask.npy,2,65536,13123,20.0,574.2135757409969,579.5315155379957,43.667378093454396,0.07534944506497929,3.77620386649732,3.860095669531195,0.5051165728580852,0.13085597252034717
4_BKOCO2live_740nm_3085mW_u1_poc0p5_20x0p75NA_535s50_g70_z1_256pix_basicFLIM_120f_0010.sdt,20260521_KPC_live_SLIM,live,BKO,535,0.5,2026-05-22 10:52:53.394634,20260521_KPC_live_SLIM::fitet-sz-c2-b9::4_BKOCO2live_740nm_3085mW_u1_poc0p5_20x0p75NA_535s50_g70_z1_256pix_basicFLIM_120f_0010,E:\18_RK_Circadian\data\raw\20260521_KPC_live_SLIM\fitet-sz-c2-b9\4_BKOCO2live_740nm_3085mW_u1_poc0p5_20x0p75NA_535s50_g70_z1_256pix_basicFLIM_120f_0010_fit_mask.npy,2,65536,1093,1.7,598.0232161016505,598.4956070630614,39.65930231530759,0.0662649848173887,3.354172975877002,3.377940692668339,0.2308864317173426,0.06835123903106728
4_BKOCO2live_740nm_3085mW_u1_poc0p5_20x0p75NA_535s50_g70_z1_256pix_basicFLIM_120f_0011.sdt,20260521_KPC_live_SLIM,live,BKO,535,0.5,2026-05-22 10:54:01.764813,20260521_KPC_live_SLIM::fitet-sz-c2-b9::4_BKOCO2live_740nm_3085mW_u1_poc0p5_20x0p75NA_535s50_g70_z1_256pix_basicFLIM_120f_0011,E:\18_RK_Circadian\data\raw\20260521_KPC_live_SLIM\fitet-sz-c2-b9\4_BKOCO2live_740nm_3085mW_u1_poc0p5_20x0p75NA_535s50_g70_z1_256pix_basicFLIM_120f_0011_fit_mask.npy,2,65536,16440,25.1,603.8641080609458,602.7188866867771,37.087916266699,0.06153435222608673,3.3565992777248086,3.4414151507612294,0.4216101166124432,0.12251068183947074
3_KPCWTglu20min_740nm_3057mW_u1_poc0p25_20x0p75NA_457s50_g70_z1_256pix_basicFLIM_120f_0000.sdt,20260522_KPC_fixed_dishes_SLIM,glu,KPCWT,457,0.25,2026-05-23 05:12:26.767975,20260522_KPC_fixed_dishes_SLIM::fitet-sz-c3-b5::3_KPCWTglu20min_740nm_3057mW_u1_poc0p25_20x0p75NA_457s50_g70_z1_256pix_basicFLIM_120f_0000,E:\18_RK_Circadian\data\raw\20260522_KPC_fixed_dishes_SLIM\fitet-sz-c3-b5\3_KPCWTglu20min_740nm_3057mW_u1_poc0p25_20x0p75NA_457s50_g70_z1_256pix_basicFLIM_120f_0000_fit_mask.npy,3,65536,65040,99.2,811.5976074172781,818.9418356226664,62.51848335553162,0.07634056612579442,2.634397961236461,2.6348453832947136,0.2803078175324266,0.10638492084188969
3_KPCWTglu20min_740nm_3057mW_u1_poc0p25_20x0p75NA_457s50_g70_z1_256pix_basicFLIM_120f_0001.sdt,20260522_KPC_fixed_dishes_SLIM,glu,KPCWT,457,0.25,2026-05-23 05:13:36.015080,20260522_KPC_fixed_dishes_SLIM::fitet-sz-c3-b5::3_KPCWTglu20min_740nm_3057mW_u1_poc0p25_20x0p75NA_457s50_g70_z1_256pix_basicFLIM_120f_0001,E:\18_RK_Circadian\data\raw\20260522_KPC_fixed_dishes_SLIM\fitet-sz-c3-b5\3_KPCWTglu20min_740nm_3057mW_u1_poc0p25_20x0p75NA_457s50_g70_z1_256pix_basicFLIM_120f_0001_fit_mask.npy,3,65536,65528,100.0,782.2184219622418,785.4584343231038,41.6741898664542,0.05305715496246263,2.745956303026003,2.7534349665851354,0.1996727620064738,0.07251769677862119
3_KPCWTglu20min_740nm_3057mW_u1_poc0p25_20x0p75NA_457s50_g70_z1_256pix_basicFLIM_120f_0002.sdt,20260522_KPC_fixed_dishes_SLIM,glu,KPCWT,457,0.25,2026-05-23 05:14:45.067780,20260522_KPC_fixed_dishes_SLIM::fitet-sz-c3-b5::3_KPCWTglu20min_740nm_3057mW_u1_poc0p25_20x0p75NA_457s50_g70_z1_256pix_basicFLIM_120f_0002,E:\18_RK_Circadian\data\raw\20260522_KPC_fixed_dishes_SLIM\fitet-sz-c3-b5\3_KPCWTglu20min_740nm_3057mW_u1_poc0p25_20x0p75NA_457s50_g70_z1_256pix_basicFLIM_120f_0002_fit_mask.npy,3,65536,65510,100.0,789.1695538641507,793.1438764957538,45.33742619547306,0.05716166705564394,2.694255340622932,2.69414602462685,0.21487527805318188,0.07975635919101415
3_KPCWTglu20min_740nm_3057mW_u1_poc0p25_20x0p75NA_457s50_g70_z1_256pix_basicFLIM_120f_0003.sdt,20260522_KPC_fixed_dishes_SLIM,glu,KPCWT,457,0.25,2026-05-23 05:15:54.142676,20260522_KPC_fixed_dishes_SLIM::fitet-sz-c3-b5::3_KPCWTglu20min_740nm_3057mW_u1_poc0p25_20x0p75NA_457s50_g70_z1_256pix_basicFLIM_120f_0003,E:\18_RK_Circadian\data\raw\20260522_KPC_fixed_dishes_SLIM\fitet-sz-c3-b5\3_KPCWTglu20min_740nm_3057mW_u1_poc0p25_20x0p75NA_457s50_g70_z1_256pix_basicFLIM_120f_0003_fit_mask.npy,3,65536,65497,99.9,796.4564668611928,799.9218472598436,43.951868304979456,0.05494520302894327,2.695929692067356,2.6931466422776267,0.22325967971313174,0.08289919167725614
3_KPCWTglu20min_740nm_3057mW_u1_poc0p25_20x0p75NA_457s50_g70_z1_256pix_basicFLIM_120f_0004.sdt,20260522_KPC_fixed_dishes_SLIM,glu,KPCWT,457,0.25,2026-05-23 05:17:03.286191,20260522_KPC_fixed_dishes_SLIM::fitet-sz-c3-b5::3_KPCWTglu20min_740nm_3057mW_u1_poc0p25_20x0p75NA_457s50_g70_z1_256pix_basicFLIM_120f_0004,E:\18_RK_Circadian\data\raw\20260522_KPC_fixed_dishes_SLIM\fitet-sz-c3-b5\3_KPCWTglu20min_740nm_3057mW_u1_poc0p25_20x0p75NA_457s50_g70_z1_256pix_basicFLIM_120f_0004_fit_mask.npy,3,65536,65505,100.0,797.6614239186279,799.9407428054782,37.60205459597477,0.0470060500532831,2.700603992162098,2.704067026005493,0.17341281250806456,0.06413036764263709
3_KPCWTglu20min_740nm_3057mW_u1_poc0p25_20x0p75NA_457s50_g70_z1_256pix_basicFLIM_120f_0005.sdt,20260522_KPC_fixed_dishes_SLIM,glu,KPCWT,457,0.25,2026-05-23 05:18:12.828340,20260522_KPC_fixed_dishes_SLIM::fitet-sz-c3-b5::3_KPCWTglu20min_740nm_3057mW_u1_poc0p25_20x0p75NA_457s50_g70_z1_256pix_basicFLIM_120f_0005,E:\18_RK_Circadian\data\raw\20260522_KPC_fixed_dishes_SLIM\fitet-sz-c3-b5\3_KPCWTglu20min_740nm_3057mW_u1_poc0p25_20x0p75NA_457s50_g70_z1_256pix_basicFLIM_120f_0005_fit_mask.npy,3,65536,65462,99.9,780.3528070814968,782.6474608886656,34.05407212053145,0.04351138133363952,2.739797399778123,2.7384526618043115,0.17761372578032483,0.06485915504681344
3_KPCWTglu20min_740nm_3057mW_u1_poc0p25_20x0p75NA_457s50_g70_z1_256pix_basicFLIM_120f_0006.sdt,20260522_KPC_fixed_dishes_SLIM,glu,KPCWT,457,0.25,2026-05-23 05:19:22.076582,20260522_KPC_fixed_dishes_SLIM::fitet-sz-c3-b5::3_KPCWTglu20min_740nm_3057mW_u1_poc0p25_20x0p75NA_457s50_g70_z1_256pix_basicFLIM_120f_0006,E:\18_RK_Circadian\data\raw\20260522_KPC_fixed_dishes_SLIM\fitet-sz-c3-b5\3_KPCWTglu20min_740nm_3057mW_u1_poc0p25_20x0p75NA_457s50_g70_z1_256pix_basicFLIM_120f_0006_fit_mask.npy,3,65536,65441,99.9,785.0964335666044,788.4697443455755,36.1129895037776,0.04580136367027137,2.7226276614210962,2.7187517225769056,0.16873631435241057,0.06206389239267416
3_KPCWTglu20min_740nm_3057mW_u1_poc0p25_20x0p75NA_457s50_g70_z1_256pix_basicFLIM_120f_0007.sdt,20260522_KPC_fixed_dishes_SLIM,glu,KPCWT,457,0.25,2026-05-23 05:20:30.405339,20260522_KPC_fixed_dishes_SLIM::fitet-sz-c3-b5::3_KPCWTglu20min_740nm_3057mW_u1_poc0p25_20x0p75NA_457s50_g70_z1_256pix_basicFLIM_120f_0007,E:\18_RK_Circadian\data\raw\20260522_KPC_fixed_dishes_SLIM\fitet-sz-c3-b5\3_KPCWTglu20min_740nm_3057mW_u1_poc0p25_20x0p75NA_457s50_g70_z1_256pix_basicFLIM_120f_0007_fit_mask.npy,3,65536,65414,99.8,806.1743811186881,811.3264929620758,50.84902744812053,0.0626739393933453,2.6134930658777096,2.60704737121495,0.23271553532244246,0.0892640225459314
3_KPCWTglu20min_740nm_3057mW_u1_poc0p25_20x0p75NA_457s50_g70_z1_256pix_basicFLIM_120f_0008.sdt,20260522_KPC_fixed_dishes_SLIM,glu,KPCWT,457,0.25,2026-05-23 05:21:39.137209,20260522_KPC_fixed_dishes_SLIM::fitet-sz-c3-b5::3_KPCWTglu20min_740nm_3057mW_u1_poc0p25_20x0p75NA_457s50_g70_z1_256pix_basicFLIM_120f_0008,E:\18_RK_Circadian\data\raw\20260522_KPC_fixed_dishes_SLIM\fitet-sz-c3-b5\3_KPCWTglu20min_740nm_3057mW_u1_poc0p25_20x0p75NA_457s50_g70_z1_256pix_basicFLIM_120f_0008_fit_mask.npy,3,65536,65229,99.5,776.7200932675738,777.6522873406107,30.085929260910792,0.0386881511836063,2.7728832238081647,2.7679629124108582,0.1667710491077043,0.06025046374716378
3_KPCWTglu20min_740nm_3057mW_u1_poc0p25_20x0p75NA_457s50_g70_z1_256pix_basicFLIM_120f_0009.sdt,20260522_KPC_fixed_dishes_SLIM,glu,KPCWT,457,0.25,2026-05-23 05:22:48.189129,20260522_KPC_fixed_dishes_SLIM::fitet-sz-c3-b5::3_KPCWTglu20min_740nm_3057mW_u1_poc0p25_20x0p75NA_457s50_g70_z1_256pix_basicFLIM_120f_0009,E:\18_RK_Circadian\data\raw\20260522_KPC_fixed_dishes_SLIM\fitet-sz-c3-b5\3_KPCWTglu20min_740nm_3057mW_u1_poc0p25_20x0p75NA_457s50_g70_z1_256pix_basicFLIM_120f_0009_fit_mask.npy,3,65536,64995,99.2,805.8353522286691,810.1073418259675,48.89475816049524,0.06035590055299009,2.6551309279532593,2.6510850895947162,0.23233425976615416,0.08763742087270092
3_KPCWTglu20min_740nm_3057mW_u1_poc0p25_20x0p75NA_457s50_g70_z1_256pix_basicFLIM_120f_0010.sdt,20260522_KPC_fixed_dishes_SLIM,glu,KPCWT,457,0.25,2026-05-23 05:23:56.576950,20260522_KPC_fixed_dishes_SLIM::fitet-sz-c3-b5::3_KPCWTglu20min_740nm_3057mW_u1_poc0p25_20x0p75NA_457s50_g70_z1_256pix_basicFLIM_120f_0010,E:\18_RK_Circadian\data\raw\20260522_KPC_fixed_dishes_SLIM\fitet-sz-c3-b5\3_KPCWTglu20min_740nm_3057mW_u1_poc0p25_20x0p75NA_457s50_g70_z1_256pix_basicFLIM_120f_0010_fit_mask.npy,3,65536,46363,70.7,830.9587409531946,839.8876258261279,83.04167256026462,0.09887236102399223,2.619935936626379,2.6319288915291614,0.33753667960570743,0.12824688413583896
3_KPCWTglu20min_740nm_3057mW_u1_poc0p25_20x0p75NA_457s50_g70_z1_256pix_basicFLIM_120f_0011.sdt,20260522_KPC_fixed_dishes_SLIM,glu,KPCWT,457,0.25,2026-05-23 05:25:04.692097,20260522_KPC_fixed_dishes_SLIM::fitet-sz-c3-b5::3_KPCWTglu20min_740nm_3057mW_u1_poc0p25_20x0p75NA_457s50_g70_z1_256pix_basicFLIM_120f_0011,E:\18_RK_Circadian\data\raw\20260522_KPC_fixed_dishes_SLIM\fitet-sz-c3-b5\3_KPCWTglu20min_740nm_3057mW_u1_poc0p25_20x0p75NA_457s50_g70_z1_256pix_basicFLIM_120f_0011_fit_mask.npy,3,65536,57889,88.3,823.0198933584928,827.992121507042,61.52846470762724,0.07431044705550854,2.6354737825433574,2.634944290350645,0.23962737128796374,0.0909421015713677
3_KPCWTglu20min_740nm_3057mW_u1_poc0p25_20x0p75NA_457s50_g70_z1_256pix_basicFLIM_120f_0012.sdt,20260522_KPC_fixed_dishes_SLIM,glu,KPCWT,457,0.25,2026-05-23 05:26:13.651693,20260522_KPC_fixed_dishes_SLIM::fitet-sz-c3-b5::3_KPCWTglu20min_740nm_3057mW_u1_poc0p25_20x0p75NA_457s50_g70_z1_256pix_basicFLIM_120f_0012,E:\18_RK_Circadian\data\raw\20260522_KPC_fixed_dishes_SLIM\fitet-sz-c3-b5\3_KPCWTglu20min_740nm_3057mW_u1_poc0p25_20x0p75NA_457s50_g70_z1_256pix_basicFLIM_120f_0012_fit_mask.npy,3,65536,46073,70.3,816.6552366960032,821.6421102187624,64.71296057560849,0.07876052087736674,2.6747450366000383,2.679901608172633,0.26256965838422724,0.09797735020699802
3_KPCWTglu20min_740nm_3057mW_u1_poc0p25_20x0p75NA_457s50_g70_z1_256pix_basicFLIM_120f_0013.sdt,20260522_KPC_fixed_dishes_SLIM,glu,KPCWT,457,0.25,2026-05-23 05:27:23.761592,20260522_KPC_fixed_dishes_SLIM::fitet-sz-c3-b5::3_KPCWTglu20min_740nm_3057mW_u1_poc0p25_20x0p75NA_457s50_g70_z1_256pix_basicFLIM_120f_0013,E:\18_RK_Circadian\data\raw\20260522_KPC_fixed_dishes_SLIM\fitet-sz-c3-b5\3_KPCWTglu20min_740nm_3057mW_u1_poc0p25_20x0p75NA_457s50_g70_z1_256pix_basicFLIM_120f_0013_fit_mask.npy,3,65536,65107,99.3,797.0824815520881,804.0888865468677,60.93161338161585,0.0757772112027124,2.7402047131635325,2.7353522116407927,0.23289977356152303,0.08514434542300453
3_KPCWTglu20min_740nm_3057mW_u1_poc0p25_20x0p75NA_457s50_g70_z1_256pix_basicFLIM_120f_0014.sdt,20260522_KPC_fixed_dishes_SLIM,glu,KPCWT,457,0.25,2026-05-23 05:28:32.443810,20260522_KPC_fixed_dishes_SLIM::fitet-sz-c3-b5::3_KPCWTglu20min_740nm_3057mW_u1_poc0p25_20x0p75NA_457s50_g70_z1_256pix_basicFLIM_120f_0014,E:\18_RK_Circadian\data\raw\20260522_KPC_fixed_dishes_SLIM\fitet-sz-c3-b5\3_KPCWTglu20min_740nm_3057mW_u1_poc0p25_20x0p75NA_457s50_g70_z1_256pix_basicFLIM_120f_0014_fit_mask.npy,3,65536,65471,99.9,802.393941627666,807.6686993137637,51.92068890970143,0.06428463670043903,2.7021174840237845,2.6998392183510296,0.19332312348586073,0.07160542086055627
3_KPCWTglu20min_740nm_3057mW_u1_poc0p25_20x0p75NA_535s50_g70_z1_256pix_basicFLIM_120f_0000.sdt,20260522_KPC_fixed_dishes_SLIM,glu,KPCWT,535,0.25,2026-05-23 05:30:35.501892,20260522_KPC_fixed_dishes_SLIM::fitet-sz-c3-b5::3_KPCWTglu20min_740nm_3057mW_u1_poc0p25_20x0p75NA_535s50_g70_z1_256pix_basicFLIM_120f_0000,E:\18_RK_Circadian\data\raw\20260522_KPC_fixed_dishes_SLIM\fitet-sz-c3-b5\3_KPCWTglu20min_740nm_3057mW_u1_poc0p25_20x0p75NA_535s50_g70_z1_256pix_basicFLIM_120f_0000_fit_mask.npy,3,65536,64207,98.0,819.4391315071,820.444890482989,55.10100242935855,0.06715990686092403,2.087216296330629,2.0933152653845712,0.3212594185999952,0.1534691997485507
3_KPCWTglu20min_740nm_3057mW_u1_poc0p25_20x0p75NA_535s50_g70_z1_256pix_basicFLIM_120f_0001.sdt,20260522_KPC_fixed_dishes_SLIM,glu,KPCWT,535,0.25,2026-05-23 05:31:44.648797,20260522_KPC_fixed_dishes_SLIM::fitet-sz-c3-b5::3_KPCWTglu20min_740nm_3057mW_u1_poc0p25_20x0p75NA_535s50_g70_z1_256pix_basicFLIM_120f_0001,E:\18_RK_Circadian\data\raw\20260522_KPC_fixed_dishes_SLIM\fitet-sz-c3-b5\3_KPCWTglu20min_740nm_3057mW_u1_poc0p25_20x0p75NA_535s50_g70_z1_256pix_basicFLIM_120f_0001_fit_mask.npy,3,65536,59665,91.0,796.0090090828947,798.3133298120232,34.933829153455214,0.04375954634464264,2.1546467135561653,2.1579123732538923,0.1870212084470905,0.08666765655784404
3_KPCWTglu20min_740nm_3057mW_u1_poc0p25_20x0p75NA_535s50_g70_z1_256pix_basicFLIM_120f_0002.sdt,20260522_KPC_fixed_dishes_SLIM,glu,KPCWT,535,0.25,2026-05-23 05:32:53.558119,20260522_KPC_fixed_dishes_SLIM::fitet-sz-c3-b5::3_KPCWTglu20min_740nm_3057mW_u1_poc0p25_20x0p75NA_535s50_g70_z1_256pix_basicFLIM_120f_0002,E:\18_RK_Circadian\data\raw\20260522_KPC_fixed_dishes_SLIM\fitet-sz-c3-b5\3_KPCWTglu20min_740nm_3057mW_u1_poc0p25_20x0p75NA_535s50_g70_z1_256pix_basicFLIM_120f_0002_fit_mask.npy,3,65536,63140,96.3,806.5565082180481,808.0430688098319,40.54387147773783,0.05017538426194902,2.11345404584421,2.1124251353498438,0.20696788128878907,0.09797643373265043
3_KPCWTglu20min_740nm_3057mW_u1_poc0p25_20x0p75NA_535s50_g70_z1_256pix_basicFLIM_120f_0003.sdt,20260522_KPC_fixed_dishes_SLIM,glu,KPCWT,535,0.25,2026-05-23 05:34:02.601806,20260522_KPC_fixed_dishes_SLIM::fitet-sz-c3-b5::3_KPCWTglu20min_740nm_3057mW_u1_poc0p25_20x0p75NA_535s50_g70_z1_256pix_basicFLIM_120f_0003,E:\18_RK_Circadian\data\raw\20260522_KPC_fixed_dishes_SLIM\fitet-sz-c3-b5\3_KPCWTglu20min_740nm_3057mW_u1_poc0p25_20x0p75NA_535s50_g70_z1_256pix_basicFLIM_120f_0003_fit_mask.npy,3,65536,63757,97.3,809.2522332511272,810.8187997655093,40.87286441712091,0.05040936942870767,2.0901838970449997,2.0805692036779404,0.21905314126185046,0.10528519833640611
3_KPCWTglu20min_740nm_3057mW_u1_poc0p25_20x0p75NA_535s50_g70_z1_256pix_basicFLIM_120f_0004.sdt,20260522_KPC_fixed_dishes_SLIM,glu,KPCWT,535,0.25,2026-05-23 05:35:11.619722,20260522_KPC_fixed_dishes_SLIM::fitet-sz-c3-b5::3_KPCWTglu20min_740nm_3057mW_u1_poc0p25_20x0p75NA_535s50_g70_z1_256pix_basicFLIM_120f_0004,E:\18_RK_Circadian\data\raw\20260522_KPC_fixed_dishes_SLIM\fitet-sz-c3-b5\3_KPCWTglu20min_740nm_3057mW_u1_poc0p25_20x0p75NA_535s50_g70_z1_256pix_basicFLIM_120f_0004_fit_mask.npy,3,65536,59588,90.9,820.6062974758694,821.8755321233044,37.3605050717706,0.04545761932497277,2.0742783502049944,2.0727230489168504,0.1837822558471853,0.08866705850703256
3_KPCWTglu20min_740nm_3057mW_u1_poc0p25_20x0p75NA_535s50_g70_z1_256pix_basicFLIM_120f_0005.sdt,20260522_KPC_fixed_dishes_SLIM,glu,KPCWT,535,0.25,2026-05-23 05:36:21.038221,20260522_KPC_fixed_dishes_SLIM::fitet-sz-c3-b5::3_KPCWTglu20min_740nm_3057mW_u1_poc0p25_20x0p75NA_535s50_g70_z1_256pix_basicFLIM_120f_0005,E:\18_RK_Circadian\data\raw\20260522_KPC_fixed_dishes_SLIM\fitet-sz-c3-b5\3_KPCWTglu20min_740nm_3057mW_u1_poc0p25_20x0p75NA_535s50_g70_z1_256pix_basicFLIM_120f_0005_fit_mask.npy,3,65536,53094,81.0,803.6570042124703,806.9069712295402,38.81368092002076,0.04810180393023208,2.1380207746658573,2.1331075222672347,0.17472141177890022,0.08190933178707867
3_KPCWTglu20min_740nm_3057mW_u1_poc0p25_20x0p75NA_535s50_g70_z1_256pix_basicFLIM_120f_0006.sdt,20260522_KPC_fixed_dishes_SLIM,glu,KPCWT,535,0.25,2026-05-23 05:37:30.199995,20260522_KPC_fixed_dishes_SLIM::fitet-sz-c3-b5::3_KPCWTglu20min_740nm_3057mW_u1_poc0p25_20x0p75NA_535s50_g70_z1_256pix_basicFLIM_120f_0006,E:\18_RK_Circadian\data\raw\20260522_KPC_fixed_dishes_SLIM\fitet-sz-c3-b5\3_KPCWTglu20min_740nm_3057mW_u1_poc0p25_20x0p75NA_535s50_g70_z1_256pix_basicFLIM_120f_0006_fit_mask.npy,3,65536,51689,78.9,806.8290397166422,810.5572642451857,37.25732474606838,0.0459650741403983,2.113697648046298,2.113902443045851,0.17861412638541774,0.08449497136114693
3_KPCWTglu20min_740nm_3057mW_u1_poc0p25_20x0p75NA_535s50_g70_z1_256pix_basicFLIM_120f_0007.sdt,20260522_KPC_fixed_dishes_SLIM,glu,KPCWT,535,0.25,2026-05-23 05:38:38.532679,20260522_KPC_fixed_dishes_SLIM::fitet-sz-c3-b5::3_KPCWTglu20min_740nm_3057mW_u1_poc0p25_20x0p75NA_535s50_g70_z1_256pix_basicFLIM_120f_0007,E:\18_RK_Circadian\data\raw\20260522_KPC_fixed_dishes_SLIM\fitet-sz-c3-b5\3_KPCWTglu20min_740nm_3057mW_u1_poc0p25_20x0p75NA_535s50_g70_z1_256pix_basicFLIM_120f_0007_fit_mask.npy,3,65536,64288,98.1,812.8881578382649,814.8665926618471,43.55975898142787,0.053456307294590825,2.0603420983242158,2.060634379064423,0.23568687928158186,0.1143758842791846
3_KPCWTglu20min_740nm_3057mW_u1_poc0p25_20x0p75NA_535s50_g70_z1_256pix_basicFLIM_120f_0008.sdt,20260522_KPC_fixed_dishes_SLIM,glu,KPCWT,535,0.25,2026-05-23 05:39:47.424508,20260522_KPC_fixed_dishes_SLIM::fitet-sz-c3-b5::3_KPCWTglu20min_740nm_3057mW_u1_poc0p25_20x0p75NA_535s50_g70_z1_256pix_basicFLIM_120f_0008,E:\18_RK_Circadian\data\raw\20260522_KPC_fixed_dishes_SLIM\fitet-sz-c3-b5\3_KPCWTglu20min_740nm_3057mW_u1_poc0p25_20x0p75NA_535s50_g70_z1_256pix_basicFLIM_120f_0008_fit_mask.npy,3,65536,46064,70.3,784.2619230024538,787.5213349941107,35.1491453435091,0.044632626167228795,2.197092154281502,2.1926450635892025,0.1693914462591696,0.07725438515884918
3_KPCWTglu20min_740nm_3057mW_u1_poc0p25_20x0p75NA_535s50_g70_z1_256pix_basicFLIM_120f_0009.sdt,20260522_KPC_fixed_dishes_SLIM,glu,KPCWT,535,0.25,2026-05-23 05:40:56.563073,20260522_KPC_fixed_dishes_SLIM::fitet-sz-c3-b5::3_KPCWTglu20min_740nm_3057mW_u1_poc0p25_20x0p75NA_535s50_g70_z1_256pix_basicFLIM_120f_0009,E:\18_RK_Circadian\data\raw\20260522_KPC_fixed_dishes_SLIM\fitet-sz-c3-b5\3_KPCWTglu20min_740nm_3057mW_u1_poc0p25_20x0p75NA_535s50_g70_z1_256pix_basicFLIM_120f_0009_fit_mask.npy,3,65536,63855,97.4,812.0789951589798,813.5815981849643,45.35310290905559,0.05574499596627401,2.0985388494155397,2.1009312322636258,0.26221053917293624,0.12480681668500893
3_KPCWTglu20min_740nm_3057mW_u1_poc0p25_20x0p75NA_535s50_g70_z1_256pix_basicFLIM_120f_0010.sdt,20260522_KPC_fixed_dishes_SLIM,glu,KPCWT,535,0.25,2026-05-23 05:42:05.115118,20260522_KPC_fixed_dishes_SLIM::fitet-sz-c3-b5::3_KPCWTglu20min_740nm_3057mW_u1_poc0p25_20x0p75NA_535s50_g70_z1_256pix_basicFLIM_120f_0010,E:\18_RK_Circadian\data\raw\20260522_KPC_fixed_dishes_SLIM\fitet-sz-c3-b5\3_KPCWTglu20min_740nm_3057mW_u1_poc0p25_20x0p75NA_535s50_g70_z1_256pix_basicFLIM_120f_0010_fit_mask.npy,3,65536,46602,71.1,827.6223806618588,833.1446485909997,65.70095452901536,0.07885900082311963,2.036586383439487,2.0287535643272703,0.32951877286372044,0.1624242483945989
3_KPCWTglu20min_740nm_3057mW_u1_poc0p25_20x0p75NA_535s50_g70_z1_256pix_basicFLIM_120f_0011.sdt,20260522_KPC_fixed_dishes_SLIM,glu,KPCWT,535,0.25,2026-05-23 05:43:13.653683,20260522_KPC_fixed_dishes_SLIM::fitet-sz-c3-b5::3_KPCWTglu20min_740nm_3057mW_u1_poc0p25_20x0p75NA_535s50_g70_z1_256pix_basicFLIM_120f_0011,E:\18_RK_Circadian\data\raw\20260522_KPC_fixed_dishes_SLIM\fitet-sz-c3-b5\3_KPCWTglu20min_740nm_3057mW_u1_poc0p25_20x0p75NA_535s50_g70_z1_256pix_basicFLIM_120f_0011_fit_mask.npy,3,65536,14621,22.3,818.5043722567658,834.2505669800337,91.05958847932138,0.10915136540926167,1.7803015628663765,1.7934709628526588,0.32149495871980405,0.17925852460328692
3_KPCWTglu20min_740nm_3057mW_u1_poc0p25_20x0p75NA_535s50_g70_z1_256pix_basicFLIM_120f_0012.sdt,20260522_KPC_fixed_dishes_SLIM,glu,KPCWT,535,0.25,2026-05-23 05:44:23.023510,20260522_KPC_fixed_dishes_SLIM::fitet-sz-c3-b5::3_KPCWTglu20min_740nm_3057mW_u1_poc0p25_20x0p75NA_535s50_g70_z1_256pix_basicFLIM_120f_0012,E:\18_RK_Circadian\data\raw\20260522_KPC_fixed_dishes_SLIM\fitet-sz-c3-b5\3_KPCWTglu20min_740nm_3057mW_u1_poc0p25_20x0p75NA_535s50_g70_z1_256pix_basicFLIM_120f_0012_fit_mask.npy,3,65536,6409,9.8,893.8034340737393,957.9893199158645,207.74771123723545,0.2168580660747668,1.4534914446509946,1.4560381960073185,0.5005181558867567,0.34375345183886985
3_KPCWTglu20min_740nm_3057mW_u1_poc0p25_20x0p75NA_535s50_g70_z1_256pix_basicFLIM_120f_0013.sdt,20260522_KPC_fixed_dishes_SLIM,glu,KPCWT,535,0.25,2026-05-23 05:45:33.505617,20260522_KPC_fixed_dishes_SLIM::fitet-sz-c3-b5::3_KPCWTglu20min_740nm_3057mW_u1_poc0p25_20x0p75NA_535s50_g70_z1_256pix_basicFLIM_120f_0013,E:\18_RK_Circadian\data\raw\20260522_KPC_fixed_dishes_SLIM\fitet-sz-c3-b5\3_KPCWTglu20min_740nm_3057mW_u1_poc0p25_20x0p75NA_535s50_g70_z1_256pix_basicFLIM_120f_0013_fit_mask.npy,3,65536,779,1.2,835.6195195943366,924.7465196063624,230.3402771615181,0.2490847732625879,1.3602367194943923,1.3009482264260854,0.5146669608825281,0.3956091029820619
3_KPCWTglu20min_740nm_3057mW_u1_poc0p25_20x0p75NA_535s50_g70_z1_256pix_basicFLIM_120f_0014.sdt,20260522_KPC_fixed_dishes_SLIM,glu,KPCWT,535,0.25,2026-05-23 05:46:42.513739,20260522_KPC_fixed_dishes_SLIM::fitet-sz-c3-b5::3_KPCWTglu20min_740nm_3057mW_u1_poc0p25_20x0p75NA_535s50_g70_z1_256pix_basicFLIM_120f_0014,E:\18_RK_Circadian\data\raw\20260522_KPC_fixed_dishes_SLIM\fitet-sz-c3-b5\3_KPCWTglu20min_740nm_3057mW_u1_poc0p25_20x0p75NA_535s50_g70_z1_256pix_basicFLIM_120f_0014_fit_mask.npy,3,65536,52355,79.9,806.9965811029782,808.5527049853682,38.927965283762845,0.048145241545468946,2.1077421615384786,2.1055621579493162,0.20283629933397468,0.09633356040722367
4_BKOCO2glu20min_740nm_3053mW_u1_poc0p25_20x0p75NA_457s50_g70_z1_256pix_basicFLIM_120f_0000.sdt,20260522_KPC_fixed_dishes_SLIM,glu,BKO,457,0.25,2026-05-23 06:06:19.788849,20260522_KPC_fixed_dishes_SLIM::fitet-sz-c3-b5::4_BKOCO2glu20min_740nm_3053mW_u1_poc0p25_20x0p75NA_457s50_g70_z1_256pix_basicFLIM_120f_0000,E:\18_RK_Circadian\data\raw\20260522_KPC_fixed_dishes_SLIM\fitet-sz-c3-b5\4_BKOCO2glu20min_740nm_3053mW_u1_poc0p25_20x0p75NA_457s50_g70_z1_256pix_basicFLIM_120f_0000_fit_mask.npy,3,65536,65526,100.0,823.5793544974185,828.4862168067315,51.03010253084379,0.061594389255540324,2.6695596303092923,2.663365168651888,0.1881201151613768,0.07063249057079067
4_BKOCO2glu20min_740nm_3053mW_u1_poc0p25_20x0p75NA_457s50_g70_z1_256pix_basicFLIM_120f_0001.sdt,20260522_KPC_fixed_dishes_SLIM,glu,BKO,457,0.25,2026-05-23 06:07:28.295093,20260522_KPC_fixed_dishes_SLIM::fitet-sz-c3-b5::4_BKOCO2glu20min_740nm_3053mW_u1_poc0p25_20x0p75NA_457s50_g70_z1_256pix_basicFLIM_120f_0001,E:\18_RK_Circadian\data\raw\20260522_KPC_fixed_dishes_SLIM\fitet-sz-c3-b5\4_BKOCO2glu20min_740nm_3053mW_u1_poc0p25_20x0p75NA_457s50_g70_z1_256pix_basicFLIM_120f_0001_fit_mask.npy,3,65536,65472,99.9,869.347016490673,872.7488892615112,59.555665068052235,0.06823917601137952,2.4806392627962603,2.476790370454039,0.21637709741977867,0.08736189384494134
4_BKOCO2glu20min_740nm_3053mW_u1_poc0p25_20x0p75NA_457s50_g70_z1_256pix_basicFLIM_120f_0002.sdt,20260522_KPC_fixed_dishes_SLIM,glu,BKO,457,0.25,2026-05-23 06:08:36.883943,20260522_KPC_fixed_dishes_SLIM::fitet-sz-c3-b5::4_BKOCO2glu20min_740nm_3053mW_u1_poc0p25_20x0p75NA_457s50_g70_z1_256pix_basicFLIM_120f_0002,E:\18_RK_Circadian\data\raw\20260522_KPC_fixed_dishes_SLIM\fitet-sz-c3-b5\4_BKOCO2glu20min_740nm_3053mW_u1_poc0p25_20x0p75NA_457s50_g70_z1_256pix_basicFLIM_120f_0002_fit_mask.npy,3,65536,65509,100.0,864.4892854864139,868.0928014601569,63.51102315414569,0.07316155950990301,2.4980399259561694,2.4982574477221355,0.22631155486160068,0.09058776351010074
4_BKOCO2glu20min_740nm_3053mW_u1_poc0p25_20x0p75NA_457s50_g70_z1_256pix_basicFLIM_120f_0003.sdt,20260522_KPC_fixed_dishes_SLIM,glu,BKO,457,0.25,2026-05-23 06:09:45.691823,20260522_KPC_fixed_dishes_SLIM::fitet-sz-c3-b5::4_BKOCO2glu20min_740nm_3053mW_u1_poc0p25_20x0p75NA_457s50_g70_z1_256pix_basicFLIM_120f_0003,E:\18_RK_Circadian\data\raw\20260522_KPC_fixed_dishes_SLIM\fitet-sz-c3-b5\4_BKOCO2glu20min_740nm_3053mW_u1_poc0p25_20x0p75NA_457s50_g70_z1_256pix_basicFLIM_120f_0003_fit_mask.npy,3,65536,65463,99.9,899.1967379906812,903.1764760823888,72.66765780816418,0.08045787255594482,2.365555292738361,2.363858712923028,0.2486779628771636,0.10520001111642624
4_BKOCO2glu20min_740nm_3053mW_u1_poc0p25_20x0p75NA_457s50_g70_z1_256pix_basicFLIM_120f_0004.sdt,20260522_KPC_fixed_dishes_SLIM,glu,BKO,457,0.25,2026-05-23 06:10:54.300079,20260522_KPC_fixed_dishes_SLIM::fitet-sz-c3-b5::4_BKOCO2glu20min_740nm_3053mW_u1_poc0p25_20x0p75NA_457s50_g70_z1_256pix_basicFLIM_120f_0004,E:\18_RK_Circadian\data\raw\20260522_KPC_fixed_dishes_SLIM\fitet-sz-c3-b5\4_BKOCO2glu20min_740nm_3053mW_u1_poc0p25_20x0p75NA_457s50_g70_z1_256pix_basicFLIM_120f_0004_fit_mask.npy,3,65536,65502,99.9,868.9690362070291,874.9275542701955,66.73540038053693,0.07627534423258965,2.4789702793773185,2.475298313745939,0.23032196395602492,0.09304816420590219
4_BKOCO2glu20min_740nm_3053mW_u1_poc0p25_20x0p75NA_457s50_g70_z1_256pix_basicFLIM_120f_0005.sdt,20260522_KPC_fixed_dishes_SLIM,glu,BKO,457,0.25,2026-05-23 06:12:04.100128,20260522_KPC_fixed_dishes_SLIM::fitet-sz-c3-b5::4_BKOCO2glu20min_740nm_3053mW_u1_poc0p25_20x0p75NA_457s50_g70_z1_256pix_basicFLIM_120f_0005,E:\18_RK_Circadian\data\raw\20260522_KPC_fixed_dishes_SLIM\fitet-sz-c3-b5\4_BKOCO2glu20min_740nm_3053mW_u1_poc0p25_20x0p75NA_457s50_g70_z1_256pix_basicFLIM_120f_0005_fit_mask.npy,3,65536,65499,99.9,832.8951431218358,837.868637729807,55.473339906841154,0.06620768150141694,2.585434030440933,2.5839504113256053,0.21188407651154145,0.08200005525757816
4_BKOCO2glu20min_740nm_3053mW_u1_poc0p25_20x0p75NA_457s50_g70_z1_256pix_basicFLIM_120f_0006.sdt,20260522_KPC_fixed_dishes_SLIM,glu,BKO,457,0.25,2026-05-23 06:13:13.153568,20260522_KPC_fixed_dishes_SLIM::fitet-sz-c3-b5::4_BKOCO2glu20min_740nm_3053mW_u1_poc0p25_20x0p75NA_457s50_g70_z1_256pix_basicFLIM_120f_0006,E:\18_RK_Circadian\data\raw\20260522_KPC_fixed_dishes_SLIM\fitet-sz-c3-b5\4_BKOCO2glu20min_740nm_3053mW_u1_poc0p25_20x0p75NA_457s50_g70_z1_256pix_basicFLIM_120f_0006_fit_mask.npy,3,65536,65490,99.9,868.1569453469115,873.5295500676449,64.22220025638147,0.07352035228963713,2.452255886823095,2.45779370518414,0.23071980299551018,0.09387272923226257
4_BKOCO2glu20min_740nm_3053mW_u1_poc0p25_20x0p75NA_457s50_g70_z1_256pix_basicFLIM_120f_0007.sdt,20260522_KPC_fixed_dishes_SLIM,glu,BKO,457,0.25,2026-05-23 06:14:21.823655,20260522_KPC_fixed_dishes_SLIM::fitet-sz-c3-b5::4_BKOCO2glu20min_740nm_3053mW_u1_poc0p25_20x0p75NA_457s50_g70_z1_256pix_basicFLIM_120f_0007,E:\18_RK_Circadian\data\raw\20260522_KPC_fixed_dishes_SLIM\fitet-sz-c3-b5\4_BKOCO2glu20min_740nm_3053mW_u1_poc0p25_20x0p75NA_457s50_g70_z1_256pix_basicFLIM_120f_0007_fit_mask.npy,3,65536,65367,99.7,844.6618237702918,850.2441868371945,60.674742668417394,0.0713615495498065,2.4738735960953084,2.4644793916692413,0.23117621345585068,0.09380326499677906
4_BKOCO2glu20min_740nm_3053mW_u1_poc0p25_20x0p75NA_457s50_g70_z1_256pix_basicFLIM_120f_0008.sdt,20260522_KPC_fixed_dishes_SLIM,glu,BKO,457,0.25,2026-05-23 06:15:30.442640,20260522_KPC_fixed_dishes_SLIM::fitet-sz-c3-b5::4_BKOCO2glu20min_740nm_3053mW_u1_poc0p25_20x0p75NA_457s50_g70_z1_256pix_basicFLIM_120f_0008,E:\18_RK_Circadian\data\raw\20260522_KPC_fixed_dishes_SLIM\fitet-sz-c3-b5\4_BKOCO2glu20min_740nm_3053mW_u1_poc0p25_20x0p75NA_457s50_g70_z1_256pix_basicFLIM_120f_0008_fit_mask.npy,3,65536,47516,72.5,915.3313896559034,923.0626074920893,87.78113987716124,0.09509770969453285,2.2423277816547253,2.240819571838079,0.32035354045241243,0.1429626661952242
4_BKOCO2glu20min_740nm_3053mW_u1_poc0p25_20x0p75NA_457s50_g70_z1_256pix_basicFLIM_120f_0009.sdt,20260522_KPC_fixed_dishes_SLIM,glu,BKO,457,0.25,2026-05-23 06:16:38.672238,20260522_KPC_fixed_dishes_SLIM::fitet-sz-c3-b5::4_BKOCO2glu20min_740nm_3053mW_u1_poc0p25_20x0p75NA_457s50_g70_z1_256pix_basicFLIM_120f_0009,E:\18_RK_Circadian\data\raw\20260522_KPC_fixed_dishes_SLIM\fitet-sz-c3-b5\4_BKOCO2glu20min_740nm_3053mW_u1_poc0p25_20x0p75NA_457s50_g70_z1_256pix_basicFLIM_120f_0009_fit_mask.npy,3,65536,60714,92.6,940.112807995965,945.7485086204696,78.64242487818143,0.0831536335097101,2.2076943591442175,2.212766923617714,0.2647844778514417,0.11966216370341357
4_BKOCO2glu20min_740nm_3053mW_u1_poc0p25_20x0p75NA_457s50_g70_z1_256pix_basicFLIM_120f_0010.sdt,20260522_KPC_fixed_dishes_SLIM,glu,BKO,457,0.25,2026-05-23 06:17:47.900129,20260522_KPC_fixed_dishes_SLIM::fitet-sz-c3-b5::4_BKOCO2glu20min_740nm_3053mW_u1_poc0p25_20x0p75NA_457s50_g70_z1_256pix_basicFLIM_120f_0010,E:\18_RK_Circadian\data\raw\20260522_KPC_fixed_dishes_SLIM\fitet-sz-c3-b5\4_BKOCO2glu20min_740nm_3053mW_u1_poc0p25_20x0p75NA_457s50_g70_z1_256pix_basicFLIM_120f_0010_fit_mask.npy,3,65536,65520,100.0,815.1216547451559,819.2742856801398,49.888784395550644,0.06089387311129178,2.594038905862966,2.5858039554740544,0.20660636705198177,0.0799002440284011
4_BKOCO2glu20min_740nm_3053mW_u1_poc0p25_20x0p75NA_457s50_g70_z1_256pix_basicFLIM_120f_0011.sdt,20260522_KPC_fixed_dishes_SLIM,glu,BKO,457,0.25,2026-05-23 06:18:55.816905,20260522_KPC_fixed_dishes_SLIM::fitet-sz-c3-b5::4_BKOCO2glu20min_740nm_3053mW_u1_poc0p25_20x0p75NA_457s50_g70_z1_256pix_basicFLIM_120f_0011,E:\18_RK_Circadian\data\raw\20260522_KPC_fixed_dishes_SLIM\fitet-sz-c3-b5\4_BKOCO2glu20min_740nm_3053mW_u1_poc0p25_20x0p75NA_457s50_g70_z1_256pix_basicFLIM_120f_0011_fit_mask.npy,3,65536,65510,100.0,811.5381934998474,818.6081260380488,61.01958350551822,0.07454065207102774,2.717230612550585,2.7117423585814797,0.23502163428806738,0.08666812816650026
4_BKOCO2glu20min_740nm_3053mW_u1_poc0p25_20x0p75NA_457s50_g70_z1_256pix_basicFLIM_120f_0012.sdt,20260522_KPC_fixed_dishes_SLIM,glu,BKO,457,0.25,2026-05-23 06:20:04.488323,20260522_KPC_fixed_dishes_SLIM::fitet-sz-c3-b5::4_BKOCO2glu20min_740nm_3053mW_u1_poc0p25_20x0p75NA_457s50_g70_z1_256pix_basicFLIM_120f_0012,E:\18_RK_Circadian\data\raw\20260522_KPC_fixed_dishes_SLIM\fitet-sz-c3-b5\4_BKOCO2glu20min_740nm_3053mW_u1_poc0p25_20x0p75NA_457s50_g70_z1_256pix_basicFLIM_120f_0012_fit_mask.npy,3,65536,54100,82.6,918.8537568901703,923.9064079731007,81.27255714125975,0.08796622302854076,2.314514406107872,2.319932036278293,0.27832379480932423,0.11997066744068068
4_BKOCO2glu20min_740nm_3053mW_u1_poc0p25_20x0p75NA_535s50_g70_z1_256pix_basicFLIM_120f_0000.sdt,20260522_KPC_fixed_dishes_SLIM,glu,BKO,535,0.25,2026-05-23 06:22:14.601774,20260522_KPC_fixed_dishes_SLIM::fitet-sz-c3-b5::4_BKOCO2glu20min_740nm_3053mW_u1_poc0p25_20x0p75NA_535s50_g70_z1_256pix_basicFLIM_120f_0000,E:\18_RK_Circadian\data\raw\20260522_KPC_fixed_dishes_SLIM\fitet-sz-c3-b5\4_BKOCO2glu20min_740nm_3053mW_u1_poc0p25_20x0p75NA_535s50_g70_z1_256pix_basicFLIM_120f_0000_fit_mask.npy,3,65536,65198,99.5,849.6292923295032,851.1729971635957,47.94111592227321,0.056323586488328074,2.0012440974699652,1.9870332140878837,0.19182027188868522,0.09653601687616344
4_BKOCO2glu20min_740nm_3053mW_u1_poc0p25_20x0p75NA_535s50_g70_z1_256pix_basicFLIM_120f_0001.sdt,20260522_KPC_fixed_dishes_SLIM,glu,BKO,535,0.25,2026-05-23 06:23:23.477875,20260522_KPC_fixed_dishes_SLIM::fitet-sz-c3-b5::4_BKOCO2glu20min_740nm_3053mW_u1_poc0p25_20x0p75NA_535s50_g70_z1_256pix_basicFLIM_120f_0001,E:\18_RK_Circadian\data\raw\20260522_KPC_fixed_dishes_SLIM\fitet-sz-c3-b5\4_BKOCO2glu20min_740nm_3053mW_u1_poc0p25_20x0p75NA_535s50_g70_z1_256pix_basicFLIM_120f_0001_fit_mask.npy,3,65536,65367,99.7,871.8010494668758,876.587533643031,58.6111230630515,0.06686282979575142,1.9410729305472862,1.9239626522284154,0.22472118099677585,0.11680121791163368
4_BKOCO2glu20min_740nm_3053mW_u1_poc0p25_20x0p75NA_535s50_g70_z1_256pix_basicFLIM_120f_0002.sdt,20260522_KPC_fixed_dishes_SLIM,glu,BKO,535,0.25,2026-05-23 06:24:32.194024,20260522_KPC_fixed_dishes_SLIM::fitet-sz-c3-b5::4_BKOCO2glu20min_740nm_3053mW_u1_poc0p25_20x0p75NA_535s50_g70_z1_256pix_basicFLIM_120f_0002,E:\18_RK_Circadian\data\raw\20260522_KPC_fixed_dishes_SLIM\fitet-sz-c3-b5\4_BKOCO2glu20min_740nm_3053mW_u1_poc0p25_20x0p75NA_535s50_g70_z1_256pix_basicFLIM_120f_0002_fit_mask.npy,3,65536,65467,99.9,870.4257326965732,875.1281403771586,58.127805356735614,0.06642205029732443,1.9577594961262423,1.940302491710918,0.22987990359062074,0.11847632241502586
4_BKOCO2glu20min_740nm_3053mW_u1_poc0p25_20x0p75NA_535s50_g70_z1_256pix_basicFLIM_120f_0003.sdt,20260522_KPC_fixed_dishes_SLIM,glu,BKO,535,0.25,2026-05-23 06:25:41.258513,20260522_KPC_fixed_dishes_SLIM::fitet-sz-c3-b5::4_BKOCO2glu20min_740nm_3053mW_u1_poc0p25_20x0p75NA_535s50_g70_z1_256pix_basicFLIM_120f_0003,E:\18_RK_Circadian\data\raw\20260522_KPC_fixed_dishes_SLIM\fitet-sz-c3-b5\4_BKOCO2glu20min_740nm_3053mW_u1_poc0p25_20x0p75NA_535s50_g70_z1_256pix_basicFLIM_120f_0003_fit_mask.npy,3,65536,65431,99.8,901.3278115514014,911.7337554618339,79.11627955634155,0.08677563936005157,1.8902770517511764,1.8650197041261904,0.289508322798146,0.15523070461809843
4_BKOCO2glu20min_740nm_3053mW_u1_poc0p25_20x0p75NA_535s50_g70_z1_256pix_basicFLIM_120f_0004.sdt,20260522_KPC_fixed_dishes_SLIM,glu,BKO,535,0.25,2026-05-23 06:26:49.906867,20260522_KPC_fixed_dishes_SLIM::fitet-sz-c3-b5::4_BKOCO2glu20min_740nm_3053mW_u1_poc0p25_20x0p75NA_535s50_g70_z1_256pix_basicFLIM_120f_0004,E:\18_RK_Circadian\data\raw\20260522_KPC_fixed_dishes_SLIM\fitet-sz-c3-b5\4_BKOCO2glu20min_740nm_3053mW_u1_poc0p25_20x0p75NA_535s50_g70_z1_256pix_basicFLIM_120f_0004_fit_mask.npy,3,65536,65507,100.0,882.5304666472732,889.7618409917628,67.95310906532401,0.07637224472290345,1.905551314591962,1.8869262137844303,0.2519535930790869,0.13352593823675132
4_BKOCO2glu20min_740nm_3053mW_u1_poc0p25_20x0p75NA_535s50_g70_z1_256pix_basicFLIM_120f_0005.sdt,20260522_KPC_fixed_dishes_SLIM,glu,BKO,535,0.25,2026-05-23 06:27:59.773078,20260522_KPC_fixed_dishes_SLIM::fitet-sz-c3-b5::4_BKOCO2glu20min_740nm_3053mW_u1_poc0p25_20x0p75NA_535s50_g70_z1_256pix_basicFLIM_120f_0005,E:\18_RK_Circadian\data\raw\20260522_KPC_fixed_dishes_SLIM\fitet-sz-c3-b5\4_BKOCO2glu20min_740nm_3053mW_u1_poc0p25_20x0p75NA_535s50_g70_z1_256pix_basicFLIM_120f_0005_fit_mask.npy,3,65536,65320,99.7,847.1890225287514,849.7898438666308,48.928514370944285,0.05757719361332272,2.027518324964877,2.018251989151314,0.2149079204508766,0.10648220420743722
4_BKOCO2glu20min_740nm_3053mW_u1_poc0p25_20x0p75NA_535s50_g70_z1_256pix_basicFLIM_120f_0006.sdt,20260522_KPC_fixed_dishes_SLIM,glu,BKO,535,0.25,2026-05-23 06:29:09.233296,20260522_KPC_fixed_dishes_SLIM::fitet-sz-c3-b5::4_BKOCO2glu20min_740nm_3053mW_u1_poc0p25_20x0p75NA_535s50_g70_z1_256pix_basicFLIM_120f_0006,E:\18_RK_Circadian\data\raw\20260522_KPC_fixed_dishes_SLIM\fitet-sz-c3-b5\4_BKOCO2glu20min_740nm_3053mW_u1_poc0p25_20x0p75NA_535s50_g70_z1_256pix_basicFLIM_120f_0006_fit_mask.npy,3,65536,65468,99.9,880.1548107318806,885.4968460189509,65.45877964162392,0.0739232216759618,1.94418118591364,1.9281463310192422,0.2544498645987927,0.1319660549125892
4_BKOCO2glu20min_740nm_3053mW_u1_poc0p25_20x0p75NA_535s50_g70_z1_256pix_basicFLIM_120f_0007.sdt,20260522_KPC_fixed_dishes_SLIM,glu,BKO,535,0.25,2026-05-23 06:30:18.004897,20260522_KPC_fixed_dishes_SLIM::fitet-sz-c3-b5::4_BKOCO2glu20min_740nm_3053mW_u1_poc0p25_20x0p75NA_535s50_g70_z1_256pix_basicFLIM_120f_0007,E:\18_RK_Circadian\data\raw\20260522_KPC_fixed_dishes_SLIM\fitet-sz-c3-b5\4_BKOCO2glu20min_740nm_3053mW_u1_poc0p25_20x0p75NA_535s50_g70_z1_256pix_basicFLIM_120f_0007_fit_mask.npy,3,65536,65206,99.5,870.8667827466952,876.8468372885724,61.06483134460254,0.06964138860719407,1.9393354865646897,1.9212530926565605,0.2330809550810854,0.12131715283736982
4_BKOCO2glu20min_740nm_3053mW_u1_poc0p25_20x0p75NA_535s50_g70_z1_256pix_basicFLIM_120f_0008.sdt,20260522_KPC_fixed_dishes_SLIM,glu,BKO,535,0.25,2026-05-23 06:31:26.750409,20260522_KPC_fixed_dishes_SLIM::fitet-sz-c3-b5::4_BKOCO2glu20min_740nm_3053mW_u1_poc0p25_20x0p75NA_535s50_g70_z1_256pix_basicFLIM_120f_0008,E:\18_RK_Circadian\data\raw\20260522_KPC_fixed_dishes_SLIM\fitet-sz-c3-b5\4_BKOCO2glu20min_740nm_3053mW_u1_poc0p25_20x0p75NA_535s50_g70_z1_256pix_basicFLIM_120f_0008_fit_mask.npy,3,65536,45126,68.9,935.1621317933538,953.003629397321,101.65648043886107,0.10666956274148565,1.8161604221070413,1.7987529317834035,0.3468274079257017,0.1928154788783771
4_BKOCO2glu20min_740nm_3053mW_u1_poc0p25_20x0p75NA_535s50_g70_z1_256pix_basicFLIM_120f_0009.sdt,20260522_KPC_fixed_dishes_SLIM,glu,BKO,535,0.25,2026-05-23 06:32:35.510733,20260522_KPC_fixed_dishes_SLIM::fitet-sz-c3-b5::4_BKOCO2glu20min_740nm_3053mW_u1_poc0p25_20x0p75NA_535s50_g70_z1_256pix_basicFLIM_120f_0009,E:\18_RK_Circadian\data\raw\20260522_KPC_fixed_dishes_SLIM\fitet-sz-c3-b5\4_BKOCO2glu20min_740nm_3053mW_u1_poc0p25_20x0p75NA_535s50_g70_z1_256pix_basicFLIM_120f_0009_fit_mask.npy,3,65536,61597,94.0,943.1229664781539,964.5229492000417,103.97498985907514,0.1077993944522628,1.76765677007648,1.7363264051005411,0.31945867637156977,0.18398538168465603
4_BKOCO2glu20min_740nm_3053mW_u1_poc0p25_20x0p75NA_535s50_g70_z1_256pix_basicFLIM_120f_0010.sdt,20260522_KPC_fixed_dishes_SLIM,glu,BKO,535,0.25,2026-05-23 06:33:44.664567,20260522_KPC_fixed_dishes_SLIM::fitet-sz-c3-b5::4_BKOCO2glu20min_740nm_3053mW_u1_poc0p25_20x0p75NA_535s50_g70_z1_256pix_basicFLIM_120f_0010,E:\18_RK_Circadian\data\raw\20260522_KPC_fixed_dishes_SLIM\fitet-sz-c3-b5\4_BKOCO2glu20min_740nm_3053mW_u1_poc0p25_20x0p75NA_535s50_g70_z1_256pix_basicFLIM_120f_0010_fit_mask.npy,3,65536,65176,99.5,853.5718755642079,855.2923480251255,47.287547463460754,0.0552881685106244,1.9902889105599764,1.9783758859875509,0.20853803134480017,0.1054087005517173
4_BKOCO2glu20min_740nm_3053mW_u1_poc0p25_20x0p75NA_535s50_g70_z1_256pix_basicFLIM_120f_0011.sdt,20260522_KPC_fixed_dishes_SLIM,glu,BKO,535,0.25,2026-05-23 06:34:52.594033,20260522_KPC_fixed_dishes_SLIM::fitet-sz-c3-b5::4_BKOCO2glu20min_740nm_3053mW_u1_poc0p25_20x0p75NA_535s50_g70_z1_256pix_basicFLIM_120f_0011,E:\18_RK_Circadian\data\raw\20260522_KPC_fixed_dishes_SLIM\fitet-sz-c3-b5\4_BKOCO2glu20min_740nm_3053mW_u1_poc0p25_20x0p75NA_535s50_g70_z1_256pix_basicFLIM_120f_0011_fit_mask.npy,3,65536,65398,99.8,854.5057745930121,856.6897673861062,49.104467323951376,0.05731884422266038,1.9989342723518146,1.9896283739386411,0.2098778803207067,0.10548597068166822
4_BKOCO2glu20min_740nm_3053mW_u1_poc0p25_20x0p75NA_535s50_g70_z1_256pix_basicFLIM_120f_0012.sdt,20260522_KPC_fixed_dishes_SLIM,glu,BKO,535,0.25,2026-05-23 06:36:01.298005,20260522_KPC_fixed_dishes_SLIM::fitet-sz-c3-b5::4_BKOCO2glu20min_740nm_3053mW_u1_poc0p25_20x0p75NA_535s50_g70_z1_256pix_basicFLIM_120f_0012,E:\18_RK_Circadian\data\raw\20260522_KPC_fixed_dishes_SLIM\fitet-sz-c3-b5\4_BKOCO2glu20min_740nm_3053mW_u1_poc0p25_20x0p75NA_535s50_g70_z1_256pix_basicFLIM_120f_0012_fit_mask.npy,3,65536,51668,78.8,925.932110463316,943.6002332012299,97.40476797524481,0.10322673156278513,1.8150171527502441,1.7955276260728275,0.3225182241172242,0.1796230920838768
4_BKO_P10_3_live_740nm_3074mW_u1_poc0p25_20x0p75NA_457s50_g70_z1_256pix_basicFLIM_120f_0000.sdt,20260530_KPC_live_on_SLIM,live,BKO,457,0.25,2026-05-31 05:21:25.000000,20260530_KPC_live_on_SLIM::fitet-sz-c2-b5::4_BKO_P10_3_live_740nm_3074mW_u1_poc0p25_20x0p75NA_457s50_g70_z1_256pix_basicFLIM_120f_0000,E:\18_RK_Circadian\data\raw\20260530_KPC_live_on_SLIM\fitet-sz-c2-b5\4_BKO_P10_3_live_740nm_3074mW_u1_poc0p25_20x0p75NA_457s50_g70_z1_256pix_basicFLIM_120f_0000_fit_mask.npy,2,65536,65340,99.7,708.7592833951646,711.3829305027213,57.92296741507747,0.08142304929096959,3.321619776038186,3.3160283914438584,0.43846045119633514,0.13222457694501874
4_BKO_P10_3_live_740nm_3074mW_u1_poc0p25_20x0p75NA_457s50_g70_z1_256pix_basicFLIM_120f_0001.sdt,20260530_KPC_live_on_SLIM,live,BKO,457,0.25,2026-05-31 05:22:34.000000,20260530_KPC_live_on_SLIM::fitet-sz-c2-b5::4_BKO_P10_3_live_740nm_3074mW_u1_poc0p25_20x0p75NA_457s50_g70_z1_256pix_basicFLIM_120f_0001,E:\18_RK_Circadian\data\raw\20260530_KPC_live_on_SLIM\fitet-sz-c2-b5\4_BKO_P10_3_live_740nm_3074mW_u1_poc0p25_20x0p75NA_457s50_g70_z1_256pix_basicFLIM_120f_0001_fit_mask.npy,2,65536,65057,99.3,698.5358805224001,703.8648039896918,66.16730871011708,0.09400570725381249,3.321189845593932,3.280335890631336,0.5670472225410246,0.17286254866781042
4_BKO_P10_3_live_740nm_3074mW_u1_poc0p25_20x0p75NA_457s50_g70_z1_256pix_basicFLIM_120f_0002.sdt,20260530_KPC_live_on_SLIM,live,BKO,457,0.25,2026-05-31 05:23:43.000000,20260530_KPC_live_on_SLIM::fitet-sz-c2-b5::4_BKO_P10_3_live_740nm_3074mW_u1_poc0p25_20x0p75NA_457s50_g70_z1_256pix_basicFLIM_120f_0002,E:\18_RK_Circadian\data\raw\20260530_KPC_live_on_SLIM\fitet-sz-c2-b5\4_BKO_P10_3_live_740nm_3074mW_u1_poc0p25_20x0p75NA_457s50_g70_z1_256pix_basicFLIM_120f_0002_fit_mask.npy,2,65536,64881,99.0,705.3670160882056,714.8559850535694,79.17624370808925,0.11075831407098871,3.2502158085899966,3.1438061436394893,0.649922859076873,0.2067312134979407
4_BKO_P10_3_live_740nm_3074mW_u1_poc0p25_20x0p75NA_457s50_g70_z1_256pix_basicFLIM_120f_0003.sdt,20260530_KPC_live_on_SLIM,live,BKO,457,0.25,2026-05-31 05:24:51.000000,20260530_KPC_live_on_SLIM::fitet-sz-c2-b5::4_BKO_P10_3_live_740nm_3074mW_u1_poc0p25_20x0p75NA_457s50_g70_z1_256pix_basicFLIM_120f_0003,E:\18_RK_Circadian\data\raw\20260530_KPC_live_on_SLIM\fitet-sz-c2-b5\4_BKO_P10_3_live_740nm_3074mW_u1_poc0p25_20x0p75NA_457s50_g70_z1_256pix_basicFLIM_120f_0003_fit_mask.npy,2,65536,65043,99.2,724.2451087162727,730.6405985500706,71.97562278064775,0.0985102975710366,3.137478283369682,3.0488863144961607,0.5843053898211512,0.1916455156241894
4_BKO_P10_3_live_740nm_3074mW_u1_poc0p25_20x0p75NA_457s50_g70_z1_256pix_basicFLIM_120f_0004.sdt,20260530_KPC_live_on_SLIM,live,BKO,457,0.25,2026-05-31 05:26:00.000000,20260530_KPC_live_on_SLIM::fitet-sz-c2-b5::4_BKO_P10_3_live_740nm_3074mW_u1_poc0p25_20x0p75NA_457s50_g70_z1_256pix_basicFLIM_120f_0004,E:\18_RK_Circadian\data\raw\20260530_KPC_live_on_SLIM\fitet-sz-c2-b5\4_BKO_P10_3_live_740nm_3074mW_u1_poc0p25_20x0p75NA_457s50_g70_z1_256pix_basicFLIM_120f_0004_fit_mask.npy,2,65536,64741,98.8,722.240186432522,729.766040407409,73.47540943813871,0.10068351412614286,3.1816249494220026,3.0848480468838733,0.6349994547296157,0.20584464617991596
4_BKO_P10_3_live_740nm_3074mW_u1_poc0p25_20x0p75NA_457s50_g70_z1_256pix_basicFLIM_120f_0005.sdt,20260530_KPC_live_on_SLIM,live,BKO,457,0.25,2026-05-31 05:27:08.000000,20260530_KPC_live_on_SLIM::fitet-sz-c2-b5::4_BKO_P10_3_live_740nm_3074mW_u1_poc0p25_20x0p75NA_457s50_g70_z1_256pix_basicFLIM_120f_0005,E:\18_RK_Circadian\data\raw\20260530_KPC_live_on_SLIM\fitet-sz-c2-b5\4_BKO_P10_3_live_740nm_3074mW_u1_poc0p25_20x0p75NA_457s50_g70_z1_256pix_basicFLIM_120f_0005_fit_mask.npy,2,65536,65183,99.5,703.9661995493017,710.8816327067174,69.47739899183435,0.09773413152805155,3.297556738624196,3.260002999249681,0.5862895358203198,0.1798432504372725
4_BKO_P10_3_live_740nm_3074mW_u1_poc0p25_20x0p75NA_457s50_g70_z1_256pix_basicFLIM_120f_0006.sdt,20260530_KPC_live_on_SLIM,live,BKO,457,0.25,2026-05-31 05:28:16.000000,20260530_KPC_live_on_SLIM::fitet-sz-c2-b5::4_BKO_P10_3_live_740nm_3074mW_u1_poc0p25_20x0p75NA_457s50_g70_z1_256pix_basicFLIM_120f_0006,E:\18_RK_Circadian\data\raw\20260530_KPC_live_on_SLIM\fitet-sz-c2-b5\4_BKO_P10_3_live_740nm_3074mW_u1_poc0p25_20x0p75NA_457s50_g70_z1_256pix_basicFLIM_120f_0006_fit_mask.npy,2,65536,63780,97.3,741.9353797130744,764.8530743899914,110.64165521013123,0.14465739749869408,2.569680677744911,2.480234014904382,0.7930268560500777,0.3197387227513894
4_BKO_P10_3_live_740nm_3074mW_u1_poc0p25_20x0p75NA_457s50_g70_z1_256pix_basicFLIM_120f_0007.sdt,20260530_KPC_live_on_SLIM,live,BKO,457,0.25,2026-05-31 05:29:24.000000,20260530_KPC_live_on_SLIM::fitet-sz-c2-b5::4_BKO_P10_3_live_740nm_3074mW_u1_poc0p25_20x0p75NA_457s50_g70_z1_256pix_basicFLIM_120f_0007,E:\18_RK_Circadian\data\raw\20260530_KPC_live_on_SLIM\fitet-sz-c2-b5\4_BKO_P10_3_live_740nm_3074mW_u1_poc0p25_20x0p75NA_457s50_g70_z1_256pix_basicFLIM_120f_0007_fit_mask.npy,2,65536,63852,97.4,747.5208764066931,767.904049715372,106.32079197149042,0.1384558292287934,3.008263063570915,2.691335660786819,0.8912438024463947,0.3311529718986584
4_BKO_P10_3_live_740nm_3074mW_u1_poc0p25_20x0p75NA_457s50_g70_z1_256pix_basicFLIM_120f_0008.sdt,20260530_KPC_live_on_SLIM,live,BKO,457,0.25,2026-05-31 05:30:33.000000,20260530_KPC_live_on_SLIM::fitet-sz-c2-b5::4_BKO_P10_3_live_740nm_3074mW_u1_poc0p25_20x0p75NA_457s50_g70_z1_256pix_basicFLIM_120f_0008,E:\18_RK_Circadian\data\raw\20260530_KPC_live_on_SLIM\fitet-sz-c2-b5\4_BKO_P10_3_live_740nm_3074mW_u1_poc0p25_20x0p75NA_457s50_g70_z1_256pix_basicFLIM_120f_0008_fit_mask.npy,2,65536,64893,99.0,714.5869498695085,726.2936831864247,85.39492625941435,0.11757630313507109,3.2996493892226266,3.168525147516732,0.6889934982642657,0.21744927566828703
4_BKO_P10_3_live_740nm_3074mW_u1_poc0p25_20x0p75NA_457s50_g70_z1_256pix_basicFLIM_120f_0009.sdt,20260530_KPC_live_on_SLIM,live,BKO,457,0.25,2026-05-31 05:31:41.000000,20260530_KPC_live_on_SLIM::fitet-sz-c2-b5::4_BKO_P10_3_live_740nm_3074mW_u1_poc0p25_20x0p75NA_457s50_g70_z1_256pix_basicFLIM_120f_0009,E:\18_RK_Circadian\data\raw\20260530_KPC_live_on_SLIM\fitet-sz-c2-b5\4_BKO_P10_3_live_740nm_3074mW_u1_poc0p25_20x0p75NA_457s50_g70_z1_256pix_basicFLIM_120f_0009_fit_mask.npy,2,65536,63495,96.9,753.5656346464161,778.9202488149357,117.54294254442814,0.15090497740078043,2.2018084636730575,2.3690816621961166,0.8547662916637744,0.36080068716222047
4_BKO_P10_3_live_740nm_3074mW_u1_poc0p25_20x0p75NA_457s50_g70_z1_256pix_basicFLIM_120f_0010.sdt,20260530_KPC_live_on_SLIM,live,BKO,457,0.25,2026-05-31 05:32:49.000000,20260530_KPC_live_on_SLIM::fitet-sz-c2-b5::4_BKO_P10_3_live_740nm_3074mW_u1_poc0p25_20x0p75NA_457s50_g70_z1_256pix_basicFLIM_120f_0010,E:\18_RK_Circadian\data\raw\20260530_KPC_live_on_SLIM\fitet-sz-c2-b5\4_BKO_P10_3_live_740nm_3074mW_u1_poc0p25_20x0p75NA_457s50_g70_z1_256pix_basicFLIM_120f_0010_fit_mask.npy,2,65536,63548,97.0,758.8190774269544,782.4941471053571,117.4368242938469,0.15008013124222755,2.0010448753640593,2.3380856855064023,0.8998110252632014,0.38484946503075346
4_BKO_P10_3_live_740nm_3074mW_u1_poc0p25_20x0p75NA_457s50_g70_z1_256pix_basicFLIM_120f_0011.sdt,20260530_KPC_live_on_SLIM,live,BKO,457,0.25,2026-05-31 05:33:57.000000,20260530_KPC_live_on_SLIM::fitet-sz-c2-b5::4_BKO_P10_3_live_740nm_3074mW_u1_poc0p25_20x0p75NA_457s50_g70_z1_256pix_basicFLIM_120f_0011,E:\18_RK_Circadian\data\raw\20260530_KPC_live_on_SLIM\fitet-sz-c2-b5\4_BKO_P10_3_live_740nm_3074mW_u1_poc0p25_20x0p75NA_457s50_g70_z1_256pix_basicFLIM_120f_0011_fit_mask.npy,2,65536,65337,99.7,723.7858952444637,725.7908111548794,50.247289505448876,0.06923109074017528,3.316540903500316,3.3315314638634317,0.3529077052065889,0.1059295729410093
4_BKO_P10_3_live_740nm_3074mW_u1_poc0p25_20x0p75NA_457s50_g70_z1_256pix_basicFLIM_120f_0012.sdt,20260530_KPC_live_on_SLIM,live,BKO,457,0.25,2026-05-31 05:35:06.000000,20260530_KPC_live_on_SLIM::fitet-sz-c2-b5::4_BKO_P10_3_live_740nm_3074mW_u1_poc0p25_20x0p75NA_457s50_g70_z1_256pix_basicFLIM_120f_0012,E:\18_RK_Circadian\data\raw\20260530_KPC_live_on_SLIM\fitet-sz-c2-b5\4_BKO_P10_3_live_740nm_3074mW_u1_poc0p25_20x0p75NA_457s50_g70_z1_256pix_basicFLIM_120f_0012_fit_mask.npy,2,65536,65263,99.6,736.981773310096,739.662217948218,59.197996126567254,0.0800338244810979,2.8855877332391544,2.8931307283099996,0.40199962128057154,0.13894969119331727
4_BKO_P10_3_live_740nm_3074mW_u1_poc0p25_20x0p75NA_457s50_g70_z1_256pix_basicFLIM_120f_0013.sdt,20260530_KPC_live_on_SLIM,live,BKO,457,0.25,2026-05-31 05:36:14.000000,20260530_KPC_live_on_SLIM::fitet-sz-c2-b5::4_BKO_P10_3_live_740nm_3074mW_u1_poc0p25_20x0p75NA_457s50_g70_z1_256pix_basicFLIM_120f_0013,E:\18_RK_Circadian\data\raw\20260530_KPC_live_on_SLIM\fitet-sz-c2-b5\4_BKO_P10_3_live_740nm_3074mW_u1_poc0p25_20x0p75NA_457s50_g70_z1_256pix_basicFLIM_120f_0013_fit_mask.npy,2,65536,65238,99.5,710.1977473995094,714.7431138589017,62.0828915474997,0.08686042627583196,3.1242655734903675,3.1488882770221527,0.4251985955102161,0.13503133744469295
4_BKO_P10_3_live_740nm_3074mW_u1_poc0p25_20x0p75NA_457s50_g70_z1_256pix_basicFLIM_120f_0014.sdt,20260530_KPC_live_on_SLIM,live,BKO,457,0.25,2026-05-31 05:37:23.000000,20260530_KPC_live_on_SLIM::fitet-sz-c2-b5::4_BKO_P10_3_live_740nm_3074mW_u1_poc0p25_20x0p75NA_457s50_g70_z1_256pix_basicFLIM_120f_0014,E:\18_RK_Circadian\data\raw\20260530_KPC_live_on_SLIM\fitet-sz-c2-b5\4_BKO_P10_3_live_740nm_3074mW_u1_poc0p25_20x0p75NA_457s50_g70_z1_256pix_basicFLIM_120f_0014_fit_mask.npy,2,65536,65429,99.8,709.878244483316,709.9824240588742,52.86333348034056,0.07445724244570447,3.357614309064078,3.366616141881893,0.41171350859826705,0.12229297646274719
4_BKO_P10_3_live_740nm_3074mW_u1_poc0p25_20x0p75NA_457s50_g70_z1_256pix_basicFLIM_120f_0015.sdt,20260530_KPC_live_on_SLIM,live,BKO,457,0.25,2026-05-31 05:38:31.000000,20260530_KPC_live_on_SLIM::fitet-sz-c2-b5::4_BKO_P10_3_live_740nm_3074mW_u1_poc0p25_20x0p75NA_457s50_g70_z1_256pix_basicFLIM_120f_0015,E:\18_RK_Circadian\data\raw\20260530_KPC_live_on_SLIM\fitet-sz-c2-b5\4_BKO_P10_3_live_740nm_3074mW_u1_poc0p25_20x0p75NA_457s50_g70_z1_256pix_basicFLIM_120f_0015_fit_mask.npy,2,65536,65228,99.5,726.5505851817097,724.2822881822386,65.03934908531073,0.08979834264419566,3.150272403708362,3.1773315547895105,0.4408712633778929,0.13875519623166913
4_BKO_P10_3_live_740nm_3074mW_u1_poc0p25_20x0p75NA_535s50_g70_z1_256pix_basicFLIM_120f_0000.sdt,20260530_KPC_live_on_SLIM,live,BKO,535,0.25,2026-05-31 05:40:40.000000,20260530_KPC_live_on_SLIM::fitet-sz-c2-b5::4_BKO_P10_3_live_740nm_3074mW_u1_poc0p25_20x0p75NA_535s50_g70_z1_256pix_basicFLIM_120f_0000,E:\18_RK_Circadian\data\raw\20260530_KPC_live_on_SLIM\fitet-sz-c2-b5\4_BKO_P10_3_live_740nm_3074mW_u1_poc0p25_20x0p75NA_535s50_g70_z1_256pix_basicFLIM_120f_0000_fit_mask.npy,2,65536,65318,99.7,569.7978878059196,574.4455766291619,58.19942662649703,0.10131408264645433,3.726168712402947,3.7237960462254596,0.45571640255921114,0.12237952801446729
4_BKO_P10_3_live_740nm_3074mW_u1_poc0p25_20x0p75NA_535s50_g70_z1_256pix_basicFLIM_120f_0001.sdt,20260530_KPC_live_on_SLIM,live,BKO,535,0.25,2026-05-31 05:41:49.000000,20260530_KPC_live_on_SLIM::fitet-sz-c2-b5::4_BKO_P10_3_live_740nm_3074mW_u1_poc0p25_20x0p75NA_535s50_g70_z1_256pix_basicFLIM_120f_0001,E:\18_RK_Circadian\data\raw\20260530_KPC_live_on_SLIM\fitet-sz-c2-b5\4_BKO_P10_3_live_740nm_3074mW_u1_poc0p25_20x0p75NA_535s50_g70_z1_256pix_basicFLIM_120f_0001_fit_mask.npy,2,65536,64429,98.3,587.4094558302844,593.5700643170258,68.29922789795272,0.11506514900905465,3.622845772119371,3.6167606976639424,0.4642811935749695,0.12836934273114825
4_BKO_P10_3_live_740nm_3074mW_u1_poc0p25_20x0p75NA_535s50_g70_z1_256pix_basicFLIM_120f_0002.sdt,20260530_KPC_live_on_SLIM,live,BKO,535,0.25,2026-05-31 05:42:57.000000,20260530_KPC_live_on_SLIM::fitet-sz-c2-b5::4_BKO_P10_3_live_740nm_3074mW_u1_poc0p25_20x0p75NA_535s50_g70_z1_256pix_basicFLIM_120f_0002,E:\18_RK_Circadian\data\raw\20260530_KPC_live_on_SLIM\fitet-sz-c2-b5\4_BKO_P10_3_live_740nm_3074mW_u1_poc0p25_20x0p75NA_535s50_g70_z1_256pix_basicFLIM_120f_0002_fit_mask.npy,2,65536,63587,97.0,579.8405883450615,589.4336251296268,78.56304214044822,0.13328564708735582,3.603142348871755,3.583362906061683,0.5130515394583851,0.1431759921917196
4_BKO_P10_3_live_740nm_3074mW_u1_poc0p25_20x0p75NA_535s50_g70_z1_256pix_basicFLIM_120f_0003.sdt,20260530_KPC_live_on_SLIM,live,BKO,535,0.25,2026-05-31 05:44:06.000000,20260530_KPC_live_on_SLIM::fitet-sz-c2-b5::4_BKO_P10_3_live_740nm_3074mW_u1_poc0p25_20x0p75NA_535s50_g70_z1_256pix_basicFLIM_120f_0003,E:\18_RK_Circadian\data\raw\20260530_KPC_live_on_SLIM\fitet-sz-c2-b5\4_BKO_P10_3_live_740nm_3074mW_u1_poc0p25_20x0p75NA_535s50_g70_z1_256pix_basicFLIM_120f_0003_fit_mask.npy,2,65536,64061,97.7,603.4187305662601,614.7956750582266,80.06929238866901,0.13023724082165306,3.5129455752490895,3.4928992247802,0.5011997438689824,0.14349104042660196
4_BKO_P10_3_live_740nm_3074mW_u1_poc0p25_20x0p75NA_535s50_g70_z1_256pix_basicFLIM_120f_0004.sdt,20260530_KPC_live_on_SLIM,live,BKO,535,0.25,2026-05-31 05:45:14.000000,20260530_KPC_live_on_SLIM::fitet-sz-c2-b5::4_BKO_P10_3_live_740nm_3074mW_u1_poc0p25_20x0p75NA_535s50_g70_z1_256pix_basicFLIM_120f_0004,E:\18_RK_Circadian\data\raw\20260530_KPC_live_on_SLIM\fitet-sz-c2-b5\4_BKO_P10_3_live_740nm_3074mW_u1_poc0p25_20x0p75NA_535s50_g70_z1_256pix_basicFLIM_120f_0004_fit_mask.npy,2,65536,62368,95.2,593.1897897437262,600.9144421180422,68.75612282577404,0.11441915521855232,3.5710851028761494,3.553677035297889,0.4528899701012524,0.12744263634618352
4_BKO_P10_3_live_740nm_3074mW_u1_poc0p25_20x0p75NA_535s50_g70_z1_256pix_basicFLIM_120f_0005.sdt,20260530_KPC_live_on_SLIM,live,BKO,535,0.25,2026-05-31 05:46:23.000000,20260530_KPC_live_on_SLIM::fitet-sz-c2-b5::4_BKO_P10_3_live_740nm_3074mW_u1_poc0p25_20x0p75NA_535s50_g70_z1_256pix_basicFLIM_120f_0005,E:\18_RK_Circadian\data\raw\20260530_KPC_live_on_SLIM\fitet-sz-c2-b5\4_BKO_P10_3_live_740nm_3074mW_u1_poc0p25_20x0p75NA_535s50_g70_z1_256pix_basicFLIM_120f_0005_fit_mask.npy,2,65536,64541,98.5,591.146682047207,597.963922530674,69.92122009824138,0.11693217176435021,3.6225177570535507,3.6107800258772804,0.4805582612537704,0.13308987471121653
4_BKO_P10_3_live_740nm_3074mW_u1_poc0p25_20x0p75NA_535s50_g70_z1_256pix_basicFLIM_120f_0006.sdt,20260530_KPC_live_on_SLIM,live,BKO,535,0.25,2026-05-31 05:47:31.000000,20260530_KPC_live_on_SLIM::fitet-sz-c2-b5::4_BKO_P10_3_live_740nm_3074mW_u1_poc0p25_20x0p75NA_535s50_g70_z1_256pix_basicFLIM_120f_0006,E:\18_RK_Circadian\data\raw\20260530_KPC_live_on_SLIM\fitet-sz-c2-b5\4_BKO_P10_3_live_740nm_3074mW_u1_poc0p25_20x0p75NA_535s50_g70_z1_256pix_basicFLIM_120f_0006_fit_mask.npy,2,65536,55777,85.1,624.5429623199174,643.1045843496597,98.8230891767534,0.15366565809305863,3.269006663976437,3.218956799276691,0.5351713996020099,0.16625616091594161
4_BKO_P10_3_live_740nm_3074mW_u1_poc0p25_20x0p75NA_535s50_g70_z1_256pix_basicFLIM_120f_0007.sdt,20260530_KPC_live_on_SLIM,live,BKO,535,0.25,2026-05-31 05:48:39.000000,20260530_KPC_live_on_SLIM::fitet-sz-c2-b5::4_BKO_P10_3_live_740nm_3074mW_u1_poc0p25_20x0p75NA_535s50_g70_z1_256pix_basicFLIM_120f_0007,E:\18_RK_Circadian\data\raw\20260530_KPC_live_on_SLIM\fitet-sz-c2-b5\4_BKO_P10_3_live_740nm_3074mW_u1_poc0p25_20x0p75NA_535s50_g70_z1_256pix_basicFLIM_120f_0007_fit_mask.npy,2,65536,55630,84.9,593.6213421802338,614.0736523535875,93.9544545470616,0.15300193093606634,3.577407127002639,3.4845282031201785,0.6203932959526206,0.17804226563501394
4_BKO_P10_3_live_740nm_3074mW_u1_poc0p25_20x0p75NA_535s50_g70_z1_256pix_basicFLIM_120f_0008.sdt,20260530_KPC_live_on_SLIM,live,BKO,535,0.25,2026-05-31 05:49:47.000000,20260530_KPC_live_on_SLIM::fitet-sz-c2-b5::4_BKO_P10_3_live_740nm_3074mW_u1_poc0p25_20x0p75NA_535s50_g70_z1_256pix_basicFLIM_120f_0008,E:\18_RK_Circadian\data\raw\20260530_KPC_live_on_SLIM\fitet-sz-c2-b5\4_BKO_P10_3_live_740nm_3074mW_u1_poc0p25_20x0p75NA_535s50_g70_z1_256pix_basicFLIM_120f_0008_fit_mask.npy,2,65536,63520,96.9,601.5286917995618,611.7407469281251,78.68372786399617,0.1286226694218244,3.572553103365502,3.548220900112412,0.5117299973673449,0.14422157238043795
4_BKO_P10_3_live_740nm_3074mW_u1_poc0p25_20x0p75NA_535s50_g70_z1_256pix_basicFLIM_120f_0009.sdt,20260530_KPC_live_on_SLIM,live,BKO,535,0.25,2026-05-31 05:50:56.000000,20260530_KPC_live_on_SLIM::fitet-sz-c2-b5::4_BKO_P10_3_live_740nm_3074mW_u1_poc0p25_20x0p75NA_535s50_g70_z1_256pix_basicFLIM_120f_0009,E:\18_RK_Circadian\data\raw\20260530_KPC_live_on_SLIM\fitet-sz-c2-b5\4_BKO_P10_3_live_740nm_3074mW_u1_poc0p25_20x0p75NA_535s50_g70_z1_256pix_basicFLIM_120f_0009_fit_mask.npy,2,65536,52853,80.6,637.842597637826,656.6933185338511,107.15980876668198,0.1631809030826284,3.2392715434729835,3.201153453804286,0.5805452103797762,0.18135500804869256
4_BKO_P10_3_live_740nm_3074mW_u1_poc0p25_20x0p75NA_535s50_g70_z1_256pix_basicFLIM_120f_0010.sdt,20260530_KPC_live_on_SLIM,live,BKO,535,0.25,2026-05-31 05:52:04.000000,20260530_KPC_live_on_SLIM::fitet-sz-c2-b5::4_BKO_P10_3_live_740nm_3074mW_u1_poc0p25_20x0p75NA_535s50_g70_z1_256pix_basicFLIM_120f_0010,E:\18_RK_Circadian\data\raw\20260530_KPC_live_on_SLIM\fitet-sz-c2-b5\4_BKO_P10_3_live_740nm_3074mW_u1_poc0p25_20x0p75NA_535s50_g70_z1_256pix_basicFLIM_120f_0010_fit_mask.npy,2,65536,52352,79.9,628.0629844755078,648.7496270832391,108.40180521463915,0.16709343742055122,3.270931701698439,3.221482418572471,0.5941072601635371,0.1844204570971406
4_BKO_P10_3_live_740nm_3074mW_u1_poc0p25_20x0p75NA_535s50_g70_z1_256pix_basicFLIM_120f_0011.sdt,20260530_KPC_live_on_SLIM,live,BKO,535,0.25,2026-05-31 05:53:13.000000,20260530_KPC_live_on_SLIM::fitet-sz-c2-b5::4_BKO_P10_3_live_740nm_3074mW_u1_poc0p25_20x0p75NA_535s50_g70_z1_256pix_basicFLIM_120f_0011,E:\18_RK_Circadian\data\raw\20260530_KPC_live_on_SLIM\fitet-sz-c2-b5\4_BKO_P10_3_live_740nm_3074mW_u1_poc0p25_20x0p75NA_535s50_g70_z1_256pix_basicFLIM_120f_0011_fit_mask.npy,2,65536,65378,99.8,574.2286417671849,578.8627545542288,55.891376149178996,0.09655376116264361,3.7435792682215867,3.7522373640092366,0.38464071943199557,0.10250969811275744
4_BKO_P10_3_live_740nm_3074mW_u1_poc0p25_20x0p75NA_535s50_g70_z1_256pix_basicFLIM_120f_0012.sdt,20260530_KPC_live_on_SLIM,live,BKO,535,0.25,2026-05-31 05:54:21.000000,20260530_KPC_live_on_SLIM::fitet-sz-c2-b5::4_BKO_P10_3_live_740nm_3074mW_u1_poc0p25_20x0p75NA_535s50_g70_z1_256pix_basicFLIM_120f_0012,E:\18_RK_Circadian\data\raw\20260530_KPC_live_on_SLIM\fitet-sz-c2-b5\4_BKO_P10_3_live_740nm_3074mW_u1_poc0p25_20x0p75NA_535s50_g70_z1_256pix_basicFLIM_120f_0012_fit_mask.npy,2,65536,65393,99.8,600.5239958753963,606.0278446693472,66.59372678934383,0.10988558921030733,3.409947076694625,3.4141207686841817,0.39819953870097563,0.11663311454985338
4_BKO_P10_3_live_740nm_3074mW_u1_poc0p25_20x0p75NA_535s50_g70_z1_256pix_basicFLIM_120f_0013.sdt,20260530_KPC_live_on_SLIM,live,BKO,535,0.25,2026-05-31 05:55:30.000000,20260530_KPC_live_on_SLIM::fitet-sz-c2-b5::4_BKO_P10_3_live_740nm_3074mW_u1_poc0p25_20x0p75NA_535s50_g70_z1_256pix_basicFLIM_120f_0013,E:\18_RK_Circadian\data\raw\20260530_KPC_live_on_SLIM\fitet-sz-c2-b5\4_BKO_P10_3_live_740nm_3074mW_u1_poc0p25_20x0p75NA_535s50_g70_z1_256pix_basicFLIM_120f_0013_fit_mask.npy,2,65536,65046,99.3,592.5196078846734,596.7431575317108,68.71851458139598,0.1151559321863599,3.480722163876258,3.4794387264784037,0.43405164620884235,0.12474760452188019
4_BKO_P10_3_live_740nm_3074mW_u1_poc0p25_20x0p75NA_535s50_g70_z1_256pix_basicFLIM_120f_0014.sdt,20260530_KPC_live_on_SLIM,live,BKO,535,0.25,2026-05-31 05:56:39.000000,20260530_KPC_live_on_SLIM::fitet-sz-c2-b5::4_BKO_P10_3_live_740nm_3074mW_u1_poc0p25_20x0p75NA_535s50_g70_z1_256pix_basicFLIM_120f_0014,E:\18_RK_Circadian\data\raw\20260530_KPC_live_on_SLIM\fitet-sz-c2-b5\4_BKO_P10_3_live_740nm_3074mW_u1_poc0p25_20x0p75NA_535s50_g70_z1_256pix_basicFLIM_120f_0014_fit_mask.npy,2,65536,65450,99.9,577.5454546299627,580.1970054723996,58.02830176788345,0.10001482465535388,3.6939529901307386,3.7098973773306607,0.39685901897801157,0.10697304496965868
4_BKO_P10_3_live_740nm_3074mW_u1_poc0p25_20x0p75NA_535s50_g70_z1_256pix_basicFLIM_120f_0015.sdt,20260530_KPC_live_on_SLIM,live,BKO,535,0.25,2026-05-31 05:57:47.000000,20260530_KPC_live_on_SLIM::fitet-sz-c2-b5::4_BKO_P10_3_live_740nm_3074mW_u1_poc0p25_20x0p75NA_535s50_g70_z1_256pix_basicFLIM_120f_0015,E:\18_RK_Circadian\data\raw\20260530_KPC_live_on_SLIM\fitet-sz-c2-b5\4_BKO_P10_3_live_740nm_3074mW_u1_poc0p25_20x0p75NA_535s50_g70_z1_256pix_basicFLIM_120f_0015_fit_mask.npy,2,65536,65009,99.2,583.6049725450041,584.8958149518861,63.21442743134119,0.10807809838157459,3.5862854689705848,3.595213326882214,0.4162705222628222,0.11578465153938833
5_KPCWT_BKOCO2_P6_D6_live_740nm_3074mW_u1_poc0p25_20x0p75NA_457s50_g70_z1_256pix_basicFLIM_120f_0000.sdt,20260530_KPC_live_on_SLIM,live,KPCWT,457,0.25,2026-05-31 06:38:13.000000,20260530_KPC_live_on_SLIM::fitet-sz-c2-b5::5_KPCWT_BKOCO2_P6_D6_live_740nm_3074mW_u1_poc0p25_20x0p75NA_457s50_g70_z1_256pix_basicFLIM_120f_0000,E:\18_RK_Circadian\data\raw\20260530_KPC_live_on_SLIM\fitet-sz-c2-b5\5_KPCWT_BKOCO2_P6_D6_live_740nm_3074mW_u1_poc0p25_20x0p75NA_457s50_g70_z1_256pix_basicFLIM_120f_0000_fit_mask.npy,2,65536,65377,99.8,724.551609056218,718.6093738131118,63.87776437328376,0.08889080312762021,3.3107227244221185,3.2194146479875796,0.44458242853644175,0.13809418082083502
5_KPCWT_BKOCO2_P6_D6_live_740nm_3074mW_u1_poc0p25_20x0p75NA_457s50_g70_z1_256pix_basicFLIM_120f_0001.sdt,20260530_KPC_live_on_SLIM,live,KPCWT,457,0.25,2026-05-31 06:39:21.000000,20260530_KPC_live_on_SLIM::fitet-sz-c2-b5::5_KPCWT_BKOCO2_P6_D6_live_740nm_3074mW_u1_poc0p25_20x0p75NA_457s50_g70_z1_256pix_basicFLIM_120f_0001,E:\18_RK_Circadian\data\raw\20260530_KPC_live_on_SLIM\fitet-sz-c2-b5\5_KPCWT_BKOCO2_P6_D6_live_740nm_3074mW_u1_poc0p25_20x0p75NA_457s50_g70_z1_256pix_basicFLIM_120f_0001_fit_mask.npy,2,65536,64925,99.1,676.2972785246006,671.0027581900522,67.50007024094293,0.10059581636149471,3.412493637813444,3.3880868957260812,0.4767436102119356,0.14071174231491115
5_KPCWT_BKOCO2_P6_D6_live_740nm_3074mW_u1_poc0p25_20x0p75NA_457s50_g70_z1_256pix_basicFLIM_120f_0002.sdt,20260530_KPC_live_on_SLIM,live,KPCWT,457,0.25,2026-05-31 06:40:30.000000,20260530_KPC_live_on_SLIM::fitet-sz-c2-b5::5_KPCWT_BKOCO2_P6_D6_live_740nm_3074mW_u1_poc0p25_20x0p75NA_457s50_g70_z1_256pix_basicFLIM_120f_0002,E:\18_RK_Circadian\data\raw\20260530_KPC_live_on_SLIM\fitet-sz-c2-b5\5_KPCWT_BKOCO2_P6_D6_live_740nm_3074mW_u1_poc0p25_20x0p75NA_457s50_g70_z1_256pix_basicFLIM_120f_0002_fit_mask.npy,2,65536,64867,99.0,926.8231392326384,921.1039791035842,90.20057173395787,0.09792659002704648,2.101583365127814,2.02237772534386,0.42188135481610634,0.20860660673286185
5_KPCWT_BKOCO2_P6_D6_live_740nm_3074mW_u1_poc0p25_20x0p75NA_457s50_g70_z1_256pix_basicFLIM_120f_0003.sdt,20260530_KPC_live_on_SLIM,live,KPCWT,457,0.25,2026-05-31 06:41:39.000000,20260530_KPC_live_on_SLIM::fitet-sz-c2-b5::5_KPCWT_BKOCO2_P6_D6_live_740nm_3074mW_u1_poc0p25_20x0p75NA_457s50_g70_z1_256pix_basicFLIM_120f_0003,E:\18_RK_Circadian\data\raw\20260530_KPC_live_on_SLIM\fitet-sz-c2-b5\5_KPCWT_BKOCO2_P6_D6_live_740nm_3074mW_u1_poc0p25_20x0p75NA_457s50_g70_z1_256pix_basicFLIM_120f_0003_fit_mask.npy,2,65536,64690,98.7,944.4746959564787,943.8996761491068,84.33811563471924,0.08935071996083241,1.9277362462431546,1.8864458919146037,0.3913809677487091,0.20747002043694254
5_KPCWT_BKOCO2_P6_D6_live_740nm_3074mW_u1_poc0p25_20x0p75NA_457s50_g70_z1_256pix_basicFLIM_120f_0004.sdt,20260530_KPC_live_on_SLIM,live,KPCWT,457,0.25,2026-05-31 06:42:48.000000,20260530_KPC_live_on_SLIM::fitet-sz-c2-b5::5_KPCWT_BKOCO2_P6_D6_live_740nm_3074mW_u1_poc0p25_20x0p75NA_457s50_g70_z1_256pix_basicFLIM_120f_0004,E:\18_RK_Circadian\data\raw\20260530_KPC_live_on_SLIM\fitet-sz-c2-b5\5_KPCWT_BKOCO2_P6_D6_live_740nm_3074mW_u1_poc0p25_20x0p75NA_457s50_g70_z1_256pix_basicFLIM_120f_0004_fit_mask.npy,2,65536,65029,99.2,941.9386026610821,940.8809816059321,89.07762279601289,0.09467469800906354,1.7283245100445255,1.740581857024981,0.34232410080632236,0.19667222166237328
5_KPCWT_BKOCO2_P6_D6_live_740nm_3074mW_u1_poc0p25_20x0p75NA_457s50_g70_z1_256pix_basicFLIM_120f_0005.sdt,20260530_KPC_live_on_SLIM,live,KPCWT,457,0.25,2026-05-31 06:43:58.000000,20260530_KPC_live_on_SLIM::fitet-sz-c2-b5::5_KPCWT_BKOCO2_P6_D6_live_740nm_3074mW_u1_poc0p25_20x0p75NA_457s50_g70_z1_256pix_basicFLIM_120f_0005,E:\18_RK_Circadian\data\raw\20260530_KPC_live_on_SLIM\fitet-sz-c2-b5\5_KPCWT_BKOCO2_P6_D6_live_740nm_3074mW_u1_poc0p25_20x0p75NA_457s50_g70_z1_256pix_basicFLIM_120f_0005_fit_mask.npy,2,65536,63331,96.6,867.7073932990278,840.6464514155471,118.75159916383846,0.141262238083412,2.604202833383611,2.6259125859897665,0.36472682479492297,0.13889526511311842
5_KPCWT_BKOCO2_P6_D6_live_740nm_3074mW_u1_poc0p25_20x0p75NA_457s50_g70_z1_256pix_basicFLIM_120f_0006.sdt,20260530_KPC_live_on_SLIM,live,KPCWT,457,0.25,2026-05-31 06:45:06.000000,20260530_KPC_live_on_SLIM::fitet-sz-c2-b5::5_KPCWT_BKOCO2_P6_D6_live_740nm_3074mW_u1_poc0p25_20x0p75NA_457s50_g70_z1_256pix_basicFLIM_120f_0006,E:\18_RK_Circadian\data\raw\20260530_KPC_live_on_SLIM\fitet-sz-c2-b5\5_KPCWT_BKOCO2_P6_D6_live_740nm_3074mW_u1_poc0p25_20x0p75NA_457s50_g70_z1_256pix_basicFLIM_120f_0006_fit_mask.npy,2,65536,65174,99.4,929.4811133557491,923.940867453137,86.91352821627827,0.09406827999269833,2.239480933627757,2.203300691112919,0.3755796035065272,0.17046225466248846
5_KPCWT_BKOCO2_P6_D6_live_740nm_3074mW_u1_poc0p25_20x0p75NA_457s50_g70_z1_256pix_basicFLIM_120f_0007.sdt,20260530_KPC_live_on_SLIM,live,KPCWT,457,0.25,2026-05-31 06:46:14.000000,20260530_KPC_live_on_SLIM::fitet-sz-c2-b5::5_KPCWT_BKOCO2_P6_D6_live_740nm_3074mW_u1_poc0p25_20x0p75NA_457s50_g70_z1_256pix_basicFLIM_120f_0007,E:\18_RK_Circadian\data\raw\20260530_KPC_live_on_SLIM\fitet-sz-c2-b5\5_KPCWT_BKOCO2_P6_D6_live_740nm_3074mW_u1_poc0p25_20x0p75NA_457s50_g70_z1_256pix_basicFLIM_120f_0007_fit_mask.npy,2,65536,65255,99.6,913.964804055822,917.2189628462016,73.75615827846029,0.08041281445990738,2.3193970691099386,2.271070413121684,0.36087641389140307,0.15890146417581255
5_KPCWT_BKOCO2_P6_D6_live_740nm_3074mW_u1_poc0p25_20x0p75NA_457s50_g70_z1_256pix_basicFLIM_120f_0008.sdt,20260530_KPC_live_on_SLIM,live,KPCWT,457,0.25,2026-05-31 06:47:24.000000,20260530_KPC_live_on_SLIM::fitet-sz-c2-b5::5_KPCWT_BKOCO2_P6_D6_live_740nm_3074mW_u1_poc0p25_20x0p75NA_457s50_g70_z1_256pix_basicFLIM_120f_0008,E:\18_RK_Circadian\data\raw\20260530_KPC_live_on_SLIM\fitet-sz-c2-b5\5_KPCWT_BKOCO2_P6_D6_live_740nm_3074mW_u1_poc0p25_20x0p75NA_457s50_g70_z1_256pix_basicFLIM_120f_0008_fit_mask.npy,2,65536,64768,98.8,911.5051207850048,909.6773940666136,85.43728188573935,0.09392041886827736,2.2290491871560905,2.144344566571796,0.4401820378562762,0.20527579602563756
5_KPCWT_BKOCO2_P6_D6_live_740nm_3074mW_u1_poc0p25_20x0p75NA_457s50_g70_z1_256pix_basicFLIM_120f_0009.sdt,20260530_KPC_live_on_SLIM,live,KPCWT,457,0.25,2026-05-31 06:48:32.000000,20260530_KPC_live_on_SLIM::fitet-sz-c2-b5::5_KPCWT_BKOCO2_P6_D6_live_740nm_3074mW_u1_poc0p25_20x0p75NA_457s50_g70_z1_256pix_basicFLIM_120f_0009,E:\18_RK_Circadian\data\raw\20260530_KPC_live_on_SLIM\fitet-sz-c2-b5\5_KPCWT_BKOCO2_P6_D6_live_740nm_3074mW_u1_poc0p25_20x0p75NA_457s50_g70_z1_256pix_basicFLIM_120f_0009_fit_mask.npy,2,65536,64946,99.1,950.6012303449527,950.0155277927937,83.28913052723054,0.08767133598409624,1.9679657553753271,1.9049055090319376,0.44140516238512906,0.2317202403438104
5_KPCWT_BKOCO2_P6_D6_live_740nm_3074mW_u1_poc0p25_20x0p75NA_457s50_g70_z1_256pix_basicFLIM_120f_0010.sdt,20260530_KPC_live_on_SLIM,live,KPCWT,457,0.25,2026-05-31 06:49:40.000000,20260530_KPC_live_on_SLIM::fitet-sz-c2-b5::5_KPCWT_BKOCO2_P6_D6_live_740nm_3074mW_u1_poc0p25_20x0p75NA_457s50_g70_z1_256pix_basicFLIM_120f_0010,E:\18_RK_Circadian\data\raw\20260530_KPC_live_on_SLIM\fitet-sz-c2-b5\5_KPCWT_BKOCO2_P6_D6_live_740nm_3074mW_u1_poc0p25_20x0p75NA_457s50_g70_z1_256pix_basicFLIM_120f_0010_fit_mask.npy,2,65536,65433,99.8,939.1357596980927,938.0873841608809,69.54483300961314,0.07413470662098393,2.2945430481232503,2.306608910385645,0.27234850141331257,0.11807311598730375
5_KPCWT_BKOCO2_P6_D6_live_740nm_3074mW_u1_poc0p25_20x0p75NA_457s50_g70_z1_256pix_basicFLIM_120f_0011.sdt,20260530_KPC_live_on_SLIM,live,KPCWT,457,0.25,2026-05-31 06:50:50.000000,20260530_KPC_live_on_SLIM::fitet-sz-c2-b5::5_KPCWT_BKOCO2_P6_D6_live_740nm_3074mW_u1_poc0p25_20x0p75NA_457s50_g70_z1_256pix_basicFLIM_120f_0011,E:\18_RK_Circadian\data\raw\20260530_KPC_live_on_SLIM\fitet-sz-c2-b5\5_KPCWT_BKOCO2_P6_D6_live_740nm_3074mW_u1_poc0p25_20x0p75NA_457s50_g70_z1_256pix_basicFLIM_120f_0011_fit_mask.npy,2,65536,65426,99.8,706.544815317565,708.3055056256848,47.81311861068375,0.0675035252880716,3.5680359181362578,3.5885436827895014,0.35243386275637223,0.0982108325576834
5_KPCWT_BKOCO2_P6_D6_live_740nm_3074mW_u1_poc0p25_20x0p75NA_457s50_g70_z1_256pix_basicFLIM_120f_0012.sdt,20260530_KPC_live_on_SLIM,live,KPCWT,457,0.25,2026-05-31 06:51:58.000000,20260530_KPC_live_on_SLIM::fitet-sz-c2-b5::5_KPCWT_BKOCO2_P6_D6_live_740nm_3074mW_u1_poc0p25_20x0p75NA_457s50_g70_z1_256pix_basicFLIM_120f_0012,E:\18_RK_Circadian\data\raw\20260530_KPC_live_on_SLIM\fitet-sz-c2-b5\5_KPCWT_BKOCO2_P6_D6_live_740nm_3074mW_u1_poc0p25_20x0p75NA_457s50_g70_z1_256pix_basicFLIM_120f_0012_fit_mask.npy,2,65536,65208,99.5,959.4227769370788,959.5321516433875,70.52736567621804,0.07350182644263255,2.0037982928133173,2.0015217688358224,0.27777374895068135,0.1387812779634405
5_KPCWT_BKOCO2_P6_D6_live_740nm_3074mW_u1_poc0p25_20x0p75NA_457s50_g70_z1_256pix_basicFLIM_120f_0013.sdt,20260530_KPC_live_on_SLIM,live,KPCWT,457,0.25,2026-05-31 06:53:07.000000,20260530_KPC_live_on_SLIM::fitet-sz-c2-b5::5_KPCWT_BKOCO2_P6_D6_live_740nm_3074mW_u1_poc0p25_20x0p75NA_457s50_g70_z1_256pix_basicFLIM_120f_0013,E:\18_RK_Circadian\data\raw\20260530_KPC_live_on_SLIM\fitet-sz-c2-b5\5_KPCWT_BKOCO2_P6_D6_live_740nm_3074mW_u1_poc0p25_20x0p75NA_457s50_g70_z1_256pix_basicFLIM_120f_0013_fit_mask.npy,2,65536,65392,99.8,941.9323596824426,943.4690157311175,69.24818477108462,0.07339741275702891,2.298824145842521,2.286856756708561,0.2835892423233379,0.1240083103112692
5_KPCWT_BKOCO2_P6_D6_live_740nm_3074mW_u1_poc0p25_20x0p75NA_457s50_g70_z1_256pix_basicFLIM_120f_0014.sdt,20260530_KPC_live_on_SLIM,live,KPCWT,457,0.25,2026-05-31 06:54:16.000000,20260530_KPC_live_on_SLIM::fitet-sz-c2-b5::5_KPCWT_BKOCO2_P6_D6_live_740nm_3074mW_u1_poc0p25_20x0p75NA_457s50_g70_z1_256pix_basicFLIM_120f_0014,E:\18_RK_Circadian\data\raw\20260530_KPC_live_on_SLIM\fitet-sz-c2-b5\5_KPCWT_BKOCO2_P6_D6_live_740nm_3074mW_u1_poc0p25_20x0p75NA_457s50_g70_z1_256pix_basicFLIM_120f_0014_fit_mask.npy,2,65536,65398,99.8,930.5579715095275,934.475043922112,61.56020089333441,0.0658767735893281,2.3526152301073004,2.3430583967758998,0.23926979057734474,0.10211857754232044
5_KPCWT_BKOCO2_P6_D6_live_740nm_3074mW_u1_poc0p25_20x0p75NA_535s50_g70_z1_256pix_basicFLIM_120f_0000.sdt,20260530_KPC_live_on_SLIM,live,KPCWT,535,0.25,2026-05-31 07:01:59.000000,20260530_KPC_live_on_SLIM::fitet-sz-c2-b5::5_KPCWT_BKOCO2_P6_D6_live_740nm_3074mW_u1_poc0p25_20x0p75NA_535s50_g70_z1_256pix_basicFLIM_120f_0000,E:\18_RK_Circadian\data\raw\20260530_KPC_live_on_SLIM\fitet-sz-c2-b5\5_KPCWT_BKOCO2_P6_D6_live_740nm_3074mW_u1_poc0p25_20x0p75NA_535s50_g70_z1_256pix_basicFLIM_120f_0000_fit_mask.npy,2,65536,59880,91.4,499.00529049487966,495.1930973402869,64.55772271053337,0.13036878554502665,3.97267450174552,4.071274428168069,0.7220938558797896,0.17736310057701185
5_KPCWT_BKOCO2_P6_D6_live_740nm_3074mW_u1_poc0p25_20x0p75NA_535s50_g70_z1_256pix_basicFLIM_120f_0001.sdt,20260530_KPC_live_on_SLIM,live,KPCWT,535,0.25,2026-05-31 07:03:08.000000,20260530_KPC_live_on_SLIM::fitet-sz-c2-b5::5_KPCWT_BKOCO2_P6_D6_live_740nm_3074mW_u1_poc0p25_20x0p75NA_535s50_g70_z1_256pix_basicFLIM_120f_0001,E:\18_RK_Circadian\data\raw\20260530_KPC_live_on_SLIM\fitet-sz-c2-b5\5_KPCWT_BKOCO2_P6_D6_live_740nm_3074mW_u1_poc0p25_20x0p75NA_535s50_g70_z1_256pix_basicFLIM_120f_0001_fit_mask.npy,2,65536,47132,71.9,429.67663794181396,429.1648802521387,76.45141621961469,0.1781399637703316,4.489822588217858,4.605432653728151,0.8642277860629923,0.18765398411881887
5_KPCWT_BKOCO2_P6_D6_live_740nm_3074mW_u1_poc0p25_20x0p75NA_535s50_g70_z1_256pix_basicFLIM_120f_0002.sdt,20260530_KPC_live_on_SLIM,live,KPCWT,535,0.25,2026-05-31 07:04:17.000000,20260530_KPC_live_on_SLIM::fitet-sz-c2-b5::5_KPCWT_BKOCO2_P6_D6_live_740nm_3074mW_u1_poc0p25_20x0p75NA_535s50_g70_z1_256pix_basicFLIM_120f_0002,E:\18_RK_Circadian\data\raw\20260530_KPC_live_on_SLIM\fitet-sz-c2-b5\5_KPCWT_BKOCO2_P6_D6_live_740nm_3074mW_u1_poc0p25_20x0p75NA_535s50_g70_z1_256pix_basicFLIM_120f_0002_fit_mask.npy,2,65536,58197,88.8,624.7319847457478,630.2346493585212,90.40925351874364,0.14345332109360523,3.049225244479789,3.0745009714634,0.43362156934141155,0.14103803295759457
5_KPCWT_BKOCO2_P6_D6_live_740nm_3074mW_u1_poc0p25_20x0p75NA_535s50_g70_z1_256pix_basicFLIM_120f_0003.sdt,20260530_KPC_live_on_SLIM,live,KPCWT,535,0.25,2026-05-31 07:05:26.000000,20260530_KPC_live_on_SLIM::fitet-sz-c2-b5::5_KPCWT_BKOCO2_P6_D6_live_740nm_3074mW_u1_poc0p25_20x0p75NA_535s50_g70_z1_256pix_basicFLIM_120f_0003,E:\18_RK_Circadian\data\raw\20260530_KPC_live_on_SLIM\fitet-sz-c2-b5\5_KPCWT_BKOCO2_P6_D6_live_740nm_3074mW_u1_poc0p25_20x0p75NA_535s50_g70_z1_256pix_basicFLIM_120f_0003_fit_mask.npy,2,65536,56232,85.8,608.461662152615,611.5354914814128,89.30811433216557,0.14603913521980766,3.115178508496071,3.1546488648553286,0.45798539083785617,0.14517792960734452
5_KPCWT_BKOCO2_P6_D6_live_740nm_3074mW_u1_poc0p25_20x0p75NA_535s50_g70_z1_256pix_basicFLIM_120f_0004.sdt,20260530_KPC_live_on_SLIM,live,KPCWT,535,0.25,2026-05-31 07:06:35.000000,20260530_KPC_live_on_SLIM::fitet-sz-c2-b5::5_KPCWT_BKOCO2_P6_D6_live_740nm_3074mW_u1_poc0p25_20x0p75NA_535s50_g70_z1_256pix_basicFLIM_120f_0004,E:\18_RK_Circadian\data\raw\20260530_KPC_live_on_SLIM\fitet-sz-c2-b5\5_KPCWT_BKOCO2_P6_D6_live_740nm_3074mW_u1_poc0p25_20x0p75NA_535s50_g70_z1_256pix_basicFLIM_120f_0004_fit_mask.npy,2,65536,54323,82.9,593.6014956388352,599.4961335670159,90.71887771134129,0.15132520900770763,3.1871330955975115,3.2129843169321783,0.47513100227708827,0.14787840692940352
5_KPCWT_BKOCO2_P6_D6_live_740nm_3074mW_u1_poc0p25_20x0p75NA_535s50_g70_z1_256pix_basicFLIM_120f_0005.sdt,20260530_KPC_live_on_SLIM,live,KPCWT,535,0.25,2026-05-31 07:07:44.000000,20260530_KPC_live_on_SLIM::fitet-sz-c2-b5::5_KPCWT_BKOCO2_P6_D6_live_740nm_3074mW_u1_poc0p25_20x0p75NA_535s50_g70_z1_256pix_basicFLIM_120f_0005,E:\18_RK_Circadian\data\raw\20260530_KPC_live_on_SLIM\fitet-sz-c2-b5\5_KPCWT_BKOCO2_P6_D6_live_740nm_3074mW_u1_poc0p25_20x0p75NA_535s50_g70_z1_256pix_basicFLIM_120f_0005_fit_mask.npy,2,65536,48183,73.5,527.7964039399706,527.0389561584257,78.19486602493615,0.1483663875530125,3.3911695366953665,3.434127492291178,0.48423939727618004,0.1410079848122079
5_KPCWT_BKOCO2_P6_D6_live_740nm_3074mW_u1_poc0p25_20x0p75NA_535s50_g70_z1_256pix_basicFLIM_120f_0006.sdt,20260530_KPC_live_on_SLIM,live,KPCWT,535,0.25,2026-05-31 07:08:53.000000,20260530_KPC_live_on_SLIM::fitet-sz-c2-b5::5_KPCWT_BKOCO2_P6_D6_live_740nm_3074mW_u1_poc0p25_20x0p75NA_535s50_g70_z1_256pix_basicFLIM_120f_0006,E:\18_RK_Circadian\data\raw\20260530_KPC_live_on_SLIM\fitet-sz-c2-b5\5_KPCWT_BKOCO2_P6_D6_live_740nm_3074mW_u1_poc0p25_20x0p75NA_535s50_g70_z1_256pix_basicFLIM_120f_0006_fit_mask.npy,2,65536,62424,95.3,610.206277508572,611.8140623279627,81.01299028665976,0.1324143972408937,3.1434051533140046,3.1572169773018555,0.4198988805248142,0.13299652305926027
5_KPCWT_BKOCO2_P6_D6_live_740nm_3074mW_u1_poc0p25_20x0p75NA_535s50_g70_z1_256pix_basicFLIM_120f_0007.sdt,20260530_KPC_live_on_SLIM,live,KPCWT,535,0.25,2026-05-31 07:10:01.000000,20260530_KPC_live_on_SLIM::fitet-sz-c2-b5::5_KPCWT_BKOCO2_P6_D6_live_740nm_3074mW_u1_poc0p25_20x0p75NA_535s50_g70_z1_256pix_basicFLIM_120f_0007,E:\18_RK_Circadian\data\raw\20260530_KPC_live_on_SLIM\fitet-sz-c2-b5\5_KPCWT_BKOCO2_P6_D6_live_740nm_3074mW_u1_poc0p25_20x0p75NA_535s50_g70_z1_256pix_basicFLIM_120f_0007_fit_mask.npy,2,65536,63453,96.8,594.335081690355,598.8451884005925,80.86064046007574,0.13502761986956918,3.204268307154826,3.214583616865425,0.3907522154207055,0.12155608999268532
5_KPCWT_BKOCO2_P6_D6_live_740nm_3074mW_u1_poc0p25_20x0p75NA_535s50_g70_z1_256pix_basicFLIM_120f_0008.sdt,20260530_KPC_live_on_SLIM,live,KPCWT,535,0.25,2026-05-31 07:11:10.000000,20260530_KPC_live_on_SLIM::fitet-sz-c2-b5::5_KPCWT_BKOCO2_P6_D6_live_740nm_3074mW_u1_poc0p25_20x0p75NA_535s50_g70_z1_256pix_basicFLIM_120f_0008,E:\18_RK_Circadian\data\raw\20260530_KPC_live_on_SLIM\fitet-sz-c2-b5\5_KPCWT_BKOCO2_P6_D6_live_740nm_3074mW_u1_poc0p25_20x0p75NA_535s50_g70_z1_256pix_basicFLIM_120f_0008_fit_mask.npy,2,65536,59549,90.9,602.5007519255292,605.5401217939308,79.54888497113181,0.13136847932630105,3.1770180231529705,3.2035890721046427,0.41555643062439435,0.1297158971613637
5_KPCWT_BKOCO2_P6_D6_live_740nm_3074mW_u1_poc0p25_20x0p75NA_535s50_g70_z1_256pix_basicFLIM_120f_0009.sdt,20260530_KPC_live_on_SLIM,live,KPCWT,535,0.25,2026-05-31 07:12:19.000000,20260530_KPC_live_on_SLIM::fitet-sz-c2-b5::5_KPCWT_BKOCO2_P6_D6_live_740nm_3074mW_u1_poc0p25_20x0p75NA_535s50_g70_z1_256pix_basicFLIM_120f_0009,E:\18_RK_Circadian\data\raw\20260530_KPC_live_on_SLIM\fitet-sz-c2-b5\5_KPCWT_BKOCO2_P6_D6_live_740nm_3074mW_u1_poc0p25_20x0p75NA_535s50_g70_z1_256pix_basicFLIM_120f_0009_fit_mask.npy,2,65536,55495,84.7,624.4374917950108,626.2305160464234,87.66999324860231,0.13999636076837751,3.0282848927841477,3.0640112733011406,0.44924836457325457,0.14662098944865762
5_KPCWT_BKOCO2_P6_D6_live_740nm_3074mW_u1_poc0p25_20x0p75NA_535s50_g70_z1_256pix_basicFLIM_120f_0010.sdt,20260530_KPC_live_on_SLIM,live,KPCWT,535,0.25,2026-05-31 07:13:26.000000,20260530_KPC_live_on_SLIM::fitet-sz-c2-b5::5_KPCWT_BKOCO2_P6_D6_live_740nm_3074mW_u1_poc0p25_20x0p75NA_535s50_g70_z1_256pix_basicFLIM_120f_0010,E:\18_RK_Circadian\data\raw\20260530_KPC_live_on_SLIM\fitet-sz-c2-b5\5_KPCWT_BKOCO2_P6_D6_live_740nm_3074mW_u1_poc0p25_20x0p75NA_535s50_g70_z1_256pix_basicFLIM_120f_0010_fit_mask.npy,2,65536,65334,99.7,618.2143814421456,620.6210646058203,78.2954078807218,0.12615654276970142,3.1012157337423716,3.1132194399940825,0.3633071483591043,0.11669821397485391
5_KPCWT_BKOCO2_P6_D6_live_740nm_3074mW_u1_poc0p25_20x0p75NA_535s50_g70_z1_256pix_basicFLIM_120f_0011.sdt,20260530_KPC_live_on_SLIM,live,KPCWT,535,0.25,2026-05-31 07:14:36.000000,20260530_KPC_live_on_SLIM::fitet-sz-c2-b5::5_KPCWT_BKOCO2_P6_D6_live_740nm_3074mW_u1_poc0p25_20x0p75NA_535s50_g70_z1_256pix_basicFLIM_120f_0011,E:\18_RK_Circadian\data\raw\20260530_KPC_live_on_SLIM\fitet-sz-c2-b5\5_KPCWT_BKOCO2_P6_D6_live_740nm_3074mW_u1_poc0p25_20x0p75NA_535s50_g70_z1_256pix_basicFLIM_120f_0011_fit_mask.npy,2,65536,64660,98.7,467.15678497003876,466.0168893619268,62.25717212339828,0.1335942399183025,4.017034996995314,4.047314290468377,0.5027500529570268,0.12421818936597726
5_KPCWT_BKOCO2_P6_D6_live_740nm_3074mW_u1_poc0p25_20x0p75NA_535s50_g70_z1_256pix_basicFLIM_120f_0012.sdt,20260530_KPC_live_on_SLIM,live,KPCWT,535,0.25,2026-05-31 07:15:44.000000,20260530_KPC_live_on_SLIM::fitet-sz-c2-b5::5_KPCWT_BKOCO2_P6_D6_live_740nm_3074mW_u1_poc0p25_20x0p75NA_535s50_g70_z1_256pix_basicFLIM_120f_0012,E:\18_RK_Circadian\data\raw\20260530_KPC_live_on_SLIM\fitet-sz-c2-b5\5_KPCWT_BKOCO2_P6_D6_live_740nm_3074mW_u1_poc0p25_20x0p75NA_535s50_g70_z1_256pix_basicFLIM_120f_0012_fit_mask.npy,2,65536,64244,98.0,620.0297618916484,621.3944689859911,83.37978052430661,0.1341817230210756,3.049979087502247,3.0781437960568336,0.39329350905633076,0.12776969989516018
5_KPCWT_BKOCO2_P6_D6_live_740nm_3074mW_u1_poc0p25_20x0p75NA_535s50_g70_z1_256pix_basicFLIM_120f_0013.sdt,20260530_KPC_live_on_SLIM,live,KPCWT,535,0.25,2026-05-31 07:16:53.000000,20260530_KPC_live_on_SLIM::fitet-sz-c2-b5::5_KPCWT_BKOCO2_P6_D6_live_740nm_3074mW_u1_poc0p25_20x0p75NA_535s50_g70_z1_256pix_basicFLIM_120f_0013,E:\18_RK_Circadian\data\raw\20260530_KPC_live_on_SLIM\fitet-sz-c2-b5\5_KPCWT_BKOCO2_P6_D6_live_740nm_3074mW_u1_poc0p25_20x0p75NA_535s50_g70_z1_256pix_basicFLIM_120f_0013_fit_mask.npy,2,65536,65245,99.6,603.6342376531801,605.4754704975177,78.96177019936361,0.13041283098468204,3.1581065180148236,3.178498807412565,0.3842971932204018,0.12090525008981716
5_KPCWT_BKOCO2_P6_D6_live_740nm_3074mW_u1_poc0p25_20x0p75NA_535s50_g70_z1_256pix_basicFLIM_120f_0014.sdt,20260530_KPC_live_on_SLIM,live,KPCWT,535,0.25,2026-05-31 07:18:02.000000,20260530_KPC_live_on_SLIM::fitet-sz-c2-b5::5_KPCWT_BKOCO2_P6_D6_live_740nm_3074mW_u1_poc0p25_20x0p75NA_535s50_g70_z1_256pix_basicFLIM_120f_0014,E:\18_RK_Circadian\data\raw\20260530_KPC_live_on_SLIM\fitet-sz-c2-b5\5_KPCWT_BKOCO2_P6_D6_live_740nm_3074mW_u1_poc0p25_20x0p75NA_535s50_g70_z1_256pix_basicFLIM_120f_0014_fit_mask.npy,2,65536,65380,99.8,607.7047731363984,613.2514040749277,74.02776861513493,0.1207135737859479,3.206998843768556,3.2118506443771024,0.37010773220871646,0.11523192488936364
6_BKOCO2_P10_5_live_740nm_3074mW_u1_poc0p25_20x0p75NA_457s50_g70_z1_256pix_basicFLIM_120f_0000.sdt,20260530_KPC_live_on_SLIM,live,BKO,457,0.25,2026-05-31 07:54:53.000000,20260530_KPC_live_on_SLIM::fitet-sz-c2-b5::6_BKOCO2_P10_5_live_740nm_3074mW_u1_poc0p25_20x0p75NA_457s50_g70_z1_256pix_basicFLIM_120f_0000,E:\18_RK_Circadian\data\raw\20260530_KPC_live_on_SLIM\fitet-sz-c2-b5\6_BKOCO2_P10_5_live_740nm_3074mW_u1_poc0p25_20x0p75NA_457s50_g70_z1_256pix_basicFLIM_120f_0000_fit_mask.npy,2,65536,65273,99.6,727.6350688170368,736.4011258196181,73.6827029088109,0.10005783577096204,2.980060318230665,2.8645334791560715,0.6996401566062639,0.24424226901072454
6_BKOCO2_P10_5_live_740nm_3074mW_u1_poc0p25_20x0p75NA_457s50_g70_z1_256pix_basicFLIM_120f_0001.sdt,20260530_KPC_live_on_SLIM,live,BKO,457,0.25,2026-05-31 07:56:01.000000,20260530_KPC_live_on_SLIM::fitet-sz-c2-b5::6_BKOCO2_P10_5_live_740nm_3074mW_u1_poc0p25_20x0p75NA_457s50_g70_z1_256pix_basicFLIM_120f_0001,E:\18_RK_Circadian\data\raw\20260530_KPC_live_on_SLIM\fitet-sz-c2-b5\6_BKOCO2_P10_5_live_740nm_3074mW_u1_poc0p25_20x0p75NA_457s50_g70_z1_256pix_basicFLIM_120f_0001_fit_mask.npy,2,65536,65307,99.7,725.0432706442195,738.3996000015069,79.30730660590868,0.10740431956591909,3.0814472569529983,2.968751400697175,0.6873208505270921,0.23151849304919342
6_BKOCO2_P10_5_live_740nm_3074mW_u1_poc0p25_20x0p75NA_457s50_g70_z1_256pix_basicFLIM_120f_0002.sdt,20260530_KPC_live_on_SLIM,live,BKO,457,0.25,2026-05-31 07:57:10.000000,20260530_KPC_live_on_SLIM::fitet-sz-c2-b5::6_BKOCO2_P10_5_live_740nm_3074mW_u1_poc0p25_20x0p75NA_457s50_g70_z1_256pix_basicFLIM_120f_0002,E:\18_RK_Circadian\data\raw\20260530_KPC_live_on_SLIM\fitet-sz-c2-b5\6_BKOCO2_P10_5_live_740nm_3074mW_u1_poc0p25_20x0p75NA_457s50_g70_z1_256pix_basicFLIM_120f_0002_fit_mask.npy,2,65536,65098,99.3,701.3447658522553,728.5798754433524,94.46679325959947,0.1296588012427806,3.3854327818977525,3.039295461120381,0.9166386640948373,0.30159577304041874
6_BKOCO2_P10_5_live_740nm_3074mW_u1_poc0p25_20x0p75NA_457s50_g70_z1_256pix_basicFLIM_120f_0003.sdt,20260530_KPC_live_on_SLIM,live,BKO,457,0.25,2026-05-31 07:58:18.000000,20260530_KPC_live_on_SLIM::fitet-sz-c2-b5::6_BKOCO2_P10_5_live_740nm_3074mW_u1_poc0p25_20x0p75NA_457s50_g70_z1_256pix_basicFLIM_120f_0003,E:\18_RK_Circadian\data\raw\20260530_KPC_live_on_SLIM\fitet-sz-c2-b5\6_BKOCO2_P10_5_live_740nm_3074mW_u1_poc0p25_20x0p75NA_457s50_g70_z1_256pix_basicFLIM_120f_0003_fit_mask.npy,2,65536,65019,99.2,712.7742435359604,736.5256569320964,97.73680906001177,0.13269980229490166,3.1185638184530147,2.895504224141225,0.8452497805519494,0.2919179925571137
6_BKOCO2_P10_5_live_740nm_3074mW_u1_poc0p25_20x0p75NA_457s50_g70_z1_256pix_basicFLIM_120f_0004.sdt,20260530_KPC_live_on_SLIM,live,BKO,457,0.25,2026-05-31 07:59:27.000000,20260530_KPC_live_on_SLIM::fitet-sz-c2-b5::6_BKOCO2_P10_5_live_740nm_3074mW_u1_poc0p25_20x0p75NA_457s50_g70_z1_256pix_basicFLIM_120f_0004,E:\18_RK_Circadian\data\raw\20260530_KPC_live_on_SLIM\fitet-sz-c2-b5\6_BKOCO2_P10_5_live_740nm_3074mW_u1_poc0p25_20x0p75NA_457s50_g70_z1_256pix_basicFLIM_120f_0004_fit_mask.npy,2,65536,65171,99.4,727.9970030151433,741.2103399785883,82.4252211799824,0.1112035501047698,3.1720927166505986,2.974457920745525,0.7795900042449425,0.2620948169438364
6_BKOCO2_P10_5_live_740nm_3074mW_u1_poc0p25_20x0p75NA_457s50_g70_z1_256pix_basicFLIM_120f_0005.sdt,20260530_KPC_live_on_SLIM,live,BKO,457,0.25,2026-05-31 08:00:35.000000,20260530_KPC_live_on_SLIM::fitet-sz-c2-b5::6_BKOCO2_P10_5_live_740nm_3074mW_u1_poc0p25_20x0p75NA_457s50_g70_z1_256pix_basicFLIM_120f_0005,E:\18_RK_Circadian\data\raw\20260530_KPC_live_on_SLIM\fitet-sz-c2-b5\6_BKOCO2_P10_5_live_740nm_3074mW_u1_poc0p25_20x0p75NA_457s50_g70_z1_256pix_basicFLIM_120f_0005_fit_mask.npy,2,65536,64956,99.1,713.852956166766,729.6489861901604,83.00527762345462,0.11376056048109394,3.2371422419876996,2.9878228236754256,0.8655245476939699,0.28968402705661705
6_BKOCO2_P10_5_live_740nm_3074mW_u1_poc0p25_20x0p75NA_457s50_g70_z1_256pix_basicFLIM_120f_0006.sdt,20260530_KPC_live_on_SLIM,live,BKO,457,0.25,2026-05-31 08:01:43.000000,20260530_KPC_live_on_SLIM::fitet-sz-c2-b5::6_BKOCO2_P10_5_live_740nm_3074mW_u1_poc0p25_20x0p75NA_457s50_g70_z1_256pix_basicFLIM_120f_0006,E:\18_RK_Circadian\data\raw\20260530_KPC_live_on_SLIM\fitet-sz-c2-b5\6_BKOCO2_P10_5_live_740nm_3074mW_u1_poc0p25_20x0p75NA_457s50_g70_z1_256pix_basicFLIM_120f_0006_fit_mask.npy,2,65536,65273,99.6,717.8021067237429,726.3490066219565,67.24222618499381,0.0925756427997587,3.3156732720821775,3.241832618420773,0.5885199864768976,0.181539288343514
6_BKOCO2_P10_5_live_740nm_3074mW_u1_poc0p25_20x0p75NA_457s50_g70_z1_256pix_basicFLIM_120f_0007.sdt,20260530_KPC_live_on_SLIM,live,BKO,457,0.25,2026-05-31 08:02:51.000000,20260530_KPC_live_on_SLIM::fitet-sz-c2-b5::6_BKOCO2_P10_5_live_740nm_3074mW_u1_poc0p25_20x0p75NA_457s50_g70_z1_256pix_basicFLIM_120f_0007,E:\18_RK_Circadian\data\raw\20260530_KPC_live_on_SLIM\fitet-sz-c2-b5\6_BKOCO2_P10_5_live_740nm_3074mW_u1_poc0p25_20x0p75NA_457s50_g70_z1_256pix_basicFLIM_120f_0007_fit_mask.npy,2,65536,65009,99.2,739.4346647997422,754.0060879592911,94.9232179093652,0.12589184547073595,2.924685354908514,2.758376382963162,0.8167226084999287,0.29608816749749417
6_BKOCO2_P10_5_live_740nm_3074mW_u1_poc0p25_20x0p75NA_457s50_g70_z1_256pix_basicFLIM_120f_0008.sdt,20260530_KPC_live_on_SLIM,live,BKO,457,0.25,2026-05-31 08:04:00.000000,20260530_KPC_live_on_SLIM::fitet-sz-c2-b5::6_BKOCO2_P10_5_live_740nm_3074mW_u1_poc0p25_20x0p75NA_457s50_g70_z1_256pix_basicFLIM_120f_0008,E:\18_RK_Circadian\data\raw\20260530_KPC_live_on_SLIM\fitet-sz-c2-b5\6_BKOCO2_P10_5_live_740nm_3074mW_u1_poc0p25_20x0p75NA_457s50_g70_z1_256pix_basicFLIM_120f_0008_fit_mask.npy,2,65536,65300,99.6,724.3178475110103,728.9343898590975,63.58292689495869,0.08722722892419608,3.0541209414258113,3.0076260635603886,0.5736951638865843,0.19074683879000948
6_BKOCO2_P10_5_live_740nm_3074mW_u1_poc0p25_20x0p75NA_457s50_g70_z1_256pix_basicFLIM_120f_0009.sdt,20260530_KPC_live_on_SLIM,live,BKO,457,0.25,2026-05-31 08:05:08.000000,20260530_KPC_live_on_SLIM::fitet-sz-c2-b5::6_BKOCO2_P10_5_live_740nm_3074mW_u1_poc0p25_20x0p75NA_457s50_g70_z1_256pix_basicFLIM_120f_0009,E:\18_RK_Circadian\data\raw\20260530_KPC_live_on_SLIM\fitet-sz-c2-b5\6_BKOCO2_P10_5_live_740nm_3074mW_u1_poc0p25_20x0p75NA_457s50_g70_z1_256pix_basicFLIM_120f_0009_fit_mask.npy,2,65536,65213,99.5,709.6690800704381,720.6313854375319,74.61038752587437,0.10353474610403572,3.279092009212632,3.109698386830944,0.7547673260418883,0.24271399735685062
6_BKOCO2_P10_5_live_740nm_3074mW_u1_poc0p25_20x0p75NA_457s50_g70_z1_256pix_basicFLIM_120f_0010.sdt,20260530_KPC_live_on_SLIM,live,BKO,457,0.25,2026-05-31 08:06:17.000000,20260530_KPC_live_on_SLIM::fitet-sz-c2-b5::6_BKOCO2_P10_5_live_740nm_3074mW_u1_poc0p25_20x0p75NA_457s50_g70_z1_256pix_basicFLIM_120f_0010,E:\18_RK_Circadian\data\raw\20260530_KPC_live_on_SLIM\fitet-sz-c2-b5\6_BKOCO2_P10_5_live_740nm_3074mW_u1_poc0p25_20x0p75NA_457s50_g70_z1_256pix_basicFLIM_120f_0010_fit_mask.npy,2,65536,64754,98.8,720.792607186432,740.8914257112451,96.5416220722597,0.1303046826052564,3.1471933881756007,2.9114009318573197,0.8850386457804524,0.3039906445368363
6_BKOCO2_P10_5_live_740nm_3074mW_u1_poc0p25_20x0p75NA_457s50_g70_z1_256pix_basicFLIM_120f_0011.sdt,20260530_KPC_live_on_SLIM,live,BKO,457,0.25,2026-05-31 08:07:26.000000,20260530_KPC_live_on_SLIM::fitet-sz-c2-b5::6_BKOCO2_P10_5_live_740nm_3074mW_u1_poc0p25_20x0p75NA_457s50_g70_z1_256pix_basicFLIM_120f_0011,E:\18_RK_Circadian\data\raw\20260530_KPC_live_on_SLIM\fitet-sz-c2-b5\6_BKOCO2_P10_5_live_740nm_3074mW_u1_poc0p25_20x0p75NA_457s50_g70_z1_256pix_basicFLIM_120f_0011_fit_mask.npy,2,65536,65198,99.5,726.6578762662384,733.517350759423,64.93412712842614,0.08852432333222757,3.112711802078712,2.9947239561550485,0.661900873807613,0.22102233244142913
6_BKOCO2_P10_5_live_740nm_3074mW_u1_poc0p25_20x0p75NA_457s50_g70_z1_256pix_basicFLIM_120f_0012.sdt,20260530_KPC_live_on_SLIM,live,BKO,457,0.25,2026-05-31 08:08:34.000000,20260530_KPC_live_on_SLIM::fitet-sz-c2-b5::6_BKOCO2_P10_5_live_740nm_3074mW_u1_poc0p25_20x0p75NA_457s50_g70_z1_256pix_basicFLIM_120f_0012,E:\18_RK_Circadian\data\raw\20260530_KPC_live_on_SLIM\fitet-sz-c2-b5\6_BKOCO2_P10_5_live_740nm_3074mW_u1_poc0p25_20x0p75NA_457s50_g70_z1_256pix_basicFLIM_120f_0012_fit_mask.npy,2,65536,65229,99.5,723.4540161193473,725.4056419390557,55.04117594912655,0.07587641006209707,3.260266469043515,3.2823740134737887,0.43773204988376146,0.13335837052295654
6_BKOCO2_P10_5_live_740nm_3074mW_u1_poc0p25_20x0p75NA_457s50_g70_z1_256pix_basicFLIM_120f_0013.sdt,20260530_KPC_live_on_SLIM,live,BKO,457,0.25,2026-05-31 08:09:43.000000,20260530_KPC_live_on_SLIM::fitet-sz-c2-b5::6_BKOCO2_P10_5_live_740nm_3074mW_u1_poc0p25_20x0p75NA_457s50_g70_z1_256pix_basicFLIM_120f_0013,E:\18_RK_Circadian\data\raw\20260530_KPC_live_on_SLIM\fitet-sz-c2-b5\6_BKOCO2_P10_5_live_740nm_3074mW_u1_poc0p25_20x0p75NA_457s50_g70_z1_256pix_basicFLIM_120f_0013_fit_mask.npy,2,65536,64916,99.1,723.7153585345081,727.0155468126367,73.28406676780148,0.10080123745508833,3.0404320121340875,3.0056344738390566,0.5989261231414305,0.19926778467390618
6_BKOCO2_P10_5_live_740nm_3074mW_u1_poc0p25_20x0p75NA_457s50_g70_z1_256pix_basicFLIM_120f_0014.sdt,20260530_KPC_live_on_SLIM,live,BKO,457,0.25,2026-05-31 08:10:52.000000,20260530_KPC_live_on_SLIM::fitet-sz-c2-b5::6_BKOCO2_P10_5_live_740nm_3074mW_u1_poc0p25_20x0p75NA_457s50_g70_z1_256pix_basicFLIM_120f_0014,E:\18_RK_Circadian\data\raw\20260530_KPC_live_on_SLIM\fitet-sz-c2-b5\6_BKOCO2_P10_5_live_740nm_3074mW_u1_poc0p25_20x0p75NA_457s50_g70_z1_256pix_basicFLIM_120f_0014_fit_mask.npy,2,65536,65229,99.5,711.0040424327269,712.4201743247309,57.05065981803611,0.08008007335293629,3.367684628932219,3.3401090123709505,0.5015458768832605,0.15015853525308806
6_BKOCO2_P10_5_live_740nm_3074mW_u1_poc0p25_20x0p75NA_457s50_g70_z1_256pix_basicFLIM_120f_0015.sdt,20260530_KPC_live_on_SLIM,live,BKO,457,0.25,2026-05-31 08:12:00.000000,20260530_KPC_live_on_SLIM::fitet-sz-c2-b5::6_BKOCO2_P10_5_live_740nm_3074mW_u1_poc0p25_20x0p75NA_457s50_g70_z1_256pix_basicFLIM_120f_0015,E:\18_RK_Circadian\data\raw\20260530_KPC_live_on_SLIM\fitet-sz-c2-b5\6_BKOCO2_P10_5_live_740nm_3074mW_u1_poc0p25_20x0p75NA_457s50_g70_z1_256pix_basicFLIM_120f_0015_fit_mask.npy,2,65536,65471,99.9,726.4378331671064,727.0462724572022,56.59938962826092,0.07784840081357086,3.2668101946892163,3.2754180472288064,0.40613954702138,0.12399624755227737
6_BKOCO2_P10_5_live_740nm_3074mW_u1_poc0p25_20x0p75NA_457s50_g70_z1_256pix_basicFLIM_120f_0016.sdt,20260530_KPC_live_on_SLIM,live,BKO,457,0.25,2026-05-31 08:13:09.000000,20260530_KPC_live_on_SLIM::fitet-sz-c2-b5::6_BKOCO2_P10_5_live_740nm_3074mW_u1_poc0p25_20x0p75NA_457s50_g70_z1_256pix_basicFLIM_120f_0016,E:\18_RK_Circadian\data\raw\20260530_KPC_live_on_SLIM\fitet-sz-c2-b5\6_BKOCO2_P10_5_live_740nm_3074mW_u1_poc0p25_20x0p75NA_457s50_g70_z1_256pix_basicFLIM_120f_0016_fit_mask.npy,2,65536,65296,99.6,730.9806126558408,728.4205494003673,56.15530458676827,0.0770918731397612,3.1924996744156493,3.2083961239805294,0.4497069936924839,0.14016567042056838
6_BKOCO2_P10_5_live_740nm_3074mW_u1_poc0p25_20x0p75NA_535s50_g70_z1_256pix_basicFLIM_120f_0000.sdt,20260530_KPC_live_on_SLIM,live,BKO,535,0.25,2026-05-31 08:15:42.000000,20260530_KPC_live_on_SLIM::fitet-sz-c2-b5::6_BKOCO2_P10_5_live_740nm_3074mW_u1_poc0p25_20x0p75NA_535s50_g70_z1_256pix_basicFLIM_120f_0000,E:\18_RK_Circadian\data\raw\20260530_KPC_live_on_SLIM\fitet-sz-c2-b5\6_BKOCO2_P10_5_live_740nm_3074mW_u1_poc0p25_20x0p75NA_535s50_g70_z1_256pix_basicFLIM_120f_0000_fit_mask.npy,2,65536,60678,92.6,618.293926692948,625.2546592197516,68.62633899165431,0.10975742120385373,3.319840874305446,3.3269435120031035,0.4228681907560792,0.12710410899086066
6_BKOCO2_P10_5_live_740nm_3074mW_u1_poc0p25_20x0p75NA_535s50_g70_z1_256pix_basicFLIM_120f_0001.sdt,20260530_KPC_live_on_SLIM,live,BKO,535,0.25,2026-05-31 08:16:50.000000,20260530_KPC_live_on_SLIM::fitet-sz-c2-b5::6_BKOCO2_P10_5_live_740nm_3074mW_u1_poc0p25_20x0p75NA_535s50_g70_z1_256pix_basicFLIM_120f_0001,E:\18_RK_Circadian\data\raw\20260530_KPC_live_on_SLIM\fitet-sz-c2-b5\6_BKOCO2_P10_5_live_740nm_3074mW_u1_poc0p25_20x0p75NA_535s50_g70_z1_256pix_basicFLIM_120f_0001_fit_mask.npy,2,65536,61699,94.1,595.6694968404584,604.2837091475567,70.5827638053126,0.11680401562517943,3.4112960926531257,3.4128530289683883,0.4495312466965099,0.13171714189883849
6_BKOCO2_P10_5_live_740nm_3074mW_u1_poc0p25_20x0p75NA_535s50_g70_z1_256pix_basicFLIM_120f_0002.sdt,20260530_KPC_live_on_SLIM,live,BKO,535,0.25,2026-05-31 08:17:59.000000,20260530_KPC_live_on_SLIM::fitet-sz-c2-b5::6_BKOCO2_P10_5_live_740nm_3074mW_u1_poc0p25_20x0p75NA_535s50_g70_z1_256pix_basicFLIM_120f_0002,E:\18_RK_Circadian\data\raw\20260530_KPC_live_on_SLIM\fitet-sz-c2-b5\6_BKOCO2_P10_5_live_740nm_3074mW_u1_poc0p25_20x0p75NA_535s50_g70_z1_256pix_basicFLIM_120f_0002_fit_mask.npy,2,65536,59952,91.5,583.711130732275,601.421965828566,83.37576265487498,0.1386310567157453,3.6592949426755323,3.5850294869783386,0.5859034657884918,0.16343058485756662
6_BKOCO2_P10_5_live_740nm_3074mW_u1_poc0p25_20x0p75NA_535s50_g70_z1_256pix_basicFLIM_120f_0003.sdt,20260530_KPC_live_on_SLIM,live,BKO,535,0.25,2026-05-31 08:19:08.000000,20260530_KPC_live_on_SLIM::fitet-sz-c2-b5::6_BKOCO2_P10_5_live_740nm_3074mW_u1_poc0p25_20x0p75NA_535s50_g70_z1_256pix_basicFLIM_120f_0003,E:\18_RK_Circadian\data\raw\20260530_KPC_live_on_SLIM\fitet-sz-c2-b5\6_BKOCO2_P10_5_live_740nm_3074mW_u1_poc0p25_20x0p75NA_535s50_g70_z1_256pix_basicFLIM_120f_0003_fit_mask.npy,2,65536,58569,89.4,589.11063484673,602.9271089939987,82.77833365316326,0.137294098106289,3.5334842273540255,3.491404692347801,0.5230927297115282,0.14982300128598774
6_BKOCO2_P10_5_live_740nm_3074mW_u1_poc0p25_20x0p75NA_535s50_g70_z1_256pix_basicFLIM_120f_0004.sdt,20260530_KPC_live_on_SLIM,live,BKO,535,0.25,2026-05-31 08:20:16.000000,20260530_KPC_live_on_SLIM::fitet-sz-c2-b5::6_BKOCO2_P10_5_live_740nm_3074mW_u1_poc0p25_20x0p75NA_535s50_g70_z1_256pix_basicFLIM_120f_0004,E:\18_RK_Circadian\data\raw\20260530_KPC_live_on_SLIM\fitet-sz-c2-b5\6_BKOCO2_P10_5_live_740nm_3074mW_u1_poc0p25_20x0p75NA_535s50_g70_z1_256pix_basicFLIM_120f_0004_fit_mask.npy,2,65536,60978,93.0,606.7178246529825,618.9517896367975,78.21253372382112,0.1263628848536272,3.4942331131141,3.452055188619818,0.5045126969582796,0.14614850267211144
6_BKOCO2_P10_5_live_740nm_3074mW_u1_poc0p25_20x0p75NA_535s50_g70_z1_256pix_basicFLIM_120f_0005.sdt,20260530_KPC_live_on_SLIM,live,BKO,535,0.25,2026-05-31 08:21:24.000000,20260530_KPC_live_on_SLIM::fitet-sz-c2-b5::6_BKOCO2_P10_5_live_740nm_3074mW_u1_poc0p25_20x0p75NA_535s50_g70_z1_256pix_basicFLIM_120f_0005,E:\18_RK_Circadian\data\raw\20260530_KPC_live_on_SLIM\fitet-sz-c2-b5\6_BKOCO2_P10_5_live_740nm_3074mW_u1_poc0p25_20x0p75NA_535s50_g70_z1_256pix_basicFLIM_120f_0005_fit_mask.npy,2,65536,58072,88.6,600.4197589069811,607.2492251748628,68.5996461482572,0.11296786114219136,3.5471059815154375,3.527375321854433,0.5027411334708537,0.1425255572765502
6_BKOCO2_P10_5_live_740nm_3074mW_u1_poc0p25_20x0p75NA_535s50_g70_z1_256pix_basicFLIM_120f_0006.sdt,20260530_KPC_live_on_SLIM,live,BKO,535,0.25,2026-05-31 08:22:32.000000,20260530_KPC_live_on_SLIM::fitet-sz-c2-b5::6_BKOCO2_P10_5_live_740nm_3074mW_u1_poc0p25_20x0p75NA_535s50_g70_z1_256pix_basicFLIM_120f_0006,E:\18_RK_Circadian\data\raw\20260530_KPC_live_on_SLIM\fitet-sz-c2-b5\6_BKOCO2_P10_5_live_740nm_3074mW_u1_poc0p25_20x0p75NA_535s50_g70_z1_256pix_basicFLIM_120f_0006_fit_mask.npy,2,65536,62762,95.8,586.9434341848525,592.0071074035839,59.12432817381168,0.09987097694336526,3.5973303501302416,3.5898235576500195,0.4039785435485669,0.11253437308574031
6_BKOCO2_P10_5_live_740nm_3074mW_u1_poc0p25_20x0p75NA_535s50_g70_z1_256pix_basicFLIM_120f_0007.sdt,20260530_KPC_live_on_SLIM,live,BKO,535,0.25,2026-05-31 08:23:41.000000,20260530_KPC_live_on_SLIM::fitet-sz-c2-b5::6_BKOCO2_P10_5_live_740nm_3074mW_u1_poc0p25_20x0p75NA_535s50_g70_z1_256pix_basicFLIM_120f_0007,E:\18_RK_Circadian\data\raw\20260530_KPC_live_on_SLIM\fitet-sz-c2-b5\6_BKOCO2_P10_5_live_740nm_3074mW_u1_poc0p25_20x0p75NA_535s50_g70_z1_256pix_basicFLIM_120f_0007_fit_mask.npy,2,65536,58036,88.6,608.5485957214164,618.1305781516571,77.99017989822548,0.1261710432307569,3.388548806340607,3.3885948310372394,0.4962955477235611,0.14646057509674193
6_BKOCO2_P10_5_live_740nm_3074mW_u1_poc0p25_20x0p75NA_535s50_g70_z1_256pix_basicFLIM_120f_0008.sdt,20260530_KPC_live_on_SLIM,live,BKO,535,0.25,2026-05-31 08:24:49.000000,20260530_KPC_live_on_SLIM::fitet-sz-c2-b5::6_BKOCO2_P10_5_live_740nm_3074mW_u1_poc0p25_20x0p75NA_535s50_g70_z1_256pix_basicFLIM_120f_0008,E:\18_RK_Circadian\data\raw\20260530_KPC_live_on_SLIM\fitet-sz-c2-b5\6_BKOCO2_P10_5_live_740nm_3074mW_u1_poc0p25_20x0p75NA_535s50_g70_z1_256pix_basicFLIM_120f_0008_fit_mask.npy,2,65536,63321,96.6,591.1515397700861,596.1844812033278,69.1128374148461,0.11592525400082541,3.4552136176103607,3.4835365340588416,0.46196298671763447,0.1326132171145564
6_BKOCO2_P10_5_live_740nm_3074mW_u1_poc0p25_20x0p75NA_535s50_g70_z1_256pix_basicFLIM_120f_0009.sdt,20260530_KPC_live_on_SLIM,live,BKO,535,0.25,2026-05-31 08:25:58.000000,20260530_KPC_live_on_SLIM::fitet-sz-c2-b5::6_BKOCO2_P10_5_live_740nm_3074mW_u1_poc0p25_20x0p75NA_535s50_g70_z1_256pix_basicFLIM_120f_0009,E:\18_RK_Circadian\data\raw\20260530_KPC_live_on_SLIM\fitet-sz-c2-b5\6_BKOCO2_P10_5_live_740nm_3074mW_u1_poc0p25_20x0p75NA_535s50_g70_z1_256pix_basicFLIM_120f_0009_fit_mask.npy,2,65536,60751,92.7,592.672879668099,599.2379081690814,65.30678743064112,0.10898307089780127,3.559633346064373,3.541713167923051,0.46636557730018624,0.13167796351325498
6_BKOCO2_P10_5_live_740nm_3074mW_u1_poc0p25_20x0p75NA_535s50_g70_z1_256pix_basicFLIM_120f_0010.sdt,20260530_KPC_live_on_SLIM,live,BKO,535,0.25,2026-05-31 08:27:06.000000,20260530_KPC_live_on_SLIM::fitet-sz-c2-b5::6_BKOCO2_P10_5_live_740nm_3074mW_u1_poc0p25_20x0p75NA_535s50_g70_z1_256pix_basicFLIM_120f_0010,E:\18_RK_Circadian\data\raw\20260530_KPC_live_on_SLIM\fitet-sz-c2-b5\6_BKOCO2_P10_5_live_740nm_3074mW_u1_poc0p25_20x0p75NA_535s50_g70_z1_256pix_basicFLIM_120f_0010_fit_mask.npy,2,65536,57863,88.3,597.8257645326353,608.7285103544467,75.94855278051442,0.12476588740075861,3.5303498658646393,3.4921578033860734,0.5103434362375454,0.14613985534751756
6_BKOCO2_P10_5_live_740nm_3074mW_u1_poc0p25_20x0p75NA_535s50_g70_z1_256pix_basicFLIM_120f_0011.sdt,20260530_KPC_live_on_SLIM,live,BKO,535,0.25,2026-05-31 08:28:15.000000,20260530_KPC_live_on_SLIM::fitet-sz-c2-b5::6_BKOCO2_P10_5_live_740nm_3074mW_u1_poc0p25_20x0p75NA_535s50_g70_z1_256pix_basicFLIM_120f_0011,E:\18_RK_Circadian\data\raw\20260530_KPC_live_on_SLIM\fitet-sz-c2-b5\6_BKOCO2_P10_5_live_740nm_3074mW_u1_poc0p25_20x0p75NA_535s50_g70_z1_256pix_basicFLIM_120f_0011_fit_mask.npy,2,65536,60423,92.2,606.5193272501929,612.4507100218648,67.65727722292525,0.11046975065227674,3.427974527625933,3.421740282762122,0.43196102390828855,0.12624015507091552
6_BKOCO2_P10_5_live_740nm_3074mW_u1_poc0p25_20x0p75NA_535s50_g70_z1_256pix_basicFLIM_120f_0012.sdt,20260530_KPC_live_on_SLIM,live,BKO,535,0.25,2026-05-31 08:29:24.000000,20260530_KPC_live_on_SLIM::fitet-sz-c2-b5::6_BKOCO2_P10_5_live_740nm_3074mW_u1_poc0p25_20x0p75NA_535s50_g70_z1_256pix_basicFLIM_120f_0012,E:\18_RK_Circadian\data\raw\20260530_KPC_live_on_SLIM\fitet-sz-c2-b5\6_BKOCO2_P10_5_live_740nm_3074mW_u1_poc0p25_20x0p75NA_535s50_g70_z1_256pix_basicFLIM_120f_0012_fit_mask.npy,2,65536,65277,99.6,585.9929389748899,587.6433854173052,56.51844224014442,0.09617813055108036,3.5728827813370554,3.583000213803929,0.4078759541058852,0.11383643030064447
6_BKOCO2_P10_5_live_740nm_3074mW_u1_poc0p25_20x0p75NA_535s50_g70_z1_256pix_basicFLIM_120f_0013.sdt,20260530_KPC_live_on_SLIM,live,BKO,535,0.25,2026-05-31 08:30:32.000000,20260530_KPC_live_on_SLIM::fitet-sz-c2-b5::6_BKOCO2_P10_5_live_740nm_3074mW_u1_poc0p25_20x0p75NA_535s50_g70_z1_256pix_basicFLIM_120f_0013,E:\18_RK_Circadian\data\raw\20260530_KPC_live_on_SLIM\fitet-sz-c2-b5\6_BKOCO2_P10_5_live_740nm_3074mW_u1_poc0p25_20x0p75NA_535s50_g70_z1_256pix_basicFLIM_120f_0013_fit_mask.npy,2,65536,61519,93.9,600.2527707435382,606.9254364135408,71.23461636796667,0.11736963405077908,3.405820201455872,3.4163154778609273,0.4445755395556543,0.13013304609503404
6_BKOCO2_P10_5_live_740nm_3074mW_u1_poc0p25_20x0p75NA_535s50_g70_z1_256pix_basicFLIM_120f_0014.sdt,20260530_KPC_live_on_SLIM,live,BKO,535,0.25,2026-05-31 08:31:41.000000,20260530_KPC_live_on_SLIM::fitet-sz-c2-b5::6_BKOCO2_P10_5_live_740nm_3074mW_u1_poc0p25_20x0p75NA_535s50_g70_z1_256pix_basicFLIM_120f_0014,E:\18_RK_Circadian\data\raw\20260530_KPC_live_on_SLIM\fitet-sz-c2-b5\6_BKOCO2_P10_5_live_740nm_3074mW_u1_poc0p25_20x0p75NA_535s50_g70_z1_256pix_basicFLIM_120f_0014_fit_mask.npy,2,65536,64854,99.0,591.386819447913,594.0432857357056,61.14418968240843,0.10292884567609094,3.5905035994423704,3.601051071446694,0.43156848146017857,0.11984514323669376
6_BKOCO2_P10_5_live_740nm_3074mW_u1_poc0p25_20x0p75NA_535s50_g70_z1_256pix_basicFLIM_120f_0015.sdt,20260530_KPC_live_on_SLIM,live,BKO,535,0.25,2026-05-31 08:32:50.000000,20260530_KPC_live_on_SLIM::fitet-sz-c2-b5::6_BKOCO2_P10_5_live_740nm_3074mW_u1_poc0p25_20x0p75NA_535s50_g70_z1_256pix_basicFLIM_120f_0015,E:\18_RK_Circadian\data\raw\20260530_KPC_live_on_SLIM\fitet-sz-c2-b5\6_BKOCO2_P10_5_live_740nm_3074mW_u1_poc0p25_20x0p75NA_535s50_g70_z1_256pix_basicFLIM_120f_0015_fit_mask.npy,2,65536,65482,99.9,573.3084355984377,575.7758678719965,58.93022678615542,0.10234924746664875,3.633992865449155,3.6347832700486027,0.3775116919397105,0.10386085328676628
6_BKOCO2_P10_5_live_740nm_3074mW_u1_poc0p25_20x0p75NA_535s50_g70_z1_256pix_basicFLIM_120f_0016.sdt,20260530_KPC_live_on_SLIM,live,BKO,535,0.25,2026-05-31 08:33:58.000000,20260530_KPC_live_on_SLIM::fitet-sz-c2-b5::6_BKOCO2_P10_5_live_740nm_3074mW_u1_poc0p25_20x0p75NA_535s50_g70_z1_256pix_basicFLIM_120f_0016,E:\18_RK_Circadian\data\raw\20260530_KPC_live_on_SLIM\fitet-sz-c2-b5\6_BKOCO2_P10_5_live_740nm_3074mW_u1_poc0p25_20x0p75NA_535s50_g70_z1_256pix_basicFLIM_120f_0016_fit_mask.npy,2,65536,65356,99.7,589.5584867905204,590.9463226242922,63.405807672049974,0.10729537564507646,3.556336574566382,3.5618987264359956,0.40541783700022666,0.11382070859883323
3_BKOCO2_P11_3_live_740nm_3083mW_u1_poc0p25_20x0p75NA_457s50_g70_z1_256pix_basicFLIM_120f_0000.sdt,20260601_KPC_live_on_SLIM,live,BKO,457,0.25,2026-06-02 08:28:08.000000,20260601_KPC_live_on_SLIM::fitet-sz-c2-b5::3_BKOCO2_P11_3_live_740nm_3083mW_u1_poc0p25_20x0p75NA_457s50_g70_z1_256pix_basicFLIM_120f_0000,E:\18_RK_Circadian\data\raw\20260601_KPC_live_on_SLIM\fitet-sz-c2-b5\3_BKOCO2_P11_3_live_740nm_3083mW_u1_poc0p25_20x0p75NA_457s50_g70_z1_256pix_basicFLIM_120f_0000_fit_mask.npy,2,65536,65452,99.9,703.7948882003753,704.040005785292,43.585259079355964,0.061907361401630306,3.490793500665861,3.4679548527308426,0.3654178522939356,0.10536984124986147
3_BKOCO2_P11_3_live_740nm_3083mW_u1_poc0p25_20x0p75NA_457s50_g70_z1_256pix_basicFLIM_120f_0001.sdt,20260601_KPC_live_on_SLIM,live,BKO,457,0.25,2026-06-02 08:29:16.000000,20260601_KPC_live_on_SLIM::fitet-sz-c2-b5::3_BKOCO2_P11_3_live_740nm_3083mW_u1_poc0p25_20x0p75NA_457s50_g70_z1_256pix_basicFLIM_120f_0001,E:\18_RK_Circadian\data\raw\20260601_KPC_live_on_SLIM\fitet-sz-c2-b5\3_BKOCO2_P11_3_live_740nm_3083mW_u1_poc0p25_20x0p75NA_457s50_g70_z1_256pix_basicFLIM_120f_0001_fit_mask.npy,2,65536,64687,98.7,708.4034171711119,725.118387732759,90.22345670951894,0.12442582926578692,3.2217712502202422,2.94567014448807,0.7755086647666942,0.2632707080994197
3_BKOCO2_P11_3_live_740nm_3083mW_u1_poc0p25_20x0p75NA_457s50_g70_z1_256pix_basicFLIM_120f_0002.sdt,20260601_KPC_live_on_SLIM,live,BKO,457,0.25,2026-06-02 08:30:25.000000,20260601_KPC_live_on_SLIM::fitet-sz-c2-b5::3_BKOCO2_P11_3_live_740nm_3083mW_u1_poc0p25_20x0p75NA_457s50_g70_z1_256pix_basicFLIM_120f_0002,E:\18_RK_Circadian\data\raw\20260601_KPC_live_on_SLIM\fitet-sz-c2-b5\3_BKOCO2_P11_3_live_740nm_3083mW_u1_poc0p25_20x0p75NA_457s50_g70_z1_256pix_basicFLIM_120f_0002_fit_mask.npy,2,65536,65091,99.3,697.7483263952694,706.4213434481429,71.2524736450395,0.1008639876270528,3.2910293750961577,3.156874463620456,0.6710456616287708,0.21256647021027983
3_BKOCO2_P11_3_live_740nm_3083mW_u1_poc0p25_20x0p75NA_457s50_g70_z1_256pix_basicFLIM_120f_0003.sdt,20260601_KPC_live_on_SLIM,live,BKO,457,0.25,2026-06-02 08:31:34.000000,20260601_KPC_live_on_SLIM::fitet-sz-c2-b5::3_BKOCO2_P11_3_live_740nm_3083mW_u1_poc0p25_20x0p75NA_457s50_g70_z1_256pix_basicFLIM_120f_0003,E:\18_RK_Circadian\data\raw\20260601_KPC_live_on_SLIM\fitet-sz-c2-b5\3_BKOCO2_P11_3_live_740nm_3083mW_u1_poc0p25_20x0p75NA_457s50_g70_z1_256pix_basicFLIM_120f_0003_fit_mask.npy,2,65536,63977,97.6,711.7866881509431,720.0297004746024,80.87850813202596,0.11232662774704359,3.185921037648373,2.8977669419751417,0.7708387564713427,0.26601130177361076
3_BKOCO2_P11_3_live_740nm_3083mW_u1_poc0p25_20x0p75NA_457s50_g70_z1_256pix_basicFLIM_120f_0004.sdt,20260601_KPC_live_on_SLIM,live,BKO,457,0.25,2026-06-02 08:32:42.000000,20260601_KPC_live_on_SLIM::fitet-sz-c2-b5::3_BKOCO2_P11_3_live_740nm_3083mW_u1_poc0p25_20x0p75NA_457s50_g70_z1_256pix_basicFLIM_120f_0004,E:\18_RK_Circadian\data\raw\20260601_KPC_live_on_SLIM\fitet-sz-c2-b5\3_BKOCO2_P11_3_live_740nm_3083mW_u1_poc0p25_20x0p75NA_457s50_g70_z1_256pix_basicFLIM_120f_0004_fit_mask.npy,2,65536,64869,99.0,682.7208085603406,695.7142137237779,77.7479435031299,0.11175270243076918,3.0885662345117924,2.9402518649803575,0.7776910112009527,0.2644980929911418
3_BKOCO2_P11_3_live_740nm_3083mW_u1_poc0p25_20x0p75NA_457s50_g70_z1_256pix_basicFLIM_120f_0005.sdt,20260601_KPC_live_on_SLIM,live,BKO,457,0.25,2026-06-02 08:33:50.000000,20260601_KPC_live_on_SLIM::fitet-sz-c2-b5::3_BKOCO2_P11_3_live_740nm_3083mW_u1_poc0p25_20x0p75NA_457s50_g70_z1_256pix_basicFLIM_120f_0005,E:\18_RK_Circadian\data\raw\20260601_KPC_live_on_SLIM\fitet-sz-c2-b5\3_BKOCO2_P11_3_live_740nm_3083mW_u1_poc0p25_20x0p75NA_457s50_g70_z1_256pix_basicFLIM_120f_0005_fit_mask.npy,2,65536,64423,98.3,711.2434013518047,722.5163204734213,79.31770577099365,0.10977981192040279,3.107791520090122,2.8441896589118936,0.7133357643377417,0.250804569977462
3_BKOCO2_P11_3_live_740nm_3083mW_u1_poc0p25_20x0p75NA_457s50_g70_z1_256pix_basicFLIM_120f_0006.sdt,20260601_KPC_live_on_SLIM,live,BKO,457,0.25,2026-06-02 08:34:59.000000,20260601_KPC_live_on_SLIM::fitet-sz-c2-b5::3_BKOCO2_P11_3_live_740nm_3083mW_u1_poc0p25_20x0p75NA_457s50_g70_z1_256pix_basicFLIM_120f_0006,E:\18_RK_Circadian\data\raw\20260601_KPC_live_on_SLIM\fitet-sz-c2-b5\3_BKOCO2_P11_3_live_740nm_3083mW_u1_poc0p25_20x0p75NA_457s50_g70_z1_256pix_basicFLIM_120f_0006_fit_mask.npy,2,65536,64688,98.7,677.5334766515584,684.5934492890264,68.03271868022203,0.09937681809674972,3.337004916569293,3.17405280770113,0.6603434714931063,0.20804426123312456
3_BKOCO2_P11_3_live_740nm_3083mW_u1_poc0p25_20x0p75NA_457s50_g70_z1_256pix_basicFLIM_120f_0007.sdt,20260601_KPC_live_on_SLIM,live,BKO,457,0.25,2026-06-02 08:36:07.000000,20260601_KPC_live_on_SLIM::fitet-sz-c2-b5::3_BKOCO2_P11_3_live_740nm_3083mW_u1_poc0p25_20x0p75NA_457s50_g70_z1_256pix_basicFLIM_120f_0007,E:\18_RK_Circadian\data\raw\20260601_KPC_live_on_SLIM\fitet-sz-c2-b5\3_BKOCO2_P11_3_live_740nm_3083mW_u1_poc0p25_20x0p75NA_457s50_g70_z1_256pix_basicFLIM_120f_0007_fit_mask.npy,2,65536,64547,98.5,690.4344272387863,704.6646431276806,82.40881463687901,0.1169475656833077,3.027364891718272,2.8640760735075803,0.7501663809610152,0.2619226451070835
3_BKOCO2_P11_3_live_740nm_3083mW_u1_poc0p25_20x0p75NA_457s50_g70_z1_256pix_basicFLIM_120f_0008.sdt,20260601_KPC_live_on_SLIM,live,BKO,457,0.25,2026-06-02 08:37:16.000000,20260601_KPC_live_on_SLIM::fitet-sz-c2-b5::3_BKOCO2_P11_3_live_740nm_3083mW_u1_poc0p25_20x0p75NA_457s50_g70_z1_256pix_basicFLIM_120f_0008,E:\18_RK_Circadian\data\raw\20260601_KPC_live_on_SLIM\fitet-sz-c2-b5\3_BKOCO2_P11_3_live_740nm_3083mW_u1_poc0p25_20x0p75NA_457s50_g70_z1_256pix_basicFLIM_120f_0008_fit_mask.npy,2,65536,64312,98.1,703.7322156517575,717.9967416644388,85.73722482670554,0.11941171853781961,2.820750245188716,2.751148013434413,0.769472923382144,0.279691575889284
3_BKOCO2_P11_3_live_740nm_3083mW_u1_poc0p25_20x0p75NA_457s50_g70_z1_256pix_basicFLIM_120f_0009.sdt,20260601_KPC_live_on_SLIM,live,BKO,457,0.25,2026-06-02 08:38:25.000000,20260601_KPC_live_on_SLIM::fitet-sz-c2-b5::3_BKOCO2_P11_3_live_740nm_3083mW_u1_poc0p25_20x0p75NA_457s50_g70_z1_256pix_basicFLIM_120f_0009,E:\18_RK_Circadian\data\raw\20260601_KPC_live_on_SLIM\fitet-sz-c2-b5\3_BKOCO2_P11_3_live_740nm_3083mW_u1_poc0p25_20x0p75NA_457s50_g70_z1_256pix_basicFLIM_120f_0009_fit_mask.npy,2,65536,64781,98.8,713.6774903281442,725.6207252849708,73.57996986828903,0.10140279529556186,3.125226887516367,2.9446262837252255,0.7057743543786327,0.23968214855630596
3_BKOCO2_P11_3_live_740nm_3083mW_u1_poc0p25_20x0p75NA_457s50_g70_z1_256pix_basicFLIM_120f_0010.sdt,20260601_KPC_live_on_SLIM,live,BKO,457,0.25,2026-06-02 08:39:33.000000,20260601_KPC_live_on_SLIM::fitet-sz-c2-b5::3_BKOCO2_P11_3_live_740nm_3083mW_u1_poc0p25_20x0p75NA_457s50_g70_z1_256pix_basicFLIM_120f_0010,E:\18_RK_Circadian\data\raw\20260601_KPC_live_on_SLIM\fitet-sz-c2-b5\3_BKOCO2_P11_3_live_740nm_3083mW_u1_poc0p25_20x0p75NA_457s50_g70_z1_256pix_basicFLIM_120f_0010_fit_mask.npy,2,65536,64814,98.9,708.426761346627,718.9230213161032,78.41263715883215,0.10906958719347354,2.85521769787071,2.7427574526240823,0.6729690655443761,0.24536222293390375
3_BKOCO2_P11_3_live_740nm_3083mW_u1_poc0p25_20x0p75NA_457s50_g70_z1_256pix_basicFLIM_120f_0011.sdt,20260601_KPC_live_on_SLIM,live,BKO,457,0.25,2026-06-02 08:40:41.000000,20260601_KPC_live_on_SLIM::fitet-sz-c2-b5::3_BKOCO2_P11_3_live_740nm_3083mW_u1_poc0p25_20x0p75NA_457s50_g70_z1_256pix_basicFLIM_120f_0011,E:\18_RK_Circadian\data\raw\20260601_KPC_live_on_SLIM\fitet-sz-c2-b5\3_BKOCO2_P11_3_live_740nm_3083mW_u1_poc0p25_20x0p75NA_457s50_g70_z1_256pix_basicFLIM_120f_0011_fit_mask.npy,2,65536,65530,100.0,694.644694771027,695.6633518713788,44.954247777146165,0.06462069283399272,3.5172531040362207,3.5193351685131637,0.30320290783784637,0.08615346175338635
3_BKOCO2_P11_3_live_740nm_3083mW_u1_poc0p25_20x0p75NA_457s50_g70_z1_256pix_basicFLIM_120f_0012.sdt,20260601_KPC_live_on_SLIM,live,BKO,457,0.25,2026-06-02 08:41:49.000000,20260601_KPC_live_on_SLIM::fitet-sz-c2-b5::3_BKOCO2_P11_3_live_740nm_3083mW_u1_poc0p25_20x0p75NA_457s50_g70_z1_256pix_basicFLIM_120f_0012,E:\18_RK_Circadian\data\raw\20260601_KPC_live_on_SLIM\fitet-sz-c2-b5\3_BKOCO2_P11_3_live_740nm_3083mW_u1_poc0p25_20x0p75NA_457s50_g70_z1_256pix_basicFLIM_120f_0012_fit_mask.npy,2,65536,65510,100.0,700.0409492196497,697.0086000646243,42.37943721965036,0.06080188568078082,3.4875674918052333,3.4935888949730423,0.281746666944985,0.08064677196289263
3_BKOCO2_P11_3_live_740nm_3083mW_u1_poc0p25_20x0p75NA_457s50_g70_z1_256pix_basicFLIM_120f_0013.sdt,20260601_KPC_live_on_SLIM,live,BKO,457,0.25,2026-06-02 08:42:58.000000,20260601_KPC_live_on_SLIM::fitet-sz-c2-b5::3_BKOCO2_P11_3_live_740nm_3083mW_u1_poc0p25_20x0p75NA_457s50_g70_z1_256pix_basicFLIM_120f_0013,E:\18_RK_Circadian\data\raw\20260601_KPC_live_on_SLIM\fitet-sz-c2-b5\3_BKOCO2_P11_3_live_740nm_3083mW_u1_poc0p25_20x0p75NA_457s50_g70_z1_256pix_basicFLIM_120f_0013_fit_mask.npy,2,65536,65532,100.0,705.0737698437068,705.9937688942979,35.914297349778366,0.05087055854051807,3.473692702801653,3.468418523505039,0.305405160952817,0.08805314551376207
3_BKOCO2_P11_3_live_740nm_3083mW_u1_poc0p25_20x0p75NA_457s50_g70_z1_256pix_basicFLIM_120f_0014.sdt,20260601_KPC_live_on_SLIM,live,BKO,457,0.25,2026-06-02 08:44:07.000000,20260601_KPC_live_on_SLIM::fitet-sz-c2-b5::3_BKOCO2_P11_3_live_740nm_3083mW_u1_poc0p25_20x0p75NA_457s50_g70_z1_256pix_basicFLIM_120f_0014,E:\18_RK_Circadian\data\raw\20260601_KPC_live_on_SLIM\fitet-sz-c2-b5\3_BKOCO2_P11_3_live_740nm_3083mW_u1_poc0p25_20x0p75NA_457s50_g70_z1_256pix_basicFLIM_120f_0014_fit_mask.npy,2,65536,65490,99.9,707.132376367853,708.969150461842,41.14558265215757,0.05803578706542338,3.396634746984361,3.380419252062331,0.3610348750774853,0.10680180420142402
3_BKOCO2_P11_3_live_740nm_3083mW_u1_poc0p25_20x0p75NA_457s50_g70_z1_256pix_basicFLIM_120f_0015.sdt,20260601_KPC_live_on_SLIM,live,BKO,457,0.25,2026-06-02 08:45:15.000000,20260601_KPC_live_on_SLIM::fitet-sz-c2-b5::3_BKOCO2_P11_3_live_740nm_3083mW_u1_poc0p25_20x0p75NA_457s50_g70_z1_256pix_basicFLIM_120f_0015,E:\18_RK_Circadian\data\raw\20260601_KPC_live_on_SLIM\fitet-sz-c2-b5\3_BKOCO2_P11_3_live_740nm_3083mW_u1_poc0p25_20x0p75NA_457s50_g70_z1_256pix_basicFLIM_120f_0015_fit_mask.npy,2,65536,65445,99.9,702.2076672929848,706.6974445356402,55.51823065917679,0.0785601123768842,3.236879947708621,3.1916583188816903,0.49538797162270215,0.15521334746016258
3_BKOCO2_P11_3_live_740nm_3083mW_u1_poc0p25_20x0p75NA_457s50_g70_z1_256pix_basicFLIM_120f_0016.sdt,20260601_KPC_live_on_SLIM,live,BKO,457,0.25,2026-06-02 08:46:23.000000,20260601_KPC_live_on_SLIM::fitet-sz-c2-b5::3_BKOCO2_P11_3_live_740nm_3083mW_u1_poc0p25_20x0p75NA_457s50_g70_z1_256pix_basicFLIM_120f_0016,E:\18_RK_Circadian\data\raw\20260601_KPC_live_on_SLIM\fitet-sz-c2-b5\3_BKOCO2_P11_3_live_740nm_3083mW_u1_poc0p25_20x0p75NA_457s50_g70_z1_256pix_basicFLIM_120f_0016_fit_mask.npy,2,65536,65526,100.0,718.5549073780068,719.2749433088369,41.2853401940067,0.05739855194188227,3.3703589048099056,3.3510889018512953,0.3127908257063889,0.09334005598406801
3_BKOCO2_P11_3_live_740nm_3083mW_u1_poc0p25_20x0p75NA_457s50_g70_z1_256pix_basicFLIM_120f_0017.sdt,20260601_KPC_live_on_SLIM,live,BKO,457,0.25,2026-06-02 08:47:31.000000,20260601_KPC_live_on_SLIM::fitet-sz-c2-b5::3_BKOCO2_P11_3_live_740nm_3083mW_u1_poc0p25_20x0p75NA_457s50_g70_z1_256pix_basicFLIM_120f_0017,E:\18_RK_Circadian\data\raw\20260601_KPC_live_on_SLIM\fitet-sz-c2-b5\3_BKOCO2_P11_3_live_740nm_3083mW_u1_poc0p25_20x0p75NA_457s50_g70_z1_256pix_basicFLIM_120f_0017_fit_mask.npy,2,65536,65501,99.9,695.1410528909124,698.2903107871905,53.39678361177411,0.076467885615625,3.248344409197212,3.231524839775067,0.44421538028052443,0.13746308702718943
3_BKOCO2_P11_3_live_740nm_3083mW_u1_poc0p25_20x0p75NA_535s50_g70_z1_256pix_basicFLIM_120f_0000.sdt,20260601_KPC_live_on_SLIM,live,BKO,535,0.25,2026-06-02 08:52:47.000000,20260601_KPC_live_on_SLIM::fitet-sz-c2-b5::3_BKOCO2_P11_3_live_740nm_3083mW_u1_poc0p25_20x0p75NA_535s50_g70_z1_256pix_basicFLIM_120f_0000,E:\18_RK_Circadian\data\raw\20260601_KPC_live_on_SLIM\fitet-sz-c2-b5\3_BKOCO2_P11_3_live_740nm_3083mW_u1_poc0p25_20x0p75NA_535s50_g70_z1_256pix_basicFLIM_120f_0000_fit_mask.npy,2,65536,65203,99.5,652.0396985256951,651.2144175196871,67.01923076180874,0.10291423064168057,3.273773685142553,3.3129314416849187,0.3605970568614403,0.10884531213783427
3_BKOCO2_P11_3_live_740nm_3083mW_u1_poc0p25_20x0p75NA_535s50_g70_z1_256pix_basicFLIM_120f_0001.sdt,20260601_KPC_live_on_SLIM,live,BKO,535,0.25,2026-06-02 08:53:56.000000,20260601_KPC_live_on_SLIM::fitet-sz-c2-b5::3_BKOCO2_P11_3_live_740nm_3083mW_u1_poc0p25_20x0p75NA_535s50_g70_z1_256pix_basicFLIM_120f_0001,E:\18_RK_Circadian\data\raw\20260601_KPC_live_on_SLIM\fitet-sz-c2-b5\3_BKOCO2_P11_3_live_740nm_3083mW_u1_poc0p25_20x0p75NA_535s50_g70_z1_256pix_basicFLIM_120f_0001_fit_mask.npy,2,65536,48705,74.3,619.4340351049827,611.5010289987879,81.77850772258202,0.1337340476049209,3.3610529242747242,3.443842626240187,0.48002903068560243,0.13938762097548976
3_BKOCO2_P11_3_live_740nm_3083mW_u1_poc0p25_20x0p75NA_535s50_g70_z1_256pix_basicFLIM_120f_0002.sdt,20260601_KPC_live_on_SLIM,live,BKO,535,0.25,2026-06-02 08:55:05.000000,20260601_KPC_live_on_SLIM::fitet-sz-c2-b5::3_BKOCO2_P11_3_live_740nm_3083mW_u1_poc0p25_20x0p75NA_535s50_g70_z1_256pix_basicFLIM_120f_0002,E:\18_RK_Circadian\data\raw\20260601_KPC_live_on_SLIM\fitet-sz-c2-b5\3_BKOCO2_P11_3_live_740nm_3083mW_u1_poc0p25_20x0p75NA_535s50_g70_z1_256pix_basicFLIM_120f_0002_fit_mask.npy,2,65536,56710,86.5,606.085920903649,604.636431672833,79.1174609011875,0.13085129634397835,3.4499961398722974,3.4820388399306887,0.457549743904374,0.1314028260274896
3_BKOCO2_P11_3_live_740nm_3083mW_u1_poc0p25_20x0p75NA_535s50_g70_z1_256pix_basicFLIM_120f_0003.sdt,20260601_KPC_live_on_SLIM,live,BKO,535,0.25,2026-06-02 08:56:13.000000,20260601_KPC_live_on_SLIM::fitet-sz-c2-b5::3_BKOCO2_P11_3_live_740nm_3083mW_u1_poc0p25_20x0p75NA_535s50_g70_z1_256pix_basicFLIM_120f_0003,E:\18_RK_Circadian\data\raw\20260601_KPC_live_on_SLIM\fitet-sz-c2-b5\3_BKOCO2_P11_3_live_740nm_3083mW_u1_poc0p25_20x0p75NA_535s50_g70_z1_256pix_basicFLIM_120f_0003_fit_mask.npy,2,65536,46764,71.4,619.4386603982098,609.43504539281,85.43896154288137,0.14019371250271942,3.3980072584798067,3.495034381063676,0.5041277467185623,0.14424114093124785
3_BKOCO2_P11_3_live_740nm_3083mW_u1_poc0p25_20x0p75NA_535s50_g70_z1_256pix_basicFLIM_120f_0004.sdt,20260601_KPC_live_on_SLIM,live,BKO,535,0.25,2026-06-02 08:57:22.000000,20260601_KPC_live_on_SLIM::fitet-sz-c2-b5::3_BKOCO2_P11_3_live_740nm_3083mW_u1_poc0p25_20x0p75NA_535s50_g70_z1_256pix_basicFLIM_120f_0004,E:\18_RK_Circadian\data\raw\20260601_KPC_live_on_SLIM\fitet-sz-c2-b5\3_BKOCO2_P11_3_live_740nm_3083mW_u1_poc0p25_20x0p75NA_535s50_g70_z1_256pix_basicFLIM_120f_0004_fit_mask.npy,2,65536,50628,77.3,586.0429867722157,585.7031457024012,93.15151787130826,0.15904220176177614,3.5173978071218754,3.584478732179088,0.5350919642672491,0.14928027315758527
3_BKOCO2_P11_3_live_740nm_3083mW_u1_poc0p25_20x0p75NA_535s50_g70_z1_256pix_basicFLIM_120f_0005.sdt,20260601_KPC_live_on_SLIM,live,BKO,535,0.25,2026-06-02 08:58:30.000000,20260601_KPC_live_on_SLIM::fitet-sz-c2-b5::3_BKOCO2_P11_3_live_740nm_3083mW_u1_poc0p25_20x0p75NA_535s50_g70_z1_256pix_basicFLIM_120f_0005,E:\18_RK_Circadian\data\raw\20260601_KPC_live_on_SLIM\fitet-sz-c2-b5\3_BKOCO2_P11_3_live_740nm_3083mW_u1_poc0p25_20x0p75NA_535s50_g70_z1_256pix_basicFLIM_120f_0005_fit_mask.npy,2,65536,47353,72.3,592.8939558708049,587.3143487375684,74.36639111804537,0.1266211038056466,3.4660679382312347,3.5541657879053186,0.48016196894039015,0.1350983599511204
3_BKOCO2_P11_3_live_740nm_3083mW_u1_poc0p25_20x0p75NA_535s50_g70_z1_256pix_basicFLIM_120f_0006.sdt,20260601_KPC_live_on_SLIM,live,BKO,535,0.25,2026-06-02 08:59:39.000000,20260601_KPC_live_on_SLIM::fitet-sz-c2-b5::3_BKOCO2_P11_3_live_740nm_3083mW_u1_poc0p25_20x0p75NA_535s50_g70_z1_256pix_basicFLIM_120f_0006,E:\18_RK_Circadian\data\raw\20260601_KPC_live_on_SLIM\fitet-sz-c2-b5\3_BKOCO2_P11_3_live_740nm_3083mW_u1_poc0p25_20x0p75NA_535s50_g70_z1_256pix_basicFLIM_120f_0006_fit_mask.npy,2,65536,58305,89.0,592.0005865504598,589.3463135032493,78.42321809310641,0.133068140575845,3.4630650409072246,3.5167050760116556,0.4846493920510419,0.13781348778916927
3_BKOCO2_P11_3_live_740nm_3083mW_u1_poc0p25_20x0p75NA_535s50_g70_z1_256pix_basicFLIM_120f_0007.sdt,20260601_KPC_live_on_SLIM,live,BKO,535,0.25,2026-06-02 09:00:47.000000,20260601_KPC_live_on_SLIM::fitet-sz-c2-b5::3_BKOCO2_P11_3_live_740nm_3083mW_u1_poc0p25_20x0p75NA_535s50_g70_z1_256pix_basicFLIM_120f_0007,E:\18_RK_Circadian\data\raw\20260601_KPC_live_on_SLIM\fitet-sz-c2-b5\3_BKOCO2_P11_3_live_740nm_3083mW_u1_poc0p25_20x0p75NA_535s50_g70_z1_256pix_basicFLIM_120f_0007_fit_mask.npy,2,65536,50746,77.4,564.6958768468718,561.3265960273003,77.65085969959355,0.13833454578698953,3.6386159282750943,3.6916892613926704,0.47631109168528185,0.12902253086859103
3_BKOCO2_P11_3_live_740nm_3083mW_u1_poc0p25_20x0p75NA_535s50_g70_z1_256pix_basicFLIM_120f_0008.sdt,20260601_KPC_live_on_SLIM,live,BKO,535,0.25,2026-06-02 09:01:56.000000,20260601_KPC_live_on_SLIM::fitet-sz-c2-b5::3_BKOCO2_P11_3_live_740nm_3083mW_u1_poc0p25_20x0p75NA_535s50_g70_z1_256pix_basicFLIM_120f_0008,E:\18_RK_Circadian\data\raw\20260601_KPC_live_on_SLIM\fitet-sz-c2-b5\3_BKOCO2_P11_3_live_740nm_3083mW_u1_poc0p25_20x0p75NA_535s50_g70_z1_256pix_basicFLIM_120f_0008_fit_mask.npy,2,65536,43608,66.5,597.1120238015365,591.0364463287207,87.29950775188358,0.14770579427741354,3.4704455376572776,3.5595622172589056,0.5315693290164116,0.1493355914497133
3_BKOCO2_P11_3_live_740nm_3083mW_u1_poc0p25_20x0p75NA_535s50_g70_z1_256pix_basicFLIM_120f_0009.sdt,20260601_KPC_live_on_SLIM,live,BKO,535,0.25,2026-06-02 09:03:05.000000,20260601_KPC_live_on_SLIM::fitet-sz-c2-b5::3_BKOCO2_P11_3_live_740nm_3083mW_u1_poc0p25_20x0p75NA_535s50_g70_z1_256pix_basicFLIM_120f_0009,E:\18_RK_Circadian\data\raw\20260601_KPC_live_on_SLIM\fitet-sz-c2-b5\3_BKOCO2_P11_3_live_740nm_3083mW_u1_poc0p25_20x0p75NA_535s50_g70_z1_256pix_basicFLIM_120f_0009_fit_mask.npy,2,65536,52559,80.2,597.6400721880184,588.9562595617712,79.56863566943387,0.1351010951622096,3.483246567908183,3.5639203035942666,0.4762051089086935,0.13361833833052708
3_BKOCO2_P11_3_live_740nm_3083mW_u1_poc0p25_20x0p75NA_535s50_g70_z1_256pix_basicFLIM_120f_0010.sdt,20260601_KPC_live_on_SLIM,live,BKO,535,0.25,2026-06-02 09:04:13.000000,20260601_KPC_live_on_SLIM::fitet-sz-c2-b5::3_BKOCO2_P11_3_live_740nm_3083mW_u1_poc0p25_20x0p75NA_535s50_g70_z1_256pix_basicFLIM_120f_0010,E:\18_RK_Circadian\data\raw\20260601_KPC_live_on_SLIM\fitet-sz-c2-b5\3_BKOCO2_P11_3_live_740nm_3083mW_u1_poc0p25_20x0p75NA_535s50_g70_z1_256pix_basicFLIM_120f_0010_fit_mask.npy,2,65536,48135,73.4,568.5381093631092,569.0585206419901,80.82023763941045,0.14202447500167847,3.512748055471173,3.578556324070506,0.5171865033716656,0.14452378460355786
3_BKOCO2_P11_3_live_740nm_3083mW_u1_poc0p25_20x0p75NA_535s50_g70_z1_256pix_basicFLIM_120f_0011.sdt,20260601_KPC_live_on_SLIM,live,BKO,535,0.25,2026-06-02 09:05:20.000000,20260601_KPC_live_on_SLIM::fitet-sz-c2-b5::3_BKOCO2_P11_3_live_740nm_3083mW_u1_poc0p25_20x0p75NA_535s50_g70_z1_256pix_basicFLIM_120f_0011,E:\18_RK_Circadian\data\raw\20260601_KPC_live_on_SLIM\fitet-sz-c2-b5\3_BKOCO2_P11_3_live_740nm_3083mW_u1_poc0p25_20x0p75NA_535s50_g70_z1_256pix_basicFLIM_120f_0011_fit_mask.npy,2,65536,65486,99.9,642.2594992092797,640.9068105715851,74.19365694874773,0.11576356456967433,3.2621560989544753,3.286263624984161,0.3698163246624813,0.11253397988247633
3_BKOCO2_P11_3_live_740nm_3083mW_u1_poc0p25_20x0p75NA_535s50_g70_z1_256pix_basicFLIM_120f_0012.sdt,20260601_KPC_live_on_SLIM,live,BKO,535,0.25,2026-06-02 09:06:28.000000,20260601_KPC_live_on_SLIM::fitet-sz-c2-b5::3_BKOCO2_P11_3_live_740nm_3083mW_u1_poc0p25_20x0p75NA_535s50_g70_z1_256pix_basicFLIM_120f_0012,E:\18_RK_Circadian\data\raw\20260601_KPC_live_on_SLIM\fitet-sz-c2-b5\3_BKOCO2_P11_3_live_740nm_3083mW_u1_poc0p25_20x0p75NA_535s50_g70_z1_256pix_basicFLIM_120f_0012_fit_mask.npy,2,65536,65341,99.7,646.3771023369873,643.5443923633729,68.08820260759528,0.10580187383429136,3.256217622475217,3.280125463833197,0.3366022484630262,0.10261871144089363
3_BKOCO2_P11_3_live_740nm_3083mW_u1_poc0p25_20x0p75NA_535s50_g70_z1_256pix_basicFLIM_120f_0013.sdt,20260601_KPC_live_on_SLIM,live,BKO,535,0.25,2026-06-02 09:07:37.000000,20260601_KPC_live_on_SLIM::fitet-sz-c2-b5::3_BKOCO2_P11_3_live_740nm_3083mW_u1_poc0p25_20x0p75NA_535s50_g70_z1_256pix_basicFLIM_120f_0013,E:\18_RK_Circadian\data\raw\20260601_KPC_live_on_SLIM\fitet-sz-c2-b5\3_BKOCO2_P11_3_live_740nm_3083mW_u1_poc0p25_20x0p75NA_535s50_g70_z1_256pix_basicFLIM_120f_0013_fit_mask.npy,2,65536,65309,99.7,665.7107076121797,660.4805246809364,70.80040529523161,0.10719529592403006,3.1521876068606804,3.194468519057334,0.3500470815844503,0.10957913014204529
3_BKOCO2_P11_3_live_740nm_3083mW_u1_poc0p25_20x0p75NA_535s50_g70_z1_256pix_basicFLIM_120f_0014.sdt,20260601_KPC_live_on_SLIM,live,BKO,535,0.25,2026-06-02 09:08:46.000000,20260601_KPC_live_on_SLIM::fitet-sz-c2-b5::3_BKOCO2_P11_3_live_740nm_3083mW_u1_poc0p25_20x0p75NA_535s50_g70_z1_256pix_basicFLIM_120f_0014,E:\18_RK_Circadian\data\raw\20260601_KPC_live_on_SLIM\fitet-sz-c2-b5\3_BKOCO2_P11_3_live_740nm_3083mW_u1_poc0p25_20x0p75NA_535s50_g70_z1_256pix_basicFLIM_120f_0014_fit_mask.npy,2,65536,65265,99.6,619.3665528165646,617.3324116035953,66.63666409953146,0.10794292158811926,3.348604626296468,3.3754074672287886,0.3453765777213645,0.10232144743251363
3_BKOCO2_P11_3_live_740nm_3083mW_u1_poc0p25_20x0p75NA_535s50_g70_z1_256pix_basicFLIM_120f_0015.sdt,20260601_KPC_live_on_SLIM,live,BKO,535,0.25,2026-06-02 09:09:54.000000,20260601_KPC_live_on_SLIM::fitet-sz-c2-b5::3_BKOCO2_P11_3_live_740nm_3083mW_u1_poc0p25_20x0p75NA_535s50_g70_z1_256pix_basicFLIM_120f_0015,E:\18_RK_Circadian\data\raw\20260601_KPC_live_on_SLIM\fitet-sz-c2-b5\3_BKOCO2_P11_3_live_740nm_3083mW_u1_poc0p25_20x0p75NA_535s50_g70_z1_256pix_basicFLIM_120f_0015_fit_mask.npy,2,65536,64555,98.5,573.8976389606503,573.8435895512439,73.46329720744353,0.12801972269986175,3.592808073371486,3.610719850148534,0.4131537161369126,0.11442419608375785
3_BKOCO2_P11_3_live_740nm_3083mW_u1_poc0p25_20x0p75NA_535s50_g70_z1_256pix_basicFLIM_120f_0016.sdt,20260601_KPC_live_on_SLIM,live,BKO,535,0.25,2026-06-02 09:11:02.000000,20260601_KPC_live_on_SLIM::fitet-sz-c2-b5::3_BKOCO2_P11_3_live_740nm_3083mW_u1_poc0p25_20x0p75NA_535s50_g70_z1_256pix_basicFLIM_120f_0016,E:\18_RK_Circadian\data\raw\20260601_KPC_live_on_SLIM\fitet-sz-c2-b5\3_BKOCO2_P11_3_live_740nm_3083mW_u1_poc0p25_20x0p75NA_535s50_g70_z1_256pix_basicFLIM_120f_0016_fit_mask.npy,2,65536,65385,99.8,633.8297671560499,631.6913731815143,60.85081442971791,0.09632997538535742,3.318363594814692,3.3400896088256737,0.3162232251436914,0.09467507228192923
3_BKOCO2_P11_3_live_740nm_3083mW_u1_poc0p25_20x0p75NA_535s50_g70_z1_256pix_basicFLIM_120f_0017.sdt,20260601_KPC_live_on_SLIM,live,BKO,535,0.25,2026-06-02 09:12:10.000000,20260601_KPC_live_on_SLIM::fitet-sz-c2-b5::3_BKOCO2_P11_3_live_740nm_3083mW_u1_poc0p25_20x0p75NA_535s50_g70_z1_256pix_basicFLIM_120f_0017,E:\18_RK_Circadian\data\raw\20260601_KPC_live_on_SLIM\fitet-sz-c2-b5\3_BKOCO2_P11_3_live_740nm_3083mW_u1_poc0p25_20x0p75NA_535s50_g70_z1_256pix_basicFLIM_120f_0017_fit_mask.npy,2,65536,64104,97.8,605.2444025007701,604.1003822755887,85.30200124282416,0.14120501119615192,3.3864157190065862,3.418026919372646,0.4410774387032721,0.1290444601835461
4_KPCWT_50uL_live_740nm_3080mW_u1_poc0p25_20x0p75NA_457s50_g70_z1_256pix_basicFLIM_120f_0000.sdt,20260601_KPC_live_on_SLIM,live,KPCWT,457,0.25,2026-06-02 10:01:33.000000,20260601_KPC_live_on_SLIM::fitet-sz-c2-b5::4_KPCWT_50uL_live_740nm_3080mW_u1_poc0p25_20x0p75NA_457s50_g70_z1_256pix_basicFLIM_120f_0000,E:\18_RK_Circadian\data\raw\20260601_KPC_live_on_SLIM\fitet-sz-c2-b5\4_KPCWT_50uL_live_740nm_3080mW_u1_poc0p25_20x0p75NA_457s50_g70_z1_256pix_basicFLIM_120f_0000_fit_mask.npy,2,65536,63556,97.0,710.80952864618,710.1099609044301,62.51388600243346,0.0880340925267585,3.382830548721561,3.3892851957740127,0.4566403208427395,0.1347305683841859
4_KPCWT_50uL_live_740nm_3080mW_u1_poc0p25_20x0p75NA_457s50_g70_z1_256pix_basicFLIM_120f_0001.sdt,20260601_KPC_live_on_SLIM,live,KPCWT,457,0.25,2026-06-02 10:04:30.000000,20260601_KPC_live_on_SLIM::fitet-sz-c2-b5::4_KPCWT_50uL_live_740nm_3080mW_u1_poc0p25_20x0p75NA_457s50_g70_z1_256pix_basicFLIM_120f_0001,E:\18_RK_Circadian\data\raw\20260601_KPC_live_on_SLIM\fitet-sz-c2-b5\4_KPCWT_50uL_live_740nm_3080mW_u1_poc0p25_20x0p75NA_457s50_g70_z1_256pix_basicFLIM_120f_0001_fit_mask.npy,2,65536,64561,98.5,701.7671046948827,707.9194882244536,83.32349402130708,0.11770193561176333,3.3761652733505745,3.1703591978795282,0.7811325847395123,0.24638614616979904
4_KPCWT_50uL_live_740nm_3080mW_u1_poc0p25_20x0p75NA_457s50_g70_z1_256pix_basicFLIM_120f_0002.sdt,20260601_KPC_live_on_SLIM,live,KPCWT,457,0.25,2026-06-02 10:05:39.000000,20260601_KPC_live_on_SLIM::fitet-sz-c2-b5::4_KPCWT_50uL_live_740nm_3080mW_u1_poc0p25_20x0p75NA_457s50_g70_z1_256pix_basicFLIM_120f_0002,E:\18_RK_Circadian\data\raw\20260601_KPC_live_on_SLIM\fitet-sz-c2-b5\4_KPCWT_50uL_live_740nm_3080mW_u1_poc0p25_20x0p75NA_457s50_g70_z1_256pix_basicFLIM_120f_0002_fit_mask.npy,2,65536,65000,99.2,727.8453580629464,733.3374585424906,76.73458290072408,0.10463747897623311,3.017772760567729,2.851543397398084,0.6818588750125504,0.23911923473958646
4_KPCWT_50uL_live_740nm_3080mW_u1_poc0p25_20x0p75NA_457s50_g70_z1_256pix_basicFLIM_120f_0003.sdt,20260601_KPC_live_on_SLIM,live,KPCWT,457,0.25,2026-06-02 10:06:47.000000,20260601_KPC_live_on_SLIM::fitet-sz-c2-b5::4_KPCWT_50uL_live_740nm_3080mW_u1_poc0p25_20x0p75NA_457s50_g70_z1_256pix_basicFLIM_120f_0003,E:\18_RK_Circadian\data\raw\20260601_KPC_live_on_SLIM\fitet-sz-c2-b5\4_KPCWT_50uL_live_740nm_3080mW_u1_poc0p25_20x0p75NA_457s50_g70_z1_256pix_basicFLIM_120f_0003_fit_mask.npy,2,65536,65263,99.6,715.5762887772183,718.7751019253806,61.590545003278166,0.08568820043751622,3.174632759001546,3.1281766725830282,0.525294998575995,0.1679236991887173
4_KPCWT_50uL_live_740nm_3080mW_u1_poc0p25_20x0p75NA_457s50_g70_z1_256pix_basicFLIM_120f_0004.sdt,20260601_KPC_live_on_SLIM,live,KPCWT,457,0.25,2026-06-02 10:07:55.000000,20260601_KPC_live_on_SLIM::fitet-sz-c2-b5::4_KPCWT_50uL_live_740nm_3080mW_u1_poc0p25_20x0p75NA_457s50_g70_z1_256pix_basicFLIM_120f_0004,E:\18_RK_Circadian\data\raw\20260601_KPC_live_on_SLIM\fitet-sz-c2-b5\4_KPCWT_50uL_live_740nm_3080mW_u1_poc0p25_20x0p75NA_457s50_g70_z1_256pix_basicFLIM_120f_0004_fit_mask.npy,2,65536,65192,99.5,721.3356939581677,726.0638704104268,72.74289969663972,0.10018801741989981,2.928435117226443,2.8880687393644897,0.5858367114877332,0.20284721880153195
4_KPCWT_50uL_live_740nm_3080mW_u1_poc0p25_20x0p75NA_457s50_g70_z1_256pix_basicFLIM_120f_0005.sdt,20260601_KPC_live_on_SLIM,live,KPCWT,457,0.25,2026-06-02 10:09:03.000000,20260601_KPC_live_on_SLIM::fitet-sz-c2-b5::4_KPCWT_50uL_live_740nm_3080mW_u1_poc0p25_20x0p75NA_457s50_g70_z1_256pix_basicFLIM_120f_0005,E:\18_RK_Circadian\data\raw\20260601_KPC_live_on_SLIM\fitet-sz-c2-b5\4_KPCWT_50uL_live_740nm_3080mW_u1_poc0p25_20x0p75NA_457s50_g70_z1_256pix_basicFLIM_120f_0005_fit_mask.npy,2,65536,64579,98.5,716.1011548013449,722.4605825206775,77.3619298751199,0.10708117750203448,2.996955138647821,2.849814012430175,0.6574243270161299,0.23069025703032184
4_KPCWT_50uL_live_740nm_3080mW_u1_poc0p25_20x0p75NA_457s50_g70_z1_256pix_basicFLIM_120f_0006.sdt,20260601_KPC_live_on_SLIM,live,KPCWT,457,0.25,2026-06-02 10:10:11.000000,20260601_KPC_live_on_SLIM::fitet-sz-c2-b5::4_KPCWT_50uL_live_740nm_3080mW_u1_poc0p25_20x0p75NA_457s50_g70_z1_256pix_basicFLIM_120f_0006,E:\18_RK_Circadian\data\raw\20260601_KPC_live_on_SLIM\fitet-sz-c2-b5\4_KPCWT_50uL_live_740nm_3080mW_u1_poc0p25_20x0p75NA_457s50_g70_z1_256pix_basicFLIM_120f_0006_fit_mask.npy,2,65536,64713,98.7,710.2976612524851,717.6994977834502,80.62415975616089,0.11233693210760395,2.8191130984689883,2.7323762612238527,0.5900860379086662,0.21596075411823482
4_KPCWT_50uL_live_740nm_3080mW_u1_poc0p25_20x0p75NA_457s50_g70_z1_256pix_basicFLIM_120f_0007.sdt,20260601_KPC_live_on_SLIM,live,KPCWT,457,0.25,2026-06-02 10:11:20.000000,20260601_KPC_live_on_SLIM::fitet-sz-c2-b5::4_KPCWT_50uL_live_740nm_3080mW_u1_poc0p25_20x0p75NA_457s50_g70_z1_256pix_basicFLIM_120f_0007,E:\18_RK_Circadian\data\raw\20260601_KPC_live_on_SLIM\fitet-sz-c2-b5\4_KPCWT_50uL_live_740nm_3080mW_u1_poc0p25_20x0p75NA_457s50_g70_z1_256pix_basicFLIM_120f_0007_fit_mask.npy,2,65536,64561,98.5,724.7468143495672,724.5925915082622,69.95677286750869,0.09654635403032685,3.0055825581465907,2.9020163296476023,0.5595009902426088,0.1927973266472109
4_KPCWT_50uL_live_740nm_3080mW_u1_poc0p25_20x0p75NA_457s50_g70_z1_256pix_basicFLIM_120f_0008.sdt,20260601_KPC_live_on_SLIM,live,KPCWT,457,0.25,2026-06-02 10:12:28.000000,20260601_KPC_live_on_SLIM::fitet-sz-c2-b5::4_KPCWT_50uL_live_740nm_3080mW_u1_poc0p25_20x0p75NA_457s50_g70_z1_256pix_basicFLIM_120f_0008,E:\18_RK_Circadian\data\raw\20260601_KPC_live_on_SLIM\fitet-sz-c2-b5\4_KPCWT_50uL_live_740nm_3080mW_u1_poc0p25_20x0p75NA_457s50_g70_z1_256pix_basicFLIM_120f_0008_fit_mask.npy,2,65536,64758,98.8,717.3776511767933,724.0758298103029,72.26222175318769,0.09979924584987088,3.1468170008705254,3.0185320303572563,0.5963295458004726,0.19755614311963898
4_KPCWT_50uL_live_740nm_3080mW_u1_poc0p25_20x0p75NA_457s50_g70_z1_256pix_basicFLIM_120f_0009.sdt,20260601_KPC_live_on_SLIM,live,KPCWT,457,0.25,2026-06-02 10:13:36.000000,20260601_KPC_live_on_SLIM::fitet-sz-c2-b5::4_KPCWT_50uL_live_740nm_3080mW_u1_poc0p25_20x0p75NA_457s50_g70_z1_256pix_basicFLIM_120f_0009,E:\18_RK_Circadian\data\raw\20260601_KPC_live_on_SLIM\fitet-sz-c2-b5\4_KPCWT_50uL_live_740nm_3080mW_u1_poc0p25_20x0p75NA_457s50_g70_z1_256pix_basicFLIM_120f_0009_fit_mask.npy,2,65536,65027,99.2,705.1957221316585,705.9450301723573,61.25824585326825,0.08677480998529302,3.302708786036339,3.2385736090932498,0.557159819834282,0.1720386463564983
4_KPCWT_50uL_live_740nm_3080mW_u1_poc0p25_20x0p75NA_457s50_g70_z1_256pix_basicFLIM_120f_0010.sdt,20260601_KPC_live_on_SLIM,live,KPCWT,457,0.25,2026-06-02 10:14:45.000000,20260601_KPC_live_on_SLIM::fitet-sz-c2-b5::4_KPCWT_50uL_live_740nm_3080mW_u1_poc0p25_20x0p75NA_457s50_g70_z1_256pix_basicFLIM_120f_0010,E:\18_RK_Circadian\data\raw\20260601_KPC_live_on_SLIM\fitet-sz-c2-b5\4_KPCWT_50uL_live_740nm_3080mW_u1_poc0p25_20x0p75NA_457s50_g70_z1_256pix_basicFLIM_120f_0010_fit_mask.npy,2,65536,65096,99.3,701.7835624487332,706.6391272285696,70.395802497878,0.09962058395205133,3.3159258461789314,3.212366902537174,0.6136393746357386,0.19102406208676764
4_KPCWT_50uL_live_740nm_3080mW_u1_poc0p25_20x0p75NA_457s50_g70_z1_256pix_basicFLIM_120f_0011.sdt,20260601_KPC_live_on_SLIM,live,KPCWT,457,0.25,2026-06-02 10:15:55.000000,20260601_KPC_live_on_SLIM::fitet-sz-c2-b5::4_KPCWT_50uL_live_740nm_3080mW_u1_poc0p25_20x0p75NA_457s50_g70_z1_256pix_basicFLIM_120f_0011,E:\18_RK_Circadian\data\raw\20260601_KPC_live_on_SLIM\fitet-sz-c2-b5\4_KPCWT_50uL_live_740nm_3080mW_u1_poc0p25_20x0p75NA_457s50_g70_z1_256pix_basicFLIM_120f_0011_fit_mask.npy,2,65536,65148,99.4,726.683096178554,728.0843963050102,64.2837820946302,0.08829166291829216,3.1840622423769807,3.133875381720809,0.5106736028275612,0.16295274719799188
4_KPCWT_50uL_live_740nm_3080mW_u1_poc0p25_20x0p75NA_457s50_g70_z1_256pix_basicFLIM_120f_0012.sdt,20260601_KPC_live_on_SLIM,live,KPCWT,457,0.25,2026-06-02 10:17:03.000000,20260601_KPC_live_on_SLIM::fitet-sz-c2-b5::4_KPCWT_50uL_live_740nm_3080mW_u1_poc0p25_20x0p75NA_457s50_g70_z1_256pix_basicFLIM_120f_0012,E:\18_RK_Circadian\data\raw\20260601_KPC_live_on_SLIM\fitet-sz-c2-b5\4_KPCWT_50uL_live_740nm_3080mW_u1_poc0p25_20x0p75NA_457s50_g70_z1_256pix_basicFLIM_120f_0012_fit_mask.npy,2,65536,65480,99.9,709.5593900546166,704.9869638583343,54.966757231930714,0.07796847324821764,3.3241401678212465,3.34375300582852,0.35081685265300305,0.10491709526436063
4_KPCWT_50uL_live_740nm_3080mW_u1_poc0p25_20x0p75NA_457s50_g70_z1_256pix_basicFLIM_120f_0013.sdt,20260601_KPC_live_on_SLIM,live,KPCWT,457,0.25,2026-06-02 10:18:12.000000,20260601_KPC_live_on_SLIM::fitet-sz-c2-b5::4_KPCWT_50uL_live_740nm_3080mW_u1_poc0p25_20x0p75NA_457s50_g70_z1_256pix_basicFLIM_120f_0013,E:\18_RK_Circadian\data\raw\20260601_KPC_live_on_SLIM\fitet-sz-c2-b5\4_KPCWT_50uL_live_740nm_3080mW_u1_poc0p25_20x0p75NA_457s50_g70_z1_256pix_basicFLIM_120f_0013_fit_mask.npy,2,65536,65488,99.9,710.713321728994,715.2234668695216,64.63593196821613,0.0903716599947743,3.249650868899683,3.230319149203309,0.4828522257689907,0.14947508387463082
4_KPCWT_50uL_live_740nm_3080mW_u1_poc0p25_20x0p75NA_457s50_g70_z1_256pix_basicFLIM_120f_0014.sdt,20260601_KPC_live_on_SLIM,live,KPCWT,457,0.25,2026-06-02 10:19:21.000000,20260601_KPC_live_on_SLIM::fitet-sz-c2-b5::4_KPCWT_50uL_live_740nm_3080mW_u1_poc0p25_20x0p75NA_457s50_g70_z1_256pix_basicFLIM_120f_0014,E:\18_RK_Circadian\data\raw\20260601_KPC_live_on_SLIM\fitet-sz-c2-b5\4_KPCWT_50uL_live_740nm_3080mW_u1_poc0p25_20x0p75NA_457s50_g70_z1_256pix_basicFLIM_120f_0014_fit_mask.npy,2,65536,65515,100.0,714.9342451314017,715.2074041268279,52.4493609265423,0.07333447699772616,3.234525022965508,3.2619876559815184,0.3642668024334273,0.11167019647222452
4_KPCWT_50uL_live_740nm_3080mW_u1_poc0p25_20x0p75NA_457s50_g70_z1_256pix_basicFLIM_120f_0015.sdt,20260601_KPC_live_on_SLIM,live,KPCWT,457,0.25,2026-06-02 10:20:29.000000,20260601_KPC_live_on_SLIM::fitet-sz-c2-b5::4_KPCWT_50uL_live_740nm_3080mW_u1_poc0p25_20x0p75NA_457s50_g70_z1_256pix_basicFLIM_120f_0015,E:\18_RK_Circadian\data\raw\20260601_KPC_live_on_SLIM\fitet-sz-c2-b5\4_KPCWT_50uL_live_740nm_3080mW_u1_poc0p25_20x0p75NA_457s50_g70_z1_256pix_basicFLIM_120f_0015_fit_mask.npy,2,65536,65431,99.8,700.214124351968,702.9459365600403,54.79048993495971,0.07794410222083974,3.2933344316115862,3.2973181637606674,0.45140292698799406,0.1369000213413311
4_KPCWT_50uL_live_740nm_3080mW_u1_poc0p25_20x0p75NA_457s50_g70_z1_256pix_basicFLIM_120f_0016.sdt,20260601_KPC_live_on_SLIM,live,KPCWT,457,0.25,2026-06-02 10:21:38.000000,20260601_KPC_live_on_SLIM::fitet-sz-c2-b5::4_KPCWT_50uL_live_740nm_3080mW_u1_poc0p25_20x0p75NA_457s50_g70_z1_256pix_basicFLIM_120f_0016,E:\18_RK_Circadian\data\raw\20260601_KPC_live_on_SLIM\fitet-sz-c2-b5\4_KPCWT_50uL_live_740nm_3080mW_u1_poc0p25_20x0p75NA_457s50_g70_z1_256pix_basicFLIM_120f_0016_fit_mask.npy,2,65536,65334,99.7,715.7400852741589,716.1235838717173,58.21448029275499,0.0812911089703523,3.224818538369828,3.255249449320972,0.38480227616474444,0.11820976615018311
4_KPCWT_50uL_live_740nm_3080mW_u1_poc0p25_20x0p75NA_457s50_g70_z1_256pix_basicFLIM_120f_0017.sdt,20260601_KPC_live_on_SLIM,live,KPCWT,457,0.25,2026-06-02 10:22:46.000000,20260601_KPC_live_on_SLIM::fitet-sz-c2-b5::4_KPCWT_50uL_live_740nm_3080mW_u1_poc0p25_20x0p75NA_457s50_g70_z1_256pix_basicFLIM_120f_0017,E:\18_RK_Circadian\data\raw\20260601_KPC_live_on_SLIM\fitet-sz-c2-b5\4_KPCWT_50uL_live_740nm_3080mW_u1_poc0p25_20x0p75NA_457s50_g70_z1_256pix_basicFLIM_120f_0017_fit_mask.npy,2,65536,65430,99.8,731.2167058244552,728.8307128273467,64.05953229069402,0.08789356864804507,3.1274279872459063,3.150788905934875,0.3963425160309821,0.12579151693863883
4_KPCWT_50uL_live_740nm_3080mW_u1_poc0p25_20x0p75NA_535s50_g70_z1_256pix_basicFLIM_120f_0000.sdt,20260601_KPC_live_on_SLIM,live,KPCWT,535,0.25,2026-06-02 10:28:42.000000,20260601_KPC_live_on_SLIM::fitet-sz-c2-b5::4_KPCWT_50uL_live_740nm_3080mW_u1_poc0p25_20x0p75NA_535s50_g70_z1_256pix_basicFLIM_120f_0000,E:\18_RK_Circadian\data\raw\20260601_KPC_live_on_SLIM\fitet-sz-c2-b5\4_KPCWT_50uL_live_740nm_3080mW_u1_poc0p25_20x0p75NA_535s50_g70_z1_256pix_basicFLIM_120f_0000_fit_mask.npy,2,65536,52812,80.6,648.0288980093701,646.5930121716652,106.88896156428392,0.1653110373174057,3.2345133570147087,3.311942478178382,0.5711017617471522,0.17243710164352455
4_KPCWT_50uL_live_740nm_3080mW_u1_poc0p25_20x0p75NA_535s50_g70_z1_256pix_basicFLIM_120f_0001.sdt,20260601_KPC_live_on_SLIM,live,KPCWT,535,0.25,2026-06-02 10:29:50.000000,20260601_KPC_live_on_SLIM::fitet-sz-c2-b5::4_KPCWT_50uL_live_740nm_3080mW_u1_poc0p25_20x0p75NA_535s50_g70_z1_256pix_basicFLIM_120f_0001,E:\18_RK_Circadian\data\raw\20260601_KPC_live_on_SLIM\fitet-sz-c2-b5\4_KPCWT_50uL_live_740nm_3080mW_u1_poc0p25_20x0p75NA_535s50_g70_z1_256pix_basicFLIM_120f_0001_fit_mask.npy,2,65536,52152,79.6,606.7094632839808,603.9793510390646,93.02346669849616,0.1540176274875323,3.427594770869555,3.498308923966898,0.5427467990896291,0.15514547482392801
4_KPCWT_50uL_live_740nm_3080mW_u1_poc0p25_20x0p75NA_535s50_g70_z1_256pix_basicFLIM_120f_0002.sdt,20260601_KPC_live_on_SLIM,live,KPCWT,535,0.25,2026-06-02 10:30:58.000000,20260601_KPC_live_on_SLIM::fitet-sz-c2-b5::4_KPCWT_50uL_live_740nm_3080mW_u1_poc0p25_20x0p75NA_535s50_g70_z1_256pix_basicFLIM_120f_0002,E:\18_RK_Circadian\data\raw\20260601_KPC_live_on_SLIM\fitet-sz-c2-b5\4_KPCWT_50uL_live_740nm_3080mW_u1_poc0p25_20x0p75NA_535s50_g70_z1_256pix_basicFLIM_120f_0002_fit_mask.npy,2,65536,62858,95.9,635.2702982864123,633.434254775799,96.78424019240612,0.15279287386606907,3.2404768838444054,3.2902760187375732,0.4946216256606692,0.15032830766898628
4_KPCWT_50uL_live_740nm_3080mW_u1_poc0p25_20x0p75NA_535s50_g70_z1_256pix_basicFLIM_120f_0003.sdt,20260601_KPC_live_on_SLIM,live,KPCWT,535,0.25,2026-06-02 10:32:06.000000,20260601_KPC_live_on_SLIM::fitet-sz-c2-b5::4_KPCWT_50uL_live_740nm_3080mW_u1_poc0p25_20x0p75NA_535s50_g70_z1_256pix_basicFLIM_120f_0003,E:\18_RK_Circadian\data\raw\20260601_KPC_live_on_SLIM\fitet-sz-c2-b5\4_KPCWT_50uL_live_740nm_3080mW_u1_poc0p25_20x0p75NA_535s50_g70_z1_256pix_basicFLIM_120f_0003_fit_mask.npy,2,65536,57313,87.5,610.491566765655,613.0317502205467,103.25742797204096,0.16843732471424633,3.346958311061735,3.3827658091188035,0.566196360845358,0.16737675405110286
4_KPCWT_50uL_live_740nm_3080mW_u1_poc0p25_20x0p75NA_535s50_g70_z1_256pix_basicFLIM_120f_0004.sdt,20260601_KPC_live_on_SLIM,live,KPCWT,535,0.25,2026-06-02 10:33:14.000000,20260601_KPC_live_on_SLIM::fitet-sz-c2-b5::4_KPCWT_50uL_live_740nm_3080mW_u1_poc0p25_20x0p75NA_535s50_g70_z1_256pix_basicFLIM_120f_0004,E:\18_RK_Circadian\data\raw\20260601_KPC_live_on_SLIM\fitet-sz-c2-b5\4_KPCWT_50uL_live_740nm_3080mW_u1_poc0p25_20x0p75NA_535s50_g70_z1_256pix_basicFLIM_120f_0004_fit_mask.npy,2,65536,50632,77.3,658.2413097036163,650.5101873463027,104.40502184817056,0.1604971357544474,3.1618170143933355,3.258039104006537,0.5512869273891619,0.16920819848700494
4_KPCWT_50uL_live_740nm_3080mW_u1_poc0p25_20x0p75NA_535s50_g70_z1_256pix_basicFLIM_120f_0005.sdt,20260601_KPC_live_on_SLIM,live,KPCWT,535,0.25,2026-06-02 10:34:22.000000,20260601_KPC_live_on_SLIM::fitet-sz-c2-b5::4_KPCWT_50uL_live_740nm_3080mW_u1_poc0p25_20x0p75NA_535s50_g70_z1_256pix_basicFLIM_120f_0005,E:\18_RK_Circadian\data\raw\20260601_KPC_live_on_SLIM\fitet-sz-c2-b5\4_KPCWT_50uL_live_740nm_3080mW_u1_poc0p25_20x0p75NA_535s50_g70_z1_256pix_basicFLIM_120f_0005_fit_mask.npy,2,65536,51929,79.2,577.0736573675658,582.203059260385,102.19406907279415,0.17552994173994677,3.523061295495719,3.568084293693447,0.6024243283155741,0.1688369104340817
4_KPCWT_50uL_live_740nm_3080mW_u1_poc0p25_20x0p75NA_535s50_g70_z1_256pix_basicFLIM_120f_0006.sdt,20260601_KPC_live_on_SLIM,live,KPCWT,535,0.25,2026-06-02 10:35:31.000000,20260601_KPC_live_on_SLIM::fitet-sz-c2-b5::4_KPCWT_50uL_live_740nm_3080mW_u1_poc0p25_20x0p75NA_535s50_g70_z1_256pix_basicFLIM_120f_0006,E:\18_RK_Circadian\data\raw\20260601_KPC_live_on_SLIM\fitet-sz-c2-b5\4_KPCWT_50uL_live_740nm_3080mW_u1_poc0p25_20x0p75NA_535s50_g70_z1_256pix_basicFLIM_120f_0006_fit_mask.npy,2,65536,55233,84.3,651.4731055229867,647.9932466078402,106.59660351280806,0.1645026457772937,3.1415158307872715,3.216844800379183,0.5489740688647204,0.17065606298445316
4_KPCWT_50uL_live_740nm_3080mW_u1_poc0p25_20x0p75NA_535s50_g70_z1_256pix_basicFLIM_120f_0007.sdt,20260601_KPC_live_on_SLIM,live,KPCWT,535,0.25,2026-06-02 10:36:39.000000,20260601_KPC_live_on_SLIM::fitet-sz-c2-b5::4_KPCWT_50uL_live_740nm_3080mW_u1_poc0p25_20x0p75NA_535s50_g70_z1_256pix_basicFLIM_120f_0007,E:\18_RK_Circadian\data\raw\20260601_KPC_live_on_SLIM\fitet-sz-c2-b5\4_KPCWT_50uL_live_740nm_3080mW_u1_poc0p25_20x0p75NA_535s50_g70_z1_256pix_basicFLIM_120f_0007_fit_mask.npy,2,65536,58276,88.9,645.4771312324751,641.7003255362391,100.97486967060577,0.1573551791269948,3.1993410812510517,3.2618080627435195,0.5355105229057231,0.1641759762085152
4_KPCWT_50uL_live_740nm_3080mW_u1_poc0p25_20x0p75NA_535s50_g70_z1_256pix_basicFLIM_120f_0008.sdt,20260601_KPC_live_on_SLIM,live,KPCWT,535,0.25,2026-06-02 10:37:48.000000,20260601_KPC_live_on_SLIM::fitet-sz-c2-b5::4_KPCWT_50uL_live_740nm_3080mW_u1_poc0p25_20x0p75NA_535s50_g70_z1_256pix_basicFLIM_120f_0008,E:\18_RK_Circadian\data\raw\20260601_KPC_live_on_SLIM\fitet-sz-c2-b5\4_KPCWT_50uL_live_740nm_3080mW_u1_poc0p25_20x0p75NA_535s50_g70_z1_256pix_basicFLIM_120f_0008_fit_mask.npy,2,65536,60551,92.4,657.9409401203822,655.282331057645,95.1730376215695,0.14523974340641446,3.1327916295636684,3.18466697149785,0.5016727411788168,0.15752753605594877
4_KPCWT_50uL_live_740nm_3080mW_u1_poc0p25_20x0p75NA_535s50_g70_z1_256pix_basicFLIM_120f_0009.sdt,20260601_KPC_live_on_SLIM,live,KPCWT,535,0.25,2026-06-02 10:38:57.000000,20260601_KPC_live_on_SLIM::fitet-sz-c2-b5::4_KPCWT_50uL_live_740nm_3080mW_u1_poc0p25_20x0p75NA_535s50_g70_z1_256pix_basicFLIM_120f_0009,E:\18_RK_Circadian\data\raw\20260601_KPC_live_on_SLIM\fitet-sz-c2-b5\4_KPCWT_50uL_live_740nm_3080mW_u1_poc0p25_20x0p75NA_535s50_g70_z1_256pix_basicFLIM_120f_0009_fit_mask.npy,2,65536,59336,90.5,632.1743995123819,631.7452357935845,85.76738281540253,0.13576261118560462,3.2596752564855147,3.3122559661763247,0.481993994583766,0.14551834142823838
4_KPCWT_50uL_live_740nm_3080mW_u1_poc0p25_20x0p75NA_535s50_g70_z1_256pix_basicFLIM_120f_0010.sdt,20260601_KPC_live_on_SLIM,live,KPCWT,535,0.25,2026-06-02 10:40:06.000000,20260601_KPC_live_on_SLIM::fitet-sz-c2-b5::4_KPCWT_50uL_live_740nm_3080mW_u1_poc0p25_20x0p75NA_535s50_g70_z1_256pix_basicFLIM_120f_0010,E:\18_RK_Circadian\data\raw\20260601_KPC_live_on_SLIM\fitet-sz-c2-b5\4_KPCWT_50uL_live_740nm_3080mW_u1_poc0p25_20x0p75NA_535s50_g70_z1_256pix_basicFLIM_120f_0010_fit_mask.npy,2,65536,62426,95.3,666.6870652440061,666.9215371636376,101.22208167002479,0.1517750980130496,3.0684082843473908,3.097130457818386,0.5023869394635833,0.16221045458235683
4_KPCWT_50uL_live_740nm_3080mW_u1_poc0p25_20x0p75NA_535s50_g70_z1_256pix_basicFLIM_120f_0011.sdt,20260601_KPC_live_on_SLIM,live,KPCWT,535,0.25,2026-06-02 10:41:15.000000,20260601_KPC_live_on_SLIM::fitet-sz-c2-b5::4_KPCWT_50uL_live_740nm_3080mW_u1_poc0p25_20x0p75NA_535s50_g70_z1_256pix_basicFLIM_120f_0011,E:\18_RK_Circadian\data\raw\20260601_KPC_live_on_SLIM\fitet-sz-c2-b5\4_KPCWT_50uL_live_740nm_3080mW_u1_poc0p25_20x0p75NA_535s50_g70_z1_256pix_basicFLIM_120f_0011_fit_mask.npy,2,65536,65364,99.7,638.7263866380508,638.7818264959884,81.72757144848845,0.1279428563220117,3.3006901882436117,3.321303509748134,0.42367007802074,0.12756138569608425
4_KPCWT_50uL_live_740nm_3080mW_u1_poc0p25_20x0p75NA_535s50_g70_z1_256pix_basicFLIM_120f_0012.sdt,20260601_KPC_live_on_SLIM,live,KPCWT,535,0.25,2026-06-02 10:42:24.000000,20260601_KPC_live_on_SLIM::fitet-sz-c2-b5::4_KPCWT_50uL_live_740nm_3080mW_u1_poc0p25_20x0p75NA_535s50_g70_z1_256pix_basicFLIM_120f_0012,E:\18_RK_Circadian\data\raw\20260601_KPC_live_on_SLIM\fitet-sz-c2-b5\4_KPCWT_50uL_live_740nm_3080mW_u1_poc0p25_20x0p75NA_535s50_g70_z1_256pix_basicFLIM_120f_0012_fit_mask.npy,2,65536,65136,99.4,651.5752561786728,655.1945456903265,91.82517798424728,0.1401494847419683,3.1582557251018852,3.190780398488742,0.4667075596819148,0.14626752749984384
4_KPCWT_50uL_live_740nm_3080mW_u1_poc0p25_20x0p75NA_535s50_g70_z1_256pix_basicFLIM_120f_0013.sdt,20260601_KPC_live_on_SLIM,live,KPCWT,535,0.25,2026-06-02 10:43:32.000000,20260601_KPC_live_on_SLIM::fitet-sz-c2-b5::4_KPCWT_50uL_live_740nm_3080mW_u1_poc0p25_20x0p75NA_535s50_g70_z1_256pix_basicFLIM_120f_0013,E:\18_RK_Circadian\data\raw\20260601_KPC_live_on_SLIM\fitet-sz-c2-b5\4_KPCWT_50uL_live_740nm_3080mW_u1_poc0p25_20x0p75NA_535s50_g70_z1_256pix_basicFLIM_120f_0013_fit_mask.npy,2,65536,65469,99.9,647.5609151547966,651.2476091213789,87.77561000504686,0.13478070211032026,3.213093709884467,3.230942932818124,0.4399218620153818,0.13615897004769098
4_KPCWT_50uL_live_740nm_3080mW_u1_poc0p25_20x0p75NA_535s50_g70_z1_256pix_basicFLIM_120f_0014.sdt,20260601_KPC_live_on_SLIM,live,KPCWT,535,0.25,2026-06-02 10:44:40.000000,20260601_KPC_live_on_SLIM::fitet-sz-c2-b5::4_KPCWT_50uL_live_740nm_3080mW_u1_poc0p25_20x0p75NA_535s50_g70_z1_256pix_basicFLIM_120f_0014,E:\18_RK_Circadian\data\raw\20260601_KPC_live_on_SLIM\fitet-sz-c2-b5\4_KPCWT_50uL_live_740nm_3080mW_u1_poc0p25_20x0p75NA_535s50_g70_z1_256pix_basicFLIM_120f_0014_fit_mask.npy,2,65536,64810,98.9,638.1396114682701,637.6063595391707,91.9589864616018,0.14422532819162132,3.2587704221524456,3.2855939765325886,0.46530541015634674,0.1416198755779925
4_KPCWT_50uL_live_740nm_3080mW_u1_poc0p25_20x0p75NA_535s50_g70_z1_256pix_basicFLIM_120f_0015.sdt,20260601_KPC_live_on_SLIM,live,KPCWT,535,0.25,2026-06-02 10:45:49.000000,20260601_KPC_live_on_SLIM::fitet-sz-c2-b5::4_KPCWT_50uL_live_740nm_3080mW_u1_poc0p25_20x0p75NA_535s50_g70_z1_256pix_basicFLIM_120f_0015,E:\18_RK_Circadian\data\raw\20260601_KPC_live_on_SLIM\fitet-sz-c2-b5\4_KPCWT_50uL_live_740nm_3080mW_u1_poc0p25_20x0p75NA_535s50_g70_z1_256pix_basicFLIM_120f_0015_fit_mask.npy,2,65536,65337,99.7,674.5385112354371,677.2335959349153,102.80063170552198,0.15179493799861857,3.0696222960899506,3.08645652013176,0.47971014862772865,0.15542423666063826
4_KPCWT_50uL_live_740nm_3080mW_u1_poc0p25_20x0p75NA_535s50_g70_z1_256pix_basicFLIM_120f_0016.sdt,20260601_KPC_live_on_SLIM,live,KPCWT,535,0.25,2026-06-02 10:46:57.000000,20260601_KPC_live_on_SLIM::fitet-sz-c2-b5::4_KPCWT_50uL_live_740nm_3080mW_u1_poc0p25_20x0p75NA_535s50_g70_z1_256pix_basicFLIM_120f_0016,E:\18_RK_Circadian\data\raw\20260601_KPC_live_on_SLIM\fitet-sz-c2-b5\4_KPCWT_50uL_live_740nm_3080mW_u1_poc0p25_20x0p75NA_535s50_g70_z1_256pix_basicFLIM_120f_0016_fit_mask.npy,2,65536,65414,99.8,662.6404869758265,665.8506675352222,95.9203049149518,0.14405678268675431,3.1029701504175913,3.1358354361352156,0.48710297158406796,0.15533435395589565
5_BKOCO2_P11_4_live_740nm_3076mW_u1_poc0p25_20x0p75NA_457s50_g70_z1_256pix_basicFLIM_120f_0000.sdt,20260601_KPC_live_on_SLIM,live,BKO,457,0.25,2026-06-02 11:23:55.000000,20260601_KPC_live_on_SLIM::fitet-sz-c2-b5::5_BKOCO2_P11_4_live_740nm_3076mW_u1_poc0p25_20x0p75NA_457s50_g70_z1_256pix_basicFLIM_120f_0000,E:\18_RK_Circadian\data\raw\20260601_KPC_live_on_SLIM\fitet-sz-c2-b5\5_BKOCO2_P11_4_live_740nm_3076mW_u1_poc0p25_20x0p75NA_457s50_g70_z1_256pix_basicFLIM_120f_0000_fit_mask.npy,2,65536,64142,97.9,650.805377707173,671.3714901610341,88.08079905125187,0.13119532232464168,3.3711447735228517,3.1459056808450105,0.9107037378343819,0.28948857029615743
5_BKOCO2_P11_4_live_740nm_3076mW_u1_poc0p25_20x0p75NA_457s50_g70_z1_256pix_basicFLIM_120f_0001.sdt,20260601_KPC_live_on_SLIM,live,BKO,457,0.25,2026-06-02 11:25:03.000000,20260601_KPC_live_on_SLIM::fitet-sz-c2-b5::5_BKOCO2_P11_4_live_740nm_3076mW_u1_poc0p25_20x0p75NA_457s50_g70_z1_256pix_basicFLIM_120f_0001,E:\18_RK_Circadian\data\raw\20260601_KPC_live_on_SLIM\fitet-sz-c2-b5\5_BKOCO2_P11_4_live_740nm_3076mW_u1_poc0p25_20x0p75NA_457s50_g70_z1_256pix_basicFLIM_120f_0001_fit_mask.npy,2,65536,64411,98.3,657.6692759085455,662.6269299725061,68.49466464713696,0.10336836845731422,3.469220330198651,3.3264199602707327,0.6950613200673017,0.20895176447015176
5_BKOCO2_P11_4_live_740nm_3076mW_u1_poc0p25_20x0p75NA_457s50_g70_z1_256pix_basicFLIM_120f_0002.sdt,20260601_KPC_live_on_SLIM,live,BKO,457,0.25,2026-06-02 11:26:12.000000,20260601_KPC_live_on_SLIM::fitet-sz-c2-b5::5_BKOCO2_P11_4_live_740nm_3076mW_u1_poc0p25_20x0p75NA_457s50_g70_z1_256pix_basicFLIM_120f_0002,E:\18_RK_Circadian\data\raw\20260601_KPC_live_on_SLIM\fitet-sz-c2-b5\5_BKOCO2_P11_4_live_740nm_3076mW_u1_poc0p25_20x0p75NA_457s50_g70_z1_256pix_basicFLIM_120f_0002_fit_mask.npy,2,65536,64600,98.6,657.8061687028382,676.8441358395235,86.46937382461327,0.12775374601917916,3.3761571966900847,3.145648913444757,0.8585024596284898,0.2729174435071826
5_BKOCO2_P11_4_live_740nm_3076mW_u1_poc0p25_20x0p75NA_457s50_g70_z1_256pix_basicFLIM_120f_0003.sdt,20260601_KPC_live_on_SLIM,live,BKO,457,0.25,2026-06-02 11:27:21.000000,20260601_KPC_live_on_SLIM::fitet-sz-c2-b5::5_BKOCO2_P11_4_live_740nm_3076mW_u1_poc0p25_20x0p75NA_457s50_g70_z1_256pix_basicFLIM_120f_0003,E:\18_RK_Circadian\data\raw\20260601_KPC_live_on_SLIM\fitet-sz-c2-b5\5_BKOCO2_P11_4_live_740nm_3076mW_u1_poc0p25_20x0p75NA_457s50_g70_z1_256pix_basicFLIM_120f_0003_fit_mask.npy,2,65536,64048,97.7,647.9794881130179,667.4771621735664,86.39520349568554,0.12943544497365123,3.3493400265476896,3.160311581819907,0.8467285627537227,0.26792565885738484
5_BKOCO2_P11_4_live_740nm_3076mW_u1_poc0p25_20x0p75NA_457s50_g70_z1_256pix_basicFLIM_120f_0004.sdt,20260601_KPC_live_on_SLIM,live,BKO,457,0.25,2026-06-02 11:28:30.000000,20260601_KPC_live_on_SLIM::fitet-sz-c2-b5::5_BKOCO2_P11_4_live_740nm_3076mW_u1_poc0p25_20x0p75NA_457s50_g70_z1_256pix_basicFLIM_120f_0004,E:\18_RK_Circadian\data\raw\20260601_KPC_live_on_SLIM\fitet-sz-c2-b5\5_BKOCO2_P11_4_live_740nm_3076mW_u1_poc0p25_20x0p75NA_457s50_g70_z1_256pix_basicFLIM_120f_0004_fit_mask.npy,2,65536,64760,98.8,718.6598103005701,725.0456705462417,76.67120022799388,0.10574671823118482,2.7798732510028916,2.7227394632226978,0.5722574786991784,0.21017709789310549
5_BKOCO2_P11_4_live_740nm_3076mW_u1_poc0p25_20x0p75NA_457s50_g70_z1_256pix_basicFLIM_120f_0005.sdt,20260601_KPC_live_on_SLIM,live,BKO,457,0.25,2026-06-02 11:29:39.000000,20260601_KPC_live_on_SLIM::fitet-sz-c2-b5::5_BKOCO2_P11_4_live_740nm_3076mW_u1_poc0p25_20x0p75NA_457s50_g70_z1_256pix_basicFLIM_120f_0005,E:\18_RK_Circadian\data\raw\20260601_KPC_live_on_SLIM\fitet-sz-c2-b5\5_BKOCO2_P11_4_live_740nm_3076mW_u1_poc0p25_20x0p75NA_457s50_g70_z1_256pix_basicFLIM_120f_0005_fit_mask.npy,2,65536,64782,98.8,668.6391060209967,681.3750196086319,85.63721979742412,0.1256829460032339,3.5317422387693513,3.3907027617498287,0.7634762855783268,0.22516756531743942
5_BKOCO2_P11_4_live_740nm_3076mW_u1_poc0p25_20x0p75NA_457s50_g70_z1_256pix_basicFLIM_120f_0006.sdt,20260601_KPC_live_on_SLIM,live,BKO,457,0.25,2026-06-02 11:30:48.000000,20260601_KPC_live_on_SLIM::fitet-sz-c2-b5::5_BKOCO2_P11_4_live_740nm_3076mW_u1_poc0p25_20x0p75NA_457s50_g70_z1_256pix_basicFLIM_120f_0006,E:\18_RK_Circadian\data\raw\20260601_KPC_live_on_SLIM\fitet-sz-c2-b5\5_BKOCO2_P11_4_live_740nm_3076mW_u1_poc0p25_20x0p75NA_457s50_g70_z1_256pix_basicFLIM_120f_0006_fit_mask.npy,2,65536,65137,99.4,672.6325373411688,676.2012890013673,62.336450132392244,0.09218623381279328,3.522277456647399,3.390903586421327,0.6511183049621849,0.19201911477800482
5_BKOCO2_P11_4_live_740nm_3076mW_u1_poc0p25_20x0p75NA_457s50_g70_z1_256pix_basicFLIM_120f_0007.sdt,20260601_KPC_live_on_SLIM,live,BKO,457,0.25,2026-06-02 11:31:56.000000,20260601_KPC_live_on_SLIM::fitet-sz-c2-b5::5_BKOCO2_P11_4_live_740nm_3076mW_u1_poc0p25_20x0p75NA_457s50_g70_z1_256pix_basicFLIM_120f_0007,E:\18_RK_Circadian\data\raw\20260601_KPC_live_on_SLIM\fitet-sz-c2-b5\5_BKOCO2_P11_4_live_740nm_3076mW_u1_poc0p25_20x0p75NA_457s50_g70_z1_256pix_basicFLIM_120f_0007_fit_mask.npy,2,65536,64742,98.8,666.167909857305,680.5523942282588,78.68451313654818,0.11561859719232317,3.507781276954746,3.305729868145592,0.7872544168692556,0.23814844172699443
5_BKOCO2_P11_4_live_740nm_3076mW_u1_poc0p25_20x0p75NA_457s50_g70_z1_256pix_basicFLIM_120f_0008.sdt,20260601_KPC_live_on_SLIM,live,BKO,457,0.25,2026-06-02 11:33:05.000000,20260601_KPC_live_on_SLIM::fitet-sz-c2-b5::5_BKOCO2_P11_4_live_740nm_3076mW_u1_poc0p25_20x0p75NA_457s50_g70_z1_256pix_basicFLIM_120f_0008,E:\18_RK_Circadian\data\raw\20260601_KPC_live_on_SLIM\fitet-sz-c2-b5\5_BKOCO2_P11_4_live_740nm_3076mW_u1_poc0p25_20x0p75NA_457s50_g70_z1_256pix_basicFLIM_120f_0008_fit_mask.npy,2,65536,55379,84.5,673.3505192613827,672.5280358154338,73.0367452663406,0.1086002982430082,3.6383433363699687,3.639129663019308,0.5299426559533076,0.145623460834211
5_BKOCO2_P11_4_live_740nm_3076mW_u1_poc0p25_20x0p75NA_457s50_g70_z1_256pix_basicFLIM_120f_0009.sdt,20260601_KPC_live_on_SLIM,live,BKO,457,0.25,2026-06-02 11:34:14.000000,20260601_KPC_live_on_SLIM::fitet-sz-c2-b5::5_BKOCO2_P11_4_live_740nm_3076mW_u1_poc0p25_20x0p75NA_457s50_g70_z1_256pix_basicFLIM_120f_0009,E:\18_RK_Circadian\data\raw\20260601_KPC_live_on_SLIM\fitet-sz-c2-b5\5_BKOCO2_P11_4_live_740nm_3076mW_u1_poc0p25_20x0p75NA_457s50_g70_z1_256pix_basicFLIM_120f_0009_fit_mask.npy,2,65536,64789,98.9,641.5475702127601,650.6870653179735,71.87243954849852,0.1104562290836016,3.7110971352294895,3.5845880822332683,0.7378127369649922,0.20582915527223436
5_BKOCO2_P11_4_live_740nm_3076mW_u1_poc0p25_20x0p75NA_457s50_g70_z1_256pix_basicFLIM_120f_0010.sdt,20260601_KPC_live_on_SLIM,live,BKO,457,0.25,2026-06-02 11:35:22.000000,20260601_KPC_live_on_SLIM::fitet-sz-c2-b5::5_BKOCO2_P11_4_live_740nm_3076mW_u1_poc0p25_20x0p75NA_457s50_g70_z1_256pix_basicFLIM_120f_0010,E:\18_RK_Circadian\data\raw\20260601_KPC_live_on_SLIM\fitet-sz-c2-b5\5_BKOCO2_P11_4_live_740nm_3076mW_u1_poc0p25_20x0p75NA_457s50_g70_z1_256pix_basicFLIM_120f_0010_fit_mask.npy,2,65536,65488,99.9,673.9190822165269,675.8872873753611,41.87259366341397,0.061952036153861835,3.507347609135454,3.5071763458798424,0.40043564827687883,0.11417608035230457
5_BKOCO2_P11_4_live_740nm_3076mW_u1_poc0p25_20x0p75NA_457s50_g70_z1_256pix_basicFLIM_120f_0011.sdt,20260601_KPC_live_on_SLIM,live,BKO,457,0.25,2026-06-02 11:36:31.000000,20260601_KPC_live_on_SLIM::fitet-sz-c2-b5::5_BKOCO2_P11_4_live_740nm_3076mW_u1_poc0p25_20x0p75NA_457s50_g70_z1_256pix_basicFLIM_120f_0011,E:\18_RK_Circadian\data\raw\20260601_KPC_live_on_SLIM\fitet-sz-c2-b5\5_BKOCO2_P11_4_live_740nm_3076mW_u1_poc0p25_20x0p75NA_457s50_g70_z1_256pix_basicFLIM_120f_0011_fit_mask.npy,2,65536,65521,100.0,691.3901790030785,691.5976520050974,38.508622996874564,0.055680673416442915,3.567250426039235,3.5629333630104845,0.3155224978044404,0.08855694610517248
5_BKOCO2_P11_4_live_740nm_3076mW_u1_poc0p25_20x0p75NA_457s50_g70_z1_256pix_basicFLIM_120f_0012.sdt,20260601_KPC_live_on_SLIM,live,BKO,457,0.25,2026-06-02 11:37:40.000000,20260601_KPC_live_on_SLIM::fitet-sz-c2-b5::5_BKOCO2_P11_4_live_740nm_3076mW_u1_poc0p25_20x0p75NA_457s50_g70_z1_256pix_basicFLIM_120f_0012,E:\18_RK_Circadian\data\raw\20260601_KPC_live_on_SLIM\fitet-sz-c2-b5\5_BKOCO2_P11_4_live_740nm_3076mW_u1_poc0p25_20x0p75NA_457s50_g70_z1_256pix_basicFLIM_120f_0012_fit_mask.npy,2,65536,65408,99.8,673.1151982303388,671.9827028446987,45.484576706824974,0.06768712425822197,3.6289511338673144,3.6409782494141707,0.4005141884488635,0.11000180748492683
5_BKOCO2_P11_4_live_740nm_3076mW_u1_poc0p25_20x0p75NA_457s50_g70_z1_256pix_basicFLIM_120f_0013.sdt,20260601_KPC_live_on_SLIM,live,BKO,457,0.25,2026-06-02 11:38:48.000000,20260601_KPC_live_on_SLIM::fitet-sz-c2-b5::5_BKOCO2_P11_4_live_740nm_3076mW_u1_poc0p25_20x0p75NA_457s50_g70_z1_256pix_basicFLIM_120f_0013,E:\18_RK_Circadian\data\raw\20260601_KPC_live_on_SLIM\fitet-sz-c2-b5\5_BKOCO2_P11_4_live_740nm_3076mW_u1_poc0p25_20x0p75NA_457s50_g70_z1_256pix_basicFLIM_120f_0013_fit_mask.npy,2,65536,65263,99.6,642.8987711744649,642.8363907362489,41.659626158958055,0.0648059549199521,3.751436111634736,3.7561361720439264,0.4144971949820404,0.1103520149421231
5_BKOCO2_P11_4_live_740nm_3076mW_u1_poc0p25_20x0p75NA_457s50_g70_z1_256pix_basicFLIM_120f_0014.sdt,20260601_KPC_live_on_SLIM,live,BKO,457,0.25,2026-06-02 11:39:58.000000,20260601_KPC_live_on_SLIM::fitet-sz-c2-b5::5_BKOCO2_P11_4_live_740nm_3076mW_u1_poc0p25_20x0p75NA_457s50_g70_z1_256pix_basicFLIM_120f_0014,E:\18_RK_Circadian\data\raw\20260601_KPC_live_on_SLIM\fitet-sz-c2-b5\5_BKOCO2_P11_4_live_740nm_3076mW_u1_poc0p25_20x0p75NA_457s50_g70_z1_256pix_basicFLIM_120f_0014_fit_mask.npy,2,65536,65241,99.5,669.4037709556659,669.1392395628342,46.070365861663255,0.06885019311042379,3.6156174637364837,3.642626726787187,0.3811351887914774,0.10463196406831406
5_BKOCO2_P11_4_live_740nm_3078mW_u1_poc0p25_20x0p75NA_535s50_g70_z1_256pix_basicFLIM_120f_0000.sdt,20260601_KPC_live_on_SLIM,live,BKO,535,0.25,2026-06-02 11:44:44.000000,20260601_KPC_live_on_SLIM::fitet-sz-c2-b5::5_BKOCO2_P11_4_live_740nm_3078mW_u1_poc0p25_20x0p75NA_535s50_g70_z1_256pix_basicFLIM_120f_0000,E:\18_RK_Circadian\data\raw\20260601_KPC_live_on_SLIM\fitet-sz-c2-b5\5_BKOCO2_P11_4_live_740nm_3078mW_u1_poc0p25_20x0p75NA_535s50_g70_z1_256pix_basicFLIM_120f_0000_fit_mask.npy,2,65536,50573,77.2,547.6810801309708,543.686238274759,62.549388609905414,0.11504684909514898,3.892069221586156,3.9306916418234437,0.4391285713672179,0.11171788870304429
5_BKOCO2_P11_4_live_740nm_3078mW_u1_poc0p25_20x0p75NA_535s50_g70_z1_256pix_basicFLIM_120f_0001.sdt,20260601_KPC_live_on_SLIM,live,BKO,535,0.25,2026-06-02 11:45:53.000000,20260601_KPC_live_on_SLIM::fitet-sz-c2-b5::5_BKOCO2_P11_4_live_740nm_3078mW_u1_poc0p25_20x0p75NA_535s50_g70_z1_256pix_basicFLIM_120f_0001,E:\18_RK_Circadian\data\raw\20260601_KPC_live_on_SLIM\fitet-sz-c2-b5\5_BKOCO2_P11_4_live_740nm_3078mW_u1_poc0p25_20x0p75NA_535s50_g70_z1_256pix_basicFLIM_120f_0001_fit_mask.npy,2,65536,58875,89.8,578.3111351348881,574.9626324266471,78.9818807132832,0.13736871973738152,3.6986084512803847,3.7413386389280907,0.4760620763174936,0.1272437815075428
5_BKOCO2_P11_4_live_740nm_3078mW_u1_poc0p25_20x0p75NA_535s50_g70_z1_256pix_basicFLIM_120f_0002.sdt,20260601_KPC_live_on_SLIM,live,BKO,535,0.25,2026-06-02 11:47:01.000000,20260601_KPC_live_on_SLIM::fitet-sz-c2-b5::5_BKOCO2_P11_4_live_740nm_3078mW_u1_poc0p25_20x0p75NA_535s50_g70_z1_256pix_basicFLIM_120f_0002,E:\18_RK_Circadian\data\raw\20260601_KPC_live_on_SLIM\fitet-sz-c2-b5\5_BKOCO2_P11_4_live_740nm_3078mW_u1_poc0p25_20x0p75NA_535s50_g70_z1_256pix_basicFLIM_120f_0002_fit_mask.npy,2,65536,52656,80.3,553.1957136666649,552.5283358898355,68.23380728529813,0.12349377009852171,3.8252937624259737,3.858198691131881,0.47525611493278574,0.12318082944384591
5_BKOCO2_P11_4_live_740nm_3078mW_u1_poc0p25_20x0p75NA_535s50_g70_z1_256pix_basicFLIM_120f_0003.sdt,20260601_KPC_live_on_SLIM,live,BKO,535,0.25,2026-06-02 11:48:11.000000,20260601_KPC_live_on_SLIM::fitet-sz-c2-b5::5_BKOCO2_P11_4_live_740nm_3078mW_u1_poc0p25_20x0p75NA_535s50_g70_z1_256pix_basicFLIM_120f_0003,E:\18_RK_Circadian\data\raw\20260601_KPC_live_on_SLIM\fitet-sz-c2-b5\5_BKOCO2_P11_4_live_740nm_3078mW_u1_poc0p25_20x0p75NA_535s50_g70_z1_256pix_basicFLIM_120f_0003_fit_mask.npy,2,65536,53415,81.5,539.5017597897665,538.3559776691023,71.31734395756666,0.13247246601838886,3.8836138376986606,3.910961864457113,0.4964719464377906,0.12694369406915879
5_BKOCO2_P11_4_live_740nm_3078mW_u1_poc0p25_20x0p75NA_535s50_g70_z1_256pix_basicFLIM_120f_0004.sdt,20260601_KPC_live_on_SLIM,live,BKO,535,0.25,2026-06-02 11:49:20.000000,20260601_KPC_live_on_SLIM::fitet-sz-c2-b5::5_BKOCO2_P11_4_live_740nm_3078mW_u1_poc0p25_20x0p75NA_535s50_g70_z1_256pix_basicFLIM_120f_0004,E:\18_RK_Circadian\data\raw\20260601_KPC_live_on_SLIM\fitet-sz-c2-b5\5_BKOCO2_P11_4_live_740nm_3078mW_u1_poc0p25_20x0p75NA_535s50_g70_z1_256pix_basicFLIM_120f_0004_fit_mask.npy,2,65536,53341,81.4,569.9856582724992,568.5544966444953,87.95354853388534,0.15469677762285075,3.570199900559277,3.641329992441697,0.530485742423708,0.14568461071224978
5_BKOCO2_P11_4_live_740nm_3078mW_u1_poc0p25_20x0p75NA_535s50_g70_z1_256pix_basicFLIM_120f_0005.sdt,20260601_KPC_live_on_SLIM,live,BKO,535,0.25,2026-06-02 11:50:29.000000,20260601_KPC_live_on_SLIM::fitet-sz-c2-b5::5_BKOCO2_P11_4_live_740nm_3078mW_u1_poc0p25_20x0p75NA_535s50_g70_z1_256pix_basicFLIM_120f_0005,E:\18_RK_Circadian\data\raw\20260601_KPC_live_on_SLIM\fitet-sz-c2-b5\5_BKOCO2_P11_4_live_740nm_3078mW_u1_poc0p25_20x0p75NA_535s50_g70_z1_256pix_basicFLIM_120f_0005_fit_mask.npy,2,65536,59288,90.5,581.0033599985884,585.5794977834529,80.19259294044485,0.13694569779849097,3.7250963457724584,3.7463980623680584,0.5406018191300606,0.14429908678426764
5_BKOCO2_P11_4_live_740nm_3078mW_u1_poc0p25_20x0p75NA_535s50_g70_z1_256pix_basicFLIM_120f_0006.sdt,20260601_KPC_live_on_SLIM,live,BKO,535,0.25,2026-06-02 11:51:38.000000,20260601_KPC_live_on_SLIM::fitet-sz-c2-b5::5_BKOCO2_P11_4_live_740nm_3078mW_u1_poc0p25_20x0p75NA_535s50_g70_z1_256pix_basicFLIM_120f_0006,E:\18_RK_Circadian\data\raw\20260601_KPC_live_on_SLIM\fitet-sz-c2-b5\5_BKOCO2_P11_4_live_740nm_3078mW_u1_poc0p25_20x0p75NA_535s50_g70_z1_256pix_basicFLIM_120f_0006_fit_mask.npy,2,65536,59645,91.0,565.9217754872146,563.2063633711093,63.85936367583239,0.11338537315806928,3.8459925846589247,3.871746416886431,0.43061088321150615,0.11121877231768537
5_BKOCO2_P11_4_live_740nm_3078mW_u1_poc0p25_20x0p75NA_535s50_g70_z1_256pix_basicFLIM_120f_0007.sdt,20260601_KPC_live_on_SLIM,live,BKO,535,0.25,2026-06-02 11:52:46.000000,20260601_KPC_live_on_SLIM::fitet-sz-c2-b5::5_BKOCO2_P11_4_live_740nm_3078mW_u1_poc0p25_20x0p75NA_535s50_g70_z1_256pix_basicFLIM_120f_0007,E:\18_RK_Circadian\data\raw\20260601_KPC_live_on_SLIM\fitet-sz-c2-b5\5_BKOCO2_P11_4_live_740nm_3078mW_u1_poc0p25_20x0p75NA_535s50_g70_z1_256pix_basicFLIM_120f_0007_fit_mask.npy,2,65536,58662,89.5,572.2436851591876,570.4109043377559,72.20034142354736,0.12657601892686743,3.7905878607795795,3.816136339990849,0.4519516341149704,0.11843173142919054
5_BKOCO2_P11_4_live_740nm_3078mW_u1_poc0p25_20x0p75NA_535s50_g70_z1_256pix_basicFLIM_120f_0008.sdt,20260601_KPC_live_on_SLIM,live,BKO,535,0.25,2026-06-02 11:53:54.000000,20260601_KPC_live_on_SLIM::fitet-sz-c2-b5::5_BKOCO2_P11_4_live_740nm_3078mW_u1_poc0p25_20x0p75NA_535s50_g70_z1_256pix_basicFLIM_120f_0008,E:\18_RK_Circadian\data\raw\20260601_KPC_live_on_SLIM\fitet-sz-c2-b5\5_BKOCO2_P11_4_live_740nm_3078mW_u1_poc0p25_20x0p75NA_535s50_g70_z1_256pix_basicFLIM_120f_0008_fit_mask.npy,2,65536,58420,89.1,568.8602776044995,575.6958752423054,91.10495334462938,0.15825187787959066,3.6429201835144736,3.65475899892389,0.5645326823587705,0.15446509127551009
5_BKOCO2_P11_4_live_740nm_3078mW_u1_poc0p25_20x0p75NA_535s50_g70_z1_256pix_basicFLIM_120f_0009.sdt,20260601_KPC_live_on_SLIM,live,BKO,535,0.25,2026-06-02 11:55:03.000000,20260601_KPC_live_on_SLIM::fitet-sz-c2-b5::5_BKOCO2_P11_4_live_740nm_3078mW_u1_poc0p25_20x0p75NA_535s50_g70_z1_256pix_basicFLIM_120f_0009,E:\18_RK_Circadian\data\raw\20260601_KPC_live_on_SLIM\fitet-sz-c2-b5\5_BKOCO2_P11_4_live_740nm_3078mW_u1_poc0p25_20x0p75NA_535s50_g70_z1_256pix_basicFLIM_120f_0009_fit_mask.npy,2,65536,61272,93.5,551.7998051481295,552.7029857780818,72.42770280488746,0.13104272035535597,3.874186712591295,3.898149750298004,0.4862552491898299,0.12474001265668587
5_BKOCO2_P11_4_live_740nm_3078mW_u1_poc0p25_20x0p75NA_535s50_g70_z1_256pix_basicFLIM_120f_0010.sdt,20260601_KPC_live_on_SLIM,live,BKO,535,0.25,2026-06-02 11:56:12.000000,20260601_KPC_live_on_SLIM::fitet-sz-c2-b5::5_BKOCO2_P11_4_live_740nm_3078mW_u1_poc0p25_20x0p75NA_535s50_g70_z1_256pix_basicFLIM_120f_0010,E:\18_RK_Circadian\data\raw\20260601_KPC_live_on_SLIM\fitet-sz-c2-b5\5_BKOCO2_P11_4_live_740nm_3078mW_u1_poc0p25_20x0p75NA_535s50_g70_z1_256pix_basicFLIM_120f_0010_fit_mask.npy,2,65536,65505,100.0,580.2753471141244,582.2125390266177,65.2138868910368,0.11201044725018423,3.7117007402861417,3.7187368606186832,0.42318655634081503,0.11379846765237642
5_BKOCO2_P11_4_live_740nm_3078mW_u1_poc0p25_20x0p75NA_535s50_g70_z1_256pix_basicFLIM_120f_0011.sdt,20260601_KPC_live_on_SLIM,live,BKO,535,0.25,2026-06-02 11:57:20.000000,20260601_KPC_live_on_SLIM::fitet-sz-c2-b5::5_BKOCO2_P11_4_live_740nm_3078mW_u1_poc0p25_20x0p75NA_535s50_g70_z1_256pix_basicFLIM_120f_0011,E:\18_RK_Circadian\data\raw\20260601_KPC_live_on_SLIM\fitet-sz-c2-b5\5_BKOCO2_P11_4_live_740nm_3078mW_u1_poc0p25_20x0p75NA_535s50_g70_z1_256pix_basicFLIM_120f_0011_fit_mask.npy,2,65536,65516,100.0,654.8552632174697,650.6804480298439,64.29094500096957,0.09880571207515494,3.3085511345039977,3.339721149831222,0.33365482910818595,0.09990499629738481
5_BKOCO2_P11_4_live_740nm_3078mW_u1_poc0p25_20x0p75NA_535s50_g70_z1_256pix_basicFLIM_120f_0012.sdt,20260601_KPC_live_on_SLIM,live,BKO,535,0.25,2026-06-02 11:58:29.000000,20260601_KPC_live_on_SLIM::fitet-sz-c2-b5::5_BKOCO2_P11_4_live_740nm_3078mW_u1_poc0p25_20x0p75NA_535s50_g70_z1_256pix_basicFLIM_120f_0012,E:\18_RK_Circadian\data\raw\20260601_KPC_live_on_SLIM\fitet-sz-c2-b5\5_BKOCO2_P11_4_live_740nm_3078mW_u1_poc0p25_20x0p75NA_535s50_g70_z1_256pix_basicFLIM_120f_0012_fit_mask.npy,2,65536,65355,99.7,590.9792959921559,590.3136320805017,59.25047101118288,0.10037117185039499,3.6318705589322797,3.666061836676444,0.3843626582682214,0.10484347383967603
5_BKOCO2_P11_4_live_740nm_3078mW_u1_poc0p25_20x0p75NA_535s50_g70_z1_256pix_basicFLIM_120f_0013.sdt,20260601_KPC_live_on_SLIM,live,BKO,535,0.25,2026-06-02 11:59:38.000000,20260601_KPC_live_on_SLIM::fitet-sz-c2-b5::5_BKOCO2_P11_4_live_740nm_3078mW_u1_poc0p25_20x0p75NA_535s50_g70_z1_256pix_basicFLIM_120f_0013,E:\18_RK_Circadian\data\raw\20260601_KPC_live_on_SLIM\fitet-sz-c2-b5\5_BKOCO2_P11_4_live_740nm_3078mW_u1_poc0p25_20x0p75NA_535s50_g70_z1_256pix_basicFLIM_120f_0013_fit_mask.npy,2,65536,65187,99.5,575.224113170955,576.0312117549463,60.893934378642456,0.10571290780081513,3.745482607361409,3.772889747381147,0.4172679916254569,0.11059639151000705
5_BKOCO2_P11_4_live_740nm_3078mW_u1_poc0p25_20x0p75NA_535s50_g70_z1_256pix_basicFLIM_120f_0014.sdt,20260601_KPC_live_on_SLIM,live,BKO,535,0.25,2026-06-02 12:00:48.000000,20260601_KPC_live_on_SLIM::fitet-sz-c2-b5::5_BKOCO2_P11_4_live_740nm_3078mW_u1_poc0p25_20x0p75NA_535s50_g70_z1_256pix_basicFLIM_120f_0014,E:\18_RK_Circadian\data\raw\20260601_KPC_live_on_SLIM\fitet-sz-c2-b5\5_BKOCO2_P11_4_live_740nm_3078mW_u1_poc0p25_20x0p75NA_535s50_g70_z1_256pix_basicFLIM_120f_0014_fit_mask.npy,2,65536,65162,99.4,645.9558308846458,648.0722905457401,78.19354143058582,0.12065558514273035,3.3281724574743485,3.3636245814062,0.4567210812133365,0.13578241868550006
6_KPCWT_75uL_live_740nm_3078mW_u1_poc0p25_20x0p75NA_457s50_g70_z1_256pix_basicFLIM_120f_0000.sdt,20260601_KPC_live_on_SLIM,live,KPCWT,457,0.25,2026-06-02 12:25:13.000000,20260601_KPC_live_on_SLIM::fitet-sz-c2-b5::6_KPCWT_75uL_live_740nm_3078mW_u1_poc0p25_20x0p75NA_457s50_g70_z1_256pix_basicFLIM_120f_0000,E:\18_RK_Circadian\data\raw\20260601_KPC_live_on_SLIM\fitet-sz-c2-b5\6_KPCWT_75uL_live_740nm_3078mW_u1_poc0p25_20x0p75NA_457s50_g70_z1_256pix_basicFLIM_120f_0000_fit_mask.npy,2,65536,65097,99.3,744.2496614217557,744.4825284438526,60.218960796602836,0.08088700338270521,2.8952727558648266,2.8780167919598845,0.36924516575887634,0.12829847511328318
6_KPCWT_75uL_live_740nm_3078mW_u1_poc0p25_20x0p75NA_457s50_g70_z1_256pix_basicFLIM_120f_0001.sdt,20260601_KPC_live_on_SLIM,live,KPCWT,457,0.25,2026-06-02 12:26:22.000000,20260601_KPC_live_on_SLIM::fitet-sz-c2-b5::6_KPCWT_75uL_live_740nm_3078mW_u1_poc0p25_20x0p75NA_457s50_g70_z1_256pix_basicFLIM_120f_0001,E:\18_RK_Circadian\data\raw\20260601_KPC_live_on_SLIM\fitet-sz-c2-b5\6_KPCWT_75uL_live_740nm_3078mW_u1_poc0p25_20x0p75NA_457s50_g70_z1_256pix_basicFLIM_120f_0001_fit_mask.npy,2,65536,64850,99.0,767.5147909316647,767.7881838362204,78.02882803264544,0.10162806575477339,2.7221436075488654,2.6230713085796373,0.5205981152008241,0.19846891447366788
6_KPCWT_75uL_live_740nm_3078mW_u1_poc0p25_20x0p75NA_457s50_g70_z1_256pix_basicFLIM_120f_0002.sdt,20260601_KPC_live_on_SLIM,live,KPCWT,457,0.25,2026-06-02 12:27:31.000000,20260601_KPC_live_on_SLIM::fitet-sz-c2-b5::6_KPCWT_75uL_live_740nm_3078mW_u1_poc0p25_20x0p75NA_457s50_g70_z1_256pix_basicFLIM_120f_0002,E:\18_RK_Circadian\data\raw\20260601_KPC_live_on_SLIM\fitet-sz-c2-b5\6_KPCWT_75uL_live_740nm_3078mW_u1_poc0p25_20x0p75NA_457s50_g70_z1_256pix_basicFLIM_120f_0002_fit_mask.npy,2,65536,64344,98.2,753.4637023666869,751.2175759682871,82.97364193161386,0.11045221063240487,2.7892055484201785,2.670711071324863,0.5659255225790215,0.21190069141334786
6_KPCWT_75uL_live_740nm_3078mW_u1_poc0p25_20x0p75NA_457s50_g70_z1_256pix_basicFLIM_120f_0003.sdt,20260601_KPC_live_on_SLIM,live,KPCWT,457,0.25,2026-06-02 12:28:39.000000,20260601_KPC_live_on_SLIM::fitet-sz-c2-b5::6_KPCWT_75uL_live_740nm_3078mW_u1_poc0p25_20x0p75NA_457s50_g70_z1_256pix_basicFLIM_120f_0003,E:\18_RK_Circadian\data\raw\20260601_KPC_live_on_SLIM\fitet-sz-c2-b5\6_KPCWT_75uL_live_740nm_3078mW_u1_poc0p25_20x0p75NA_457s50_g70_z1_256pix_basicFLIM_120f_0003_fit_mask.npy,2,65536,64809,98.9,762.3738268361273,758.8794584175392,82.49906649784131,0.10871168745280481,2.6748465434541977,2.6308856076089397,0.49000647709537465,0.18625153282157078
6_KPCWT_75uL_live_740nm_3078mW_u1_poc0p25_20x0p75NA_457s50_g70_z1_256pix_basicFLIM_120f_0004.sdt,20260601_KPC_live_on_SLIM,live,KPCWT,457,0.25,2026-06-02 12:29:48.000000,20260601_KPC_live_on_SLIM::fitet-sz-c2-b5::6_KPCWT_75uL_live_740nm_3078mW_u1_poc0p25_20x0p75NA_457s50_g70_z1_256pix_basicFLIM_120f_0004,E:\18_RK_Circadian\data\raw\20260601_KPC_live_on_SLIM\fitet-sz-c2-b5\6_KPCWT_75uL_live_740nm_3078mW_u1_poc0p25_20x0p75NA_457s50_g70_z1_256pix_basicFLIM_120f_0004_fit_mask.npy,2,65536,63846,97.4,759.6665376083288,756.0769285075273,89.93043234762035,0.11894349497628537,2.7055058903878217,2.628223542787979,0.5880726246400497,0.22375289432809484
6_KPCWT_75uL_live_740nm_3078mW_u1_poc0p25_20x0p75NA_457s50_g70_z1_256pix_basicFLIM_120f_0005.sdt,20260601_KPC_live_on_SLIM,live,KPCWT,457,0.25,2026-06-02 12:30:57.000000,20260601_KPC_live_on_SLIM::fitet-sz-c2-b5::6_KPCWT_75uL_live_740nm_3078mW_u1_poc0p25_20x0p75NA_457s50_g70_z1_256pix_basicFLIM_120f_0005,E:\18_RK_Circadian\data\raw\20260601_KPC_live_on_SLIM\fitet-sz-c2-b5\6_KPCWT_75uL_live_740nm_3078mW_u1_poc0p25_20x0p75NA_457s50_g70_z1_256pix_basicFLIM_120f_0005_fit_mask.npy,2,65536,64973,99.1,755.7100645473034,753.1521738421812,71.4405810796699,0.09485544032252885,2.8133302571824075,2.7854909081594794,0.44793702588765666,0.16081080163483005
6_KPCWT_75uL_live_740nm_3078mW_u1_poc0p25_20x0p75NA_457s50_g70_z1_256pix_basicFLIM_120f_0006.sdt,20260601_KPC_live_on_SLIM,live,KPCWT,457,0.25,2026-06-02 12:32:05.000000,20260601_KPC_live_on_SLIM::fitet-sz-c2-b5::6_KPCWT_75uL_live_740nm_3078mW_u1_poc0p25_20x0p75NA_457s50_g70_z1_256pix_basicFLIM_120f_0006,E:\18_RK_Circadian\data\raw\20260601_KPC_live_on_SLIM\fitet-sz-c2-b5\6_KPCWT_75uL_live_740nm_3078mW_u1_poc0p25_20x0p75NA_457s50_g70_z1_256pix_basicFLIM_120f_0006_fit_mask.npy,2,65536,64656,98.7,766.0843334506634,764.0041048370745,78.81037921387066,0.10315439238468116,2.785849379573614,2.723822921869082,0.5224496508423176,0.19180749477055348
6_KPCWT_75uL_live_740nm_3078mW_u1_poc0p25_20x0p75NA_457s50_g70_z1_256pix_basicFLIM_120f_0007.sdt,20260601_KPC_live_on_SLIM,live,KPCWT,457,0.25,2026-06-02 12:33:14.000000,20260601_KPC_live_on_SLIM::fitet-sz-c2-b5::6_KPCWT_75uL_live_740nm_3078mW_u1_poc0p25_20x0p75NA_457s50_g70_z1_256pix_basicFLIM_120f_0007,E:\18_RK_Circadian\data\raw\20260601_KPC_live_on_SLIM\fitet-sz-c2-b5\6_KPCWT_75uL_live_740nm_3078mW_u1_poc0p25_20x0p75NA_457s50_g70_z1_256pix_basicFLIM_120f_0007_fit_mask.npy,2,65536,65172,99.4,761.4528747182919,762.9674360842923,76.45122071695778,0.10020246880957509,2.819322756794832,2.7137357048106874,0.52833177618522,0.19468799973727613
6_KPCWT_75uL_live_740nm_3078mW_u1_poc0p25_20x0p75NA_457s50_g70_z1_256pix_basicFLIM_120f_0008.sdt,20260601_KPC_live_on_SLIM,live,KPCWT,457,0.25,2026-06-02 12:34:22.000000,20260601_KPC_live_on_SLIM::fitet-sz-c2-b5::6_KPCWT_75uL_live_740nm_3078mW_u1_poc0p25_20x0p75NA_457s50_g70_z1_256pix_basicFLIM_120f_0008,E:\18_RK_Circadian\data\raw\20260601_KPC_live_on_SLIM\fitet-sz-c2-b5\6_KPCWT_75uL_live_740nm_3078mW_u1_poc0p25_20x0p75NA_457s50_g70_z1_256pix_basicFLIM_120f_0008_fit_mask.npy,2,65536,64385,98.2,737.8925777768247,735.5396265229697,77.66873813754657,0.1055942267919689,2.856704687050705,2.7879738599628414,0.4926948239791602,0.17672146466456717
6_KPCWT_75uL_live_740nm_3078mW_u1_poc0p25_20x0p75NA_457s50_g70_z1_256pix_basicFLIM_120f_0009.sdt,20260601_KPC_live_on_SLIM,live,KPCWT,457,0.25,2026-06-02 12:35:31.000000,20260601_KPC_live_on_SLIM::fitet-sz-c2-b5::6_KPCWT_75uL_live_740nm_3078mW_u1_poc0p25_20x0p75NA_457s50_g70_z1_256pix_basicFLIM_120f_0009,E:\18_RK_Circadian\data\raw\20260601_KPC_live_on_SLIM\fitet-sz-c2-b5\6_KPCWT_75uL_live_740nm_3078mW_u1_poc0p25_20x0p75NA_457s50_g70_z1_256pix_basicFLIM_120f_0009_fit_mask.npy,2,65536,64984,99.2,756.5267717874942,756.990549173141,77.72808020183324,0.1026803839053677,2.8235437960227703,2.726841422277921,0.5300798021756323,0.19439333649729426
6_KPCWT_75uL_live_740nm_3078mW_u1_poc0p25_20x0p75NA_457s50_g70_z1_256pix_basicFLIM_120f_0010.sdt,20260601_KPC_live_on_SLIM,live,KPCWT,457,0.25,2026-06-02 12:36:39.000000,20260601_KPC_live_on_SLIM::fitet-sz-c2-b5::6_KPCWT_75uL_live_740nm_3078mW_u1_poc0p25_20x0p75NA_457s50_g70_z1_256pix_basicFLIM_120f_0010,E:\18_RK_Circadian\data\raw\20260601_KPC_live_on_SLIM\fitet-sz-c2-b5\6_KPCWT_75uL_live_740nm_3078mW_u1_poc0p25_20x0p75NA_457s50_g70_z1_256pix_basicFLIM_120f_0010_fit_mask.npy,2,65536,65453,99.9,745.0964421234842,741.9895318725462,68.9154949863151,0.09287933592862725,2.9230855872767956,2.951017455908814,0.3680203916555976,0.12470966273639329
6_KPCWT_75uL_live_740nm_3078mW_u1_poc0p25_20x0p75NA_457s50_g70_z1_256pix_basicFLIM_120f_0011.sdt,20260601_KPC_live_on_SLIM,live,KPCWT,457,0.25,2026-06-02 12:37:48.000000,20260601_KPC_live_on_SLIM::fitet-sz-c2-b5::6_KPCWT_75uL_live_740nm_3078mW_u1_poc0p25_20x0p75NA_457s50_g70_z1_256pix_basicFLIM_120f_0011,E:\18_RK_Circadian\data\raw\20260601_KPC_live_on_SLIM\fitet-sz-c2-b5\6_KPCWT_75uL_live_740nm_3078mW_u1_poc0p25_20x0p75NA_457s50_g70_z1_256pix_basicFLIM_120f_0011_fit_mask.npy,2,65536,65338,99.7,825.4347495671069,827.5339729586299,88.52367118627406,0.10697285438298197,2.5718382667886903,2.5990768612962594,0.335321210839997,0.12901550386345997
6_KPCWT_75uL_live_740nm_3078mW_u1_poc0p25_20x0p75NA_457s50_g70_z1_256pix_basicFLIM_120f_0012.sdt,20260601_KPC_live_on_SLIM,live,KPCWT,457,0.25,2026-06-02 12:38:57.000000,20260601_KPC_live_on_SLIM::fitet-sz-c2-b5::6_KPCWT_75uL_live_740nm_3078mW_u1_poc0p25_20x0p75NA_457s50_g70_z1_256pix_basicFLIM_120f_0012,E:\18_RK_Circadian\data\raw\20260601_KPC_live_on_SLIM\fitet-sz-c2-b5\6_KPCWT_75uL_live_740nm_3078mW_u1_poc0p25_20x0p75NA_457s50_g70_z1_256pix_basicFLIM_120f_0012_fit_mask.npy,2,65536,65262,99.6,771.4929032268064,768.5481923695213,60.34567497156821,0.07851905133693132,3.0053856558423204,3.0297008549096636,0.3306643329720952,0.10914091813264336
6_KPCWT_75uL_live_740nm_3078mW_u1_poc0p25_20x0p75NA_457s50_g70_z1_256pix_basicFLIM_120f_0013.sdt,20260601_KPC_live_on_SLIM,live,KPCWT,457,0.25,2026-06-02 12:40:05.000000,20260601_KPC_live_on_SLIM::fitet-sz-c2-b5::6_KPCWT_75uL_live_740nm_3078mW_u1_poc0p25_20x0p75NA_457s50_g70_z1_256pix_basicFLIM_120f_0013,E:\18_RK_Circadian\data\raw\20260601_KPC_live_on_SLIM\fitet-sz-c2-b5\6_KPCWT_75uL_live_740nm_3078mW_u1_poc0p25_20x0p75NA_457s50_g70_z1_256pix_basicFLIM_120f_0013_fit_mask.npy,2,65536,65459,99.9,793.6885375789582,791.3853837590366,66.31976146941635,0.08380210556126418,2.70007777648647,2.716332828105389,0.29579901170579825,0.10889645357344323
6_KPCWT_75uL_live_740nm_3078mW_u1_poc0p25_20x0p75NA_457s50_g70_z1_256pix_basicFLIM_120f_0014.sdt,20260601_KPC_live_on_SLIM,live,KPCWT,457,0.25,2026-06-02 12:41:13.000000,20260601_KPC_live_on_SLIM::fitet-sz-c2-b5::6_KPCWT_75uL_live_740nm_3078mW_u1_poc0p25_20x0p75NA_457s50_g70_z1_256pix_basicFLIM_120f_0014,E:\18_RK_Circadian\data\raw\20260601_KPC_live_on_SLIM\fitet-sz-c2-b5\6_KPCWT_75uL_live_740nm_3078mW_u1_poc0p25_20x0p75NA_457s50_g70_z1_256pix_basicFLIM_120f_0014_fit_mask.npy,2,65536,65189,99.5,762.8864758525144,761.7289495272031,63.555446129914074,0.08343577616337446,2.851093395743436,2.867924897868964,0.32171707714327064,0.1121776506010758
7_BKOCO2_P11_5_live_740nm_3075mW_u1_poc0p25_20x0p75NA_457s50_g70_z1_256pix_basicFLIM_120f_0000.sdt,20260601_KPC_live_on_SLIM,live,BKO,457,0.25,2026-06-02 13:03:58.000000,20260601_KPC_live_on_SLIM::fitet-sz-c2-b5::7_BKOCO2_P11_5_live_740nm_3075mW_u1_poc0p25_20x0p75NA_457s50_g70_z1_256pix_basicFLIM_120f_0000,E:\18_RK_Circadian\data\raw\20260601_KPC_live_on_SLIM\fitet-sz-c2-b5\7_BKOCO2_P11_5_live_740nm_3075mW_u1_poc0p25_20x0p75NA_457s50_g70_z1_256pix_basicFLIM_120f_0000_fit_mask.npy,2,65536,64411,98.3,700.9958915720622,707.7353204469252,79.46814363484727,0.11228511752764327,2.824143889920845,2.739414609110038,0.7076046982716039,0.2583050758065007
7_BKOCO2_P11_5_live_740nm_3075mW_u1_poc0p25_20x0p75NA_457s50_g70_z1_256pix_basicFLIM_120f_0001.sdt,20260601_KPC_live_on_SLIM,live,BKO,457,0.25,2026-06-02 13:05:07.000000,20260601_KPC_live_on_SLIM::fitet-sz-c2-b5::7_BKOCO2_P11_5_live_740nm_3075mW_u1_poc0p25_20x0p75NA_457s50_g70_z1_256pix_basicFLIM_120f_0001,E:\18_RK_Circadian\data\raw\20260601_KPC_live_on_SLIM\fitet-sz-c2-b5\7_BKOCO2_P11_5_live_740nm_3075mW_u1_poc0p25_20x0p75NA_457s50_g70_z1_256pix_basicFLIM_120f_0001_fit_mask.npy,2,65536,64708,98.7,695.0153510611328,700.5022879124298,77.8706633817592,0.1111640386126674,2.960903248744356,2.8609303512713473,0.6941894742152225,0.2426446606457011
7_BKOCO2_P11_5_live_740nm_3075mW_u1_poc0p25_20x0p75NA_457s50_g70_z1_256pix_basicFLIM_120f_0002.sdt,20260601_KPC_live_on_SLIM,live,BKO,457,0.25,2026-06-02 13:06:15.000000,20260601_KPC_live_on_SLIM::fitet-sz-c2-b5::7_BKOCO2_P11_5_live_740nm_3075mW_u1_poc0p25_20x0p75NA_457s50_g70_z1_256pix_basicFLIM_120f_0002,E:\18_RK_Circadian\data\raw\20260601_KPC_live_on_SLIM\fitet-sz-c2-b5\7_BKOCO2_P11_5_live_740nm_3075mW_u1_poc0p25_20x0p75NA_457s50_g70_z1_256pix_basicFLIM_120f_0002_fit_mask.npy,2,65536,64564,98.5,695.6300982036014,700.9252217861409,73.13248790414846,0.10433707566948118,2.970231271290462,2.8888903259469036,0.5866150889679795,0.20305896824785213
7_BKOCO2_P11_5_live_740nm_3075mW_u1_poc0p25_20x0p75NA_457s50_g70_z1_256pix_basicFLIM_120f_0003.sdt,20260601_KPC_live_on_SLIM,live,BKO,457,0.25,2026-06-02 13:07:24.000000,20260601_KPC_live_on_SLIM::fitet-sz-c2-b5::7_BKOCO2_P11_5_live_740nm_3075mW_u1_poc0p25_20x0p75NA_457s50_g70_z1_256pix_basicFLIM_120f_0003,E:\18_RK_Circadian\data\raw\20260601_KPC_live_on_SLIM\fitet-sz-c2-b5\7_BKOCO2_P11_5_live_740nm_3075mW_u1_poc0p25_20x0p75NA_457s50_g70_z1_256pix_basicFLIM_120f_0003_fit_mask.npy,2,65536,64168,97.9,688.2965017641914,698.4943001301881,82.03214373988399,0.11744139318616419,2.9775682986564274,2.8510689442706756,0.7103710886295606,0.24915956173458256
7_BKOCO2_P11_5_live_740nm_3075mW_u1_poc0p25_20x0p75NA_457s50_g70_z1_256pix_basicFLIM_120f_0004.sdt,20260601_KPC_live_on_SLIM,live,BKO,457,0.25,2026-06-02 13:08:32.000000,20260601_KPC_live_on_SLIM::fitet-sz-c2-b5::7_BKOCO2_P11_5_live_740nm_3075mW_u1_poc0p25_20x0p75NA_457s50_g70_z1_256pix_basicFLIM_120f_0004,E:\18_RK_Circadian\data\raw\20260601_KPC_live_on_SLIM\fitet-sz-c2-b5\7_BKOCO2_P11_5_live_740nm_3075mW_u1_poc0p25_20x0p75NA_457s50_g70_z1_256pix_basicFLIM_120f_0004_fit_mask.npy,2,65536,64154,97.9,705.9798604683403,716.1645842423732,81.57191807869602,0.11390107787163271,3.0253504153620168,2.854820835109216,0.7228409669647835,0.2532001161246709
7_BKOCO2_P11_5_live_740nm_3075mW_u1_poc0p25_20x0p75NA_457s50_g70_z1_256pix_basicFLIM_120f_0005.sdt,20260601_KPC_live_on_SLIM,live,BKO,457,0.25,2026-06-02 13:09:41.000000,20260601_KPC_live_on_SLIM::fitet-sz-c2-b5::7_BKOCO2_P11_5_live_740nm_3075mW_u1_poc0p25_20x0p75NA_457s50_g70_z1_256pix_basicFLIM_120f_0005,E:\18_RK_Circadian\data\raw\20260601_KPC_live_on_SLIM\fitet-sz-c2-b5\7_BKOCO2_P11_5_live_740nm_3075mW_u1_poc0p25_20x0p75NA_457s50_g70_z1_256pix_basicFLIM_120f_0005_fit_mask.npy,2,65536,65159,99.4,689.410629113732,699.3847555733571,75.2667547733692,0.10761852352881977,3.1076106781628257,3.0103978971531427,0.6314190513967809,0.20974604453248455
7_BKOCO2_P11_5_live_740nm_3075mW_u1_poc0p25_20x0p75NA_457s50_g70_z1_256pix_basicFLIM_120f_0006.sdt,20260601_KPC_live_on_SLIM,live,BKO,457,0.25,2026-06-02 13:10:49.000000,20260601_KPC_live_on_SLIM::fitet-sz-c2-b5::7_BKOCO2_P11_5_live_740nm_3075mW_u1_poc0p25_20x0p75NA_457s50_g70_z1_256pix_basicFLIM_120f_0006,E:\18_RK_Circadian\data\raw\20260601_KPC_live_on_SLIM\fitet-sz-c2-b5\7_BKOCO2_P11_5_live_740nm_3075mW_u1_poc0p25_20x0p75NA_457s50_g70_z1_256pix_basicFLIM_120f_0006_fit_mask.npy,2,65536,64614,98.6,701.5531809291708,710.238942700444,80.23519505119283,0.112969298397136,2.862104291571163,2.77136611291205,0.5832572369149656,0.21045838519765267
7_BKOCO2_P11_5_live_740nm_3075mW_u1_poc0p25_20x0p75NA_457s50_g70_z1_256pix_basicFLIM_120f_0007.sdt,20260601_KPC_live_on_SLIM,live,BKO,457,0.25,2026-06-02 13:11:57.000000,20260601_KPC_live_on_SLIM::fitet-sz-c2-b5::7_BKOCO2_P11_5_live_740nm_3075mW_u1_poc0p25_20x0p75NA_457s50_g70_z1_256pix_basicFLIM_120f_0007,E:\18_RK_Circadian\data\raw\20260601_KPC_live_on_SLIM\fitet-sz-c2-b5\7_BKOCO2_P11_5_live_740nm_3075mW_u1_poc0p25_20x0p75NA_457s50_g70_z1_256pix_basicFLIM_120f_0007_fit_mask.npy,2,65536,65157,99.4,676.5842134380584,687.3328066040348,70.30948675009657,0.10229322109253128,3.3764940547858844,3.2600680208545674,0.6477093081746377,0.1986796913534499
7_BKOCO2_P11_5_live_740nm_3075mW_u1_poc0p25_20x0p75NA_457s50_g70_z1_256pix_basicFLIM_120f_0008.sdt,20260601_KPC_live_on_SLIM,live,BKO,457,0.25,2026-06-02 13:13:05.000000,20260601_KPC_live_on_SLIM::fitet-sz-c2-b5::7_BKOCO2_P11_5_live_740nm_3075mW_u1_poc0p25_20x0p75NA_457s50_g70_z1_256pix_basicFLIM_120f_0008,E:\18_RK_Circadian\data\raw\20260601_KPC_live_on_SLIM\fitet-sz-c2-b5\7_BKOCO2_P11_5_live_740nm_3075mW_u1_poc0p25_20x0p75NA_457s50_g70_z1_256pix_basicFLIM_120f_0008_fit_mask.npy,2,65536,64282,98.1,699.2110568003436,702.2815319144509,71.08374864061949,0.10121830834258451,3.249224752844266,3.079907698777902,0.6747591780719479,0.21908422071859174
7_BKOCO2_P11_5_live_740nm_3075mW_u1_poc0p25_20x0p75NA_457s50_g70_z1_256pix_basicFLIM_120f_0009.sdt,20260601_KPC_live_on_SLIM,live,BKO,457,0.25,2026-06-02 13:14:14.000000,20260601_KPC_live_on_SLIM::fitet-sz-c2-b5::7_BKOCO2_P11_5_live_740nm_3075mW_u1_poc0p25_20x0p75NA_457s50_g70_z1_256pix_basicFLIM_120f_0009,E:\18_RK_Circadian\data\raw\20260601_KPC_live_on_SLIM\fitet-sz-c2-b5\7_BKOCO2_P11_5_live_740nm_3075mW_u1_poc0p25_20x0p75NA_457s50_g70_z1_256pix_basicFLIM_120f_0009_fit_mask.npy,2,65536,64103,97.8,686.5255954262944,698.7599751022316,82.40505411457566,0.11793041537978681,3.0615770832833653,2.928194750266941,0.7559176750685414,0.25815143442888494
7_BKOCO2_P11_5_live_740nm_3075mW_u1_poc0p25_20x0p75NA_457s50_g70_z1_256pix_basicFLIM_120f_0010.sdt,20260601_KPC_live_on_SLIM,live,BKO,457,0.25,2026-06-02 13:15:22.000000,20260601_KPC_live_on_SLIM::fitet-sz-c2-b5::7_BKOCO2_P11_5_live_740nm_3075mW_u1_poc0p25_20x0p75NA_457s50_g70_z1_256pix_basicFLIM_120f_0010,E:\18_RK_Circadian\data\raw\20260601_KPC_live_on_SLIM\fitet-sz-c2-b5\7_BKOCO2_P11_5_live_740nm_3075mW_u1_poc0p25_20x0p75NA_457s50_g70_z1_256pix_basicFLIM_120f_0010_fit_mask.npy,2,65536,65372,99.7,695.4520525984118,697.6350238744949,46.473980933070315,0.0666164675548615,3.267025393575406,3.2721801083330155,0.3345632351954261,0.10224474940832841
7_BKOCO2_P11_5_live_740nm_3075mW_u1_poc0p25_20x0p75NA_457s50_g70_z1_256pix_basicFLIM_120f_0011.sdt,20260601_KPC_live_on_SLIM,live,BKO,457,0.25,2026-06-02 13:16:32.000000,20260601_KPC_live_on_SLIM::fitet-sz-c2-b5::7_BKOCO2_P11_5_live_740nm_3075mW_u1_poc0p25_20x0p75NA_457s50_g70_z1_256pix_basicFLIM_120f_0011,E:\18_RK_Circadian\data\raw\20260601_KPC_live_on_SLIM\fitet-sz-c2-b5\7_BKOCO2_P11_5_live_740nm_3075mW_u1_poc0p25_20x0p75NA_457s50_g70_z1_256pix_basicFLIM_120f_0011_fit_mask.npy,2,65536,65509,100.0,672.4274512279532,672.3477215061191,42.51007317709147,0.06322632146631671,3.5883650983958995,3.602794051051351,0.35803342703768853,0.09937660103918758
7_BKOCO2_P11_5_live_740nm_3075mW_u1_poc0p25_20x0p75NA_457s50_g70_z1_256pix_basicFLIM_120f_0012.sdt,20260601_KPC_live_on_SLIM,live,BKO,457,0.25,2026-06-02 13:17:40.000000,20260601_KPC_live_on_SLIM::fitet-sz-c2-b5::7_BKOCO2_P11_5_live_740nm_3075mW_u1_poc0p25_20x0p75NA_457s50_g70_z1_256pix_basicFLIM_120f_0012,E:\18_RK_Circadian\data\raw\20260601_KPC_live_on_SLIM\fitet-sz-c2-b5\7_BKOCO2_P11_5_live_740nm_3075mW_u1_poc0p25_20x0p75NA_457s50_g70_z1_256pix_basicFLIM_120f_0012_fit_mask.npy,2,65536,65528,100.0,687.4499147124932,686.4332285307222,45.365465575600446,0.06608867940834257,3.4605208201017836,3.497797359015864,0.3403961031637769,0.0973172737655535
7_BKOCO2_P11_5_live_740nm_3075mW_u1_poc0p25_20x0p75NA_457s50_g70_z1_256pix_basicFLIM_120f_0013.sdt,20260601_KPC_live_on_SLIM,live,BKO,457,0.25,2026-06-02 13:18:49.000000,20260601_KPC_live_on_SLIM::fitet-sz-c2-b5::7_BKOCO2_P11_5_live_740nm_3075mW_u1_poc0p25_20x0p75NA_457s50_g70_z1_256pix_basicFLIM_120f_0013,E:\18_RK_Circadian\data\raw\20260601_KPC_live_on_SLIM\fitet-sz-c2-b5\7_BKOCO2_P11_5_live_740nm_3075mW_u1_poc0p25_20x0p75NA_457s50_g70_z1_256pix_basicFLIM_120f_0013_fit_mask.npy,2,65536,65465,99.9,679.8846430341143,679.2658698982103,44.835075310154586,0.06600519369076092,3.33009618078252,3.3397223615864506,0.3391144884875583,0.10153972449568249
7_BKOCO2_P11_5_live_740nm_3075mW_u1_poc0p25_20x0p75NA_457s50_g70_z1_256pix_basicFLIM_120f_0014.sdt,20260601_KPC_live_on_SLIM,live,BKO,457,0.25,2026-06-02 13:19:58.000000,20260601_KPC_live_on_SLIM::fitet-sz-c2-b5::7_BKOCO2_P11_5_live_740nm_3075mW_u1_poc0p25_20x0p75NA_457s50_g70_z1_256pix_basicFLIM_120f_0014,E:\18_RK_Circadian\data\raw\20260601_KPC_live_on_SLIM\fitet-sz-c2-b5\7_BKOCO2_P11_5_live_740nm_3075mW_u1_poc0p25_20x0p75NA_457s50_g70_z1_256pix_basicFLIM_120f_0014_fit_mask.npy,2,65536,65504,100.0,684.1478450076352,684.8863752738611,45.97413420058121,0.06712665904939025,3.4872680175542716,3.496167381306458,0.35254469345300843,0.10083747572785502
7_BKOCO2_P11_5_live_740nm_3079mW_u1_poc0p25_20x0p75NA_535s50_g70_z1_256pix_basicFLIM_120f_0000.sdt,20260601_KPC_live_on_SLIM,live,BKO,535,0.25,2026-06-02 13:22:13.000000,20260601_KPC_live_on_SLIM::fitet-sz-c2-b5::7_BKOCO2_P11_5_live_740nm_3079mW_u1_poc0p25_20x0p75NA_535s50_g70_z1_256pix_basicFLIM_120f_0000,E:\18_RK_Circadian\data\raw\20260601_KPC_live_on_SLIM\fitet-sz-c2-b5\7_BKOCO2_P11_5_live_740nm_3079mW_u1_poc0p25_20x0p75NA_535s50_g70_z1_256pix_basicFLIM_120f_0000_fit_mask.npy,2,65536,42038,64.1,572.263967054037,564.6257431971193,80.83281092397924,0.14316175253766156,3.6172052318740984,3.682395621866117,0.5058563700100205,0.13737154340675353
7_BKOCO2_P11_5_live_740nm_3079mW_u1_poc0p25_20x0p75NA_535s50_g70_z1_256pix_basicFLIM_120f_0001.sdt,20260601_KPC_live_on_SLIM,live,BKO,535,0.25,2026-06-02 13:23:22.000000,20260601_KPC_live_on_SLIM::fitet-sz-c2-b5::7_BKOCO2_P11_5_live_740nm_3079mW_u1_poc0p25_20x0p75NA_535s50_g70_z1_256pix_basicFLIM_120f_0001,E:\18_RK_Circadian\data\raw\20260601_KPC_live_on_SLIM\fitet-sz-c2-b5\7_BKOCO2_P11_5_live_740nm_3079mW_u1_poc0p25_20x0p75NA_535s50_g70_z1_256pix_basicFLIM_120f_0001_fit_mask.npy,2,65536,47165,72.0,561.886865275311,559.7276064921504,80.00822473236609,0.14294135898313626,3.616190370902659,3.6732232599185113,0.5134262846786484,0.13977540931994384
7_BKOCO2_P11_5_live_740nm_3079mW_u1_poc0p25_20x0p75NA_535s50_g70_z1_256pix_basicFLIM_120f_0002.sdt,20260601_KPC_live_on_SLIM,live,BKO,535,0.25,2026-06-02 13:24:30.000000,20260601_KPC_live_on_SLIM::fitet-sz-c2-b5::7_BKOCO2_P11_5_live_740nm_3079mW_u1_poc0p25_20x0p75NA_535s50_g70_z1_256pix_basicFLIM_120f_0002,E:\18_RK_Circadian\data\raw\20260601_KPC_live_on_SLIM\fitet-sz-c2-b5\7_BKOCO2_P11_5_live_740nm_3079mW_u1_poc0p25_20x0p75NA_535s50_g70_z1_256pix_basicFLIM_120f_0002_fit_mask.npy,2,65536,53838,82.2,537.7431502062154,536.4555021312605,74.93843593972814,0.1396918022874377,3.7071134803450922,3.752352513221753,0.4700787898452754,0.12527575386078743
7_BKOCO2_P11_5_live_740nm_3079mW_u1_poc0p25_20x0p75NA_535s50_g70_z1_256pix_basicFLIM_120f_0003.sdt,20260601_KPC_live_on_SLIM,live,BKO,535,0.25,2026-06-02 13:25:39.000000,20260601_KPC_live_on_SLIM::fitet-sz-c2-b5::7_BKOCO2_P11_5_live_740nm_3079mW_u1_poc0p25_20x0p75NA_535s50_g70_z1_256pix_basicFLIM_120f_0003,E:\18_RK_Circadian\data\raw\20260601_KPC_live_on_SLIM\fitet-sz-c2-b5\7_BKOCO2_P11_5_live_740nm_3079mW_u1_poc0p25_20x0p75NA_535s50_g70_z1_256pix_basicFLIM_120f_0003_fit_mask.npy,2,65536,48567,74.1,560.6991308089799,557.3785851485187,72.82252416002002,0.13065181566065331,3.6536160289650517,3.708891116590341,0.491221457884229,0.13244429195748914
7_BKOCO2_P11_5_live_740nm_3079mW_u1_poc0p25_20x0p75NA_535s50_g70_z1_256pix_basicFLIM_120f_0004.sdt,20260601_KPC_live_on_SLIM,live,BKO,535,0.25,2026-06-02 13:26:47.000000,20260601_KPC_live_on_SLIM::fitet-sz-c2-b5::7_BKOCO2_P11_5_live_740nm_3079mW_u1_poc0p25_20x0p75NA_535s50_g70_z1_256pix_basicFLIM_120f_0004,E:\18_RK_Circadian\data\raw\20260601_KPC_live_on_SLIM\fitet-sz-c2-b5\7_BKOCO2_P11_5_live_740nm_3079mW_u1_poc0p25_20x0p75NA_535s50_g70_z1_256pix_basicFLIM_120f_0004_fit_mask.npy,2,65536,48048,73.3,589.6403874377991,583.5114879315017,76.18538025487787,0.13056363384540812,3.535969032974251,3.609431773823602,0.4927258827289826,0.13651065142783408
7_BKOCO2_P11_5_live_740nm_3079mW_u1_poc0p25_20x0p75NA_535s50_g70_z1_256pix_basicFLIM_120f_0005.sdt,20260601_KPC_live_on_SLIM,live,BKO,535,0.25,2026-06-02 13:27:56.000000,20260601_KPC_live_on_SLIM::fitet-sz-c2-b5::7_BKOCO2_P11_5_live_740nm_3079mW_u1_poc0p25_20x0p75NA_535s50_g70_z1_256pix_basicFLIM_120f_0005,E:\18_RK_Circadian\data\raw\20260601_KPC_live_on_SLIM\fitet-sz-c2-b5\7_BKOCO2_P11_5_live_740nm_3079mW_u1_poc0p25_20x0p75NA_535s50_g70_z1_256pix_basicFLIM_120f_0005_fit_mask.npy,2,65536,55317,84.4,556.3408950953096,552.8839821712123,71.59127786001623,0.1294869812991733,3.6556460718718213,3.721385648018467,0.47028293938658633,0.1263730727926569
7_BKOCO2_P11_5_live_740nm_3079mW_u1_poc0p25_20x0p75NA_535s50_g70_z1_256pix_basicFLIM_120f_0006.sdt,20260601_KPC_live_on_SLIM,live,BKO,535,0.25,2026-06-02 13:29:05.000000,20260601_KPC_live_on_SLIM::fitet-sz-c2-b5::7_BKOCO2_P11_5_live_740nm_3079mW_u1_poc0p25_20x0p75NA_535s50_g70_z1_256pix_basicFLIM_120f_0006,E:\18_RK_Circadian\data\raw\20260601_KPC_live_on_SLIM\fitet-sz-c2-b5\7_BKOCO2_P11_5_live_740nm_3079mW_u1_poc0p25_20x0p75NA_535s50_g70_z1_256pix_basicFLIM_120f_0006_fit_mask.npy,2,65536,49493,75.5,513.8853165272562,512.4612790869583,70.19108240592138,0.1369685579581337,3.904816441955539,3.954307205669274,0.49862770751430174,0.12609736208644115
7_BKOCO2_P11_5_live_740nm_3079mW_u1_poc0p25_20x0p75NA_535s50_g70_z1_256pix_basicFLIM_120f_0007.sdt,20260601_KPC_live_on_SLIM,live,BKO,535,0.25,2026-06-02 13:30:13.000000,20260601_KPC_live_on_SLIM::fitet-sz-c2-b5::7_BKOCO2_P11_5_live_740nm_3079mW_u1_poc0p25_20x0p75NA_535s50_g70_z1_256pix_basicFLIM_120f_0007,E:\18_RK_Circadian\data\raw\20260601_KPC_live_on_SLIM\fitet-sz-c2-b5\7_BKOCO2_P11_5_live_740nm_3079mW_u1_poc0p25_20x0p75NA_535s50_g70_z1_256pix_basicFLIM_120f_0007_fit_mask.npy,2,65536,57852,88.3,580.9329560094983,579.0766811042273,68.17339238109672,0.11772774591976062,3.586431946463609,3.621583625464365,0.41053766804184405,0.11335860510171274
7_BKOCO2_P11_5_live_740nm_3079mW_u1_poc0p25_20x0p75NA_535s50_g70_z1_256pix_basicFLIM_120f_0008.sdt,20260601_KPC_live_on_SLIM,live,BKO,535,0.25,2026-06-02 13:31:21.000000,20260601_KPC_live_on_SLIM::fitet-sz-c2-b5::7_BKOCO2_P11_5_live_740nm_3079mW_u1_poc0p25_20x0p75NA_535s50_g70_z1_256pix_basicFLIM_120f_0008,E:\18_RK_Circadian\data\raw\20260601_KPC_live_on_SLIM\fitet-sz-c2-b5\7_BKOCO2_P11_5_live_740nm_3079mW_u1_poc0p25_20x0p75NA_535s50_g70_z1_256pix_basicFLIM_120f_0008_fit_mask.npy,2,65536,52782,80.5,601.3154653884415,600.9808498372923,70.0576972502995,0.1165722622763549,3.5543233067576434,3.576780908044774,0.43826530556333865,0.12253065447134523
7_BKOCO2_P11_5_live_740nm_3079mW_u1_poc0p25_20x0p75NA_535s50_g70_z1_256pix_basicFLIM_120f_0009.sdt,20260601_KPC_live_on_SLIM,live,BKO,535,0.25,2026-06-02 13:32:30.000000,20260601_KPC_live_on_SLIM::fitet-sz-c2-b5::7_BKOCO2_P11_5_live_740nm_3079mW_u1_poc0p25_20x0p75NA_535s50_g70_z1_256pix_basicFLIM_120f_0009,E:\18_RK_Circadian\data\raw\20260601_KPC_live_on_SLIM\fitet-sz-c2-b5\7_BKOCO2_P11_5_live_740nm_3079mW_u1_poc0p25_20x0p75NA_535s50_g70_z1_256pix_basicFLIM_120f_0009_fit_mask.npy,2,65536,47283,72.1,567.467975331879,564.989315265997,71.17389917137116,0.12597388525456005,3.6849175383851387,3.726068056534918,0.4937905413359154,0.13252322121972168
7_BKOCO2_P11_5_live_740nm_3079mW_u1_poc0p25_20x0p75NA_535s50_g70_z1_256pix_basicFLIM_120f_0010.sdt,20260601_KPC_live_on_SLIM,live,BKO,535,0.25,2026-06-02 13:33:38.000000,20260601_KPC_live_on_SLIM::fitet-sz-c2-b5::7_BKOCO2_P11_5_live_740nm_3079mW_u1_poc0p25_20x0p75NA_535s50_g70_z1_256pix_basicFLIM_120f_0010,E:\18_RK_Circadian\data\raw\20260601_KPC_live_on_SLIM\fitet-sz-c2-b5\7_BKOCO2_P11_5_live_740nm_3079mW_u1_poc0p25_20x0p75NA_535s50_g70_z1_256pix_basicFLIM_120f_0010_fit_mask.npy,2,65536,65214,99.5,630.8040276165939,629.7323862255839,69.67704667606704,0.11064548719447183,3.2613963859295403,3.2888235484365906,0.3519997405592667,0.10702907449279149
7_BKOCO2_P11_5_live_740nm_3079mW_u1_poc0p25_20x0p75NA_535s50_g70_z1_256pix_basicFLIM_120f_0011.sdt,20260601_KPC_live_on_SLIM,live,BKO,535,0.25,2026-06-02 13:34:49.000000,20260601_KPC_live_on_SLIM::fitet-sz-c2-b5::7_BKOCO2_P11_5_live_740nm_3079mW_u1_poc0p25_20x0p75NA_535s50_g70_z1_256pix_basicFLIM_120f_0011,E:\18_RK_Circadian\data\raw\20260601_KPC_live_on_SLIM\fitet-sz-c2-b5\7_BKOCO2_P11_5_live_740nm_3079mW_u1_poc0p25_20x0p75NA_535s50_g70_z1_256pix_basicFLIM_120f_0011_fit_mask.npy,2,65536,65528,100.0,617.2322285196453,616.7707268648644,55.20459450615862,0.0895058602842123,3.4769105764809716,3.499619763222044,0.3223571700224485,0.09211205554676015
7_BKOCO2_P11_5_live_740nm_3079mW_u1_poc0p25_20x0p75NA_535s50_g70_z1_256pix_basicFLIM_120f_0012.sdt,20260601_KPC_live_on_SLIM,live,BKO,535,0.25,2026-06-02 13:35:57.000000,20260601_KPC_live_on_SLIM::fitet-sz-c2-b5::7_BKOCO2_P11_5_live_740nm_3079mW_u1_poc0p25_20x0p75NA_535s50_g70_z1_256pix_basicFLIM_120f_0012,E:\18_RK_Circadian\data\raw\20260601_KPC_live_on_SLIM\fitet-sz-c2-b5\7_BKOCO2_P11_5_live_740nm_3079mW_u1_poc0p25_20x0p75NA_535s50_g70_z1_256pix_basicFLIM_120f_0012_fit_mask.npy,2,65536,65452,99.9,633.4035277258266,631.8649997385515,65.91633479692749,0.10432028174404638,3.380516062219875,3.4039232371917816,0.39454935992548806,0.11591018140908171
7_BKOCO2_P11_5_live_740nm_3079mW_u1_poc0p25_20x0p75NA_535s50_g70_z1_256pix_basicFLIM_120f_0013.sdt,20260601_KPC_live_on_SLIM,live,BKO,535,0.25,2026-06-02 13:37:06.000000,20260601_KPC_live_on_SLIM::fitet-sz-c2-b5::7_BKOCO2_P11_5_live_740nm_3079mW_u1_poc0p25_20x0p75NA_535s50_g70_z1_256pix_basicFLIM_120f_0013,E:\18_RK_Circadian\data\raw\20260601_KPC_live_on_SLIM\fitet-sz-c2-b5\7_BKOCO2_P11_5_live_740nm_3079mW_u1_poc0p25_20x0p75NA_535s50_g70_z1_256pix_basicFLIM_120f_0013_fit_mask.npy,2,65536,65449,99.9,619.5515463169261,619.2208853432189,66.4753596574694,0.10735322601501682,3.3353413613403635,3.3647453129139913,0.3674590151946281,0.10920856737189279
7_BKOCO2_P11_5_live_740nm_3079mW_u1_poc0p25_20x0p75NA_535s50_g70_z1_256pix_basicFLIM_120f_0014.sdt,20260601_KPC_live_on_SLIM,live,BKO,535,0.25,2026-06-02 13:38:15.000000,20260601_KPC_live_on_SLIM::fitet-sz-c2-b5::7_BKOCO2_P11_5_live_740nm_3079mW_u1_poc0p25_20x0p75NA_535s50_g70_z1_256pix_basicFLIM_120f_0014,E:\18_RK_Circadian\data\raw\20260601_KPC_live_on_SLIM\fitet-sz-c2-b5\7_BKOCO2_P11_5_live_740nm_3079mW_u1_poc0p25_20x0p75NA_535s50_g70_z1_256pix_basicFLIM_120f_0014_fit_mask.npy,2,65536,65520,100.0,614.7353697590025,613.3929987188619,58.672951766702354,0.09565311617388396,3.4415745122678514,3.468045807388371,0.34646041402445155,0.09990076062038963
8_KPCWT_180uL_live_740nm_3078mW_u1_poc0p25_20x0p75NA_457s50_g70_z1_256pix_basicFLIM_120f_0000.sdt,20260601_KPC_live_on_SLIM,live,KPCWT,457,0.25,2026-06-02 14:01:43.000000,20260601_KPC_live_on_SLIM::fitet-sz-c2-b5::8_KPCWT_180uL_live_740nm_3078mW_u1_poc0p25_20x0p75NA_457s50_g70_z1_256pix_basicFLIM_120f_0000,E:\18_RK_Circadian\data\raw\20260601_KPC_live_on_SLIM\fitet-sz-c2-b5\8_KPCWT_180uL_live_740nm_3078mW_u1_poc0p25_20x0p75NA_457s50_g70_z1_256pix_basicFLIM_120f_0000_fit_mask.npy,2,65536,64543,98.5,746.9536079957617,749.9789408696956,72.06483091506821,0.09608913929169785,2.9150975110346606,2.7770232130131407,0.5719518631863867,0.20595861802890889
8_KPCWT_180uL_live_740nm_3078mW_u1_poc0p25_20x0p75NA_457s50_g70_z1_256pix_basicFLIM_120f_0001.sdt,20260601_KPC_live_on_SLIM,live,KPCWT,457,0.25,2026-06-02 14:02:52.000000,20260601_KPC_live_on_SLIM::fitet-sz-c2-b5::8_KPCWT_180uL_live_740nm_3078mW_u1_poc0p25_20x0p75NA_457s50_g70_z1_256pix_basicFLIM_120f_0001,E:\18_RK_Circadian\data\raw\20260601_KPC_live_on_SLIM\fitet-sz-c2-b5\8_KPCWT_180uL_live_740nm_3078mW_u1_poc0p25_20x0p75NA_457s50_g70_z1_256pix_basicFLIM_120f_0001_fit_mask.npy,2,65536,64576,98.5,759.5726833358408,761.0430222857191,84.95639275268006,0.11163152445379732,2.807031599024607,2.6125212524855472,0.658967667496341,0.25223437584264646
8_KPCWT_180uL_live_740nm_3078mW_u1_poc0p25_20x0p75NA_457s50_g70_z1_256pix_basicFLIM_120f_0002.sdt,20260601_KPC_live_on_SLIM,live,KPCWT,457,0.25,2026-06-02 14:04:00.000000,20260601_KPC_live_on_SLIM::fitet-sz-c2-b5::8_KPCWT_180uL_live_740nm_3078mW_u1_poc0p25_20x0p75NA_457s50_g70_z1_256pix_basicFLIM_120f_0002,E:\18_RK_Circadian\data\raw\20260601_KPC_live_on_SLIM\fitet-sz-c2-b5\8_KPCWT_180uL_live_740nm_3078mW_u1_poc0p25_20x0p75NA_457s50_g70_z1_256pix_basicFLIM_120f_0002_fit_mask.npy,2,65536,65192,99.5,749.8999810531386,758.8471450366396,81.93128932481717,0.10796810643711556,2.7174389569016464,2.56080543201158,0.5989649782646417,0.23389710548768203
8_KPCWT_180uL_live_740nm_3078mW_u1_poc0p25_20x0p75NA_457s50_g70_z1_256pix_basicFLIM_120f_0003.sdt,20260601_KPC_live_on_SLIM,live,KPCWT,457,0.25,2026-06-02 14:05:09.000000,20260601_KPC_live_on_SLIM::fitet-sz-c2-b5::8_KPCWT_180uL_live_740nm_3078mW_u1_poc0p25_20x0p75NA_457s50_g70_z1_256pix_basicFLIM_120f_0003,E:\18_RK_Circadian\data\raw\20260601_KPC_live_on_SLIM\fitet-sz-c2-b5\8_KPCWT_180uL_live_740nm_3078mW_u1_poc0p25_20x0p75NA_457s50_g70_z1_256pix_basicFLIM_120f_0003_fit_mask.npy,2,65536,64860,99.0,764.6921601570896,772.546906314846,83.00126690676353,0.10743848202394711,2.5579091992019682,2.398846277775029,0.6218658251982324,0.2592353795071119
8_KPCWT_180uL_live_740nm_3078mW_u1_poc0p25_20x0p75NA_457s50_g70_z1_256pix_basicFLIM_120f_0004.sdt,20260601_KPC_live_on_SLIM,live,KPCWT,457,0.25,2026-06-02 14:06:18.000000,20260601_KPC_live_on_SLIM::fitet-sz-c2-b5::8_KPCWT_180uL_live_740nm_3078mW_u1_poc0p25_20x0p75NA_457s50_g70_z1_256pix_basicFLIM_120f_0004,E:\18_RK_Circadian\data\raw\20260601_KPC_live_on_SLIM\fitet-sz-c2-b5\8_KPCWT_180uL_live_740nm_3078mW_u1_poc0p25_20x0p75NA_457s50_g70_z1_256pix_basicFLIM_120f_0004_fit_mask.npy,2,65536,64265,98.1,749.038328547737,759.6876876642757,98.24511041406079,0.12932302577671587,2.4793438976925217,2.3186617783558883,0.6636058833382196,0.28620210568562
8_KPCWT_180uL_live_740nm_3078mW_u1_poc0p25_20x0p75NA_457s50_g70_z1_256pix_basicFLIM_120f_0005.sdt,20260601_KPC_live_on_SLIM,live,KPCWT,457,0.25,2026-06-02 14:07:27.000000,20260601_KPC_live_on_SLIM::fitet-sz-c2-b5::8_KPCWT_180uL_live_740nm_3078mW_u1_poc0p25_20x0p75NA_457s50_g70_z1_256pix_basicFLIM_120f_0005,E:\18_RK_Circadian\data\raw\20260601_KPC_live_on_SLIM\fitet-sz-c2-b5\8_KPCWT_180uL_live_740nm_3078mW_u1_poc0p25_20x0p75NA_457s50_g70_z1_256pix_basicFLIM_120f_0005_fit_mask.npy,2,65536,64460,98.4,756.0672652977908,759.8879588392257,80.58863678332666,0.10605331463131831,2.7136189688224213,2.584950102278663,0.573622528545077,0.2219085498166569
8_KPCWT_180uL_live_740nm_3078mW_u1_poc0p25_20x0p75NA_457s50_g70_z1_256pix_basicFLIM_120f_0006.sdt,20260601_KPC_live_on_SLIM,live,KPCWT,457,0.25,2026-06-02 14:08:36.000000,20260601_KPC_live_on_SLIM::fitet-sz-c2-b5::8_KPCWT_180uL_live_740nm_3078mW_u1_poc0p25_20x0p75NA_457s50_g70_z1_256pix_basicFLIM_120f_0006,E:\18_RK_Circadian\data\raw\20260601_KPC_live_on_SLIM\fitet-sz-c2-b5\8_KPCWT_180uL_live_740nm_3078mW_u1_poc0p25_20x0p75NA_457s50_g70_z1_256pix_basicFLIM_120f_0006_fit_mask.npy,2,65536,64920,99.1,756.3188414520464,763.7074386390476,81.13707734874315,0.10624104630083499,2.5973025316713754,2.4509202358758144,0.6066100560962979,0.2475029775416299
8_KPCWT_180uL_live_740nm_3078mW_u1_poc0p25_20x0p75NA_457s50_g70_z1_256pix_basicFLIM_120f_0007.sdt,20260601_KPC_live_on_SLIM,live,KPCWT,457,0.25,2026-06-02 14:09:44.000000,20260601_KPC_live_on_SLIM::fitet-sz-c2-b5::8_KPCWT_180uL_live_740nm_3078mW_u1_poc0p25_20x0p75NA_457s50_g70_z1_256pix_basicFLIM_120f_0007,E:\18_RK_Circadian\data\raw\20260601_KPC_live_on_SLIM\fitet-sz-c2-b5\8_KPCWT_180uL_live_740nm_3078mW_u1_poc0p25_20x0p75NA_457s50_g70_z1_256pix_basicFLIM_120f_0007_fit_mask.npy,2,65536,64885,99.0,759.2950915407707,764.4677327258228,80.5574239719318,0.10537714088296754,2.630023824994585,2.485457402755906,0.593755893170385,0.23889200133223812
8_KPCWT_180uL_live_740nm_3078mW_u1_poc0p25_20x0p75NA_457s50_g70_z1_256pix_basicFLIM_120f_0008.sdt,20260601_KPC_live_on_SLIM,live,KPCWT,457,0.25,2026-06-02 14:10:53.000000,20260601_KPC_live_on_SLIM::fitet-sz-c2-b5::8_KPCWT_180uL_live_740nm_3078mW_u1_poc0p25_20x0p75NA_457s50_g70_z1_256pix_basicFLIM_120f_0008,E:\18_RK_Circadian\data\raw\20260601_KPC_live_on_SLIM\fitet-sz-c2-b5\8_KPCWT_180uL_live_740nm_3078mW_u1_poc0p25_20x0p75NA_457s50_g70_z1_256pix_basicFLIM_120f_0008_fit_mask.npy,2,65536,65010,99.2,762.579000995106,768.6893416234404,78.45844549572239,0.10206782018080458,2.6331055021784713,2.4809862995817653,0.6225691622875925,0.250936154864113
8_KPCWT_180uL_live_740nm_3078mW_u1_poc0p25_20x0p75NA_457s50_g70_z1_256pix_basicFLIM_120f_0009.sdt,20260601_KPC_live_on_SLIM,live,KPCWT,457,0.25,2026-06-02 14:12:02.000000,20260601_KPC_live_on_SLIM::fitet-sz-c2-b5::8_KPCWT_180uL_live_740nm_3078mW_u1_poc0p25_20x0p75NA_457s50_g70_z1_256pix_basicFLIM_120f_0009,E:\18_RK_Circadian\data\raw\20260601_KPC_live_on_SLIM\fitet-sz-c2-b5\8_KPCWT_180uL_live_740nm_3078mW_u1_poc0p25_20x0p75NA_457s50_g70_z1_256pix_basicFLIM_120f_0009_fit_mask.npy,2,65536,64734,98.8,756.4323937698972,762.6046915816337,94.7587254922392,0.12425667785456532,2.661408367105112,2.497621089443696,0.63158322839794,0.25287391713152724
8_KPCWT_180uL_live_740nm_3078mW_u1_poc0p25_20x0p75NA_457s50_g70_z1_256pix_basicFLIM_120f_0010.sdt,20260601_KPC_live_on_SLIM,live,KPCWT,457,0.25,2026-06-02 14:15:26.000000,20260601_KPC_live_on_SLIM::fitet-sz-c2-b5::8_KPCWT_180uL_live_740nm_3078mW_u1_poc0p25_20x0p75NA_457s50_g70_z1_256pix_basicFLIM_120f_0010,E:\18_RK_Circadian\data\raw\20260601_KPC_live_on_SLIM\fitet-sz-c2-b5\8_KPCWT_180uL_live_740nm_3078mW_u1_poc0p25_20x0p75NA_457s50_g70_z1_256pix_basicFLIM_120f_0010_fit_mask.npy,2,65536,64919,99.1,738.7622120630348,737.6289128169618,57.6035484384379,0.07809285595714152,2.7941909743359092,2.816902440628179,0.35771217237292613,0.12698777466114697
8_KPCWT_180uL_live_740nm_3078mW_u1_poc0p25_20x0p75NA_457s50_g70_z1_256pix_basicFLIM_120f_0011.sdt,20260601_KPC_live_on_SLIM,live,KPCWT,457,0.25,2026-06-02 14:16:35.000000,20260601_KPC_live_on_SLIM::fitet-sz-c2-b5::8_KPCWT_180uL_live_740nm_3078mW_u1_poc0p25_20x0p75NA_457s50_g70_z1_256pix_basicFLIM_120f_0011,E:\18_RK_Circadian\data\raw\20260601_KPC_live_on_SLIM\fitet-sz-c2-b5\8_KPCWT_180uL_live_740nm_3078mW_u1_poc0p25_20x0p75NA_457s50_g70_z1_256pix_basicFLIM_120f_0011_fit_mask.npy,2,65536,65400,99.8,743.7604204344343,744.0140370599395,61.2313381544846,0.08229863296188276,2.849838524577568,2.81073035689688,0.4190761484211934,0.14909866661271073
8_KPCWT_180uL_live_740nm_3078mW_u1_poc0p25_20x0p75NA_457s50_g70_z1_256pix_basicFLIM_120f_0012.sdt,20260601_KPC_live_on_SLIM,live,KPCWT,457,0.25,2026-06-02 14:17:44.000000,20260601_KPC_live_on_SLIM::fitet-sz-c2-b5::8_KPCWT_180uL_live_740nm_3078mW_u1_poc0p25_20x0p75NA_457s50_g70_z1_256pix_basicFLIM_120f_0012,E:\18_RK_Circadian\data\raw\20260601_KPC_live_on_SLIM\fitet-sz-c2-b5\8_KPCWT_180uL_live_740nm_3078mW_u1_poc0p25_20x0p75NA_457s50_g70_z1_256pix_basicFLIM_120f_0012_fit_mask.npy,2,65536,65358,99.7,794.6510465113723,791.9570801662221,74.34056528868328,0.09386943705722045,2.4290219609628947,2.433456288141246,0.43194776735400925,0.17750381194804413
8_KPCWT_180uL_live_740nm_3078mW_u1_poc0p25_20x0p75NA_457s50_g70_z1_256pix_basicFLIM_120f_0013.sdt,20260601_KPC_live_on_SLIM,live,KPCWT,457,0.25,2026-06-02 14:18:53.000000,20260601_KPC_live_on_SLIM::fitet-sz-c2-b5::8_KPCWT_180uL_live_740nm_3078mW_u1_poc0p25_20x0p75NA_457s50_g70_z1_256pix_basicFLIM_120f_0013,E:\18_RK_Circadian\data\raw\20260601_KPC_live_on_SLIM\fitet-sz-c2-b5\8_KPCWT_180uL_live_740nm_3078mW_u1_poc0p25_20x0p75NA_457s50_g70_z1_256pix_basicFLIM_120f_0013_fit_mask.npy,2,65536,65373,99.8,739.3198740011669,740.3904792084364,60.05886026121583,0.08111781816187823,2.8271729058561896,2.8279880174620824,0.3352135858656525,0.11853430205354362
8_KPCWT_180uL_live_740nm_3078mW_u1_poc0p25_20x0p75NA_457s50_g70_z1_256pix_basicFLIM_120f_0014.sdt,20260601_KPC_live_on_SLIM,live,KPCWT,457,0.25,2026-06-02 14:20:02.000000,20260601_KPC_live_on_SLIM::fitet-sz-c2-b5::8_KPCWT_180uL_live_740nm_3078mW_u1_poc0p25_20x0p75NA_457s50_g70_z1_256pix_basicFLIM_120f_0014,E:\18_RK_Circadian\data\raw\20260601_KPC_live_on_SLIM\fitet-sz-c2-b5\8_KPCWT_180uL_live_740nm_3078mW_u1_poc0p25_20x0p75NA_457s50_g70_z1_256pix_basicFLIM_120f_0014_fit_mask.npy,2,65536,65136,99.4,737.134051385498,734.6144521908133,81.20755406625263,0.11054445474639162,2.8774179565701474,2.9173973844653527,0.3984847512099156,0.1365891233507576
8_KPCWT_180uL_live_740nm_3078mW_u1_poc0p25_20x0p75NA_535s50_g70_z1_256pix_basicFLIM_120f_0000.sdt,20260601_KPC_live_on_SLIM,live,KPCWT,535,0.25,2026-06-02 14:22:55.000000,20260601_KPC_live_on_SLIM::fitet-sz-c2-b5::8_KPCWT_180uL_live_740nm_3078mW_u1_poc0p25_20x0p75NA_535s50_g70_z1_256pix_basicFLIM_120f_0000,E:\18_RK_Circadian\data\raw\20260601_KPC_live_on_SLIM\fitet-sz-c2-b5\8_KPCWT_180uL_live_740nm_3078mW_u1_poc0p25_20x0p75NA_535s50_g70_z1_256pix_basicFLIM_120f_0000_fit_mask.npy,2,65536,59112,90.2,569.8741310962731,570.9685804831884,62.68970423189558,0.10979536593562424,3.47889245747544,3.483899616477175,0.3830369786992568,0.10994489533730406
8_KPCWT_180uL_live_740nm_3078mW_u1_poc0p25_20x0p75NA_535s50_g70_z1_256pix_basicFLIM_120f_0001.sdt,20260601_KPC_live_on_SLIM,live,KPCWT,535,0.25,2026-06-02 14:24:03.000000,20260601_KPC_live_on_SLIM::fitet-sz-c2-b5::8_KPCWT_180uL_live_740nm_3078mW_u1_poc0p25_20x0p75NA_535s50_g70_z1_256pix_basicFLIM_120f_0001,E:\18_RK_Circadian\data\raw\20260601_KPC_live_on_SLIM\fitet-sz-c2-b5\8_KPCWT_180uL_live_740nm_3078mW_u1_poc0p25_20x0p75NA_535s50_g70_z1_256pix_basicFLIM_120f_0001_fit_mask.npy,2,65536,58126,88.7,600.7656774657632,597.9030764628999,72.12854192842133,0.12063584344660407,3.3512475551282703,3.3618611278364217,0.3845127325848569,0.11437496016747012
8_KPCWT_180uL_live_740nm_3078mW_u1_poc0p25_20x0p75NA_535s50_g70_z1_256pix_basicFLIM_120f_0002.sdt,20260601_KPC_live_on_SLIM,live,KPCWT,535,0.25,2026-06-02 14:25:12.000000,20260601_KPC_live_on_SLIM::fitet-sz-c2-b5::8_KPCWT_180uL_live_740nm_3078mW_u1_poc0p25_20x0p75NA_535s50_g70_z1_256pix_basicFLIM_120f_0002,E:\18_RK_Circadian\data\raw\20260601_KPC_live_on_SLIM\fitet-sz-c2-b5\8_KPCWT_180uL_live_740nm_3078mW_u1_poc0p25_20x0p75NA_535s50_g70_z1_256pix_basicFLIM_120f_0002_fit_mask.npy,2,65536,58837,89.8,580.3919791717299,583.7474594352004,73.66931769886371,0.12620066521598533,3.33507793703463,3.3332671694391043,0.40224347432339724,0.12067543760408608
8_KPCWT_180uL_live_740nm_3078mW_u1_poc0p25_20x0p75NA_535s50_g70_z1_256pix_basicFLIM_120f_0003.sdt,20260601_KPC_live_on_SLIM,live,KPCWT,535,0.25,2026-06-02 14:26:20.000000,20260601_KPC_live_on_SLIM::fitet-sz-c2-b5::8_KPCWT_180uL_live_740nm_3078mW_u1_poc0p25_20x0p75NA_535s50_g70_z1_256pix_basicFLIM_120f_0003,E:\18_RK_Circadian\data\raw\20260601_KPC_live_on_SLIM\fitet-sz-c2-b5\8_KPCWT_180uL_live_740nm_3078mW_u1_poc0p25_20x0p75NA_535s50_g70_z1_256pix_basicFLIM_120f_0003_fit_mask.npy,2,65536,55674,85.0,599.9459764411307,599.9159196484254,66.41821123173843,0.1107125333007701,3.256155487284035,3.261830373515933,0.3481465858066072,0.10673350418015126
8_KPCWT_180uL_live_740nm_3078mW_u1_poc0p25_20x0p75NA_535s50_g70_z1_256pix_basicFLIM_120f_0004.sdt,20260601_KPC_live_on_SLIM,live,KPCWT,535,0.25,2026-06-02 14:27:30.000000,20260601_KPC_live_on_SLIM::fitet-sz-c2-b5::8_KPCWT_180uL_live_740nm_3078mW_u1_poc0p25_20x0p75NA_535s50_g70_z1_256pix_basicFLIM_120f_0004,E:\18_RK_Circadian\data\raw\20260601_KPC_live_on_SLIM\fitet-sz-c2-b5\8_KPCWT_180uL_live_740nm_3078mW_u1_poc0p25_20x0p75NA_535s50_g70_z1_256pix_basicFLIM_120f_0004_fit_mask.npy,2,65536,53387,81.5,575.2667157538598,579.7836435330134,83.52415527875134,0.14406090308064268,3.332211660485185,3.3325392411366592,0.4598340758854922,0.13798309415515012
8_KPCWT_180uL_live_740nm_3078mW_u1_poc0p25_20x0p75NA_535s50_g70_z1_256pix_basicFLIM_120f_0005.sdt,20260601_KPC_live_on_SLIM,live,KPCWT,535,0.25,2026-06-02 14:28:38.000000,20260601_KPC_live_on_SLIM::fitet-sz-c2-b5::8_KPCWT_180uL_live_740nm_3078mW_u1_poc0p25_20x0p75NA_535s50_g70_z1_256pix_basicFLIM_120f_0005,E:\18_RK_Circadian\data\raw\20260601_KPC_live_on_SLIM\fitet-sz-c2-b5\8_KPCWT_180uL_live_740nm_3078mW_u1_poc0p25_20x0p75NA_535s50_g70_z1_256pix_basicFLIM_120f_0005_fit_mask.npy,2,65536,57338,87.5,589.4809310127109,590.9553276239131,70.73465379440536,0.11969543295059562,3.336643640468493,3.349117771384997,0.37823711107120084,0.11293634231166029
8_KPCWT_180uL_live_740nm_3078mW_u1_poc0p25_20x0p75NA_535s50_g70_z1_256pix_basicFLIM_120f_0006.sdt,20260601_KPC_live_on_SLIM,live,KPCWT,535,0.25,2026-06-02 14:29:48.000000,20260601_KPC_live_on_SLIM::fitet-sz-c2-b5::8_KPCWT_180uL_live_740nm_3078mW_u1_poc0p25_20x0p75NA_535s50_g70_z1_256pix_basicFLIM_120f_0006,E:\18_RK_Circadian\data\raw\20260601_KPC_live_on_SLIM\fitet-sz-c2-b5\8_KPCWT_180uL_live_740nm_3078mW_u1_poc0p25_20x0p75NA_535s50_g70_z1_256pix_basicFLIM_120f_0006_fit_mask.npy,2,65536,56045,85.5,590.6098578471233,591.7160389973337,68.76125540912244,0.11620650933450914,3.296213973475587,3.3117384468422526,0.37384406664872444,0.112884538634138
8_KPCWT_180uL_live_740nm_3078mW_u1_poc0p25_20x0p75NA_535s50_g70_z1_256pix_basicFLIM_120f_0007.sdt,20260601_KPC_live_on_SLIM,live,KPCWT,535,0.25,2026-06-02 14:30:56.000000,20260601_KPC_live_on_SLIM::fitet-sz-c2-b5::8_KPCWT_180uL_live_740nm_3078mW_u1_poc0p25_20x0p75NA_535s50_g70_z1_256pix_basicFLIM_120f_0007,E:\18_RK_Circadian\data\raw\20260601_KPC_live_on_SLIM\fitet-sz-c2-b5\8_KPCWT_180uL_live_740nm_3078mW_u1_poc0p25_20x0p75NA_535s50_g70_z1_256pix_basicFLIM_120f_0007_fit_mask.npy,2,65536,58022,88.5,603.107576016278,602.8590505579739,74.98595090642938,0.12438388515031237,3.2780135856848345,3.2849736978290527,0.3873367469654539,0.11791167375904225
8_KPCWT_180uL_live_740nm_3078mW_u1_poc0p25_20x0p75NA_535s50_g70_z1_256pix_basicFLIM_120f_0008.sdt,20260601_KPC_live_on_SLIM,live,KPCWT,535,0.25,2026-06-02 14:32:06.000000,20260601_KPC_live_on_SLIM::fitet-sz-c2-b5::8_KPCWT_180uL_live_740nm_3078mW_u1_poc0p25_20x0p75NA_535s50_g70_z1_256pix_basicFLIM_120f_0008,E:\18_RK_Circadian\data\raw\20260601_KPC_live_on_SLIM\fitet-sz-c2-b5\8_KPCWT_180uL_live_740nm_3078mW_u1_poc0p25_20x0p75NA_535s50_g70_z1_256pix_basicFLIM_120f_0008_fit_mask.npy,2,65536,56202,85.8,596.2922538280754,597.0570773664846,66.53642400792083,0.11144064199255703,3.3013118818761935,3.310411175944219,0.3675199830552098,0.11101943641498949
8_KPCWT_180uL_live_740nm_3078mW_u1_poc0p25_20x0p75NA_535s50_g70_z1_256pix_basicFLIM_120f_0009.sdt,20260601_KPC_live_on_SLIM,live,KPCWT,535,0.25,2026-06-02 14:33:15.000000,20260601_KPC_live_on_SLIM::fitet-sz-c2-b5::8_KPCWT_180uL_live_740nm_3078mW_u1_poc0p25_20x0p75NA_535s50_g70_z1_256pix_basicFLIM_120f_0009,E:\18_RK_Circadian\data\raw\20260601_KPC_live_on_SLIM\fitet-sz-c2-b5\8_KPCWT_180uL_live_740nm_3078mW_u1_poc0p25_20x0p75NA_535s50_g70_z1_256pix_basicFLIM_120f_0009_fit_mask.npy,2,65536,57400,87.6,577.6241114325345,577.739472653789,74.24242182593751,0.12850501885376173,3.360282173220406,3.3652067056675268,0.4435411280865998,0.1318020457226619
8_KPCWT_180uL_live_740nm_3078mW_u1_poc0p25_20x0p75NA_535s50_g70_z1_256pix_basicFLIM_120f_0010.sdt,20260601_KPC_live_on_SLIM,live,KPCWT,535,0.25,2026-06-02 14:34:24.000000,20260601_KPC_live_on_SLIM::fitet-sz-c2-b5::8_KPCWT_180uL_live_740nm_3078mW_u1_poc0p25_20x0p75NA_535s50_g70_z1_256pix_basicFLIM_120f_0010,E:\18_RK_Circadian\data\raw\20260601_KPC_live_on_SLIM\fitet-sz-c2-b5\8_KPCWT_180uL_live_740nm_3078mW_u1_poc0p25_20x0p75NA_535s50_g70_z1_256pix_basicFLIM_120f_0010_fit_mask.npy,2,65536,64636,98.6,589.796455427083,589.7340370497936,68.71518315277375,0.11651893707293656,3.3312907150504567,3.3476206680682896,0.37593539685105054,0.11229928182633077
8_KPCWT_180uL_live_740nm_3078mW_u1_poc0p25_20x0p75NA_535s50_g70_z1_256pix_basicFLIM_120f_0011.sdt,20260601_KPC_live_on_SLIM,live,KPCWT,535,0.25,2026-06-02 14:35:33.000000,20260601_KPC_live_on_SLIM::fitet-sz-c2-b5::8_KPCWT_180uL_live_740nm_3078mW_u1_poc0p25_20x0p75NA_535s50_g70_z1_256pix_basicFLIM_120f_0011,E:\18_RK_Circadian\data\raw\20260601_KPC_live_on_SLIM\fitet-sz-c2-b5\8_KPCWT_180uL_live_740nm_3078mW_u1_poc0p25_20x0p75NA_535s50_g70_z1_256pix_basicFLIM_120f_0011_fit_mask.npy,2,65536,65025,99.2,567.6629041680325,569.9808225758201,65.79432626230113,0.1154325262470546,3.4841853580781055,3.4777318678552693,0.39493063448782945,0.11355982850149535
8_KPCWT_180uL_live_740nm_3078mW_u1_poc0p25_20x0p75NA_535s50_g70_z1_256pix_basicFLIM_120f_0012.sdt,20260601_KPC_live_on_SLIM,live,KPCWT,535,0.25,2026-06-02 14:36:42.000000,20260601_KPC_live_on_SLIM::fitet-sz-c2-b5::8_KPCWT_180uL_live_740nm_3078mW_u1_poc0p25_20x0p75NA_535s50_g70_z1_256pix_basicFLIM_120f_0012,E:\18_RK_Circadian\data\raw\20260601_KPC_live_on_SLIM\fitet-sz-c2-b5\8_KPCWT_180uL_live_740nm_3078mW_u1_poc0p25_20x0p75NA_535s50_g70_z1_256pix_basicFLIM_120f_0012_fit_mask.npy,2,65536,64280,98.1,598.3972626216298,598.7069286006744,77.07890102594992,0.1287422899983842,3.215363383938058,3.235230332567279,0.4145820551543446,0.12814607076997755
8_KPCWT_180uL_live_740nm_3078mW_u1_poc0p25_20x0p75NA_535s50_g70_z1_256pix_basicFLIM_120f_0013.sdt,20260601_KPC_live_on_SLIM,live,KPCWT,535,0.25,2026-06-02 14:39:17.000000,20260601_KPC_live_on_SLIM::fitet-sz-c2-b5::8_KPCWT_180uL_live_740nm_3078mW_u1_poc0p25_20x0p75NA_535s50_g70_z1_256pix_basicFLIM_120f_0013,E:\18_RK_Circadian\data\raw\20260601_KPC_live_on_SLIM\fitet-sz-c2-b5\8_KPCWT_180uL_live_740nm_3078mW_u1_poc0p25_20x0p75NA_535s50_g70_z1_256pix_basicFLIM_120f_0013_fit_mask.npy,2,65536,64458,98.4,577.8955596152712,579.7862635062482,75.32339940094796,0.12991580543048897,3.4151839112805993,3.431108070826311,0.38943857086889355,0.11350227472581631
9_KPCWT_160uL_live_740nm_3077mW_u1_poc0p25_20x0p75NA_457s50_g70_z1_256pix_basicFLIM_120f_0000.sdt,20260601_KPC_live_on_SLIM,live,KPCWT,457,0.25,2026-06-02 15:05:28.000000,20260601_KPC_live_on_SLIM::fitet-sz-c2-b5::9_KPCWT_160uL_live_740nm_3077mW_u1_poc0p25_20x0p75NA_457s50_g70_z1_256pix_basicFLIM_120f_0000,E:\18_RK_Circadian\data\raw\20260601_KPC_live_on_SLIM\fitet-sz-c2-b5\9_KPCWT_160uL_live_740nm_3077mW_u1_poc0p25_20x0p75NA_457s50_g70_z1_256pix_basicFLIM_120f_0000_fit_mask.npy,2,65536,64506,98.4,738.7945168286001,742.9497820547901,81.70051058671889,0.10996774285438009,2.7455936939447705,2.5622865582783607,0.6584512004450724,0.25697797083535256
9_KPCWT_160uL_live_740nm_3077mW_u1_poc0p25_20x0p75NA_457s50_g70_z1_256pix_basicFLIM_120f_0001.sdt,20260601_KPC_live_on_SLIM,live,KPCWT,457,0.25,2026-06-02 15:06:36.000000,20260601_KPC_live_on_SLIM::fitet-sz-c2-b5::9_KPCWT_160uL_live_740nm_3077mW_u1_poc0p25_20x0p75NA_457s50_g70_z1_256pix_basicFLIM_120f_0001,E:\18_RK_Circadian\data\raw\20260601_KPC_live_on_SLIM\fitet-sz-c2-b5\9_KPCWT_160uL_live_740nm_3077mW_u1_poc0p25_20x0p75NA_457s50_g70_z1_256pix_basicFLIM_120f_0001_fit_mask.npy,2,65536,65105,99.3,771.3341380153793,770.2490729589044,72.79011255184487,0.09450204499724012,2.329544453773125,2.322838817572579,0.4298577791425567,0.1850570844135316
9_KPCWT_160uL_live_740nm_3077mW_u1_poc0p25_20x0p75NA_457s50_g70_z1_256pix_basicFLIM_120f_0002.sdt,20260601_KPC_live_on_SLIM,live,KPCWT,457,0.25,2026-06-02 15:07:45.000000,20260601_KPC_live_on_SLIM::fitet-sz-c2-b5::9_KPCWT_160uL_live_740nm_3077mW_u1_poc0p25_20x0p75NA_457s50_g70_z1_256pix_basicFLIM_120f_0002,E:\18_RK_Circadian\data\raw\20260601_KPC_live_on_SLIM\fitet-sz-c2-b5\9_KPCWT_160uL_live_740nm_3077mW_u1_poc0p25_20x0p75NA_457s50_g70_z1_256pix_basicFLIM_120f_0002_fit_mask.npy,2,65536,64501,98.4,727.816672861772,732.0830076896962,91.4464698741561,0.12491270650133296,2.8293414193724233,2.697040146494742,0.6889919794775323,0.25546226309348546
9_KPCWT_160uL_live_740nm_3077mW_u1_poc0p25_20x0p75NA_457s50_g70_z1_256pix_basicFLIM_120f_0003.sdt,20260601_KPC_live_on_SLIM,live,KPCWT,457,0.25,2026-06-02 15:08:54.000000,20260601_KPC_live_on_SLIM::fitet-sz-c2-b5::9_KPCWT_160uL_live_740nm_3077mW_u1_poc0p25_20x0p75NA_457s50_g70_z1_256pix_basicFLIM_120f_0003,E:\18_RK_Circadian\data\raw\20260601_KPC_live_on_SLIM\fitet-sz-c2-b5\9_KPCWT_160uL_live_740nm_3077mW_u1_poc0p25_20x0p75NA_457s50_g70_z1_256pix_basicFLIM_120f_0003_fit_mask.npy,2,65536,65433,99.8,729.4300665703282,726.5136696231274,64.12310873497051,0.08826139330349257,2.7708048017583904,2.758103515965846,0.3476249244683526,0.12603766408913034
9_KPCWT_160uL_live_740nm_3077mW_u1_poc0p25_20x0p75NA_457s50_g70_z1_256pix_basicFLIM_120f_0004.sdt,20260601_KPC_live_on_SLIM,live,KPCWT,457,0.25,2026-06-02 15:10:02.000000,20260601_KPC_live_on_SLIM::fitet-sz-c2-b5::9_KPCWT_160uL_live_740nm_3077mW_u1_poc0p25_20x0p75NA_457s50_g70_z1_256pix_basicFLIM_120f_0004,E:\18_RK_Circadian\data\raw\20260601_KPC_live_on_SLIM\fitet-sz-c2-b5\9_KPCWT_160uL_live_740nm_3077mW_u1_poc0p25_20x0p75NA_457s50_g70_z1_256pix_basicFLIM_120f_0004_fit_mask.npy,2,65536,64245,98.0,734.5906163110542,751.5862760288311,98.00449601678169,0.13039686745560294,2.5479815655816194,2.375735898250071,0.7936991055076007,0.3340855800058528
9_KPCWT_160uL_live_740nm_3077mW_u1_poc0p25_20x0p75NA_457s50_g70_z1_256pix_basicFLIM_120f_0005.sdt,20260601_KPC_live_on_SLIM,live,KPCWT,457,0.25,2026-06-02 15:11:10.000000,20260601_KPC_live_on_SLIM::fitet-sz-c2-b5::9_KPCWT_160uL_live_740nm_3077mW_u1_poc0p25_20x0p75NA_457s50_g70_z1_256pix_basicFLIM_120f_0005,E:\18_RK_Circadian\data\raw\20260601_KPC_live_on_SLIM\fitet-sz-c2-b5\9_KPCWT_160uL_live_740nm_3077mW_u1_poc0p25_20x0p75NA_457s50_g70_z1_256pix_basicFLIM_120f_0005_fit_mask.npy,2,65536,65112,99.4,760.5956555934931,763.413512358749,81.08271592994319,0.10621074243160657,2.5200603851197396,2.458172833121284,0.4721793074396757,0.1920854795389315
9_KPCWT_160uL_live_740nm_3077mW_u1_poc0p25_20x0p75NA_457s50_g70_z1_256pix_basicFLIM_120f_0006.sdt,20260601_KPC_live_on_SLIM,live,KPCWT,457,0.25,2026-06-02 15:12:19.000000,20260601_KPC_live_on_SLIM::fitet-sz-c2-b5::9_KPCWT_160uL_live_740nm_3077mW_u1_poc0p25_20x0p75NA_457s50_g70_z1_256pix_basicFLIM_120f_0006,E:\18_RK_Circadian\data\raw\20260601_KPC_live_on_SLIM\fitet-sz-c2-b5\9_KPCWT_160uL_live_740nm_3077mW_u1_poc0p25_20x0p75NA_457s50_g70_z1_256pix_basicFLIM_120f_0006_fit_mask.npy,2,65536,64702,98.7,739.4178184830237,741.7227209970713,81.35502511975793,0.1096838789169021,2.676067162263207,2.6158874553522438,0.5330416629537119,0.2037708701355177
9_KPCWT_160uL_live_740nm_3077mW_u1_poc0p25_20x0p75NA_457s50_g70_z1_256pix_basicFLIM_120f_0007.sdt,20260601_KPC_live_on_SLIM,live,KPCWT,457,0.25,2026-06-02 15:13:27.000000,20260601_KPC_live_on_SLIM::fitet-sz-c2-b5::9_KPCWT_160uL_live_740nm_3077mW_u1_poc0p25_20x0p75NA_457s50_g70_z1_256pix_basicFLIM_120f_0007,E:\18_RK_Circadian\data\raw\20260601_KPC_live_on_SLIM\fitet-sz-c2-b5\9_KPCWT_160uL_live_740nm_3077mW_u1_poc0p25_20x0p75NA_457s50_g70_z1_256pix_basicFLIM_120f_0007_fit_mask.npy,2,65536,64625,98.6,760.308330844999,764.9245865990375,92.20084520887094,0.12053586304345229,2.5676318775853866,2.464355197812517,0.6531528456875851,0.2650400584572207
9_KPCWT_160uL_live_740nm_3077mW_u1_poc0p25_20x0p75NA_457s50_g70_z1_256pix_basicFLIM_120f_0008.sdt,20260601_KPC_live_on_SLIM,live,KPCWT,457,0.25,2026-06-02 15:14:36.000000,20260601_KPC_live_on_SLIM::fitet-sz-c2-b5::9_KPCWT_160uL_live_740nm_3077mW_u1_poc0p25_20x0p75NA_457s50_g70_z1_256pix_basicFLIM_120f_0008,E:\18_RK_Circadian\data\raw\20260601_KPC_live_on_SLIM\fitet-sz-c2-b5\9_KPCWT_160uL_live_740nm_3077mW_u1_poc0p25_20x0p75NA_457s50_g70_z1_256pix_basicFLIM_120f_0008_fit_mask.npy,2,65536,65272,99.6,729.736409566156,736.1747159542465,76.87979031903684,0.10443144630331877,2.6923929037119922,2.6131530884068757,0.5007920027621281,0.19164281074226652
9_KPCWT_160uL_live_740nm_3077mW_u1_poc0p25_20x0p75NA_457s50_g70_z1_256pix_basicFLIM_120f_0009.sdt,20260601_KPC_live_on_SLIM,live,KPCWT,457,0.25,2026-06-02 15:15:45.000000,20260601_KPC_live_on_SLIM::fitet-sz-c2-b5::9_KPCWT_160uL_live_740nm_3077mW_u1_poc0p25_20x0p75NA_457s50_g70_z1_256pix_basicFLIM_120f_0009,E:\18_RK_Circadian\data\raw\20260601_KPC_live_on_SLIM\fitet-sz-c2-b5\9_KPCWT_160uL_live_740nm_3077mW_u1_poc0p25_20x0p75NA_457s50_g70_z1_256pix_basicFLIM_120f_0009_fit_mask.npy,2,65536,65247,99.6,769.0908300712887,766.883716030346,59.039015326926375,0.07698561606254027,2.6888554410374548,2.7061275918403815,0.3223198910240637,0.11910742567938587
9_KPCWT_160uL_live_740nm_3077mW_u1_poc0p25_20x0p75NA_457s50_g70_z1_256pix_basicFLIM_120f_0010.sdt,20260601_KPC_live_on_SLIM,live,KPCWT,457,0.25,2026-06-02 15:16:54.000000,20260601_KPC_live_on_SLIM::fitet-sz-c2-b5::9_KPCWT_160uL_live_740nm_3077mW_u1_poc0p25_20x0p75NA_457s50_g70_z1_256pix_basicFLIM_120f_0010,E:\18_RK_Circadian\data\raw\20260601_KPC_live_on_SLIM\fitet-sz-c2-b5\9_KPCWT_160uL_live_740nm_3077mW_u1_poc0p25_20x0p75NA_457s50_g70_z1_256pix_basicFLIM_120f_0010_fit_mask.npy,2,65536,65365,99.7,752.0826289311939,749.0995125197772,66.97082657800995,0.08940177567695563,2.569197141243215,2.5854084956753023,0.37446142594975823,0.14483646455719942
9_KPCWT_160uL_live_740nm_3077mW_u1_poc0p25_20x0p75NA_457s50_g70_z1_256pix_basicFLIM_120f_0011.sdt,20260601_KPC_live_on_SLIM,live,KPCWT,457,0.25,2026-06-02 15:18:04.000000,20260601_KPC_live_on_SLIM::fitet-sz-c2-b5::9_KPCWT_160uL_live_740nm_3077mW_u1_poc0p25_20x0p75NA_457s50_g70_z1_256pix_basicFLIM_120f_0011,E:\18_RK_Circadian\data\raw\20260601_KPC_live_on_SLIM\fitet-sz-c2-b5\9_KPCWT_160uL_live_740nm_3077mW_u1_poc0p25_20x0p75NA_457s50_g70_z1_256pix_basicFLIM_120f_0011_fit_mask.npy,2,65536,64744,98.8,721.6058032319756,718.1151660491903,55.07492740456041,0.07669372547520856,3.081119858793259,3.0824246941899323,0.2676134380925355,0.08681913254749112
9_KPCWT_160uL_live_740nm_3077mW_u1_poc0p25_20x0p75NA_457s50_g70_z1_256pix_basicFLIM_120f_0012.sdt,20260601_KPC_live_on_SLIM,live,KPCWT,457,0.25,2026-06-02 15:19:12.000000,20260601_KPC_live_on_SLIM::fitet-sz-c2-b5::9_KPCWT_160uL_live_740nm_3077mW_u1_poc0p25_20x0p75NA_457s50_g70_z1_256pix_basicFLIM_120f_0012,E:\18_RK_Circadian\data\raw\20260601_KPC_live_on_SLIM\fitet-sz-c2-b5\9_KPCWT_160uL_live_740nm_3077mW_u1_poc0p25_20x0p75NA_457s50_g70_z1_256pix_basicFLIM_120f_0012_fit_mask.npy,2,65536,65384,99.8,768.4522529414355,765.444852431365,64.2497425762356,0.08393778124204797,2.7615292044554787,2.7530370270146585,0.3348370234739654,0.12162459864808152
9_KPCWT_160uL_live_740nm_3077mW_u1_poc0p25_20x0p75NA_457s50_g70_z1_256pix_basicFLIM_120f_0013.sdt,20260601_KPC_live_on_SLIM,live,KPCWT,457,0.25,2026-06-02 15:20:21.000000,20260601_KPC_live_on_SLIM::fitet-sz-c2-b5::9_KPCWT_160uL_live_740nm_3077mW_u1_poc0p25_20x0p75NA_457s50_g70_z1_256pix_basicFLIM_120f_0013,E:\18_RK_Circadian\data\raw\20260601_KPC_live_on_SLIM\fitet-sz-c2-b5\9_KPCWT_160uL_live_740nm_3077mW_u1_poc0p25_20x0p75NA_457s50_g70_z1_256pix_basicFLIM_120f_0013_fit_mask.npy,2,65536,65504,100.0,720.5200052475038,720.5445725682829,56.90745644821852,0.07897839858175552,2.853348837530734,2.865386231661491,0.32821396618136095,0.11454440680795987
9_KPCWT_160uL_live_740nm_3077mW_u1_poc0p25_20x0p75NA_535s50_g70_z1_256pix_basicFLIM_120f_0000.sdt,20260601_KPC_live_on_SLIM,live,KPCWT,535,0.25,2026-06-02 15:22:16.000000,20260601_KPC_live_on_SLIM::fitet-sz-c2-b5::9_KPCWT_160uL_live_740nm_3077mW_u1_poc0p25_20x0p75NA_535s50_g70_z1_256pix_basicFLIM_120f_0000,E:\18_RK_Circadian\data\raw\20260601_KPC_live_on_SLIM\fitet-sz-c2-b5\9_KPCWT_160uL_live_740nm_3077mW_u1_poc0p25_20x0p75NA_535s50_g70_z1_256pix_basicFLIM_120f_0000_fit_mask.npy,2,65536,54520,83.2,585.1797887975401,582.7158867099898,72.73672849752204,0.12482365790332771,3.3427726060894845,3.380447765641543,0.4192933293631932,0.12403484935482194
9_KPCWT_160uL_live_740nm_3077mW_u1_poc0p25_20x0p75NA_535s50_g70_z1_256pix_basicFLIM_120f_0001.sdt,20260601_KPC_live_on_SLIM,live,KPCWT,535,0.25,2026-06-02 15:23:25.000000,20260601_KPC_live_on_SLIM::fitet-sz-c2-b5::9_KPCWT_160uL_live_740nm_3077mW_u1_poc0p25_20x0p75NA_535s50_g70_z1_256pix_basicFLIM_120f_0001,E:\18_RK_Circadian\data\raw\20260601_KPC_live_on_SLIM\fitet-sz-c2-b5\9_KPCWT_160uL_live_740nm_3077mW_u1_poc0p25_20x0p75NA_535s50_g70_z1_256pix_basicFLIM_120f_0001_fit_mask.npy,2,65536,59405,90.6,602.7172592704478,601.9120993204044,78.23507846969211,0.1299775807099148,3.163260255718773,3.190203911992951,0.3846236587051548,0.12056397312386115
9_KPCWT_160uL_live_740nm_3077mW_u1_poc0p25_20x0p75NA_535s50_g70_z1_256pix_basicFLIM_120f_0002.sdt,20260601_KPC_live_on_SLIM,live,KPCWT,535,0.25,2026-06-02 15:25:44.000000,20260601_KPC_live_on_SLIM::fitet-sz-c2-b5::9_KPCWT_160uL_live_740nm_3077mW_u1_poc0p25_20x0p75NA_535s50_g70_z1_256pix_basicFLIM_120f_0002,E:\18_RK_Circadian\data\raw\20260601_KPC_live_on_SLIM\fitet-sz-c2-b5\9_KPCWT_160uL_live_740nm_3077mW_u1_poc0p25_20x0p75NA_535s50_g70_z1_256pix_basicFLIM_120f_0002_fit_mask.npy,2,65536,55544,84.8,576.8503216601448,579.6665319896196,67.3151025693609,0.11612728845723036,3.42548906810351,3.4469347542448947,0.4051969677551926,0.11755283944849643
9_KPCWT_160uL_live_740nm_3077mW_u1_poc0p25_20x0p75NA_535s50_g70_z1_256pix_basicFLIM_120f_0003.sdt,20260601_KPC_live_on_SLIM,live,KPCWT,535,0.25,2026-06-02 15:26:52.000000,20260601_KPC_live_on_SLIM::fitet-sz-c2-b5::9_KPCWT_160uL_live_740nm_3077mW_u1_poc0p25_20x0p75NA_535s50_g70_z1_256pix_basicFLIM_120f_0003,E:\18_RK_Circadian\data\raw\20260601_KPC_live_on_SLIM\fitet-sz-c2-b5\9_KPCWT_160uL_live_740nm_3077mW_u1_poc0p25_20x0p75NA_535s50_g70_z1_256pix_basicFLIM_120f_0003_fit_mask.npy,2,65536,65077,99.3,594.1721138911576,593.7304189152995,70.38068581075754,0.11853980117666485,3.2569563983732146,3.273380797938552,0.3321837352371567,0.10148032133821801
9_KPCWT_160uL_live_740nm_3077mW_u1_poc0p25_20x0p75NA_535s50_g70_z1_256pix_basicFLIM_120f_0004.sdt,20260601_KPC_live_on_SLIM,live,KPCWT,535,0.25,2026-06-02 15:28:01.000000,20260601_KPC_live_on_SLIM::fitet-sz-c2-b5::9_KPCWT_160uL_live_740nm_3077mW_u1_poc0p25_20x0p75NA_535s50_g70_z1_256pix_basicFLIM_120f_0004,E:\18_RK_Circadian\data\raw\20260601_KPC_live_on_SLIM\fitet-sz-c2-b5\9_KPCWT_160uL_live_740nm_3077mW_u1_poc0p25_20x0p75NA_535s50_g70_z1_256pix_basicFLIM_120f_0004_fit_mask.npy,2,65536,48391,73.8,582.641144086481,587.2979028890012,71.47676482715525,0.12170444415951592,3.386975724467935,3.3748262221586347,0.4089497037096664,0.12117652192713216
9_KPCWT_160uL_live_740nm_3077mW_u1_poc0p25_20x0p75NA_535s50_g70_z1_256pix_basicFLIM_120f_0005.sdt,20260601_KPC_live_on_SLIM,live,KPCWT,535,0.25,2026-06-02 15:29:09.000000,20260601_KPC_live_on_SLIM::fitet-sz-c2-b5::9_KPCWT_160uL_live_740nm_3077mW_u1_poc0p25_20x0p75NA_535s50_g70_z1_256pix_basicFLIM_120f_0005,E:\18_RK_Circadian\data\raw\20260601_KPC_live_on_SLIM\fitet-sz-c2-b5\9_KPCWT_160uL_live_740nm_3077mW_u1_poc0p25_20x0p75NA_535s50_g70_z1_256pix_basicFLIM_120f_0005_fit_mask.npy,2,65536,59899,91.4,598.4437080581728,598.0131810789181,74.2881920626162,0.12422500776418939,3.2257286535303775,3.2369352900863784,0.3749764959149081,0.11584306212834479
9_KPCWT_160uL_live_740nm_3077mW_u1_poc0p25_20x0p75NA_535s50_g70_z1_256pix_basicFLIM_120f_0006.sdt,20260601_KPC_live_on_SLIM,live,KPCWT,535,0.25,2026-06-02 15:30:17.000000,20260601_KPC_live_on_SLIM::fitet-sz-c2-b5::9_KPCWT_160uL_live_740nm_3077mW_u1_poc0p25_20x0p75NA_535s50_g70_z1_256pix_basicFLIM_120f_0006,E:\18_RK_Circadian\data\raw\20260601_KPC_live_on_SLIM\fitet-sz-c2-b5\9_KPCWT_160uL_live_740nm_3077mW_u1_poc0p25_20x0p75NA_535s50_g70_z1_256pix_basicFLIM_120f_0006_fit_mask.npy,2,65536,61090,93.2,595.5919837628273,595.4654713575777,77.74086567892662,0.1305547834733194,3.246552902182032,3.264894448301275,0.4221031160406803,0.1292853789684688
9_KPCWT_160uL_live_740nm_3077mW_u1_poc0p25_20x0p75NA_535s50_g70_z1_256pix_basicFLIM_120f_0007.sdt,20260601_KPC_live_on_SLIM,live,KPCWT,535,0.25,2026-06-02 15:31:25.000000,20260601_KPC_live_on_SLIM::fitet-sz-c2-b5::9_KPCWT_160uL_live_740nm_3077mW_u1_poc0p25_20x0p75NA_535s50_g70_z1_256pix_basicFLIM_120f_0007,E:\18_RK_Circadian\data\raw\20260601_KPC_live_on_SLIM\fitet-sz-c2-b5\9_KPCWT_160uL_live_740nm_3077mW_u1_poc0p25_20x0p75NA_535s50_g70_z1_256pix_basicFLIM_120f_0007_fit_mask.npy,2,65536,57943,88.4,595.6057613415534,594.993525699257,78.12538335210103,0.13130459404627196,3.235755150467036,3.256538299863205,0.41289895092128465,0.12679075536701934
9_KPCWT_160uL_live_740nm_3077mW_u1_poc0p25_20x0p75NA_535s50_g70_z1_256pix_basicFLIM_120f_0008.sdt,20260601_KPC_live_on_SLIM,live,KPCWT,535,0.25,2026-06-02 15:32:34.000000,20260601_KPC_live_on_SLIM::fitet-sz-c2-b5::9_KPCWT_160uL_live_740nm_3077mW_u1_poc0p25_20x0p75NA_535s50_g70_z1_256pix_basicFLIM_120f_0008,E:\18_RK_Circadian\data\raw\20260601_KPC_live_on_SLIM\fitet-sz-c2-b5\9_KPCWT_160uL_live_740nm_3077mW_u1_poc0p25_20x0p75NA_535s50_g70_z1_256pix_basicFLIM_120f_0008_fit_mask.npy,2,65536,62361,95.2,587.7202956426588,589.2056109749684,75.261594224979,0.1277340079984004,3.260238268278345,3.2734715188054264,0.41227916710455637,0.12594554885725953
9_KPCWT_160uL_live_740nm_3077mW_u1_poc0p25_20x0p75NA_535s50_g70_z1_256pix_basicFLIM_120f_0009.sdt,20260601_KPC_live_on_SLIM,live,KPCWT,535,0.25,2026-06-02 15:33:43.000000,20260601_KPC_live_on_SLIM::fitet-sz-c2-b5::9_KPCWT_160uL_live_740nm_3077mW_u1_poc0p25_20x0p75NA_535s50_g70_z1_256pix_basicFLIM_120f_0009,E:\18_RK_Circadian\data\raw\20260601_KPC_live_on_SLIM\fitet-sz-c2-b5\9_KPCWT_160uL_live_740nm_3077mW_u1_poc0p25_20x0p75NA_535s50_g70_z1_256pix_basicFLIM_120f_0009_fit_mask.npy,2,65536,65069,99.3,615.6117639443567,612.1657474902854,66.08606684132829,0.10795453210550142,3.222430382782291,3.2469742476353116,0.34302284675818817,0.10564384580752463
9_KPCWT_160uL_live_740nm_3077mW_u1_poc0p25_20x0p75NA_535s50_g70_z1_256pix_basicFLIM_120f_0010.sdt,20260601_KPC_live_on_SLIM,live,KPCWT,535,0.25,2026-06-02 15:34:52.000000,20260601_KPC_live_on_SLIM::fitet-sz-c2-b5::9_KPCWT_160uL_live_740nm_3077mW_u1_poc0p25_20x0p75NA_535s50_g70_z1_256pix_basicFLIM_120f_0010,E:\18_RK_Circadian\data\raw\20260601_KPC_live_on_SLIM\fitet-sz-c2-b5\9_KPCWT_160uL_live_740nm_3077mW_u1_poc0p25_20x0p75NA_535s50_g70_z1_256pix_basicFLIM_120f_0010_fit_mask.npy,2,65536,64744,98.8,607.8230669208699,605.3271085429678,74.70628689731656,0.12341473864789536,3.196861485499074,3.2262450717251605,0.3680562974857892,0.11408194024422935
9_KPCWT_160uL_live_740nm_3077mW_u1_poc0p25_20x0p75NA_535s50_g70_z1_256pix_basicFLIM_120f_0011.sdt,20260601_KPC_live_on_SLIM,live,KPCWT,535,0.25,2026-06-02 15:36:01.000000,20260601_KPC_live_on_SLIM::fitet-sz-c2-b5::9_KPCWT_160uL_live_740nm_3077mW_u1_poc0p25_20x0p75NA_535s50_g70_z1_256pix_basicFLIM_120f_0011,E:\18_RK_Circadian\data\raw\20260601_KPC_live_on_SLIM\fitet-sz-c2-b5\9_KPCWT_160uL_live_740nm_3077mW_u1_poc0p25_20x0p75NA_535s50_g70_z1_256pix_basicFLIM_120f_0011_fit_mask.npy,2,65536,63983,97.6,549.2907951847981,550.6218814879617,57.04323421752784,0.1035978338953371,3.5279198557064197,3.547058315428077,0.33339688381380256,0.09399250143807307
9_KPCWT_160uL_live_740nm_3077mW_u1_poc0p25_20x0p75NA_535s50_g70_z1_256pix_basicFLIM_120f_0012.sdt,20260601_KPC_live_on_SLIM,live,KPCWT,535,0.25,2026-06-02 15:37:10.000000,20260601_KPC_live_on_SLIM::fitet-sz-c2-b5::9_KPCWT_160uL_live_740nm_3077mW_u1_poc0p25_20x0p75NA_535s50_g70_z1_256pix_basicFLIM_120f_0012,E:\18_RK_Circadian\data\raw\20260601_KPC_live_on_SLIM\fitet-sz-c2-b5\9_KPCWT_160uL_live_740nm_3077mW_u1_poc0p25_20x0p75NA_535s50_g70_z1_256pix_basicFLIM_120f_0012_fit_mask.npy,2,65536,65240,99.5,601.4958544901956,601.3364619375925,61.66377127721378,0.10254454066950182,3.244622695324331,3.2569636569540097,0.31518091020226646,0.09677139305172082
9_KPCWT_160uL_live_740nm_3077mW_u1_poc0p25_20x0p75NA_535s50_g70_z1_256pix_basicFLIM_120f_0013.sdt,20260601_KPC_live_on_SLIM,live,KPCWT,535,0.25,2026-06-02 15:38:18.000000,20260601_KPC_live_on_SLIM::fitet-sz-c2-b5::9_KPCWT_160uL_live_740nm_3077mW_u1_poc0p25_20x0p75NA_535s50_g70_z1_256pix_basicFLIM_120f_0013,E:\18_RK_Circadian\data\raw\20260601_KPC_live_on_SLIM\fitet-sz-c2-b5\9_KPCWT_160uL_live_740nm_3077mW_u1_poc0p25_20x0p75NA_535s50_g70_z1_256pix_basicFLIM_120f_0013_fit_mask.npy,2,65536,65375,99.8,594.6422381952129,595.7494407093743,64.55448605351566,0.10835845011729925,3.306969109088196,3.3210975319717226,0.34002145411387696,0.10238225491438896
10_KPCWT_145uL_live_740nm_3076mW_u1_poc0p25_20x0p75NA_457s50_g70_z1_256pix_basicFLIM_120f_0000.sdt,20260601_KPC_live_on_SLIM,live,KPCWT,457,0.25,2026-06-02 16:06:34.000000,20260601_KPC_live_on_SLIM::fitet-sz-c2-b5::10_KPCWT_145uL_live_740nm_3076mW_u1_poc0p25_20x0p75NA_457s50_g70_z1_256pix_basicFLIM_120f_0000,E:\18_RK_Circadian\data\raw\20260601_KPC_live_on_SLIM\fitet-sz-c2-b5\10_KPCWT_145uL_live_740nm_3076mW_u1_poc0p25_20x0p75NA_457s50_g70_z1_256pix_basicFLIM_120f_0000_fit_mask.npy,2,65536,64725,98.8,720.5074170702554,729.0227210966549,86.88189709010496,0.11917584263959591,2.9070523637337615,2.8194158443955026,0.6561506867440237,0.2327257570210278
10_KPCWT_145uL_live_740nm_3076mW_u1_poc0p25_20x0p75NA_457s50_g70_z1_256pix_basicFLIM_120f_0001.sdt,20260601_KPC_live_on_SLIM,live,KPCWT,457,0.25,2026-06-02 16:07:43.000000,20260601_KPC_live_on_SLIM::fitet-sz-c2-b5::10_KPCWT_145uL_live_740nm_3076mW_u1_poc0p25_20x0p75NA_457s50_g70_z1_256pix_basicFLIM_120f_0001,E:\18_RK_Circadian\data\raw\20260601_KPC_live_on_SLIM\fitet-sz-c2-b5\10_KPCWT_145uL_live_740nm_3076mW_u1_poc0p25_20x0p75NA_457s50_g70_z1_256pix_basicFLIM_120f_0001_fit_mask.npy,2,65536,64458,98.4,748.56071750457,759.2038754413338,107.35892968945187,0.1414098810112671,2.5314963760531155,2.383977083764218,0.7306612324903284,0.3064883624370413
10_KPCWT_145uL_live_740nm_3076mW_u1_poc0p25_20x0p75NA_457s50_g70_z1_256pix_basicFLIM_120f_0002.sdt,20260601_KPC_live_on_SLIM,live,KPCWT,457,0.25,2026-06-02 16:08:51.000000,20260601_KPC_live_on_SLIM::fitet-sz-c2-b5::10_KPCWT_145uL_live_740nm_3076mW_u1_poc0p25_20x0p75NA_457s50_g70_z1_256pix_basicFLIM_120f_0002,E:\18_RK_Circadian\data\raw\20260601_KPC_live_on_SLIM\fitet-sz-c2-b5\10_KPCWT_145uL_live_740nm_3076mW_u1_poc0p25_20x0p75NA_457s50_g70_z1_256pix_basicFLIM_120f_0002_fit_mask.npy,2,65536,64665,98.7,799.8955005231801,809.0008939881453,114.54369056453764,0.14158660567094022,1.9957781236949013,2.014009329784103,0.6005886052715521,0.2982054732268464
10_KPCWT_145uL_live_740nm_3076mW_u1_poc0p25_20x0p75NA_457s50_g70_z1_256pix_basicFLIM_120f_0003.sdt,20260601_KPC_live_on_SLIM,live,KPCWT,457,0.25,2026-06-02 16:10:00.000000,20260601_KPC_live_on_SLIM::fitet-sz-c2-b5::10_KPCWT_145uL_live_740nm_3076mW_u1_poc0p25_20x0p75NA_457s50_g70_z1_256pix_basicFLIM_120f_0003,E:\18_RK_Circadian\data\raw\20260601_KPC_live_on_SLIM\fitet-sz-c2-b5\10_KPCWT_145uL_live_740nm_3076mW_u1_poc0p25_20x0p75NA_457s50_g70_z1_256pix_basicFLIM_120f_0003_fit_mask.npy,2,65536,64905,99.0,739.4891705439137,745.4809679808964,89.63434539005567,0.12023693325508564,2.6578339065230874,2.5968510969329572,0.5394883870082418,0.2077471394664912
10_KPCWT_145uL_live_740nm_3076mW_u1_poc0p25_20x0p75NA_457s50_g70_z1_256pix_basicFLIM_120f_0004.sdt,20260601_KPC_live_on_SLIM,live,KPCWT,457,0.25,2026-06-02 16:11:08.000000,20260601_KPC_live_on_SLIM::fitet-sz-c2-b5::10_KPCWT_145uL_live_740nm_3076mW_u1_poc0p25_20x0p75NA_457s50_g70_z1_256pix_basicFLIM_120f_0004,E:\18_RK_Circadian\data\raw\20260601_KPC_live_on_SLIM\fitet-sz-c2-b5\10_KPCWT_145uL_live_740nm_3076mW_u1_poc0p25_20x0p75NA_457s50_g70_z1_256pix_basicFLIM_120f_0004_fit_mask.npy,2,65536,64359,98.2,779.0672177346829,792.0463043938795,102.03532462168671,0.12882494881378198,2.32481709986035,2.197664036626093,0.6375377990648323,0.29009793509821263
10_KPCWT_145uL_live_740nm_3076mW_u1_poc0p25_20x0p75NA_457s50_g70_z1_256pix_basicFLIM_120f_0005.sdt,20260601_KPC_live_on_SLIM,live,KPCWT,457,0.25,2026-06-02 16:12:17.000000,20260601_KPC_live_on_SLIM::fitet-sz-c2-b5::10_KPCWT_145uL_live_740nm_3076mW_u1_poc0p25_20x0p75NA_457s50_g70_z1_256pix_basicFLIM_120f_0005,E:\18_RK_Circadian\data\raw\20260601_KPC_live_on_SLIM\fitet-sz-c2-b5\10_KPCWT_145uL_live_740nm_3076mW_u1_poc0p25_20x0p75NA_457s50_g70_z1_256pix_basicFLIM_120f_0005_fit_mask.npy,2,65536,64305,98.1,734.7758520224976,753.3645118783332,111.69998234109059,0.1482681764005495,2.6392050176748927,2.482344339362947,0.8004724138052574,0.3224663078010706
10_KPCWT_145uL_live_740nm_3076mW_u1_poc0p25_20x0p75NA_457s50_g70_z1_256pix_basicFLIM_120f_0006.sdt,20260601_KPC_live_on_SLIM,live,KPCWT,457,0.25,2026-06-02 16:13:26.000000,20260601_KPC_live_on_SLIM::fitet-sz-c2-b5::10_KPCWT_145uL_live_740nm_3076mW_u1_poc0p25_20x0p75NA_457s50_g70_z1_256pix_basicFLIM_120f_0006,E:\18_RK_Circadian\data\raw\20260601_KPC_live_on_SLIM\fitet-sz-c2-b5\10_KPCWT_145uL_live_740nm_3076mW_u1_poc0p25_20x0p75NA_457s50_g70_z1_256pix_basicFLIM_120f_0006_fit_mask.npy,2,65536,65094,99.3,791.3164701207751,791.2745597827736,94.54401873689591,0.11948320285041239,2.6498016608703856,2.6364921734566344,0.526416577833395,0.19966551887890654
10_KPCWT_145uL_live_740nm_3076mW_u1_poc0p25_20x0p75NA_457s50_g70_z1_256pix_basicFLIM_120f_0007.sdt,20260601_KPC_live_on_SLIM,live,KPCWT,457,0.25,2026-06-02 16:14:35.000000,20260601_KPC_live_on_SLIM::fitet-sz-c2-b5::10_KPCWT_145uL_live_740nm_3076mW_u1_poc0p25_20x0p75NA_457s50_g70_z1_256pix_basicFLIM_120f_0007,E:\18_RK_Circadian\data\raw\20260601_KPC_live_on_SLIM\fitet-sz-c2-b5\10_KPCWT_145uL_live_740nm_3076mW_u1_poc0p25_20x0p75NA_457s50_g70_z1_256pix_basicFLIM_120f_0007_fit_mask.npy,2,65536,64305,98.1,739.2583220458456,746.8589217452504,92.98076486288431,0.12449575435961593,2.7480638866413276,2.60851010570857,0.7133082589864639,0.27345428236042907
10_KPCWT_145uL_live_740nm_3076mW_u1_poc0p25_20x0p75NA_457s50_g70_z1_256pix_basicFLIM_120f_0008.sdt,20260601_KPC_live_on_SLIM,live,KPCWT,457,0.25,2026-06-02 16:15:43.000000,20260601_KPC_live_on_SLIM::fitet-sz-c2-b5::10_KPCWT_145uL_live_740nm_3076mW_u1_poc0p25_20x0p75NA_457s50_g70_z1_256pix_basicFLIM_120f_0008,E:\18_RK_Circadian\data\raw\20260601_KPC_live_on_SLIM\fitet-sz-c2-b5\10_KPCWT_145uL_live_740nm_3076mW_u1_poc0p25_20x0p75NA_457s50_g70_z1_256pix_basicFLIM_120f_0008_fit_mask.npy,2,65536,64037,97.7,749.3315709554611,749.3415164740203,90.24152238671509,0.12042776277943458,2.666783277942977,2.5992976649325095,0.653829142600876,0.2515406955585645
10_KPCWT_145uL_live_740nm_3076mW_u1_poc0p25_20x0p75NA_457s50_g70_z1_256pix_basicFLIM_120f_0009.sdt,20260601_KPC_live_on_SLIM,live,KPCWT,457,0.25,2026-06-02 16:16:52.000000,20260601_KPC_live_on_SLIM::fitet-sz-c2-b5::10_KPCWT_145uL_live_740nm_3076mW_u1_poc0p25_20x0p75NA_457s50_g70_z1_256pix_basicFLIM_120f_0009,E:\18_RK_Circadian\data\raw\20260601_KPC_live_on_SLIM\fitet-sz-c2-b5\10_KPCWT_145uL_live_740nm_3076mW_u1_poc0p25_20x0p75NA_457s50_g70_z1_256pix_basicFLIM_120f_0009_fit_mask.npy,2,65536,65060,99.3,764.1995159814726,759.2416329389489,85.94878592802266,0.1132034680386578,2.552296880825515,2.597702534842423,0.509448217745967,0.19611491728280975
10_KPCWT_145uL_live_740nm_3076mW_u1_poc0p25_20x0p75NA_457s50_g70_z1_256pix_basicFLIM_120f_0010.sdt,20260601_KPC_live_on_SLIM,live,KPCWT,457,0.25,2026-06-02 16:18:00.000000,20260601_KPC_live_on_SLIM::fitet-sz-c2-b5::10_KPCWT_145uL_live_740nm_3076mW_u1_poc0p25_20x0p75NA_457s50_g70_z1_256pix_basicFLIM_120f_0010,E:\18_RK_Circadian\data\raw\20260601_KPC_live_on_SLIM\fitet-sz-c2-b5\10_KPCWT_145uL_live_740nm_3076mW_u1_poc0p25_20x0p75NA_457s50_g70_z1_256pix_basicFLIM_120f_0010_fit_mask.npy,2,65536,65370,99.7,748.614363188092,743.6510328975731,83.44340494553931,0.11220774429695762,2.786715949933525,2.816186410299014,0.44063255637921345,0.15646427195578594
10_KPCWT_145uL_live_740nm_3076mW_u1_poc0p25_20x0p75NA_457s50_g70_z1_256pix_basicFLIM_120f_0011.sdt,20260601_KPC_live_on_SLIM,live,KPCWT,457,0.25,2026-06-02 16:19:09.000000,20260601_KPC_live_on_SLIM::fitet-sz-c2-b5::10_KPCWT_145uL_live_740nm_3076mW_u1_poc0p25_20x0p75NA_457s50_g70_z1_256pix_basicFLIM_120f_0011,E:\18_RK_Circadian\data\raw\20260601_KPC_live_on_SLIM\fitet-sz-c2-b5\10_KPCWT_145uL_live_740nm_3076mW_u1_poc0p25_20x0p75NA_457s50_g70_z1_256pix_basicFLIM_120f_0011_fit_mask.npy,2,65536,65484,99.9,714.735450210366,715.2790641621004,60.45582161925553,0.08452060831680473,2.983973178517523,2.9844115618093485,0.39181543866108526,0.13128733438612625
10_KPCWT_145uL_live_740nm_3076mW_u1_poc0p25_20x0p75NA_457s50_g70_z1_256pix_basicFLIM_120f_0012.sdt,20260601_KPC_live_on_SLIM,live,KPCWT,457,0.25,2026-06-02 16:20:18.000000,20260601_KPC_live_on_SLIM::fitet-sz-c2-b5::10_KPCWT_145uL_live_740nm_3076mW_u1_poc0p25_20x0p75NA_457s50_g70_z1_256pix_basicFLIM_120f_0012,E:\18_RK_Circadian\data\raw\20260601_KPC_live_on_SLIM\fitet-sz-c2-b5\10_KPCWT_145uL_live_740nm_3076mW_u1_poc0p25_20x0p75NA_457s50_g70_z1_256pix_basicFLIM_120f_0012_fit_mask.npy,2,65536,65431,99.8,756.81697996169,754.537005900852,84.03605307897593,0.11137432945206463,2.8473801372658945,2.8786389834115353,0.42397360109554816,0.14728265806818477
10_KPCWT_145uL_live_740nm_3076mW_u1_poc0p25_20x0p75NA_457s50_g70_z1_256pix_basicFLIM_120f_0013.sdt,20260601_KPC_live_on_SLIM,live,KPCWT,457,0.25,2026-06-02 16:21:27.000000,20260601_KPC_live_on_SLIM::fitet-sz-c2-b5::10_KPCWT_145uL_live_740nm_3076mW_u1_poc0p25_20x0p75NA_457s50_g70_z1_256pix_basicFLIM_120f_0013,E:\18_RK_Circadian\data\raw\20260601_KPC_live_on_SLIM\fitet-sz-c2-b5\10_KPCWT_145uL_live_740nm_3076mW_u1_poc0p25_20x0p75NA_457s50_g70_z1_256pix_basicFLIM_120f_0013_fit_mask.npy,2,65536,65238,99.5,754.0615089299338,758.1099078540656,70.85466079331414,0.0934622540336902,2.8289670611311695,2.8465332836075494,0.4321968010083383,0.15183268837826283
10_KPCWT_145uL_live_740nm_3076mW_u1_poc0p25_20x0p75NA_535s50_g70_z1_256pix_basicFLIM_120f_0000.sdt,20260601_KPC_live_on_SLIM,live,KPCWT,535,0.25,2026-06-02 16:23:21.000000,20260601_KPC_live_on_SLIM::fitet-sz-c2-b5::10_KPCWT_145uL_live_740nm_3076mW_u1_poc0p25_20x0p75NA_535s50_g70_z1_256pix_basicFLIM_120f_0000,E:\18_RK_Circadian\data\raw\20260601_KPC_live_on_SLIM\fitet-sz-c2-b5\10_KPCWT_145uL_live_740nm_3076mW_u1_poc0p25_20x0p75NA_535s50_g70_z1_256pix_basicFLIM_120f_0000_fit_mask.npy,2,65536,61844,94.4,582.1467141137528,588.7401973306143,79.7546816150876,0.13546668288780084,3.402395308640333,3.4031381142809796,0.4422126441815902,0.12994260865460688
10_KPCWT_145uL_live_740nm_3076mW_u1_poc0p25_20x0p75NA_535s50_g70_z1_256pix_basicFLIM_120f_0001.sdt,20260601_KPC_live_on_SLIM,live,KPCWT,535,0.25,2026-06-02 16:24:30.000000,20260601_KPC_live_on_SLIM::fitet-sz-c2-b5::10_KPCWT_145uL_live_740nm_3076mW_u1_poc0p25_20x0p75NA_535s50_g70_z1_256pix_basicFLIM_120f_0001,E:\18_RK_Circadian\data\raw\20260601_KPC_live_on_SLIM\fitet-sz-c2-b5\10_KPCWT_145uL_live_740nm_3076mW_u1_poc0p25_20x0p75NA_535s50_g70_z1_256pix_basicFLIM_120f_0001_fit_mask.npy,2,65536,56612,86.4,593.7183876666959,595.0378522903658,89.13834288516277,0.14980281093389192,3.240373777649137,3.247374907660185,0.47716697592257007,0.1469392938884229
10_KPCWT_145uL_live_740nm_3076mW_u1_poc0p25_20x0p75NA_535s50_g70_z1_256pix_basicFLIM_120f_0002.sdt,20260601_KPC_live_on_SLIM,live,KPCWT,535,0.25,2026-06-02 16:25:38.000000,20260601_KPC_live_on_SLIM::fitet-sz-c2-b5::10_KPCWT_145uL_live_740nm_3076mW_u1_poc0p25_20x0p75NA_535s50_g70_z1_256pix_basicFLIM_120f_0002,E:\18_RK_Circadian\data\raw\20260601_KPC_live_on_SLIM\fitet-sz-c2-b5\10_KPCWT_145uL_live_740nm_3076mW_u1_poc0p25_20x0p75NA_535s50_g70_z1_256pix_basicFLIM_120f_0002_fit_mask.npy,2,65536,57600,87.9,594.7444000478165,600.2431633107279,95.23823990656194,0.1586660968885704,3.15799615805026,3.191698141118329,0.48550536147458845,0.15211506226728375
10_KPCWT_145uL_live_740nm_3076mW_u1_poc0p25_20x0p75NA_535s50_g70_z1_256pix_basicFLIM_120f_0003.sdt,20260601_KPC_live_on_SLIM,live,KPCWT,535,0.25,2026-06-02 16:26:47.000000,20260601_KPC_live_on_SLIM::fitet-sz-c2-b5::10_KPCWT_145uL_live_740nm_3076mW_u1_poc0p25_20x0p75NA_535s50_g70_z1_256pix_basicFLIM_120f_0003,E:\18_RK_Circadian\data\raw\20260601_KPC_live_on_SLIM\fitet-sz-c2-b5\10_KPCWT_145uL_live_740nm_3076mW_u1_poc0p25_20x0p75NA_535s50_g70_z1_256pix_basicFLIM_120f_0003_fit_mask.npy,2,65536,62252,95.0,587.0507702941284,589.4226875205162,83.28928714798698,0.141306551158311,3.295656937467421,3.296963706687536,0.4092429295653335,0.12412721703160647
10_KPCWT_145uL_live_740nm_3076mW_u1_poc0p25_20x0p75NA_535s50_g70_z1_256pix_basicFLIM_120f_0004.sdt,20260601_KPC_live_on_SLIM,live,KPCWT,535,0.25,2026-06-02 16:27:55.000000,20260601_KPC_live_on_SLIM::fitet-sz-c2-b5::10_KPCWT_145uL_live_740nm_3076mW_u1_poc0p25_20x0p75NA_535s50_g70_z1_256pix_basicFLIM_120f_0004,E:\18_RK_Circadian\data\raw\20260601_KPC_live_on_SLIM\fitet-sz-c2-b5\10_KPCWT_145uL_live_740nm_3076mW_u1_poc0p25_20x0p75NA_535s50_g70_z1_256pix_basicFLIM_120f_0004_fit_mask.npy,2,65536,54991,83.9,618.0863828889911,618.811229954509,87.64205789939044,0.14162971461560792,3.108306889445055,3.125655020412898,0.43200537240872317,0.13821274887580376
10_KPCWT_145uL_live_740nm_3076mW_u1_poc0p25_20x0p75NA_535s50_g70_z1_256pix_basicFLIM_120f_0005.sdt,20260601_KPC_live_on_SLIM,live,KPCWT,535,0.25,2026-06-02 16:29:05.000000,20260601_KPC_live_on_SLIM::fitet-sz-c2-b5::10_KPCWT_145uL_live_740nm_3076mW_u1_poc0p25_20x0p75NA_535s50_g70_z1_256pix_basicFLIM_120f_0005,E:\18_RK_Circadian\data\raw\20260601_KPC_live_on_SLIM\fitet-sz-c2-b5\10_KPCWT_145uL_live_740nm_3076mW_u1_poc0p25_20x0p75NA_535s50_g70_z1_256pix_basicFLIM_120f_0005_fit_mask.npy,2,65536,56203,85.8,588.7829370363501,591.2506035666736,84.4016789379453,0.14275110829282658,3.368471128993623,3.3675045680059355,0.4926211285044377,0.14628669941081707
10_KPCWT_145uL_live_740nm_3076mW_u1_poc0p25_20x0p75NA_535s50_g70_z1_256pix_basicFLIM_120f_0006.sdt,20260601_KPC_live_on_SLIM,live,KPCWT,535,0.25,2026-06-02 16:30:13.000000,20260601_KPC_live_on_SLIM::fitet-sz-c2-b5::10_KPCWT_145uL_live_740nm_3076mW_u1_poc0p25_20x0p75NA_535s50_g70_z1_256pix_basicFLIM_120f_0006,E:\18_RK_Circadian\data\raw\20260601_KPC_live_on_SLIM\fitet-sz-c2-b5\10_KPCWT_145uL_live_740nm_3076mW_u1_poc0p25_20x0p75NA_535s50_g70_z1_256pix_basicFLIM_120f_0006_fit_mask.npy,2,65536,63781,97.3,614.6962293037512,613.9615749373341,79.55410509605548,0.1295750554164166,3.2294345641090887,3.257556811583197,0.44219610131390574,0.13574470896149776
10_KPCWT_145uL_live_740nm_3076mW_u1_poc0p25_20x0p75NA_535s50_g70_z1_256pix_basicFLIM_120f_0007.sdt,20260601_KPC_live_on_SLIM,live,KPCWT,535,0.25,2026-06-02 16:31:22.000000,20260601_KPC_live_on_SLIM::fitet-sz-c2-b5::10_KPCWT_145uL_live_740nm_3076mW_u1_poc0p25_20x0p75NA_535s50_g70_z1_256pix_basicFLIM_120f_0007,E:\18_RK_Circadian\data\raw\20260601_KPC_live_on_SLIM\fitet-sz-c2-b5\10_KPCWT_145uL_live_740nm_3076mW_u1_poc0p25_20x0p75NA_535s50_g70_z1_256pix_basicFLIM_120f_0007_fit_mask.npy,2,65536,59156,90.3,598.864226694694,601.6007646232706,81.39062281463573,0.1352900920357099,3.3352798811132107,3.335090013435621,0.4407542221685449,0.13215661957936325
10_KPCWT_145uL_live_740nm_3076mW_u1_poc0p25_20x0p75NA_535s50_g70_z1_256pix_basicFLIM_120f_0008.sdt,20260601_KPC_live_on_SLIM,live,KPCWT,535,0.25,2026-06-02 16:32:30.000000,20260601_KPC_live_on_SLIM::fitet-sz-c2-b5::10_KPCWT_145uL_live_740nm_3076mW_u1_poc0p25_20x0p75NA_535s50_g70_z1_256pix_basicFLIM_120f_0008,E:\18_RK_Circadian\data\raw\20260601_KPC_live_on_SLIM\fitet-sz-c2-b5\10_KPCWT_145uL_live_740nm_3076mW_u1_poc0p25_20x0p75NA_535s50_g70_z1_256pix_basicFLIM_120f_0008_fit_mask.npy,2,65536,59077,90.1,583.4642040107243,588.619166145069,82.92580243073436,0.1408819270596037,3.3504952070323375,3.3542587413923104,0.4739180380120573,0.1412884558259629
10_KPCWT_145uL_live_740nm_3076mW_u1_poc0p25_20x0p75NA_535s50_g70_z1_256pix_basicFLIM_120f_0009.sdt,20260601_KPC_live_on_SLIM,live,KPCWT,535,0.25,2026-06-02 16:33:39.000000,20260601_KPC_live_on_SLIM::fitet-sz-c2-b5::10_KPCWT_145uL_live_740nm_3076mW_u1_poc0p25_20x0p75NA_535s50_g70_z1_256pix_basicFLIM_120f_0009,E:\18_RK_Circadian\data\raw\20260601_KPC_live_on_SLIM\fitet-sz-c2-b5\10_KPCWT_145uL_live_740nm_3076mW_u1_poc0p25_20x0p75NA_535s50_g70_z1_256pix_basicFLIM_120f_0009_fit_mask.npy,2,65536,64258,98.0,594.4522115436578,595.4743467246121,85.4408553557988,0.14348368796366046,3.241224663184661,3.2699816372380757,0.46795325978536334,0.14310577602527783
10_KPCWT_145uL_live_740nm_3076mW_u1_poc0p25_20x0p75NA_535s50_g70_z1_256pix_basicFLIM_120f_0010.sdt,20260601_KPC_live_on_SLIM,live,KPCWT,535,0.25,2026-06-02 16:34:47.000000,20260601_KPC_live_on_SLIM::fitet-sz-c2-b5::10_KPCWT_145uL_live_740nm_3076mW_u1_poc0p25_20x0p75NA_535s50_g70_z1_256pix_basicFLIM_120f_0010,E:\18_RK_Circadian\data\raw\20260601_KPC_live_on_SLIM\fitet-sz-c2-b5\10_KPCWT_145uL_live_740nm_3076mW_u1_poc0p25_20x0p75NA_535s50_g70_z1_256pix_basicFLIM_120f_0010_fit_mask.npy,2,65536,64836,98.9,573.6568818748276,578.2798043363349,79.83786865836937,0.13806096643820306,3.396145074854886,3.4069604632725943,0.4299077396970542,0.12618512728031528
10_KPCWT_145uL_live_740nm_3076mW_u1_poc0p25_20x0p75NA_535s50_g70_z1_256pix_basicFLIM_120f_0011.sdt,20260601_KPC_live_on_SLIM,live,KPCWT,535,0.25,2026-06-02 16:35:56.000000,20260601_KPC_live_on_SLIM::fitet-sz-c2-b5::10_KPCWT_145uL_live_740nm_3076mW_u1_poc0p25_20x0p75NA_535s50_g70_z1_256pix_basicFLIM_120f_0011,E:\18_RK_Circadian\data\raw\20260601_KPC_live_on_SLIM\fitet-sz-c2-b5\10_KPCWT_145uL_live_740nm_3076mW_u1_poc0p25_20x0p75NA_535s50_g70_z1_256pix_basicFLIM_120f_0011_fit_mask.npy,2,65536,65470,99.9,581.7630799193162,583.3466413719086,72.80703120863738,0.12480920613069882,3.4601662443857433,3.461218904936806,0.37197053304369543,0.10746807505100194
10_KPCWT_145uL_live_740nm_3076mW_u1_poc0p25_20x0p75NA_535s50_g70_z1_256pix_basicFLIM_120f_0012.sdt,20260601_KPC_live_on_SLIM,live,KPCWT,535,0.25,2026-06-02 16:37:06.000000,20260601_KPC_live_on_SLIM::fitet-sz-c2-b5::10_KPCWT_145uL_live_740nm_3076mW_u1_poc0p25_20x0p75NA_535s50_g70_z1_256pix_basicFLIM_120f_0012,E:\18_RK_Circadian\data\raw\20260601_KPC_live_on_SLIM\fitet-sz-c2-b5\10_KPCWT_145uL_live_740nm_3076mW_u1_poc0p25_20x0p75NA_535s50_g70_z1_256pix_basicFLIM_120f_0012_fit_mask.npy,2,65536,65176,99.5,580.2161397990106,578.870139170297,79.01288752754968,0.1364950136153162,3.389684715088107,3.4239052625600293,0.4581334290970478,0.13380435320646247
10_KPCWT_145uL_live_740nm_3076mW_u1_poc0p25_20x0p75NA_535s50_g70_z1_256pix_basicFLIM_120f_0013.sdt,20260601_KPC_live_on_SLIM,live,KPCWT,535,0.25,2026-06-02 16:38:14.000000,20260601_KPC_live_on_SLIM::fitet-sz-c2-b5::10_KPCWT_145uL_live_740nm_3076mW_u1_poc0p25_20x0p75NA_535s50_g70_z1_256pix_basicFLIM_120f_0013,E:\18_RK_Circadian\data\raw\20260601_KPC_live_on_SLIM\fitet-sz-c2-b5\10_KPCWT_145uL_live_740nm_3076mW_u1_poc0p25_20x0p75NA_535s50_g70_z1_256pix_basicFLIM_120f_0013_fit_mask.npy,2,65536,65140,99.4,594.8070882946975,597.7491130665322,70.27706760355193,0.1175695054452214,3.3647126352026997,3.3755436517550406,0.4139467443098962,0.12263113353449705
11_KPCWT_130uL_live_740nm_3076mW_u1_poc0p25_20x0p75NA_457s50_g70_z1_256pix_basicFLIM_120f_0000.sdt,20260601_KPC_live_on_SLIM,live,KPCWT,457,0.25,2026-06-02 17:00:33.000000,20260601_KPC_live_on_SLIM::fitet-sz-c2-b5::11_KPCWT_130uL_live_740nm_3076mW_u1_poc0p25_20x0p75NA_457s50_g70_z1_256pix_basicFLIM_120f_0000,E:\18_RK_Circadian\data\raw\20260601_KPC_live_on_SLIM\fitet-sz-c2-b5\11_KPCWT_130uL_live_740nm_3076mW_u1_poc0p25_20x0p75NA_457s50_g70_z1_256pix_basicFLIM_120f_0000_fit_mask.npy,2,65536,64915,99.1,855.9049816668594,861.1243647927823,113.64252630682878,0.13196993483534203,1.587332860936843,1.9107218014508216,0.7744183236048529,0.4053014536270182
11_KPCWT_130uL_live_740nm_3076mW_u1_poc0p25_20x0p75NA_457s50_g70_z1_256pix_basicFLIM_120f_0001.sdt,20260601_KPC_live_on_SLIM,live,KPCWT,457,0.25,2026-06-02 17:01:41.000000,20260601_KPC_live_on_SLIM::fitet-sz-c2-b5::11_KPCWT_130uL_live_740nm_3076mW_u1_poc0p25_20x0p75NA_457s50_g70_z1_256pix_basicFLIM_120f_0001,E:\18_RK_Circadian\data\raw\20260601_KPC_live_on_SLIM\fitet-sz-c2-b5\11_KPCWT_130uL_live_740nm_3076mW_u1_poc0p25_20x0p75NA_457s50_g70_z1_256pix_basicFLIM_120f_0001_fit_mask.npy,2,65536,65243,99.6,780.7618204756575,790.3620575440966,86.8821162072584,0.10992698267579855,2.482098711032983,2.3492972148592353,0.6246025173663661,0.26586781502815976
11_KPCWT_130uL_live_740nm_3076mW_u1_poc0p25_20x0p75NA_457s50_g70_z1_256pix_basicFLIM_120f_0002.sdt,20260601_KPC_live_on_SLIM,live,KPCWT,457,0.25,2026-06-02 17:02:49.000000,20260601_KPC_live_on_SLIM::fitet-sz-c2-b5::11_KPCWT_130uL_live_740nm_3076mW_u1_poc0p25_20x0p75NA_457s50_g70_z1_256pix_basicFLIM_120f_0002,E:\18_RK_Circadian\data\raw\20260601_KPC_live_on_SLIM\fitet-sz-c2-b5\11_KPCWT_130uL_live_740nm_3076mW_u1_poc0p25_20x0p75NA_457s50_g70_z1_256pix_basicFLIM_120f_0002_fit_mask.npy,2,65536,65080,99.3,794.7319315612224,807.9700591612951,81.97482587149896,0.10145775198228518,2.424623389617472,2.241839176034335,0.649964266611754,0.28992457334138383
11_KPCWT_130uL_live_740nm_3076mW_u1_poc0p25_20x0p75NA_457s50_g70_z1_256pix_basicFLIM_120f_0003.sdt,20260601_KPC_live_on_SLIM,live,KPCWT,457,0.25,2026-06-02 17:03:58.000000,20260601_KPC_live_on_SLIM::fitet-sz-c2-b5::11_KPCWT_130uL_live_740nm_3076mW_u1_poc0p25_20x0p75NA_457s50_g70_z1_256pix_basicFLIM_120f_0003,E:\18_RK_Circadian\data\raw\20260601_KPC_live_on_SLIM\fitet-sz-c2-b5\11_KPCWT_130uL_live_740nm_3076mW_u1_poc0p25_20x0p75NA_457s50_g70_z1_256pix_basicFLIM_120f_0003_fit_mask.npy,2,65536,65062,99.3,780.1040270222835,789.917643770003,105.96518474679053,0.1341471298717363,2.38520370273252,2.2659824692013135,0.6770617520815849,0.2987939056387438
11_KPCWT_130uL_live_740nm_3076mW_u1_poc0p25_20x0p75NA_457s50_g70_z1_256pix_basicFLIM_120f_0004.sdt,20260601_KPC_live_on_SLIM,live,KPCWT,457,0.25,2026-06-02 17:05:07.000000,20260601_KPC_live_on_SLIM::fitet-sz-c2-b5::11_KPCWT_130uL_live_740nm_3076mW_u1_poc0p25_20x0p75NA_457s50_g70_z1_256pix_basicFLIM_120f_0004,E:\18_RK_Circadian\data\raw\20260601_KPC_live_on_SLIM\fitet-sz-c2-b5\11_KPCWT_130uL_live_740nm_3076mW_u1_poc0p25_20x0p75NA_457s50_g70_z1_256pix_basicFLIM_120f_0004_fit_mask.npy,2,65536,65160,99.4,777.0882975800374,778.9681433951723,71.62738788645765,0.09195162664068139,2.5695689751352155,2.5198822270823884,0.4620705866619853,0.18336991375862335
11_KPCWT_130uL_live_740nm_3076mW_u1_poc0p25_20x0p75NA_457s50_g70_z1_256pix_basicFLIM_120f_0005.sdt,20260601_KPC_live_on_SLIM,live,KPCWT,457,0.25,2026-06-02 17:06:16.000000,20260601_KPC_live_on_SLIM::fitet-sz-c2-b5::11_KPCWT_130uL_live_740nm_3076mW_u1_poc0p25_20x0p75NA_457s50_g70_z1_256pix_basicFLIM_120f_0005,E:\18_RK_Circadian\data\raw\20260601_KPC_live_on_SLIM\fitet-sz-c2-b5\11_KPCWT_130uL_live_740nm_3076mW_u1_poc0p25_20x0p75NA_457s50_g70_z1_256pix_basicFLIM_120f_0005_fit_mask.npy,2,65536,64986,99.2,775.0720629138264,775.3971871393859,82.83206832097693,0.1068253402189438,2.478596874658953,2.4751210492739997,0.5657744225914825,0.22858454650427498
11_KPCWT_130uL_live_740nm_3076mW_u1_poc0p25_20x0p75NA_457s50_g70_z1_256pix_basicFLIM_120f_0006.sdt,20260601_KPC_live_on_SLIM,live,KPCWT,457,0.25,2026-06-02 17:07:25.000000,20260601_KPC_live_on_SLIM::fitet-sz-c2-b5::11_KPCWT_130uL_live_740nm_3076mW_u1_poc0p25_20x0p75NA_457s50_g70_z1_256pix_basicFLIM_120f_0006,E:\18_RK_Circadian\data\raw\20260601_KPC_live_on_SLIM\fitet-sz-c2-b5\11_KPCWT_130uL_live_740nm_3076mW_u1_poc0p25_20x0p75NA_457s50_g70_z1_256pix_basicFLIM_120f_0006_fit_mask.npy,2,65536,64957,99.1,798.7781089181731,802.9395720538101,95.95868205842716,0.11950922011849274,2.211601342047592,2.1302387801185203,0.6324053728676471,0.29687065073168084
11_KPCWT_130uL_live_740nm_3076mW_u1_poc0p25_20x0p75NA_457s50_g70_z1_256pix_basicFLIM_120f_0007.sdt,20260601_KPC_live_on_SLIM,live,KPCWT,457,0.25,2026-06-02 17:08:34.000000,20260601_KPC_live_on_SLIM::fitet-sz-c2-b5::11_KPCWT_130uL_live_740nm_3076mW_u1_poc0p25_20x0p75NA_457s50_g70_z1_256pix_basicFLIM_120f_0007,E:\18_RK_Circadian\data\raw\20260601_KPC_live_on_SLIM\fitet-sz-c2-b5\11_KPCWT_130uL_live_740nm_3076mW_u1_poc0p25_20x0p75NA_457s50_g70_z1_256pix_basicFLIM_120f_0007_fit_mask.npy,2,65536,65201,99.5,761.9365736134237,768.9553794161586,82.75807300300075,0.10762402503229265,2.4320898424728017,2.3706316986227898,0.54549420462901,0.2301049989949569
11_KPCWT_130uL_live_740nm_3076mW_u1_poc0p25_20x0p75NA_457s50_g70_z1_256pix_basicFLIM_120f_0008.sdt,20260601_KPC_live_on_SLIM,live,KPCWT,457,0.25,2026-06-02 17:09:43.000000,20260601_KPC_live_on_SLIM::fitet-sz-c2-b5::11_KPCWT_130uL_live_740nm_3076mW_u1_poc0p25_20x0p75NA_457s50_g70_z1_256pix_basicFLIM_120f_0008,E:\18_RK_Circadian\data\raw\20260601_KPC_live_on_SLIM\fitet-sz-c2-b5\11_KPCWT_130uL_live_740nm_3076mW_u1_poc0p25_20x0p75NA_457s50_g70_z1_256pix_basicFLIM_120f_0008_fit_mask.npy,2,65536,65333,99.7,714.7156256135935,712.4998863018586,58.164705707621096,0.08163468770432752,2.7969652931146944,2.8218032328484535,0.35248932743051475,0.12491633836378321
11_KPCWT_130uL_live_740nm_3076mW_u1_poc0p25_20x0p75NA_457s50_g70_z1_256pix_basicFLIM_120f_0009.sdt,20260601_KPC_live_on_SLIM,live,KPCWT,457,0.25,2026-06-02 17:10:51.000000,20260601_KPC_live_on_SLIM::fitet-sz-c2-b5::11_KPCWT_130uL_live_740nm_3076mW_u1_poc0p25_20x0p75NA_457s50_g70_z1_256pix_basicFLIM_120f_0009,E:\18_RK_Circadian\data\raw\20260601_KPC_live_on_SLIM\fitet-sz-c2-b5\11_KPCWT_130uL_live_740nm_3076mW_u1_poc0p25_20x0p75NA_457s50_g70_z1_256pix_basicFLIM_120f_0009_fit_mask.npy,2,65536,65226,99.5,762.0933241402759,756.8267456800028,65.30696643247721,0.08629051074800405,2.644189859925775,2.6672361989571987,0.388853086484204,0.1457887706518953
11_KPCWT_130uL_live_740nm_3076mW_u1_poc0p25_20x0p75NA_457s50_g70_z1_256pix_basicFLIM_120f_0010.sdt,20260601_KPC_live_on_SLIM,live,KPCWT,457,0.25,2026-06-02 17:12:00.000000,20260601_KPC_live_on_SLIM::fitet-sz-c2-b5::11_KPCWT_130uL_live_740nm_3076mW_u1_poc0p25_20x0p75NA_457s50_g70_z1_256pix_basicFLIM_120f_0010,E:\18_RK_Circadian\data\raw\20260601_KPC_live_on_SLIM\fitet-sz-c2-b5\11_KPCWT_130uL_live_740nm_3076mW_u1_poc0p25_20x0p75NA_457s50_g70_z1_256pix_basicFLIM_120f_0010_fit_mask.npy,2,65536,65428,99.8,760.1174582702663,759.9386222873097,51.515261643145024,0.06778871363070249,2.6098442930378,2.619020717119347,0.3072279636549022,0.11730642741643575
11_KPCWT_130uL_live_740nm_3076mW_u1_poc0p25_20x0p75NA_457s50_g70_z1_256pix_basicFLIM_120f_0011.sdt,20260601_KPC_live_on_SLIM,live,KPCWT,457,0.25,2026-06-02 17:13:09.000000,20260601_KPC_live_on_SLIM::fitet-sz-c2-b5::11_KPCWT_130uL_live_740nm_3076mW_u1_poc0p25_20x0p75NA_457s50_g70_z1_256pix_basicFLIM_120f_0011,E:\18_RK_Circadian\data\raw\20260601_KPC_live_on_SLIM\fitet-sz-c2-b5\11_KPCWT_130uL_live_740nm_3076mW_u1_poc0p25_20x0p75NA_457s50_g70_z1_256pix_basicFLIM_120f_0011_fit_mask.npy,2,65536,65149,99.4,777.2070194706827,772.9413321563678,75.15042903375874,0.09722656288039677,2.580613857004778,2.616923066078042,0.35252207490724363,0.13470861236878665
11_KPCWT_130uL_live_740nm_3076mW_u1_poc0p25_20x0p75NA_457s50_g70_z1_256pix_basicFLIM_120f_0012.sdt,20260601_KPC_live_on_SLIM,live,KPCWT,457,0.25,2026-06-02 17:14:19.000000,20260601_KPC_live_on_SLIM::fitet-sz-c2-b5::11_KPCWT_130uL_live_740nm_3076mW_u1_poc0p25_20x0p75NA_457s50_g70_z1_256pix_basicFLIM_120f_0012,E:\18_RK_Circadian\data\raw\20260601_KPC_live_on_SLIM\fitet-sz-c2-b5\11_KPCWT_130uL_live_740nm_3076mW_u1_poc0p25_20x0p75NA_457s50_g70_z1_256pix_basicFLIM_120f_0012_fit_mask.npy,2,65536,64810,98.9,766.3110581974574,762.7804674984678,69.32232149541171,0.09088109154492863,2.6086013458671733,2.6200882896349813,0.36167419944017576,0.13803893589042474
11_KPCWT_130uL_live_740nm_3076mW_u1_poc0p25_20x0p75NA_535s50_g70_z1_256pix_basicFLIM_120f_0000.sdt,20260601_KPC_live_on_SLIM,live,KPCWT,535,0.25,2026-06-02 17:18:27.000000,20260601_KPC_live_on_SLIM::fitet-sz-c2-b5::11_KPCWT_130uL_live_740nm_3076mW_u1_poc0p25_20x0p75NA_535s50_g70_z1_256pix_basicFLIM_120f_0000,E:\18_RK_Circadian\data\raw\20260601_KPC_live_on_SLIM\fitet-sz-c2-b5\11_KPCWT_130uL_live_740nm_3076mW_u1_poc0p25_20x0p75NA_535s50_g70_z1_256pix_basicFLIM_120f_0000_fit_mask.npy,2,65536,50763,77.5,548.3470763519714,545.9442087674176,81.3681536217665,0.14904115166909085,3.3736071374792953,3.4006977185585314,0.43727337248483333,0.12858342865892305
11_KPCWT_130uL_live_740nm_3076mW_u1_poc0p25_20x0p75NA_535s50_g70_z1_256pix_basicFLIM_120f_0001.sdt,20260601_KPC_live_on_SLIM,live,KPCWT,535,0.25,2026-06-02 17:19:35.000000,20260601_KPC_live_on_SLIM::fitet-sz-c2-b5::11_KPCWT_130uL_live_740nm_3076mW_u1_poc0p25_20x0p75NA_535s50_g70_z1_256pix_basicFLIM_120f_0001,E:\18_RK_Circadian\data\raw\20260601_KPC_live_on_SLIM\fitet-sz-c2-b5\11_KPCWT_130uL_live_740nm_3076mW_u1_poc0p25_20x0p75NA_535s50_g70_z1_256pix_basicFLIM_120f_0001_fit_mask.npy,2,65536,57501,87.7,580.162693383471,576.8271950605445,78.57281215870262,0.13621551277667399,3.2813670444158864,3.306244327483731,0.3997026383006294,0.12089325491707666
11_KPCWT_130uL_live_740nm_3076mW_u1_poc0p25_20x0p75NA_535s50_g70_z1_256pix_basicFLIM_120f_0002.sdt,20260601_KPC_live_on_SLIM,live,KPCWT,535,0.25,2026-06-02 17:20:44.000000,20260601_KPC_live_on_SLIM::fitet-sz-c2-b5::11_KPCWT_130uL_live_740nm_3076mW_u1_poc0p25_20x0p75NA_535s50_g70_z1_256pix_basicFLIM_120f_0002,E:\18_RK_Circadian\data\raw\20260601_KPC_live_on_SLIM\fitet-sz-c2-b5\11_KPCWT_130uL_live_740nm_3076mW_u1_poc0p25_20x0p75NA_535s50_g70_z1_256pix_basicFLIM_120f_0002_fit_mask.npy,2,65536,57215,87.3,598.8166583451098,590.8577430590198,89.95048885908575,0.1522371330760419,3.212478607806346,3.2587210031471905,0.39598068878483117,0.12151414263522499
11_KPCWT_130uL_live_740nm_3076mW_u1_poc0p25_20x0p75NA_535s50_g70_z1_256pix_basicFLIM_120f_0003.sdt,20260601_KPC_live_on_SLIM,live,KPCWT,535,0.25,2026-06-02 17:21:52.000000,20260601_KPC_live_on_SLIM::fitet-sz-c2-b5::11_KPCWT_130uL_live_740nm_3076mW_u1_poc0p25_20x0p75NA_535s50_g70_z1_256pix_basicFLIM_120f_0003,E:\18_RK_Circadian\data\raw\20260601_KPC_live_on_SLIM\fitet-sz-c2-b5\11_KPCWT_130uL_live_740nm_3076mW_u1_poc0p25_20x0p75NA_535s50_g70_z1_256pix_basicFLIM_120f_0003_fit_mask.npy,2,65536,60631,92.5,568.9868997757134,568.1381085206058,81.6097959214988,0.1436442912340546,3.2238931035840217,3.2699544891905994,0.4509608448598686,0.13791043464078712
11_KPCWT_130uL_live_740nm_3076mW_u1_poc0p25_20x0p75NA_535s50_g70_z1_256pix_basicFLIM_120f_0004.sdt,20260601_KPC_live_on_SLIM,live,KPCWT,535,0.25,2026-06-02 17:23:02.000000,20260601_KPC_live_on_SLIM::fitet-sz-c2-b5::11_KPCWT_130uL_live_740nm_3076mW_u1_poc0p25_20x0p75NA_535s50_g70_z1_256pix_basicFLIM_120f_0004,E:\18_RK_Circadian\data\raw\20260601_KPC_live_on_SLIM\fitet-sz-c2-b5\11_KPCWT_130uL_live_740nm_3076mW_u1_poc0p25_20x0p75NA_535s50_g70_z1_256pix_basicFLIM_120f_0004_fit_mask.npy,2,65536,62519,95.4,577.7300657648574,571.900662893476,71.8234167141734,0.12558722410075515,3.3097219612430826,3.3419040750038738,0.366051512228159,0.10953381785135012
11_KPCWT_130uL_live_740nm_3076mW_u1_poc0p25_20x0p75NA_535s50_g70_z1_256pix_basicFLIM_120f_0005.sdt,20260601_KPC_live_on_SLIM,live,KPCWT,535,0.25,2026-06-02 17:24:10.000000,20260601_KPC_live_on_SLIM::fitet-sz-c2-b5::11_KPCWT_130uL_live_740nm_3076mW_u1_poc0p25_20x0p75NA_535s50_g70_z1_256pix_basicFLIM_120f_0005,E:\18_RK_Circadian\data\raw\20260601_KPC_live_on_SLIM\fitet-sz-c2-b5\11_KPCWT_130uL_live_740nm_3076mW_u1_poc0p25_20x0p75NA_535s50_g70_z1_256pix_basicFLIM_120f_0005_fit_mask.npy,2,65536,63368,96.7,580.6276353244589,574.935070510751,71.80684937918222,0.12489558049640577,3.263746028967457,3.292878012461207,0.40376422198561984,0.1226174247748197
11_KPCWT_130uL_live_740nm_3076mW_u1_poc0p25_20x0p75NA_535s50_g70_z1_256pix_basicFLIM_120f_0006.sdt,20260601_KPC_live_on_SLIM,live,KPCWT,535,0.25,2026-06-02 17:25:19.000000,20260601_KPC_live_on_SLIM::fitet-sz-c2-b5::11_KPCWT_130uL_live_740nm_3076mW_u1_poc0p25_20x0p75NA_535s50_g70_z1_256pix_basicFLIM_120f_0006,E:\18_RK_Circadian\data\raw\20260601_KPC_live_on_SLIM\fitet-sz-c2-b5\11_KPCWT_130uL_live_740nm_3076mW_u1_poc0p25_20x0p75NA_535s50_g70_z1_256pix_basicFLIM_120f_0006_fit_mask.npy,2,65536,55609,84.9,545.3565596665337,544.5723755204546,73.11460628227093,0.13426058604679386,3.319314726477722,3.354173002774077,0.4295596317407342,0.1280672259258738
11_KPCWT_130uL_live_740nm_3076mW_u1_poc0p25_20x0p75NA_535s50_g70_z1_256pix_basicFLIM_120f_0007.sdt,20260601_KPC_live_on_SLIM,live,KPCWT,535,0.25,2026-06-02 17:26:28.000000,20260601_KPC_live_on_SLIM::fitet-sz-c2-b5::11_KPCWT_130uL_live_740nm_3076mW_u1_poc0p25_20x0p75NA_535s50_g70_z1_256pix_basicFLIM_120f_0007,E:\18_RK_Circadian\data\raw\20260601_KPC_live_on_SLIM\fitet-sz-c2-b5\11_KPCWT_130uL_live_740nm_3076mW_u1_poc0p25_20x0p75NA_535s50_g70_z1_256pix_basicFLIM_120f_0007_fit_mask.npy,2,65536,60072,91.7,553.7759622253571,552.2003233628394,67.18213255520344,0.12166260994935972,3.3703288992024456,3.3961975204465142,0.3768809062406764,0.11097143319011847
11_KPCWT_130uL_live_740nm_3076mW_u1_poc0p25_20x0p75NA_535s50_g70_z1_256pix_basicFLIM_120f_0008.sdt,20260601_KPC_live_on_SLIM,live,KPCWT,535,0.25,2026-06-02 17:27:37.000000,20260601_KPC_live_on_SLIM::fitet-sz-c2-b5::11_KPCWT_130uL_live_740nm_3076mW_u1_poc0p25_20x0p75NA_535s50_g70_z1_256pix_basicFLIM_120f_0008,E:\18_RK_Circadian\data\raw\20260601_KPC_live_on_SLIM\fitet-sz-c2-b5\11_KPCWT_130uL_live_740nm_3076mW_u1_poc0p25_20x0p75NA_535s50_g70_z1_256pix_basicFLIM_120f_0008_fit_mask.npy,2,65536,64915,99.1,561.7366951558605,561.7112484009572,62.333345537908066,0.11097044204714532,3.4367647878089227,3.449500838575198,0.35712860370438176,0.10353051656363482
11_KPCWT_130uL_live_740nm_3076mW_u1_poc0p25_20x0p75NA_535s50_g70_z1_256pix_basicFLIM_120f_0009.sdt,20260601_KPC_live_on_SLIM,live,KPCWT,535,0.25,2026-06-02 17:28:46.000000,20260601_KPC_live_on_SLIM::fitet-sz-c2-b5::11_KPCWT_130uL_live_740nm_3076mW_u1_poc0p25_20x0p75NA_535s50_g70_z1_256pix_basicFLIM_120f_0009,E:\18_RK_Circadian\data\raw\20260601_KPC_live_on_SLIM\fitet-sz-c2-b5\11_KPCWT_130uL_live_740nm_3076mW_u1_poc0p25_20x0p75NA_535s50_g70_z1_256pix_basicFLIM_120f_0009_fit_mask.npy,2,65536,64868,99.0,575.8206721721956,576.7144632439913,76.01947446547527,0.13181475289846098,3.2771370704548763,3.3055213251400035,0.3724462231437952,0.11267397378778685
11_KPCWT_130uL_live_740nm_3076mW_u1_poc0p25_20x0p75NA_535s50_g70_z1_256pix_basicFLIM_120f_0010.sdt,20260601_KPC_live_on_SLIM,live,KPCWT,535,0.25,2026-06-02 17:29:55.000000,20260601_KPC_live_on_SLIM::fitet-sz-c2-b5::11_KPCWT_130uL_live_740nm_3076mW_u1_poc0p25_20x0p75NA_535s50_g70_z1_256pix_basicFLIM_120f_0010,E:\18_RK_Circadian\data\raw\20260601_KPC_live_on_SLIM\fitet-sz-c2-b5\11_KPCWT_130uL_live_740nm_3076mW_u1_poc0p25_20x0p75NA_535s50_g70_z1_256pix_basicFLIM_120f_0010_fit_mask.npy,2,65536,65393,99.8,591.8001788405006,589.817537139118,62.276611126321875,0.10558623168173605,3.2563415326724017,3.2679901015417823,0.3164510987032318,0.09683355483663661
11_KPCWT_130uL_live_740nm_3076mW_u1_poc0p25_20x0p75NA_535s50_g70_z1_256pix_basicFLIM_120f_0011.sdt,20260601_KPC_live_on_SLIM,live,KPCWT,535,0.25,2026-06-02 17:31:04.000000,20260601_KPC_live_on_SLIM::fitet-sz-c2-b5::11_KPCWT_130uL_live_740nm_3076mW_u1_poc0p25_20x0p75NA_535s50_g70_z1_256pix_basicFLIM_120f_0011,E:\18_RK_Circadian\data\raw\20260601_KPC_live_on_SLIM\fitet-sz-c2-b5\11_KPCWT_130uL_live_740nm_3076mW_u1_poc0p25_20x0p75NA_535s50_g70_z1_256pix_basicFLIM_120f_0011_fit_mask.npy,2,65536,64527,98.5,587.1161511857877,582.2166667507962,75.01138032709078,0.12883756960395912,3.251775508003266,3.296770211397523,0.4367563939544128,0.13248008382400084
11_KPCWT_130uL_live_740nm_3076mW_u1_poc0p25_20x0p75NA_535s50_g70_z1_256pix_basicFLIM_120f_0012.sdt,20260601_KPC_live_on_SLIM,live,KPCWT,535,0.25,2026-06-02 17:32:14.000000,20260601_KPC_live_on_SLIM::fitet-sz-c2-b5::11_KPCWT_130uL_live_740nm_3076mW_u1_poc0p25_20x0p75NA_535s50_g70_z1_256pix_basicFLIM_120f_0012,E:\18_RK_Circadian\data\raw\20260601_KPC_live_on_SLIM\fitet-sz-c2-b5\11_KPCWT_130uL_live_740nm_3076mW_u1_poc0p25_20x0p75NA_535s50_g70_z1_256pix_basicFLIM_120f_0012_fit_mask.npy,2,65536,64569,98.5,573.57701986508,570.5491286202785,70.18443935250389,0.12301208753438343,3.3126076842306778,3.3586609083640893,0.42693241009082766,0.12711387714896608
12_BKOCO2_145uL_live_740nm_3076mW_u1_poc0p25_20x0p75NA_457s50_g70_z1_256pix_basicFLIM_120f_0000.sdt,20260601_KPC_live_on_SLIM,live,BKO,457,0.25,2026-06-02 17:49:52.000000,20260601_KPC_live_on_SLIM::fitet-sz-c2-b5::12_BKOCO2_145uL_live_740nm_3076mW_u1_poc0p25_20x0p75NA_457s50_g70_z1_256pix_basicFLIM_120f_0000,E:\18_RK_Circadian\data\raw\20260601_KPC_live_on_SLIM\fitet-sz-c2-b5\12_BKOCO2_145uL_live_740nm_3076mW_u1_poc0p25_20x0p75NA_457s50_g70_z1_256pix_basicFLIM_120f_0000_fit_mask.npy,2,65536,65243,99.6,719.3415789168791,731.8335211731898,92.67459052166838,0.12663343211322614,2.8293391368422856,2.6562850912206892,0.7279048439296792,0.27403114459945727
12_BKOCO2_145uL_live_740nm_3076mW_u1_poc0p25_20x0p75NA_457s50_g70_z1_256pix_basicFLIM_120f_0001.sdt,20260601_KPC_live_on_SLIM,live,BKO,457,0.25,2026-06-02 17:51:00.000000,20260601_KPC_live_on_SLIM::fitet-sz-c2-b5::12_BKOCO2_145uL_live_740nm_3076mW_u1_poc0p25_20x0p75NA_457s50_g70_z1_256pix_basicFLIM_120f_0001,E:\18_RK_Circadian\data\raw\20260601_KPC_live_on_SLIM\fitet-sz-c2-b5\12_BKOCO2_145uL_live_740nm_3076mW_u1_poc0p25_20x0p75NA_457s50_g70_z1_256pix_basicFLIM_120f_0001_fit_mask.npy,2,65536,64839,98.9,767.259085947428,785.2725712113385,97.7182056921246,0.12443858256934577,2.166711339004778,2.133322493641264,0.6030864606991035,0.28269821487220376
12_BKOCO2_145uL_live_740nm_3076mW_u1_poc0p25_20x0p75NA_457s50_g70_z1_256pix_basicFLIM_120f_0002.sdt,20260601_KPC_live_on_SLIM,live,BKO,457,0.25,2026-06-02 17:52:09.000000,20260601_KPC_live_on_SLIM::fitet-sz-c2-b5::12_BKOCO2_145uL_live_740nm_3076mW_u1_poc0p25_20x0p75NA_457s50_g70_z1_256pix_basicFLIM_120f_0002,E:\18_RK_Circadian\data\raw\20260601_KPC_live_on_SLIM\fitet-sz-c2-b5\12_BKOCO2_145uL_live_740nm_3076mW_u1_poc0p25_20x0p75NA_457s50_g70_z1_256pix_basicFLIM_120f_0002_fit_mask.npy,2,65536,65031,99.2,702.3445053648038,717.6440347182091,91.19796074413979,0.12707966113025615,2.8716863504356245,2.6808026311165483,0.7263846752317399,0.27095790894878463
12_BKOCO2_145uL_live_740nm_3076mW_u1_poc0p25_20x0p75NA_457s50_g70_z1_256pix_basicFLIM_120f_0003.sdt,20260601_KPC_live_on_SLIM,live,BKO,457,0.25,2026-06-02 18:01:44.000000,20260601_KPC_live_on_SLIM::fitet-sz-c2-b5::12_BKOCO2_145uL_live_740nm_3076mW_u1_poc0p25_20x0p75NA_457s50_g70_z1_256pix_basicFLIM_120f_0003,E:\18_RK_Circadian\data\raw\20260601_KPC_live_on_SLIM\fitet-sz-c2-b5\12_BKOCO2_145uL_live_740nm_3076mW_u1_poc0p25_20x0p75NA_457s50_g70_z1_256pix_basicFLIM_120f_0003_fit_mask.npy,2,65536,64924,99.1,742.0529341356389,756.6425400860334,94.583415824585,0.12500409481844688,2.346489731695184,2.291746254613401,0.6602311297470549,0.28809085142736734
12_BKOCO2_145uL_live_740nm_3076mW_u1_poc0p25_20x0p75NA_457s50_g70_z1_256pix_basicFLIM_120f_0004.sdt,20260601_KPC_live_on_SLIM,live,BKO,457,0.25,2026-06-02 18:02:53.000000,20260601_KPC_live_on_SLIM::fitet-sz-c2-b5::12_BKOCO2_145uL_live_740nm_3076mW_u1_poc0p25_20x0p75NA_457s50_g70_z1_256pix_basicFLIM_120f_0004,E:\18_RK_Circadian\data\raw\20260601_KPC_live_on_SLIM\fitet-sz-c2-b5\12_BKOCO2_145uL_live_740nm_3076mW_u1_poc0p25_20x0p75NA_457s50_g70_z1_256pix_basicFLIM_120f_0004_fit_mask.npy,2,65536,64740,98.8,760.3193890033065,790.2374800642488,109.0220952570174,0.13796118003432786,2.4837247543108916,2.2637712451498526,0.7550834563003098,0.3335511297433793
12_BKOCO2_145uL_live_740nm_3076mW_u1_poc0p25_20x0p75NA_457s50_g70_z1_256pix_basicFLIM_120f_0005.sdt,20260601_KPC_live_on_SLIM,live,BKO,457,0.25,2026-06-02 18:04:01.000000,20260601_KPC_live_on_SLIM::fitet-sz-c2-b5::12_BKOCO2_145uL_live_740nm_3076mW_u1_poc0p25_20x0p75NA_457s50_g70_z1_256pix_basicFLIM_120f_0005,E:\18_RK_Circadian\data\raw\20260601_KPC_live_on_SLIM\fitet-sz-c2-b5\12_BKOCO2_145uL_live_740nm_3076mW_u1_poc0p25_20x0p75NA_457s50_g70_z1_256pix_basicFLIM_120f_0005_fit_mask.npy,2,65536,64741,98.8,721.6525277625069,742.7715856118739,99.04481758303136,0.13334491989410321,2.7145525475824566,2.530486989046848,0.7446336024430138,0.29426494017402277
12_BKOCO2_145uL_live_740nm_3076mW_u1_poc0p25_20x0p75NA_457s50_g70_z1_256pix_basicFLIM_120f_0006.sdt,20260601_KPC_live_on_SLIM,live,BKO,457,0.25,2026-06-02 18:05:10.000000,20260601_KPC_live_on_SLIM::fitet-sz-c2-b5::12_BKOCO2_145uL_live_740nm_3076mW_u1_poc0p25_20x0p75NA_457s50_g70_z1_256pix_basicFLIM_120f_0006,E:\18_RK_Circadian\data\raw\20260601_KPC_live_on_SLIM\fitet-sz-c2-b5\12_BKOCO2_145uL_live_740nm_3076mW_u1_poc0p25_20x0p75NA_457s50_g70_z1_256pix_basicFLIM_120f_0006_fit_mask.npy,2,65536,65176,99.5,732.7359839820747,741.4952723915004,78.08866154619575,0.1053124199893292,2.776630951105391,2.643085682982775,0.5890509576836417,0.22286487399034524
12_BKOCO2_145uL_live_740nm_3076mW_u1_poc0p25_20x0p75NA_457s50_g70_z1_256pix_basicFLIM_120f_0007.sdt,20260601_KPC_live_on_SLIM,live,BKO,457,0.25,2026-06-02 18:06:19.000000,20260601_KPC_live_on_SLIM::fitet-sz-c2-b5::12_BKOCO2_145uL_live_740nm_3076mW_u1_poc0p25_20x0p75NA_457s50_g70_z1_256pix_basicFLIM_120f_0007,E:\18_RK_Circadian\data\raw\20260601_KPC_live_on_SLIM\fitet-sz-c2-b5\12_BKOCO2_145uL_live_740nm_3076mW_u1_poc0p25_20x0p75NA_457s50_g70_z1_256pix_basicFLIM_120f_0007_fit_mask.npy,2,65536,64951,99.1,730.7209400433255,750.5559223739853,100.34493920224614,0.1336941541742262,2.616760421174095,2.466194509132358,0.7142004403491876,0.28959615217067913
12_BKOCO2_145uL_live_740nm_3076mW_u1_poc0p25_20x0p75NA_457s50_g70_z1_256pix_basicFLIM_120f_0008.sdt,20260601_KPC_live_on_SLIM,live,BKO,457,0.25,2026-06-02 18:07:28.000000,20260601_KPC_live_on_SLIM::fitet-sz-c2-b5::12_BKOCO2_145uL_live_740nm_3076mW_u1_poc0p25_20x0p75NA_457s50_g70_z1_256pix_basicFLIM_120f_0008,E:\18_RK_Circadian\data\raw\20260601_KPC_live_on_SLIM\fitet-sz-c2-b5\12_BKOCO2_145uL_live_740nm_3076mW_u1_poc0p25_20x0p75NA_457s50_g70_z1_256pix_basicFLIM_120f_0008_fit_mask.npy,2,65536,65320,99.7,685.8173390537504,685.9985736236656,49.25633717232258,0.07180239007223402,3.1239030699947086,3.117844089340553,0.36349575949133633,0.11658561142748429
12_BKOCO2_145uL_live_740nm_3076mW_u1_poc0p25_20x0p75NA_457s50_g70_z1_256pix_basicFLIM_120f_0009.sdt,20260601_KPC_live_on_SLIM,live,BKO,457,0.25,2026-06-02 18:08:38.000000,20260601_KPC_live_on_SLIM::fitet-sz-c2-b5::12_BKOCO2_145uL_live_740nm_3076mW_u1_poc0p25_20x0p75NA_457s50_g70_z1_256pix_basicFLIM_120f_0009,E:\18_RK_Circadian\data\raw\20260601_KPC_live_on_SLIM\fitet-sz-c2-b5\12_BKOCO2_145uL_live_740nm_3076mW_u1_poc0p25_20x0p75NA_457s50_g70_z1_256pix_basicFLIM_120f_0009_fit_mask.npy,2,65536,64963,99.1,691.9351302365056,693.1627391963292,56.71861151145069,0.08182582286118223,2.9983540805807496,2.9688976283843127,0.4646103329703521,0.156492540708854
12_BKOCO2_145uL_live_740nm_3076mW_u1_poc0p25_20x0p75NA_457s50_g70_z1_256pix_basicFLIM_120f_0010.sdt,20260601_KPC_live_on_SLIM,live,BKO,457,0.25,2026-06-02 18:09:47.000000,20260601_KPC_live_on_SLIM::fitet-sz-c2-b5::12_BKOCO2_145uL_live_740nm_3076mW_u1_poc0p25_20x0p75NA_457s50_g70_z1_256pix_basicFLIM_120f_0010,E:\18_RK_Circadian\data\raw\20260601_KPC_live_on_SLIM\fitet-sz-c2-b5\12_BKOCO2_145uL_live_740nm_3076mW_u1_poc0p25_20x0p75NA_457s50_g70_z1_256pix_basicFLIM_120f_0010_fit_mask.npy,2,65536,65504,100.0,694.8980066215056,695.4650045587133,60.93710203710276,0.0876206590377162,2.9274481511115944,2.9181686628681374,0.41925839028864936,0.1436717471554845
12_BKOCO2_145uL_live_740nm_3076mW_u1_poc0p25_20x0p75NA_457s50_g70_z1_256pix_basicFLIM_120f_0011.sdt,20260601_KPC_live_on_SLIM,live,BKO,457,0.25,2026-06-02 18:10:56.000000,20260601_KPC_live_on_SLIM::fitet-sz-c2-b5::12_BKOCO2_145uL_live_740nm_3076mW_u1_poc0p25_20x0p75NA_457s50_g70_z1_256pix_basicFLIM_120f_0011,E:\18_RK_Circadian\data\raw\20260601_KPC_live_on_SLIM\fitet-sz-c2-b5\12_BKOCO2_145uL_live_740nm_3076mW_u1_poc0p25_20x0p75NA_457s50_g70_z1_256pix_basicFLIM_120f_0011_fit_mask.npy,2,65536,65048,99.3,717.6110222758717,717.1432378770435,67.52109608961611,0.09415287284796628,2.6908063028073697,2.71359108191324,0.46683111559063456,0.17203443757689954
12_BKOCO2_145uL_live_740nm_3076mW_u1_poc0p25_20x0p75NA_535s50_g70_z1_256pix_basicFLIM_120f_0000.sdt,20260601_KPC_live_on_SLIM,live,BKO,535,0.25,2026-06-02 18:17:31.000000,20260601_KPC_live_on_SLIM::fitet-sz-c2-b5::12_BKOCO2_145uL_live_740nm_3076mW_u1_poc0p25_20x0p75NA_535s50_g70_z1_256pix_basicFLIM_120f_0000,E:\18_RK_Circadian\data\raw\20260601_KPC_live_on_SLIM\fitet-sz-c2-b5\12_BKOCO2_145uL_live_740nm_3076mW_u1_poc0p25_20x0p75NA_535s50_g70_z1_256pix_basicFLIM_120f_0000_fit_mask.npy,2,65536,56558,86.3,557.3022579648946,556.2936318182168,69.66495600211843,0.12523054735396152,3.480285648953461,3.5231335159512263,0.41914688751539564,0.11896991289648254
12_BKOCO2_145uL_live_740nm_3076mW_u1_poc0p25_20x0p75NA_535s50_g70_z1_256pix_basicFLIM_120f_0001.sdt,20260601_KPC_live_on_SLIM,live,BKO,535,0.25,2026-06-02 18:18:39.000000,20260601_KPC_live_on_SLIM::fitet-sz-c2-b5::12_BKOCO2_145uL_live_740nm_3076mW_u1_poc0p25_20x0p75NA_535s50_g70_z1_256pix_basicFLIM_120f_0001,E:\18_RK_Circadian\data\raw\20260601_KPC_live_on_SLIM\fitet-sz-c2-b5\12_BKOCO2_145uL_live_740nm_3076mW_u1_poc0p25_20x0p75NA_535s50_g70_z1_256pix_basicFLIM_120f_0001_fit_mask.npy,2,65536,53038,80.9,528.716572733435,525.9883909785319,71.71454918317353,0.13634245624653063,3.55070364228626,3.5879564396350814,0.4350081095684386,0.1212411903230023
12_BKOCO2_145uL_live_740nm_3076mW_u1_poc0p25_20x0p75NA_535s50_g70_z1_256pix_basicFLIM_120f_0002.sdt,20260601_KPC_live_on_SLIM,live,BKO,535,0.25,2026-06-02 18:19:48.000000,20260601_KPC_live_on_SLIM::fitet-sz-c2-b5::12_BKOCO2_145uL_live_740nm_3076mW_u1_poc0p25_20x0p75NA_535s50_g70_z1_256pix_basicFLIM_120f_0002,E:\18_RK_Circadian\data\raw\20260601_KPC_live_on_SLIM\fitet-sz-c2-b5\12_BKOCO2_145uL_live_740nm_3076mW_u1_poc0p25_20x0p75NA_535s50_g70_z1_256pix_basicFLIM_120f_0002_fit_mask.npy,2,65536,57002,87.0,549.4875154115621,546.5479063671188,67.05767214710596,0.12269312784095271,3.5674461801698056,3.5930191065478962,0.4086432481744694,0.11373255639797751
12_BKOCO2_145uL_live_740nm_3076mW_u1_poc0p25_20x0p75NA_535s50_g70_z1_256pix_basicFLIM_120f_0003.sdt,20260601_KPC_live_on_SLIM,live,BKO,535,0.25,2026-06-02 18:20:57.000000,20260601_KPC_live_on_SLIM::fitet-sz-c2-b5::12_BKOCO2_145uL_live_740nm_3076mW_u1_poc0p25_20x0p75NA_535s50_g70_z1_256pix_basicFLIM_120f_0003,E:\18_RK_Circadian\data\raw\20260601_KPC_live_on_SLIM\fitet-sz-c2-b5\12_BKOCO2_145uL_live_740nm_3076mW_u1_poc0p25_20x0p75NA_535s50_g70_z1_256pix_basicFLIM_120f_0003_fit_mask.npy,2,65536,53828,82.1,531.6517391074433,531.9476954569484,74.28420387839573,0.13964569169640795,3.583740184981573,3.602522566358873,0.424859813036983,0.11793397687620749
12_BKOCO2_145uL_live_740nm_3076mW_u1_poc0p25_20x0p75NA_535s50_g70_z1_256pix_basicFLIM_120f_0004.sdt,20260601_KPC_live_on_SLIM,live,BKO,535,0.25,2026-06-02 18:22:07.000000,20260601_KPC_live_on_SLIM::fitet-sz-c2-b5::12_BKOCO2_145uL_live_740nm_3076mW_u1_poc0p25_20x0p75NA_535s50_g70_z1_256pix_basicFLIM_120f_0004,E:\18_RK_Circadian\data\raw\20260601_KPC_live_on_SLIM\fitet-sz-c2-b5\12_BKOCO2_145uL_live_740nm_3076mW_u1_poc0p25_20x0p75NA_535s50_g70_z1_256pix_basicFLIM_120f_0004_fit_mask.npy,2,65536,54229,82.7,540.9130225773823,536.1174359218186,69.33593577883262,0.12932975339556724,3.543270923781216,3.588507444036726,0.4252217881179855,0.1184954454600913
12_BKOCO2_145uL_live_740nm_3076mW_u1_poc0p25_20x0p75NA_535s50_g70_z1_256pix_basicFLIM_120f_0005.sdt,20260601_KPC_live_on_SLIM,live,BKO,535,0.25,2026-06-02 18:23:15.000000,20260601_KPC_live_on_SLIM::fitet-sz-c2-b5::12_BKOCO2_145uL_live_740nm_3076mW_u1_poc0p25_20x0p75NA_535s50_g70_z1_256pix_basicFLIM_120f_0005,E:\18_RK_Circadian\data\raw\20260601_KPC_live_on_SLIM\fitet-sz-c2-b5\12_BKOCO2_145uL_live_740nm_3076mW_u1_poc0p25_20x0p75NA_535s50_g70_z1_256pix_basicFLIM_120f_0005_fit_mask.npy,2,65536,53434,81.5,542.4641291559049,536.602247991186,69.6812351038338,0.12985639803912702,3.6168790351229196,3.646654942100108,0.4356901340330527,0.11947665489352245
12_BKOCO2_145uL_live_740nm_3076mW_u1_poc0p25_20x0p75NA_535s50_g70_z1_256pix_basicFLIM_120f_0006.sdt,20260601_KPC_live_on_SLIM,live,BKO,535,0.25,2026-06-02 18:24:23.000000,20260601_KPC_live_on_SLIM::fitet-sz-c2-b5::12_BKOCO2_145uL_live_740nm_3076mW_u1_poc0p25_20x0p75NA_535s50_g70_z1_256pix_basicFLIM_120f_0006,E:\18_RK_Circadian\data\raw\20260601_KPC_live_on_SLIM\fitet-sz-c2-b5\12_BKOCO2_145uL_live_740nm_3076mW_u1_poc0p25_20x0p75NA_535s50_g70_z1_256pix_basicFLIM_120f_0006_fit_mask.npy,2,65536,59820,91.3,561.4458164657347,556.6824030354675,66.63235941689801,0.11969546558965456,3.5375652922546954,3.570006429864892,0.384566573047244,0.10772153512950342
12_BKOCO2_145uL_live_740nm_3076mW_u1_poc0p25_20x0p75NA_535s50_g70_z1_256pix_basicFLIM_120f_0007.sdt,20260601_KPC_live_on_SLIM,live,BKO,535,0.25,2026-06-02 18:25:32.000000,20260601_KPC_live_on_SLIM::fitet-sz-c2-b5::12_BKOCO2_145uL_live_740nm_3076mW_u1_poc0p25_20x0p75NA_535s50_g70_z1_256pix_basicFLIM_120f_0007,E:\18_RK_Circadian\data\raw\20260601_KPC_live_on_SLIM\fitet-sz-c2-b5\12_BKOCO2_145uL_live_740nm_3076mW_u1_poc0p25_20x0p75NA_535s50_g70_z1_256pix_basicFLIM_120f_0007_fit_mask.npy,2,65536,57484,87.7,533.2562809330963,532.8171857461516,68.48640179429187,0.128536397898623,3.595775009676871,3.6271019861977734,0.44158101998009164,0.12174485902531601
12_BKOCO2_145uL_live_740nm_3076mW_u1_poc0p25_20x0p75NA_535s50_g70_z1_256pix_basicFLIM_120f_0008.sdt,20260601_KPC_live_on_SLIM,live,BKO,535,0.25,2026-06-02 18:26:41.000000,20260601_KPC_live_on_SLIM::fitet-sz-c2-b5::12_BKOCO2_145uL_live_740nm_3076mW_u1_poc0p25_20x0p75NA_535s50_g70_z1_256pix_basicFLIM_120f_0008,E:\18_RK_Circadian\data\raw\20260601_KPC_live_on_SLIM\fitet-sz-c2-b5\12_BKOCO2_145uL_live_740nm_3076mW_u1_poc0p25_20x0p75NA_535s50_g70_z1_256pix_basicFLIM_120f_0008_fit_mask.npy,2,65536,65210,99.5,551.4881781017643,551.330587347294,61.11600060612603,0.11085182286037008,3.5767643599597707,3.5883591321305914,0.38435692831420976,0.1071121685877627
12_BKOCO2_145uL_live_740nm_3076mW_u1_poc0p25_20x0p75NA_535s50_g70_z1_256pix_basicFLIM_120f_0009.sdt,20260601_KPC_live_on_SLIM,live,BKO,535,0.25,2026-06-02 18:27:50.000000,20260601_KPC_live_on_SLIM::fitet-sz-c2-b5::12_BKOCO2_145uL_live_740nm_3076mW_u1_poc0p25_20x0p75NA_535s50_g70_z1_256pix_basicFLIM_120f_0009,E:\18_RK_Circadian\data\raw\20260601_KPC_live_on_SLIM\fitet-sz-c2-b5\12_BKOCO2_145uL_live_740nm_3076mW_u1_poc0p25_20x0p75NA_535s50_g70_z1_256pix_basicFLIM_120f_0009_fit_mask.npy,2,65536,64210,98.0,548.0872065347558,545.9593119143553,68.28807911481552,0.12507906289824006,3.574717280715002,3.606959574209199,0.3963288612960269,0.10987893075649989
12_BKOCO2_145uL_live_740nm_3076mW_u1_poc0p25_20x0p75NA_535s50_g70_z1_256pix_basicFLIM_120f_0010.sdt,20260601_KPC_live_on_SLIM,live,BKO,535,0.25,2026-06-02 18:29:00.000000,20260601_KPC_live_on_SLIM::fitet-sz-c2-b5::12_BKOCO2_145uL_live_740nm_3076mW_u1_poc0p25_20x0p75NA_535s50_g70_z1_256pix_basicFLIM_120f_0010,E:\18_RK_Circadian\data\raw\20260601_KPC_live_on_SLIM\fitet-sz-c2-b5\12_BKOCO2_145uL_live_740nm_3076mW_u1_poc0p25_20x0p75NA_535s50_g70_z1_256pix_basicFLIM_120f_0010_fit_mask.npy,2,65536,64738,98.8,558.9242995607925,556.1030175404449,65.10907133958565,0.11708095314345301,3.514935323749641,3.5392461933922177,0.38615152194215546,0.10910558374353878
12_BKOCO2_145uL_live_740nm_3076mW_u1_poc0p25_20x0p75NA_535s50_g70_z1_256pix_basicFLIM_120f_0011.sdt,20260601_KPC_live_on_SLIM,live,BKO,535,0.25,2026-06-02 18:30:09.000000,20260601_KPC_live_on_SLIM::fitet-sz-c2-b5::12_BKOCO2_145uL_live_740nm_3076mW_u1_poc0p25_20x0p75NA_535s50_g70_z1_256pix_basicFLIM_120f_0011,E:\18_RK_Circadian\data\raw\20260601_KPC_live_on_SLIM\fitet-sz-c2-b5\12_BKOCO2_145uL_live_740nm_3076mW_u1_poc0p25_20x0p75NA_535s50_g70_z1_256pix_basicFLIM_120f_0011_fit_mask.npy,2,65536,62873,95.9,555.627203005773,554.49580420586,69.01685277291548,0.12446776377642804,3.46285149656223,3.498004428082819,0.4222289177051911,0.12070565557763051
13_BKOCO2_115uL_live_740nm_3076mW_u1_poc0p25_20x0p75NA_457s50_g70_z1_256pix_basicFLIM_120f_0000.sdt,20260601_KPC_live_on_SLIM,live,BKO,457,0.25,2026-06-02 18:54:28.000000,20260601_KPC_live_on_SLIM::fitet-sz-c2-b5::13_BKOCO2_115uL_live_740nm_3076mW_u1_poc0p25_20x0p75NA_457s50_g70_z1_256pix_basicFLIM_120f_0000,E:\18_RK_Circadian\data\raw\20260601_KPC_live_on_SLIM\fitet-sz-c2-b5\13_BKOCO2_115uL_live_740nm_3076mW_u1_poc0p25_20x0p75NA_457s50_g70_z1_256pix_basicFLIM_120f_0000_fit_mask.npy,2,65536,64482,98.4,629.08204496495,638.2149174497778,73.12739878847843,0.11458114937313879,3.6393356861206483,3.506991662089739,0.7437205207302546,0.21206794665918538
13_BKOCO2_115uL_live_740nm_3076mW_u1_poc0p25_20x0p75NA_457s50_g70_z1_256pix_basicFLIM_120f_0001.sdt,20260601_KPC_live_on_SLIM,live,BKO,457,0.25,2026-06-02 18:55:37.000000,20260601_KPC_live_on_SLIM::fitet-sz-c2-b5::13_BKOCO2_115uL_live_740nm_3076mW_u1_poc0p25_20x0p75NA_457s50_g70_z1_256pix_basicFLIM_120f_0001,E:\18_RK_Circadian\data\raw\20260601_KPC_live_on_SLIM\fitet-sz-c2-b5\13_BKOCO2_115uL_live_740nm_3076mW_u1_poc0p25_20x0p75NA_457s50_g70_z1_256pix_basicFLIM_120f_0001_fit_mask.npy,2,65536,64254,98.0,617.0538309897964,636.2859203341889,87.92247871374256,0.138180770474324,3.7875247576079785,3.5262389814672157,0.9687010580172852,0.27471225379461467
13_BKOCO2_115uL_live_740nm_3076mW_u1_poc0p25_20x0p75NA_457s50_g70_z1_256pix_basicFLIM_120f_0002.sdt,20260601_KPC_live_on_SLIM,live,BKO,457,0.25,2026-06-02 18:56:46.000000,20260601_KPC_live_on_SLIM::fitet-sz-c2-b5::13_BKOCO2_115uL_live_740nm_3076mW_u1_poc0p25_20x0p75NA_457s50_g70_z1_256pix_basicFLIM_120f_0002,E:\18_RK_Circadian\data\raw\20260601_KPC_live_on_SLIM\fitet-sz-c2-b5\13_BKOCO2_115uL_live_740nm_3076mW_u1_poc0p25_20x0p75NA_457s50_g70_z1_256pix_basicFLIM_120f_0002_fit_mask.npy,2,65536,64418,98.3,635.4434075073036,654.7928207708643,99.05336341659701,0.1512743577426292,3.3895451428815413,3.222259734187634,0.9037759618508457,0.28047892982118566
13_BKOCO2_115uL_live_740nm_3076mW_u1_poc0p25_20x0p75NA_457s50_g70_z1_256pix_basicFLIM_120f_0003.sdt,20260601_KPC_live_on_SLIM,live,BKO,457,0.25,2026-06-02 18:57:56.000000,20260601_KPC_live_on_SLIM::fitet-sz-c2-b5::13_BKOCO2_115uL_live_740nm_3076mW_u1_poc0p25_20x0p75NA_457s50_g70_z1_256pix_basicFLIM_120f_0003,E:\18_RK_Circadian\data\raw\20260601_KPC_live_on_SLIM\fitet-sz-c2-b5\13_BKOCO2_115uL_live_740nm_3076mW_u1_poc0p25_20x0p75NA_457s50_g70_z1_256pix_basicFLIM_120f_0003_fit_mask.npy,2,65536,63968,97.6,638.7992243908657,655.6499716983449,92.05569257801002,0.14040371623833994,3.2347365129056067,3.128378384526447,0.7970156692655267,0.2547695870831091
13_BKOCO2_115uL_live_740nm_3076mW_u1_poc0p25_20x0p75NA_457s50_g70_z1_256pix_basicFLIM_120f_0004.sdt,20260601_KPC_live_on_SLIM,live,BKO,457,0.25,2026-06-02 18:59:05.000000,20260601_KPC_live_on_SLIM::fitet-sz-c2-b5::13_BKOCO2_115uL_live_740nm_3076mW_u1_poc0p25_20x0p75NA_457s50_g70_z1_256pix_basicFLIM_120f_0004,E:\18_RK_Circadian\data\raw\20260601_KPC_live_on_SLIM\fitet-sz-c2-b5\13_BKOCO2_115uL_live_740nm_3076mW_u1_poc0p25_20x0p75NA_457s50_g70_z1_256pix_basicFLIM_120f_0004_fit_mask.npy,2,65536,64398,98.3,631.3573659790968,645.8639051425741,82.78993405810523,0.12818479775523203,3.701263037722904,3.517926297222749,0.8630638906413501,0.2453331359791994
13_BKOCO2_115uL_live_740nm_3076mW_u1_poc0p25_20x0p75NA_457s50_g70_z1_256pix_basicFLIM_120f_0005.sdt,20260601_KPC_live_on_SLIM,live,BKO,457,0.25,2026-06-02 19:00:15.000000,20260601_KPC_live_on_SLIM::fitet-sz-c2-b5::13_BKOCO2_115uL_live_740nm_3076mW_u1_poc0p25_20x0p75NA_457s50_g70_z1_256pix_basicFLIM_120f_0005,E:\18_RK_Circadian\data\raw\20260601_KPC_live_on_SLIM\fitet-sz-c2-b5\13_BKOCO2_115uL_live_740nm_3076mW_u1_poc0p25_20x0p75NA_457s50_g70_z1_256pix_basicFLIM_120f_0005_fit_mask.npy,2,65536,65047,99.3,628.1818205821787,631.6509481903129,57.08797170177812,0.09037898520588912,3.647169507471415,3.6262819753764046,0.5701364720893575,0.1572234249737785
13_BKOCO2_115uL_live_740nm_3076mW_u1_poc0p25_20x0p75NA_457s50_g70_z1_256pix_basicFLIM_120f_0006.sdt,20260601_KPC_live_on_SLIM,live,BKO,457,0.25,2026-06-02 19:03:55.000000,20260601_KPC_live_on_SLIM::fitet-sz-c2-b5::13_BKOCO2_115uL_live_740nm_3076mW_u1_poc0p25_20x0p75NA_457s50_g70_z1_256pix_basicFLIM_120f_0006,E:\18_RK_Circadian\data\raw\20260601_KPC_live_on_SLIM\fitet-sz-c2-b5\13_BKOCO2_115uL_live_740nm_3076mW_u1_poc0p25_20x0p75NA_457s50_g70_z1_256pix_basicFLIM_120f_0006_fit_mask.npy,2,65536,63607,97.1,618.5113655921405,643.2712975105211,103.14335812827925,0.16034192498164784,3.7964428144595614,3.469436193579493,1.055217262571737,0.30414661163808476
13_BKOCO2_115uL_live_740nm_3076mW_u1_poc0p25_20x0p75NA_457s50_g70_z1_256pix_basicFLIM_120f_0007.sdt,20260601_KPC_live_on_SLIM,live,BKO,457,0.25,2026-06-02 19:05:04.000000,20260601_KPC_live_on_SLIM::fitet-sz-c2-b5::13_BKOCO2_115uL_live_740nm_3076mW_u1_poc0p25_20x0p75NA_457s50_g70_z1_256pix_basicFLIM_120f_0007,E:\18_RK_Circadian\data\raw\20260601_KPC_live_on_SLIM\fitet-sz-c2-b5\13_BKOCO2_115uL_live_740nm_3076mW_u1_poc0p25_20x0p75NA_457s50_g70_z1_256pix_basicFLIM_120f_0007_fit_mask.npy,2,65536,64313,98.1,612.9570069085102,632.1439864544041,86.90100356990557,0.13747026853378705,3.8216010041367277,3.647863467686015,0.8381185334863982,0.22975600400363946
13_BKOCO2_115uL_live_740nm_3076mW_u1_poc0p25_20x0p75NA_457s50_g70_z1_256pix_basicFLIM_120f_0008.sdt,20260601_KPC_live_on_SLIM,live,BKO,457,0.25,2026-06-02 19:06:13.000000,20260601_KPC_live_on_SLIM::fitet-sz-c2-b5::13_BKOCO2_115uL_live_740nm_3076mW_u1_poc0p25_20x0p75NA_457s50_g70_z1_256pix_basicFLIM_120f_0008,E:\18_RK_Circadian\data\raw\20260601_KPC_live_on_SLIM\fitet-sz-c2-b5\13_BKOCO2_115uL_live_740nm_3076mW_u1_poc0p25_20x0p75NA_457s50_g70_z1_256pix_basicFLIM_120f_0008_fit_mask.npy,2,65536,65434,99.8,604.797042008963,605.4246450993987,47.14146769542548,0.07786512834753495,4.094242933379228,4.114796577721098,0.5145548685111738,0.12504989221026092
13_BKOCO2_115uL_live_740nm_3076mW_u1_poc0p25_20x0p75NA_457s50_g70_z1_256pix_basicFLIM_120f_0009.sdt,20260601_KPC_live_on_SLIM,live,BKO,457,0.25,2026-06-02 19:07:23.000000,20260601_KPC_live_on_SLIM::fitet-sz-c2-b5::13_BKOCO2_115uL_live_740nm_3076mW_u1_poc0p25_20x0p75NA_457s50_g70_z1_256pix_basicFLIM_120f_0009,E:\18_RK_Circadian\data\raw\20260601_KPC_live_on_SLIM\fitet-sz-c2-b5\13_BKOCO2_115uL_live_740nm_3076mW_u1_poc0p25_20x0p75NA_457s50_g70_z1_256pix_basicFLIM_120f_0009_fit_mask.npy,2,65536,64933,99.1,656.7289760720826,657.9160236684107,72.21565900589269,0.10976425015951478,3.1575873327838715,3.166804316763874,0.5644827581256804,0.17824996484232397
13_BKOCO2_115uL_live_740nm_3076mW_u1_poc0p25_20x0p75NA_457s50_g70_z1_256pix_basicFLIM_120f_0010.sdt,20260601_KPC_live_on_SLIM,live,BKO,457,0.25,2026-06-02 19:08:33.000000,20260601_KPC_live_on_SLIM::fitet-sz-c2-b5::13_BKOCO2_115uL_live_740nm_3076mW_u1_poc0p25_20x0p75NA_457s50_g70_z1_256pix_basicFLIM_120f_0010,E:\18_RK_Circadian\data\raw\20260601_KPC_live_on_SLIM\fitet-sz-c2-b5\13_BKOCO2_115uL_live_740nm_3076mW_u1_poc0p25_20x0p75NA_457s50_g70_z1_256pix_basicFLIM_120f_0010_fit_mask.npy,2,65536,65338,99.7,643.9277076949268,647.8698249390666,60.97194585521671,0.09411141483700254,3.5494084456475323,3.5350006439380364,0.5499105413734177,0.15556165239076455
13_BKOCO2_115uL_live_740nm_3076mW_u1_poc0p25_20x0p75NA_457s50_g70_z1_256pix_basicFLIM_120f_0011.sdt,20260601_KPC_live_on_SLIM,live,BKO,457,0.25,2026-06-02 19:09:43.000000,20260601_KPC_live_on_SLIM::fitet-sz-c2-b5::13_BKOCO2_115uL_live_740nm_3076mW_u1_poc0p25_20x0p75NA_457s50_g70_z1_256pix_basicFLIM_120f_0011,E:\18_RK_Circadian\data\raw\20260601_KPC_live_on_SLIM\fitet-sz-c2-b5\13_BKOCO2_115uL_live_740nm_3076mW_u1_poc0p25_20x0p75NA_457s50_g70_z1_256pix_basicFLIM_120f_0011_fit_mask.npy,2,65536,62847,95.9,605.464146923971,608.8587915751177,65.22277473450369,0.10712299081002405,3.934002998917058,3.881056347327404,0.6804968665504594,0.1753380537798858
13_BKOCO2_115uL_live_740nm_3076mW_u1_poc0p25_20x0p75NA_457s50_g70_z1_256pix_basicFLIM_120f_0012.sdt,20260601_KPC_live_on_SLIM,live,BKO,457,0.25,2026-06-02 19:10:54.000000,20260601_KPC_live_on_SLIM::fitet-sz-c2-b5::13_BKOCO2_115uL_live_740nm_3076mW_u1_poc0p25_20x0p75NA_457s50_g70_z1_256pix_basicFLIM_120f_0012,E:\18_RK_Circadian\data\raw\20260601_KPC_live_on_SLIM\fitet-sz-c2-b5\13_BKOCO2_115uL_live_740nm_3076mW_u1_poc0p25_20x0p75NA_457s50_g70_z1_256pix_basicFLIM_120f_0012_fit_mask.npy,2,65536,65303,99.6,631.1116976405422,631.7873876942939,54.739881135865126,0.08664288366951761,3.6782799667325086,3.6909523847147967,0.5640097144618109,0.15280872134723908
13_BKOCO2_115uL_live_740nm_3076mW_u1_poc0p25_20x0p75NA_535s50_g70_z1_256pix_basicFLIM_120f_0000.sdt,20260601_KPC_live_on_SLIM,live,BKO,535,0.25,2026-06-02 19:23:19.000000,20260601_KPC_live_on_SLIM::fitet-sz-c2-b5::13_BKOCO2_115uL_live_740nm_3076mW_u1_poc0p25_20x0p75NA_535s50_g70_z1_256pix_basicFLIM_120f_0000,E:\18_RK_Circadian\data\raw\20260601_KPC_live_on_SLIM\fitet-sz-c2-b5\13_BKOCO2_115uL_live_740nm_3076mW_u1_poc0p25_20x0p75NA_535s50_g70_z1_256pix_basicFLIM_120f_0000_fit_mask.npy,2,65536,58849,89.8,527.1310295207792,526.4415060763305,68.7586007992188,0.13061014377777663,4.024036097824298,4.051949710729568,0.48543788743173827,0.11980353214806642
13_BKOCO2_115uL_live_740nm_3076mW_u1_poc0p25_20x0p75NA_535s50_g70_z1_256pix_basicFLIM_120f_0001.sdt,20260601_KPC_live_on_SLIM,live,BKO,535,0.25,2026-06-02 19:24:28.000000,20260601_KPC_live_on_SLIM::fitet-sz-c2-b5::13_BKOCO2_115uL_live_740nm_3076mW_u1_poc0p25_20x0p75NA_535s50_g70_z1_256pix_basicFLIM_120f_0001,E:\18_RK_Circadian\data\raw\20260601_KPC_live_on_SLIM\fitet-sz-c2-b5\13_BKOCO2_115uL_live_740nm_3076mW_u1_poc0p25_20x0p75NA_535s50_g70_z1_256pix_basicFLIM_120f_0001_fit_mask.npy,2,65536,55038,84.0,523.9421424852379,525.3077599851516,73.13715668300189,0.1392272535343266,4.121193357169545,4.165281878637322,0.5751622652803794,0.13808483604200744
13_BKOCO2_115uL_live_740nm_3076mW_u1_poc0p25_20x0p75NA_535s50_g70_z1_256pix_basicFLIM_120f_0002.sdt,20260601_KPC_live_on_SLIM,live,BKO,535,0.25,2026-06-02 19:25:37.000000,20260601_KPC_live_on_SLIM::fitet-sz-c2-b5::13_BKOCO2_115uL_live_740nm_3076mW_u1_poc0p25_20x0p75NA_535s50_g70_z1_256pix_basicFLIM_120f_0002,E:\18_RK_Circadian\data\raw\20260601_KPC_live_on_SLIM\fitet-sz-c2-b5\13_BKOCO2_115uL_live_740nm_3076mW_u1_poc0p25_20x0p75NA_535s50_g70_z1_256pix_basicFLIM_120f_0002_fit_mask.npy,2,65536,52730,80.5,525.4017803638108,524.2964474177251,73.67642306011435,0.14052436064174548,4.01764629791077,4.067968973166889,0.5581487269570372,0.1372057482834049
13_BKOCO2_115uL_live_740nm_3076mW_u1_poc0p25_20x0p75NA_535s50_g70_z1_256pix_basicFLIM_120f_0003.sdt,20260601_KPC_live_on_SLIM,live,BKO,535,0.25,2026-06-02 19:26:46.000000,20260601_KPC_live_on_SLIM::fitet-sz-c2-b5::13_BKOCO2_115uL_live_740nm_3076mW_u1_poc0p25_20x0p75NA_535s50_g70_z1_256pix_basicFLIM_120f_0003,E:\18_RK_Circadian\data\raw\20260601_KPC_live_on_SLIM\fitet-sz-c2-b5\13_BKOCO2_115uL_live_740nm_3076mW_u1_poc0p25_20x0p75NA_535s50_g70_z1_256pix_basicFLIM_120f_0003_fit_mask.npy,2,65536,55332,84.4,523.0736211959179,522.6260589921659,72.67770653437363,0.13906253866201312,3.9382528944749318,3.9884809425772043,0.5268383359638471,0.13208997198402664
13_BKOCO2_115uL_live_740nm_3076mW_u1_poc0p25_20x0p75NA_535s50_g70_z1_256pix_basicFLIM_120f_0004.sdt,20260601_KPC_live_on_SLIM,live,BKO,535,0.25,2026-06-02 19:27:56.000000,20260601_KPC_live_on_SLIM::fitet-sz-c2-b5::13_BKOCO2_115uL_live_740nm_3076mW_u1_poc0p25_20x0p75NA_535s50_g70_z1_256pix_basicFLIM_120f_0004,E:\18_RK_Circadian\data\raw\20260601_KPC_live_on_SLIM\fitet-sz-c2-b5\13_BKOCO2_115uL_live_740nm_3076mW_u1_poc0p25_20x0p75NA_535s50_g70_z1_256pix_basicFLIM_120f_0004_fit_mask.npy,2,65536,57215,87.3,537.1679034767631,535.7235877394129,63.85707795872912,0.11919780913173182,4.027169082059156,4.059566566167781,0.49431788600970006,0.12176617329774067
13_BKOCO2_115uL_live_740nm_3076mW_u1_poc0p25_20x0p75NA_535s50_g70_z1_256pix_basicFLIM_120f_0005.sdt,20260601_KPC_live_on_SLIM,live,BKO,535,0.25,2026-06-02 19:29:05.000000,20260601_KPC_live_on_SLIM::fitet-sz-c2-b5::13_BKOCO2_115uL_live_740nm_3076mW_u1_poc0p25_20x0p75NA_535s50_g70_z1_256pix_basicFLIM_120f_0005,E:\18_RK_Circadian\data\raw\20260601_KPC_live_on_SLIM\fitet-sz-c2-b5\13_BKOCO2_115uL_live_740nm_3076mW_u1_poc0p25_20x0p75NA_535s50_g70_z1_256pix_basicFLIM_120f_0005_fit_mask.npy,2,65536,64083,97.8,546.9113663353899,545.6612759652802,76.76670885593084,0.14068564554105434,3.7890513447333722,3.8303586530192253,0.5136799779299914,0.13410754043230144
13_BKOCO2_115uL_live_740nm_3076mW_u1_poc0p25_20x0p75NA_535s50_g70_z1_256pix_basicFLIM_120f_0006.sdt,20260601_KPC_live_on_SLIM,live,BKO,535,0.25,2026-06-02 19:30:15.000000,20260601_KPC_live_on_SLIM::fitet-sz-c2-b5::13_BKOCO2_115uL_live_740nm_3076mW_u1_poc0p25_20x0p75NA_535s50_g70_z1_256pix_basicFLIM_120f_0006,E:\18_RK_Circadian\data\raw\20260601_KPC_live_on_SLIM\fitet-sz-c2-b5\13_BKOCO2_115uL_live_740nm_3076mW_u1_poc0p25_20x0p75NA_535s50_g70_z1_256pix_basicFLIM_120f_0006_fit_mask.npy,2,65536,52583,80.2,533.2832995408576,531.7326445609418,67.64121362792885,0.12720906703740378,4.070496039453461,4.118805823559821,0.5640938968971253,0.13695569081467102
13_BKOCO2_115uL_live_740nm_3076mW_u1_poc0p25_20x0p75NA_535s50_g70_z1_256pix_basicFLIM_120f_0007.sdt,20260601_KPC_live_on_SLIM,live,BKO,535,0.25,2026-06-02 19:31:25.000000,20260601_KPC_live_on_SLIM::fitet-sz-c2-b5::13_BKOCO2_115uL_live_740nm_3076mW_u1_poc0p25_20x0p75NA_535s50_g70_z1_256pix_basicFLIM_120f_0007,E:\18_RK_Circadian\data\raw\20260601_KPC_live_on_SLIM\fitet-sz-c2-b5\13_BKOCO2_115uL_live_740nm_3076mW_u1_poc0p25_20x0p75NA_535s50_g70_z1_256pix_basicFLIM_120f_0007_fit_mask.npy,2,65536,58166,88.8,522.8321377865816,520.0454688032194,62.48344630852471,0.12014996775631535,4.123351117857121,4.156618212710461,0.49853934244321224,0.11993868980286336
13_BKOCO2_115uL_live_740nm_3076mW_u1_poc0p25_20x0p75NA_535s50_g70_z1_256pix_basicFLIM_120f_0008.sdt,20260601_KPC_live_on_SLIM,live,BKO,535,0.25,2026-06-02 19:32:35.000000,20260601_KPC_live_on_SLIM::fitet-sz-c2-b5::13_BKOCO2_115uL_live_740nm_3076mW_u1_poc0p25_20x0p75NA_535s50_g70_z1_256pix_basicFLIM_120f_0008,E:\18_RK_Circadian\data\raw\20260601_KPC_live_on_SLIM\fitet-sz-c2-b5\13_BKOCO2_115uL_live_740nm_3076mW_u1_poc0p25_20x0p75NA_535s50_g70_z1_256pix_basicFLIM_120f_0008_fit_mask.npy,2,65536,65186,99.5,529.6619609343055,530.2183136056949,58.047647796830255,0.1094787680985276,4.18704602910013,4.21403291234809,0.5219969550217554,0.12387111488668816
13_BKOCO2_115uL_live_740nm_3076mW_u1_poc0p25_20x0p75NA_535s50_g70_z1_256pix_basicFLIM_120f_0009.sdt,20260601_KPC_live_on_SLIM,live,BKO,535,0.25,2026-06-02 19:33:44.000000,20260601_KPC_live_on_SLIM::fitet-sz-c2-b5::13_BKOCO2_115uL_live_740nm_3076mW_u1_poc0p25_20x0p75NA_535s50_g70_z1_256pix_basicFLIM_120f_0009,E:\18_RK_Circadian\data\raw\20260601_KPC_live_on_SLIM\fitet-sz-c2-b5\13_BKOCO2_115uL_live_740nm_3076mW_u1_poc0p25_20x0p75NA_535s50_g70_z1_256pix_basicFLIM_120f_0009_fit_mask.npy,2,65536,60836,92.8,523.1026436738805,522.7853395198358,77.33898450887011,0.14793640651802492,3.9132717180045535,3.957991354641594,0.5405048706648913,0.13656039698799072
13_BKOCO2_115uL_live_740nm_3076mW_u1_poc0p25_20x0p75NA_535s50_g70_z1_256pix_basicFLIM_120f_0010.sdt,20260601_KPC_live_on_SLIM,live,BKO,535,0.25,2026-06-02 19:34:54.000000,20260601_KPC_live_on_SLIM::fitet-sz-c2-b5::13_BKOCO2_115uL_live_740nm_3076mW_u1_poc0p25_20x0p75NA_535s50_g70_z1_256pix_basicFLIM_120f_0010,E:\18_RK_Circadian\data\raw\20260601_KPC_live_on_SLIM\fitet-sz-c2-b5\13_BKOCO2_115uL_live_740nm_3076mW_u1_poc0p25_20x0p75NA_535s50_g70_z1_256pix_basicFLIM_120f_0010_fit_mask.npy,2,65536,63675,97.2,539.988205420652,541.3244458564004,73.1403110707426,0.1351136303386987,3.8598267761336564,3.8925934779982225,0.48971053537047143,0.12580572262128603
13_BKOCO2_115uL_live_740nm_3076mW_u1_poc0p25_20x0p75NA_535s50_g70_z1_256pix_basicFLIM_120f_0011.sdt,20260601_KPC_live_on_SLIM,live,BKO,535,0.25,2026-06-02 19:36:05.000000,20260601_KPC_live_on_SLIM::fitet-sz-c2-b5::13_BKOCO2_115uL_live_740nm_3076mW_u1_poc0p25_20x0p75NA_535s50_g70_z1_256pix_basicFLIM_120f_0011,E:\18_RK_Circadian\data\raw\20260601_KPC_live_on_SLIM\fitet-sz-c2-b5\13_BKOCO2_115uL_live_740nm_3076mW_u1_poc0p25_20x0p75NA_535s50_g70_z1_256pix_basicFLIM_120f_0011_fit_mask.npy,2,65536,59358,90.6,526.7071564657074,522.6481136754782,71.03790168076463,0.13591917740063514,4.025707850353843,4.076418378655956,0.5155780592690239,0.12647820007106733
13_BKOCO2_115uL_live_740nm_3076mW_u1_poc0p25_20x0p75NA_535s50_g70_z1_256pix_basicFLIM_120f_0012.sdt,20260601_KPC_live_on_SLIM,live,BKO,535,0.25,2026-06-02 19:37:15.000000,20260601_KPC_live_on_SLIM::fitet-sz-c2-b5::13_BKOCO2_115uL_live_740nm_3076mW_u1_poc0p25_20x0p75NA_535s50_g70_z1_256pix_basicFLIM_120f_0012,E:\18_RK_Circadian\data\raw\20260601_KPC_live_on_SLIM\fitet-sz-c2-b5\13_BKOCO2_115uL_live_740nm_3076mW_u1_poc0p25_20x0p75NA_535s50_g70_z1_256pix_basicFLIM_120f_0012_fit_mask.npy,2,65536,64589,98.6,529.2508567449178,529.2974348375242,66.54780262603256,0.1257285568490624,4.008252697108425,4.042973900942148,0.4773375744227634,0.11806595494260494
14_KPCWT_115uL_live_740nm_3076mW_u1_poc0p25_20x0p75NA_457s50_g70_z1_256pix_basicFLIM_120f_0000.sdt,20260601_KPC_live_on_SLIM,live,KPCWT,457,0.25,2026-06-02 19:58:09.000000,20260601_KPC_live_on_SLIM::fitet-sz-c2-b5::14_KPCWT_115uL_live_740nm_3076mW_u1_poc0p25_20x0p75NA_457s50_g70_z1_256pix_basicFLIM_120f_0000,E:\18_RK_Circadian\data\raw\20260601_KPC_live_on_SLIM\fitet-sz-c2-b5\14_KPCWT_115uL_live_740nm_3076mW_u1_poc0p25_20x0p75NA_457s50_g70_z1_256pix_basicFLIM_120f_0000_fit_mask.npy,2,65536,64705,98.7,747.6169888106757,746.3364925235543,74.01903020876317,0.09917648533905386,3.0002075934726684,2.95379825846554,0.5071732824435153,0.17170207240456067
14_KPCWT_115uL_live_740nm_3076mW_u1_poc0p25_20x0p75NA_457s50_g70_z1_256pix_basicFLIM_120f_0001.sdt,20260601_KPC_live_on_SLIM,live,KPCWT,457,0.25,2026-06-02 19:59:18.000000,20260601_KPC_live_on_SLIM::fitet-sz-c2-b5::14_KPCWT_115uL_live_740nm_3076mW_u1_poc0p25_20x0p75NA_457s50_g70_z1_256pix_basicFLIM_120f_0001,E:\18_RK_Circadian\data\raw\20260601_KPC_live_on_SLIM\fitet-sz-c2-b5\14_KPCWT_115uL_live_740nm_3076mW_u1_poc0p25_20x0p75NA_457s50_g70_z1_256pix_basicFLIM_120f_0001_fit_mask.npy,2,65536,64690,98.7,770.6214736447143,769.3691566255981,76.98200060509643,0.10005859988296693,2.778149851179583,2.730418866932347,0.49795108955627587,0.18237168501392936
14_KPCWT_115uL_live_740nm_3076mW_u1_poc0p25_20x0p75NA_457s50_g70_z1_256pix_basicFLIM_120f_0002.sdt,20260601_KPC_live_on_SLIM,live,KPCWT,457,0.25,2026-06-02 20:00:26.000000,20260601_KPC_live_on_SLIM::fitet-sz-c2-b5::14_KPCWT_115uL_live_740nm_3076mW_u1_poc0p25_20x0p75NA_457s50_g70_z1_256pix_basicFLIM_120f_0002,E:\18_RK_Circadian\data\raw\20260601_KPC_live_on_SLIM\fitet-sz-c2-b5\14_KPCWT_115uL_live_740nm_3076mW_u1_poc0p25_20x0p75NA_457s50_g70_z1_256pix_basicFLIM_120f_0002_fit_mask.npy,2,65536,65227,99.5,774.183898227228,773.4908691391523,73.35128231690817,0.09483147797018422,2.629017731998115,2.613427748161156,0.430335389471932,0.1646632051621561
14_KPCWT_115uL_live_740nm_3076mW_u1_poc0p25_20x0p75NA_457s50_g70_z1_256pix_basicFLIM_120f_0003.sdt,20260601_KPC_live_on_SLIM,live,KPCWT,457,0.25,2026-06-02 20:01:35.000000,20260601_KPC_live_on_SLIM::fitet-sz-c2-b5::14_KPCWT_115uL_live_740nm_3076mW_u1_poc0p25_20x0p75NA_457s50_g70_z1_256pix_basicFLIM_120f_0003,E:\18_RK_Circadian\data\raw\20260601_KPC_live_on_SLIM\fitet-sz-c2-b5\14_KPCWT_115uL_live_740nm_3076mW_u1_poc0p25_20x0p75NA_457s50_g70_z1_256pix_basicFLIM_120f_0003_fit_mask.npy,2,65536,64209,98.0,762.9326330734115,760.9273888995526,89.63447900139843,0.11779636310769039,2.778533963070205,2.6480735623278333,0.5952208229766648,0.22477503323337664
14_KPCWT_115uL_live_740nm_3076mW_u1_poc0p25_20x0p75NA_457s50_g70_z1_256pix_basicFLIM_120f_0004.sdt,20260601_KPC_live_on_SLIM,live,KPCWT,457,0.25,2026-06-02 20:02:44.000000,20260601_KPC_live_on_SLIM::fitet-sz-c2-b5::14_KPCWT_115uL_live_740nm_3076mW_u1_poc0p25_20x0p75NA_457s50_g70_z1_256pix_basicFLIM_120f_0004,E:\18_RK_Circadian\data\raw\20260601_KPC_live_on_SLIM\fitet-sz-c2-b5\14_KPCWT_115uL_live_740nm_3076mW_u1_poc0p25_20x0p75NA_457s50_g70_z1_256pix_basicFLIM_120f_0004_fit_mask.npy,2,65536,65171,99.4,799.7386247304808,798.7664350119641,89.35960923123855,0.11187201328746382,2.6427524382219385,2.5781631980597113,0.5319666552894308,0.2063355243336734
14_KPCWT_115uL_live_740nm_3076mW_u1_poc0p25_20x0p75NA_457s50_g70_z1_256pix_basicFLIM_120f_0005.sdt,20260601_KPC_live_on_SLIM,live,KPCWT,457,0.25,2026-06-02 20:03:53.000000,20260601_KPC_live_on_SLIM::fitet-sz-c2-b5::14_KPCWT_115uL_live_740nm_3076mW_u1_poc0p25_20x0p75NA_457s50_g70_z1_256pix_basicFLIM_120f_0005,E:\18_RK_Circadian\data\raw\20260601_KPC_live_on_SLIM\fitet-sz-c2-b5\14_KPCWT_115uL_live_740nm_3076mW_u1_poc0p25_20x0p75NA_457s50_g70_z1_256pix_basicFLIM_120f_0005_fit_mask.npy,2,65536,64607,98.6,763.6092014651834,768.6694057929504,98.84484552649607,0.12859214218956572,2.747751992774964,2.6612284058221305,0.7031634269393383,0.26422513204841236
14_KPCWT_115uL_live_740nm_3076mW_u1_poc0p25_20x0p75NA_457s50_g70_z1_256pix_basicFLIM_120f_0006.sdt,20260601_KPC_live_on_SLIM,live,KPCWT,457,0.25,2026-06-02 20:05:02.000000,20260601_KPC_live_on_SLIM::fitet-sz-c2-b5::14_KPCWT_115uL_live_740nm_3076mW_u1_poc0p25_20x0p75NA_457s50_g70_z1_256pix_basicFLIM_120f_0006,E:\18_RK_Circadian\data\raw\20260601_KPC_live_on_SLIM\fitet-sz-c2-b5\14_KPCWT_115uL_live_740nm_3076mW_u1_poc0p25_20x0p75NA_457s50_g70_z1_256pix_basicFLIM_120f_0006_fit_mask.npy,2,65536,64903,99.0,787.1766654210446,786.7441211680564,77.57307336435257,0.09860013094115283,2.541229554427524,2.509244263229565,0.46409202509731207,0.18495290868972422
14_KPCWT_115uL_live_740nm_3076mW_u1_poc0p25_20x0p75NA_457s50_g70_z1_256pix_basicFLIM_120f_0007.sdt,20260601_KPC_live_on_SLIM,live,KPCWT,457,0.25,2026-06-02 20:06:11.000000,20260601_KPC_live_on_SLIM::fitet-sz-c2-b5::14_KPCWT_115uL_live_740nm_3076mW_u1_poc0p25_20x0p75NA_457s50_g70_z1_256pix_basicFLIM_120f_0007,E:\18_RK_Circadian\data\raw\20260601_KPC_live_on_SLIM\fitet-sz-c2-b5\14_KPCWT_115uL_live_740nm_3076mW_u1_poc0p25_20x0p75NA_457s50_g70_z1_256pix_basicFLIM_120f_0007_fit_mask.npy,2,65536,64898,99.0,774.829524598372,776.6908133361875,97.24924276256783,0.1252097245039435,2.5861916549595025,2.559264033279898,0.5944688604087233,0.23228117641573098
14_KPCWT_115uL_live_740nm_3076mW_u1_poc0p25_20x0p75NA_457s50_g70_z1_256pix_basicFLIM_120f_0008.sdt,20260601_KPC_live_on_SLIM,live,KPCWT,457,0.25,2026-06-02 20:07:20.000000,20260601_KPC_live_on_SLIM::fitet-sz-c2-b5::14_KPCWT_115uL_live_740nm_3076mW_u1_poc0p25_20x0p75NA_457s50_g70_z1_256pix_basicFLIM_120f_0008,E:\18_RK_Circadian\data\raw\20260601_KPC_live_on_SLIM\fitet-sz-c2-b5\14_KPCWT_115uL_live_740nm_3076mW_u1_poc0p25_20x0p75NA_457s50_g70_z1_256pix_basicFLIM_120f_0008_fit_mask.npy,2,65536,64994,99.2,784.3550776769634,777.6565435581065,91.31897855982807,0.11742841916047571,2.6346737348041285,2.6737510689256117,0.4681093141555754,0.1750758773305231
14_KPCWT_115uL_live_740nm_3076mW_u1_poc0p25_20x0p75NA_457s50_g70_z1_256pix_basicFLIM_120f_0009.sdt,20260601_KPC_live_on_SLIM,live,KPCWT,457,0.25,2026-06-02 20:08:29.000000,20260601_KPC_live_on_SLIM::fitet-sz-c2-b5::14_KPCWT_115uL_live_740nm_3076mW_u1_poc0p25_20x0p75NA_457s50_g70_z1_256pix_basicFLIM_120f_0009,E:\18_RK_Circadian\data\raw\20260601_KPC_live_on_SLIM\fitet-sz-c2-b5\14_KPCWT_115uL_live_740nm_3076mW_u1_poc0p25_20x0p75NA_457s50_g70_z1_256pix_basicFLIM_120f_0009_fit_mask.npy,2,65536,65119,99.4,771.344425089511,766.6362277732463,52.341168499948196,0.06827380001591776,3.0336050251310422,3.049747563070587,0.243988481895052,0.08000284510413587
14_KPCWT_115uL_live_740nm_3076mW_u1_poc0p25_20x0p75NA_457s50_g70_z1_256pix_basicFLIM_120f_0010.sdt,20260601_KPC_live_on_SLIM,live,KPCWT,457,0.25,2026-06-02 20:09:38.000000,20260601_KPC_live_on_SLIM::fitet-sz-c2-b5::14_KPCWT_115uL_live_740nm_3076mW_u1_poc0p25_20x0p75NA_457s50_g70_z1_256pix_basicFLIM_120f_0010,E:\18_RK_Circadian\data\raw\20260601_KPC_live_on_SLIM\fitet-sz-c2-b5\14_KPCWT_115uL_live_740nm_3076mW_u1_poc0p25_20x0p75NA_457s50_g70_z1_256pix_basicFLIM_120f_0010_fit_mask.npy,2,65536,65467,99.9,812.3497950538884,808.9137072806092,59.23598825691601,0.0732290573441442,2.724792167639986,2.7315420594726154,0.28486082298964277,0.10428571729356474
14_KPCWT_115uL_live_740nm_3076mW_u1_poc0p25_20x0p75NA_457s50_g70_z1_256pix_basicFLIM_120f_0011.sdt,20260601_KPC_live_on_SLIM,live,KPCWT,457,0.25,2026-06-02 20:10:47.000000,20260601_KPC_live_on_SLIM::fitet-sz-c2-b5::14_KPCWT_115uL_live_740nm_3076mW_u1_poc0p25_20x0p75NA_457s50_g70_z1_256pix_basicFLIM_120f_0011,E:\18_RK_Circadian\data\raw\20260601_KPC_live_on_SLIM\fitet-sz-c2-b5\14_KPCWT_115uL_live_740nm_3076mW_u1_poc0p25_20x0p75NA_457s50_g70_z1_256pix_basicFLIM_120f_0011_fit_mask.npy,2,65536,65432,99.8,777.1257903682981,773.891491396029,59.22960297528853,0.07653476441308817,2.863131343662391,2.8698637858683016,0.3240181152761163,0.11290365656782622
14_KPCWT_115uL_live_740nm_3076mW_u1_poc0p25_20x0p75NA_457s50_g70_z1_256pix_basicFLIM_120f_0012.sdt,20260601_KPC_live_on_SLIM,live,KPCWT,457,0.25,2026-06-02 20:11:56.000000,20260601_KPC_live_on_SLIM::fitet-sz-c2-b5::14_KPCWT_115uL_live_740nm_3076mW_u1_poc0p25_20x0p75NA_457s50_g70_z1_256pix_basicFLIM_120f_0012,E:\18_RK_Circadian\data\raw\20260601_KPC_live_on_SLIM\fitet-sz-c2-b5\14_KPCWT_115uL_live_740nm_3076mW_u1_poc0p25_20x0p75NA_457s50_g70_z1_256pix_basicFLIM_120f_0012_fit_mask.npy,2,65536,65334,99.7,816.0483607625008,812.7219738455738,85.19690444373518,0.1048290893878594,2.395903600404295,2.4334070285147766,0.3650637562301137,0.15002165768088924
14_KPCWT_115uL_live_740nm_3076mW_u1_poc0p25_20x0p75NA_535s50_g70_z1_256pix_basicFLIM_120f_0000.sdt,20260601_KPC_live_on_SLIM,live,KPCWT,535,0.25,2026-06-02 20:14:38.000000,20260601_KPC_live_on_SLIM::fitet-sz-c2-b5::14_KPCWT_115uL_live_740nm_3076mW_u1_poc0p25_20x0p75NA_535s50_g70_z1_256pix_basicFLIM_120f_0000,E:\18_RK_Circadian\data\raw\20260601_KPC_live_on_SLIM\fitet-sz-c2-b5\14_KPCWT_115uL_live_740nm_3076mW_u1_poc0p25_20x0p75NA_535s50_g70_z1_256pix_basicFLIM_120f_0000_fit_mask.npy,2,65536,61085,93.2,602.7421128134679,603.0163933381529,85.4907878946442,0.14177191339921605,3.3617466967450853,3.4011269704875238,0.4909958323414797,0.14436268819187878
14_KPCWT_115uL_live_740nm_3076mW_u1_poc0p25_20x0p75NA_535s50_g70_z1_256pix_basicFLIM_120f_0001.sdt,20260601_KPC_live_on_SLIM,live,KPCWT,535,0.25,2026-06-02 20:15:47.000000,20260601_KPC_live_on_SLIM::fitet-sz-c2-b5::14_KPCWT_115uL_live_740nm_3076mW_u1_poc0p25_20x0p75NA_535s50_g70_z1_256pix_basicFLIM_120f_0001,E:\18_RK_Circadian\data\raw\20260601_KPC_live_on_SLIM\fitet-sz-c2-b5\14_KPCWT_115uL_live_740nm_3076mW_u1_poc0p25_20x0p75NA_535s50_g70_z1_256pix_basicFLIM_120f_0001_fit_mask.npy,2,65536,58874,89.8,596.6184346787763,593.9734865921347,86.08267670850668,0.14492680001997682,3.3482131961482344,3.407801221966722,0.4867917090274295,0.14284627456835366
14_KPCWT_115uL_live_740nm_3076mW_u1_poc0p25_20x0p75NA_535s50_g70_z1_256pix_basicFLIM_120f_0002.sdt,20260601_KPC_live_on_SLIM,live,KPCWT,535,0.25,2026-06-02 20:16:55.000000,20260601_KPC_live_on_SLIM::fitet-sz-c2-b5::14_KPCWT_115uL_live_740nm_3076mW_u1_poc0p25_20x0p75NA_535s50_g70_z1_256pix_basicFLIM_120f_0002,E:\18_RK_Circadian\data\raw\20260601_KPC_live_on_SLIM\fitet-sz-c2-b5\14_KPCWT_115uL_live_740nm_3076mW_u1_poc0p25_20x0p75NA_535s50_g70_z1_256pix_basicFLIM_120f_0002_fit_mask.npy,2,65536,62059,94.7,589.7298211963025,588.6239316856314,87.52535641659328,0.1486948656096067,3.335411756868166,3.3839611712762667,0.4924141591747655,0.14551412804451613
14_KPCWT_115uL_live_740nm_3076mW_u1_poc0p25_20x0p75NA_535s50_g70_z1_256pix_basicFLIM_120f_0003.sdt,20260601_KPC_live_on_SLIM,live,KPCWT,535,0.25,2026-06-02 20:18:04.000000,20260601_KPC_live_on_SLIM::fitet-sz-c2-b5::14_KPCWT_115uL_live_740nm_3076mW_u1_poc0p25_20x0p75NA_535s50_g70_z1_256pix_basicFLIM_120f_0003,E:\18_RK_Circadian\data\raw\20260601_KPC_live_on_SLIM\fitet-sz-c2-b5\14_KPCWT_115uL_live_740nm_3076mW_u1_poc0p25_20x0p75NA_535s50_g70_z1_256pix_basicFLIM_120f_0003_fit_mask.npy,2,65536,52287,79.8,610.5368947851799,604.2935161445362,95.55757809792674,0.1581310663526482,3.3283779783927785,3.434659529593749,0.5993056844644568,0.17448765424948612
14_KPCWT_115uL_live_740nm_3076mW_u1_poc0p25_20x0p75NA_535s50_g70_z1_256pix_basicFLIM_120f_0004.sdt,20260601_KPC_live_on_SLIM,live,KPCWT,535,0.25,2026-06-02 20:19:13.000000,20260601_KPC_live_on_SLIM::fitet-sz-c2-b5::14_KPCWT_115uL_live_740nm_3076mW_u1_poc0p25_20x0p75NA_535s50_g70_z1_256pix_basicFLIM_120f_0004,E:\18_RK_Circadian\data\raw\20260601_KPC_live_on_SLIM\fitet-sz-c2-b5\14_KPCWT_115uL_live_740nm_3076mW_u1_poc0p25_20x0p75NA_535s50_g70_z1_256pix_basicFLIM_120f_0004_fit_mask.npy,2,65536,57775,88.2,631.5911488382187,628.5491007892165,95.67631271643471,0.1522177226827657,3.15045256453235,3.220399851363194,0.5029309251200862,0.15617033546539127
14_KPCWT_115uL_live_740nm_3076mW_u1_poc0p25_20x0p75NA_535s50_g70_z1_256pix_basicFLIM_120f_0005.sdt,20260601_KPC_live_on_SLIM,live,KPCWT,535,0.25,2026-06-02 20:20:21.000000,20260601_KPC_live_on_SLIM::fitet-sz-c2-b5::14_KPCWT_115uL_live_740nm_3076mW_u1_poc0p25_20x0p75NA_535s50_g70_z1_256pix_basicFLIM_120f_0005,E:\18_RK_Circadian\data\raw\20260601_KPC_live_on_SLIM\fitet-sz-c2-b5\14_KPCWT_115uL_live_740nm_3076mW_u1_poc0p25_20x0p75NA_535s50_g70_z1_256pix_basicFLIM_120f_0005_fit_mask.npy,2,65536,54443,83.1,602.7440531659659,600.493376653296,97.28100502047455,0.16200179519488894,3.3558056231413893,3.431827527063378,0.5661915858092178,0.16498252937953123
14_KPCWT_115uL_live_740nm_3076mW_u1_poc0p25_20x0p75NA_535s50_g70_z1_256pix_basicFLIM_120f_0006.sdt,20260601_KPC_live_on_SLIM,live,KPCWT,535,0.25,2026-06-02 20:21:31.000000,20260601_KPC_live_on_SLIM::fitet-sz-c2-b5::14_KPCWT_115uL_live_740nm_3076mW_u1_poc0p25_20x0p75NA_535s50_g70_z1_256pix_basicFLIM_120f_0006,E:\18_RK_Circadian\data\raw\20260601_KPC_live_on_SLIM\fitet-sz-c2-b5\14_KPCWT_115uL_live_740nm_3076mW_u1_poc0p25_20x0p75NA_535s50_g70_z1_256pix_basicFLIM_120f_0006_fit_mask.npy,2,65536,56221,85.8,605.7450003852903,599.4033663215006,92.45922408901436,0.15425209347159757,3.2648402132725263,3.345939418134113,0.5175499820176558,0.15468002176389412
14_KPCWT_115uL_live_740nm_3076mW_u1_poc0p25_20x0p75NA_535s50_g70_z1_256pix_basicFLIM_120f_0007.sdt,20260601_KPC_live_on_SLIM,live,KPCWT,535,0.25,2026-06-02 20:22:39.000000,20260601_KPC_live_on_SLIM::fitet-sz-c2-b5::14_KPCWT_115uL_live_740nm_3076mW_u1_poc0p25_20x0p75NA_535s50_g70_z1_256pix_basicFLIM_120f_0007,E:\18_RK_Circadian\data\raw\20260601_KPC_live_on_SLIM\fitet-sz-c2-b5\14_KPCWT_115uL_live_740nm_3076mW_u1_poc0p25_20x0p75NA_535s50_g70_z1_256pix_basicFLIM_120f_0007_fit_mask.npy,2,65536,54896,83.8,590.5747778112219,588.7936799728888,103.64954765106535,0.1760371267161664,3.3437427739987546,3.4423276035499453,0.6036407940073113,0.1753583224864475
14_KPCWT_115uL_live_740nm_3076mW_u1_poc0p25_20x0p75NA_535s50_g70_z1_256pix_basicFLIM_120f_0008.sdt,20260601_KPC_live_on_SLIM,live,KPCWT,535,0.25,2026-06-02 20:23:49.000000,20260601_KPC_live_on_SLIM::fitet-sz-c2-b5::14_KPCWT_115uL_live_740nm_3076mW_u1_poc0p25_20x0p75NA_535s50_g70_z1_256pix_basicFLIM_120f_0008,E:\18_RK_Circadian\data\raw\20260601_KPC_live_on_SLIM\fitet-sz-c2-b5\14_KPCWT_115uL_live_740nm_3076mW_u1_poc0p25_20x0p75NA_535s50_g70_z1_256pix_basicFLIM_120f_0008_fit_mask.npy,2,65536,62811,95.8,624.4159011358207,626.6295959060174,105.44815273920523,0.1682782834199559,3.170878134688205,3.22961198546753,0.5552677189332497,0.1719301641905652
14_KPCWT_115uL_live_740nm_3076mW_u1_poc0p25_20x0p75NA_535s50_g70_z1_256pix_basicFLIM_120f_0009.sdt,20260601_KPC_live_on_SLIM,live,KPCWT,535,0.25,2026-06-02 20:24:57.000000,20260601_KPC_live_on_SLIM::fitet-sz-c2-b5::14_KPCWT_115uL_live_740nm_3076mW_u1_poc0p25_20x0p75NA_535s50_g70_z1_256pix_basicFLIM_120f_0009,E:\18_RK_Circadian\data\raw\20260601_KPC_live_on_SLIM\fitet-sz-c2-b5\14_KPCWT_115uL_live_740nm_3076mW_u1_poc0p25_20x0p75NA_535s50_g70_z1_256pix_basicFLIM_120f_0009_fit_mask.npy,2,65536,64863,99.0,669.8446289409403,667.4971799385715,66.63976468451716,0.0998352752451327,3.0595434337379492,3.0877978881768144,0.3212479269119838,0.10403787376824204
14_KPCWT_115uL_live_740nm_3076mW_u1_poc0p25_20x0p75NA_535s50_g70_z1_256pix_basicFLIM_120f_0010.sdt,20260601_KPC_live_on_SLIM,live,KPCWT,535,0.25,2026-06-02 20:26:07.000000,20260601_KPC_live_on_SLIM::fitet-sz-c2-b5::14_KPCWT_115uL_live_740nm_3076mW_u1_poc0p25_20x0p75NA_535s50_g70_z1_256pix_basicFLIM_120f_0010,E:\18_RK_Circadian\data\raw\20260601_KPC_live_on_SLIM\fitet-sz-c2-b5\14_KPCWT_115uL_live_740nm_3076mW_u1_poc0p25_20x0p75NA_535s50_g70_z1_256pix_basicFLIM_120f_0010_fit_mask.npy,2,65536,65352,99.7,660.484690787049,657.3481848645112,76.89220725237062,0.11697333167234532,3.0551654088853883,3.0794668086947494,0.3455613003574623,0.11221465332303111
14_KPCWT_115uL_live_740nm_3076mW_u1_poc0p25_20x0p75NA_535s50_g70_z1_256pix_basicFLIM_120f_0011.sdt,20260601_KPC_live_on_SLIM,live,KPCWT,535,0.25,2026-06-02 20:27:16.000000,20260601_KPC_live_on_SLIM::fitet-sz-c2-b5::14_KPCWT_115uL_live_740nm_3076mW_u1_poc0p25_20x0p75NA_535s50_g70_z1_256pix_basicFLIM_120f_0011,E:\18_RK_Circadian\data\raw\20260601_KPC_live_on_SLIM\fitet-sz-c2-b5\14_KPCWT_115uL_live_740nm_3076mW_u1_poc0p25_20x0p75NA_535s50_g70_z1_256pix_basicFLIM_120f_0011_fit_mask.npy,2,65536,65426,99.8,637.401573547634,636.7109020692301,79.11893905307785,0.12426195121828648,3.1786206587400248,3.2008623974962314,0.37512634796572264,0.11719539967077398
14_KPCWT_115uL_live_740nm_3076mW_u1_poc0p25_20x0p75NA_535s50_g70_z1_256pix_basicFLIM_120f_0012.sdt,20260601_KPC_live_on_SLIM,live,KPCWT,535,0.25,2026-06-02 20:28:24.000000,20260601_KPC_live_on_SLIM::fitet-sz-c2-b5::14_KPCWT_115uL_live_740nm_3076mW_u1_poc0p25_20x0p75NA_535s50_g70_z1_256pix_basicFLIM_120f_0012,E:\18_RK_Circadian\data\raw\20260601_KPC_live_on_SLIM\fitet-sz-c2-b5\14_KPCWT_115uL_live_740nm_3076mW_u1_poc0p25_20x0p75NA_535s50_g70_z1_256pix_basicFLIM_120f_0012_fit_mask.npy,2,65536,63639,97.1,590.6299990510247,590.5601034384089,90.78466423912388,0.15372637553832327,3.3043526333247337,3.3618675248631775,0.4983867916892193,0.14824700497664697
