filename,session_root,session_date,fixation_type,cell_type,sample_index,frame_index,em_filter_nm,acquisition_time,annotation,notes,laser_damage
3_KPCWTformP4num4_740nm_3037mW_u1_poc0p2_20x0p75NA_475s50_g70_z1_256pix_basicFLIM_30f_0000.sdt,20260429_KPC_fixed_dishes_on_SLIM,20260429,form,KPCWT,3,0,457,2026-04-29 19:37:05.517570,no_cells,,False
3_KPCWTformP4num4_740nm_3037mW_u1_poc0p2_20x0p75NA_535s50_g70_z1_256pix_basicFLIM_90f_0000.sdt,20260429_KPC_fixed_dishes_on_SLIM,20260429,form,KPCWT,3,0,535,2026-04-29 19:58:15.007702,no_cells,,False
3_KPCWTformP4num4_740nm_3037mW_u1_poc0p2_20x0p75NA_475s50_g70_z1_256pix_basicFLIM_30f_0001.sdt,20260429_KPC_fixed_dishes_on_SLIM,20260429,form,KPCWT,3,1,457,2026-04-29 19:37:57.548928,no_cells,,False
3_KPCWTformP4num4_740nm_3037mW_u1_poc0p2_20x0p75NA_535s50_g70_z1_256pix_basicFLIM_90f_0001.sdt,20260429_KPC_fixed_dishes_on_SLIM,20260429,form,KPCWT,3,1,535,2026-04-29 19:59:06.976839,no_cells,,False
3_KPCWTformP4num4_740nm_3037mW_u1_poc0p2_20x0p75NA_475s50_g70_z1_256pix_basicFLIM_30f_0002.sdt,20260429_KPC_fixed_dishes_on_SLIM,20260429,form,KPCWT,3,2,457,2026-04-29 19:38:49.448943,no_cells,,False
3_KPCWTformP4num4_740nm_3037mW_u1_poc0p2_20x0p75NA_535s50_g70_z1_256pix_basicFLIM_90f_0002.sdt,20260429_KPC_fixed_dishes_on_SLIM,20260429,form,KPCWT,3,2,535,2026-04-29 19:59:58.916189,no_cells,,False
3_KPCWTformP4num4_740nm_3037mW_u1_poc0p2_20x0p75NA_475s50_g70_z1_256pix_basicFLIM_30f_0003.sdt,20260429_KPC_fixed_dishes_on_SLIM,20260429,form,KPCWT,3,3,457,2026-04-29 19:39:42.024918,no_cells,,False
3_KPCWTformP4num4_740nm_3037mW_u1_poc0p2_20x0p75NA_535s50_g70_z1_256pix_basicFLIM_90f_0003.sdt,20260429_KPC_fixed_dishes_on_SLIM,20260429,form,KPCWT,3,3,535,2026-04-29 20:00:51.589983,no_cells,,False
3_KPCWTformP4num4_740nm_3037mW_u1_poc0p2_20x0p75NA_475s50_g70_z1_256pix_basicFLIM_30f_0004.sdt,20260429_KPC_fixed_dishes_on_SLIM,20260429,form,KPCWT,3,4,457,2026-04-29 19:40:33.914137,no_cells,,False
3_KPCWTformP4num4_740nm_3037mW_u1_poc0p2_20x0p75NA_535s50_g70_z1_256pix_basicFLIM_90f_0004.sdt,20260429_KPC_fixed_dishes_on_SLIM,20260429,form,KPCWT,3,4,535,2026-04-29 20:01:43.557943,no_cells,,False
3_KPCWTformP4num4_740nm_3037mW_u1_poc0p2_20x0p75NA_475s50_g70_z1_256pix_basicFLIM_30f_0005.sdt,20260429_KPC_fixed_dishes_on_SLIM,20260429,form,KPCWT,3,5,457,2026-04-29 19:41:28.212823,no_cells,y shifting,False
3_KPCWTformP4num4_740nm_3037mW_u1_poc0p2_20x0p75NA_535s50_g70_z1_256pix_basicFLIM_90f_0005.sdt,20260429_KPC_fixed_dishes_on_SLIM,20260429,form,KPCWT,3,5,535,2026-04-29 20:02:35.588501,single_cell,,False
3_KPCWTformP4num4_740nm_3037mW_u1_poc0p2_20x0p75NA_475s50_g70_z1_256pix_basicFLIM_30f_0006.sdt,20260429_KPC_fixed_dishes_on_SLIM,20260429,form,KPCWT,3,6,457,2026-04-29 19:42:21.019055,no_cells,y shifting,False
3_KPCWTformP4num4_740nm_3037mW_u1_poc0p2_20x0p75NA_535s50_g70_z1_256pix_basicFLIM_90f_0006.sdt,20260429_KPC_fixed_dishes_on_SLIM,20260429,form,KPCWT,3,6,535,2026-04-29 20:03:27.884642,single_cell,,False
3_KPCWTformP4num4_740nm_3037mW_u1_poc0p2_20x0p75NA_475s50_g70_z1_256pix_basicFLIM_30f_0007.sdt,20260429_KPC_fixed_dishes_on_SLIM,20260429,form,KPCWT,3,7,457,2026-04-29 19:43:12.543862,no_cells,y shifting,False
3_KPCWTformP4num4_740nm_3037mW_u1_poc0p2_20x0p75NA_535s50_g70_z1_256pix_basicFLIM_90f_0007.sdt,20260429_KPC_fixed_dishes_on_SLIM,20260429,form,KPCWT,3,7,535,2026-04-29 20:04:19.461562,single_cell,,False
3_KPCWTformP4num4_740nm_3037mW_u1_poc0p2_20x0p75NA_475s50_g70_z1_256pix_basicFLIM_30f_0008.sdt,20260429_KPC_fixed_dishes_on_SLIM,20260429,form,KPCWT,3,8,457,2026-04-29 19:44:05.375892,single_cell,,False
3_KPCWTformP4num4_740nm_3037mW_u1_poc0p2_20x0p75NA_535s50_g70_z1_256pix_basicFLIM_90f_0008.sdt,20260429_KPC_fixed_dishes_on_SLIM,20260429,form,KPCWT,3,8,535,2026-04-29 20:05:12.073715,single_cell,,False
3_KPCWTformP4num4_740nm_3037mW_u1_poc0p2_20x0p75NA_475s50_g70_z1_256pix_basicFLIM_30f_0009.sdt,20260429_KPC_fixed_dishes_on_SLIM,20260429,form,KPCWT,3,9,457,2026-04-29 19:44:57.772617,single_cell,,False
3_KPCWTformP4num4_740nm_3037mW_u1_poc0p2_20x0p75NA_535s50_g70_z1_256pix_basicFLIM_90f_0009.sdt,20260429_KPC_fixed_dishes_on_SLIM,20260429,form,KPCWT,3,9,535,2026-04-29 20:06:04.545276,single_cell,,False
3_KPCWTformP4num4_pos5_740nm_3037mW_u1_poc0p2_20x0p75NA_475s50_g70_z1_256pix_basicFLIM_30f_0010.sdt,20260429_KPC_fixed_dishes_on_SLIM,20260429,form,KPCWT,3,10,457,2026-04-29 19:46:56.571939,single cell,matches 3_KPCWTformP4num4_740nm_3037mW_u1_poc0p2_20x0p75NA_535s50_g70_z1_256pix_basicFLIM_90f_0005.sdt ,False
3_KPCWTformP4num4_pos6_740nm_3037mW_u1_poc0p2_20x0p75NA_475s50_g70_z1_256pix_basicFLIM_30f_0011.sdt,20260429_KPC_fixed_dishes_on_SLIM,20260429,form,KPCWT,3,11,457,2026-04-29 19:47:48.915269,single cell,matches 3_KPCWTformP4num4_740nm_3037mW_u1_poc0p2_20x0p75NA_535s50_g70_z1_256pix_basicFLIM_90f_0006.sdt,False
3_KPCWTformP4num4_pos7_740nm_3037mW_u1_poc0p2_20x0p75NA_475s50_g70_z1_256pix_basicFLIM_30f_0012.sdt,20260429_KPC_fixed_dishes_on_SLIM,20260429,form,KPCWT,3,12,457,2026-04-29 19:48:40.542150,single cell,matches 3_KPCWTformP4num4_740nm_3037mW_u1_poc0p2_20x0p75NA_535s50_g70_z1_256pix_basicFLIM_90f_0007.sdt,False
4_KPCWT0416formP4num3_740nm_3037mW_u1_poc0p2_20x0p75NA_457s50_g70_z1_256pix_basicFLIM_90f_0000.sdt,20260429_KPC_fixed_dishes_on_SLIM,20260429,form,KPCWT,4,0,457,2026-04-29 20:46:38.056021,colony_island,,False
4_KPCWT0416formP4num3_740nm_3037mW_u1_poc0p2_20x0p75NA_535s50_g70_z1_256pix_basicFLIM_90f_0000.sdt,20260429_KPC_fixed_dishes_on_SLIM,20260429,form,KPCWT,4,0,535,2026-04-29 21:07:14.195684,colony_island,,False
4_KPCWT0416formP4num3_740nm_3037mW_u1_poc0p2_20x0p75NA_457s50_g70_z1_256pix_basicFLIM_90f_0001.sdt,20260429_KPC_fixed_dishes_on_SLIM,20260429,form,KPCWT,4,1,457,2026-04-29 20:47:30.106728,colony_island,,False
4_KPCWT0416formP4num3_740nm_3037mW_u1_poc0p2_20x0p75NA_535s50_g70_z1_256pix_basicFLIM_90f_0001.sdt,20260429_KPC_fixed_dishes_on_SLIM,20260429,form,KPCWT,4,1,535,2026-04-29 21:08:06.188833,colony_island,,False
4_KPCWT0416formP4num3_740nm_3037mW_u1_poc0p2_20x0p75NA_457s50_g70_z1_256pix_basicFLIM_90f_0002.sdt,20260429_KPC_fixed_dishes_on_SLIM,20260429,form,KPCWT,4,2,457,2026-04-29 20:48:21.835170,colony_island,,False
4_KPCWT0416formP4num3_740nm_3037mW_u1_poc0p2_20x0p75NA_535s50_g70_z1_256pix_basicFLIM_90f_0002.sdt,20260429_KPC_fixed_dishes_on_SLIM,20260429,form,KPCWT,4,2,535,2026-04-29 21:08:57.785968,colony_island,,False
4_KPCWT0416formP4num3_740nm_3037mW_u1_poc0p2_20x0p75NA_457s50_g70_z1_256pix_basicFLIM_90f_0003.sdt,20260429_KPC_fixed_dishes_on_SLIM,20260429,form,KPCWT,4,3,457,2026-04-29 20:49:13.386677,colony_island,,False
4_KPCWT0416formP4num3_740nm_3037mW_u1_poc0p2_20x0p75NA_535s50_g70_z1_256pix_basicFLIM_90f_0003.sdt,20260429_KPC_fixed_dishes_on_SLIM,20260429,form,KPCWT,4,3,535,2026-04-29 21:09:49.223563,colony_island,,False
4_KPCWT0416formP4num3_740nm_3037mW_u1_poc0p2_20x0p75NA_457s50_g70_z1_256pix_basicFLIM_90f_0004.sdt,20260429_KPC_fixed_dishes_on_SLIM,20260429,form,KPCWT,4,4,457,2026-04-29 20:50:05.354030,single_cell,,False
4_KPCWT0416formP4num3_740nm_3037mW_u1_poc0p2_20x0p75NA_535s50_g70_z1_256pix_basicFLIM_90f_0004.sdt,20260429_KPC_fixed_dishes_on_SLIM,20260429,form,KPCWT,4,4,535,2026-04-29 21:10:41.324363,single_cell,,False
4_KPCWT0416formP4num3_740nm_3037mW_u1_poc0p2_20x0p75NA_457s50_g70_z1_256pix_basicFLIM_90f_0005.sdt,20260429_KPC_fixed_dishes_on_SLIM,20260429,form,KPCWT,4,5,457,2026-04-29 20:50:57.177642,single_cell,,False
4_KPCWT0416formP4num3_740nm_3037mW_u1_poc0p2_20x0p75NA_535s50_g70_z1_256pix_basicFLIM_90f_0005.sdt,20260429_KPC_fixed_dishes_on_SLIM,20260429,form,KPCWT,4,5,535,2026-04-29 21:11:33.085390,single_cell,,False
4_KPCWT0416formP4num3_740nm_3037mW_u1_poc0p2_20x0p75NA_457s50_g70_z1_256pix_basicFLIM_90f_0006.sdt,20260429_KPC_fixed_dishes_on_SLIM,20260429,form,KPCWT,4,6,457,2026-04-29 20:51:48.870465,single_cell,,False
4_KPCWT0416formP4num3_740nm_3037mW_u1_poc0p2_20x0p75NA_535s50_g70_z1_256pix_basicFLIM_90f_0006.sdt,20260429_KPC_fixed_dishes_on_SLIM,20260429,form,KPCWT,4,6,535,2026-04-29 21:12:24.785834,single_cell,,False
4_KPCWT0416formP4num3_740nm_3037mW_u1_poc0p2_20x0p75NA_457s50_g70_z1_256pix_basicFLIM_90f_0007.sdt,20260429_KPC_fixed_dishes_on_SLIM,20260429,form,KPCWT,4,7,457,2026-04-29 20:52:40.693682,colony_edge,,False
4_KPCWT0416formP4num3_740nm_3037mW_u1_poc0p2_20x0p75NA_535s50_g70_z1_256pix_basicFLIM_90f_0007.sdt,20260429_KPC_fixed_dishes_on_SLIM,20260429,form,KPCWT,4,7,535,2026-04-29 21:13:16.399550,colony_edge,,False
4_KPCWT0416formP4num3_740nm_3037mW_u1_poc0p2_20x0p75NA_457s50_g70_z1_256pix_basicFLIM_90f_0008.sdt,20260429_KPC_fixed_dishes_on_SLIM,20260429,form,KPCWT,4,8,457,2026-04-29 20:53:32.560425,colony_island,,False
4_KPCWT0416formP4num3_740nm_3037mW_u1_poc0p2_20x0p75NA_535s50_g70_z1_256pix_basicFLIM_90f_0008.sdt,20260429_KPC_fixed_dishes_on_SLIM,20260429,form,KPCWT,4,8,535,2026-04-29 21:14:08.362025,colony_island,,False
4_KPCWT0416formP4num3_740nm_3037mW_u1_poc0p2_20x0p75NA_457s50_g70_z1_256pix_basicFLIM_90f_0009.sdt,20260429_KPC_fixed_dishes_on_SLIM,20260429,form,KPCWT,4,9,457,2026-04-29 20:54:24.066645,colony_island,,False
4_KPCWT0416formP4num3_740nm_3037mW_u1_poc0p2_20x0p75NA_535s50_g70_z1_256pix_basicFLIM_90f_0009.sdt,20260429_KPC_fixed_dishes_on_SLIM,20260429,form,KPCWT,4,9,535,2026-04-29 21:14:59.811825,colony_island,,False
3_KPCWT0430glu10min_740nm_3024mW_u1_poc0p15_20x0p75NA_457s50_g70_z1_256pix_basicFLIM_90f_0000.sdt,20260501_KPC_fixed_dishes_on_SLIM,20260501,glu,KPCWT,3,0,457,2026-05-01 12:35:05.313828,colony_edge,,False
3_KPCWT0430glu10min_740nm_3024mW_u1_poc0p2_20x0p75NA_457s50_g70_z1_256pix_basicFLIM_120f_0000.sdt,20260501_KPC_fixed_dishes_on_SLIM,20260501,glu,KPCWT,3,0,457,2026-05-01 12:36:55.037235,colony_edge,,False
3_KPCWT0430glu10min_740nm_3024mW_u1_poc0p2_20x0p75NA_535s50_g70_z1_256pix_basicFLIM_120f_0000.sdt,20260501_KPC_fixed_dishes_on_SLIM,20260501,glu,KPCWT,3,0,535,2026-05-01 12:49:29.961571,colony_edge,,False
3_KPCWT0430glu10min_740nm_3024mW_u1_poc0p2_20x0p75NA_457s50_g70_z1_256pix_basicFLIM_120f_0001.sdt,20260501_KPC_fixed_dishes_on_SLIM,20260501,glu,KPCWT,3,1,457,2026-05-01 12:38:03.106658,colony_deep,,False
3_KPCWT0430glu10min_740nm_3024mW_u1_poc0p2_20x0p75NA_535s50_g70_z1_256pix_basicFLIM_120f_0001.sdt,20260501_KPC_fixed_dishes_on_SLIM,20260501,glu,KPCWT,3,1,535,2026-05-01 12:50:38.371304,colony_deep,,False
3_KPCWT0430glu10min_740nm_3024mW_u1_poc0p2_20x0p75NA_457s50_g70_z1_256pix_basicFLIM_120f_0002.sdt,20260501_KPC_fixed_dishes_on_SLIM,20260501,glu,KPCWT,3,2,457,2026-05-01 12:39:11.503284,colony_deep,,False
3_KPCWT0430glu10min_740nm_3024mW_u1_poc0p2_20x0p75NA_535s50_g70_z1_256pix_basicFLIM_120f_0002.sdt,20260501_KPC_fixed_dishes_on_SLIM,20260501,glu,KPCWT,3,2,535,2026-05-01 12:51:46.988245,colony_deep,,False
3_KPCWT0430glu10min_740nm_3024mW_u1_poc0p2_20x0p75NA_457s50_g70_z1_256pix_basicFLIM_120f_0003.sdt,20260501_KPC_fixed_dishes_on_SLIM,20260501,glu,KPCWT,3,3,457,2026-05-01 12:40:20.221795,colony_deep,,False
3_KPCWT0430glu10min_740nm_3024mW_u1_poc0p2_20x0p75NA_535s50_g70_z1_256pix_basicFLIM_120f_0003.sdt,20260501_KPC_fixed_dishes_on_SLIM,20260501,glu,KPCWT,3,3,535,2026-05-01 12:52:55.720882,colony_deep,,False
3_KPCWT0430glu10min_740nm_3024mW_u1_poc0p2_20x0p75NA_457s50_g70_z1_256pix_basicFLIM_120f_0004.sdt,20260501_KPC_fixed_dishes_on_SLIM,20260501,glu,KPCWT,3,4,457,2026-05-01 12:41:28.626858,colony_deep,,False
3_KPCWT0430glu10min_740nm_3024mW_u1_poc0p2_20x0p75NA_535s50_g70_z1_256pix_basicFLIM_120f_0004.sdt,20260501_KPC_fixed_dishes_on_SLIM,20260501,glu,KPCWT,3,4,535,2026-05-01 12:54:04.579098,colony_deep,,False
3_KPCWT0430glu10min_740nm_3024mW_u1_poc0p2_20x0p75NA_457s50_g70_z1_256pix_basicFLIM_120f_0005.sdt,20260501_KPC_fixed_dishes_on_SLIM,20260501,glu,KPCWT,3,5,457,2026-05-01 12:42:37.310515,colony_edge,maybe colony_deep; would need TD to verify,False
3_KPCWT0430glu10min_740nm_3024mW_u1_poc0p2_20x0p75NA_535s50_g70_z1_256pix_basicFLIM_120f_0005.sdt,20260501_KPC_fixed_dishes_on_SLIM,20260501,glu,KPCWT,3,5,535,2026-05-01 12:55:13.659638,colony_edge,,False
3_KPCWT0430glu10min_740nm_3024mW_u1_poc0p2_20x0p75NA_457s50_g70_z1_256pix_basicFLIM_120f_0006.sdt,20260501_KPC_fixed_dishes_on_SLIM,20260501,glu,KPCWT,3,6,457,2026-05-01 12:43:45.975055,colony_edge,brightest point looks like single dying cell,False
3_KPCWT0430glu10min_740nm_3024mW_u1_poc0p2_20x0p75NA_535s50_g70_z1_256pix_basicFLIM_120f_0006.sdt,20260501_KPC_fixed_dishes_on_SLIM,20260501,glu,KPCWT,3,6,535,2026-05-01 12:56:22.644829,colony_edge,,False
3_KPCWT0430glu10min_740nm_3024mW_u1_poc0p2_20x0p75NA_457s50_g70_z1_256pix_basicFLIM_120f_0007.sdt,20260501_KPC_fixed_dishes_on_SLIM,20260501,glu,KPCWT,3,7,457,2026-05-01 12:44:55.968385,colony_deep,,False
3_KPCWT0430glu10min_740nm_3024mW_u1_poc0p2_20x0p75NA_535s50_g70_z1_256pix_basicFLIM_120f_0007.sdt,20260501_KPC_fixed_dishes_on_SLIM,20260501,glu,KPCWT,3,7,535,2026-05-01 12:57:33.093796,colony_deep,,False
3_KPCWT0430glu10min_740nm_3024mW_u1_poc0p2_20x0p75NA_457s50_g70_z1_256pix_basicFLIM_120f_0008.sdt,20260501_KPC_fixed_dishes_on_SLIM,20260501,glu,KPCWT,3,8,457,2026-05-01 12:46:04.526301,colony_deep,,False
3_KPCWT0430glu10min_740nm_3024mW_u1_poc0p2_20x0p75NA_535s50_g70_z1_256pix_basicFLIM_120f_0008.sdt,20260501_KPC_fixed_dishes_on_SLIM,20260501,glu,KPCWT,3,8,535,2026-05-01 12:58:41.756837,colony_deep,,False
3_KPCWT0430glu10min_740nm_3024mW_u1_poc0p2_20x0p75NA_457s50_g70_z1_256pix_basicFLIM_120f_0009.sdt,20260501_KPC_fixed_dishes_on_SLIM,20260501,glu,KPCWT,3,9,457,2026-05-01 12:47:13.634270,colony_edge,,False
3_KPCWT0430glu10min_740nm_3024mW_u1_poc0p2_20x0p75NA_535s50_g70_z1_256pix_basicFLIM_120f_0009.sdt,20260501_KPC_fixed_dishes_on_SLIM,20260501,glu,KPCWT,3,9,535,2026-05-01 12:59:51.204626,colony_edge,,False
4_BKO0430glu10min_740nm_3038mW_u1_poc0p2_20x0p75NA_457s50_g70_z1_256pix_basicFLIM_100f_0000.sdt,20260501_KPC_fixed_dishes_on_SLIM,20260501,glu,BKO,4,0,457,2026-05-01 13:22:09.120483,colony_deep,,False
4_BKO0430glu10min_740nm_3024mW_u1_poc0p2_20x0p75NA_535s50_g70_z1_256pix_basicFLIM_60f_0000.sdt,20260501_KPC_fixed_dishes_on_SLIM,20260501,glu,BKO,4,0,535,2026-05-01 13:09:00.662720,colony_deep,,False
4_BKO0430glu10min_740nm_3024mW_u1_poc0p2_20x0p75NA_535s50_g70_z1_256pix_basicFLIM_40f_0000.sdt,20260501_KPC_fixed_dishes_on_SLIM,20260501,glu,BKO,4,0,535,2026-05-01 13:15:04.902694,colony_deep,,False
4_BKO0430glu10min_740nm_3038mW_u1_poc0p2_20x0p75NA_457s50_g70_z1_256pix_basicFLIM_100f_0001.sdt,20260501_KPC_fixed_dishes_on_SLIM,20260501,glu,BKO,4,1,457,2026-05-01 13:23:07.402745,colony_deep,,False
4_BKO0430glu10min_740nm_3024mW_u1_poc0p2_20x0p75NA_535s50_g70_z1_256pix_basicFLIM_60f_0001.sdt,20260501_KPC_fixed_dishes_on_SLIM,20260501,glu,BKO,4,1,535,2026-05-01 13:09:36.503611,colony_deep,,False
4_BKO0430glu10min_740nm_3024mW_u1_poc0p2_20x0p75NA_535s50_g70_z1_256pix_basicFLIM_40f_0001.sdt,20260501_KPC_fixed_dishes_on_SLIM,20260501,glu,BKO,4,1,535,2026-05-01 13:15:29.566742,colony_deep,,False
4_BKO0430glu10min_740nm_3038mW_u1_poc0p2_20x0p75NA_457s50_g70_z1_256pix_basicFLIM_100f_0002.sdt,20260501_KPC_fixed_dishes_on_SLIM,20260501,glu,BKO,4,2,457,2026-05-01 13:24:05.458550,colony_deep,,False
4_BKO0430glu10min_740nm_3024mW_u1_poc0p2_20x0p75NA_535s50_g70_z1_256pix_basicFLIM_60f_0002.sdt,20260501_KPC_fixed_dishes_on_SLIM,20260501,glu,BKO,4,2,535,2026-05-01 13:10:11.986902,colony_deep,,False
4_BKO0430glu10min_740nm_3024mW_u1_poc0p2_20x0p75NA_535s50_g70_z1_256pix_basicFLIM_40f_0002.sdt,20260501_KPC_fixed_dishes_on_SLIM,20260501,glu,BKO,4,2,535,2026-05-01 13:15:53.913062,colony_deep,,False
4_BKO0430glu10min_740nm_3038mW_u1_poc0p2_20x0p75NA_457s50_g70_z1_256pix_basicFLIM_100f_0003.sdt,20260501_KPC_fixed_dishes_on_SLIM,20260501,glu,BKO,4,3,457,2026-05-01 13:25:02.866493,colony_deep,,False
4_BKO0430glu10min_740nm_3024mW_u1_poc0p2_20x0p75NA_535s50_g70_z1_256pix_basicFLIM_60f_0003.sdt,20260501_KPC_fixed_dishes_on_SLIM,20260501,glu,BKO,4,3,535,2026-05-01 13:10:46.980473,colony_deep,,False
4_BKO0430glu10min_740nm_3024mW_u1_poc0p2_20x0p75NA_535s50_g70_z1_256pix_basicFLIM_40f_0003.sdt,20260501_KPC_fixed_dishes_on_SLIM,20260501,glu,BKO,4,3,535,2026-05-01 13:16:17.809610,colony_deep,,False
4_BKO0430glu10min_740nm_3038mW_u1_poc0p2_20x0p75NA_457s50_g70_z1_256pix_basicFLIM_100f_0004.sdt,20260501_KPC_fixed_dishes_on_SLIM,20260501,glu,BKO,4,4,457,2026-05-01 13:26:01.218925,colony_deep,,False
4_BKO0430glu10min_740nm_3024mW_u1_poc0p2_20x0p75NA_535s50_g70_z1_256pix_basicFLIM_60f_0004.sdt,20260501_KPC_fixed_dishes_on_SLIM,20260501,glu,BKO,4,4,535,2026-05-01 13:11:22.901257,colony_deep,,False
4_BKO0430glu10min_740nm_3024mW_u1_poc0p2_20x0p75NA_535s50_g70_z1_256pix_basicFLIM_40f_0004.sdt,20260501_KPC_fixed_dishes_on_SLIM,20260501,glu,BKO,4,4,535,2026-05-01 13:16:42.653585,colony_deep,,False
4_BKO0430glu10min_740nm_3038mW_u1_poc0p2_20x0p75NA_457s50_g70_z1_256pix_basicFLIM_100f_0005.sdt,20260501_KPC_fixed_dishes_on_SLIM,20260501,glu,BKO,4,5,457,2026-05-01 13:26:59.249065,colony_island,,False
4_BKO0430glu10min_740nm_3024mW_u1_poc0p2_20x0p75NA_535s50_g70_z1_256pix_basicFLIM_60f_0005.sdt,20260501_KPC_fixed_dishes_on_SLIM,20260501,glu,BKO,4,5,535,2026-05-01 13:11:58.504132,colony_island,,False
4_BKO0430glu10min_740nm_3024mW_u1_poc0p2_20x0p75NA_535s50_g70_z1_256pix_basicFLIM_40f_0005.sdt,20260501_KPC_fixed_dishes_on_SLIM,20260501,glu,BKO,4,5,535,2026-05-01 13:17:07.129931,colony_island,,False
4_BKO0430glu10min_740nm_3038mW_u1_poc0p2_20x0p75NA_457s50_g70_z1_256pix_basicFLIM_100f_0006.sdt,20260501_KPC_fixed_dishes_on_SLIM,20260501,glu,BKO,4,6,457,2026-05-01 13:27:57.904913,colony_deep,,False
4_BKO0430glu10min_740nm_3024mW_u1_poc0p2_20x0p75NA_535s50_g70_z1_256pix_basicFLIM_60f_0006.sdt,20260501_KPC_fixed_dishes_on_SLIM,20260501,glu,BKO,4,6,535,2026-05-01 13:12:34.882495,colony_deep,,False
4_BKO0430glu10min_740nm_3024mW_u1_poc0p2_20x0p75NA_535s50_g70_z1_256pix_basicFLIM_40f_0006.sdt,20260501_KPC_fixed_dishes_on_SLIM,20260501,glu,BKO,4,6,535,2026-05-01 13:17:32.161737,colony_deep,,False
4_BKO0430glu10min_740nm_3038mW_u1_poc0p2_20x0p75NA_457s50_g70_z1_256pix_basicFLIM_100f_0007.sdt,20260501_KPC_fixed_dishes_on_SLIM,20260501,glu,BKO,4,7,457,2026-05-01 13:28:56.949966,colony_deep,,False
4_BKO0430glu10min_740nm_3024mW_u1_poc0p2_20x0p75NA_535s50_g70_z1_256pix_basicFLIM_60f_0007.sdt,20260501_KPC_fixed_dishes_on_SLIM,20260501,glu,BKO,4,7,535,2026-05-01 13:13:11.428332,colony_deep,,False
4_BKO0430glu10min_740nm_3024mW_u1_poc0p2_20x0p75NA_535s50_g70_z1_256pix_basicFLIM_40f_0007.sdt,20260501_KPC_fixed_dishes_on_SLIM,20260501,glu,BKO,4,7,535,2026-05-01 13:17:57.552062,colony_deep,,False
4_BKO0430glu10min_740nm_3038mW_u1_poc0p2_20x0p75NA_457s50_g70_z1_256pix_basicFLIM_100f_0008.sdt,20260501_KPC_fixed_dishes_on_SLIM,20260501,glu,BKO,4,8,457,2026-05-01 13:29:54.442088,colony_deep,,False
4_BKO0430glu10min_740nm_3024mW_u1_poc0p2_20x0p75NA_535s50_g70_z1_256pix_basicFLIM_60f_0008.sdt,20260501_KPC_fixed_dishes_on_SLIM,20260501,glu,BKO,4,8,535,2026-05-01 13:13:46.537314,colony_deep,,False
4_BKO0430glu10min_740nm_3024mW_u1_poc0p2_20x0p75NA_535s50_g70_z1_256pix_basicFLIM_40f_0008.sdt,20260501_KPC_fixed_dishes_on_SLIM,20260501,glu,BKO,4,8,535,2026-05-01 13:18:21.389256,colony_deep,,False
4_BKO0430glu10min_740nm_3038mW_u1_poc0p2_20x0p75NA_457s50_g70_z1_256pix_basicFLIM_100f_0009.sdt,20260501_KPC_fixed_dishes_on_SLIM,20260501,glu,BKO,4,9,457,2026-05-01 13:30:51.721094,colony_deep,,False
4_BKO0430glu10min_740nm_3024mW_u1_poc0p2_20x0p75NA_535s50_g70_z1_256pix_basicFLIM_60f_0009.sdt,20260501_KPC_fixed_dishes_on_SLIM,20260501,glu,BKO,4,9,535,2026-05-01 13:14:21.427754,colony_deep,,False
4_BKO0430glu10min_740nm_3024mW_u1_poc0p2_20x0p75NA_535s50_g70_z1_256pix_basicFLIM_40f_0009.sdt,20260501_KPC_fixed_dishes_on_SLIM,20260501,glu,BKO,4,9,535,2026-05-01 13:18:45.193245,colony_deep,,False
13_KPC_live_posn1_740nm_3040mW_u1_poc0p2_20x0p75NA_4570s50_g70_z1_256pix_basicFLIM_120f_0000.sdt,20260501_KPC_fixed_dishes_on_SLIM,20260501,live,KPCWT,13,0,457,2026-05-01 20:36:08.951813,colony_deep,,False
13_KPC_live_posn1b_740nm_3040mW_u1_poc0p2_20x0p75NA_535s50_g70_z1_256pix_basicFLIM_120f_0000.sdt,20260501_KPC_fixed_dishes_on_SLIM,20260501,live,KPCWT,13,0,535,2026-05-01 20:50:43.884449,colony_deep,,False
13_KPC_live_posn1_740nm_3040mW_u1_poc0p2_20x0p75NA_4570s50_g70_z1_256pix_basicFLIM_120f_0001.sdt,20260501_KPC_fixed_dishes_on_SLIM,20260501,live,KPCWT,13,1,457,2026-05-01 20:37:16.977535,colony_deep,,False
13_KPC_live_posn1b_740nm_3040mW_u1_poc0p2_20x0p75NA_535s50_g70_z1_256pix_basicFLIM_120f_0001.sdt,20260501_KPC_fixed_dishes_on_SLIM,20260501,live,KPCWT,13,1,535,2026-05-01 20:51:51.847521,colony_deep,,False
13_KPC_live_posn1_740nm_3040mW_u1_poc0p2_20x0p75NA_4570s50_g70_z1_256pix_basicFLIM_120f_0002.sdt,20260501_KPC_fixed_dishes_on_SLIM,20260501,live,KPCWT,13,2,457,2026-05-01 20:38:24.763521,colony_deep,,False
13_KPC_live_posn1b_740nm_3040mW_u1_poc0p2_20x0p75NA_535s50_g70_z1_256pix_basicFLIM_120f_0002.sdt,20260501_KPC_fixed_dishes_on_SLIM,20260501,live,KPCWT,13,2,535,2026-05-01 20:52:59.392850,colony_deep,,False
13_KPC_live_posn1_740nm_3040mW_u1_poc0p2_20x0p75NA_4570s50_g70_z1_256pix_basicFLIM_120f_0003.sdt,20260501_KPC_fixed_dishes_on_SLIM,20260501,live,KPCWT,13,3,457,2026-05-01 20:39:32.542870,colony_deep,,False
13_KPC_live_posn1b_740nm_3040mW_u1_poc0p2_20x0p75NA_535s50_g70_z1_256pix_basicFLIM_120f_0003.sdt,20260501_KPC_fixed_dishes_on_SLIM,20260501,live,KPCWT,13,3,535,2026-05-01 20:54:07.329168,colony_deep,,False
14_KPC_live_posn2_740nm_3040mW_u1_poc0p2_20x0p75NA_457s50_g70_z1_256pix_basicFLIM_120f_0000.sdt,20260501_KPC_fixed_dishes_on_SLIM,20260501,live,KPCWT,14,0,457,2026-05-01 21:05:14.243167,colony_deep,,False
14_KPC_live_posn2_740nm_3040mW_u1_poc0p2_20x0p75NA_535s50_g70_z1_256pix_basicFLIM_120f_0000.sdt,20260501_KPC_fixed_dishes_on_SLIM,20260501,live,KPCWT,14,0,535,2026-05-01 21:00:37.351133,colony_deep,,False
14_KPC_live_posn2_740nm_3040mW_u1_poc0p2_20x0p75NA_457s50_g70_z1_256pix_basicFLIM_120f_0001.sdt,20260501_KPC_fixed_dishes_on_SLIM,20260501,live,KPCWT,14,1,457,2026-05-01 21:06:22.121106,colony_deep,,False
14_KPC_live_posn2_740nm_3040mW_u1_poc0p2_20x0p75NA_535s50_g70_z1_256pix_basicFLIM_120f_0001.sdt,20260501_KPC_fixed_dishes_on_SLIM,20260501,live,KPCWT,14,1,535,2026-05-01 21:01:45.344086,colony_deep,,False
14_KPC_live_posn2_740nm_3040mW_u1_poc0p2_20x0p75NA_457s50_g70_z1_256pix_basicFLIM_120f_0002.sdt,20260501_KPC_fixed_dishes_on_SLIM,20260501,live,KPCWT,14,2,457,2026-05-01 21:07:30.033550,colony_deep,,False
14_KPC_live_posn2_740nm_3040mW_u1_poc0p2_20x0p75NA_535s50_g70_z1_256pix_basicFLIM_120f_0002.sdt,20260501_KPC_fixed_dishes_on_SLIM,20260501,live,KPCWT,14,2,535,2026-05-01 21:02:53.250075,colony_deep,,False
15_KPC_live_posn3_740nm_3040mW_u1_poc0p2_20x0p75NA_457s50_g70_z1_256pix_basicFLIM_120f_0000.sdt,20260501_KPC_fixed_dishes_on_SLIM,20260501,live,KPCWT,15,0,457,2026-05-01 21:13:43.312986,colony_deep,,False
15_KPC_live_posn3_740nm_3040mW_u1_poc0p2_20x0p75NA_535s50_g70_z1_256pix_basicFLIM_120f_0000.sdt,20260501_KPC_fixed_dishes_on_SLIM,20260501,live,KPCWT,15,0,535,2026-05-01 21:20:31.205919,colony_deep,,False
15_KPC_live_posn3_740nm_3040mW_u1_poc0p2_20x0p75NA_457s50_g70_z1_256pix_basicFLIM_120f_0001.sdt,20260501_KPC_fixed_dishes_on_SLIM,20260501,live,KPCWT,15,1,457,2026-05-01 21:14:51.232975,colony_deep,,False
15_KPC_live_posn3_740nm_3040mW_u1_poc0p2_20x0p75NA_535s50_g70_z1_256pix_basicFLIM_120f_0001.sdt,20260501_KPC_fixed_dishes_on_SLIM,20260501,live,KPCWT,15,1,535,2026-05-01 21:21:39.115201,colony_deep,,False
15_KPC_live_posn3_740nm_3040mW_u1_poc0p2_20x0p75NA_457s50_g70_z1_256pix_basicFLIM_120f_0002.sdt,20260501_KPC_fixed_dishes_on_SLIM,20260501,live,KPCWT,15,2,457,2026-05-01 21:15:59.049926,colony_deep,,False
15_KPC_live_posn3_740nm_3040mW_u1_poc0p2_20x0p75NA_535s50_g70_z1_256pix_basicFLIM_120f_0002.sdt,20260501_KPC_fixed_dishes_on_SLIM,20260501,live,KPCWT,15,2,535,2026-05-01 21:22:46.637621,colony_deep,,False
15_KPC_live_posn3_740nm_3040mW_u1_poc0p2_20x0p75NA_457s50_g70_z1_256pix_basicFLIM_120f_0003.sdt,20260501_KPC_fixed_dishes_on_SLIM,20260501,live,KPCWT,15,3,457,2026-05-01 21:17:06.881924,colony_deep,,False
15_KPC_live_posn3_740nm_3040mW_u1_poc0p2_20x0p75NA_535s50_g70_z1_256pix_basicFLIM_120f_0003.sdt,20260501_KPC_fixed_dishes_on_SLIM,20260501,live,KPCWT,15,3,535,2026-05-01 21:23:54.138241,colony_deep,,False
15_KPC_live_posn3_740nm_3040mW_u1_poc0p2_20x0p75NA_457s50_g70_z1_256pix_basicFLIM_120f_0004.sdt,20260501_KPC_fixed_dishes_on_SLIM,20260501,live,KPCWT,15,4,457,2026-05-01 21:18:14.720153,colony_deep,,False
15_KPC_live_posn3_740nm_3040mW_u1_poc0p2_20x0p75NA_535s50_g70_z1_256pix_basicFLIM_120f_0004.sdt,20260501_KPC_fixed_dishes_on_SLIM,20260501,live,KPCWT,15,4,535,2026-05-01 21:25:02.000449,colony_deep,,False
16_KPC_live_posn4_740nm_3040mW_u1_poc0p2_20x0p75NA_457s50_g70_z1_256pix_basicFLIM_120f_0000.sdt,20260501_KPC_fixed_dishes_on_SLIM,20260501,live,KPCWT,16,0,457,2026-05-01 21:43:17.606711,colony_island,,False
16_KPC_live_posn4_740nm_3040mW_u1_poc0p2_20x0p75NA_535s50_g70_z1_256pix_basicFLIM_120f_0000.sdt,20260501_KPC_fixed_dishes_on_SLIM,20260501,live,KPCWT,16,0,535,2026-05-01 21:37:32.711409,colony_island,,False
16_KPC_live_posn4_740nm_3040mW_u1_poc0p2_20x0p75NA_457s50_g70_z1_256pix_basicFLIM_120f_0001.sdt,20260501_KPC_fixed_dishes_on_SLIM,20260501,live,KPCWT,16,1,457,2026-05-01 21:44:25.504050,colony_island,,False
16_KPC_live_posn4_740nm_3040mW_u1_poc0p2_20x0p75NA_535s50_g70_z1_256pix_basicFLIM_120f_0001.sdt,20260501_KPC_fixed_dishes_on_SLIM,20260501,live,KPCWT,16,1,535,2026-05-01 21:38:40.281392,colony_island,,False
16_KPC_live_posn4_740nm_3040mW_u1_poc0p2_20x0p75NA_457s50_g70_z1_256pix_basicFLIM_120f_0002.sdt,20260501_KPC_fixed_dishes_on_SLIM,20260501,live,KPCWT,16,2,457,2026-05-01 21:45:33.313239,colony_island,,False
16_KPC_live_posn4_740nm_3040mW_u1_poc0p2_20x0p75NA_535s50_g70_z1_256pix_basicFLIM_120f_0002.sdt,20260501_KPC_fixed_dishes_on_SLIM,20260501,live,KPCWT,16,2,535,2026-05-01 21:39:48.247061,colony_island,,False
16_KPC_live_posn4_740nm_3040mW_u1_poc0p2_20x0p75NA_457s50_g70_z1_256pix_basicFLIM_120f_0003.sdt,20260501_KPC_fixed_dishes_on_SLIM,20260501,live,KPCWT,16,3,457,2026-05-01 21:46:41.240478,colony_island,,False
16_KPC_live_posn4_740nm_3040mW_u1_poc0p2_20x0p75NA_535s50_g70_z1_256pix_basicFLIM_120f_0003.sdt,20260501_KPC_fixed_dishes_on_SLIM,20260501,live,KPCWT,16,3,535,2026-05-01 21:40:56.163206,colony_island,,False
17_KPC_live_posn5_740nm_3040mW_u1_poc0p2_20x0p75NA_457s50_g70_z1_256pix_basicFLIM_120f_0000.sdt,20260501_KPC_fixed_dishes_on_SLIM,20260501,live,KPCWT,17,0,457,2026-05-01 21:55:20.746617,colony_deep,,False
17_KPC_live_posn5_740nm_3040mW_u1_poc0p2_20x0p75NA_535s50_g70_z1_256pix_basicFLIM_120f_0000.sdt,20260501_KPC_fixed_dishes_on_SLIM,20260501,live,KPCWT,17,0,535,2026-05-01 22:02:51.183655,colony_deep,,False
17_KPC_live_posn5_740nm_3040mW_u1_poc0p2_20x0p75NA_457s50_g70_z1_256pix_basicFLIM_120f_0001.sdt,20260501_KPC_fixed_dishes_on_SLIM,20260501,live,KPCWT,17,1,457,2026-05-01 21:56:28.442525,colony_deep,,False
17_KPC_live_posn5_740nm_3040mW_u1_poc0p2_20x0p75NA_535s50_g70_z1_256pix_basicFLIM_120f_0001.sdt,20260501_KPC_fixed_dishes_on_SLIM,20260501,live,KPCWT,17,1,535,2026-05-01 22:03:59.214334,colony_deep,,False
17_KPC_live_posn5_740nm_3040mW_u1_poc0p2_20x0p75NA_457s50_g70_z1_256pix_basicFLIM_120f_0002.sdt,20260501_KPC_fixed_dishes_on_SLIM,20260501,live,KPCWT,17,2,457,2026-05-01 21:57:36.532429,colony_deep,,False
17_KPC_live_posn5_740nm_3040mW_u1_poc0p2_20x0p75NA_535s50_g70_z1_256pix_basicFLIM_120f_0002.sdt,20260501_KPC_fixed_dishes_on_SLIM,20260501,live,KPCWT,17,2,535,2026-05-01 22:05:07.447769,colony_deep,,False
17_KPC_live_posn5_740nm_3040mW_u1_poc0p2_20x0p75NA_457s50_g70_z1_256pix_basicFLIM_120f_0003.sdt,20260501_KPC_fixed_dishes_on_SLIM,20260501,live,KPCWT,17,3,457,2026-05-01 21:58:44.098702,colony_deep,,False
17_KPC_live_posn5_740nm_3040mW_u1_poc0p2_20x0p75NA_535s50_g70_z1_256pix_basicFLIM_120f_0003.sdt,20260501_KPC_fixed_dishes_on_SLIM,20260501,live,KPCWT,17,3,535,2026-05-01 22:06:15.431774,colony_deep,,False
17_KPC_live_posn5_740nm_3040mW_u1_poc0p2_20x0p75NA_457s50_g70_z1_256pix_basicFLIM_120f_0004.sdt,20260501_KPC_fixed_dishes_on_SLIM,20260501,live,KPCWT,17,4,457,2026-05-01 21:59:52.756167,colony_deep,,False
17_KPC_live_posn5_740nm_3040mW_u1_poc0p2_20x0p75NA_535s50_g70_z1_256pix_basicFLIM_120f_0004.sdt,20260501_KPC_fixed_dishes_on_SLIM,20260501,live,KPCWT,17,4,535,2026-05-01 22:07:23.561527,colony_deep,,False
3_KPCWTlive_740nm_3033mW_u1_poc0p2_20x0p75NA_475s50_g70_z1_256pix_basicFLIM_120f_0000.sdt,20260508_KPC_live_on_SLIM,20260508,live,KPCWT,3,0,457,2026-05-08 21:33:07.495491,colony_deep,,False
3_KPCWTlive_740nm_3033mW_u1_poc0p2_20x0p75NA_475s50_g70_z1_256pix_basicFLIM_120f_overloadedposns_0000.sdt,20260508_KPC_live_on_SLIM,20260508,live,KPCWT,3,0,457,2026-05-08 22:22:25.458185,colony_deep,,False
3_KPCWTlive_740nm_3033mW_u1_poc0p1_20x0p75NA_475s50_g70_z1_256pix_basicFLIM_120f_overloadedposns_0000.sdt,20260508_KPC_live_on_SLIM,20260508,live,KPCWT,3,0,457,2026-05-08 22:34:42.104887,colony_deep,,False
3_KPCWTlive_740nm_3033mW_u1_poc0p2_20x0p75NA_535s50_g70_z1_256pix_basicFLIM_120f_0000.sdt,20260508_KPC_live_on_SLIM,20260508,live,KPCWT,3,0,535,2026-05-08 22:38:08.252007,colony_deep,,False
3_KPCWTlive_740nm_3033mW_u1_poc0p25_20x0p75NA_535s50_g70_z1_256pix_basicFLIM_120f_0000.sdt,20260508_KPC_live_on_SLIM,20260508,live,KPCWT,3,0,535,2026-05-08 22:39:45.035340,colony_deep,,False
3_KPCWTlive_740nm_3033mW_u1_poc0p2_20x0p75NA_475s50_g70_z1_256pix_basicFLIM_120f_0001.sdt,20260508_KPC_live_on_SLIM,20260508,live,KPCWT,3,1,457,2026-05-08 21:34:15.932629,colony_deep,,False
3_KPCWTlive_740nm_3033mW_u1_poc0p2_20x0p75NA_475s50_g70_z1_256pix_basicFLIM_120f_overloadedposns_0001.sdt,20260508_KPC_live_on_SLIM,20260508,live,KPCWT,3,1,457,2026-05-08 22:23:34.760415,colony_deep,,False
3_KPCWTlive_740nm_3033mW_u1_poc0p2_20x0p75NA_535s50_g70_z1_256pix_basicFLIM_120f_0001.sdt,20260508_KPC_live_on_SLIM,20260508,live,KPCWT,3,1,535,2026-05-08 22:38:17.834750,colony_deep,,False
3_KPCWTlive_740nm_3033mW_u1_poc0p25_20x0p75NA_535s50_g70_z1_256pix_basicFLIM_120f_0001.sdt,20260508_KPC_live_on_SLIM,20260508,live,KPCWT,3,1,535,2026-05-08 22:40:53.418598,colony_deep,,False
3_KPCWTlive_740nm_3033mW_u1_poc0p2_20x0p75NA_475s50_g70_z1_256pix_basicFLIM_120f_0002.sdt,20260508_KPC_live_on_SLIM,20260508,live,KPCWT,3,2,457,2026-05-08 21:35:24.317922,colony_deep,,False
3_KPCWTlive_740nm_3033mW_u1_poc0p2_20x0p75NA_475s50_g70_z1_256pix_basicFLIM_120f_overloadedposns_0002.sdt,20260508_KPC_live_on_SLIM,20260508,live,KPCWT,3,2,457,2026-05-08 22:24:43.131684,colony_deep,,False
3_KPCWTlive_740nm_3033mW_u1_poc0p25_20x0p75NA_535s50_g70_z1_256pix_basicFLIM_120f_0002.sdt,20260508_KPC_live_on_SLIM,20260508,live,KPCWT,3,2,535,2026-05-08 22:42:02.044659,colony_deep,,False
3_KPCWTlive_740nm_3033mW_u1_poc0p2_20x0p75NA_475s50_g70_z1_256pix_basicFLIM_120f_0003.sdt,20260508_KPC_live_on_SLIM,20260508,live,KPCWT,3,3,457,2026-05-08 21:36:31.895423,colony_deep,,False
3_KPCWTlive_740nm_3033mW_u1_poc0p2_20x0p75NA_475s50_g70_z1_256pix_basicFLIM_120f_overloadedposns_0003.sdt,20260508_KPC_live_on_SLIM,20260508,live,KPCWT,3,3,457,2026-05-08 22:25:51.118834,colony_deep,,False
3_KPCWTlive_740nm_3033mW_u1_poc0p25_20x0p75NA_535s50_g70_z1_256pix_basicFLIM_120f_0003.sdt,20260508_KPC_live_on_SLIM,20260508,live,KPCWT,3,3,535,2026-05-08 22:43:09.589850,colony_deep,,False
3_KPCWTlive_740nm_3033mW_u1_poc0p2_20x0p75NA_475s50_g70_z1_256pix_basicFLIM_120f_0004.sdt,20260508_KPC_live_on_SLIM,20260508,live,KPCWT,3,4,457,2026-05-08 21:37:40.477367,colony_deep,,False
3_KPCWTlive_740nm_3033mW_u1_poc0p2_20x0p75NA_475s50_g70_z1_256pix_basicFLIM_120f_overloadedposns_0004.sdt,20260508_KPC_live_on_SLIM,20260508,live,KPCWT,3,4,457,2026-05-08 22:26:59.939358,colony_deep,,False
3_KPCWTlive_740nm_3033mW_u1_poc0p25_20x0p75NA_535s50_g70_z1_256pix_basicFLIM_120f_0004.sdt,20260508_KPC_live_on_SLIM,20260508,live,KPCWT,3,4,535,2026-05-08 22:44:18.554667,colony_deep,,False
3_KPCWTlive_740nm_3033mW_u1_poc0p2_20x0p75NA_475s50_g70_z1_256pix_basicFLIM_120f_0005.sdt,20260508_KPC_live_on_SLIM,20260508,live,KPCWT,3,5,457,2026-05-08 21:38:48.032025,colony_deep,,False
3_KPCWTlive_740nm_3033mW_u1_poc0p2_20x0p75NA_475s50_g70_z1_256pix_basicFLIM_120f_overloadedposns_0005.sdt,20260508_KPC_live_on_SLIM,20260508,live,KPCWT,3,5,457,2026-05-08 22:28:08.765450,colony_deep,,False
3_KPCWTlive_740nm_3033mW_u1_poc0p25_20x0p75NA_535s50_g70_z1_256pix_basicFLIM_120f_0005.sdt,20260508_KPC_live_on_SLIM,20260508,live,KPCWT,3,5,535,2026-05-08 22:45:26.530480,colony_deep,,False
3_KPCWTlive_740nm_3033mW_u1_poc0p2_20x0p75NA_475s50_g70_z1_256pix_basicFLIM_120f_0006.sdt,20260508_KPC_live_on_SLIM,20260508,live,KPCWT,3,6,457,2026-05-08 21:39:57.513476,colony_deep,,False
3_KPCWTlive_740nm_3033mW_u1_poc0p2_20x0p75NA_475s50_g70_z1_256pix_basicFLIM_120f_overloadedposns_0006.sdt,20260508_KPC_live_on_SLIM,20260508,live,KPCWT,3,6,457,2026-05-08 22:29:19.689551,colony_deep,,False
3_KPCWTlive_740nm_3033mW_u1_poc0p25_20x0p75NA_535s50_g70_z1_256pix_basicFLIM_120f_0006.sdt,20260508_KPC_live_on_SLIM,20260508,live,KPCWT,3,6,535,2026-05-08 22:46:35.507242,colony_deep,,False
3_KPCWTlive_740nm_3033mW_u1_poc0p2_20x0p75NA_475s50_g70_z1_256pix_basicFLIM_120f_0007.sdt,20260508_KPC_live_on_SLIM,20260508,live,KPCWT,3,7,457,2026-05-08 21:41:04.990425,colony_deep,,False
3_KPCWTlive_740nm_3033mW_u1_poc0p2_20x0p75NA_475s50_g70_z1_256pix_basicFLIM_120f_overloadedtwicePos10_0007.sdt,20260508_KPC_live_on_SLIM,20260508,live,KPCWT,3,7,457,2026-05-08 22:30:27.445544,colony_deep,,False
3_KPCWTlive_740nm_3033mW_u1_poc0p25_20x0p75NA_535s50_g70_z1_256pix_basicFLIM_120f_0007.sdt,20260508_KPC_live_on_SLIM,20260508,live,KPCWT,3,7,535,2026-05-08 22:47:42.980559,colony_deep,,False
3_KPCWTlive_740nm_3033mW_u1_poc0p2_20x0p75NA_475s50_g70_z1_256pix_basicFLIM_120f_0008.sdt,20260508_KPC_live_on_SLIM,20260508,live,KPCWT,3,8,457,2026-05-08 21:42:14.080330,colony_deep,,False
3_KPCWTlive_740nm_3033mW_u1_poc0p25_20x0p75NA_535s50_g70_z1_256pix_basicFLIM_120f_0008.sdt,20260508_KPC_live_on_SLIM,20260508,live,KPCWT,3,8,535,2026-05-08 22:48:52.073911,colony_deep,,False
3_KPCWTlive_740nm_3033mW_u1_poc0p2_20x0p75NA_475s50_g70_z1_256pix_basicFLIM_120f_0009.sdt,20260508_KPC_live_on_SLIM,20260508,live,KPCWT,3,9,457,2026-05-08 21:43:21.497617,colony_edge,,False
3_KPCWTlive_740nm_3033mW_u1_poc0p25_20x0p75NA_535s50_g70_z1_256pix_basicFLIM_120f_0009.sdt,20260508_KPC_live_on_SLIM,20260508,live,KPCWT,3,9,535,2026-05-08 22:49:59.831190,colony_edge,,False
3_KPCWTlive_740nm_3033mW_u1_poc0p2_20x0p75NA_475s50_g70_z1_256pix_basicFLIM_120f_0010.sdt,20260508_KPC_live_on_SLIM,20260508,live,KPCWT,3,10,457,2026-05-08 21:44:30.137133,colony_edge,,False
3_KPCWTlive_740nm_3033mW_u1_poc0p25_20x0p75NA_535s50_g70_z1_256pix_basicFLIM_120f_0010.sdt,20260508_KPC_live_on_SLIM,20260508,live,KPCWT,3,10,535,2026-05-08 22:51:08.392034,colony_edge,,False
3_KPCWTlive_740nm_3033mW_u1_poc0p2_20x0p75NA_475s50_g70_z1_256pix_basicFLIM_120f_0011.sdt,20260508_KPC_live_on_SLIM,20260508,live,KPCWT,3,11,457,2026-05-08 21:45:37.604530,colony_edge,,False
3_KPCWTlive_740nm_3033mW_u1_poc0p25_20x0p75NA_535s50_g70_z1_256pix_basicFLIM_120f_0011.sdt,20260508_KPC_live_on_SLIM,20260508,live,KPCWT,3,11,535,2026-05-08 22:52:15.838999,colony_edge,,False
3_KPCWTlive_740nm_3033mW_u1_poc0p2_20x0p75NA_475s50_g70_z1_256pix_basicFLIM_120f_0012.sdt,20260508_KPC_live_on_SLIM,20260508,live,KPCWT,3,12,457,2026-05-08 21:46:46.122498,no_cells,,False
3_KPCWTlive_740nm_3033mW_u1_poc0p25_20x0p75NA_535s50_g70_z1_256pix_basicFLIM_120f_0012.sdt,20260508_KPC_live_on_SLIM,20260508,live,KPCWT,3,12,535,2026-05-08 22:53:24.043830,colony_edge,,False
3_KPCWTlive_740nm_3033mW_u1_poc0p2_20x0p75NA_475s50_g70_z1_256pix_basicFLIM_120f_0013.sdt,20260508_KPC_live_on_SLIM,20260508,live,KPCWT,3,13,457,2026-05-08 21:47:55.407990,no_cells,,False
3_KPCWTlive_740nm_3033mW_u1_poc0p25_20x0p75NA_535s50_g70_z1_256pix_basicFLIM_120f_0013.sdt,20260508_KPC_live_on_SLIM,20260508,live,KPCWT,3,13,535,2026-05-08 22:54:32.938109,colony_island,,False
3_KPCWTlive_740nm_3033mW_u1_poc0p2_20x0p75NA_475s50_g70_z1_256pix_basicFLIM_120f_0014.sdt,20260508_KPC_live_on_SLIM,20260508,live,KPCWT,3,14,457,2026-05-08 21:49:04.096430,no_cells,,False
3_KPCWTlive_740nm_3033mW_u1_poc0p25_20x0p75NA_535s50_g70_z1_256pix_basicFLIM_120f_0014.sdt,20260508_KPC_live_on_SLIM,20260508,live,KPCWT,3,14,535,2026-05-08 22:55:41.335918,colony_edge,,False
3_KPCWTlive_740nm_3033mW_u1_poc0p2_20x0p75NA_475s50_g70_z1_256pix_basicFLIM_120f_0015.sdt,20260508_KPC_live_on_SLIM,20260508,live,KPCWT,3,15,457,2026-05-08 21:50:11.586637,no_cells,,False
3_KPCWTlive_740nm_3033mW_u1_poc0p25_20x0p75NA_535s50_g70_z1_256pix_basicFLIM_120f_0015.sdt,20260508_KPC_live_on_SLIM,20260508,live,KPCWT,3,15,535,2026-05-08 22:56:49.184814,colony_edge,,False
3_KPCWTlive_740nm_3033mW_u1_poc0p2_20x0p75NA_475s50_g70_z1_256pix_basicFLIM_120f_0016.sdt,20260508_KPC_live_on_SLIM,20260508,live,KPCWT,3,16,457,2026-05-08 21:51:20.002192,no_cells,,False
3_KPCWTlive_740nm_3033mW_u1_poc0p25_20x0p75NA_535s50_g70_z1_256pix_basicFLIM_120f_0016.sdt,20260508_KPC_live_on_SLIM,20260508,live,KPCWT,3,16,535,2026-05-08 22:57:57.511858,colony_edge,,False
3_KPCWTlive_740nm_3033mW_u1_poc0p2_20x0p75NA_475s50_g70_z1_256pix_basicFLIM_120f_0017.sdt,20260508_KPC_live_on_SLIM,20260508,live,KPCWT,3,17,457,2026-05-08 21:52:28.932320,colony_island,,False
3_KPCWTlive_740nm_3033mW_u1_poc0p25_20x0p75NA_535s50_g70_z1_256pix_basicFLIM_120f_0017.sdt,20260508_KPC_live_on_SLIM,20260508,live,KPCWT,3,17,535,2026-05-08 22:59:06.026705,colony_island,,False
3_KPCWTlive_740nm_3033mW_u1_poc0p2_20x0p75NA_475s50_g70_z1_256pix_basicFLIM_120f_0018.sdt,20260508_KPC_live_on_SLIM,20260508,live,KPCWT,3,18,457,2026-05-08 21:53:36.763440,colony_island,,False
3_KPCWTlive_740nm_3033mW_u1_poc0p25_20x0p75NA_535s50_g70_z1_256pix_basicFLIM_120f_0018.sdt,20260508_KPC_live_on_SLIM,20260508,live,KPCWT,3,18,535,2026-05-08 23:00:13.586287,colony_island,,False
3_KPCWTlive_740nm_3033mW_u1_poc0p2_20x0p75NA_475s50_g70_z1_256pix_basicFLIM_120f_0019.sdt,20260508_KPC_live_on_SLIM,20260508,live,KPCWT,3,19,457,2026-05-08 21:54:45.103647,colony_island,,False
3_KPCWTlive_740nm_3033mW_u1_poc0p25_20x0p75NA_535s50_g70_z1_256pix_basicFLIM_120f_0019.sdt,20260508_KPC_live_on_SLIM,20260508,live,KPCWT,3,19,535,2026-05-08 23:01:21.537158,colony_island,,False
3_KPCWTlive_740nm_3033mW_u1_poc0p2_20x0p75NA_475s50_g70_z1_256pix_basicFLIM_120f_0020.sdt,20260508_KPC_live_on_SLIM,20260508,live,KPCWT,3,20,457,2026-05-08 21:55:52.556550,colony_edge,,False
3_KPCWTlive_740nm_3033mW_u1_poc0p25_20x0p75NA_535s50_g70_z1_256pix_basicFLIM_120f_0020.sdt,20260508_KPC_live_on_SLIM,20260508,live,KPCWT,3,20,535,2026-05-08 23:02:29.098139,colony_edge,,False
3_KPCWTlive_740nm_3033mW_u1_poc0p2_20x0p75NA_475s50_g70_z1_256pix_basicFLIM_120f_0021.sdt,20260508_KPC_live_on_SLIM,20260508,live,KPCWT,3,21,457,2026-05-08 21:57:01.839563,no_cells,actually colony_edge and the brightest cell is dead,False
3_KPCWTlive_740nm_3033mW_u1_poc0p25_20x0p75NA_535s50_g70_z1_256pix_basicFLIM_120f_0021.sdt,20260508_KPC_live_on_SLIM,20260508,live,KPCWT,3,21,535,2026-05-08 23:03:37.927846,no_cells,actually colony_edge and the brightest cell is dead,False
3_KPCWTlive_740nm_3033mW_u1_poc0p2_20x0p75NA_475s50_g70_z1_256pix_basicFLIM_120f_0022.sdt,20260508_KPC_live_on_SLIM,20260508,live,KPCWT,3,22,457,2026-05-08 21:58:09.217721,no_cells,actually colony_edge and the brightest cell is dead,False
3_KPCWTlive_740nm_3033mW_u1_poc0p25_20x0p75NA_535s50_g70_z1_256pix_basicFLIM_120f_0022.sdt,20260508_KPC_live_on_SLIM,20260508,live,KPCWT,3,22,535,2026-05-08 23:04:45.300435,no_cells,actually colony_edge and the brightest cell is dead,False
3_KPCWTlive_740nm_3033mW_u1_poc0p2_20x0p75NA_475s50_g70_z1_256pix_basicFLIM_120f_0023.sdt,20260508_KPC_live_on_SLIM,20260508,live,KPCWT,3,23,457,2026-05-08 21:59:18.958063,no_cells,,False
3_KPCWTlive_740nm_3033mW_u1_poc0p25_20x0p75NA_535s50_g70_z1_256pix_basicFLIM_120f_0023.sdt,20260508_KPC_live_on_SLIM,20260508,live,KPCWT,3,23,535,2026-05-08 23:05:54.997546,colony_edge,,False
3_KPCWTlive_740nm_3033mW_u1_poc0p2_20x0p75NA_475s50_g70_z1_256pix_basicFLIM_120f_0024.sdt,20260508_KPC_live_on_SLIM,20260508,live,KPCWT,3,24,457,2026-05-08 22:00:26.867293,no_cells,,False
3_KPCWTlive_740nm_3033mW_u1_poc0p25_20x0p75NA_535s50_g70_z1_256pix_basicFLIM_120f_0024.sdt,20260508_KPC_live_on_SLIM,20260508,live,KPCWT,3,24,535,2026-05-08 23:07:02.568758,colony_edge,,False
3_KPCWTform20min_740nm_3006mW_u1_poc0p25_20x0p75NA_475s50_g70_z1_256pix_basicFLIM_120f_0000.sdt,20260509_KPC_fixed_dishes_on_SLIM,20260509,form,KPCWT,3,0,457,2026-05-09 19:49:23.986573,colony_deep,,False
3_KPCWTform20min_740nm_3006mW_u1_poc0p6_20x0p75NA_457s50_g70_z1_256pix_basicFLIM_120f_0000.sdt,20260509_KPC_fixed_dishes_on_SLIM,20260509,form,KPCWT,3,0,457,2026-05-09 20:32:29.073243,colony_deep,,False
3_KPCWTform20min_740nm_3006mW_u1_poc0p25_20x0p75NA_535s50_g70_z1_256pix_basicFLIM_120f_0000.sdt,20260509_KPC_fixed_dishes_on_SLIM,20260509,form,KPCWT,3,0,535,2026-05-09 20:04:45.528851,colony_deep,,False
3_KPCWTform20min_740nm_3006mW_u1_poc0p25_20x0p75NA_475s50_g70_z1_256pix_basicFLIM_120f_0001.sdt,20260509_KPC_fixed_dishes_on_SLIM,20260509,form,KPCWT,3,1,457,2026-05-09 19:50:31.724045,colony_deep,,False
3_KPCWTform20min_740nm_3006mW_u1_poc0p6_20x0p75NA_457s50_g70_z1_256pix_basicFLIM_120f_0001.sdt,20260509_KPC_fixed_dishes_on_SLIM,20260509,form,KPCWT,3,1,457,2026-05-09 20:33:37.261296,colony_deep,,False
3_KPCWTform20min_740nm_3006mW_u1_poc0p25_20x0p75NA_535s50_g70_z1_256pix_basicFLIM_120f_0001.sdt,20260509_KPC_fixed_dishes_on_SLIM,20260509,form,KPCWT,3,1,535,2026-05-09 20:05:53.280513,colony_deep,,False
3_KPCWTform20min_740nm_3006mW_u1_poc0p25_20x0p75NA_475s50_g70_z1_256pix_basicFLIM_120f_0002.sdt,20260509_KPC_fixed_dishes_on_SLIM,20260509,form,KPCWT,3,2,457,2026-05-09 19:51:39.997918,colony_deep,,False
3_KPCWTform20min_740nm_3006mW_u1_poc0p6_20x0p75NA_457s50_g70_z1_256pix_basicFLIM_120f_0002.sdt,20260509_KPC_fixed_dishes_on_SLIM,20260509,form,KPCWT,3,2,457,2026-05-09 20:34:45.714845,colony_deep,,False
3_KPCWTform20min_740nm_3006mW_u1_poc0p25_20x0p75NA_535s50_g70_z1_256pix_basicFLIM_120f_0002.sdt,20260509_KPC_fixed_dishes_on_SLIM,20260509,form,KPCWT,3,2,535,2026-05-09 20:07:01.667585,colony_deep,,False
3_KPCWTform20min_740nm_3006mW_u1_poc0p25_20x0p75NA_475s50_g70_z1_256pix_basicFLIM_120f_0003.sdt,20260509_KPC_fixed_dishes_on_SLIM,20260509,form,KPCWT,3,3,457,2026-05-09 19:52:48.532127,colony_deep,,False
3_KPCWTform20min_740nm_3006mW_u1_poc0p6_20x0p75NA_457s50_g70_z1_256pix_basicFLIM_120f_0003.sdt,20260509_KPC_fixed_dishes_on_SLIM,20260509,form,KPCWT,3,3,457,2026-05-09 20:35:54.662230,colony_deep,,False
3_KPCWTform20min_740nm_3006mW_u1_poc0p25_20x0p75NA_535s50_g70_z1_256pix_basicFLIM_120f_0003.sdt,20260509_KPC_fixed_dishes_on_SLIM,20260509,form,KPCWT,3,3,535,2026-05-09 20:08:10.136197,colony_deep,,False
3_KPCWTform20min_740nm_3006mW_u1_poc0p25_20x0p75NA_475s50_g70_z1_256pix_basicFLIM_120f_0004.sdt,20260509_KPC_fixed_dishes_on_SLIM,20260509,form,KPCWT,3,4,457,2026-05-09 19:53:56.661987,colony_deep,,False
3_KPCWTform20min_740nm_3006mW_u1_poc0p6_20x0p75NA_457s50_g70_z1_256pix_basicFLIM_120f_0004.sdt,20260509_KPC_fixed_dishes_on_SLIM,20260509,form,KPCWT,3,4,457,2026-05-09 20:37:03.229912,colony_deep,,False
3_KPCWTform20min_740nm_3006mW_u1_poc0p25_20x0p75NA_535s50_g70_z1_256pix_basicFLIM_120f_0004.sdt,20260509_KPC_fixed_dishes_on_SLIM,20260509,form,KPCWT,3,4,535,2026-05-09 20:09:18.404228,colony_deep,,False
3_KPCWTform20min_740nm_3006mW_u1_poc0p25_20x0p75NA_475s50_g70_z1_256pix_basicFLIM_120f_0005.sdt,20260509_KPC_fixed_dishes_on_SLIM,20260509,form,KPCWT,3,5,457,2026-05-09 19:55:05.186332,colony_deep,,False
3_KPCWTform20min_740nm_3006mW_u1_poc0p6_20x0p75NA_457s50_g70_z1_256pix_basicFLIM_120f_0005.sdt,20260509_KPC_fixed_dishes_on_SLIM,20260509,form,KPCWT,3,5,457,2026-05-09 20:38:12.023509,colony_deep,,False
3_KPCWTform20min_740nm_3006mW_u1_poc0p25_20x0p75NA_535s50_g70_z1_256pix_basicFLIM_120f_0005.sdt,20260509_KPC_fixed_dishes_on_SLIM,20260509,form,KPCWT,3,5,535,2026-05-09 20:10:26.894777,colony_deep,,False
3_KPCWTform20min_740nm_3006mW_u1_poc0p25_20x0p75NA_475s50_g70_z1_256pix_basicFLIM_120f_0006.sdt,20260509_KPC_fixed_dishes_on_SLIM,20260509,form,KPCWT,3,6,457,2026-05-09 19:56:13.718845,colony_deep,,False
3_KPCWTform20min_740nm_3006mW_u1_poc0p6_20x0p75NA_457s50_g70_z1_256pix_basicFLIM_120f_0006.sdt,20260509_KPC_fixed_dishes_on_SLIM,20260509,form,KPCWT,3,6,457,2026-05-09 20:39:20.821508,colony_deep,,False
3_KPCWTform20min_740nm_3006mW_u1_poc0p25_20x0p75NA_535s50_g70_z1_256pix_basicFLIM_120f_0006.sdt,20260509_KPC_fixed_dishes_on_SLIM,20260509,form,KPCWT,3,6,535,2026-05-09 20:11:35.213831,colony_deep,,False
3_KPCWTform20min_740nm_3006mW_u1_poc0p25_20x0p75NA_475s50_g70_z1_256pix_basicFLIM_120f_0007.sdt,20260509_KPC_fixed_dishes_on_SLIM,20260509,form,KPCWT,3,7,457,2026-05-09 19:57:22.350927,colony_deep,,False
3_KPCWTform20min_740nm_3006mW_u1_poc0p6_20x0p75NA_457s50_g70_z1_256pix_basicFLIM_120f_0007.sdt,20260509_KPC_fixed_dishes_on_SLIM,20260509,form,KPCWT,3,7,457,2026-05-09 20:40:29.586347,colony_deep,,False
3_KPCWTform20min_740nm_3006mW_u1_poc0p25_20x0p75NA_535s50_g70_z1_256pix_basicFLIM_120f_0007.sdt,20260509_KPC_fixed_dishes_on_SLIM,20260509,form,KPCWT,3,7,535,2026-05-09 20:12:43.940148,colony_deep,,False
3_KPCWTform20min_740nm_3006mW_u1_poc0p25_20x0p75NA_475s50_g70_z1_256pix_basicFLIM_120f_0008.sdt,20260509_KPC_fixed_dishes_on_SLIM,20260509,form,KPCWT,3,8,457,2026-05-09 19:58:30.610877,colony_deep,,False
3_KPCWTform20min_740nm_3006mW_u1_poc0p6_20x0p75NA_457s50_g70_z1_256pix_basicFLIM_120f_0008.sdt,20260509_KPC_fixed_dishes_on_SLIM,20260509,form,KPCWT,3,8,457,2026-05-09 20:41:37.456727,colony_deep,,False
3_KPCWTform20min_740nm_3006mW_u1_poc0p25_20x0p75NA_535s50_g70_z1_256pix_basicFLIM_120f_0008.sdt,20260509_KPC_fixed_dishes_on_SLIM,20260509,form,KPCWT,3,8,535,2026-05-09 20:13:51.730675,colony_deep,,False
3_KPCWTform20min_740nm_3006mW_u1_poc0p25_20x0p75NA_475s50_g70_z1_256pix_basicFLIM_120f_0009.sdt,20260509_KPC_fixed_dishes_on_SLIM,20260509,form,KPCWT,3,9,457,2026-05-09 19:59:39.147091,colony_edge,,False
3_KPCWTform20min_740nm_3006mW_u1_poc0p6_20x0p75NA_457s50_g70_z1_256pix_basicFLIM_120f_0009.sdt,20260509_KPC_fixed_dishes_on_SLIM,20260509,form,KPCWT,3,9,457,2026-05-09 20:42:46.547624,colony_edge,,False
3_KPCWTform20min_740nm_3006mW_u1_poc0p25_20x0p75NA_535s50_g70_z1_256pix_basicFLIM_120f_0009.sdt,20260509_KPC_fixed_dishes_on_SLIM,20260509,form,KPCWT,3,9,535,2026-05-09 20:15:00.394754,colony_edge,,False
3_KPCWTform20min_740nm_3006mW_u1_poc0p25_20x0p75NA_475s50_g70_z1_256pix_basicFLIM_120f_0010.sdt,20260509_KPC_fixed_dishes_on_SLIM,20260509,form,KPCWT,3,10,457,2026-05-09 20:00:47.135168,colony_edge,,False
3_KPCWTform20min_740nm_3006mW_u1_poc0p6_20x0p75NA_457s50_g70_z1_256pix_basicFLIM_120f_0010.sdt,20260509_KPC_fixed_dishes_on_SLIM,20260509,form,KPCWT,3,10,457,2026-05-09 20:43:54.761886,colony_edge,,False
3_KPCWTform20min_740nm_3006mW_u1_poc0p25_20x0p75NA_535s50_g70_z1_256pix_basicFLIM_120f_0010.sdt,20260509_KPC_fixed_dishes_on_SLIM,20260509,form,KPCWT,3,10,535,2026-05-09 20:16:08.645323,colony_edge,,False
3_KPCWTform20min_740nm_3006mW_u1_poc0p25_20x0p75NA_475s50_g70_z1_256pix_basicFLIM_120f_0011.sdt,20260509_KPC_fixed_dishes_on_SLIM,20260509,form,KPCWT,3,11,457,2026-05-09 20:01:56.877086,colony_edge,,False
3_KPCWTform20min_740nm_3006mW_u1_poc0p6_20x0p75NA_457s50_g70_z1_256pix_basicFLIM_120f_0011.sdt,20260509_KPC_fixed_dishes_on_SLIM,20260509,form,KPCWT,3,11,457,2026-05-09 20:45:04.073673,colony_edge,,False
3_KPCWTform20min_740nm_3006mW_u1_poc0p25_20x0p75NA_535s50_g70_z1_256pix_basicFLIM_120f_0011.sdt,20260509_KPC_fixed_dishes_on_SLIM,20260509,form,KPCWT,3,11,535,2026-05-09 20:17:17.867546,colony_edge,,False
3_KPCWTform20min_740nm_3006mW_u1_poc0p6_20x0p75NA_457s50_g70_z1_256pix_basicFLIM_120f_0012.sdt,20260509_KPC_fixed_dishes_on_SLIM,20260509,form,KPCWT,3,12,457,2026-05-09 21:11:11.619324,colony_deep,,False
3_KPCWTform20min_740nm_3006mW_u1_poc0p6_20x0p75NA_457s50_g70_z1_256pix_basicFLIM_120f_0013.sdt,20260509_KPC_fixed_dishes_on_SLIM,20260509,form,KPCWT,3,13,457,2026-05-09 21:12:19.691200,colony_deep,,False
3_KPCWTform20min_740nm_3006mW_u1_poc0p6_20x0p75NA_457s50_g70_z1_256pix_basicFLIM_120f_0014.sdt,20260509_KPC_fixed_dishes_on_SLIM,20260509,form,KPCWT,3,14,457,2026-05-09 21:13:28.034346,colony_deep,,False
3_KPCWTform20min_740nm_3006mW_u1_poc0p6_20x0p75NA_457s50_g70_z1_256pix_basicFLIM_120f_0015.sdt,20260509_KPC_fixed_dishes_on_SLIM,20260509,form,KPCWT,3,15,457,2026-05-09 21:14:36.903973,colony_deep,,False
3_KPCWTform20min_740nm_3006mW_u1_poc0p6_20x0p75NA_457s50_g70_z1_256pix_basicFLIM_120f_0016.sdt,20260509_KPC_fixed_dishes_on_SLIM,20260509,form,KPCWT,3,16,457,2026-05-09 21:15:45.580541,colony_deep,,False
3_KPCWTform20min_740nm_3006mW_u1_poc0p6_20x0p75NA_457s50_g70_z1_256pix_basicFLIM_120f_0017.sdt,20260509_KPC_fixed_dishes_on_SLIM,20260509,form,KPCWT,3,17,457,2026-05-09 21:16:54.551664,colony_deep,,False
3_KPCWTform20min_740nm_3006mW_u1_poc0p6_20x0p75NA_457s50_g70_z1_256pix_basicFLIM_120f_0018.sdt,20260509_KPC_fixed_dishes_on_SLIM,20260509,form,KPCWT,3,18,457,2026-05-09 21:18:03.271286,colony_deep,,False
3_KPCWTform20min_740nm_3006mW_u1_poc0p6_20x0p75NA_457s50_g70_z1_256pix_basicFLIM_120f_0019.sdt,20260509_KPC_fixed_dishes_on_SLIM,20260509,form,KPCWT,3,19,457,2026-05-09 21:19:12.238437,colony_deep,,False
3_KPCWTform20min_740nm_3006mW_u1_poc0p6_20x0p75NA_457s50_g70_z1_256pix_basicFLIM_120f_0020.sdt,20260509_KPC_fixed_dishes_on_SLIM,20260509,form,KPCWT,3,20,457,2026-05-09 21:20:20.206460,colony_deep,,False
3_KPCWTform20min_740nm_3006mW_u1_poc0p6_20x0p75NA_457s50_g70_z1_256pix_basicFLIM_120f_0021.sdt,20260509_KPC_fixed_dishes_on_SLIM,20260509,form,KPCWT,3,21,457,2026-05-09 21:21:29.171293,colony_edge,,False
3_KPCWTform20min_740nm_3006mW_u1_poc0p6_20x0p75NA_457s50_g70_z1_256pix_basicFLIM_120f_0022.sdt,20260509_KPC_fixed_dishes_on_SLIM,20260509,form,KPCWT,3,22,457,2026-05-09 21:22:37.271576,colony_edge,,False
3_KPCWTform20min_740nm_3006mW_u1_poc0p6_20x0p75NA_457s50_g70_z1_256pix_basicFLIM_120f_0023.sdt,20260509_KPC_fixed_dishes_on_SLIM,20260509,form,KPCWT,3,23,457,2026-05-09 21:23:46.691777,colony_edge,,False
4_BKOCO2form20min_740nm_2995mW_u1_poc0p25_20x0p75NA_457s50_g70_z1_256pix_basicFLIM_120f_0000.sdt,20260509_KPC_fixed_dishes_on_SLIM,20260509,form,BKO,4,0,457,2026-05-09 21:52:24.900548,colony_deep,,False
4_BKOCO2form20min_740nm_2995mW_u1_poc0p6_20x0p75NA_457s50_g70_z1_256pix_basicFLIM_120f_0000.sdt,20260509_KPC_fixed_dishes_on_SLIM,20260509,form,BKO,4,0,457,2026-05-09 22:44:08.865625,colony_deep,,False
4_BKOCO2form20min_740nm_2995mW_u1_poc0p25_20x0p75NA_535s50_g70_z1_256pix_basicFLIM_120f_0000.sdt,20260509_KPC_fixed_dishes_on_SLIM,20260509,form,BKO,4,0,535,2026-05-09 22:22:24.885547,colony_deep,,False
4_BKOCO2form20min_740nm_2995mW_u1_poc0p6_20x0p75NA_535s50_g70_z1_256pix_basicFLIM_120f_0000.sdt,20260509_KPC_fixed_dishes_on_SLIM,20260509,form,BKO,4,0,535,2026-05-09 23:13:07.400388,colony_deep,,False
4_BKOCO2form20min_740nm_2995mW_u1_poc0p25_20x0p75NA_457s50_g70_z1_256pix_basicFLIM_120f_0001.sdt,20260509_KPC_fixed_dishes_on_SLIM,20260509,form,BKO,4,1,457,2026-05-09 21:53:33.720786,colony_deep,,False
4_BKOCO2form20min_740nm_2995mW_u1_poc0p6_20x0p75NA_457s50_g70_z1_256pix_basicFLIM_120f_0001.sdt,20260509_KPC_fixed_dishes_on_SLIM,20260509,form,BKO,4,1,457,2026-05-09 22:45:17.778293,colony_deep,,False
4_BKOCO2form20min_740nm_2995mW_u1_poc0p25_20x0p75NA_535s50_g70_z1_256pix_basicFLIM_120f_0001.sdt,20260509_KPC_fixed_dishes_on_SLIM,20260509,form,BKO,4,1,535,2026-05-09 22:23:33.740522,colony_deep,,False
4_BKOCO2form20min_740nm_2995mW_u1_poc0p6_20x0p75NA_535s50_g70_z1_256pix_basicFLIM_120f_0001.sdt,20260509_KPC_fixed_dishes_on_SLIM,20260509,form,BKO,4,1,535,2026-05-09 23:14:16.340841,colony_deep,,False
4_BKOCO2form20min_740nm_2995mW_u1_poc0p25_20x0p75NA_457s50_g70_z1_256pix_basicFLIM_120f_0002.sdt,20260509_KPC_fixed_dishes_on_SLIM,20260509,form,BKO,4,2,457,2026-05-09 21:54:41.946839,colony_deep,,False
4_BKOCO2form20min_740nm_2995mW_u1_poc0p6_20x0p75NA_457s50_g70_z1_256pix_basicFLIM_120f_0002.sdt,20260509_KPC_fixed_dishes_on_SLIM,20260509,form,BKO,4,2,457,2026-05-09 22:46:26.286773,colony_deep,,False
4_BKOCO2form20min_740nm_2995mW_u1_poc0p25_20x0p75NA_535s50_g70_z1_256pix_basicFLIM_120f_0002.sdt,20260509_KPC_fixed_dishes_on_SLIM,20260509,form,BKO,4,2,535,2026-05-09 22:24:42.068237,colony_deep,,False
4_BKOCO2form20min_740nm_2995mW_u1_poc0p6_20x0p75NA_535s50_g70_z1_256pix_basicFLIM_120f_0002.sdt,20260509_KPC_fixed_dishes_on_SLIM,20260509,form,BKO,4,2,535,2026-05-09 23:15:25.201114,colony_deep,,False
4_BKOCO2form20min_740nm_2995mW_u1_poc0p25_20x0p75NA_457s50_g70_z1_256pix_basicFLIM_120f_0003.sdt,20260509_KPC_fixed_dishes_on_SLIM,20260509,form,BKO,4,3,457,2026-05-09 21:55:50.347990,colony_deep,,False
4_BKOCO2form20min_740nm_2995mW_u1_poc0p6_20x0p75NA_457s50_g70_z1_256pix_basicFLIM_120f_0003.sdt,20260509_KPC_fixed_dishes_on_SLIM,20260509,form,BKO,4,3,457,2026-05-09 22:47:34.818393,colony_deep,,False
4_BKOCO2form20min_740nm_2995mW_u1_poc0p25_20x0p75NA_535s50_g70_z1_256pix_basicFLIM_120f_0003.sdt,20260509_KPC_fixed_dishes_on_SLIM,20260509,form,BKO,4,3,535,2026-05-09 22:25:50.403154,colony_deep,,False
4_BKOCO2form20min_740nm_2995mW_u1_poc0p6_20x0p75NA_535s50_g70_z1_256pix_basicFLIM_120f_0003.sdt,20260509_KPC_fixed_dishes_on_SLIM,20260509,form,BKO,4,3,535,2026-05-09 23:16:33.745658,colony_deep,,False
4_BKOCO2form20min_740nm_2995mW_u1_poc0p25_20x0p75NA_457s50_g70_z1_256pix_basicFLIM_120f_0004.sdt,20260509_KPC_fixed_dishes_on_SLIM,20260509,form,BKO,4,4,457,2026-05-09 21:56:58.806856,colony_deep,,False
4_BKOCO2form20min_740nm_2995mW_u1_poc0p6_20x0p75NA_457s50_g70_z1_256pix_basicFLIM_120f_0004.sdt,20260509_KPC_fixed_dishes_on_SLIM,20260509,form,BKO,4,4,457,2026-05-09 22:48:43.790352,colony_deep,,False
4_BKOCO2form20min_740nm_2995mW_u1_poc0p25_20x0p75NA_535s50_g70_z1_256pix_basicFLIM_120f_0004.sdt,20260509_KPC_fixed_dishes_on_SLIM,20260509,form,BKO,4,4,535,2026-05-09 22:26:59.388704,colony_deep,,False
4_BKOCO2form20min_740nm_2995mW_u1_poc0p6_20x0p75NA_535s50_g70_z1_256pix_basicFLIM_120f_0004.sdt,20260509_KPC_fixed_dishes_on_SLIM,20260509,form,BKO,4,4,535,2026-05-09 23:17:42.366894,colony_deep,,False
4_BKOCO2form20min_740nm_2995mW_u1_poc0p25_20x0p75NA_457s50_g70_z1_256pix_basicFLIM_120f_0005.sdt,20260509_KPC_fixed_dishes_on_SLIM,20260509,form,BKO,4,5,457,2026-05-09 21:58:07.124593,colony_deep,,False
4_BKOCO2form20min_740nm_2995mW_u1_poc0p6_20x0p75NA_457s50_g70_z1_256pix_basicFLIM_120f_0005.sdt,20260509_KPC_fixed_dishes_on_SLIM,20260509,form,BKO,4,5,457,2026-05-09 22:49:52.241415,colony_deep,,False
4_BKOCO2form20min_740nm_2995mW_u1_poc0p25_20x0p75NA_535s50_g70_z1_256pix_basicFLIM_120f_0005.sdt,20260509_KPC_fixed_dishes_on_SLIM,20260509,form,BKO,4,5,535,2026-05-09 22:28:08.033281,colony_deep,,False
4_BKOCO2form20min_740nm_2995mW_u1_poc0p6_20x0p75NA_535s50_g70_z1_256pix_basicFLIM_120f_0005.sdt,20260509_KPC_fixed_dishes_on_SLIM,20260509,form,BKO,4,5,535,2026-05-09 23:18:50.782588,colony_deep,,False
4_BKOCO2form20min_740nm_2995mW_u1_poc0p25_20x0p75NA_457s50_g70_z1_256pix_basicFLIM_120f_0006.sdt,20260509_KPC_fixed_dishes_on_SLIM,20260509,form,BKO,4,6,457,2026-05-09 21:59:15.193451,colony_deep,,False
4_BKOCO2form20min_740nm_2995mW_u1_poc0p6_20x0p75NA_457s50_g70_z1_256pix_basicFLIM_120f_0006.sdt,20260509_KPC_fixed_dishes_on_SLIM,20260509,form,BKO,4,6,457,2026-05-09 22:51:00.424667,colony_deep,,False
4_BKOCO2form20min_740nm_2995mW_u1_poc0p25_20x0p75NA_535s50_g70_z1_256pix_basicFLIM_120f_0006.sdt,20260509_KPC_fixed_dishes_on_SLIM,20260509,form,BKO,4,6,535,2026-05-09 22:29:16.152172,colony_deep,,False
4_BKOCO2form20min_740nm_2995mW_u1_poc0p6_20x0p75NA_535s50_g70_z1_256pix_basicFLIM_120f_0006.sdt,20260509_KPC_fixed_dishes_on_SLIM,20260509,form,BKO,4,6,535,2026-05-09 23:19:59.249377,colony_deep,,False
4_BKOCO2form20min_740nm_2995mW_u1_poc0p25_20x0p75NA_457s50_g70_z1_256pix_basicFLIM_120f_0007.sdt,20260509_KPC_fixed_dishes_on_SLIM,20260509,form,BKO,4,7,457,2026-05-09 22:00:24.027889,colony_deep,,False
4_BKOCO2form20min_740nm_2995mW_u1_poc0p6_20x0p75NA_457s50_g70_z1_256pix_basicFLIM_120f_0007.sdt,20260509_KPC_fixed_dishes_on_SLIM,20260509,form,BKO,4,7,457,2026-05-09 22:52:09.073783,colony_deep,,False
4_BKOCO2form20min_740nm_2995mW_u1_poc0p25_20x0p75NA_535s50_g70_z1_256pix_basicFLIM_120f_0007.sdt,20260509_KPC_fixed_dishes_on_SLIM,20260509,form,BKO,4,7,535,2026-05-09 22:30:24.754387,colony_deep,,False
4_BKOCO2form20min_740nm_2995mW_u1_poc0p6_20x0p75NA_535s50_g70_z1_256pix_basicFLIM_120f_0007.sdt,20260509_KPC_fixed_dishes_on_SLIM,20260509,form,BKO,4,7,535,2026-05-09 23:21:08.063861,colony_deep,,False
4_BKOCO2form20min_740nm_2995mW_u1_poc0p25_20x0p75NA_457s50_g70_z1_256pix_basicFLIM_120f_0008.sdt,20260509_KPC_fixed_dishes_on_SLIM,20260509,form,BKO,4,8,457,2026-05-09 22:01:32.380382,colony_deep,,False
4_BKOCO2form20min_740nm_2995mW_u1_poc0p6_20x0p75NA_457s50_g70_z1_256pix_basicFLIM_120f_0008.sdt,20260509_KPC_fixed_dishes_on_SLIM,20260509,form,BKO,4,8,457,2026-05-09 22:53:17.773510,colony_deep,,False
4_BKOCO2form20min_740nm_2995mW_u1_poc0p25_20x0p75NA_535s50_g70_z1_256pix_basicFLIM_120f_0008.sdt,20260509_KPC_fixed_dishes_on_SLIM,20260509,form,BKO,4,8,535,2026-05-09 22:31:33.647733,colony_deep,,False
4_BKOCO2form20min_740nm_2995mW_u1_poc0p6_20x0p75NA_535s50_g70_z1_256pix_basicFLIM_120f_0008.sdt,20260509_KPC_fixed_dishes_on_SLIM,20260509,form,BKO,4,8,535,2026-05-09 23:22:16.650796,colony_deep,,False
4_BKOCO2form20min_740nm_2995mW_u1_poc0p25_20x0p75NA_457s50_g70_z1_256pix_basicFLIM_120f_0009.sdt,20260509_KPC_fixed_dishes_on_SLIM,20260509,form,BKO,4,9,457,2026-05-09 22:02:42.155692,colony_deep,,False
4_BKOCO2form20min_740nm_2995mW_u1_poc0p6_20x0p75NA_457s50_g70_z1_256pix_basicFLIM_120f_0009.sdt,20260509_KPC_fixed_dishes_on_SLIM,20260509,form,BKO,4,9,457,2026-05-09 22:54:27.736579,colony_deep,,False
4_BKOCO2form20min_740nm_2995mW_u1_poc0p25_20x0p75NA_535s50_g70_z1_256pix_basicFLIM_120f_0009.sdt,20260509_KPC_fixed_dishes_on_SLIM,20260509,form,BKO,4,9,535,2026-05-09 22:32:43.879770,colony_deep,,False
4_BKOCO2form20min_740nm_2995mW_u1_poc0p6_20x0p75NA_535s50_g70_z1_256pix_basicFLIM_120f_0009.sdt,20260509_KPC_fixed_dishes_on_SLIM,20260509,form,BKO,4,9,535,2026-05-09 23:23:26.474568,colony_deep,,False
4_BKOCO2form20min_740nm_2995mW_u1_poc0p25_20x0p75NA_457s50_g70_z1_256pix_basicFLIM_120f_0010.sdt,20260509_KPC_fixed_dishes_on_SLIM,20260509,form,BKO,4,10,457,2026-05-09 22:03:51.160129,colony_edge,,False
4_BKOCO2form20min_740nm_2995mW_u1_poc0p6_20x0p75NA_457s50_g70_z1_256pix_basicFLIM_120f_0010.sdt,20260509_KPC_fixed_dishes_on_SLIM,20260509,form,BKO,4,10,457,2026-05-09 22:55:36.799720,colony_edge,,False
4_BKOCO2form20min_740nm_2995mW_u1_poc0p25_20x0p75NA_535s50_g70_z1_256pix_basicFLIM_120f_0010.sdt,20260509_KPC_fixed_dishes_on_SLIM,20260509,form,BKO,4,10,535,2026-05-09 22:33:53.285970,colony_edge,,False
4_BKOCO2form20min_740nm_2995mW_u1_poc0p6_20x0p75NA_535s50_g70_z1_256pix_basicFLIM_120f_0010.sdt,20260509_KPC_fixed_dishes_on_SLIM,20260509,form,BKO,4,10,535,2026-05-09 23:24:35.500862,colony_edge,,False
4_BKOCO2form20min_740nm_2995mW_u1_poc0p25_20x0p75NA_457s50_g70_z1_256pix_basicFLIM_120f_0011.sdt,20260509_KPC_fixed_dishes_on_SLIM,20260509,form,BKO,4,11,457,2026-05-09 22:04:59.200580,colony_edge,,False
4_BKOCO2form20min_740nm_2995mW_u1_poc0p6_20x0p75NA_457s50_g70_z1_256pix_basicFLIM_120f_0011.sdt,20260509_KPC_fixed_dishes_on_SLIM,20260509,form,BKO,4,11,457,2026-05-09 22:56:45.291880,colony_edge,,False
4_BKOCO2form20min_740nm_2995mW_u1_poc0p25_20x0p75NA_535s50_g70_z1_256pix_basicFLIM_120f_0011.sdt,20260509_KPC_fixed_dishes_on_SLIM,20260509,form,BKO,4,11,535,2026-05-09 22:35:01.376474,colony_edge,,False
4_BKOCO2form20min_740nm_2995mW_u1_poc0p6_20x0p75NA_535s50_g70_z1_256pix_basicFLIM_120f_0011.sdt,20260509_KPC_fixed_dishes_on_SLIM,20260509,form,BKO,4,11,535,2026-05-09 23:25:43.646647,colony_edge,,False
4_BKOCO2form20min_740nm_2995mW_u1_poc0p25_20x0p75NA_457s50_g70_z1_256pix_basicFLIM_120f_0012.sdt,20260509_KPC_fixed_dishes_on_SLIM,20260509,form,BKO,4,12,457,2026-05-09 22:06:07.167188,colony_edge,,False
4_BKOCO2form20min_740nm_2995mW_u1_poc0p6_20x0p75NA_457s50_g70_z1_256pix_basicFLIM_120f_0012.sdt,20260509_KPC_fixed_dishes_on_SLIM,20260509,form,BKO,4,12,457,2026-05-09 22:57:53.628057,colony_edge,,False
4_BKOCO2form20min_740nm_2995mW_u1_poc0p25_20x0p75NA_535s50_g70_z1_256pix_basicFLIM_120f_0012.sdt,20260509_KPC_fixed_dishes_on_SLIM,20260509,form,BKO,4,12,535,2026-05-09 22:36:09.292729,colony_edge,,False
4_BKOCO2form20min_740nm_2995mW_u1_poc0p6_20x0p75NA_535s50_g70_z1_256pix_basicFLIM_120f_0012.sdt,20260509_KPC_fixed_dishes_on_SLIM,20260509,form,BKO,4,12,535,2026-05-09 23:26:51.864687,colony_edge,,False
4_BKOCO2form20min_740nm_2995mW_u1_poc0p25_20x0p75NA_457s50_g70_z1_256pix_basicFLIM_120f_0013.sdt,20260509_KPC_fixed_dishes_on_SLIM,20260509,form,BKO,4,13,457,2026-05-09 22:07:16.240293,colony_edge,,False
4_BKOCO2form20min_740nm_2995mW_u1_poc0p6_20x0p75NA_457s50_g70_z1_256pix_basicFLIM_120f_0013.sdt,20260509_KPC_fixed_dishes_on_SLIM,20260509,form,BKO,4,13,457,2026-05-09 22:59:02.904846,colony_edge,,False
4_BKOCO2form20min_740nm_2995mW_u1_poc0p25_20x0p75NA_535s50_g70_z1_256pix_basicFLIM_120f_0013.sdt,20260509_KPC_fixed_dishes_on_SLIM,20260509,form,BKO,4,13,535,2026-05-09 22:37:18.475386,colony_edge,,False
4_BKOCO2form20min_740nm_2995mW_u1_poc0p6_20x0p75NA_535s50_g70_z1_256pix_basicFLIM_120f_0013.sdt,20260509_KPC_fixed_dishes_on_SLIM,20260509,form,BKO,4,13,535,2026-05-09 23:28:01.110552,colony_edge,,False
4_BKOCO2form20min_740nm_2995mW_u1_poc0p25_20x0p75NA_457s50_g70_z1_256pix_basicFLIM_120f_0014.sdt,20260509_KPC_fixed_dishes_on_SLIM,20260509,form,BKO,4,14,457,2026-05-09 22:08:25.695606,colony_deep,,False
4_BKOCO2form20min_740nm_2995mW_u1_poc0p6_20x0p75NA_457s50_g70_z1_256pix_basicFLIM_120f_0014.sdt,20260509_KPC_fixed_dishes_on_SLIM,20260509,form,BKO,4,14,457,2026-05-09 23:00:12.352244,colony_deep,,False
4_BKOCO2form20min_740nm_2995mW_u1_poc0p25_20x0p75NA_535s50_g70_z1_256pix_basicFLIM_120f_0014.sdt,20260509_KPC_fixed_dishes_on_SLIM,20260509,form,BKO,4,14,535,2026-05-09 22:38:27.768321,colony_deep,,False
4_BKOCO2form20min_740nm_2995mW_u1_poc0p6_20x0p75NA_535s50_g70_z1_256pix_basicFLIM_120f_0014.sdt,20260509_KPC_fixed_dishes_on_SLIM,20260509,form,BKO,4,14,535,2026-05-09 23:29:10.603463,colony_deep,,False
4_BKOCO2form20min_740nm_2995mW_u1_poc0p25_20x0p75NA_457s50_g70_z1_256pix_basicFLIM_120f_0015.sdt,20260509_KPC_fixed_dishes_on_SLIM,20260509,form,BKO,4,15,457,2026-05-09 22:09:33.766142,colony_edge,,False
4_BKOCO2form20min_740nm_2995mW_u1_poc0p6_20x0p75NA_457s50_g70_z1_256pix_basicFLIM_120f_0015.sdt,20260509_KPC_fixed_dishes_on_SLIM,20260509,form,BKO,4,15,457,2026-05-09 23:01:20.840077,colony_edge,,False
4_BKOCO2form20min_740nm_2995mW_u1_poc0p25_20x0p75NA_535s50_g70_z1_256pix_basicFLIM_120f_0015.sdt,20260509_KPC_fixed_dishes_on_SLIM,20260509,form,BKO,4,15,535,2026-05-09 22:39:36.268109,colony_edge,,False
4_BKOCO2form20min_740nm_2995mW_u1_poc0p6_20x0p75NA_535s50_g70_z1_256pix_basicFLIM_120f_0015.sdt,20260509_KPC_fixed_dishes_on_SLIM,20260509,form,BKO,4,15,535,2026-05-09 23:30:18.836616,colony_edge,,False
3_BKOCO2live_740nm_3097mW_u1_poc0p2_20x0p75NA_457s50_g70_z1_256pix_basicFLIM_120f_0000.sdt,20260517_KPC_live_on_SLIM,20260517,live,BKO,3,0,457,2026-05-17 20:02:33.799905,colony_edge,,False
3_BKOCO2live_740nm_3097mW_u1_poc0p45_20x0p75NA_457s50_g70_z1_256pix_basicFLIM_120f_0000.sdt,20260517_KPC_live_on_SLIM,20260517,live,BKO,3,0,457,2026-05-17 21:52:34.734781,colony_edge,,False
3_BKOCO2live_740nm_3097mW_u1_poc0p2_20x0p75NA_535s50_g70_z1_256pix_basicFLIM_120f_0000.sdt,20260517_KPC_live_on_SLIM,20260517,live,BKO,3,0,535,2026-05-17 20:43:36.593034,colony_edge,,False
3_BKOCO2live_740nm_3097mW_u1_poc0p45_20x0p75NA_535s50_g70_z1_256pix_basicFLIM_120f_0000.sdt,20260517_KPC_live_on_SLIM,20260517,live,BKO,3,0,535,2026-05-17 21:11:13.177204,colony_edge,,False
3_BKOCO2live_740nm_3097mW_u1_poc0p2_20x0p75NA_457s50_g70_z1_256pix_basicFLIM_120f_0001.sdt,20260517_KPC_live_on_SLIM,20260517,live,BKO,3,1,457,2026-05-17 20:03:41.835541,colony_edge,,False
3_BKOCO2live_740nm_3097mW_u1_poc0p45_20x0p75NA_457s50_g70_z1_256pix_basicFLIM_120f_0001.sdt,20260517_KPC_live_on_SLIM,20260517,live,BKO,3,1,457,2026-05-17 21:53:42.861516,colony_edge,,False
3_BKOCO2live_740nm_3097mW_u1_poc0p2_20x0p75NA_535s50_g70_z1_256pix_basicFLIM_120f_0001.sdt,20260517_KPC_live_on_SLIM,20260517,live,BKO,3,1,535,2026-05-17 20:44:44.683294,colony_edge,,False
3_BKOCO2live_740nm_3097mW_u1_poc0p45_20x0p75NA_535s50_g70_z1_256pix_basicFLIM_120f_0001.sdt,20260517_KPC_live_on_SLIM,20260517,live,BKO,3,1,535,2026-05-17 21:12:21.288900,colony_edge,,False
3_BKOCO2live_740nm_3097mW_u1_poc0p2_20x0p75NA_457s50_g70_z1_256pix_basicFLIM_120f_0002.sdt,20260517_KPC_live_on_SLIM,20260517,live,BKO,3,2,457,2026-05-17 20:04:50.474726,colony_edge,,False
3_BKOCO2live_740nm_3097mW_u1_poc0p45_20x0p75NA_457s50_g70_z1_256pix_basicFLIM_120f_0002.sdt,20260517_KPC_live_on_SLIM,20260517,live,BKO,3,2,457,2026-05-17 21:54:51.613761,colony_edge,,False
3_BKOCO2live_740nm_3097mW_u1_poc0p2_20x0p75NA_535s50_g70_z1_256pix_basicFLIM_120f_0002.sdt,20260517_KPC_live_on_SLIM,20260517,live,BKO,3,2,535,2026-05-17 20:45:53.334407,colony_edge,,False
3_BKOCO2live_740nm_3097mW_u1_poc0p45_20x0p75NA_535s50_g70_z1_256pix_basicFLIM_120f_0002.sdt,20260517_KPC_live_on_SLIM,20260517,live,BKO,3,2,535,2026-05-17 21:21:12.642338,colony_edge,,False
3_BKOCO2live_740nm_3097mW_u1_poc0p2_20x0p75NA_457s50_g70_z1_256pix_basicFLIM_120f_0003.sdt,20260517_KPC_live_on_SLIM,20260517,live,BKO,3,3,457,2026-05-17 20:05:58.650999,colony_deep,,False
3_BKOCO2live_740nm_3097mW_u1_poc0p45_20x0p75NA_457s50_g70_z1_256pix_basicFLIM_120f_0003.sdt,20260517_KPC_live_on_SLIM,20260517,live,BKO,3,3,457,2026-05-17 21:59:26.904002,colony_deep,,False
3_BKOCO2live_740nm_3097mW_u1_poc0p2_20x0p75NA_535s50_g70_z1_256pix_basicFLIM_120f_0003.sdt,20260517_KPC_live_on_SLIM,20260517,live,BKO,3,3,535,2026-05-17 20:47:01.409752,colony_deep,,False
3_BKOCO2live_740nm_3097mW_u1_poc0p45_20x0p75NA_535s50_g70_z1_256pix_basicFLIM_120f_0003.sdt,20260517_KPC_live_on_SLIM,20260517,live,BKO,3,3,535,2026-05-17 21:24:53.327847,colony_deep,,False
3_BKOCO2live_740nm_3097mW_u1_poc0p2_20x0p75NA_457s50_g70_z1_256pix_basicFLIM_120f_0004.sdt,20260517_KPC_live_on_SLIM,20260517,live,BKO,3,4,457,2026-05-17 20:07:07.782061,colony_edge,,False
3_BKOCO2live_740nm_3097mW_u1_poc0p45_20x0p75NA_457s50_g70_z1_256pix_basicFLIM_120f_0004.sdt,20260517_KPC_live_on_SLIM,20260517,live,BKO,3,4,457,2026-05-17 22:00:36.023747,colony_edge,,False
3_BKOCO2live_740nm_3097mW_u1_poc0p2_20x0p75NA_535s50_g70_z1_256pix_basicFLIM_120f_0004.sdt,20260517_KPC_live_on_SLIM,20260517,live,BKO,3,4,535,2026-05-17 20:48:10.482155,colony_edge,,False
3_BKOCO2live_740nm_3097mW_u1_poc0p45_20x0p75NA_535s50_g70_z1_256pix_basicFLIM_120f_0004.sdt,20260517_KPC_live_on_SLIM,20260517,live,BKO,3,4,535,2026-05-17 21:26:02.488599,colony_edge,,False
3_BKOCO2live_740nm_3097mW_u1_poc0p2_20x0p75NA_457s50_g70_z1_256pix_basicFLIM_120f_0005.sdt,20260517_KPC_live_on_SLIM,20260517,live,BKO,3,5,457,2026-05-17 20:08:15.806626,colony_deep,,False
3_BKOCO2live_740nm_3097mW_u1_poc0p45_20x0p75NA_457s50_g70_z1_256pix_basicFLIM_120f_0005.sdt,20260517_KPC_live_on_SLIM,20260517,live,BKO,3,5,457,2026-05-17 22:01:44.045138,colony_deep,,False
3_BKOCO2live_740nm_3097mW_u1_poc0p2_20x0p75NA_535s50_g70_z1_256pix_basicFLIM_120f_0005.sdt,20260517_KPC_live_on_SLIM,20260517,live,BKO,3,5,535,2026-05-17 20:49:18.535278,colony_deep,,False
3_BKOCO2live_740nm_3097mW_u1_poc0p45_20x0p75NA_535s50_g70_z1_256pix_basicFLIM_120f_0005.sdt,20260517_KPC_live_on_SLIM,20260517,live,BKO,3,5,535,2026-05-17 21:27:10.505404,colony_deep,,False
3_BKOCO2live_740nm_3097mW_u1_poc0p2_20x0p75NA_457s50_g70_z1_256pix_basicFLIM_120f_0006.sdt,20260517_KPC_live_on_SLIM,20260517,live,BKO,3,6,457,2026-05-17 20:09:24.393671,colony_deep,,False
3_BKOCO2live_740nm_3097mW_u1_poc0p45_20x0p75NA_457s50_g70_z1_256pix_basicFLIM_120f_0006.sdt,20260517_KPC_live_on_SLIM,20260517,live,BKO,3,6,457,2026-05-17 22:02:52.626543,colony_deep,,False
3_BKOCO2live_740nm_3097mW_u1_poc0p2_20x0p75NA_535s50_g70_z1_256pix_basicFLIM_120f_0006.sdt,20260517_KPC_live_on_SLIM,20260517,live,BKO,3,6,535,2026-05-17 20:50:27.134286,colony_deep,,False
3_BKOCO2live_740nm_3097mW_u1_poc0p45_20x0p75NA_535s50_g70_z1_256pix_basicFLIM_120f_0006.sdt,20260517_KPC_live_on_SLIM,20260517,live,BKO,3,6,535,2026-05-17 21:28:19.099432,colony_deep,,False
3_BKOCO2live_740nm_3097mW_u1_poc0p2_20x0p75NA_457s50_g70_z1_256pix_basicFLIM_120f_0007.sdt,20260517_KPC_live_on_SLIM,20260517,live,BKO,3,7,457,2026-05-17 20:10:33.163858,colony_deep,,False
3_BKOCO2live_740nm_3097mW_u1_poc0p45_20x0p75NA_457s50_g70_z1_256pix_basicFLIM_120f_0007.sdt,20260517_KPC_live_on_SLIM,20260517,live,BKO,3,7,457,2026-05-17 22:04:01.405708,colony_deep,,False
3_BKOCO2live_740nm_3097mW_u1_poc0p2_20x0p75NA_535s50_g70_z1_256pix_basicFLIM_120f_0007.sdt,20260517_KPC_live_on_SLIM,20260517,live,BKO,3,7,535,2026-05-17 20:51:35.836411,colony_deep,,False
3_BKOCO2live_740nm_3097mW_u1_poc0p45_20x0p75NA_535s50_g70_z1_256pix_basicFLIM_120f_0007.sdt,20260517_KPC_live_on_SLIM,20260517,live,BKO,3,7,535,2026-05-17 21:29:27.893117,colony_deep,,False
3_BKOCO2live_740nm_3097mW_u1_poc0p2_20x0p75NA_457s50_g70_z1_256pix_basicFLIM_120f_0008.sdt,20260517_KPC_live_on_SLIM,20260517,live,BKO,3,8,457,2026-05-17 20:11:41.821345,colony_deep,,False
3_BKOCO2live_740nm_3097mW_u1_poc0p45_20x0p75NA_457s50_g70_z1_256pix_basicFLIM_120f_0008.sdt,20260517_KPC_live_on_SLIM,20260517,live,BKO,3,8,457,2026-05-17 22:07:58.832707,colony_deep,,False
3_BKOCO2live_740nm_3097mW_u1_poc0p2_20x0p75NA_535s50_g70_z1_256pix_basicFLIM_120f_0008.sdt,20260517_KPC_live_on_SLIM,20260517,live,BKO,3,8,535,2026-05-17 20:52:44.454102,colony_deep,,False
3_BKOCO2live_740nm_3097mW_u1_poc0p45_20x0p75NA_535s50_g70_z1_256pix_basicFLIM_120f_0008.sdt,20260517_KPC_live_on_SLIM,20260517,live,BKO,3,8,535,2026-05-17 21:30:36.539939,colony_deep,,False
3_BKOCO2live_740nm_3097mW_u1_poc0p2_20x0p75NA_457s50_g70_z1_256pix_basicFLIM_120f_0009.sdt,20260517_KPC_live_on_SLIM,20260517,live,BKO,3,9,457,2026-05-17 20:12:50.819611,colony_deep,,False
3_BKOCO2live_740nm_3097mW_u1_poc0p45_20x0p75NA_457s50_g70_z1_256pix_basicFLIM_120f_0009.sdt,20260517_KPC_live_on_SLIM,20260517,live,BKO,3,9,457,2026-05-17 22:10:58.657535,colony_deep,,False
3_BKOCO2live_740nm_3097mW_u1_poc0p2_20x0p75NA_535s50_g70_z1_256pix_basicFLIM_120f_0009.sdt,20260517_KPC_live_on_SLIM,20260517,live,BKO,3,9,535,2026-05-17 20:53:53.586749,colony_deep,,False
3_BKOCO2live_740nm_3097mW_u1_poc0p45_20x0p75NA_535s50_g70_z1_256pix_basicFLIM_120f_0009.sdt,20260517_KPC_live_on_SLIM,20260517,live,BKO,3,9,535,2026-05-17 21:33:15.543354,colony_deep,,False
3_BKOCO2live_740nm_3097mW_u1_poc0p2_20x0p75NA_457s50_g70_z1_256pix_basicFLIM_120f_0010.sdt,20260517_KPC_live_on_SLIM,20260517,live,BKO,3,10,457,2026-05-17 20:14:00.085310,colony_edge,,False
3_BKOCO2live_740nm_3097mW_u1_poc0p45_20x0p75NA_457s50_g70_z1_256pix_basicFLIM_120f_0010.sdt,20260517_KPC_live_on_SLIM,20260517,live,BKO,3,10,457,2026-05-17 22:12:07.994493,colony_edge,,False
3_BKOCO2live_740nm_3097mW_u1_poc0p2_20x0p75NA_535s50_g70_z1_256pix_basicFLIM_120f_0010.sdt,20260517_KPC_live_on_SLIM,20260517,live,BKO,3,10,535,2026-05-17 20:55:02.752924,colony_edge,,False
3_BKOCO2live_740nm_3097mW_u1_poc0p45_20x0p75NA_535s50_g70_z1_256pix_basicFLIM_120f_0010.sdt,20260517_KPC_live_on_SLIM,20260517,live,BKO,3,10,535,2026-05-17 21:35:23.466033,colony_edge,,False
3_BKOCO2live_740nm_3097mW_u1_poc0p2_20x0p75NA_457s50_g70_z1_256pix_basicFLIM_120f_0011.sdt,20260517_KPC_live_on_SLIM,20260517,live,BKO,3,11,457,2026-05-17 20:15:08.378377,colony_edge,,False
3_BKOCO2live_740nm_3097mW_u1_poc0p45_20x0p75NA_457s50_g70_z1_256pix_basicFLIM_120f_0011.sdt,20260517_KPC_live_on_SLIM,20260517,live,BKO,3,11,457,2026-05-17 22:14:51.318863,colony_edge,,False
3_BKOCO2live_740nm_3097mW_u1_poc0p2_20x0p75NA_535s50_g70_z1_256pix_basicFLIM_120f_0011.sdt,20260517_KPC_live_on_SLIM,20260517,live,BKO,3,11,535,2026-05-17 20:56:10.894289,colony_edge,,False
3_BKOCO2live_740nm_3097mW_u1_poc0p45_20x0p75NA_535s50_g70_z1_256pix_basicFLIM_120f_0011.sdt,20260517_KPC_live_on_SLIM,20260517,live,BKO,3,11,535,2026-05-17 21:36:31.879517,colony_edge,,False
3_BKOCO2live_740nm_3097mW_u1_poc0p2_20x0p75NA_457s50_g70_z1_256pix_basicFLIM_120f_0012.sdt,20260517_KPC_live_on_SLIM,20260517,live,BKO,3,12,457,2026-05-17 20:16:16.734862,colony_edge,,False
3_BKOCO2live_740nm_3097mW_u1_poc0p45_20x0p75NA_457s50_g70_z1_256pix_basicFLIM_120f_0012.sdt,20260517_KPC_live_on_SLIM,20260517,live,BKO,3,12,457,2026-05-17 22:15:59.928142,colony_edge,,False
3_BKOCO2live_740nm_3097mW_u1_poc0p2_20x0p75NA_535s50_g70_z1_256pix_basicFLIM_120f_0012.sdt,20260517_KPC_live_on_SLIM,20260517,live,BKO,3,12,535,2026-05-17 20:57:19.245118,colony_edge,,False
3_BKOCO2live_740nm_3097mW_u1_poc0p45_20x0p75NA_535s50_g70_z1_256pix_basicFLIM_120f_0012.sdt,20260517_KPC_live_on_SLIM,20260517,live,BKO,3,12,535,2026-05-17 21:40:42.824279,colony_edge,,False
3_BKOCO2live_740nm_3097mW_u1_poc0p2_20x0p75NA_457s50_g70_z1_256pix_basicFLIM_120f_0013.sdt,20260517_KPC_live_on_SLIM,20260517,live,BKO,3,13,457,2026-05-17 20:30:40.630046,colony_edge,,False
3_BKOCO2live_740nm_3097mW_u1_poc0p45_20x0p75NA_457s50_g70_z1_256pix_basicFLIM_120f_0013.sdt,20260517_KPC_live_on_SLIM,20260517,live,BKO,3,13,457,2026-05-17 22:17:08.972551,colony_edge,,False
3_BKOCO2live_740nm_3097mW_u1_poc0p2_20x0p75NA_535s50_g70_z1_256pix_basicFLIM_120f_0013.sdt,20260517_KPC_live_on_SLIM,20260517,live,BKO,3,13,535,2026-05-17 20:58:28.036586,colony_edge,,False
3_BKOCO2live_740nm_3097mW_u1_poc0p45_20x0p75NA_535s50_g70_z1_256pix_basicFLIM_120f_0013.sdt,20260517_KPC_live_on_SLIM,20260517,live,BKO,3,13,535,2026-05-17 21:41:51.776531,colony_edge,,False
3_BKOCO2live_740nm_3097mW_u1_poc0p2_20x0p75NA_457s50_g70_z1_256pix_basicFLIM_120f_0014.sdt,20260517_KPC_live_on_SLIM,20260517,live,BKO,3,14,457,2026-05-17 20:31:49.263350,colony_edge,,False
3_BKOCO2live_740nm_3097mW_u1_poc0p45_20x0p75NA_457s50_g70_z1_256pix_basicFLIM_120f_0014.sdt,20260517_KPC_live_on_SLIM,20260517,live,BKO,3,14,457,2026-05-17 22:18:17.715781,colony_edge,,False
3_BKOCO2live_740nm_3097mW_u1_poc0p2_20x0p75NA_535s50_g70_z1_256pix_basicFLIM_120f_0014.sdt,20260517_KPC_live_on_SLIM,20260517,live,BKO,3,14,535,2026-05-17 20:59:36.656471,colony_edge,,False
3_BKOCO2live_740nm_3097mW_u1_poc0p45_20x0p75NA_535s50_g70_z1_256pix_basicFLIM_120f_0014.sdt,20260517_KPC_live_on_SLIM,20260517,live,BKO,3,14,535,2026-05-17 21:43:00.447776,colony_edge,,False
3_BKOCO2live_740nm_3097mW_u1_poc0p2_20x0p75NA_457s50_g70_z1_256pix_basicFLIM_120f_0015.sdt,20260517_KPC_live_on_SLIM,20260517,live,BKO,3,15,457,2026-05-17 20:32:58.086633,colony_edge,,False
3_BKOCO2live_740nm_3097mW_u1_poc0p45_20x0p75NA_457s50_g70_z1_256pix_basicFLIM_120f_0015.sdt,20260517_KPC_live_on_SLIM,20260517,live,BKO,3,15,457,2026-05-17 22:20:40.068357,colony_edge,,False
3_BKOCO2live_740nm_3097mW_u1_poc0p2_20x0p75NA_535s50_g70_z1_256pix_basicFLIM_120f_0015.sdt,20260517_KPC_live_on_SLIM,20260517,live,BKO,3,15,535,2026-05-17 21:00:45.434877,colony_edge,,False
3_BKOCO2live_740nm_3097mW_u1_poc0p45_20x0p75NA_535s50_g70_z1_256pix_basicFLIM_120f_0015.sdt,20260517_KPC_live_on_SLIM,20260517,live,BKO,3,15,535,2026-05-17 21:44:09.438298,colony_edge,,False
3_KPCWTform10min_740nm_3082mW_u1_poc0p25_20x0p75NA_457s50_g70_z1_256pix_basicFLIM_120f_0000.sdt,20260520_KPC_fixed_dishes_SLIM,20260520,form,KPCWT,3,0,457,2026-05-20 19:51:08.351630,colony_deep,,False
3_KPCWTform10min_740nm_3083mW_u1_poc0p6_20x0p75NA_457s50_g70_z1_256pix_basicFLIM_120f_0000.sdt,20260520_KPC_fixed_dishes_SLIM,20260520,form,KPCWT,3,0,457,2026-05-20 21:46:37.316370,colony_deep,,False
3_KPCWTform10min_740nm_3083mW_u1_poc0p25_20x0p75NA_535s50_g70_z1_256pix_basicFLIM_120f_0000.sdt,20260520_KPC_fixed_dishes_SLIM,20260520,form,KPCWT,3,0,535,2026-05-20 20:22:43.596961,colony_deep,,False
3_KPCWTform10min_740nm_3083mW_u1_poc0p6_20x0p75NA_535s50_g70_z1_256pix_basicFLIM_120f_0000.sdt,20260520_KPC_fixed_dishes_SLIM,20260520,form,KPCWT,3,0,535,2026-05-20 20:47:18.878016,colony_deep,,False
3_KPCWTform10min_740nm_3082mW_u1_poc0p25_20x0p75NA_457s50_g70_z1_256pix_basicFLIM_120f_0001.sdt,20260520_KPC_fixed_dishes_SLIM,20260520,form,KPCWT,3,1,457,2026-05-20 19:52:17.110674,colony_deep,,False
3_KPCWTform10min_740nm_3083mW_u1_poc0p6_20x0p75NA_457s50_g70_z1_256pix_basicFLIM_120f_0001.sdt,20260520_KPC_fixed_dishes_SLIM,20260520,form,KPCWT,3,1,457,2026-05-20 21:47:46.415412,colony_deep,,False
3_KPCWTform10min_740nm_3083mW_u1_poc0p25_20x0p75NA_535s50_g70_z1_256pix_basicFLIM_120f_0001.sdt,20260520_KPC_fixed_dishes_SLIM,20260520,form,KPCWT,3,1,535,2026-05-20 20:23:52.364639,colony_deep,,False
3_KPCWTform10min_740nm_3083mW_u1_poc0p6_20x0p75NA_535s50_g70_z1_256pix_basicFLIM_120f_0001.sdt,20260520_KPC_fixed_dishes_SLIM,20260520,form,KPCWT,3,1,535,2026-05-20 20:48:27.704110,colony_deep,,False
3_KPCWTform10min_740nm_3082mW_u1_poc0p25_20x0p75NA_457s50_g70_z1_256pix_basicFLIM_120f_0002.sdt,20260520_KPC_fixed_dishes_SLIM,20260520,form,KPCWT,3,2,457,2026-05-20 19:53:25.524801,colony_deep,,False
3_KPCWTform10min_740nm_3083mW_u1_poc0p6_20x0p75NA_457s50_g70_z1_256pix_basicFLIM_120f_0002.sdt,20260520_KPC_fixed_dishes_SLIM,20260520,form,KPCWT,3,2,457,2026-05-20 21:48:55.039181,colony_deep,,False
3_KPCWTform10min_740nm_3083mW_u1_poc0p25_20x0p75NA_535s50_g70_z1_256pix_basicFLIM_120f_0002.sdt,20260520_KPC_fixed_dishes_SLIM,20260520,form,KPCWT,3,2,535,2026-05-20 20:25:00.828863,colony_deep,,False
3_KPCWTform10min_740nm_3083mW_u1_poc0p6_20x0p75NA_535s50_g70_z1_256pix_basicFLIM_120f_0002.sdt,20260520_KPC_fixed_dishes_SLIM,20260520,form,KPCWT,3,2,535,2026-05-20 20:49:36.161325,colony_deep,,False
3_KPCWTform10min_740nm_3082mW_u1_poc0p25_20x0p75NA_457s50_g70_z1_256pix_basicFLIM_120f_0003.sdt,20260520_KPC_fixed_dishes_SLIM,20260520,form,KPCWT,3,3,457,2026-05-20 19:54:33.889129,colony_deep,,False
3_KPCWTform10min_740nm_3083mW_u1_poc0p6_20x0p75NA_457s50_g70_z1_256pix_basicFLIM_120f_0003.sdt,20260520_KPC_fixed_dishes_SLIM,20260520,form,KPCWT,3,3,457,2026-05-20 21:50:03.593464,colony_deep,,False
3_KPCWTform10min_740nm_3083mW_u1_poc0p25_20x0p75NA_535s50_g70_z1_256pix_basicFLIM_120f_0003.sdt,20260520_KPC_fixed_dishes_SLIM,20260520,form,KPCWT,3,3,535,2026-05-20 20:26:09.252696,colony_deep,,False
3_KPCWTform10min_740nm_3083mW_u1_poc0p6_20x0p75NA_535s50_g70_z1_256pix_basicFLIM_120f_0003.sdt,20260520_KPC_fixed_dishes_SLIM,20260520,form,KPCWT,3,3,535,2026-05-20 20:50:44.597737,colony_deep,,False
3_KPCWTform10min_740nm_3082mW_u1_poc0p25_20x0p75NA_457s50_g70_z1_256pix_basicFLIM_120f_0004.sdt,20260520_KPC_fixed_dishes_SLIM,20260520,form,KPCWT,3,4,457,2026-05-20 19:55:42.089607,colony_deep,,False
3_KPCWTform10min_740nm_3083mW_u1_poc0p6_20x0p75NA_457s50_g70_z1_256pix_basicFLIM_120f_0004.sdt,20260520_KPC_fixed_dishes_SLIM,20260520,form,KPCWT,3,4,457,2026-05-20 21:51:11.932404,colony_deep,,False
3_KPCWTform10min_740nm_3083mW_u1_poc0p25_20x0p75NA_535s50_g70_z1_256pix_basicFLIM_120f_0004.sdt,20260520_KPC_fixed_dishes_SLIM,20260520,form,KPCWT,3,4,535,2026-05-20 20:27:17.425638,colony_deep,,False
3_KPCWTform10min_740nm_3083mW_u1_poc0p6_20x0p75NA_535s50_g70_z1_256pix_basicFLIM_120f_0004.sdt,20260520_KPC_fixed_dishes_SLIM,20260520,form,KPCWT,3,4,535,2026-05-20 20:51:52.849485,colony_deep,,False
3_KPCWTform10min_740nm_3082mW_u1_poc0p25_20x0p75NA_457s50_g70_z1_256pix_basicFLIM_120f_0005.sdt,20260520_KPC_fixed_dishes_SLIM,20260520,form,KPCWT,3,5,457,2026-05-20 19:56:50.629114,colony_deep,,False
3_KPCWTform10min_740nm_3083mW_u1_poc0p6_20x0p75NA_457s50_g70_z1_256pix_basicFLIM_120f_0005.sdt,20260520_KPC_fixed_dishes_SLIM,20260520,form,KPCWT,3,5,457,2026-05-20 21:52:20.903680,colony_deep,,False
3_KPCWTform10min_740nm_3083mW_u1_poc0p25_20x0p75NA_535s50_g70_z1_256pix_basicFLIM_120f_0005.sdt,20260520_KPC_fixed_dishes_SLIM,20260520,form,KPCWT,3,5,535,2026-05-20 20:28:25.978138,colony_deep,,False
3_KPCWTform10min_740nm_3083mW_u1_poc0p6_20x0p75NA_535s50_g70_z1_256pix_basicFLIM_120f_0005.sdt,20260520_KPC_fixed_dishes_SLIM,20260520,form,KPCWT,3,5,535,2026-05-20 20:53:01.330981,colony_deep,,False
3_KPCWTform10min_740nm_3082mW_u1_poc0p25_20x0p75NA_457s50_g70_z1_256pix_basicFLIM_120f_0006.sdt,20260520_KPC_fixed_dishes_SLIM,20260520,form,KPCWT,3,6,457,2026-05-20 19:58:00.049688,colony_deep,,False
3_KPCWTform10min_740nm_3083mW_u1_poc0p6_20x0p75NA_457s50_g70_z1_256pix_basicFLIM_120f_0006.sdt,20260520_KPC_fixed_dishes_SLIM,20260520,form,KPCWT,3,6,457,2026-05-20 21:53:30.579578,colony_deep,,False
3_KPCWTform10min_740nm_3083mW_u1_poc0p25_20x0p75NA_535s50_g70_z1_256pix_basicFLIM_120f_0006.sdt,20260520_KPC_fixed_dishes_SLIM,20260520,form,KPCWT,3,6,535,2026-05-20 20:29:35.418662,colony_deep,,False
3_KPCWTform10min_740nm_3083mW_u1_poc0p6_20x0p75NA_535s50_g70_z1_256pix_basicFLIM_120f_0006.sdt,20260520_KPC_fixed_dishes_SLIM,20260520,form,KPCWT,3,6,535,2026-05-20 20:54:10.836082,colony_deep,,False
3_KPCWTform10min_740nm_3082mW_u1_poc0p25_20x0p75NA_457s50_g70_z1_256pix_basicFLIM_120f_0007.sdt,20260520_KPC_fixed_dishes_SLIM,20260520,form,KPCWT,3,7,457,2026-05-20 19:59:08.592783,colony_deep,,False
3_KPCWTform10min_740nm_3083mW_u1_poc0p6_20x0p75NA_457s50_g70_z1_256pix_basicFLIM_120f_0007.sdt,20260520_KPC_fixed_dishes_SLIM,20260520,form,KPCWT,3,7,457,2026-05-20 21:54:39.160231,colony_deep,laser_damage,True
3_KPCWTform10min_740nm_3083mW_u1_poc0p25_20x0p75NA_535s50_g70_z1_256pix_basicFLIM_120f_0007.sdt,20260520_KPC_fixed_dishes_SLIM,20260520,form,KPCWT,3,7,535,2026-05-20 20:30:43.992021,colony_deep,,False
3_KPCWTform10min_740nm_3083mW_u1_poc0p6_20x0p75NA_535s50_g70_z1_256pix_basicFLIM_120f_0007.sdt,20260520_KPC_fixed_dishes_SLIM,20260520,form,KPCWT,3,7,535,2026-05-20 21:23:20.954098,colony_deep,,False
3_KPCWTform10min_740nm_3082mW_u1_poc0p25_20x0p75NA_457s50_g70_z1_256pix_basicFLIM_120f_0008.sdt,20260520_KPC_fixed_dishes_SLIM,20260520,form,KPCWT,3,8,457,2026-05-20 20:00:18.472419,colony_deep,,False
3_KPCWTform10min_740nm_3083mW_u1_poc0p6_20x0p75NA_457s50_g70_z1_256pix_basicFLIM_120f_0008.sdt,20260520_KPC_fixed_dishes_SLIM,20260520,form,KPCWT,3,8,457,2026-05-20 21:55:48.849009,colony_deep,,False
3_KPCWTform10min_740nm_3083mW_u1_poc0p25_20x0p75NA_535s50_g70_z1_256pix_basicFLIM_120f_0008.sdt,20260520_KPC_fixed_dishes_SLIM,20260520,form,KPCWT,3,8,535,2026-05-20 20:31:53.748400,colony_deep,,False
3_KPCWTform10min_740nm_3083mW_u1_poc0p6_20x0p75NA_535s50_g70_z1_256pix_basicFLIM_120f_0008.sdt,20260520_KPC_fixed_dishes_SLIM,20260520,form,KPCWT,3,8,535,2026-05-20 21:24:30.099569,colony_deep,,False
3_KPCWTform10min_740nm_3082mW_u1_poc0p25_20x0p75NA_457s50_g70_z1_256pix_basicFLIM_120f_0009.sdt,20260520_KPC_fixed_dishes_SLIM,20260520,form,KPCWT,3,9,457,2026-05-20 20:01:27.603728,colony_deep,,False
3_KPCWTform10min_740nm_3083mW_u1_poc0p6_20x0p75NA_457s50_g70_z1_256pix_basicFLIM_120f_0009.sdt,20260520_KPC_fixed_dishes_SLIM,20260520,form,KPCWT,3,9,457,2026-05-20 21:56:57.966288,colony_deep,,False
3_KPCWTform10min_740nm_3083mW_u1_poc0p25_20x0p75NA_535s50_g70_z1_256pix_basicFLIM_120f_0009.sdt,20260520_KPC_fixed_dishes_SLIM,20260520,form,KPCWT,3,9,535,2026-05-20 20:33:02.802714,colony_deep,,False
3_KPCWTform10min_740nm_3083mW_u1_poc0p6_20x0p75NA_535s50_g70_z1_256pix_basicFLIM_120f_0009.sdt,20260520_KPC_fixed_dishes_SLIM,20260520,form,KPCWT,3,9,535,2026-05-20 21:25:38.876121,colony_deep,,False
3_KPCWTform10min_740nm_3082mW_u1_poc0p25_20x0p75NA_457s50_g70_z1_256pix_basicFLIM_120f_0010.sdt,20260520_KPC_fixed_dishes_SLIM,20260520,form,KPCWT,3,10,457,2026-05-20 20:02:36.227455,colony_deep,,False
3_KPCWTform10min_740nm_3083mW_u1_poc0p6_20x0p75NA_457s50_g70_z1_256pix_basicFLIM_120f_0010.sdt,20260520_KPC_fixed_dishes_SLIM,20260520,form,KPCWT,3,10,457,2026-05-20 21:58:06.896379,colony_deep,,False
3_KPCWTform10min_740nm_3083mW_u1_poc0p25_20x0p75NA_535s50_g70_z1_256pix_basicFLIM_120f_0010.sdt,20260520_KPC_fixed_dishes_SLIM,20260520,form,KPCWT,3,10,535,2026-05-20 20:34:11.385713,colony_deep,,False
3_KPCWTform10min_740nm_3083mW_u1_poc0p6_20x0p75NA_535s50_g70_z1_256pix_basicFLIM_120f_0010.sdt,20260520_KPC_fixed_dishes_SLIM,20260520,form,KPCWT,3,10,535,2026-05-20 21:26:47.006130,no_cells,,False
3_KPCWTform10min_740nm_3082mW_u1_poc0p25_20x0p75NA_457s50_g70_z1_256pix_basicFLIM_120f_0011.sdt,20260520_KPC_fixed_dishes_SLIM,20260520,form,KPCWT,3,11,457,2026-05-20 20:03:44.363915,colony_deep,,False
3_KPCWTform10min_740nm_3083mW_u1_poc0p6_20x0p75NA_457s50_g70_z1_256pix_basicFLIM_120f_0011.sdt,20260520_KPC_fixed_dishes_SLIM,20260520,form,KPCWT,3,11,457,2026-05-20 21:59:15.138355,colony_deep,,False
3_KPCWTform10min_740nm_3083mW_u1_poc0p25_20x0p75NA_535s50_g70_z1_256pix_basicFLIM_120f_0011.sdt,20260520_KPC_fixed_dishes_SLIM,20260520,form,KPCWT,3,11,535,2026-05-20 20:35:19.523673,colony_deep,,False
3_KPCWTform10min_740nm_3083mW_u1_poc0p6_20x0p75NA_535s50_g70_z1_256pix_basicFLIM_120f_0011.sdt,20260520_KPC_fixed_dishes_SLIM,20260520,form,KPCWT,3,11,535,2026-05-20 21:34:20.340757,colony_deep,,False
3_KPCWTform10min_740nm_3082mW_u1_poc0p25_20x0p75NA_457s50_g70_z1_256pix_basicFLIM_120f_0012.sdt,20260520_KPC_fixed_dishes_SLIM,20260520,form,KPCWT,3,12,457,2026-05-20 20:04:54.076158,colony_edge,,False
3_KPCWTform10min_740nm_3083mW_u1_poc0p6_20x0p75NA_457s50_g70_z1_256pix_basicFLIM_120f_0012.sdt,20260520_KPC_fixed_dishes_SLIM,20260520,form,KPCWT,3,12,457,2026-05-20 22:00:24.802337,colony_edge,,False
3_KPCWTform10min_740nm_3083mW_u1_poc0p25_20x0p75NA_535s50_g70_z1_256pix_basicFLIM_120f_0012.sdt,20260520_KPC_fixed_dishes_SLIM,20260520,form,KPCWT,3,12,535,2026-05-20 20:36:29.148152,colony_edge,,False
3_KPCWTform10min_740nm_3083mW_u1_poc0p6_20x0p75NA_535s50_g70_z1_256pix_basicFLIM_120f_0012.sdt,20260520_KPC_fixed_dishes_SLIM,20260520,form,KPCWT,3,12,535,2026-05-20 21:35:30.033245,colony_edge,,False
3_KPCWTform10min_740nm_3082mW_u1_poc0p25_20x0p75NA_457s50_g70_z1_256pix_basicFLIM_120f_0013.sdt,20260520_KPC_fixed_dishes_SLIM,20260520,form,KPCWT,3,13,457,2026-05-20 20:06:03.471210,colony_edge,,False
3_KPCWTform10min_740nm_3083mW_u1_poc0p6_20x0p75NA_457s50_g70_z1_256pix_basicFLIM_120f_0013.sdt,20260520_KPC_fixed_dishes_SLIM,20260520,form,KPCWT,3,13,457,2026-05-20 22:01:33.839969,colony_edge,,False
3_KPCWTform10min_740nm_3083mW_u1_poc0p25_20x0p75NA_535s50_g70_z1_256pix_basicFLIM_120f_0013.sdt,20260520_KPC_fixed_dishes_SLIM,20260520,form,KPCWT,3,13,535,2026-05-20 20:37:38.043255,colony_edge,,False
3_KPCWTform10min_740nm_3083mW_u1_poc0p6_20x0p75NA_535s50_g70_z1_256pix_basicFLIM_120f_0013.sdt,20260520_KPC_fixed_dishes_SLIM,20260520,form,KPCWT,3,13,535,2026-05-20 21:36:39.010262,colony_edge,,False
3_KPCWTform10min_740nm_3082mW_u1_poc0p25_20x0p75NA_457s50_g70_z1_256pix_basicFLIM_120f_0014.sdt,20260520_KPC_fixed_dishes_SLIM,20260520,form,KPCWT,3,14,457,2026-05-20 20:07:11.882862,colony_edge,,False
3_KPCWTform10min_740nm_3083mW_u1_poc0p6_20x0p75NA_457s50_g70_z1_256pix_basicFLIM_120f_0014.sdt,20260520_KPC_fixed_dishes_SLIM,20260520,form,KPCWT,3,14,457,2026-05-20 22:02:42.394634,colony_edge,,False
3_KPCWTform10min_740nm_3083mW_u1_poc0p25_20x0p75NA_535s50_g70_z1_256pix_basicFLIM_120f_0014.sdt,20260520_KPC_fixed_dishes_SLIM,20260520,form,KPCWT,3,14,535,2026-05-20 20:38:46.713814,colony_edge,,False
3_KPCWTform10min_740nm_3083mW_u1_poc0p6_20x0p75NA_535s50_g70_z1_256pix_basicFLIM_120f_0014.sdt,20260520_KPC_fixed_dishes_SLIM,20260520,form,KPCWT,3,14,535,2026-05-20 21:38:23.619261,colony_edge,,False
3_KPCWTform10min_740nm_3082mW_u1_poc0p25_20x0p75NA_457s50_g70_z1_256pix_basicFLIM_120f_0015.sdt,20260520_KPC_fixed_dishes_SLIM,20260520,form,KPCWT,3,15,457,2026-05-20 20:08:20.382704,colony_edge,,False
3_KPCWTform10min_740nm_3083mW_u1_poc0p6_20x0p75NA_457s50_g70_z1_256pix_basicFLIM_120f_0015.sdt,20260520_KPC_fixed_dishes_SLIM,20260520,form,KPCWT,3,15,457,2026-05-20 22:03:51.172633,colony_edge,,False
3_KPCWTform10min_740nm_3083mW_u1_poc0p25_20x0p75NA_535s50_g70_z1_256pix_basicFLIM_120f_0015.sdt,20260520_KPC_fixed_dishes_SLIM,20260520,form,KPCWT,3,15,535,2026-05-20 20:39:55.378045,colony_edge,,False
3_KPCWTform10min_740nm_3083mW_u1_poc0p6_20x0p75NA_535s50_g70_z1_256pix_basicFLIM_120f_0015.sdt,20260520_KPC_fixed_dishes_SLIM,20260520,form,KPCWT,3,15,535,2026-05-20 21:39:32.235683,colony_edge,,False
3_KPCWTform10min_740nm_3082mW_u1_poc0p25_20x0p75NA_457s50_g70_z1_256pix_basicFLIM_120f_0016.sdt,20260520_KPC_fixed_dishes_SLIM,20260520,form,KPCWT,3,16,457,2026-05-20 20:09:29.901751,colony_edge,,False
3_KPCWTform10min_740nm_3083mW_u1_poc0p6_20x0p75NA_457s50_g70_z1_256pix_basicFLIM_120f_0016.sdt,20260520_KPC_fixed_dishes_SLIM,20260520,form,KPCWT,3,16,457,2026-05-20 22:05:00.719479,colony_edge,,False
3_KPCWTform10min_740nm_3083mW_u1_poc0p25_20x0p75NA_535s50_g70_z1_256pix_basicFLIM_120f_0016.sdt,20260520_KPC_fixed_dishes_SLIM,20260520,form,KPCWT,3,16,535,2026-05-20 20:41:05.101250,colony_edge,,False
3_KPCWTform10min_740nm_3083mW_u1_poc0p6_20x0p75NA_535s50_g70_z1_256pix_basicFLIM_120f_0016.sdt,20260520_KPC_fixed_dishes_SLIM,20260520,form,KPCWT,3,16,535,2026-05-20 21:40:41.869267,colony_edge,,False
4_BKOCO2form10min_740nm_3099mW_u1_poc0p25_20x0p75NA_457s50_g70_z1_256pix_basicFLIM_120f_0000.sdt,20260520_KPC_fixed_dishes_SLIM,20260520,form,BKO,4,0,457,2026-05-20 22:55:30.949788,colony_deep,,False
4_BKOCO2form10min_740nm_3099mW_u1_poc0p6_20x0p75NA_457s50_g70_z1_256pix_basicFLIM_120f_0000.sdt,20260520_KPC_fixed_dishes_SLIM,20260520,form,BKO,4,0,457,2026-05-20 23:57:50.083110,colony_deep,,False
4_BKOCO2form10min_740nm_3099mW_u1_poc0p25_20x0p75NA_535s50_g70_z1_256pix_basicFLIM_120f_0000.sdt,20260520_KPC_fixed_dishes_SLIM,20260520,form,BKO,4,0,535,2026-05-20 23:15:53.950812,colony_deep,,False
4_BKOCO2form10min_740nm_3099mW_u1_poc0p6_20x0p75NA_535s50_g70_z1_256pix_basicFLIM_120f_0000.sdt,20260520_KPC_fixed_dishes_SLIM,20260520,form,BKO,4,0,535,2026-05-20 23:36:55.854689,colony_deep,,False
4_BKOCO2form10min_740nm_3099mW_u1_poc0p25_20x0p75NA_457s50_g70_z1_256pix_basicFLIM_120f_0001.sdt,20260520_KPC_fixed_dishes_SLIM,20260520,form,BKO,4,1,457,2026-05-20 22:56:39.081938,colony_deep,,False
4_BKOCO2form10min_740nm_3099mW_u1_poc0p6_20x0p75NA_457s50_g70_z1_256pix_basicFLIM_120f_0001.sdt,20260520_KPC_fixed_dishes_SLIM,20260520,form,BKO,4,1,457,2026-05-20 23:58:58.506121,colony_deep,,False
4_BKOCO2form10min_740nm_3099mW_u1_poc0p25_20x0p75NA_535s50_g70_z1_256pix_basicFLIM_120f_0001.sdt,20260520_KPC_fixed_dishes_SLIM,20260520,form,BKO,4,1,535,2026-05-20 23:17:02.043380,colony_deep,,False
4_BKOCO2form10min_740nm_3099mW_u1_poc0p6_20x0p75NA_535s50_g70_z1_256pix_basicFLIM_120f_0001.sdt,20260520_KPC_fixed_dishes_SLIM,20260520,form,BKO,4,1,535,2026-05-20 23:38:04.140566,colony_deep,,False
4_BKOCO2form10min_740nm_3099mW_u1_poc0p25_20x0p75NA_457s50_g70_z1_256pix_basicFLIM_120f_0002.sdt,20260520_KPC_fixed_dishes_SLIM,20260520,form,BKO,4,2,457,2026-05-20 22:57:47.552793,colony_deep,,False
4_BKOCO2form10min_740nm_3099mW_u1_poc0p6_20x0p75NA_457s50_g70_z1_256pix_basicFLIM_120f_0002.sdt,20260520_KPC_fixed_dishes_SLIM,20260520,form,BKO,4,2,457,2026-05-21 00:00:07.065247,colony_deep,,False
4_BKOCO2form10min_740nm_3099mW_u1_poc0p25_20x0p75NA_535s50_g70_z1_256pix_basicFLIM_120f_0002.sdt,20260520_KPC_fixed_dishes_SLIM,20260520,form,BKO,4,2,535,2026-05-20 23:18:10.331510,colony_deep,,False
4_BKOCO2form10min_740nm_3099mW_u1_poc0p6_20x0p75NA_535s50_g70_z1_256pix_basicFLIM_120f_0002.sdt,20260520_KPC_fixed_dishes_SLIM,20260520,form,BKO,4,2,535,2026-05-20 23:39:12.807665,colony_deep,,False
4_BKOCO2form10min_740nm_3099mW_u1_poc0p25_20x0p75NA_457s50_g70_z1_256pix_basicFLIM_120f_0003.sdt,20260520_KPC_fixed_dishes_SLIM,20260520,form,BKO,4,3,457,2026-05-20 22:58:56.044629,colony_edge,,False
4_BKOCO2form10min_740nm_3099mW_u1_poc0p6_20x0p75NA_457s50_g70_z1_256pix_basicFLIM_120f_0003.sdt,20260520_KPC_fixed_dishes_SLIM,20260520,form,BKO,4,3,457,2026-05-21 00:01:15.713070,colony_deep,,False
4_BKOCO2form10min_740nm_3099mW_u1_poc0p25_20x0p75NA_535s50_g70_z1_256pix_basicFLIM_120f_0003.sdt,20260520_KPC_fixed_dishes_SLIM,20260520,form,BKO,4,3,535,2026-05-20 23:19:18.810071,colony_edge,,False
4_BKOCO2form10min_740nm_3099mW_u1_poc0p6_20x0p75NA_535s50_g70_z1_256pix_basicFLIM_120f_0003.sdt,20260520_KPC_fixed_dishes_SLIM,20260520,form,BKO,4,3,535,2026-05-20 23:40:21.332238,colony_deep,,False
4_BKOCO2form10min_740nm_3099mW_u1_poc0p25_20x0p75NA_457s50_g70_z1_256pix_basicFLIM_120f_0004.sdt,20260520_KPC_fixed_dishes_SLIM,20260520,form,BKO,4,4,457,2026-05-20 23:00:04.453988,colony_deep,,False
4_BKOCO2form10min_740nm_3099mW_u1_poc0p6_20x0p75NA_457s50_g70_z1_256pix_basicFLIM_120f_0004.sdt,20260520_KPC_fixed_dishes_SLIM,20260520,form,BKO,4,4,457,2026-05-21 00:02:24.209374,colony_deep,,False
4_BKOCO2form10min_740nm_3099mW_u1_poc0p25_20x0p75NA_535s50_g70_z1_256pix_basicFLIM_120f_0004.sdt,20260520_KPC_fixed_dishes_SLIM,20260520,form,BKO,4,4,535,2026-05-20 23:20:27.070508,colony_deep,,False
4_BKOCO2form10min_740nm_3099mW_u1_poc0p6_20x0p75NA_535s50_g70_z1_256pix_basicFLIM_120f_0004.sdt,20260520_KPC_fixed_dishes_SLIM,20260520,form,BKO,4,4,535,2026-05-20 23:41:29.870420,colony_deep,,False
4_BKOCO2form10min_740nm_3099mW_u1_poc0p25_20x0p75NA_457s50_g70_z1_256pix_basicFLIM_120f_0005.sdt,20260520_KPC_fixed_dishes_SLIM,20260520,form,BKO,4,5,457,2026-05-20 23:01:12.905654,colony_deep,,False
4_BKOCO2form10min_740nm_3099mW_u1_poc0p6_20x0p75NA_457s50_g70_z1_256pix_basicFLIM_120f_0005.sdt,20260520_KPC_fixed_dishes_SLIM,20260520,form,BKO,4,5,457,2026-05-21 00:03:32.781819,colony_deep,,False
4_BKOCO2form10min_740nm_3099mW_u1_poc0p25_20x0p75NA_535s50_g70_z1_256pix_basicFLIM_120f_0005.sdt,20260520_KPC_fixed_dishes_SLIM,20260520,form,BKO,4,5,535,2026-05-20 23:21:35.558295,colony_deep,,False
4_BKOCO2form10min_740nm_3099mW_u1_poc0p6_20x0p75NA_535s50_g70_z1_256pix_basicFLIM_120f_0005.sdt,20260520_KPC_fixed_dishes_SLIM,20260520,form,BKO,4,5,535,2026-05-20 23:42:38.397971,colony_deep,,False
4_BKOCO2form10min_740nm_3099mW_u1_poc0p25_20x0p75NA_457s50_g70_z1_256pix_basicFLIM_120f_0006.sdt,20260520_KPC_fixed_dishes_SLIM,20260520,form,BKO,4,6,457,2026-05-20 23:02:21.528862,colony_deep,,False
4_BKOCO2form10min_740nm_3099mW_u1_poc0p6_20x0p75NA_457s50_g70_z1_256pix_basicFLIM_120f_0006.sdt,20260520_KPC_fixed_dishes_SLIM,20260520,form,BKO,4,6,457,2026-05-21 00:04:41.319822,colony_deep,,False
4_BKOCO2form10min_740nm_3099mW_u1_poc0p25_20x0p75NA_535s50_g70_z1_256pix_basicFLIM_120f_0006.sdt,20260520_KPC_fixed_dishes_SLIM,20260520,form,BKO,4,6,535,2026-05-20 23:22:44.047400,colony_deep,,False
4_BKOCO2form10min_740nm_3099mW_u1_poc0p6_20x0p75NA_535s50_g70_z1_256pix_basicFLIM_120f_0006.sdt,20260520_KPC_fixed_dishes_SLIM,20260520,form,BKO,4,6,535,2026-05-20 23:43:46.989108,colony_deep,,False
4_BKOCO2form10min_740nm_3099mW_u1_poc0p25_20x0p75NA_457s50_g70_z1_256pix_basicFLIM_120f_0007.sdt,20260520_KPC_fixed_dishes_SLIM,20260520,form,BKO,4,7,457,2026-05-20 23:03:30.275650,colony_deep,,False
4_BKOCO2form10min_740nm_3099mW_u1_poc0p6_20x0p75NA_457s50_g70_z1_256pix_basicFLIM_120f_0007.sdt,20260520_KPC_fixed_dishes_SLIM,20260520,form,BKO,4,7,457,2026-05-21 00:05:50.237905,colony_deep,,False
4_BKOCO2form10min_740nm_3099mW_u1_poc0p25_20x0p75NA_535s50_g70_z1_256pix_basicFLIM_120f_0007.sdt,20260520_KPC_fixed_dishes_SLIM,20260520,form,BKO,4,7,535,2026-05-20 23:23:52.812964,colony_deep,,False
4_BKOCO2form10min_740nm_3099mW_u1_poc0p6_20x0p75NA_535s50_g70_z1_256pix_basicFLIM_120f_0007.sdt,20260520_KPC_fixed_dishes_SLIM,20260520,form,BKO,4,7,535,2026-05-20 23:44:55.919944,colony_deep,,False
4_BKOCO2form10min_740nm_3099mW_u1_poc0p25_20x0p75NA_457s50_g70_z1_256pix_basicFLIM_120f_0008.sdt,20260520_KPC_fixed_dishes_SLIM,20260520,form,BKO,4,8,457,2026-05-20 23:04:38.813772,colony_deep,,False
4_BKOCO2form10min_740nm_3099mW_u1_poc0p6_20x0p75NA_457s50_g70_z1_256pix_basicFLIM_120f_0008.sdt,20260520_KPC_fixed_dishes_SLIM,20260520,form,BKO,4,8,457,2026-05-21 00:06:59.040499,colony_deep,,False
4_BKOCO2form10min_740nm_3099mW_u1_poc0p25_20x0p75NA_535s50_g70_z1_256pix_basicFLIM_120f_0008.sdt,20260520_KPC_fixed_dishes_SLIM,20260520,form,BKO,4,8,535,2026-05-20 23:25:01.301858,colony_deep,,False
4_BKOCO2form10min_740nm_3099mW_u1_poc0p6_20x0p75NA_535s50_g70_z1_256pix_basicFLIM_120f_0008.sdt,20260520_KPC_fixed_dishes_SLIM,20260520,form,BKO,4,8,535,2026-05-20 23:46:04.585706,colony_deep,,False
4_BKOCO2form10min_740nm_3099mW_u1_poc0p25_20x0p75NA_457s50_g70_z1_256pix_basicFLIM_120f_0009.sdt,20260520_KPC_fixed_dishes_SLIM,20260520,form,BKO,4,9,457,2026-05-20 23:05:47.144453,colony_edge,,False
4_BKOCO2form10min_740nm_3099mW_u1_poc0p6_20x0p75NA_457s50_g70_z1_256pix_basicFLIM_120f_0009.sdt,20260520_KPC_fixed_dishes_SLIM,20260520,form,BKO,4,9,457,2026-05-21 00:08:07.472093,colony_edge,,False
4_BKOCO2form10min_740nm_3099mW_u1_poc0p25_20x0p75NA_535s50_g70_z1_256pix_basicFLIM_120f_0009.sdt,20260520_KPC_fixed_dishes_SLIM,20260520,form,BKO,4,9,535,2026-05-20 23:26:09.745081,colony_edge,,False
4_BKOCO2form10min_740nm_3099mW_u1_poc0p6_20x0p75NA_535s50_g70_z1_256pix_basicFLIM_120f_0009.sdt,20260520_KPC_fixed_dishes_SLIM,20260520,form,BKO,4,9,535,2026-05-20 23:47:13.114402,colony_edge,,False
4_BKOCO2form10min_740nm_3099mW_u1_poc0p25_20x0p75NA_457s50_g70_z1_256pix_basicFLIM_120f_0010.sdt,20260520_KPC_fixed_dishes_SLIM,20260520,form,BKO,4,10,457,2026-05-20 23:06:55.417205,colony_edge,,False
4_BKOCO2form10min_740nm_3099mW_u1_poc0p6_20x0p75NA_457s50_g70_z1_256pix_basicFLIM_120f_0010.sdt,20260520_KPC_fixed_dishes_SLIM,20260520,form,BKO,4,10,457,2026-05-21 00:09:16.097602,colony_edge,,False
4_BKOCO2form10min_740nm_3099mW_u1_poc0p25_20x0p75NA_535s50_g70_z1_256pix_basicFLIM_120f_0010.sdt,20260520_KPC_fixed_dishes_SLIM,20260520,form,BKO,4,10,535,2026-05-20 23:27:17.894184,colony_edge,,False
4_BKOCO2form10min_740nm_3099mW_u1_poc0p6_20x0p75NA_535s50_g70_z1_256pix_basicFLIM_120f_0010.sdt,20260520_KPC_fixed_dishes_SLIM,20260520,form,BKO,4,10,535,2026-05-20 23:48:21.395335,colony_edge,,False
4_BKOCO2form10min_740nm_3099mW_u1_poc0p25_20x0p75NA_457s50_g70_z1_256pix_basicFLIM_120f_0011.sdt,20260520_KPC_fixed_dishes_SLIM,20260520,form,BKO,4,11,457,2026-05-20 23:08:04.006537,colony_edge,,False
4_BKOCO2form10min_740nm_3099mW_u1_poc0p6_20x0p75NA_457s50_g70_z1_256pix_basicFLIM_120f_0011.sdt,20260520_KPC_fixed_dishes_SLIM,20260520,form,BKO,4,11,457,2026-05-21 00:10:25.038969,colony_edge,,False
4_BKOCO2form10min_740nm_3099mW_u1_poc0p25_20x0p75NA_535s50_g70_z1_256pix_basicFLIM_120f_0011.sdt,20260520_KPC_fixed_dishes_SLIM,20260520,form,BKO,4,11,535,2026-05-20 23:28:26.263532,colony_edge,,False
4_BKOCO2form10min_740nm_3099mW_u1_poc0p6_20x0p75NA_535s50_g70_z1_256pix_basicFLIM_120f_0011.sdt,20260520_KPC_fixed_dishes_SLIM,20260520,form,BKO,4,11,535,2026-05-20 23:49:30.021147,colony_edge,,False
4_BKOCO2form10min_740nm_3099mW_u1_poc0p25_20x0p75NA_457s50_g70_z1_256pix_basicFLIM_120f_0012.sdt,20260520_KPC_fixed_dishes_SLIM,20260520,form,BKO,4,12,457,2026-05-20 23:09:13.831201,colony_deep,,False
4_BKOCO2form10min_740nm_3099mW_u1_poc0p6_20x0p75NA_457s50_g70_z1_256pix_basicFLIM_120f_0012.sdt,20260520_KPC_fixed_dishes_SLIM,20260520,form,BKO,4,12,457,2026-05-21 00:11:35.267560,colony_deep,,False
4_BKOCO2form10min_740nm_3099mW_u1_poc0p25_20x0p75NA_535s50_g70_z1_256pix_basicFLIM_120f_0012.sdt,20260520_KPC_fixed_dishes_SLIM,20260520,form,BKO,4,12,535,2026-05-20 23:29:36.069793,colony_deep,,False
4_BKOCO2form10min_740nm_3099mW_u1_poc0p6_20x0p75NA_535s50_g70_z1_256pix_basicFLIM_120f_0012.sdt,20260520_KPC_fixed_dishes_SLIM,20260520,form,BKO,4,12,535,2026-05-20 23:50:39.994957,colony_deep,,False
4_BKOCO2form10min_740nm_3099mW_u1_poc0p25_20x0p75NA_457s50_g70_z1_256pix_basicFLIM_120f_0013.sdt,20260520_KPC_fixed_dishes_SLIM,20260520,form,BKO,4,13,457,2026-05-20 23:10:22.409244,colony_edge,,False
4_BKOCO2form10min_740nm_3099mW_u1_poc0p6_20x0p75NA_457s50_g70_z1_256pix_basicFLIM_120f_0013.sdt,20260520_KPC_fixed_dishes_SLIM,20260520,form,BKO,4,13,457,2026-05-21 00:12:44.080347,colony_edge,,False
4_BKOCO2form10min_740nm_3099mW_u1_poc0p25_20x0p75NA_535s50_g70_z1_256pix_basicFLIM_120f_0013.sdt,20260520_KPC_fixed_dishes_SLIM,20260520,form,BKO,4,13,535,2026-05-20 23:30:44.685684,colony_edge,,False
4_BKOCO2form10min_740nm_3099mW_u1_poc0p6_20x0p75NA_535s50_g70_z1_256pix_basicFLIM_120f_0013.sdt,20260520_KPC_fixed_dishes_SLIM,20260520,form,BKO,4,13,535,2026-05-20 23:51:48.650150,colony_edge,,False
4_BKOCO2form10min_740nm_3099mW_u1_poc0p25_20x0p75NA_457s50_g70_z1_256pix_basicFLIM_120f_0014.sdt,20260520_KPC_fixed_dishes_SLIM,20260520,form,BKO,4,14,457,2026-05-20 23:11:31.629870,colony_deep,,False
4_BKOCO2form10min_740nm_3099mW_u1_poc0p6_20x0p75NA_457s50_g70_z1_256pix_basicFLIM_120f_0014.sdt,20260520_KPC_fixed_dishes_SLIM,20260520,form,BKO,4,14,457,2026-05-21 00:13:53.674425,colony_deep,,False
4_BKOCO2form10min_740nm_3099mW_u1_poc0p25_20x0p75NA_535s50_g70_z1_256pix_basicFLIM_120f_0014.sdt,20260520_KPC_fixed_dishes_SLIM,20260520,form,BKO,4,14,535,2026-05-20 23:31:53.871690,colony_deep,,False
4_BKOCO2form10min_740nm_3099mW_u1_poc0p6_20x0p75NA_535s50_g70_z1_256pix_basicFLIM_120f_0014.sdt,20260520_KPC_fixed_dishes_SLIM,20260520,form,BKO,4,14,535,2026-05-20 23:52:57.982912,colony_deep,,False
4_BKOCO2form10min_740nm_3099mW_u1_poc0p25_20x0p75NA_457s50_g70_z1_256pix_basicFLIM_120f_0015.sdt,20260520_KPC_fixed_dishes_SLIM,20260520,form,BKO,4,15,457,2026-05-20 23:12:40.970220,colony_edge,,False
4_BKOCO2form10min_740nm_3099mW_u1_poc0p6_20x0p75NA_457s50_g70_z1_256pix_basicFLIM_120f_0015.sdt,20260520_KPC_fixed_dishes_SLIM,20260520,form,BKO,4,15,457,2026-05-21 00:15:03.464996,colony_edge,,False
4_BKOCO2form10min_740nm_3099mW_u1_poc0p25_20x0p75NA_535s50_g70_z1_256pix_basicFLIM_120f_0015.sdt,20260520_KPC_fixed_dishes_SLIM,20260520,form,BKO,4,15,535,2026-05-20 23:33:03.076495,colony_edge,,False
4_BKOCO2form10min_740nm_3099mW_u1_poc0p6_20x0p75NA_535s50_g70_z1_256pix_basicFLIM_120f_0015.sdt,20260520_KPC_fixed_dishes_SLIM,20260520,form,BKO,4,15,535,2026-05-20 23:54:07.708511,colony_edge,,False
4_BKOCO2form10min_740nm_3099mW_u1_poc0p25_20x0p75NA_457s50_g70_z1_256pix_basicFLIM_120f_0016.sdt,20260520_KPC_fixed_dishes_SLIM,20260520,form,BKO,4,16,457,2026-05-20 23:13:48.926741,colony_edge,,False
4_BKOCO2form10min_740nm_3099mW_u1_poc0p6_20x0p75NA_457s50_g70_z1_256pix_basicFLIM_120f_0016.sdt,20260520_KPC_fixed_dishes_SLIM,20260520,form,BKO,4,16,457,2026-05-21 00:16:11.845228,colony_edge,,False
4_BKOCO2form10min_740nm_3099mW_u1_poc0p25_20x0p75NA_535s50_g70_z1_256pix_basicFLIM_120f_0016.sdt,20260520_KPC_fixed_dishes_SLIM,20260520,form,BKO,4,16,535,2026-05-20 23:34:10.891985,colony_edge,,False
4_BKOCO2form10min_740nm_3099mW_u1_poc0p6_20x0p75NA_535s50_g70_z1_256pix_basicFLIM_120f_0016.sdt,20260520_KPC_fixed_dishes_SLIM,20260520,form,BKO,4,16,535,2026-05-20 23:55:15.700458,colony_edge,,False
3_BKOCO2live_740nm_3085mW_u1_poc0p15_20x0p75NA_457s50_g70_z1_256pix_basicFLIM_120f_0000.sdt,20260521_KPC_live_SLIM,20260521,live,BKO,3,0,457,2026-05-21 18:32:56.130212,colony_deep,,False
3_BKOCO2live_740nm_3085mW_u1_poc0p25_20x0p75NA_457s50_g70_z1_256pix_basicFLIM_120f_0000.sdt,20260521_KPC_live_SLIM,20260521,live,BKO,3,0,457,2026-05-21 18:36:50.092782,colony_deep,,False
3_BKOCO2live_posn11_to_13_740nm_3085mW_u1_poc0p25_20x0p75NA_457s50_g70_z1_256pix_basicFLIM_120f_0000.sdt,20260521_KPC_live_SLIM,20260521,live,BKO,3,0,457,2026-05-21 18:55:26.399117,colony_deep,,False
3_BKOCO2live_740nm_3085mW_u1_poc0p6_20x0p75NA_457s50_g70_z1_256pix_basicFLIM_120f_0000.sdt,20260521_KPC_live_SLIM,20260521,live,BKO,3,0,457,2026-05-21 19:49:11.705925,colony_deep,,False
3_BKOCO2live_740nm_3085mW_u1_poc0p25_20x0p75NA_535s50_g70_z1_256pix_basicFLIM_120f_0000.sdt,20260521_KPC_live_SLIM,20260521,live,BKO,3,0,535,2026-05-21 19:01:48.751688,colony_deep,,False
3_BKOCO2live_740nm_3085mW_u1_poc0p6_20x0p75NA_535s50_g70_z1_256pix_basicFLIM_120f_0000.sdt,20260521_KPC_live_SLIM,20260521,live,BKO,3,0,535,2026-05-21 19:19:49.348340,colony_deep,,False
3_BKOCO2live_740nm_3085mW_u1_poc0p15_20x0p75NA_457s50_g70_z1_256pix_basicFLIM_120f_0001.sdt,20260521_KPC_live_SLIM,20260521,live,BKO,3,1,457,2026-05-21 18:34:04.354782,colony_deep,,False
3_BKOCO2live_740nm_3085mW_u1_poc0p25_20x0p75NA_457s50_g70_z1_256pix_basicFLIM_120f_0001.sdt,20260521_KPC_live_SLIM,20260521,live,BKO,3,1,457,2026-05-21 18:37:58.291174,colony_deep,laser_damage,True
3_BKOCO2live_posn11_to_13_740nm_3085mW_u1_poc0p25_20x0p75NA_457s50_g70_z1_256pix_basicFLIM_120f_0001.sdt,20260521_KPC_live_SLIM,20260521,live,BKO,3,1,457,2026-05-21 18:56:35.076941,colony_deep,,False
3_BKOCO2live_740nm_3085mW_u1_poc0p6_20x0p75NA_457s50_g70_z1_256pix_basicFLIM_120f_0001.sdt,20260521_KPC_live_SLIM,20260521,live,BKO,3,1,457,2026-05-21 19:52:27.928426,colony_deep,,False
3_BKOCO2live_740nm_3085mW_u1_poc0p25_20x0p75NA_535s50_g70_z1_256pix_basicFLIM_120f_0001.sdt,20260521_KPC_live_SLIM,20260521,live,BKO,3,1,535,2026-05-21 19:02:57.057206,colony_deep,,False
3_BKOCO2live_740nm_3085mW_u1_poc0p6_20x0p75NA_535s50_g70_z1_256pix_basicFLIM_120f_0001.sdt,20260521_KPC_live_SLIM,20260521,live,BKO,3,1,535,2026-05-21 19:23:08.958972,colony_deep,,False
3_BKOCO2live_740nm_3085mW_u1_poc0p15_20x0p75NA_457s50_g70_z1_256pix_basicFLIM_120f_0002.sdt,20260521_KPC_live_SLIM,20260521,live,BKO,3,2,457,2026-05-21 18:34:19.882145,colony_deep,,False
3_BKOCO2live_740nm_3085mW_u1_poc0p25_20x0p75NA_457s50_g70_z1_256pix_basicFLIM_120f_0002.sdt,20260521_KPC_live_SLIM,20260521,live,BKO,3,2,457,2026-05-21 18:39:06.282384,colony_deep,,False
3_BKOCO2live_posn11_to_13_740nm_3085mW_u1_poc0p25_20x0p75NA_457s50_g70_z1_256pix_basicFLIM_120f_0002.sdt,20260521_KPC_live_SLIM,20260521,live,BKO,3,2,457,2026-05-21 18:57:43.699358,colony_deep,,False
3_BKOCO2live_740nm_3085mW_u1_poc0p6_20x0p75NA_457s50_g70_z1_256pix_basicFLIM_120f_0002.sdt,20260521_KPC_live_SLIM,20260521,live,BKO,3,2,457,2026-05-21 19:53:35.895527,colony_deep,laser_damage,True
3_BKOCO2live_740nm_3085mW_u1_poc0p25_20x0p75NA_535s50_g70_z1_256pix_basicFLIM_120f_0002.sdt,20260521_KPC_live_SLIM,20260521,live,BKO,3,2,535,2026-05-21 19:04:05.052146,colony_deep,,False
3_BKOCO2live_740nm_3085mW_u1_poc0p6_20x0p75NA_535s50_g70_z1_256pix_basicFLIM_120f_0002.sdt,20260521_KPC_live_SLIM,20260521,live,BKO,3,2,535,2026-05-21 19:25:21.292274,colony_deep,,False
3_BKOCO2live_740nm_3085mW_u1_poc0p25_20x0p75NA_457s50_g70_z1_256pix_basicFLIM_120f_0003.sdt,20260521_KPC_live_SLIM,20260521,live,BKO,3,3,457,2026-05-21 18:40:14.278150,colony_deep,,False
3_BKOCO2live_740nm_3085mW_u1_poc0p6_20x0p75NA_457s50_g70_z1_256pix_basicFLIM_120f_0003.sdt,20260521_KPC_live_SLIM,20260521,live,BKO,3,3,457,2026-05-21 19:54:43.956151,colony_deep,laser_damage,True
3_BKOCO2live_740nm_3085mW_u1_poc0p25_20x0p75NA_535s50_g70_z1_256pix_basicFLIM_120f_0003.sdt,20260521_KPC_live_SLIM,20260521,live,BKO,3,3,535,2026-05-21 19:05:12.936308,colony_deep,,False
3_BKOCO2live_740nm_3085mW_u1_poc0p6_20x0p75NA_535s50_g70_z1_256pix_basicFLIM_120f_0003.sdt,20260521_KPC_live_SLIM,20260521,live,BKO,3,3,535,2026-05-21 19:27:12.427404,colony_deep,,False
3_BKOCO2live_740nm_3085mW_u1_poc0p25_20x0p75NA_457s50_g70_z1_256pix_basicFLIM_120f_0004.sdt,20260521_KPC_live_SLIM,20260521,live,BKO,3,4,457,2026-05-21 18:41:22.874370,colony_deep,,False
3_BKOCO2live_740nm_3085mW_u1_poc0p6_20x0p75NA_457s50_g70_z1_256pix_basicFLIM_120f_0004.sdt,20260521_KPC_live_SLIM,20260521,live,BKO,3,4,457,2026-05-21 19:55:52.512486,colony_edge,laser_damage,True
3_BKOCO2live_740nm_3085mW_u1_poc0p25_20x0p75NA_535s50_g70_z1_256pix_basicFLIM_120f_0004.sdt,20260521_KPC_live_SLIM,20260521,live,BKO,3,4,535,2026-05-21 19:06:21.394311,colony_deep,,False
3_BKOCO2live_740nm_3085mW_u1_poc0p6_20x0p75NA_535s50_g70_z1_256pix_basicFLIM_120f_0004.sdt,20260521_KPC_live_SLIM,20260521,live,BKO,3,4,535,2026-05-21 19:30:25.435084,colony_deep,,False
3_BKOCO2live_740nm_3085mW_u1_poc0p25_20x0p75NA_457s50_g70_z1_256pix_basicFLIM_120f_0005.sdt,20260521_KPC_live_SLIM,20260521,live,BKO,3,5,457,2026-05-21 18:42:31.353573,colony_edge,,False
3_BKOCO2live_740nm_3085mW_u1_poc0p6_20x0p75NA_457s50_g70_z1_256pix_basicFLIM_120f_0005.sdt,20260521_KPC_live_SLIM,20260521,live,BKO,3,5,457,2026-05-21 19:57:01.087006,colony_edge,,False
3_BKOCO2live_740nm_3085mW_u1_poc0p25_20x0p75NA_535s50_g70_z1_256pix_basicFLIM_120f_0005.sdt,20260521_KPC_live_SLIM,20260521,live,BKO,3,5,535,2026-05-21 19:07:29.908981,colony_edge,,False
3_BKOCO2live_740nm_3085mW_u1_poc0p6_20x0p75NA_535s50_g70_z1_256pix_basicFLIM_120f_0005.sdt,20260521_KPC_live_SLIM,20260521,live,BKO,3,5,535,2026-05-21 19:31:34.022409,colony_edge,,False
3_BKOCO2live_740nm_3085mW_u1_poc0p25_20x0p75NA_457s50_g70_z1_256pix_basicFLIM_120f_0006.sdt,20260521_KPC_live_SLIM,20260521,live,BKO,3,6,457,2026-05-21 18:43:39.965108,colony_deep,,False
3_BKOCO2live_740nm_3085mW_u1_poc0p6_20x0p75NA_457s50_g70_z1_256pix_basicFLIM_120f_0006.sdt,20260521_KPC_live_SLIM,20260521,live,BKO,3,6,457,2026-05-21 19:58:09.807729,colony_deep,laser_damage,True
3_BKOCO2live_740nm_3085mW_u1_poc0p25_20x0p75NA_535s50_g70_z1_256pix_basicFLIM_120f_0006.sdt,20260521_KPC_live_SLIM,20260521,live,BKO,3,6,535,2026-05-21 19:08:38.355284,colony_deep,,False
3_BKOCO2live_740nm_3085mW_u1_poc0p6_20x0p75NA_535s50_g70_z1_256pix_basicFLIM_120f_0006.sdt,20260521_KPC_live_SLIM,20260521,live,BKO,3,6,535,2026-05-21 19:32:42.635977,colony_deep,,False
3_BKOCO2live_740nm_3085mW_u1_poc0p25_20x0p75NA_457s50_g70_z1_256pix_basicFLIM_120f_0007.sdt,20260521_KPC_live_SLIM,20260521,live,BKO,3,7,457,2026-05-21 18:44:48.863626,colony_deep,,False
3_BKOCO2live_740nm_3085mW_u1_poc0p6_20x0p75NA_457s50_g70_z1_256pix_basicFLIM_120f_0007.sdt,20260521_KPC_live_SLIM,20260521,live,BKO,3,7,457,2026-05-21 19:59:18.715786,colony_edge,laser_damage,True
3_BKOCO2live_740nm_3085mW_u1_poc0p25_20x0p75NA_535s50_g70_z1_256pix_basicFLIM_120f_0007.sdt,20260521_KPC_live_SLIM,20260521,live,BKO,3,7,535,2026-05-21 19:09:47.128831,colony_deep,,False
3_BKOCO2live_740nm_3085mW_u1_poc0p6_20x0p75NA_535s50_g70_z1_256pix_basicFLIM_120f_0007.sdt,20260521_KPC_live_SLIM,20260521,live,BKO,3,7,535,2026-05-21 19:34:39.774430,colony_deep,,False
3_BKOCO2live_740nm_3085mW_u1_poc0p25_20x0p75NA_457s50_g70_z1_256pix_basicFLIM_120f_0008.sdt,20260521_KPC_live_SLIM,20260521,live,BKO,3,8,457,2026-05-21 18:45:57.153421,colony_deep,,False
3_BKOCO2live_740nm_3085mW_u1_poc0p6_20x0p75NA_457s50_g70_z1_256pix_basicFLIM_120f_0008.sdt,20260521_KPC_live_SLIM,20260521,live,BKO,3,8,457,2026-05-21 20:00:27.087085,colony_edge,laser_damage,True
3_BKOCO2live_740nm_3085mW_u1_poc0p25_20x0p75NA_535s50_g70_z1_256pix_basicFLIM_120f_0008.sdt,20260521_KPC_live_SLIM,20260521,live,BKO,3,8,535,2026-05-21 19:10:55.412264,colony_deep,,False
3_BKOCO2live_740nm_3085mW_u1_poc0p6_20x0p75NA_535s50_g70_z1_256pix_basicFLIM_120f_0008.sdt,20260521_KPC_live_SLIM,20260521,live,BKO,3,8,535,2026-05-21 19:36:17.688902,colony_deep,,False
3_BKOCO2live_740nm_3085mW_u1_poc0p25_20x0p75NA_457s50_g70_z1_256pix_basicFLIM_120f_0009.sdt,20260521_KPC_live_SLIM,20260521,live,BKO,3,9,457,2026-05-21 18:47:05.740690,colony_edge,,False
3_BKOCO2live_740nm_3085mW_u1_poc0p6_20x0p75NA_457s50_g70_z1_256pix_basicFLIM_120f_0009.sdt,20260521_KPC_live_SLIM,20260521,live,BKO,3,9,457,2026-05-21 20:01:35.862242,colony_edge,laser_damage,True
3_BKOCO2live_740nm_3085mW_u1_poc0p25_20x0p75NA_535s50_g70_z1_256pix_basicFLIM_120f_0009.sdt,20260521_KPC_live_SLIM,20260521,live,BKO,3,9,535,2026-05-21 19:12:03.979749,colony_edge,,False
3_BKOCO2live_740nm_3085mW_u1_poc0p6_20x0p75NA_535s50_g70_z1_256pix_basicFLIM_120f_0009.sdt,20260521_KPC_live_SLIM,20260521,live,BKO,3,9,535,2026-05-21 19:37:26.249725,colony_edge,,False
3_BKOCO2live_740nm_3085mW_u1_poc0p25_20x0p75NA_457s50_g70_z1_256pix_basicFLIM_120f_0010.sdt,20260521_KPC_live_SLIM,20260521,live,BKO,3,10,457,2026-05-21 18:48:13.729596,colony_edge,,False
3_BKOCO2live_740nm_3085mW_u1_poc0p6_20x0p75NA_457s50_g70_z1_256pix_basicFLIM_120f_0010.sdt,20260521_KPC_live_SLIM,20260521,live,BKO,3,10,457,2026-05-21 20:02:44.057011,colony_edge,,False
3_BKOCO2live_740nm_3085mW_u1_poc0p25_20x0p75NA_535s50_g70_z1_256pix_basicFLIM_120f_0010.sdt,20260521_KPC_live_SLIM,20260521,live,BKO,3,10,535,2026-05-21 19:13:11.985074,colony_edge,,False
3_BKOCO2live_740nm_3085mW_u1_poc0p6_20x0p75NA_535s50_g70_z1_256pix_basicFLIM_120f_0010.sdt,20260521_KPC_live_SLIM,20260521,live,BKO,3,10,535,2026-05-21 19:39:26.226049,colony_edge,,False
3_BKOCO2live_740nm_3085mW_u1_poc0p25_20x0p75NA_457s50_g70_z1_256pix_basicFLIM_120f_0011.sdt,20260521_KPC_live_SLIM,20260521,live,BKO,3,11,457,2026-05-21 18:49:22.739539,colony_edge,,False
3_BKOCO2live_740nm_3085mW_u1_poc0p6_20x0p75NA_457s50_g70_z1_256pix_basicFLIM_120f_0011.sdt,20260521_KPC_live_SLIM,20260521,live,BKO,3,11,457,2026-05-21 20:03:53.081684,colony_edge,laser_damage,True
3_BKOCO2live_740nm_3085mW_u1_poc0p25_20x0p75NA_535s50_g70_z1_256pix_basicFLIM_120f_0011.sdt,20260521_KPC_live_SLIM,20260521,live,BKO,3,11,535,2026-05-21 19:14:21.137833,colony_edge,,False
3_BKOCO2live_740nm_3085mW_u1_poc0p6_20x0p75NA_535s50_g70_z1_256pix_basicFLIM_120f_0011.sdt,20260521_KPC_live_SLIM,20260521,live,BKO,3,11,535,2026-05-21 19:40:35.082521,colony_edge,,False
3_BKOCO2live_740nm_3085mW_u1_poc0p25_20x0p75NA_457s50_g70_z1_256pix_basicFLIM_120f_0012.sdt,20260521_KPC_live_SLIM,20260521,live,BKO,3,12,457,2026-05-21 18:50:31.387151,colony_edge,,False
3_BKOCO2live_740nm_3085mW_u1_poc0p6_20x0p75NA_457s50_g70_z1_256pix_basicFLIM_120f_0012.sdt,20260521_KPC_live_SLIM,20260521,live,BKO,3,12,457,2026-05-21 20:05:01.906865,colony_edge,laser_damage,True
3_BKOCO2live_740nm_3085mW_u1_poc0p25_20x0p75NA_535s50_g70_z1_256pix_basicFLIM_120f_0012.sdt,20260521_KPC_live_SLIM,20260521,live,BKO,3,12,535,2026-05-21 19:15:29.867617,colony_edge,,False
3_BKOCO2live_740nm_3085mW_u1_poc0p6_20x0p75NA_535s50_g70_z1_256pix_basicFLIM_120f_0012.sdt,20260521_KPC_live_SLIM,20260521,live,BKO,3,12,535,2026-05-21 19:42:16.968938,colony_edge,,False
3_BKOCO2live_740nm_3085mW_u1_poc0p25_20x0p75NA_457s50_g70_z1_256pix_basicFLIM_120f_0013.sdt,20260521_KPC_live_SLIM,20260521,live,BKO,3,13,457,2026-05-21 18:51:39.956722,colony_edge,,False
3_BKOCO2live_740nm_3085mW_u1_poc0p6_20x0p75NA_457s50_g70_z1_256pix_basicFLIM_120f_0013.sdt,20260521_KPC_live_SLIM,20260521,live,BKO,3,13,457,2026-05-21 20:07:39.351635,colony_edge,laser_damage,True
3_BKOCO2live_740nm_3085mW_u1_poc0p25_20x0p75NA_535s50_g70_z1_256pix_basicFLIM_120f_0013.sdt,20260521_KPC_live_SLIM,20260521,live,BKO,3,13,535,2026-05-21 19:16:38.372602,colony_edge,,False
3_BKOCO2live_740nm_3085mW_u1_poc0p6_20x0p75NA_535s50_g70_z1_256pix_basicFLIM_120f_0013.sdt,20260521_KPC_live_SLIM,20260521,live,BKO,3,13,535,2026-05-21 19:44:22.255858,colony_edge,,False
3_BKOCO2live_740nm_3085mW_u1_poc0p25_20x0p75NA_457s50_g70_z1_256pix_basicFLIM_120f_0014.sdt,20260521_KPC_live_SLIM,20260521,live,BKO,3,14,457,2026-05-21 18:52:48.487317,colony_edge,,False
3_BKOCO2live_740nm_3085mW_u1_poc0p6_20x0p75NA_457s50_g70_z1_256pix_basicFLIM_120f_0014.sdt,20260521_KPC_live_SLIM,20260521,live,BKO,3,14,457,2026-05-21 20:08:47.994497,colony_edge,laser_damage,True
3_BKOCO2live_740nm_3085mW_u1_poc0p25_20x0p75NA_535s50_g70_z1_256pix_basicFLIM_120f_0014.sdt,20260521_KPC_live_SLIM,20260521,live,BKO,3,14,535,2026-05-21 19:17:46.923370,colony_edge,,False
3_BKOCO2live_740nm_3085mW_u1_poc0p6_20x0p75NA_535s50_g70_z1_256pix_basicFLIM_120f_0014.sdt,20260521_KPC_live_SLIM,20260521,live,BKO,3,14,535,2026-05-21 19:45:51.239488,colony_edge,,False
4_BKOCO2live_740nm_3085mW_u1_poc0p5_20x0p75NA_457s50_g70_z1_256pix_basicFLIM_120f_0000.sdt,20260521_KPC_live_SLIM,20260521,live,BKO,4,0,457,2026-05-21 20:23:04.699478,colony_deep,,False
4_BKOCO2live_740nm_3085mW_u1_poc0p5_20x0p75NA_535s50_g70_z1_256pix_basicFLIM_120f_0000.sdt,20260521_KPC_live_SLIM,20260521,live,BKO,4,0,535,2026-05-21 20:41:29.080055,colony_deep,,False
4_BKOCO2live_posn1_740nm_3085mW_u1_poc0p5_20x0p75NA_535s50_g70_z1_256pix_basicFLIM_120f_0000.sdt,20260521_KPC_live_SLIM,20260521,live,BKO,4,0,535,2026-05-21 20:58:10.368038,colony_deep,,False
4_BKOCO2live_740nm_3085mW_u1_poc0p5_20x0p75NA_457s50_g70_z1_256pix_basicFLIM_120f_0001.sdt,20260521_KPC_live_SLIM,20260521,live,BKO,4,1,457,2026-05-21 20:24:12.843199,colony_deep,,False
4_BKOCO2live_740nm_3085mW_u1_poc0p5_20x0p75NA_535s50_g70_z1_256pix_basicFLIM_120f_0001.sdt,20260521_KPC_live_SLIM,20260521,live,BKO,4,1,535,2026-05-21 20:42:37.051439,colony_deep,,False
4_BKOCO2live_740nm_3085mW_u1_poc0p5_20x0p75NA_457s50_g70_z1_256pix_basicFLIM_120f_0002.sdt,20260521_KPC_live_SLIM,20260521,live,BKO,4,2,457,2026-05-21 20:25:21.110433,colony_deep,,False
4_BKOCO2live_740nm_3085mW_u1_poc0p5_20x0p75NA_535s50_g70_z1_256pix_basicFLIM_120f_0002.sdt,20260521_KPC_live_SLIM,20260521,live,BKO,4,2,535,2026-05-21 20:43:45.269202,colony_deep,,False
4_BKOCO2live_740nm_3085mW_u1_poc0p5_20x0p75NA_457s50_g70_z1_256pix_basicFLIM_120f_0003.sdt,20260521_KPC_live_SLIM,20260521,live,BKO,4,3,457,2026-05-21 20:26:28.994264,colony_deep,,False
4_BKOCO2live_740nm_3085mW_u1_poc0p5_20x0p75NA_535s50_g70_z1_256pix_basicFLIM_120f_0003.sdt,20260521_KPC_live_SLIM,20260521,live,BKO,4,3,535,2026-05-21 20:44:53.186681,colony_deep,,False
4_BKOCO2live_740nm_3085mW_u1_poc0p5_20x0p75NA_457s50_g70_z1_256pix_basicFLIM_120f_0004.sdt,20260521_KPC_live_SLIM,20260521,live,BKO,4,4,457,2026-05-21 20:27:37.130983,colony_deep,,False
4_BKOCO2live_740nm_3085mW_u1_poc0p5_20x0p75NA_535s50_g70_z1_256pix_basicFLIM_120f_0004.sdt,20260521_KPC_live_SLIM,20260521,live,BKO,4,4,535,2026-05-21 20:46:01.483491,colony_deep,,False
4_BKOCO2live_740nm_3085mW_u1_poc0p5_20x0p75NA_457s50_g70_z1_256pix_basicFLIM_120f_0005.sdt,20260521_KPC_live_SLIM,20260521,live,BKO,4,5,457,2026-05-21 20:30:43.220076,colony_deep,,False
4_BKOCO2live_740nm_3085mW_u1_poc0p5_20x0p75NA_535s50_g70_z1_256pix_basicFLIM_120f_0005.sdt,20260521_KPC_live_SLIM,20260521,live,BKO,4,5,535,2026-05-21 20:47:10.232490,no_cells,,False
4_BKOCO2live_740nm_3085mW_u1_poc0p5_20x0p75NA_457s50_g70_z1_256pix_basicFLIM_120f_0006.sdt,20260521_KPC_live_SLIM,20260521,live,BKO,4,6,457,2026-05-21 20:31:51.877289,colony_deep,,False
4_BKOCO2live_740nm_3085mW_u1_poc0p5_20x0p75NA_535s50_g70_z1_256pix_basicFLIM_120f_0006.sdt,20260521_KPC_live_SLIM,20260521,live,BKO,4,6,535,2026-05-21 20:48:18.823380,colony_deep,laser_damage,True
4_BKOCO2live_740nm_3085mW_u1_poc0p5_20x0p75NA_457s50_g70_z1_256pix_basicFLIM_120f_0007.sdt,20260521_KPC_live_SLIM,20260521,live,BKO,4,7,457,2026-05-21 20:33:01.309817,colony_deep,,False
4_BKOCO2live_740nm_3085mW_u1_poc0p5_20x0p75NA_535s50_g70_z1_256pix_basicFLIM_120f_0007.sdt,20260521_KPC_live_SLIM,20260521,live,BKO,4,7,535,2026-05-21 20:49:26.938535,colony_deep,laser_damage,True
4_BKOCO2live_740nm_3085mW_u1_poc0p5_20x0p75NA_457s50_g70_z1_256pix_basicFLIM_120f_0008.sdt,20260521_KPC_live_SLIM,20260521,live,BKO,4,8,457,2026-05-21 20:34:10.734617,colony_edge,,False
4_BKOCO2live_740nm_3085mW_u1_poc0p5_20x0p75NA_535s50_g70_z1_256pix_basicFLIM_120f_0008.sdt,20260521_KPC_live_SLIM,20260521,live,BKO,4,8,535,2026-05-21 20:50:36.285919,colony_edge,laser_damage,True
4_BKOCO2live_740nm_3085mW_u1_poc0p5_20x0p75NA_457s50_g70_z1_256pix_basicFLIM_120f_0009.sdt,20260521_KPC_live_SLIM,20260521,live,BKO,4,9,457,2026-05-21 20:35:19.584137,colony_edge,,False
4_BKOCO2live_740nm_3085mW_u1_poc0p5_20x0p75NA_535s50_g70_z1_256pix_basicFLIM_120f_0009.sdt,20260521_KPC_live_SLIM,20260521,live,BKO,4,9,535,2026-05-21 20:51:45.111903,colony_edge,laser_damage,True
4_BKOCO2live_740nm_3085mW_u1_poc0p5_20x0p75NA_457s50_g70_z1_256pix_basicFLIM_120f_0010.sdt,20260521_KPC_live_SLIM,20260521,live,BKO,4,10,457,2026-05-21 20:36:27.862402,colony_edge,,False
4_BKOCO2live_740nm_3085mW_u1_poc0p5_20x0p75NA_535s50_g70_z1_256pix_basicFLIM_120f_0010.sdt,20260521_KPC_live_SLIM,20260521,live,BKO,4,10,535,2026-05-21 20:52:53.394634,colony_edge,laser_damage,True
4_BKOCO2live_740nm_3085mW_u1_poc0p5_20x0p75NA_457s50_g70_z1_256pix_basicFLIM_120f_0011.sdt,20260521_KPC_live_SLIM,20260521,live,BKO,4,11,457,2026-05-21 20:37:36.152209,colony_edge,,False
4_BKOCO2live_740nm_3085mW_u1_poc0p5_20x0p75NA_535s50_g70_z1_256pix_basicFLIM_120f_0011.sdt,20260521_KPC_live_SLIM,20260521,live,BKO,4,11,535,2026-05-21 20:54:01.764813,colony_edge,laser_damage,True
3_KPCWTglu20min_740nm_3057mW_u1_poc0p25_20x0p75NA_457s50_g70_z1_256pix_basicFLIM_120f_0000.sdt,20260522_KPC_fixed_dishes_SLIM,20260522,glu,KPCWT,3,0,457,2026-05-22 15:12:26.767975,colony_deep,,False
3_KPCWTglu20min_740nm_3057mW_u1_poc0p25_20x0p75NA_535s50_g70_z1_256pix_basicFLIM_120f_0000.sdt,20260522_KPC_fixed_dishes_SLIM,20260522,glu,KPCWT,3,0,535,2026-05-22 15:30:35.501892,colony_deep,,False
3_KPCWTglu20min_740nm_3057mW_u1_poc0p25_20x0p75NA_457s50_g70_z1_256pix_basicFLIM_120f_0001.sdt,20260522_KPC_fixed_dishes_SLIM,20260522,glu,KPCWT,3,1,457,2026-05-22 15:13:36.015080,colony_deep,,False
3_KPCWTglu20min_740nm_3057mW_u1_poc0p25_20x0p75NA_535s50_g70_z1_256pix_basicFLIM_120f_0001.sdt,20260522_KPC_fixed_dishes_SLIM,20260522,glu,KPCWT,3,1,535,2026-05-22 15:31:44.648797,colony_deep,,False
3_KPCWTglu20min_740nm_3057mW_u1_poc0p25_20x0p75NA_457s50_g70_z1_256pix_basicFLIM_120f_0002.sdt,20260522_KPC_fixed_dishes_SLIM,20260522,glu,KPCWT,3,2,457,2026-05-22 15:14:45.067780,colony_deep,,False
3_KPCWTglu20min_740nm_3057mW_u1_poc0p25_20x0p75NA_535s50_g70_z1_256pix_basicFLIM_120f_0002.sdt,20260522_KPC_fixed_dishes_SLIM,20260522,glu,KPCWT,3,2,535,2026-05-22 15:32:53.558119,colony_deep,,False
3_KPCWTglu20min_740nm_3057mW_u1_poc0p25_20x0p75NA_457s50_g70_z1_256pix_basicFLIM_120f_0003.sdt,20260522_KPC_fixed_dishes_SLIM,20260522,glu,KPCWT,3,3,457,2026-05-22 15:15:54.142676,colony_deep,,False
3_KPCWTglu20min_740nm_3057mW_u1_poc0p25_20x0p75NA_535s50_g70_z1_256pix_basicFLIM_120f_0003.sdt,20260522_KPC_fixed_dishes_SLIM,20260522,glu,KPCWT,3,3,535,2026-05-22 15:34:02.601806,colony_deep,,False
3_KPCWTglu20min_740nm_3057mW_u1_poc0p25_20x0p75NA_457s50_g70_z1_256pix_basicFLIM_120f_0004.sdt,20260522_KPC_fixed_dishes_SLIM,20260522,glu,KPCWT,3,4,457,2026-05-22 15:17:03.286191,colony_deep,,False
3_KPCWTglu20min_740nm_3057mW_u1_poc0p25_20x0p75NA_535s50_g70_z1_256pix_basicFLIM_120f_0004.sdt,20260522_KPC_fixed_dishes_SLIM,20260522,glu,KPCWT,3,4,535,2026-05-22 15:35:11.619722,colony_deep,,False
3_KPCWTglu20min_740nm_3057mW_u1_poc0p25_20x0p75NA_457s50_g70_z1_256pix_basicFLIM_120f_0005.sdt,20260522_KPC_fixed_dishes_SLIM,20260522,glu,KPCWT,3,5,457,2026-05-22 15:18:12.828340,colony_deep,,False
3_KPCWTglu20min_740nm_3057mW_u1_poc0p25_20x0p75NA_535s50_g70_z1_256pix_basicFLIM_120f_0005.sdt,20260522_KPC_fixed_dishes_SLIM,20260522,glu,KPCWT,3,5,535,2026-05-22 15:36:21.038221,colony_deep,,False
3_KPCWTglu20min_740nm_3057mW_u1_poc0p25_20x0p75NA_457s50_g70_z1_256pix_basicFLIM_120f_0006.sdt,20260522_KPC_fixed_dishes_SLIM,20260522,glu,KPCWT,3,6,457,2026-05-22 15:19:22.076582,colony_deep,,False
3_KPCWTglu20min_740nm_3057mW_u1_poc0p25_20x0p75NA_535s50_g70_z1_256pix_basicFLIM_120f_0006.sdt,20260522_KPC_fixed_dishes_SLIM,20260522,glu,KPCWT,3,6,535,2026-05-22 15:37:30.199995,colony_deep,,False
3_KPCWTglu20min_740nm_3057mW_u1_poc0p25_20x0p75NA_457s50_g70_z1_256pix_basicFLIM_120f_0007.sdt,20260522_KPC_fixed_dishes_SLIM,20260522,glu,KPCWT,3,7,457,2026-05-22 15:20:30.405339,colony_deep,,False
3_KPCWTglu20min_740nm_3057mW_u1_poc0p25_20x0p75NA_535s50_g70_z1_256pix_basicFLIM_120f_0007.sdt,20260522_KPC_fixed_dishes_SLIM,20260522,glu,KPCWT,3,7,535,2026-05-22 15:38:38.532679,colony_deep,,False
3_KPCWTglu20min_740nm_3057mW_u1_poc0p25_20x0p75NA_457s50_g70_z1_256pix_basicFLIM_120f_0008.sdt,20260522_KPC_fixed_dishes_SLIM,20260522,glu,KPCWT,3,8,457,2026-05-22 15:21:39.137209,colony_deep,,False
3_KPCWTglu20min_740nm_3057mW_u1_poc0p25_20x0p75NA_535s50_g70_z1_256pix_basicFLIM_120f_0008.sdt,20260522_KPC_fixed_dishes_SLIM,20260522,glu,KPCWT,3,8,535,2026-05-22 15:39:47.424508,colony_deep,,False
3_KPCWTglu20min_740nm_3057mW_u1_poc0p25_20x0p75NA_457s50_g70_z1_256pix_basicFLIM_120f_0009.sdt,20260522_KPC_fixed_dishes_SLIM,20260522,glu,KPCWT,3,9,457,2026-05-22 15:22:48.189129,colony_deep,,False
3_KPCWTglu20min_740nm_3057mW_u1_poc0p25_20x0p75NA_535s50_g70_z1_256pix_basicFLIM_120f_0009.sdt,20260522_KPC_fixed_dishes_SLIM,20260522,glu,KPCWT,3,9,535,2026-05-22 15:40:56.563073,colony_deep,,False
3_KPCWTglu20min_740nm_3057mW_u1_poc0p25_20x0p75NA_457s50_g70_z1_256pix_basicFLIM_120f_0010.sdt,20260522_KPC_fixed_dishes_SLIM,20260522,glu,KPCWT,3,10,457,2026-05-22 15:23:56.576950,colony_edge,,False
3_KPCWTglu20min_740nm_3057mW_u1_poc0p25_20x0p75NA_535s50_g70_z1_256pix_basicFLIM_120f_0010.sdt,20260522_KPC_fixed_dishes_SLIM,20260522,glu,KPCWT,3,10,535,2026-05-22 15:42:05.115118,colony_edge,,False
3_KPCWTglu20min_740nm_3057mW_u1_poc0p25_20x0p75NA_457s50_g70_z1_256pix_basicFLIM_120f_0011.sdt,20260522_KPC_fixed_dishes_SLIM,20260522,glu,KPCWT,3,11,457,2026-05-22 15:25:04.692097,colony_edge,,False
3_KPCWTglu20min_740nm_3057mW_u1_poc0p25_20x0p75NA_535s50_g70_z1_256pix_basicFLIM_120f_0011.sdt,20260522_KPC_fixed_dishes_SLIM,20260522,glu,KPCWT,3,11,535,2026-05-22 15:43:13.653683,colony_edge,,False
3_KPCWTglu20min_740nm_3057mW_u1_poc0p25_20x0p75NA_457s50_g70_z1_256pix_basicFLIM_120f_0012.sdt,20260522_KPC_fixed_dishes_SLIM,20260522,glu,KPCWT,3,12,457,2026-05-22 15:26:13.651693,colony_edge,,False
3_KPCWTglu20min_740nm_3057mW_u1_poc0p25_20x0p75NA_535s50_g70_z1_256pix_basicFLIM_120f_0012.sdt,20260522_KPC_fixed_dishes_SLIM,20260522,glu,KPCWT,3,12,535,2026-05-22 15:44:23.023510,colony_edge,,False
3_KPCWTglu20min_740nm_3057mW_u1_poc0p25_20x0p75NA_457s50_g70_z1_256pix_basicFLIM_120f_0013.sdt,20260522_KPC_fixed_dishes_SLIM,20260522,glu,KPCWT,3,13,457,2026-05-22 15:27:23.761592,colony_edge,,False
3_KPCWTglu20min_740nm_3057mW_u1_poc0p25_20x0p75NA_535s50_g70_z1_256pix_basicFLIM_120f_0013.sdt,20260522_KPC_fixed_dishes_SLIM,20260522,glu,KPCWT,3,13,535,2026-05-22 15:45:33.505617,colony_edge,,False
3_KPCWTglu20min_740nm_3057mW_u1_poc0p25_20x0p75NA_457s50_g70_z1_256pix_basicFLIM_120f_0014.sdt,20260522_KPC_fixed_dishes_SLIM,20260522,glu,KPCWT,3,14,457,2026-05-22 15:28:32.443810,colony_edge,,False
3_KPCWTglu20min_740nm_3057mW_u1_poc0p25_20x0p75NA_535s50_g70_z1_256pix_basicFLIM_120f_0014.sdt,20260522_KPC_fixed_dishes_SLIM,20260522,glu,KPCWT,3,14,535,2026-05-22 15:46:42.513739,colony_edge,,False
4_BKOCO2glu20min_740nm_3053mW_u1_poc0p25_20x0p75NA_457s50_g70_z1_256pix_basicFLIM_120f_0000.sdt,20260522_KPC_fixed_dishes_SLIM,20260522,glu,BKO,4,0,457,2026-05-22 16:06:19.788849,colony_deep,,False
4_BKOCO2glu20min_740nm_3053mW_u1_poc0p25_20x0p75NA_535s50_g70_z1_256pix_basicFLIM_120f_0000.sdt,20260522_KPC_fixed_dishes_SLIM,20260522,glu,BKO,4,0,535,2026-05-22 16:22:14.601774,colony_deep,,False
4_BKOCO2glu20min_740nm_3053mW_u1_poc0p25_20x0p75NA_457s50_g70_z1_256pix_basicFLIM_120f_0001.sdt,20260522_KPC_fixed_dishes_SLIM,20260522,glu,BKO,4,1,457,2026-05-22 16:07:28.295093,colony_deep,,False
4_BKOCO2glu20min_740nm_3053mW_u1_poc0p25_20x0p75NA_535s50_g70_z1_256pix_basicFLIM_120f_0001.sdt,20260522_KPC_fixed_dishes_SLIM,20260522,glu,BKO,4,1,535,2026-05-22 16:23:23.477875,colony_deep,,False
4_BKOCO2glu20min_740nm_3053mW_u1_poc0p25_20x0p75NA_457s50_g70_z1_256pix_basicFLIM_120f_0002.sdt,20260522_KPC_fixed_dishes_SLIM,20260522,glu,BKO,4,2,457,2026-05-22 16:08:36.883943,colony_deep,,False
4_BKOCO2glu20min_740nm_3053mW_u1_poc0p25_20x0p75NA_535s50_g70_z1_256pix_basicFLIM_120f_0002.sdt,20260522_KPC_fixed_dishes_SLIM,20260522,glu,BKO,4,2,535,2026-05-22 16:24:32.194024,colony_deep,,False
4_BKOCO2glu20min_740nm_3053mW_u1_poc0p25_20x0p75NA_457s50_g70_z1_256pix_basicFLIM_120f_0003.sdt,20260522_KPC_fixed_dishes_SLIM,20260522,glu,BKO,4,3,457,2026-05-22 16:09:45.691823,colony_deep,,False
4_BKOCO2glu20min_740nm_3053mW_u1_poc0p25_20x0p75NA_535s50_g70_z1_256pix_basicFLIM_120f_0003.sdt,20260522_KPC_fixed_dishes_SLIM,20260522,glu,BKO,4,3,535,2026-05-22 16:25:41.258513,colony_deep,,False
4_BKOCO2glu20min_740nm_3053mW_u1_poc0p25_20x0p75NA_457s50_g70_z1_256pix_basicFLIM_120f_0004.sdt,20260522_KPC_fixed_dishes_SLIM,20260522,glu,BKO,4,4,457,2026-05-22 16:10:54.300079,colony_deep,,False
4_BKOCO2glu20min_740nm_3053mW_u1_poc0p25_20x0p75NA_535s50_g70_z1_256pix_basicFLIM_120f_0004.sdt,20260522_KPC_fixed_dishes_SLIM,20260522,glu,BKO,4,4,535,2026-05-22 16:26:49.906867,colony_deep,,False
4_BKOCO2glu20min_740nm_3053mW_u1_poc0p25_20x0p75NA_457s50_g70_z1_256pix_basicFLIM_120f_0005.sdt,20260522_KPC_fixed_dishes_SLIM,20260522,glu,BKO,4,5,457,2026-05-22 16:12:04.100128,colony_deep,,False
4_BKOCO2glu20min_740nm_3053mW_u1_poc0p25_20x0p75NA_535s50_g70_z1_256pix_basicFLIM_120f_0005.sdt,20260522_KPC_fixed_dishes_SLIM,20260522,glu,BKO,4,5,535,2026-05-22 16:27:59.773078,colony_deep,,False
4_BKOCO2glu20min_740nm_3053mW_u1_poc0p25_20x0p75NA_457s50_g70_z1_256pix_basicFLIM_120f_0006.sdt,20260522_KPC_fixed_dishes_SLIM,20260522,glu,BKO,4,6,457,2026-05-22 16:13:13.153568,colony_deep,,False
4_BKOCO2glu20min_740nm_3053mW_u1_poc0p25_20x0p75NA_535s50_g70_z1_256pix_basicFLIM_120f_0006.sdt,20260522_KPC_fixed_dishes_SLIM,20260522,glu,BKO,4,6,535,2026-05-22 16:29:09.233296,colony_deep,,False
4_BKOCO2glu20min_740nm_3053mW_u1_poc0p25_20x0p75NA_457s50_g70_z1_256pix_basicFLIM_120f_0007.sdt,20260522_KPC_fixed_dishes_SLIM,20260522,glu,BKO,4,7,457,2026-05-22 16:14:21.823655,colony_deep,,False
4_BKOCO2glu20min_740nm_3053mW_u1_poc0p25_20x0p75NA_535s50_g70_z1_256pix_basicFLIM_120f_0007.sdt,20260522_KPC_fixed_dishes_SLIM,20260522,glu,BKO,4,7,535,2026-05-22 16:30:18.004897,colony_deep,,False
4_BKOCO2glu20min_740nm_3053mW_u1_poc0p25_20x0p75NA_457s50_g70_z1_256pix_basicFLIM_120f_0008.sdt,20260522_KPC_fixed_dishes_SLIM,20260522,glu,BKO,4,8,457,2026-05-22 16:15:30.442640,colony_edge,,False
4_BKOCO2glu20min_740nm_3053mW_u1_poc0p25_20x0p75NA_535s50_g70_z1_256pix_basicFLIM_120f_0008.sdt,20260522_KPC_fixed_dishes_SLIM,20260522,glu,BKO,4,8,535,2026-05-22 16:31:26.750409,colony_edge,,False
4_BKOCO2glu20min_740nm_3053mW_u1_poc0p25_20x0p75NA_457s50_g70_z1_256pix_basicFLIM_120f_0009.sdt,20260522_KPC_fixed_dishes_SLIM,20260522,glu,BKO,4,9,457,2026-05-22 16:16:38.672238,colony_edge,,False
4_BKOCO2glu20min_740nm_3053mW_u1_poc0p25_20x0p75NA_535s50_g70_z1_256pix_basicFLIM_120f_0009.sdt,20260522_KPC_fixed_dishes_SLIM,20260522,glu,BKO,4,9,535,2026-05-22 16:32:35.510733,colony_edge,,False
4_BKOCO2glu20min_740nm_3053mW_u1_poc0p25_20x0p75NA_457s50_g70_z1_256pix_basicFLIM_120f_0010.sdt,20260522_KPC_fixed_dishes_SLIM,20260522,glu,BKO,4,10,457,2026-05-22 16:17:47.900129,colony_deep,,False
4_BKOCO2glu20min_740nm_3053mW_u1_poc0p25_20x0p75NA_535s50_g70_z1_256pix_basicFLIM_120f_0010.sdt,20260522_KPC_fixed_dishes_SLIM,20260522,glu,BKO,4,10,535,2026-05-22 16:33:44.664567,colony_deep,,False
4_BKOCO2glu20min_740nm_3053mW_u1_poc0p25_20x0p75NA_457s50_g70_z1_256pix_basicFLIM_120f_0011.sdt,20260522_KPC_fixed_dishes_SLIM,20260522,glu,BKO,4,11,457,2026-05-22 16:18:55.816905,colony_deep,,False
4_BKOCO2glu20min_740nm_3053mW_u1_poc0p25_20x0p75NA_535s50_g70_z1_256pix_basicFLIM_120f_0011.sdt,20260522_KPC_fixed_dishes_SLIM,20260522,glu,BKO,4,11,535,2026-05-22 16:34:52.594033,colony_deep,,False
4_BKOCO2glu20min_740nm_3053mW_u1_poc0p25_20x0p75NA_457s50_g70_z1_256pix_basicFLIM_120f_0012.sdt,20260522_KPC_fixed_dishes_SLIM,20260522,glu,BKO,4,12,457,2026-05-22 16:20:04.488323,colony_edge,,False
4_BKOCO2glu20min_740nm_3053mW_u1_poc0p25_20x0p75NA_535s50_g70_z1_256pix_basicFLIM_120f_0012.sdt,20260522_KPC_fixed_dishes_SLIM,20260522,glu,BKO,4,12,535,2026-05-22 16:36:01.298005,colony_edge,,False
4_BKO_P10_3_live_740nm_3074mW_u1_poc0p25_20x0p75NA_457s50_g70_z1_256pix_basicFLIM_120f_0000.sdt,20260530_KPC_live_on_SLIM,20260530,live,BKO,4,0,457,2026-05-30 15:21:25.861562,colony_deep,,False
4_BKO_P10_3_live_740nm_3074mW_u1_poc0p25_20x0p75NA_535s50_g70_z1_256pix_basicFLIM_120f_0000.sdt,20260530_KPC_live_on_SLIM,20260530,live,BKO,4,0,535,2026-05-30 15:40:40.924973,colony_edge,,False
4_BKO_P10_3_live_740nm_3074mW_u1_poc0p25_20x0p75NA_457s50_g70_z1_256pix_basicFLIM_120f_0001.sdt,20260530_KPC_live_on_SLIM,20260530,live,BKO,4,1,457,2026-05-30 15:22:34.460420,colony_edge,,False
4_BKO_P10_3_live_740nm_3074mW_u1_poc0p25_20x0p75NA_535s50_g70_z1_256pix_basicFLIM_120f_0001.sdt,20260530_KPC_live_on_SLIM,20260530,live,BKO,4,1,535,2026-05-30 15:41:49.500293,colony_edge,,False
4_BKO_P10_3_live_740nm_3074mW_u1_poc0p25_20x0p75NA_457s50_g70_z1_256pix_basicFLIM_120f_0002.sdt,20260530_KPC_live_on_SLIM,20260530,live,BKO,4,2,457,2026-05-30 15:23:43.230207,colony_edge,,False
4_BKO_P10_3_live_740nm_3074mW_u1_poc0p25_20x0p75NA_535s50_g70_z1_256pix_basicFLIM_120f_0002.sdt,20260530_KPC_live_on_SLIM,20260530,live,BKO,4,2,535,2026-05-30 15:42:57.849521,colony_edge,,False
4_BKO_P10_3_live_740nm_3074mW_u1_poc0p25_20x0p75NA_457s50_g70_z1_256pix_basicFLIM_120f_0003.sdt,20260530_KPC_live_on_SLIM,20260530,live,BKO,4,3,457,2026-05-30 15:24:51.836620,colony_edge,,False
4_BKO_P10_3_live_740nm_3074mW_u1_poc0p25_20x0p75NA_535s50_g70_z1_256pix_basicFLIM_120f_0003.sdt,20260530_KPC_live_on_SLIM,20260530,live,BKO,4,3,535,2026-05-30 15:44:06.088001,colony_edge,,False
4_BKO_P10_3_live_740nm_3074mW_u1_poc0p25_20x0p75NA_457s50_g70_z1_256pix_basicFLIM_120f_0004.sdt,20260530_KPC_live_on_SLIM,20260530,live,BKO,4,4,457,2026-05-30 15:26:00.249678,colony_edge,,False
4_BKO_P10_3_live_740nm_3074mW_u1_poc0p25_20x0p75NA_535s50_g70_z1_256pix_basicFLIM_120f_0004.sdt,20260530_KPC_live_on_SLIM,20260530,live,BKO,4,4,535,2026-05-30 15:45:14.766642,colony_edge,,False
4_BKO_P10_3_live_740nm_3074mW_u1_poc0p25_20x0p75NA_457s50_g70_z1_256pix_basicFLIM_120f_0005.sdt,20260530_KPC_live_on_SLIM,20260530,live,BKO,4,5,457,2026-05-30 15:27:08.477559,colony_edge,,False
4_BKO_P10_3_live_740nm_3074mW_u1_poc0p25_20x0p75NA_535s50_g70_z1_256pix_basicFLIM_120f_0005.sdt,20260530_KPC_live_on_SLIM,20260530,live,BKO,4,5,535,2026-05-30 15:46:23.031993,colony_edge,,False
4_BKO_P10_3_live_740nm_3074mW_u1_poc0p25_20x0p75NA_457s50_g70_z1_256pix_basicFLIM_120f_0006.sdt,20260530_KPC_live_on_SLIM,20260530,live,BKO,4,6,457,2026-05-30 15:28:16.525348,colony_edge,,False
4_BKO_P10_3_live_740nm_3074mW_u1_poc0p25_20x0p75NA_535s50_g70_z1_256pix_basicFLIM_120f_0006.sdt,20260530_KPC_live_on_SLIM,20260530,live,BKO,4,6,535,2026-05-30 15:47:31.043549,colony_edge,,False
4_BKO_P10_3_live_740nm_3074mW_u1_poc0p25_20x0p75NA_457s50_g70_z1_256pix_basicFLIM_120f_0007.sdt,20260530_KPC_live_on_SLIM,20260530,live,BKO,4,7,457,2026-05-30 15:29:24.951325,colony_edge,,False
4_BKO_P10_3_live_740nm_3074mW_u1_poc0p25_20x0p75NA_535s50_g70_z1_256pix_basicFLIM_120f_0007.sdt,20260530_KPC_live_on_SLIM,20260530,live,BKO,4,7,535,2026-05-30 15:48:39.521922,colony_edge,,False
4_BKO_P10_3_live_740nm_3074mW_u1_poc0p25_20x0p75NA_457s50_g70_z1_256pix_basicFLIM_120f_0008.sdt,20260530_KPC_live_on_SLIM,20260530,live,BKO,4,8,457,2026-05-30 15:30:33.274136,colony_edge,,False
4_BKO_P10_3_live_740nm_3074mW_u1_poc0p25_20x0p75NA_535s50_g70_z1_256pix_basicFLIM_120f_0008.sdt,20260530_KPC_live_on_SLIM,20260530,live,BKO,4,8,535,2026-05-30 15:49:47.833302,colony_edge,,False
4_BKO_P10_3_live_740nm_3074mW_u1_poc0p25_20x0p75NA_457s50_g70_z1_256pix_basicFLIM_120f_0009.sdt,20260530_KPC_live_on_SLIM,20260530,live,BKO,4,9,457,2026-05-30 15:31:41.585582,colony_edge,,False
4_BKO_P10_3_live_740nm_3074mW_u1_poc0p25_20x0p75NA_535s50_g70_z1_256pix_basicFLIM_120f_0009.sdt,20260530_KPC_live_on_SLIM,20260530,live,BKO,4,9,535,2026-05-30 15:50:56.093774,colony_edge,,False
4_BKO_P10_3_live_740nm_3074mW_u1_poc0p25_20x0p75NA_457s50_g70_z1_256pix_basicFLIM_120f_0010.sdt,20260530_KPC_live_on_SLIM,20260530,live,BKO,4,10,457,2026-05-30 15:32:49.977733,colony_edge,,False
4_BKO_P10_3_live_740nm_3074mW_u1_poc0p25_20x0p75NA_535s50_g70_z1_256pix_basicFLIM_120f_0010.sdt,20260530_KPC_live_on_SLIM,20260530,live,BKO,4,10,535,2026-05-30 15:52:04.832527,colony_edge,,False
4_BKO_P10_3_live_740nm_3074mW_u1_poc0p25_20x0p75NA_457s50_g70_z1_256pix_basicFLIM_120f_0011.sdt,20260530_KPC_live_on_SLIM,20260530,live,BKO,4,11,457,2026-05-30 15:33:57.953915,colony_deep,,False
4_BKO_P10_3_live_740nm_3074mW_u1_poc0p25_20x0p75NA_535s50_g70_z1_256pix_basicFLIM_120f_0011.sdt,20260530_KPC_live_on_SLIM,20260530,live,BKO,4,11,535,2026-05-30 15:53:13.280556,colony_deep,,False
4_BKO_P10_3_live_740nm_3074mW_u1_poc0p25_20x0p75NA_457s50_g70_z1_256pix_basicFLIM_120f_0012.sdt,20260530_KPC_live_on_SLIM,20260530,live,BKO,4,12,457,2026-05-30 15:35:06.354125,colony_deep,,False
4_BKO_P10_3_live_740nm_3074mW_u1_poc0p25_20x0p75NA_535s50_g70_z1_256pix_basicFLIM_120f_0012.sdt,20260530_KPC_live_on_SLIM,20260530,live,BKO,4,12,535,2026-05-30 15:54:21.847120,colony_deep,,False
4_BKO_P10_3_live_740nm_3074mW_u1_poc0p25_20x0p75NA_457s50_g70_z1_256pix_basicFLIM_120f_0013.sdt,20260530_KPC_live_on_SLIM,20260530,live,BKO,4,13,457,2026-05-30 15:36:14.916121,colony_deep,,False
4_BKO_P10_3_live_740nm_3074mW_u1_poc0p25_20x0p75NA_535s50_g70_z1_256pix_basicFLIM_120f_0013.sdt,20260530_KPC_live_on_SLIM,20260530,live,BKO,4,13,535,2026-05-30 15:55:30.804674,colony_deep,,False
4_BKO_P10_3_live_740nm_3074mW_u1_poc0p25_20x0p75NA_457s50_g70_z1_256pix_basicFLIM_120f_0014.sdt,20260530_KPC_live_on_SLIM,20260530,live,BKO,4,14,457,2026-05-30 15:37:23.265215,colony_deep,,False
4_BKO_P10_3_live_740nm_3074mW_u1_poc0p25_20x0p75NA_535s50_g70_z1_256pix_basicFLIM_120f_0014.sdt,20260530_KPC_live_on_SLIM,20260530,live,BKO,4,14,535,2026-05-30 15:56:39.077503,colony_deep,,False
4_BKO_P10_3_live_740nm_3074mW_u1_poc0p25_20x0p75NA_457s50_g70_z1_256pix_basicFLIM_120f_0015.sdt,20260530_KPC_live_on_SLIM,20260530,live,BKO,4,15,457,2026-05-30 15:38:31.580632,colony_deep,,False
4_BKO_P10_3_live_740nm_3074mW_u1_poc0p25_20x0p75NA_535s50_g70_z1_256pix_basicFLIM_120f_0015.sdt,20260530_KPC_live_on_SLIM,20260530,live,BKO,4,15,535,2026-05-30 15:57:47.506350,colony_deep,,False
5_KPCWT_BKOCO2_P6_D6_live_740nm_3074mW_u1_poc0p25_20x0p75NA_457s50_g70_z1_256pix_basicFLIM_120f_0000.sdt,20260530_KPC_live_on_SLIM,20260530,live,KPCWT,5,0,457,2026-05-30 16:38:13.168288,colony_edge,,False
5_KPCWT_BKOCO2_P6_D6_live_740nm_3074mW_u1_poc0p25_20x0p75NA_535s50_g70_z1_256pix_basicFLIM_120f_0000.sdt,20260530_KPC_live_on_SLIM,20260530,live,KPCWT,5,0,535,2026-05-30 17:01:59.839053,colony_edge,,False
5_KPCWT_BKOCO2_P6_D6_live_740nm_3074mW_u1_poc0p25_20x0p75NA_457s50_g70_z1_256pix_basicFLIM_120f_0001.sdt,20260530_KPC_live_on_SLIM,20260530,live,KPCWT,5,1,457,2026-05-30 16:39:21.498605,colony_edge,,False
5_KPCWT_BKOCO2_P6_D6_live_740nm_3074mW_u1_poc0p25_20x0p75NA_535s50_g70_z1_256pix_basicFLIM_120f_0001.sdt,20260530_KPC_live_on_SLIM,20260530,live,KPCWT,5,1,535,2026-05-30 17:03:08.144648,colony_edge,,False
5_KPCWT_BKOCO2_P6_D6_live_740nm_3074mW_u1_poc0p25_20x0p75NA_457s50_g70_z1_256pix_basicFLIM_120f_0002.sdt,20260530_KPC_live_on_SLIM,20260530,live,KPCWT,5,2,457,2026-05-30 16:40:30.322114,colony_edge,,False
5_KPCWT_BKOCO2_P6_D6_live_740nm_3074mW_u1_poc0p25_20x0p75NA_535s50_g70_z1_256pix_basicFLIM_120f_0002.sdt,20260530_KPC_live_on_SLIM,20260530,live,KPCWT,5,2,535,2026-05-30 17:04:17.271714,colony_edge,,False
5_KPCWT_BKOCO2_P6_D6_live_740nm_3074mW_u1_poc0p25_20x0p75NA_457s50_g70_z1_256pix_basicFLIM_120f_0003.sdt,20260530_KPC_live_on_SLIM,20260530,live,KPCWT,5,3,457,2026-05-30 16:41:39.292068,colony_edge,,False
5_KPCWT_BKOCO2_P6_D6_live_740nm_3074mW_u1_poc0p25_20x0p75NA_535s50_g70_z1_256pix_basicFLIM_120f_0003.sdt,20260530_KPC_live_on_SLIM,20260530,live,KPCWT,5,3,535,2026-05-30 17:05:26.433545,colony_edge,,False
5_KPCWT_BKOCO2_P6_D6_live_740nm_3074mW_u1_poc0p25_20x0p75NA_457s50_g70_z1_256pix_basicFLIM_120f_0004.sdt,20260530_KPC_live_on_SLIM,20260530,live,KPCWT,5,4,457,2026-05-30 16:42:48.586004,colony_edge,,False
5_KPCWT_BKOCO2_P6_D6_live_740nm_3074mW_u1_poc0p25_20x0p75NA_535s50_g70_z1_256pix_basicFLIM_120f_0004.sdt,20260530_KPC_live_on_SLIM,20260530,live,KPCWT,5,4,535,2026-05-30 17:06:35.439529,colony_edge,,False
5_KPCWT_BKOCO2_P6_D6_live_740nm_3074mW_u1_poc0p25_20x0p75NA_457s50_g70_z1_256pix_basicFLIM_120f_0005.sdt,20260530_KPC_live_on_SLIM,20260530,live,KPCWT,5,5,457,2026-05-30 16:43:58.204706,colony_edge,,False
5_KPCWT_BKOCO2_P6_D6_live_740nm_3074mW_u1_poc0p25_20x0p75NA_535s50_g70_z1_256pix_basicFLIM_120f_0005.sdt,20260530_KPC_live_on_SLIM,20260530,live,KPCWT,5,5,535,2026-05-30 17:07:44.891735,colony_edge,,False
5_KPCWT_BKOCO2_P6_D6_live_740nm_3074mW_u1_poc0p25_20x0p75NA_457s50_g70_z1_256pix_basicFLIM_120f_0006.sdt,20260530_KPC_live_on_SLIM,20260530,live,KPCWT,5,6,457,2026-05-30 16:45:06.838962,colony_edge,,False
5_KPCWT_BKOCO2_P6_D6_live_740nm_3074mW_u1_poc0p25_20x0p75NA_535s50_g70_z1_256pix_basicFLIM_120f_0006.sdt,20260530_KPC_live_on_SLIM,20260530,live,KPCWT,5,6,535,2026-05-30 17:08:53.435392,colony_edge,,False
5_KPCWT_BKOCO2_P6_D6_live_740nm_3074mW_u1_poc0p25_20x0p75NA_457s50_g70_z1_256pix_basicFLIM_120f_0007.sdt,20260530_KPC_live_on_SLIM,20260530,live,KPCWT,5,7,457,2026-05-30 16:46:14.982742,colony_edge,,False
5_KPCWT_BKOCO2_P6_D6_live_740nm_3074mW_u1_poc0p25_20x0p75NA_535s50_g70_z1_256pix_basicFLIM_120f_0007.sdt,20260530_KPC_live_on_SLIM,20260530,live,KPCWT,5,7,535,2026-05-30 17:10:01.449007,colony_edge,,False
5_KPCWT_BKOCO2_P6_D6_live_740nm_3074mW_u1_poc0p25_20x0p75NA_457s50_g70_z1_256pix_basicFLIM_120f_0008.sdt,20260530_KPC_live_on_SLIM,20260530,live,KPCWT,5,8,457,2026-05-30 16:47:24.109124,colony_edge,,False
5_KPCWT_BKOCO2_P6_D6_live_740nm_3074mW_u1_poc0p25_20x0p75NA_535s50_g70_z1_256pix_basicFLIM_120f_0008.sdt,20260530_KPC_live_on_SLIM,20260530,live,KPCWT,5,8,535,2026-05-30 17:11:10.157488,colony_edge,,False
5_KPCWT_BKOCO2_P6_D6_live_740nm_3074mW_u1_poc0p25_20x0p75NA_457s50_g70_z1_256pix_basicFLIM_120f_0009.sdt,20260530_KPC_live_on_SLIM,20260530,live,KPCWT,5,9,457,2026-05-30 16:48:32.760693,colony_edge,,False
5_KPCWT_BKOCO2_P6_D6_live_740nm_3074mW_u1_poc0p25_20x0p75NA_535s50_g70_z1_256pix_basicFLIM_120f_0009.sdt,20260530_KPC_live_on_SLIM,20260530,live,KPCWT,5,9,535,2026-05-30 17:12:19.041851,colony_edge,,False
5_KPCWT_BKOCO2_P6_D6_live_740nm_3074mW_u1_poc0p25_20x0p75NA_457s50_g70_z1_256pix_basicFLIM_120f_0010.sdt,20260530_KPC_live_on_SLIM,20260530,live,KPCWT,5,10,457,2026-05-30 16:49:40.907184,colony_deep,,False
5_KPCWT_BKOCO2_P6_D6_live_740nm_3074mW_u1_poc0p25_20x0p75NA_535s50_g70_z1_256pix_basicFLIM_120f_0010.sdt,20260530_KPC_live_on_SLIM,20260530,live,KPCWT,5,10,535,2026-05-30 17:13:26.917974,colony_deep,,False
5_KPCWT_BKOCO2_P6_D6_live_740nm_3074mW_u1_poc0p25_20x0p75NA_457s50_g70_z1_256pix_basicFLIM_120f_0011.sdt,20260530_KPC_live_on_SLIM,20260530,live,KPCWT,5,11,457,2026-05-30 16:50:50.528703,colony_deep,,False
5_KPCWT_BKOCO2_P6_D6_live_740nm_3074mW_u1_poc0p25_20x0p75NA_535s50_g70_z1_256pix_basicFLIM_120f_0011.sdt,20260530_KPC_live_on_SLIM,20260530,live,KPCWT,5,11,535,2026-05-30 17:14:36.294281,colony_deep,,False
5_KPCWT_BKOCO2_P6_D6_live_740nm_3074mW_u1_poc0p25_20x0p75NA_457s50_g70_z1_256pix_basicFLIM_120f_0012.sdt,20260530_KPC_live_on_SLIM,20260530,live,KPCWT,5,12,457,2026-05-30 16:51:58.842871,colony_deep,,False
5_KPCWT_BKOCO2_P6_D6_live_740nm_3074mW_u1_poc0p25_20x0p75NA_535s50_g70_z1_256pix_basicFLIM_120f_0012.sdt,20260530_KPC_live_on_SLIM,20260530,live,KPCWT,5,12,535,2026-05-30 17:15:44.948622,colony_deep,,False
5_KPCWT_BKOCO2_P6_D6_live_740nm_3074mW_u1_poc0p25_20x0p75NA_457s50_g70_z1_256pix_basicFLIM_120f_0013.sdt,20260530_KPC_live_on_SLIM,20260530,live,KPCWT,5,13,457,2026-05-30 16:53:07.646162,colony_deep,,False
5_KPCWT_BKOCO2_P6_D6_live_740nm_3074mW_u1_poc0p25_20x0p75NA_535s50_g70_z1_256pix_basicFLIM_120f_0013.sdt,20260530_KPC_live_on_SLIM,20260530,live,KPCWT,5,13,535,2026-05-30 17:16:53.783925,colony_deep,,False
5_KPCWT_BKOCO2_P6_D6_live_740nm_3074mW_u1_poc0p25_20x0p75NA_457s50_g70_z1_256pix_basicFLIM_120f_0014.sdt,20260530_KPC_live_on_SLIM,20260530,live,KPCWT,5,14,457,2026-05-30 16:54:16.246226,colony_deep,,False
5_KPCWT_BKOCO2_P6_D6_live_740nm_3074mW_u1_poc0p25_20x0p75NA_535s50_g70_z1_256pix_basicFLIM_120f_0014.sdt,20260530_KPC_live_on_SLIM,20260530,live,KPCWT,5,14,535,2026-05-30 17:18:02.298445,colony_deep,,False
6_BKOCO2_P10_5_live_740nm_3074mW_u1_poc0p25_20x0p75NA_457s50_g70_z1_256pix_basicFLIM_120f_0000.sdt,20260530_KPC_live_on_SLIM,20260530,live,BKO,6,0,457,2026-05-30 17:54:53.433014,colony_edge,,False
6_BKOCO2_P10_5_live_740nm_3074mW_u1_poc0p25_20x0p75NA_535s50_g70_z1_256pix_basicFLIM_120f_0000.sdt,20260530_KPC_live_on_SLIM,20260530,live,BKO,6,0,535,2026-05-30 18:15:42.778819,colony_edge,,False
6_BKOCO2_P10_5_live_740nm_3074mW_u1_poc0p25_20x0p75NA_457s50_g70_z1_256pix_basicFLIM_120f_0001.sdt,20260530_KPC_live_on_SLIM,20260530,live,BKO,6,1,457,2026-05-30 17:56:01.508359,colony_edge,,False
6_BKOCO2_P10_5_live_740nm_3074mW_u1_poc0p25_20x0p75NA_535s50_g70_z1_256pix_basicFLIM_120f_0001.sdt,20260530_KPC_live_on_SLIM,20260530,live,BKO,6,1,535,2026-05-30 18:16:50.903830,colony_edge,,False
6_BKOCO2_P10_5_live_740nm_3074mW_u1_poc0p25_20x0p75NA_457s50_g70_z1_256pix_basicFLIM_120f_0002.sdt,20260530_KPC_live_on_SLIM,20260530,live,BKO,6,2,457,2026-05-30 17:57:10.164370,colony_edge,,False
6_BKOCO2_P10_5_live_740nm_3074mW_u1_poc0p25_20x0p75NA_535s50_g70_z1_256pix_basicFLIM_120f_0002.sdt,20260530_KPC_live_on_SLIM,20260530,live,BKO,6,2,535,2026-05-30 18:17:59.637810,colony_edge,,False
6_BKOCO2_P10_5_live_740nm_3074mW_u1_poc0p25_20x0p75NA_457s50_g70_z1_256pix_basicFLIM_120f_0003.sdt,20260530_KPC_live_on_SLIM,20260530,live,BKO,6,3,457,2026-05-30 17:58:18.599762,colony_edge,,False
6_BKOCO2_P10_5_live_740nm_3074mW_u1_poc0p25_20x0p75NA_535s50_g70_z1_256pix_basicFLIM_120f_0003.sdt,20260530_KPC_live_on_SLIM,20260530,live,BKO,6,3,535,2026-05-30 18:19:08.024404,colony_edge,,False
6_BKOCO2_P10_5_live_740nm_3074mW_u1_poc0p25_20x0p75NA_457s50_g70_z1_256pix_basicFLIM_120f_0004.sdt,20260530_KPC_live_on_SLIM,20260530,live,BKO,6,4,457,2026-05-30 17:59:27.129154,colony_edge,,False
6_BKOCO2_P10_5_live_740nm_3074mW_u1_poc0p25_20x0p75NA_535s50_g70_z1_256pix_basicFLIM_120f_0004.sdt,20260530_KPC_live_on_SLIM,20260530,live,BKO,6,4,535,2026-05-30 18:20:16.196487,colony_edge,,False
6_BKOCO2_P10_5_live_740nm_3074mW_u1_poc0p25_20x0p75NA_457s50_g70_z1_256pix_basicFLIM_120f_0005.sdt,20260530_KPC_live_on_SLIM,20260530,live,BKO,6,5,457,2026-05-30 18:00:35.015715,colony_edge,,False
6_BKOCO2_P10_5_live_740nm_3074mW_u1_poc0p25_20x0p75NA_535s50_g70_z1_256pix_basicFLIM_120f_0005.sdt,20260530_KPC_live_on_SLIM,20260530,live,BKO,6,5,535,2026-05-30 18:21:24.151770,colony_edge,,False
6_BKOCO2_P10_5_live_740nm_3074mW_u1_poc0p25_20x0p75NA_457s50_g70_z1_256pix_basicFLIM_120f_0006.sdt,20260530_KPC_live_on_SLIM,20260530,live,BKO,6,6,457,2026-05-30 18:01:43.218016,colony_edge,,False
6_BKOCO2_P10_5_live_740nm_3074mW_u1_poc0p25_20x0p75NA_535s50_g70_z1_256pix_basicFLIM_120f_0006.sdt,20260530_KPC_live_on_SLIM,20260530,live,BKO,6,6,535,2026-05-30 18:22:32.681231,colony_edge,,False
6_BKOCO2_P10_5_live_740nm_3074mW_u1_poc0p25_20x0p75NA_457s50_g70_z1_256pix_basicFLIM_120f_0007.sdt,20260530_KPC_live_on_SLIM,20260530,live,BKO,6,7,457,2026-05-30 18:02:51.705809,colony_edge,,False
6_BKOCO2_P10_5_live_740nm_3074mW_u1_poc0p25_20x0p75NA_535s50_g70_z1_256pix_basicFLIM_120f_0007.sdt,20260530_KPC_live_on_SLIM,20260530,live,BKO,6,7,535,2026-05-30 18:23:41.201659,colony_edge,,False
6_BKOCO2_P10_5_live_740nm_3074mW_u1_poc0p25_20x0p75NA_457s50_g70_z1_256pix_basicFLIM_120f_0008.sdt,20260530_KPC_live_on_SLIM,20260530,live,BKO,6,8,457,2026-05-30 18:04:00.368349,colony_edge,,False
6_BKOCO2_P10_5_live_740nm_3074mW_u1_poc0p25_20x0p75NA_535s50_g70_z1_256pix_basicFLIM_120f_0008.sdt,20260530_KPC_live_on_SLIM,20260530,live,BKO,6,8,535,2026-05-30 18:24:49.945726,colony_edge,,False
6_BKOCO2_P10_5_live_740nm_3074mW_u1_poc0p25_20x0p75NA_457s50_g70_z1_256pix_basicFLIM_120f_0009.sdt,20260530_KPC_live_on_SLIM,20260530,live,BKO,6,9,457,2026-05-30 18:05:08.992602,colony_edge,,False
6_BKOCO2_P10_5_live_740nm_3074mW_u1_poc0p25_20x0p75NA_535s50_g70_z1_256pix_basicFLIM_120f_0009.sdt,20260530_KPC_live_on_SLIM,20260530,live,BKO,6,9,535,2026-05-30 18:25:58.460438,colony_edge,,False
6_BKOCO2_P10_5_live_740nm_3074mW_u1_poc0p25_20x0p75NA_457s50_g70_z1_256pix_basicFLIM_120f_0010.sdt,20260530_KPC_live_on_SLIM,20260530,live,BKO,6,10,457,2026-05-30 18:06:17.115331,colony_edge,,False
6_BKOCO2_P10_5_live_740nm_3074mW_u1_poc0p25_20x0p75NA_535s50_g70_z1_256pix_basicFLIM_120f_0010.sdt,20260530_KPC_live_on_SLIM,20260530,live,BKO,6,10,535,2026-05-30 18:27:06.650739,colony_edge,,False
6_BKOCO2_P10_5_live_740nm_3074mW_u1_poc0p25_20x0p75NA_457s50_g70_z1_256pix_basicFLIM_120f_0011.sdt,20260530_KPC_live_on_SLIM,20260530,live,BKO,6,11,457,2026-05-30 18:07:26.394817,colony_edge,,False
6_BKOCO2_P10_5_live_740nm_3074mW_u1_poc0p25_20x0p75NA_535s50_g70_z1_256pix_basicFLIM_120f_0011.sdt,20260530_KPC_live_on_SLIM,20260530,live,BKO,6,11,535,2026-05-30 18:28:15.740364,colony_edge,,False
6_BKOCO2_P10_5_live_740nm_3074mW_u1_poc0p25_20x0p75NA_457s50_g70_z1_256pix_basicFLIM_120f_0012.sdt,20260530_KPC_live_on_SLIM,20260530,live,BKO,6,12,457,2026-05-30 18:08:34.996531,colony_deep,,False
6_BKOCO2_P10_5_live_740nm_3074mW_u1_poc0p25_20x0p75NA_535s50_g70_z1_256pix_basicFLIM_120f_0012.sdt,20260530_KPC_live_on_SLIM,20260530,live,BKO,6,12,535,2026-05-30 18:29:24.344459,colony_deep,,False
6_BKOCO2_P10_5_live_740nm_3074mW_u1_poc0p25_20x0p75NA_457s50_g70_z1_256pix_basicFLIM_120f_0013.sdt,20260530_KPC_live_on_SLIM,20260530,live,BKO,6,13,457,2026-05-30 18:09:43.223593,colony_edge,,False
6_BKOCO2_P10_5_live_740nm_3074mW_u1_poc0p25_20x0p75NA_535s50_g70_z1_256pix_basicFLIM_120f_0013.sdt,20260530_KPC_live_on_SLIM,20260530,live,BKO,6,13,535,2026-05-30 18:30:32.647445,colony_edge,,False
6_BKOCO2_P10_5_live_740nm_3074mW_u1_poc0p25_20x0p75NA_457s50_g70_z1_256pix_basicFLIM_120f_0014.sdt,20260530_KPC_live_on_SLIM,20260530,live,BKO,6,14,457,2026-05-30 18:10:52.146970,colony_deep,,False
6_BKOCO2_P10_5_live_740nm_3074mW_u1_poc0p25_20x0p75NA_535s50_g70_z1_256pix_basicFLIM_120f_0014.sdt,20260530_KPC_live_on_SLIM,20260530,live,BKO,6,14,535,2026-05-30 18:31:41.592486,colony_deep,,False
6_BKOCO2_P10_5_live_740nm_3074mW_u1_poc0p25_20x0p75NA_457s50_g70_z1_256pix_basicFLIM_120f_0015.sdt,20260530_KPC_live_on_SLIM,20260530,live,BKO,6,15,457,2026-05-30 18:12:00.923074,colony_deep,,False
6_BKOCO2_P10_5_live_740nm_3074mW_u1_poc0p25_20x0p75NA_535s50_g70_z1_256pix_basicFLIM_120f_0015.sdt,20260530_KPC_live_on_SLIM,20260530,live,BKO,6,15,535,2026-05-30 18:32:50.419347,colony_deep,,False
6_BKOCO2_P10_5_live_740nm_3074mW_u1_poc0p25_20x0p75NA_457s50_g70_z1_256pix_basicFLIM_120f_0016.sdt,20260530_KPC_live_on_SLIM,20260530,live,BKO,6,16,457,2026-05-30 18:13:09.183862,colony_deep,,False
6_BKOCO2_P10_5_live_740nm_3074mW_u1_poc0p25_20x0p75NA_535s50_g70_z1_256pix_basicFLIM_120f_0016.sdt,20260530_KPC_live_on_SLIM,20260530,live,BKO,6,16,535,2026-05-30 18:33:58.312286,colony_deep,,False
3_BKOCO2_P11_3_live_740nm_3083mW_u1_poc0p25_20x0p75NA_457s50_g70_z1_256pix_basicFLIM_120f_0000.sdt,20260601_KPC_live_on_SLIM,20260601,live,BKO,3,0,457,2026-06-01 18:28:08.287937,colony_edge,,False
3_BKOCO2_P11_3_live_740nm_3083mW_u1_poc0p25_20x0p75NA_535s50_g70_z1_256pix_basicFLIM_120f_0000.sdt,20260601_KPC_live_on_SLIM,20260601,live,BKO,3,0,535,2026-06-01 18:52:47.995795,colony_edge,,False
3_BKOCO2_P11_3_live_740nm_3083mW_u1_poc0p25_20x0p75NA_457s50_g70_z1_256pix_basicFLIM_120f_0001.sdt,20260601_KPC_live_on_SLIM,20260601,live,BKO,3,1,457,2026-06-01 18:29:16.783169,colony_edge,,False
3_BKOCO2_P11_3_live_740nm_3083mW_u1_poc0p25_20x0p75NA_535s50_g70_z1_256pix_basicFLIM_120f_0001.sdt,20260601_KPC_live_on_SLIM,20260601,live,BKO,3,1,535,2026-06-01 18:53:56.210594,colony_edge,,False
3_BKOCO2_P11_3_live_740nm_3083mW_u1_poc0p25_20x0p75NA_457s50_g70_z1_256pix_basicFLIM_120f_0002.sdt,20260601_KPC_live_on_SLIM,20260601,live,BKO,3,2,457,2026-06-01 18:30:25.583104,colony_edge,,False
3_BKOCO2_P11_3_live_740nm_3083mW_u1_poc0p25_20x0p75NA_535s50_g70_z1_256pix_basicFLIM_120f_0002.sdt,20260601_KPC_live_on_SLIM,20260601,live,BKO,3,2,535,2026-06-01 18:55:05.008456,colony_edge,,False
3_BKOCO2_P11_3_live_740nm_3083mW_u1_poc0p25_20x0p75NA_457s50_g70_z1_256pix_basicFLIM_120f_0003.sdt,20260601_KPC_live_on_SLIM,20260601,live,BKO,3,3,457,2026-06-01 18:31:34.226681,colony_edge,,False
3_BKOCO2_P11_3_live_740nm_3083mW_u1_poc0p25_20x0p75NA_535s50_g70_z1_256pix_basicFLIM_120f_0003.sdt,20260601_KPC_live_on_SLIM,20260601,live,BKO,3,3,535,2026-06-01 18:56:13.632350,colony_edge,,False
3_BKOCO2_P11_3_live_740nm_3083mW_u1_poc0p25_20x0p75NA_457s50_g70_z1_256pix_basicFLIM_120f_0004.sdt,20260601_KPC_live_on_SLIM,20260601,live,BKO,3,4,457,2026-06-01 18:32:42.630065,colony_edge,,False
3_BKOCO2_P11_3_live_740nm_3083mW_u1_poc0p25_20x0p75NA_535s50_g70_z1_256pix_basicFLIM_120f_0004.sdt,20260601_KPC_live_on_SLIM,20260601,live,BKO,3,4,535,2026-06-01 18:57:22.028116,colony_edge,,False
3_BKOCO2_P11_3_live_740nm_3083mW_u1_poc0p25_20x0p75NA_457s50_g70_z1_256pix_basicFLIM_120f_0005.sdt,20260601_KPC_live_on_SLIM,20260601,live,BKO,3,5,457,2026-06-01 18:33:50.992526,colony_edge,,False
3_BKOCO2_P11_3_live_740nm_3083mW_u1_poc0p25_20x0p75NA_535s50_g70_z1_256pix_basicFLIM_120f_0005.sdt,20260601_KPC_live_on_SLIM,20260601,live,BKO,3,5,535,2026-06-01 18:58:30.546691,colony_edge,,False
3_BKOCO2_P11_3_live_740nm_3083mW_u1_poc0p25_20x0p75NA_457s50_g70_z1_256pix_basicFLIM_120f_0006.sdt,20260601_KPC_live_on_SLIM,20260601,live,BKO,3,6,457,2026-06-01 18:34:59.508375,colony_edge,,False
3_BKOCO2_P11_3_live_740nm_3083mW_u1_poc0p25_20x0p75NA_535s50_g70_z1_256pix_basicFLIM_120f_0006.sdt,20260601_KPC_live_on_SLIM,20260601,live,BKO,3,6,535,2026-06-01 18:59:39.510056,colony_edge,,False
3_BKOCO2_P11_3_live_740nm_3083mW_u1_poc0p25_20x0p75NA_457s50_g70_z1_256pix_basicFLIM_120f_0007.sdt,20260601_KPC_live_on_SLIM,20260601,live,BKO,3,7,457,2026-06-01 18:36:07.446479,colony_edge,,False
3_BKOCO2_P11_3_live_740nm_3083mW_u1_poc0p25_20x0p75NA_535s50_g70_z1_256pix_basicFLIM_120f_0007.sdt,20260601_KPC_live_on_SLIM,20260601,live,BKO,3,7,535,2026-06-01 19:00:47.459870,colony_edge,,False
3_BKOCO2_P11_3_live_740nm_3083mW_u1_poc0p25_20x0p75NA_457s50_g70_z1_256pix_basicFLIM_120f_0008.sdt,20260601_KPC_live_on_SLIM,20260601,live,BKO,3,8,457,2026-06-01 18:37:16.395451,colony_edge,,False
3_BKOCO2_P11_3_live_740nm_3083mW_u1_poc0p25_20x0p75NA_535s50_g70_z1_256pix_basicFLIM_120f_0008.sdt,20260601_KPC_live_on_SLIM,20260601,live,BKO,3,8,535,2026-06-01 19:01:56.278816,colony_edge,,False
3_BKOCO2_P11_3_live_740nm_3083mW_u1_poc0p25_20x0p75NA_457s50_g70_z1_256pix_basicFLIM_120f_0009.sdt,20260601_KPC_live_on_SLIM,20260601,live,BKO,3,9,457,2026-06-01 18:38:25.414173,colony_edge,,False
3_BKOCO2_P11_3_live_740nm_3083mW_u1_poc0p25_20x0p75NA_535s50_g70_z1_256pix_basicFLIM_120f_0009.sdt,20260601_KPC_live_on_SLIM,20260601,live,BKO,3,9,535,2026-06-01 19:03:05.128446,colony_edge,,False
3_BKOCO2_P11_3_live_740nm_3083mW_u1_poc0p25_20x0p75NA_457s50_g70_z1_256pix_basicFLIM_120f_0010.sdt,20260601_KPC_live_on_SLIM,20260601,live,BKO,3,10,457,2026-06-01 18:39:33.625689,colony_edge,,False
3_BKOCO2_P11_3_live_740nm_3083mW_u1_poc0p25_20x0p75NA_535s50_g70_z1_256pix_basicFLIM_120f_0010.sdt,20260601_KPC_live_on_SLIM,20260601,live,BKO,3,10,535,2026-06-01 19:04:13.012001,colony_edge,,False
3_BKOCO2_P11_3_live_740nm_3083mW_u1_poc0p25_20x0p75NA_457s50_g70_z1_256pix_basicFLIM_120f_0011.sdt,20260601_KPC_live_on_SLIM,20260601,live,BKO,3,11,457,2026-06-01 18:40:41.928657,colony_deep,,False
3_BKOCO2_P11_3_live_740nm_3083mW_u1_poc0p25_20x0p75NA_535s50_g70_z1_256pix_basicFLIM_120f_0011.sdt,20260601_KPC_live_on_SLIM,20260601,live,BKO,3,11,535,2026-06-01 19:05:20.903824,colony_deep,,False
3_BKOCO2_P11_3_live_740nm_3083mW_u1_poc0p25_20x0p75NA_457s50_g70_z1_256pix_basicFLIM_120f_0012.sdt,20260601_KPC_live_on_SLIM,20260601,live,BKO,3,12,457,2026-06-01 18:41:49.967173,colony_deep,,False
3_BKOCO2_P11_3_live_740nm_3083mW_u1_poc0p25_20x0p75NA_535s50_g70_z1_256pix_basicFLIM_120f_0012.sdt,20260601_KPC_live_on_SLIM,20260601,live,BKO,3,12,535,2026-06-01 19:06:28.927386,colony_deep,,False
3_BKOCO2_P11_3_live_740nm_3083mW_u1_poc0p25_20x0p75NA_457s50_g70_z1_256pix_basicFLIM_120f_0013.sdt,20260601_KPC_live_on_SLIM,20260601,live,BKO,3,13,457,2026-06-01 18:42:58.987216,colony_deep,,False
3_BKOCO2_P11_3_live_740nm_3083mW_u1_poc0p25_20x0p75NA_535s50_g70_z1_256pix_basicFLIM_120f_0013.sdt,20260601_KPC_live_on_SLIM,20260601,live,BKO,3,13,535,2026-06-01 19:07:37.743186,colony_deep,,False
3_BKOCO2_P11_3_live_740nm_3083mW_u1_poc0p25_20x0p75NA_457s50_g70_z1_256pix_basicFLIM_120f_0014.sdt,20260601_KPC_live_on_SLIM,20260601,live,BKO,3,14,457,2026-06-01 18:44:07.168483,colony_deep,,False
3_BKOCO2_P11_3_live_740nm_3083mW_u1_poc0p25_20x0p75NA_535s50_g70_z1_256pix_basicFLIM_120f_0014.sdt,20260601_KPC_live_on_SLIM,20260601,live,BKO,3,14,535,2026-06-01 19:08:46.014461,colony_deep,,False
3_BKOCO2_P11_3_live_740nm_3083mW_u1_poc0p25_20x0p75NA_457s50_g70_z1_256pix_basicFLIM_120f_0015.sdt,20260601_KPC_live_on_SLIM,20260601,live,BKO,3,15,457,2026-06-01 18:45:15.397140,colony_deep,,False
3_BKOCO2_P11_3_live_740nm_3083mW_u1_poc0p25_20x0p75NA_535s50_g70_z1_256pix_basicFLIM_120f_0015.sdt,20260601_KPC_live_on_SLIM,20260601,live,BKO,3,15,535,2026-06-01 19:09:54.276659,colony_deep,,False
3_BKOCO2_P11_3_live_740nm_3083mW_u1_poc0p25_20x0p75NA_457s50_g70_z1_256pix_basicFLIM_120f_0016.sdt,20260601_KPC_live_on_SLIM,20260601,live,BKO,3,16,457,2026-06-01 18:46:23.681270,colony_deep,,False
3_BKOCO2_P11_3_live_740nm_3083mW_u1_poc0p25_20x0p75NA_535s50_g70_z1_256pix_basicFLIM_120f_0016.sdt,20260601_KPC_live_on_SLIM,20260601,live,BKO,3,16,535,2026-06-01 19:11:02.577202,colony_deep,,False
3_BKOCO2_P11_3_live_740nm_3083mW_u1_poc0p25_20x0p75NA_457s50_g70_z1_256pix_basicFLIM_120f_0017.sdt,20260601_KPC_live_on_SLIM,20260601,live,BKO,3,17,457,2026-06-01 18:47:31.940508,colony_deep,,False
3_BKOCO2_P11_3_live_740nm_3083mW_u1_poc0p25_20x0p75NA_535s50_g70_z1_256pix_basicFLIM_120f_0017.sdt,20260601_KPC_live_on_SLIM,20260601,live,BKO,3,17,535,2026-06-01 19:12:10.989130,colony_deep,,False
4_KPCWT_50uL_live_740nm_3080mW_u1_poc0p25_20x0p75NA_457s50_g70_z1_256pix_basicFLIM_120f_0000.sdt,20260601_KPC_live_on_SLIM,20260601,live,KPCWT,4,0,457,2026-06-01 20:01:33.001354,colony_edge,,False
4_KPCWT_50uL_live_740nm_3080mW_u1_poc0p25_20x0p75NA_535s50_g70_z1_256pix_basicFLIM_120f_0000.sdt,20260601_KPC_live_on_SLIM,20260601,live,KPCWT,4,0,535,2026-06-01 20:28:42.183779,colony_edge,,False
4_KPCWT_50uL_live_740nm_3080mW_u1_poc0p25_20x0p75NA_457s50_g70_z1_256pix_basicFLIM_120f_0001.sdt,20260601_KPC_live_on_SLIM,20260601,live,KPCWT,4,1,457,2026-06-01 20:04:30.951039,colony_edge,,False
4_KPCWT_50uL_live_740nm_3080mW_u1_poc0p25_20x0p75NA_535s50_g70_z1_256pix_basicFLIM_120f_0001.sdt,20260601_KPC_live_on_SLIM,20260601,live,KPCWT,4,1,535,2026-06-01 20:29:50.474762,colony_edge,,False
4_KPCWT_50uL_live_740nm_3080mW_u1_poc0p25_20x0p75NA_457s50_g70_z1_256pix_basicFLIM_120f_0002.sdt,20260601_KPC_live_on_SLIM,20260601,live,KPCWT,4,2,457,2026-06-01 20:05:39.022157,colony_edge,,False
4_KPCWT_50uL_live_740nm_3080mW_u1_poc0p25_20x0p75NA_535s50_g70_z1_256pix_basicFLIM_120f_0002.sdt,20260601_KPC_live_on_SLIM,20260601,live,KPCWT,4,2,535,2026-06-01 20:30:58.448801,colony_edge,,False
4_KPCWT_50uL_live_740nm_3080mW_u1_poc0p25_20x0p75NA_457s50_g70_z1_256pix_basicFLIM_120f_0003.sdt,20260601_KPC_live_on_SLIM,20260601,live,KPCWT,4,3,457,2026-06-01 20:06:47.279072,colony_edge,,False
4_KPCWT_50uL_live_740nm_3080mW_u1_poc0p25_20x0p75NA_535s50_g70_z1_256pix_basicFLIM_120f_0003.sdt,20260601_KPC_live_on_SLIM,20260601,live,KPCWT,4,3,535,2026-06-01 20:32:06.370582,colony_edge,,False
4_KPCWT_50uL_live_740nm_3080mW_u1_poc0p25_20x0p75NA_457s50_g70_z1_256pix_basicFLIM_120f_0004.sdt,20260601_KPC_live_on_SLIM,20260601,live,KPCWT,4,4,457,2026-06-01 20:07:55.431837,colony_edge,,False
4_KPCWT_50uL_live_740nm_3080mW_u1_poc0p25_20x0p75NA_535s50_g70_z1_256pix_basicFLIM_120f_0004.sdt,20260601_KPC_live_on_SLIM,20260601,live,KPCWT,4,4,535,2026-06-01 20:33:14.788526,colony_edge,,False
4_KPCWT_50uL_live_740nm_3080mW_u1_poc0p25_20x0p75NA_457s50_g70_z1_256pix_basicFLIM_120f_0005.sdt,20260601_KPC_live_on_SLIM,20260601,live,KPCWT,4,5,457,2026-06-01 20:09:03.580747,colony_edge,,False
4_KPCWT_50uL_live_740nm_3080mW_u1_poc0p25_20x0p75NA_535s50_g70_z1_256pix_basicFLIM_120f_0005.sdt,20260601_KPC_live_on_SLIM,20260601,live,KPCWT,4,5,535,2026-06-01 20:34:22.950791,colony_edge,,False
4_KPCWT_50uL_live_740nm_3080mW_u1_poc0p25_20x0p75NA_457s50_g70_z1_256pix_basicFLIM_120f_0006.sdt,20260601_KPC_live_on_SLIM,20260601,live,KPCWT,4,6,457,2026-06-01 20:10:11.831754,colony_edge,,False
4_KPCWT_50uL_live_740nm_3080mW_u1_poc0p25_20x0p75NA_535s50_g70_z1_256pix_basicFLIM_120f_0006.sdt,20260601_KPC_live_on_SLIM,20260601,live,KPCWT,4,6,535,2026-06-01 20:35:31.422477,colony_edge,,False
4_KPCWT_50uL_live_740nm_3080mW_u1_poc0p25_20x0p75NA_457s50_g70_z1_256pix_basicFLIM_120f_0007.sdt,20260601_KPC_live_on_SLIM,20260601,live,KPCWT,4,7,457,2026-06-01 20:11:20.160929,colony_edge,,False
4_KPCWT_50uL_live_740nm_3080mW_u1_poc0p25_20x0p75NA_535s50_g70_z1_256pix_basicFLIM_120f_0007.sdt,20260601_KPC_live_on_SLIM,20260601,live,KPCWT,4,7,535,2026-06-01 20:36:39.931858,colony_edge,,False
4_KPCWT_50uL_live_740nm_3080mW_u1_poc0p25_20x0p75NA_457s50_g70_z1_256pix_basicFLIM_120f_0008.sdt,20260601_KPC_live_on_SLIM,20260601,live,KPCWT,4,8,457,2026-06-01 20:12:28.811074,colony_edge,,False
4_KPCWT_50uL_live_740nm_3080mW_u1_poc0p25_20x0p75NA_535s50_g70_z1_256pix_basicFLIM_120f_0008.sdt,20260601_KPC_live_on_SLIM,20260601,live,KPCWT,4,8,535,2026-06-01 20:37:48.158399,colony_edge,,False
4_KPCWT_50uL_live_740nm_3080mW_u1_poc0p25_20x0p75NA_457s50_g70_z1_256pix_basicFLIM_120f_0009.sdt,20260601_KPC_live_on_SLIM,20260601,live,KPCWT,4,9,457,2026-06-01 20:13:36.984507,colony_edge,,False
4_KPCWT_50uL_live_740nm_3080mW_u1_poc0p25_20x0p75NA_535s50_g70_z1_256pix_basicFLIM_120f_0009.sdt,20260601_KPC_live_on_SLIM,20260601,live,KPCWT,4,9,535,2026-06-01 20:38:57.124811,colony_edge,,False
4_KPCWT_50uL_live_740nm_3080mW_u1_poc0p25_20x0p75NA_457s50_g70_z1_256pix_basicFLIM_120f_0010.sdt,20260601_KPC_live_on_SLIM,20260601,live,KPCWT,4,10,457,2026-06-01 20:14:45.774319,colony_edge,,False
4_KPCWT_50uL_live_740nm_3080mW_u1_poc0p25_20x0p75NA_535s50_g70_z1_256pix_basicFLIM_120f_0010.sdt,20260601_KPC_live_on_SLIM,20260601,live,KPCWT,4,10,535,2026-06-01 20:40:06.328666,colony_edge,,False
4_KPCWT_50uL_live_740nm_3080mW_u1_poc0p25_20x0p75NA_457s50_g70_z1_256pix_basicFLIM_120f_0011.sdt,20260601_KPC_live_on_SLIM,20260601,live,KPCWT,4,11,457,2026-06-01 20:15:55.043664,colony_edge,,False
4_KPCWT_50uL_live_740nm_3080mW_u1_poc0p25_20x0p75NA_535s50_g70_z1_256pix_basicFLIM_120f_0011.sdt,20260601_KPC_live_on_SLIM,20260601,live,KPCWT,4,11,535,2026-06-01 20:41:15.262485,colony_deep,,False
4_KPCWT_50uL_live_740nm_3080mW_u1_poc0p25_20x0p75NA_457s50_g70_z1_256pix_basicFLIM_120f_0012.sdt,20260601_KPC_live_on_SLIM,20260601,live,KPCWT,4,12,457,2026-06-01 20:17:03.946286,colony_deep,,False
4_KPCWT_50uL_live_740nm_3080mW_u1_poc0p25_20x0p75NA_535s50_g70_z1_256pix_basicFLIM_120f_0012.sdt,20260601_KPC_live_on_SLIM,20260601,live,KPCWT,4,12,535,2026-06-01 20:42:24.025148,colony_deep,,False
4_KPCWT_50uL_live_740nm_3080mW_u1_poc0p25_20x0p75NA_457s50_g70_z1_256pix_basicFLIM_120f_0013.sdt,20260601_KPC_live_on_SLIM,20260601,live,KPCWT,4,13,457,2026-06-01 20:18:12.757692,colony_deep,,False
4_KPCWT_50uL_live_740nm_3080mW_u1_poc0p25_20x0p75NA_535s50_g70_z1_256pix_basicFLIM_120f_0013.sdt,20260601_KPC_live_on_SLIM,20260601,live,KPCWT,4,13,535,2026-06-01 20:43:32.437925,colony_deep,,False
4_KPCWT_50uL_live_740nm_3080mW_u1_poc0p25_20x0p75NA_457s50_g70_z1_256pix_basicFLIM_120f_0014.sdt,20260601_KPC_live_on_SLIM,20260601,live,KPCWT,4,14,457,2026-06-01 20:19:21.373557,colony_deep,,False
4_KPCWT_50uL_live_740nm_3080mW_u1_poc0p25_20x0p75NA_535s50_g70_z1_256pix_basicFLIM_120f_0014.sdt,20260601_KPC_live_on_SLIM,20260601,live,KPCWT,4,14,535,2026-06-01 20:44:40.781358,colony_deep,,False
4_KPCWT_50uL_live_740nm_3080mW_u1_poc0p25_20x0p75NA_457s50_g70_z1_256pix_basicFLIM_120f_0015.sdt,20260601_KPC_live_on_SLIM,20260601,live,KPCWT,4,15,457,2026-06-01 20:20:29.665921,colony_deep,,False
4_KPCWT_50uL_live_740nm_3080mW_u1_poc0p25_20x0p75NA_535s50_g70_z1_256pix_basicFLIM_120f_0015.sdt,20260601_KPC_live_on_SLIM,20260601,live,KPCWT,4,15,535,2026-06-01 20:45:49.317861,colony_deep,,False
4_KPCWT_50uL_live_740nm_3080mW_u1_poc0p25_20x0p75NA_457s50_g70_z1_256pix_basicFLIM_120f_0016.sdt,20260601_KPC_live_on_SLIM,20260601,live,KPCWT,4,16,457,2026-06-01 20:21:38.032102,colony_deep,,False
4_KPCWT_50uL_live_740nm_3080mW_u1_poc0p25_20x0p75NA_535s50_g70_z1_256pix_basicFLIM_120f_0016.sdt,20260601_KPC_live_on_SLIM,20260601,live,KPCWT,4,16,535,2026-06-01 20:46:57.812450,colony_deep,,False
4_KPCWT_50uL_live_740nm_3080mW_u1_poc0p25_20x0p75NA_457s50_g70_z1_256pix_basicFLIM_120f_0017.sdt,20260601_KPC_live_on_SLIM,20260601,live,KPCWT,4,17,457,2026-06-01 20:22:46.387064,colony_deep,,False
5_BKOCO2_P11_4_live_740nm_3076mW_u1_poc0p25_20x0p75NA_457s50_g70_z1_256pix_basicFLIM_120f_0000.sdt,20260601_KPC_live_on_SLIM,20260601,live,BKO,5,0,457,2026-06-01 21:23:55.311700,colony_edge,,False
5_BKOCO2_P11_4_live_740nm_3078mW_u1_poc0p25_20x0p75NA_535s50_g70_z1_256pix_basicFLIM_120f_0000.sdt,20260601_KPC_live_on_SLIM,20260601,live,BKO,5,0,535,2026-06-01 21:44:44.985094,colony_edge,,False
5_BKOCO2_P11_4_live_740nm_3076mW_u1_poc0p25_20x0p75NA_457s50_g70_z1_256pix_basicFLIM_120f_0001.sdt,20260601_KPC_live_on_SLIM,20260601,live,BKO,5,1,457,2026-06-01 21:25:03.539262,colony_edge,,False
5_BKOCO2_P11_4_live_740nm_3078mW_u1_poc0p25_20x0p75NA_535s50_g70_z1_256pix_basicFLIM_120f_0001.sdt,20260601_KPC_live_on_SLIM,20260601,live,BKO,5,1,535,2026-06-01 21:45:53.267123,colony_edge,,False
5_BKOCO2_P11_4_live_740nm_3076mW_u1_poc0p25_20x0p75NA_457s50_g70_z1_256pix_basicFLIM_120f_0002.sdt,20260601_KPC_live_on_SLIM,20260601,live,BKO,5,2,457,2026-06-01 21:26:12.073497,colony_edge,,False
5_BKOCO2_P11_4_live_740nm_3078mW_u1_poc0p25_20x0p75NA_535s50_g70_z1_256pix_basicFLIM_120f_0002.sdt,20260601_KPC_live_on_SLIM,20260601,live,BKO,5,2,535,2026-06-01 21:47:01.683859,colony_edge,,False
5_BKOCO2_P11_4_live_740nm_3076mW_u1_poc0p25_20x0p75NA_457s50_g70_z1_256pix_basicFLIM_120f_0003.sdt,20260601_KPC_live_on_SLIM,20260601,live,BKO,5,3,457,2026-06-01 21:27:21.795521,colony_edge,,False
5_BKOCO2_P11_4_live_740nm_3078mW_u1_poc0p25_20x0p75NA_535s50_g70_z1_256pix_basicFLIM_120f_0003.sdt,20260601_KPC_live_on_SLIM,20260601,live,BKO,5,3,535,2026-06-01 21:48:11.549554,colony_edge,,False
5_BKOCO2_P11_4_live_740nm_3076mW_u1_poc0p25_20x0p75NA_457s50_g70_z1_256pix_basicFLIM_120f_0004.sdt,20260601_KPC_live_on_SLIM,20260601,live,BKO,5,4,457,2026-06-01 21:28:30.968104,colony_edge,,False
5_BKOCO2_P11_4_live_740nm_3078mW_u1_poc0p25_20x0p75NA_535s50_g70_z1_256pix_basicFLIM_120f_0004.sdt,20260601_KPC_live_on_SLIM,20260601,live,BKO,5,4,535,2026-06-01 21:49:20.634085,colony_edge,,False
5_BKOCO2_P11_4_live_740nm_3076mW_u1_poc0p25_20x0p75NA_457s50_g70_z1_256pix_basicFLIM_120f_0005.sdt,20260601_KPC_live_on_SLIM,20260601,live,BKO,5,5,457,2026-06-01 21:29:39.815394,colony_edge,,False
5_BKOCO2_P11_4_live_740nm_3078mW_u1_poc0p25_20x0p75NA_535s50_g70_z1_256pix_basicFLIM_120f_0005.sdt,20260601_KPC_live_on_SLIM,20260601,live,BKO,5,5,535,2026-06-01 21:50:29.501754,colony_edge,,False
5_BKOCO2_P11_4_live_740nm_3076mW_u1_poc0p25_20x0p75NA_457s50_g70_z1_256pix_basicFLIM_120f_0006.sdt,20260601_KPC_live_on_SLIM,20260601,live,BKO,5,6,457,2026-06-01 21:30:48.417506,colony_edge,,False
5_BKOCO2_P11_4_live_740nm_3078mW_u1_poc0p25_20x0p75NA_535s50_g70_z1_256pix_basicFLIM_120f_0006.sdt,20260601_KPC_live_on_SLIM,20260601,live,BKO,5,6,535,2026-06-01 21:51:38.277911,colony_edge,,False
5_BKOCO2_P11_4_live_740nm_3076mW_u1_poc0p25_20x0p75NA_457s50_g70_z1_256pix_basicFLIM_120f_0007.sdt,20260601_KPC_live_on_SLIM,20260601,live,BKO,5,7,457,2026-06-01 21:31:56.808886,colony_edge,,False
5_BKOCO2_P11_4_live_740nm_3078mW_u1_poc0p25_20x0p75NA_535s50_g70_z1_256pix_basicFLIM_120f_0007.sdt,20260601_KPC_live_on_SLIM,20260601,live,BKO,5,7,535,2026-06-01 21:52:46.414398,colony_edge,,False
5_BKOCO2_P11_4_live_740nm_3076mW_u1_poc0p25_20x0p75NA_457s50_g70_z1_256pix_basicFLIM_120f_0008.sdt,20260601_KPC_live_on_SLIM,20260601,live,BKO,5,8,457,2026-06-01 21:33:05.347421,colony_edge,,False
5_BKOCO2_P11_4_live_740nm_3078mW_u1_poc0p25_20x0p75NA_535s50_g70_z1_256pix_basicFLIM_120f_0008.sdt,20260601_KPC_live_on_SLIM,20260601,live,BKO,5,8,535,2026-06-01 21:53:54.879867,colony_edge,,False
5_BKOCO2_P11_4_live_740nm_3076mW_u1_poc0p25_20x0p75NA_457s50_g70_z1_256pix_basicFLIM_120f_0009.sdt,20260601_KPC_live_on_SLIM,20260601,live,BKO,5,9,457,2026-06-01 21:34:14.406351,colony_edge,,False
5_BKOCO2_P11_4_live_740nm_3078mW_u1_poc0p25_20x0p75NA_535s50_g70_z1_256pix_basicFLIM_120f_0009.sdt,20260601_KPC_live_on_SLIM,20260601,live,BKO,5,9,535,2026-06-01 21:55:03.780031,colony_edge,,False
5_BKOCO2_P11_4_live_740nm_3076mW_u1_poc0p25_20x0p75NA_457s50_g70_z1_256pix_basicFLIM_120f_0010.sdt,20260601_KPC_live_on_SLIM,20260601,live,BKO,5,10,457,2026-06-01 21:35:22.752498,colony_deep,,False
5_BKOCO2_P11_4_live_740nm_3078mW_u1_poc0p25_20x0p75NA_535s50_g70_z1_256pix_basicFLIM_120f_0010.sdt,20260601_KPC_live_on_SLIM,20260601,live,BKO,5,10,535,2026-06-01 21:56:12.198504,colony_deep,,False
5_BKOCO2_P11_4_live_740nm_3076mW_u1_poc0p25_20x0p75NA_457s50_g70_z1_256pix_basicFLIM_120f_0011.sdt,20260601_KPC_live_on_SLIM,20260601,live,BKO,5,11,457,2026-06-01 21:36:31.491657,colony_deep,,False
5_BKOCO2_P11_4_live_740nm_3078mW_u1_poc0p25_20x0p75NA_535s50_g70_z1_256pix_basicFLIM_120f_0011.sdt,20260601_KPC_live_on_SLIM,20260601,live,BKO,5,11,535,2026-06-01 21:57:20.816149,colony_deep,,False
5_BKOCO2_P11_4_live_740nm_3076mW_u1_poc0p25_20x0p75NA_457s50_g70_z1_256pix_basicFLIM_120f_0012.sdt,20260601_KPC_live_on_SLIM,20260601,live,BKO,5,12,457,2026-06-01 21:37:40.054793,colony_deep,,False
5_BKOCO2_P11_4_live_740nm_3078mW_u1_poc0p25_20x0p75NA_535s50_g70_z1_256pix_basicFLIM_120f_0012.sdt,20260601_KPC_live_on_SLIM,20260601,live,BKO,5,12,535,2026-06-01 21:58:29.370058,colony_deep,,False
5_BKOCO2_P11_4_live_740nm_3076mW_u1_poc0p25_20x0p75NA_457s50_g70_z1_256pix_basicFLIM_120f_0013.sdt,20260601_KPC_live_on_SLIM,20260601,live,BKO,5,13,457,2026-06-01 21:38:48.908010,colony_deep,,False
5_BKOCO2_P11_4_live_740nm_3078mW_u1_poc0p25_20x0p75NA_535s50_g70_z1_256pix_basicFLIM_120f_0013.sdt,20260601_KPC_live_on_SLIM,20260601,live,BKO,5,13,535,2026-06-01 21:59:38.347785,colony_deep,,False
5_BKOCO2_P11_4_live_740nm_3076mW_u1_poc0p25_20x0p75NA_457s50_g70_z1_256pix_basicFLIM_120f_0014.sdt,20260601_KPC_live_on_SLIM,20260601,live,BKO,5,14,457,2026-06-01 21:39:58.805153,colony_deep,,False
5_BKOCO2_P11_4_live_740nm_3078mW_u1_poc0p25_20x0p75NA_535s50_g70_z1_256pix_basicFLIM_120f_0014.sdt,20260601_KPC_live_on_SLIM,20260601,live,BKO,5,14,535,2026-06-01 22:00:48.147647,colony_deep,,False
6_KPCWT_75uL_live_740nm_3078mW_u1_poc0p25_20x0p75NA_457s50_g70_z1_256pix_basicFLIM_120f_0000.sdt,20260601_KPC_live_on_SLIM,20260601,live,KPCWT,6,0,457,2026-06-01 22:25:13.389806,colony_edge,,False
6_KPCWT_75uL_live_740nm_3078mW_u1_poc0p25_20x0p75NA_457s50_g70_z1_256pix_basicFLIM_120f_0001.sdt,20260601_KPC_live_on_SLIM,20260601,live,KPCWT,6,1,457,2026-06-01 22:26:22.164284,colony_edge,,False
6_KPCWT_75uL_live_740nm_3078mW_u1_poc0p25_20x0p75NA_457s50_g70_z1_256pix_basicFLIM_120f_0002.sdt,20260601_KPC_live_on_SLIM,20260601,live,KPCWT,6,2,457,2026-06-01 22:27:31.120146,colony_edge,,False
6_KPCWT_75uL_live_740nm_3078mW_u1_poc0p25_20x0p75NA_457s50_g70_z1_256pix_basicFLIM_120f_0003.sdt,20260601_KPC_live_on_SLIM,20260601,live,KPCWT,6,3,457,2026-06-01 22:28:39.809321,colony_edge,,False
6_KPCWT_75uL_live_740nm_3078mW_u1_poc0p25_20x0p75NA_457s50_g70_z1_256pix_basicFLIM_120f_0004.sdt,20260601_KPC_live_on_SLIM,20260601,live,KPCWT,6,4,457,2026-06-01 22:29:48.095877,colony_edge,,False
6_KPCWT_75uL_live_740nm_3078mW_u1_poc0p25_20x0p75NA_457s50_g70_z1_256pix_basicFLIM_120f_0005.sdt,20260601_KPC_live_on_SLIM,20260601,live,KPCWT,6,5,457,2026-06-01 22:30:57.035820,colony_edge,,False
6_KPCWT_75uL_live_740nm_3078mW_u1_poc0p25_20x0p75NA_457s50_g70_z1_256pix_basicFLIM_120f_0006.sdt,20260601_KPC_live_on_SLIM,20260601,live,KPCWT,6,6,457,2026-06-01 22:32:05.182628,colony_edge,,False
6_KPCWT_75uL_live_740nm_3078mW_u1_poc0p25_20x0p75NA_457s50_g70_z1_256pix_basicFLIM_120f_0007.sdt,20260601_KPC_live_on_SLIM,20260601,live,KPCWT,6,7,457,2026-06-01 22:33:14.074924,colony_edge,,False
6_KPCWT_75uL_live_740nm_3078mW_u1_poc0p25_20x0p75NA_457s50_g70_z1_256pix_basicFLIM_120f_0008.sdt,20260601_KPC_live_on_SLIM,20260601,live,KPCWT,6,8,457,2026-06-01 22:34:22.635270,colony_edge,,False
6_KPCWT_75uL_live_740nm_3078mW_u1_poc0p25_20x0p75NA_457s50_g70_z1_256pix_basicFLIM_120f_0009.sdt,20260601_KPC_live_on_SLIM,20260601,live,KPCWT,6,9,457,2026-06-01 22:35:31.074257,colony_edge,,False
6_KPCWT_75uL_live_740nm_3078mW_u1_poc0p25_20x0p75NA_457s50_g70_z1_256pix_basicFLIM_120f_0010.sdt,20260601_KPC_live_on_SLIM,20260601,live,KPCWT,6,10,457,2026-06-01 22:36:39.483249,colony_deep,,False
6_KPCWT_75uL_live_740nm_3078mW_u1_poc0p25_20x0p75NA_457s50_g70_z1_256pix_basicFLIM_120f_0011.sdt,20260601_KPC_live_on_SLIM,20260601,live,KPCWT,6,11,457,2026-06-01 22:37:48.353582,colony_deep,,False
6_KPCWT_75uL_live_740nm_3078mW_u1_poc0p25_20x0p75NA_457s50_g70_z1_256pix_basicFLIM_120f_0012.sdt,20260601_KPC_live_on_SLIM,20260601,live,KPCWT,6,12,457,2026-06-01 22:38:57.363863,colony_deep,,False
6_KPCWT_75uL_live_740nm_3078mW_u1_poc0p25_20x0p75NA_457s50_g70_z1_256pix_basicFLIM_120f_0013.sdt,20260601_KPC_live_on_SLIM,20260601,live,KPCWT,6,13,457,2026-06-01 22:40:05.642562,colony_deep,,False
6_KPCWT_75uL_live_740nm_3078mW_u1_poc0p25_20x0p75NA_457s50_g70_z1_256pix_basicFLIM_120f_0014.sdt,20260601_KPC_live_on_SLIM,20260601,live,KPCWT,6,14,457,2026-06-01 22:41:13.771986,colony_deep,,False
7_BKOCO2_P11_5_live_740nm_3075mW_u1_poc0p25_20x0p75NA_457s50_g70_z1_256pix_basicFLIM_120f_0000.sdt,20260601_KPC_live_on_SLIM,20260601,live,BKO,7,0,457,2026-06-01 23:03:58.235343,colony_edge,,False
7_BKOCO2_P11_5_live_740nm_3079mW_u1_poc0p25_20x0p75NA_535s50_g70_z1_256pix_basicFLIM_120f_0000.sdt,20260601_KPC_live_on_SLIM,20260601,live,BKO,7,0,535,2026-06-01 23:22:13.655080,colony_edge,,False
7_BKOCO2_P11_5_live_740nm_3075mW_u1_poc0p25_20x0p75NA_457s50_g70_z1_256pix_basicFLIM_120f_0001.sdt,20260601_KPC_live_on_SLIM,20260601,live,BKO,7,1,457,2026-06-01 23:05:07.263158,colony_edge,,False
7_BKOCO2_P11_5_live_740nm_3079mW_u1_poc0p25_20x0p75NA_535s50_g70_z1_256pix_basicFLIM_120f_0001.sdt,20260601_KPC_live_on_SLIM,20260601,live,BKO,7,1,535,2026-06-01 23:23:22.466049,colony_edge,,False
7_BKOCO2_P11_5_live_740nm_3075mW_u1_poc0p25_20x0p75NA_457s50_g70_z1_256pix_basicFLIM_120f_0002.sdt,20260601_KPC_live_on_SLIM,20260601,live,BKO,7,2,457,2026-06-01 23:06:15.916005,colony_edge,,False
7_BKOCO2_P11_5_live_740nm_3079mW_u1_poc0p25_20x0p75NA_535s50_g70_z1_256pix_basicFLIM_120f_0002.sdt,20260601_KPC_live_on_SLIM,20260601,live,BKO,7,2,535,2026-06-01 23:24:30.829719,colony_edge,,False
7_BKOCO2_P11_5_live_740nm_3075mW_u1_poc0p25_20x0p75NA_457s50_g70_z1_256pix_basicFLIM_120f_0003.sdt,20260601_KPC_live_on_SLIM,20260601,live,BKO,7,3,457,2026-06-01 23:07:24.253637,colony_edge,,False
7_BKOCO2_P11_5_live_740nm_3079mW_u1_poc0p25_20x0p75NA_535s50_g70_z1_256pix_basicFLIM_120f_0003.sdt,20260601_KPC_live_on_SLIM,20260601,live,BKO,7,3,535,2026-06-01 23:25:39.369323,colony_edge,,False
7_BKOCO2_P11_5_live_740nm_3075mW_u1_poc0p25_20x0p75NA_457s50_g70_z1_256pix_basicFLIM_120f_0004.sdt,20260601_KPC_live_on_SLIM,20260601,live,BKO,7,4,457,2026-06-01 23:08:32.814781,colony_edge,,False
7_BKOCO2_P11_5_live_740nm_3079mW_u1_poc0p25_20x0p75NA_535s50_g70_z1_256pix_basicFLIM_120f_0004.sdt,20260601_KPC_live_on_SLIM,20260601,live,BKO,7,4,535,2026-06-01 23:26:47.651273,colony_edge,,False
7_BKOCO2_P11_5_live_740nm_3075mW_u1_poc0p25_20x0p75NA_457s50_g70_z1_256pix_basicFLIM_120f_0005.sdt,20260601_KPC_live_on_SLIM,20260601,live,BKO,7,5,457,2026-06-01 23:09:41.847703,colony_edge,,False
7_BKOCO2_P11_5_live_740nm_3079mW_u1_poc0p25_20x0p75NA_535s50_g70_z1_256pix_basicFLIM_120f_0005.sdt,20260601_KPC_live_on_SLIM,20260601,live,BKO,7,5,535,2026-06-01 23:27:56.993295,colony_edge,,False
7_BKOCO2_P11_5_live_740nm_3075mW_u1_poc0p25_20x0p75NA_457s50_g70_z1_256pix_basicFLIM_120f_0006.sdt,20260601_KPC_live_on_SLIM,20260601,live,BKO,7,6,457,2026-06-01 23:10:49.835828,colony_edge,,False
7_BKOCO2_P11_5_live_740nm_3079mW_u1_poc0p25_20x0p75NA_535s50_g70_z1_256pix_basicFLIM_120f_0006.sdt,20260601_KPC_live_on_SLIM,20260601,live,BKO,7,6,535,2026-06-01 23:29:05.123238,colony_edge,,False
7_BKOCO2_P11_5_live_740nm_3075mW_u1_poc0p25_20x0p75NA_457s50_g70_z1_256pix_basicFLIM_120f_0007.sdt,20260601_KPC_live_on_SLIM,20260601,live,BKO,7,7,457,2026-06-01 23:11:57.936061,colony_edge,,False
7_BKOCO2_P11_5_live_740nm_3079mW_u1_poc0p25_20x0p75NA_535s50_g70_z1_256pix_basicFLIM_120f_0007.sdt,20260601_KPC_live_on_SLIM,20260601,live,BKO,7,7,535,2026-06-01 23:30:13.537934,colony_edge,,False
7_BKOCO2_P11_5_live_740nm_3075mW_u1_poc0p25_20x0p75NA_457s50_g70_z1_256pix_basicFLIM_120f_0008.sdt,20260601_KPC_live_on_SLIM,20260601,live,BKO,7,8,457,2026-06-01 23:13:05.886315,colony_edge,,False
7_BKOCO2_P11_5_live_740nm_3079mW_u1_poc0p25_20x0p75NA_535s50_g70_z1_256pix_basicFLIM_120f_0008.sdt,20260601_KPC_live_on_SLIM,20260601,live,BKO,7,8,535,2026-06-01 23:31:21.780512,colony_edge,,False
7_BKOCO2_P11_5_live_740nm_3075mW_u1_poc0p25_20x0p75NA_457s50_g70_z1_256pix_basicFLIM_120f_0009.sdt,20260601_KPC_live_on_SLIM,20260601,live,BKO,7,9,457,2026-06-01 23:14:14.235679,colony_edge,,False
7_BKOCO2_P11_5_live_740nm_3079mW_u1_poc0p25_20x0p75NA_535s50_g70_z1_256pix_basicFLIM_120f_0009.sdt,20260601_KPC_live_on_SLIM,20260601,live,BKO,7,9,535,2026-06-01 23:32:30.393040,colony_edge,,False
7_BKOCO2_P11_5_live_740nm_3075mW_u1_poc0p25_20x0p75NA_457s50_g70_z1_256pix_basicFLIM_120f_0010.sdt,20260601_KPC_live_on_SLIM,20260601,live,BKO,7,10,457,2026-06-01 23:15:22.454327,colony_deep,,False
7_BKOCO2_P11_5_live_740nm_3079mW_u1_poc0p25_20x0p75NA_535s50_g70_z1_256pix_basicFLIM_120f_0010.sdt,20260601_KPC_live_on_SLIM,20260601,live,BKO,7,10,535,2026-06-01 23:33:38.815886,colony_deep,,False
7_BKOCO2_P11_5_live_740nm_3075mW_u1_poc0p25_20x0p75NA_457s50_g70_z1_256pix_basicFLIM_120f_0011.sdt,20260601_KPC_live_on_SLIM,20260601,live,BKO,7,11,457,2026-06-01 23:16:32.353659,colony_deep,,False
7_BKOCO2_P11_5_live_740nm_3079mW_u1_poc0p25_20x0p75NA_535s50_g70_z1_256pix_basicFLIM_120f_0011.sdt,20260601_KPC_live_on_SLIM,20260601,live,BKO,7,11,535,2026-06-01 23:34:49.189747,colony_deep,,False
7_BKOCO2_P11_5_live_740nm_3075mW_u1_poc0p25_20x0p75NA_457s50_g70_z1_256pix_basicFLIM_120f_0012.sdt,20260601_KPC_live_on_SLIM,20260601,live,BKO,7,12,457,2026-06-01 23:17:40.798515,colony_deep,,False
7_BKOCO2_P11_5_live_740nm_3079mW_u1_poc0p25_20x0p75NA_535s50_g70_z1_256pix_basicFLIM_120f_0012.sdt,20260601_KPC_live_on_SLIM,20260601,live,BKO,7,12,535,2026-06-01 23:35:57.468422,colony_deep,,False
7_BKOCO2_P11_5_live_740nm_3075mW_u1_poc0p25_20x0p75NA_457s50_g70_z1_256pix_basicFLIM_120f_0013.sdt,20260601_KPC_live_on_SLIM,20260601,live,BKO,7,13,457,2026-06-01 23:18:49.548188,colony_deep,,False
7_BKOCO2_P11_5_live_740nm_3079mW_u1_poc0p25_20x0p75NA_535s50_g70_z1_256pix_basicFLIM_120f_0013.sdt,20260601_KPC_live_on_SLIM,20260601,live,BKO,7,13,535,2026-06-01 23:37:06.114095,colony_deep,,False
7_BKOCO2_P11_5_live_740nm_3075mW_u1_poc0p25_20x0p75NA_457s50_g70_z1_256pix_basicFLIM_120f_0014.sdt,20260601_KPC_live_on_SLIM,20260601,live,BKO,7,14,457,2026-06-01 23:19:58.302868,colony_deep,,False
7_BKOCO2_P11_5_live_740nm_3079mW_u1_poc0p25_20x0p75NA_535s50_g70_z1_256pix_basicFLIM_120f_0014.sdt,20260601_KPC_live_on_SLIM,20260601,live,BKO,7,14,535,2026-06-01 23:38:15.226625,colony_deep,,False
8_KPCWT_180uL_live_740nm_3078mW_u1_poc0p25_20x0p75NA_457s50_g70_z1_256pix_basicFLIM_120f_0000.sdt,20260601_KPC_live_on_SLIM,20260601,live,KPCWT,8,0,457,2026-06-02 00:01:43.985020,colony_edge,,False
8_KPCWT_180uL_live_740nm_3078mW_u1_poc0p25_20x0p75NA_535s50_g70_z1_256pix_basicFLIM_120f_0000.sdt,20260601_KPC_live_on_SLIM,20260601,live,KPCWT,8,0,535,2026-06-02 00:22:55.362697,colony_edge,,False
8_KPCWT_180uL_live_740nm_3078mW_u1_poc0p25_20x0p75NA_457s50_g70_z1_256pix_basicFLIM_120f_0001.sdt,20260601_KPC_live_on_SLIM,20260601,live,KPCWT,8,1,457,2026-06-02 00:02:52.441190,colony_edge,,False
8_KPCWT_180uL_live_740nm_3078mW_u1_poc0p25_20x0p75NA_535s50_g70_z1_256pix_basicFLIM_120f_0001.sdt,20260601_KPC_live_on_SLIM,20260601,live,KPCWT,8,1,535,2026-06-02 00:24:03.940531,colony_edge,,False
8_KPCWT_180uL_live_740nm_3078mW_u1_poc0p25_20x0p75NA_457s50_g70_z1_256pix_basicFLIM_120f_0002.sdt,20260601_KPC_live_on_SLIM,20260601,live,KPCWT,8,2,457,2026-06-02 00:04:00.735343,colony_edge,,False
8_KPCWT_180uL_live_740nm_3078mW_u1_poc0p25_20x0p75NA_535s50_g70_z1_256pix_basicFLIM_120f_0002.sdt,20260601_KPC_live_on_SLIM,20260601,live,KPCWT,8,2,535,2026-06-02 00:25:12.389220,colony_edge,,False
8_KPCWT_180uL_live_740nm_3078mW_u1_poc0p25_20x0p75NA_457s50_g70_z1_256pix_basicFLIM_120f_0003.sdt,20260601_KPC_live_on_SLIM,20260601,live,KPCWT,8,3,457,2026-06-02 00:05:09.165618,colony_edge,,False
8_KPCWT_180uL_live_740nm_3078mW_u1_poc0p25_20x0p75NA_535s50_g70_z1_256pix_basicFLIM_120f_0003.sdt,20260601_KPC_live_on_SLIM,20260601,live,KPCWT,8,3,535,2026-06-02 00:26:20.854505,colony_edge,,False
8_KPCWT_180uL_live_740nm_3078mW_u1_poc0p25_20x0p75NA_457s50_g70_z1_256pix_basicFLIM_120f_0004.sdt,20260601_KPC_live_on_SLIM,20260601,live,KPCWT,8,4,457,2026-06-02 00:06:18.348161,colony_edge,,False
8_KPCWT_180uL_live_740nm_3078mW_u1_poc0p25_20x0p75NA_535s50_g70_z1_256pix_basicFLIM_120f_0004.sdt,20260601_KPC_live_on_SLIM,20260601,live,KPCWT,8,4,535,2026-06-02 00:27:30.095599,colony_edge,,False
8_KPCWT_180uL_live_740nm_3078mW_u1_poc0p25_20x0p75NA_457s50_g70_z1_256pix_basicFLIM_120f_0005.sdt,20260601_KPC_live_on_SLIM,20260601,live,KPCWT,8,5,457,2026-06-02 00:07:27.177611,colony_edge,,False
8_KPCWT_180uL_live_740nm_3078mW_u1_poc0p25_20x0p75NA_535s50_g70_z1_256pix_basicFLIM_120f_0005.sdt,20260601_KPC_live_on_SLIM,20260601,live,KPCWT,8,5,535,2026-06-02 00:28:38.769848,colony_edge,,False
8_KPCWT_180uL_live_740nm_3078mW_u1_poc0p25_20x0p75NA_457s50_g70_z1_256pix_basicFLIM_120f_0006.sdt,20260601_KPC_live_on_SLIM,20260601,live,KPCWT,8,6,457,2026-06-02 00:08:36.652944,colony_edge,,False
8_KPCWT_180uL_live_740nm_3078mW_u1_poc0p25_20x0p75NA_535s50_g70_z1_256pix_basicFLIM_120f_0006.sdt,20260601_KPC_live_on_SLIM,20260601,live,KPCWT,8,6,535,2026-06-02 00:29:48.412740,colony_edge,,False
8_KPCWT_180uL_live_740nm_3078mW_u1_poc0p25_20x0p75NA_457s50_g70_z1_256pix_basicFLIM_120f_0007.sdt,20260601_KPC_live_on_SLIM,20260601,live,KPCWT,8,7,457,2026-06-02 00:09:44.716521,colony_edge,,False
8_KPCWT_180uL_live_740nm_3078mW_u1_poc0p25_20x0p75NA_535s50_g70_z1_256pix_basicFLIM_120f_0007.sdt,20260601_KPC_live_on_SLIM,20260601,live,KPCWT,8,7,535,2026-06-02 00:30:56.869365,colony_edge,,False
8_KPCWT_180uL_live_740nm_3078mW_u1_poc0p25_20x0p75NA_457s50_g70_z1_256pix_basicFLIM_120f_0008.sdt,20260601_KPC_live_on_SLIM,20260601,live,KPCWT,8,8,457,2026-06-02 00:10:53.851608,colony_edge,,False
8_KPCWT_180uL_live_740nm_3078mW_u1_poc0p25_20x0p75NA_535s50_g70_z1_256pix_basicFLIM_120f_0008.sdt,20260601_KPC_live_on_SLIM,20260601,live,KPCWT,8,8,535,2026-06-02 00:32:06.364226,colony_edge,,False
8_KPCWT_180uL_live_740nm_3078mW_u1_poc0p25_20x0p75NA_457s50_g70_z1_256pix_basicFLIM_120f_0009.sdt,20260601_KPC_live_on_SLIM,20260601,live,KPCWT,8,9,457,2026-06-02 00:12:02.807400,colony_edge,,False
8_KPCWT_180uL_live_740nm_3078mW_u1_poc0p25_20x0p75NA_535s50_g70_z1_256pix_basicFLIM_120f_0009.sdt,20260601_KPC_live_on_SLIM,20260601,live,KPCWT,8,9,535,2026-06-02 00:33:15.353569,colony_edge,,False
8_KPCWT_180uL_live_740nm_3078mW_u1_poc0p25_20x0p75NA_457s50_g70_z1_256pix_basicFLIM_120f_0010.sdt,20260601_KPC_live_on_SLIM,20260601,live,KPCWT,8,10,457,2026-06-02 00:15:26.840112,colony_deep,,False
8_KPCWT_180uL_live_740nm_3078mW_u1_poc0p25_20x0p75NA_535s50_g70_z1_256pix_basicFLIM_120f_0010.sdt,20260601_KPC_live_on_SLIM,20260601,live,KPCWT,8,10,535,2026-06-02 00:34:24.512474,colony_deep,,False
8_KPCWT_180uL_live_740nm_3078mW_u1_poc0p25_20x0p75NA_457s50_g70_z1_256pix_basicFLIM_120f_0011.sdt,20260601_KPC_live_on_SLIM,20260601,live,KPCWT,8,11,457,2026-06-02 00:16:35.378291,colony_deep,,False
8_KPCWT_180uL_live_740nm_3078mW_u1_poc0p25_20x0p75NA_535s50_g70_z1_256pix_basicFLIM_120f_0011.sdt,20260601_KPC_live_on_SLIM,20260601,live,KPCWT,8,11,535,2026-06-02 00:35:33.124587,colony_deep,,False
8_KPCWT_180uL_live_740nm_3078mW_u1_poc0p25_20x0p75NA_457s50_g70_z1_256pix_basicFLIM_120f_0012.sdt,20260601_KPC_live_on_SLIM,20260601,live,KPCWT,8,12,457,2026-06-02 00:17:44.583078,colony_deep,,False
8_KPCWT_180uL_live_740nm_3078mW_u1_poc0p25_20x0p75NA_535s50_g70_z1_256pix_basicFLIM_120f_0012.sdt,20260601_KPC_live_on_SLIM,20260601,live,KPCWT,8,12,535,2026-06-02 00:36:42.335910,colony_deep,,False
8_KPCWT_180uL_live_740nm_3078mW_u1_poc0p25_20x0p75NA_457s50_g70_z1_256pix_basicFLIM_120f_0013.sdt,20260601_KPC_live_on_SLIM,20260601,live,KPCWT,8,13,457,2026-06-02 00:18:53.959960,colony_deep,,False
8_KPCWT_180uL_live_740nm_3078mW_u1_poc0p25_20x0p75NA_535s50_g70_z1_256pix_basicFLIM_120f_0013.sdt,20260601_KPC_live_on_SLIM,20260601,live,KPCWT,8,13,535,2026-06-02 00:39:17.321120,colony_deep,,False
8_KPCWT_180uL_live_740nm_3078mW_u1_poc0p25_20x0p75NA_457s50_g70_z1_256pix_basicFLIM_120f_0014.sdt,20260601_KPC_live_on_SLIM,20260601,live,KPCWT,8,14,457,2026-06-02 00:20:02.939003,colony_deep,,False
9_KPCWT_160uL_live_740nm_3077mW_u1_poc0p25_20x0p75NA_457s50_g70_z1_256pix_basicFLIM_120f_0000.sdt,20260601_KPC_live_on_SLIM,20260601,live,KPCWT,9,0,457,2026-06-02 01:05:28.489872,colony_edge,,False
9_KPCWT_160uL_live_740nm_3077mW_u1_poc0p25_20x0p75NA_535s50_g70_z1_256pix_basicFLIM_120f_0000.sdt,20260601_KPC_live_on_SLIM,20260601,live,KPCWT,9,0,535,2026-06-02 01:22:16.953968,colony_edge,,False
9_KPCWT_160uL_live_740nm_3077mW_u1_poc0p25_20x0p75NA_457s50_g70_z1_256pix_basicFLIM_120f_0001.sdt,20260601_KPC_live_on_SLIM,20260601,live,KPCWT,9,1,457,2026-06-02 01:06:36.979709,colony_edge,,False
9_KPCWT_160uL_live_740nm_3077mW_u1_poc0p25_20x0p75NA_535s50_g70_z1_256pix_basicFLIM_120f_0001.sdt,20260601_KPC_live_on_SLIM,20260601,live,KPCWT,9,1,535,2026-06-02 01:23:25.866594,colony_edge,,False
9_KPCWT_160uL_live_740nm_3077mW_u1_poc0p25_20x0p75NA_457s50_g70_z1_256pix_basicFLIM_120f_0002.sdt,20260601_KPC_live_on_SLIM,20260601,live,KPCWT,9,2,457,2026-06-02 01:07:45.481622,colony_edge,,False
9_KPCWT_160uL_live_740nm_3077mW_u1_poc0p25_20x0p75NA_535s50_g70_z1_256pix_basicFLIM_120f_0002.sdt,20260601_KPC_live_on_SLIM,20260601,live,KPCWT,9,2,535,2026-06-02 01:25:44.656295,colony_edge,,False
9_KPCWT_160uL_live_740nm_3077mW_u1_poc0p25_20x0p75NA_457s50_g70_z1_256pix_basicFLIM_120f_0003.sdt,20260601_KPC_live_on_SLIM,20260601,live,KPCWT,9,3,457,2026-06-02 01:08:54.062604,colony_edge,,False
9_KPCWT_160uL_live_740nm_3077mW_u1_poc0p25_20x0p75NA_535s50_g70_z1_256pix_basicFLIM_120f_0003.sdt,20260601_KPC_live_on_SLIM,20260601,live,KPCWT,9,3,535,2026-06-02 01:26:52.735187,colony_edge,,False
9_KPCWT_160uL_live_740nm_3077mW_u1_poc0p25_20x0p75NA_457s50_g70_z1_256pix_basicFLIM_120f_0004.sdt,20260601_KPC_live_on_SLIM,20260601,live,KPCWT,9,4,457,2026-06-02 01:10:02.084059,colony_edge,,False
9_KPCWT_160uL_live_740nm_3077mW_u1_poc0p25_20x0p75NA_535s50_g70_z1_256pix_basicFLIM_120f_0004.sdt,20260601_KPC_live_on_SLIM,20260601,live,KPCWT,9,4,535,2026-06-02 01:28:01.045629,colony_edge,,False
9_KPCWT_160uL_live_740nm_3077mW_u1_poc0p25_20x0p75NA_457s50_g70_z1_256pix_basicFLIM_120f_0005.sdt,20260601_KPC_live_on_SLIM,20260601,live,KPCWT,9,5,457,2026-06-02 01:11:10.531122,colony_edge,,False
9_KPCWT_160uL_live_740nm_3077mW_u1_poc0p25_20x0p75NA_535s50_g70_z1_256pix_basicFLIM_120f_0005.sdt,20260601_KPC_live_on_SLIM,20260601,live,KPCWT,9,5,535,2026-06-02 01:29:09.571844,colony_edge,,False
9_KPCWT_160uL_live_740nm_3077mW_u1_poc0p25_20x0p75NA_457s50_g70_z1_256pix_basicFLIM_120f_0006.sdt,20260601_KPC_live_on_SLIM,20260601,live,KPCWT,9,6,457,2026-06-02 01:12:19.155336,colony_edge,,False
9_KPCWT_160uL_live_740nm_3077mW_u1_poc0p25_20x0p75NA_535s50_g70_z1_256pix_basicFLIM_120f_0006.sdt,20260601_KPC_live_on_SLIM,20260601,live,KPCWT,9,6,535,2026-06-02 01:30:17.831339,colony_edge,,False
9_KPCWT_160uL_live_740nm_3077mW_u1_poc0p25_20x0p75NA_457s50_g70_z1_256pix_basicFLIM_120f_0007.sdt,20260601_KPC_live_on_SLIM,20260601,live,KPCWT,9,7,457,2026-06-02 01:13:27.647960,colony_edge,,False
9_KPCWT_160uL_live_740nm_3077mW_u1_poc0p25_20x0p75NA_535s50_g70_z1_256pix_basicFLIM_120f_0007.sdt,20260601_KPC_live_on_SLIM,20260601,live,KPCWT,9,7,535,2026-06-02 01:31:25.985826,colony_edge,,False
9_KPCWT_160uL_live_740nm_3077mW_u1_poc0p25_20x0p75NA_457s50_g70_z1_256pix_basicFLIM_120f_0008.sdt,20260601_KPC_live_on_SLIM,20260601,live,KPCWT,9,8,457,2026-06-02 01:14:36.720650,colony_edge,,False
9_KPCWT_160uL_live_740nm_3077mW_u1_poc0p25_20x0p75NA_535s50_g70_z1_256pix_basicFLIM_120f_0008.sdt,20260601_KPC_live_on_SLIM,20260601,live,KPCWT,9,8,535,2026-06-02 01:32:34.906595,colony_edge,,False
9_KPCWT_160uL_live_740nm_3077mW_u1_poc0p25_20x0p75NA_457s50_g70_z1_256pix_basicFLIM_120f_0009.sdt,20260601_KPC_live_on_SLIM,20260601,live,KPCWT,9,9,457,2026-06-02 01:15:45.644432,colony_deep,,False
9_KPCWT_160uL_live_740nm_3077mW_u1_poc0p25_20x0p75NA_535s50_g70_z1_256pix_basicFLIM_120f_0009.sdt,20260601_KPC_live_on_SLIM,20260601,live,KPCWT,9,9,535,2026-06-02 01:33:43.892264,colony_deep,,False
9_KPCWT_160uL_live_740nm_3077mW_u1_poc0p25_20x0p75NA_457s50_g70_z1_256pix_basicFLIM_120f_0010.sdt,20260601_KPC_live_on_SLIM,20260601,live,KPCWT,9,10,457,2026-06-02 01:16:54.797269,colony_deep,,False
9_KPCWT_160uL_live_740nm_3077mW_u1_poc0p25_20x0p75NA_535s50_g70_z1_256pix_basicFLIM_120f_0010.sdt,20260601_KPC_live_on_SLIM,20260601,live,KPCWT,9,10,535,2026-06-02 01:34:52.836782,colony_deep,,False
9_KPCWT_160uL_live_740nm_3077mW_u1_poc0p25_20x0p75NA_457s50_g70_z1_256pix_basicFLIM_120f_0011.sdt,20260601_KPC_live_on_SLIM,20260601,live,KPCWT,9,11,457,2026-06-02 01:18:04.171859,colony_deep,,False
9_KPCWT_160uL_live_740nm_3077mW_u1_poc0p25_20x0p75NA_535s50_g70_z1_256pix_basicFLIM_120f_0011.sdt,20260601_KPC_live_on_SLIM,20260601,live,KPCWT,9,11,535,2026-06-02 01:36:01.877644,colony_deep,,False
9_KPCWT_160uL_live_740nm_3077mW_u1_poc0p25_20x0p75NA_457s50_g70_z1_256pix_basicFLIM_120f_0012.sdt,20260601_KPC_live_on_SLIM,20260601,live,KPCWT,9,12,457,2026-06-02 01:19:12.882574,colony_deep,,False
9_KPCWT_160uL_live_740nm_3077mW_u1_poc0p25_20x0p75NA_535s50_g70_z1_256pix_basicFLIM_120f_0012.sdt,20260601_KPC_live_on_SLIM,20260601,live,KPCWT,9,12,535,2026-06-02 01:37:10.550359,colony_deep,,False
9_KPCWT_160uL_live_740nm_3077mW_u1_poc0p25_20x0p75NA_457s50_g70_z1_256pix_basicFLIM_120f_0013.sdt,20260601_KPC_live_on_SLIM,20260601,live,KPCWT,9,13,457,2026-06-02 01:20:21.062006,colony_deep,,False
9_KPCWT_160uL_live_740nm_3077mW_u1_poc0p25_20x0p75NA_535s50_g70_z1_256pix_basicFLIM_120f_0013.sdt,20260601_KPC_live_on_SLIM,20260601,live,KPCWT,9,13,535,2026-06-02 01:38:18.531399,colony_deep,,False
10_KPCWT_145uL_live_740nm_3076mW_u1_poc0p25_20x0p75NA_457s50_g70_z1_256pix_basicFLIM_120f_0000.sdt,20260601_KPC_live_on_SLIM,20260601,live,KPCWT,10,0,457,2026-06-02 02:06:34.097106,colony_edge,,False
10_KPCWT_145uL_live_740nm_3076mW_u1_poc0p25_20x0p75NA_535s50_g70_z1_256pix_basicFLIM_120f_0000.sdt,20260601_KPC_live_on_SLIM,20260601,live,KPCWT,10,0,535,2026-06-02 02:23:21.405325,colony_edge,,False
10_KPCWT_145uL_live_740nm_3076mW_u1_poc0p25_20x0p75NA_457s50_g70_z1_256pix_basicFLIM_120f_0001.sdt,20260601_KPC_live_on_SLIM,20260601,live,KPCWT,10,1,457,2026-06-02 02:07:43.158808,colony_edge,,False
10_KPCWT_145uL_live_740nm_3076mW_u1_poc0p25_20x0p75NA_535s50_g70_z1_256pix_basicFLIM_120f_0001.sdt,20260601_KPC_live_on_SLIM,20260601,live,KPCWT,10,1,535,2026-06-02 02:24:30.224838,colony_edge,,False
10_KPCWT_145uL_live_740nm_3076mW_u1_poc0p25_20x0p75NA_457s50_g70_z1_256pix_basicFLIM_120f_0002.sdt,20260601_KPC_live_on_SLIM,20260601,live,KPCWT,10,2,457,2026-06-02 02:08:51.507161,colony_edge,,False
10_KPCWT_145uL_live_740nm_3076mW_u1_poc0p25_20x0p75NA_535s50_g70_z1_256pix_basicFLIM_120f_0002.sdt,20260601_KPC_live_on_SLIM,20260601,live,KPCWT,10,2,535,2026-06-02 02:25:38.660181,colony_edge,,False
10_KPCWT_145uL_live_740nm_3076mW_u1_poc0p25_20x0p75NA_457s50_g70_z1_256pix_basicFLIM_120f_0003.sdt,20260601_KPC_live_on_SLIM,20260601,live,KPCWT,10,3,457,2026-06-02 02:10:00.058265,colony_edge,,False
10_KPCWT_145uL_live_740nm_3076mW_u1_poc0p25_20x0p75NA_535s50_g70_z1_256pix_basicFLIM_120f_0003.sdt,20260601_KPC_live_on_SLIM,20260601,live,KPCWT,10,3,535,2026-06-02 02:26:47.135507,colony_edge,,False
10_KPCWT_145uL_live_740nm_3076mW_u1_poc0p25_20x0p75NA_457s50_g70_z1_256pix_basicFLIM_120f_0004.sdt,20260601_KPC_live_on_SLIM,20260601,live,KPCWT,10,4,457,2026-06-02 02:11:08.476499,colony_edge,,False
10_KPCWT_145uL_live_740nm_3076mW_u1_poc0p25_20x0p75NA_535s50_g70_z1_256pix_basicFLIM_120f_0004.sdt,20260601_KPC_live_on_SLIM,20260601,live,KPCWT,10,4,535,2026-06-02 02:27:55.682419,colony_edge,,False
10_KPCWT_145uL_live_740nm_3076mW_u1_poc0p25_20x0p75NA_457s50_g70_z1_256pix_basicFLIM_120f_0005.sdt,20260601_KPC_live_on_SLIM,20260601,live,KPCWT,10,5,457,2026-06-02 02:12:17.975427,colony_edge,,False
10_KPCWT_145uL_live_740nm_3076mW_u1_poc0p25_20x0p75NA_535s50_g70_z1_256pix_basicFLIM_120f_0005.sdt,20260601_KPC_live_on_SLIM,20260601,live,KPCWT,10,5,535,2026-06-02 02:29:05.061708,colony_edge,,False
10_KPCWT_145uL_live_740nm_3076mW_u1_poc0p25_20x0p75NA_457s50_g70_z1_256pix_basicFLIM_120f_0006.sdt,20260601_KPC_live_on_SLIM,20260601,live,KPCWT,10,6,457,2026-06-02 02:13:26.438104,colony_edge,,False
10_KPCWT_145uL_live_740nm_3076mW_u1_poc0p25_20x0p75NA_535s50_g70_z1_256pix_basicFLIM_120f_0006.sdt,20260601_KPC_live_on_SLIM,20260601,live,KPCWT,10,6,535,2026-06-02 02:30:13.635436,colony_edge,,False
10_KPCWT_145uL_live_740nm_3076mW_u1_poc0p25_20x0p75NA_457s50_g70_z1_256pix_basicFLIM_120f_0007.sdt,20260601_KPC_live_on_SLIM,20260601,live,KPCWT,10,7,457,2026-06-02 02:14:35.079366,colony_edge,,False
10_KPCWT_145uL_live_740nm_3076mW_u1_poc0p25_20x0p75NA_535s50_g70_z1_256pix_basicFLIM_120f_0007.sdt,20260601_KPC_live_on_SLIM,20260601,live,KPCWT,10,7,535,2026-06-02 02:31:22.236588,colony_edge,,False
10_KPCWT_145uL_live_740nm_3076mW_u1_poc0p25_20x0p75NA_457s50_g70_z1_256pix_basicFLIM_120f_0008.sdt,20260601_KPC_live_on_SLIM,20260601,live,KPCWT,10,8,457,2026-06-02 02:15:43.612494,colony_edge,,False
10_KPCWT_145uL_live_740nm_3076mW_u1_poc0p25_20x0p75NA_535s50_g70_z1_256pix_basicFLIM_120f_0008.sdt,20260601_KPC_live_on_SLIM,20260601,live,KPCWT,10,8,535,2026-06-02 02:32:30.842096,colony_edge,,False
10_KPCWT_145uL_live_740nm_3076mW_u1_poc0p25_20x0p75NA_457s50_g70_z1_256pix_basicFLIM_120f_0009.sdt,20260601_KPC_live_on_SLIM,20260601,live,KPCWT,10,9,457,2026-06-02 02:16:52.042997,colony_deep,,False
10_KPCWT_145uL_live_740nm_3076mW_u1_poc0p25_20x0p75NA_535s50_g70_z1_256pix_basicFLIM_120f_0009.sdt,20260601_KPC_live_on_SLIM,20260601,live,KPCWT,10,9,535,2026-06-02 02:33:39.338136,colony_deep,,False
10_KPCWT_145uL_live_740nm_3076mW_u1_poc0p25_20x0p75NA_457s50_g70_z1_256pix_basicFLIM_120f_0010.sdt,20260601_KPC_live_on_SLIM,20260601,live,KPCWT,10,10,457,2026-06-02 02:18:00.530006,colony_deep,,False
10_KPCWT_145uL_live_740nm_3076mW_u1_poc0p25_20x0p75NA_535s50_g70_z1_256pix_basicFLIM_120f_0010.sdt,20260601_KPC_live_on_SLIM,20260601,live,KPCWT,10,10,535,2026-06-02 02:34:47.737767,colony_deep,,False
10_KPCWT_145uL_live_740nm_3076mW_u1_poc0p25_20x0p75NA_457s50_g70_z1_256pix_basicFLIM_120f_0011.sdt,20260601_KPC_live_on_SLIM,20260601,live,KPCWT,10,11,457,2026-06-02 02:19:09.203806,colony_deep,,False
10_KPCWT_145uL_live_740nm_3076mW_u1_poc0p25_20x0p75NA_535s50_g70_z1_256pix_basicFLIM_120f_0011.sdt,20260601_KPC_live_on_SLIM,20260601,live,KPCWT,10,11,535,2026-06-02 02:35:56.452391,colony_deep,,False
10_KPCWT_145uL_live_740nm_3076mW_u1_poc0p25_20x0p75NA_457s50_g70_z1_256pix_basicFLIM_120f_0012.sdt,20260601_KPC_live_on_SLIM,20260601,live,KPCWT,10,12,457,2026-06-02 02:20:18.851737,colony_deep,,False
10_KPCWT_145uL_live_740nm_3076mW_u1_poc0p25_20x0p75NA_535s50_g70_z1_256pix_basicFLIM_120f_0012.sdt,20260601_KPC_live_on_SLIM,20260601,live,KPCWT,10,12,535,2026-06-02 02:37:06.062747,colony_deep,,False
10_KPCWT_145uL_live_740nm_3076mW_u1_poc0p25_20x0p75NA_457s50_g70_z1_256pix_basicFLIM_120f_0013.sdt,20260601_KPC_live_on_SLIM,20260601,live,KPCWT,10,13,457,2026-06-02 02:21:27.540753,colony_deep,,False
10_KPCWT_145uL_live_740nm_3076mW_u1_poc0p25_20x0p75NA_535s50_g70_z1_256pix_basicFLIM_120f_0013.sdt,20260601_KPC_live_on_SLIM,20260601,live,KPCWT,10,13,535,2026-06-02 02:38:14.894237,colony_deep,,False
11_KPCWT_130uL_live_740nm_3076mW_u1_poc0p25_20x0p75NA_457s50_g70_z1_256pix_basicFLIM_120f_0000.sdt,20260601_KPC_live_on_SLIM,20260601,live,KPCWT,11,0,457,2026-06-02 03:00:33.043734,colony_edge,,False
11_KPCWT_130uL_live_740nm_3076mW_u1_poc0p25_20x0p75NA_535s50_g70_z1_256pix_basicFLIM_120f_0000.sdt,20260601_KPC_live_on_SLIM,20260601,live,KPCWT,11,0,535,2026-06-02 03:18:27.059045,colony_edge,,False
11_KPCWT_130uL_live_740nm_3076mW_u1_poc0p25_20x0p75NA_457s50_g70_z1_256pix_basicFLIM_120f_0001.sdt,20260601_KPC_live_on_SLIM,20260601,live,KPCWT,11,1,457,2026-06-02 03:01:41.312254,colony_edge,,False
11_KPCWT_130uL_live_740nm_3076mW_u1_poc0p25_20x0p75NA_535s50_g70_z1_256pix_basicFLIM_120f_0001.sdt,20260601_KPC_live_on_SLIM,20260601,live,KPCWT,11,1,535,2026-06-02 03:19:35.708326,colony_edge,,False
11_KPCWT_130uL_live_740nm_3076mW_u1_poc0p25_20x0p75NA_457s50_g70_z1_256pix_basicFLIM_120f_0002.sdt,20260601_KPC_live_on_SLIM,20260601,live,KPCWT,11,2,457,2026-06-02 03:02:49.851701,colony_edge,,False
11_KPCWT_130uL_live_740nm_3076mW_u1_poc0p25_20x0p75NA_535s50_g70_z1_256pix_basicFLIM_120f_0002.sdt,20260601_KPC_live_on_SLIM,20260601,live,KPCWT,11,2,535,2026-06-02 03:20:44.224369,colony_edge,,False
11_KPCWT_130uL_live_740nm_3076mW_u1_poc0p25_20x0p75NA_457s50_g70_z1_256pix_basicFLIM_120f_0003.sdt,20260601_KPC_live_on_SLIM,20260601,live,KPCWT,11,3,457,2026-06-02 03:03:58.603055,colony_edge,,False
11_KPCWT_130uL_live_740nm_3076mW_u1_poc0p25_20x0p75NA_535s50_g70_z1_256pix_basicFLIM_120f_0003.sdt,20260601_KPC_live_on_SLIM,20260601,live,KPCWT,11,3,535,2026-06-02 03:21:52.958176,colony_edge,,False
11_KPCWT_130uL_live_740nm_3076mW_u1_poc0p25_20x0p75NA_457s50_g70_z1_256pix_basicFLIM_120f_0004.sdt,20260601_KPC_live_on_SLIM,20260601,live,KPCWT,11,4,457,2026-06-02 03:05:07.717029,colony_edge,,False
11_KPCWT_130uL_live_740nm_3076mW_u1_poc0p25_20x0p75NA_535s50_g70_z1_256pix_basicFLIM_120f_0004.sdt,20260601_KPC_live_on_SLIM,20260601,live,KPCWT,11,4,535,2026-06-02 03:23:02.099760,colony_edge,,False
11_KPCWT_130uL_live_740nm_3076mW_u1_poc0p25_20x0p75NA_457s50_g70_z1_256pix_basicFLIM_120f_0005.sdt,20260601_KPC_live_on_SLIM,20260601,live,KPCWT,11,5,457,2026-06-02 03:06:16.226915,colony_edge,,False
11_KPCWT_130uL_live_740nm_3076mW_u1_poc0p25_20x0p75NA_535s50_g70_z1_256pix_basicFLIM_120f_0005.sdt,20260601_KPC_live_on_SLIM,20260601,live,KPCWT,11,5,535,2026-06-02 03:24:10.653238,colony_edge,,False
11_KPCWT_130uL_live_740nm_3076mW_u1_poc0p25_20x0p75NA_457s50_g70_z1_256pix_basicFLIM_120f_0006.sdt,20260601_KPC_live_on_SLIM,20260601,live,KPCWT,11,6,457,2026-06-02 03:07:25.058678,colony_edge,,False
11_KPCWT_130uL_live_740nm_3076mW_u1_poc0p25_20x0p75NA_535s50_g70_z1_256pix_basicFLIM_120f_0006.sdt,20260601_KPC_live_on_SLIM,20260601,live,KPCWT,11,6,535,2026-06-02 03:25:19.159326,colony_edge,,False
11_KPCWT_130uL_live_740nm_3076mW_u1_poc0p25_20x0p75NA_457s50_g70_z1_256pix_basicFLIM_120f_0007.sdt,20260601_KPC_live_on_SLIM,20260601,live,KPCWT,11,7,457,2026-06-02 03:08:34.279387,colony_edge,,False
11_KPCWT_130uL_live_740nm_3076mW_u1_poc0p25_20x0p75NA_535s50_g70_z1_256pix_basicFLIM_120f_0007.sdt,20260601_KPC_live_on_SLIM,20260601,live,KPCWT,11,7,535,2026-06-02 03:26:28.543040,colony_edge,,False
11_KPCWT_130uL_live_740nm_3076mW_u1_poc0p25_20x0p75NA_457s50_g70_z1_256pix_basicFLIM_120f_0008.sdt,20260601_KPC_live_on_SLIM,20260601,live,KPCWT,11,8,457,2026-06-02 03:09:43.046295,colony_deep,,False
11_KPCWT_130uL_live_740nm_3076mW_u1_poc0p25_20x0p75NA_535s50_g70_z1_256pix_basicFLIM_120f_0008.sdt,20260601_KPC_live_on_SLIM,20260601,live,KPCWT,11,8,535,2026-06-02 03:27:37.313362,colony_deep,,False
11_KPCWT_130uL_live_740nm_3076mW_u1_poc0p25_20x0p75NA_457s50_g70_z1_256pix_basicFLIM_120f_0009.sdt,20260601_KPC_live_on_SLIM,20260601,live,KPCWT,11,9,457,2026-06-02 03:10:51.890325,colony_deep,,False
11_KPCWT_130uL_live_740nm_3076mW_u1_poc0p25_20x0p75NA_535s50_g70_z1_256pix_basicFLIM_120f_0009.sdt,20260601_KPC_live_on_SLIM,20260601,live,KPCWT,11,9,535,2026-06-02 03:28:46.283779,colony_deep,,False
11_KPCWT_130uL_live_740nm_3076mW_u1_poc0p25_20x0p75NA_457s50_g70_z1_256pix_basicFLIM_120f_0010.sdt,20260601_KPC_live_on_SLIM,20260601,live,KPCWT,11,10,457,2026-06-02 03:12:00.564528,colony_deep,,False
11_KPCWT_130uL_live_740nm_3076mW_u1_poc0p25_20x0p75NA_535s50_g70_z1_256pix_basicFLIM_120f_0010.sdt,20260601_KPC_live_on_SLIM,20260601,live,KPCWT,11,10,535,2026-06-02 03:29:55.273347,colony_deep,,False
11_KPCWT_130uL_live_740nm_3076mW_u1_poc0p25_20x0p75NA_457s50_g70_z1_256pix_basicFLIM_120f_0011.sdt,20260601_KPC_live_on_SLIM,20260601,live,KPCWT,11,11,457,2026-06-02 03:13:09.567718,colony_deep,,False
11_KPCWT_130uL_live_740nm_3076mW_u1_poc0p25_20x0p75NA_535s50_g70_z1_256pix_basicFLIM_120f_0011.sdt,20260601_KPC_live_on_SLIM,20260601,live,KPCWT,11,11,535,2026-06-02 03:31:04.113492,colony_deep,,False
11_KPCWT_130uL_live_740nm_3076mW_u1_poc0p25_20x0p75NA_457s50_g70_z1_256pix_basicFLIM_120f_0012.sdt,20260601_KPC_live_on_SLIM,20260601,live,KPCWT,11,12,457,2026-06-02 03:14:19.310850,colony_deep,,False
11_KPCWT_130uL_live_740nm_3076mW_u1_poc0p25_20x0p75NA_535s50_g70_z1_256pix_basicFLIM_120f_0012.sdt,20260601_KPC_live_on_SLIM,20260601,live,KPCWT,11,12,535,2026-06-02 03:32:14.195452,colony_deep,,False
12_BKOCO2_145uL_live_740nm_3076mW_u1_poc0p25_20x0p75NA_457s50_g70_z1_256pix_basicFLIM_120f_0000.sdt,20260601_KPC_live_on_SLIM,20260601,live,BKO,12,0,457,2026-06-02 03:49:52.228938,colony_edge,,False
12_BKOCO2_145uL_live_740nm_3076mW_u1_poc0p25_20x0p75NA_535s50_g70_z1_256pix_basicFLIM_120f_0000.sdt,20260601_KPC_live_on_SLIM,20260601,live,BKO,12,0,535,2026-06-02 04:17:31.106067,colony_edge,,False
12_BKOCO2_145uL_live_740nm_3076mW_u1_poc0p25_20x0p75NA_457s50_g70_z1_256pix_basicFLIM_120f_0001.sdt,20260601_KPC_live_on_SLIM,20260601,live,BKO,12,1,457,2026-06-02 03:51:00.697720,colony_edge,,False
12_BKOCO2_145uL_live_740nm_3076mW_u1_poc0p25_20x0p75NA_535s50_g70_z1_256pix_basicFLIM_120f_0001.sdt,20260601_KPC_live_on_SLIM,20260601,live,BKO,12,1,535,2026-06-02 04:18:39.420485,colony_edge,,False
12_BKOCO2_145uL_live_740nm_3076mW_u1_poc0p25_20x0p75NA_457s50_g70_z1_256pix_basicFLIM_120f_0002.sdt,20260601_KPC_live_on_SLIM,20260601,live,BKO,12,2,457,2026-06-02 03:52:09.426940,colony_edge,,False
12_BKOCO2_145uL_live_740nm_3076mW_u1_poc0p25_20x0p75NA_535s50_g70_z1_256pix_basicFLIM_120f_0002.sdt,20260601_KPC_live_on_SLIM,20260601,live,BKO,12,2,535,2026-06-02 04:19:48.437866,colony_edge,,False
12_BKOCO2_145uL_live_740nm_3076mW_u1_poc0p25_20x0p75NA_457s50_g70_z1_256pix_basicFLIM_120f_0003.sdt,20260601_KPC_live_on_SLIM,20260601,live,BKO,12,3,457,2026-06-02 04:01:44.009677,colony_edge,,False
12_BKOCO2_145uL_live_740nm_3076mW_u1_poc0p25_20x0p75NA_535s50_g70_z1_256pix_basicFLIM_120f_0003.sdt,20260601_KPC_live_on_SLIM,20260601,live,BKO,12,3,535,2026-06-02 04:20:57.687978,colony_edge,,False
12_BKOCO2_145uL_live_740nm_3076mW_u1_poc0p25_20x0p75NA_457s50_g70_z1_256pix_basicFLIM_120f_0004.sdt,20260601_KPC_live_on_SLIM,20260601,live,BKO,12,4,457,2026-06-02 04:02:53.231951,colony_edge,,False
12_BKOCO2_145uL_live_740nm_3076mW_u1_poc0p25_20x0p75NA_535s50_g70_z1_256pix_basicFLIM_120f_0004.sdt,20260601_KPC_live_on_SLIM,20260601,live,BKO,12,4,535,2026-06-02 04:22:07.064222,colony_edge,,False
12_BKOCO2_145uL_live_740nm_3076mW_u1_poc0p25_20x0p75NA_457s50_g70_z1_256pix_basicFLIM_120f_0005.sdt,20260601_KPC_live_on_SLIM,20260601,live,BKO,12,5,457,2026-06-02 04:04:01.755671,colony_edge,,False
12_BKOCO2_145uL_live_740nm_3076mW_u1_poc0p25_20x0p75NA_535s50_g70_z1_256pix_basicFLIM_120f_0005.sdt,20260601_KPC_live_on_SLIM,20260601,live,BKO,12,5,535,2026-06-02 04:23:15.219794,colony_edge,,False
12_BKOCO2_145uL_live_740nm_3076mW_u1_poc0p25_20x0p75NA_457s50_g70_z1_256pix_basicFLIM_120f_0006.sdt,20260601_KPC_live_on_SLIM,20260601,live,BKO,12,6,457,2026-06-02 04:05:10.829536,colony_edge,,False
12_BKOCO2_145uL_live_740nm_3076mW_u1_poc0p25_20x0p75NA_535s50_g70_z1_256pix_basicFLIM_120f_0006.sdt,20260601_KPC_live_on_SLIM,20260601,live,BKO,12,6,535,2026-06-02 04:24:23.910697,colony_edge,,False
12_BKOCO2_145uL_live_740nm_3076mW_u1_poc0p25_20x0p75NA_457s50_g70_z1_256pix_basicFLIM_120f_0007.sdt,20260601_KPC_live_on_SLIM,20260601,live,BKO,12,7,457,2026-06-02 04:06:19.707005,colony_edge,,False
12_BKOCO2_145uL_live_740nm_3076mW_u1_poc0p25_20x0p75NA_535s50_g70_z1_256pix_basicFLIM_120f_0007.sdt,20260601_KPC_live_on_SLIM,20260601,live,BKO,12,7,535,2026-06-02 04:25:32.406492,colony_edge,,False
12_BKOCO2_145uL_live_740nm_3076mW_u1_poc0p25_20x0p75NA_457s50_g70_z1_256pix_basicFLIM_120f_0008.sdt,20260601_KPC_live_on_SLIM,20260601,live,BKO,12,8,457,2026-06-02 04:07:28.850339,colony_deep,,False
12_BKOCO2_145uL_live_740nm_3076mW_u1_poc0p25_20x0p75NA_535s50_g70_z1_256pix_basicFLIM_120f_0008.sdt,20260601_KPC_live_on_SLIM,20260601,live,BKO,12,8,535,2026-06-02 04:26:41.681538,colony_deep,,False
12_BKOCO2_145uL_live_740nm_3076mW_u1_poc0p25_20x0p75NA_457s50_g70_z1_256pix_basicFLIM_120f_0009.sdt,20260601_KPC_live_on_SLIM,20260601,live,BKO,12,9,457,2026-06-02 04:08:38.169627,colony_deep,,False
12_BKOCO2_145uL_live_740nm_3076mW_u1_poc0p25_20x0p75NA_535s50_g70_z1_256pix_basicFLIM_120f_0009.sdt,20260601_KPC_live_on_SLIM,20260601,live,BKO,12,9,535,2026-06-02 04:27:50.895011,colony_deep,,False
12_BKOCO2_145uL_live_740nm_3076mW_u1_poc0p25_20x0p75NA_457s50_g70_z1_256pix_basicFLIM_120f_0010.sdt,20260601_KPC_live_on_SLIM,20260601,live,BKO,12,10,457,2026-06-02 04:09:47.663735,colony_deep,,False
12_BKOCO2_145uL_live_740nm_3076mW_u1_poc0p25_20x0p75NA_535s50_g70_z1_256pix_basicFLIM_120f_0010.sdt,20260601_KPC_live_on_SLIM,20260601,live,BKO,12,10,535,2026-06-02 04:29:00.465445,colony_deep,,False
12_BKOCO2_145uL_live_740nm_3076mW_u1_poc0p25_20x0p75NA_457s50_g70_z1_256pix_basicFLIM_120f_0011.sdt,20260601_KPC_live_on_SLIM,20260601,live,BKO,12,11,457,2026-06-02 04:10:56.402456,colony_deep,,False
12_BKOCO2_145uL_live_740nm_3076mW_u1_poc0p25_20x0p75NA_535s50_g70_z1_256pix_basicFLIM_120f_0011.sdt,20260601_KPC_live_on_SLIM,20260601,live,BKO,12,11,535,2026-06-02 04:30:09.199525,colony_deep,,False
13_BKOCO2_115uL_live_740nm_3076mW_u1_poc0p25_20x0p75NA_457s50_g70_z1_256pix_basicFLIM_120f_0000.sdt,20260601_KPC_live_on_SLIM,20260601,live,BKO,13,0,457,2026-06-02 04:54:28.656053,colony_edge,,False
13_BKOCO2_115uL_live_740nm_3076mW_u1_poc0p25_20x0p75NA_535s50_g70_z1_256pix_basicFLIM_120f_0000.sdt,20260601_KPC_live_on_SLIM,20260601,live,BKO,13,0,535,2026-06-02 05:23:19.400487,colony_edge,,False
13_BKOCO2_115uL_live_740nm_3076mW_u1_poc0p25_20x0p75NA_457s50_g70_z1_256pix_basicFLIM_120f_0001.sdt,20260601_KPC_live_on_SLIM,20260601,live,BKO,13,1,457,2026-06-02 04:55:37.897330,colony_edge,,False
13_BKOCO2_115uL_live_740nm_3076mW_u1_poc0p25_20x0p75NA_535s50_g70_z1_256pix_basicFLIM_120f_0001.sdt,20260601_KPC_live_on_SLIM,20260601,live,BKO,13,1,535,2026-06-02 05:24:28.514007,colony_edge,,False
13_BKOCO2_115uL_live_740nm_3076mW_u1_poc0p25_20x0p75NA_457s50_g70_z1_256pix_basicFLIM_120f_0002.sdt,20260601_KPC_live_on_SLIM,20260601,live,BKO,13,2,457,2026-06-02 04:56:46.700845,colony_edge,,False
13_BKOCO2_115uL_live_740nm_3076mW_u1_poc0p25_20x0p75NA_535s50_g70_z1_256pix_basicFLIM_120f_0002.sdt,20260601_KPC_live_on_SLIM,20260601,live,BKO,13,2,535,2026-06-02 05:25:37.357638,colony_edge,,False
13_BKOCO2_115uL_live_740nm_3076mW_u1_poc0p25_20x0p75NA_457s50_g70_z1_256pix_basicFLIM_120f_0003.sdt,20260601_KPC_live_on_SLIM,20260601,live,BKO,13,3,457,2026-06-02 04:57:56.177693,colony_edge,,False
13_BKOCO2_115uL_live_740nm_3076mW_u1_poc0p25_20x0p75NA_535s50_g70_z1_256pix_basicFLIM_120f_0003.sdt,20260601_KPC_live_on_SLIM,20260601,live,BKO,13,3,535,2026-06-02 05:26:46.286885,colony_edge,,False
13_BKOCO2_115uL_live_740nm_3076mW_u1_poc0p25_20x0p75NA_457s50_g70_z1_256pix_basicFLIM_120f_0004.sdt,20260601_KPC_live_on_SLIM,20260601,live,BKO,13,4,457,2026-06-02 04:59:05.771351,colony_edge,,False
13_BKOCO2_115uL_live_740nm_3076mW_u1_poc0p25_20x0p75NA_535s50_g70_z1_256pix_basicFLIM_120f_0004.sdt,20260601_KPC_live_on_SLIM,20260601,live,BKO,13,4,535,2026-06-02 05:27:56.050738,colony_edge,,False
13_BKOCO2_115uL_live_740nm_3076mW_u1_poc0p25_20x0p75NA_457s50_g70_z1_256pix_basicFLIM_120f_0005.sdt,20260601_KPC_live_on_SLIM,20260601,live,BKO,13,5,457,2026-06-02 05:00:15.489417,colony_edge,,False
13_BKOCO2_115uL_live_740nm_3076mW_u1_poc0p25_20x0p75NA_535s50_g70_z1_256pix_basicFLIM_120f_0005.sdt,20260601_KPC_live_on_SLIM,20260601,live,BKO,13,5,535,2026-06-02 05:29:05.732889,colony_edge,,False
13_BKOCO2_115uL_live_740nm_3076mW_u1_poc0p25_20x0p75NA_457s50_g70_z1_256pix_basicFLIM_120f_0006.sdt,20260601_KPC_live_on_SLIM,20260601,live,BKO,13,6,457,2026-06-02 05:03:55.103971,colony_edge,,False
13_BKOCO2_115uL_live_740nm_3076mW_u1_poc0p25_20x0p75NA_535s50_g70_z1_256pix_basicFLIM_120f_0006.sdt,20260601_KPC_live_on_SLIM,20260601,live,BKO,13,6,535,2026-06-02 05:30:15.832198,colony_edge,,False
13_BKOCO2_115uL_live_740nm_3076mW_u1_poc0p25_20x0p75NA_457s50_g70_z1_256pix_basicFLIM_120f_0007.sdt,20260601_KPC_live_on_SLIM,20260601,live,BKO,13,7,457,2026-06-02 05:05:04.808973,colony_edge,,False
13_BKOCO2_115uL_live_740nm_3076mW_u1_poc0p25_20x0p75NA_535s50_g70_z1_256pix_basicFLIM_120f_0007.sdt,20260601_KPC_live_on_SLIM,20260601,live,BKO,13,7,535,2026-06-02 05:31:25.710253,colony_edge,,False
13_BKOCO2_115uL_live_740nm_3076mW_u1_poc0p25_20x0p75NA_457s50_g70_z1_256pix_basicFLIM_120f_0008.sdt,20260601_KPC_live_on_SLIM,20260601,live,BKO,13,8,457,2026-06-02 05:06:13.987189,colony_deep,,False
13_BKOCO2_115uL_live_740nm_3076mW_u1_poc0p25_20x0p75NA_535s50_g70_z1_256pix_basicFLIM_120f_0008.sdt,20260601_KPC_live_on_SLIM,20260601,live,BKO,13,8,535,2026-06-02 05:32:35.051806,colony_deep,,False
13_BKOCO2_115uL_live_740nm_3076mW_u1_poc0p25_20x0p75NA_457s50_g70_z1_256pix_basicFLIM_120f_0009.sdt,20260601_KPC_live_on_SLIM,20260601,live,BKO,13,9,457,2026-06-02 05:07:23.661747,colony_deep,,False
13_BKOCO2_115uL_live_740nm_3076mW_u1_poc0p25_20x0p75NA_535s50_g70_z1_256pix_basicFLIM_120f_0009.sdt,20260601_KPC_live_on_SLIM,20260601,live,BKO,13,9,535,2026-06-02 05:33:44.803047,colony_deep,,False
13_BKOCO2_115uL_live_740nm_3076mW_u1_poc0p25_20x0p75NA_457s50_g70_z1_256pix_basicFLIM_120f_0010.sdt,20260601_KPC_live_on_SLIM,20260601,live,BKO,13,10,457,2026-06-02 05:08:33.841311,colony_deep,,False
13_BKOCO2_115uL_live_740nm_3076mW_u1_poc0p25_20x0p75NA_535s50_g70_z1_256pix_basicFLIM_120f_0010.sdt,20260601_KPC_live_on_SLIM,20260601,live,BKO,13,10,535,2026-06-02 05:34:54.997435,colony_deep,,False
13_BKOCO2_115uL_live_740nm_3076mW_u1_poc0p25_20x0p75NA_457s50_g70_z1_256pix_basicFLIM_120f_0011.sdt,20260601_KPC_live_on_SLIM,20260601,live,BKO,13,11,457,2026-06-02 05:09:43.986067,colony_deep,,False
13_BKOCO2_115uL_live_740nm_3076mW_u1_poc0p25_20x0p75NA_535s50_g70_z1_256pix_basicFLIM_120f_0011.sdt,20260601_KPC_live_on_SLIM,20260601,live,BKO,13,11,535,2026-06-02 05:36:05.208439,colony_deep,,False
13_BKOCO2_115uL_live_740nm_3076mW_u1_poc0p25_20x0p75NA_457s50_g70_z1_256pix_basicFLIM_120f_0012.sdt,20260601_KPC_live_on_SLIM,20260601,live,BKO,13,12,457,2026-06-02 05:10:54.246200,colony_deep,,False
13_BKOCO2_115uL_live_740nm_3076mW_u1_poc0p25_20x0p75NA_535s50_g70_z1_256pix_basicFLIM_120f_0012.sdt,20260601_KPC_live_on_SLIM,20260601,live,BKO,13,12,535,2026-06-02 05:37:15.210837,colony_deep,,False
14_KPCWT_115uL_live_740nm_3076mW_u1_poc0p25_20x0p75NA_457s50_g70_z1_256pix_basicFLIM_120f_0000.sdt,20260601_KPC_live_on_SLIM,20260601,live,KPCWT,14,0,457,2026-06-02 05:58:09.680841,colony_edge,,False
14_KPCWT_115uL_live_740nm_3076mW_u1_poc0p25_20x0p75NA_535s50_g70_z1_256pix_basicFLIM_120f_0000.sdt,20260601_KPC_live_on_SLIM,20260601,live,KPCWT,14,0,535,2026-06-02 06:14:38.484718,colony_edge,,False
14_KPCWT_115uL_live_740nm_3076mW_u1_poc0p25_20x0p75NA_457s50_g70_z1_256pix_basicFLIM_120f_0001.sdt,20260601_KPC_live_on_SLIM,20260601,live,KPCWT,14,1,457,2026-06-02 05:59:18.259007,colony_edge,,False
14_KPCWT_115uL_live_740nm_3076mW_u1_poc0p25_20x0p75NA_535s50_g70_z1_256pix_basicFLIM_120f_0001.sdt,20260601_KPC_live_on_SLIM,20260601,live,KPCWT,14,1,535,2026-06-02 06:15:47.124752,colony_edge,,False
14_KPCWT_115uL_live_740nm_3076mW_u1_poc0p25_20x0p75NA_457s50_g70_z1_256pix_basicFLIM_120f_0002.sdt,20260601_KPC_live_on_SLIM,20260601,live,KPCWT,14,2,457,2026-06-02 06:00:26.806660,colony_edge,,False
14_KPCWT_115uL_live_740nm_3076mW_u1_poc0p25_20x0p75NA_535s50_g70_z1_256pix_basicFLIM_120f_0002.sdt,20260601_KPC_live_on_SLIM,20260601,live,KPCWT,14,2,535,2026-06-02 06:16:55.535571,colony_edge,,False
14_KPCWT_115uL_live_740nm_3076mW_u1_poc0p25_20x0p75NA_457s50_g70_z1_256pix_basicFLIM_120f_0003.sdt,20260601_KPC_live_on_SLIM,20260601,live,KPCWT,14,3,457,2026-06-02 06:01:35.775654,colony_edge,,False
14_KPCWT_115uL_live_740nm_3076mW_u1_poc0p25_20x0p75NA_535s50_g70_z1_256pix_basicFLIM_120f_0003.sdt,20260601_KPC_live_on_SLIM,20260601,live,KPCWT,14,3,535,2026-06-02 06:18:04.490104,colony_edge,,False
14_KPCWT_115uL_live_740nm_3076mW_u1_poc0p25_20x0p75NA_457s50_g70_z1_256pix_basicFLIM_120f_0004.sdt,20260601_KPC_live_on_SLIM,20260601,live,KPCWT,14,4,457,2026-06-02 06:02:44.651006,colony_edge,,False
14_KPCWT_115uL_live_740nm_3076mW_u1_poc0p25_20x0p75NA_535s50_g70_z1_256pix_basicFLIM_120f_0004.sdt,20260601_KPC_live_on_SLIM,20260601,live,KPCWT,14,4,535,2026-06-02 06:19:13.310390,colony_edge,,False
14_KPCWT_115uL_live_740nm_3076mW_u1_poc0p25_20x0p75NA_457s50_g70_z1_256pix_basicFLIM_120f_0005.sdt,20260601_KPC_live_on_SLIM,20260601,live,KPCWT,14,5,457,2026-06-02 06:03:53.355270,colony_edge,,False
14_KPCWT_115uL_live_740nm_3076mW_u1_poc0p25_20x0p75NA_535s50_g70_z1_256pix_basicFLIM_120f_0005.sdt,20260601_KPC_live_on_SLIM,20260601,live,KPCWT,14,5,535,2026-06-02 06:20:21.859020,colony_edge,,False
14_KPCWT_115uL_live_740nm_3076mW_u1_poc0p25_20x0p75NA_457s50_g70_z1_256pix_basicFLIM_120f_0006.sdt,20260601_KPC_live_on_SLIM,20260601,live,KPCWT,14,6,457,2026-06-02 06:05:02.505610,colony_edge,,False
14_KPCWT_115uL_live_740nm_3076mW_u1_poc0p25_20x0p75NA_535s50_g70_z1_256pix_basicFLIM_120f_0006.sdt,20260601_KPC_live_on_SLIM,20260601,live,KPCWT,14,6,535,2026-06-02 06:21:31.191411,colony_edge,,False
14_KPCWT_115uL_live_740nm_3076mW_u1_poc0p25_20x0p75NA_457s50_g70_z1_256pix_basicFLIM_120f_0007.sdt,20260601_KPC_live_on_SLIM,20260601,live,KPCWT,14,7,457,2026-06-02 06:06:11.487407,colony_edge,,False
14_KPCWT_115uL_live_740nm_3076mW_u1_poc0p25_20x0p75NA_535s50_g70_z1_256pix_basicFLIM_120f_0007.sdt,20260601_KPC_live_on_SLIM,20260601,live,KPCWT,14,7,535,2026-06-02 06:22:39.989937,colony_edge,,False
14_KPCWT_115uL_live_740nm_3076mW_u1_poc0p25_20x0p75NA_457s50_g70_z1_256pix_basicFLIM_120f_0008.sdt,20260601_KPC_live_on_SLIM,20260601,live,KPCWT,14,8,457,2026-06-02 06:07:20.699272,colony_edge,,False
14_KPCWT_115uL_live_740nm_3076mW_u1_poc0p25_20x0p75NA_535s50_g70_z1_256pix_basicFLIM_120f_0008.sdt,20260601_KPC_live_on_SLIM,20260601,live,KPCWT,14,8,535,2026-06-02 06:23:49.222519,colony_edge,,False
14_KPCWT_115uL_live_740nm_3076mW_u1_poc0p25_20x0p75NA_457s50_g70_z1_256pix_basicFLIM_120f_0009.sdt,20260601_KPC_live_on_SLIM,20260601,live,KPCWT,14,9,457,2026-06-02 06:08:29.255161,colony_deep,,False
14_KPCWT_115uL_live_740nm_3076mW_u1_poc0p25_20x0p75NA_535s50_g70_z1_256pix_basicFLIM_120f_0009.sdt,20260601_KPC_live_on_SLIM,20260601,live,KPCWT,14,9,535,2026-06-02 06:24:57.836225,colony_deep,,False
14_KPCWT_115uL_live_740nm_3076mW_u1_poc0p25_20x0p75NA_457s50_g70_z1_256pix_basicFLIM_120f_0010.sdt,20260601_KPC_live_on_SLIM,20260601,live,KPCWT,14,10,457,2026-06-02 06:09:38.720888,colony_deep,,False
14_KPCWT_115uL_live_740nm_3076mW_u1_poc0p25_20x0p75NA_535s50_g70_z1_256pix_basicFLIM_120f_0010.sdt,20260601_KPC_live_on_SLIM,20260601,live,KPCWT,14,10,535,2026-06-02 06:26:07.331593,colony_deep,,False
14_KPCWT_115uL_live_740nm_3076mW_u1_poc0p25_20x0p75NA_457s50_g70_z1_256pix_basicFLIM_120f_0011.sdt,20260601_KPC_live_on_SLIM,20260601,live,KPCWT,14,11,457,2026-06-02 06:10:47.594194,colony_deep,,False
14_KPCWT_115uL_live_740nm_3076mW_u1_poc0p25_20x0p75NA_535s50_g70_z1_256pix_basicFLIM_120f_0011.sdt,20260601_KPC_live_on_SLIM,20260601,live,KPCWT,14,11,535,2026-06-02 06:27:16.206412,colony_deep,,False
14_KPCWT_115uL_live_740nm_3076mW_u1_poc0p25_20x0p75NA_457s50_g70_z1_256pix_basicFLIM_120f_0012.sdt,20260601_KPC_live_on_SLIM,20260601,live,KPCWT,14,12,457,2026-06-02 06:11:56.288072,colony_deep,,False
14_KPCWT_115uL_live_740nm_3076mW_u1_poc0p25_20x0p75NA_535s50_g70_z1_256pix_basicFLIM_120f_0012.sdt,20260601_KPC_live_on_SLIM,20260601,live,KPCWT,14,12,535,2026-06-02 06:28:24.896974,colony_deep,,False
