filename,session_root,session_date,fixation_type,cell_type,sample_index,frame_index,em_filter_nm,acquisition_time,annotation,notes
3_KPCWTformP4num4_740nm_3037mW_u1_poc0p2_20x0p75NA_475s50_g70_z1_256pix_basicFLIM_30f_0000.sdt,20260429_KPC_fixed_dishes_on_SLIM,20260429,form,KPCWT,3,0,475,37:05.5,no_cells,
3_KPCWTformP4num4_740nm_3037mW_u1_poc0p2_20x0p75NA_535s50_g70_z1_256pix_basicFLIM_90f_0000.sdt,20260429_KPC_fixed_dishes_on_SLIM,20260429,form,KPCWT,3,0,535,58:15.0,no_cells,
3_KPCWTformP4num4_740nm_3037mW_u1_poc0p2_20x0p75NA_475s50_g70_z1_256pix_basicFLIM_30f_0001.sdt,20260429_KPC_fixed_dishes_on_SLIM,20260429,form,KPCWT,3,1,475,37:57.5,no_cells,
3_KPCWTformP4num4_740nm_3037mW_u1_poc0p2_20x0p75NA_535s50_g70_z1_256pix_basicFLIM_90f_0001.sdt,20260429_KPC_fixed_dishes_on_SLIM,20260429,form,KPCWT,3,1,535,59:07.0,no_cells,
3_KPCWTformP4num4_740nm_3037mW_u1_poc0p2_20x0p75NA_475s50_g70_z1_256pix_basicFLIM_30f_0002.sdt,20260429_KPC_fixed_dishes_on_SLIM,20260429,form,KPCWT,3,2,475,38:49.4,no_cells,
3_KPCWTformP4num4_740nm_3037mW_u1_poc0p2_20x0p75NA_535s50_g70_z1_256pix_basicFLIM_90f_0002.sdt,20260429_KPC_fixed_dishes_on_SLIM,20260429,form,KPCWT,3,2,535,59:58.9,no_cells,
3_KPCWTformP4num4_740nm_3037mW_u1_poc0p2_20x0p75NA_475s50_g70_z1_256pix_basicFLIM_30f_0003.sdt,20260429_KPC_fixed_dishes_on_SLIM,20260429,form,KPCWT,3,3,475,39:42.0,no_cells,
3_KPCWTformP4num4_740nm_3037mW_u1_poc0p2_20x0p75NA_535s50_g70_z1_256pix_basicFLIM_90f_0003.sdt,20260429_KPC_fixed_dishes_on_SLIM,20260429,form,KPCWT,3,3,535,00:51.6,no_cells,
3_KPCWTformP4num4_740nm_3037mW_u1_poc0p2_20x0p75NA_475s50_g70_z1_256pix_basicFLIM_30f_0004.sdt,20260429_KPC_fixed_dishes_on_SLIM,20260429,form,KPCWT,3,4,475,40:33.9,no_cells,
3_KPCWTformP4num4_740nm_3037mW_u1_poc0p2_20x0p75NA_535s50_g70_z1_256pix_basicFLIM_90f_0004.sdt,20260429_KPC_fixed_dishes_on_SLIM,20260429,form,KPCWT,3,4,535,01:43.6,no_cells,
3_KPCWTformP4num4_740nm_3037mW_u1_poc0p2_20x0p75NA_475s50_g70_z1_256pix_basicFLIM_30f_0005.sdt,20260429_KPC_fixed_dishes_on_SLIM,20260429,form,KPCWT,3,5,475,41:28.2,no_cells,y shifting
3_KPCWTformP4num4_740nm_3037mW_u1_poc0p2_20x0p75NA_535s50_g70_z1_256pix_basicFLIM_90f_0005.sdt,20260429_KPC_fixed_dishes_on_SLIM,20260429,form,KPCWT,3,5,535,02:35.6,single_cell,
3_KPCWTformP4num4_740nm_3037mW_u1_poc0p2_20x0p75NA_475s50_g70_z1_256pix_basicFLIM_30f_0006.sdt,20260429_KPC_fixed_dishes_on_SLIM,20260429,form,KPCWT,3,6,475,42:21.0,no_cells,y shifting
3_KPCWTformP4num4_740nm_3037mW_u1_poc0p2_20x0p75NA_535s50_g70_z1_256pix_basicFLIM_90f_0006.sdt,20260429_KPC_fixed_dishes_on_SLIM,20260429,form,KPCWT,3,6,535,03:27.9,single_cell,
3_KPCWTformP4num4_740nm_3037mW_u1_poc0p2_20x0p75NA_475s50_g70_z1_256pix_basicFLIM_30f_0007.sdt,20260429_KPC_fixed_dishes_on_SLIM,20260429,form,KPCWT,3,7,475,43:12.5,no_cells,y shifting
3_KPCWTformP4num4_740nm_3037mW_u1_poc0p2_20x0p75NA_535s50_g70_z1_256pix_basicFLIM_90f_0007.sdt,20260429_KPC_fixed_dishes_on_SLIM,20260429,form,KPCWT,3,7,535,04:19.5,single_cell,
3_KPCWTformP4num4_740nm_3037mW_u1_poc0p2_20x0p75NA_475s50_g70_z1_256pix_basicFLIM_30f_0008.sdt,20260429_KPC_fixed_dishes_on_SLIM,20260429,form,KPCWT,3,8,475,44:05.4,single_cell,
3_KPCWTformP4num4_740nm_3037mW_u1_poc0p2_20x0p75NA_535s50_g70_z1_256pix_basicFLIM_90f_0008.sdt,20260429_KPC_fixed_dishes_on_SLIM,20260429,form,KPCWT,3,8,535,05:12.1,single_cell,
3_KPCWTformP4num4_740nm_3037mW_u1_poc0p2_20x0p75NA_475s50_g70_z1_256pix_basicFLIM_30f_0009.sdt,20260429_KPC_fixed_dishes_on_SLIM,20260429,form,KPCWT,3,9,475,44:57.8,single_cell,
3_KPCWTformP4num4_740nm_3037mW_u1_poc0p2_20x0p75NA_535s50_g70_z1_256pix_basicFLIM_90f_0009.sdt,20260429_KPC_fixed_dishes_on_SLIM,20260429,form,KPCWT,3,9,535,06:04.5,single_cell,
3_KPCWTformP4num4_pos5_740nm_3037mW_u1_poc0p2_20x0p75NA_475s50_g70_z1_256pix_basicFLIM_30f_0010.sdt,20260429_KPC_fixed_dishes_on_SLIM,20260429,form,KPCWT,3,10,475,46:56.6,single cell,matches 3_KPCWTformP4num4_740nm_3037mW_u1_poc0p2_20x0p75NA_535s50_g70_z1_256pix_basicFLIM_90f_0005.sdt 
3_KPCWTformP4num4_pos6_740nm_3037mW_u1_poc0p2_20x0p75NA_475s50_g70_z1_256pix_basicFLIM_30f_0011.sdt,20260429_KPC_fixed_dishes_on_SLIM,20260429,form,KPCWT,3,11,475,47:48.9,single cell,matches 3_KPCWTformP4num4_740nm_3037mW_u1_poc0p2_20x0p75NA_535s50_g70_z1_256pix_basicFLIM_90f_0006.sdt
3_KPCWTformP4num4_pos7_740nm_3037mW_u1_poc0p2_20x0p75NA_475s50_g70_z1_256pix_basicFLIM_30f_0012.sdt,20260429_KPC_fixed_dishes_on_SLIM,20260429,form,KPCWT,3,12,475,48:40.5,single cell,matches 3_KPCWTformP4num4_740nm_3037mW_u1_poc0p2_20x0p75NA_535s50_g70_z1_256pix_basicFLIM_90f_0007.sdt
4_KPCWT0416formP4num3_740nm_3037mW_u1_poc0p2_20x0p75NA_457s50_g70_z1_256pix_basicFLIM_90f_0000.sdt,20260429_KPC_fixed_dishes_on_SLIM,20260429,form,KPCWT,4,0,457,46:38.1,colony_island,
4_KPCWT0416formP4num3_740nm_3037mW_u1_poc0p2_20x0p75NA_535s50_g70_z1_256pix_basicFLIM_90f_0000.sdt,20260429_KPC_fixed_dishes_on_SLIM,20260429,form,KPCWT,4,0,535,07:14.2,colony_island,
4_KPCWT0416formP4num3_740nm_3037mW_u1_poc0p2_20x0p75NA_457s50_g70_z1_256pix_basicFLIM_90f_0001.sdt,20260429_KPC_fixed_dishes_on_SLIM,20260429,form,KPCWT,4,1,457,47:30.1,colony_island,
4_KPCWT0416formP4num3_740nm_3037mW_u1_poc0p2_20x0p75NA_535s50_g70_z1_256pix_basicFLIM_90f_0001.sdt,20260429_KPC_fixed_dishes_on_SLIM,20260429,form,KPCWT,4,1,535,08:06.2,colony_island,
4_KPCWT0416formP4num3_740nm_3037mW_u1_poc0p2_20x0p75NA_457s50_g70_z1_256pix_basicFLIM_90f_0002.sdt,20260429_KPC_fixed_dishes_on_SLIM,20260429,form,KPCWT,4,2,457,48:21.8,colony_island,
4_KPCWT0416formP4num3_740nm_3037mW_u1_poc0p2_20x0p75NA_535s50_g70_z1_256pix_basicFLIM_90f_0002.sdt,20260429_KPC_fixed_dishes_on_SLIM,20260429,form,KPCWT,4,2,535,08:57.8,colony_island,
4_KPCWT0416formP4num3_740nm_3037mW_u1_poc0p2_20x0p75NA_457s50_g70_z1_256pix_basicFLIM_90f_0003.sdt,20260429_KPC_fixed_dishes_on_SLIM,20260429,form,KPCWT,4,3,457,49:13.4,colony_island,
4_KPCWT0416formP4num3_740nm_3037mW_u1_poc0p2_20x0p75NA_535s50_g70_z1_256pix_basicFLIM_90f_0003.sdt,20260429_KPC_fixed_dishes_on_SLIM,20260429,form,KPCWT,4,3,535,09:49.2,colony_island,
4_KPCWT0416formP4num3_740nm_3037mW_u1_poc0p2_20x0p75NA_457s50_g70_z1_256pix_basicFLIM_90f_0004.sdt,20260429_KPC_fixed_dishes_on_SLIM,20260429,form,KPCWT,4,4,457,50:05.4,single_cell,
4_KPCWT0416formP4num3_740nm_3037mW_u1_poc0p2_20x0p75NA_535s50_g70_z1_256pix_basicFLIM_90f_0004.sdt,20260429_KPC_fixed_dishes_on_SLIM,20260429,form,KPCWT,4,4,535,10:41.3,single_cell,
4_KPCWT0416formP4num3_740nm_3037mW_u1_poc0p2_20x0p75NA_457s50_g70_z1_256pix_basicFLIM_90f_0005.sdt,20260429_KPC_fixed_dishes_on_SLIM,20260429,form,KPCWT,4,5,457,50:57.2,single_cell,
4_KPCWT0416formP4num3_740nm_3037mW_u1_poc0p2_20x0p75NA_535s50_g70_z1_256pix_basicFLIM_90f_0005.sdt,20260429_KPC_fixed_dishes_on_SLIM,20260429,form,KPCWT,4,5,535,11:33.1,single_cell,
4_KPCWT0416formP4num3_740nm_3037mW_u1_poc0p2_20x0p75NA_457s50_g70_z1_256pix_basicFLIM_90f_0006.sdt,20260429_KPC_fixed_dishes_on_SLIM,20260429,form,KPCWT,4,6,457,51:48.9,single_cell,
4_KPCWT0416formP4num3_740nm_3037mW_u1_poc0p2_20x0p75NA_535s50_g70_z1_256pix_basicFLIM_90f_0006.sdt,20260429_KPC_fixed_dishes_on_SLIM,20260429,form,KPCWT,4,6,535,12:24.8,single_cell,
4_KPCWT0416formP4num3_740nm_3037mW_u1_poc0p2_20x0p75NA_457s50_g70_z1_256pix_basicFLIM_90f_0007.sdt,20260429_KPC_fixed_dishes_on_SLIM,20260429,form,KPCWT,4,7,457,52:40.7,colony_edge,
4_KPCWT0416formP4num3_740nm_3037mW_u1_poc0p2_20x0p75NA_535s50_g70_z1_256pix_basicFLIM_90f_0007.sdt,20260429_KPC_fixed_dishes_on_SLIM,20260429,form,KPCWT,4,7,535,13:16.4,colony_edge,
4_KPCWT0416formP4num3_740nm_3037mW_u1_poc0p2_20x0p75NA_457s50_g70_z1_256pix_basicFLIM_90f_0008.sdt,20260429_KPC_fixed_dishes_on_SLIM,20260429,form,KPCWT,4,8,457,53:32.6,colony_island,
4_KPCWT0416formP4num3_740nm_3037mW_u1_poc0p2_20x0p75NA_535s50_g70_z1_256pix_basicFLIM_90f_0008.sdt,20260429_KPC_fixed_dishes_on_SLIM,20260429,form,KPCWT,4,8,535,14:08.4,colony_island,
4_KPCWT0416formP4num3_740nm_3037mW_u1_poc0p2_20x0p75NA_457s50_g70_z1_256pix_basicFLIM_90f_0009.sdt,20260429_KPC_fixed_dishes_on_SLIM,20260429,form,KPCWT,4,9,457,54:24.1,colony_island,
4_KPCWT0416formP4num3_740nm_3037mW_u1_poc0p2_20x0p75NA_535s50_g70_z1_256pix_basicFLIM_90f_0009.sdt,20260429_KPC_fixed_dishes_on_SLIM,20260429,form,KPCWT,4,9,535,14:59.8,colony_island,
3_KPCWT0430glu10min_740nm_3024mW_u1_poc0p15_20x0p75NA_457s50_g70_z1_256pix_basicFLIM_90f_0000.sdt,20260501_KPC_fixed_dishes_on_SLIM,20260501,glu,KPCWT,3,0,457,35:05.3,,
3_KPCWT0430glu10min_740nm_3024mW_u1_poc0p15_20x0p75NA_457s50_g70_z1_256pix_basicFLIM_90f_0000.sdt,20260501_KPC_fixed_dishes_on_SLIM,20260501,glu,KPCWT,3,0,457,35:05.3,,
3_KPCWT0430glu10min_740nm_3024mW_u1_poc0p15_20x0p75NA_457s50_g70_z1_256pix_basicFLIM_90f_0000.sdt,20260501_KPC_fixed_dishes_on_SLIM,20260501,glu,KPCWT,3,0,457,35:05.3,,
3_KPCWT0430glu10min_740nm_3024mW_u1_poc0p15_20x0p75NA_457s50_g70_z1_256pix_basicFLIM_90f_0000.sdt,20260501_KPC_fixed_dishes_on_SLIM,20260501,glu,KPCWT,3,0,457,35:05.3,,
3_KPCWT0430glu10min_740nm_3024mW_u1_poc0p15_20x0p75NA_457s50_g70_z1_256pix_basicFLIM_90f_0000.sdt,20260501_KPC_fixed_dishes_on_SLIM,20260501,glu,KPCWT,3,0,457,35:05.3,,
3_KPCWT0430glu10min_740nm_3024mW_u1_poc0p15_20x0p75NA_457s50_g70_z1_256pix_basicFLIM_90f_0000.sdt,20260501_KPC_fixed_dishes_on_SLIM,20260501,glu,KPCWT,3,0,457,35:05.3,,
3_KPCWT0430glu10min_740nm_3024mW_u1_poc0p15_20x0p75NA_457s50_g70_z1_256pix_basicFLIM_90f_0000.sdt,20260501_KPC_fixed_dishes_on_SLIM,20260501,glu,KPCWT,3,0,457,35:05.3,,
3_KPCWT0430glu10min_740nm_3024mW_u1_poc0p15_20x0p75NA_457s50_g70_z1_256pix_basicFLIM_90f_0000.sdt,20260501_KPC_fixed_dishes_on_SLIM,20260501,glu,KPCWT,3,0,457,35:05.3,,
3_KPCWT0430glu10min_740nm_3024mW_u1_poc0p2_20x0p75NA_457s50_g70_z1_256pix_basicFLIM_120f_0000.sdt,20260501_KPC_fixed_dishes_on_SLIM,20260501,glu,KPCWT,3,0,457,36:55.0,,
3_KPCWT0430glu10min_740nm_3024mW_u1_poc0p2_20x0p75NA_457s50_g70_z1_256pix_basicFLIM_120f_0000.sdt,20260501_KPC_fixed_dishes_on_SLIM,20260501,glu,KPCWT,3,0,457,36:55.0,,
3_KPCWT0430glu10min_740nm_3024mW_u1_poc0p2_20x0p75NA_457s50_g70_z1_256pix_basicFLIM_120f_0000.sdt,20260501_KPC_fixed_dishes_on_SLIM,20260501,glu,KPCWT,3,0,457,36:55.0,,
3_KPCWT0430glu10min_740nm_3024mW_u1_poc0p2_20x0p75NA_457s50_g70_z1_256pix_basicFLIM_120f_0000.sdt,20260501_KPC_fixed_dishes_on_SLIM,20260501,glu,KPCWT,3,0,457,36:55.0,,
3_KPCWT0430glu10min_740nm_3024mW_u1_poc0p2_20x0p75NA_457s50_g70_z1_256pix_basicFLIM_120f_0000.sdt,20260501_KPC_fixed_dishes_on_SLIM,20260501,glu,KPCWT,3,0,457,36:55.0,,
3_KPCWT0430glu10min_740nm_3024mW_u1_poc0p2_20x0p75NA_457s50_g70_z1_256pix_basicFLIM_120f_0000.sdt,20260501_KPC_fixed_dishes_on_SLIM,20260501,glu,KPCWT,3,0,457,36:55.0,,
3_KPCWT0430glu10min_740nm_3024mW_u1_poc0p2_20x0p75NA_457s50_g70_z1_256pix_basicFLIM_120f_0000.sdt,20260501_KPC_fixed_dishes_on_SLIM,20260501,glu,KPCWT,3,0,457,36:55.0,,
3_KPCWT0430glu10min_740nm_3024mW_u1_poc0p2_20x0p75NA_457s50_g70_z1_256pix_basicFLIM_120f_0000.sdt,20260501_KPC_fixed_dishes_on_SLIM,20260501,glu,KPCWT,3,0,457,36:55.0,,
3_KPCWT0430glu10min_740nm_3024mW_u1_poc0p2_20x0p75NA_535s50_g70_z1_256pix_basicFLIM_120f_0000.sdt,20260501_KPC_fixed_dishes_on_SLIM,20260501,glu,KPCWT,3,0,535,49:30.0,,
3_KPCWT0430glu10min_740nm_3024mW_u1_poc0p2_20x0p75NA_535s50_g70_z1_256pix_basicFLIM_120f_0000.sdt,20260501_KPC_fixed_dishes_on_SLIM,20260501,glu,KPCWT,3,0,535,49:30.0,,
3_KPCWT0430glu10min_740nm_3024mW_u1_poc0p2_20x0p75NA_535s50_g70_z1_256pix_basicFLIM_120f_0000.sdt,20260501_KPC_fixed_dishes_on_SLIM,20260501,glu,KPCWT,3,0,535,49:30.0,,
3_KPCWT0430glu10min_740nm_3024mW_u1_poc0p2_20x0p75NA_535s50_g70_z1_256pix_basicFLIM_120f_0000.sdt,20260501_KPC_fixed_dishes_on_SLIM,20260501,glu,KPCWT,3,0,535,49:30.0,,
3_KPCWT0430glu10min_740nm_3024mW_u1_poc0p2_20x0p75NA_535s50_g70_z1_256pix_basicFLIM_120f_0000.sdt,20260501_KPC_fixed_dishes_on_SLIM,20260501,glu,KPCWT,3,0,535,49:30.0,,
3_KPCWT0430glu10min_740nm_3024mW_u1_poc0p2_20x0p75NA_535s50_g70_z1_256pix_basicFLIM_120f_0000.sdt,20260501_KPC_fixed_dishes_on_SLIM,20260501,glu,KPCWT,3,0,535,49:30.0,,
3_KPCWT0430glu10min_740nm_3024mW_u1_poc0p2_20x0p75NA_535s50_g70_z1_256pix_basicFLIM_120f_0000.sdt,20260501_KPC_fixed_dishes_on_SLIM,20260501,glu,KPCWT,3,0,535,49:30.0,,
3_KPCWT0430glu10min_740nm_3024mW_u1_poc0p2_20x0p75NA_535s50_g70_z1_256pix_basicFLIM_120f_0000.sdt,20260501_KPC_fixed_dishes_on_SLIM,20260501,glu,KPCWT,3,0,535,49:30.0,,
3_KPCWT0430glu10min_740nm_3024mW_u1_poc0p2_20x0p75NA_457s50_g70_z1_256pix_basicFLIM_120f_0001.sdt,20260501_KPC_fixed_dishes_on_SLIM,20260501,glu,KPCWT,3,1,457,38:03.1,,
3_KPCWT0430glu10min_740nm_3024mW_u1_poc0p2_20x0p75NA_457s50_g70_z1_256pix_basicFLIM_120f_0001.sdt,20260501_KPC_fixed_dishes_on_SLIM,20260501,glu,KPCWT,3,1,457,38:03.1,,
3_KPCWT0430glu10min_740nm_3024mW_u1_poc0p2_20x0p75NA_457s50_g70_z1_256pix_basicFLIM_120f_0001.sdt,20260501_KPC_fixed_dishes_on_SLIM,20260501,glu,KPCWT,3,1,457,38:03.1,,
3_KPCWT0430glu10min_740nm_3024mW_u1_poc0p2_20x0p75NA_457s50_g70_z1_256pix_basicFLIM_120f_0001.sdt,20260501_KPC_fixed_dishes_on_SLIM,20260501,glu,KPCWT,3,1,457,38:03.1,,
3_KPCWT0430glu10min_740nm_3024mW_u1_poc0p2_20x0p75NA_457s50_g70_z1_256pix_basicFLIM_120f_0001.sdt,20260501_KPC_fixed_dishes_on_SLIM,20260501,glu,KPCWT,3,1,457,38:03.1,,
3_KPCWT0430glu10min_740nm_3024mW_u1_poc0p2_20x0p75NA_457s50_g70_z1_256pix_basicFLIM_120f_0001.sdt,20260501_KPC_fixed_dishes_on_SLIM,20260501,glu,KPCWT,3,1,457,38:03.1,,
3_KPCWT0430glu10min_740nm_3024mW_u1_poc0p2_20x0p75NA_457s50_g70_z1_256pix_basicFLIM_120f_0001.sdt,20260501_KPC_fixed_dishes_on_SLIM,20260501,glu,KPCWT,3,1,457,38:03.1,,
3_KPCWT0430glu10min_740nm_3024mW_u1_poc0p2_20x0p75NA_457s50_g70_z1_256pix_basicFLIM_120f_0001.sdt,20260501_KPC_fixed_dishes_on_SLIM,20260501,glu,KPCWT,3,1,457,38:03.1,,
3_KPCWT0430glu10min_740nm_3024mW_u1_poc0p2_20x0p75NA_535s50_g70_z1_256pix_basicFLIM_120f_0001.sdt,20260501_KPC_fixed_dishes_on_SLIM,20260501,glu,KPCWT,3,1,535,50:38.4,,
3_KPCWT0430glu10min_740nm_3024mW_u1_poc0p2_20x0p75NA_535s50_g70_z1_256pix_basicFLIM_120f_0001.sdt,20260501_KPC_fixed_dishes_on_SLIM,20260501,glu,KPCWT,3,1,535,50:38.4,,
3_KPCWT0430glu10min_740nm_3024mW_u1_poc0p2_20x0p75NA_535s50_g70_z1_256pix_basicFLIM_120f_0001.sdt,20260501_KPC_fixed_dishes_on_SLIM,20260501,glu,KPCWT,3,1,535,50:38.4,,
3_KPCWT0430glu10min_740nm_3024mW_u1_poc0p2_20x0p75NA_535s50_g70_z1_256pix_basicFLIM_120f_0001.sdt,20260501_KPC_fixed_dishes_on_SLIM,20260501,glu,KPCWT,3,1,535,50:38.4,,
3_KPCWT0430glu10min_740nm_3024mW_u1_poc0p2_20x0p75NA_535s50_g70_z1_256pix_basicFLIM_120f_0001.sdt,20260501_KPC_fixed_dishes_on_SLIM,20260501,glu,KPCWT,3,1,535,50:38.4,,
3_KPCWT0430glu10min_740nm_3024mW_u1_poc0p2_20x0p75NA_535s50_g70_z1_256pix_basicFLIM_120f_0001.sdt,20260501_KPC_fixed_dishes_on_SLIM,20260501,glu,KPCWT,3,1,535,50:38.4,,
3_KPCWT0430glu10min_740nm_3024mW_u1_poc0p2_20x0p75NA_535s50_g70_z1_256pix_basicFLIM_120f_0001.sdt,20260501_KPC_fixed_dishes_on_SLIM,20260501,glu,KPCWT,3,1,535,50:38.4,,
3_KPCWT0430glu10min_740nm_3024mW_u1_poc0p2_20x0p75NA_535s50_g70_z1_256pix_basicFLIM_120f_0001.sdt,20260501_KPC_fixed_dishes_on_SLIM,20260501,glu,KPCWT,3,1,535,50:38.4,,
3_KPCWT0430glu10min_740nm_3024mW_u1_poc0p2_20x0p75NA_457s50_g70_z1_256pix_basicFLIM_120f_0002.sdt,20260501_KPC_fixed_dishes_on_SLIM,20260501,glu,KPCWT,3,2,457,39:11.5,,
3_KPCWT0430glu10min_740nm_3024mW_u1_poc0p2_20x0p75NA_457s50_g70_z1_256pix_basicFLIM_120f_0002.sdt,20260501_KPC_fixed_dishes_on_SLIM,20260501,glu,KPCWT,3,2,457,39:11.5,,
3_KPCWT0430glu10min_740nm_3024mW_u1_poc0p2_20x0p75NA_457s50_g70_z1_256pix_basicFLIM_120f_0002.sdt,20260501_KPC_fixed_dishes_on_SLIM,20260501,glu,KPCWT,3,2,457,39:11.5,,
3_KPCWT0430glu10min_740nm_3024mW_u1_poc0p2_20x0p75NA_457s50_g70_z1_256pix_basicFLIM_120f_0002.sdt,20260501_KPC_fixed_dishes_on_SLIM,20260501,glu,KPCWT,3,2,457,39:11.5,,
3_KPCWT0430glu10min_740nm_3024mW_u1_poc0p2_20x0p75NA_457s50_g70_z1_256pix_basicFLIM_120f_0002.sdt,20260501_KPC_fixed_dishes_on_SLIM,20260501,glu,KPCWT,3,2,457,39:11.5,,
3_KPCWT0430glu10min_740nm_3024mW_u1_poc0p2_20x0p75NA_457s50_g70_z1_256pix_basicFLIM_120f_0002.sdt,20260501_KPC_fixed_dishes_on_SLIM,20260501,glu,KPCWT,3,2,457,39:11.5,,
3_KPCWT0430glu10min_740nm_3024mW_u1_poc0p2_20x0p75NA_457s50_g70_z1_256pix_basicFLIM_120f_0002.sdt,20260501_KPC_fixed_dishes_on_SLIM,20260501,glu,KPCWT,3,2,457,39:11.5,,
3_KPCWT0430glu10min_740nm_3024mW_u1_poc0p2_20x0p75NA_457s50_g70_z1_256pix_basicFLIM_120f_0002.sdt,20260501_KPC_fixed_dishes_on_SLIM,20260501,glu,KPCWT,3,2,457,39:11.5,,
3_KPCWT0430glu10min_740nm_3024mW_u1_poc0p2_20x0p75NA_535s50_g70_z1_256pix_basicFLIM_120f_0002.sdt,20260501_KPC_fixed_dishes_on_SLIM,20260501,glu,KPCWT,3,2,535,51:47.0,,
3_KPCWT0430glu10min_740nm_3024mW_u1_poc0p2_20x0p75NA_535s50_g70_z1_256pix_basicFLIM_120f_0002.sdt,20260501_KPC_fixed_dishes_on_SLIM,20260501,glu,KPCWT,3,2,535,51:47.0,,
3_KPCWT0430glu10min_740nm_3024mW_u1_poc0p2_20x0p75NA_535s50_g70_z1_256pix_basicFLIM_120f_0002.sdt,20260501_KPC_fixed_dishes_on_SLIM,20260501,glu,KPCWT,3,2,535,51:47.0,,
3_KPCWT0430glu10min_740nm_3024mW_u1_poc0p2_20x0p75NA_535s50_g70_z1_256pix_basicFLIM_120f_0002.sdt,20260501_KPC_fixed_dishes_on_SLIM,20260501,glu,KPCWT,3,2,535,51:47.0,,
3_KPCWT0430glu10min_740nm_3024mW_u1_poc0p2_20x0p75NA_535s50_g70_z1_256pix_basicFLIM_120f_0002.sdt,20260501_KPC_fixed_dishes_on_SLIM,20260501,glu,KPCWT,3,2,535,51:47.0,,
3_KPCWT0430glu10min_740nm_3024mW_u1_poc0p2_20x0p75NA_535s50_g70_z1_256pix_basicFLIM_120f_0002.sdt,20260501_KPC_fixed_dishes_on_SLIM,20260501,glu,KPCWT,3,2,535,51:47.0,,
3_KPCWT0430glu10min_740nm_3024mW_u1_poc0p2_20x0p75NA_535s50_g70_z1_256pix_basicFLIM_120f_0002.sdt,20260501_KPC_fixed_dishes_on_SLIM,20260501,glu,KPCWT,3,2,535,51:47.0,,
3_KPCWT0430glu10min_740nm_3024mW_u1_poc0p2_20x0p75NA_535s50_g70_z1_256pix_basicFLIM_120f_0002.sdt,20260501_KPC_fixed_dishes_on_SLIM,20260501,glu,KPCWT,3,2,535,51:47.0,,
3_KPCWT0430glu10min_740nm_3024mW_u1_poc0p2_20x0p75NA_457s50_g70_z1_256pix_basicFLIM_120f_0003.sdt,20260501_KPC_fixed_dishes_on_SLIM,20260501,glu,KPCWT,3,3,457,40:20.2,,
3_KPCWT0430glu10min_740nm_3024mW_u1_poc0p2_20x0p75NA_457s50_g70_z1_256pix_basicFLIM_120f_0003.sdt,20260501_KPC_fixed_dishes_on_SLIM,20260501,glu,KPCWT,3,3,457,40:20.2,,
3_KPCWT0430glu10min_740nm_3024mW_u1_poc0p2_20x0p75NA_457s50_g70_z1_256pix_basicFLIM_120f_0003.sdt,20260501_KPC_fixed_dishes_on_SLIM,20260501,glu,KPCWT,3,3,457,40:20.2,,
3_KPCWT0430glu10min_740nm_3024mW_u1_poc0p2_20x0p75NA_457s50_g70_z1_256pix_basicFLIM_120f_0003.sdt,20260501_KPC_fixed_dishes_on_SLIM,20260501,glu,KPCWT,3,3,457,40:20.2,,
3_KPCWT0430glu10min_740nm_3024mW_u1_poc0p2_20x0p75NA_457s50_g70_z1_256pix_basicFLIM_120f_0003.sdt,20260501_KPC_fixed_dishes_on_SLIM,20260501,glu,KPCWT,3,3,457,40:20.2,,
3_KPCWT0430glu10min_740nm_3024mW_u1_poc0p2_20x0p75NA_457s50_g70_z1_256pix_basicFLIM_120f_0003.sdt,20260501_KPC_fixed_dishes_on_SLIM,20260501,glu,KPCWT,3,3,457,40:20.2,,
3_KPCWT0430glu10min_740nm_3024mW_u1_poc0p2_20x0p75NA_457s50_g70_z1_256pix_basicFLIM_120f_0003.sdt,20260501_KPC_fixed_dishes_on_SLIM,20260501,glu,KPCWT,3,3,457,40:20.2,,
3_KPCWT0430glu10min_740nm_3024mW_u1_poc0p2_20x0p75NA_457s50_g70_z1_256pix_basicFLIM_120f_0003.sdt,20260501_KPC_fixed_dishes_on_SLIM,20260501,glu,KPCWT,3,3,457,40:20.2,,
3_KPCWT0430glu10min_740nm_3024mW_u1_poc0p2_20x0p75NA_535s50_g70_z1_256pix_basicFLIM_120f_0003.sdt,20260501_KPC_fixed_dishes_on_SLIM,20260501,glu,KPCWT,3,3,535,52:55.7,,
3_KPCWT0430glu10min_740nm_3024mW_u1_poc0p2_20x0p75NA_535s50_g70_z1_256pix_basicFLIM_120f_0003.sdt,20260501_KPC_fixed_dishes_on_SLIM,20260501,glu,KPCWT,3,3,535,52:55.7,,
3_KPCWT0430glu10min_740nm_3024mW_u1_poc0p2_20x0p75NA_535s50_g70_z1_256pix_basicFLIM_120f_0003.sdt,20260501_KPC_fixed_dishes_on_SLIM,20260501,glu,KPCWT,3,3,535,52:55.7,,
3_KPCWT0430glu10min_740nm_3024mW_u1_poc0p2_20x0p75NA_535s50_g70_z1_256pix_basicFLIM_120f_0003.sdt,20260501_KPC_fixed_dishes_on_SLIM,20260501,glu,KPCWT,3,3,535,52:55.7,,
3_KPCWT0430glu10min_740nm_3024mW_u1_poc0p2_20x0p75NA_535s50_g70_z1_256pix_basicFLIM_120f_0003.sdt,20260501_KPC_fixed_dishes_on_SLIM,20260501,glu,KPCWT,3,3,535,52:55.7,,
3_KPCWT0430glu10min_740nm_3024mW_u1_poc0p2_20x0p75NA_535s50_g70_z1_256pix_basicFLIM_120f_0003.sdt,20260501_KPC_fixed_dishes_on_SLIM,20260501,glu,KPCWT,3,3,535,52:55.7,,
3_KPCWT0430glu10min_740nm_3024mW_u1_poc0p2_20x0p75NA_535s50_g70_z1_256pix_basicFLIM_120f_0003.sdt,20260501_KPC_fixed_dishes_on_SLIM,20260501,glu,KPCWT,3,3,535,52:55.7,,
3_KPCWT0430glu10min_740nm_3024mW_u1_poc0p2_20x0p75NA_535s50_g70_z1_256pix_basicFLIM_120f_0003.sdt,20260501_KPC_fixed_dishes_on_SLIM,20260501,glu,KPCWT,3,3,535,52:55.7,,
3_KPCWT0430glu10min_740nm_3024mW_u1_poc0p2_20x0p75NA_457s50_g70_z1_256pix_basicFLIM_120f_0004.sdt,20260501_KPC_fixed_dishes_on_SLIM,20260501,glu,KPCWT,3,4,457,41:28.6,,
3_KPCWT0430glu10min_740nm_3024mW_u1_poc0p2_20x0p75NA_457s50_g70_z1_256pix_basicFLIM_120f_0004.sdt,20260501_KPC_fixed_dishes_on_SLIM,20260501,glu,KPCWT,3,4,457,41:28.6,,
3_KPCWT0430glu10min_740nm_3024mW_u1_poc0p2_20x0p75NA_457s50_g70_z1_256pix_basicFLIM_120f_0004.sdt,20260501_KPC_fixed_dishes_on_SLIM,20260501,glu,KPCWT,3,4,457,41:28.6,,
3_KPCWT0430glu10min_740nm_3024mW_u1_poc0p2_20x0p75NA_457s50_g70_z1_256pix_basicFLIM_120f_0004.sdt,20260501_KPC_fixed_dishes_on_SLIM,20260501,glu,KPCWT,3,4,457,41:28.6,,
3_KPCWT0430glu10min_740nm_3024mW_u1_poc0p2_20x0p75NA_457s50_g70_z1_256pix_basicFLIM_120f_0004.sdt,20260501_KPC_fixed_dishes_on_SLIM,20260501,glu,KPCWT,3,4,457,41:28.6,,
3_KPCWT0430glu10min_740nm_3024mW_u1_poc0p2_20x0p75NA_457s50_g70_z1_256pix_basicFLIM_120f_0004.sdt,20260501_KPC_fixed_dishes_on_SLIM,20260501,glu,KPCWT,3,4,457,41:28.6,,
3_KPCWT0430glu10min_740nm_3024mW_u1_poc0p2_20x0p75NA_457s50_g70_z1_256pix_basicFLIM_120f_0004.sdt,20260501_KPC_fixed_dishes_on_SLIM,20260501,glu,KPCWT,3,4,457,41:28.6,,
3_KPCWT0430glu10min_740nm_3024mW_u1_poc0p2_20x0p75NA_457s50_g70_z1_256pix_basicFLIM_120f_0004.sdt,20260501_KPC_fixed_dishes_on_SLIM,20260501,glu,KPCWT,3,4,457,41:28.6,,
3_KPCWT0430glu10min_740nm_3024mW_u1_poc0p2_20x0p75NA_535s50_g70_z1_256pix_basicFLIM_120f_0004.sdt,20260501_KPC_fixed_dishes_on_SLIM,20260501,glu,KPCWT,3,4,535,54:04.6,,
3_KPCWT0430glu10min_740nm_3024mW_u1_poc0p2_20x0p75NA_535s50_g70_z1_256pix_basicFLIM_120f_0004.sdt,20260501_KPC_fixed_dishes_on_SLIM,20260501,glu,KPCWT,3,4,535,54:04.6,,
3_KPCWT0430glu10min_740nm_3024mW_u1_poc0p2_20x0p75NA_535s50_g70_z1_256pix_basicFLIM_120f_0004.sdt,20260501_KPC_fixed_dishes_on_SLIM,20260501,glu,KPCWT,3,4,535,54:04.6,,
3_KPCWT0430glu10min_740nm_3024mW_u1_poc0p2_20x0p75NA_535s50_g70_z1_256pix_basicFLIM_120f_0004.sdt,20260501_KPC_fixed_dishes_on_SLIM,20260501,glu,KPCWT,3,4,535,54:04.6,,
3_KPCWT0430glu10min_740nm_3024mW_u1_poc0p2_20x0p75NA_535s50_g70_z1_256pix_basicFLIM_120f_0004.sdt,20260501_KPC_fixed_dishes_on_SLIM,20260501,glu,KPCWT,3,4,535,54:04.6,,
3_KPCWT0430glu10min_740nm_3024mW_u1_poc0p2_20x0p75NA_535s50_g70_z1_256pix_basicFLIM_120f_0004.sdt,20260501_KPC_fixed_dishes_on_SLIM,20260501,glu,KPCWT,3,4,535,54:04.6,,
3_KPCWT0430glu10min_740nm_3024mW_u1_poc0p2_20x0p75NA_535s50_g70_z1_256pix_basicFLIM_120f_0004.sdt,20260501_KPC_fixed_dishes_on_SLIM,20260501,glu,KPCWT,3,4,535,54:04.6,,
3_KPCWT0430glu10min_740nm_3024mW_u1_poc0p2_20x0p75NA_535s50_g70_z1_256pix_basicFLIM_120f_0004.sdt,20260501_KPC_fixed_dishes_on_SLIM,20260501,glu,KPCWT,3,4,535,54:04.6,,
3_KPCWT0430glu10min_740nm_3024mW_u1_poc0p2_20x0p75NA_457s50_g70_z1_256pix_basicFLIM_120f_0005.sdt,20260501_KPC_fixed_dishes_on_SLIM,20260501,glu,KPCWT,3,5,457,42:37.3,,
3_KPCWT0430glu10min_740nm_3024mW_u1_poc0p2_20x0p75NA_457s50_g70_z1_256pix_basicFLIM_120f_0005.sdt,20260501_KPC_fixed_dishes_on_SLIM,20260501,glu,KPCWT,3,5,457,42:37.3,,
3_KPCWT0430glu10min_740nm_3024mW_u1_poc0p2_20x0p75NA_457s50_g70_z1_256pix_basicFLIM_120f_0005.sdt,20260501_KPC_fixed_dishes_on_SLIM,20260501,glu,KPCWT,3,5,457,42:37.3,,
3_KPCWT0430glu10min_740nm_3024mW_u1_poc0p2_20x0p75NA_457s50_g70_z1_256pix_basicFLIM_120f_0005.sdt,20260501_KPC_fixed_dishes_on_SLIM,20260501,glu,KPCWT,3,5,457,42:37.3,,
3_KPCWT0430glu10min_740nm_3024mW_u1_poc0p2_20x0p75NA_457s50_g70_z1_256pix_basicFLIM_120f_0005.sdt,20260501_KPC_fixed_dishes_on_SLIM,20260501,glu,KPCWT,3,5,457,42:37.3,,
3_KPCWT0430glu10min_740nm_3024mW_u1_poc0p2_20x0p75NA_457s50_g70_z1_256pix_basicFLIM_120f_0005.sdt,20260501_KPC_fixed_dishes_on_SLIM,20260501,glu,KPCWT,3,5,457,42:37.3,,
3_KPCWT0430glu10min_740nm_3024mW_u1_poc0p2_20x0p75NA_457s50_g70_z1_256pix_basicFLIM_120f_0005.sdt,20260501_KPC_fixed_dishes_on_SLIM,20260501,glu,KPCWT,3,5,457,42:37.3,,
3_KPCWT0430glu10min_740nm_3024mW_u1_poc0p2_20x0p75NA_457s50_g70_z1_256pix_basicFLIM_120f_0005.sdt,20260501_KPC_fixed_dishes_on_SLIM,20260501,glu,KPCWT,3,5,457,42:37.3,,
3_KPCWT0430glu10min_740nm_3024mW_u1_poc0p2_20x0p75NA_535s50_g70_z1_256pix_basicFLIM_120f_0005.sdt,20260501_KPC_fixed_dishes_on_SLIM,20260501,glu,KPCWT,3,5,535,55:13.7,,
3_KPCWT0430glu10min_740nm_3024mW_u1_poc0p2_20x0p75NA_535s50_g70_z1_256pix_basicFLIM_120f_0005.sdt,20260501_KPC_fixed_dishes_on_SLIM,20260501,glu,KPCWT,3,5,535,55:13.7,,
3_KPCWT0430glu10min_740nm_3024mW_u1_poc0p2_20x0p75NA_535s50_g70_z1_256pix_basicFLIM_120f_0005.sdt,20260501_KPC_fixed_dishes_on_SLIM,20260501,glu,KPCWT,3,5,535,55:13.7,,
3_KPCWT0430glu10min_740nm_3024mW_u1_poc0p2_20x0p75NA_535s50_g70_z1_256pix_basicFLIM_120f_0005.sdt,20260501_KPC_fixed_dishes_on_SLIM,20260501,glu,KPCWT,3,5,535,55:13.7,,
3_KPCWT0430glu10min_740nm_3024mW_u1_poc0p2_20x0p75NA_535s50_g70_z1_256pix_basicFLIM_120f_0005.sdt,20260501_KPC_fixed_dishes_on_SLIM,20260501,glu,KPCWT,3,5,535,55:13.7,,
3_KPCWT0430glu10min_740nm_3024mW_u1_poc0p2_20x0p75NA_535s50_g70_z1_256pix_basicFLIM_120f_0005.sdt,20260501_KPC_fixed_dishes_on_SLIM,20260501,glu,KPCWT,3,5,535,55:13.7,,
3_KPCWT0430glu10min_740nm_3024mW_u1_poc0p2_20x0p75NA_535s50_g70_z1_256pix_basicFLIM_120f_0005.sdt,20260501_KPC_fixed_dishes_on_SLIM,20260501,glu,KPCWT,3,5,535,55:13.7,,
3_KPCWT0430glu10min_740nm_3024mW_u1_poc0p2_20x0p75NA_535s50_g70_z1_256pix_basicFLIM_120f_0005.sdt,20260501_KPC_fixed_dishes_on_SLIM,20260501,glu,KPCWT,3,5,535,55:13.7,,
3_KPCWT0430glu10min_740nm_3024mW_u1_poc0p2_20x0p75NA_457s50_g70_z1_256pix_basicFLIM_120f_0006.sdt,20260501_KPC_fixed_dishes_on_SLIM,20260501,glu,KPCWT,3,6,457,43:46.0,,
3_KPCWT0430glu10min_740nm_3024mW_u1_poc0p2_20x0p75NA_457s50_g70_z1_256pix_basicFLIM_120f_0006.sdt,20260501_KPC_fixed_dishes_on_SLIM,20260501,glu,KPCWT,3,6,457,43:46.0,,
3_KPCWT0430glu10min_740nm_3024mW_u1_poc0p2_20x0p75NA_457s50_g70_z1_256pix_basicFLIM_120f_0006.sdt,20260501_KPC_fixed_dishes_on_SLIM,20260501,glu,KPCWT,3,6,457,43:46.0,,
3_KPCWT0430glu10min_740nm_3024mW_u1_poc0p2_20x0p75NA_457s50_g70_z1_256pix_basicFLIM_120f_0006.sdt,20260501_KPC_fixed_dishes_on_SLIM,20260501,glu,KPCWT,3,6,457,43:46.0,,
3_KPCWT0430glu10min_740nm_3024mW_u1_poc0p2_20x0p75NA_457s50_g70_z1_256pix_basicFLIM_120f_0006.sdt,20260501_KPC_fixed_dishes_on_SLIM,20260501,glu,KPCWT,3,6,457,43:46.0,,
3_KPCWT0430glu10min_740nm_3024mW_u1_poc0p2_20x0p75NA_457s50_g70_z1_256pix_basicFLIM_120f_0006.sdt,20260501_KPC_fixed_dishes_on_SLIM,20260501,glu,KPCWT,3,6,457,43:46.0,,
3_KPCWT0430glu10min_740nm_3024mW_u1_poc0p2_20x0p75NA_457s50_g70_z1_256pix_basicFLIM_120f_0006.sdt,20260501_KPC_fixed_dishes_on_SLIM,20260501,glu,KPCWT,3,6,457,43:46.0,,
3_KPCWT0430glu10min_740nm_3024mW_u1_poc0p2_20x0p75NA_457s50_g70_z1_256pix_basicFLIM_120f_0006.sdt,20260501_KPC_fixed_dishes_on_SLIM,20260501,glu,KPCWT,3,6,457,43:46.0,,
3_KPCWT0430glu10min_740nm_3024mW_u1_poc0p2_20x0p75NA_535s50_g70_z1_256pix_basicFLIM_120f_0006.sdt,20260501_KPC_fixed_dishes_on_SLIM,20260501,glu,KPCWT,3,6,535,56:22.6,,
3_KPCWT0430glu10min_740nm_3024mW_u1_poc0p2_20x0p75NA_535s50_g70_z1_256pix_basicFLIM_120f_0006.sdt,20260501_KPC_fixed_dishes_on_SLIM,20260501,glu,KPCWT,3,6,535,56:22.6,,
3_KPCWT0430glu10min_740nm_3024mW_u1_poc0p2_20x0p75NA_535s50_g70_z1_256pix_basicFLIM_120f_0006.sdt,20260501_KPC_fixed_dishes_on_SLIM,20260501,glu,KPCWT,3,6,535,56:22.6,,
3_KPCWT0430glu10min_740nm_3024mW_u1_poc0p2_20x0p75NA_535s50_g70_z1_256pix_basicFLIM_120f_0006.sdt,20260501_KPC_fixed_dishes_on_SLIM,20260501,glu,KPCWT,3,6,535,56:22.6,,
3_KPCWT0430glu10min_740nm_3024mW_u1_poc0p2_20x0p75NA_535s50_g70_z1_256pix_basicFLIM_120f_0006.sdt,20260501_KPC_fixed_dishes_on_SLIM,20260501,glu,KPCWT,3,6,535,56:22.6,,
3_KPCWT0430glu10min_740nm_3024mW_u1_poc0p2_20x0p75NA_535s50_g70_z1_256pix_basicFLIM_120f_0006.sdt,20260501_KPC_fixed_dishes_on_SLIM,20260501,glu,KPCWT,3,6,535,56:22.6,,
3_KPCWT0430glu10min_740nm_3024mW_u1_poc0p2_20x0p75NA_535s50_g70_z1_256pix_basicFLIM_120f_0006.sdt,20260501_KPC_fixed_dishes_on_SLIM,20260501,glu,KPCWT,3,6,535,56:22.6,,
3_KPCWT0430glu10min_740nm_3024mW_u1_poc0p2_20x0p75NA_535s50_g70_z1_256pix_basicFLIM_120f_0006.sdt,20260501_KPC_fixed_dishes_on_SLIM,20260501,glu,KPCWT,3,6,535,56:22.6,,
3_KPCWT0430glu10min_740nm_3024mW_u1_poc0p2_20x0p75NA_457s50_g70_z1_256pix_basicFLIM_120f_0007.sdt,20260501_KPC_fixed_dishes_on_SLIM,20260501,glu,KPCWT,3,7,457,44:56.0,,
3_KPCWT0430glu10min_740nm_3024mW_u1_poc0p2_20x0p75NA_457s50_g70_z1_256pix_basicFLIM_120f_0007.sdt,20260501_KPC_fixed_dishes_on_SLIM,20260501,glu,KPCWT,3,7,457,44:56.0,,
3_KPCWT0430glu10min_740nm_3024mW_u1_poc0p2_20x0p75NA_457s50_g70_z1_256pix_basicFLIM_120f_0007.sdt,20260501_KPC_fixed_dishes_on_SLIM,20260501,glu,KPCWT,3,7,457,44:56.0,,
3_KPCWT0430glu10min_740nm_3024mW_u1_poc0p2_20x0p75NA_457s50_g70_z1_256pix_basicFLIM_120f_0007.sdt,20260501_KPC_fixed_dishes_on_SLIM,20260501,glu,KPCWT,3,7,457,44:56.0,,
3_KPCWT0430glu10min_740nm_3024mW_u1_poc0p2_20x0p75NA_457s50_g70_z1_256pix_basicFLIM_120f_0007.sdt,20260501_KPC_fixed_dishes_on_SLIM,20260501,glu,KPCWT,3,7,457,44:56.0,,
3_KPCWT0430glu10min_740nm_3024mW_u1_poc0p2_20x0p75NA_457s50_g70_z1_256pix_basicFLIM_120f_0007.sdt,20260501_KPC_fixed_dishes_on_SLIM,20260501,glu,KPCWT,3,7,457,44:56.0,,
3_KPCWT0430glu10min_740nm_3024mW_u1_poc0p2_20x0p75NA_457s50_g70_z1_256pix_basicFLIM_120f_0007.sdt,20260501_KPC_fixed_dishes_on_SLIM,20260501,glu,KPCWT,3,7,457,44:56.0,,
3_KPCWT0430glu10min_740nm_3024mW_u1_poc0p2_20x0p75NA_457s50_g70_z1_256pix_basicFLIM_120f_0007.sdt,20260501_KPC_fixed_dishes_on_SLIM,20260501,glu,KPCWT,3,7,457,44:56.0,,
3_KPCWT0430glu10min_740nm_3024mW_u1_poc0p2_20x0p75NA_535s50_g70_z1_256pix_basicFLIM_120f_0007.sdt,20260501_KPC_fixed_dishes_on_SLIM,20260501,glu,KPCWT,3,7,535,57:33.1,,
3_KPCWT0430glu10min_740nm_3024mW_u1_poc0p2_20x0p75NA_535s50_g70_z1_256pix_basicFLIM_120f_0007.sdt,20260501_KPC_fixed_dishes_on_SLIM,20260501,glu,KPCWT,3,7,535,57:33.1,,
3_KPCWT0430glu10min_740nm_3024mW_u1_poc0p2_20x0p75NA_535s50_g70_z1_256pix_basicFLIM_120f_0007.sdt,20260501_KPC_fixed_dishes_on_SLIM,20260501,glu,KPCWT,3,7,535,57:33.1,,
3_KPCWT0430glu10min_740nm_3024mW_u1_poc0p2_20x0p75NA_535s50_g70_z1_256pix_basicFLIM_120f_0007.sdt,20260501_KPC_fixed_dishes_on_SLIM,20260501,glu,KPCWT,3,7,535,57:33.1,,
3_KPCWT0430glu10min_740nm_3024mW_u1_poc0p2_20x0p75NA_535s50_g70_z1_256pix_basicFLIM_120f_0007.sdt,20260501_KPC_fixed_dishes_on_SLIM,20260501,glu,KPCWT,3,7,535,57:33.1,,
3_KPCWT0430glu10min_740nm_3024mW_u1_poc0p2_20x0p75NA_535s50_g70_z1_256pix_basicFLIM_120f_0007.sdt,20260501_KPC_fixed_dishes_on_SLIM,20260501,glu,KPCWT,3,7,535,57:33.1,,
3_KPCWT0430glu10min_740nm_3024mW_u1_poc0p2_20x0p75NA_535s50_g70_z1_256pix_basicFLIM_120f_0007.sdt,20260501_KPC_fixed_dishes_on_SLIM,20260501,glu,KPCWT,3,7,535,57:33.1,,
3_KPCWT0430glu10min_740nm_3024mW_u1_poc0p2_20x0p75NA_535s50_g70_z1_256pix_basicFLIM_120f_0007.sdt,20260501_KPC_fixed_dishes_on_SLIM,20260501,glu,KPCWT,3,7,535,57:33.1,,
3_KPCWT0430glu10min_740nm_3024mW_u1_poc0p2_20x0p75NA_457s50_g70_z1_256pix_basicFLIM_120f_0008.sdt,20260501_KPC_fixed_dishes_on_SLIM,20260501,glu,KPCWT,3,8,457,46:04.5,,
3_KPCWT0430glu10min_740nm_3024mW_u1_poc0p2_20x0p75NA_457s50_g70_z1_256pix_basicFLIM_120f_0008.sdt,20260501_KPC_fixed_dishes_on_SLIM,20260501,glu,KPCWT,3,8,457,46:04.5,,
3_KPCWT0430glu10min_740nm_3024mW_u1_poc0p2_20x0p75NA_457s50_g70_z1_256pix_basicFLIM_120f_0008.sdt,20260501_KPC_fixed_dishes_on_SLIM,20260501,glu,KPCWT,3,8,457,46:04.5,,
3_KPCWT0430glu10min_740nm_3024mW_u1_poc0p2_20x0p75NA_457s50_g70_z1_256pix_basicFLIM_120f_0008.sdt,20260501_KPC_fixed_dishes_on_SLIM,20260501,glu,KPCWT,3,8,457,46:04.5,,
3_KPCWT0430glu10min_740nm_3024mW_u1_poc0p2_20x0p75NA_457s50_g70_z1_256pix_basicFLIM_120f_0008.sdt,20260501_KPC_fixed_dishes_on_SLIM,20260501,glu,KPCWT,3,8,457,46:04.5,,
3_KPCWT0430glu10min_740nm_3024mW_u1_poc0p2_20x0p75NA_457s50_g70_z1_256pix_basicFLIM_120f_0008.sdt,20260501_KPC_fixed_dishes_on_SLIM,20260501,glu,KPCWT,3,8,457,46:04.5,,
3_KPCWT0430glu10min_740nm_3024mW_u1_poc0p2_20x0p75NA_457s50_g70_z1_256pix_basicFLIM_120f_0008.sdt,20260501_KPC_fixed_dishes_on_SLIM,20260501,glu,KPCWT,3,8,457,46:04.5,,
3_KPCWT0430glu10min_740nm_3024mW_u1_poc0p2_20x0p75NA_457s50_g70_z1_256pix_basicFLIM_120f_0008.sdt,20260501_KPC_fixed_dishes_on_SLIM,20260501,glu,KPCWT,3,8,457,46:04.5,,
3_KPCWT0430glu10min_740nm_3024mW_u1_poc0p2_20x0p75NA_535s50_g70_z1_256pix_basicFLIM_120f_0008.sdt,20260501_KPC_fixed_dishes_on_SLIM,20260501,glu,KPCWT,3,8,535,58:41.8,,
3_KPCWT0430glu10min_740nm_3024mW_u1_poc0p2_20x0p75NA_535s50_g70_z1_256pix_basicFLIM_120f_0008.sdt,20260501_KPC_fixed_dishes_on_SLIM,20260501,glu,KPCWT,3,8,535,58:41.8,,
3_KPCWT0430glu10min_740nm_3024mW_u1_poc0p2_20x0p75NA_535s50_g70_z1_256pix_basicFLIM_120f_0008.sdt,20260501_KPC_fixed_dishes_on_SLIM,20260501,glu,KPCWT,3,8,535,58:41.8,,
3_KPCWT0430glu10min_740nm_3024mW_u1_poc0p2_20x0p75NA_535s50_g70_z1_256pix_basicFLIM_120f_0008.sdt,20260501_KPC_fixed_dishes_on_SLIM,20260501,glu,KPCWT,3,8,535,58:41.8,,
3_KPCWT0430glu10min_740nm_3024mW_u1_poc0p2_20x0p75NA_535s50_g70_z1_256pix_basicFLIM_120f_0008.sdt,20260501_KPC_fixed_dishes_on_SLIM,20260501,glu,KPCWT,3,8,535,58:41.8,,
3_KPCWT0430glu10min_740nm_3024mW_u1_poc0p2_20x0p75NA_535s50_g70_z1_256pix_basicFLIM_120f_0008.sdt,20260501_KPC_fixed_dishes_on_SLIM,20260501,glu,KPCWT,3,8,535,58:41.8,,
3_KPCWT0430glu10min_740nm_3024mW_u1_poc0p2_20x0p75NA_535s50_g70_z1_256pix_basicFLIM_120f_0008.sdt,20260501_KPC_fixed_dishes_on_SLIM,20260501,glu,KPCWT,3,8,535,58:41.8,,
3_KPCWT0430glu10min_740nm_3024mW_u1_poc0p2_20x0p75NA_535s50_g70_z1_256pix_basicFLIM_120f_0008.sdt,20260501_KPC_fixed_dishes_on_SLIM,20260501,glu,KPCWT,3,8,535,58:41.8,,
3_KPCWT0430glu10min_740nm_3024mW_u1_poc0p2_20x0p75NA_457s50_g70_z1_256pix_basicFLIM_120f_0009.sdt,20260501_KPC_fixed_dishes_on_SLIM,20260501,glu,KPCWT,3,9,457,47:13.6,,
3_KPCWT0430glu10min_740nm_3024mW_u1_poc0p2_20x0p75NA_457s50_g70_z1_256pix_basicFLIM_120f_0009.sdt,20260501_KPC_fixed_dishes_on_SLIM,20260501,glu,KPCWT,3,9,457,47:13.6,,
3_KPCWT0430glu10min_740nm_3024mW_u1_poc0p2_20x0p75NA_457s50_g70_z1_256pix_basicFLIM_120f_0009.sdt,20260501_KPC_fixed_dishes_on_SLIM,20260501,glu,KPCWT,3,9,457,47:13.6,,
3_KPCWT0430glu10min_740nm_3024mW_u1_poc0p2_20x0p75NA_457s50_g70_z1_256pix_basicFLIM_120f_0009.sdt,20260501_KPC_fixed_dishes_on_SLIM,20260501,glu,KPCWT,3,9,457,47:13.6,,
3_KPCWT0430glu10min_740nm_3024mW_u1_poc0p2_20x0p75NA_457s50_g70_z1_256pix_basicFLIM_120f_0009.sdt,20260501_KPC_fixed_dishes_on_SLIM,20260501,glu,KPCWT,3,9,457,47:13.6,,
3_KPCWT0430glu10min_740nm_3024mW_u1_poc0p2_20x0p75NA_457s50_g70_z1_256pix_basicFLIM_120f_0009.sdt,20260501_KPC_fixed_dishes_on_SLIM,20260501,glu,KPCWT,3,9,457,47:13.6,,
3_KPCWT0430glu10min_740nm_3024mW_u1_poc0p2_20x0p75NA_457s50_g70_z1_256pix_basicFLIM_120f_0009.sdt,20260501_KPC_fixed_dishes_on_SLIM,20260501,glu,KPCWT,3,9,457,47:13.6,,
3_KPCWT0430glu10min_740nm_3024mW_u1_poc0p2_20x0p75NA_457s50_g70_z1_256pix_basicFLIM_120f_0009.sdt,20260501_KPC_fixed_dishes_on_SLIM,20260501,glu,KPCWT,3,9,457,47:13.6,,
3_KPCWT0430glu10min_740nm_3024mW_u1_poc0p2_20x0p75NA_535s50_g70_z1_256pix_basicFLIM_120f_0009.sdt,20260501_KPC_fixed_dishes_on_SLIM,20260501,glu,KPCWT,3,9,535,59:51.2,,
3_KPCWT0430glu10min_740nm_3024mW_u1_poc0p2_20x0p75NA_535s50_g70_z1_256pix_basicFLIM_120f_0009.sdt,20260501_KPC_fixed_dishes_on_SLIM,20260501,glu,KPCWT,3,9,535,59:51.2,,
3_KPCWT0430glu10min_740nm_3024mW_u1_poc0p2_20x0p75NA_535s50_g70_z1_256pix_basicFLIM_120f_0009.sdt,20260501_KPC_fixed_dishes_on_SLIM,20260501,glu,KPCWT,3,9,535,59:51.2,,
3_KPCWT0430glu10min_740nm_3024mW_u1_poc0p2_20x0p75NA_535s50_g70_z1_256pix_basicFLIM_120f_0009.sdt,20260501_KPC_fixed_dishes_on_SLIM,20260501,glu,KPCWT,3,9,535,59:51.2,,
3_KPCWT0430glu10min_740nm_3024mW_u1_poc0p2_20x0p75NA_535s50_g70_z1_256pix_basicFLIM_120f_0009.sdt,20260501_KPC_fixed_dishes_on_SLIM,20260501,glu,KPCWT,3,9,535,59:51.2,,
3_KPCWT0430glu10min_740nm_3024mW_u1_poc0p2_20x0p75NA_535s50_g70_z1_256pix_basicFLIM_120f_0009.sdt,20260501_KPC_fixed_dishes_on_SLIM,20260501,glu,KPCWT,3,9,535,59:51.2,,
3_KPCWT0430glu10min_740nm_3024mW_u1_poc0p2_20x0p75NA_535s50_g70_z1_256pix_basicFLIM_120f_0009.sdt,20260501_KPC_fixed_dishes_on_SLIM,20260501,glu,KPCWT,3,9,535,59:51.2,,
3_KPCWT0430glu10min_740nm_3024mW_u1_poc0p2_20x0p75NA_535s50_g70_z1_256pix_basicFLIM_120f_0009.sdt,20260501_KPC_fixed_dishes_on_SLIM,20260501,glu,KPCWT,3,9,535,59:51.2,,
4_BKO0430glu10min_740nm_3038mW_u1_poc0p2_20x0p75NA_457s50_g70_z1_256pix_basicFLIM_100f_0000.sdt,20260501_KPC_fixed_dishes_on_SLIM,20260501,glu,BKO,4,0,457,22:09.1,,
4_BKO0430glu10min_740nm_3038mW_u1_poc0p2_20x0p75NA_457s50_g70_z1_256pix_basicFLIM_100f_0000.sdt,20260501_KPC_fixed_dishes_on_SLIM,20260501,glu,BKO,4,0,457,22:09.1,,
4_BKO0430glu10min_740nm_3038mW_u1_poc0p2_20x0p75NA_457s50_g70_z1_256pix_basicFLIM_100f_0000.sdt,20260501_KPC_fixed_dishes_on_SLIM,20260501,glu,BKO,4,0,457,22:09.1,,
4_BKO0430glu10min_740nm_3038mW_u1_poc0p2_20x0p75NA_457s50_g70_z1_256pix_basicFLIM_100f_0000.sdt,20260501_KPC_fixed_dishes_on_SLIM,20260501,glu,BKO,4,0,457,22:09.1,,
4_BKO0430glu10min_740nm_3038mW_u1_poc0p2_20x0p75NA_457s50_g70_z1_256pix_basicFLIM_100f_0000.sdt,20260501_KPC_fixed_dishes_on_SLIM,20260501,glu,BKO,4,0,457,22:09.1,,
4_BKO0430glu10min_740nm_3038mW_u1_poc0p2_20x0p75NA_457s50_g70_z1_256pix_basicFLIM_100f_0000.sdt,20260501_KPC_fixed_dishes_on_SLIM,20260501,glu,BKO,4,0,457,22:09.1,,
4_BKO0430glu10min_740nm_3038mW_u1_poc0p2_20x0p75NA_457s50_g70_z1_256pix_basicFLIM_100f_0000.sdt,20260501_KPC_fixed_dishes_on_SLIM,20260501,glu,BKO,4,0,457,22:09.1,,
4_BKO0430glu10min_740nm_3038mW_u1_poc0p2_20x0p75NA_457s50_g70_z1_256pix_basicFLIM_100f_0000.sdt,20260501_KPC_fixed_dishes_on_SLIM,20260501,glu,BKO,4,0,457,22:09.1,,
4_BKO0430glu10min_740nm_3024mW_u1_poc0p2_20x0p75NA_535s50_g70_z1_256pix_basicFLIM_60f_0000.sdt,20260501_KPC_fixed_dishes_on_SLIM,20260501,glu,BKO,4,0,535,09:00.7,,
4_BKO0430glu10min_740nm_3024mW_u1_poc0p2_20x0p75NA_535s50_g70_z1_256pix_basicFLIM_60f_0000.sdt,20260501_KPC_fixed_dishes_on_SLIM,20260501,glu,BKO,4,0,535,09:00.7,,
4_BKO0430glu10min_740nm_3024mW_u1_poc0p2_20x0p75NA_535s50_g70_z1_256pix_basicFLIM_60f_0000.sdt,20260501_KPC_fixed_dishes_on_SLIM,20260501,glu,BKO,4,0,535,09:00.7,,
4_BKO0430glu10min_740nm_3024mW_u1_poc0p2_20x0p75NA_535s50_g70_z1_256pix_basicFLIM_60f_0000.sdt,20260501_KPC_fixed_dishes_on_SLIM,20260501,glu,BKO,4,0,535,09:00.7,,
4_BKO0430glu10min_740nm_3024mW_u1_poc0p2_20x0p75NA_535s50_g70_z1_256pix_basicFLIM_60f_0000.sdt,20260501_KPC_fixed_dishes_on_SLIM,20260501,glu,BKO,4,0,535,09:00.7,,
4_BKO0430glu10min_740nm_3024mW_u1_poc0p2_20x0p75NA_535s50_g70_z1_256pix_basicFLIM_60f_0000.sdt,20260501_KPC_fixed_dishes_on_SLIM,20260501,glu,BKO,4,0,535,09:00.7,,
4_BKO0430glu10min_740nm_3024mW_u1_poc0p2_20x0p75NA_535s50_g70_z1_256pix_basicFLIM_60f_0000.sdt,20260501_KPC_fixed_dishes_on_SLIM,20260501,glu,BKO,4,0,535,09:00.7,,
4_BKO0430glu10min_740nm_3024mW_u1_poc0p2_20x0p75NA_535s50_g70_z1_256pix_basicFLIM_60f_0000.sdt,20260501_KPC_fixed_dishes_on_SLIM,20260501,glu,BKO,4,0,535,09:00.7,,
4_BKO0430glu10min_740nm_3024mW_u1_poc0p2_20x0p75NA_535s50_g70_z1_256pix_basicFLIM_40f_0000.sdt,20260501_KPC_fixed_dishes_on_SLIM,20260501,glu,BKO,4,0,535,15:04.9,,
4_BKO0430glu10min_740nm_3024mW_u1_poc0p2_20x0p75NA_535s50_g70_z1_256pix_basicFLIM_40f_0000.sdt,20260501_KPC_fixed_dishes_on_SLIM,20260501,glu,BKO,4,0,535,15:04.9,,
4_BKO0430glu10min_740nm_3024mW_u1_poc0p2_20x0p75NA_535s50_g70_z1_256pix_basicFLIM_40f_0000.sdt,20260501_KPC_fixed_dishes_on_SLIM,20260501,glu,BKO,4,0,535,15:04.9,,
4_BKO0430glu10min_740nm_3024mW_u1_poc0p2_20x0p75NA_535s50_g70_z1_256pix_basicFLIM_40f_0000.sdt,20260501_KPC_fixed_dishes_on_SLIM,20260501,glu,BKO,4,0,535,15:04.9,,
4_BKO0430glu10min_740nm_3024mW_u1_poc0p2_20x0p75NA_535s50_g70_z1_256pix_basicFLIM_40f_0000.sdt,20260501_KPC_fixed_dishes_on_SLIM,20260501,glu,BKO,4,0,535,15:04.9,,
4_BKO0430glu10min_740nm_3024mW_u1_poc0p2_20x0p75NA_535s50_g70_z1_256pix_basicFLIM_40f_0000.sdt,20260501_KPC_fixed_dishes_on_SLIM,20260501,glu,BKO,4,0,535,15:04.9,,
4_BKO0430glu10min_740nm_3024mW_u1_poc0p2_20x0p75NA_535s50_g70_z1_256pix_basicFLIM_40f_0000.sdt,20260501_KPC_fixed_dishes_on_SLIM,20260501,glu,BKO,4,0,535,15:04.9,,
4_BKO0430glu10min_740nm_3024mW_u1_poc0p2_20x0p75NA_535s50_g70_z1_256pix_basicFLIM_40f_0000.sdt,20260501_KPC_fixed_dishes_on_SLIM,20260501,glu,BKO,4,0,535,15:04.9,,
4_BKO0430glu10min_740nm_3038mW_u1_poc0p2_20x0p75NA_457s50_g70_z1_256pix_basicFLIM_100f_0001.sdt,20260501_KPC_fixed_dishes_on_SLIM,20260501,glu,BKO,4,1,457,23:07.4,,
4_BKO0430glu10min_740nm_3038mW_u1_poc0p2_20x0p75NA_457s50_g70_z1_256pix_basicFLIM_100f_0001.sdt,20260501_KPC_fixed_dishes_on_SLIM,20260501,glu,BKO,4,1,457,23:07.4,,
4_BKO0430glu10min_740nm_3038mW_u1_poc0p2_20x0p75NA_457s50_g70_z1_256pix_basicFLIM_100f_0001.sdt,20260501_KPC_fixed_dishes_on_SLIM,20260501,glu,BKO,4,1,457,23:07.4,,
4_BKO0430glu10min_740nm_3038mW_u1_poc0p2_20x0p75NA_457s50_g70_z1_256pix_basicFLIM_100f_0001.sdt,20260501_KPC_fixed_dishes_on_SLIM,20260501,glu,BKO,4,1,457,23:07.4,,
4_BKO0430glu10min_740nm_3038mW_u1_poc0p2_20x0p75NA_457s50_g70_z1_256pix_basicFLIM_100f_0001.sdt,20260501_KPC_fixed_dishes_on_SLIM,20260501,glu,BKO,4,1,457,23:07.4,,
4_BKO0430glu10min_740nm_3038mW_u1_poc0p2_20x0p75NA_457s50_g70_z1_256pix_basicFLIM_100f_0001.sdt,20260501_KPC_fixed_dishes_on_SLIM,20260501,glu,BKO,4,1,457,23:07.4,,
4_BKO0430glu10min_740nm_3038mW_u1_poc0p2_20x0p75NA_457s50_g70_z1_256pix_basicFLIM_100f_0001.sdt,20260501_KPC_fixed_dishes_on_SLIM,20260501,glu,BKO,4,1,457,23:07.4,,
4_BKO0430glu10min_740nm_3038mW_u1_poc0p2_20x0p75NA_457s50_g70_z1_256pix_basicFLIM_100f_0001.sdt,20260501_KPC_fixed_dishes_on_SLIM,20260501,glu,BKO,4,1,457,23:07.4,,
4_BKO0430glu10min_740nm_3024mW_u1_poc0p2_20x0p75NA_535s50_g70_z1_256pix_basicFLIM_60f_0001.sdt,20260501_KPC_fixed_dishes_on_SLIM,20260501,glu,BKO,4,1,535,09:36.5,,
4_BKO0430glu10min_740nm_3024mW_u1_poc0p2_20x0p75NA_535s50_g70_z1_256pix_basicFLIM_60f_0001.sdt,20260501_KPC_fixed_dishes_on_SLIM,20260501,glu,BKO,4,1,535,09:36.5,,
4_BKO0430glu10min_740nm_3024mW_u1_poc0p2_20x0p75NA_535s50_g70_z1_256pix_basicFLIM_60f_0001.sdt,20260501_KPC_fixed_dishes_on_SLIM,20260501,glu,BKO,4,1,535,09:36.5,,
4_BKO0430glu10min_740nm_3024mW_u1_poc0p2_20x0p75NA_535s50_g70_z1_256pix_basicFLIM_60f_0001.sdt,20260501_KPC_fixed_dishes_on_SLIM,20260501,glu,BKO,4,1,535,09:36.5,,
4_BKO0430glu10min_740nm_3024mW_u1_poc0p2_20x0p75NA_535s50_g70_z1_256pix_basicFLIM_60f_0001.sdt,20260501_KPC_fixed_dishes_on_SLIM,20260501,glu,BKO,4,1,535,09:36.5,,
4_BKO0430glu10min_740nm_3024mW_u1_poc0p2_20x0p75NA_535s50_g70_z1_256pix_basicFLIM_60f_0001.sdt,20260501_KPC_fixed_dishes_on_SLIM,20260501,glu,BKO,4,1,535,09:36.5,,
4_BKO0430glu10min_740nm_3024mW_u1_poc0p2_20x0p75NA_535s50_g70_z1_256pix_basicFLIM_60f_0001.sdt,20260501_KPC_fixed_dishes_on_SLIM,20260501,glu,BKO,4,1,535,09:36.5,,
4_BKO0430glu10min_740nm_3024mW_u1_poc0p2_20x0p75NA_535s50_g70_z1_256pix_basicFLIM_60f_0001.sdt,20260501_KPC_fixed_dishes_on_SLIM,20260501,glu,BKO,4,1,535,09:36.5,,
4_BKO0430glu10min_740nm_3024mW_u1_poc0p2_20x0p75NA_535s50_g70_z1_256pix_basicFLIM_40f_0001.sdt,20260501_KPC_fixed_dishes_on_SLIM,20260501,glu,BKO,4,1,535,15:29.6,,
4_BKO0430glu10min_740nm_3024mW_u1_poc0p2_20x0p75NA_535s50_g70_z1_256pix_basicFLIM_40f_0001.sdt,20260501_KPC_fixed_dishes_on_SLIM,20260501,glu,BKO,4,1,535,15:29.6,,
4_BKO0430glu10min_740nm_3024mW_u1_poc0p2_20x0p75NA_535s50_g70_z1_256pix_basicFLIM_40f_0001.sdt,20260501_KPC_fixed_dishes_on_SLIM,20260501,glu,BKO,4,1,535,15:29.6,,
4_BKO0430glu10min_740nm_3024mW_u1_poc0p2_20x0p75NA_535s50_g70_z1_256pix_basicFLIM_40f_0001.sdt,20260501_KPC_fixed_dishes_on_SLIM,20260501,glu,BKO,4,1,535,15:29.6,,
4_BKO0430glu10min_740nm_3024mW_u1_poc0p2_20x0p75NA_535s50_g70_z1_256pix_basicFLIM_40f_0001.sdt,20260501_KPC_fixed_dishes_on_SLIM,20260501,glu,BKO,4,1,535,15:29.6,,
4_BKO0430glu10min_740nm_3024mW_u1_poc0p2_20x0p75NA_535s50_g70_z1_256pix_basicFLIM_40f_0001.sdt,20260501_KPC_fixed_dishes_on_SLIM,20260501,glu,BKO,4,1,535,15:29.6,,
4_BKO0430glu10min_740nm_3024mW_u1_poc0p2_20x0p75NA_535s50_g70_z1_256pix_basicFLIM_40f_0001.sdt,20260501_KPC_fixed_dishes_on_SLIM,20260501,glu,BKO,4,1,535,15:29.6,,
4_BKO0430glu10min_740nm_3024mW_u1_poc0p2_20x0p75NA_535s50_g70_z1_256pix_basicFLIM_40f_0001.sdt,20260501_KPC_fixed_dishes_on_SLIM,20260501,glu,BKO,4,1,535,15:29.6,,
4_BKO0430glu10min_740nm_3038mW_u1_poc0p2_20x0p75NA_457s50_g70_z1_256pix_basicFLIM_100f_0002.sdt,20260501_KPC_fixed_dishes_on_SLIM,20260501,glu,BKO,4,2,457,24:05.5,,
4_BKO0430glu10min_740nm_3038mW_u1_poc0p2_20x0p75NA_457s50_g70_z1_256pix_basicFLIM_100f_0002.sdt,20260501_KPC_fixed_dishes_on_SLIM,20260501,glu,BKO,4,2,457,24:05.5,,
4_BKO0430glu10min_740nm_3038mW_u1_poc0p2_20x0p75NA_457s50_g70_z1_256pix_basicFLIM_100f_0002.sdt,20260501_KPC_fixed_dishes_on_SLIM,20260501,glu,BKO,4,2,457,24:05.5,,
4_BKO0430glu10min_740nm_3038mW_u1_poc0p2_20x0p75NA_457s50_g70_z1_256pix_basicFLIM_100f_0002.sdt,20260501_KPC_fixed_dishes_on_SLIM,20260501,glu,BKO,4,2,457,24:05.5,,
4_BKO0430glu10min_740nm_3038mW_u1_poc0p2_20x0p75NA_457s50_g70_z1_256pix_basicFLIM_100f_0002.sdt,20260501_KPC_fixed_dishes_on_SLIM,20260501,glu,BKO,4,2,457,24:05.5,,
4_BKO0430glu10min_740nm_3038mW_u1_poc0p2_20x0p75NA_457s50_g70_z1_256pix_basicFLIM_100f_0002.sdt,20260501_KPC_fixed_dishes_on_SLIM,20260501,glu,BKO,4,2,457,24:05.5,,
4_BKO0430glu10min_740nm_3038mW_u1_poc0p2_20x0p75NA_457s50_g70_z1_256pix_basicFLIM_100f_0002.sdt,20260501_KPC_fixed_dishes_on_SLIM,20260501,glu,BKO,4,2,457,24:05.5,,
4_BKO0430glu10min_740nm_3038mW_u1_poc0p2_20x0p75NA_457s50_g70_z1_256pix_basicFLIM_100f_0002.sdt,20260501_KPC_fixed_dishes_on_SLIM,20260501,glu,BKO,4,2,457,24:05.5,,
4_BKO0430glu10min_740nm_3024mW_u1_poc0p2_20x0p75NA_535s50_g70_z1_256pix_basicFLIM_60f_0002.sdt,20260501_KPC_fixed_dishes_on_SLIM,20260501,glu,BKO,4,2,535,10:12.0,,
4_BKO0430glu10min_740nm_3024mW_u1_poc0p2_20x0p75NA_535s50_g70_z1_256pix_basicFLIM_60f_0002.sdt,20260501_KPC_fixed_dishes_on_SLIM,20260501,glu,BKO,4,2,535,10:12.0,,
4_BKO0430glu10min_740nm_3024mW_u1_poc0p2_20x0p75NA_535s50_g70_z1_256pix_basicFLIM_60f_0002.sdt,20260501_KPC_fixed_dishes_on_SLIM,20260501,glu,BKO,4,2,535,10:12.0,,
4_BKO0430glu10min_740nm_3024mW_u1_poc0p2_20x0p75NA_535s50_g70_z1_256pix_basicFLIM_60f_0002.sdt,20260501_KPC_fixed_dishes_on_SLIM,20260501,glu,BKO,4,2,535,10:12.0,,
4_BKO0430glu10min_740nm_3024mW_u1_poc0p2_20x0p75NA_535s50_g70_z1_256pix_basicFLIM_60f_0002.sdt,20260501_KPC_fixed_dishes_on_SLIM,20260501,glu,BKO,4,2,535,10:12.0,,
4_BKO0430glu10min_740nm_3024mW_u1_poc0p2_20x0p75NA_535s50_g70_z1_256pix_basicFLIM_60f_0002.sdt,20260501_KPC_fixed_dishes_on_SLIM,20260501,glu,BKO,4,2,535,10:12.0,,
4_BKO0430glu10min_740nm_3024mW_u1_poc0p2_20x0p75NA_535s50_g70_z1_256pix_basicFLIM_60f_0002.sdt,20260501_KPC_fixed_dishes_on_SLIM,20260501,glu,BKO,4,2,535,10:12.0,,
4_BKO0430glu10min_740nm_3024mW_u1_poc0p2_20x0p75NA_535s50_g70_z1_256pix_basicFLIM_60f_0002.sdt,20260501_KPC_fixed_dishes_on_SLIM,20260501,glu,BKO,4,2,535,10:12.0,,
4_BKO0430glu10min_740nm_3024mW_u1_poc0p2_20x0p75NA_535s50_g70_z1_256pix_basicFLIM_40f_0002.sdt,20260501_KPC_fixed_dishes_on_SLIM,20260501,glu,BKO,4,2,535,15:53.9,,
4_BKO0430glu10min_740nm_3024mW_u1_poc0p2_20x0p75NA_535s50_g70_z1_256pix_basicFLIM_40f_0002.sdt,20260501_KPC_fixed_dishes_on_SLIM,20260501,glu,BKO,4,2,535,15:53.9,,
4_BKO0430glu10min_740nm_3024mW_u1_poc0p2_20x0p75NA_535s50_g70_z1_256pix_basicFLIM_40f_0002.sdt,20260501_KPC_fixed_dishes_on_SLIM,20260501,glu,BKO,4,2,535,15:53.9,,
4_BKO0430glu10min_740nm_3024mW_u1_poc0p2_20x0p75NA_535s50_g70_z1_256pix_basicFLIM_40f_0002.sdt,20260501_KPC_fixed_dishes_on_SLIM,20260501,glu,BKO,4,2,535,15:53.9,,
4_BKO0430glu10min_740nm_3024mW_u1_poc0p2_20x0p75NA_535s50_g70_z1_256pix_basicFLIM_40f_0002.sdt,20260501_KPC_fixed_dishes_on_SLIM,20260501,glu,BKO,4,2,535,15:53.9,,
4_BKO0430glu10min_740nm_3024mW_u1_poc0p2_20x0p75NA_535s50_g70_z1_256pix_basicFLIM_40f_0002.sdt,20260501_KPC_fixed_dishes_on_SLIM,20260501,glu,BKO,4,2,535,15:53.9,,
4_BKO0430glu10min_740nm_3024mW_u1_poc0p2_20x0p75NA_535s50_g70_z1_256pix_basicFLIM_40f_0002.sdt,20260501_KPC_fixed_dishes_on_SLIM,20260501,glu,BKO,4,2,535,15:53.9,,
4_BKO0430glu10min_740nm_3024mW_u1_poc0p2_20x0p75NA_535s50_g70_z1_256pix_basicFLIM_40f_0002.sdt,20260501_KPC_fixed_dishes_on_SLIM,20260501,glu,BKO,4,2,535,15:53.9,,
4_BKO0430glu10min_740nm_3038mW_u1_poc0p2_20x0p75NA_457s50_g70_z1_256pix_basicFLIM_100f_0003.sdt,20260501_KPC_fixed_dishes_on_SLIM,20260501,glu,BKO,4,3,457,25:02.9,,
4_BKO0430glu10min_740nm_3038mW_u1_poc0p2_20x0p75NA_457s50_g70_z1_256pix_basicFLIM_100f_0003.sdt,20260501_KPC_fixed_dishes_on_SLIM,20260501,glu,BKO,4,3,457,25:02.9,,
4_BKO0430glu10min_740nm_3038mW_u1_poc0p2_20x0p75NA_457s50_g70_z1_256pix_basicFLIM_100f_0003.sdt,20260501_KPC_fixed_dishes_on_SLIM,20260501,glu,BKO,4,3,457,25:02.9,,
4_BKO0430glu10min_740nm_3038mW_u1_poc0p2_20x0p75NA_457s50_g70_z1_256pix_basicFLIM_100f_0003.sdt,20260501_KPC_fixed_dishes_on_SLIM,20260501,glu,BKO,4,3,457,25:02.9,,
4_BKO0430glu10min_740nm_3038mW_u1_poc0p2_20x0p75NA_457s50_g70_z1_256pix_basicFLIM_100f_0003.sdt,20260501_KPC_fixed_dishes_on_SLIM,20260501,glu,BKO,4,3,457,25:02.9,,
4_BKO0430glu10min_740nm_3038mW_u1_poc0p2_20x0p75NA_457s50_g70_z1_256pix_basicFLIM_100f_0003.sdt,20260501_KPC_fixed_dishes_on_SLIM,20260501,glu,BKO,4,3,457,25:02.9,,
4_BKO0430glu10min_740nm_3038mW_u1_poc0p2_20x0p75NA_457s50_g70_z1_256pix_basicFLIM_100f_0003.sdt,20260501_KPC_fixed_dishes_on_SLIM,20260501,glu,BKO,4,3,457,25:02.9,,
4_BKO0430glu10min_740nm_3038mW_u1_poc0p2_20x0p75NA_457s50_g70_z1_256pix_basicFLIM_100f_0003.sdt,20260501_KPC_fixed_dishes_on_SLIM,20260501,glu,BKO,4,3,457,25:02.9,,
4_BKO0430glu10min_740nm_3024mW_u1_poc0p2_20x0p75NA_535s50_g70_z1_256pix_basicFLIM_60f_0003.sdt,20260501_KPC_fixed_dishes_on_SLIM,20260501,glu,BKO,4,3,535,10:47.0,,
4_BKO0430glu10min_740nm_3024mW_u1_poc0p2_20x0p75NA_535s50_g70_z1_256pix_basicFLIM_60f_0003.sdt,20260501_KPC_fixed_dishes_on_SLIM,20260501,glu,BKO,4,3,535,10:47.0,,
4_BKO0430glu10min_740nm_3024mW_u1_poc0p2_20x0p75NA_535s50_g70_z1_256pix_basicFLIM_60f_0003.sdt,20260501_KPC_fixed_dishes_on_SLIM,20260501,glu,BKO,4,3,535,10:47.0,,
4_BKO0430glu10min_740nm_3024mW_u1_poc0p2_20x0p75NA_535s50_g70_z1_256pix_basicFLIM_60f_0003.sdt,20260501_KPC_fixed_dishes_on_SLIM,20260501,glu,BKO,4,3,535,10:47.0,,
4_BKO0430glu10min_740nm_3024mW_u1_poc0p2_20x0p75NA_535s50_g70_z1_256pix_basicFLIM_60f_0003.sdt,20260501_KPC_fixed_dishes_on_SLIM,20260501,glu,BKO,4,3,535,10:47.0,,
4_BKO0430glu10min_740nm_3024mW_u1_poc0p2_20x0p75NA_535s50_g70_z1_256pix_basicFLIM_60f_0003.sdt,20260501_KPC_fixed_dishes_on_SLIM,20260501,glu,BKO,4,3,535,10:47.0,,
4_BKO0430glu10min_740nm_3024mW_u1_poc0p2_20x0p75NA_535s50_g70_z1_256pix_basicFLIM_60f_0003.sdt,20260501_KPC_fixed_dishes_on_SLIM,20260501,glu,BKO,4,3,535,10:47.0,,
4_BKO0430glu10min_740nm_3024mW_u1_poc0p2_20x0p75NA_535s50_g70_z1_256pix_basicFLIM_60f_0003.sdt,20260501_KPC_fixed_dishes_on_SLIM,20260501,glu,BKO,4,3,535,10:47.0,,
4_BKO0430glu10min_740nm_3024mW_u1_poc0p2_20x0p75NA_535s50_g70_z1_256pix_basicFLIM_40f_0003.sdt,20260501_KPC_fixed_dishes_on_SLIM,20260501,glu,BKO,4,3,535,16:17.8,,
4_BKO0430glu10min_740nm_3024mW_u1_poc0p2_20x0p75NA_535s50_g70_z1_256pix_basicFLIM_40f_0003.sdt,20260501_KPC_fixed_dishes_on_SLIM,20260501,glu,BKO,4,3,535,16:17.8,,
4_BKO0430glu10min_740nm_3024mW_u1_poc0p2_20x0p75NA_535s50_g70_z1_256pix_basicFLIM_40f_0003.sdt,20260501_KPC_fixed_dishes_on_SLIM,20260501,glu,BKO,4,3,535,16:17.8,,
4_BKO0430glu10min_740nm_3024mW_u1_poc0p2_20x0p75NA_535s50_g70_z1_256pix_basicFLIM_40f_0003.sdt,20260501_KPC_fixed_dishes_on_SLIM,20260501,glu,BKO,4,3,535,16:17.8,,
4_BKO0430glu10min_740nm_3024mW_u1_poc0p2_20x0p75NA_535s50_g70_z1_256pix_basicFLIM_40f_0003.sdt,20260501_KPC_fixed_dishes_on_SLIM,20260501,glu,BKO,4,3,535,16:17.8,,
4_BKO0430glu10min_740nm_3024mW_u1_poc0p2_20x0p75NA_535s50_g70_z1_256pix_basicFLIM_40f_0003.sdt,20260501_KPC_fixed_dishes_on_SLIM,20260501,glu,BKO,4,3,535,16:17.8,,
4_BKO0430glu10min_740nm_3024mW_u1_poc0p2_20x0p75NA_535s50_g70_z1_256pix_basicFLIM_40f_0003.sdt,20260501_KPC_fixed_dishes_on_SLIM,20260501,glu,BKO,4,3,535,16:17.8,,
4_BKO0430glu10min_740nm_3024mW_u1_poc0p2_20x0p75NA_535s50_g70_z1_256pix_basicFLIM_40f_0003.sdt,20260501_KPC_fixed_dishes_on_SLIM,20260501,glu,BKO,4,3,535,16:17.8,,
4_BKO0430glu10min_740nm_3038mW_u1_poc0p2_20x0p75NA_457s50_g70_z1_256pix_basicFLIM_100f_0004.sdt,20260501_KPC_fixed_dishes_on_SLIM,20260501,glu,BKO,4,4,457,26:01.2,,
4_BKO0430glu10min_740nm_3038mW_u1_poc0p2_20x0p75NA_457s50_g70_z1_256pix_basicFLIM_100f_0004.sdt,20260501_KPC_fixed_dishes_on_SLIM,20260501,glu,BKO,4,4,457,26:01.2,,
4_BKO0430glu10min_740nm_3038mW_u1_poc0p2_20x0p75NA_457s50_g70_z1_256pix_basicFLIM_100f_0004.sdt,20260501_KPC_fixed_dishes_on_SLIM,20260501,glu,BKO,4,4,457,26:01.2,,
4_BKO0430glu10min_740nm_3038mW_u1_poc0p2_20x0p75NA_457s50_g70_z1_256pix_basicFLIM_100f_0004.sdt,20260501_KPC_fixed_dishes_on_SLIM,20260501,glu,BKO,4,4,457,26:01.2,,
4_BKO0430glu10min_740nm_3038mW_u1_poc0p2_20x0p75NA_457s50_g70_z1_256pix_basicFLIM_100f_0004.sdt,20260501_KPC_fixed_dishes_on_SLIM,20260501,glu,BKO,4,4,457,26:01.2,,
4_BKO0430glu10min_740nm_3038mW_u1_poc0p2_20x0p75NA_457s50_g70_z1_256pix_basicFLIM_100f_0004.sdt,20260501_KPC_fixed_dishes_on_SLIM,20260501,glu,BKO,4,4,457,26:01.2,,
4_BKO0430glu10min_740nm_3038mW_u1_poc0p2_20x0p75NA_457s50_g70_z1_256pix_basicFLIM_100f_0004.sdt,20260501_KPC_fixed_dishes_on_SLIM,20260501,glu,BKO,4,4,457,26:01.2,,
4_BKO0430glu10min_740nm_3038mW_u1_poc0p2_20x0p75NA_457s50_g70_z1_256pix_basicFLIM_100f_0004.sdt,20260501_KPC_fixed_dishes_on_SLIM,20260501,glu,BKO,4,4,457,26:01.2,,
4_BKO0430glu10min_740nm_3024mW_u1_poc0p2_20x0p75NA_535s50_g70_z1_256pix_basicFLIM_60f_0004.sdt,20260501_KPC_fixed_dishes_on_SLIM,20260501,glu,BKO,4,4,535,11:22.9,,
4_BKO0430glu10min_740nm_3024mW_u1_poc0p2_20x0p75NA_535s50_g70_z1_256pix_basicFLIM_60f_0004.sdt,20260501_KPC_fixed_dishes_on_SLIM,20260501,glu,BKO,4,4,535,11:22.9,,
4_BKO0430glu10min_740nm_3024mW_u1_poc0p2_20x0p75NA_535s50_g70_z1_256pix_basicFLIM_60f_0004.sdt,20260501_KPC_fixed_dishes_on_SLIM,20260501,glu,BKO,4,4,535,11:22.9,,
4_BKO0430glu10min_740nm_3024mW_u1_poc0p2_20x0p75NA_535s50_g70_z1_256pix_basicFLIM_60f_0004.sdt,20260501_KPC_fixed_dishes_on_SLIM,20260501,glu,BKO,4,4,535,11:22.9,,
4_BKO0430glu10min_740nm_3024mW_u1_poc0p2_20x0p75NA_535s50_g70_z1_256pix_basicFLIM_60f_0004.sdt,20260501_KPC_fixed_dishes_on_SLIM,20260501,glu,BKO,4,4,535,11:22.9,,
4_BKO0430glu10min_740nm_3024mW_u1_poc0p2_20x0p75NA_535s50_g70_z1_256pix_basicFLIM_60f_0004.sdt,20260501_KPC_fixed_dishes_on_SLIM,20260501,glu,BKO,4,4,535,11:22.9,,
4_BKO0430glu10min_740nm_3024mW_u1_poc0p2_20x0p75NA_535s50_g70_z1_256pix_basicFLIM_60f_0004.sdt,20260501_KPC_fixed_dishes_on_SLIM,20260501,glu,BKO,4,4,535,11:22.9,,
4_BKO0430glu10min_740nm_3024mW_u1_poc0p2_20x0p75NA_535s50_g70_z1_256pix_basicFLIM_60f_0004.sdt,20260501_KPC_fixed_dishes_on_SLIM,20260501,glu,BKO,4,4,535,11:22.9,,
4_BKO0430glu10min_740nm_3024mW_u1_poc0p2_20x0p75NA_535s50_g70_z1_256pix_basicFLIM_40f_0004.sdt,20260501_KPC_fixed_dishes_on_SLIM,20260501,glu,BKO,4,4,535,16:42.7,,
4_BKO0430glu10min_740nm_3024mW_u1_poc0p2_20x0p75NA_535s50_g70_z1_256pix_basicFLIM_40f_0004.sdt,20260501_KPC_fixed_dishes_on_SLIM,20260501,glu,BKO,4,4,535,16:42.7,,
4_BKO0430glu10min_740nm_3024mW_u1_poc0p2_20x0p75NA_535s50_g70_z1_256pix_basicFLIM_40f_0004.sdt,20260501_KPC_fixed_dishes_on_SLIM,20260501,glu,BKO,4,4,535,16:42.7,,
4_BKO0430glu10min_740nm_3024mW_u1_poc0p2_20x0p75NA_535s50_g70_z1_256pix_basicFLIM_40f_0004.sdt,20260501_KPC_fixed_dishes_on_SLIM,20260501,glu,BKO,4,4,535,16:42.7,,
4_BKO0430glu10min_740nm_3024mW_u1_poc0p2_20x0p75NA_535s50_g70_z1_256pix_basicFLIM_40f_0004.sdt,20260501_KPC_fixed_dishes_on_SLIM,20260501,glu,BKO,4,4,535,16:42.7,,
4_BKO0430glu10min_740nm_3024mW_u1_poc0p2_20x0p75NA_535s50_g70_z1_256pix_basicFLIM_40f_0004.sdt,20260501_KPC_fixed_dishes_on_SLIM,20260501,glu,BKO,4,4,535,16:42.7,,
4_BKO0430glu10min_740nm_3024mW_u1_poc0p2_20x0p75NA_535s50_g70_z1_256pix_basicFLIM_40f_0004.sdt,20260501_KPC_fixed_dishes_on_SLIM,20260501,glu,BKO,4,4,535,16:42.7,,
4_BKO0430glu10min_740nm_3024mW_u1_poc0p2_20x0p75NA_535s50_g70_z1_256pix_basicFLIM_40f_0004.sdt,20260501_KPC_fixed_dishes_on_SLIM,20260501,glu,BKO,4,4,535,16:42.7,,
4_BKO0430glu10min_740nm_3038mW_u1_poc0p2_20x0p75NA_457s50_g70_z1_256pix_basicFLIM_100f_0005.sdt,20260501_KPC_fixed_dishes_on_SLIM,20260501,glu,BKO,4,5,457,26:59.2,,
4_BKO0430glu10min_740nm_3038mW_u1_poc0p2_20x0p75NA_457s50_g70_z1_256pix_basicFLIM_100f_0005.sdt,20260501_KPC_fixed_dishes_on_SLIM,20260501,glu,BKO,4,5,457,26:59.2,,
4_BKO0430glu10min_740nm_3038mW_u1_poc0p2_20x0p75NA_457s50_g70_z1_256pix_basicFLIM_100f_0005.sdt,20260501_KPC_fixed_dishes_on_SLIM,20260501,glu,BKO,4,5,457,26:59.2,,
4_BKO0430glu10min_740nm_3038mW_u1_poc0p2_20x0p75NA_457s50_g70_z1_256pix_basicFLIM_100f_0005.sdt,20260501_KPC_fixed_dishes_on_SLIM,20260501,glu,BKO,4,5,457,26:59.2,,
4_BKO0430glu10min_740nm_3038mW_u1_poc0p2_20x0p75NA_457s50_g70_z1_256pix_basicFLIM_100f_0005.sdt,20260501_KPC_fixed_dishes_on_SLIM,20260501,glu,BKO,4,5,457,26:59.2,,
4_BKO0430glu10min_740nm_3038mW_u1_poc0p2_20x0p75NA_457s50_g70_z1_256pix_basicFLIM_100f_0005.sdt,20260501_KPC_fixed_dishes_on_SLIM,20260501,glu,BKO,4,5,457,26:59.2,,
4_BKO0430glu10min_740nm_3038mW_u1_poc0p2_20x0p75NA_457s50_g70_z1_256pix_basicFLIM_100f_0005.sdt,20260501_KPC_fixed_dishes_on_SLIM,20260501,glu,BKO,4,5,457,26:59.2,,
4_BKO0430glu10min_740nm_3038mW_u1_poc0p2_20x0p75NA_457s50_g70_z1_256pix_basicFLIM_100f_0005.sdt,20260501_KPC_fixed_dishes_on_SLIM,20260501,glu,BKO,4,5,457,26:59.2,,
4_BKO0430glu10min_740nm_3024mW_u1_poc0p2_20x0p75NA_535s50_g70_z1_256pix_basicFLIM_60f_0005.sdt,20260501_KPC_fixed_dishes_on_SLIM,20260501,glu,BKO,4,5,535,11:58.5,,
4_BKO0430glu10min_740nm_3024mW_u1_poc0p2_20x0p75NA_535s50_g70_z1_256pix_basicFLIM_60f_0005.sdt,20260501_KPC_fixed_dishes_on_SLIM,20260501,glu,BKO,4,5,535,11:58.5,,
4_BKO0430glu10min_740nm_3024mW_u1_poc0p2_20x0p75NA_535s50_g70_z1_256pix_basicFLIM_60f_0005.sdt,20260501_KPC_fixed_dishes_on_SLIM,20260501,glu,BKO,4,5,535,11:58.5,,
4_BKO0430glu10min_740nm_3024mW_u1_poc0p2_20x0p75NA_535s50_g70_z1_256pix_basicFLIM_60f_0005.sdt,20260501_KPC_fixed_dishes_on_SLIM,20260501,glu,BKO,4,5,535,11:58.5,,
4_BKO0430glu10min_740nm_3024mW_u1_poc0p2_20x0p75NA_535s50_g70_z1_256pix_basicFLIM_60f_0005.sdt,20260501_KPC_fixed_dishes_on_SLIM,20260501,glu,BKO,4,5,535,11:58.5,,
4_BKO0430glu10min_740nm_3024mW_u1_poc0p2_20x0p75NA_535s50_g70_z1_256pix_basicFLIM_60f_0005.sdt,20260501_KPC_fixed_dishes_on_SLIM,20260501,glu,BKO,4,5,535,11:58.5,,
4_BKO0430glu10min_740nm_3024mW_u1_poc0p2_20x0p75NA_535s50_g70_z1_256pix_basicFLIM_60f_0005.sdt,20260501_KPC_fixed_dishes_on_SLIM,20260501,glu,BKO,4,5,535,11:58.5,,
4_BKO0430glu10min_740nm_3024mW_u1_poc0p2_20x0p75NA_535s50_g70_z1_256pix_basicFLIM_60f_0005.sdt,20260501_KPC_fixed_dishes_on_SLIM,20260501,glu,BKO,4,5,535,11:58.5,,
4_BKO0430glu10min_740nm_3024mW_u1_poc0p2_20x0p75NA_535s50_g70_z1_256pix_basicFLIM_40f_0005.sdt,20260501_KPC_fixed_dishes_on_SLIM,20260501,glu,BKO,4,5,535,17:07.1,,
4_BKO0430glu10min_740nm_3024mW_u1_poc0p2_20x0p75NA_535s50_g70_z1_256pix_basicFLIM_40f_0005.sdt,20260501_KPC_fixed_dishes_on_SLIM,20260501,glu,BKO,4,5,535,17:07.1,,
4_BKO0430glu10min_740nm_3024mW_u1_poc0p2_20x0p75NA_535s50_g70_z1_256pix_basicFLIM_40f_0005.sdt,20260501_KPC_fixed_dishes_on_SLIM,20260501,glu,BKO,4,5,535,17:07.1,,
4_BKO0430glu10min_740nm_3024mW_u1_poc0p2_20x0p75NA_535s50_g70_z1_256pix_basicFLIM_40f_0005.sdt,20260501_KPC_fixed_dishes_on_SLIM,20260501,glu,BKO,4,5,535,17:07.1,,
4_BKO0430glu10min_740nm_3024mW_u1_poc0p2_20x0p75NA_535s50_g70_z1_256pix_basicFLIM_40f_0005.sdt,20260501_KPC_fixed_dishes_on_SLIM,20260501,glu,BKO,4,5,535,17:07.1,,
4_BKO0430glu10min_740nm_3024mW_u1_poc0p2_20x0p75NA_535s50_g70_z1_256pix_basicFLIM_40f_0005.sdt,20260501_KPC_fixed_dishes_on_SLIM,20260501,glu,BKO,4,5,535,17:07.1,,
4_BKO0430glu10min_740nm_3024mW_u1_poc0p2_20x0p75NA_535s50_g70_z1_256pix_basicFLIM_40f_0005.sdt,20260501_KPC_fixed_dishes_on_SLIM,20260501,glu,BKO,4,5,535,17:07.1,,
4_BKO0430glu10min_740nm_3024mW_u1_poc0p2_20x0p75NA_535s50_g70_z1_256pix_basicFLIM_40f_0005.sdt,20260501_KPC_fixed_dishes_on_SLIM,20260501,glu,BKO,4,5,535,17:07.1,,
4_BKO0430glu10min_740nm_3038mW_u1_poc0p2_20x0p75NA_457s50_g70_z1_256pix_basicFLIM_100f_0006.sdt,20260501_KPC_fixed_dishes_on_SLIM,20260501,glu,BKO,4,6,457,27:57.9,,
4_BKO0430glu10min_740nm_3038mW_u1_poc0p2_20x0p75NA_457s50_g70_z1_256pix_basicFLIM_100f_0006.sdt,20260501_KPC_fixed_dishes_on_SLIM,20260501,glu,BKO,4,6,457,27:57.9,,
4_BKO0430glu10min_740nm_3038mW_u1_poc0p2_20x0p75NA_457s50_g70_z1_256pix_basicFLIM_100f_0006.sdt,20260501_KPC_fixed_dishes_on_SLIM,20260501,glu,BKO,4,6,457,27:57.9,,
4_BKO0430glu10min_740nm_3038mW_u1_poc0p2_20x0p75NA_457s50_g70_z1_256pix_basicFLIM_100f_0006.sdt,20260501_KPC_fixed_dishes_on_SLIM,20260501,glu,BKO,4,6,457,27:57.9,,
4_BKO0430glu10min_740nm_3038mW_u1_poc0p2_20x0p75NA_457s50_g70_z1_256pix_basicFLIM_100f_0006.sdt,20260501_KPC_fixed_dishes_on_SLIM,20260501,glu,BKO,4,6,457,27:57.9,,
4_BKO0430glu10min_740nm_3038mW_u1_poc0p2_20x0p75NA_457s50_g70_z1_256pix_basicFLIM_100f_0006.sdt,20260501_KPC_fixed_dishes_on_SLIM,20260501,glu,BKO,4,6,457,27:57.9,,
4_BKO0430glu10min_740nm_3038mW_u1_poc0p2_20x0p75NA_457s50_g70_z1_256pix_basicFLIM_100f_0006.sdt,20260501_KPC_fixed_dishes_on_SLIM,20260501,glu,BKO,4,6,457,27:57.9,,
4_BKO0430glu10min_740nm_3038mW_u1_poc0p2_20x0p75NA_457s50_g70_z1_256pix_basicFLIM_100f_0006.sdt,20260501_KPC_fixed_dishes_on_SLIM,20260501,glu,BKO,4,6,457,27:57.9,,
4_BKO0430glu10min_740nm_3024mW_u1_poc0p2_20x0p75NA_535s50_g70_z1_256pix_basicFLIM_60f_0006.sdt,20260501_KPC_fixed_dishes_on_SLIM,20260501,glu,BKO,4,6,535,12:34.9,,
4_BKO0430glu10min_740nm_3024mW_u1_poc0p2_20x0p75NA_535s50_g70_z1_256pix_basicFLIM_60f_0006.sdt,20260501_KPC_fixed_dishes_on_SLIM,20260501,glu,BKO,4,6,535,12:34.9,,
4_BKO0430glu10min_740nm_3024mW_u1_poc0p2_20x0p75NA_535s50_g70_z1_256pix_basicFLIM_60f_0006.sdt,20260501_KPC_fixed_dishes_on_SLIM,20260501,glu,BKO,4,6,535,12:34.9,,
4_BKO0430glu10min_740nm_3024mW_u1_poc0p2_20x0p75NA_535s50_g70_z1_256pix_basicFLIM_60f_0006.sdt,20260501_KPC_fixed_dishes_on_SLIM,20260501,glu,BKO,4,6,535,12:34.9,,
4_BKO0430glu10min_740nm_3024mW_u1_poc0p2_20x0p75NA_535s50_g70_z1_256pix_basicFLIM_60f_0006.sdt,20260501_KPC_fixed_dishes_on_SLIM,20260501,glu,BKO,4,6,535,12:34.9,,
4_BKO0430glu10min_740nm_3024mW_u1_poc0p2_20x0p75NA_535s50_g70_z1_256pix_basicFLIM_60f_0006.sdt,20260501_KPC_fixed_dishes_on_SLIM,20260501,glu,BKO,4,6,535,12:34.9,,
4_BKO0430glu10min_740nm_3024mW_u1_poc0p2_20x0p75NA_535s50_g70_z1_256pix_basicFLIM_60f_0006.sdt,20260501_KPC_fixed_dishes_on_SLIM,20260501,glu,BKO,4,6,535,12:34.9,,
4_BKO0430glu10min_740nm_3024mW_u1_poc0p2_20x0p75NA_535s50_g70_z1_256pix_basicFLIM_60f_0006.sdt,20260501_KPC_fixed_dishes_on_SLIM,20260501,glu,BKO,4,6,535,12:34.9,,
4_BKO0430glu10min_740nm_3024mW_u1_poc0p2_20x0p75NA_535s50_g70_z1_256pix_basicFLIM_40f_0006.sdt,20260501_KPC_fixed_dishes_on_SLIM,20260501,glu,BKO,4,6,535,17:32.2,,
4_BKO0430glu10min_740nm_3024mW_u1_poc0p2_20x0p75NA_535s50_g70_z1_256pix_basicFLIM_40f_0006.sdt,20260501_KPC_fixed_dishes_on_SLIM,20260501,glu,BKO,4,6,535,17:32.2,,
4_BKO0430glu10min_740nm_3024mW_u1_poc0p2_20x0p75NA_535s50_g70_z1_256pix_basicFLIM_40f_0006.sdt,20260501_KPC_fixed_dishes_on_SLIM,20260501,glu,BKO,4,6,535,17:32.2,,
4_BKO0430glu10min_740nm_3024mW_u1_poc0p2_20x0p75NA_535s50_g70_z1_256pix_basicFLIM_40f_0006.sdt,20260501_KPC_fixed_dishes_on_SLIM,20260501,glu,BKO,4,6,535,17:32.2,,
4_BKO0430glu10min_740nm_3024mW_u1_poc0p2_20x0p75NA_535s50_g70_z1_256pix_basicFLIM_40f_0006.sdt,20260501_KPC_fixed_dishes_on_SLIM,20260501,glu,BKO,4,6,535,17:32.2,,
4_BKO0430glu10min_740nm_3024mW_u1_poc0p2_20x0p75NA_535s50_g70_z1_256pix_basicFLIM_40f_0006.sdt,20260501_KPC_fixed_dishes_on_SLIM,20260501,glu,BKO,4,6,535,17:32.2,,
4_BKO0430glu10min_740nm_3024mW_u1_poc0p2_20x0p75NA_535s50_g70_z1_256pix_basicFLIM_40f_0006.sdt,20260501_KPC_fixed_dishes_on_SLIM,20260501,glu,BKO,4,6,535,17:32.2,,
4_BKO0430glu10min_740nm_3024mW_u1_poc0p2_20x0p75NA_535s50_g70_z1_256pix_basicFLIM_40f_0006.sdt,20260501_KPC_fixed_dishes_on_SLIM,20260501,glu,BKO,4,6,535,17:32.2,,
4_BKO0430glu10min_740nm_3038mW_u1_poc0p2_20x0p75NA_457s50_g70_z1_256pix_basicFLIM_100f_0007.sdt,20260501_KPC_fixed_dishes_on_SLIM,20260501,glu,BKO,4,7,457,28:56.9,,
4_BKO0430glu10min_740nm_3038mW_u1_poc0p2_20x0p75NA_457s50_g70_z1_256pix_basicFLIM_100f_0007.sdt,20260501_KPC_fixed_dishes_on_SLIM,20260501,glu,BKO,4,7,457,28:56.9,,
4_BKO0430glu10min_740nm_3038mW_u1_poc0p2_20x0p75NA_457s50_g70_z1_256pix_basicFLIM_100f_0007.sdt,20260501_KPC_fixed_dishes_on_SLIM,20260501,glu,BKO,4,7,457,28:56.9,,
4_BKO0430glu10min_740nm_3038mW_u1_poc0p2_20x0p75NA_457s50_g70_z1_256pix_basicFLIM_100f_0007.sdt,20260501_KPC_fixed_dishes_on_SLIM,20260501,glu,BKO,4,7,457,28:56.9,,
4_BKO0430glu10min_740nm_3038mW_u1_poc0p2_20x0p75NA_457s50_g70_z1_256pix_basicFLIM_100f_0007.sdt,20260501_KPC_fixed_dishes_on_SLIM,20260501,glu,BKO,4,7,457,28:56.9,,
4_BKO0430glu10min_740nm_3038mW_u1_poc0p2_20x0p75NA_457s50_g70_z1_256pix_basicFLIM_100f_0007.sdt,20260501_KPC_fixed_dishes_on_SLIM,20260501,glu,BKO,4,7,457,28:56.9,,
4_BKO0430glu10min_740nm_3038mW_u1_poc0p2_20x0p75NA_457s50_g70_z1_256pix_basicFLIM_100f_0007.sdt,20260501_KPC_fixed_dishes_on_SLIM,20260501,glu,BKO,4,7,457,28:56.9,,
4_BKO0430glu10min_740nm_3038mW_u1_poc0p2_20x0p75NA_457s50_g70_z1_256pix_basicFLIM_100f_0007.sdt,20260501_KPC_fixed_dishes_on_SLIM,20260501,glu,BKO,4,7,457,28:56.9,,
4_BKO0430glu10min_740nm_3024mW_u1_poc0p2_20x0p75NA_535s50_g70_z1_256pix_basicFLIM_60f_0007.sdt,20260501_KPC_fixed_dishes_on_SLIM,20260501,glu,BKO,4,7,535,13:11.4,,
4_BKO0430glu10min_740nm_3024mW_u1_poc0p2_20x0p75NA_535s50_g70_z1_256pix_basicFLIM_60f_0007.sdt,20260501_KPC_fixed_dishes_on_SLIM,20260501,glu,BKO,4,7,535,13:11.4,,
4_BKO0430glu10min_740nm_3024mW_u1_poc0p2_20x0p75NA_535s50_g70_z1_256pix_basicFLIM_60f_0007.sdt,20260501_KPC_fixed_dishes_on_SLIM,20260501,glu,BKO,4,7,535,13:11.4,,
4_BKO0430glu10min_740nm_3024mW_u1_poc0p2_20x0p75NA_535s50_g70_z1_256pix_basicFLIM_60f_0007.sdt,20260501_KPC_fixed_dishes_on_SLIM,20260501,glu,BKO,4,7,535,13:11.4,,
4_BKO0430glu10min_740nm_3024mW_u1_poc0p2_20x0p75NA_535s50_g70_z1_256pix_basicFLIM_60f_0007.sdt,20260501_KPC_fixed_dishes_on_SLIM,20260501,glu,BKO,4,7,535,13:11.4,,
4_BKO0430glu10min_740nm_3024mW_u1_poc0p2_20x0p75NA_535s50_g70_z1_256pix_basicFLIM_60f_0007.sdt,20260501_KPC_fixed_dishes_on_SLIM,20260501,glu,BKO,4,7,535,13:11.4,,
4_BKO0430glu10min_740nm_3024mW_u1_poc0p2_20x0p75NA_535s50_g70_z1_256pix_basicFLIM_60f_0007.sdt,20260501_KPC_fixed_dishes_on_SLIM,20260501,glu,BKO,4,7,535,13:11.4,,
4_BKO0430glu10min_740nm_3024mW_u1_poc0p2_20x0p75NA_535s50_g70_z1_256pix_basicFLIM_60f_0007.sdt,20260501_KPC_fixed_dishes_on_SLIM,20260501,glu,BKO,4,7,535,13:11.4,,
4_BKO0430glu10min_740nm_3024mW_u1_poc0p2_20x0p75NA_535s50_g70_z1_256pix_basicFLIM_40f_0007.sdt,20260501_KPC_fixed_dishes_on_SLIM,20260501,glu,BKO,4,7,535,17:57.6,,
4_BKO0430glu10min_740nm_3024mW_u1_poc0p2_20x0p75NA_535s50_g70_z1_256pix_basicFLIM_40f_0007.sdt,20260501_KPC_fixed_dishes_on_SLIM,20260501,glu,BKO,4,7,535,17:57.6,,
4_BKO0430glu10min_740nm_3024mW_u1_poc0p2_20x0p75NA_535s50_g70_z1_256pix_basicFLIM_40f_0007.sdt,20260501_KPC_fixed_dishes_on_SLIM,20260501,glu,BKO,4,7,535,17:57.6,,
4_BKO0430glu10min_740nm_3024mW_u1_poc0p2_20x0p75NA_535s50_g70_z1_256pix_basicFLIM_40f_0007.sdt,20260501_KPC_fixed_dishes_on_SLIM,20260501,glu,BKO,4,7,535,17:57.6,,
4_BKO0430glu10min_740nm_3024mW_u1_poc0p2_20x0p75NA_535s50_g70_z1_256pix_basicFLIM_40f_0007.sdt,20260501_KPC_fixed_dishes_on_SLIM,20260501,glu,BKO,4,7,535,17:57.6,,
4_BKO0430glu10min_740nm_3024mW_u1_poc0p2_20x0p75NA_535s50_g70_z1_256pix_basicFLIM_40f_0007.sdt,20260501_KPC_fixed_dishes_on_SLIM,20260501,glu,BKO,4,7,535,17:57.6,,
4_BKO0430glu10min_740nm_3024mW_u1_poc0p2_20x0p75NA_535s50_g70_z1_256pix_basicFLIM_40f_0007.sdt,20260501_KPC_fixed_dishes_on_SLIM,20260501,glu,BKO,4,7,535,17:57.6,,
4_BKO0430glu10min_740nm_3024mW_u1_poc0p2_20x0p75NA_535s50_g70_z1_256pix_basicFLIM_40f_0007.sdt,20260501_KPC_fixed_dishes_on_SLIM,20260501,glu,BKO,4,7,535,17:57.6,,
4_BKO0430glu10min_740nm_3038mW_u1_poc0p2_20x0p75NA_457s50_g70_z1_256pix_basicFLIM_100f_0008.sdt,20260501_KPC_fixed_dishes_on_SLIM,20260501,glu,BKO,4,8,457,29:54.4,,
4_BKO0430glu10min_740nm_3038mW_u1_poc0p2_20x0p75NA_457s50_g70_z1_256pix_basicFLIM_100f_0008.sdt,20260501_KPC_fixed_dishes_on_SLIM,20260501,glu,BKO,4,8,457,29:54.4,,
4_BKO0430glu10min_740nm_3038mW_u1_poc0p2_20x0p75NA_457s50_g70_z1_256pix_basicFLIM_100f_0008.sdt,20260501_KPC_fixed_dishes_on_SLIM,20260501,glu,BKO,4,8,457,29:54.4,,
4_BKO0430glu10min_740nm_3038mW_u1_poc0p2_20x0p75NA_457s50_g70_z1_256pix_basicFLIM_100f_0008.sdt,20260501_KPC_fixed_dishes_on_SLIM,20260501,glu,BKO,4,8,457,29:54.4,,
4_BKO0430glu10min_740nm_3038mW_u1_poc0p2_20x0p75NA_457s50_g70_z1_256pix_basicFLIM_100f_0008.sdt,20260501_KPC_fixed_dishes_on_SLIM,20260501,glu,BKO,4,8,457,29:54.4,,
4_BKO0430glu10min_740nm_3038mW_u1_poc0p2_20x0p75NA_457s50_g70_z1_256pix_basicFLIM_100f_0008.sdt,20260501_KPC_fixed_dishes_on_SLIM,20260501,glu,BKO,4,8,457,29:54.4,,
4_BKO0430glu10min_740nm_3038mW_u1_poc0p2_20x0p75NA_457s50_g70_z1_256pix_basicFLIM_100f_0008.sdt,20260501_KPC_fixed_dishes_on_SLIM,20260501,glu,BKO,4,8,457,29:54.4,,
4_BKO0430glu10min_740nm_3038mW_u1_poc0p2_20x0p75NA_457s50_g70_z1_256pix_basicFLIM_100f_0008.sdt,20260501_KPC_fixed_dishes_on_SLIM,20260501,glu,BKO,4,8,457,29:54.4,,
4_BKO0430glu10min_740nm_3024mW_u1_poc0p2_20x0p75NA_535s50_g70_z1_256pix_basicFLIM_60f_0008.sdt,20260501_KPC_fixed_dishes_on_SLIM,20260501,glu,BKO,4,8,535,13:46.5,,
4_BKO0430glu10min_740nm_3024mW_u1_poc0p2_20x0p75NA_535s50_g70_z1_256pix_basicFLIM_60f_0008.sdt,20260501_KPC_fixed_dishes_on_SLIM,20260501,glu,BKO,4,8,535,13:46.5,,
4_BKO0430glu10min_740nm_3024mW_u1_poc0p2_20x0p75NA_535s50_g70_z1_256pix_basicFLIM_60f_0008.sdt,20260501_KPC_fixed_dishes_on_SLIM,20260501,glu,BKO,4,8,535,13:46.5,,
4_BKO0430glu10min_740nm_3024mW_u1_poc0p2_20x0p75NA_535s50_g70_z1_256pix_basicFLIM_60f_0008.sdt,20260501_KPC_fixed_dishes_on_SLIM,20260501,glu,BKO,4,8,535,13:46.5,,
4_BKO0430glu10min_740nm_3024mW_u1_poc0p2_20x0p75NA_535s50_g70_z1_256pix_basicFLIM_60f_0008.sdt,20260501_KPC_fixed_dishes_on_SLIM,20260501,glu,BKO,4,8,535,13:46.5,,
4_BKO0430glu10min_740nm_3024mW_u1_poc0p2_20x0p75NA_535s50_g70_z1_256pix_basicFLIM_60f_0008.sdt,20260501_KPC_fixed_dishes_on_SLIM,20260501,glu,BKO,4,8,535,13:46.5,,
4_BKO0430glu10min_740nm_3024mW_u1_poc0p2_20x0p75NA_535s50_g70_z1_256pix_basicFLIM_60f_0008.sdt,20260501_KPC_fixed_dishes_on_SLIM,20260501,glu,BKO,4,8,535,13:46.5,,
4_BKO0430glu10min_740nm_3024mW_u1_poc0p2_20x0p75NA_535s50_g70_z1_256pix_basicFLIM_60f_0008.sdt,20260501_KPC_fixed_dishes_on_SLIM,20260501,glu,BKO,4,8,535,13:46.5,,
4_BKO0430glu10min_740nm_3024mW_u1_poc0p2_20x0p75NA_535s50_g70_z1_256pix_basicFLIM_40f_0008.sdt,20260501_KPC_fixed_dishes_on_SLIM,20260501,glu,BKO,4,8,535,18:21.4,,
4_BKO0430glu10min_740nm_3024mW_u1_poc0p2_20x0p75NA_535s50_g70_z1_256pix_basicFLIM_40f_0008.sdt,20260501_KPC_fixed_dishes_on_SLIM,20260501,glu,BKO,4,8,535,18:21.4,,
4_BKO0430glu10min_740nm_3024mW_u1_poc0p2_20x0p75NA_535s50_g70_z1_256pix_basicFLIM_40f_0008.sdt,20260501_KPC_fixed_dishes_on_SLIM,20260501,glu,BKO,4,8,535,18:21.4,,
4_BKO0430glu10min_740nm_3024mW_u1_poc0p2_20x0p75NA_535s50_g70_z1_256pix_basicFLIM_40f_0008.sdt,20260501_KPC_fixed_dishes_on_SLIM,20260501,glu,BKO,4,8,535,18:21.4,,
4_BKO0430glu10min_740nm_3024mW_u1_poc0p2_20x0p75NA_535s50_g70_z1_256pix_basicFLIM_40f_0008.sdt,20260501_KPC_fixed_dishes_on_SLIM,20260501,glu,BKO,4,8,535,18:21.4,,
4_BKO0430glu10min_740nm_3024mW_u1_poc0p2_20x0p75NA_535s50_g70_z1_256pix_basicFLIM_40f_0008.sdt,20260501_KPC_fixed_dishes_on_SLIM,20260501,glu,BKO,4,8,535,18:21.4,,
4_BKO0430glu10min_740nm_3024mW_u1_poc0p2_20x0p75NA_535s50_g70_z1_256pix_basicFLIM_40f_0008.sdt,20260501_KPC_fixed_dishes_on_SLIM,20260501,glu,BKO,4,8,535,18:21.4,,
4_BKO0430glu10min_740nm_3024mW_u1_poc0p2_20x0p75NA_535s50_g70_z1_256pix_basicFLIM_40f_0008.sdt,20260501_KPC_fixed_dishes_on_SLIM,20260501,glu,BKO,4,8,535,18:21.4,,
4_BKO0430glu10min_740nm_3038mW_u1_poc0p2_20x0p75NA_457s50_g70_z1_256pix_basicFLIM_100f_0009.sdt,20260501_KPC_fixed_dishes_on_SLIM,20260501,glu,BKO,4,9,457,30:51.7,,
4_BKO0430glu10min_740nm_3038mW_u1_poc0p2_20x0p75NA_457s50_g70_z1_256pix_basicFLIM_100f_0009.sdt,20260501_KPC_fixed_dishes_on_SLIM,20260501,glu,BKO,4,9,457,30:51.7,,
4_BKO0430glu10min_740nm_3038mW_u1_poc0p2_20x0p75NA_457s50_g70_z1_256pix_basicFLIM_100f_0009.sdt,20260501_KPC_fixed_dishes_on_SLIM,20260501,glu,BKO,4,9,457,30:51.7,,
4_BKO0430glu10min_740nm_3038mW_u1_poc0p2_20x0p75NA_457s50_g70_z1_256pix_basicFLIM_100f_0009.sdt,20260501_KPC_fixed_dishes_on_SLIM,20260501,glu,BKO,4,9,457,30:51.7,,
4_BKO0430glu10min_740nm_3038mW_u1_poc0p2_20x0p75NA_457s50_g70_z1_256pix_basicFLIM_100f_0009.sdt,20260501_KPC_fixed_dishes_on_SLIM,20260501,glu,BKO,4,9,457,30:51.7,,
4_BKO0430glu10min_740nm_3038mW_u1_poc0p2_20x0p75NA_457s50_g70_z1_256pix_basicFLIM_100f_0009.sdt,20260501_KPC_fixed_dishes_on_SLIM,20260501,glu,BKO,4,9,457,30:51.7,,
4_BKO0430glu10min_740nm_3038mW_u1_poc0p2_20x0p75NA_457s50_g70_z1_256pix_basicFLIM_100f_0009.sdt,20260501_KPC_fixed_dishes_on_SLIM,20260501,glu,BKO,4,9,457,30:51.7,,
4_BKO0430glu10min_740nm_3038mW_u1_poc0p2_20x0p75NA_457s50_g70_z1_256pix_basicFLIM_100f_0009.sdt,20260501_KPC_fixed_dishes_on_SLIM,20260501,glu,BKO,4,9,457,30:51.7,,
4_BKO0430glu10min_740nm_3024mW_u1_poc0p2_20x0p75NA_535s50_g70_z1_256pix_basicFLIM_60f_0009.sdt,20260501_KPC_fixed_dishes_on_SLIM,20260501,glu,BKO,4,9,535,14:21.4,,
4_BKO0430glu10min_740nm_3024mW_u1_poc0p2_20x0p75NA_535s50_g70_z1_256pix_basicFLIM_60f_0009.sdt,20260501_KPC_fixed_dishes_on_SLIM,20260501,glu,BKO,4,9,535,14:21.4,,
4_BKO0430glu10min_740nm_3024mW_u1_poc0p2_20x0p75NA_535s50_g70_z1_256pix_basicFLIM_60f_0009.sdt,20260501_KPC_fixed_dishes_on_SLIM,20260501,glu,BKO,4,9,535,14:21.4,,
4_BKO0430glu10min_740nm_3024mW_u1_poc0p2_20x0p75NA_535s50_g70_z1_256pix_basicFLIM_60f_0009.sdt,20260501_KPC_fixed_dishes_on_SLIM,20260501,glu,BKO,4,9,535,14:21.4,,
4_BKO0430glu10min_740nm_3024mW_u1_poc0p2_20x0p75NA_535s50_g70_z1_256pix_basicFLIM_60f_0009.sdt,20260501_KPC_fixed_dishes_on_SLIM,20260501,glu,BKO,4,9,535,14:21.4,,
4_BKO0430glu10min_740nm_3024mW_u1_poc0p2_20x0p75NA_535s50_g70_z1_256pix_basicFLIM_60f_0009.sdt,20260501_KPC_fixed_dishes_on_SLIM,20260501,glu,BKO,4,9,535,14:21.4,,
4_BKO0430glu10min_740nm_3024mW_u1_poc0p2_20x0p75NA_535s50_g70_z1_256pix_basicFLIM_60f_0009.sdt,20260501_KPC_fixed_dishes_on_SLIM,20260501,glu,BKO,4,9,535,14:21.4,,
4_BKO0430glu10min_740nm_3024mW_u1_poc0p2_20x0p75NA_535s50_g70_z1_256pix_basicFLIM_60f_0009.sdt,20260501_KPC_fixed_dishes_on_SLIM,20260501,glu,BKO,4,9,535,14:21.4,,
4_BKO0430glu10min_740nm_3024mW_u1_poc0p2_20x0p75NA_535s50_g70_z1_256pix_basicFLIM_40f_0009.sdt,20260501_KPC_fixed_dishes_on_SLIM,20260501,glu,BKO,4,9,535,18:45.2,,
4_BKO0430glu10min_740nm_3024mW_u1_poc0p2_20x0p75NA_535s50_g70_z1_256pix_basicFLIM_40f_0009.sdt,20260501_KPC_fixed_dishes_on_SLIM,20260501,glu,BKO,4,9,535,18:45.2,,
4_BKO0430glu10min_740nm_3024mW_u1_poc0p2_20x0p75NA_535s50_g70_z1_256pix_basicFLIM_40f_0009.sdt,20260501_KPC_fixed_dishes_on_SLIM,20260501,glu,BKO,4,9,535,18:45.2,,
4_BKO0430glu10min_740nm_3024mW_u1_poc0p2_20x0p75NA_535s50_g70_z1_256pix_basicFLIM_40f_0009.sdt,20260501_KPC_fixed_dishes_on_SLIM,20260501,glu,BKO,4,9,535,18:45.2,,
4_BKO0430glu10min_740nm_3024mW_u1_poc0p2_20x0p75NA_535s50_g70_z1_256pix_basicFLIM_40f_0009.sdt,20260501_KPC_fixed_dishes_on_SLIM,20260501,glu,BKO,4,9,535,18:45.2,,
4_BKO0430glu10min_740nm_3024mW_u1_poc0p2_20x0p75NA_535s50_g70_z1_256pix_basicFLIM_40f_0009.sdt,20260501_KPC_fixed_dishes_on_SLIM,20260501,glu,BKO,4,9,535,18:45.2,,
4_BKO0430glu10min_740nm_3024mW_u1_poc0p2_20x0p75NA_535s50_g70_z1_256pix_basicFLIM_40f_0009.sdt,20260501_KPC_fixed_dishes_on_SLIM,20260501,glu,BKO,4,9,535,18:45.2,,
4_BKO0430glu10min_740nm_3024mW_u1_poc0p2_20x0p75NA_535s50_g70_z1_256pix_basicFLIM_40f_0009.sdt,20260501_KPC_fixed_dishes_on_SLIM,20260501,glu,BKO,4,9,535,18:45.2,,
13_KPC_live_posn1_740nm_3040mW_u1_poc0p2_20x0p75NA_4570s50_g70_z1_256pix_basicFLIM_120f_0000.sdt,20260501_KPC_fixed_dishes_on_SLIM,20260501,live,KPC,13,0,457,36:09.0,,
13_KPC_live_posn1_740nm_3040mW_u1_poc0p2_20x0p75NA_4570s50_g70_z1_256pix_basicFLIM_120f_0000.sdt,20260501_KPC_fixed_dishes_on_SLIM,20260501,live,KPC,13,0,457,36:09.0,,
13_KPC_live_posn1_740nm_3040mW_u1_poc0p2_20x0p75NA_4570s50_g70_z1_256pix_basicFLIM_120f_0000.sdt,20260501_KPC_fixed_dishes_on_SLIM,20260501,live,KPC,13,0,457,36:09.0,,
13_KPC_live_posn1_740nm_3040mW_u1_poc0p2_20x0p75NA_4570s50_g70_z1_256pix_basicFLIM_120f_0000.sdt,20260501_KPC_fixed_dishes_on_SLIM,20260501,live,KPC,13,0,457,36:09.0,,
13_KPC_live_posn1_740nm_3040mW_u1_poc0p2_20x0p75NA_4570s50_g70_z1_256pix_basicFLIM_120f_0000.sdt,20260501_KPC_fixed_dishes_on_SLIM,20260501,live,KPC,13,0,457,36:09.0,,
13_KPC_live_posn1_740nm_3040mW_u1_poc0p2_20x0p75NA_4570s50_g70_z1_256pix_basicFLIM_120f_0000.sdt,20260501_KPC_fixed_dishes_on_SLIM,20260501,live,KPC,13,0,457,36:09.0,,
13_KPC_live_posn1_740nm_3040mW_u1_poc0p2_20x0p75NA_4570s50_g70_z1_256pix_basicFLIM_120f_0000.sdt,20260501_KPC_fixed_dishes_on_SLIM,20260501,live,KPC,13,0,457,36:09.0,,
13_KPC_live_posn1_740nm_3040mW_u1_poc0p2_20x0p75NA_4570s50_g70_z1_256pix_basicFLIM_120f_0000.sdt,20260501_KPC_fixed_dishes_on_SLIM,20260501,live,KPC,13,0,457,36:09.0,,
13_KPC_live_posn1b_740nm_3040mW_u1_poc0p2_20x0p75NA_535s50_g70_z1_256pix_basicFLIM_120f_0000.sdt,20260501_KPC_fixed_dishes_on_SLIM,20260501,live,KPC,13,0,535,50:43.9,,
13_KPC_live_posn1b_740nm_3040mW_u1_poc0p2_20x0p75NA_535s50_g70_z1_256pix_basicFLIM_120f_0000.sdt,20260501_KPC_fixed_dishes_on_SLIM,20260501,live,KPC,13,0,535,50:43.9,,
13_KPC_live_posn1b_740nm_3040mW_u1_poc0p2_20x0p75NA_535s50_g70_z1_256pix_basicFLIM_120f_0000.sdt,20260501_KPC_fixed_dishes_on_SLIM,20260501,live,KPC,13,0,535,50:43.9,,
13_KPC_live_posn1b_740nm_3040mW_u1_poc0p2_20x0p75NA_535s50_g70_z1_256pix_basicFLIM_120f_0000.sdt,20260501_KPC_fixed_dishes_on_SLIM,20260501,live,KPC,13,0,535,50:43.9,,
13_KPC_live_posn1b_740nm_3040mW_u1_poc0p2_20x0p75NA_535s50_g70_z1_256pix_basicFLIM_120f_0000.sdt,20260501_KPC_fixed_dishes_on_SLIM,20260501,live,KPC,13,0,535,50:43.9,,
13_KPC_live_posn1b_740nm_3040mW_u1_poc0p2_20x0p75NA_535s50_g70_z1_256pix_basicFLIM_120f_0000.sdt,20260501_KPC_fixed_dishes_on_SLIM,20260501,live,KPC,13,0,535,50:43.9,,
13_KPC_live_posn1b_740nm_3040mW_u1_poc0p2_20x0p75NA_535s50_g70_z1_256pix_basicFLIM_120f_0000.sdt,20260501_KPC_fixed_dishes_on_SLIM,20260501,live,KPC,13,0,535,50:43.9,,
13_KPC_live_posn1b_740nm_3040mW_u1_poc0p2_20x0p75NA_535s50_g70_z1_256pix_basicFLIM_120f_0000.sdt,20260501_KPC_fixed_dishes_on_SLIM,20260501,live,KPC,13,0,535,50:43.9,,
13_KPC_live_posn1_740nm_3040mW_u1_poc0p2_20x0p75NA_4570s50_g70_z1_256pix_basicFLIM_120f_0001.sdt,20260501_KPC_fixed_dishes_on_SLIM,20260501,live,KPC,13,1,457,37:17.0,,
13_KPC_live_posn1_740nm_3040mW_u1_poc0p2_20x0p75NA_4570s50_g70_z1_256pix_basicFLIM_120f_0001.sdt,20260501_KPC_fixed_dishes_on_SLIM,20260501,live,KPC,13,1,457,37:17.0,,
13_KPC_live_posn1_740nm_3040mW_u1_poc0p2_20x0p75NA_4570s50_g70_z1_256pix_basicFLIM_120f_0001.sdt,20260501_KPC_fixed_dishes_on_SLIM,20260501,live,KPC,13,1,457,37:17.0,,
13_KPC_live_posn1_740nm_3040mW_u1_poc0p2_20x0p75NA_4570s50_g70_z1_256pix_basicFLIM_120f_0001.sdt,20260501_KPC_fixed_dishes_on_SLIM,20260501,live,KPC,13,1,457,37:17.0,,
13_KPC_live_posn1_740nm_3040mW_u1_poc0p2_20x0p75NA_4570s50_g70_z1_256pix_basicFLIM_120f_0001.sdt,20260501_KPC_fixed_dishes_on_SLIM,20260501,live,KPC,13,1,457,37:17.0,,
13_KPC_live_posn1_740nm_3040mW_u1_poc0p2_20x0p75NA_4570s50_g70_z1_256pix_basicFLIM_120f_0001.sdt,20260501_KPC_fixed_dishes_on_SLIM,20260501,live,KPC,13,1,457,37:17.0,,
13_KPC_live_posn1_740nm_3040mW_u1_poc0p2_20x0p75NA_4570s50_g70_z1_256pix_basicFLIM_120f_0001.sdt,20260501_KPC_fixed_dishes_on_SLIM,20260501,live,KPC,13,1,457,37:17.0,,
13_KPC_live_posn1_740nm_3040mW_u1_poc0p2_20x0p75NA_4570s50_g70_z1_256pix_basicFLIM_120f_0001.sdt,20260501_KPC_fixed_dishes_on_SLIM,20260501,live,KPC,13,1,457,37:17.0,,
13_KPC_live_posn1b_740nm_3040mW_u1_poc0p2_20x0p75NA_535s50_g70_z1_256pix_basicFLIM_120f_0001.sdt,20260501_KPC_fixed_dishes_on_SLIM,20260501,live,KPC,13,1,535,51:51.8,,
13_KPC_live_posn1b_740nm_3040mW_u1_poc0p2_20x0p75NA_535s50_g70_z1_256pix_basicFLIM_120f_0001.sdt,20260501_KPC_fixed_dishes_on_SLIM,20260501,live,KPC,13,1,535,51:51.8,,
13_KPC_live_posn1b_740nm_3040mW_u1_poc0p2_20x0p75NA_535s50_g70_z1_256pix_basicFLIM_120f_0001.sdt,20260501_KPC_fixed_dishes_on_SLIM,20260501,live,KPC,13,1,535,51:51.8,,
13_KPC_live_posn1b_740nm_3040mW_u1_poc0p2_20x0p75NA_535s50_g70_z1_256pix_basicFLIM_120f_0001.sdt,20260501_KPC_fixed_dishes_on_SLIM,20260501,live,KPC,13,1,535,51:51.8,,
13_KPC_live_posn1b_740nm_3040mW_u1_poc0p2_20x0p75NA_535s50_g70_z1_256pix_basicFLIM_120f_0001.sdt,20260501_KPC_fixed_dishes_on_SLIM,20260501,live,KPC,13,1,535,51:51.8,,
13_KPC_live_posn1b_740nm_3040mW_u1_poc0p2_20x0p75NA_535s50_g70_z1_256pix_basicFLIM_120f_0001.sdt,20260501_KPC_fixed_dishes_on_SLIM,20260501,live,KPC,13,1,535,51:51.8,,
13_KPC_live_posn1b_740nm_3040mW_u1_poc0p2_20x0p75NA_535s50_g70_z1_256pix_basicFLIM_120f_0001.sdt,20260501_KPC_fixed_dishes_on_SLIM,20260501,live,KPC,13,1,535,51:51.8,,
13_KPC_live_posn1b_740nm_3040mW_u1_poc0p2_20x0p75NA_535s50_g70_z1_256pix_basicFLIM_120f_0001.sdt,20260501_KPC_fixed_dishes_on_SLIM,20260501,live,KPC,13,1,535,51:51.8,,
13_KPC_live_posn1_740nm_3040mW_u1_poc0p2_20x0p75NA_4570s50_g70_z1_256pix_basicFLIM_120f_0002.sdt,20260501_KPC_fixed_dishes_on_SLIM,20260501,live,KPC,13,2,457,38:24.8,,
13_KPC_live_posn1_740nm_3040mW_u1_poc0p2_20x0p75NA_4570s50_g70_z1_256pix_basicFLIM_120f_0002.sdt,20260501_KPC_fixed_dishes_on_SLIM,20260501,live,KPC,13,2,457,38:24.8,,
13_KPC_live_posn1_740nm_3040mW_u1_poc0p2_20x0p75NA_4570s50_g70_z1_256pix_basicFLIM_120f_0002.sdt,20260501_KPC_fixed_dishes_on_SLIM,20260501,live,KPC,13,2,457,38:24.8,,
13_KPC_live_posn1_740nm_3040mW_u1_poc0p2_20x0p75NA_4570s50_g70_z1_256pix_basicFLIM_120f_0002.sdt,20260501_KPC_fixed_dishes_on_SLIM,20260501,live,KPC,13,2,457,38:24.8,,
13_KPC_live_posn1_740nm_3040mW_u1_poc0p2_20x0p75NA_4570s50_g70_z1_256pix_basicFLIM_120f_0002.sdt,20260501_KPC_fixed_dishes_on_SLIM,20260501,live,KPC,13,2,457,38:24.8,,
13_KPC_live_posn1_740nm_3040mW_u1_poc0p2_20x0p75NA_4570s50_g70_z1_256pix_basicFLIM_120f_0002.sdt,20260501_KPC_fixed_dishes_on_SLIM,20260501,live,KPC,13,2,457,38:24.8,,
13_KPC_live_posn1_740nm_3040mW_u1_poc0p2_20x0p75NA_4570s50_g70_z1_256pix_basicFLIM_120f_0002.sdt,20260501_KPC_fixed_dishes_on_SLIM,20260501,live,KPC,13,2,457,38:24.8,,
13_KPC_live_posn1_740nm_3040mW_u1_poc0p2_20x0p75NA_4570s50_g70_z1_256pix_basicFLIM_120f_0002.sdt,20260501_KPC_fixed_dishes_on_SLIM,20260501,live,KPC,13,2,457,38:24.8,,
13_KPC_live_posn1b_740nm_3040mW_u1_poc0p2_20x0p75NA_535s50_g70_z1_256pix_basicFLIM_120f_0002.sdt,20260501_KPC_fixed_dishes_on_SLIM,20260501,live,KPC,13,2,535,52:59.4,,
13_KPC_live_posn1b_740nm_3040mW_u1_poc0p2_20x0p75NA_535s50_g70_z1_256pix_basicFLIM_120f_0002.sdt,20260501_KPC_fixed_dishes_on_SLIM,20260501,live,KPC,13,2,535,52:59.4,,
13_KPC_live_posn1b_740nm_3040mW_u1_poc0p2_20x0p75NA_535s50_g70_z1_256pix_basicFLIM_120f_0002.sdt,20260501_KPC_fixed_dishes_on_SLIM,20260501,live,KPC,13,2,535,52:59.4,,
13_KPC_live_posn1b_740nm_3040mW_u1_poc0p2_20x0p75NA_535s50_g70_z1_256pix_basicFLIM_120f_0002.sdt,20260501_KPC_fixed_dishes_on_SLIM,20260501,live,KPC,13,2,535,52:59.4,,
13_KPC_live_posn1b_740nm_3040mW_u1_poc0p2_20x0p75NA_535s50_g70_z1_256pix_basicFLIM_120f_0002.sdt,20260501_KPC_fixed_dishes_on_SLIM,20260501,live,KPC,13,2,535,52:59.4,,
13_KPC_live_posn1b_740nm_3040mW_u1_poc0p2_20x0p75NA_535s50_g70_z1_256pix_basicFLIM_120f_0002.sdt,20260501_KPC_fixed_dishes_on_SLIM,20260501,live,KPC,13,2,535,52:59.4,,
13_KPC_live_posn1b_740nm_3040mW_u1_poc0p2_20x0p75NA_535s50_g70_z1_256pix_basicFLIM_120f_0002.sdt,20260501_KPC_fixed_dishes_on_SLIM,20260501,live,KPC,13,2,535,52:59.4,,
13_KPC_live_posn1b_740nm_3040mW_u1_poc0p2_20x0p75NA_535s50_g70_z1_256pix_basicFLIM_120f_0002.sdt,20260501_KPC_fixed_dishes_on_SLIM,20260501,live,KPC,13,2,535,52:59.4,,
13_KPC_live_posn1_740nm_3040mW_u1_poc0p2_20x0p75NA_4570s50_g70_z1_256pix_basicFLIM_120f_0003.sdt,20260501_KPC_fixed_dishes_on_SLIM,20260501,live,KPC,13,3,457,39:32.5,,
13_KPC_live_posn1_740nm_3040mW_u1_poc0p2_20x0p75NA_4570s50_g70_z1_256pix_basicFLIM_120f_0003.sdt,20260501_KPC_fixed_dishes_on_SLIM,20260501,live,KPC,13,3,457,39:32.5,,
13_KPC_live_posn1_740nm_3040mW_u1_poc0p2_20x0p75NA_4570s50_g70_z1_256pix_basicFLIM_120f_0003.sdt,20260501_KPC_fixed_dishes_on_SLIM,20260501,live,KPC,13,3,457,39:32.5,,
13_KPC_live_posn1_740nm_3040mW_u1_poc0p2_20x0p75NA_4570s50_g70_z1_256pix_basicFLIM_120f_0003.sdt,20260501_KPC_fixed_dishes_on_SLIM,20260501,live,KPC,13,3,457,39:32.5,,
13_KPC_live_posn1_740nm_3040mW_u1_poc0p2_20x0p75NA_4570s50_g70_z1_256pix_basicFLIM_120f_0003.sdt,20260501_KPC_fixed_dishes_on_SLIM,20260501,live,KPC,13,3,457,39:32.5,,
13_KPC_live_posn1_740nm_3040mW_u1_poc0p2_20x0p75NA_4570s50_g70_z1_256pix_basicFLIM_120f_0003.sdt,20260501_KPC_fixed_dishes_on_SLIM,20260501,live,KPC,13,3,457,39:32.5,,
13_KPC_live_posn1_740nm_3040mW_u1_poc0p2_20x0p75NA_4570s50_g70_z1_256pix_basicFLIM_120f_0003.sdt,20260501_KPC_fixed_dishes_on_SLIM,20260501,live,KPC,13,3,457,39:32.5,,
13_KPC_live_posn1_740nm_3040mW_u1_poc0p2_20x0p75NA_4570s50_g70_z1_256pix_basicFLIM_120f_0003.sdt,20260501_KPC_fixed_dishes_on_SLIM,20260501,live,KPC,13,3,457,39:32.5,,
13_KPC_live_posn1b_740nm_3040mW_u1_poc0p2_20x0p75NA_535s50_g70_z1_256pix_basicFLIM_120f_0003.sdt,20260501_KPC_fixed_dishes_on_SLIM,20260501,live,KPC,13,3,535,54:07.3,,
13_KPC_live_posn1b_740nm_3040mW_u1_poc0p2_20x0p75NA_535s50_g70_z1_256pix_basicFLIM_120f_0003.sdt,20260501_KPC_fixed_dishes_on_SLIM,20260501,live,KPC,13,3,535,54:07.3,,
13_KPC_live_posn1b_740nm_3040mW_u1_poc0p2_20x0p75NA_535s50_g70_z1_256pix_basicFLIM_120f_0003.sdt,20260501_KPC_fixed_dishes_on_SLIM,20260501,live,KPC,13,3,535,54:07.3,,
13_KPC_live_posn1b_740nm_3040mW_u1_poc0p2_20x0p75NA_535s50_g70_z1_256pix_basicFLIM_120f_0003.sdt,20260501_KPC_fixed_dishes_on_SLIM,20260501,live,KPC,13,3,535,54:07.3,,
13_KPC_live_posn1b_740nm_3040mW_u1_poc0p2_20x0p75NA_535s50_g70_z1_256pix_basicFLIM_120f_0003.sdt,20260501_KPC_fixed_dishes_on_SLIM,20260501,live,KPC,13,3,535,54:07.3,,
13_KPC_live_posn1b_740nm_3040mW_u1_poc0p2_20x0p75NA_535s50_g70_z1_256pix_basicFLIM_120f_0003.sdt,20260501_KPC_fixed_dishes_on_SLIM,20260501,live,KPC,13,3,535,54:07.3,,
13_KPC_live_posn1b_740nm_3040mW_u1_poc0p2_20x0p75NA_535s50_g70_z1_256pix_basicFLIM_120f_0003.sdt,20260501_KPC_fixed_dishes_on_SLIM,20260501,live,KPC,13,3,535,54:07.3,,
13_KPC_live_posn1b_740nm_3040mW_u1_poc0p2_20x0p75NA_535s50_g70_z1_256pix_basicFLIM_120f_0003.sdt,20260501_KPC_fixed_dishes_on_SLIM,20260501,live,KPC,13,3,535,54:07.3,,
14_KPC_live_posn2_740nm_3040mW_u1_poc0p2_20x0p75NA_457s50_g70_z1_256pix_basicFLIM_120f_0000.sdt,20260501_KPC_fixed_dishes_on_SLIM,20260501,live,KPC,14,0,457,05:14.2,,
14_KPC_live_posn2_740nm_3040mW_u1_poc0p2_20x0p75NA_457s50_g70_z1_256pix_basicFLIM_120f_0000.sdt,20260501_KPC_fixed_dishes_on_SLIM,20260501,live,KPC,14,0,457,05:14.2,,
14_KPC_live_posn2_740nm_3040mW_u1_poc0p2_20x0p75NA_457s50_g70_z1_256pix_basicFLIM_120f_0000.sdt,20260501_KPC_fixed_dishes_on_SLIM,20260501,live,KPC,14,0,457,05:14.2,,
14_KPC_live_posn2_740nm_3040mW_u1_poc0p2_20x0p75NA_457s50_g70_z1_256pix_basicFLIM_120f_0000.sdt,20260501_KPC_fixed_dishes_on_SLIM,20260501,live,KPC,14,0,457,05:14.2,,
14_KPC_live_posn2_740nm_3040mW_u1_poc0p2_20x0p75NA_457s50_g70_z1_256pix_basicFLIM_120f_0000.sdt,20260501_KPC_fixed_dishes_on_SLIM,20260501,live,KPC,14,0,457,05:14.2,,
14_KPC_live_posn2_740nm_3040mW_u1_poc0p2_20x0p75NA_457s50_g70_z1_256pix_basicFLIM_120f_0000.sdt,20260501_KPC_fixed_dishes_on_SLIM,20260501,live,KPC,14,0,457,05:14.2,,
14_KPC_live_posn2_740nm_3040mW_u1_poc0p2_20x0p75NA_457s50_g70_z1_256pix_basicFLIM_120f_0000.sdt,20260501_KPC_fixed_dishes_on_SLIM,20260501,live,KPC,14,0,457,05:14.2,,
14_KPC_live_posn2_740nm_3040mW_u1_poc0p2_20x0p75NA_457s50_g70_z1_256pix_basicFLIM_120f_0000.sdt,20260501_KPC_fixed_dishes_on_SLIM,20260501,live,KPC,14,0,457,05:14.2,,
14_KPC_live_posn2_740nm_3040mW_u1_poc0p2_20x0p75NA_535s50_g70_z1_256pix_basicFLIM_120f_0000.sdt,20260501_KPC_fixed_dishes_on_SLIM,20260501,live,KPC,14,0,535,00:37.4,,
14_KPC_live_posn2_740nm_3040mW_u1_poc0p2_20x0p75NA_535s50_g70_z1_256pix_basicFLIM_120f_0000.sdt,20260501_KPC_fixed_dishes_on_SLIM,20260501,live,KPC,14,0,535,00:37.4,,
14_KPC_live_posn2_740nm_3040mW_u1_poc0p2_20x0p75NA_535s50_g70_z1_256pix_basicFLIM_120f_0000.sdt,20260501_KPC_fixed_dishes_on_SLIM,20260501,live,KPC,14,0,535,00:37.4,,
14_KPC_live_posn2_740nm_3040mW_u1_poc0p2_20x0p75NA_535s50_g70_z1_256pix_basicFLIM_120f_0000.sdt,20260501_KPC_fixed_dishes_on_SLIM,20260501,live,KPC,14,0,535,00:37.4,,
14_KPC_live_posn2_740nm_3040mW_u1_poc0p2_20x0p75NA_535s50_g70_z1_256pix_basicFLIM_120f_0000.sdt,20260501_KPC_fixed_dishes_on_SLIM,20260501,live,KPC,14,0,535,00:37.4,,
14_KPC_live_posn2_740nm_3040mW_u1_poc0p2_20x0p75NA_535s50_g70_z1_256pix_basicFLIM_120f_0000.sdt,20260501_KPC_fixed_dishes_on_SLIM,20260501,live,KPC,14,0,535,00:37.4,,
14_KPC_live_posn2_740nm_3040mW_u1_poc0p2_20x0p75NA_535s50_g70_z1_256pix_basicFLIM_120f_0000.sdt,20260501_KPC_fixed_dishes_on_SLIM,20260501,live,KPC,14,0,535,00:37.4,,
14_KPC_live_posn2_740nm_3040mW_u1_poc0p2_20x0p75NA_535s50_g70_z1_256pix_basicFLIM_120f_0000.sdt,20260501_KPC_fixed_dishes_on_SLIM,20260501,live,KPC,14,0,535,00:37.4,,
14_KPC_live_posn2_740nm_3040mW_u1_poc0p2_20x0p75NA_457s50_g70_z1_256pix_basicFLIM_120f_0001.sdt,20260501_KPC_fixed_dishes_on_SLIM,20260501,live,KPC,14,1,457,06:22.1,,
14_KPC_live_posn2_740nm_3040mW_u1_poc0p2_20x0p75NA_457s50_g70_z1_256pix_basicFLIM_120f_0001.sdt,20260501_KPC_fixed_dishes_on_SLIM,20260501,live,KPC,14,1,457,06:22.1,,
14_KPC_live_posn2_740nm_3040mW_u1_poc0p2_20x0p75NA_457s50_g70_z1_256pix_basicFLIM_120f_0001.sdt,20260501_KPC_fixed_dishes_on_SLIM,20260501,live,KPC,14,1,457,06:22.1,,
14_KPC_live_posn2_740nm_3040mW_u1_poc0p2_20x0p75NA_457s50_g70_z1_256pix_basicFLIM_120f_0001.sdt,20260501_KPC_fixed_dishes_on_SLIM,20260501,live,KPC,14,1,457,06:22.1,,
14_KPC_live_posn2_740nm_3040mW_u1_poc0p2_20x0p75NA_457s50_g70_z1_256pix_basicFLIM_120f_0001.sdt,20260501_KPC_fixed_dishes_on_SLIM,20260501,live,KPC,14,1,457,06:22.1,,
14_KPC_live_posn2_740nm_3040mW_u1_poc0p2_20x0p75NA_457s50_g70_z1_256pix_basicFLIM_120f_0001.sdt,20260501_KPC_fixed_dishes_on_SLIM,20260501,live,KPC,14,1,457,06:22.1,,
14_KPC_live_posn2_740nm_3040mW_u1_poc0p2_20x0p75NA_457s50_g70_z1_256pix_basicFLIM_120f_0001.sdt,20260501_KPC_fixed_dishes_on_SLIM,20260501,live,KPC,14,1,457,06:22.1,,
14_KPC_live_posn2_740nm_3040mW_u1_poc0p2_20x0p75NA_457s50_g70_z1_256pix_basicFLIM_120f_0001.sdt,20260501_KPC_fixed_dishes_on_SLIM,20260501,live,KPC,14,1,457,06:22.1,,
14_KPC_live_posn2_740nm_3040mW_u1_poc0p2_20x0p75NA_535s50_g70_z1_256pix_basicFLIM_120f_0001.sdt,20260501_KPC_fixed_dishes_on_SLIM,20260501,live,KPC,14,1,535,01:45.3,,
14_KPC_live_posn2_740nm_3040mW_u1_poc0p2_20x0p75NA_535s50_g70_z1_256pix_basicFLIM_120f_0001.sdt,20260501_KPC_fixed_dishes_on_SLIM,20260501,live,KPC,14,1,535,01:45.3,,
14_KPC_live_posn2_740nm_3040mW_u1_poc0p2_20x0p75NA_535s50_g70_z1_256pix_basicFLIM_120f_0001.sdt,20260501_KPC_fixed_dishes_on_SLIM,20260501,live,KPC,14,1,535,01:45.3,,
14_KPC_live_posn2_740nm_3040mW_u1_poc0p2_20x0p75NA_535s50_g70_z1_256pix_basicFLIM_120f_0001.sdt,20260501_KPC_fixed_dishes_on_SLIM,20260501,live,KPC,14,1,535,01:45.3,,
14_KPC_live_posn2_740nm_3040mW_u1_poc0p2_20x0p75NA_535s50_g70_z1_256pix_basicFLIM_120f_0001.sdt,20260501_KPC_fixed_dishes_on_SLIM,20260501,live,KPC,14,1,535,01:45.3,,
14_KPC_live_posn2_740nm_3040mW_u1_poc0p2_20x0p75NA_535s50_g70_z1_256pix_basicFLIM_120f_0001.sdt,20260501_KPC_fixed_dishes_on_SLIM,20260501,live,KPC,14,1,535,01:45.3,,
14_KPC_live_posn2_740nm_3040mW_u1_poc0p2_20x0p75NA_535s50_g70_z1_256pix_basicFLIM_120f_0001.sdt,20260501_KPC_fixed_dishes_on_SLIM,20260501,live,KPC,14,1,535,01:45.3,,
14_KPC_live_posn2_740nm_3040mW_u1_poc0p2_20x0p75NA_535s50_g70_z1_256pix_basicFLIM_120f_0001.sdt,20260501_KPC_fixed_dishes_on_SLIM,20260501,live,KPC,14,1,535,01:45.3,,
14_KPC_live_posn2_740nm_3040mW_u1_poc0p2_20x0p75NA_457s50_g70_z1_256pix_basicFLIM_120f_0002.sdt,20260501_KPC_fixed_dishes_on_SLIM,20260501,live,KPC,14,2,457,07:30.0,,
14_KPC_live_posn2_740nm_3040mW_u1_poc0p2_20x0p75NA_457s50_g70_z1_256pix_basicFLIM_120f_0002.sdt,20260501_KPC_fixed_dishes_on_SLIM,20260501,live,KPC,14,2,457,07:30.0,,
14_KPC_live_posn2_740nm_3040mW_u1_poc0p2_20x0p75NA_457s50_g70_z1_256pix_basicFLIM_120f_0002.sdt,20260501_KPC_fixed_dishes_on_SLIM,20260501,live,KPC,14,2,457,07:30.0,,
14_KPC_live_posn2_740nm_3040mW_u1_poc0p2_20x0p75NA_457s50_g70_z1_256pix_basicFLIM_120f_0002.sdt,20260501_KPC_fixed_dishes_on_SLIM,20260501,live,KPC,14,2,457,07:30.0,,
14_KPC_live_posn2_740nm_3040mW_u1_poc0p2_20x0p75NA_457s50_g70_z1_256pix_basicFLIM_120f_0002.sdt,20260501_KPC_fixed_dishes_on_SLIM,20260501,live,KPC,14,2,457,07:30.0,,
14_KPC_live_posn2_740nm_3040mW_u1_poc0p2_20x0p75NA_457s50_g70_z1_256pix_basicFLIM_120f_0002.sdt,20260501_KPC_fixed_dishes_on_SLIM,20260501,live,KPC,14,2,457,07:30.0,,
14_KPC_live_posn2_740nm_3040mW_u1_poc0p2_20x0p75NA_457s50_g70_z1_256pix_basicFLIM_120f_0002.sdt,20260501_KPC_fixed_dishes_on_SLIM,20260501,live,KPC,14,2,457,07:30.0,,
14_KPC_live_posn2_740nm_3040mW_u1_poc0p2_20x0p75NA_457s50_g70_z1_256pix_basicFLIM_120f_0002.sdt,20260501_KPC_fixed_dishes_on_SLIM,20260501,live,KPC,14,2,457,07:30.0,,
14_KPC_live_posn2_740nm_3040mW_u1_poc0p2_20x0p75NA_535s50_g70_z1_256pix_basicFLIM_120f_0002.sdt,20260501_KPC_fixed_dishes_on_SLIM,20260501,live,KPC,14,2,535,02:53.2,,
14_KPC_live_posn2_740nm_3040mW_u1_poc0p2_20x0p75NA_535s50_g70_z1_256pix_basicFLIM_120f_0002.sdt,20260501_KPC_fixed_dishes_on_SLIM,20260501,live,KPC,14,2,535,02:53.2,,
14_KPC_live_posn2_740nm_3040mW_u1_poc0p2_20x0p75NA_535s50_g70_z1_256pix_basicFLIM_120f_0002.sdt,20260501_KPC_fixed_dishes_on_SLIM,20260501,live,KPC,14,2,535,02:53.2,,
14_KPC_live_posn2_740nm_3040mW_u1_poc0p2_20x0p75NA_535s50_g70_z1_256pix_basicFLIM_120f_0002.sdt,20260501_KPC_fixed_dishes_on_SLIM,20260501,live,KPC,14,2,535,02:53.2,,
14_KPC_live_posn2_740nm_3040mW_u1_poc0p2_20x0p75NA_535s50_g70_z1_256pix_basicFLIM_120f_0002.sdt,20260501_KPC_fixed_dishes_on_SLIM,20260501,live,KPC,14,2,535,02:53.2,,
14_KPC_live_posn2_740nm_3040mW_u1_poc0p2_20x0p75NA_535s50_g70_z1_256pix_basicFLIM_120f_0002.sdt,20260501_KPC_fixed_dishes_on_SLIM,20260501,live,KPC,14,2,535,02:53.2,,
14_KPC_live_posn2_740nm_3040mW_u1_poc0p2_20x0p75NA_535s50_g70_z1_256pix_basicFLIM_120f_0002.sdt,20260501_KPC_fixed_dishes_on_SLIM,20260501,live,KPC,14,2,535,02:53.2,,
14_KPC_live_posn2_740nm_3040mW_u1_poc0p2_20x0p75NA_535s50_g70_z1_256pix_basicFLIM_120f_0002.sdt,20260501_KPC_fixed_dishes_on_SLIM,20260501,live,KPC,14,2,535,02:53.2,,
15_KPC_live_posn3_740nm_3040mW_u1_poc0p2_20x0p75NA_457s50_g70_z1_256pix_basicFLIM_120f_0000.sdt,20260501_KPC_fixed_dishes_on_SLIM,20260501,live,KPC,15,0,457,13:43.3,,
15_KPC_live_posn3_740nm_3040mW_u1_poc0p2_20x0p75NA_457s50_g70_z1_256pix_basicFLIM_120f_0000.sdt,20260501_KPC_fixed_dishes_on_SLIM,20260501,live,KPC,15,0,457,13:43.3,,
15_KPC_live_posn3_740nm_3040mW_u1_poc0p2_20x0p75NA_457s50_g70_z1_256pix_basicFLIM_120f_0000.sdt,20260501_KPC_fixed_dishes_on_SLIM,20260501,live,KPC,15,0,457,13:43.3,,
15_KPC_live_posn3_740nm_3040mW_u1_poc0p2_20x0p75NA_457s50_g70_z1_256pix_basicFLIM_120f_0000.sdt,20260501_KPC_fixed_dishes_on_SLIM,20260501,live,KPC,15,0,457,13:43.3,,
15_KPC_live_posn3_740nm_3040mW_u1_poc0p2_20x0p75NA_457s50_g70_z1_256pix_basicFLIM_120f_0000.sdt,20260501_KPC_fixed_dishes_on_SLIM,20260501,live,KPC,15,0,457,13:43.3,,
15_KPC_live_posn3_740nm_3040mW_u1_poc0p2_20x0p75NA_457s50_g70_z1_256pix_basicFLIM_120f_0000.sdt,20260501_KPC_fixed_dishes_on_SLIM,20260501,live,KPC,15,0,457,13:43.3,,
15_KPC_live_posn3_740nm_3040mW_u1_poc0p2_20x0p75NA_457s50_g70_z1_256pix_basicFLIM_120f_0000.sdt,20260501_KPC_fixed_dishes_on_SLIM,20260501,live,KPC,15,0,457,13:43.3,,
15_KPC_live_posn3_740nm_3040mW_u1_poc0p2_20x0p75NA_457s50_g70_z1_256pix_basicFLIM_120f_0000.sdt,20260501_KPC_fixed_dishes_on_SLIM,20260501,live,KPC,15,0,457,13:43.3,,
15_KPC_live_posn3_740nm_3040mW_u1_poc0p2_20x0p75NA_535s50_g70_z1_256pix_basicFLIM_120f_0000.sdt,20260501_KPC_fixed_dishes_on_SLIM,20260501,live,KPC,15,0,535,20:31.2,,
15_KPC_live_posn3_740nm_3040mW_u1_poc0p2_20x0p75NA_535s50_g70_z1_256pix_basicFLIM_120f_0000.sdt,20260501_KPC_fixed_dishes_on_SLIM,20260501,live,KPC,15,0,535,20:31.2,,
15_KPC_live_posn3_740nm_3040mW_u1_poc0p2_20x0p75NA_535s50_g70_z1_256pix_basicFLIM_120f_0000.sdt,20260501_KPC_fixed_dishes_on_SLIM,20260501,live,KPC,15,0,535,20:31.2,,
15_KPC_live_posn3_740nm_3040mW_u1_poc0p2_20x0p75NA_535s50_g70_z1_256pix_basicFLIM_120f_0000.sdt,20260501_KPC_fixed_dishes_on_SLIM,20260501,live,KPC,15,0,535,20:31.2,,
15_KPC_live_posn3_740nm_3040mW_u1_poc0p2_20x0p75NA_535s50_g70_z1_256pix_basicFLIM_120f_0000.sdt,20260501_KPC_fixed_dishes_on_SLIM,20260501,live,KPC,15,0,535,20:31.2,,
15_KPC_live_posn3_740nm_3040mW_u1_poc0p2_20x0p75NA_535s50_g70_z1_256pix_basicFLIM_120f_0000.sdt,20260501_KPC_fixed_dishes_on_SLIM,20260501,live,KPC,15,0,535,20:31.2,,
15_KPC_live_posn3_740nm_3040mW_u1_poc0p2_20x0p75NA_535s50_g70_z1_256pix_basicFLIM_120f_0000.sdt,20260501_KPC_fixed_dishes_on_SLIM,20260501,live,KPC,15,0,535,20:31.2,,
15_KPC_live_posn3_740nm_3040mW_u1_poc0p2_20x0p75NA_535s50_g70_z1_256pix_basicFLIM_120f_0000.sdt,20260501_KPC_fixed_dishes_on_SLIM,20260501,live,KPC,15,0,535,20:31.2,,
15_KPC_live_posn3_740nm_3040mW_u1_poc0p2_20x0p75NA_457s50_g70_z1_256pix_basicFLIM_120f_0001.sdt,20260501_KPC_fixed_dishes_on_SLIM,20260501,live,KPC,15,1,457,14:51.2,,
15_KPC_live_posn3_740nm_3040mW_u1_poc0p2_20x0p75NA_457s50_g70_z1_256pix_basicFLIM_120f_0001.sdt,20260501_KPC_fixed_dishes_on_SLIM,20260501,live,KPC,15,1,457,14:51.2,,
15_KPC_live_posn3_740nm_3040mW_u1_poc0p2_20x0p75NA_457s50_g70_z1_256pix_basicFLIM_120f_0001.sdt,20260501_KPC_fixed_dishes_on_SLIM,20260501,live,KPC,15,1,457,14:51.2,,
15_KPC_live_posn3_740nm_3040mW_u1_poc0p2_20x0p75NA_457s50_g70_z1_256pix_basicFLIM_120f_0001.sdt,20260501_KPC_fixed_dishes_on_SLIM,20260501,live,KPC,15,1,457,14:51.2,,
15_KPC_live_posn3_740nm_3040mW_u1_poc0p2_20x0p75NA_457s50_g70_z1_256pix_basicFLIM_120f_0001.sdt,20260501_KPC_fixed_dishes_on_SLIM,20260501,live,KPC,15,1,457,14:51.2,,
15_KPC_live_posn3_740nm_3040mW_u1_poc0p2_20x0p75NA_457s50_g70_z1_256pix_basicFLIM_120f_0001.sdt,20260501_KPC_fixed_dishes_on_SLIM,20260501,live,KPC,15,1,457,14:51.2,,
15_KPC_live_posn3_740nm_3040mW_u1_poc0p2_20x0p75NA_457s50_g70_z1_256pix_basicFLIM_120f_0001.sdt,20260501_KPC_fixed_dishes_on_SLIM,20260501,live,KPC,15,1,457,14:51.2,,
15_KPC_live_posn3_740nm_3040mW_u1_poc0p2_20x0p75NA_457s50_g70_z1_256pix_basicFLIM_120f_0001.sdt,20260501_KPC_fixed_dishes_on_SLIM,20260501,live,KPC,15,1,457,14:51.2,,
15_KPC_live_posn3_740nm_3040mW_u1_poc0p2_20x0p75NA_535s50_g70_z1_256pix_basicFLIM_120f_0001.sdt,20260501_KPC_fixed_dishes_on_SLIM,20260501,live,KPC,15,1,535,21:39.1,,
15_KPC_live_posn3_740nm_3040mW_u1_poc0p2_20x0p75NA_535s50_g70_z1_256pix_basicFLIM_120f_0001.sdt,20260501_KPC_fixed_dishes_on_SLIM,20260501,live,KPC,15,1,535,21:39.1,,
15_KPC_live_posn3_740nm_3040mW_u1_poc0p2_20x0p75NA_535s50_g70_z1_256pix_basicFLIM_120f_0001.sdt,20260501_KPC_fixed_dishes_on_SLIM,20260501,live,KPC,15,1,535,21:39.1,,
15_KPC_live_posn3_740nm_3040mW_u1_poc0p2_20x0p75NA_535s50_g70_z1_256pix_basicFLIM_120f_0001.sdt,20260501_KPC_fixed_dishes_on_SLIM,20260501,live,KPC,15,1,535,21:39.1,,
15_KPC_live_posn3_740nm_3040mW_u1_poc0p2_20x0p75NA_535s50_g70_z1_256pix_basicFLIM_120f_0001.sdt,20260501_KPC_fixed_dishes_on_SLIM,20260501,live,KPC,15,1,535,21:39.1,,
15_KPC_live_posn3_740nm_3040mW_u1_poc0p2_20x0p75NA_535s50_g70_z1_256pix_basicFLIM_120f_0001.sdt,20260501_KPC_fixed_dishes_on_SLIM,20260501,live,KPC,15,1,535,21:39.1,,
15_KPC_live_posn3_740nm_3040mW_u1_poc0p2_20x0p75NA_535s50_g70_z1_256pix_basicFLIM_120f_0001.sdt,20260501_KPC_fixed_dishes_on_SLIM,20260501,live,KPC,15,1,535,21:39.1,,
15_KPC_live_posn3_740nm_3040mW_u1_poc0p2_20x0p75NA_535s50_g70_z1_256pix_basicFLIM_120f_0001.sdt,20260501_KPC_fixed_dishes_on_SLIM,20260501,live,KPC,15,1,535,21:39.1,,
15_KPC_live_posn3_740nm_3040mW_u1_poc0p2_20x0p75NA_457s50_g70_z1_256pix_basicFLIM_120f_0002.sdt,20260501_KPC_fixed_dishes_on_SLIM,20260501,live,KPC,15,2,457,15:59.0,,
15_KPC_live_posn3_740nm_3040mW_u1_poc0p2_20x0p75NA_457s50_g70_z1_256pix_basicFLIM_120f_0002.sdt,20260501_KPC_fixed_dishes_on_SLIM,20260501,live,KPC,15,2,457,15:59.0,,
15_KPC_live_posn3_740nm_3040mW_u1_poc0p2_20x0p75NA_457s50_g70_z1_256pix_basicFLIM_120f_0002.sdt,20260501_KPC_fixed_dishes_on_SLIM,20260501,live,KPC,15,2,457,15:59.0,,
15_KPC_live_posn3_740nm_3040mW_u1_poc0p2_20x0p75NA_457s50_g70_z1_256pix_basicFLIM_120f_0002.sdt,20260501_KPC_fixed_dishes_on_SLIM,20260501,live,KPC,15,2,457,15:59.0,,
15_KPC_live_posn3_740nm_3040mW_u1_poc0p2_20x0p75NA_457s50_g70_z1_256pix_basicFLIM_120f_0002.sdt,20260501_KPC_fixed_dishes_on_SLIM,20260501,live,KPC,15,2,457,15:59.0,,
15_KPC_live_posn3_740nm_3040mW_u1_poc0p2_20x0p75NA_457s50_g70_z1_256pix_basicFLIM_120f_0002.sdt,20260501_KPC_fixed_dishes_on_SLIM,20260501,live,KPC,15,2,457,15:59.0,,
15_KPC_live_posn3_740nm_3040mW_u1_poc0p2_20x0p75NA_457s50_g70_z1_256pix_basicFLIM_120f_0002.sdt,20260501_KPC_fixed_dishes_on_SLIM,20260501,live,KPC,15,2,457,15:59.0,,
15_KPC_live_posn3_740nm_3040mW_u1_poc0p2_20x0p75NA_457s50_g70_z1_256pix_basicFLIM_120f_0002.sdt,20260501_KPC_fixed_dishes_on_SLIM,20260501,live,KPC,15,2,457,15:59.0,,
15_KPC_live_posn3_740nm_3040mW_u1_poc0p2_20x0p75NA_535s50_g70_z1_256pix_basicFLIM_120f_0002.sdt,20260501_KPC_fixed_dishes_on_SLIM,20260501,live,KPC,15,2,535,22:46.6,,
15_KPC_live_posn3_740nm_3040mW_u1_poc0p2_20x0p75NA_535s50_g70_z1_256pix_basicFLIM_120f_0002.sdt,20260501_KPC_fixed_dishes_on_SLIM,20260501,live,KPC,15,2,535,22:46.6,,
15_KPC_live_posn3_740nm_3040mW_u1_poc0p2_20x0p75NA_535s50_g70_z1_256pix_basicFLIM_120f_0002.sdt,20260501_KPC_fixed_dishes_on_SLIM,20260501,live,KPC,15,2,535,22:46.6,,
15_KPC_live_posn3_740nm_3040mW_u1_poc0p2_20x0p75NA_535s50_g70_z1_256pix_basicFLIM_120f_0002.sdt,20260501_KPC_fixed_dishes_on_SLIM,20260501,live,KPC,15,2,535,22:46.6,,
15_KPC_live_posn3_740nm_3040mW_u1_poc0p2_20x0p75NA_535s50_g70_z1_256pix_basicFLIM_120f_0002.sdt,20260501_KPC_fixed_dishes_on_SLIM,20260501,live,KPC,15,2,535,22:46.6,,
15_KPC_live_posn3_740nm_3040mW_u1_poc0p2_20x0p75NA_535s50_g70_z1_256pix_basicFLIM_120f_0002.sdt,20260501_KPC_fixed_dishes_on_SLIM,20260501,live,KPC,15,2,535,22:46.6,,
15_KPC_live_posn3_740nm_3040mW_u1_poc0p2_20x0p75NA_535s50_g70_z1_256pix_basicFLIM_120f_0002.sdt,20260501_KPC_fixed_dishes_on_SLIM,20260501,live,KPC,15,2,535,22:46.6,,
15_KPC_live_posn3_740nm_3040mW_u1_poc0p2_20x0p75NA_535s50_g70_z1_256pix_basicFLIM_120f_0002.sdt,20260501_KPC_fixed_dishes_on_SLIM,20260501,live,KPC,15,2,535,22:46.6,,
15_KPC_live_posn3_740nm_3040mW_u1_poc0p2_20x0p75NA_457s50_g70_z1_256pix_basicFLIM_120f_0003.sdt,20260501_KPC_fixed_dishes_on_SLIM,20260501,live,KPC,15,3,457,17:06.9,,
15_KPC_live_posn3_740nm_3040mW_u1_poc0p2_20x0p75NA_457s50_g70_z1_256pix_basicFLIM_120f_0003.sdt,20260501_KPC_fixed_dishes_on_SLIM,20260501,live,KPC,15,3,457,17:06.9,,
15_KPC_live_posn3_740nm_3040mW_u1_poc0p2_20x0p75NA_457s50_g70_z1_256pix_basicFLIM_120f_0003.sdt,20260501_KPC_fixed_dishes_on_SLIM,20260501,live,KPC,15,3,457,17:06.9,,
15_KPC_live_posn3_740nm_3040mW_u1_poc0p2_20x0p75NA_457s50_g70_z1_256pix_basicFLIM_120f_0003.sdt,20260501_KPC_fixed_dishes_on_SLIM,20260501,live,KPC,15,3,457,17:06.9,,
15_KPC_live_posn3_740nm_3040mW_u1_poc0p2_20x0p75NA_457s50_g70_z1_256pix_basicFLIM_120f_0003.sdt,20260501_KPC_fixed_dishes_on_SLIM,20260501,live,KPC,15,3,457,17:06.9,,
15_KPC_live_posn3_740nm_3040mW_u1_poc0p2_20x0p75NA_457s50_g70_z1_256pix_basicFLIM_120f_0003.sdt,20260501_KPC_fixed_dishes_on_SLIM,20260501,live,KPC,15,3,457,17:06.9,,
15_KPC_live_posn3_740nm_3040mW_u1_poc0p2_20x0p75NA_457s50_g70_z1_256pix_basicFLIM_120f_0003.sdt,20260501_KPC_fixed_dishes_on_SLIM,20260501,live,KPC,15,3,457,17:06.9,,
15_KPC_live_posn3_740nm_3040mW_u1_poc0p2_20x0p75NA_457s50_g70_z1_256pix_basicFLIM_120f_0003.sdt,20260501_KPC_fixed_dishes_on_SLIM,20260501,live,KPC,15,3,457,17:06.9,,
15_KPC_live_posn3_740nm_3040mW_u1_poc0p2_20x0p75NA_535s50_g70_z1_256pix_basicFLIM_120f_0003.sdt,20260501_KPC_fixed_dishes_on_SLIM,20260501,live,KPC,15,3,535,23:54.1,,
15_KPC_live_posn3_740nm_3040mW_u1_poc0p2_20x0p75NA_535s50_g70_z1_256pix_basicFLIM_120f_0003.sdt,20260501_KPC_fixed_dishes_on_SLIM,20260501,live,KPC,15,3,535,23:54.1,,
15_KPC_live_posn3_740nm_3040mW_u1_poc0p2_20x0p75NA_535s50_g70_z1_256pix_basicFLIM_120f_0003.sdt,20260501_KPC_fixed_dishes_on_SLIM,20260501,live,KPC,15,3,535,23:54.1,,
15_KPC_live_posn3_740nm_3040mW_u1_poc0p2_20x0p75NA_535s50_g70_z1_256pix_basicFLIM_120f_0003.sdt,20260501_KPC_fixed_dishes_on_SLIM,20260501,live,KPC,15,3,535,23:54.1,,
15_KPC_live_posn3_740nm_3040mW_u1_poc0p2_20x0p75NA_535s50_g70_z1_256pix_basicFLIM_120f_0003.sdt,20260501_KPC_fixed_dishes_on_SLIM,20260501,live,KPC,15,3,535,23:54.1,,
15_KPC_live_posn3_740nm_3040mW_u1_poc0p2_20x0p75NA_535s50_g70_z1_256pix_basicFLIM_120f_0003.sdt,20260501_KPC_fixed_dishes_on_SLIM,20260501,live,KPC,15,3,535,23:54.1,,
15_KPC_live_posn3_740nm_3040mW_u1_poc0p2_20x0p75NA_535s50_g70_z1_256pix_basicFLIM_120f_0003.sdt,20260501_KPC_fixed_dishes_on_SLIM,20260501,live,KPC,15,3,535,23:54.1,,
15_KPC_live_posn3_740nm_3040mW_u1_poc0p2_20x0p75NA_535s50_g70_z1_256pix_basicFLIM_120f_0003.sdt,20260501_KPC_fixed_dishes_on_SLIM,20260501,live,KPC,15,3,535,23:54.1,,
15_KPC_live_posn3_740nm_3040mW_u1_poc0p2_20x0p75NA_457s50_g70_z1_256pix_basicFLIM_120f_0004.sdt,20260501_KPC_fixed_dishes_on_SLIM,20260501,live,KPC,15,4,457,18:14.7,,
15_KPC_live_posn3_740nm_3040mW_u1_poc0p2_20x0p75NA_457s50_g70_z1_256pix_basicFLIM_120f_0004.sdt,20260501_KPC_fixed_dishes_on_SLIM,20260501,live,KPC,15,4,457,18:14.7,,
15_KPC_live_posn3_740nm_3040mW_u1_poc0p2_20x0p75NA_457s50_g70_z1_256pix_basicFLIM_120f_0004.sdt,20260501_KPC_fixed_dishes_on_SLIM,20260501,live,KPC,15,4,457,18:14.7,,
15_KPC_live_posn3_740nm_3040mW_u1_poc0p2_20x0p75NA_457s50_g70_z1_256pix_basicFLIM_120f_0004.sdt,20260501_KPC_fixed_dishes_on_SLIM,20260501,live,KPC,15,4,457,18:14.7,,
15_KPC_live_posn3_740nm_3040mW_u1_poc0p2_20x0p75NA_457s50_g70_z1_256pix_basicFLIM_120f_0004.sdt,20260501_KPC_fixed_dishes_on_SLIM,20260501,live,KPC,15,4,457,18:14.7,,
15_KPC_live_posn3_740nm_3040mW_u1_poc0p2_20x0p75NA_457s50_g70_z1_256pix_basicFLIM_120f_0004.sdt,20260501_KPC_fixed_dishes_on_SLIM,20260501,live,KPC,15,4,457,18:14.7,,
15_KPC_live_posn3_740nm_3040mW_u1_poc0p2_20x0p75NA_457s50_g70_z1_256pix_basicFLIM_120f_0004.sdt,20260501_KPC_fixed_dishes_on_SLIM,20260501,live,KPC,15,4,457,18:14.7,,
15_KPC_live_posn3_740nm_3040mW_u1_poc0p2_20x0p75NA_457s50_g70_z1_256pix_basicFLIM_120f_0004.sdt,20260501_KPC_fixed_dishes_on_SLIM,20260501,live,KPC,15,4,457,18:14.7,,
15_KPC_live_posn3_740nm_3040mW_u1_poc0p2_20x0p75NA_535s50_g70_z1_256pix_basicFLIM_120f_0004.sdt,20260501_KPC_fixed_dishes_on_SLIM,20260501,live,KPC,15,4,535,25:02.0,,
15_KPC_live_posn3_740nm_3040mW_u1_poc0p2_20x0p75NA_535s50_g70_z1_256pix_basicFLIM_120f_0004.sdt,20260501_KPC_fixed_dishes_on_SLIM,20260501,live,KPC,15,4,535,25:02.0,,
15_KPC_live_posn3_740nm_3040mW_u1_poc0p2_20x0p75NA_535s50_g70_z1_256pix_basicFLIM_120f_0004.sdt,20260501_KPC_fixed_dishes_on_SLIM,20260501,live,KPC,15,4,535,25:02.0,,
15_KPC_live_posn3_740nm_3040mW_u1_poc0p2_20x0p75NA_535s50_g70_z1_256pix_basicFLIM_120f_0004.sdt,20260501_KPC_fixed_dishes_on_SLIM,20260501,live,KPC,15,4,535,25:02.0,,
15_KPC_live_posn3_740nm_3040mW_u1_poc0p2_20x0p75NA_535s50_g70_z1_256pix_basicFLIM_120f_0004.sdt,20260501_KPC_fixed_dishes_on_SLIM,20260501,live,KPC,15,4,535,25:02.0,,
15_KPC_live_posn3_740nm_3040mW_u1_poc0p2_20x0p75NA_535s50_g70_z1_256pix_basicFLIM_120f_0004.sdt,20260501_KPC_fixed_dishes_on_SLIM,20260501,live,KPC,15,4,535,25:02.0,,
15_KPC_live_posn3_740nm_3040mW_u1_poc0p2_20x0p75NA_535s50_g70_z1_256pix_basicFLIM_120f_0004.sdt,20260501_KPC_fixed_dishes_on_SLIM,20260501,live,KPC,15,4,535,25:02.0,,
15_KPC_live_posn3_740nm_3040mW_u1_poc0p2_20x0p75NA_535s50_g70_z1_256pix_basicFLIM_120f_0004.sdt,20260501_KPC_fixed_dishes_on_SLIM,20260501,live,KPC,15,4,535,25:02.0,,
16_KPC_live_posn4_740nm_3040mW_u1_poc0p2_20x0p75NA_457s50_g70_z1_256pix_basicFLIM_120f_0000.sdt,20260501_KPC_fixed_dishes_on_SLIM,20260501,live,KPC,16,0,457,43:17.6,,
16_KPC_live_posn4_740nm_3040mW_u1_poc0p2_20x0p75NA_457s50_g70_z1_256pix_basicFLIM_120f_0000.sdt,20260501_KPC_fixed_dishes_on_SLIM,20260501,live,KPC,16,0,457,43:17.6,,
16_KPC_live_posn4_740nm_3040mW_u1_poc0p2_20x0p75NA_457s50_g70_z1_256pix_basicFLIM_120f_0000.sdt,20260501_KPC_fixed_dishes_on_SLIM,20260501,live,KPC,16,0,457,43:17.6,,
16_KPC_live_posn4_740nm_3040mW_u1_poc0p2_20x0p75NA_457s50_g70_z1_256pix_basicFLIM_120f_0000.sdt,20260501_KPC_fixed_dishes_on_SLIM,20260501,live,KPC,16,0,457,43:17.6,,
16_KPC_live_posn4_740nm_3040mW_u1_poc0p2_20x0p75NA_457s50_g70_z1_256pix_basicFLIM_120f_0000.sdt,20260501_KPC_fixed_dishes_on_SLIM,20260501,live,KPC,16,0,457,43:17.6,,
16_KPC_live_posn4_740nm_3040mW_u1_poc0p2_20x0p75NA_457s50_g70_z1_256pix_basicFLIM_120f_0000.sdt,20260501_KPC_fixed_dishes_on_SLIM,20260501,live,KPC,16,0,457,43:17.6,,
16_KPC_live_posn4_740nm_3040mW_u1_poc0p2_20x0p75NA_457s50_g70_z1_256pix_basicFLIM_120f_0000.sdt,20260501_KPC_fixed_dishes_on_SLIM,20260501,live,KPC,16,0,457,43:17.6,,
16_KPC_live_posn4_740nm_3040mW_u1_poc0p2_20x0p75NA_457s50_g70_z1_256pix_basicFLIM_120f_0000.sdt,20260501_KPC_fixed_dishes_on_SLIM,20260501,live,KPC,16,0,457,43:17.6,,
16_KPC_live_posn4_740nm_3040mW_u1_poc0p2_20x0p75NA_535s50_g70_z1_256pix_basicFLIM_120f_0000.sdt,20260501_KPC_fixed_dishes_on_SLIM,20260501,live,KPC,16,0,535,37:32.7,,
16_KPC_live_posn4_740nm_3040mW_u1_poc0p2_20x0p75NA_535s50_g70_z1_256pix_basicFLIM_120f_0000.sdt,20260501_KPC_fixed_dishes_on_SLIM,20260501,live,KPC,16,0,535,37:32.7,,
16_KPC_live_posn4_740nm_3040mW_u1_poc0p2_20x0p75NA_535s50_g70_z1_256pix_basicFLIM_120f_0000.sdt,20260501_KPC_fixed_dishes_on_SLIM,20260501,live,KPC,16,0,535,37:32.7,,
16_KPC_live_posn4_740nm_3040mW_u1_poc0p2_20x0p75NA_535s50_g70_z1_256pix_basicFLIM_120f_0000.sdt,20260501_KPC_fixed_dishes_on_SLIM,20260501,live,KPC,16,0,535,37:32.7,,
16_KPC_live_posn4_740nm_3040mW_u1_poc0p2_20x0p75NA_535s50_g70_z1_256pix_basicFLIM_120f_0000.sdt,20260501_KPC_fixed_dishes_on_SLIM,20260501,live,KPC,16,0,535,37:32.7,,
16_KPC_live_posn4_740nm_3040mW_u1_poc0p2_20x0p75NA_535s50_g70_z1_256pix_basicFLIM_120f_0000.sdt,20260501_KPC_fixed_dishes_on_SLIM,20260501,live,KPC,16,0,535,37:32.7,,
16_KPC_live_posn4_740nm_3040mW_u1_poc0p2_20x0p75NA_535s50_g70_z1_256pix_basicFLIM_120f_0000.sdt,20260501_KPC_fixed_dishes_on_SLIM,20260501,live,KPC,16,0,535,37:32.7,,
16_KPC_live_posn4_740nm_3040mW_u1_poc0p2_20x0p75NA_535s50_g70_z1_256pix_basicFLIM_120f_0000.sdt,20260501_KPC_fixed_dishes_on_SLIM,20260501,live,KPC,16,0,535,37:32.7,,
16_KPC_live_posn4_740nm_3040mW_u1_poc0p2_20x0p75NA_457s50_g70_z1_256pix_basicFLIM_120f_0001.sdt,20260501_KPC_fixed_dishes_on_SLIM,20260501,live,KPC,16,1,457,44:25.5,,
16_KPC_live_posn4_740nm_3040mW_u1_poc0p2_20x0p75NA_457s50_g70_z1_256pix_basicFLIM_120f_0001.sdt,20260501_KPC_fixed_dishes_on_SLIM,20260501,live,KPC,16,1,457,44:25.5,,
16_KPC_live_posn4_740nm_3040mW_u1_poc0p2_20x0p75NA_457s50_g70_z1_256pix_basicFLIM_120f_0001.sdt,20260501_KPC_fixed_dishes_on_SLIM,20260501,live,KPC,16,1,457,44:25.5,,
16_KPC_live_posn4_740nm_3040mW_u1_poc0p2_20x0p75NA_457s50_g70_z1_256pix_basicFLIM_120f_0001.sdt,20260501_KPC_fixed_dishes_on_SLIM,20260501,live,KPC,16,1,457,44:25.5,,
16_KPC_live_posn4_740nm_3040mW_u1_poc0p2_20x0p75NA_457s50_g70_z1_256pix_basicFLIM_120f_0001.sdt,20260501_KPC_fixed_dishes_on_SLIM,20260501,live,KPC,16,1,457,44:25.5,,
16_KPC_live_posn4_740nm_3040mW_u1_poc0p2_20x0p75NA_457s50_g70_z1_256pix_basicFLIM_120f_0001.sdt,20260501_KPC_fixed_dishes_on_SLIM,20260501,live,KPC,16,1,457,44:25.5,,
16_KPC_live_posn4_740nm_3040mW_u1_poc0p2_20x0p75NA_457s50_g70_z1_256pix_basicFLIM_120f_0001.sdt,20260501_KPC_fixed_dishes_on_SLIM,20260501,live,KPC,16,1,457,44:25.5,,
16_KPC_live_posn4_740nm_3040mW_u1_poc0p2_20x0p75NA_457s50_g70_z1_256pix_basicFLIM_120f_0001.sdt,20260501_KPC_fixed_dishes_on_SLIM,20260501,live,KPC,16,1,457,44:25.5,,
16_KPC_live_posn4_740nm_3040mW_u1_poc0p2_20x0p75NA_535s50_g70_z1_256pix_basicFLIM_120f_0001.sdt,20260501_KPC_fixed_dishes_on_SLIM,20260501,live,KPC,16,1,535,38:40.3,,
16_KPC_live_posn4_740nm_3040mW_u1_poc0p2_20x0p75NA_535s50_g70_z1_256pix_basicFLIM_120f_0001.sdt,20260501_KPC_fixed_dishes_on_SLIM,20260501,live,KPC,16,1,535,38:40.3,,
16_KPC_live_posn4_740nm_3040mW_u1_poc0p2_20x0p75NA_535s50_g70_z1_256pix_basicFLIM_120f_0001.sdt,20260501_KPC_fixed_dishes_on_SLIM,20260501,live,KPC,16,1,535,38:40.3,,
16_KPC_live_posn4_740nm_3040mW_u1_poc0p2_20x0p75NA_535s50_g70_z1_256pix_basicFLIM_120f_0001.sdt,20260501_KPC_fixed_dishes_on_SLIM,20260501,live,KPC,16,1,535,38:40.3,,
16_KPC_live_posn4_740nm_3040mW_u1_poc0p2_20x0p75NA_535s50_g70_z1_256pix_basicFLIM_120f_0001.sdt,20260501_KPC_fixed_dishes_on_SLIM,20260501,live,KPC,16,1,535,38:40.3,,
16_KPC_live_posn4_740nm_3040mW_u1_poc0p2_20x0p75NA_535s50_g70_z1_256pix_basicFLIM_120f_0001.sdt,20260501_KPC_fixed_dishes_on_SLIM,20260501,live,KPC,16,1,535,38:40.3,,
16_KPC_live_posn4_740nm_3040mW_u1_poc0p2_20x0p75NA_535s50_g70_z1_256pix_basicFLIM_120f_0001.sdt,20260501_KPC_fixed_dishes_on_SLIM,20260501,live,KPC,16,1,535,38:40.3,,
16_KPC_live_posn4_740nm_3040mW_u1_poc0p2_20x0p75NA_535s50_g70_z1_256pix_basicFLIM_120f_0001.sdt,20260501_KPC_fixed_dishes_on_SLIM,20260501,live,KPC,16,1,535,38:40.3,,
16_KPC_live_posn4_740nm_3040mW_u1_poc0p2_20x0p75NA_457s50_g70_z1_256pix_basicFLIM_120f_0002.sdt,20260501_KPC_fixed_dishes_on_SLIM,20260501,live,KPC,16,2,457,45:33.3,,
16_KPC_live_posn4_740nm_3040mW_u1_poc0p2_20x0p75NA_457s50_g70_z1_256pix_basicFLIM_120f_0002.sdt,20260501_KPC_fixed_dishes_on_SLIM,20260501,live,KPC,16,2,457,45:33.3,,
16_KPC_live_posn4_740nm_3040mW_u1_poc0p2_20x0p75NA_457s50_g70_z1_256pix_basicFLIM_120f_0002.sdt,20260501_KPC_fixed_dishes_on_SLIM,20260501,live,KPC,16,2,457,45:33.3,,
16_KPC_live_posn4_740nm_3040mW_u1_poc0p2_20x0p75NA_457s50_g70_z1_256pix_basicFLIM_120f_0002.sdt,20260501_KPC_fixed_dishes_on_SLIM,20260501,live,KPC,16,2,457,45:33.3,,
16_KPC_live_posn4_740nm_3040mW_u1_poc0p2_20x0p75NA_457s50_g70_z1_256pix_basicFLIM_120f_0002.sdt,20260501_KPC_fixed_dishes_on_SLIM,20260501,live,KPC,16,2,457,45:33.3,,
16_KPC_live_posn4_740nm_3040mW_u1_poc0p2_20x0p75NA_457s50_g70_z1_256pix_basicFLIM_120f_0002.sdt,20260501_KPC_fixed_dishes_on_SLIM,20260501,live,KPC,16,2,457,45:33.3,,
16_KPC_live_posn4_740nm_3040mW_u1_poc0p2_20x0p75NA_457s50_g70_z1_256pix_basicFLIM_120f_0002.sdt,20260501_KPC_fixed_dishes_on_SLIM,20260501,live,KPC,16,2,457,45:33.3,,
16_KPC_live_posn4_740nm_3040mW_u1_poc0p2_20x0p75NA_457s50_g70_z1_256pix_basicFLIM_120f_0002.sdt,20260501_KPC_fixed_dishes_on_SLIM,20260501,live,KPC,16,2,457,45:33.3,,
16_KPC_live_posn4_740nm_3040mW_u1_poc0p2_20x0p75NA_535s50_g70_z1_256pix_basicFLIM_120f_0002.sdt,20260501_KPC_fixed_dishes_on_SLIM,20260501,live,KPC,16,2,535,39:48.2,,
16_KPC_live_posn4_740nm_3040mW_u1_poc0p2_20x0p75NA_535s50_g70_z1_256pix_basicFLIM_120f_0002.sdt,20260501_KPC_fixed_dishes_on_SLIM,20260501,live,KPC,16,2,535,39:48.2,,
16_KPC_live_posn4_740nm_3040mW_u1_poc0p2_20x0p75NA_535s50_g70_z1_256pix_basicFLIM_120f_0002.sdt,20260501_KPC_fixed_dishes_on_SLIM,20260501,live,KPC,16,2,535,39:48.2,,
16_KPC_live_posn4_740nm_3040mW_u1_poc0p2_20x0p75NA_535s50_g70_z1_256pix_basicFLIM_120f_0002.sdt,20260501_KPC_fixed_dishes_on_SLIM,20260501,live,KPC,16,2,535,39:48.2,,
16_KPC_live_posn4_740nm_3040mW_u1_poc0p2_20x0p75NA_535s50_g70_z1_256pix_basicFLIM_120f_0002.sdt,20260501_KPC_fixed_dishes_on_SLIM,20260501,live,KPC,16,2,535,39:48.2,,
16_KPC_live_posn4_740nm_3040mW_u1_poc0p2_20x0p75NA_535s50_g70_z1_256pix_basicFLIM_120f_0002.sdt,20260501_KPC_fixed_dishes_on_SLIM,20260501,live,KPC,16,2,535,39:48.2,,
16_KPC_live_posn4_740nm_3040mW_u1_poc0p2_20x0p75NA_535s50_g70_z1_256pix_basicFLIM_120f_0002.sdt,20260501_KPC_fixed_dishes_on_SLIM,20260501,live,KPC,16,2,535,39:48.2,,
16_KPC_live_posn4_740nm_3040mW_u1_poc0p2_20x0p75NA_535s50_g70_z1_256pix_basicFLIM_120f_0002.sdt,20260501_KPC_fixed_dishes_on_SLIM,20260501,live,KPC,16,2,535,39:48.2,,
16_KPC_live_posn4_740nm_3040mW_u1_poc0p2_20x0p75NA_457s50_g70_z1_256pix_basicFLIM_120f_0003.sdt,20260501_KPC_fixed_dishes_on_SLIM,20260501,live,KPC,16,3,457,46:41.2,,
16_KPC_live_posn4_740nm_3040mW_u1_poc0p2_20x0p75NA_457s50_g70_z1_256pix_basicFLIM_120f_0003.sdt,20260501_KPC_fixed_dishes_on_SLIM,20260501,live,KPC,16,3,457,46:41.2,,
16_KPC_live_posn4_740nm_3040mW_u1_poc0p2_20x0p75NA_457s50_g70_z1_256pix_basicFLIM_120f_0003.sdt,20260501_KPC_fixed_dishes_on_SLIM,20260501,live,KPC,16,3,457,46:41.2,,
16_KPC_live_posn4_740nm_3040mW_u1_poc0p2_20x0p75NA_457s50_g70_z1_256pix_basicFLIM_120f_0003.sdt,20260501_KPC_fixed_dishes_on_SLIM,20260501,live,KPC,16,3,457,46:41.2,,
16_KPC_live_posn4_740nm_3040mW_u1_poc0p2_20x0p75NA_457s50_g70_z1_256pix_basicFLIM_120f_0003.sdt,20260501_KPC_fixed_dishes_on_SLIM,20260501,live,KPC,16,3,457,46:41.2,,
16_KPC_live_posn4_740nm_3040mW_u1_poc0p2_20x0p75NA_457s50_g70_z1_256pix_basicFLIM_120f_0003.sdt,20260501_KPC_fixed_dishes_on_SLIM,20260501,live,KPC,16,3,457,46:41.2,,
16_KPC_live_posn4_740nm_3040mW_u1_poc0p2_20x0p75NA_457s50_g70_z1_256pix_basicFLIM_120f_0003.sdt,20260501_KPC_fixed_dishes_on_SLIM,20260501,live,KPC,16,3,457,46:41.2,,
16_KPC_live_posn4_740nm_3040mW_u1_poc0p2_20x0p75NA_457s50_g70_z1_256pix_basicFLIM_120f_0003.sdt,20260501_KPC_fixed_dishes_on_SLIM,20260501,live,KPC,16,3,457,46:41.2,,
16_KPC_live_posn4_740nm_3040mW_u1_poc0p2_20x0p75NA_535s50_g70_z1_256pix_basicFLIM_120f_0003.sdt,20260501_KPC_fixed_dishes_on_SLIM,20260501,live,KPC,16,3,535,40:56.2,,
16_KPC_live_posn4_740nm_3040mW_u1_poc0p2_20x0p75NA_535s50_g70_z1_256pix_basicFLIM_120f_0003.sdt,20260501_KPC_fixed_dishes_on_SLIM,20260501,live,KPC,16,3,535,40:56.2,,
16_KPC_live_posn4_740nm_3040mW_u1_poc0p2_20x0p75NA_535s50_g70_z1_256pix_basicFLIM_120f_0003.sdt,20260501_KPC_fixed_dishes_on_SLIM,20260501,live,KPC,16,3,535,40:56.2,,
16_KPC_live_posn4_740nm_3040mW_u1_poc0p2_20x0p75NA_535s50_g70_z1_256pix_basicFLIM_120f_0003.sdt,20260501_KPC_fixed_dishes_on_SLIM,20260501,live,KPC,16,3,535,40:56.2,,
16_KPC_live_posn4_740nm_3040mW_u1_poc0p2_20x0p75NA_535s50_g70_z1_256pix_basicFLIM_120f_0003.sdt,20260501_KPC_fixed_dishes_on_SLIM,20260501,live,KPC,16,3,535,40:56.2,,
16_KPC_live_posn4_740nm_3040mW_u1_poc0p2_20x0p75NA_535s50_g70_z1_256pix_basicFLIM_120f_0003.sdt,20260501_KPC_fixed_dishes_on_SLIM,20260501,live,KPC,16,3,535,40:56.2,,
16_KPC_live_posn4_740nm_3040mW_u1_poc0p2_20x0p75NA_535s50_g70_z1_256pix_basicFLIM_120f_0003.sdt,20260501_KPC_fixed_dishes_on_SLIM,20260501,live,KPC,16,3,535,40:56.2,,
16_KPC_live_posn4_740nm_3040mW_u1_poc0p2_20x0p75NA_535s50_g70_z1_256pix_basicFLIM_120f_0003.sdt,20260501_KPC_fixed_dishes_on_SLIM,20260501,live,KPC,16,3,535,40:56.2,,
17_KPC_live_posn5_740nm_3040mW_u1_poc0p2_20x0p75NA_457s50_g70_z1_256pix_basicFLIM_120f_0000.sdt,20260501_KPC_fixed_dishes_on_SLIM,20260501,live,KPC,17,0,457,55:20.7,,
17_KPC_live_posn5_740nm_3040mW_u1_poc0p2_20x0p75NA_457s50_g70_z1_256pix_basicFLIM_120f_0000.sdt,20260501_KPC_fixed_dishes_on_SLIM,20260501,live,KPC,17,0,457,55:20.7,,
17_KPC_live_posn5_740nm_3040mW_u1_poc0p2_20x0p75NA_457s50_g70_z1_256pix_basicFLIM_120f_0000.sdt,20260501_KPC_fixed_dishes_on_SLIM,20260501,live,KPC,17,0,457,55:20.7,,
17_KPC_live_posn5_740nm_3040mW_u1_poc0p2_20x0p75NA_457s50_g70_z1_256pix_basicFLIM_120f_0000.sdt,20260501_KPC_fixed_dishes_on_SLIM,20260501,live,KPC,17,0,457,55:20.7,,
17_KPC_live_posn5_740nm_3040mW_u1_poc0p2_20x0p75NA_457s50_g70_z1_256pix_basicFLIM_120f_0000.sdt,20260501_KPC_fixed_dishes_on_SLIM,20260501,live,KPC,17,0,457,55:20.7,,
17_KPC_live_posn5_740nm_3040mW_u1_poc0p2_20x0p75NA_457s50_g70_z1_256pix_basicFLIM_120f_0000.sdt,20260501_KPC_fixed_dishes_on_SLIM,20260501,live,KPC,17,0,457,55:20.7,,
17_KPC_live_posn5_740nm_3040mW_u1_poc0p2_20x0p75NA_457s50_g70_z1_256pix_basicFLIM_120f_0000.sdt,20260501_KPC_fixed_dishes_on_SLIM,20260501,live,KPC,17,0,457,55:20.7,,
17_KPC_live_posn5_740nm_3040mW_u1_poc0p2_20x0p75NA_457s50_g70_z1_256pix_basicFLIM_120f_0000.sdt,20260501_KPC_fixed_dishes_on_SLIM,20260501,live,KPC,17,0,457,55:20.7,,
17_KPC_live_posn5_740nm_3040mW_u1_poc0p2_20x0p75NA_535s50_g70_z1_256pix_basicFLIM_120f_0000.sdt,20260501_KPC_fixed_dishes_on_SLIM,20260501,live,KPC,17,0,535,02:51.2,,
17_KPC_live_posn5_740nm_3040mW_u1_poc0p2_20x0p75NA_535s50_g70_z1_256pix_basicFLIM_120f_0000.sdt,20260501_KPC_fixed_dishes_on_SLIM,20260501,live,KPC,17,0,535,02:51.2,,
17_KPC_live_posn5_740nm_3040mW_u1_poc0p2_20x0p75NA_535s50_g70_z1_256pix_basicFLIM_120f_0000.sdt,20260501_KPC_fixed_dishes_on_SLIM,20260501,live,KPC,17,0,535,02:51.2,,
17_KPC_live_posn5_740nm_3040mW_u1_poc0p2_20x0p75NA_535s50_g70_z1_256pix_basicFLIM_120f_0000.sdt,20260501_KPC_fixed_dishes_on_SLIM,20260501,live,KPC,17,0,535,02:51.2,,
17_KPC_live_posn5_740nm_3040mW_u1_poc0p2_20x0p75NA_535s50_g70_z1_256pix_basicFLIM_120f_0000.sdt,20260501_KPC_fixed_dishes_on_SLIM,20260501,live,KPC,17,0,535,02:51.2,,
17_KPC_live_posn5_740nm_3040mW_u1_poc0p2_20x0p75NA_535s50_g70_z1_256pix_basicFLIM_120f_0000.sdt,20260501_KPC_fixed_dishes_on_SLIM,20260501,live,KPC,17,0,535,02:51.2,,
17_KPC_live_posn5_740nm_3040mW_u1_poc0p2_20x0p75NA_535s50_g70_z1_256pix_basicFLIM_120f_0000.sdt,20260501_KPC_fixed_dishes_on_SLIM,20260501,live,KPC,17,0,535,02:51.2,,
17_KPC_live_posn5_740nm_3040mW_u1_poc0p2_20x0p75NA_535s50_g70_z1_256pix_basicFLIM_120f_0000.sdt,20260501_KPC_fixed_dishes_on_SLIM,20260501,live,KPC,17,0,535,02:51.2,,
17_KPC_live_posn5_740nm_3040mW_u1_poc0p2_20x0p75NA_457s50_g70_z1_256pix_basicFLIM_120f_0001.sdt,20260501_KPC_fixed_dishes_on_SLIM,20260501,live,KPC,17,1,457,56:28.4,,
17_KPC_live_posn5_740nm_3040mW_u1_poc0p2_20x0p75NA_457s50_g70_z1_256pix_basicFLIM_120f_0001.sdt,20260501_KPC_fixed_dishes_on_SLIM,20260501,live,KPC,17,1,457,56:28.4,,
17_KPC_live_posn5_740nm_3040mW_u1_poc0p2_20x0p75NA_457s50_g70_z1_256pix_basicFLIM_120f_0001.sdt,20260501_KPC_fixed_dishes_on_SLIM,20260501,live,KPC,17,1,457,56:28.4,,
17_KPC_live_posn5_740nm_3040mW_u1_poc0p2_20x0p75NA_457s50_g70_z1_256pix_basicFLIM_120f_0001.sdt,20260501_KPC_fixed_dishes_on_SLIM,20260501,live,KPC,17,1,457,56:28.4,,
17_KPC_live_posn5_740nm_3040mW_u1_poc0p2_20x0p75NA_457s50_g70_z1_256pix_basicFLIM_120f_0001.sdt,20260501_KPC_fixed_dishes_on_SLIM,20260501,live,KPC,17,1,457,56:28.4,,
17_KPC_live_posn5_740nm_3040mW_u1_poc0p2_20x0p75NA_457s50_g70_z1_256pix_basicFLIM_120f_0001.sdt,20260501_KPC_fixed_dishes_on_SLIM,20260501,live,KPC,17,1,457,56:28.4,,
17_KPC_live_posn5_740nm_3040mW_u1_poc0p2_20x0p75NA_457s50_g70_z1_256pix_basicFLIM_120f_0001.sdt,20260501_KPC_fixed_dishes_on_SLIM,20260501,live,KPC,17,1,457,56:28.4,,
17_KPC_live_posn5_740nm_3040mW_u1_poc0p2_20x0p75NA_457s50_g70_z1_256pix_basicFLIM_120f_0001.sdt,20260501_KPC_fixed_dishes_on_SLIM,20260501,live,KPC,17,1,457,56:28.4,,
17_KPC_live_posn5_740nm_3040mW_u1_poc0p2_20x0p75NA_535s50_g70_z1_256pix_basicFLIM_120f_0001.sdt,20260501_KPC_fixed_dishes_on_SLIM,20260501,live,KPC,17,1,535,03:59.2,,
17_KPC_live_posn5_740nm_3040mW_u1_poc0p2_20x0p75NA_535s50_g70_z1_256pix_basicFLIM_120f_0001.sdt,20260501_KPC_fixed_dishes_on_SLIM,20260501,live,KPC,17,1,535,03:59.2,,
17_KPC_live_posn5_740nm_3040mW_u1_poc0p2_20x0p75NA_535s50_g70_z1_256pix_basicFLIM_120f_0001.sdt,20260501_KPC_fixed_dishes_on_SLIM,20260501,live,KPC,17,1,535,03:59.2,,
17_KPC_live_posn5_740nm_3040mW_u1_poc0p2_20x0p75NA_535s50_g70_z1_256pix_basicFLIM_120f_0001.sdt,20260501_KPC_fixed_dishes_on_SLIM,20260501,live,KPC,17,1,535,03:59.2,,
17_KPC_live_posn5_740nm_3040mW_u1_poc0p2_20x0p75NA_535s50_g70_z1_256pix_basicFLIM_120f_0001.sdt,20260501_KPC_fixed_dishes_on_SLIM,20260501,live,KPC,17,1,535,03:59.2,,
17_KPC_live_posn5_740nm_3040mW_u1_poc0p2_20x0p75NA_535s50_g70_z1_256pix_basicFLIM_120f_0001.sdt,20260501_KPC_fixed_dishes_on_SLIM,20260501,live,KPC,17,1,535,03:59.2,,
17_KPC_live_posn5_740nm_3040mW_u1_poc0p2_20x0p75NA_535s50_g70_z1_256pix_basicFLIM_120f_0001.sdt,20260501_KPC_fixed_dishes_on_SLIM,20260501,live,KPC,17,1,535,03:59.2,,
17_KPC_live_posn5_740nm_3040mW_u1_poc0p2_20x0p75NA_535s50_g70_z1_256pix_basicFLIM_120f_0001.sdt,20260501_KPC_fixed_dishes_on_SLIM,20260501,live,KPC,17,1,535,03:59.2,,
17_KPC_live_posn5_740nm_3040mW_u1_poc0p2_20x0p75NA_457s50_g70_z1_256pix_basicFLIM_120f_0002.sdt,20260501_KPC_fixed_dishes_on_SLIM,20260501,live,KPC,17,2,457,57:36.5,,
17_KPC_live_posn5_740nm_3040mW_u1_poc0p2_20x0p75NA_457s50_g70_z1_256pix_basicFLIM_120f_0002.sdt,20260501_KPC_fixed_dishes_on_SLIM,20260501,live,KPC,17,2,457,57:36.5,,
17_KPC_live_posn5_740nm_3040mW_u1_poc0p2_20x0p75NA_457s50_g70_z1_256pix_basicFLIM_120f_0002.sdt,20260501_KPC_fixed_dishes_on_SLIM,20260501,live,KPC,17,2,457,57:36.5,,
17_KPC_live_posn5_740nm_3040mW_u1_poc0p2_20x0p75NA_457s50_g70_z1_256pix_basicFLIM_120f_0002.sdt,20260501_KPC_fixed_dishes_on_SLIM,20260501,live,KPC,17,2,457,57:36.5,,
17_KPC_live_posn5_740nm_3040mW_u1_poc0p2_20x0p75NA_457s50_g70_z1_256pix_basicFLIM_120f_0002.sdt,20260501_KPC_fixed_dishes_on_SLIM,20260501,live,KPC,17,2,457,57:36.5,,
17_KPC_live_posn5_740nm_3040mW_u1_poc0p2_20x0p75NA_457s50_g70_z1_256pix_basicFLIM_120f_0002.sdt,20260501_KPC_fixed_dishes_on_SLIM,20260501,live,KPC,17,2,457,57:36.5,,
17_KPC_live_posn5_740nm_3040mW_u1_poc0p2_20x0p75NA_457s50_g70_z1_256pix_basicFLIM_120f_0002.sdt,20260501_KPC_fixed_dishes_on_SLIM,20260501,live,KPC,17,2,457,57:36.5,,
17_KPC_live_posn5_740nm_3040mW_u1_poc0p2_20x0p75NA_457s50_g70_z1_256pix_basicFLIM_120f_0002.sdt,20260501_KPC_fixed_dishes_on_SLIM,20260501,live,KPC,17,2,457,57:36.5,,
17_KPC_live_posn5_740nm_3040mW_u1_poc0p2_20x0p75NA_535s50_g70_z1_256pix_basicFLIM_120f_0002.sdt,20260501_KPC_fixed_dishes_on_SLIM,20260501,live,KPC,17,2,535,05:07.4,,
17_KPC_live_posn5_740nm_3040mW_u1_poc0p2_20x0p75NA_535s50_g70_z1_256pix_basicFLIM_120f_0002.sdt,20260501_KPC_fixed_dishes_on_SLIM,20260501,live,KPC,17,2,535,05:07.4,,
17_KPC_live_posn5_740nm_3040mW_u1_poc0p2_20x0p75NA_535s50_g70_z1_256pix_basicFLIM_120f_0002.sdt,20260501_KPC_fixed_dishes_on_SLIM,20260501,live,KPC,17,2,535,05:07.4,,
17_KPC_live_posn5_740nm_3040mW_u1_poc0p2_20x0p75NA_535s50_g70_z1_256pix_basicFLIM_120f_0002.sdt,20260501_KPC_fixed_dishes_on_SLIM,20260501,live,KPC,17,2,535,05:07.4,,
17_KPC_live_posn5_740nm_3040mW_u1_poc0p2_20x0p75NA_535s50_g70_z1_256pix_basicFLIM_120f_0002.sdt,20260501_KPC_fixed_dishes_on_SLIM,20260501,live,KPC,17,2,535,05:07.4,,
17_KPC_live_posn5_740nm_3040mW_u1_poc0p2_20x0p75NA_535s50_g70_z1_256pix_basicFLIM_120f_0002.sdt,20260501_KPC_fixed_dishes_on_SLIM,20260501,live,KPC,17,2,535,05:07.4,,
17_KPC_live_posn5_740nm_3040mW_u1_poc0p2_20x0p75NA_535s50_g70_z1_256pix_basicFLIM_120f_0002.sdt,20260501_KPC_fixed_dishes_on_SLIM,20260501,live,KPC,17,2,535,05:07.4,,
17_KPC_live_posn5_740nm_3040mW_u1_poc0p2_20x0p75NA_535s50_g70_z1_256pix_basicFLIM_120f_0002.sdt,20260501_KPC_fixed_dishes_on_SLIM,20260501,live,KPC,17,2,535,05:07.4,,
17_KPC_live_posn5_740nm_3040mW_u1_poc0p2_20x0p75NA_457s50_g70_z1_256pix_basicFLIM_120f_0003.sdt,20260501_KPC_fixed_dishes_on_SLIM,20260501,live,KPC,17,3,457,58:44.1,,
17_KPC_live_posn5_740nm_3040mW_u1_poc0p2_20x0p75NA_457s50_g70_z1_256pix_basicFLIM_120f_0003.sdt,20260501_KPC_fixed_dishes_on_SLIM,20260501,live,KPC,17,3,457,58:44.1,,
17_KPC_live_posn5_740nm_3040mW_u1_poc0p2_20x0p75NA_457s50_g70_z1_256pix_basicFLIM_120f_0003.sdt,20260501_KPC_fixed_dishes_on_SLIM,20260501,live,KPC,17,3,457,58:44.1,,
17_KPC_live_posn5_740nm_3040mW_u1_poc0p2_20x0p75NA_457s50_g70_z1_256pix_basicFLIM_120f_0003.sdt,20260501_KPC_fixed_dishes_on_SLIM,20260501,live,KPC,17,3,457,58:44.1,,
17_KPC_live_posn5_740nm_3040mW_u1_poc0p2_20x0p75NA_457s50_g70_z1_256pix_basicFLIM_120f_0003.sdt,20260501_KPC_fixed_dishes_on_SLIM,20260501,live,KPC,17,3,457,58:44.1,,
17_KPC_live_posn5_740nm_3040mW_u1_poc0p2_20x0p75NA_457s50_g70_z1_256pix_basicFLIM_120f_0003.sdt,20260501_KPC_fixed_dishes_on_SLIM,20260501,live,KPC,17,3,457,58:44.1,,
17_KPC_live_posn5_740nm_3040mW_u1_poc0p2_20x0p75NA_457s50_g70_z1_256pix_basicFLIM_120f_0003.sdt,20260501_KPC_fixed_dishes_on_SLIM,20260501,live,KPC,17,3,457,58:44.1,,
17_KPC_live_posn5_740nm_3040mW_u1_poc0p2_20x0p75NA_457s50_g70_z1_256pix_basicFLIM_120f_0003.sdt,20260501_KPC_fixed_dishes_on_SLIM,20260501,live,KPC,17,3,457,58:44.1,,
17_KPC_live_posn5_740nm_3040mW_u1_poc0p2_20x0p75NA_535s50_g70_z1_256pix_basicFLIM_120f_0003.sdt,20260501_KPC_fixed_dishes_on_SLIM,20260501,live,KPC,17,3,535,06:15.4,,
17_KPC_live_posn5_740nm_3040mW_u1_poc0p2_20x0p75NA_535s50_g70_z1_256pix_basicFLIM_120f_0003.sdt,20260501_KPC_fixed_dishes_on_SLIM,20260501,live,KPC,17,3,535,06:15.4,,
17_KPC_live_posn5_740nm_3040mW_u1_poc0p2_20x0p75NA_535s50_g70_z1_256pix_basicFLIM_120f_0003.sdt,20260501_KPC_fixed_dishes_on_SLIM,20260501,live,KPC,17,3,535,06:15.4,,
17_KPC_live_posn5_740nm_3040mW_u1_poc0p2_20x0p75NA_535s50_g70_z1_256pix_basicFLIM_120f_0003.sdt,20260501_KPC_fixed_dishes_on_SLIM,20260501,live,KPC,17,3,535,06:15.4,,
17_KPC_live_posn5_740nm_3040mW_u1_poc0p2_20x0p75NA_535s50_g70_z1_256pix_basicFLIM_120f_0003.sdt,20260501_KPC_fixed_dishes_on_SLIM,20260501,live,KPC,17,3,535,06:15.4,,
17_KPC_live_posn5_740nm_3040mW_u1_poc0p2_20x0p75NA_535s50_g70_z1_256pix_basicFLIM_120f_0003.sdt,20260501_KPC_fixed_dishes_on_SLIM,20260501,live,KPC,17,3,535,06:15.4,,
17_KPC_live_posn5_740nm_3040mW_u1_poc0p2_20x0p75NA_535s50_g70_z1_256pix_basicFLIM_120f_0003.sdt,20260501_KPC_fixed_dishes_on_SLIM,20260501,live,KPC,17,3,535,06:15.4,,
17_KPC_live_posn5_740nm_3040mW_u1_poc0p2_20x0p75NA_535s50_g70_z1_256pix_basicFLIM_120f_0003.sdt,20260501_KPC_fixed_dishes_on_SLIM,20260501,live,KPC,17,3,535,06:15.4,,
17_KPC_live_posn5_740nm_3040mW_u1_poc0p2_20x0p75NA_457s50_g70_z1_256pix_basicFLIM_120f_0004.sdt,20260501_KPC_fixed_dishes_on_SLIM,20260501,live,KPC,17,4,457,59:52.8,,
17_KPC_live_posn5_740nm_3040mW_u1_poc0p2_20x0p75NA_457s50_g70_z1_256pix_basicFLIM_120f_0004.sdt,20260501_KPC_fixed_dishes_on_SLIM,20260501,live,KPC,17,4,457,59:52.8,,
17_KPC_live_posn5_740nm_3040mW_u1_poc0p2_20x0p75NA_457s50_g70_z1_256pix_basicFLIM_120f_0004.sdt,20260501_KPC_fixed_dishes_on_SLIM,20260501,live,KPC,17,4,457,59:52.8,,
17_KPC_live_posn5_740nm_3040mW_u1_poc0p2_20x0p75NA_457s50_g70_z1_256pix_basicFLIM_120f_0004.sdt,20260501_KPC_fixed_dishes_on_SLIM,20260501,live,KPC,17,4,457,59:52.8,,
17_KPC_live_posn5_740nm_3040mW_u1_poc0p2_20x0p75NA_457s50_g70_z1_256pix_basicFLIM_120f_0004.sdt,20260501_KPC_fixed_dishes_on_SLIM,20260501,live,KPC,17,4,457,59:52.8,,
17_KPC_live_posn5_740nm_3040mW_u1_poc0p2_20x0p75NA_457s50_g70_z1_256pix_basicFLIM_120f_0004.sdt,20260501_KPC_fixed_dishes_on_SLIM,20260501,live,KPC,17,4,457,59:52.8,,
17_KPC_live_posn5_740nm_3040mW_u1_poc0p2_20x0p75NA_457s50_g70_z1_256pix_basicFLIM_120f_0004.sdt,20260501_KPC_fixed_dishes_on_SLIM,20260501,live,KPC,17,4,457,59:52.8,,
17_KPC_live_posn5_740nm_3040mW_u1_poc0p2_20x0p75NA_457s50_g70_z1_256pix_basicFLIM_120f_0004.sdt,20260501_KPC_fixed_dishes_on_SLIM,20260501,live,KPC,17,4,457,59:52.8,,
17_KPC_live_posn5_740nm_3040mW_u1_poc0p2_20x0p75NA_535s50_g70_z1_256pix_basicFLIM_120f_0004.sdt,20260501_KPC_fixed_dishes_on_SLIM,20260501,live,KPC,17,4,535,07:23.6,,
17_KPC_live_posn5_740nm_3040mW_u1_poc0p2_20x0p75NA_535s50_g70_z1_256pix_basicFLIM_120f_0004.sdt,20260501_KPC_fixed_dishes_on_SLIM,20260501,live,KPC,17,4,535,07:23.6,,
17_KPC_live_posn5_740nm_3040mW_u1_poc0p2_20x0p75NA_535s50_g70_z1_256pix_basicFLIM_120f_0004.sdt,20260501_KPC_fixed_dishes_on_SLIM,20260501,live,KPC,17,4,535,07:23.6,,
17_KPC_live_posn5_740nm_3040mW_u1_poc0p2_20x0p75NA_535s50_g70_z1_256pix_basicFLIM_120f_0004.sdt,20260501_KPC_fixed_dishes_on_SLIM,20260501,live,KPC,17,4,535,07:23.6,,
17_KPC_live_posn5_740nm_3040mW_u1_poc0p2_20x0p75NA_535s50_g70_z1_256pix_basicFLIM_120f_0004.sdt,20260501_KPC_fixed_dishes_on_SLIM,20260501,live,KPC,17,4,535,07:23.6,,
17_KPC_live_posn5_740nm_3040mW_u1_poc0p2_20x0p75NA_535s50_g70_z1_256pix_basicFLIM_120f_0004.sdt,20260501_KPC_fixed_dishes_on_SLIM,20260501,live,KPC,17,4,535,07:23.6,,
17_KPC_live_posn5_740nm_3040mW_u1_poc0p2_20x0p75NA_535s50_g70_z1_256pix_basicFLIM_120f_0004.sdt,20260501_KPC_fixed_dishes_on_SLIM,20260501,live,KPC,17,4,535,07:23.6,,
17_KPC_live_posn5_740nm_3040mW_u1_poc0p2_20x0p75NA_535s50_g70_z1_256pix_basicFLIM_120f_0004.sdt,20260501_KPC_fixed_dishes_on_SLIM,20260501,live,KPC,17,4,535,07:23.6,,
3_KPCWTformP4num4_740nm_3037mW_u1_poc0p2_20x0p75NA_475s50_g70_z1_256pix_basicFLIM_30f_0000.sdt,20260429_KPC_fixed_dishes_on_SLIM,20260429,form,KPCWT,3,0,457,37:05.5,,
3_KPCWTformP4num4_740nm_3037mW_u1_poc0p2_20x0p75NA_535s50_g70_z1_256pix_basicFLIM_90f_0000.sdt,20260429_KPC_fixed_dishes_on_SLIM,20260429,form,KPCWT,3,0,535,58:15.0,,
3_KPCWTformP4num4_740nm_3037mW_u1_poc0p2_20x0p75NA_475s50_g70_z1_256pix_basicFLIM_30f_0001.sdt,20260429_KPC_fixed_dishes_on_SLIM,20260429,form,KPCWT,3,1,457,37:57.5,,
3_KPCWTformP4num4_740nm_3037mW_u1_poc0p2_20x0p75NA_535s50_g70_z1_256pix_basicFLIM_90f_0001.sdt,20260429_KPC_fixed_dishes_on_SLIM,20260429,form,KPCWT,3,1,535,59:07.0,,
3_KPCWTformP4num4_740nm_3037mW_u1_poc0p2_20x0p75NA_475s50_g70_z1_256pix_basicFLIM_30f_0002.sdt,20260429_KPC_fixed_dishes_on_SLIM,20260429,form,KPCWT,3,2,457,38:49.4,,
3_KPCWTformP4num4_740nm_3037mW_u1_poc0p2_20x0p75NA_535s50_g70_z1_256pix_basicFLIM_90f_0002.sdt,20260429_KPC_fixed_dishes_on_SLIM,20260429,form,KPCWT,3,2,535,59:58.9,,
3_KPCWTformP4num4_740nm_3037mW_u1_poc0p2_20x0p75NA_475s50_g70_z1_256pix_basicFLIM_30f_0003.sdt,20260429_KPC_fixed_dishes_on_SLIM,20260429,form,KPCWT,3,3,457,39:42.0,,
3_KPCWTformP4num4_740nm_3037mW_u1_poc0p2_20x0p75NA_535s50_g70_z1_256pix_basicFLIM_90f_0003.sdt,20260429_KPC_fixed_dishes_on_SLIM,20260429,form,KPCWT,3,3,535,00:51.6,,
3_KPCWTformP4num4_740nm_3037mW_u1_poc0p2_20x0p75NA_475s50_g70_z1_256pix_basicFLIM_30f_0004.sdt,20260429_KPC_fixed_dishes_on_SLIM,20260429,form,KPCWT,3,4,457,40:33.9,,
3_KPCWTformP4num4_740nm_3037mW_u1_poc0p2_20x0p75NA_535s50_g70_z1_256pix_basicFLIM_90f_0004.sdt,20260429_KPC_fixed_dishes_on_SLIM,20260429,form,KPCWT,3,4,535,01:43.6,,
3_KPCWTformP4num4_740nm_3037mW_u1_poc0p2_20x0p75NA_475s50_g70_z1_256pix_basicFLIM_30f_0005.sdt,20260429_KPC_fixed_dishes_on_SLIM,20260429,form,KPCWT,3,5,457,41:28.2,,
3_KPCWTformP4num4_740nm_3037mW_u1_poc0p2_20x0p75NA_535s50_g70_z1_256pix_basicFLIM_90f_0005.sdt,20260429_KPC_fixed_dishes_on_SLIM,20260429,form,KPCWT,3,5,535,02:35.6,,
3_KPCWTformP4num4_740nm_3037mW_u1_poc0p2_20x0p75NA_475s50_g70_z1_256pix_basicFLIM_30f_0006.sdt,20260429_KPC_fixed_dishes_on_SLIM,20260429,form,KPCWT,3,6,457,42:21.0,,
3_KPCWTformP4num4_740nm_3037mW_u1_poc0p2_20x0p75NA_535s50_g70_z1_256pix_basicFLIM_90f_0006.sdt,20260429_KPC_fixed_dishes_on_SLIM,20260429,form,KPCWT,3,6,535,03:27.9,,
3_KPCWTformP4num4_740nm_3037mW_u1_poc0p2_20x0p75NA_475s50_g70_z1_256pix_basicFLIM_30f_0007.sdt,20260429_KPC_fixed_dishes_on_SLIM,20260429,form,KPCWT,3,7,457,43:12.5,,
3_KPCWTformP4num4_740nm_3037mW_u1_poc0p2_20x0p75NA_535s50_g70_z1_256pix_basicFLIM_90f_0007.sdt,20260429_KPC_fixed_dishes_on_SLIM,20260429,form,KPCWT,3,7,535,04:19.5,,
3_KPCWTformP4num4_740nm_3037mW_u1_poc0p2_20x0p75NA_475s50_g70_z1_256pix_basicFLIM_30f_0008.sdt,20260429_KPC_fixed_dishes_on_SLIM,20260429,form,KPCWT,3,8,457,44:05.4,,
3_KPCWTformP4num4_740nm_3037mW_u1_poc0p2_20x0p75NA_535s50_g70_z1_256pix_basicFLIM_90f_0008.sdt,20260429_KPC_fixed_dishes_on_SLIM,20260429,form,KPCWT,3,8,535,05:12.1,,
3_KPCWTformP4num4_740nm_3037mW_u1_poc0p2_20x0p75NA_475s50_g70_z1_256pix_basicFLIM_30f_0009.sdt,20260429_KPC_fixed_dishes_on_SLIM,20260429,form,KPCWT,3,9,457,44:57.8,,
3_KPCWTformP4num4_740nm_3037mW_u1_poc0p2_20x0p75NA_535s50_g70_z1_256pix_basicFLIM_90f_0009.sdt,20260429_KPC_fixed_dishes_on_SLIM,20260429,form,KPCWT,3,9,535,06:04.5,,
3_KPCWTformP4num4_pos5_740nm_3037mW_u1_poc0p2_20x0p75NA_475s50_g70_z1_256pix_basicFLIM_30f_0010.sdt,20260429_KPC_fixed_dishes_on_SLIM,20260429,form,KPCWT,3,10,457,46:56.6,,
3_KPCWTformP4num4_pos6_740nm_3037mW_u1_poc0p2_20x0p75NA_475s50_g70_z1_256pix_basicFLIM_30f_0011.sdt,20260429_KPC_fixed_dishes_on_SLIM,20260429,form,KPCWT,3,11,457,47:48.9,,
3_KPCWTformP4num4_pos7_740nm_3037mW_u1_poc0p2_20x0p75NA_475s50_g70_z1_256pix_basicFLIM_30f_0012.sdt,20260429_KPC_fixed_dishes_on_SLIM,20260429,form,KPCWT,3,12,457,48:40.5,,
4_KPCWT0416formP4num3_740nm_3037mW_u1_poc0p2_20x0p75NA_457s50_g70_z1_256pix_basicFLIM_90f_0000.sdt,20260429_KPC_fixed_dishes_on_SLIM,20260429,form,KPCWT,4,0,457,46:38.1,,
4_KPCWT0416formP4num3_740nm_3037mW_u1_poc0p2_20x0p75NA_535s50_g70_z1_256pix_basicFLIM_90f_0000.sdt,20260429_KPC_fixed_dishes_on_SLIM,20260429,form,KPCWT,4,0,535,07:14.2,,
4_KPCWT0416formP4num3_740nm_3037mW_u1_poc0p2_20x0p75NA_457s50_g70_z1_256pix_basicFLIM_90f_0001.sdt,20260429_KPC_fixed_dishes_on_SLIM,20260429,form,KPCWT,4,1,457,47:30.1,,
4_KPCWT0416formP4num3_740nm_3037mW_u1_poc0p2_20x0p75NA_535s50_g70_z1_256pix_basicFLIM_90f_0001.sdt,20260429_KPC_fixed_dishes_on_SLIM,20260429,form,KPCWT,4,1,535,08:06.2,,
4_KPCWT0416formP4num3_740nm_3037mW_u1_poc0p2_20x0p75NA_457s50_g70_z1_256pix_basicFLIM_90f_0002.sdt,20260429_KPC_fixed_dishes_on_SLIM,20260429,form,KPCWT,4,2,457,48:21.8,,
4_KPCWT0416formP4num3_740nm_3037mW_u1_poc0p2_20x0p75NA_535s50_g70_z1_256pix_basicFLIM_90f_0002.sdt,20260429_KPC_fixed_dishes_on_SLIM,20260429,form,KPCWT,4,2,535,08:57.8,,
4_KPCWT0416formP4num3_740nm_3037mW_u1_poc0p2_20x0p75NA_457s50_g70_z1_256pix_basicFLIM_90f_0003.sdt,20260429_KPC_fixed_dishes_on_SLIM,20260429,form,KPCWT,4,3,457,49:13.4,,
4_KPCWT0416formP4num3_740nm_3037mW_u1_poc0p2_20x0p75NA_535s50_g70_z1_256pix_basicFLIM_90f_0003.sdt,20260429_KPC_fixed_dishes_on_SLIM,20260429,form,KPCWT,4,3,535,09:49.2,,
4_KPCWT0416formP4num3_740nm_3037mW_u1_poc0p2_20x0p75NA_457s50_g70_z1_256pix_basicFLIM_90f_0004.sdt,20260429_KPC_fixed_dishes_on_SLIM,20260429,form,KPCWT,4,4,457,50:05.4,,
4_KPCWT0416formP4num3_740nm_3037mW_u1_poc0p2_20x0p75NA_535s50_g70_z1_256pix_basicFLIM_90f_0004.sdt,20260429_KPC_fixed_dishes_on_SLIM,20260429,form,KPCWT,4,4,535,10:41.3,,
4_KPCWT0416formP4num3_740nm_3037mW_u1_poc0p2_20x0p75NA_457s50_g70_z1_256pix_basicFLIM_90f_0005.sdt,20260429_KPC_fixed_dishes_on_SLIM,20260429,form,KPCWT,4,5,457,50:57.2,,
4_KPCWT0416formP4num3_740nm_3037mW_u1_poc0p2_20x0p75NA_535s50_g70_z1_256pix_basicFLIM_90f_0005.sdt,20260429_KPC_fixed_dishes_on_SLIM,20260429,form,KPCWT,4,5,535,11:33.1,,
4_KPCWT0416formP4num3_740nm_3037mW_u1_poc0p2_20x0p75NA_457s50_g70_z1_256pix_basicFLIM_90f_0006.sdt,20260429_KPC_fixed_dishes_on_SLIM,20260429,form,KPCWT,4,6,457,51:48.9,,
4_KPCWT0416formP4num3_740nm_3037mW_u1_poc0p2_20x0p75NA_535s50_g70_z1_256pix_basicFLIM_90f_0006.sdt,20260429_KPC_fixed_dishes_on_SLIM,20260429,form,KPCWT,4,6,535,12:24.8,,
4_KPCWT0416formP4num3_740nm_3037mW_u1_poc0p2_20x0p75NA_457s50_g70_z1_256pix_basicFLIM_90f_0007.sdt,20260429_KPC_fixed_dishes_on_SLIM,20260429,form,KPCWT,4,7,457,52:40.7,,
4_KPCWT0416formP4num3_740nm_3037mW_u1_poc0p2_20x0p75NA_535s50_g70_z1_256pix_basicFLIM_90f_0007.sdt,20260429_KPC_fixed_dishes_on_SLIM,20260429,form,KPCWT,4,7,535,13:16.4,,
4_KPCWT0416formP4num3_740nm_3037mW_u1_poc0p2_20x0p75NA_457s50_g70_z1_256pix_basicFLIM_90f_0008.sdt,20260429_KPC_fixed_dishes_on_SLIM,20260429,form,KPCWT,4,8,457,53:32.6,,
4_KPCWT0416formP4num3_740nm_3037mW_u1_poc0p2_20x0p75NA_535s50_g70_z1_256pix_basicFLIM_90f_0008.sdt,20260429_KPC_fixed_dishes_on_SLIM,20260429,form,KPCWT,4,8,535,14:08.4,,
4_KPCWT0416formP4num3_740nm_3037mW_u1_poc0p2_20x0p75NA_457s50_g70_z1_256pix_basicFLIM_90f_0009.sdt,20260429_KPC_fixed_dishes_on_SLIM,20260429,form,KPCWT,4,9,457,54:24.1,,
4_KPCWT0416formP4num3_740nm_3037mW_u1_poc0p2_20x0p75NA_535s50_g70_z1_256pix_basicFLIM_90f_0009.sdt,20260429_KPC_fixed_dishes_on_SLIM,20260429,form,KPCWT,4,9,535,14:59.8,,
3_KPCWT0430glu10min_740nm_3024mW_u1_poc0p15_20x0p75NA_457s50_g70_z1_256pix_basicFLIM_90f_0000.sdt,20260501_KPC_fixed_dishes_on_SLIM,20260501,glu,KPCWT,3,0,457,35:05.3,,
3_KPCWT0430glu10min_740nm_3024mW_u1_poc0p15_20x0p75NA_457s50_g70_z1_256pix_basicFLIM_90f_0000.sdt,20260501_KPC_fixed_dishes_on_SLIM,20260501,glu,KPCWT,3,0,457,35:05.3,,
3_KPCWT0430glu10min_740nm_3024mW_u1_poc0p15_20x0p75NA_457s50_g70_z1_256pix_basicFLIM_90f_0000.sdt,20260501_KPC_fixed_dishes_on_SLIM,20260501,glu,KPCWT,3,0,457,35:05.3,,
3_KPCWT0430glu10min_740nm_3024mW_u1_poc0p15_20x0p75NA_457s50_g70_z1_256pix_basicFLIM_90f_0000.sdt,20260501_KPC_fixed_dishes_on_SLIM,20260501,glu,KPCWT,3,0,457,35:05.3,,
3_KPCWT0430glu10min_740nm_3024mW_u1_poc0p15_20x0p75NA_457s50_g70_z1_256pix_basicFLIM_90f_0000.sdt,20260501_KPC_fixed_dishes_on_SLIM,20260501,glu,KPCWT,3,0,457,35:05.3,,
3_KPCWT0430glu10min_740nm_3024mW_u1_poc0p15_20x0p75NA_457s50_g70_z1_256pix_basicFLIM_90f_0000.sdt,20260501_KPC_fixed_dishes_on_SLIM,20260501,glu,KPCWT,3,0,457,35:05.3,,
3_KPCWT0430glu10min_740nm_3024mW_u1_poc0p15_20x0p75NA_457s50_g70_z1_256pix_basicFLIM_90f_0000.sdt,20260501_KPC_fixed_dishes_on_SLIM,20260501,glu,KPCWT,3,0,457,35:05.3,,
3_KPCWT0430glu10min_740nm_3024mW_u1_poc0p15_20x0p75NA_457s50_g70_z1_256pix_basicFLIM_90f_0000.sdt,20260501_KPC_fixed_dishes_on_SLIM,20260501,glu,KPCWT,3,0,457,35:05.3,,
3_KPCWT0430glu10min_740nm_3024mW_u1_poc0p2_20x0p75NA_457s50_g70_z1_256pix_basicFLIM_120f_0000.sdt,20260501_KPC_fixed_dishes_on_SLIM,20260501,glu,KPCWT,3,0,457,36:55.0,,
3_KPCWT0430glu10min_740nm_3024mW_u1_poc0p2_20x0p75NA_457s50_g70_z1_256pix_basicFLIM_120f_0000.sdt,20260501_KPC_fixed_dishes_on_SLIM,20260501,glu,KPCWT,3,0,457,36:55.0,,
3_KPCWT0430glu10min_740nm_3024mW_u1_poc0p2_20x0p75NA_457s50_g70_z1_256pix_basicFLIM_120f_0000.sdt,20260501_KPC_fixed_dishes_on_SLIM,20260501,glu,KPCWT,3,0,457,36:55.0,,
3_KPCWT0430glu10min_740nm_3024mW_u1_poc0p2_20x0p75NA_457s50_g70_z1_256pix_basicFLIM_120f_0000.sdt,20260501_KPC_fixed_dishes_on_SLIM,20260501,glu,KPCWT,3,0,457,36:55.0,,
3_KPCWT0430glu10min_740nm_3024mW_u1_poc0p2_20x0p75NA_457s50_g70_z1_256pix_basicFLIM_120f_0000.sdt,20260501_KPC_fixed_dishes_on_SLIM,20260501,glu,KPCWT,3,0,457,36:55.0,,
3_KPCWT0430glu10min_740nm_3024mW_u1_poc0p2_20x0p75NA_457s50_g70_z1_256pix_basicFLIM_120f_0000.sdt,20260501_KPC_fixed_dishes_on_SLIM,20260501,glu,KPCWT,3,0,457,36:55.0,,
3_KPCWT0430glu10min_740nm_3024mW_u1_poc0p2_20x0p75NA_457s50_g70_z1_256pix_basicFLIM_120f_0000.sdt,20260501_KPC_fixed_dishes_on_SLIM,20260501,glu,KPCWT,3,0,457,36:55.0,,
3_KPCWT0430glu10min_740nm_3024mW_u1_poc0p2_20x0p75NA_457s50_g70_z1_256pix_basicFLIM_120f_0000.sdt,20260501_KPC_fixed_dishes_on_SLIM,20260501,glu,KPCWT,3,0,457,36:55.0,,
3_KPCWT0430glu10min_740nm_3024mW_u1_poc0p2_20x0p75NA_535s50_g70_z1_256pix_basicFLIM_120f_0000.sdt,20260501_KPC_fixed_dishes_on_SLIM,20260501,glu,KPCWT,3,0,535,49:30.0,,
3_KPCWT0430glu10min_740nm_3024mW_u1_poc0p2_20x0p75NA_535s50_g70_z1_256pix_basicFLIM_120f_0000.sdt,20260501_KPC_fixed_dishes_on_SLIM,20260501,glu,KPCWT,3,0,535,49:30.0,,
3_KPCWT0430glu10min_740nm_3024mW_u1_poc0p2_20x0p75NA_535s50_g70_z1_256pix_basicFLIM_120f_0000.sdt,20260501_KPC_fixed_dishes_on_SLIM,20260501,glu,KPCWT,3,0,535,49:30.0,,
3_KPCWT0430glu10min_740nm_3024mW_u1_poc0p2_20x0p75NA_535s50_g70_z1_256pix_basicFLIM_120f_0000.sdt,20260501_KPC_fixed_dishes_on_SLIM,20260501,glu,KPCWT,3,0,535,49:30.0,,
3_KPCWT0430glu10min_740nm_3024mW_u1_poc0p2_20x0p75NA_535s50_g70_z1_256pix_basicFLIM_120f_0000.sdt,20260501_KPC_fixed_dishes_on_SLIM,20260501,glu,KPCWT,3,0,535,49:30.0,,
3_KPCWT0430glu10min_740nm_3024mW_u1_poc0p2_20x0p75NA_535s50_g70_z1_256pix_basicFLIM_120f_0000.sdt,20260501_KPC_fixed_dishes_on_SLIM,20260501,glu,KPCWT,3,0,535,49:30.0,,
3_KPCWT0430glu10min_740nm_3024mW_u1_poc0p2_20x0p75NA_535s50_g70_z1_256pix_basicFLIM_120f_0000.sdt,20260501_KPC_fixed_dishes_on_SLIM,20260501,glu,KPCWT,3,0,535,49:30.0,,
3_KPCWT0430glu10min_740nm_3024mW_u1_poc0p2_20x0p75NA_535s50_g70_z1_256pix_basicFLIM_120f_0000.sdt,20260501_KPC_fixed_dishes_on_SLIM,20260501,glu,KPCWT,3,0,535,49:30.0,,
3_KPCWT0430glu10min_740nm_3024mW_u1_poc0p2_20x0p75NA_457s50_g70_z1_256pix_basicFLIM_120f_0001.sdt,20260501_KPC_fixed_dishes_on_SLIM,20260501,glu,KPCWT,3,1,457,38:03.1,,
3_KPCWT0430glu10min_740nm_3024mW_u1_poc0p2_20x0p75NA_457s50_g70_z1_256pix_basicFLIM_120f_0001.sdt,20260501_KPC_fixed_dishes_on_SLIM,20260501,glu,KPCWT,3,1,457,38:03.1,,
3_KPCWT0430glu10min_740nm_3024mW_u1_poc0p2_20x0p75NA_457s50_g70_z1_256pix_basicFLIM_120f_0001.sdt,20260501_KPC_fixed_dishes_on_SLIM,20260501,glu,KPCWT,3,1,457,38:03.1,,
3_KPCWT0430glu10min_740nm_3024mW_u1_poc0p2_20x0p75NA_457s50_g70_z1_256pix_basicFLIM_120f_0001.sdt,20260501_KPC_fixed_dishes_on_SLIM,20260501,glu,KPCWT,3,1,457,38:03.1,,
3_KPCWT0430glu10min_740nm_3024mW_u1_poc0p2_20x0p75NA_457s50_g70_z1_256pix_basicFLIM_120f_0001.sdt,20260501_KPC_fixed_dishes_on_SLIM,20260501,glu,KPCWT,3,1,457,38:03.1,,
3_KPCWT0430glu10min_740nm_3024mW_u1_poc0p2_20x0p75NA_457s50_g70_z1_256pix_basicFLIM_120f_0001.sdt,20260501_KPC_fixed_dishes_on_SLIM,20260501,glu,KPCWT,3,1,457,38:03.1,,
3_KPCWT0430glu10min_740nm_3024mW_u1_poc0p2_20x0p75NA_457s50_g70_z1_256pix_basicFLIM_120f_0001.sdt,20260501_KPC_fixed_dishes_on_SLIM,20260501,glu,KPCWT,3,1,457,38:03.1,,
3_KPCWT0430glu10min_740nm_3024mW_u1_poc0p2_20x0p75NA_457s50_g70_z1_256pix_basicFLIM_120f_0001.sdt,20260501_KPC_fixed_dishes_on_SLIM,20260501,glu,KPCWT,3,1,457,38:03.1,,
3_KPCWT0430glu10min_740nm_3024mW_u1_poc0p2_20x0p75NA_535s50_g70_z1_256pix_basicFLIM_120f_0001.sdt,20260501_KPC_fixed_dishes_on_SLIM,20260501,glu,KPCWT,3,1,535,50:38.4,,
3_KPCWT0430glu10min_740nm_3024mW_u1_poc0p2_20x0p75NA_535s50_g70_z1_256pix_basicFLIM_120f_0001.sdt,20260501_KPC_fixed_dishes_on_SLIM,20260501,glu,KPCWT,3,1,535,50:38.4,,
3_KPCWT0430glu10min_740nm_3024mW_u1_poc0p2_20x0p75NA_535s50_g70_z1_256pix_basicFLIM_120f_0001.sdt,20260501_KPC_fixed_dishes_on_SLIM,20260501,glu,KPCWT,3,1,535,50:38.4,,
3_KPCWT0430glu10min_740nm_3024mW_u1_poc0p2_20x0p75NA_535s50_g70_z1_256pix_basicFLIM_120f_0001.sdt,20260501_KPC_fixed_dishes_on_SLIM,20260501,glu,KPCWT,3,1,535,50:38.4,,
3_KPCWT0430glu10min_740nm_3024mW_u1_poc0p2_20x0p75NA_535s50_g70_z1_256pix_basicFLIM_120f_0001.sdt,20260501_KPC_fixed_dishes_on_SLIM,20260501,glu,KPCWT,3,1,535,50:38.4,,
3_KPCWT0430glu10min_740nm_3024mW_u1_poc0p2_20x0p75NA_535s50_g70_z1_256pix_basicFLIM_120f_0001.sdt,20260501_KPC_fixed_dishes_on_SLIM,20260501,glu,KPCWT,3,1,535,50:38.4,,
3_KPCWT0430glu10min_740nm_3024mW_u1_poc0p2_20x0p75NA_535s50_g70_z1_256pix_basicFLIM_120f_0001.sdt,20260501_KPC_fixed_dishes_on_SLIM,20260501,glu,KPCWT,3,1,535,50:38.4,,
3_KPCWT0430glu10min_740nm_3024mW_u1_poc0p2_20x0p75NA_535s50_g70_z1_256pix_basicFLIM_120f_0001.sdt,20260501_KPC_fixed_dishes_on_SLIM,20260501,glu,KPCWT,3,1,535,50:38.4,,
3_KPCWT0430glu10min_740nm_3024mW_u1_poc0p2_20x0p75NA_457s50_g70_z1_256pix_basicFLIM_120f_0002.sdt,20260501_KPC_fixed_dishes_on_SLIM,20260501,glu,KPCWT,3,2,457,39:11.5,,
3_KPCWT0430glu10min_740nm_3024mW_u1_poc0p2_20x0p75NA_457s50_g70_z1_256pix_basicFLIM_120f_0002.sdt,20260501_KPC_fixed_dishes_on_SLIM,20260501,glu,KPCWT,3,2,457,39:11.5,,
3_KPCWT0430glu10min_740nm_3024mW_u1_poc0p2_20x0p75NA_457s50_g70_z1_256pix_basicFLIM_120f_0002.sdt,20260501_KPC_fixed_dishes_on_SLIM,20260501,glu,KPCWT,3,2,457,39:11.5,,
3_KPCWT0430glu10min_740nm_3024mW_u1_poc0p2_20x0p75NA_457s50_g70_z1_256pix_basicFLIM_120f_0002.sdt,20260501_KPC_fixed_dishes_on_SLIM,20260501,glu,KPCWT,3,2,457,39:11.5,,
3_KPCWT0430glu10min_740nm_3024mW_u1_poc0p2_20x0p75NA_457s50_g70_z1_256pix_basicFLIM_120f_0002.sdt,20260501_KPC_fixed_dishes_on_SLIM,20260501,glu,KPCWT,3,2,457,39:11.5,,
3_KPCWT0430glu10min_740nm_3024mW_u1_poc0p2_20x0p75NA_457s50_g70_z1_256pix_basicFLIM_120f_0002.sdt,20260501_KPC_fixed_dishes_on_SLIM,20260501,glu,KPCWT,3,2,457,39:11.5,,
3_KPCWT0430glu10min_740nm_3024mW_u1_poc0p2_20x0p75NA_457s50_g70_z1_256pix_basicFLIM_120f_0002.sdt,20260501_KPC_fixed_dishes_on_SLIM,20260501,glu,KPCWT,3,2,457,39:11.5,,
3_KPCWT0430glu10min_740nm_3024mW_u1_poc0p2_20x0p75NA_457s50_g70_z1_256pix_basicFLIM_120f_0002.sdt,20260501_KPC_fixed_dishes_on_SLIM,20260501,glu,KPCWT,3,2,457,39:11.5,,
3_KPCWT0430glu10min_740nm_3024mW_u1_poc0p2_20x0p75NA_535s50_g70_z1_256pix_basicFLIM_120f_0002.sdt,20260501_KPC_fixed_dishes_on_SLIM,20260501,glu,KPCWT,3,2,535,51:47.0,,
3_KPCWT0430glu10min_740nm_3024mW_u1_poc0p2_20x0p75NA_535s50_g70_z1_256pix_basicFLIM_120f_0002.sdt,20260501_KPC_fixed_dishes_on_SLIM,20260501,glu,KPCWT,3,2,535,51:47.0,,
3_KPCWT0430glu10min_740nm_3024mW_u1_poc0p2_20x0p75NA_535s50_g70_z1_256pix_basicFLIM_120f_0002.sdt,20260501_KPC_fixed_dishes_on_SLIM,20260501,glu,KPCWT,3,2,535,51:47.0,,
3_KPCWT0430glu10min_740nm_3024mW_u1_poc0p2_20x0p75NA_535s50_g70_z1_256pix_basicFLIM_120f_0002.sdt,20260501_KPC_fixed_dishes_on_SLIM,20260501,glu,KPCWT,3,2,535,51:47.0,,
3_KPCWT0430glu10min_740nm_3024mW_u1_poc0p2_20x0p75NA_535s50_g70_z1_256pix_basicFLIM_120f_0002.sdt,20260501_KPC_fixed_dishes_on_SLIM,20260501,glu,KPCWT,3,2,535,51:47.0,,
3_KPCWT0430glu10min_740nm_3024mW_u1_poc0p2_20x0p75NA_535s50_g70_z1_256pix_basicFLIM_120f_0002.sdt,20260501_KPC_fixed_dishes_on_SLIM,20260501,glu,KPCWT,3,2,535,51:47.0,,
3_KPCWT0430glu10min_740nm_3024mW_u1_poc0p2_20x0p75NA_535s50_g70_z1_256pix_basicFLIM_120f_0002.sdt,20260501_KPC_fixed_dishes_on_SLIM,20260501,glu,KPCWT,3,2,535,51:47.0,,
3_KPCWT0430glu10min_740nm_3024mW_u1_poc0p2_20x0p75NA_535s50_g70_z1_256pix_basicFLIM_120f_0002.sdt,20260501_KPC_fixed_dishes_on_SLIM,20260501,glu,KPCWT,3,2,535,51:47.0,,
3_KPCWT0430glu10min_740nm_3024mW_u1_poc0p2_20x0p75NA_457s50_g70_z1_256pix_basicFLIM_120f_0003.sdt,20260501_KPC_fixed_dishes_on_SLIM,20260501,glu,KPCWT,3,3,457,40:20.2,,
3_KPCWT0430glu10min_740nm_3024mW_u1_poc0p2_20x0p75NA_457s50_g70_z1_256pix_basicFLIM_120f_0003.sdt,20260501_KPC_fixed_dishes_on_SLIM,20260501,glu,KPCWT,3,3,457,40:20.2,,
3_KPCWT0430glu10min_740nm_3024mW_u1_poc0p2_20x0p75NA_457s50_g70_z1_256pix_basicFLIM_120f_0003.sdt,20260501_KPC_fixed_dishes_on_SLIM,20260501,glu,KPCWT,3,3,457,40:20.2,,
3_KPCWT0430glu10min_740nm_3024mW_u1_poc0p2_20x0p75NA_457s50_g70_z1_256pix_basicFLIM_120f_0003.sdt,20260501_KPC_fixed_dishes_on_SLIM,20260501,glu,KPCWT,3,3,457,40:20.2,,
3_KPCWT0430glu10min_740nm_3024mW_u1_poc0p2_20x0p75NA_457s50_g70_z1_256pix_basicFLIM_120f_0003.sdt,20260501_KPC_fixed_dishes_on_SLIM,20260501,glu,KPCWT,3,3,457,40:20.2,,
3_KPCWT0430glu10min_740nm_3024mW_u1_poc0p2_20x0p75NA_457s50_g70_z1_256pix_basicFLIM_120f_0003.sdt,20260501_KPC_fixed_dishes_on_SLIM,20260501,glu,KPCWT,3,3,457,40:20.2,,
3_KPCWT0430glu10min_740nm_3024mW_u1_poc0p2_20x0p75NA_457s50_g70_z1_256pix_basicFLIM_120f_0003.sdt,20260501_KPC_fixed_dishes_on_SLIM,20260501,glu,KPCWT,3,3,457,40:20.2,,
3_KPCWT0430glu10min_740nm_3024mW_u1_poc0p2_20x0p75NA_457s50_g70_z1_256pix_basicFLIM_120f_0003.sdt,20260501_KPC_fixed_dishes_on_SLIM,20260501,glu,KPCWT,3,3,457,40:20.2,,
3_KPCWT0430glu10min_740nm_3024mW_u1_poc0p2_20x0p75NA_535s50_g70_z1_256pix_basicFLIM_120f_0003.sdt,20260501_KPC_fixed_dishes_on_SLIM,20260501,glu,KPCWT,3,3,535,52:55.7,,
3_KPCWT0430glu10min_740nm_3024mW_u1_poc0p2_20x0p75NA_535s50_g70_z1_256pix_basicFLIM_120f_0003.sdt,20260501_KPC_fixed_dishes_on_SLIM,20260501,glu,KPCWT,3,3,535,52:55.7,,
3_KPCWT0430glu10min_740nm_3024mW_u1_poc0p2_20x0p75NA_535s50_g70_z1_256pix_basicFLIM_120f_0003.sdt,20260501_KPC_fixed_dishes_on_SLIM,20260501,glu,KPCWT,3,3,535,52:55.7,,
3_KPCWT0430glu10min_740nm_3024mW_u1_poc0p2_20x0p75NA_535s50_g70_z1_256pix_basicFLIM_120f_0003.sdt,20260501_KPC_fixed_dishes_on_SLIM,20260501,glu,KPCWT,3,3,535,52:55.7,,
3_KPCWT0430glu10min_740nm_3024mW_u1_poc0p2_20x0p75NA_535s50_g70_z1_256pix_basicFLIM_120f_0003.sdt,20260501_KPC_fixed_dishes_on_SLIM,20260501,glu,KPCWT,3,3,535,52:55.7,,
3_KPCWT0430glu10min_740nm_3024mW_u1_poc0p2_20x0p75NA_535s50_g70_z1_256pix_basicFLIM_120f_0003.sdt,20260501_KPC_fixed_dishes_on_SLIM,20260501,glu,KPCWT,3,3,535,52:55.7,,
3_KPCWT0430glu10min_740nm_3024mW_u1_poc0p2_20x0p75NA_535s50_g70_z1_256pix_basicFLIM_120f_0003.sdt,20260501_KPC_fixed_dishes_on_SLIM,20260501,glu,KPCWT,3,3,535,52:55.7,,
3_KPCWT0430glu10min_740nm_3024mW_u1_poc0p2_20x0p75NA_535s50_g70_z1_256pix_basicFLIM_120f_0003.sdt,20260501_KPC_fixed_dishes_on_SLIM,20260501,glu,KPCWT,3,3,535,52:55.7,,
3_KPCWT0430glu10min_740nm_3024mW_u1_poc0p2_20x0p75NA_457s50_g70_z1_256pix_basicFLIM_120f_0004.sdt,20260501_KPC_fixed_dishes_on_SLIM,20260501,glu,KPCWT,3,4,457,41:28.6,,
3_KPCWT0430glu10min_740nm_3024mW_u1_poc0p2_20x0p75NA_457s50_g70_z1_256pix_basicFLIM_120f_0004.sdt,20260501_KPC_fixed_dishes_on_SLIM,20260501,glu,KPCWT,3,4,457,41:28.6,,
3_KPCWT0430glu10min_740nm_3024mW_u1_poc0p2_20x0p75NA_457s50_g70_z1_256pix_basicFLIM_120f_0004.sdt,20260501_KPC_fixed_dishes_on_SLIM,20260501,glu,KPCWT,3,4,457,41:28.6,,
3_KPCWT0430glu10min_740nm_3024mW_u1_poc0p2_20x0p75NA_457s50_g70_z1_256pix_basicFLIM_120f_0004.sdt,20260501_KPC_fixed_dishes_on_SLIM,20260501,glu,KPCWT,3,4,457,41:28.6,,
3_KPCWT0430glu10min_740nm_3024mW_u1_poc0p2_20x0p75NA_457s50_g70_z1_256pix_basicFLIM_120f_0004.sdt,20260501_KPC_fixed_dishes_on_SLIM,20260501,glu,KPCWT,3,4,457,41:28.6,,
3_KPCWT0430glu10min_740nm_3024mW_u1_poc0p2_20x0p75NA_457s50_g70_z1_256pix_basicFLIM_120f_0004.sdt,20260501_KPC_fixed_dishes_on_SLIM,20260501,glu,KPCWT,3,4,457,41:28.6,,
3_KPCWT0430glu10min_740nm_3024mW_u1_poc0p2_20x0p75NA_457s50_g70_z1_256pix_basicFLIM_120f_0004.sdt,20260501_KPC_fixed_dishes_on_SLIM,20260501,glu,KPCWT,3,4,457,41:28.6,,
3_KPCWT0430glu10min_740nm_3024mW_u1_poc0p2_20x0p75NA_457s50_g70_z1_256pix_basicFLIM_120f_0004.sdt,20260501_KPC_fixed_dishes_on_SLIM,20260501,glu,KPCWT,3,4,457,41:28.6,,
3_KPCWT0430glu10min_740nm_3024mW_u1_poc0p2_20x0p75NA_535s50_g70_z1_256pix_basicFLIM_120f_0004.sdt,20260501_KPC_fixed_dishes_on_SLIM,20260501,glu,KPCWT,3,4,535,54:04.6,,
3_KPCWT0430glu10min_740nm_3024mW_u1_poc0p2_20x0p75NA_535s50_g70_z1_256pix_basicFLIM_120f_0004.sdt,20260501_KPC_fixed_dishes_on_SLIM,20260501,glu,KPCWT,3,4,535,54:04.6,,
3_KPCWT0430glu10min_740nm_3024mW_u1_poc0p2_20x0p75NA_535s50_g70_z1_256pix_basicFLIM_120f_0004.sdt,20260501_KPC_fixed_dishes_on_SLIM,20260501,glu,KPCWT,3,4,535,54:04.6,,
3_KPCWT0430glu10min_740nm_3024mW_u1_poc0p2_20x0p75NA_535s50_g70_z1_256pix_basicFLIM_120f_0004.sdt,20260501_KPC_fixed_dishes_on_SLIM,20260501,glu,KPCWT,3,4,535,54:04.6,,
3_KPCWT0430glu10min_740nm_3024mW_u1_poc0p2_20x0p75NA_535s50_g70_z1_256pix_basicFLIM_120f_0004.sdt,20260501_KPC_fixed_dishes_on_SLIM,20260501,glu,KPCWT,3,4,535,54:04.6,,
3_KPCWT0430glu10min_740nm_3024mW_u1_poc0p2_20x0p75NA_535s50_g70_z1_256pix_basicFLIM_120f_0004.sdt,20260501_KPC_fixed_dishes_on_SLIM,20260501,glu,KPCWT,3,4,535,54:04.6,,
3_KPCWT0430glu10min_740nm_3024mW_u1_poc0p2_20x0p75NA_535s50_g70_z1_256pix_basicFLIM_120f_0004.sdt,20260501_KPC_fixed_dishes_on_SLIM,20260501,glu,KPCWT,3,4,535,54:04.6,,
3_KPCWT0430glu10min_740nm_3024mW_u1_poc0p2_20x0p75NA_535s50_g70_z1_256pix_basicFLIM_120f_0004.sdt,20260501_KPC_fixed_dishes_on_SLIM,20260501,glu,KPCWT,3,4,535,54:04.6,,
3_KPCWT0430glu10min_740nm_3024mW_u1_poc0p2_20x0p75NA_457s50_g70_z1_256pix_basicFLIM_120f_0005.sdt,20260501_KPC_fixed_dishes_on_SLIM,20260501,glu,KPCWT,3,5,457,42:37.3,,
3_KPCWT0430glu10min_740nm_3024mW_u1_poc0p2_20x0p75NA_457s50_g70_z1_256pix_basicFLIM_120f_0005.sdt,20260501_KPC_fixed_dishes_on_SLIM,20260501,glu,KPCWT,3,5,457,42:37.3,,
3_KPCWT0430glu10min_740nm_3024mW_u1_poc0p2_20x0p75NA_457s50_g70_z1_256pix_basicFLIM_120f_0005.sdt,20260501_KPC_fixed_dishes_on_SLIM,20260501,glu,KPCWT,3,5,457,42:37.3,,
3_KPCWT0430glu10min_740nm_3024mW_u1_poc0p2_20x0p75NA_457s50_g70_z1_256pix_basicFLIM_120f_0005.sdt,20260501_KPC_fixed_dishes_on_SLIM,20260501,glu,KPCWT,3,5,457,42:37.3,,
3_KPCWT0430glu10min_740nm_3024mW_u1_poc0p2_20x0p75NA_457s50_g70_z1_256pix_basicFLIM_120f_0005.sdt,20260501_KPC_fixed_dishes_on_SLIM,20260501,glu,KPCWT,3,5,457,42:37.3,,
3_KPCWT0430glu10min_740nm_3024mW_u1_poc0p2_20x0p75NA_457s50_g70_z1_256pix_basicFLIM_120f_0005.sdt,20260501_KPC_fixed_dishes_on_SLIM,20260501,glu,KPCWT,3,5,457,42:37.3,,
3_KPCWT0430glu10min_740nm_3024mW_u1_poc0p2_20x0p75NA_457s50_g70_z1_256pix_basicFLIM_120f_0005.sdt,20260501_KPC_fixed_dishes_on_SLIM,20260501,glu,KPCWT,3,5,457,42:37.3,,
3_KPCWT0430glu10min_740nm_3024mW_u1_poc0p2_20x0p75NA_457s50_g70_z1_256pix_basicFLIM_120f_0005.sdt,20260501_KPC_fixed_dishes_on_SLIM,20260501,glu,KPCWT,3,5,457,42:37.3,,
3_KPCWT0430glu10min_740nm_3024mW_u1_poc0p2_20x0p75NA_535s50_g70_z1_256pix_basicFLIM_120f_0005.sdt,20260501_KPC_fixed_dishes_on_SLIM,20260501,glu,KPCWT,3,5,535,55:13.7,,
3_KPCWT0430glu10min_740nm_3024mW_u1_poc0p2_20x0p75NA_535s50_g70_z1_256pix_basicFLIM_120f_0005.sdt,20260501_KPC_fixed_dishes_on_SLIM,20260501,glu,KPCWT,3,5,535,55:13.7,,
3_KPCWT0430glu10min_740nm_3024mW_u1_poc0p2_20x0p75NA_535s50_g70_z1_256pix_basicFLIM_120f_0005.sdt,20260501_KPC_fixed_dishes_on_SLIM,20260501,glu,KPCWT,3,5,535,55:13.7,,
3_KPCWT0430glu10min_740nm_3024mW_u1_poc0p2_20x0p75NA_535s50_g70_z1_256pix_basicFLIM_120f_0005.sdt,20260501_KPC_fixed_dishes_on_SLIM,20260501,glu,KPCWT,3,5,535,55:13.7,,
3_KPCWT0430glu10min_740nm_3024mW_u1_poc0p2_20x0p75NA_535s50_g70_z1_256pix_basicFLIM_120f_0005.sdt,20260501_KPC_fixed_dishes_on_SLIM,20260501,glu,KPCWT,3,5,535,55:13.7,,
3_KPCWT0430glu10min_740nm_3024mW_u1_poc0p2_20x0p75NA_535s50_g70_z1_256pix_basicFLIM_120f_0005.sdt,20260501_KPC_fixed_dishes_on_SLIM,20260501,glu,KPCWT,3,5,535,55:13.7,,
3_KPCWT0430glu10min_740nm_3024mW_u1_poc0p2_20x0p75NA_535s50_g70_z1_256pix_basicFLIM_120f_0005.sdt,20260501_KPC_fixed_dishes_on_SLIM,20260501,glu,KPCWT,3,5,535,55:13.7,,
3_KPCWT0430glu10min_740nm_3024mW_u1_poc0p2_20x0p75NA_535s50_g70_z1_256pix_basicFLIM_120f_0005.sdt,20260501_KPC_fixed_dishes_on_SLIM,20260501,glu,KPCWT,3,5,535,55:13.7,,
3_KPCWT0430glu10min_740nm_3024mW_u1_poc0p2_20x0p75NA_457s50_g70_z1_256pix_basicFLIM_120f_0006.sdt,20260501_KPC_fixed_dishes_on_SLIM,20260501,glu,KPCWT,3,6,457,43:46.0,,
3_KPCWT0430glu10min_740nm_3024mW_u1_poc0p2_20x0p75NA_457s50_g70_z1_256pix_basicFLIM_120f_0006.sdt,20260501_KPC_fixed_dishes_on_SLIM,20260501,glu,KPCWT,3,6,457,43:46.0,,
3_KPCWT0430glu10min_740nm_3024mW_u1_poc0p2_20x0p75NA_457s50_g70_z1_256pix_basicFLIM_120f_0006.sdt,20260501_KPC_fixed_dishes_on_SLIM,20260501,glu,KPCWT,3,6,457,43:46.0,,
3_KPCWT0430glu10min_740nm_3024mW_u1_poc0p2_20x0p75NA_457s50_g70_z1_256pix_basicFLIM_120f_0006.sdt,20260501_KPC_fixed_dishes_on_SLIM,20260501,glu,KPCWT,3,6,457,43:46.0,,
3_KPCWT0430glu10min_740nm_3024mW_u1_poc0p2_20x0p75NA_457s50_g70_z1_256pix_basicFLIM_120f_0006.sdt,20260501_KPC_fixed_dishes_on_SLIM,20260501,glu,KPCWT,3,6,457,43:46.0,,
3_KPCWT0430glu10min_740nm_3024mW_u1_poc0p2_20x0p75NA_457s50_g70_z1_256pix_basicFLIM_120f_0006.sdt,20260501_KPC_fixed_dishes_on_SLIM,20260501,glu,KPCWT,3,6,457,43:46.0,,
3_KPCWT0430glu10min_740nm_3024mW_u1_poc0p2_20x0p75NA_457s50_g70_z1_256pix_basicFLIM_120f_0006.sdt,20260501_KPC_fixed_dishes_on_SLIM,20260501,glu,KPCWT,3,6,457,43:46.0,,
3_KPCWT0430glu10min_740nm_3024mW_u1_poc0p2_20x0p75NA_457s50_g70_z1_256pix_basicFLIM_120f_0006.sdt,20260501_KPC_fixed_dishes_on_SLIM,20260501,glu,KPCWT,3,6,457,43:46.0,,
3_KPCWT0430glu10min_740nm_3024mW_u1_poc0p2_20x0p75NA_535s50_g70_z1_256pix_basicFLIM_120f_0006.sdt,20260501_KPC_fixed_dishes_on_SLIM,20260501,glu,KPCWT,3,6,535,56:22.6,,
3_KPCWT0430glu10min_740nm_3024mW_u1_poc0p2_20x0p75NA_535s50_g70_z1_256pix_basicFLIM_120f_0006.sdt,20260501_KPC_fixed_dishes_on_SLIM,20260501,glu,KPCWT,3,6,535,56:22.6,,
3_KPCWT0430glu10min_740nm_3024mW_u1_poc0p2_20x0p75NA_535s50_g70_z1_256pix_basicFLIM_120f_0006.sdt,20260501_KPC_fixed_dishes_on_SLIM,20260501,glu,KPCWT,3,6,535,56:22.6,,
3_KPCWT0430glu10min_740nm_3024mW_u1_poc0p2_20x0p75NA_535s50_g70_z1_256pix_basicFLIM_120f_0006.sdt,20260501_KPC_fixed_dishes_on_SLIM,20260501,glu,KPCWT,3,6,535,56:22.6,,
3_KPCWT0430glu10min_740nm_3024mW_u1_poc0p2_20x0p75NA_535s50_g70_z1_256pix_basicFLIM_120f_0006.sdt,20260501_KPC_fixed_dishes_on_SLIM,20260501,glu,KPCWT,3,6,535,56:22.6,,
3_KPCWT0430glu10min_740nm_3024mW_u1_poc0p2_20x0p75NA_535s50_g70_z1_256pix_basicFLIM_120f_0006.sdt,20260501_KPC_fixed_dishes_on_SLIM,20260501,glu,KPCWT,3,6,535,56:22.6,,
3_KPCWT0430glu10min_740nm_3024mW_u1_poc0p2_20x0p75NA_535s50_g70_z1_256pix_basicFLIM_120f_0006.sdt,20260501_KPC_fixed_dishes_on_SLIM,20260501,glu,KPCWT,3,6,535,56:22.6,,
3_KPCWT0430glu10min_740nm_3024mW_u1_poc0p2_20x0p75NA_535s50_g70_z1_256pix_basicFLIM_120f_0006.sdt,20260501_KPC_fixed_dishes_on_SLIM,20260501,glu,KPCWT,3,6,535,56:22.6,,
3_KPCWT0430glu10min_740nm_3024mW_u1_poc0p2_20x0p75NA_457s50_g70_z1_256pix_basicFLIM_120f_0007.sdt,20260501_KPC_fixed_dishes_on_SLIM,20260501,glu,KPCWT,3,7,457,44:56.0,,
3_KPCWT0430glu10min_740nm_3024mW_u1_poc0p2_20x0p75NA_457s50_g70_z1_256pix_basicFLIM_120f_0007.sdt,20260501_KPC_fixed_dishes_on_SLIM,20260501,glu,KPCWT,3,7,457,44:56.0,,
3_KPCWT0430glu10min_740nm_3024mW_u1_poc0p2_20x0p75NA_457s50_g70_z1_256pix_basicFLIM_120f_0007.sdt,20260501_KPC_fixed_dishes_on_SLIM,20260501,glu,KPCWT,3,7,457,44:56.0,,
3_KPCWT0430glu10min_740nm_3024mW_u1_poc0p2_20x0p75NA_457s50_g70_z1_256pix_basicFLIM_120f_0007.sdt,20260501_KPC_fixed_dishes_on_SLIM,20260501,glu,KPCWT,3,7,457,44:56.0,,
3_KPCWT0430glu10min_740nm_3024mW_u1_poc0p2_20x0p75NA_457s50_g70_z1_256pix_basicFLIM_120f_0007.sdt,20260501_KPC_fixed_dishes_on_SLIM,20260501,glu,KPCWT,3,7,457,44:56.0,,
3_KPCWT0430glu10min_740nm_3024mW_u1_poc0p2_20x0p75NA_457s50_g70_z1_256pix_basicFLIM_120f_0007.sdt,20260501_KPC_fixed_dishes_on_SLIM,20260501,glu,KPCWT,3,7,457,44:56.0,,
3_KPCWT0430glu10min_740nm_3024mW_u1_poc0p2_20x0p75NA_457s50_g70_z1_256pix_basicFLIM_120f_0007.sdt,20260501_KPC_fixed_dishes_on_SLIM,20260501,glu,KPCWT,3,7,457,44:56.0,,
3_KPCWT0430glu10min_740nm_3024mW_u1_poc0p2_20x0p75NA_457s50_g70_z1_256pix_basicFLIM_120f_0007.sdt,20260501_KPC_fixed_dishes_on_SLIM,20260501,glu,KPCWT,3,7,457,44:56.0,,
3_KPCWT0430glu10min_740nm_3024mW_u1_poc0p2_20x0p75NA_535s50_g70_z1_256pix_basicFLIM_120f_0007.sdt,20260501_KPC_fixed_dishes_on_SLIM,20260501,glu,KPCWT,3,7,535,57:33.1,,
3_KPCWT0430glu10min_740nm_3024mW_u1_poc0p2_20x0p75NA_535s50_g70_z1_256pix_basicFLIM_120f_0007.sdt,20260501_KPC_fixed_dishes_on_SLIM,20260501,glu,KPCWT,3,7,535,57:33.1,,
3_KPCWT0430glu10min_740nm_3024mW_u1_poc0p2_20x0p75NA_535s50_g70_z1_256pix_basicFLIM_120f_0007.sdt,20260501_KPC_fixed_dishes_on_SLIM,20260501,glu,KPCWT,3,7,535,57:33.1,,
3_KPCWT0430glu10min_740nm_3024mW_u1_poc0p2_20x0p75NA_535s50_g70_z1_256pix_basicFLIM_120f_0007.sdt,20260501_KPC_fixed_dishes_on_SLIM,20260501,glu,KPCWT,3,7,535,57:33.1,,
3_KPCWT0430glu10min_740nm_3024mW_u1_poc0p2_20x0p75NA_535s50_g70_z1_256pix_basicFLIM_120f_0007.sdt,20260501_KPC_fixed_dishes_on_SLIM,20260501,glu,KPCWT,3,7,535,57:33.1,,
3_KPCWT0430glu10min_740nm_3024mW_u1_poc0p2_20x0p75NA_535s50_g70_z1_256pix_basicFLIM_120f_0007.sdt,20260501_KPC_fixed_dishes_on_SLIM,20260501,glu,KPCWT,3,7,535,57:33.1,,
3_KPCWT0430glu10min_740nm_3024mW_u1_poc0p2_20x0p75NA_535s50_g70_z1_256pix_basicFLIM_120f_0007.sdt,20260501_KPC_fixed_dishes_on_SLIM,20260501,glu,KPCWT,3,7,535,57:33.1,,
3_KPCWT0430glu10min_740nm_3024mW_u1_poc0p2_20x0p75NA_535s50_g70_z1_256pix_basicFLIM_120f_0007.sdt,20260501_KPC_fixed_dishes_on_SLIM,20260501,glu,KPCWT,3,7,535,57:33.1,,
3_KPCWT0430glu10min_740nm_3024mW_u1_poc0p2_20x0p75NA_457s50_g70_z1_256pix_basicFLIM_120f_0008.sdt,20260501_KPC_fixed_dishes_on_SLIM,20260501,glu,KPCWT,3,8,457,46:04.5,,
3_KPCWT0430glu10min_740nm_3024mW_u1_poc0p2_20x0p75NA_457s50_g70_z1_256pix_basicFLIM_120f_0008.sdt,20260501_KPC_fixed_dishes_on_SLIM,20260501,glu,KPCWT,3,8,457,46:04.5,,
3_KPCWT0430glu10min_740nm_3024mW_u1_poc0p2_20x0p75NA_457s50_g70_z1_256pix_basicFLIM_120f_0008.sdt,20260501_KPC_fixed_dishes_on_SLIM,20260501,glu,KPCWT,3,8,457,46:04.5,,
3_KPCWT0430glu10min_740nm_3024mW_u1_poc0p2_20x0p75NA_457s50_g70_z1_256pix_basicFLIM_120f_0008.sdt,20260501_KPC_fixed_dishes_on_SLIM,20260501,glu,KPCWT,3,8,457,46:04.5,,
3_KPCWT0430glu10min_740nm_3024mW_u1_poc0p2_20x0p75NA_457s50_g70_z1_256pix_basicFLIM_120f_0008.sdt,20260501_KPC_fixed_dishes_on_SLIM,20260501,glu,KPCWT,3,8,457,46:04.5,,
3_KPCWT0430glu10min_740nm_3024mW_u1_poc0p2_20x0p75NA_457s50_g70_z1_256pix_basicFLIM_120f_0008.sdt,20260501_KPC_fixed_dishes_on_SLIM,20260501,glu,KPCWT,3,8,457,46:04.5,,
3_KPCWT0430glu10min_740nm_3024mW_u1_poc0p2_20x0p75NA_457s50_g70_z1_256pix_basicFLIM_120f_0008.sdt,20260501_KPC_fixed_dishes_on_SLIM,20260501,glu,KPCWT,3,8,457,46:04.5,,
3_KPCWT0430glu10min_740nm_3024mW_u1_poc0p2_20x0p75NA_457s50_g70_z1_256pix_basicFLIM_120f_0008.sdt,20260501_KPC_fixed_dishes_on_SLIM,20260501,glu,KPCWT,3,8,457,46:04.5,,
3_KPCWT0430glu10min_740nm_3024mW_u1_poc0p2_20x0p75NA_535s50_g70_z1_256pix_basicFLIM_120f_0008.sdt,20260501_KPC_fixed_dishes_on_SLIM,20260501,glu,KPCWT,3,8,535,58:41.8,,
3_KPCWT0430glu10min_740nm_3024mW_u1_poc0p2_20x0p75NA_535s50_g70_z1_256pix_basicFLIM_120f_0008.sdt,20260501_KPC_fixed_dishes_on_SLIM,20260501,glu,KPCWT,3,8,535,58:41.8,,
3_KPCWT0430glu10min_740nm_3024mW_u1_poc0p2_20x0p75NA_535s50_g70_z1_256pix_basicFLIM_120f_0008.sdt,20260501_KPC_fixed_dishes_on_SLIM,20260501,glu,KPCWT,3,8,535,58:41.8,,
3_KPCWT0430glu10min_740nm_3024mW_u1_poc0p2_20x0p75NA_535s50_g70_z1_256pix_basicFLIM_120f_0008.sdt,20260501_KPC_fixed_dishes_on_SLIM,20260501,glu,KPCWT,3,8,535,58:41.8,,
3_KPCWT0430glu10min_740nm_3024mW_u1_poc0p2_20x0p75NA_535s50_g70_z1_256pix_basicFLIM_120f_0008.sdt,20260501_KPC_fixed_dishes_on_SLIM,20260501,glu,KPCWT,3,8,535,58:41.8,,
3_KPCWT0430glu10min_740nm_3024mW_u1_poc0p2_20x0p75NA_535s50_g70_z1_256pix_basicFLIM_120f_0008.sdt,20260501_KPC_fixed_dishes_on_SLIM,20260501,glu,KPCWT,3,8,535,58:41.8,,
3_KPCWT0430glu10min_740nm_3024mW_u1_poc0p2_20x0p75NA_535s50_g70_z1_256pix_basicFLIM_120f_0008.sdt,20260501_KPC_fixed_dishes_on_SLIM,20260501,glu,KPCWT,3,8,535,58:41.8,,
3_KPCWT0430glu10min_740nm_3024mW_u1_poc0p2_20x0p75NA_535s50_g70_z1_256pix_basicFLIM_120f_0008.sdt,20260501_KPC_fixed_dishes_on_SLIM,20260501,glu,KPCWT,3,8,535,58:41.8,,
3_KPCWT0430glu10min_740nm_3024mW_u1_poc0p2_20x0p75NA_457s50_g70_z1_256pix_basicFLIM_120f_0009.sdt,20260501_KPC_fixed_dishes_on_SLIM,20260501,glu,KPCWT,3,9,457,47:13.6,,
3_KPCWT0430glu10min_740nm_3024mW_u1_poc0p2_20x0p75NA_457s50_g70_z1_256pix_basicFLIM_120f_0009.sdt,20260501_KPC_fixed_dishes_on_SLIM,20260501,glu,KPCWT,3,9,457,47:13.6,,
3_KPCWT0430glu10min_740nm_3024mW_u1_poc0p2_20x0p75NA_457s50_g70_z1_256pix_basicFLIM_120f_0009.sdt,20260501_KPC_fixed_dishes_on_SLIM,20260501,glu,KPCWT,3,9,457,47:13.6,,
3_KPCWT0430glu10min_740nm_3024mW_u1_poc0p2_20x0p75NA_457s50_g70_z1_256pix_basicFLIM_120f_0009.sdt,20260501_KPC_fixed_dishes_on_SLIM,20260501,glu,KPCWT,3,9,457,47:13.6,,
3_KPCWT0430glu10min_740nm_3024mW_u1_poc0p2_20x0p75NA_457s50_g70_z1_256pix_basicFLIM_120f_0009.sdt,20260501_KPC_fixed_dishes_on_SLIM,20260501,glu,KPCWT,3,9,457,47:13.6,,
3_KPCWT0430glu10min_740nm_3024mW_u1_poc0p2_20x0p75NA_457s50_g70_z1_256pix_basicFLIM_120f_0009.sdt,20260501_KPC_fixed_dishes_on_SLIM,20260501,glu,KPCWT,3,9,457,47:13.6,,
3_KPCWT0430glu10min_740nm_3024mW_u1_poc0p2_20x0p75NA_457s50_g70_z1_256pix_basicFLIM_120f_0009.sdt,20260501_KPC_fixed_dishes_on_SLIM,20260501,glu,KPCWT,3,9,457,47:13.6,,
3_KPCWT0430glu10min_740nm_3024mW_u1_poc0p2_20x0p75NA_457s50_g70_z1_256pix_basicFLIM_120f_0009.sdt,20260501_KPC_fixed_dishes_on_SLIM,20260501,glu,KPCWT,3,9,457,47:13.6,,
3_KPCWT0430glu10min_740nm_3024mW_u1_poc0p2_20x0p75NA_535s50_g70_z1_256pix_basicFLIM_120f_0009.sdt,20260501_KPC_fixed_dishes_on_SLIM,20260501,glu,KPCWT,3,9,535,59:51.2,,
3_KPCWT0430glu10min_740nm_3024mW_u1_poc0p2_20x0p75NA_535s50_g70_z1_256pix_basicFLIM_120f_0009.sdt,20260501_KPC_fixed_dishes_on_SLIM,20260501,glu,KPCWT,3,9,535,59:51.2,,
3_KPCWT0430glu10min_740nm_3024mW_u1_poc0p2_20x0p75NA_535s50_g70_z1_256pix_basicFLIM_120f_0009.sdt,20260501_KPC_fixed_dishes_on_SLIM,20260501,glu,KPCWT,3,9,535,59:51.2,,
3_KPCWT0430glu10min_740nm_3024mW_u1_poc0p2_20x0p75NA_535s50_g70_z1_256pix_basicFLIM_120f_0009.sdt,20260501_KPC_fixed_dishes_on_SLIM,20260501,glu,KPCWT,3,9,535,59:51.2,,
3_KPCWT0430glu10min_740nm_3024mW_u1_poc0p2_20x0p75NA_535s50_g70_z1_256pix_basicFLIM_120f_0009.sdt,20260501_KPC_fixed_dishes_on_SLIM,20260501,glu,KPCWT,3,9,535,59:51.2,,
3_KPCWT0430glu10min_740nm_3024mW_u1_poc0p2_20x0p75NA_535s50_g70_z1_256pix_basicFLIM_120f_0009.sdt,20260501_KPC_fixed_dishes_on_SLIM,20260501,glu,KPCWT,3,9,535,59:51.2,,
3_KPCWT0430glu10min_740nm_3024mW_u1_poc0p2_20x0p75NA_535s50_g70_z1_256pix_basicFLIM_120f_0009.sdt,20260501_KPC_fixed_dishes_on_SLIM,20260501,glu,KPCWT,3,9,535,59:51.2,,
3_KPCWT0430glu10min_740nm_3024mW_u1_poc0p2_20x0p75NA_535s50_g70_z1_256pix_basicFLIM_120f_0009.sdt,20260501_KPC_fixed_dishes_on_SLIM,20260501,glu,KPCWT,3,9,535,59:51.2,,
4_BKO0430glu10min_740nm_3038mW_u1_poc0p2_20x0p75NA_457s50_g70_z1_256pix_basicFLIM_100f_0000.sdt,20260501_KPC_fixed_dishes_on_SLIM,20260501,glu,BKO,4,0,457,22:09.1,,
4_BKO0430glu10min_740nm_3038mW_u1_poc0p2_20x0p75NA_457s50_g70_z1_256pix_basicFLIM_100f_0000.sdt,20260501_KPC_fixed_dishes_on_SLIM,20260501,glu,BKO,4,0,457,22:09.1,,
4_BKO0430glu10min_740nm_3038mW_u1_poc0p2_20x0p75NA_457s50_g70_z1_256pix_basicFLIM_100f_0000.sdt,20260501_KPC_fixed_dishes_on_SLIM,20260501,glu,BKO,4,0,457,22:09.1,,
4_BKO0430glu10min_740nm_3038mW_u1_poc0p2_20x0p75NA_457s50_g70_z1_256pix_basicFLIM_100f_0000.sdt,20260501_KPC_fixed_dishes_on_SLIM,20260501,glu,BKO,4,0,457,22:09.1,,
4_BKO0430glu10min_740nm_3038mW_u1_poc0p2_20x0p75NA_457s50_g70_z1_256pix_basicFLIM_100f_0000.sdt,20260501_KPC_fixed_dishes_on_SLIM,20260501,glu,BKO,4,0,457,22:09.1,,
4_BKO0430glu10min_740nm_3038mW_u1_poc0p2_20x0p75NA_457s50_g70_z1_256pix_basicFLIM_100f_0000.sdt,20260501_KPC_fixed_dishes_on_SLIM,20260501,glu,BKO,4,0,457,22:09.1,,
4_BKO0430glu10min_740nm_3038mW_u1_poc0p2_20x0p75NA_457s50_g70_z1_256pix_basicFLIM_100f_0000.sdt,20260501_KPC_fixed_dishes_on_SLIM,20260501,glu,BKO,4,0,457,22:09.1,,
4_BKO0430glu10min_740nm_3038mW_u1_poc0p2_20x0p75NA_457s50_g70_z1_256pix_basicFLIM_100f_0000.sdt,20260501_KPC_fixed_dishes_on_SLIM,20260501,glu,BKO,4,0,457,22:09.1,,
4_BKO0430glu10min_740nm_3024mW_u1_poc0p2_20x0p75NA_535s50_g70_z1_256pix_basicFLIM_60f_0000.sdt,20260501_KPC_fixed_dishes_on_SLIM,20260501,glu,BKO,4,0,535,09:00.7,,
4_BKO0430glu10min_740nm_3024mW_u1_poc0p2_20x0p75NA_535s50_g70_z1_256pix_basicFLIM_60f_0000.sdt,20260501_KPC_fixed_dishes_on_SLIM,20260501,glu,BKO,4,0,535,09:00.7,,
4_BKO0430glu10min_740nm_3024mW_u1_poc0p2_20x0p75NA_535s50_g70_z1_256pix_basicFLIM_60f_0000.sdt,20260501_KPC_fixed_dishes_on_SLIM,20260501,glu,BKO,4,0,535,09:00.7,,
4_BKO0430glu10min_740nm_3024mW_u1_poc0p2_20x0p75NA_535s50_g70_z1_256pix_basicFLIM_60f_0000.sdt,20260501_KPC_fixed_dishes_on_SLIM,20260501,glu,BKO,4,0,535,09:00.7,,
4_BKO0430glu10min_740nm_3024mW_u1_poc0p2_20x0p75NA_535s50_g70_z1_256pix_basicFLIM_60f_0000.sdt,20260501_KPC_fixed_dishes_on_SLIM,20260501,glu,BKO,4,0,535,09:00.7,,
4_BKO0430glu10min_740nm_3024mW_u1_poc0p2_20x0p75NA_535s50_g70_z1_256pix_basicFLIM_60f_0000.sdt,20260501_KPC_fixed_dishes_on_SLIM,20260501,glu,BKO,4,0,535,09:00.7,,
4_BKO0430glu10min_740nm_3024mW_u1_poc0p2_20x0p75NA_535s50_g70_z1_256pix_basicFLIM_60f_0000.sdt,20260501_KPC_fixed_dishes_on_SLIM,20260501,glu,BKO,4,0,535,09:00.7,,
4_BKO0430glu10min_740nm_3024mW_u1_poc0p2_20x0p75NA_535s50_g70_z1_256pix_basicFLIM_60f_0000.sdt,20260501_KPC_fixed_dishes_on_SLIM,20260501,glu,BKO,4,0,535,09:00.7,,
4_BKO0430glu10min_740nm_3024mW_u1_poc0p2_20x0p75NA_535s50_g70_z1_256pix_basicFLIM_40f_0000.sdt,20260501_KPC_fixed_dishes_on_SLIM,20260501,glu,BKO,4,0,535,15:04.9,,
4_BKO0430glu10min_740nm_3024mW_u1_poc0p2_20x0p75NA_535s50_g70_z1_256pix_basicFLIM_40f_0000.sdt,20260501_KPC_fixed_dishes_on_SLIM,20260501,glu,BKO,4,0,535,15:04.9,,
4_BKO0430glu10min_740nm_3024mW_u1_poc0p2_20x0p75NA_535s50_g70_z1_256pix_basicFLIM_40f_0000.sdt,20260501_KPC_fixed_dishes_on_SLIM,20260501,glu,BKO,4,0,535,15:04.9,,
4_BKO0430glu10min_740nm_3024mW_u1_poc0p2_20x0p75NA_535s50_g70_z1_256pix_basicFLIM_40f_0000.sdt,20260501_KPC_fixed_dishes_on_SLIM,20260501,glu,BKO,4,0,535,15:04.9,,
4_BKO0430glu10min_740nm_3024mW_u1_poc0p2_20x0p75NA_535s50_g70_z1_256pix_basicFLIM_40f_0000.sdt,20260501_KPC_fixed_dishes_on_SLIM,20260501,glu,BKO,4,0,535,15:04.9,,
4_BKO0430glu10min_740nm_3024mW_u1_poc0p2_20x0p75NA_535s50_g70_z1_256pix_basicFLIM_40f_0000.sdt,20260501_KPC_fixed_dishes_on_SLIM,20260501,glu,BKO,4,0,535,15:04.9,,
4_BKO0430glu10min_740nm_3024mW_u1_poc0p2_20x0p75NA_535s50_g70_z1_256pix_basicFLIM_40f_0000.sdt,20260501_KPC_fixed_dishes_on_SLIM,20260501,glu,BKO,4,0,535,15:04.9,,
4_BKO0430glu10min_740nm_3024mW_u1_poc0p2_20x0p75NA_535s50_g70_z1_256pix_basicFLIM_40f_0000.sdt,20260501_KPC_fixed_dishes_on_SLIM,20260501,glu,BKO,4,0,535,15:04.9,,
4_BKO0430glu10min_740nm_3038mW_u1_poc0p2_20x0p75NA_457s50_g70_z1_256pix_basicFLIM_100f_0001.sdt,20260501_KPC_fixed_dishes_on_SLIM,20260501,glu,BKO,4,1,457,23:07.4,,
4_BKO0430glu10min_740nm_3038mW_u1_poc0p2_20x0p75NA_457s50_g70_z1_256pix_basicFLIM_100f_0001.sdt,20260501_KPC_fixed_dishes_on_SLIM,20260501,glu,BKO,4,1,457,23:07.4,,
4_BKO0430glu10min_740nm_3038mW_u1_poc0p2_20x0p75NA_457s50_g70_z1_256pix_basicFLIM_100f_0001.sdt,20260501_KPC_fixed_dishes_on_SLIM,20260501,glu,BKO,4,1,457,23:07.4,,
4_BKO0430glu10min_740nm_3038mW_u1_poc0p2_20x0p75NA_457s50_g70_z1_256pix_basicFLIM_100f_0001.sdt,20260501_KPC_fixed_dishes_on_SLIM,20260501,glu,BKO,4,1,457,23:07.4,,
4_BKO0430glu10min_740nm_3038mW_u1_poc0p2_20x0p75NA_457s50_g70_z1_256pix_basicFLIM_100f_0001.sdt,20260501_KPC_fixed_dishes_on_SLIM,20260501,glu,BKO,4,1,457,23:07.4,,
4_BKO0430glu10min_740nm_3038mW_u1_poc0p2_20x0p75NA_457s50_g70_z1_256pix_basicFLIM_100f_0001.sdt,20260501_KPC_fixed_dishes_on_SLIM,20260501,glu,BKO,4,1,457,23:07.4,,
4_BKO0430glu10min_740nm_3038mW_u1_poc0p2_20x0p75NA_457s50_g70_z1_256pix_basicFLIM_100f_0001.sdt,20260501_KPC_fixed_dishes_on_SLIM,20260501,glu,BKO,4,1,457,23:07.4,,
4_BKO0430glu10min_740nm_3038mW_u1_poc0p2_20x0p75NA_457s50_g70_z1_256pix_basicFLIM_100f_0001.sdt,20260501_KPC_fixed_dishes_on_SLIM,20260501,glu,BKO,4,1,457,23:07.4,,
4_BKO0430glu10min_740nm_3024mW_u1_poc0p2_20x0p75NA_535s50_g70_z1_256pix_basicFLIM_60f_0001.sdt,20260501_KPC_fixed_dishes_on_SLIM,20260501,glu,BKO,4,1,535,09:36.5,,
4_BKO0430glu10min_740nm_3024mW_u1_poc0p2_20x0p75NA_535s50_g70_z1_256pix_basicFLIM_60f_0001.sdt,20260501_KPC_fixed_dishes_on_SLIM,20260501,glu,BKO,4,1,535,09:36.5,,
4_BKO0430glu10min_740nm_3024mW_u1_poc0p2_20x0p75NA_535s50_g70_z1_256pix_basicFLIM_60f_0001.sdt,20260501_KPC_fixed_dishes_on_SLIM,20260501,glu,BKO,4,1,535,09:36.5,,
4_BKO0430glu10min_740nm_3024mW_u1_poc0p2_20x0p75NA_535s50_g70_z1_256pix_basicFLIM_60f_0001.sdt,20260501_KPC_fixed_dishes_on_SLIM,20260501,glu,BKO,4,1,535,09:36.5,,
4_BKO0430glu10min_740nm_3024mW_u1_poc0p2_20x0p75NA_535s50_g70_z1_256pix_basicFLIM_60f_0001.sdt,20260501_KPC_fixed_dishes_on_SLIM,20260501,glu,BKO,4,1,535,09:36.5,,
4_BKO0430glu10min_740nm_3024mW_u1_poc0p2_20x0p75NA_535s50_g70_z1_256pix_basicFLIM_60f_0001.sdt,20260501_KPC_fixed_dishes_on_SLIM,20260501,glu,BKO,4,1,535,09:36.5,,
4_BKO0430glu10min_740nm_3024mW_u1_poc0p2_20x0p75NA_535s50_g70_z1_256pix_basicFLIM_60f_0001.sdt,20260501_KPC_fixed_dishes_on_SLIM,20260501,glu,BKO,4,1,535,09:36.5,,
4_BKO0430glu10min_740nm_3024mW_u1_poc0p2_20x0p75NA_535s50_g70_z1_256pix_basicFLIM_60f_0001.sdt,20260501_KPC_fixed_dishes_on_SLIM,20260501,glu,BKO,4,1,535,09:36.5,,
4_BKO0430glu10min_740nm_3024mW_u1_poc0p2_20x0p75NA_535s50_g70_z1_256pix_basicFLIM_40f_0001.sdt,20260501_KPC_fixed_dishes_on_SLIM,20260501,glu,BKO,4,1,535,15:29.6,,
4_BKO0430glu10min_740nm_3024mW_u1_poc0p2_20x0p75NA_535s50_g70_z1_256pix_basicFLIM_40f_0001.sdt,20260501_KPC_fixed_dishes_on_SLIM,20260501,glu,BKO,4,1,535,15:29.6,,
4_BKO0430glu10min_740nm_3024mW_u1_poc0p2_20x0p75NA_535s50_g70_z1_256pix_basicFLIM_40f_0001.sdt,20260501_KPC_fixed_dishes_on_SLIM,20260501,glu,BKO,4,1,535,15:29.6,,
4_BKO0430glu10min_740nm_3024mW_u1_poc0p2_20x0p75NA_535s50_g70_z1_256pix_basicFLIM_40f_0001.sdt,20260501_KPC_fixed_dishes_on_SLIM,20260501,glu,BKO,4,1,535,15:29.6,,
4_BKO0430glu10min_740nm_3024mW_u1_poc0p2_20x0p75NA_535s50_g70_z1_256pix_basicFLIM_40f_0001.sdt,20260501_KPC_fixed_dishes_on_SLIM,20260501,glu,BKO,4,1,535,15:29.6,,
4_BKO0430glu10min_740nm_3024mW_u1_poc0p2_20x0p75NA_535s50_g70_z1_256pix_basicFLIM_40f_0001.sdt,20260501_KPC_fixed_dishes_on_SLIM,20260501,glu,BKO,4,1,535,15:29.6,,
4_BKO0430glu10min_740nm_3024mW_u1_poc0p2_20x0p75NA_535s50_g70_z1_256pix_basicFLIM_40f_0001.sdt,20260501_KPC_fixed_dishes_on_SLIM,20260501,glu,BKO,4,1,535,15:29.6,,
4_BKO0430glu10min_740nm_3024mW_u1_poc0p2_20x0p75NA_535s50_g70_z1_256pix_basicFLIM_40f_0001.sdt,20260501_KPC_fixed_dishes_on_SLIM,20260501,glu,BKO,4,1,535,15:29.6,,
4_BKO0430glu10min_740nm_3038mW_u1_poc0p2_20x0p75NA_457s50_g70_z1_256pix_basicFLIM_100f_0002.sdt,20260501_KPC_fixed_dishes_on_SLIM,20260501,glu,BKO,4,2,457,24:05.5,,
4_BKO0430glu10min_740nm_3038mW_u1_poc0p2_20x0p75NA_457s50_g70_z1_256pix_basicFLIM_100f_0002.sdt,20260501_KPC_fixed_dishes_on_SLIM,20260501,glu,BKO,4,2,457,24:05.5,,
4_BKO0430glu10min_740nm_3038mW_u1_poc0p2_20x0p75NA_457s50_g70_z1_256pix_basicFLIM_100f_0002.sdt,20260501_KPC_fixed_dishes_on_SLIM,20260501,glu,BKO,4,2,457,24:05.5,,
4_BKO0430glu10min_740nm_3038mW_u1_poc0p2_20x0p75NA_457s50_g70_z1_256pix_basicFLIM_100f_0002.sdt,20260501_KPC_fixed_dishes_on_SLIM,20260501,glu,BKO,4,2,457,24:05.5,,
4_BKO0430glu10min_740nm_3038mW_u1_poc0p2_20x0p75NA_457s50_g70_z1_256pix_basicFLIM_100f_0002.sdt,20260501_KPC_fixed_dishes_on_SLIM,20260501,glu,BKO,4,2,457,24:05.5,,
4_BKO0430glu10min_740nm_3038mW_u1_poc0p2_20x0p75NA_457s50_g70_z1_256pix_basicFLIM_100f_0002.sdt,20260501_KPC_fixed_dishes_on_SLIM,20260501,glu,BKO,4,2,457,24:05.5,,
4_BKO0430glu10min_740nm_3038mW_u1_poc0p2_20x0p75NA_457s50_g70_z1_256pix_basicFLIM_100f_0002.sdt,20260501_KPC_fixed_dishes_on_SLIM,20260501,glu,BKO,4,2,457,24:05.5,,
4_BKO0430glu10min_740nm_3038mW_u1_poc0p2_20x0p75NA_457s50_g70_z1_256pix_basicFLIM_100f_0002.sdt,20260501_KPC_fixed_dishes_on_SLIM,20260501,glu,BKO,4,2,457,24:05.5,,
4_BKO0430glu10min_740nm_3024mW_u1_poc0p2_20x0p75NA_535s50_g70_z1_256pix_basicFLIM_60f_0002.sdt,20260501_KPC_fixed_dishes_on_SLIM,20260501,glu,BKO,4,2,535,10:12.0,,
4_BKO0430glu10min_740nm_3024mW_u1_poc0p2_20x0p75NA_535s50_g70_z1_256pix_basicFLIM_60f_0002.sdt,20260501_KPC_fixed_dishes_on_SLIM,20260501,glu,BKO,4,2,535,10:12.0,,
4_BKO0430glu10min_740nm_3024mW_u1_poc0p2_20x0p75NA_535s50_g70_z1_256pix_basicFLIM_60f_0002.sdt,20260501_KPC_fixed_dishes_on_SLIM,20260501,glu,BKO,4,2,535,10:12.0,,
4_BKO0430glu10min_740nm_3024mW_u1_poc0p2_20x0p75NA_535s50_g70_z1_256pix_basicFLIM_60f_0002.sdt,20260501_KPC_fixed_dishes_on_SLIM,20260501,glu,BKO,4,2,535,10:12.0,,
4_BKO0430glu10min_740nm_3024mW_u1_poc0p2_20x0p75NA_535s50_g70_z1_256pix_basicFLIM_60f_0002.sdt,20260501_KPC_fixed_dishes_on_SLIM,20260501,glu,BKO,4,2,535,10:12.0,,
4_BKO0430glu10min_740nm_3024mW_u1_poc0p2_20x0p75NA_535s50_g70_z1_256pix_basicFLIM_60f_0002.sdt,20260501_KPC_fixed_dishes_on_SLIM,20260501,glu,BKO,4,2,535,10:12.0,,
4_BKO0430glu10min_740nm_3024mW_u1_poc0p2_20x0p75NA_535s50_g70_z1_256pix_basicFLIM_60f_0002.sdt,20260501_KPC_fixed_dishes_on_SLIM,20260501,glu,BKO,4,2,535,10:12.0,,
4_BKO0430glu10min_740nm_3024mW_u1_poc0p2_20x0p75NA_535s50_g70_z1_256pix_basicFLIM_60f_0002.sdt,20260501_KPC_fixed_dishes_on_SLIM,20260501,glu,BKO,4,2,535,10:12.0,,
4_BKO0430glu10min_740nm_3024mW_u1_poc0p2_20x0p75NA_535s50_g70_z1_256pix_basicFLIM_40f_0002.sdt,20260501_KPC_fixed_dishes_on_SLIM,20260501,glu,BKO,4,2,535,15:53.9,,
4_BKO0430glu10min_740nm_3024mW_u1_poc0p2_20x0p75NA_535s50_g70_z1_256pix_basicFLIM_40f_0002.sdt,20260501_KPC_fixed_dishes_on_SLIM,20260501,glu,BKO,4,2,535,15:53.9,,
4_BKO0430glu10min_740nm_3024mW_u1_poc0p2_20x0p75NA_535s50_g70_z1_256pix_basicFLIM_40f_0002.sdt,20260501_KPC_fixed_dishes_on_SLIM,20260501,glu,BKO,4,2,535,15:53.9,,
4_BKO0430glu10min_740nm_3024mW_u1_poc0p2_20x0p75NA_535s50_g70_z1_256pix_basicFLIM_40f_0002.sdt,20260501_KPC_fixed_dishes_on_SLIM,20260501,glu,BKO,4,2,535,15:53.9,,
4_BKO0430glu10min_740nm_3024mW_u1_poc0p2_20x0p75NA_535s50_g70_z1_256pix_basicFLIM_40f_0002.sdt,20260501_KPC_fixed_dishes_on_SLIM,20260501,glu,BKO,4,2,535,15:53.9,,
4_BKO0430glu10min_740nm_3024mW_u1_poc0p2_20x0p75NA_535s50_g70_z1_256pix_basicFLIM_40f_0002.sdt,20260501_KPC_fixed_dishes_on_SLIM,20260501,glu,BKO,4,2,535,15:53.9,,
4_BKO0430glu10min_740nm_3024mW_u1_poc0p2_20x0p75NA_535s50_g70_z1_256pix_basicFLIM_40f_0002.sdt,20260501_KPC_fixed_dishes_on_SLIM,20260501,glu,BKO,4,2,535,15:53.9,,
4_BKO0430glu10min_740nm_3024mW_u1_poc0p2_20x0p75NA_535s50_g70_z1_256pix_basicFLIM_40f_0002.sdt,20260501_KPC_fixed_dishes_on_SLIM,20260501,glu,BKO,4,2,535,15:53.9,,
4_BKO0430glu10min_740nm_3038mW_u1_poc0p2_20x0p75NA_457s50_g70_z1_256pix_basicFLIM_100f_0003.sdt,20260501_KPC_fixed_dishes_on_SLIM,20260501,glu,BKO,4,3,457,25:02.9,,
4_BKO0430glu10min_740nm_3038mW_u1_poc0p2_20x0p75NA_457s50_g70_z1_256pix_basicFLIM_100f_0003.sdt,20260501_KPC_fixed_dishes_on_SLIM,20260501,glu,BKO,4,3,457,25:02.9,,
4_BKO0430glu10min_740nm_3038mW_u1_poc0p2_20x0p75NA_457s50_g70_z1_256pix_basicFLIM_100f_0003.sdt,20260501_KPC_fixed_dishes_on_SLIM,20260501,glu,BKO,4,3,457,25:02.9,,
4_BKO0430glu10min_740nm_3038mW_u1_poc0p2_20x0p75NA_457s50_g70_z1_256pix_basicFLIM_100f_0003.sdt,20260501_KPC_fixed_dishes_on_SLIM,20260501,glu,BKO,4,3,457,25:02.9,,
4_BKO0430glu10min_740nm_3038mW_u1_poc0p2_20x0p75NA_457s50_g70_z1_256pix_basicFLIM_100f_0003.sdt,20260501_KPC_fixed_dishes_on_SLIM,20260501,glu,BKO,4,3,457,25:02.9,,
4_BKO0430glu10min_740nm_3038mW_u1_poc0p2_20x0p75NA_457s50_g70_z1_256pix_basicFLIM_100f_0003.sdt,20260501_KPC_fixed_dishes_on_SLIM,20260501,glu,BKO,4,3,457,25:02.9,,
4_BKO0430glu10min_740nm_3038mW_u1_poc0p2_20x0p75NA_457s50_g70_z1_256pix_basicFLIM_100f_0003.sdt,20260501_KPC_fixed_dishes_on_SLIM,20260501,glu,BKO,4,3,457,25:02.9,,
4_BKO0430glu10min_740nm_3038mW_u1_poc0p2_20x0p75NA_457s50_g70_z1_256pix_basicFLIM_100f_0003.sdt,20260501_KPC_fixed_dishes_on_SLIM,20260501,glu,BKO,4,3,457,25:02.9,,
4_BKO0430glu10min_740nm_3024mW_u1_poc0p2_20x0p75NA_535s50_g70_z1_256pix_basicFLIM_60f_0003.sdt,20260501_KPC_fixed_dishes_on_SLIM,20260501,glu,BKO,4,3,535,10:47.0,,
4_BKO0430glu10min_740nm_3024mW_u1_poc0p2_20x0p75NA_535s50_g70_z1_256pix_basicFLIM_60f_0003.sdt,20260501_KPC_fixed_dishes_on_SLIM,20260501,glu,BKO,4,3,535,10:47.0,,
4_BKO0430glu10min_740nm_3024mW_u1_poc0p2_20x0p75NA_535s50_g70_z1_256pix_basicFLIM_60f_0003.sdt,20260501_KPC_fixed_dishes_on_SLIM,20260501,glu,BKO,4,3,535,10:47.0,,
4_BKO0430glu10min_740nm_3024mW_u1_poc0p2_20x0p75NA_535s50_g70_z1_256pix_basicFLIM_60f_0003.sdt,20260501_KPC_fixed_dishes_on_SLIM,20260501,glu,BKO,4,3,535,10:47.0,,
4_BKO0430glu10min_740nm_3024mW_u1_poc0p2_20x0p75NA_535s50_g70_z1_256pix_basicFLIM_60f_0003.sdt,20260501_KPC_fixed_dishes_on_SLIM,20260501,glu,BKO,4,3,535,10:47.0,,
4_BKO0430glu10min_740nm_3024mW_u1_poc0p2_20x0p75NA_535s50_g70_z1_256pix_basicFLIM_60f_0003.sdt,20260501_KPC_fixed_dishes_on_SLIM,20260501,glu,BKO,4,3,535,10:47.0,,
4_BKO0430glu10min_740nm_3024mW_u1_poc0p2_20x0p75NA_535s50_g70_z1_256pix_basicFLIM_60f_0003.sdt,20260501_KPC_fixed_dishes_on_SLIM,20260501,glu,BKO,4,3,535,10:47.0,,
4_BKO0430glu10min_740nm_3024mW_u1_poc0p2_20x0p75NA_535s50_g70_z1_256pix_basicFLIM_60f_0003.sdt,20260501_KPC_fixed_dishes_on_SLIM,20260501,glu,BKO,4,3,535,10:47.0,,
4_BKO0430glu10min_740nm_3024mW_u1_poc0p2_20x0p75NA_535s50_g70_z1_256pix_basicFLIM_40f_0003.sdt,20260501_KPC_fixed_dishes_on_SLIM,20260501,glu,BKO,4,3,535,16:17.8,,
4_BKO0430glu10min_740nm_3024mW_u1_poc0p2_20x0p75NA_535s50_g70_z1_256pix_basicFLIM_40f_0003.sdt,20260501_KPC_fixed_dishes_on_SLIM,20260501,glu,BKO,4,3,535,16:17.8,,
4_BKO0430glu10min_740nm_3024mW_u1_poc0p2_20x0p75NA_535s50_g70_z1_256pix_basicFLIM_40f_0003.sdt,20260501_KPC_fixed_dishes_on_SLIM,20260501,glu,BKO,4,3,535,16:17.8,,
4_BKO0430glu10min_740nm_3024mW_u1_poc0p2_20x0p75NA_535s50_g70_z1_256pix_basicFLIM_40f_0003.sdt,20260501_KPC_fixed_dishes_on_SLIM,20260501,glu,BKO,4,3,535,16:17.8,,
4_BKO0430glu10min_740nm_3024mW_u1_poc0p2_20x0p75NA_535s50_g70_z1_256pix_basicFLIM_40f_0003.sdt,20260501_KPC_fixed_dishes_on_SLIM,20260501,glu,BKO,4,3,535,16:17.8,,
4_BKO0430glu10min_740nm_3024mW_u1_poc0p2_20x0p75NA_535s50_g70_z1_256pix_basicFLIM_40f_0003.sdt,20260501_KPC_fixed_dishes_on_SLIM,20260501,glu,BKO,4,3,535,16:17.8,,
4_BKO0430glu10min_740nm_3024mW_u1_poc0p2_20x0p75NA_535s50_g70_z1_256pix_basicFLIM_40f_0003.sdt,20260501_KPC_fixed_dishes_on_SLIM,20260501,glu,BKO,4,3,535,16:17.8,,
4_BKO0430glu10min_740nm_3024mW_u1_poc0p2_20x0p75NA_535s50_g70_z1_256pix_basicFLIM_40f_0003.sdt,20260501_KPC_fixed_dishes_on_SLIM,20260501,glu,BKO,4,3,535,16:17.8,,
4_BKO0430glu10min_740nm_3038mW_u1_poc0p2_20x0p75NA_457s50_g70_z1_256pix_basicFLIM_100f_0004.sdt,20260501_KPC_fixed_dishes_on_SLIM,20260501,glu,BKO,4,4,457,26:01.2,,
4_BKO0430glu10min_740nm_3038mW_u1_poc0p2_20x0p75NA_457s50_g70_z1_256pix_basicFLIM_100f_0004.sdt,20260501_KPC_fixed_dishes_on_SLIM,20260501,glu,BKO,4,4,457,26:01.2,,
4_BKO0430glu10min_740nm_3038mW_u1_poc0p2_20x0p75NA_457s50_g70_z1_256pix_basicFLIM_100f_0004.sdt,20260501_KPC_fixed_dishes_on_SLIM,20260501,glu,BKO,4,4,457,26:01.2,,
4_BKO0430glu10min_740nm_3038mW_u1_poc0p2_20x0p75NA_457s50_g70_z1_256pix_basicFLIM_100f_0004.sdt,20260501_KPC_fixed_dishes_on_SLIM,20260501,glu,BKO,4,4,457,26:01.2,,
4_BKO0430glu10min_740nm_3038mW_u1_poc0p2_20x0p75NA_457s50_g70_z1_256pix_basicFLIM_100f_0004.sdt,20260501_KPC_fixed_dishes_on_SLIM,20260501,glu,BKO,4,4,457,26:01.2,,
4_BKO0430glu10min_740nm_3038mW_u1_poc0p2_20x0p75NA_457s50_g70_z1_256pix_basicFLIM_100f_0004.sdt,20260501_KPC_fixed_dishes_on_SLIM,20260501,glu,BKO,4,4,457,26:01.2,,
4_BKO0430glu10min_740nm_3038mW_u1_poc0p2_20x0p75NA_457s50_g70_z1_256pix_basicFLIM_100f_0004.sdt,20260501_KPC_fixed_dishes_on_SLIM,20260501,glu,BKO,4,4,457,26:01.2,,
4_BKO0430glu10min_740nm_3038mW_u1_poc0p2_20x0p75NA_457s50_g70_z1_256pix_basicFLIM_100f_0004.sdt,20260501_KPC_fixed_dishes_on_SLIM,20260501,glu,BKO,4,4,457,26:01.2,,
4_BKO0430glu10min_740nm_3024mW_u1_poc0p2_20x0p75NA_535s50_g70_z1_256pix_basicFLIM_60f_0004.sdt,20260501_KPC_fixed_dishes_on_SLIM,20260501,glu,BKO,4,4,535,11:22.9,,
4_BKO0430glu10min_740nm_3024mW_u1_poc0p2_20x0p75NA_535s50_g70_z1_256pix_basicFLIM_60f_0004.sdt,20260501_KPC_fixed_dishes_on_SLIM,20260501,glu,BKO,4,4,535,11:22.9,,
4_BKO0430glu10min_740nm_3024mW_u1_poc0p2_20x0p75NA_535s50_g70_z1_256pix_basicFLIM_60f_0004.sdt,20260501_KPC_fixed_dishes_on_SLIM,20260501,glu,BKO,4,4,535,11:22.9,,
4_BKO0430glu10min_740nm_3024mW_u1_poc0p2_20x0p75NA_535s50_g70_z1_256pix_basicFLIM_60f_0004.sdt,20260501_KPC_fixed_dishes_on_SLIM,20260501,glu,BKO,4,4,535,11:22.9,,
4_BKO0430glu10min_740nm_3024mW_u1_poc0p2_20x0p75NA_535s50_g70_z1_256pix_basicFLIM_60f_0004.sdt,20260501_KPC_fixed_dishes_on_SLIM,20260501,glu,BKO,4,4,535,11:22.9,,
4_BKO0430glu10min_740nm_3024mW_u1_poc0p2_20x0p75NA_535s50_g70_z1_256pix_basicFLIM_60f_0004.sdt,20260501_KPC_fixed_dishes_on_SLIM,20260501,glu,BKO,4,4,535,11:22.9,,
4_BKO0430glu10min_740nm_3024mW_u1_poc0p2_20x0p75NA_535s50_g70_z1_256pix_basicFLIM_60f_0004.sdt,20260501_KPC_fixed_dishes_on_SLIM,20260501,glu,BKO,4,4,535,11:22.9,,
4_BKO0430glu10min_740nm_3024mW_u1_poc0p2_20x0p75NA_535s50_g70_z1_256pix_basicFLIM_60f_0004.sdt,20260501_KPC_fixed_dishes_on_SLIM,20260501,glu,BKO,4,4,535,11:22.9,,
4_BKO0430glu10min_740nm_3024mW_u1_poc0p2_20x0p75NA_535s50_g70_z1_256pix_basicFLIM_40f_0004.sdt,20260501_KPC_fixed_dishes_on_SLIM,20260501,glu,BKO,4,4,535,16:42.7,,
4_BKO0430glu10min_740nm_3024mW_u1_poc0p2_20x0p75NA_535s50_g70_z1_256pix_basicFLIM_40f_0004.sdt,20260501_KPC_fixed_dishes_on_SLIM,20260501,glu,BKO,4,4,535,16:42.7,,
4_BKO0430glu10min_740nm_3024mW_u1_poc0p2_20x0p75NA_535s50_g70_z1_256pix_basicFLIM_40f_0004.sdt,20260501_KPC_fixed_dishes_on_SLIM,20260501,glu,BKO,4,4,535,16:42.7,,
4_BKO0430glu10min_740nm_3024mW_u1_poc0p2_20x0p75NA_535s50_g70_z1_256pix_basicFLIM_40f_0004.sdt,20260501_KPC_fixed_dishes_on_SLIM,20260501,glu,BKO,4,4,535,16:42.7,,
4_BKO0430glu10min_740nm_3024mW_u1_poc0p2_20x0p75NA_535s50_g70_z1_256pix_basicFLIM_40f_0004.sdt,20260501_KPC_fixed_dishes_on_SLIM,20260501,glu,BKO,4,4,535,16:42.7,,
4_BKO0430glu10min_740nm_3024mW_u1_poc0p2_20x0p75NA_535s50_g70_z1_256pix_basicFLIM_40f_0004.sdt,20260501_KPC_fixed_dishes_on_SLIM,20260501,glu,BKO,4,4,535,16:42.7,,
4_BKO0430glu10min_740nm_3024mW_u1_poc0p2_20x0p75NA_535s50_g70_z1_256pix_basicFLIM_40f_0004.sdt,20260501_KPC_fixed_dishes_on_SLIM,20260501,glu,BKO,4,4,535,16:42.7,,
4_BKO0430glu10min_740nm_3024mW_u1_poc0p2_20x0p75NA_535s50_g70_z1_256pix_basicFLIM_40f_0004.sdt,20260501_KPC_fixed_dishes_on_SLIM,20260501,glu,BKO,4,4,535,16:42.7,,
4_BKO0430glu10min_740nm_3038mW_u1_poc0p2_20x0p75NA_457s50_g70_z1_256pix_basicFLIM_100f_0005.sdt,20260501_KPC_fixed_dishes_on_SLIM,20260501,glu,BKO,4,5,457,26:59.2,,
4_BKO0430glu10min_740nm_3038mW_u1_poc0p2_20x0p75NA_457s50_g70_z1_256pix_basicFLIM_100f_0005.sdt,20260501_KPC_fixed_dishes_on_SLIM,20260501,glu,BKO,4,5,457,26:59.2,,
4_BKO0430glu10min_740nm_3038mW_u1_poc0p2_20x0p75NA_457s50_g70_z1_256pix_basicFLIM_100f_0005.sdt,20260501_KPC_fixed_dishes_on_SLIM,20260501,glu,BKO,4,5,457,26:59.2,,
4_BKO0430glu10min_740nm_3038mW_u1_poc0p2_20x0p75NA_457s50_g70_z1_256pix_basicFLIM_100f_0005.sdt,20260501_KPC_fixed_dishes_on_SLIM,20260501,glu,BKO,4,5,457,26:59.2,,
4_BKO0430glu10min_740nm_3038mW_u1_poc0p2_20x0p75NA_457s50_g70_z1_256pix_basicFLIM_100f_0005.sdt,20260501_KPC_fixed_dishes_on_SLIM,20260501,glu,BKO,4,5,457,26:59.2,,
4_BKO0430glu10min_740nm_3038mW_u1_poc0p2_20x0p75NA_457s50_g70_z1_256pix_basicFLIM_100f_0005.sdt,20260501_KPC_fixed_dishes_on_SLIM,20260501,glu,BKO,4,5,457,26:59.2,,
4_BKO0430glu10min_740nm_3038mW_u1_poc0p2_20x0p75NA_457s50_g70_z1_256pix_basicFLIM_100f_0005.sdt,20260501_KPC_fixed_dishes_on_SLIM,20260501,glu,BKO,4,5,457,26:59.2,,
4_BKO0430glu10min_740nm_3038mW_u1_poc0p2_20x0p75NA_457s50_g70_z1_256pix_basicFLIM_100f_0005.sdt,20260501_KPC_fixed_dishes_on_SLIM,20260501,glu,BKO,4,5,457,26:59.2,,
4_BKO0430glu10min_740nm_3024mW_u1_poc0p2_20x0p75NA_535s50_g70_z1_256pix_basicFLIM_60f_0005.sdt,20260501_KPC_fixed_dishes_on_SLIM,20260501,glu,BKO,4,5,535,11:58.5,,
4_BKO0430glu10min_740nm_3024mW_u1_poc0p2_20x0p75NA_535s50_g70_z1_256pix_basicFLIM_60f_0005.sdt,20260501_KPC_fixed_dishes_on_SLIM,20260501,glu,BKO,4,5,535,11:58.5,,
4_BKO0430glu10min_740nm_3024mW_u1_poc0p2_20x0p75NA_535s50_g70_z1_256pix_basicFLIM_60f_0005.sdt,20260501_KPC_fixed_dishes_on_SLIM,20260501,glu,BKO,4,5,535,11:58.5,,
4_BKO0430glu10min_740nm_3024mW_u1_poc0p2_20x0p75NA_535s50_g70_z1_256pix_basicFLIM_60f_0005.sdt,20260501_KPC_fixed_dishes_on_SLIM,20260501,glu,BKO,4,5,535,11:58.5,,
4_BKO0430glu10min_740nm_3024mW_u1_poc0p2_20x0p75NA_535s50_g70_z1_256pix_basicFLIM_60f_0005.sdt,20260501_KPC_fixed_dishes_on_SLIM,20260501,glu,BKO,4,5,535,11:58.5,,
4_BKO0430glu10min_740nm_3024mW_u1_poc0p2_20x0p75NA_535s50_g70_z1_256pix_basicFLIM_60f_0005.sdt,20260501_KPC_fixed_dishes_on_SLIM,20260501,glu,BKO,4,5,535,11:58.5,,
4_BKO0430glu10min_740nm_3024mW_u1_poc0p2_20x0p75NA_535s50_g70_z1_256pix_basicFLIM_60f_0005.sdt,20260501_KPC_fixed_dishes_on_SLIM,20260501,glu,BKO,4,5,535,11:58.5,,
4_BKO0430glu10min_740nm_3024mW_u1_poc0p2_20x0p75NA_535s50_g70_z1_256pix_basicFLIM_60f_0005.sdt,20260501_KPC_fixed_dishes_on_SLIM,20260501,glu,BKO,4,5,535,11:58.5,,
4_BKO0430glu10min_740nm_3024mW_u1_poc0p2_20x0p75NA_535s50_g70_z1_256pix_basicFLIM_40f_0005.sdt,20260501_KPC_fixed_dishes_on_SLIM,20260501,glu,BKO,4,5,535,17:07.1,,
4_BKO0430glu10min_740nm_3024mW_u1_poc0p2_20x0p75NA_535s50_g70_z1_256pix_basicFLIM_40f_0005.sdt,20260501_KPC_fixed_dishes_on_SLIM,20260501,glu,BKO,4,5,535,17:07.1,,
4_BKO0430glu10min_740nm_3024mW_u1_poc0p2_20x0p75NA_535s50_g70_z1_256pix_basicFLIM_40f_0005.sdt,20260501_KPC_fixed_dishes_on_SLIM,20260501,glu,BKO,4,5,535,17:07.1,,
4_BKO0430glu10min_740nm_3024mW_u1_poc0p2_20x0p75NA_535s50_g70_z1_256pix_basicFLIM_40f_0005.sdt,20260501_KPC_fixed_dishes_on_SLIM,20260501,glu,BKO,4,5,535,17:07.1,,
4_BKO0430glu10min_740nm_3024mW_u1_poc0p2_20x0p75NA_535s50_g70_z1_256pix_basicFLIM_40f_0005.sdt,20260501_KPC_fixed_dishes_on_SLIM,20260501,glu,BKO,4,5,535,17:07.1,,
4_BKO0430glu10min_740nm_3024mW_u1_poc0p2_20x0p75NA_535s50_g70_z1_256pix_basicFLIM_40f_0005.sdt,20260501_KPC_fixed_dishes_on_SLIM,20260501,glu,BKO,4,5,535,17:07.1,,
4_BKO0430glu10min_740nm_3024mW_u1_poc0p2_20x0p75NA_535s50_g70_z1_256pix_basicFLIM_40f_0005.sdt,20260501_KPC_fixed_dishes_on_SLIM,20260501,glu,BKO,4,5,535,17:07.1,,
4_BKO0430glu10min_740nm_3024mW_u1_poc0p2_20x0p75NA_535s50_g70_z1_256pix_basicFLIM_40f_0005.sdt,20260501_KPC_fixed_dishes_on_SLIM,20260501,glu,BKO,4,5,535,17:07.1,,
4_BKO0430glu10min_740nm_3038mW_u1_poc0p2_20x0p75NA_457s50_g70_z1_256pix_basicFLIM_100f_0006.sdt,20260501_KPC_fixed_dishes_on_SLIM,20260501,glu,BKO,4,6,457,27:57.9,,
4_BKO0430glu10min_740nm_3038mW_u1_poc0p2_20x0p75NA_457s50_g70_z1_256pix_basicFLIM_100f_0006.sdt,20260501_KPC_fixed_dishes_on_SLIM,20260501,glu,BKO,4,6,457,27:57.9,,
4_BKO0430glu10min_740nm_3038mW_u1_poc0p2_20x0p75NA_457s50_g70_z1_256pix_basicFLIM_100f_0006.sdt,20260501_KPC_fixed_dishes_on_SLIM,20260501,glu,BKO,4,6,457,27:57.9,,
4_BKO0430glu10min_740nm_3038mW_u1_poc0p2_20x0p75NA_457s50_g70_z1_256pix_basicFLIM_100f_0006.sdt,20260501_KPC_fixed_dishes_on_SLIM,20260501,glu,BKO,4,6,457,27:57.9,,
4_BKO0430glu10min_740nm_3038mW_u1_poc0p2_20x0p75NA_457s50_g70_z1_256pix_basicFLIM_100f_0006.sdt,20260501_KPC_fixed_dishes_on_SLIM,20260501,glu,BKO,4,6,457,27:57.9,,
4_BKO0430glu10min_740nm_3038mW_u1_poc0p2_20x0p75NA_457s50_g70_z1_256pix_basicFLIM_100f_0006.sdt,20260501_KPC_fixed_dishes_on_SLIM,20260501,glu,BKO,4,6,457,27:57.9,,
4_BKO0430glu10min_740nm_3038mW_u1_poc0p2_20x0p75NA_457s50_g70_z1_256pix_basicFLIM_100f_0006.sdt,20260501_KPC_fixed_dishes_on_SLIM,20260501,glu,BKO,4,6,457,27:57.9,,
4_BKO0430glu10min_740nm_3038mW_u1_poc0p2_20x0p75NA_457s50_g70_z1_256pix_basicFLIM_100f_0006.sdt,20260501_KPC_fixed_dishes_on_SLIM,20260501,glu,BKO,4,6,457,27:57.9,,
4_BKO0430glu10min_740nm_3024mW_u1_poc0p2_20x0p75NA_535s50_g70_z1_256pix_basicFLIM_60f_0006.sdt,20260501_KPC_fixed_dishes_on_SLIM,20260501,glu,BKO,4,6,535,12:34.9,,
4_BKO0430glu10min_740nm_3024mW_u1_poc0p2_20x0p75NA_535s50_g70_z1_256pix_basicFLIM_60f_0006.sdt,20260501_KPC_fixed_dishes_on_SLIM,20260501,glu,BKO,4,6,535,12:34.9,,
4_BKO0430glu10min_740nm_3024mW_u1_poc0p2_20x0p75NA_535s50_g70_z1_256pix_basicFLIM_60f_0006.sdt,20260501_KPC_fixed_dishes_on_SLIM,20260501,glu,BKO,4,6,535,12:34.9,,
4_BKO0430glu10min_740nm_3024mW_u1_poc0p2_20x0p75NA_535s50_g70_z1_256pix_basicFLIM_60f_0006.sdt,20260501_KPC_fixed_dishes_on_SLIM,20260501,glu,BKO,4,6,535,12:34.9,,
4_BKO0430glu10min_740nm_3024mW_u1_poc0p2_20x0p75NA_535s50_g70_z1_256pix_basicFLIM_60f_0006.sdt,20260501_KPC_fixed_dishes_on_SLIM,20260501,glu,BKO,4,6,535,12:34.9,,
4_BKO0430glu10min_740nm_3024mW_u1_poc0p2_20x0p75NA_535s50_g70_z1_256pix_basicFLIM_60f_0006.sdt,20260501_KPC_fixed_dishes_on_SLIM,20260501,glu,BKO,4,6,535,12:34.9,,
4_BKO0430glu10min_740nm_3024mW_u1_poc0p2_20x0p75NA_535s50_g70_z1_256pix_basicFLIM_60f_0006.sdt,20260501_KPC_fixed_dishes_on_SLIM,20260501,glu,BKO,4,6,535,12:34.9,,
4_BKO0430glu10min_740nm_3024mW_u1_poc0p2_20x0p75NA_535s50_g70_z1_256pix_basicFLIM_60f_0006.sdt,20260501_KPC_fixed_dishes_on_SLIM,20260501,glu,BKO,4,6,535,12:34.9,,
4_BKO0430glu10min_740nm_3024mW_u1_poc0p2_20x0p75NA_535s50_g70_z1_256pix_basicFLIM_40f_0006.sdt,20260501_KPC_fixed_dishes_on_SLIM,20260501,glu,BKO,4,6,535,17:32.2,,
4_BKO0430glu10min_740nm_3024mW_u1_poc0p2_20x0p75NA_535s50_g70_z1_256pix_basicFLIM_40f_0006.sdt,20260501_KPC_fixed_dishes_on_SLIM,20260501,glu,BKO,4,6,535,17:32.2,,
4_BKO0430glu10min_740nm_3024mW_u1_poc0p2_20x0p75NA_535s50_g70_z1_256pix_basicFLIM_40f_0006.sdt,20260501_KPC_fixed_dishes_on_SLIM,20260501,glu,BKO,4,6,535,17:32.2,,
4_BKO0430glu10min_740nm_3024mW_u1_poc0p2_20x0p75NA_535s50_g70_z1_256pix_basicFLIM_40f_0006.sdt,20260501_KPC_fixed_dishes_on_SLIM,20260501,glu,BKO,4,6,535,17:32.2,,
4_BKO0430glu10min_740nm_3024mW_u1_poc0p2_20x0p75NA_535s50_g70_z1_256pix_basicFLIM_40f_0006.sdt,20260501_KPC_fixed_dishes_on_SLIM,20260501,glu,BKO,4,6,535,17:32.2,,
4_BKO0430glu10min_740nm_3024mW_u1_poc0p2_20x0p75NA_535s50_g70_z1_256pix_basicFLIM_40f_0006.sdt,20260501_KPC_fixed_dishes_on_SLIM,20260501,glu,BKO,4,6,535,17:32.2,,
4_BKO0430glu10min_740nm_3024mW_u1_poc0p2_20x0p75NA_535s50_g70_z1_256pix_basicFLIM_40f_0006.sdt,20260501_KPC_fixed_dishes_on_SLIM,20260501,glu,BKO,4,6,535,17:32.2,,
4_BKO0430glu10min_740nm_3024mW_u1_poc0p2_20x0p75NA_535s50_g70_z1_256pix_basicFLIM_40f_0006.sdt,20260501_KPC_fixed_dishes_on_SLIM,20260501,glu,BKO,4,6,535,17:32.2,,
4_BKO0430glu10min_740nm_3038mW_u1_poc0p2_20x0p75NA_457s50_g70_z1_256pix_basicFLIM_100f_0007.sdt,20260501_KPC_fixed_dishes_on_SLIM,20260501,glu,BKO,4,7,457,28:56.9,,
4_BKO0430glu10min_740nm_3038mW_u1_poc0p2_20x0p75NA_457s50_g70_z1_256pix_basicFLIM_100f_0007.sdt,20260501_KPC_fixed_dishes_on_SLIM,20260501,glu,BKO,4,7,457,28:56.9,,
4_BKO0430glu10min_740nm_3038mW_u1_poc0p2_20x0p75NA_457s50_g70_z1_256pix_basicFLIM_100f_0007.sdt,20260501_KPC_fixed_dishes_on_SLIM,20260501,glu,BKO,4,7,457,28:56.9,,
4_BKO0430glu10min_740nm_3038mW_u1_poc0p2_20x0p75NA_457s50_g70_z1_256pix_basicFLIM_100f_0007.sdt,20260501_KPC_fixed_dishes_on_SLIM,20260501,glu,BKO,4,7,457,28:56.9,,
4_BKO0430glu10min_740nm_3038mW_u1_poc0p2_20x0p75NA_457s50_g70_z1_256pix_basicFLIM_100f_0007.sdt,20260501_KPC_fixed_dishes_on_SLIM,20260501,glu,BKO,4,7,457,28:56.9,,
4_BKO0430glu10min_740nm_3038mW_u1_poc0p2_20x0p75NA_457s50_g70_z1_256pix_basicFLIM_100f_0007.sdt,20260501_KPC_fixed_dishes_on_SLIM,20260501,glu,BKO,4,7,457,28:56.9,,
4_BKO0430glu10min_740nm_3038mW_u1_poc0p2_20x0p75NA_457s50_g70_z1_256pix_basicFLIM_100f_0007.sdt,20260501_KPC_fixed_dishes_on_SLIM,20260501,glu,BKO,4,7,457,28:56.9,,
4_BKO0430glu10min_740nm_3038mW_u1_poc0p2_20x0p75NA_457s50_g70_z1_256pix_basicFLIM_100f_0007.sdt,20260501_KPC_fixed_dishes_on_SLIM,20260501,glu,BKO,4,7,457,28:56.9,,
4_BKO0430glu10min_740nm_3024mW_u1_poc0p2_20x0p75NA_535s50_g70_z1_256pix_basicFLIM_60f_0007.sdt,20260501_KPC_fixed_dishes_on_SLIM,20260501,glu,BKO,4,7,535,13:11.4,,
4_BKO0430glu10min_740nm_3024mW_u1_poc0p2_20x0p75NA_535s50_g70_z1_256pix_basicFLIM_60f_0007.sdt,20260501_KPC_fixed_dishes_on_SLIM,20260501,glu,BKO,4,7,535,13:11.4,,
4_BKO0430glu10min_740nm_3024mW_u1_poc0p2_20x0p75NA_535s50_g70_z1_256pix_basicFLIM_60f_0007.sdt,20260501_KPC_fixed_dishes_on_SLIM,20260501,glu,BKO,4,7,535,13:11.4,,
4_BKO0430glu10min_740nm_3024mW_u1_poc0p2_20x0p75NA_535s50_g70_z1_256pix_basicFLIM_60f_0007.sdt,20260501_KPC_fixed_dishes_on_SLIM,20260501,glu,BKO,4,7,535,13:11.4,,
4_BKO0430glu10min_740nm_3024mW_u1_poc0p2_20x0p75NA_535s50_g70_z1_256pix_basicFLIM_60f_0007.sdt,20260501_KPC_fixed_dishes_on_SLIM,20260501,glu,BKO,4,7,535,13:11.4,,
4_BKO0430glu10min_740nm_3024mW_u1_poc0p2_20x0p75NA_535s50_g70_z1_256pix_basicFLIM_60f_0007.sdt,20260501_KPC_fixed_dishes_on_SLIM,20260501,glu,BKO,4,7,535,13:11.4,,
4_BKO0430glu10min_740nm_3024mW_u1_poc0p2_20x0p75NA_535s50_g70_z1_256pix_basicFLIM_60f_0007.sdt,20260501_KPC_fixed_dishes_on_SLIM,20260501,glu,BKO,4,7,535,13:11.4,,
4_BKO0430glu10min_740nm_3024mW_u1_poc0p2_20x0p75NA_535s50_g70_z1_256pix_basicFLIM_60f_0007.sdt,20260501_KPC_fixed_dishes_on_SLIM,20260501,glu,BKO,4,7,535,13:11.4,,
4_BKO0430glu10min_740nm_3024mW_u1_poc0p2_20x0p75NA_535s50_g70_z1_256pix_basicFLIM_40f_0007.sdt,20260501_KPC_fixed_dishes_on_SLIM,20260501,glu,BKO,4,7,535,17:57.6,,
4_BKO0430glu10min_740nm_3024mW_u1_poc0p2_20x0p75NA_535s50_g70_z1_256pix_basicFLIM_40f_0007.sdt,20260501_KPC_fixed_dishes_on_SLIM,20260501,glu,BKO,4,7,535,17:57.6,,
4_BKO0430glu10min_740nm_3024mW_u1_poc0p2_20x0p75NA_535s50_g70_z1_256pix_basicFLIM_40f_0007.sdt,20260501_KPC_fixed_dishes_on_SLIM,20260501,glu,BKO,4,7,535,17:57.6,,
4_BKO0430glu10min_740nm_3024mW_u1_poc0p2_20x0p75NA_535s50_g70_z1_256pix_basicFLIM_40f_0007.sdt,20260501_KPC_fixed_dishes_on_SLIM,20260501,glu,BKO,4,7,535,17:57.6,,
4_BKO0430glu10min_740nm_3024mW_u1_poc0p2_20x0p75NA_535s50_g70_z1_256pix_basicFLIM_40f_0007.sdt,20260501_KPC_fixed_dishes_on_SLIM,20260501,glu,BKO,4,7,535,17:57.6,,
4_BKO0430glu10min_740nm_3024mW_u1_poc0p2_20x0p75NA_535s50_g70_z1_256pix_basicFLIM_40f_0007.sdt,20260501_KPC_fixed_dishes_on_SLIM,20260501,glu,BKO,4,7,535,17:57.6,,
4_BKO0430glu10min_740nm_3024mW_u1_poc0p2_20x0p75NA_535s50_g70_z1_256pix_basicFLIM_40f_0007.sdt,20260501_KPC_fixed_dishes_on_SLIM,20260501,glu,BKO,4,7,535,17:57.6,,
4_BKO0430glu10min_740nm_3024mW_u1_poc0p2_20x0p75NA_535s50_g70_z1_256pix_basicFLIM_40f_0007.sdt,20260501_KPC_fixed_dishes_on_SLIM,20260501,glu,BKO,4,7,535,17:57.6,,
4_BKO0430glu10min_740nm_3038mW_u1_poc0p2_20x0p75NA_457s50_g70_z1_256pix_basicFLIM_100f_0008.sdt,20260501_KPC_fixed_dishes_on_SLIM,20260501,glu,BKO,4,8,457,29:54.4,,
4_BKO0430glu10min_740nm_3038mW_u1_poc0p2_20x0p75NA_457s50_g70_z1_256pix_basicFLIM_100f_0008.sdt,20260501_KPC_fixed_dishes_on_SLIM,20260501,glu,BKO,4,8,457,29:54.4,,
4_BKO0430glu10min_740nm_3038mW_u1_poc0p2_20x0p75NA_457s50_g70_z1_256pix_basicFLIM_100f_0008.sdt,20260501_KPC_fixed_dishes_on_SLIM,20260501,glu,BKO,4,8,457,29:54.4,,
4_BKO0430glu10min_740nm_3038mW_u1_poc0p2_20x0p75NA_457s50_g70_z1_256pix_basicFLIM_100f_0008.sdt,20260501_KPC_fixed_dishes_on_SLIM,20260501,glu,BKO,4,8,457,29:54.4,,
4_BKO0430glu10min_740nm_3038mW_u1_poc0p2_20x0p75NA_457s50_g70_z1_256pix_basicFLIM_100f_0008.sdt,20260501_KPC_fixed_dishes_on_SLIM,20260501,glu,BKO,4,8,457,29:54.4,,
4_BKO0430glu10min_740nm_3038mW_u1_poc0p2_20x0p75NA_457s50_g70_z1_256pix_basicFLIM_100f_0008.sdt,20260501_KPC_fixed_dishes_on_SLIM,20260501,glu,BKO,4,8,457,29:54.4,,
4_BKO0430glu10min_740nm_3038mW_u1_poc0p2_20x0p75NA_457s50_g70_z1_256pix_basicFLIM_100f_0008.sdt,20260501_KPC_fixed_dishes_on_SLIM,20260501,glu,BKO,4,8,457,29:54.4,,
4_BKO0430glu10min_740nm_3038mW_u1_poc0p2_20x0p75NA_457s50_g70_z1_256pix_basicFLIM_100f_0008.sdt,20260501_KPC_fixed_dishes_on_SLIM,20260501,glu,BKO,4,8,457,29:54.4,,
4_BKO0430glu10min_740nm_3024mW_u1_poc0p2_20x0p75NA_535s50_g70_z1_256pix_basicFLIM_60f_0008.sdt,20260501_KPC_fixed_dishes_on_SLIM,20260501,glu,BKO,4,8,535,13:46.5,,
4_BKO0430glu10min_740nm_3024mW_u1_poc0p2_20x0p75NA_535s50_g70_z1_256pix_basicFLIM_60f_0008.sdt,20260501_KPC_fixed_dishes_on_SLIM,20260501,glu,BKO,4,8,535,13:46.5,,
4_BKO0430glu10min_740nm_3024mW_u1_poc0p2_20x0p75NA_535s50_g70_z1_256pix_basicFLIM_60f_0008.sdt,20260501_KPC_fixed_dishes_on_SLIM,20260501,glu,BKO,4,8,535,13:46.5,,
4_BKO0430glu10min_740nm_3024mW_u1_poc0p2_20x0p75NA_535s50_g70_z1_256pix_basicFLIM_60f_0008.sdt,20260501_KPC_fixed_dishes_on_SLIM,20260501,glu,BKO,4,8,535,13:46.5,,
4_BKO0430glu10min_740nm_3024mW_u1_poc0p2_20x0p75NA_535s50_g70_z1_256pix_basicFLIM_60f_0008.sdt,20260501_KPC_fixed_dishes_on_SLIM,20260501,glu,BKO,4,8,535,13:46.5,,
4_BKO0430glu10min_740nm_3024mW_u1_poc0p2_20x0p75NA_535s50_g70_z1_256pix_basicFLIM_60f_0008.sdt,20260501_KPC_fixed_dishes_on_SLIM,20260501,glu,BKO,4,8,535,13:46.5,,
4_BKO0430glu10min_740nm_3024mW_u1_poc0p2_20x0p75NA_535s50_g70_z1_256pix_basicFLIM_60f_0008.sdt,20260501_KPC_fixed_dishes_on_SLIM,20260501,glu,BKO,4,8,535,13:46.5,,
4_BKO0430glu10min_740nm_3024mW_u1_poc0p2_20x0p75NA_535s50_g70_z1_256pix_basicFLIM_60f_0008.sdt,20260501_KPC_fixed_dishes_on_SLIM,20260501,glu,BKO,4,8,535,13:46.5,,
4_BKO0430glu10min_740nm_3024mW_u1_poc0p2_20x0p75NA_535s50_g70_z1_256pix_basicFLIM_40f_0008.sdt,20260501_KPC_fixed_dishes_on_SLIM,20260501,glu,BKO,4,8,535,18:21.4,,
4_BKO0430glu10min_740nm_3024mW_u1_poc0p2_20x0p75NA_535s50_g70_z1_256pix_basicFLIM_40f_0008.sdt,20260501_KPC_fixed_dishes_on_SLIM,20260501,glu,BKO,4,8,535,18:21.4,,
4_BKO0430glu10min_740nm_3024mW_u1_poc0p2_20x0p75NA_535s50_g70_z1_256pix_basicFLIM_40f_0008.sdt,20260501_KPC_fixed_dishes_on_SLIM,20260501,glu,BKO,4,8,535,18:21.4,,
4_BKO0430glu10min_740nm_3024mW_u1_poc0p2_20x0p75NA_535s50_g70_z1_256pix_basicFLIM_40f_0008.sdt,20260501_KPC_fixed_dishes_on_SLIM,20260501,glu,BKO,4,8,535,18:21.4,,
4_BKO0430glu10min_740nm_3024mW_u1_poc0p2_20x0p75NA_535s50_g70_z1_256pix_basicFLIM_40f_0008.sdt,20260501_KPC_fixed_dishes_on_SLIM,20260501,glu,BKO,4,8,535,18:21.4,,
4_BKO0430glu10min_740nm_3024mW_u1_poc0p2_20x0p75NA_535s50_g70_z1_256pix_basicFLIM_40f_0008.sdt,20260501_KPC_fixed_dishes_on_SLIM,20260501,glu,BKO,4,8,535,18:21.4,,
4_BKO0430glu10min_740nm_3024mW_u1_poc0p2_20x0p75NA_535s50_g70_z1_256pix_basicFLIM_40f_0008.sdt,20260501_KPC_fixed_dishes_on_SLIM,20260501,glu,BKO,4,8,535,18:21.4,,
4_BKO0430glu10min_740nm_3024mW_u1_poc0p2_20x0p75NA_535s50_g70_z1_256pix_basicFLIM_40f_0008.sdt,20260501_KPC_fixed_dishes_on_SLIM,20260501,glu,BKO,4,8,535,18:21.4,,
4_BKO0430glu10min_740nm_3038mW_u1_poc0p2_20x0p75NA_457s50_g70_z1_256pix_basicFLIM_100f_0009.sdt,20260501_KPC_fixed_dishes_on_SLIM,20260501,glu,BKO,4,9,457,30:51.7,,
4_BKO0430glu10min_740nm_3038mW_u1_poc0p2_20x0p75NA_457s50_g70_z1_256pix_basicFLIM_100f_0009.sdt,20260501_KPC_fixed_dishes_on_SLIM,20260501,glu,BKO,4,9,457,30:51.7,,
4_BKO0430glu10min_740nm_3038mW_u1_poc0p2_20x0p75NA_457s50_g70_z1_256pix_basicFLIM_100f_0009.sdt,20260501_KPC_fixed_dishes_on_SLIM,20260501,glu,BKO,4,9,457,30:51.7,,
4_BKO0430glu10min_740nm_3038mW_u1_poc0p2_20x0p75NA_457s50_g70_z1_256pix_basicFLIM_100f_0009.sdt,20260501_KPC_fixed_dishes_on_SLIM,20260501,glu,BKO,4,9,457,30:51.7,,
4_BKO0430glu10min_740nm_3038mW_u1_poc0p2_20x0p75NA_457s50_g70_z1_256pix_basicFLIM_100f_0009.sdt,20260501_KPC_fixed_dishes_on_SLIM,20260501,glu,BKO,4,9,457,30:51.7,,
4_BKO0430glu10min_740nm_3038mW_u1_poc0p2_20x0p75NA_457s50_g70_z1_256pix_basicFLIM_100f_0009.sdt,20260501_KPC_fixed_dishes_on_SLIM,20260501,glu,BKO,4,9,457,30:51.7,,
4_BKO0430glu10min_740nm_3038mW_u1_poc0p2_20x0p75NA_457s50_g70_z1_256pix_basicFLIM_100f_0009.sdt,20260501_KPC_fixed_dishes_on_SLIM,20260501,glu,BKO,4,9,457,30:51.7,,
4_BKO0430glu10min_740nm_3038mW_u1_poc0p2_20x0p75NA_457s50_g70_z1_256pix_basicFLIM_100f_0009.sdt,20260501_KPC_fixed_dishes_on_SLIM,20260501,glu,BKO,4,9,457,30:51.7,,
4_BKO0430glu10min_740nm_3024mW_u1_poc0p2_20x0p75NA_535s50_g70_z1_256pix_basicFLIM_60f_0009.sdt,20260501_KPC_fixed_dishes_on_SLIM,20260501,glu,BKO,4,9,535,14:21.4,,
4_BKO0430glu10min_740nm_3024mW_u1_poc0p2_20x0p75NA_535s50_g70_z1_256pix_basicFLIM_60f_0009.sdt,20260501_KPC_fixed_dishes_on_SLIM,20260501,glu,BKO,4,9,535,14:21.4,,
4_BKO0430glu10min_740nm_3024mW_u1_poc0p2_20x0p75NA_535s50_g70_z1_256pix_basicFLIM_60f_0009.sdt,20260501_KPC_fixed_dishes_on_SLIM,20260501,glu,BKO,4,9,535,14:21.4,,
4_BKO0430glu10min_740nm_3024mW_u1_poc0p2_20x0p75NA_535s50_g70_z1_256pix_basicFLIM_60f_0009.sdt,20260501_KPC_fixed_dishes_on_SLIM,20260501,glu,BKO,4,9,535,14:21.4,,
4_BKO0430glu10min_740nm_3024mW_u1_poc0p2_20x0p75NA_535s50_g70_z1_256pix_basicFLIM_60f_0009.sdt,20260501_KPC_fixed_dishes_on_SLIM,20260501,glu,BKO,4,9,535,14:21.4,,
4_BKO0430glu10min_740nm_3024mW_u1_poc0p2_20x0p75NA_535s50_g70_z1_256pix_basicFLIM_60f_0009.sdt,20260501_KPC_fixed_dishes_on_SLIM,20260501,glu,BKO,4,9,535,14:21.4,,
4_BKO0430glu10min_740nm_3024mW_u1_poc0p2_20x0p75NA_535s50_g70_z1_256pix_basicFLIM_60f_0009.sdt,20260501_KPC_fixed_dishes_on_SLIM,20260501,glu,BKO,4,9,535,14:21.4,,
4_BKO0430glu10min_740nm_3024mW_u1_poc0p2_20x0p75NA_535s50_g70_z1_256pix_basicFLIM_60f_0009.sdt,20260501_KPC_fixed_dishes_on_SLIM,20260501,glu,BKO,4,9,535,14:21.4,,
4_BKO0430glu10min_740nm_3024mW_u1_poc0p2_20x0p75NA_535s50_g70_z1_256pix_basicFLIM_40f_0009.sdt,20260501_KPC_fixed_dishes_on_SLIM,20260501,glu,BKO,4,9,535,18:45.2,,
4_BKO0430glu10min_740nm_3024mW_u1_poc0p2_20x0p75NA_535s50_g70_z1_256pix_basicFLIM_40f_0009.sdt,20260501_KPC_fixed_dishes_on_SLIM,20260501,glu,BKO,4,9,535,18:45.2,,
4_BKO0430glu10min_740nm_3024mW_u1_poc0p2_20x0p75NA_535s50_g70_z1_256pix_basicFLIM_40f_0009.sdt,20260501_KPC_fixed_dishes_on_SLIM,20260501,glu,BKO,4,9,535,18:45.2,,
4_BKO0430glu10min_740nm_3024mW_u1_poc0p2_20x0p75NA_535s50_g70_z1_256pix_basicFLIM_40f_0009.sdt,20260501_KPC_fixed_dishes_on_SLIM,20260501,glu,BKO,4,9,535,18:45.2,,
4_BKO0430glu10min_740nm_3024mW_u1_poc0p2_20x0p75NA_535s50_g70_z1_256pix_basicFLIM_40f_0009.sdt,20260501_KPC_fixed_dishes_on_SLIM,20260501,glu,BKO,4,9,535,18:45.2,,
4_BKO0430glu10min_740nm_3024mW_u1_poc0p2_20x0p75NA_535s50_g70_z1_256pix_basicFLIM_40f_0009.sdt,20260501_KPC_fixed_dishes_on_SLIM,20260501,glu,BKO,4,9,535,18:45.2,,
4_BKO0430glu10min_740nm_3024mW_u1_poc0p2_20x0p75NA_535s50_g70_z1_256pix_basicFLIM_40f_0009.sdt,20260501_KPC_fixed_dishes_on_SLIM,20260501,glu,BKO,4,9,535,18:45.2,,
4_BKO0430glu10min_740nm_3024mW_u1_poc0p2_20x0p75NA_535s50_g70_z1_256pix_basicFLIM_40f_0009.sdt,20260501_KPC_fixed_dishes_on_SLIM,20260501,glu,BKO,4,9,535,18:45.2,,
13_KPC_live_posn1_740nm_3040mW_u1_poc0p2_20x0p75NA_4570s50_g70_z1_256pix_basicFLIM_120f_0000.sdt,20260501_KPC_fixed_dishes_on_SLIM,20260501,live,KPCWT,13,0,457,36:09.0,,
13_KPC_live_posn1_740nm_3040mW_u1_poc0p2_20x0p75NA_4570s50_g70_z1_256pix_basicFLIM_120f_0000.sdt,20260501_KPC_fixed_dishes_on_SLIM,20260501,live,KPCWT,13,0,457,36:09.0,,
13_KPC_live_posn1_740nm_3040mW_u1_poc0p2_20x0p75NA_4570s50_g70_z1_256pix_basicFLIM_120f_0000.sdt,20260501_KPC_fixed_dishes_on_SLIM,20260501,live,KPCWT,13,0,457,36:09.0,,
13_KPC_live_posn1_740nm_3040mW_u1_poc0p2_20x0p75NA_4570s50_g70_z1_256pix_basicFLIM_120f_0000.sdt,20260501_KPC_fixed_dishes_on_SLIM,20260501,live,KPCWT,13,0,457,36:09.0,,
13_KPC_live_posn1_740nm_3040mW_u1_poc0p2_20x0p75NA_4570s50_g70_z1_256pix_basicFLIM_120f_0000.sdt,20260501_KPC_fixed_dishes_on_SLIM,20260501,live,KPCWT,13,0,457,36:09.0,,
13_KPC_live_posn1_740nm_3040mW_u1_poc0p2_20x0p75NA_4570s50_g70_z1_256pix_basicFLIM_120f_0000.sdt,20260501_KPC_fixed_dishes_on_SLIM,20260501,live,KPCWT,13,0,457,36:09.0,,
13_KPC_live_posn1_740nm_3040mW_u1_poc0p2_20x0p75NA_4570s50_g70_z1_256pix_basicFLIM_120f_0000.sdt,20260501_KPC_fixed_dishes_on_SLIM,20260501,live,KPCWT,13,0,457,36:09.0,,
13_KPC_live_posn1_740nm_3040mW_u1_poc0p2_20x0p75NA_4570s50_g70_z1_256pix_basicFLIM_120f_0000.sdt,20260501_KPC_fixed_dishes_on_SLIM,20260501,live,KPCWT,13,0,457,36:09.0,,
13_KPC_live_posn1b_740nm_3040mW_u1_poc0p2_20x0p75NA_535s50_g70_z1_256pix_basicFLIM_120f_0000.sdt,20260501_KPC_fixed_dishes_on_SLIM,20260501,live,KPCWT,13,0,535,50:43.9,,
13_KPC_live_posn1b_740nm_3040mW_u1_poc0p2_20x0p75NA_535s50_g70_z1_256pix_basicFLIM_120f_0000.sdt,20260501_KPC_fixed_dishes_on_SLIM,20260501,live,KPCWT,13,0,535,50:43.9,,
13_KPC_live_posn1b_740nm_3040mW_u1_poc0p2_20x0p75NA_535s50_g70_z1_256pix_basicFLIM_120f_0000.sdt,20260501_KPC_fixed_dishes_on_SLIM,20260501,live,KPCWT,13,0,535,50:43.9,,
13_KPC_live_posn1b_740nm_3040mW_u1_poc0p2_20x0p75NA_535s50_g70_z1_256pix_basicFLIM_120f_0000.sdt,20260501_KPC_fixed_dishes_on_SLIM,20260501,live,KPCWT,13,0,535,50:43.9,,
13_KPC_live_posn1b_740nm_3040mW_u1_poc0p2_20x0p75NA_535s50_g70_z1_256pix_basicFLIM_120f_0000.sdt,20260501_KPC_fixed_dishes_on_SLIM,20260501,live,KPCWT,13,0,535,50:43.9,,
13_KPC_live_posn1b_740nm_3040mW_u1_poc0p2_20x0p75NA_535s50_g70_z1_256pix_basicFLIM_120f_0000.sdt,20260501_KPC_fixed_dishes_on_SLIM,20260501,live,KPCWT,13,0,535,50:43.9,,
13_KPC_live_posn1b_740nm_3040mW_u1_poc0p2_20x0p75NA_535s50_g70_z1_256pix_basicFLIM_120f_0000.sdt,20260501_KPC_fixed_dishes_on_SLIM,20260501,live,KPCWT,13,0,535,50:43.9,,
13_KPC_live_posn1b_740nm_3040mW_u1_poc0p2_20x0p75NA_535s50_g70_z1_256pix_basicFLIM_120f_0000.sdt,20260501_KPC_fixed_dishes_on_SLIM,20260501,live,KPCWT,13,0,535,50:43.9,,
13_KPC_live_posn1_740nm_3040mW_u1_poc0p2_20x0p75NA_4570s50_g70_z1_256pix_basicFLIM_120f_0001.sdt,20260501_KPC_fixed_dishes_on_SLIM,20260501,live,KPCWT,13,1,457,37:17.0,,
13_KPC_live_posn1_740nm_3040mW_u1_poc0p2_20x0p75NA_4570s50_g70_z1_256pix_basicFLIM_120f_0001.sdt,20260501_KPC_fixed_dishes_on_SLIM,20260501,live,KPCWT,13,1,457,37:17.0,,
13_KPC_live_posn1_740nm_3040mW_u1_poc0p2_20x0p75NA_4570s50_g70_z1_256pix_basicFLIM_120f_0001.sdt,20260501_KPC_fixed_dishes_on_SLIM,20260501,live,KPCWT,13,1,457,37:17.0,,
13_KPC_live_posn1_740nm_3040mW_u1_poc0p2_20x0p75NA_4570s50_g70_z1_256pix_basicFLIM_120f_0001.sdt,20260501_KPC_fixed_dishes_on_SLIM,20260501,live,KPCWT,13,1,457,37:17.0,,
13_KPC_live_posn1_740nm_3040mW_u1_poc0p2_20x0p75NA_4570s50_g70_z1_256pix_basicFLIM_120f_0001.sdt,20260501_KPC_fixed_dishes_on_SLIM,20260501,live,KPCWT,13,1,457,37:17.0,,
13_KPC_live_posn1_740nm_3040mW_u1_poc0p2_20x0p75NA_4570s50_g70_z1_256pix_basicFLIM_120f_0001.sdt,20260501_KPC_fixed_dishes_on_SLIM,20260501,live,KPCWT,13,1,457,37:17.0,,
13_KPC_live_posn1_740nm_3040mW_u1_poc0p2_20x0p75NA_4570s50_g70_z1_256pix_basicFLIM_120f_0001.sdt,20260501_KPC_fixed_dishes_on_SLIM,20260501,live,KPCWT,13,1,457,37:17.0,,
13_KPC_live_posn1_740nm_3040mW_u1_poc0p2_20x0p75NA_4570s50_g70_z1_256pix_basicFLIM_120f_0001.sdt,20260501_KPC_fixed_dishes_on_SLIM,20260501,live,KPCWT,13,1,457,37:17.0,,
13_KPC_live_posn1b_740nm_3040mW_u1_poc0p2_20x0p75NA_535s50_g70_z1_256pix_basicFLIM_120f_0001.sdt,20260501_KPC_fixed_dishes_on_SLIM,20260501,live,KPCWT,13,1,535,51:51.8,,
13_KPC_live_posn1b_740nm_3040mW_u1_poc0p2_20x0p75NA_535s50_g70_z1_256pix_basicFLIM_120f_0001.sdt,20260501_KPC_fixed_dishes_on_SLIM,20260501,live,KPCWT,13,1,535,51:51.8,,
13_KPC_live_posn1b_740nm_3040mW_u1_poc0p2_20x0p75NA_535s50_g70_z1_256pix_basicFLIM_120f_0001.sdt,20260501_KPC_fixed_dishes_on_SLIM,20260501,live,KPCWT,13,1,535,51:51.8,,
13_KPC_live_posn1b_740nm_3040mW_u1_poc0p2_20x0p75NA_535s50_g70_z1_256pix_basicFLIM_120f_0001.sdt,20260501_KPC_fixed_dishes_on_SLIM,20260501,live,KPCWT,13,1,535,51:51.8,,
13_KPC_live_posn1b_740nm_3040mW_u1_poc0p2_20x0p75NA_535s50_g70_z1_256pix_basicFLIM_120f_0001.sdt,20260501_KPC_fixed_dishes_on_SLIM,20260501,live,KPCWT,13,1,535,51:51.8,,
13_KPC_live_posn1b_740nm_3040mW_u1_poc0p2_20x0p75NA_535s50_g70_z1_256pix_basicFLIM_120f_0001.sdt,20260501_KPC_fixed_dishes_on_SLIM,20260501,live,KPCWT,13,1,535,51:51.8,,
13_KPC_live_posn1b_740nm_3040mW_u1_poc0p2_20x0p75NA_535s50_g70_z1_256pix_basicFLIM_120f_0001.sdt,20260501_KPC_fixed_dishes_on_SLIM,20260501,live,KPCWT,13,1,535,51:51.8,,
13_KPC_live_posn1b_740nm_3040mW_u1_poc0p2_20x0p75NA_535s50_g70_z1_256pix_basicFLIM_120f_0001.sdt,20260501_KPC_fixed_dishes_on_SLIM,20260501,live,KPCWT,13,1,535,51:51.8,,
13_KPC_live_posn1_740nm_3040mW_u1_poc0p2_20x0p75NA_4570s50_g70_z1_256pix_basicFLIM_120f_0002.sdt,20260501_KPC_fixed_dishes_on_SLIM,20260501,live,KPCWT,13,2,457,38:24.8,,
13_KPC_live_posn1_740nm_3040mW_u1_poc0p2_20x0p75NA_4570s50_g70_z1_256pix_basicFLIM_120f_0002.sdt,20260501_KPC_fixed_dishes_on_SLIM,20260501,live,KPCWT,13,2,457,38:24.8,,
13_KPC_live_posn1_740nm_3040mW_u1_poc0p2_20x0p75NA_4570s50_g70_z1_256pix_basicFLIM_120f_0002.sdt,20260501_KPC_fixed_dishes_on_SLIM,20260501,live,KPCWT,13,2,457,38:24.8,,
13_KPC_live_posn1_740nm_3040mW_u1_poc0p2_20x0p75NA_4570s50_g70_z1_256pix_basicFLIM_120f_0002.sdt,20260501_KPC_fixed_dishes_on_SLIM,20260501,live,KPCWT,13,2,457,38:24.8,,
13_KPC_live_posn1_740nm_3040mW_u1_poc0p2_20x0p75NA_4570s50_g70_z1_256pix_basicFLIM_120f_0002.sdt,20260501_KPC_fixed_dishes_on_SLIM,20260501,live,KPCWT,13,2,457,38:24.8,,
13_KPC_live_posn1_740nm_3040mW_u1_poc0p2_20x0p75NA_4570s50_g70_z1_256pix_basicFLIM_120f_0002.sdt,20260501_KPC_fixed_dishes_on_SLIM,20260501,live,KPCWT,13,2,457,38:24.8,,
13_KPC_live_posn1_740nm_3040mW_u1_poc0p2_20x0p75NA_4570s50_g70_z1_256pix_basicFLIM_120f_0002.sdt,20260501_KPC_fixed_dishes_on_SLIM,20260501,live,KPCWT,13,2,457,38:24.8,,
13_KPC_live_posn1_740nm_3040mW_u1_poc0p2_20x0p75NA_4570s50_g70_z1_256pix_basicFLIM_120f_0002.sdt,20260501_KPC_fixed_dishes_on_SLIM,20260501,live,KPCWT,13,2,457,38:24.8,,
13_KPC_live_posn1b_740nm_3040mW_u1_poc0p2_20x0p75NA_535s50_g70_z1_256pix_basicFLIM_120f_0002.sdt,20260501_KPC_fixed_dishes_on_SLIM,20260501,live,KPCWT,13,2,535,52:59.4,,
13_KPC_live_posn1b_740nm_3040mW_u1_poc0p2_20x0p75NA_535s50_g70_z1_256pix_basicFLIM_120f_0002.sdt,20260501_KPC_fixed_dishes_on_SLIM,20260501,live,KPCWT,13,2,535,52:59.4,,
13_KPC_live_posn1b_740nm_3040mW_u1_poc0p2_20x0p75NA_535s50_g70_z1_256pix_basicFLIM_120f_0002.sdt,20260501_KPC_fixed_dishes_on_SLIM,20260501,live,KPCWT,13,2,535,52:59.4,,
13_KPC_live_posn1b_740nm_3040mW_u1_poc0p2_20x0p75NA_535s50_g70_z1_256pix_basicFLIM_120f_0002.sdt,20260501_KPC_fixed_dishes_on_SLIM,20260501,live,KPCWT,13,2,535,52:59.4,,
13_KPC_live_posn1b_740nm_3040mW_u1_poc0p2_20x0p75NA_535s50_g70_z1_256pix_basicFLIM_120f_0002.sdt,20260501_KPC_fixed_dishes_on_SLIM,20260501,live,KPCWT,13,2,535,52:59.4,,
13_KPC_live_posn1b_740nm_3040mW_u1_poc0p2_20x0p75NA_535s50_g70_z1_256pix_basicFLIM_120f_0002.sdt,20260501_KPC_fixed_dishes_on_SLIM,20260501,live,KPCWT,13,2,535,52:59.4,,
13_KPC_live_posn1b_740nm_3040mW_u1_poc0p2_20x0p75NA_535s50_g70_z1_256pix_basicFLIM_120f_0002.sdt,20260501_KPC_fixed_dishes_on_SLIM,20260501,live,KPCWT,13,2,535,52:59.4,,
13_KPC_live_posn1b_740nm_3040mW_u1_poc0p2_20x0p75NA_535s50_g70_z1_256pix_basicFLIM_120f_0002.sdt,20260501_KPC_fixed_dishes_on_SLIM,20260501,live,KPCWT,13,2,535,52:59.4,,
13_KPC_live_posn1_740nm_3040mW_u1_poc0p2_20x0p75NA_4570s50_g70_z1_256pix_basicFLIM_120f_0003.sdt,20260501_KPC_fixed_dishes_on_SLIM,20260501,live,KPCWT,13,3,457,39:32.5,,
13_KPC_live_posn1_740nm_3040mW_u1_poc0p2_20x0p75NA_4570s50_g70_z1_256pix_basicFLIM_120f_0003.sdt,20260501_KPC_fixed_dishes_on_SLIM,20260501,live,KPCWT,13,3,457,39:32.5,,
13_KPC_live_posn1_740nm_3040mW_u1_poc0p2_20x0p75NA_4570s50_g70_z1_256pix_basicFLIM_120f_0003.sdt,20260501_KPC_fixed_dishes_on_SLIM,20260501,live,KPCWT,13,3,457,39:32.5,,
13_KPC_live_posn1_740nm_3040mW_u1_poc0p2_20x0p75NA_4570s50_g70_z1_256pix_basicFLIM_120f_0003.sdt,20260501_KPC_fixed_dishes_on_SLIM,20260501,live,KPCWT,13,3,457,39:32.5,,
13_KPC_live_posn1_740nm_3040mW_u1_poc0p2_20x0p75NA_4570s50_g70_z1_256pix_basicFLIM_120f_0003.sdt,20260501_KPC_fixed_dishes_on_SLIM,20260501,live,KPCWT,13,3,457,39:32.5,,
13_KPC_live_posn1_740nm_3040mW_u1_poc0p2_20x0p75NA_4570s50_g70_z1_256pix_basicFLIM_120f_0003.sdt,20260501_KPC_fixed_dishes_on_SLIM,20260501,live,KPCWT,13,3,457,39:32.5,,
13_KPC_live_posn1_740nm_3040mW_u1_poc0p2_20x0p75NA_4570s50_g70_z1_256pix_basicFLIM_120f_0003.sdt,20260501_KPC_fixed_dishes_on_SLIM,20260501,live,KPCWT,13,3,457,39:32.5,,
13_KPC_live_posn1_740nm_3040mW_u1_poc0p2_20x0p75NA_4570s50_g70_z1_256pix_basicFLIM_120f_0003.sdt,20260501_KPC_fixed_dishes_on_SLIM,20260501,live,KPCWT,13,3,457,39:32.5,,
13_KPC_live_posn1b_740nm_3040mW_u1_poc0p2_20x0p75NA_535s50_g70_z1_256pix_basicFLIM_120f_0003.sdt,20260501_KPC_fixed_dishes_on_SLIM,20260501,live,KPCWT,13,3,535,54:07.3,,
13_KPC_live_posn1b_740nm_3040mW_u1_poc0p2_20x0p75NA_535s50_g70_z1_256pix_basicFLIM_120f_0003.sdt,20260501_KPC_fixed_dishes_on_SLIM,20260501,live,KPCWT,13,3,535,54:07.3,,
13_KPC_live_posn1b_740nm_3040mW_u1_poc0p2_20x0p75NA_535s50_g70_z1_256pix_basicFLIM_120f_0003.sdt,20260501_KPC_fixed_dishes_on_SLIM,20260501,live,KPCWT,13,3,535,54:07.3,,
13_KPC_live_posn1b_740nm_3040mW_u1_poc0p2_20x0p75NA_535s50_g70_z1_256pix_basicFLIM_120f_0003.sdt,20260501_KPC_fixed_dishes_on_SLIM,20260501,live,KPCWT,13,3,535,54:07.3,,
13_KPC_live_posn1b_740nm_3040mW_u1_poc0p2_20x0p75NA_535s50_g70_z1_256pix_basicFLIM_120f_0003.sdt,20260501_KPC_fixed_dishes_on_SLIM,20260501,live,KPCWT,13,3,535,54:07.3,,
13_KPC_live_posn1b_740nm_3040mW_u1_poc0p2_20x0p75NA_535s50_g70_z1_256pix_basicFLIM_120f_0003.sdt,20260501_KPC_fixed_dishes_on_SLIM,20260501,live,KPCWT,13,3,535,54:07.3,,
13_KPC_live_posn1b_740nm_3040mW_u1_poc0p2_20x0p75NA_535s50_g70_z1_256pix_basicFLIM_120f_0003.sdt,20260501_KPC_fixed_dishes_on_SLIM,20260501,live,KPCWT,13,3,535,54:07.3,,
13_KPC_live_posn1b_740nm_3040mW_u1_poc0p2_20x0p75NA_535s50_g70_z1_256pix_basicFLIM_120f_0003.sdt,20260501_KPC_fixed_dishes_on_SLIM,20260501,live,KPCWT,13,3,535,54:07.3,,
14_KPC_live_posn2_740nm_3040mW_u1_poc0p2_20x0p75NA_457s50_g70_z1_256pix_basicFLIM_120f_0000.sdt,20260501_KPC_fixed_dishes_on_SLIM,20260501,live,KPCWT,14,0,457,05:14.2,,
14_KPC_live_posn2_740nm_3040mW_u1_poc0p2_20x0p75NA_457s50_g70_z1_256pix_basicFLIM_120f_0000.sdt,20260501_KPC_fixed_dishes_on_SLIM,20260501,live,KPCWT,14,0,457,05:14.2,,
14_KPC_live_posn2_740nm_3040mW_u1_poc0p2_20x0p75NA_457s50_g70_z1_256pix_basicFLIM_120f_0000.sdt,20260501_KPC_fixed_dishes_on_SLIM,20260501,live,KPCWT,14,0,457,05:14.2,,
14_KPC_live_posn2_740nm_3040mW_u1_poc0p2_20x0p75NA_457s50_g70_z1_256pix_basicFLIM_120f_0000.sdt,20260501_KPC_fixed_dishes_on_SLIM,20260501,live,KPCWT,14,0,457,05:14.2,,
14_KPC_live_posn2_740nm_3040mW_u1_poc0p2_20x0p75NA_457s50_g70_z1_256pix_basicFLIM_120f_0000.sdt,20260501_KPC_fixed_dishes_on_SLIM,20260501,live,KPCWT,14,0,457,05:14.2,,
14_KPC_live_posn2_740nm_3040mW_u1_poc0p2_20x0p75NA_457s50_g70_z1_256pix_basicFLIM_120f_0000.sdt,20260501_KPC_fixed_dishes_on_SLIM,20260501,live,KPCWT,14,0,457,05:14.2,,
14_KPC_live_posn2_740nm_3040mW_u1_poc0p2_20x0p75NA_457s50_g70_z1_256pix_basicFLIM_120f_0000.sdt,20260501_KPC_fixed_dishes_on_SLIM,20260501,live,KPCWT,14,0,457,05:14.2,,
14_KPC_live_posn2_740nm_3040mW_u1_poc0p2_20x0p75NA_457s50_g70_z1_256pix_basicFLIM_120f_0000.sdt,20260501_KPC_fixed_dishes_on_SLIM,20260501,live,KPCWT,14,0,457,05:14.2,,
14_KPC_live_posn2_740nm_3040mW_u1_poc0p2_20x0p75NA_535s50_g70_z1_256pix_basicFLIM_120f_0000.sdt,20260501_KPC_fixed_dishes_on_SLIM,20260501,live,KPCWT,14,0,535,00:37.4,,
14_KPC_live_posn2_740nm_3040mW_u1_poc0p2_20x0p75NA_535s50_g70_z1_256pix_basicFLIM_120f_0000.sdt,20260501_KPC_fixed_dishes_on_SLIM,20260501,live,KPCWT,14,0,535,00:37.4,,
14_KPC_live_posn2_740nm_3040mW_u1_poc0p2_20x0p75NA_535s50_g70_z1_256pix_basicFLIM_120f_0000.sdt,20260501_KPC_fixed_dishes_on_SLIM,20260501,live,KPCWT,14,0,535,00:37.4,,
14_KPC_live_posn2_740nm_3040mW_u1_poc0p2_20x0p75NA_535s50_g70_z1_256pix_basicFLIM_120f_0000.sdt,20260501_KPC_fixed_dishes_on_SLIM,20260501,live,KPCWT,14,0,535,00:37.4,,
14_KPC_live_posn2_740nm_3040mW_u1_poc0p2_20x0p75NA_535s50_g70_z1_256pix_basicFLIM_120f_0000.sdt,20260501_KPC_fixed_dishes_on_SLIM,20260501,live,KPCWT,14,0,535,00:37.4,,
14_KPC_live_posn2_740nm_3040mW_u1_poc0p2_20x0p75NA_535s50_g70_z1_256pix_basicFLIM_120f_0000.sdt,20260501_KPC_fixed_dishes_on_SLIM,20260501,live,KPCWT,14,0,535,00:37.4,,
14_KPC_live_posn2_740nm_3040mW_u1_poc0p2_20x0p75NA_535s50_g70_z1_256pix_basicFLIM_120f_0000.sdt,20260501_KPC_fixed_dishes_on_SLIM,20260501,live,KPCWT,14,0,535,00:37.4,,
14_KPC_live_posn2_740nm_3040mW_u1_poc0p2_20x0p75NA_535s50_g70_z1_256pix_basicFLIM_120f_0000.sdt,20260501_KPC_fixed_dishes_on_SLIM,20260501,live,KPCWT,14,0,535,00:37.4,,
14_KPC_live_posn2_740nm_3040mW_u1_poc0p2_20x0p75NA_457s50_g70_z1_256pix_basicFLIM_120f_0001.sdt,20260501_KPC_fixed_dishes_on_SLIM,20260501,live,KPCWT,14,1,457,06:22.1,,
14_KPC_live_posn2_740nm_3040mW_u1_poc0p2_20x0p75NA_457s50_g70_z1_256pix_basicFLIM_120f_0001.sdt,20260501_KPC_fixed_dishes_on_SLIM,20260501,live,KPCWT,14,1,457,06:22.1,,
14_KPC_live_posn2_740nm_3040mW_u1_poc0p2_20x0p75NA_457s50_g70_z1_256pix_basicFLIM_120f_0001.sdt,20260501_KPC_fixed_dishes_on_SLIM,20260501,live,KPCWT,14,1,457,06:22.1,,
14_KPC_live_posn2_740nm_3040mW_u1_poc0p2_20x0p75NA_457s50_g70_z1_256pix_basicFLIM_120f_0001.sdt,20260501_KPC_fixed_dishes_on_SLIM,20260501,live,KPCWT,14,1,457,06:22.1,,
14_KPC_live_posn2_740nm_3040mW_u1_poc0p2_20x0p75NA_457s50_g70_z1_256pix_basicFLIM_120f_0001.sdt,20260501_KPC_fixed_dishes_on_SLIM,20260501,live,KPCWT,14,1,457,06:22.1,,
14_KPC_live_posn2_740nm_3040mW_u1_poc0p2_20x0p75NA_457s50_g70_z1_256pix_basicFLIM_120f_0001.sdt,20260501_KPC_fixed_dishes_on_SLIM,20260501,live,KPCWT,14,1,457,06:22.1,,
14_KPC_live_posn2_740nm_3040mW_u1_poc0p2_20x0p75NA_457s50_g70_z1_256pix_basicFLIM_120f_0001.sdt,20260501_KPC_fixed_dishes_on_SLIM,20260501,live,KPCWT,14,1,457,06:22.1,,
14_KPC_live_posn2_740nm_3040mW_u1_poc0p2_20x0p75NA_457s50_g70_z1_256pix_basicFLIM_120f_0001.sdt,20260501_KPC_fixed_dishes_on_SLIM,20260501,live,KPCWT,14,1,457,06:22.1,,
14_KPC_live_posn2_740nm_3040mW_u1_poc0p2_20x0p75NA_535s50_g70_z1_256pix_basicFLIM_120f_0001.sdt,20260501_KPC_fixed_dishes_on_SLIM,20260501,live,KPCWT,14,1,535,01:45.3,,
14_KPC_live_posn2_740nm_3040mW_u1_poc0p2_20x0p75NA_535s50_g70_z1_256pix_basicFLIM_120f_0001.sdt,20260501_KPC_fixed_dishes_on_SLIM,20260501,live,KPCWT,14,1,535,01:45.3,,
14_KPC_live_posn2_740nm_3040mW_u1_poc0p2_20x0p75NA_535s50_g70_z1_256pix_basicFLIM_120f_0001.sdt,20260501_KPC_fixed_dishes_on_SLIM,20260501,live,KPCWT,14,1,535,01:45.3,,
14_KPC_live_posn2_740nm_3040mW_u1_poc0p2_20x0p75NA_535s50_g70_z1_256pix_basicFLIM_120f_0001.sdt,20260501_KPC_fixed_dishes_on_SLIM,20260501,live,KPCWT,14,1,535,01:45.3,,
14_KPC_live_posn2_740nm_3040mW_u1_poc0p2_20x0p75NA_535s50_g70_z1_256pix_basicFLIM_120f_0001.sdt,20260501_KPC_fixed_dishes_on_SLIM,20260501,live,KPCWT,14,1,535,01:45.3,,
14_KPC_live_posn2_740nm_3040mW_u1_poc0p2_20x0p75NA_535s50_g70_z1_256pix_basicFLIM_120f_0001.sdt,20260501_KPC_fixed_dishes_on_SLIM,20260501,live,KPCWT,14,1,535,01:45.3,,
14_KPC_live_posn2_740nm_3040mW_u1_poc0p2_20x0p75NA_535s50_g70_z1_256pix_basicFLIM_120f_0001.sdt,20260501_KPC_fixed_dishes_on_SLIM,20260501,live,KPCWT,14,1,535,01:45.3,,
14_KPC_live_posn2_740nm_3040mW_u1_poc0p2_20x0p75NA_535s50_g70_z1_256pix_basicFLIM_120f_0001.sdt,20260501_KPC_fixed_dishes_on_SLIM,20260501,live,KPCWT,14,1,535,01:45.3,,
14_KPC_live_posn2_740nm_3040mW_u1_poc0p2_20x0p75NA_457s50_g70_z1_256pix_basicFLIM_120f_0002.sdt,20260501_KPC_fixed_dishes_on_SLIM,20260501,live,KPCWT,14,2,457,07:30.0,,
14_KPC_live_posn2_740nm_3040mW_u1_poc0p2_20x0p75NA_457s50_g70_z1_256pix_basicFLIM_120f_0002.sdt,20260501_KPC_fixed_dishes_on_SLIM,20260501,live,KPCWT,14,2,457,07:30.0,,
14_KPC_live_posn2_740nm_3040mW_u1_poc0p2_20x0p75NA_457s50_g70_z1_256pix_basicFLIM_120f_0002.sdt,20260501_KPC_fixed_dishes_on_SLIM,20260501,live,KPCWT,14,2,457,07:30.0,,
14_KPC_live_posn2_740nm_3040mW_u1_poc0p2_20x0p75NA_457s50_g70_z1_256pix_basicFLIM_120f_0002.sdt,20260501_KPC_fixed_dishes_on_SLIM,20260501,live,KPCWT,14,2,457,07:30.0,,
14_KPC_live_posn2_740nm_3040mW_u1_poc0p2_20x0p75NA_457s50_g70_z1_256pix_basicFLIM_120f_0002.sdt,20260501_KPC_fixed_dishes_on_SLIM,20260501,live,KPCWT,14,2,457,07:30.0,,
14_KPC_live_posn2_740nm_3040mW_u1_poc0p2_20x0p75NA_457s50_g70_z1_256pix_basicFLIM_120f_0002.sdt,20260501_KPC_fixed_dishes_on_SLIM,20260501,live,KPCWT,14,2,457,07:30.0,,
14_KPC_live_posn2_740nm_3040mW_u1_poc0p2_20x0p75NA_457s50_g70_z1_256pix_basicFLIM_120f_0002.sdt,20260501_KPC_fixed_dishes_on_SLIM,20260501,live,KPCWT,14,2,457,07:30.0,,
14_KPC_live_posn2_740nm_3040mW_u1_poc0p2_20x0p75NA_457s50_g70_z1_256pix_basicFLIM_120f_0002.sdt,20260501_KPC_fixed_dishes_on_SLIM,20260501,live,KPCWT,14,2,457,07:30.0,,
14_KPC_live_posn2_740nm_3040mW_u1_poc0p2_20x0p75NA_535s50_g70_z1_256pix_basicFLIM_120f_0002.sdt,20260501_KPC_fixed_dishes_on_SLIM,20260501,live,KPCWT,14,2,535,02:53.2,,
14_KPC_live_posn2_740nm_3040mW_u1_poc0p2_20x0p75NA_535s50_g70_z1_256pix_basicFLIM_120f_0002.sdt,20260501_KPC_fixed_dishes_on_SLIM,20260501,live,KPCWT,14,2,535,02:53.2,,
14_KPC_live_posn2_740nm_3040mW_u1_poc0p2_20x0p75NA_535s50_g70_z1_256pix_basicFLIM_120f_0002.sdt,20260501_KPC_fixed_dishes_on_SLIM,20260501,live,KPCWT,14,2,535,02:53.2,,
14_KPC_live_posn2_740nm_3040mW_u1_poc0p2_20x0p75NA_535s50_g70_z1_256pix_basicFLIM_120f_0002.sdt,20260501_KPC_fixed_dishes_on_SLIM,20260501,live,KPCWT,14,2,535,02:53.2,,
14_KPC_live_posn2_740nm_3040mW_u1_poc0p2_20x0p75NA_535s50_g70_z1_256pix_basicFLIM_120f_0002.sdt,20260501_KPC_fixed_dishes_on_SLIM,20260501,live,KPCWT,14,2,535,02:53.2,,
14_KPC_live_posn2_740nm_3040mW_u1_poc0p2_20x0p75NA_535s50_g70_z1_256pix_basicFLIM_120f_0002.sdt,20260501_KPC_fixed_dishes_on_SLIM,20260501,live,KPCWT,14,2,535,02:53.2,,
14_KPC_live_posn2_740nm_3040mW_u1_poc0p2_20x0p75NA_535s50_g70_z1_256pix_basicFLIM_120f_0002.sdt,20260501_KPC_fixed_dishes_on_SLIM,20260501,live,KPCWT,14,2,535,02:53.2,,
14_KPC_live_posn2_740nm_3040mW_u1_poc0p2_20x0p75NA_535s50_g70_z1_256pix_basicFLIM_120f_0002.sdt,20260501_KPC_fixed_dishes_on_SLIM,20260501,live,KPCWT,14,2,535,02:53.2,,
15_KPC_live_posn3_740nm_3040mW_u1_poc0p2_20x0p75NA_457s50_g70_z1_256pix_basicFLIM_120f_0000.sdt,20260501_KPC_fixed_dishes_on_SLIM,20260501,live,KPCWT,15,0,457,13:43.3,,
15_KPC_live_posn3_740nm_3040mW_u1_poc0p2_20x0p75NA_457s50_g70_z1_256pix_basicFLIM_120f_0000.sdt,20260501_KPC_fixed_dishes_on_SLIM,20260501,live,KPCWT,15,0,457,13:43.3,,
15_KPC_live_posn3_740nm_3040mW_u1_poc0p2_20x0p75NA_457s50_g70_z1_256pix_basicFLIM_120f_0000.sdt,20260501_KPC_fixed_dishes_on_SLIM,20260501,live,KPCWT,15,0,457,13:43.3,,
15_KPC_live_posn3_740nm_3040mW_u1_poc0p2_20x0p75NA_457s50_g70_z1_256pix_basicFLIM_120f_0000.sdt,20260501_KPC_fixed_dishes_on_SLIM,20260501,live,KPCWT,15,0,457,13:43.3,,
15_KPC_live_posn3_740nm_3040mW_u1_poc0p2_20x0p75NA_457s50_g70_z1_256pix_basicFLIM_120f_0000.sdt,20260501_KPC_fixed_dishes_on_SLIM,20260501,live,KPCWT,15,0,457,13:43.3,,
15_KPC_live_posn3_740nm_3040mW_u1_poc0p2_20x0p75NA_457s50_g70_z1_256pix_basicFLIM_120f_0000.sdt,20260501_KPC_fixed_dishes_on_SLIM,20260501,live,KPCWT,15,0,457,13:43.3,,
15_KPC_live_posn3_740nm_3040mW_u1_poc0p2_20x0p75NA_457s50_g70_z1_256pix_basicFLIM_120f_0000.sdt,20260501_KPC_fixed_dishes_on_SLIM,20260501,live,KPCWT,15,0,457,13:43.3,,
15_KPC_live_posn3_740nm_3040mW_u1_poc0p2_20x0p75NA_457s50_g70_z1_256pix_basicFLIM_120f_0000.sdt,20260501_KPC_fixed_dishes_on_SLIM,20260501,live,KPCWT,15,0,457,13:43.3,,
15_KPC_live_posn3_740nm_3040mW_u1_poc0p2_20x0p75NA_535s50_g70_z1_256pix_basicFLIM_120f_0000.sdt,20260501_KPC_fixed_dishes_on_SLIM,20260501,live,KPCWT,15,0,535,20:31.2,,
15_KPC_live_posn3_740nm_3040mW_u1_poc0p2_20x0p75NA_535s50_g70_z1_256pix_basicFLIM_120f_0000.sdt,20260501_KPC_fixed_dishes_on_SLIM,20260501,live,KPCWT,15,0,535,20:31.2,,
15_KPC_live_posn3_740nm_3040mW_u1_poc0p2_20x0p75NA_535s50_g70_z1_256pix_basicFLIM_120f_0000.sdt,20260501_KPC_fixed_dishes_on_SLIM,20260501,live,KPCWT,15,0,535,20:31.2,,
15_KPC_live_posn3_740nm_3040mW_u1_poc0p2_20x0p75NA_535s50_g70_z1_256pix_basicFLIM_120f_0000.sdt,20260501_KPC_fixed_dishes_on_SLIM,20260501,live,KPCWT,15,0,535,20:31.2,,
15_KPC_live_posn3_740nm_3040mW_u1_poc0p2_20x0p75NA_535s50_g70_z1_256pix_basicFLIM_120f_0000.sdt,20260501_KPC_fixed_dishes_on_SLIM,20260501,live,KPCWT,15,0,535,20:31.2,,
15_KPC_live_posn3_740nm_3040mW_u1_poc0p2_20x0p75NA_535s50_g70_z1_256pix_basicFLIM_120f_0000.sdt,20260501_KPC_fixed_dishes_on_SLIM,20260501,live,KPCWT,15,0,535,20:31.2,,
15_KPC_live_posn3_740nm_3040mW_u1_poc0p2_20x0p75NA_535s50_g70_z1_256pix_basicFLIM_120f_0000.sdt,20260501_KPC_fixed_dishes_on_SLIM,20260501,live,KPCWT,15,0,535,20:31.2,,
15_KPC_live_posn3_740nm_3040mW_u1_poc0p2_20x0p75NA_535s50_g70_z1_256pix_basicFLIM_120f_0000.sdt,20260501_KPC_fixed_dishes_on_SLIM,20260501,live,KPCWT,15,0,535,20:31.2,,
15_KPC_live_posn3_740nm_3040mW_u1_poc0p2_20x0p75NA_457s50_g70_z1_256pix_basicFLIM_120f_0001.sdt,20260501_KPC_fixed_dishes_on_SLIM,20260501,live,KPCWT,15,1,457,14:51.2,,
15_KPC_live_posn3_740nm_3040mW_u1_poc0p2_20x0p75NA_457s50_g70_z1_256pix_basicFLIM_120f_0001.sdt,20260501_KPC_fixed_dishes_on_SLIM,20260501,live,KPCWT,15,1,457,14:51.2,,
15_KPC_live_posn3_740nm_3040mW_u1_poc0p2_20x0p75NA_457s50_g70_z1_256pix_basicFLIM_120f_0001.sdt,20260501_KPC_fixed_dishes_on_SLIM,20260501,live,KPCWT,15,1,457,14:51.2,,
15_KPC_live_posn3_740nm_3040mW_u1_poc0p2_20x0p75NA_457s50_g70_z1_256pix_basicFLIM_120f_0001.sdt,20260501_KPC_fixed_dishes_on_SLIM,20260501,live,KPCWT,15,1,457,14:51.2,,
15_KPC_live_posn3_740nm_3040mW_u1_poc0p2_20x0p75NA_457s50_g70_z1_256pix_basicFLIM_120f_0001.sdt,20260501_KPC_fixed_dishes_on_SLIM,20260501,live,KPCWT,15,1,457,14:51.2,,
15_KPC_live_posn3_740nm_3040mW_u1_poc0p2_20x0p75NA_457s50_g70_z1_256pix_basicFLIM_120f_0001.sdt,20260501_KPC_fixed_dishes_on_SLIM,20260501,live,KPCWT,15,1,457,14:51.2,,
15_KPC_live_posn3_740nm_3040mW_u1_poc0p2_20x0p75NA_457s50_g70_z1_256pix_basicFLIM_120f_0001.sdt,20260501_KPC_fixed_dishes_on_SLIM,20260501,live,KPCWT,15,1,457,14:51.2,,
15_KPC_live_posn3_740nm_3040mW_u1_poc0p2_20x0p75NA_457s50_g70_z1_256pix_basicFLIM_120f_0001.sdt,20260501_KPC_fixed_dishes_on_SLIM,20260501,live,KPCWT,15,1,457,14:51.2,,
15_KPC_live_posn3_740nm_3040mW_u1_poc0p2_20x0p75NA_535s50_g70_z1_256pix_basicFLIM_120f_0001.sdt,20260501_KPC_fixed_dishes_on_SLIM,20260501,live,KPCWT,15,1,535,21:39.1,,
15_KPC_live_posn3_740nm_3040mW_u1_poc0p2_20x0p75NA_535s50_g70_z1_256pix_basicFLIM_120f_0001.sdt,20260501_KPC_fixed_dishes_on_SLIM,20260501,live,KPCWT,15,1,535,21:39.1,,
15_KPC_live_posn3_740nm_3040mW_u1_poc0p2_20x0p75NA_535s50_g70_z1_256pix_basicFLIM_120f_0001.sdt,20260501_KPC_fixed_dishes_on_SLIM,20260501,live,KPCWT,15,1,535,21:39.1,,
15_KPC_live_posn3_740nm_3040mW_u1_poc0p2_20x0p75NA_535s50_g70_z1_256pix_basicFLIM_120f_0001.sdt,20260501_KPC_fixed_dishes_on_SLIM,20260501,live,KPCWT,15,1,535,21:39.1,,
15_KPC_live_posn3_740nm_3040mW_u1_poc0p2_20x0p75NA_535s50_g70_z1_256pix_basicFLIM_120f_0001.sdt,20260501_KPC_fixed_dishes_on_SLIM,20260501,live,KPCWT,15,1,535,21:39.1,,
15_KPC_live_posn3_740nm_3040mW_u1_poc0p2_20x0p75NA_535s50_g70_z1_256pix_basicFLIM_120f_0001.sdt,20260501_KPC_fixed_dishes_on_SLIM,20260501,live,KPCWT,15,1,535,21:39.1,,
15_KPC_live_posn3_740nm_3040mW_u1_poc0p2_20x0p75NA_535s50_g70_z1_256pix_basicFLIM_120f_0001.sdt,20260501_KPC_fixed_dishes_on_SLIM,20260501,live,KPCWT,15,1,535,21:39.1,,
15_KPC_live_posn3_740nm_3040mW_u1_poc0p2_20x0p75NA_535s50_g70_z1_256pix_basicFLIM_120f_0001.sdt,20260501_KPC_fixed_dishes_on_SLIM,20260501,live,KPCWT,15,1,535,21:39.1,,
15_KPC_live_posn3_740nm_3040mW_u1_poc0p2_20x0p75NA_457s50_g70_z1_256pix_basicFLIM_120f_0002.sdt,20260501_KPC_fixed_dishes_on_SLIM,20260501,live,KPCWT,15,2,457,15:59.0,,
15_KPC_live_posn3_740nm_3040mW_u1_poc0p2_20x0p75NA_457s50_g70_z1_256pix_basicFLIM_120f_0002.sdt,20260501_KPC_fixed_dishes_on_SLIM,20260501,live,KPCWT,15,2,457,15:59.0,,
15_KPC_live_posn3_740nm_3040mW_u1_poc0p2_20x0p75NA_457s50_g70_z1_256pix_basicFLIM_120f_0002.sdt,20260501_KPC_fixed_dishes_on_SLIM,20260501,live,KPCWT,15,2,457,15:59.0,,
15_KPC_live_posn3_740nm_3040mW_u1_poc0p2_20x0p75NA_457s50_g70_z1_256pix_basicFLIM_120f_0002.sdt,20260501_KPC_fixed_dishes_on_SLIM,20260501,live,KPCWT,15,2,457,15:59.0,,
15_KPC_live_posn3_740nm_3040mW_u1_poc0p2_20x0p75NA_457s50_g70_z1_256pix_basicFLIM_120f_0002.sdt,20260501_KPC_fixed_dishes_on_SLIM,20260501,live,KPCWT,15,2,457,15:59.0,,
15_KPC_live_posn3_740nm_3040mW_u1_poc0p2_20x0p75NA_457s50_g70_z1_256pix_basicFLIM_120f_0002.sdt,20260501_KPC_fixed_dishes_on_SLIM,20260501,live,KPCWT,15,2,457,15:59.0,,
15_KPC_live_posn3_740nm_3040mW_u1_poc0p2_20x0p75NA_457s50_g70_z1_256pix_basicFLIM_120f_0002.sdt,20260501_KPC_fixed_dishes_on_SLIM,20260501,live,KPCWT,15,2,457,15:59.0,,
15_KPC_live_posn3_740nm_3040mW_u1_poc0p2_20x0p75NA_457s50_g70_z1_256pix_basicFLIM_120f_0002.sdt,20260501_KPC_fixed_dishes_on_SLIM,20260501,live,KPCWT,15,2,457,15:59.0,,
15_KPC_live_posn3_740nm_3040mW_u1_poc0p2_20x0p75NA_535s50_g70_z1_256pix_basicFLIM_120f_0002.sdt,20260501_KPC_fixed_dishes_on_SLIM,20260501,live,KPCWT,15,2,535,22:46.6,,
15_KPC_live_posn3_740nm_3040mW_u1_poc0p2_20x0p75NA_535s50_g70_z1_256pix_basicFLIM_120f_0002.sdt,20260501_KPC_fixed_dishes_on_SLIM,20260501,live,KPCWT,15,2,535,22:46.6,,
15_KPC_live_posn3_740nm_3040mW_u1_poc0p2_20x0p75NA_535s50_g70_z1_256pix_basicFLIM_120f_0002.sdt,20260501_KPC_fixed_dishes_on_SLIM,20260501,live,KPCWT,15,2,535,22:46.6,,
15_KPC_live_posn3_740nm_3040mW_u1_poc0p2_20x0p75NA_535s50_g70_z1_256pix_basicFLIM_120f_0002.sdt,20260501_KPC_fixed_dishes_on_SLIM,20260501,live,KPCWT,15,2,535,22:46.6,,
15_KPC_live_posn3_740nm_3040mW_u1_poc0p2_20x0p75NA_535s50_g70_z1_256pix_basicFLIM_120f_0002.sdt,20260501_KPC_fixed_dishes_on_SLIM,20260501,live,KPCWT,15,2,535,22:46.6,,
15_KPC_live_posn3_740nm_3040mW_u1_poc0p2_20x0p75NA_535s50_g70_z1_256pix_basicFLIM_120f_0002.sdt,20260501_KPC_fixed_dishes_on_SLIM,20260501,live,KPCWT,15,2,535,22:46.6,,
15_KPC_live_posn3_740nm_3040mW_u1_poc0p2_20x0p75NA_535s50_g70_z1_256pix_basicFLIM_120f_0002.sdt,20260501_KPC_fixed_dishes_on_SLIM,20260501,live,KPCWT,15,2,535,22:46.6,,
15_KPC_live_posn3_740nm_3040mW_u1_poc0p2_20x0p75NA_535s50_g70_z1_256pix_basicFLIM_120f_0002.sdt,20260501_KPC_fixed_dishes_on_SLIM,20260501,live,KPCWT,15,2,535,22:46.6,,
15_KPC_live_posn3_740nm_3040mW_u1_poc0p2_20x0p75NA_457s50_g70_z1_256pix_basicFLIM_120f_0003.sdt,20260501_KPC_fixed_dishes_on_SLIM,20260501,live,KPCWT,15,3,457,17:06.9,,
15_KPC_live_posn3_740nm_3040mW_u1_poc0p2_20x0p75NA_457s50_g70_z1_256pix_basicFLIM_120f_0003.sdt,20260501_KPC_fixed_dishes_on_SLIM,20260501,live,KPCWT,15,3,457,17:06.9,,
15_KPC_live_posn3_740nm_3040mW_u1_poc0p2_20x0p75NA_457s50_g70_z1_256pix_basicFLIM_120f_0003.sdt,20260501_KPC_fixed_dishes_on_SLIM,20260501,live,KPCWT,15,3,457,17:06.9,,
15_KPC_live_posn3_740nm_3040mW_u1_poc0p2_20x0p75NA_457s50_g70_z1_256pix_basicFLIM_120f_0003.sdt,20260501_KPC_fixed_dishes_on_SLIM,20260501,live,KPCWT,15,3,457,17:06.9,,
15_KPC_live_posn3_740nm_3040mW_u1_poc0p2_20x0p75NA_457s50_g70_z1_256pix_basicFLIM_120f_0003.sdt,20260501_KPC_fixed_dishes_on_SLIM,20260501,live,KPCWT,15,3,457,17:06.9,,
15_KPC_live_posn3_740nm_3040mW_u1_poc0p2_20x0p75NA_457s50_g70_z1_256pix_basicFLIM_120f_0003.sdt,20260501_KPC_fixed_dishes_on_SLIM,20260501,live,KPCWT,15,3,457,17:06.9,,
15_KPC_live_posn3_740nm_3040mW_u1_poc0p2_20x0p75NA_457s50_g70_z1_256pix_basicFLIM_120f_0003.sdt,20260501_KPC_fixed_dishes_on_SLIM,20260501,live,KPCWT,15,3,457,17:06.9,,
15_KPC_live_posn3_740nm_3040mW_u1_poc0p2_20x0p75NA_457s50_g70_z1_256pix_basicFLIM_120f_0003.sdt,20260501_KPC_fixed_dishes_on_SLIM,20260501,live,KPCWT,15,3,457,17:06.9,,
15_KPC_live_posn3_740nm_3040mW_u1_poc0p2_20x0p75NA_535s50_g70_z1_256pix_basicFLIM_120f_0003.sdt,20260501_KPC_fixed_dishes_on_SLIM,20260501,live,KPCWT,15,3,535,23:54.1,,
15_KPC_live_posn3_740nm_3040mW_u1_poc0p2_20x0p75NA_535s50_g70_z1_256pix_basicFLIM_120f_0003.sdt,20260501_KPC_fixed_dishes_on_SLIM,20260501,live,KPCWT,15,3,535,23:54.1,,
15_KPC_live_posn3_740nm_3040mW_u1_poc0p2_20x0p75NA_535s50_g70_z1_256pix_basicFLIM_120f_0003.sdt,20260501_KPC_fixed_dishes_on_SLIM,20260501,live,KPCWT,15,3,535,23:54.1,,
15_KPC_live_posn3_740nm_3040mW_u1_poc0p2_20x0p75NA_535s50_g70_z1_256pix_basicFLIM_120f_0003.sdt,20260501_KPC_fixed_dishes_on_SLIM,20260501,live,KPCWT,15,3,535,23:54.1,,
15_KPC_live_posn3_740nm_3040mW_u1_poc0p2_20x0p75NA_535s50_g70_z1_256pix_basicFLIM_120f_0003.sdt,20260501_KPC_fixed_dishes_on_SLIM,20260501,live,KPCWT,15,3,535,23:54.1,,
15_KPC_live_posn3_740nm_3040mW_u1_poc0p2_20x0p75NA_535s50_g70_z1_256pix_basicFLIM_120f_0003.sdt,20260501_KPC_fixed_dishes_on_SLIM,20260501,live,KPCWT,15,3,535,23:54.1,,
15_KPC_live_posn3_740nm_3040mW_u1_poc0p2_20x0p75NA_535s50_g70_z1_256pix_basicFLIM_120f_0003.sdt,20260501_KPC_fixed_dishes_on_SLIM,20260501,live,KPCWT,15,3,535,23:54.1,,
15_KPC_live_posn3_740nm_3040mW_u1_poc0p2_20x0p75NA_535s50_g70_z1_256pix_basicFLIM_120f_0003.sdt,20260501_KPC_fixed_dishes_on_SLIM,20260501,live,KPCWT,15,3,535,23:54.1,,
15_KPC_live_posn3_740nm_3040mW_u1_poc0p2_20x0p75NA_457s50_g70_z1_256pix_basicFLIM_120f_0004.sdt,20260501_KPC_fixed_dishes_on_SLIM,20260501,live,KPCWT,15,4,457,18:14.7,,
15_KPC_live_posn3_740nm_3040mW_u1_poc0p2_20x0p75NA_457s50_g70_z1_256pix_basicFLIM_120f_0004.sdt,20260501_KPC_fixed_dishes_on_SLIM,20260501,live,KPCWT,15,4,457,18:14.7,,
15_KPC_live_posn3_740nm_3040mW_u1_poc0p2_20x0p75NA_457s50_g70_z1_256pix_basicFLIM_120f_0004.sdt,20260501_KPC_fixed_dishes_on_SLIM,20260501,live,KPCWT,15,4,457,18:14.7,,
15_KPC_live_posn3_740nm_3040mW_u1_poc0p2_20x0p75NA_457s50_g70_z1_256pix_basicFLIM_120f_0004.sdt,20260501_KPC_fixed_dishes_on_SLIM,20260501,live,KPCWT,15,4,457,18:14.7,,
15_KPC_live_posn3_740nm_3040mW_u1_poc0p2_20x0p75NA_457s50_g70_z1_256pix_basicFLIM_120f_0004.sdt,20260501_KPC_fixed_dishes_on_SLIM,20260501,live,KPCWT,15,4,457,18:14.7,,
15_KPC_live_posn3_740nm_3040mW_u1_poc0p2_20x0p75NA_457s50_g70_z1_256pix_basicFLIM_120f_0004.sdt,20260501_KPC_fixed_dishes_on_SLIM,20260501,live,KPCWT,15,4,457,18:14.7,,
15_KPC_live_posn3_740nm_3040mW_u1_poc0p2_20x0p75NA_457s50_g70_z1_256pix_basicFLIM_120f_0004.sdt,20260501_KPC_fixed_dishes_on_SLIM,20260501,live,KPCWT,15,4,457,18:14.7,,
15_KPC_live_posn3_740nm_3040mW_u1_poc0p2_20x0p75NA_457s50_g70_z1_256pix_basicFLIM_120f_0004.sdt,20260501_KPC_fixed_dishes_on_SLIM,20260501,live,KPCWT,15,4,457,18:14.7,,
15_KPC_live_posn3_740nm_3040mW_u1_poc0p2_20x0p75NA_535s50_g70_z1_256pix_basicFLIM_120f_0004.sdt,20260501_KPC_fixed_dishes_on_SLIM,20260501,live,KPCWT,15,4,535,25:02.0,,
15_KPC_live_posn3_740nm_3040mW_u1_poc0p2_20x0p75NA_535s50_g70_z1_256pix_basicFLIM_120f_0004.sdt,20260501_KPC_fixed_dishes_on_SLIM,20260501,live,KPCWT,15,4,535,25:02.0,,
15_KPC_live_posn3_740nm_3040mW_u1_poc0p2_20x0p75NA_535s50_g70_z1_256pix_basicFLIM_120f_0004.sdt,20260501_KPC_fixed_dishes_on_SLIM,20260501,live,KPCWT,15,4,535,25:02.0,,
15_KPC_live_posn3_740nm_3040mW_u1_poc0p2_20x0p75NA_535s50_g70_z1_256pix_basicFLIM_120f_0004.sdt,20260501_KPC_fixed_dishes_on_SLIM,20260501,live,KPCWT,15,4,535,25:02.0,,
15_KPC_live_posn3_740nm_3040mW_u1_poc0p2_20x0p75NA_535s50_g70_z1_256pix_basicFLIM_120f_0004.sdt,20260501_KPC_fixed_dishes_on_SLIM,20260501,live,KPCWT,15,4,535,25:02.0,,
15_KPC_live_posn3_740nm_3040mW_u1_poc0p2_20x0p75NA_535s50_g70_z1_256pix_basicFLIM_120f_0004.sdt,20260501_KPC_fixed_dishes_on_SLIM,20260501,live,KPCWT,15,4,535,25:02.0,,
15_KPC_live_posn3_740nm_3040mW_u1_poc0p2_20x0p75NA_535s50_g70_z1_256pix_basicFLIM_120f_0004.sdt,20260501_KPC_fixed_dishes_on_SLIM,20260501,live,KPCWT,15,4,535,25:02.0,,
15_KPC_live_posn3_740nm_3040mW_u1_poc0p2_20x0p75NA_535s50_g70_z1_256pix_basicFLIM_120f_0004.sdt,20260501_KPC_fixed_dishes_on_SLIM,20260501,live,KPCWT,15,4,535,25:02.0,,
16_KPC_live_posn4_740nm_3040mW_u1_poc0p2_20x0p75NA_457s50_g70_z1_256pix_basicFLIM_120f_0000.sdt,20260501_KPC_fixed_dishes_on_SLIM,20260501,live,KPCWT,16,0,457,43:17.6,,
16_KPC_live_posn4_740nm_3040mW_u1_poc0p2_20x0p75NA_457s50_g70_z1_256pix_basicFLIM_120f_0000.sdt,20260501_KPC_fixed_dishes_on_SLIM,20260501,live,KPCWT,16,0,457,43:17.6,,
16_KPC_live_posn4_740nm_3040mW_u1_poc0p2_20x0p75NA_457s50_g70_z1_256pix_basicFLIM_120f_0000.sdt,20260501_KPC_fixed_dishes_on_SLIM,20260501,live,KPCWT,16,0,457,43:17.6,,
16_KPC_live_posn4_740nm_3040mW_u1_poc0p2_20x0p75NA_457s50_g70_z1_256pix_basicFLIM_120f_0000.sdt,20260501_KPC_fixed_dishes_on_SLIM,20260501,live,KPCWT,16,0,457,43:17.6,,
16_KPC_live_posn4_740nm_3040mW_u1_poc0p2_20x0p75NA_457s50_g70_z1_256pix_basicFLIM_120f_0000.sdt,20260501_KPC_fixed_dishes_on_SLIM,20260501,live,KPCWT,16,0,457,43:17.6,,
16_KPC_live_posn4_740nm_3040mW_u1_poc0p2_20x0p75NA_457s50_g70_z1_256pix_basicFLIM_120f_0000.sdt,20260501_KPC_fixed_dishes_on_SLIM,20260501,live,KPCWT,16,0,457,43:17.6,,
16_KPC_live_posn4_740nm_3040mW_u1_poc0p2_20x0p75NA_457s50_g70_z1_256pix_basicFLIM_120f_0000.sdt,20260501_KPC_fixed_dishes_on_SLIM,20260501,live,KPCWT,16,0,457,43:17.6,,
16_KPC_live_posn4_740nm_3040mW_u1_poc0p2_20x0p75NA_457s50_g70_z1_256pix_basicFLIM_120f_0000.sdt,20260501_KPC_fixed_dishes_on_SLIM,20260501,live,KPCWT,16,0,457,43:17.6,,
16_KPC_live_posn4_740nm_3040mW_u1_poc0p2_20x0p75NA_535s50_g70_z1_256pix_basicFLIM_120f_0000.sdt,20260501_KPC_fixed_dishes_on_SLIM,20260501,live,KPCWT,16,0,535,37:32.7,,
16_KPC_live_posn4_740nm_3040mW_u1_poc0p2_20x0p75NA_535s50_g70_z1_256pix_basicFLIM_120f_0000.sdt,20260501_KPC_fixed_dishes_on_SLIM,20260501,live,KPCWT,16,0,535,37:32.7,,
16_KPC_live_posn4_740nm_3040mW_u1_poc0p2_20x0p75NA_535s50_g70_z1_256pix_basicFLIM_120f_0000.sdt,20260501_KPC_fixed_dishes_on_SLIM,20260501,live,KPCWT,16,0,535,37:32.7,,
16_KPC_live_posn4_740nm_3040mW_u1_poc0p2_20x0p75NA_535s50_g70_z1_256pix_basicFLIM_120f_0000.sdt,20260501_KPC_fixed_dishes_on_SLIM,20260501,live,KPCWT,16,0,535,37:32.7,,
16_KPC_live_posn4_740nm_3040mW_u1_poc0p2_20x0p75NA_535s50_g70_z1_256pix_basicFLIM_120f_0000.sdt,20260501_KPC_fixed_dishes_on_SLIM,20260501,live,KPCWT,16,0,535,37:32.7,,
16_KPC_live_posn4_740nm_3040mW_u1_poc0p2_20x0p75NA_535s50_g70_z1_256pix_basicFLIM_120f_0000.sdt,20260501_KPC_fixed_dishes_on_SLIM,20260501,live,KPCWT,16,0,535,37:32.7,,
16_KPC_live_posn4_740nm_3040mW_u1_poc0p2_20x0p75NA_535s50_g70_z1_256pix_basicFLIM_120f_0000.sdt,20260501_KPC_fixed_dishes_on_SLIM,20260501,live,KPCWT,16,0,535,37:32.7,,
16_KPC_live_posn4_740nm_3040mW_u1_poc0p2_20x0p75NA_535s50_g70_z1_256pix_basicFLIM_120f_0000.sdt,20260501_KPC_fixed_dishes_on_SLIM,20260501,live,KPCWT,16,0,535,37:32.7,,
16_KPC_live_posn4_740nm_3040mW_u1_poc0p2_20x0p75NA_457s50_g70_z1_256pix_basicFLIM_120f_0001.sdt,20260501_KPC_fixed_dishes_on_SLIM,20260501,live,KPCWT,16,1,457,44:25.5,,
16_KPC_live_posn4_740nm_3040mW_u1_poc0p2_20x0p75NA_457s50_g70_z1_256pix_basicFLIM_120f_0001.sdt,20260501_KPC_fixed_dishes_on_SLIM,20260501,live,KPCWT,16,1,457,44:25.5,,
16_KPC_live_posn4_740nm_3040mW_u1_poc0p2_20x0p75NA_457s50_g70_z1_256pix_basicFLIM_120f_0001.sdt,20260501_KPC_fixed_dishes_on_SLIM,20260501,live,KPCWT,16,1,457,44:25.5,,
16_KPC_live_posn4_740nm_3040mW_u1_poc0p2_20x0p75NA_457s50_g70_z1_256pix_basicFLIM_120f_0001.sdt,20260501_KPC_fixed_dishes_on_SLIM,20260501,live,KPCWT,16,1,457,44:25.5,,
16_KPC_live_posn4_740nm_3040mW_u1_poc0p2_20x0p75NA_457s50_g70_z1_256pix_basicFLIM_120f_0001.sdt,20260501_KPC_fixed_dishes_on_SLIM,20260501,live,KPCWT,16,1,457,44:25.5,,
16_KPC_live_posn4_740nm_3040mW_u1_poc0p2_20x0p75NA_457s50_g70_z1_256pix_basicFLIM_120f_0001.sdt,20260501_KPC_fixed_dishes_on_SLIM,20260501,live,KPCWT,16,1,457,44:25.5,,
16_KPC_live_posn4_740nm_3040mW_u1_poc0p2_20x0p75NA_457s50_g70_z1_256pix_basicFLIM_120f_0001.sdt,20260501_KPC_fixed_dishes_on_SLIM,20260501,live,KPCWT,16,1,457,44:25.5,,
16_KPC_live_posn4_740nm_3040mW_u1_poc0p2_20x0p75NA_457s50_g70_z1_256pix_basicFLIM_120f_0001.sdt,20260501_KPC_fixed_dishes_on_SLIM,20260501,live,KPCWT,16,1,457,44:25.5,,
16_KPC_live_posn4_740nm_3040mW_u1_poc0p2_20x0p75NA_535s50_g70_z1_256pix_basicFLIM_120f_0001.sdt,20260501_KPC_fixed_dishes_on_SLIM,20260501,live,KPCWT,16,1,535,38:40.3,,
16_KPC_live_posn4_740nm_3040mW_u1_poc0p2_20x0p75NA_535s50_g70_z1_256pix_basicFLIM_120f_0001.sdt,20260501_KPC_fixed_dishes_on_SLIM,20260501,live,KPCWT,16,1,535,38:40.3,,
16_KPC_live_posn4_740nm_3040mW_u1_poc0p2_20x0p75NA_535s50_g70_z1_256pix_basicFLIM_120f_0001.sdt,20260501_KPC_fixed_dishes_on_SLIM,20260501,live,KPCWT,16,1,535,38:40.3,,
16_KPC_live_posn4_740nm_3040mW_u1_poc0p2_20x0p75NA_535s50_g70_z1_256pix_basicFLIM_120f_0001.sdt,20260501_KPC_fixed_dishes_on_SLIM,20260501,live,KPCWT,16,1,535,38:40.3,,
16_KPC_live_posn4_740nm_3040mW_u1_poc0p2_20x0p75NA_535s50_g70_z1_256pix_basicFLIM_120f_0001.sdt,20260501_KPC_fixed_dishes_on_SLIM,20260501,live,KPCWT,16,1,535,38:40.3,,
16_KPC_live_posn4_740nm_3040mW_u1_poc0p2_20x0p75NA_535s50_g70_z1_256pix_basicFLIM_120f_0001.sdt,20260501_KPC_fixed_dishes_on_SLIM,20260501,live,KPCWT,16,1,535,38:40.3,,
16_KPC_live_posn4_740nm_3040mW_u1_poc0p2_20x0p75NA_535s50_g70_z1_256pix_basicFLIM_120f_0001.sdt,20260501_KPC_fixed_dishes_on_SLIM,20260501,live,KPCWT,16,1,535,38:40.3,,
16_KPC_live_posn4_740nm_3040mW_u1_poc0p2_20x0p75NA_535s50_g70_z1_256pix_basicFLIM_120f_0001.sdt,20260501_KPC_fixed_dishes_on_SLIM,20260501,live,KPCWT,16,1,535,38:40.3,,
16_KPC_live_posn4_740nm_3040mW_u1_poc0p2_20x0p75NA_457s50_g70_z1_256pix_basicFLIM_120f_0002.sdt,20260501_KPC_fixed_dishes_on_SLIM,20260501,live,KPCWT,16,2,457,45:33.3,,
16_KPC_live_posn4_740nm_3040mW_u1_poc0p2_20x0p75NA_457s50_g70_z1_256pix_basicFLIM_120f_0002.sdt,20260501_KPC_fixed_dishes_on_SLIM,20260501,live,KPCWT,16,2,457,45:33.3,,
16_KPC_live_posn4_740nm_3040mW_u1_poc0p2_20x0p75NA_457s50_g70_z1_256pix_basicFLIM_120f_0002.sdt,20260501_KPC_fixed_dishes_on_SLIM,20260501,live,KPCWT,16,2,457,45:33.3,,
16_KPC_live_posn4_740nm_3040mW_u1_poc0p2_20x0p75NA_457s50_g70_z1_256pix_basicFLIM_120f_0002.sdt,20260501_KPC_fixed_dishes_on_SLIM,20260501,live,KPCWT,16,2,457,45:33.3,,
16_KPC_live_posn4_740nm_3040mW_u1_poc0p2_20x0p75NA_457s50_g70_z1_256pix_basicFLIM_120f_0002.sdt,20260501_KPC_fixed_dishes_on_SLIM,20260501,live,KPCWT,16,2,457,45:33.3,,
16_KPC_live_posn4_740nm_3040mW_u1_poc0p2_20x0p75NA_457s50_g70_z1_256pix_basicFLIM_120f_0002.sdt,20260501_KPC_fixed_dishes_on_SLIM,20260501,live,KPCWT,16,2,457,45:33.3,,
16_KPC_live_posn4_740nm_3040mW_u1_poc0p2_20x0p75NA_457s50_g70_z1_256pix_basicFLIM_120f_0002.sdt,20260501_KPC_fixed_dishes_on_SLIM,20260501,live,KPCWT,16,2,457,45:33.3,,
16_KPC_live_posn4_740nm_3040mW_u1_poc0p2_20x0p75NA_457s50_g70_z1_256pix_basicFLIM_120f_0002.sdt,20260501_KPC_fixed_dishes_on_SLIM,20260501,live,KPCWT,16,2,457,45:33.3,,
16_KPC_live_posn4_740nm_3040mW_u1_poc0p2_20x0p75NA_535s50_g70_z1_256pix_basicFLIM_120f_0002.sdt,20260501_KPC_fixed_dishes_on_SLIM,20260501,live,KPCWT,16,2,535,39:48.2,,
16_KPC_live_posn4_740nm_3040mW_u1_poc0p2_20x0p75NA_535s50_g70_z1_256pix_basicFLIM_120f_0002.sdt,20260501_KPC_fixed_dishes_on_SLIM,20260501,live,KPCWT,16,2,535,39:48.2,,
16_KPC_live_posn4_740nm_3040mW_u1_poc0p2_20x0p75NA_535s50_g70_z1_256pix_basicFLIM_120f_0002.sdt,20260501_KPC_fixed_dishes_on_SLIM,20260501,live,KPCWT,16,2,535,39:48.2,,
16_KPC_live_posn4_740nm_3040mW_u1_poc0p2_20x0p75NA_535s50_g70_z1_256pix_basicFLIM_120f_0002.sdt,20260501_KPC_fixed_dishes_on_SLIM,20260501,live,KPCWT,16,2,535,39:48.2,,
16_KPC_live_posn4_740nm_3040mW_u1_poc0p2_20x0p75NA_535s50_g70_z1_256pix_basicFLIM_120f_0002.sdt,20260501_KPC_fixed_dishes_on_SLIM,20260501,live,KPCWT,16,2,535,39:48.2,,
16_KPC_live_posn4_740nm_3040mW_u1_poc0p2_20x0p75NA_535s50_g70_z1_256pix_basicFLIM_120f_0002.sdt,20260501_KPC_fixed_dishes_on_SLIM,20260501,live,KPCWT,16,2,535,39:48.2,,
16_KPC_live_posn4_740nm_3040mW_u1_poc0p2_20x0p75NA_535s50_g70_z1_256pix_basicFLIM_120f_0002.sdt,20260501_KPC_fixed_dishes_on_SLIM,20260501,live,KPCWT,16,2,535,39:48.2,,
16_KPC_live_posn4_740nm_3040mW_u1_poc0p2_20x0p75NA_535s50_g70_z1_256pix_basicFLIM_120f_0002.sdt,20260501_KPC_fixed_dishes_on_SLIM,20260501,live,KPCWT,16,2,535,39:48.2,,
16_KPC_live_posn4_740nm_3040mW_u1_poc0p2_20x0p75NA_457s50_g70_z1_256pix_basicFLIM_120f_0003.sdt,20260501_KPC_fixed_dishes_on_SLIM,20260501,live,KPCWT,16,3,457,46:41.2,,
16_KPC_live_posn4_740nm_3040mW_u1_poc0p2_20x0p75NA_457s50_g70_z1_256pix_basicFLIM_120f_0003.sdt,20260501_KPC_fixed_dishes_on_SLIM,20260501,live,KPCWT,16,3,457,46:41.2,,
16_KPC_live_posn4_740nm_3040mW_u1_poc0p2_20x0p75NA_457s50_g70_z1_256pix_basicFLIM_120f_0003.sdt,20260501_KPC_fixed_dishes_on_SLIM,20260501,live,KPCWT,16,3,457,46:41.2,,
16_KPC_live_posn4_740nm_3040mW_u1_poc0p2_20x0p75NA_457s50_g70_z1_256pix_basicFLIM_120f_0003.sdt,20260501_KPC_fixed_dishes_on_SLIM,20260501,live,KPCWT,16,3,457,46:41.2,,
16_KPC_live_posn4_740nm_3040mW_u1_poc0p2_20x0p75NA_457s50_g70_z1_256pix_basicFLIM_120f_0003.sdt,20260501_KPC_fixed_dishes_on_SLIM,20260501,live,KPCWT,16,3,457,46:41.2,,
16_KPC_live_posn4_740nm_3040mW_u1_poc0p2_20x0p75NA_457s50_g70_z1_256pix_basicFLIM_120f_0003.sdt,20260501_KPC_fixed_dishes_on_SLIM,20260501,live,KPCWT,16,3,457,46:41.2,,
16_KPC_live_posn4_740nm_3040mW_u1_poc0p2_20x0p75NA_457s50_g70_z1_256pix_basicFLIM_120f_0003.sdt,20260501_KPC_fixed_dishes_on_SLIM,20260501,live,KPCWT,16,3,457,46:41.2,,
16_KPC_live_posn4_740nm_3040mW_u1_poc0p2_20x0p75NA_457s50_g70_z1_256pix_basicFLIM_120f_0003.sdt,20260501_KPC_fixed_dishes_on_SLIM,20260501,live,KPCWT,16,3,457,46:41.2,,
16_KPC_live_posn4_740nm_3040mW_u1_poc0p2_20x0p75NA_535s50_g70_z1_256pix_basicFLIM_120f_0003.sdt,20260501_KPC_fixed_dishes_on_SLIM,20260501,live,KPCWT,16,3,535,40:56.2,,
16_KPC_live_posn4_740nm_3040mW_u1_poc0p2_20x0p75NA_535s50_g70_z1_256pix_basicFLIM_120f_0003.sdt,20260501_KPC_fixed_dishes_on_SLIM,20260501,live,KPCWT,16,3,535,40:56.2,,
16_KPC_live_posn4_740nm_3040mW_u1_poc0p2_20x0p75NA_535s50_g70_z1_256pix_basicFLIM_120f_0003.sdt,20260501_KPC_fixed_dishes_on_SLIM,20260501,live,KPCWT,16,3,535,40:56.2,,
16_KPC_live_posn4_740nm_3040mW_u1_poc0p2_20x0p75NA_535s50_g70_z1_256pix_basicFLIM_120f_0003.sdt,20260501_KPC_fixed_dishes_on_SLIM,20260501,live,KPCWT,16,3,535,40:56.2,,
16_KPC_live_posn4_740nm_3040mW_u1_poc0p2_20x0p75NA_535s50_g70_z1_256pix_basicFLIM_120f_0003.sdt,20260501_KPC_fixed_dishes_on_SLIM,20260501,live,KPCWT,16,3,535,40:56.2,,
16_KPC_live_posn4_740nm_3040mW_u1_poc0p2_20x0p75NA_535s50_g70_z1_256pix_basicFLIM_120f_0003.sdt,20260501_KPC_fixed_dishes_on_SLIM,20260501,live,KPCWT,16,3,535,40:56.2,,
16_KPC_live_posn4_740nm_3040mW_u1_poc0p2_20x0p75NA_535s50_g70_z1_256pix_basicFLIM_120f_0003.sdt,20260501_KPC_fixed_dishes_on_SLIM,20260501,live,KPCWT,16,3,535,40:56.2,,
16_KPC_live_posn4_740nm_3040mW_u1_poc0p2_20x0p75NA_535s50_g70_z1_256pix_basicFLIM_120f_0003.sdt,20260501_KPC_fixed_dishes_on_SLIM,20260501,live,KPCWT,16,3,535,40:56.2,,
17_KPC_live_posn5_740nm_3040mW_u1_poc0p2_20x0p75NA_457s50_g70_z1_256pix_basicFLIM_120f_0000.sdt,20260501_KPC_fixed_dishes_on_SLIM,20260501,live,KPCWT,17,0,457,55:20.7,,
17_KPC_live_posn5_740nm_3040mW_u1_poc0p2_20x0p75NA_457s50_g70_z1_256pix_basicFLIM_120f_0000.sdt,20260501_KPC_fixed_dishes_on_SLIM,20260501,live,KPCWT,17,0,457,55:20.7,,
17_KPC_live_posn5_740nm_3040mW_u1_poc0p2_20x0p75NA_457s50_g70_z1_256pix_basicFLIM_120f_0000.sdt,20260501_KPC_fixed_dishes_on_SLIM,20260501,live,KPCWT,17,0,457,55:20.7,,
17_KPC_live_posn5_740nm_3040mW_u1_poc0p2_20x0p75NA_457s50_g70_z1_256pix_basicFLIM_120f_0000.sdt,20260501_KPC_fixed_dishes_on_SLIM,20260501,live,KPCWT,17,0,457,55:20.7,,
17_KPC_live_posn5_740nm_3040mW_u1_poc0p2_20x0p75NA_457s50_g70_z1_256pix_basicFLIM_120f_0000.sdt,20260501_KPC_fixed_dishes_on_SLIM,20260501,live,KPCWT,17,0,457,55:20.7,,
17_KPC_live_posn5_740nm_3040mW_u1_poc0p2_20x0p75NA_457s50_g70_z1_256pix_basicFLIM_120f_0000.sdt,20260501_KPC_fixed_dishes_on_SLIM,20260501,live,KPCWT,17,0,457,55:20.7,,
17_KPC_live_posn5_740nm_3040mW_u1_poc0p2_20x0p75NA_457s50_g70_z1_256pix_basicFLIM_120f_0000.sdt,20260501_KPC_fixed_dishes_on_SLIM,20260501,live,KPCWT,17,0,457,55:20.7,,
17_KPC_live_posn5_740nm_3040mW_u1_poc0p2_20x0p75NA_457s50_g70_z1_256pix_basicFLIM_120f_0000.sdt,20260501_KPC_fixed_dishes_on_SLIM,20260501,live,KPCWT,17,0,457,55:20.7,,
17_KPC_live_posn5_740nm_3040mW_u1_poc0p2_20x0p75NA_535s50_g70_z1_256pix_basicFLIM_120f_0000.sdt,20260501_KPC_fixed_dishes_on_SLIM,20260501,live,KPCWT,17,0,535,02:51.2,,
17_KPC_live_posn5_740nm_3040mW_u1_poc0p2_20x0p75NA_535s50_g70_z1_256pix_basicFLIM_120f_0000.sdt,20260501_KPC_fixed_dishes_on_SLIM,20260501,live,KPCWT,17,0,535,02:51.2,,
17_KPC_live_posn5_740nm_3040mW_u1_poc0p2_20x0p75NA_535s50_g70_z1_256pix_basicFLIM_120f_0000.sdt,20260501_KPC_fixed_dishes_on_SLIM,20260501,live,KPCWT,17,0,535,02:51.2,,
17_KPC_live_posn5_740nm_3040mW_u1_poc0p2_20x0p75NA_535s50_g70_z1_256pix_basicFLIM_120f_0000.sdt,20260501_KPC_fixed_dishes_on_SLIM,20260501,live,KPCWT,17,0,535,02:51.2,,
17_KPC_live_posn5_740nm_3040mW_u1_poc0p2_20x0p75NA_535s50_g70_z1_256pix_basicFLIM_120f_0000.sdt,20260501_KPC_fixed_dishes_on_SLIM,20260501,live,KPCWT,17,0,535,02:51.2,,
17_KPC_live_posn5_740nm_3040mW_u1_poc0p2_20x0p75NA_535s50_g70_z1_256pix_basicFLIM_120f_0000.sdt,20260501_KPC_fixed_dishes_on_SLIM,20260501,live,KPCWT,17,0,535,02:51.2,,
17_KPC_live_posn5_740nm_3040mW_u1_poc0p2_20x0p75NA_535s50_g70_z1_256pix_basicFLIM_120f_0000.sdt,20260501_KPC_fixed_dishes_on_SLIM,20260501,live,KPCWT,17,0,535,02:51.2,,
17_KPC_live_posn5_740nm_3040mW_u1_poc0p2_20x0p75NA_535s50_g70_z1_256pix_basicFLIM_120f_0000.sdt,20260501_KPC_fixed_dishes_on_SLIM,20260501,live,KPCWT,17,0,535,02:51.2,,
17_KPC_live_posn5_740nm_3040mW_u1_poc0p2_20x0p75NA_457s50_g70_z1_256pix_basicFLIM_120f_0001.sdt,20260501_KPC_fixed_dishes_on_SLIM,20260501,live,KPCWT,17,1,457,56:28.4,,
17_KPC_live_posn5_740nm_3040mW_u1_poc0p2_20x0p75NA_457s50_g70_z1_256pix_basicFLIM_120f_0001.sdt,20260501_KPC_fixed_dishes_on_SLIM,20260501,live,KPCWT,17,1,457,56:28.4,,
17_KPC_live_posn5_740nm_3040mW_u1_poc0p2_20x0p75NA_457s50_g70_z1_256pix_basicFLIM_120f_0001.sdt,20260501_KPC_fixed_dishes_on_SLIM,20260501,live,KPCWT,17,1,457,56:28.4,,
17_KPC_live_posn5_740nm_3040mW_u1_poc0p2_20x0p75NA_457s50_g70_z1_256pix_basicFLIM_120f_0001.sdt,20260501_KPC_fixed_dishes_on_SLIM,20260501,live,KPCWT,17,1,457,56:28.4,,
17_KPC_live_posn5_740nm_3040mW_u1_poc0p2_20x0p75NA_457s50_g70_z1_256pix_basicFLIM_120f_0001.sdt,20260501_KPC_fixed_dishes_on_SLIM,20260501,live,KPCWT,17,1,457,56:28.4,,
17_KPC_live_posn5_740nm_3040mW_u1_poc0p2_20x0p75NA_457s50_g70_z1_256pix_basicFLIM_120f_0001.sdt,20260501_KPC_fixed_dishes_on_SLIM,20260501,live,KPCWT,17,1,457,56:28.4,,
17_KPC_live_posn5_740nm_3040mW_u1_poc0p2_20x0p75NA_457s50_g70_z1_256pix_basicFLIM_120f_0001.sdt,20260501_KPC_fixed_dishes_on_SLIM,20260501,live,KPCWT,17,1,457,56:28.4,,
17_KPC_live_posn5_740nm_3040mW_u1_poc0p2_20x0p75NA_457s50_g70_z1_256pix_basicFLIM_120f_0001.sdt,20260501_KPC_fixed_dishes_on_SLIM,20260501,live,KPCWT,17,1,457,56:28.4,,
17_KPC_live_posn5_740nm_3040mW_u1_poc0p2_20x0p75NA_535s50_g70_z1_256pix_basicFLIM_120f_0001.sdt,20260501_KPC_fixed_dishes_on_SLIM,20260501,live,KPCWT,17,1,535,03:59.2,,
17_KPC_live_posn5_740nm_3040mW_u1_poc0p2_20x0p75NA_535s50_g70_z1_256pix_basicFLIM_120f_0001.sdt,20260501_KPC_fixed_dishes_on_SLIM,20260501,live,KPCWT,17,1,535,03:59.2,,
17_KPC_live_posn5_740nm_3040mW_u1_poc0p2_20x0p75NA_535s50_g70_z1_256pix_basicFLIM_120f_0001.sdt,20260501_KPC_fixed_dishes_on_SLIM,20260501,live,KPCWT,17,1,535,03:59.2,,
17_KPC_live_posn5_740nm_3040mW_u1_poc0p2_20x0p75NA_535s50_g70_z1_256pix_basicFLIM_120f_0001.sdt,20260501_KPC_fixed_dishes_on_SLIM,20260501,live,KPCWT,17,1,535,03:59.2,,
17_KPC_live_posn5_740nm_3040mW_u1_poc0p2_20x0p75NA_535s50_g70_z1_256pix_basicFLIM_120f_0001.sdt,20260501_KPC_fixed_dishes_on_SLIM,20260501,live,KPCWT,17,1,535,03:59.2,,
17_KPC_live_posn5_740nm_3040mW_u1_poc0p2_20x0p75NA_535s50_g70_z1_256pix_basicFLIM_120f_0001.sdt,20260501_KPC_fixed_dishes_on_SLIM,20260501,live,KPCWT,17,1,535,03:59.2,,
17_KPC_live_posn5_740nm_3040mW_u1_poc0p2_20x0p75NA_535s50_g70_z1_256pix_basicFLIM_120f_0001.sdt,20260501_KPC_fixed_dishes_on_SLIM,20260501,live,KPCWT,17,1,535,03:59.2,,
17_KPC_live_posn5_740nm_3040mW_u1_poc0p2_20x0p75NA_535s50_g70_z1_256pix_basicFLIM_120f_0001.sdt,20260501_KPC_fixed_dishes_on_SLIM,20260501,live,KPCWT,17,1,535,03:59.2,,
17_KPC_live_posn5_740nm_3040mW_u1_poc0p2_20x0p75NA_457s50_g70_z1_256pix_basicFLIM_120f_0002.sdt,20260501_KPC_fixed_dishes_on_SLIM,20260501,live,KPCWT,17,2,457,57:36.5,,
17_KPC_live_posn5_740nm_3040mW_u1_poc0p2_20x0p75NA_457s50_g70_z1_256pix_basicFLIM_120f_0002.sdt,20260501_KPC_fixed_dishes_on_SLIM,20260501,live,KPCWT,17,2,457,57:36.5,,
17_KPC_live_posn5_740nm_3040mW_u1_poc0p2_20x0p75NA_457s50_g70_z1_256pix_basicFLIM_120f_0002.sdt,20260501_KPC_fixed_dishes_on_SLIM,20260501,live,KPCWT,17,2,457,57:36.5,,
17_KPC_live_posn5_740nm_3040mW_u1_poc0p2_20x0p75NA_457s50_g70_z1_256pix_basicFLIM_120f_0002.sdt,20260501_KPC_fixed_dishes_on_SLIM,20260501,live,KPCWT,17,2,457,57:36.5,,
17_KPC_live_posn5_740nm_3040mW_u1_poc0p2_20x0p75NA_457s50_g70_z1_256pix_basicFLIM_120f_0002.sdt,20260501_KPC_fixed_dishes_on_SLIM,20260501,live,KPCWT,17,2,457,57:36.5,,
17_KPC_live_posn5_740nm_3040mW_u1_poc0p2_20x0p75NA_457s50_g70_z1_256pix_basicFLIM_120f_0002.sdt,20260501_KPC_fixed_dishes_on_SLIM,20260501,live,KPCWT,17,2,457,57:36.5,,
17_KPC_live_posn5_740nm_3040mW_u1_poc0p2_20x0p75NA_457s50_g70_z1_256pix_basicFLIM_120f_0002.sdt,20260501_KPC_fixed_dishes_on_SLIM,20260501,live,KPCWT,17,2,457,57:36.5,,
17_KPC_live_posn5_740nm_3040mW_u1_poc0p2_20x0p75NA_457s50_g70_z1_256pix_basicFLIM_120f_0002.sdt,20260501_KPC_fixed_dishes_on_SLIM,20260501,live,KPCWT,17,2,457,57:36.5,,
17_KPC_live_posn5_740nm_3040mW_u1_poc0p2_20x0p75NA_535s50_g70_z1_256pix_basicFLIM_120f_0002.sdt,20260501_KPC_fixed_dishes_on_SLIM,20260501,live,KPCWT,17,2,535,05:07.4,,
17_KPC_live_posn5_740nm_3040mW_u1_poc0p2_20x0p75NA_535s50_g70_z1_256pix_basicFLIM_120f_0002.sdt,20260501_KPC_fixed_dishes_on_SLIM,20260501,live,KPCWT,17,2,535,05:07.4,,
17_KPC_live_posn5_740nm_3040mW_u1_poc0p2_20x0p75NA_535s50_g70_z1_256pix_basicFLIM_120f_0002.sdt,20260501_KPC_fixed_dishes_on_SLIM,20260501,live,KPCWT,17,2,535,05:07.4,,
17_KPC_live_posn5_740nm_3040mW_u1_poc0p2_20x0p75NA_535s50_g70_z1_256pix_basicFLIM_120f_0002.sdt,20260501_KPC_fixed_dishes_on_SLIM,20260501,live,KPCWT,17,2,535,05:07.4,,
17_KPC_live_posn5_740nm_3040mW_u1_poc0p2_20x0p75NA_535s50_g70_z1_256pix_basicFLIM_120f_0002.sdt,20260501_KPC_fixed_dishes_on_SLIM,20260501,live,KPCWT,17,2,535,05:07.4,,
17_KPC_live_posn5_740nm_3040mW_u1_poc0p2_20x0p75NA_535s50_g70_z1_256pix_basicFLIM_120f_0002.sdt,20260501_KPC_fixed_dishes_on_SLIM,20260501,live,KPCWT,17,2,535,05:07.4,,
17_KPC_live_posn5_740nm_3040mW_u1_poc0p2_20x0p75NA_535s50_g70_z1_256pix_basicFLIM_120f_0002.sdt,20260501_KPC_fixed_dishes_on_SLIM,20260501,live,KPCWT,17,2,535,05:07.4,,
17_KPC_live_posn5_740nm_3040mW_u1_poc0p2_20x0p75NA_535s50_g70_z1_256pix_basicFLIM_120f_0002.sdt,20260501_KPC_fixed_dishes_on_SLIM,20260501,live,KPCWT,17,2,535,05:07.4,,
17_KPC_live_posn5_740nm_3040mW_u1_poc0p2_20x0p75NA_457s50_g70_z1_256pix_basicFLIM_120f_0003.sdt,20260501_KPC_fixed_dishes_on_SLIM,20260501,live,KPCWT,17,3,457,58:44.1,,
17_KPC_live_posn5_740nm_3040mW_u1_poc0p2_20x0p75NA_457s50_g70_z1_256pix_basicFLIM_120f_0003.sdt,20260501_KPC_fixed_dishes_on_SLIM,20260501,live,KPCWT,17,3,457,58:44.1,,
17_KPC_live_posn5_740nm_3040mW_u1_poc0p2_20x0p75NA_457s50_g70_z1_256pix_basicFLIM_120f_0003.sdt,20260501_KPC_fixed_dishes_on_SLIM,20260501,live,KPCWT,17,3,457,58:44.1,,
17_KPC_live_posn5_740nm_3040mW_u1_poc0p2_20x0p75NA_457s50_g70_z1_256pix_basicFLIM_120f_0003.sdt,20260501_KPC_fixed_dishes_on_SLIM,20260501,live,KPCWT,17,3,457,58:44.1,,
17_KPC_live_posn5_740nm_3040mW_u1_poc0p2_20x0p75NA_457s50_g70_z1_256pix_basicFLIM_120f_0003.sdt,20260501_KPC_fixed_dishes_on_SLIM,20260501,live,KPCWT,17,3,457,58:44.1,,
17_KPC_live_posn5_740nm_3040mW_u1_poc0p2_20x0p75NA_457s50_g70_z1_256pix_basicFLIM_120f_0003.sdt,20260501_KPC_fixed_dishes_on_SLIM,20260501,live,KPCWT,17,3,457,58:44.1,,
17_KPC_live_posn5_740nm_3040mW_u1_poc0p2_20x0p75NA_457s50_g70_z1_256pix_basicFLIM_120f_0003.sdt,20260501_KPC_fixed_dishes_on_SLIM,20260501,live,KPCWT,17,3,457,58:44.1,,
17_KPC_live_posn5_740nm_3040mW_u1_poc0p2_20x0p75NA_457s50_g70_z1_256pix_basicFLIM_120f_0003.sdt,20260501_KPC_fixed_dishes_on_SLIM,20260501,live,KPCWT,17,3,457,58:44.1,,
17_KPC_live_posn5_740nm_3040mW_u1_poc0p2_20x0p75NA_535s50_g70_z1_256pix_basicFLIM_120f_0003.sdt,20260501_KPC_fixed_dishes_on_SLIM,20260501,live,KPCWT,17,3,535,06:15.4,,
17_KPC_live_posn5_740nm_3040mW_u1_poc0p2_20x0p75NA_535s50_g70_z1_256pix_basicFLIM_120f_0003.sdt,20260501_KPC_fixed_dishes_on_SLIM,20260501,live,KPCWT,17,3,535,06:15.4,,
17_KPC_live_posn5_740nm_3040mW_u1_poc0p2_20x0p75NA_535s50_g70_z1_256pix_basicFLIM_120f_0003.sdt,20260501_KPC_fixed_dishes_on_SLIM,20260501,live,KPCWT,17,3,535,06:15.4,,
17_KPC_live_posn5_740nm_3040mW_u1_poc0p2_20x0p75NA_535s50_g70_z1_256pix_basicFLIM_120f_0003.sdt,20260501_KPC_fixed_dishes_on_SLIM,20260501,live,KPCWT,17,3,535,06:15.4,,
17_KPC_live_posn5_740nm_3040mW_u1_poc0p2_20x0p75NA_535s50_g70_z1_256pix_basicFLIM_120f_0003.sdt,20260501_KPC_fixed_dishes_on_SLIM,20260501,live,KPCWT,17,3,535,06:15.4,,
17_KPC_live_posn5_740nm_3040mW_u1_poc0p2_20x0p75NA_535s50_g70_z1_256pix_basicFLIM_120f_0003.sdt,20260501_KPC_fixed_dishes_on_SLIM,20260501,live,KPCWT,17,3,535,06:15.4,,
17_KPC_live_posn5_740nm_3040mW_u1_poc0p2_20x0p75NA_535s50_g70_z1_256pix_basicFLIM_120f_0003.sdt,20260501_KPC_fixed_dishes_on_SLIM,20260501,live,KPCWT,17,3,535,06:15.4,,
17_KPC_live_posn5_740nm_3040mW_u1_poc0p2_20x0p75NA_535s50_g70_z1_256pix_basicFLIM_120f_0003.sdt,20260501_KPC_fixed_dishes_on_SLIM,20260501,live,KPCWT,17,3,535,06:15.4,,
17_KPC_live_posn5_740nm_3040mW_u1_poc0p2_20x0p75NA_457s50_g70_z1_256pix_basicFLIM_120f_0004.sdt,20260501_KPC_fixed_dishes_on_SLIM,20260501,live,KPCWT,17,4,457,59:52.8,,
17_KPC_live_posn5_740nm_3040mW_u1_poc0p2_20x0p75NA_457s50_g70_z1_256pix_basicFLIM_120f_0004.sdt,20260501_KPC_fixed_dishes_on_SLIM,20260501,live,KPCWT,17,4,457,59:52.8,,
17_KPC_live_posn5_740nm_3040mW_u1_poc0p2_20x0p75NA_457s50_g70_z1_256pix_basicFLIM_120f_0004.sdt,20260501_KPC_fixed_dishes_on_SLIM,20260501,live,KPCWT,17,4,457,59:52.8,,
17_KPC_live_posn5_740nm_3040mW_u1_poc0p2_20x0p75NA_457s50_g70_z1_256pix_basicFLIM_120f_0004.sdt,20260501_KPC_fixed_dishes_on_SLIM,20260501,live,KPCWT,17,4,457,59:52.8,,
17_KPC_live_posn5_740nm_3040mW_u1_poc0p2_20x0p75NA_457s50_g70_z1_256pix_basicFLIM_120f_0004.sdt,20260501_KPC_fixed_dishes_on_SLIM,20260501,live,KPCWT,17,4,457,59:52.8,,
17_KPC_live_posn5_740nm_3040mW_u1_poc0p2_20x0p75NA_457s50_g70_z1_256pix_basicFLIM_120f_0004.sdt,20260501_KPC_fixed_dishes_on_SLIM,20260501,live,KPCWT,17,4,457,59:52.8,,
17_KPC_live_posn5_740nm_3040mW_u1_poc0p2_20x0p75NA_457s50_g70_z1_256pix_basicFLIM_120f_0004.sdt,20260501_KPC_fixed_dishes_on_SLIM,20260501,live,KPCWT,17,4,457,59:52.8,,
17_KPC_live_posn5_740nm_3040mW_u1_poc0p2_20x0p75NA_457s50_g70_z1_256pix_basicFLIM_120f_0004.sdt,20260501_KPC_fixed_dishes_on_SLIM,20260501,live,KPCWT,17,4,457,59:52.8,,
17_KPC_live_posn5_740nm_3040mW_u1_poc0p2_20x0p75NA_535s50_g70_z1_256pix_basicFLIM_120f_0004.sdt,20260501_KPC_fixed_dishes_on_SLIM,20260501,live,KPCWT,17,4,535,07:23.6,,
17_KPC_live_posn5_740nm_3040mW_u1_poc0p2_20x0p75NA_535s50_g70_z1_256pix_basicFLIM_120f_0004.sdt,20260501_KPC_fixed_dishes_on_SLIM,20260501,live,KPCWT,17,4,535,07:23.6,,
17_KPC_live_posn5_740nm_3040mW_u1_poc0p2_20x0p75NA_535s50_g70_z1_256pix_basicFLIM_120f_0004.sdt,20260501_KPC_fixed_dishes_on_SLIM,20260501,live,KPCWT,17,4,535,07:23.6,,
17_KPC_live_posn5_740nm_3040mW_u1_poc0p2_20x0p75NA_535s50_g70_z1_256pix_basicFLIM_120f_0004.sdt,20260501_KPC_fixed_dishes_on_SLIM,20260501,live,KPCWT,17,4,535,07:23.6,,
17_KPC_live_posn5_740nm_3040mW_u1_poc0p2_20x0p75NA_535s50_g70_z1_256pix_basicFLIM_120f_0004.sdt,20260501_KPC_fixed_dishes_on_SLIM,20260501,live,KPCWT,17,4,535,07:23.6,,
17_KPC_live_posn5_740nm_3040mW_u1_poc0p2_20x0p75NA_535s50_g70_z1_256pix_basicFLIM_120f_0004.sdt,20260501_KPC_fixed_dishes_on_SLIM,20260501,live,KPCWT,17,4,535,07:23.6,,
17_KPC_live_posn5_740nm_3040mW_u1_poc0p2_20x0p75NA_535s50_g70_z1_256pix_basicFLIM_120f_0004.sdt,20260501_KPC_fixed_dishes_on_SLIM,20260501,live,KPCWT,17,4,535,07:23.6,,
17_KPC_live_posn5_740nm_3040mW_u1_poc0p2_20x0p75NA_535s50_g70_z1_256pix_basicFLIM_120f_0004.sdt,20260501_KPC_fixed_dishes_on_SLIM,20260501,live,KPCWT,17,4,535,07:23.6,,
3_KPCWTform20min_740nm_3006mW_u1_poc0p25_20x0p75NA_475s50_g70_z1_256pix_basicFLIM_120f_0000.sdt,20260509_KPC_fixed_dishes_on_SLIM,20260509,form,KPCWT,3,0,457,49:24.0,,
3_KPCWTform20min_740nm_3006mW_u1_poc0p6_20x0p75NA_457s50_g70_z1_256pix_basicFLIM_120f_0000.sdt,20260509_KPC_fixed_dishes_on_SLIM,20260509,form,KPCWT,3,0,457,32:29.1,,
3_KPCWTform20min_740nm_3006mW_u1_poc0p25_20x0p75NA_535s50_g70_z1_256pix_basicFLIM_120f_0000.sdt,20260509_KPC_fixed_dishes_on_SLIM,20260509,form,KPCWT,3,0,535,04:45.5,,
3_KPCWTform20min_740nm_3006mW_u1_poc0p25_20x0p75NA_475s50_g70_z1_256pix_basicFLIM_120f_0001.sdt,20260509_KPC_fixed_dishes_on_SLIM,20260509,form,KPCWT,3,1,457,50:31.7,,
3_KPCWTform20min_740nm_3006mW_u1_poc0p6_20x0p75NA_457s50_g70_z1_256pix_basicFLIM_120f_0001.sdt,20260509_KPC_fixed_dishes_on_SLIM,20260509,form,KPCWT,3,1,457,33:37.3,,
3_KPCWTform20min_740nm_3006mW_u1_poc0p25_20x0p75NA_535s50_g70_z1_256pix_basicFLIM_120f_0001.sdt,20260509_KPC_fixed_dishes_on_SLIM,20260509,form,KPCWT,3,1,535,05:53.3,,
3_KPCWTform20min_740nm_3006mW_u1_poc0p25_20x0p75NA_475s50_g70_z1_256pix_basicFLIM_120f_0002.sdt,20260509_KPC_fixed_dishes_on_SLIM,20260509,form,KPCWT,3,2,457,51:40.0,,
3_KPCWTform20min_740nm_3006mW_u1_poc0p6_20x0p75NA_457s50_g70_z1_256pix_basicFLIM_120f_0002.sdt,20260509_KPC_fixed_dishes_on_SLIM,20260509,form,KPCWT,3,2,457,34:45.7,,
3_KPCWTform20min_740nm_3006mW_u1_poc0p25_20x0p75NA_535s50_g70_z1_256pix_basicFLIM_120f_0002.sdt,20260509_KPC_fixed_dishes_on_SLIM,20260509,form,KPCWT,3,2,535,07:01.7,,
3_KPCWTform20min_740nm_3006mW_u1_poc0p25_20x0p75NA_475s50_g70_z1_256pix_basicFLIM_120f_0003.sdt,20260509_KPC_fixed_dishes_on_SLIM,20260509,form,KPCWT,3,3,457,52:48.5,,
3_KPCWTform20min_740nm_3006mW_u1_poc0p6_20x0p75NA_457s50_g70_z1_256pix_basicFLIM_120f_0003.sdt,20260509_KPC_fixed_dishes_on_SLIM,20260509,form,KPCWT,3,3,457,35:54.7,,
3_KPCWTform20min_740nm_3006mW_u1_poc0p25_20x0p75NA_535s50_g70_z1_256pix_basicFLIM_120f_0003.sdt,20260509_KPC_fixed_dishes_on_SLIM,20260509,form,KPCWT,3,3,535,08:10.1,,
3_KPCWTform20min_740nm_3006mW_u1_poc0p25_20x0p75NA_475s50_g70_z1_256pix_basicFLIM_120f_0004.sdt,20260509_KPC_fixed_dishes_on_SLIM,20260509,form,KPCWT,3,4,457,53:56.7,,
3_KPCWTform20min_740nm_3006mW_u1_poc0p6_20x0p75NA_457s50_g70_z1_256pix_basicFLIM_120f_0004.sdt,20260509_KPC_fixed_dishes_on_SLIM,20260509,form,KPCWT,3,4,457,37:03.2,,
3_KPCWTform20min_740nm_3006mW_u1_poc0p25_20x0p75NA_535s50_g70_z1_256pix_basicFLIM_120f_0004.sdt,20260509_KPC_fixed_dishes_on_SLIM,20260509,form,KPCWT,3,4,535,09:18.4,,
3_KPCWTform20min_740nm_3006mW_u1_poc0p25_20x0p75NA_475s50_g70_z1_256pix_basicFLIM_120f_0005.sdt,20260509_KPC_fixed_dishes_on_SLIM,20260509,form,KPCWT,3,5,457,55:05.2,,
3_KPCWTform20min_740nm_3006mW_u1_poc0p6_20x0p75NA_457s50_g70_z1_256pix_basicFLIM_120f_0005.sdt,20260509_KPC_fixed_dishes_on_SLIM,20260509,form,KPCWT,3,5,457,38:12.0,,
3_KPCWTform20min_740nm_3006mW_u1_poc0p25_20x0p75NA_535s50_g70_z1_256pix_basicFLIM_120f_0005.sdt,20260509_KPC_fixed_dishes_on_SLIM,20260509,form,KPCWT,3,5,535,10:26.9,,
3_KPCWTform20min_740nm_3006mW_u1_poc0p25_20x0p75NA_475s50_g70_z1_256pix_basicFLIM_120f_0006.sdt,20260509_KPC_fixed_dishes_on_SLIM,20260509,form,KPCWT,3,6,457,56:13.7,,
3_KPCWTform20min_740nm_3006mW_u1_poc0p6_20x0p75NA_457s50_g70_z1_256pix_basicFLIM_120f_0006.sdt,20260509_KPC_fixed_dishes_on_SLIM,20260509,form,KPCWT,3,6,457,39:20.8,,
3_KPCWTform20min_740nm_3006mW_u1_poc0p25_20x0p75NA_535s50_g70_z1_256pix_basicFLIM_120f_0006.sdt,20260509_KPC_fixed_dishes_on_SLIM,20260509,form,KPCWT,3,6,535,11:35.2,,
3_KPCWTform20min_740nm_3006mW_u1_poc0p25_20x0p75NA_475s50_g70_z1_256pix_basicFLIM_120f_0007.sdt,20260509_KPC_fixed_dishes_on_SLIM,20260509,form,KPCWT,3,7,457,57:22.4,,
3_KPCWTform20min_740nm_3006mW_u1_poc0p6_20x0p75NA_457s50_g70_z1_256pix_basicFLIM_120f_0007.sdt,20260509_KPC_fixed_dishes_on_SLIM,20260509,form,KPCWT,3,7,457,40:29.6,,
3_KPCWTform20min_740nm_3006mW_u1_poc0p25_20x0p75NA_535s50_g70_z1_256pix_basicFLIM_120f_0007.sdt,20260509_KPC_fixed_dishes_on_SLIM,20260509,form,KPCWT,3,7,535,12:43.9,,
3_KPCWTform20min_740nm_3006mW_u1_poc0p25_20x0p75NA_475s50_g70_z1_256pix_basicFLIM_120f_0008.sdt,20260509_KPC_fixed_dishes_on_SLIM,20260509,form,KPCWT,3,8,457,58:30.6,,
3_KPCWTform20min_740nm_3006mW_u1_poc0p6_20x0p75NA_457s50_g70_z1_256pix_basicFLIM_120f_0008.sdt,20260509_KPC_fixed_dishes_on_SLIM,20260509,form,KPCWT,3,8,457,41:37.5,,
3_KPCWTform20min_740nm_3006mW_u1_poc0p25_20x0p75NA_535s50_g70_z1_256pix_basicFLIM_120f_0008.sdt,20260509_KPC_fixed_dishes_on_SLIM,20260509,form,KPCWT,3,8,535,13:51.7,,
3_KPCWTform20min_740nm_3006mW_u1_poc0p25_20x0p75NA_475s50_g70_z1_256pix_basicFLIM_120f_0009.sdt,20260509_KPC_fixed_dishes_on_SLIM,20260509,form,KPCWT,3,9,457,59:39.1,,
3_KPCWTform20min_740nm_3006mW_u1_poc0p6_20x0p75NA_457s50_g70_z1_256pix_basicFLIM_120f_0009.sdt,20260509_KPC_fixed_dishes_on_SLIM,20260509,form,KPCWT,3,9,457,42:46.5,,
3_KPCWTform20min_740nm_3006mW_u1_poc0p25_20x0p75NA_535s50_g70_z1_256pix_basicFLIM_120f_0009.sdt,20260509_KPC_fixed_dishes_on_SLIM,20260509,form,KPCWT,3,9,535,15:00.4,,
3_KPCWTform20min_740nm_3006mW_u1_poc0p25_20x0p75NA_475s50_g70_z1_256pix_basicFLIM_120f_0010.sdt,20260509_KPC_fixed_dishes_on_SLIM,20260509,form,KPCWT,3,10,457,00:47.1,,
3_KPCWTform20min_740nm_3006mW_u1_poc0p6_20x0p75NA_457s50_g70_z1_256pix_basicFLIM_120f_0010.sdt,20260509_KPC_fixed_dishes_on_SLIM,20260509,form,KPCWT,3,10,457,43:54.8,,
3_KPCWTform20min_740nm_3006mW_u1_poc0p25_20x0p75NA_535s50_g70_z1_256pix_basicFLIM_120f_0010.sdt,20260509_KPC_fixed_dishes_on_SLIM,20260509,form,KPCWT,3,10,535,16:08.6,,
3_KPCWTform20min_740nm_3006mW_u1_poc0p25_20x0p75NA_475s50_g70_z1_256pix_basicFLIM_120f_0011.sdt,20260509_KPC_fixed_dishes_on_SLIM,20260509,form,KPCWT,3,11,457,01:56.9,,
3_KPCWTform20min_740nm_3006mW_u1_poc0p6_20x0p75NA_457s50_g70_z1_256pix_basicFLIM_120f_0011.sdt,20260509_KPC_fixed_dishes_on_SLIM,20260509,form,KPCWT,3,11,457,45:04.1,,
3_KPCWTform20min_740nm_3006mW_u1_poc0p25_20x0p75NA_535s50_g70_z1_256pix_basicFLIM_120f_0011.sdt,20260509_KPC_fixed_dishes_on_SLIM,20260509,form,KPCWT,3,11,535,17:17.9,,
3_KPCWTform20min_740nm_3006mW_u1_poc0p6_20x0p75NA_457s50_g70_z1_256pix_basicFLIM_120f_0012.sdt,20260509_KPC_fixed_dishes_on_SLIM,20260509,form,KPCWT,3,12,457,11:11.6,,
3_KPCWTform20min_740nm_3006mW_u1_poc0p6_20x0p75NA_457s50_g70_z1_256pix_basicFLIM_120f_0013.sdt,20260509_KPC_fixed_dishes_on_SLIM,20260509,form,KPCWT,3,13,457,12:19.7,,
3_KPCWTform20min_740nm_3006mW_u1_poc0p6_20x0p75NA_457s50_g70_z1_256pix_basicFLIM_120f_0014.sdt,20260509_KPC_fixed_dishes_on_SLIM,20260509,form,KPCWT,3,14,457,13:28.0,,
3_KPCWTform20min_740nm_3006mW_u1_poc0p6_20x0p75NA_457s50_g70_z1_256pix_basicFLIM_120f_0015.sdt,20260509_KPC_fixed_dishes_on_SLIM,20260509,form,KPCWT,3,15,457,14:36.9,,
3_KPCWTform20min_740nm_3006mW_u1_poc0p6_20x0p75NA_457s50_g70_z1_256pix_basicFLIM_120f_0016.sdt,20260509_KPC_fixed_dishes_on_SLIM,20260509,form,KPCWT,3,16,457,15:45.6,,
3_KPCWTform20min_740nm_3006mW_u1_poc0p6_20x0p75NA_457s50_g70_z1_256pix_basicFLIM_120f_0017.sdt,20260509_KPC_fixed_dishes_on_SLIM,20260509,form,KPCWT,3,17,457,16:54.6,,
3_KPCWTform20min_740nm_3006mW_u1_poc0p6_20x0p75NA_457s50_g70_z1_256pix_basicFLIM_120f_0018.sdt,20260509_KPC_fixed_dishes_on_SLIM,20260509,form,KPCWT,3,18,457,18:03.3,,
3_KPCWTform20min_740nm_3006mW_u1_poc0p6_20x0p75NA_457s50_g70_z1_256pix_basicFLIM_120f_0019.sdt,20260509_KPC_fixed_dishes_on_SLIM,20260509,form,KPCWT,3,19,457,19:12.2,,
3_KPCWTform20min_740nm_3006mW_u1_poc0p6_20x0p75NA_457s50_g70_z1_256pix_basicFLIM_120f_0020.sdt,20260509_KPC_fixed_dishes_on_SLIM,20260509,form,KPCWT,3,20,457,20:20.2,,
3_KPCWTform20min_740nm_3006mW_u1_poc0p6_20x0p75NA_457s50_g70_z1_256pix_basicFLIM_120f_0021.sdt,20260509_KPC_fixed_dishes_on_SLIM,20260509,form,KPCWT,3,21,457,21:29.2,,
3_KPCWTform20min_740nm_3006mW_u1_poc0p6_20x0p75NA_457s50_g70_z1_256pix_basicFLIM_120f_0022.sdt,20260509_KPC_fixed_dishes_on_SLIM,20260509,form,KPCWT,3,22,457,22:37.3,,
3_KPCWTform20min_740nm_3006mW_u1_poc0p6_20x0p75NA_457s50_g70_z1_256pix_basicFLIM_120f_0023.sdt,20260509_KPC_fixed_dishes_on_SLIM,20260509,form,KPCWT,3,23,457,23:46.7,,
4_BKOCO2form20min_740nm_2995mW_u1_poc0p25_20x0p75NA_457s50_g70_z1_256pix_basicFLIM_120f_0000.sdt,20260509_KPC_fixed_dishes_on_SLIM,20260509,form,BKO,4,0,457,52:24.9,,
4_BKOCO2form20min_740nm_2995mW_u1_poc0p6_20x0p75NA_457s50_g70_z1_256pix_basicFLIM_120f_0000.sdt,20260509_KPC_fixed_dishes_on_SLIM,20260509,form,BKO,4,0,457,44:08.9,,
4_BKOCO2form20min_740nm_2995mW_u1_poc0p25_20x0p75NA_535s50_g70_z1_256pix_basicFLIM_120f_0000.sdt,20260509_KPC_fixed_dishes_on_SLIM,20260509,form,BKO,4,0,535,22:24.9,,
4_BKOCO2form20min_740nm_2995mW_u1_poc0p6_20x0p75NA_535s50_g70_z1_256pix_basicFLIM_120f_0000.sdt,20260509_KPC_fixed_dishes_on_SLIM,20260509,form,BKO,4,0,535,13:07.4,,
4_BKOCO2form20min_740nm_2995mW_u1_poc0p25_20x0p75NA_457s50_g70_z1_256pix_basicFLIM_120f_0001.sdt,20260509_KPC_fixed_dishes_on_SLIM,20260509,form,BKO,4,1,457,53:33.7,,
4_BKOCO2form20min_740nm_2995mW_u1_poc0p6_20x0p75NA_457s50_g70_z1_256pix_basicFLIM_120f_0001.sdt,20260509_KPC_fixed_dishes_on_SLIM,20260509,form,BKO,4,1,457,45:17.8,,
4_BKOCO2form20min_740nm_2995mW_u1_poc0p25_20x0p75NA_535s50_g70_z1_256pix_basicFLIM_120f_0001.sdt,20260509_KPC_fixed_dishes_on_SLIM,20260509,form,BKO,4,1,535,23:33.7,,
4_BKOCO2form20min_740nm_2995mW_u1_poc0p6_20x0p75NA_535s50_g70_z1_256pix_basicFLIM_120f_0001.sdt,20260509_KPC_fixed_dishes_on_SLIM,20260509,form,BKO,4,1,535,14:16.3,,
4_BKOCO2form20min_740nm_2995mW_u1_poc0p25_20x0p75NA_457s50_g70_z1_256pix_basicFLIM_120f_0002.sdt,20260509_KPC_fixed_dishes_on_SLIM,20260509,form,BKO,4,2,457,54:41.9,,
4_BKOCO2form20min_740nm_2995mW_u1_poc0p6_20x0p75NA_457s50_g70_z1_256pix_basicFLIM_120f_0002.sdt,20260509_KPC_fixed_dishes_on_SLIM,20260509,form,BKO,4,2,457,46:26.3,,
4_BKOCO2form20min_740nm_2995mW_u1_poc0p25_20x0p75NA_535s50_g70_z1_256pix_basicFLIM_120f_0002.sdt,20260509_KPC_fixed_dishes_on_SLIM,20260509,form,BKO,4,2,535,24:42.1,,
4_BKOCO2form20min_740nm_2995mW_u1_poc0p6_20x0p75NA_535s50_g70_z1_256pix_basicFLIM_120f_0002.sdt,20260509_KPC_fixed_dishes_on_SLIM,20260509,form,BKO,4,2,535,15:25.2,,
4_BKOCO2form20min_740nm_2995mW_u1_poc0p25_20x0p75NA_457s50_g70_z1_256pix_basicFLIM_120f_0003.sdt,20260509_KPC_fixed_dishes_on_SLIM,20260509,form,BKO,4,3,457,55:50.3,,
4_BKOCO2form20min_740nm_2995mW_u1_poc0p6_20x0p75NA_457s50_g70_z1_256pix_basicFLIM_120f_0003.sdt,20260509_KPC_fixed_dishes_on_SLIM,20260509,form,BKO,4,3,457,47:34.8,,
4_BKOCO2form20min_740nm_2995mW_u1_poc0p25_20x0p75NA_535s50_g70_z1_256pix_basicFLIM_120f_0003.sdt,20260509_KPC_fixed_dishes_on_SLIM,20260509,form,BKO,4,3,535,25:50.4,,
4_BKOCO2form20min_740nm_2995mW_u1_poc0p6_20x0p75NA_535s50_g70_z1_256pix_basicFLIM_120f_0003.sdt,20260509_KPC_fixed_dishes_on_SLIM,20260509,form,BKO,4,3,535,16:33.7,,
4_BKOCO2form20min_740nm_2995mW_u1_poc0p25_20x0p75NA_457s50_g70_z1_256pix_basicFLIM_120f_0004.sdt,20260509_KPC_fixed_dishes_on_SLIM,20260509,form,BKO,4,4,457,56:58.8,,
4_BKOCO2form20min_740nm_2995mW_u1_poc0p6_20x0p75NA_457s50_g70_z1_256pix_basicFLIM_120f_0004.sdt,20260509_KPC_fixed_dishes_on_SLIM,20260509,form,BKO,4,4,457,48:43.8,,
4_BKOCO2form20min_740nm_2995mW_u1_poc0p25_20x0p75NA_535s50_g70_z1_256pix_basicFLIM_120f_0004.sdt,20260509_KPC_fixed_dishes_on_SLIM,20260509,form,BKO,4,4,535,26:59.4,,
4_BKOCO2form20min_740nm_2995mW_u1_poc0p6_20x0p75NA_535s50_g70_z1_256pix_basicFLIM_120f_0004.sdt,20260509_KPC_fixed_dishes_on_SLIM,20260509,form,BKO,4,4,535,17:42.4,,
4_BKOCO2form20min_740nm_2995mW_u1_poc0p25_20x0p75NA_457s50_g70_z1_256pix_basicFLIM_120f_0005.sdt,20260509_KPC_fixed_dishes_on_SLIM,20260509,form,BKO,4,5,457,58:07.1,,
4_BKOCO2form20min_740nm_2995mW_u1_poc0p6_20x0p75NA_457s50_g70_z1_256pix_basicFLIM_120f_0005.sdt,20260509_KPC_fixed_dishes_on_SLIM,20260509,form,BKO,4,5,457,49:52.2,,
4_BKOCO2form20min_740nm_2995mW_u1_poc0p25_20x0p75NA_535s50_g70_z1_256pix_basicFLIM_120f_0005.sdt,20260509_KPC_fixed_dishes_on_SLIM,20260509,form,BKO,4,5,535,28:08.0,,
4_BKOCO2form20min_740nm_2995mW_u1_poc0p6_20x0p75NA_535s50_g70_z1_256pix_basicFLIM_120f_0005.sdt,20260509_KPC_fixed_dishes_on_SLIM,20260509,form,BKO,4,5,535,18:50.8,,
4_BKOCO2form20min_740nm_2995mW_u1_poc0p25_20x0p75NA_457s50_g70_z1_256pix_basicFLIM_120f_0006.sdt,20260509_KPC_fixed_dishes_on_SLIM,20260509,form,BKO,4,6,457,59:15.2,,
4_BKOCO2form20min_740nm_2995mW_u1_poc0p6_20x0p75NA_457s50_g70_z1_256pix_basicFLIM_120f_0006.sdt,20260509_KPC_fixed_dishes_on_SLIM,20260509,form,BKO,4,6,457,51:00.4,,
4_BKOCO2form20min_740nm_2995mW_u1_poc0p25_20x0p75NA_535s50_g70_z1_256pix_basicFLIM_120f_0006.sdt,20260509_KPC_fixed_dishes_on_SLIM,20260509,form,BKO,4,6,535,29:16.2,,
4_BKOCO2form20min_740nm_2995mW_u1_poc0p6_20x0p75NA_535s50_g70_z1_256pix_basicFLIM_120f_0006.sdt,20260509_KPC_fixed_dishes_on_SLIM,20260509,form,BKO,4,6,535,19:59.2,,
4_BKOCO2form20min_740nm_2995mW_u1_poc0p25_20x0p75NA_457s50_g70_z1_256pix_basicFLIM_120f_0007.sdt,20260509_KPC_fixed_dishes_on_SLIM,20260509,form,BKO,4,7,457,00:24.0,,
4_BKOCO2form20min_740nm_2995mW_u1_poc0p6_20x0p75NA_457s50_g70_z1_256pix_basicFLIM_120f_0007.sdt,20260509_KPC_fixed_dishes_on_SLIM,20260509,form,BKO,4,7,457,52:09.1,,
4_BKOCO2form20min_740nm_2995mW_u1_poc0p25_20x0p75NA_535s50_g70_z1_256pix_basicFLIM_120f_0007.sdt,20260509_KPC_fixed_dishes_on_SLIM,20260509,form,BKO,4,7,535,30:24.8,,
4_BKOCO2form20min_740nm_2995mW_u1_poc0p6_20x0p75NA_535s50_g70_z1_256pix_basicFLIM_120f_0007.sdt,20260509_KPC_fixed_dishes_on_SLIM,20260509,form,BKO,4,7,535,21:08.1,,
4_BKOCO2form20min_740nm_2995mW_u1_poc0p25_20x0p75NA_457s50_g70_z1_256pix_basicFLIM_120f_0008.sdt,20260509_KPC_fixed_dishes_on_SLIM,20260509,form,BKO,4,8,457,01:32.4,,
4_BKOCO2form20min_740nm_2995mW_u1_poc0p6_20x0p75NA_457s50_g70_z1_256pix_basicFLIM_120f_0008.sdt,20260509_KPC_fixed_dishes_on_SLIM,20260509,form,BKO,4,8,457,53:17.8,,
4_BKOCO2form20min_740nm_2995mW_u1_poc0p25_20x0p75NA_535s50_g70_z1_256pix_basicFLIM_120f_0008.sdt,20260509_KPC_fixed_dishes_on_SLIM,20260509,form,BKO,4,8,535,31:33.6,,
4_BKOCO2form20min_740nm_2995mW_u1_poc0p6_20x0p75NA_535s50_g70_z1_256pix_basicFLIM_120f_0008.sdt,20260509_KPC_fixed_dishes_on_SLIM,20260509,form,BKO,4,8,535,22:16.7,,
4_BKOCO2form20min_740nm_2995mW_u1_poc0p25_20x0p75NA_457s50_g70_z1_256pix_basicFLIM_120f_0009.sdt,20260509_KPC_fixed_dishes_on_SLIM,20260509,form,BKO,4,9,457,02:42.2,,
4_BKOCO2form20min_740nm_2995mW_u1_poc0p6_20x0p75NA_457s50_g70_z1_256pix_basicFLIM_120f_0009.sdt,20260509_KPC_fixed_dishes_on_SLIM,20260509,form,BKO,4,9,457,54:27.7,,
4_BKOCO2form20min_740nm_2995mW_u1_poc0p25_20x0p75NA_535s50_g70_z1_256pix_basicFLIM_120f_0009.sdt,20260509_KPC_fixed_dishes_on_SLIM,20260509,form,BKO,4,9,535,32:43.9,,
4_BKOCO2form20min_740nm_2995mW_u1_poc0p6_20x0p75NA_535s50_g70_z1_256pix_basicFLIM_120f_0009.sdt,20260509_KPC_fixed_dishes_on_SLIM,20260509,form,BKO,4,9,535,23:26.5,,
4_BKOCO2form20min_740nm_2995mW_u1_poc0p25_20x0p75NA_457s50_g70_z1_256pix_basicFLIM_120f_0010.sdt,20260509_KPC_fixed_dishes_on_SLIM,20260509,form,BKO,4,10,457,03:51.2,,
4_BKOCO2form20min_740nm_2995mW_u1_poc0p6_20x0p75NA_457s50_g70_z1_256pix_basicFLIM_120f_0010.sdt,20260509_KPC_fixed_dishes_on_SLIM,20260509,form,BKO,4,10,457,55:36.8,,
4_BKOCO2form20min_740nm_2995mW_u1_poc0p25_20x0p75NA_535s50_g70_z1_256pix_basicFLIM_120f_0010.sdt,20260509_KPC_fixed_dishes_on_SLIM,20260509,form,BKO,4,10,535,33:53.3,,
4_BKOCO2form20min_740nm_2995mW_u1_poc0p6_20x0p75NA_535s50_g70_z1_256pix_basicFLIM_120f_0010.sdt,20260509_KPC_fixed_dishes_on_SLIM,20260509,form,BKO,4,10,535,24:35.5,,
4_BKOCO2form20min_740nm_2995mW_u1_poc0p25_20x0p75NA_457s50_g70_z1_256pix_basicFLIM_120f_0011.sdt,20260509_KPC_fixed_dishes_on_SLIM,20260509,form,BKO,4,11,457,04:59.2,,
4_BKOCO2form20min_740nm_2995mW_u1_poc0p6_20x0p75NA_457s50_g70_z1_256pix_basicFLIM_120f_0011.sdt,20260509_KPC_fixed_dishes_on_SLIM,20260509,form,BKO,4,11,457,56:45.3,,
4_BKOCO2form20min_740nm_2995mW_u1_poc0p25_20x0p75NA_535s50_g70_z1_256pix_basicFLIM_120f_0011.sdt,20260509_KPC_fixed_dishes_on_SLIM,20260509,form,BKO,4,11,535,35:01.4,,
4_BKOCO2form20min_740nm_2995mW_u1_poc0p6_20x0p75NA_535s50_g70_z1_256pix_basicFLIM_120f_0011.sdt,20260509_KPC_fixed_dishes_on_SLIM,20260509,form,BKO,4,11,535,25:43.6,,
4_BKOCO2form20min_740nm_2995mW_u1_poc0p25_20x0p75NA_457s50_g70_z1_256pix_basicFLIM_120f_0012.sdt,20260509_KPC_fixed_dishes_on_SLIM,20260509,form,BKO,4,12,457,06:07.2,,
4_BKOCO2form20min_740nm_2995mW_u1_poc0p6_20x0p75NA_457s50_g70_z1_256pix_basicFLIM_120f_0012.sdt,20260509_KPC_fixed_dishes_on_SLIM,20260509,form,BKO,4,12,457,57:53.6,,
4_BKOCO2form20min_740nm_2995mW_u1_poc0p25_20x0p75NA_535s50_g70_z1_256pix_basicFLIM_120f_0012.sdt,20260509_KPC_fixed_dishes_on_SLIM,20260509,form,BKO,4,12,535,36:09.3,,
4_BKOCO2form20min_740nm_2995mW_u1_poc0p6_20x0p75NA_535s50_g70_z1_256pix_basicFLIM_120f_0012.sdt,20260509_KPC_fixed_dishes_on_SLIM,20260509,form,BKO,4,12,535,26:51.9,,
4_BKOCO2form20min_740nm_2995mW_u1_poc0p25_20x0p75NA_457s50_g70_z1_256pix_basicFLIM_120f_0013.sdt,20260509_KPC_fixed_dishes_on_SLIM,20260509,form,BKO,4,13,457,07:16.2,,
4_BKOCO2form20min_740nm_2995mW_u1_poc0p6_20x0p75NA_457s50_g70_z1_256pix_basicFLIM_120f_0013.sdt,20260509_KPC_fixed_dishes_on_SLIM,20260509,form,BKO,4,13,457,59:02.9,,
4_BKOCO2form20min_740nm_2995mW_u1_poc0p25_20x0p75NA_535s50_g70_z1_256pix_basicFLIM_120f_0013.sdt,20260509_KPC_fixed_dishes_on_SLIM,20260509,form,BKO,4,13,535,37:18.5,,
4_BKOCO2form20min_740nm_2995mW_u1_poc0p6_20x0p75NA_535s50_g70_z1_256pix_basicFLIM_120f_0013.sdt,20260509_KPC_fixed_dishes_on_SLIM,20260509,form,BKO,4,13,535,28:01.1,,
4_BKOCO2form20min_740nm_2995mW_u1_poc0p25_20x0p75NA_457s50_g70_z1_256pix_basicFLIM_120f_0014.sdt,20260509_KPC_fixed_dishes_on_SLIM,20260509,form,BKO,4,14,457,08:25.7,,
4_BKOCO2form20min_740nm_2995mW_u1_poc0p6_20x0p75NA_457s50_g70_z1_256pix_basicFLIM_120f_0014.sdt,20260509_KPC_fixed_dishes_on_SLIM,20260509,form,BKO,4,14,457,00:12.4,,
4_BKOCO2form20min_740nm_2995mW_u1_poc0p25_20x0p75NA_535s50_g70_z1_256pix_basicFLIM_120f_0014.sdt,20260509_KPC_fixed_dishes_on_SLIM,20260509,form,BKO,4,14,535,38:27.8,,
4_BKOCO2form20min_740nm_2995mW_u1_poc0p6_20x0p75NA_535s50_g70_z1_256pix_basicFLIM_120f_0014.sdt,20260509_KPC_fixed_dishes_on_SLIM,20260509,form,BKO,4,14,535,29:10.6,,
4_BKOCO2form20min_740nm_2995mW_u1_poc0p25_20x0p75NA_457s50_g70_z1_256pix_basicFLIM_120f_0015.sdt,20260509_KPC_fixed_dishes_on_SLIM,20260509,form,BKO,4,15,457,09:33.8,,
4_BKOCO2form20min_740nm_2995mW_u1_poc0p6_20x0p75NA_457s50_g70_z1_256pix_basicFLIM_120f_0015.sdt,20260509_KPC_fixed_dishes_on_SLIM,20260509,form,BKO,4,15,457,01:20.8,,
4_BKOCO2form20min_740nm_2995mW_u1_poc0p25_20x0p75NA_535s50_g70_z1_256pix_basicFLIM_120f_0015.sdt,20260509_KPC_fixed_dishes_on_SLIM,20260509,form,BKO,4,15,535,39:36.3,,
4_BKOCO2form20min_740nm_2995mW_u1_poc0p6_20x0p75NA_535s50_g70_z1_256pix_basicFLIM_120f_0015.sdt,20260509_KPC_fixed_dishes_on_SLIM,20260509,form,BKO,4,15,535,30:18.8,,
3_KPCWTformP4num4_740nm_3037mW_u1_poc0p2_20x0p75NA_475s50_g70_z1_256pix_basicFLIM_30f_0000.sdt,20260429_KPC_fixed_dishes_on_SLIM,20260429,form,KPCWT,3,0,457,37:05.5,,
3_KPCWTformP4num4_740nm_3037mW_u1_poc0p2_20x0p75NA_535s50_g70_z1_256pix_basicFLIM_90f_0000.sdt,20260429_KPC_fixed_dishes_on_SLIM,20260429,form,KPCWT,3,0,535,58:15.0,,
3_KPCWTformP4num4_740nm_3037mW_u1_poc0p2_20x0p75NA_475s50_g70_z1_256pix_basicFLIM_30f_0001.sdt,20260429_KPC_fixed_dishes_on_SLIM,20260429,form,KPCWT,3,1,457,37:57.5,,
3_KPCWTformP4num4_740nm_3037mW_u1_poc0p2_20x0p75NA_535s50_g70_z1_256pix_basicFLIM_90f_0001.sdt,20260429_KPC_fixed_dishes_on_SLIM,20260429,form,KPCWT,3,1,535,59:07.0,,
3_KPCWTformP4num4_740nm_3037mW_u1_poc0p2_20x0p75NA_475s50_g70_z1_256pix_basicFLIM_30f_0002.sdt,20260429_KPC_fixed_dishes_on_SLIM,20260429,form,KPCWT,3,2,457,38:49.4,,
3_KPCWTformP4num4_740nm_3037mW_u1_poc0p2_20x0p75NA_535s50_g70_z1_256pix_basicFLIM_90f_0002.sdt,20260429_KPC_fixed_dishes_on_SLIM,20260429,form,KPCWT,3,2,535,59:58.9,,
3_KPCWTformP4num4_740nm_3037mW_u1_poc0p2_20x0p75NA_475s50_g70_z1_256pix_basicFLIM_30f_0003.sdt,20260429_KPC_fixed_dishes_on_SLIM,20260429,form,KPCWT,3,3,457,39:42.0,,
3_KPCWTformP4num4_740nm_3037mW_u1_poc0p2_20x0p75NA_535s50_g70_z1_256pix_basicFLIM_90f_0003.sdt,20260429_KPC_fixed_dishes_on_SLIM,20260429,form,KPCWT,3,3,535,00:51.6,,
3_KPCWTformP4num4_740nm_3037mW_u1_poc0p2_20x0p75NA_475s50_g70_z1_256pix_basicFLIM_30f_0004.sdt,20260429_KPC_fixed_dishes_on_SLIM,20260429,form,KPCWT,3,4,457,40:33.9,,
3_KPCWTformP4num4_740nm_3037mW_u1_poc0p2_20x0p75NA_535s50_g70_z1_256pix_basicFLIM_90f_0004.sdt,20260429_KPC_fixed_dishes_on_SLIM,20260429,form,KPCWT,3,4,535,01:43.6,,
3_KPCWTformP4num4_740nm_3037mW_u1_poc0p2_20x0p75NA_475s50_g70_z1_256pix_basicFLIM_30f_0005.sdt,20260429_KPC_fixed_dishes_on_SLIM,20260429,form,KPCWT,3,5,457,41:28.2,,
3_KPCWTformP4num4_740nm_3037mW_u1_poc0p2_20x0p75NA_535s50_g70_z1_256pix_basicFLIM_90f_0005.sdt,20260429_KPC_fixed_dishes_on_SLIM,20260429,form,KPCWT,3,5,535,02:35.6,,
3_KPCWTformP4num4_740nm_3037mW_u1_poc0p2_20x0p75NA_475s50_g70_z1_256pix_basicFLIM_30f_0006.sdt,20260429_KPC_fixed_dishes_on_SLIM,20260429,form,KPCWT,3,6,457,42:21.0,,
3_KPCWTformP4num4_740nm_3037mW_u1_poc0p2_20x0p75NA_535s50_g70_z1_256pix_basicFLIM_90f_0006.sdt,20260429_KPC_fixed_dishes_on_SLIM,20260429,form,KPCWT,3,6,535,03:27.9,,
3_KPCWTformP4num4_740nm_3037mW_u1_poc0p2_20x0p75NA_475s50_g70_z1_256pix_basicFLIM_30f_0007.sdt,20260429_KPC_fixed_dishes_on_SLIM,20260429,form,KPCWT,3,7,457,43:12.5,,
3_KPCWTformP4num4_740nm_3037mW_u1_poc0p2_20x0p75NA_535s50_g70_z1_256pix_basicFLIM_90f_0007.sdt,20260429_KPC_fixed_dishes_on_SLIM,20260429,form,KPCWT,3,7,535,04:19.5,,
3_KPCWTformP4num4_740nm_3037mW_u1_poc0p2_20x0p75NA_475s50_g70_z1_256pix_basicFLIM_30f_0008.sdt,20260429_KPC_fixed_dishes_on_SLIM,20260429,form,KPCWT,3,8,457,44:05.4,,
3_KPCWTformP4num4_740nm_3037mW_u1_poc0p2_20x0p75NA_535s50_g70_z1_256pix_basicFLIM_90f_0008.sdt,20260429_KPC_fixed_dishes_on_SLIM,20260429,form,KPCWT,3,8,535,05:12.1,,
3_KPCWTformP4num4_740nm_3037mW_u1_poc0p2_20x0p75NA_475s50_g70_z1_256pix_basicFLIM_30f_0009.sdt,20260429_KPC_fixed_dishes_on_SLIM,20260429,form,KPCWT,3,9,457,44:57.8,,
3_KPCWTformP4num4_740nm_3037mW_u1_poc0p2_20x0p75NA_535s50_g70_z1_256pix_basicFLIM_90f_0009.sdt,20260429_KPC_fixed_dishes_on_SLIM,20260429,form,KPCWT,3,9,535,06:04.5,,
3_KPCWTformP4num4_pos5_740nm_3037mW_u1_poc0p2_20x0p75NA_475s50_g70_z1_256pix_basicFLIM_30f_0010.sdt,20260429_KPC_fixed_dishes_on_SLIM,20260429,form,KPCWT,3,10,457,46:56.6,,
3_KPCWTformP4num4_pos6_740nm_3037mW_u1_poc0p2_20x0p75NA_475s50_g70_z1_256pix_basicFLIM_30f_0011.sdt,20260429_KPC_fixed_dishes_on_SLIM,20260429,form,KPCWT,3,11,457,47:48.9,,
3_KPCWTformP4num4_pos7_740nm_3037mW_u1_poc0p2_20x0p75NA_475s50_g70_z1_256pix_basicFLIM_30f_0012.sdt,20260429_KPC_fixed_dishes_on_SLIM,20260429,form,KPCWT,3,12,457,48:40.5,,
4_KPCWT0416formP4num3_740nm_3037mW_u1_poc0p2_20x0p75NA_457s50_g70_z1_256pix_basicFLIM_90f_0000.sdt,20260429_KPC_fixed_dishes_on_SLIM,20260429,form,KPCWT,4,0,457,46:38.1,,
4_KPCWT0416formP4num3_740nm_3037mW_u1_poc0p2_20x0p75NA_535s50_g70_z1_256pix_basicFLIM_90f_0000.sdt,20260429_KPC_fixed_dishes_on_SLIM,20260429,form,KPCWT,4,0,535,07:14.2,,
4_KPCWT0416formP4num3_740nm_3037mW_u1_poc0p2_20x0p75NA_457s50_g70_z1_256pix_basicFLIM_90f_0001.sdt,20260429_KPC_fixed_dishes_on_SLIM,20260429,form,KPCWT,4,1,457,47:30.1,,
4_KPCWT0416formP4num3_740nm_3037mW_u1_poc0p2_20x0p75NA_535s50_g70_z1_256pix_basicFLIM_90f_0001.sdt,20260429_KPC_fixed_dishes_on_SLIM,20260429,form,KPCWT,4,1,535,08:06.2,,
4_KPCWT0416formP4num3_740nm_3037mW_u1_poc0p2_20x0p75NA_457s50_g70_z1_256pix_basicFLIM_90f_0002.sdt,20260429_KPC_fixed_dishes_on_SLIM,20260429,form,KPCWT,4,2,457,48:21.8,,
4_KPCWT0416formP4num3_740nm_3037mW_u1_poc0p2_20x0p75NA_535s50_g70_z1_256pix_basicFLIM_90f_0002.sdt,20260429_KPC_fixed_dishes_on_SLIM,20260429,form,KPCWT,4,2,535,08:57.8,,
4_KPCWT0416formP4num3_740nm_3037mW_u1_poc0p2_20x0p75NA_457s50_g70_z1_256pix_basicFLIM_90f_0003.sdt,20260429_KPC_fixed_dishes_on_SLIM,20260429,form,KPCWT,4,3,457,49:13.4,,
4_KPCWT0416formP4num3_740nm_3037mW_u1_poc0p2_20x0p75NA_535s50_g70_z1_256pix_basicFLIM_90f_0003.sdt,20260429_KPC_fixed_dishes_on_SLIM,20260429,form,KPCWT,4,3,535,09:49.2,,
4_KPCWT0416formP4num3_740nm_3037mW_u1_poc0p2_20x0p75NA_457s50_g70_z1_256pix_basicFLIM_90f_0004.sdt,20260429_KPC_fixed_dishes_on_SLIM,20260429,form,KPCWT,4,4,457,50:05.4,,
4_KPCWT0416formP4num3_740nm_3037mW_u1_poc0p2_20x0p75NA_535s50_g70_z1_256pix_basicFLIM_90f_0004.sdt,20260429_KPC_fixed_dishes_on_SLIM,20260429,form,KPCWT,4,4,535,10:41.3,,
4_KPCWT0416formP4num3_740nm_3037mW_u1_poc0p2_20x0p75NA_457s50_g70_z1_256pix_basicFLIM_90f_0005.sdt,20260429_KPC_fixed_dishes_on_SLIM,20260429,form,KPCWT,4,5,457,50:57.2,,
4_KPCWT0416formP4num3_740nm_3037mW_u1_poc0p2_20x0p75NA_535s50_g70_z1_256pix_basicFLIM_90f_0005.sdt,20260429_KPC_fixed_dishes_on_SLIM,20260429,form,KPCWT,4,5,535,11:33.1,,
4_KPCWT0416formP4num3_740nm_3037mW_u1_poc0p2_20x0p75NA_457s50_g70_z1_256pix_basicFLIM_90f_0006.sdt,20260429_KPC_fixed_dishes_on_SLIM,20260429,form,KPCWT,4,6,457,51:48.9,,
4_KPCWT0416formP4num3_740nm_3037mW_u1_poc0p2_20x0p75NA_535s50_g70_z1_256pix_basicFLIM_90f_0006.sdt,20260429_KPC_fixed_dishes_on_SLIM,20260429,form,KPCWT,4,6,535,12:24.8,,
4_KPCWT0416formP4num3_740nm_3037mW_u1_poc0p2_20x0p75NA_457s50_g70_z1_256pix_basicFLIM_90f_0007.sdt,20260429_KPC_fixed_dishes_on_SLIM,20260429,form,KPCWT,4,7,457,52:40.7,,
4_KPCWT0416formP4num3_740nm_3037mW_u1_poc0p2_20x0p75NA_535s50_g70_z1_256pix_basicFLIM_90f_0007.sdt,20260429_KPC_fixed_dishes_on_SLIM,20260429,form,KPCWT,4,7,535,13:16.4,,
4_KPCWT0416formP4num3_740nm_3037mW_u1_poc0p2_20x0p75NA_457s50_g70_z1_256pix_basicFLIM_90f_0008.sdt,20260429_KPC_fixed_dishes_on_SLIM,20260429,form,KPCWT,4,8,457,53:32.6,,
4_KPCWT0416formP4num3_740nm_3037mW_u1_poc0p2_20x0p75NA_535s50_g70_z1_256pix_basicFLIM_90f_0008.sdt,20260429_KPC_fixed_dishes_on_SLIM,20260429,form,KPCWT,4,8,535,14:08.4,,
4_KPCWT0416formP4num3_740nm_3037mW_u1_poc0p2_20x0p75NA_457s50_g70_z1_256pix_basicFLIM_90f_0009.sdt,20260429_KPC_fixed_dishes_on_SLIM,20260429,form,KPCWT,4,9,457,54:24.1,,
4_KPCWT0416formP4num3_740nm_3037mW_u1_poc0p2_20x0p75NA_535s50_g70_z1_256pix_basicFLIM_90f_0009.sdt,20260429_KPC_fixed_dishes_on_SLIM,20260429,form,KPCWT,4,9,535,14:59.8,,
3_KPCWT0430glu10min_740nm_3024mW_u1_poc0p15_20x0p75NA_457s50_g70_z1_256pix_basicFLIM_90f_0000.sdt,20260501_KPC_fixed_dishes_on_SLIM,20260501,glu,KPCWT,3,0,457,35:05.3,,
3_KPCWT0430glu10min_740nm_3024mW_u1_poc0p2_20x0p75NA_457s50_g70_z1_256pix_basicFLIM_120f_0000.sdt,20260501_KPC_fixed_dishes_on_SLIM,20260501,glu,KPCWT,3,0,457,36:55.0,,
3_KPCWT0430glu10min_740nm_3024mW_u1_poc0p2_20x0p75NA_535s50_g70_z1_256pix_basicFLIM_120f_0000.sdt,20260501_KPC_fixed_dishes_on_SLIM,20260501,glu,KPCWT,3,0,535,49:30.0,,
3_KPCWT0430glu10min_740nm_3024mW_u1_poc0p2_20x0p75NA_457s50_g70_z1_256pix_basicFLIM_120f_0001.sdt,20260501_KPC_fixed_dishes_on_SLIM,20260501,glu,KPCWT,3,1,457,38:03.1,,
3_KPCWT0430glu10min_740nm_3024mW_u1_poc0p2_20x0p75NA_535s50_g70_z1_256pix_basicFLIM_120f_0001.sdt,20260501_KPC_fixed_dishes_on_SLIM,20260501,glu,KPCWT,3,1,535,50:38.4,,
3_KPCWT0430glu10min_740nm_3024mW_u1_poc0p2_20x0p75NA_457s50_g70_z1_256pix_basicFLIM_120f_0002.sdt,20260501_KPC_fixed_dishes_on_SLIM,20260501,glu,KPCWT,3,2,457,39:11.5,,
3_KPCWT0430glu10min_740nm_3024mW_u1_poc0p2_20x0p75NA_535s50_g70_z1_256pix_basicFLIM_120f_0002.sdt,20260501_KPC_fixed_dishes_on_SLIM,20260501,glu,KPCWT,3,2,535,51:47.0,,
3_KPCWT0430glu10min_740nm_3024mW_u1_poc0p2_20x0p75NA_457s50_g70_z1_256pix_basicFLIM_120f_0003.sdt,20260501_KPC_fixed_dishes_on_SLIM,20260501,glu,KPCWT,3,3,457,40:20.2,,
3_KPCWT0430glu10min_740nm_3024mW_u1_poc0p2_20x0p75NA_535s50_g70_z1_256pix_basicFLIM_120f_0003.sdt,20260501_KPC_fixed_dishes_on_SLIM,20260501,glu,KPCWT,3,3,535,52:55.7,,
3_KPCWT0430glu10min_740nm_3024mW_u1_poc0p2_20x0p75NA_457s50_g70_z1_256pix_basicFLIM_120f_0004.sdt,20260501_KPC_fixed_dishes_on_SLIM,20260501,glu,KPCWT,3,4,457,41:28.6,,
3_KPCWT0430glu10min_740nm_3024mW_u1_poc0p2_20x0p75NA_535s50_g70_z1_256pix_basicFLIM_120f_0004.sdt,20260501_KPC_fixed_dishes_on_SLIM,20260501,glu,KPCWT,3,4,535,54:04.6,,
3_KPCWT0430glu10min_740nm_3024mW_u1_poc0p2_20x0p75NA_457s50_g70_z1_256pix_basicFLIM_120f_0005.sdt,20260501_KPC_fixed_dishes_on_SLIM,20260501,glu,KPCWT,3,5,457,42:37.3,,
3_KPCWT0430glu10min_740nm_3024mW_u1_poc0p2_20x0p75NA_535s50_g70_z1_256pix_basicFLIM_120f_0005.sdt,20260501_KPC_fixed_dishes_on_SLIM,20260501,glu,KPCWT,3,5,535,55:13.7,,
3_KPCWT0430glu10min_740nm_3024mW_u1_poc0p2_20x0p75NA_457s50_g70_z1_256pix_basicFLIM_120f_0006.sdt,20260501_KPC_fixed_dishes_on_SLIM,20260501,glu,KPCWT,3,6,457,43:46.0,,
3_KPCWT0430glu10min_740nm_3024mW_u1_poc0p2_20x0p75NA_535s50_g70_z1_256pix_basicFLIM_120f_0006.sdt,20260501_KPC_fixed_dishes_on_SLIM,20260501,glu,KPCWT,3,6,535,56:22.6,,
3_KPCWT0430glu10min_740nm_3024mW_u1_poc0p2_20x0p75NA_457s50_g70_z1_256pix_basicFLIM_120f_0007.sdt,20260501_KPC_fixed_dishes_on_SLIM,20260501,glu,KPCWT,3,7,457,44:56.0,,
3_KPCWT0430glu10min_740nm_3024mW_u1_poc0p2_20x0p75NA_535s50_g70_z1_256pix_basicFLIM_120f_0007.sdt,20260501_KPC_fixed_dishes_on_SLIM,20260501,glu,KPCWT,3,7,535,57:33.1,,
3_KPCWT0430glu10min_740nm_3024mW_u1_poc0p2_20x0p75NA_457s50_g70_z1_256pix_basicFLIM_120f_0008.sdt,20260501_KPC_fixed_dishes_on_SLIM,20260501,glu,KPCWT,3,8,457,46:04.5,,
3_KPCWT0430glu10min_740nm_3024mW_u1_poc0p2_20x0p75NA_535s50_g70_z1_256pix_basicFLIM_120f_0008.sdt,20260501_KPC_fixed_dishes_on_SLIM,20260501,glu,KPCWT,3,8,535,58:41.8,,
3_KPCWT0430glu10min_740nm_3024mW_u1_poc0p2_20x0p75NA_457s50_g70_z1_256pix_basicFLIM_120f_0009.sdt,20260501_KPC_fixed_dishes_on_SLIM,20260501,glu,KPCWT,3,9,457,47:13.6,,
3_KPCWT0430glu10min_740nm_3024mW_u1_poc0p2_20x0p75NA_535s50_g70_z1_256pix_basicFLIM_120f_0009.sdt,20260501_KPC_fixed_dishes_on_SLIM,20260501,glu,KPCWT,3,9,535,59:51.2,,
4_BKO0430glu10min_740nm_3038mW_u1_poc0p2_20x0p75NA_457s50_g70_z1_256pix_basicFLIM_100f_0000.sdt,20260501_KPC_fixed_dishes_on_SLIM,20260501,glu,BKO,4,0,457,22:09.1,,
4_BKO0430glu10min_740nm_3024mW_u1_poc0p2_20x0p75NA_535s50_g70_z1_256pix_basicFLIM_60f_0000.sdt,20260501_KPC_fixed_dishes_on_SLIM,20260501,glu,BKO,4,0,535,09:00.7,,
4_BKO0430glu10min_740nm_3024mW_u1_poc0p2_20x0p75NA_535s50_g70_z1_256pix_basicFLIM_40f_0000.sdt,20260501_KPC_fixed_dishes_on_SLIM,20260501,glu,BKO,4,0,535,15:04.9,,
4_BKO0430glu10min_740nm_3038mW_u1_poc0p2_20x0p75NA_457s50_g70_z1_256pix_basicFLIM_100f_0001.sdt,20260501_KPC_fixed_dishes_on_SLIM,20260501,glu,BKO,4,1,457,23:07.4,,
4_BKO0430glu10min_740nm_3024mW_u1_poc0p2_20x0p75NA_535s50_g70_z1_256pix_basicFLIM_60f_0001.sdt,20260501_KPC_fixed_dishes_on_SLIM,20260501,glu,BKO,4,1,535,09:36.5,,
4_BKO0430glu10min_740nm_3024mW_u1_poc0p2_20x0p75NA_535s50_g70_z1_256pix_basicFLIM_40f_0001.sdt,20260501_KPC_fixed_dishes_on_SLIM,20260501,glu,BKO,4,1,535,15:29.6,,
4_BKO0430glu10min_740nm_3038mW_u1_poc0p2_20x0p75NA_457s50_g70_z1_256pix_basicFLIM_100f_0002.sdt,20260501_KPC_fixed_dishes_on_SLIM,20260501,glu,BKO,4,2,457,24:05.5,,
4_BKO0430glu10min_740nm_3024mW_u1_poc0p2_20x0p75NA_535s50_g70_z1_256pix_basicFLIM_60f_0002.sdt,20260501_KPC_fixed_dishes_on_SLIM,20260501,glu,BKO,4,2,535,10:12.0,,
4_BKO0430glu10min_740nm_3024mW_u1_poc0p2_20x0p75NA_535s50_g70_z1_256pix_basicFLIM_40f_0002.sdt,20260501_KPC_fixed_dishes_on_SLIM,20260501,glu,BKO,4,2,535,15:53.9,,
4_BKO0430glu10min_740nm_3038mW_u1_poc0p2_20x0p75NA_457s50_g70_z1_256pix_basicFLIM_100f_0003.sdt,20260501_KPC_fixed_dishes_on_SLIM,20260501,glu,BKO,4,3,457,25:02.9,,
4_BKO0430glu10min_740nm_3024mW_u1_poc0p2_20x0p75NA_535s50_g70_z1_256pix_basicFLIM_60f_0003.sdt,20260501_KPC_fixed_dishes_on_SLIM,20260501,glu,BKO,4,3,535,10:47.0,,
4_BKO0430glu10min_740nm_3024mW_u1_poc0p2_20x0p75NA_535s50_g70_z1_256pix_basicFLIM_40f_0003.sdt,20260501_KPC_fixed_dishes_on_SLIM,20260501,glu,BKO,4,3,535,16:17.8,,
4_BKO0430glu10min_740nm_3038mW_u1_poc0p2_20x0p75NA_457s50_g70_z1_256pix_basicFLIM_100f_0004.sdt,20260501_KPC_fixed_dishes_on_SLIM,20260501,glu,BKO,4,4,457,26:01.2,,
4_BKO0430glu10min_740nm_3024mW_u1_poc0p2_20x0p75NA_535s50_g70_z1_256pix_basicFLIM_60f_0004.sdt,20260501_KPC_fixed_dishes_on_SLIM,20260501,glu,BKO,4,4,535,11:22.9,,
4_BKO0430glu10min_740nm_3024mW_u1_poc0p2_20x0p75NA_535s50_g70_z1_256pix_basicFLIM_40f_0004.sdt,20260501_KPC_fixed_dishes_on_SLIM,20260501,glu,BKO,4,4,535,16:42.7,,
4_BKO0430glu10min_740nm_3038mW_u1_poc0p2_20x0p75NA_457s50_g70_z1_256pix_basicFLIM_100f_0005.sdt,20260501_KPC_fixed_dishes_on_SLIM,20260501,glu,BKO,4,5,457,26:59.2,,
4_BKO0430glu10min_740nm_3024mW_u1_poc0p2_20x0p75NA_535s50_g70_z1_256pix_basicFLIM_60f_0005.sdt,20260501_KPC_fixed_dishes_on_SLIM,20260501,glu,BKO,4,5,535,11:58.5,,
4_BKO0430glu10min_740nm_3024mW_u1_poc0p2_20x0p75NA_535s50_g70_z1_256pix_basicFLIM_40f_0005.sdt,20260501_KPC_fixed_dishes_on_SLIM,20260501,glu,BKO,4,5,535,17:07.1,,
4_BKO0430glu10min_740nm_3038mW_u1_poc0p2_20x0p75NA_457s50_g70_z1_256pix_basicFLIM_100f_0006.sdt,20260501_KPC_fixed_dishes_on_SLIM,20260501,glu,BKO,4,6,457,27:57.9,,
4_BKO0430glu10min_740nm_3024mW_u1_poc0p2_20x0p75NA_535s50_g70_z1_256pix_basicFLIM_60f_0006.sdt,20260501_KPC_fixed_dishes_on_SLIM,20260501,glu,BKO,4,6,535,12:34.9,,
4_BKO0430glu10min_740nm_3024mW_u1_poc0p2_20x0p75NA_535s50_g70_z1_256pix_basicFLIM_40f_0006.sdt,20260501_KPC_fixed_dishes_on_SLIM,20260501,glu,BKO,4,6,535,17:32.2,,
4_BKO0430glu10min_740nm_3038mW_u1_poc0p2_20x0p75NA_457s50_g70_z1_256pix_basicFLIM_100f_0007.sdt,20260501_KPC_fixed_dishes_on_SLIM,20260501,glu,BKO,4,7,457,28:56.9,,
4_BKO0430glu10min_740nm_3024mW_u1_poc0p2_20x0p75NA_535s50_g70_z1_256pix_basicFLIM_60f_0007.sdt,20260501_KPC_fixed_dishes_on_SLIM,20260501,glu,BKO,4,7,535,13:11.4,,
4_BKO0430glu10min_740nm_3024mW_u1_poc0p2_20x0p75NA_535s50_g70_z1_256pix_basicFLIM_40f_0007.sdt,20260501_KPC_fixed_dishes_on_SLIM,20260501,glu,BKO,4,7,535,17:57.6,,
4_BKO0430glu10min_740nm_3038mW_u1_poc0p2_20x0p75NA_457s50_g70_z1_256pix_basicFLIM_100f_0008.sdt,20260501_KPC_fixed_dishes_on_SLIM,20260501,glu,BKO,4,8,457,29:54.4,,
4_BKO0430glu10min_740nm_3024mW_u1_poc0p2_20x0p75NA_535s50_g70_z1_256pix_basicFLIM_60f_0008.sdt,20260501_KPC_fixed_dishes_on_SLIM,20260501,glu,BKO,4,8,535,13:46.5,,
4_BKO0430glu10min_740nm_3024mW_u1_poc0p2_20x0p75NA_535s50_g70_z1_256pix_basicFLIM_40f_0008.sdt,20260501_KPC_fixed_dishes_on_SLIM,20260501,glu,BKO,4,8,535,18:21.4,,
4_BKO0430glu10min_740nm_3038mW_u1_poc0p2_20x0p75NA_457s50_g70_z1_256pix_basicFLIM_100f_0009.sdt,20260501_KPC_fixed_dishes_on_SLIM,20260501,glu,BKO,4,9,457,30:51.7,,
4_BKO0430glu10min_740nm_3024mW_u1_poc0p2_20x0p75NA_535s50_g70_z1_256pix_basicFLIM_60f_0009.sdt,20260501_KPC_fixed_dishes_on_SLIM,20260501,glu,BKO,4,9,535,14:21.4,,
4_BKO0430glu10min_740nm_3024mW_u1_poc0p2_20x0p75NA_535s50_g70_z1_256pix_basicFLIM_40f_0009.sdt,20260501_KPC_fixed_dishes_on_SLIM,20260501,glu,BKO,4,9,535,18:45.2,,
13_KPC_live_posn1_740nm_3040mW_u1_poc0p2_20x0p75NA_4570s50_g70_z1_256pix_basicFLIM_120f_0000.sdt,20260501_KPC_fixed_dishes_on_SLIM,20260501,live,KPCWT,13,0,457,36:09.0,,
13_KPC_live_posn1b_740nm_3040mW_u1_poc0p2_20x0p75NA_535s50_g70_z1_256pix_basicFLIM_120f_0000.sdt,20260501_KPC_fixed_dishes_on_SLIM,20260501,live,KPCWT,13,0,535,50:43.9,,
13_KPC_live_posn1_740nm_3040mW_u1_poc0p2_20x0p75NA_4570s50_g70_z1_256pix_basicFLIM_120f_0001.sdt,20260501_KPC_fixed_dishes_on_SLIM,20260501,live,KPCWT,13,1,457,37:17.0,,
13_KPC_live_posn1b_740nm_3040mW_u1_poc0p2_20x0p75NA_535s50_g70_z1_256pix_basicFLIM_120f_0001.sdt,20260501_KPC_fixed_dishes_on_SLIM,20260501,live,KPCWT,13,1,535,51:51.8,,
13_KPC_live_posn1_740nm_3040mW_u1_poc0p2_20x0p75NA_4570s50_g70_z1_256pix_basicFLIM_120f_0002.sdt,20260501_KPC_fixed_dishes_on_SLIM,20260501,live,KPCWT,13,2,457,38:24.8,,
13_KPC_live_posn1b_740nm_3040mW_u1_poc0p2_20x0p75NA_535s50_g70_z1_256pix_basicFLIM_120f_0002.sdt,20260501_KPC_fixed_dishes_on_SLIM,20260501,live,KPCWT,13,2,535,52:59.4,,
13_KPC_live_posn1_740nm_3040mW_u1_poc0p2_20x0p75NA_4570s50_g70_z1_256pix_basicFLIM_120f_0003.sdt,20260501_KPC_fixed_dishes_on_SLIM,20260501,live,KPCWT,13,3,457,39:32.5,,
13_KPC_live_posn1b_740nm_3040mW_u1_poc0p2_20x0p75NA_535s50_g70_z1_256pix_basicFLIM_120f_0003.sdt,20260501_KPC_fixed_dishes_on_SLIM,20260501,live,KPCWT,13,3,535,54:07.3,,
14_KPC_live_posn2_740nm_3040mW_u1_poc0p2_20x0p75NA_457s50_g70_z1_256pix_basicFLIM_120f_0000.sdt,20260501_KPC_fixed_dishes_on_SLIM,20260501,live,KPCWT,14,0,457,05:14.2,,
14_KPC_live_posn2_740nm_3040mW_u1_poc0p2_20x0p75NA_535s50_g70_z1_256pix_basicFLIM_120f_0000.sdt,20260501_KPC_fixed_dishes_on_SLIM,20260501,live,KPCWT,14,0,535,00:37.4,,
14_KPC_live_posn2_740nm_3040mW_u1_poc0p2_20x0p75NA_457s50_g70_z1_256pix_basicFLIM_120f_0001.sdt,20260501_KPC_fixed_dishes_on_SLIM,20260501,live,KPCWT,14,1,457,06:22.1,,
14_KPC_live_posn2_740nm_3040mW_u1_poc0p2_20x0p75NA_535s50_g70_z1_256pix_basicFLIM_120f_0001.sdt,20260501_KPC_fixed_dishes_on_SLIM,20260501,live,KPCWT,14,1,535,01:45.3,,
14_KPC_live_posn2_740nm_3040mW_u1_poc0p2_20x0p75NA_457s50_g70_z1_256pix_basicFLIM_120f_0002.sdt,20260501_KPC_fixed_dishes_on_SLIM,20260501,live,KPCWT,14,2,457,07:30.0,,
14_KPC_live_posn2_740nm_3040mW_u1_poc0p2_20x0p75NA_535s50_g70_z1_256pix_basicFLIM_120f_0002.sdt,20260501_KPC_fixed_dishes_on_SLIM,20260501,live,KPCWT,14,2,535,02:53.2,,
15_KPC_live_posn3_740nm_3040mW_u1_poc0p2_20x0p75NA_457s50_g70_z1_256pix_basicFLIM_120f_0000.sdt,20260501_KPC_fixed_dishes_on_SLIM,20260501,live,KPCWT,15,0,457,13:43.3,,
15_KPC_live_posn3_740nm_3040mW_u1_poc0p2_20x0p75NA_535s50_g70_z1_256pix_basicFLIM_120f_0000.sdt,20260501_KPC_fixed_dishes_on_SLIM,20260501,live,KPCWT,15,0,535,20:31.2,,
15_KPC_live_posn3_740nm_3040mW_u1_poc0p2_20x0p75NA_457s50_g70_z1_256pix_basicFLIM_120f_0001.sdt,20260501_KPC_fixed_dishes_on_SLIM,20260501,live,KPCWT,15,1,457,14:51.2,,
15_KPC_live_posn3_740nm_3040mW_u1_poc0p2_20x0p75NA_535s50_g70_z1_256pix_basicFLIM_120f_0001.sdt,20260501_KPC_fixed_dishes_on_SLIM,20260501,live,KPCWT,15,1,535,21:39.1,,
15_KPC_live_posn3_740nm_3040mW_u1_poc0p2_20x0p75NA_457s50_g70_z1_256pix_basicFLIM_120f_0002.sdt,20260501_KPC_fixed_dishes_on_SLIM,20260501,live,KPCWT,15,2,457,15:59.0,,
15_KPC_live_posn3_740nm_3040mW_u1_poc0p2_20x0p75NA_535s50_g70_z1_256pix_basicFLIM_120f_0002.sdt,20260501_KPC_fixed_dishes_on_SLIM,20260501,live,KPCWT,15,2,535,22:46.6,,
15_KPC_live_posn3_740nm_3040mW_u1_poc0p2_20x0p75NA_457s50_g70_z1_256pix_basicFLIM_120f_0003.sdt,20260501_KPC_fixed_dishes_on_SLIM,20260501,live,KPCWT,15,3,457,17:06.9,,
15_KPC_live_posn3_740nm_3040mW_u1_poc0p2_20x0p75NA_535s50_g70_z1_256pix_basicFLIM_120f_0003.sdt,20260501_KPC_fixed_dishes_on_SLIM,20260501,live,KPCWT,15,3,535,23:54.1,,
15_KPC_live_posn3_740nm_3040mW_u1_poc0p2_20x0p75NA_457s50_g70_z1_256pix_basicFLIM_120f_0004.sdt,20260501_KPC_fixed_dishes_on_SLIM,20260501,live,KPCWT,15,4,457,18:14.7,,
15_KPC_live_posn3_740nm_3040mW_u1_poc0p2_20x0p75NA_535s50_g70_z1_256pix_basicFLIM_120f_0004.sdt,20260501_KPC_fixed_dishes_on_SLIM,20260501,live,KPCWT,15,4,535,25:02.0,,
16_KPC_live_posn4_740nm_3040mW_u1_poc0p2_20x0p75NA_457s50_g70_z1_256pix_basicFLIM_120f_0000.sdt,20260501_KPC_fixed_dishes_on_SLIM,20260501,live,KPCWT,16,0,457,43:17.6,,
16_KPC_live_posn4_740nm_3040mW_u1_poc0p2_20x0p75NA_535s50_g70_z1_256pix_basicFLIM_120f_0000.sdt,20260501_KPC_fixed_dishes_on_SLIM,20260501,live,KPCWT,16,0,535,37:32.7,,
16_KPC_live_posn4_740nm_3040mW_u1_poc0p2_20x0p75NA_457s50_g70_z1_256pix_basicFLIM_120f_0001.sdt,20260501_KPC_fixed_dishes_on_SLIM,20260501,live,KPCWT,16,1,457,44:25.5,,
16_KPC_live_posn4_740nm_3040mW_u1_poc0p2_20x0p75NA_535s50_g70_z1_256pix_basicFLIM_120f_0001.sdt,20260501_KPC_fixed_dishes_on_SLIM,20260501,live,KPCWT,16,1,535,38:40.3,,
16_KPC_live_posn4_740nm_3040mW_u1_poc0p2_20x0p75NA_457s50_g70_z1_256pix_basicFLIM_120f_0002.sdt,20260501_KPC_fixed_dishes_on_SLIM,20260501,live,KPCWT,16,2,457,45:33.3,,
16_KPC_live_posn4_740nm_3040mW_u1_poc0p2_20x0p75NA_535s50_g70_z1_256pix_basicFLIM_120f_0002.sdt,20260501_KPC_fixed_dishes_on_SLIM,20260501,live,KPCWT,16,2,535,39:48.2,,
16_KPC_live_posn4_740nm_3040mW_u1_poc0p2_20x0p75NA_457s50_g70_z1_256pix_basicFLIM_120f_0003.sdt,20260501_KPC_fixed_dishes_on_SLIM,20260501,live,KPCWT,16,3,457,46:41.2,,
16_KPC_live_posn4_740nm_3040mW_u1_poc0p2_20x0p75NA_535s50_g70_z1_256pix_basicFLIM_120f_0003.sdt,20260501_KPC_fixed_dishes_on_SLIM,20260501,live,KPCWT,16,3,535,40:56.2,,
17_KPC_live_posn5_740nm_3040mW_u1_poc0p2_20x0p75NA_457s50_g70_z1_256pix_basicFLIM_120f_0000.sdt,20260501_KPC_fixed_dishes_on_SLIM,20260501,live,KPCWT,17,0,457,55:20.7,,
17_KPC_live_posn5_740nm_3040mW_u1_poc0p2_20x0p75NA_535s50_g70_z1_256pix_basicFLIM_120f_0000.sdt,20260501_KPC_fixed_dishes_on_SLIM,20260501,live,KPCWT,17,0,535,02:51.2,,
17_KPC_live_posn5_740nm_3040mW_u1_poc0p2_20x0p75NA_457s50_g70_z1_256pix_basicFLIM_120f_0001.sdt,20260501_KPC_fixed_dishes_on_SLIM,20260501,live,KPCWT,17,1,457,56:28.4,,
17_KPC_live_posn5_740nm_3040mW_u1_poc0p2_20x0p75NA_535s50_g70_z1_256pix_basicFLIM_120f_0001.sdt,20260501_KPC_fixed_dishes_on_SLIM,20260501,live,KPCWT,17,1,535,03:59.2,,
17_KPC_live_posn5_740nm_3040mW_u1_poc0p2_20x0p75NA_457s50_g70_z1_256pix_basicFLIM_120f_0002.sdt,20260501_KPC_fixed_dishes_on_SLIM,20260501,live,KPCWT,17,2,457,57:36.5,,
17_KPC_live_posn5_740nm_3040mW_u1_poc0p2_20x0p75NA_535s50_g70_z1_256pix_basicFLIM_120f_0002.sdt,20260501_KPC_fixed_dishes_on_SLIM,20260501,live,KPCWT,17,2,535,05:07.4,,
17_KPC_live_posn5_740nm_3040mW_u1_poc0p2_20x0p75NA_457s50_g70_z1_256pix_basicFLIM_120f_0003.sdt,20260501_KPC_fixed_dishes_on_SLIM,20260501,live,KPCWT,17,3,457,58:44.1,,
17_KPC_live_posn5_740nm_3040mW_u1_poc0p2_20x0p75NA_535s50_g70_z1_256pix_basicFLIM_120f_0003.sdt,20260501_KPC_fixed_dishes_on_SLIM,20260501,live,KPCWT,17,3,535,06:15.4,,
17_KPC_live_posn5_740nm_3040mW_u1_poc0p2_20x0p75NA_457s50_g70_z1_256pix_basicFLIM_120f_0004.sdt,20260501_KPC_fixed_dishes_on_SLIM,20260501,live,KPCWT,17,4,457,59:52.8,,
17_KPC_live_posn5_740nm_3040mW_u1_poc0p2_20x0p75NA_535s50_g70_z1_256pix_basicFLIM_120f_0004.sdt,20260501_KPC_fixed_dishes_on_SLIM,20260501,live,KPCWT,17,4,535,07:23.6,,
3_KPCWTform20min_740nm_3006mW_u1_poc0p25_20x0p75NA_475s50_g70_z1_256pix_basicFLIM_120f_0000.sdt,20260509_KPC_fixed_dishes_on_SLIM,20260509,form,KPCWT,3,0,457,49:24.0,,
3_KPCWTform20min_740nm_3006mW_u1_poc0p6_20x0p75NA_457s50_g70_z1_256pix_basicFLIM_120f_0000.sdt,20260509_KPC_fixed_dishes_on_SLIM,20260509,form,KPCWT,3,0,457,32:29.1,,
3_KPCWTform20min_740nm_3006mW_u1_poc0p25_20x0p75NA_535s50_g70_z1_256pix_basicFLIM_120f_0000.sdt,20260509_KPC_fixed_dishes_on_SLIM,20260509,form,KPCWT,3,0,535,04:45.5,,
3_KPCWTform20min_740nm_3006mW_u1_poc0p25_20x0p75NA_475s50_g70_z1_256pix_basicFLIM_120f_0001.sdt,20260509_KPC_fixed_dishes_on_SLIM,20260509,form,KPCWT,3,1,457,50:31.7,,
3_KPCWTform20min_740nm_3006mW_u1_poc0p6_20x0p75NA_457s50_g70_z1_256pix_basicFLIM_120f_0001.sdt,20260509_KPC_fixed_dishes_on_SLIM,20260509,form,KPCWT,3,1,457,33:37.3,,
3_KPCWTform20min_740nm_3006mW_u1_poc0p25_20x0p75NA_535s50_g70_z1_256pix_basicFLIM_120f_0001.sdt,20260509_KPC_fixed_dishes_on_SLIM,20260509,form,KPCWT,3,1,535,05:53.3,,
3_KPCWTform20min_740nm_3006mW_u1_poc0p25_20x0p75NA_475s50_g70_z1_256pix_basicFLIM_120f_0002.sdt,20260509_KPC_fixed_dishes_on_SLIM,20260509,form,KPCWT,3,2,457,51:40.0,,
3_KPCWTform20min_740nm_3006mW_u1_poc0p6_20x0p75NA_457s50_g70_z1_256pix_basicFLIM_120f_0002.sdt,20260509_KPC_fixed_dishes_on_SLIM,20260509,form,KPCWT,3,2,457,34:45.7,,
3_KPCWTform20min_740nm_3006mW_u1_poc0p25_20x0p75NA_535s50_g70_z1_256pix_basicFLIM_120f_0002.sdt,20260509_KPC_fixed_dishes_on_SLIM,20260509,form,KPCWT,3,2,535,07:01.7,,
3_KPCWTform20min_740nm_3006mW_u1_poc0p25_20x0p75NA_475s50_g70_z1_256pix_basicFLIM_120f_0003.sdt,20260509_KPC_fixed_dishes_on_SLIM,20260509,form,KPCWT,3,3,457,52:48.5,,
3_KPCWTform20min_740nm_3006mW_u1_poc0p6_20x0p75NA_457s50_g70_z1_256pix_basicFLIM_120f_0003.sdt,20260509_KPC_fixed_dishes_on_SLIM,20260509,form,KPCWT,3,3,457,35:54.7,,
3_KPCWTform20min_740nm_3006mW_u1_poc0p25_20x0p75NA_535s50_g70_z1_256pix_basicFLIM_120f_0003.sdt,20260509_KPC_fixed_dishes_on_SLIM,20260509,form,KPCWT,3,3,535,08:10.1,,
3_KPCWTform20min_740nm_3006mW_u1_poc0p25_20x0p75NA_475s50_g70_z1_256pix_basicFLIM_120f_0004.sdt,20260509_KPC_fixed_dishes_on_SLIM,20260509,form,KPCWT,3,4,457,53:56.7,,
3_KPCWTform20min_740nm_3006mW_u1_poc0p6_20x0p75NA_457s50_g70_z1_256pix_basicFLIM_120f_0004.sdt,20260509_KPC_fixed_dishes_on_SLIM,20260509,form,KPCWT,3,4,457,37:03.2,,
3_KPCWTform20min_740nm_3006mW_u1_poc0p25_20x0p75NA_535s50_g70_z1_256pix_basicFLIM_120f_0004.sdt,20260509_KPC_fixed_dishes_on_SLIM,20260509,form,KPCWT,3,4,535,09:18.4,,
3_KPCWTform20min_740nm_3006mW_u1_poc0p25_20x0p75NA_475s50_g70_z1_256pix_basicFLIM_120f_0005.sdt,20260509_KPC_fixed_dishes_on_SLIM,20260509,form,KPCWT,3,5,457,55:05.2,,
3_KPCWTform20min_740nm_3006mW_u1_poc0p6_20x0p75NA_457s50_g70_z1_256pix_basicFLIM_120f_0005.sdt,20260509_KPC_fixed_dishes_on_SLIM,20260509,form,KPCWT,3,5,457,38:12.0,,
3_KPCWTform20min_740nm_3006mW_u1_poc0p25_20x0p75NA_535s50_g70_z1_256pix_basicFLIM_120f_0005.sdt,20260509_KPC_fixed_dishes_on_SLIM,20260509,form,KPCWT,3,5,535,10:26.9,,
3_KPCWTform20min_740nm_3006mW_u1_poc0p25_20x0p75NA_475s50_g70_z1_256pix_basicFLIM_120f_0006.sdt,20260509_KPC_fixed_dishes_on_SLIM,20260509,form,KPCWT,3,6,457,56:13.7,,
3_KPCWTform20min_740nm_3006mW_u1_poc0p6_20x0p75NA_457s50_g70_z1_256pix_basicFLIM_120f_0006.sdt,20260509_KPC_fixed_dishes_on_SLIM,20260509,form,KPCWT,3,6,457,39:20.8,,
3_KPCWTform20min_740nm_3006mW_u1_poc0p25_20x0p75NA_535s50_g70_z1_256pix_basicFLIM_120f_0006.sdt,20260509_KPC_fixed_dishes_on_SLIM,20260509,form,KPCWT,3,6,535,11:35.2,,
3_KPCWTform20min_740nm_3006mW_u1_poc0p25_20x0p75NA_475s50_g70_z1_256pix_basicFLIM_120f_0007.sdt,20260509_KPC_fixed_dishes_on_SLIM,20260509,form,KPCWT,3,7,457,57:22.4,,
3_KPCWTform20min_740nm_3006mW_u1_poc0p6_20x0p75NA_457s50_g70_z1_256pix_basicFLIM_120f_0007.sdt,20260509_KPC_fixed_dishes_on_SLIM,20260509,form,KPCWT,3,7,457,40:29.6,,
3_KPCWTform20min_740nm_3006mW_u1_poc0p25_20x0p75NA_535s50_g70_z1_256pix_basicFLIM_120f_0007.sdt,20260509_KPC_fixed_dishes_on_SLIM,20260509,form,KPCWT,3,7,535,12:43.9,,
3_KPCWTform20min_740nm_3006mW_u1_poc0p25_20x0p75NA_475s50_g70_z1_256pix_basicFLIM_120f_0008.sdt,20260509_KPC_fixed_dishes_on_SLIM,20260509,form,KPCWT,3,8,457,58:30.6,,
3_KPCWTform20min_740nm_3006mW_u1_poc0p6_20x0p75NA_457s50_g70_z1_256pix_basicFLIM_120f_0008.sdt,20260509_KPC_fixed_dishes_on_SLIM,20260509,form,KPCWT,3,8,457,41:37.5,,
3_KPCWTform20min_740nm_3006mW_u1_poc0p25_20x0p75NA_535s50_g70_z1_256pix_basicFLIM_120f_0008.sdt,20260509_KPC_fixed_dishes_on_SLIM,20260509,form,KPCWT,3,8,535,13:51.7,,
3_KPCWTform20min_740nm_3006mW_u1_poc0p25_20x0p75NA_475s50_g70_z1_256pix_basicFLIM_120f_0009.sdt,20260509_KPC_fixed_dishes_on_SLIM,20260509,form,KPCWT,3,9,457,59:39.1,,
3_KPCWTform20min_740nm_3006mW_u1_poc0p6_20x0p75NA_457s50_g70_z1_256pix_basicFLIM_120f_0009.sdt,20260509_KPC_fixed_dishes_on_SLIM,20260509,form,KPCWT,3,9,457,42:46.5,,
3_KPCWTform20min_740nm_3006mW_u1_poc0p25_20x0p75NA_535s50_g70_z1_256pix_basicFLIM_120f_0009.sdt,20260509_KPC_fixed_dishes_on_SLIM,20260509,form,KPCWT,3,9,535,15:00.4,,
3_KPCWTform20min_740nm_3006mW_u1_poc0p25_20x0p75NA_475s50_g70_z1_256pix_basicFLIM_120f_0010.sdt,20260509_KPC_fixed_dishes_on_SLIM,20260509,form,KPCWT,3,10,457,00:47.1,,
3_KPCWTform20min_740nm_3006mW_u1_poc0p6_20x0p75NA_457s50_g70_z1_256pix_basicFLIM_120f_0010.sdt,20260509_KPC_fixed_dishes_on_SLIM,20260509,form,KPCWT,3,10,457,43:54.8,,
3_KPCWTform20min_740nm_3006mW_u1_poc0p25_20x0p75NA_535s50_g70_z1_256pix_basicFLIM_120f_0010.sdt,20260509_KPC_fixed_dishes_on_SLIM,20260509,form,KPCWT,3,10,535,16:08.6,,
3_KPCWTform20min_740nm_3006mW_u1_poc0p25_20x0p75NA_475s50_g70_z1_256pix_basicFLIM_120f_0011.sdt,20260509_KPC_fixed_dishes_on_SLIM,20260509,form,KPCWT,3,11,457,01:56.9,,
3_KPCWTform20min_740nm_3006mW_u1_poc0p6_20x0p75NA_457s50_g70_z1_256pix_basicFLIM_120f_0011.sdt,20260509_KPC_fixed_dishes_on_SLIM,20260509,form,KPCWT,3,11,457,45:04.1,,
3_KPCWTform20min_740nm_3006mW_u1_poc0p25_20x0p75NA_535s50_g70_z1_256pix_basicFLIM_120f_0011.sdt,20260509_KPC_fixed_dishes_on_SLIM,20260509,form,KPCWT,3,11,535,17:17.9,,
3_KPCWTform20min_740nm_3006mW_u1_poc0p6_20x0p75NA_457s50_g70_z1_256pix_basicFLIM_120f_0012.sdt,20260509_KPC_fixed_dishes_on_SLIM,20260509,form,KPCWT,3,12,457,11:11.6,,
3_KPCWTform20min_740nm_3006mW_u1_poc0p6_20x0p75NA_457s50_g70_z1_256pix_basicFLIM_120f_0013.sdt,20260509_KPC_fixed_dishes_on_SLIM,20260509,form,KPCWT,3,13,457,12:19.7,,
3_KPCWTform20min_740nm_3006mW_u1_poc0p6_20x0p75NA_457s50_g70_z1_256pix_basicFLIM_120f_0014.sdt,20260509_KPC_fixed_dishes_on_SLIM,20260509,form,KPCWT,3,14,457,13:28.0,,
3_KPCWTform20min_740nm_3006mW_u1_poc0p6_20x0p75NA_457s50_g70_z1_256pix_basicFLIM_120f_0015.sdt,20260509_KPC_fixed_dishes_on_SLIM,20260509,form,KPCWT,3,15,457,14:36.9,,
3_KPCWTform20min_740nm_3006mW_u1_poc0p6_20x0p75NA_457s50_g70_z1_256pix_basicFLIM_120f_0016.sdt,20260509_KPC_fixed_dishes_on_SLIM,20260509,form,KPCWT,3,16,457,15:45.6,,
3_KPCWTform20min_740nm_3006mW_u1_poc0p6_20x0p75NA_457s50_g70_z1_256pix_basicFLIM_120f_0017.sdt,20260509_KPC_fixed_dishes_on_SLIM,20260509,form,KPCWT,3,17,457,16:54.6,,
3_KPCWTform20min_740nm_3006mW_u1_poc0p6_20x0p75NA_457s50_g70_z1_256pix_basicFLIM_120f_0018.sdt,20260509_KPC_fixed_dishes_on_SLIM,20260509,form,KPCWT,3,18,457,18:03.3,,
3_KPCWTform20min_740nm_3006mW_u1_poc0p6_20x0p75NA_457s50_g70_z1_256pix_basicFLIM_120f_0019.sdt,20260509_KPC_fixed_dishes_on_SLIM,20260509,form,KPCWT,3,19,457,19:12.2,,
3_KPCWTform20min_740nm_3006mW_u1_poc0p6_20x0p75NA_457s50_g70_z1_256pix_basicFLIM_120f_0020.sdt,20260509_KPC_fixed_dishes_on_SLIM,20260509,form,KPCWT,3,20,457,20:20.2,,
3_KPCWTform20min_740nm_3006mW_u1_poc0p6_20x0p75NA_457s50_g70_z1_256pix_basicFLIM_120f_0021.sdt,20260509_KPC_fixed_dishes_on_SLIM,20260509,form,KPCWT,3,21,457,21:29.2,,
3_KPCWTform20min_740nm_3006mW_u1_poc0p6_20x0p75NA_457s50_g70_z1_256pix_basicFLIM_120f_0022.sdt,20260509_KPC_fixed_dishes_on_SLIM,20260509,form,KPCWT,3,22,457,22:37.3,,
3_KPCWTform20min_740nm_3006mW_u1_poc0p6_20x0p75NA_457s50_g70_z1_256pix_basicFLIM_120f_0023.sdt,20260509_KPC_fixed_dishes_on_SLIM,20260509,form,KPCWT,3,23,457,23:46.7,,
4_BKOCO2form20min_740nm_2995mW_u1_poc0p25_20x0p75NA_457s50_g70_z1_256pix_basicFLIM_120f_0000.sdt,20260509_KPC_fixed_dishes_on_SLIM,20260509,form,BKO,4,0,457,52:24.9,,
4_BKOCO2form20min_740nm_2995mW_u1_poc0p6_20x0p75NA_457s50_g70_z1_256pix_basicFLIM_120f_0000.sdt,20260509_KPC_fixed_dishes_on_SLIM,20260509,form,BKO,4,0,457,44:08.9,,
4_BKOCO2form20min_740nm_2995mW_u1_poc0p25_20x0p75NA_535s50_g70_z1_256pix_basicFLIM_120f_0000.sdt,20260509_KPC_fixed_dishes_on_SLIM,20260509,form,BKO,4,0,535,22:24.9,,
4_BKOCO2form20min_740nm_2995mW_u1_poc0p6_20x0p75NA_535s50_g70_z1_256pix_basicFLIM_120f_0000.sdt,20260509_KPC_fixed_dishes_on_SLIM,20260509,form,BKO,4,0,535,13:07.4,,
4_BKOCO2form20min_740nm_2995mW_u1_poc0p25_20x0p75NA_457s50_g70_z1_256pix_basicFLIM_120f_0001.sdt,20260509_KPC_fixed_dishes_on_SLIM,20260509,form,BKO,4,1,457,53:33.7,,
4_BKOCO2form20min_740nm_2995mW_u1_poc0p6_20x0p75NA_457s50_g70_z1_256pix_basicFLIM_120f_0001.sdt,20260509_KPC_fixed_dishes_on_SLIM,20260509,form,BKO,4,1,457,45:17.8,,
4_BKOCO2form20min_740nm_2995mW_u1_poc0p25_20x0p75NA_535s50_g70_z1_256pix_basicFLIM_120f_0001.sdt,20260509_KPC_fixed_dishes_on_SLIM,20260509,form,BKO,4,1,535,23:33.7,,
4_BKOCO2form20min_740nm_2995mW_u1_poc0p6_20x0p75NA_535s50_g70_z1_256pix_basicFLIM_120f_0001.sdt,20260509_KPC_fixed_dishes_on_SLIM,20260509,form,BKO,4,1,535,14:16.3,,
4_BKOCO2form20min_740nm_2995mW_u1_poc0p25_20x0p75NA_457s50_g70_z1_256pix_basicFLIM_120f_0002.sdt,20260509_KPC_fixed_dishes_on_SLIM,20260509,form,BKO,4,2,457,54:41.9,,
4_BKOCO2form20min_740nm_2995mW_u1_poc0p6_20x0p75NA_457s50_g70_z1_256pix_basicFLIM_120f_0002.sdt,20260509_KPC_fixed_dishes_on_SLIM,20260509,form,BKO,4,2,457,46:26.3,,
4_BKOCO2form20min_740nm_2995mW_u1_poc0p25_20x0p75NA_535s50_g70_z1_256pix_basicFLIM_120f_0002.sdt,20260509_KPC_fixed_dishes_on_SLIM,20260509,form,BKO,4,2,535,24:42.1,,
4_BKOCO2form20min_740nm_2995mW_u1_poc0p6_20x0p75NA_535s50_g70_z1_256pix_basicFLIM_120f_0002.sdt,20260509_KPC_fixed_dishes_on_SLIM,20260509,form,BKO,4,2,535,15:25.2,,
4_BKOCO2form20min_740nm_2995mW_u1_poc0p25_20x0p75NA_457s50_g70_z1_256pix_basicFLIM_120f_0003.sdt,20260509_KPC_fixed_dishes_on_SLIM,20260509,form,BKO,4,3,457,55:50.3,,
4_BKOCO2form20min_740nm_2995mW_u1_poc0p6_20x0p75NA_457s50_g70_z1_256pix_basicFLIM_120f_0003.sdt,20260509_KPC_fixed_dishes_on_SLIM,20260509,form,BKO,4,3,457,47:34.8,,
4_BKOCO2form20min_740nm_2995mW_u1_poc0p25_20x0p75NA_535s50_g70_z1_256pix_basicFLIM_120f_0003.sdt,20260509_KPC_fixed_dishes_on_SLIM,20260509,form,BKO,4,3,535,25:50.4,,
4_BKOCO2form20min_740nm_2995mW_u1_poc0p6_20x0p75NA_535s50_g70_z1_256pix_basicFLIM_120f_0003.sdt,20260509_KPC_fixed_dishes_on_SLIM,20260509,form,BKO,4,3,535,16:33.7,,
4_BKOCO2form20min_740nm_2995mW_u1_poc0p25_20x0p75NA_457s50_g70_z1_256pix_basicFLIM_120f_0004.sdt,20260509_KPC_fixed_dishes_on_SLIM,20260509,form,BKO,4,4,457,56:58.8,,
4_BKOCO2form20min_740nm_2995mW_u1_poc0p6_20x0p75NA_457s50_g70_z1_256pix_basicFLIM_120f_0004.sdt,20260509_KPC_fixed_dishes_on_SLIM,20260509,form,BKO,4,4,457,48:43.8,,
4_BKOCO2form20min_740nm_2995mW_u1_poc0p25_20x0p75NA_535s50_g70_z1_256pix_basicFLIM_120f_0004.sdt,20260509_KPC_fixed_dishes_on_SLIM,20260509,form,BKO,4,4,535,26:59.4,,
4_BKOCO2form20min_740nm_2995mW_u1_poc0p6_20x0p75NA_535s50_g70_z1_256pix_basicFLIM_120f_0004.sdt,20260509_KPC_fixed_dishes_on_SLIM,20260509,form,BKO,4,4,535,17:42.4,,
4_BKOCO2form20min_740nm_2995mW_u1_poc0p25_20x0p75NA_457s50_g70_z1_256pix_basicFLIM_120f_0005.sdt,20260509_KPC_fixed_dishes_on_SLIM,20260509,form,BKO,4,5,457,58:07.1,,
4_BKOCO2form20min_740nm_2995mW_u1_poc0p6_20x0p75NA_457s50_g70_z1_256pix_basicFLIM_120f_0005.sdt,20260509_KPC_fixed_dishes_on_SLIM,20260509,form,BKO,4,5,457,49:52.2,,
4_BKOCO2form20min_740nm_2995mW_u1_poc0p25_20x0p75NA_535s50_g70_z1_256pix_basicFLIM_120f_0005.sdt,20260509_KPC_fixed_dishes_on_SLIM,20260509,form,BKO,4,5,535,28:08.0,,
4_BKOCO2form20min_740nm_2995mW_u1_poc0p6_20x0p75NA_535s50_g70_z1_256pix_basicFLIM_120f_0005.sdt,20260509_KPC_fixed_dishes_on_SLIM,20260509,form,BKO,4,5,535,18:50.8,,
4_BKOCO2form20min_740nm_2995mW_u1_poc0p25_20x0p75NA_457s50_g70_z1_256pix_basicFLIM_120f_0006.sdt,20260509_KPC_fixed_dishes_on_SLIM,20260509,form,BKO,4,6,457,59:15.2,,
4_BKOCO2form20min_740nm_2995mW_u1_poc0p6_20x0p75NA_457s50_g70_z1_256pix_basicFLIM_120f_0006.sdt,20260509_KPC_fixed_dishes_on_SLIM,20260509,form,BKO,4,6,457,51:00.4,,
4_BKOCO2form20min_740nm_2995mW_u1_poc0p25_20x0p75NA_535s50_g70_z1_256pix_basicFLIM_120f_0006.sdt,20260509_KPC_fixed_dishes_on_SLIM,20260509,form,BKO,4,6,535,29:16.2,,
4_BKOCO2form20min_740nm_2995mW_u1_poc0p6_20x0p75NA_535s50_g70_z1_256pix_basicFLIM_120f_0006.sdt,20260509_KPC_fixed_dishes_on_SLIM,20260509,form,BKO,4,6,535,19:59.2,,
4_BKOCO2form20min_740nm_2995mW_u1_poc0p25_20x0p75NA_457s50_g70_z1_256pix_basicFLIM_120f_0007.sdt,20260509_KPC_fixed_dishes_on_SLIM,20260509,form,BKO,4,7,457,00:24.0,,
4_BKOCO2form20min_740nm_2995mW_u1_poc0p6_20x0p75NA_457s50_g70_z1_256pix_basicFLIM_120f_0007.sdt,20260509_KPC_fixed_dishes_on_SLIM,20260509,form,BKO,4,7,457,52:09.1,,
4_BKOCO2form20min_740nm_2995mW_u1_poc0p25_20x0p75NA_535s50_g70_z1_256pix_basicFLIM_120f_0007.sdt,20260509_KPC_fixed_dishes_on_SLIM,20260509,form,BKO,4,7,535,30:24.8,,
4_BKOCO2form20min_740nm_2995mW_u1_poc0p6_20x0p75NA_535s50_g70_z1_256pix_basicFLIM_120f_0007.sdt,20260509_KPC_fixed_dishes_on_SLIM,20260509,form,BKO,4,7,535,21:08.1,,
4_BKOCO2form20min_740nm_2995mW_u1_poc0p25_20x0p75NA_457s50_g70_z1_256pix_basicFLIM_120f_0008.sdt,20260509_KPC_fixed_dishes_on_SLIM,20260509,form,BKO,4,8,457,01:32.4,,
4_BKOCO2form20min_740nm_2995mW_u1_poc0p6_20x0p75NA_457s50_g70_z1_256pix_basicFLIM_120f_0008.sdt,20260509_KPC_fixed_dishes_on_SLIM,20260509,form,BKO,4,8,457,53:17.8,,
4_BKOCO2form20min_740nm_2995mW_u1_poc0p25_20x0p75NA_535s50_g70_z1_256pix_basicFLIM_120f_0008.sdt,20260509_KPC_fixed_dishes_on_SLIM,20260509,form,BKO,4,8,535,31:33.6,,
4_BKOCO2form20min_740nm_2995mW_u1_poc0p6_20x0p75NA_535s50_g70_z1_256pix_basicFLIM_120f_0008.sdt,20260509_KPC_fixed_dishes_on_SLIM,20260509,form,BKO,4,8,535,22:16.7,,
4_BKOCO2form20min_740nm_2995mW_u1_poc0p25_20x0p75NA_457s50_g70_z1_256pix_basicFLIM_120f_0009.sdt,20260509_KPC_fixed_dishes_on_SLIM,20260509,form,BKO,4,9,457,02:42.2,,
4_BKOCO2form20min_740nm_2995mW_u1_poc0p6_20x0p75NA_457s50_g70_z1_256pix_basicFLIM_120f_0009.sdt,20260509_KPC_fixed_dishes_on_SLIM,20260509,form,BKO,4,9,457,54:27.7,,
4_BKOCO2form20min_740nm_2995mW_u1_poc0p25_20x0p75NA_535s50_g70_z1_256pix_basicFLIM_120f_0009.sdt,20260509_KPC_fixed_dishes_on_SLIM,20260509,form,BKO,4,9,535,32:43.9,,
4_BKOCO2form20min_740nm_2995mW_u1_poc0p6_20x0p75NA_535s50_g70_z1_256pix_basicFLIM_120f_0009.sdt,20260509_KPC_fixed_dishes_on_SLIM,20260509,form,BKO,4,9,535,23:26.5,,
4_BKOCO2form20min_740nm_2995mW_u1_poc0p25_20x0p75NA_457s50_g70_z1_256pix_basicFLIM_120f_0010.sdt,20260509_KPC_fixed_dishes_on_SLIM,20260509,form,BKO,4,10,457,03:51.2,,
4_BKOCO2form20min_740nm_2995mW_u1_poc0p6_20x0p75NA_457s50_g70_z1_256pix_basicFLIM_120f_0010.sdt,20260509_KPC_fixed_dishes_on_SLIM,20260509,form,BKO,4,10,457,55:36.8,,
4_BKOCO2form20min_740nm_2995mW_u1_poc0p25_20x0p75NA_535s50_g70_z1_256pix_basicFLIM_120f_0010.sdt,20260509_KPC_fixed_dishes_on_SLIM,20260509,form,BKO,4,10,535,33:53.3,,
4_BKOCO2form20min_740nm_2995mW_u1_poc0p6_20x0p75NA_535s50_g70_z1_256pix_basicFLIM_120f_0010.sdt,20260509_KPC_fixed_dishes_on_SLIM,20260509,form,BKO,4,10,535,24:35.5,,
4_BKOCO2form20min_740nm_2995mW_u1_poc0p25_20x0p75NA_457s50_g70_z1_256pix_basicFLIM_120f_0011.sdt,20260509_KPC_fixed_dishes_on_SLIM,20260509,form,BKO,4,11,457,04:59.2,,
4_BKOCO2form20min_740nm_2995mW_u1_poc0p6_20x0p75NA_457s50_g70_z1_256pix_basicFLIM_120f_0011.sdt,20260509_KPC_fixed_dishes_on_SLIM,20260509,form,BKO,4,11,457,56:45.3,,
4_BKOCO2form20min_740nm_2995mW_u1_poc0p25_20x0p75NA_535s50_g70_z1_256pix_basicFLIM_120f_0011.sdt,20260509_KPC_fixed_dishes_on_SLIM,20260509,form,BKO,4,11,535,35:01.4,,
4_BKOCO2form20min_740nm_2995mW_u1_poc0p6_20x0p75NA_535s50_g70_z1_256pix_basicFLIM_120f_0011.sdt,20260509_KPC_fixed_dishes_on_SLIM,20260509,form,BKO,4,11,535,25:43.6,,
4_BKOCO2form20min_740nm_2995mW_u1_poc0p25_20x0p75NA_457s50_g70_z1_256pix_basicFLIM_120f_0012.sdt,20260509_KPC_fixed_dishes_on_SLIM,20260509,form,BKO,4,12,457,06:07.2,,
4_BKOCO2form20min_740nm_2995mW_u1_poc0p6_20x0p75NA_457s50_g70_z1_256pix_basicFLIM_120f_0012.sdt,20260509_KPC_fixed_dishes_on_SLIM,20260509,form,BKO,4,12,457,57:53.6,,
4_BKOCO2form20min_740nm_2995mW_u1_poc0p25_20x0p75NA_535s50_g70_z1_256pix_basicFLIM_120f_0012.sdt,20260509_KPC_fixed_dishes_on_SLIM,20260509,form,BKO,4,12,535,36:09.3,,
4_BKOCO2form20min_740nm_2995mW_u1_poc0p6_20x0p75NA_535s50_g70_z1_256pix_basicFLIM_120f_0012.sdt,20260509_KPC_fixed_dishes_on_SLIM,20260509,form,BKO,4,12,535,26:51.9,,
4_BKOCO2form20min_740nm_2995mW_u1_poc0p25_20x0p75NA_457s50_g70_z1_256pix_basicFLIM_120f_0013.sdt,20260509_KPC_fixed_dishes_on_SLIM,20260509,form,BKO,4,13,457,07:16.2,,
4_BKOCO2form20min_740nm_2995mW_u1_poc0p6_20x0p75NA_457s50_g70_z1_256pix_basicFLIM_120f_0013.sdt,20260509_KPC_fixed_dishes_on_SLIM,20260509,form,BKO,4,13,457,59:02.9,,
4_BKOCO2form20min_740nm_2995mW_u1_poc0p25_20x0p75NA_535s50_g70_z1_256pix_basicFLIM_120f_0013.sdt,20260509_KPC_fixed_dishes_on_SLIM,20260509,form,BKO,4,13,535,37:18.5,,
4_BKOCO2form20min_740nm_2995mW_u1_poc0p6_20x0p75NA_535s50_g70_z1_256pix_basicFLIM_120f_0013.sdt,20260509_KPC_fixed_dishes_on_SLIM,20260509,form,BKO,4,13,535,28:01.1,,
4_BKOCO2form20min_740nm_2995mW_u1_poc0p25_20x0p75NA_457s50_g70_z1_256pix_basicFLIM_120f_0014.sdt,20260509_KPC_fixed_dishes_on_SLIM,20260509,form,BKO,4,14,457,08:25.7,,
4_BKOCO2form20min_740nm_2995mW_u1_poc0p6_20x0p75NA_457s50_g70_z1_256pix_basicFLIM_120f_0014.sdt,20260509_KPC_fixed_dishes_on_SLIM,20260509,form,BKO,4,14,457,00:12.4,,
4_BKOCO2form20min_740nm_2995mW_u1_poc0p25_20x0p75NA_535s50_g70_z1_256pix_basicFLIM_120f_0014.sdt,20260509_KPC_fixed_dishes_on_SLIM,20260509,form,BKO,4,14,535,38:27.8,,
4_BKOCO2form20min_740nm_2995mW_u1_poc0p6_20x0p75NA_535s50_g70_z1_256pix_basicFLIM_120f_0014.sdt,20260509_KPC_fixed_dishes_on_SLIM,20260509,form,BKO,4,14,535,29:10.6,,
4_BKOCO2form20min_740nm_2995mW_u1_poc0p25_20x0p75NA_457s50_g70_z1_256pix_basicFLIM_120f_0015.sdt,20260509_KPC_fixed_dishes_on_SLIM,20260509,form,BKO,4,15,457,09:33.8,,
4_BKOCO2form20min_740nm_2995mW_u1_poc0p6_20x0p75NA_457s50_g70_z1_256pix_basicFLIM_120f_0015.sdt,20260509_KPC_fixed_dishes_on_SLIM,20260509,form,BKO,4,15,457,01:20.8,,
4_BKOCO2form20min_740nm_2995mW_u1_poc0p25_20x0p75NA_535s50_g70_z1_256pix_basicFLIM_120f_0015.sdt,20260509_KPC_fixed_dishes_on_SLIM,20260509,form,BKO,4,15,535,39:36.3,,
4_BKOCO2form20min_740nm_2995mW_u1_poc0p6_20x0p75NA_535s50_g70_z1_256pix_basicFLIM_120f_0015.sdt,20260509_KPC_fixed_dishes_on_SLIM,20260509,form,BKO,4,15,535,30:18.8,,
3_KPCWTformP4num4_740nm_3037mW_u1_poc0p2_20x0p75NA_475s50_g70_z1_256pix_basicFLIM_30f_0000.sdt,20260429_KPC_fixed_dishes_on_SLIM,20260429,form,KPCWT,3,0,457,37:05.5,,
3_KPCWTformP4num4_740nm_3037mW_u1_poc0p2_20x0p75NA_535s50_g70_z1_256pix_basicFLIM_90f_0000.sdt,20260429_KPC_fixed_dishes_on_SLIM,20260429,form,KPCWT,3,0,535,58:15.0,,
3_KPCWTformP4num4_740nm_3037mW_u1_poc0p2_20x0p75NA_475s50_g70_z1_256pix_basicFLIM_30f_0001.sdt,20260429_KPC_fixed_dishes_on_SLIM,20260429,form,KPCWT,3,1,457,37:57.5,,
3_KPCWTformP4num4_740nm_3037mW_u1_poc0p2_20x0p75NA_535s50_g70_z1_256pix_basicFLIM_90f_0001.sdt,20260429_KPC_fixed_dishes_on_SLIM,20260429,form,KPCWT,3,1,535,59:07.0,,
3_KPCWTformP4num4_740nm_3037mW_u1_poc0p2_20x0p75NA_475s50_g70_z1_256pix_basicFLIM_30f_0002.sdt,20260429_KPC_fixed_dishes_on_SLIM,20260429,form,KPCWT,3,2,457,38:49.4,,
3_KPCWTformP4num4_740nm_3037mW_u1_poc0p2_20x0p75NA_535s50_g70_z1_256pix_basicFLIM_90f_0002.sdt,20260429_KPC_fixed_dishes_on_SLIM,20260429,form,KPCWT,3,2,535,59:58.9,,
3_KPCWTformP4num4_740nm_3037mW_u1_poc0p2_20x0p75NA_475s50_g70_z1_256pix_basicFLIM_30f_0003.sdt,20260429_KPC_fixed_dishes_on_SLIM,20260429,form,KPCWT,3,3,457,39:42.0,,
3_KPCWTformP4num4_740nm_3037mW_u1_poc0p2_20x0p75NA_535s50_g70_z1_256pix_basicFLIM_90f_0003.sdt,20260429_KPC_fixed_dishes_on_SLIM,20260429,form,KPCWT,3,3,535,00:51.6,,
3_KPCWTformP4num4_740nm_3037mW_u1_poc0p2_20x0p75NA_475s50_g70_z1_256pix_basicFLIM_30f_0004.sdt,20260429_KPC_fixed_dishes_on_SLIM,20260429,form,KPCWT,3,4,457,40:33.9,,
3_KPCWTformP4num4_740nm_3037mW_u1_poc0p2_20x0p75NA_535s50_g70_z1_256pix_basicFLIM_90f_0004.sdt,20260429_KPC_fixed_dishes_on_SLIM,20260429,form,KPCWT,3,4,535,01:43.6,,
3_KPCWTformP4num4_740nm_3037mW_u1_poc0p2_20x0p75NA_475s50_g70_z1_256pix_basicFLIM_30f_0005.sdt,20260429_KPC_fixed_dishes_on_SLIM,20260429,form,KPCWT,3,5,457,41:28.2,,
3_KPCWTformP4num4_740nm_3037mW_u1_poc0p2_20x0p75NA_535s50_g70_z1_256pix_basicFLIM_90f_0005.sdt,20260429_KPC_fixed_dishes_on_SLIM,20260429,form,KPCWT,3,5,535,02:35.6,,
3_KPCWTformP4num4_740nm_3037mW_u1_poc0p2_20x0p75NA_475s50_g70_z1_256pix_basicFLIM_30f_0006.sdt,20260429_KPC_fixed_dishes_on_SLIM,20260429,form,KPCWT,3,6,457,42:21.0,,
3_KPCWTformP4num4_740nm_3037mW_u1_poc0p2_20x0p75NA_535s50_g70_z1_256pix_basicFLIM_90f_0006.sdt,20260429_KPC_fixed_dishes_on_SLIM,20260429,form,KPCWT,3,6,535,03:27.9,,
3_KPCWTformP4num4_740nm_3037mW_u1_poc0p2_20x0p75NA_475s50_g70_z1_256pix_basicFLIM_30f_0007.sdt,20260429_KPC_fixed_dishes_on_SLIM,20260429,form,KPCWT,3,7,457,43:12.5,,
3_KPCWTformP4num4_740nm_3037mW_u1_poc0p2_20x0p75NA_535s50_g70_z1_256pix_basicFLIM_90f_0007.sdt,20260429_KPC_fixed_dishes_on_SLIM,20260429,form,KPCWT,3,7,535,04:19.5,,
3_KPCWTformP4num4_740nm_3037mW_u1_poc0p2_20x0p75NA_475s50_g70_z1_256pix_basicFLIM_30f_0008.sdt,20260429_KPC_fixed_dishes_on_SLIM,20260429,form,KPCWT,3,8,457,44:05.4,,
3_KPCWTformP4num4_740nm_3037mW_u1_poc0p2_20x0p75NA_535s50_g70_z1_256pix_basicFLIM_90f_0008.sdt,20260429_KPC_fixed_dishes_on_SLIM,20260429,form,KPCWT,3,8,535,05:12.1,,
3_KPCWTformP4num4_740nm_3037mW_u1_poc0p2_20x0p75NA_475s50_g70_z1_256pix_basicFLIM_30f_0009.sdt,20260429_KPC_fixed_dishes_on_SLIM,20260429,form,KPCWT,3,9,457,44:57.8,,
3_KPCWTformP4num4_740nm_3037mW_u1_poc0p2_20x0p75NA_535s50_g70_z1_256pix_basicFLIM_90f_0009.sdt,20260429_KPC_fixed_dishes_on_SLIM,20260429,form,KPCWT,3,9,535,06:04.5,,
3_KPCWTformP4num4_pos5_740nm_3037mW_u1_poc0p2_20x0p75NA_475s50_g70_z1_256pix_basicFLIM_30f_0010.sdt,20260429_KPC_fixed_dishes_on_SLIM,20260429,form,KPCWT,3,10,457,46:56.6,,
3_KPCWTformP4num4_pos6_740nm_3037mW_u1_poc0p2_20x0p75NA_475s50_g70_z1_256pix_basicFLIM_30f_0011.sdt,20260429_KPC_fixed_dishes_on_SLIM,20260429,form,KPCWT,3,11,457,47:48.9,,
3_KPCWTformP4num4_pos7_740nm_3037mW_u1_poc0p2_20x0p75NA_475s50_g70_z1_256pix_basicFLIM_30f_0012.sdt,20260429_KPC_fixed_dishes_on_SLIM,20260429,form,KPCWT,3,12,457,48:40.5,,
4_KPCWT0416formP4num3_740nm_3037mW_u1_poc0p2_20x0p75NA_457s50_g70_z1_256pix_basicFLIM_90f_0000.sdt,20260429_KPC_fixed_dishes_on_SLIM,20260429,form,KPCWT,4,0,457,46:38.1,,
4_KPCWT0416formP4num3_740nm_3037mW_u1_poc0p2_20x0p75NA_535s50_g70_z1_256pix_basicFLIM_90f_0000.sdt,20260429_KPC_fixed_dishes_on_SLIM,20260429,form,KPCWT,4,0,535,07:14.2,,
4_KPCWT0416formP4num3_740nm_3037mW_u1_poc0p2_20x0p75NA_457s50_g70_z1_256pix_basicFLIM_90f_0001.sdt,20260429_KPC_fixed_dishes_on_SLIM,20260429,form,KPCWT,4,1,457,47:30.1,,
4_KPCWT0416formP4num3_740nm_3037mW_u1_poc0p2_20x0p75NA_535s50_g70_z1_256pix_basicFLIM_90f_0001.sdt,20260429_KPC_fixed_dishes_on_SLIM,20260429,form,KPCWT,4,1,535,08:06.2,,
4_KPCWT0416formP4num3_740nm_3037mW_u1_poc0p2_20x0p75NA_457s50_g70_z1_256pix_basicFLIM_90f_0002.sdt,20260429_KPC_fixed_dishes_on_SLIM,20260429,form,KPCWT,4,2,457,48:21.8,,
4_KPCWT0416formP4num3_740nm_3037mW_u1_poc0p2_20x0p75NA_535s50_g70_z1_256pix_basicFLIM_90f_0002.sdt,20260429_KPC_fixed_dishes_on_SLIM,20260429,form,KPCWT,4,2,535,08:57.8,,
4_KPCWT0416formP4num3_740nm_3037mW_u1_poc0p2_20x0p75NA_457s50_g70_z1_256pix_basicFLIM_90f_0003.sdt,20260429_KPC_fixed_dishes_on_SLIM,20260429,form,KPCWT,4,3,457,49:13.4,,
4_KPCWT0416formP4num3_740nm_3037mW_u1_poc0p2_20x0p75NA_535s50_g70_z1_256pix_basicFLIM_90f_0003.sdt,20260429_KPC_fixed_dishes_on_SLIM,20260429,form,KPCWT,4,3,535,09:49.2,,
4_KPCWT0416formP4num3_740nm_3037mW_u1_poc0p2_20x0p75NA_457s50_g70_z1_256pix_basicFLIM_90f_0004.sdt,20260429_KPC_fixed_dishes_on_SLIM,20260429,form,KPCWT,4,4,457,50:05.4,,
4_KPCWT0416formP4num3_740nm_3037mW_u1_poc0p2_20x0p75NA_535s50_g70_z1_256pix_basicFLIM_90f_0004.sdt,20260429_KPC_fixed_dishes_on_SLIM,20260429,form,KPCWT,4,4,535,10:41.3,,
4_KPCWT0416formP4num3_740nm_3037mW_u1_poc0p2_20x0p75NA_457s50_g70_z1_256pix_basicFLIM_90f_0005.sdt,20260429_KPC_fixed_dishes_on_SLIM,20260429,form,KPCWT,4,5,457,50:57.2,,
4_KPCWT0416formP4num3_740nm_3037mW_u1_poc0p2_20x0p75NA_535s50_g70_z1_256pix_basicFLIM_90f_0005.sdt,20260429_KPC_fixed_dishes_on_SLIM,20260429,form,KPCWT,4,5,535,11:33.1,,
4_KPCWT0416formP4num3_740nm_3037mW_u1_poc0p2_20x0p75NA_457s50_g70_z1_256pix_basicFLIM_90f_0006.sdt,20260429_KPC_fixed_dishes_on_SLIM,20260429,form,KPCWT,4,6,457,51:48.9,,
4_KPCWT0416formP4num3_740nm_3037mW_u1_poc0p2_20x0p75NA_535s50_g70_z1_256pix_basicFLIM_90f_0006.sdt,20260429_KPC_fixed_dishes_on_SLIM,20260429,form,KPCWT,4,6,535,12:24.8,,
4_KPCWT0416formP4num3_740nm_3037mW_u1_poc0p2_20x0p75NA_457s50_g70_z1_256pix_basicFLIM_90f_0007.sdt,20260429_KPC_fixed_dishes_on_SLIM,20260429,form,KPCWT,4,7,457,52:40.7,,
4_KPCWT0416formP4num3_740nm_3037mW_u1_poc0p2_20x0p75NA_535s50_g70_z1_256pix_basicFLIM_90f_0007.sdt,20260429_KPC_fixed_dishes_on_SLIM,20260429,form,KPCWT,4,7,535,13:16.4,,
4_KPCWT0416formP4num3_740nm_3037mW_u1_poc0p2_20x0p75NA_457s50_g70_z1_256pix_basicFLIM_90f_0008.sdt,20260429_KPC_fixed_dishes_on_SLIM,20260429,form,KPCWT,4,8,457,53:32.6,,
4_KPCWT0416formP4num3_740nm_3037mW_u1_poc0p2_20x0p75NA_535s50_g70_z1_256pix_basicFLIM_90f_0008.sdt,20260429_KPC_fixed_dishes_on_SLIM,20260429,form,KPCWT,4,8,535,14:08.4,,
4_KPCWT0416formP4num3_740nm_3037mW_u1_poc0p2_20x0p75NA_457s50_g70_z1_256pix_basicFLIM_90f_0009.sdt,20260429_KPC_fixed_dishes_on_SLIM,20260429,form,KPCWT,4,9,457,54:24.1,,
4_KPCWT0416formP4num3_740nm_3037mW_u1_poc0p2_20x0p75NA_535s50_g70_z1_256pix_basicFLIM_90f_0009.sdt,20260429_KPC_fixed_dishes_on_SLIM,20260429,form,KPCWT,4,9,535,14:59.8,,
3_KPCWT0430glu10min_740nm_3024mW_u1_poc0p15_20x0p75NA_457s50_g70_z1_256pix_basicFLIM_90f_0000.sdt,20260501_KPC_fixed_dishes_on_SLIM,20260501,glu,KPCWT,3,0,457,35:05.3,,
3_KPCWT0430glu10min_740nm_3024mW_u1_poc0p2_20x0p75NA_457s50_g70_z1_256pix_basicFLIM_120f_0000.sdt,20260501_KPC_fixed_dishes_on_SLIM,20260501,glu,KPCWT,3,0,457,36:55.0,,
3_KPCWT0430glu10min_740nm_3024mW_u1_poc0p2_20x0p75NA_535s50_g70_z1_256pix_basicFLIM_120f_0000.sdt,20260501_KPC_fixed_dishes_on_SLIM,20260501,glu,KPCWT,3,0,535,49:30.0,,
3_KPCWT0430glu10min_740nm_3024mW_u1_poc0p2_20x0p75NA_457s50_g70_z1_256pix_basicFLIM_120f_0001.sdt,20260501_KPC_fixed_dishes_on_SLIM,20260501,glu,KPCWT,3,1,457,38:03.1,,
3_KPCWT0430glu10min_740nm_3024mW_u1_poc0p2_20x0p75NA_535s50_g70_z1_256pix_basicFLIM_120f_0001.sdt,20260501_KPC_fixed_dishes_on_SLIM,20260501,glu,KPCWT,3,1,535,50:38.4,,
3_KPCWT0430glu10min_740nm_3024mW_u1_poc0p2_20x0p75NA_457s50_g70_z1_256pix_basicFLIM_120f_0002.sdt,20260501_KPC_fixed_dishes_on_SLIM,20260501,glu,KPCWT,3,2,457,39:11.5,,
3_KPCWT0430glu10min_740nm_3024mW_u1_poc0p2_20x0p75NA_535s50_g70_z1_256pix_basicFLIM_120f_0002.sdt,20260501_KPC_fixed_dishes_on_SLIM,20260501,glu,KPCWT,3,2,535,51:47.0,,
3_KPCWT0430glu10min_740nm_3024mW_u1_poc0p2_20x0p75NA_457s50_g70_z1_256pix_basicFLIM_120f_0003.sdt,20260501_KPC_fixed_dishes_on_SLIM,20260501,glu,KPCWT,3,3,457,40:20.2,,
3_KPCWT0430glu10min_740nm_3024mW_u1_poc0p2_20x0p75NA_535s50_g70_z1_256pix_basicFLIM_120f_0003.sdt,20260501_KPC_fixed_dishes_on_SLIM,20260501,glu,KPCWT,3,3,535,52:55.7,,
3_KPCWT0430glu10min_740nm_3024mW_u1_poc0p2_20x0p75NA_457s50_g70_z1_256pix_basicFLIM_120f_0004.sdt,20260501_KPC_fixed_dishes_on_SLIM,20260501,glu,KPCWT,3,4,457,41:28.6,,
3_KPCWT0430glu10min_740nm_3024mW_u1_poc0p2_20x0p75NA_535s50_g70_z1_256pix_basicFLIM_120f_0004.sdt,20260501_KPC_fixed_dishes_on_SLIM,20260501,glu,KPCWT,3,4,535,54:04.6,,
3_KPCWT0430glu10min_740nm_3024mW_u1_poc0p2_20x0p75NA_457s50_g70_z1_256pix_basicFLIM_120f_0005.sdt,20260501_KPC_fixed_dishes_on_SLIM,20260501,glu,KPCWT,3,5,457,42:37.3,,
3_KPCWT0430glu10min_740nm_3024mW_u1_poc0p2_20x0p75NA_535s50_g70_z1_256pix_basicFLIM_120f_0005.sdt,20260501_KPC_fixed_dishes_on_SLIM,20260501,glu,KPCWT,3,5,535,55:13.7,,
3_KPCWT0430glu10min_740nm_3024mW_u1_poc0p2_20x0p75NA_457s50_g70_z1_256pix_basicFLIM_120f_0006.sdt,20260501_KPC_fixed_dishes_on_SLIM,20260501,glu,KPCWT,3,6,457,43:46.0,,
3_KPCWT0430glu10min_740nm_3024mW_u1_poc0p2_20x0p75NA_535s50_g70_z1_256pix_basicFLIM_120f_0006.sdt,20260501_KPC_fixed_dishes_on_SLIM,20260501,glu,KPCWT,3,6,535,56:22.6,,
3_KPCWT0430glu10min_740nm_3024mW_u1_poc0p2_20x0p75NA_457s50_g70_z1_256pix_basicFLIM_120f_0007.sdt,20260501_KPC_fixed_dishes_on_SLIM,20260501,glu,KPCWT,3,7,457,44:56.0,,
3_KPCWT0430glu10min_740nm_3024mW_u1_poc0p2_20x0p75NA_535s50_g70_z1_256pix_basicFLIM_120f_0007.sdt,20260501_KPC_fixed_dishes_on_SLIM,20260501,glu,KPCWT,3,7,535,57:33.1,,
3_KPCWT0430glu10min_740nm_3024mW_u1_poc0p2_20x0p75NA_457s50_g70_z1_256pix_basicFLIM_120f_0008.sdt,20260501_KPC_fixed_dishes_on_SLIM,20260501,glu,KPCWT,3,8,457,46:04.5,,
3_KPCWT0430glu10min_740nm_3024mW_u1_poc0p2_20x0p75NA_535s50_g70_z1_256pix_basicFLIM_120f_0008.sdt,20260501_KPC_fixed_dishes_on_SLIM,20260501,glu,KPCWT,3,8,535,58:41.8,,
3_KPCWT0430glu10min_740nm_3024mW_u1_poc0p2_20x0p75NA_457s50_g70_z1_256pix_basicFLIM_120f_0009.sdt,20260501_KPC_fixed_dishes_on_SLIM,20260501,glu,KPCWT,3,9,457,47:13.6,,
3_KPCWT0430glu10min_740nm_3024mW_u1_poc0p2_20x0p75NA_535s50_g70_z1_256pix_basicFLIM_120f_0009.sdt,20260501_KPC_fixed_dishes_on_SLIM,20260501,glu,KPCWT,3,9,535,59:51.2,,
4_BKO0430glu10min_740nm_3038mW_u1_poc0p2_20x0p75NA_457s50_g70_z1_256pix_basicFLIM_100f_0000.sdt,20260501_KPC_fixed_dishes_on_SLIM,20260501,glu,BKO,4,0,457,22:09.1,,
4_BKO0430glu10min_740nm_3024mW_u1_poc0p2_20x0p75NA_535s50_g70_z1_256pix_basicFLIM_60f_0000.sdt,20260501_KPC_fixed_dishes_on_SLIM,20260501,glu,BKO,4,0,535,09:00.7,,
4_BKO0430glu10min_740nm_3024mW_u1_poc0p2_20x0p75NA_535s50_g70_z1_256pix_basicFLIM_40f_0000.sdt,20260501_KPC_fixed_dishes_on_SLIM,20260501,glu,BKO,4,0,535,15:04.9,,
4_BKO0430glu10min_740nm_3038mW_u1_poc0p2_20x0p75NA_457s50_g70_z1_256pix_basicFLIM_100f_0001.sdt,20260501_KPC_fixed_dishes_on_SLIM,20260501,glu,BKO,4,1,457,23:07.4,,
4_BKO0430glu10min_740nm_3024mW_u1_poc0p2_20x0p75NA_535s50_g70_z1_256pix_basicFLIM_60f_0001.sdt,20260501_KPC_fixed_dishes_on_SLIM,20260501,glu,BKO,4,1,535,09:36.5,,
4_BKO0430glu10min_740nm_3024mW_u1_poc0p2_20x0p75NA_535s50_g70_z1_256pix_basicFLIM_40f_0001.sdt,20260501_KPC_fixed_dishes_on_SLIM,20260501,glu,BKO,4,1,535,15:29.6,,
4_BKO0430glu10min_740nm_3038mW_u1_poc0p2_20x0p75NA_457s50_g70_z1_256pix_basicFLIM_100f_0002.sdt,20260501_KPC_fixed_dishes_on_SLIM,20260501,glu,BKO,4,2,457,24:05.5,,
4_BKO0430glu10min_740nm_3024mW_u1_poc0p2_20x0p75NA_535s50_g70_z1_256pix_basicFLIM_60f_0002.sdt,20260501_KPC_fixed_dishes_on_SLIM,20260501,glu,BKO,4,2,535,10:12.0,,
4_BKO0430glu10min_740nm_3024mW_u1_poc0p2_20x0p75NA_535s50_g70_z1_256pix_basicFLIM_40f_0002.sdt,20260501_KPC_fixed_dishes_on_SLIM,20260501,glu,BKO,4,2,535,15:53.9,,
4_BKO0430glu10min_740nm_3038mW_u1_poc0p2_20x0p75NA_457s50_g70_z1_256pix_basicFLIM_100f_0003.sdt,20260501_KPC_fixed_dishes_on_SLIM,20260501,glu,BKO,4,3,457,25:02.9,,
4_BKO0430glu10min_740nm_3024mW_u1_poc0p2_20x0p75NA_535s50_g70_z1_256pix_basicFLIM_60f_0003.sdt,20260501_KPC_fixed_dishes_on_SLIM,20260501,glu,BKO,4,3,535,10:47.0,,
4_BKO0430glu10min_740nm_3024mW_u1_poc0p2_20x0p75NA_535s50_g70_z1_256pix_basicFLIM_40f_0003.sdt,20260501_KPC_fixed_dishes_on_SLIM,20260501,glu,BKO,4,3,535,16:17.8,,
4_BKO0430glu10min_740nm_3038mW_u1_poc0p2_20x0p75NA_457s50_g70_z1_256pix_basicFLIM_100f_0004.sdt,20260501_KPC_fixed_dishes_on_SLIM,20260501,glu,BKO,4,4,457,26:01.2,,
4_BKO0430glu10min_740nm_3024mW_u1_poc0p2_20x0p75NA_535s50_g70_z1_256pix_basicFLIM_60f_0004.sdt,20260501_KPC_fixed_dishes_on_SLIM,20260501,glu,BKO,4,4,535,11:22.9,,
4_BKO0430glu10min_740nm_3024mW_u1_poc0p2_20x0p75NA_535s50_g70_z1_256pix_basicFLIM_40f_0004.sdt,20260501_KPC_fixed_dishes_on_SLIM,20260501,glu,BKO,4,4,535,16:42.7,,
4_BKO0430glu10min_740nm_3038mW_u1_poc0p2_20x0p75NA_457s50_g70_z1_256pix_basicFLIM_100f_0005.sdt,20260501_KPC_fixed_dishes_on_SLIM,20260501,glu,BKO,4,5,457,26:59.2,,
4_BKO0430glu10min_740nm_3024mW_u1_poc0p2_20x0p75NA_535s50_g70_z1_256pix_basicFLIM_60f_0005.sdt,20260501_KPC_fixed_dishes_on_SLIM,20260501,glu,BKO,4,5,535,11:58.5,,
4_BKO0430glu10min_740nm_3024mW_u1_poc0p2_20x0p75NA_535s50_g70_z1_256pix_basicFLIM_40f_0005.sdt,20260501_KPC_fixed_dishes_on_SLIM,20260501,glu,BKO,4,5,535,17:07.1,,
4_BKO0430glu10min_740nm_3038mW_u1_poc0p2_20x0p75NA_457s50_g70_z1_256pix_basicFLIM_100f_0006.sdt,20260501_KPC_fixed_dishes_on_SLIM,20260501,glu,BKO,4,6,457,27:57.9,,
4_BKO0430glu10min_740nm_3024mW_u1_poc0p2_20x0p75NA_535s50_g70_z1_256pix_basicFLIM_60f_0006.sdt,20260501_KPC_fixed_dishes_on_SLIM,20260501,glu,BKO,4,6,535,12:34.9,,
4_BKO0430glu10min_740nm_3024mW_u1_poc0p2_20x0p75NA_535s50_g70_z1_256pix_basicFLIM_40f_0006.sdt,20260501_KPC_fixed_dishes_on_SLIM,20260501,glu,BKO,4,6,535,17:32.2,,
4_BKO0430glu10min_740nm_3038mW_u1_poc0p2_20x0p75NA_457s50_g70_z1_256pix_basicFLIM_100f_0007.sdt,20260501_KPC_fixed_dishes_on_SLIM,20260501,glu,BKO,4,7,457,28:56.9,,
4_BKO0430glu10min_740nm_3024mW_u1_poc0p2_20x0p75NA_535s50_g70_z1_256pix_basicFLIM_60f_0007.sdt,20260501_KPC_fixed_dishes_on_SLIM,20260501,glu,BKO,4,7,535,13:11.4,,
4_BKO0430glu10min_740nm_3024mW_u1_poc0p2_20x0p75NA_535s50_g70_z1_256pix_basicFLIM_40f_0007.sdt,20260501_KPC_fixed_dishes_on_SLIM,20260501,glu,BKO,4,7,535,17:57.6,,
4_BKO0430glu10min_740nm_3038mW_u1_poc0p2_20x0p75NA_457s50_g70_z1_256pix_basicFLIM_100f_0008.sdt,20260501_KPC_fixed_dishes_on_SLIM,20260501,glu,BKO,4,8,457,29:54.4,,
4_BKO0430glu10min_740nm_3024mW_u1_poc0p2_20x0p75NA_535s50_g70_z1_256pix_basicFLIM_60f_0008.sdt,20260501_KPC_fixed_dishes_on_SLIM,20260501,glu,BKO,4,8,535,13:46.5,,
4_BKO0430glu10min_740nm_3024mW_u1_poc0p2_20x0p75NA_535s50_g70_z1_256pix_basicFLIM_40f_0008.sdt,20260501_KPC_fixed_dishes_on_SLIM,20260501,glu,BKO,4,8,535,18:21.4,,
4_BKO0430glu10min_740nm_3038mW_u1_poc0p2_20x0p75NA_457s50_g70_z1_256pix_basicFLIM_100f_0009.sdt,20260501_KPC_fixed_dishes_on_SLIM,20260501,glu,BKO,4,9,457,30:51.7,,
4_BKO0430glu10min_740nm_3024mW_u1_poc0p2_20x0p75NA_535s50_g70_z1_256pix_basicFLIM_60f_0009.sdt,20260501_KPC_fixed_dishes_on_SLIM,20260501,glu,BKO,4,9,535,14:21.4,,
4_BKO0430glu10min_740nm_3024mW_u1_poc0p2_20x0p75NA_535s50_g70_z1_256pix_basicFLIM_40f_0009.sdt,20260501_KPC_fixed_dishes_on_SLIM,20260501,glu,BKO,4,9,535,18:45.2,,
13_KPC_live_posn1_740nm_3040mW_u1_poc0p2_20x0p75NA_4570s50_g70_z1_256pix_basicFLIM_120f_0000.sdt,20260501_KPC_fixed_dishes_on_SLIM,20260501,live,KPCWT,13,0,457,36:09.0,,
13_KPC_live_posn1b_740nm_3040mW_u1_poc0p2_20x0p75NA_535s50_g70_z1_256pix_basicFLIM_120f_0000.sdt,20260501_KPC_fixed_dishes_on_SLIM,20260501,live,KPCWT,13,0,535,50:43.9,,
13_KPC_live_posn1_740nm_3040mW_u1_poc0p2_20x0p75NA_4570s50_g70_z1_256pix_basicFLIM_120f_0001.sdt,20260501_KPC_fixed_dishes_on_SLIM,20260501,live,KPCWT,13,1,457,37:17.0,,
13_KPC_live_posn1b_740nm_3040mW_u1_poc0p2_20x0p75NA_535s50_g70_z1_256pix_basicFLIM_120f_0001.sdt,20260501_KPC_fixed_dishes_on_SLIM,20260501,live,KPCWT,13,1,535,51:51.8,,
13_KPC_live_posn1_740nm_3040mW_u1_poc0p2_20x0p75NA_4570s50_g70_z1_256pix_basicFLIM_120f_0002.sdt,20260501_KPC_fixed_dishes_on_SLIM,20260501,live,KPCWT,13,2,457,38:24.8,,
13_KPC_live_posn1b_740nm_3040mW_u1_poc0p2_20x0p75NA_535s50_g70_z1_256pix_basicFLIM_120f_0002.sdt,20260501_KPC_fixed_dishes_on_SLIM,20260501,live,KPCWT,13,2,535,52:59.4,,
13_KPC_live_posn1_740nm_3040mW_u1_poc0p2_20x0p75NA_4570s50_g70_z1_256pix_basicFLIM_120f_0003.sdt,20260501_KPC_fixed_dishes_on_SLIM,20260501,live,KPCWT,13,3,457,39:32.5,,
13_KPC_live_posn1b_740nm_3040mW_u1_poc0p2_20x0p75NA_535s50_g70_z1_256pix_basicFLIM_120f_0003.sdt,20260501_KPC_fixed_dishes_on_SLIM,20260501,live,KPCWT,13,3,535,54:07.3,,
14_KPC_live_posn2_740nm_3040mW_u1_poc0p2_20x0p75NA_457s50_g70_z1_256pix_basicFLIM_120f_0000.sdt,20260501_KPC_fixed_dishes_on_SLIM,20260501,live,KPCWT,14,0,457,05:14.2,,
14_KPC_live_posn2_740nm_3040mW_u1_poc0p2_20x0p75NA_535s50_g70_z1_256pix_basicFLIM_120f_0000.sdt,20260501_KPC_fixed_dishes_on_SLIM,20260501,live,KPCWT,14,0,535,00:37.4,,
14_KPC_live_posn2_740nm_3040mW_u1_poc0p2_20x0p75NA_457s50_g70_z1_256pix_basicFLIM_120f_0001.sdt,20260501_KPC_fixed_dishes_on_SLIM,20260501,live,KPCWT,14,1,457,06:22.1,,
14_KPC_live_posn2_740nm_3040mW_u1_poc0p2_20x0p75NA_535s50_g70_z1_256pix_basicFLIM_120f_0001.sdt,20260501_KPC_fixed_dishes_on_SLIM,20260501,live,KPCWT,14,1,535,01:45.3,,
14_KPC_live_posn2_740nm_3040mW_u1_poc0p2_20x0p75NA_457s50_g70_z1_256pix_basicFLIM_120f_0002.sdt,20260501_KPC_fixed_dishes_on_SLIM,20260501,live,KPCWT,14,2,457,07:30.0,,
14_KPC_live_posn2_740nm_3040mW_u1_poc0p2_20x0p75NA_535s50_g70_z1_256pix_basicFLIM_120f_0002.sdt,20260501_KPC_fixed_dishes_on_SLIM,20260501,live,KPCWT,14,2,535,02:53.2,,
15_KPC_live_posn3_740nm_3040mW_u1_poc0p2_20x0p75NA_457s50_g70_z1_256pix_basicFLIM_120f_0000.sdt,20260501_KPC_fixed_dishes_on_SLIM,20260501,live,KPCWT,15,0,457,13:43.3,,
15_KPC_live_posn3_740nm_3040mW_u1_poc0p2_20x0p75NA_535s50_g70_z1_256pix_basicFLIM_120f_0000.sdt,20260501_KPC_fixed_dishes_on_SLIM,20260501,live,KPCWT,15,0,535,20:31.2,,
15_KPC_live_posn3_740nm_3040mW_u1_poc0p2_20x0p75NA_457s50_g70_z1_256pix_basicFLIM_120f_0001.sdt,20260501_KPC_fixed_dishes_on_SLIM,20260501,live,KPCWT,15,1,457,14:51.2,,
15_KPC_live_posn3_740nm_3040mW_u1_poc0p2_20x0p75NA_535s50_g70_z1_256pix_basicFLIM_120f_0001.sdt,20260501_KPC_fixed_dishes_on_SLIM,20260501,live,KPCWT,15,1,535,21:39.1,,
15_KPC_live_posn3_740nm_3040mW_u1_poc0p2_20x0p75NA_457s50_g70_z1_256pix_basicFLIM_120f_0002.sdt,20260501_KPC_fixed_dishes_on_SLIM,20260501,live,KPCWT,15,2,457,15:59.0,,
15_KPC_live_posn3_740nm_3040mW_u1_poc0p2_20x0p75NA_535s50_g70_z1_256pix_basicFLIM_120f_0002.sdt,20260501_KPC_fixed_dishes_on_SLIM,20260501,live,KPCWT,15,2,535,22:46.6,,
15_KPC_live_posn3_740nm_3040mW_u1_poc0p2_20x0p75NA_457s50_g70_z1_256pix_basicFLIM_120f_0003.sdt,20260501_KPC_fixed_dishes_on_SLIM,20260501,live,KPCWT,15,3,457,17:06.9,,
15_KPC_live_posn3_740nm_3040mW_u1_poc0p2_20x0p75NA_535s50_g70_z1_256pix_basicFLIM_120f_0003.sdt,20260501_KPC_fixed_dishes_on_SLIM,20260501,live,KPCWT,15,3,535,23:54.1,,
15_KPC_live_posn3_740nm_3040mW_u1_poc0p2_20x0p75NA_457s50_g70_z1_256pix_basicFLIM_120f_0004.sdt,20260501_KPC_fixed_dishes_on_SLIM,20260501,live,KPCWT,15,4,457,18:14.7,,
15_KPC_live_posn3_740nm_3040mW_u1_poc0p2_20x0p75NA_535s50_g70_z1_256pix_basicFLIM_120f_0004.sdt,20260501_KPC_fixed_dishes_on_SLIM,20260501,live,KPCWT,15,4,535,25:02.0,,
16_KPC_live_posn4_740nm_3040mW_u1_poc0p2_20x0p75NA_457s50_g70_z1_256pix_basicFLIM_120f_0000.sdt,20260501_KPC_fixed_dishes_on_SLIM,20260501,live,KPCWT,16,0,457,43:17.6,,
16_KPC_live_posn4_740nm_3040mW_u1_poc0p2_20x0p75NA_535s50_g70_z1_256pix_basicFLIM_120f_0000.sdt,20260501_KPC_fixed_dishes_on_SLIM,20260501,live,KPCWT,16,0,535,37:32.7,,
16_KPC_live_posn4_740nm_3040mW_u1_poc0p2_20x0p75NA_457s50_g70_z1_256pix_basicFLIM_120f_0001.sdt,20260501_KPC_fixed_dishes_on_SLIM,20260501,live,KPCWT,16,1,457,44:25.5,,
16_KPC_live_posn4_740nm_3040mW_u1_poc0p2_20x0p75NA_535s50_g70_z1_256pix_basicFLIM_120f_0001.sdt,20260501_KPC_fixed_dishes_on_SLIM,20260501,live,KPCWT,16,1,535,38:40.3,,
16_KPC_live_posn4_740nm_3040mW_u1_poc0p2_20x0p75NA_457s50_g70_z1_256pix_basicFLIM_120f_0002.sdt,20260501_KPC_fixed_dishes_on_SLIM,20260501,live,KPCWT,16,2,457,45:33.3,,
16_KPC_live_posn4_740nm_3040mW_u1_poc0p2_20x0p75NA_535s50_g70_z1_256pix_basicFLIM_120f_0002.sdt,20260501_KPC_fixed_dishes_on_SLIM,20260501,live,KPCWT,16,2,535,39:48.2,,
16_KPC_live_posn4_740nm_3040mW_u1_poc0p2_20x0p75NA_457s50_g70_z1_256pix_basicFLIM_120f_0003.sdt,20260501_KPC_fixed_dishes_on_SLIM,20260501,live,KPCWT,16,3,457,46:41.2,,
16_KPC_live_posn4_740nm_3040mW_u1_poc0p2_20x0p75NA_535s50_g70_z1_256pix_basicFLIM_120f_0003.sdt,20260501_KPC_fixed_dishes_on_SLIM,20260501,live,KPCWT,16,3,535,40:56.2,,
17_KPC_live_posn5_740nm_3040mW_u1_poc0p2_20x0p75NA_457s50_g70_z1_256pix_basicFLIM_120f_0000.sdt,20260501_KPC_fixed_dishes_on_SLIM,20260501,live,KPCWT,17,0,457,55:20.7,,
17_KPC_live_posn5_740nm_3040mW_u1_poc0p2_20x0p75NA_535s50_g70_z1_256pix_basicFLIM_120f_0000.sdt,20260501_KPC_fixed_dishes_on_SLIM,20260501,live,KPCWT,17,0,535,02:51.2,,
17_KPC_live_posn5_740nm_3040mW_u1_poc0p2_20x0p75NA_457s50_g70_z1_256pix_basicFLIM_120f_0001.sdt,20260501_KPC_fixed_dishes_on_SLIM,20260501,live,KPCWT,17,1,457,56:28.4,,
17_KPC_live_posn5_740nm_3040mW_u1_poc0p2_20x0p75NA_535s50_g70_z1_256pix_basicFLIM_120f_0001.sdt,20260501_KPC_fixed_dishes_on_SLIM,20260501,live,KPCWT,17,1,535,03:59.2,,
17_KPC_live_posn5_740nm_3040mW_u1_poc0p2_20x0p75NA_457s50_g70_z1_256pix_basicFLIM_120f_0002.sdt,20260501_KPC_fixed_dishes_on_SLIM,20260501,live,KPCWT,17,2,457,57:36.5,,
17_KPC_live_posn5_740nm_3040mW_u1_poc0p2_20x0p75NA_535s50_g70_z1_256pix_basicFLIM_120f_0002.sdt,20260501_KPC_fixed_dishes_on_SLIM,20260501,live,KPCWT,17,2,535,05:07.4,,
17_KPC_live_posn5_740nm_3040mW_u1_poc0p2_20x0p75NA_457s50_g70_z1_256pix_basicFLIM_120f_0003.sdt,20260501_KPC_fixed_dishes_on_SLIM,20260501,live,KPCWT,17,3,457,58:44.1,,
17_KPC_live_posn5_740nm_3040mW_u1_poc0p2_20x0p75NA_535s50_g70_z1_256pix_basicFLIM_120f_0003.sdt,20260501_KPC_fixed_dishes_on_SLIM,20260501,live,KPCWT,17,3,535,06:15.4,,
17_KPC_live_posn5_740nm_3040mW_u1_poc0p2_20x0p75NA_457s50_g70_z1_256pix_basicFLIM_120f_0004.sdt,20260501_KPC_fixed_dishes_on_SLIM,20260501,live,KPCWT,17,4,457,59:52.8,,
17_KPC_live_posn5_740nm_3040mW_u1_poc0p2_20x0p75NA_535s50_g70_z1_256pix_basicFLIM_120f_0004.sdt,20260501_KPC_fixed_dishes_on_SLIM,20260501,live,KPCWT,17,4,535,07:23.6,,
3_KPCWTform20min_740nm_3006mW_u1_poc0p25_20x0p75NA_475s50_g70_z1_256pix_basicFLIM_120f_0000.sdt,20260509_KPC_fixed_dishes_on_SLIM,20260509,form,KPCWT,3,0,457,49:24.0,,
3_KPCWTform20min_740nm_3006mW_u1_poc0p6_20x0p75NA_457s50_g70_z1_256pix_basicFLIM_120f_0000.sdt,20260509_KPC_fixed_dishes_on_SLIM,20260509,form,KPCWT,3,0,457,32:29.1,,
3_KPCWTform20min_740nm_3006mW_u1_poc0p25_20x0p75NA_535s50_g70_z1_256pix_basicFLIM_120f_0000.sdt,20260509_KPC_fixed_dishes_on_SLIM,20260509,form,KPCWT,3,0,535,04:45.5,,
3_KPCWTform20min_740nm_3006mW_u1_poc0p25_20x0p75NA_475s50_g70_z1_256pix_basicFLIM_120f_0001.sdt,20260509_KPC_fixed_dishes_on_SLIM,20260509,form,KPCWT,3,1,457,50:31.7,,
3_KPCWTform20min_740nm_3006mW_u1_poc0p6_20x0p75NA_457s50_g70_z1_256pix_basicFLIM_120f_0001.sdt,20260509_KPC_fixed_dishes_on_SLIM,20260509,form,KPCWT,3,1,457,33:37.3,,
3_KPCWTform20min_740nm_3006mW_u1_poc0p25_20x0p75NA_535s50_g70_z1_256pix_basicFLIM_120f_0001.sdt,20260509_KPC_fixed_dishes_on_SLIM,20260509,form,KPCWT,3,1,535,05:53.3,,
3_KPCWTform20min_740nm_3006mW_u1_poc0p25_20x0p75NA_475s50_g70_z1_256pix_basicFLIM_120f_0002.sdt,20260509_KPC_fixed_dishes_on_SLIM,20260509,form,KPCWT,3,2,457,51:40.0,,
3_KPCWTform20min_740nm_3006mW_u1_poc0p6_20x0p75NA_457s50_g70_z1_256pix_basicFLIM_120f_0002.sdt,20260509_KPC_fixed_dishes_on_SLIM,20260509,form,KPCWT,3,2,457,34:45.7,,
3_KPCWTform20min_740nm_3006mW_u1_poc0p25_20x0p75NA_535s50_g70_z1_256pix_basicFLIM_120f_0002.sdt,20260509_KPC_fixed_dishes_on_SLIM,20260509,form,KPCWT,3,2,535,07:01.7,,
3_KPCWTform20min_740nm_3006mW_u1_poc0p25_20x0p75NA_475s50_g70_z1_256pix_basicFLIM_120f_0003.sdt,20260509_KPC_fixed_dishes_on_SLIM,20260509,form,KPCWT,3,3,457,52:48.5,,
3_KPCWTform20min_740nm_3006mW_u1_poc0p6_20x0p75NA_457s50_g70_z1_256pix_basicFLIM_120f_0003.sdt,20260509_KPC_fixed_dishes_on_SLIM,20260509,form,KPCWT,3,3,457,35:54.7,,
3_KPCWTform20min_740nm_3006mW_u1_poc0p25_20x0p75NA_535s50_g70_z1_256pix_basicFLIM_120f_0003.sdt,20260509_KPC_fixed_dishes_on_SLIM,20260509,form,KPCWT,3,3,535,08:10.1,,
3_KPCWTform20min_740nm_3006mW_u1_poc0p25_20x0p75NA_475s50_g70_z1_256pix_basicFLIM_120f_0004.sdt,20260509_KPC_fixed_dishes_on_SLIM,20260509,form,KPCWT,3,4,457,53:56.7,,
3_KPCWTform20min_740nm_3006mW_u1_poc0p6_20x0p75NA_457s50_g70_z1_256pix_basicFLIM_120f_0004.sdt,20260509_KPC_fixed_dishes_on_SLIM,20260509,form,KPCWT,3,4,457,37:03.2,,
3_KPCWTform20min_740nm_3006mW_u1_poc0p25_20x0p75NA_535s50_g70_z1_256pix_basicFLIM_120f_0004.sdt,20260509_KPC_fixed_dishes_on_SLIM,20260509,form,KPCWT,3,4,535,09:18.4,,
3_KPCWTform20min_740nm_3006mW_u1_poc0p25_20x0p75NA_475s50_g70_z1_256pix_basicFLIM_120f_0005.sdt,20260509_KPC_fixed_dishes_on_SLIM,20260509,form,KPCWT,3,5,457,55:05.2,,
3_KPCWTform20min_740nm_3006mW_u1_poc0p6_20x0p75NA_457s50_g70_z1_256pix_basicFLIM_120f_0005.sdt,20260509_KPC_fixed_dishes_on_SLIM,20260509,form,KPCWT,3,5,457,38:12.0,,
3_KPCWTform20min_740nm_3006mW_u1_poc0p25_20x0p75NA_535s50_g70_z1_256pix_basicFLIM_120f_0005.sdt,20260509_KPC_fixed_dishes_on_SLIM,20260509,form,KPCWT,3,5,535,10:26.9,,
3_KPCWTform20min_740nm_3006mW_u1_poc0p25_20x0p75NA_475s50_g70_z1_256pix_basicFLIM_120f_0006.sdt,20260509_KPC_fixed_dishes_on_SLIM,20260509,form,KPCWT,3,6,457,56:13.7,,
3_KPCWTform20min_740nm_3006mW_u1_poc0p6_20x0p75NA_457s50_g70_z1_256pix_basicFLIM_120f_0006.sdt,20260509_KPC_fixed_dishes_on_SLIM,20260509,form,KPCWT,3,6,457,39:20.8,,
3_KPCWTform20min_740nm_3006mW_u1_poc0p25_20x0p75NA_535s50_g70_z1_256pix_basicFLIM_120f_0006.sdt,20260509_KPC_fixed_dishes_on_SLIM,20260509,form,KPCWT,3,6,535,11:35.2,,
3_KPCWTform20min_740nm_3006mW_u1_poc0p25_20x0p75NA_475s50_g70_z1_256pix_basicFLIM_120f_0007.sdt,20260509_KPC_fixed_dishes_on_SLIM,20260509,form,KPCWT,3,7,457,57:22.4,,
3_KPCWTform20min_740nm_3006mW_u1_poc0p6_20x0p75NA_457s50_g70_z1_256pix_basicFLIM_120f_0007.sdt,20260509_KPC_fixed_dishes_on_SLIM,20260509,form,KPCWT,3,7,457,40:29.6,,
3_KPCWTform20min_740nm_3006mW_u1_poc0p25_20x0p75NA_535s50_g70_z1_256pix_basicFLIM_120f_0007.sdt,20260509_KPC_fixed_dishes_on_SLIM,20260509,form,KPCWT,3,7,535,12:43.9,,
3_KPCWTform20min_740nm_3006mW_u1_poc0p25_20x0p75NA_475s50_g70_z1_256pix_basicFLIM_120f_0008.sdt,20260509_KPC_fixed_dishes_on_SLIM,20260509,form,KPCWT,3,8,457,58:30.6,,
3_KPCWTform20min_740nm_3006mW_u1_poc0p6_20x0p75NA_457s50_g70_z1_256pix_basicFLIM_120f_0008.sdt,20260509_KPC_fixed_dishes_on_SLIM,20260509,form,KPCWT,3,8,457,41:37.5,,
3_KPCWTform20min_740nm_3006mW_u1_poc0p25_20x0p75NA_535s50_g70_z1_256pix_basicFLIM_120f_0008.sdt,20260509_KPC_fixed_dishes_on_SLIM,20260509,form,KPCWT,3,8,535,13:51.7,,
3_KPCWTform20min_740nm_3006mW_u1_poc0p25_20x0p75NA_475s50_g70_z1_256pix_basicFLIM_120f_0009.sdt,20260509_KPC_fixed_dishes_on_SLIM,20260509,form,KPCWT,3,9,457,59:39.1,,
3_KPCWTform20min_740nm_3006mW_u1_poc0p6_20x0p75NA_457s50_g70_z1_256pix_basicFLIM_120f_0009.sdt,20260509_KPC_fixed_dishes_on_SLIM,20260509,form,KPCWT,3,9,457,42:46.5,,
3_KPCWTform20min_740nm_3006mW_u1_poc0p25_20x0p75NA_535s50_g70_z1_256pix_basicFLIM_120f_0009.sdt,20260509_KPC_fixed_dishes_on_SLIM,20260509,form,KPCWT,3,9,535,15:00.4,,
3_KPCWTform20min_740nm_3006mW_u1_poc0p25_20x0p75NA_475s50_g70_z1_256pix_basicFLIM_120f_0010.sdt,20260509_KPC_fixed_dishes_on_SLIM,20260509,form,KPCWT,3,10,457,00:47.1,,
3_KPCWTform20min_740nm_3006mW_u1_poc0p6_20x0p75NA_457s50_g70_z1_256pix_basicFLIM_120f_0010.sdt,20260509_KPC_fixed_dishes_on_SLIM,20260509,form,KPCWT,3,10,457,43:54.8,,
3_KPCWTform20min_740nm_3006mW_u1_poc0p25_20x0p75NA_535s50_g70_z1_256pix_basicFLIM_120f_0010.sdt,20260509_KPC_fixed_dishes_on_SLIM,20260509,form,KPCWT,3,10,535,16:08.6,,
3_KPCWTform20min_740nm_3006mW_u1_poc0p25_20x0p75NA_475s50_g70_z1_256pix_basicFLIM_120f_0011.sdt,20260509_KPC_fixed_dishes_on_SLIM,20260509,form,KPCWT,3,11,457,01:56.9,,
3_KPCWTform20min_740nm_3006mW_u1_poc0p6_20x0p75NA_457s50_g70_z1_256pix_basicFLIM_120f_0011.sdt,20260509_KPC_fixed_dishes_on_SLIM,20260509,form,KPCWT,3,11,457,45:04.1,,
3_KPCWTform20min_740nm_3006mW_u1_poc0p25_20x0p75NA_535s50_g70_z1_256pix_basicFLIM_120f_0011.sdt,20260509_KPC_fixed_dishes_on_SLIM,20260509,form,KPCWT,3,11,535,17:17.9,,
3_KPCWTform20min_740nm_3006mW_u1_poc0p6_20x0p75NA_457s50_g70_z1_256pix_basicFLIM_120f_0012.sdt,20260509_KPC_fixed_dishes_on_SLIM,20260509,form,KPCWT,3,12,457,11:11.6,,
3_KPCWTform20min_740nm_3006mW_u1_poc0p6_20x0p75NA_457s50_g70_z1_256pix_basicFLIM_120f_0013.sdt,20260509_KPC_fixed_dishes_on_SLIM,20260509,form,KPCWT,3,13,457,12:19.7,,
3_KPCWTform20min_740nm_3006mW_u1_poc0p6_20x0p75NA_457s50_g70_z1_256pix_basicFLIM_120f_0014.sdt,20260509_KPC_fixed_dishes_on_SLIM,20260509,form,KPCWT,3,14,457,13:28.0,,
3_KPCWTform20min_740nm_3006mW_u1_poc0p6_20x0p75NA_457s50_g70_z1_256pix_basicFLIM_120f_0015.sdt,20260509_KPC_fixed_dishes_on_SLIM,20260509,form,KPCWT,3,15,457,14:36.9,,
3_KPCWTform20min_740nm_3006mW_u1_poc0p6_20x0p75NA_457s50_g70_z1_256pix_basicFLIM_120f_0016.sdt,20260509_KPC_fixed_dishes_on_SLIM,20260509,form,KPCWT,3,16,457,15:45.6,,
3_KPCWTform20min_740nm_3006mW_u1_poc0p6_20x0p75NA_457s50_g70_z1_256pix_basicFLIM_120f_0017.sdt,20260509_KPC_fixed_dishes_on_SLIM,20260509,form,KPCWT,3,17,457,16:54.6,,
3_KPCWTform20min_740nm_3006mW_u1_poc0p6_20x0p75NA_457s50_g70_z1_256pix_basicFLIM_120f_0018.sdt,20260509_KPC_fixed_dishes_on_SLIM,20260509,form,KPCWT,3,18,457,18:03.3,,
3_KPCWTform20min_740nm_3006mW_u1_poc0p6_20x0p75NA_457s50_g70_z1_256pix_basicFLIM_120f_0019.sdt,20260509_KPC_fixed_dishes_on_SLIM,20260509,form,KPCWT,3,19,457,19:12.2,,
3_KPCWTform20min_740nm_3006mW_u1_poc0p6_20x0p75NA_457s50_g70_z1_256pix_basicFLIM_120f_0020.sdt,20260509_KPC_fixed_dishes_on_SLIM,20260509,form,KPCWT,3,20,457,20:20.2,,
3_KPCWTform20min_740nm_3006mW_u1_poc0p6_20x0p75NA_457s50_g70_z1_256pix_basicFLIM_120f_0021.sdt,20260509_KPC_fixed_dishes_on_SLIM,20260509,form,KPCWT,3,21,457,21:29.2,,
3_KPCWTform20min_740nm_3006mW_u1_poc0p6_20x0p75NA_457s50_g70_z1_256pix_basicFLIM_120f_0022.sdt,20260509_KPC_fixed_dishes_on_SLIM,20260509,form,KPCWT,3,22,457,22:37.3,,
3_KPCWTform20min_740nm_3006mW_u1_poc0p6_20x0p75NA_457s50_g70_z1_256pix_basicFLIM_120f_0023.sdt,20260509_KPC_fixed_dishes_on_SLIM,20260509,form,KPCWT,3,23,457,23:46.7,,
4_BKOCO2form20min_740nm_2995mW_u1_poc0p25_20x0p75NA_457s50_g70_z1_256pix_basicFLIM_120f_0000.sdt,20260509_KPC_fixed_dishes_on_SLIM,20260509,form,BKO,4,0,457,52:24.9,,
4_BKOCO2form20min_740nm_2995mW_u1_poc0p6_20x0p75NA_457s50_g70_z1_256pix_basicFLIM_120f_0000.sdt,20260509_KPC_fixed_dishes_on_SLIM,20260509,form,BKO,4,0,457,44:08.9,,
4_BKOCO2form20min_740nm_2995mW_u1_poc0p25_20x0p75NA_535s50_g70_z1_256pix_basicFLIM_120f_0000.sdt,20260509_KPC_fixed_dishes_on_SLIM,20260509,form,BKO,4,0,535,22:24.9,,
4_BKOCO2form20min_740nm_2995mW_u1_poc0p6_20x0p75NA_535s50_g70_z1_256pix_basicFLIM_120f_0000.sdt,20260509_KPC_fixed_dishes_on_SLIM,20260509,form,BKO,4,0,535,13:07.4,,
4_BKOCO2form20min_740nm_2995mW_u1_poc0p25_20x0p75NA_457s50_g70_z1_256pix_basicFLIM_120f_0001.sdt,20260509_KPC_fixed_dishes_on_SLIM,20260509,form,BKO,4,1,457,53:33.7,,
4_BKOCO2form20min_740nm_2995mW_u1_poc0p6_20x0p75NA_457s50_g70_z1_256pix_basicFLIM_120f_0001.sdt,20260509_KPC_fixed_dishes_on_SLIM,20260509,form,BKO,4,1,457,45:17.8,,
4_BKOCO2form20min_740nm_2995mW_u1_poc0p25_20x0p75NA_535s50_g70_z1_256pix_basicFLIM_120f_0001.sdt,20260509_KPC_fixed_dishes_on_SLIM,20260509,form,BKO,4,1,535,23:33.7,,
4_BKOCO2form20min_740nm_2995mW_u1_poc0p6_20x0p75NA_535s50_g70_z1_256pix_basicFLIM_120f_0001.sdt,20260509_KPC_fixed_dishes_on_SLIM,20260509,form,BKO,4,1,535,14:16.3,,
4_BKOCO2form20min_740nm_2995mW_u1_poc0p25_20x0p75NA_457s50_g70_z1_256pix_basicFLIM_120f_0002.sdt,20260509_KPC_fixed_dishes_on_SLIM,20260509,form,BKO,4,2,457,54:41.9,,
4_BKOCO2form20min_740nm_2995mW_u1_poc0p6_20x0p75NA_457s50_g70_z1_256pix_basicFLIM_120f_0002.sdt,20260509_KPC_fixed_dishes_on_SLIM,20260509,form,BKO,4,2,457,46:26.3,,
4_BKOCO2form20min_740nm_2995mW_u1_poc0p25_20x0p75NA_535s50_g70_z1_256pix_basicFLIM_120f_0002.sdt,20260509_KPC_fixed_dishes_on_SLIM,20260509,form,BKO,4,2,535,24:42.1,,
4_BKOCO2form20min_740nm_2995mW_u1_poc0p6_20x0p75NA_535s50_g70_z1_256pix_basicFLIM_120f_0002.sdt,20260509_KPC_fixed_dishes_on_SLIM,20260509,form,BKO,4,2,535,15:25.2,,
4_BKOCO2form20min_740nm_2995mW_u1_poc0p25_20x0p75NA_457s50_g70_z1_256pix_basicFLIM_120f_0003.sdt,20260509_KPC_fixed_dishes_on_SLIM,20260509,form,BKO,4,3,457,55:50.3,,
4_BKOCO2form20min_740nm_2995mW_u1_poc0p6_20x0p75NA_457s50_g70_z1_256pix_basicFLIM_120f_0003.sdt,20260509_KPC_fixed_dishes_on_SLIM,20260509,form,BKO,4,3,457,47:34.8,,
4_BKOCO2form20min_740nm_2995mW_u1_poc0p25_20x0p75NA_535s50_g70_z1_256pix_basicFLIM_120f_0003.sdt,20260509_KPC_fixed_dishes_on_SLIM,20260509,form,BKO,4,3,535,25:50.4,,
4_BKOCO2form20min_740nm_2995mW_u1_poc0p6_20x0p75NA_535s50_g70_z1_256pix_basicFLIM_120f_0003.sdt,20260509_KPC_fixed_dishes_on_SLIM,20260509,form,BKO,4,3,535,16:33.7,,
4_BKOCO2form20min_740nm_2995mW_u1_poc0p25_20x0p75NA_457s50_g70_z1_256pix_basicFLIM_120f_0004.sdt,20260509_KPC_fixed_dishes_on_SLIM,20260509,form,BKO,4,4,457,56:58.8,,
4_BKOCO2form20min_740nm_2995mW_u1_poc0p6_20x0p75NA_457s50_g70_z1_256pix_basicFLIM_120f_0004.sdt,20260509_KPC_fixed_dishes_on_SLIM,20260509,form,BKO,4,4,457,48:43.8,,
4_BKOCO2form20min_740nm_2995mW_u1_poc0p25_20x0p75NA_535s50_g70_z1_256pix_basicFLIM_120f_0004.sdt,20260509_KPC_fixed_dishes_on_SLIM,20260509,form,BKO,4,4,535,26:59.4,,
4_BKOCO2form20min_740nm_2995mW_u1_poc0p6_20x0p75NA_535s50_g70_z1_256pix_basicFLIM_120f_0004.sdt,20260509_KPC_fixed_dishes_on_SLIM,20260509,form,BKO,4,4,535,17:42.4,,
4_BKOCO2form20min_740nm_2995mW_u1_poc0p25_20x0p75NA_457s50_g70_z1_256pix_basicFLIM_120f_0005.sdt,20260509_KPC_fixed_dishes_on_SLIM,20260509,form,BKO,4,5,457,58:07.1,,
4_BKOCO2form20min_740nm_2995mW_u1_poc0p6_20x0p75NA_457s50_g70_z1_256pix_basicFLIM_120f_0005.sdt,20260509_KPC_fixed_dishes_on_SLIM,20260509,form,BKO,4,5,457,49:52.2,,
4_BKOCO2form20min_740nm_2995mW_u1_poc0p25_20x0p75NA_535s50_g70_z1_256pix_basicFLIM_120f_0005.sdt,20260509_KPC_fixed_dishes_on_SLIM,20260509,form,BKO,4,5,535,28:08.0,,
4_BKOCO2form20min_740nm_2995mW_u1_poc0p6_20x0p75NA_535s50_g70_z1_256pix_basicFLIM_120f_0005.sdt,20260509_KPC_fixed_dishes_on_SLIM,20260509,form,BKO,4,5,535,18:50.8,,
4_BKOCO2form20min_740nm_2995mW_u1_poc0p25_20x0p75NA_457s50_g70_z1_256pix_basicFLIM_120f_0006.sdt,20260509_KPC_fixed_dishes_on_SLIM,20260509,form,BKO,4,6,457,59:15.2,,
4_BKOCO2form20min_740nm_2995mW_u1_poc0p6_20x0p75NA_457s50_g70_z1_256pix_basicFLIM_120f_0006.sdt,20260509_KPC_fixed_dishes_on_SLIM,20260509,form,BKO,4,6,457,51:00.4,,
4_BKOCO2form20min_740nm_2995mW_u1_poc0p25_20x0p75NA_535s50_g70_z1_256pix_basicFLIM_120f_0006.sdt,20260509_KPC_fixed_dishes_on_SLIM,20260509,form,BKO,4,6,535,29:16.2,,
4_BKOCO2form20min_740nm_2995mW_u1_poc0p6_20x0p75NA_535s50_g70_z1_256pix_basicFLIM_120f_0006.sdt,20260509_KPC_fixed_dishes_on_SLIM,20260509,form,BKO,4,6,535,19:59.2,,
4_BKOCO2form20min_740nm_2995mW_u1_poc0p25_20x0p75NA_457s50_g70_z1_256pix_basicFLIM_120f_0007.sdt,20260509_KPC_fixed_dishes_on_SLIM,20260509,form,BKO,4,7,457,00:24.0,,
4_BKOCO2form20min_740nm_2995mW_u1_poc0p6_20x0p75NA_457s50_g70_z1_256pix_basicFLIM_120f_0007.sdt,20260509_KPC_fixed_dishes_on_SLIM,20260509,form,BKO,4,7,457,52:09.1,,
4_BKOCO2form20min_740nm_2995mW_u1_poc0p25_20x0p75NA_535s50_g70_z1_256pix_basicFLIM_120f_0007.sdt,20260509_KPC_fixed_dishes_on_SLIM,20260509,form,BKO,4,7,535,30:24.8,,
4_BKOCO2form20min_740nm_2995mW_u1_poc0p6_20x0p75NA_535s50_g70_z1_256pix_basicFLIM_120f_0007.sdt,20260509_KPC_fixed_dishes_on_SLIM,20260509,form,BKO,4,7,535,21:08.1,,
4_BKOCO2form20min_740nm_2995mW_u1_poc0p25_20x0p75NA_457s50_g70_z1_256pix_basicFLIM_120f_0008.sdt,20260509_KPC_fixed_dishes_on_SLIM,20260509,form,BKO,4,8,457,01:32.4,,
4_BKOCO2form20min_740nm_2995mW_u1_poc0p6_20x0p75NA_457s50_g70_z1_256pix_basicFLIM_120f_0008.sdt,20260509_KPC_fixed_dishes_on_SLIM,20260509,form,BKO,4,8,457,53:17.8,,
4_BKOCO2form20min_740nm_2995mW_u1_poc0p25_20x0p75NA_535s50_g70_z1_256pix_basicFLIM_120f_0008.sdt,20260509_KPC_fixed_dishes_on_SLIM,20260509,form,BKO,4,8,535,31:33.6,,
4_BKOCO2form20min_740nm_2995mW_u1_poc0p6_20x0p75NA_535s50_g70_z1_256pix_basicFLIM_120f_0008.sdt,20260509_KPC_fixed_dishes_on_SLIM,20260509,form,BKO,4,8,535,22:16.7,,
4_BKOCO2form20min_740nm_2995mW_u1_poc0p25_20x0p75NA_457s50_g70_z1_256pix_basicFLIM_120f_0009.sdt,20260509_KPC_fixed_dishes_on_SLIM,20260509,form,BKO,4,9,457,02:42.2,,
4_BKOCO2form20min_740nm_2995mW_u1_poc0p6_20x0p75NA_457s50_g70_z1_256pix_basicFLIM_120f_0009.sdt,20260509_KPC_fixed_dishes_on_SLIM,20260509,form,BKO,4,9,457,54:27.7,,
4_BKOCO2form20min_740nm_2995mW_u1_poc0p25_20x0p75NA_535s50_g70_z1_256pix_basicFLIM_120f_0009.sdt,20260509_KPC_fixed_dishes_on_SLIM,20260509,form,BKO,4,9,535,32:43.9,,
4_BKOCO2form20min_740nm_2995mW_u1_poc0p6_20x0p75NA_535s50_g70_z1_256pix_basicFLIM_120f_0009.sdt,20260509_KPC_fixed_dishes_on_SLIM,20260509,form,BKO,4,9,535,23:26.5,,
4_BKOCO2form20min_740nm_2995mW_u1_poc0p25_20x0p75NA_457s50_g70_z1_256pix_basicFLIM_120f_0010.sdt,20260509_KPC_fixed_dishes_on_SLIM,20260509,form,BKO,4,10,457,03:51.2,,
4_BKOCO2form20min_740nm_2995mW_u1_poc0p6_20x0p75NA_457s50_g70_z1_256pix_basicFLIM_120f_0010.sdt,20260509_KPC_fixed_dishes_on_SLIM,20260509,form,BKO,4,10,457,55:36.8,,
4_BKOCO2form20min_740nm_2995mW_u1_poc0p25_20x0p75NA_535s50_g70_z1_256pix_basicFLIM_120f_0010.sdt,20260509_KPC_fixed_dishes_on_SLIM,20260509,form,BKO,4,10,535,33:53.3,,
4_BKOCO2form20min_740nm_2995mW_u1_poc0p6_20x0p75NA_535s50_g70_z1_256pix_basicFLIM_120f_0010.sdt,20260509_KPC_fixed_dishes_on_SLIM,20260509,form,BKO,4,10,535,24:35.5,,
4_BKOCO2form20min_740nm_2995mW_u1_poc0p25_20x0p75NA_457s50_g70_z1_256pix_basicFLIM_120f_0011.sdt,20260509_KPC_fixed_dishes_on_SLIM,20260509,form,BKO,4,11,457,04:59.2,,
4_BKOCO2form20min_740nm_2995mW_u1_poc0p6_20x0p75NA_457s50_g70_z1_256pix_basicFLIM_120f_0011.sdt,20260509_KPC_fixed_dishes_on_SLIM,20260509,form,BKO,4,11,457,56:45.3,,
4_BKOCO2form20min_740nm_2995mW_u1_poc0p25_20x0p75NA_535s50_g70_z1_256pix_basicFLIM_120f_0011.sdt,20260509_KPC_fixed_dishes_on_SLIM,20260509,form,BKO,4,11,535,35:01.4,,
4_BKOCO2form20min_740nm_2995mW_u1_poc0p6_20x0p75NA_535s50_g70_z1_256pix_basicFLIM_120f_0011.sdt,20260509_KPC_fixed_dishes_on_SLIM,20260509,form,BKO,4,11,535,25:43.6,,
4_BKOCO2form20min_740nm_2995mW_u1_poc0p25_20x0p75NA_457s50_g70_z1_256pix_basicFLIM_120f_0012.sdt,20260509_KPC_fixed_dishes_on_SLIM,20260509,form,BKO,4,12,457,06:07.2,,
4_BKOCO2form20min_740nm_2995mW_u1_poc0p6_20x0p75NA_457s50_g70_z1_256pix_basicFLIM_120f_0012.sdt,20260509_KPC_fixed_dishes_on_SLIM,20260509,form,BKO,4,12,457,57:53.6,,
4_BKOCO2form20min_740nm_2995mW_u1_poc0p25_20x0p75NA_535s50_g70_z1_256pix_basicFLIM_120f_0012.sdt,20260509_KPC_fixed_dishes_on_SLIM,20260509,form,BKO,4,12,535,36:09.3,,
4_BKOCO2form20min_740nm_2995mW_u1_poc0p6_20x0p75NA_535s50_g70_z1_256pix_basicFLIM_120f_0012.sdt,20260509_KPC_fixed_dishes_on_SLIM,20260509,form,BKO,4,12,535,26:51.9,,
4_BKOCO2form20min_740nm_2995mW_u1_poc0p25_20x0p75NA_457s50_g70_z1_256pix_basicFLIM_120f_0013.sdt,20260509_KPC_fixed_dishes_on_SLIM,20260509,form,BKO,4,13,457,07:16.2,,
4_BKOCO2form20min_740nm_2995mW_u1_poc0p6_20x0p75NA_457s50_g70_z1_256pix_basicFLIM_120f_0013.sdt,20260509_KPC_fixed_dishes_on_SLIM,20260509,form,BKO,4,13,457,59:02.9,,
4_BKOCO2form20min_740nm_2995mW_u1_poc0p25_20x0p75NA_535s50_g70_z1_256pix_basicFLIM_120f_0013.sdt,20260509_KPC_fixed_dishes_on_SLIM,20260509,form,BKO,4,13,535,37:18.5,,
4_BKOCO2form20min_740nm_2995mW_u1_poc0p6_20x0p75NA_535s50_g70_z1_256pix_basicFLIM_120f_0013.sdt,20260509_KPC_fixed_dishes_on_SLIM,20260509,form,BKO,4,13,535,28:01.1,,
4_BKOCO2form20min_740nm_2995mW_u1_poc0p25_20x0p75NA_457s50_g70_z1_256pix_basicFLIM_120f_0014.sdt,20260509_KPC_fixed_dishes_on_SLIM,20260509,form,BKO,4,14,457,08:25.7,,
4_BKOCO2form20min_740nm_2995mW_u1_poc0p6_20x0p75NA_457s50_g70_z1_256pix_basicFLIM_120f_0014.sdt,20260509_KPC_fixed_dishes_on_SLIM,20260509,form,BKO,4,14,457,00:12.4,,
4_BKOCO2form20min_740nm_2995mW_u1_poc0p25_20x0p75NA_535s50_g70_z1_256pix_basicFLIM_120f_0014.sdt,20260509_KPC_fixed_dishes_on_SLIM,20260509,form,BKO,4,14,535,38:27.8,,
4_BKOCO2form20min_740nm_2995mW_u1_poc0p6_20x0p75NA_535s50_g70_z1_256pix_basicFLIM_120f_0014.sdt,20260509_KPC_fixed_dishes_on_SLIM,20260509,form,BKO,4,14,535,29:10.6,,
4_BKOCO2form20min_740nm_2995mW_u1_poc0p25_20x0p75NA_457s50_g70_z1_256pix_basicFLIM_120f_0015.sdt,20260509_KPC_fixed_dishes_on_SLIM,20260509,form,BKO,4,15,457,09:33.8,,
4_BKOCO2form20min_740nm_2995mW_u1_poc0p6_20x0p75NA_457s50_g70_z1_256pix_basicFLIM_120f_0015.sdt,20260509_KPC_fixed_dishes_on_SLIM,20260509,form,BKO,4,15,457,01:20.8,,
4_BKOCO2form20min_740nm_2995mW_u1_poc0p25_20x0p75NA_535s50_g70_z1_256pix_basicFLIM_120f_0015.sdt,20260509_KPC_fixed_dishes_on_SLIM,20260509,form,BKO,4,15,535,39:36.3,,
4_BKOCO2form20min_740nm_2995mW_u1_poc0p6_20x0p75NA_535s50_g70_z1_256pix_basicFLIM_120f_0015.sdt,20260509_KPC_fixed_dishes_on_SLIM,20260509,form,BKO,4,15,535,30:18.8,,
3_KPCWTformP4num4_740nm_3037mW_u1_poc0p2_20x0p75NA_475s50_g70_z1_256pix_basicFLIM_30f_0000.sdt,20260429_KPC_fixed_dishes_on_SLIM,20260429,form,KPCWT,3,0,457,37:05.5,,
3_KPCWTformP4num4_740nm_3037mW_u1_poc0p2_20x0p75NA_535s50_g70_z1_256pix_basicFLIM_90f_0000.sdt,20260429_KPC_fixed_dishes_on_SLIM,20260429,form,KPCWT,3,0,535,58:15.0,,
3_KPCWTformP4num4_740nm_3037mW_u1_poc0p2_20x0p75NA_475s50_g70_z1_256pix_basicFLIM_30f_0001.sdt,20260429_KPC_fixed_dishes_on_SLIM,20260429,form,KPCWT,3,1,457,37:57.5,,
3_KPCWTformP4num4_740nm_3037mW_u1_poc0p2_20x0p75NA_535s50_g70_z1_256pix_basicFLIM_90f_0001.sdt,20260429_KPC_fixed_dishes_on_SLIM,20260429,form,KPCWT,3,1,535,59:07.0,,
3_KPCWTformP4num4_740nm_3037mW_u1_poc0p2_20x0p75NA_475s50_g70_z1_256pix_basicFLIM_30f_0002.sdt,20260429_KPC_fixed_dishes_on_SLIM,20260429,form,KPCWT,3,2,457,38:49.4,,
3_KPCWTformP4num4_740nm_3037mW_u1_poc0p2_20x0p75NA_535s50_g70_z1_256pix_basicFLIM_90f_0002.sdt,20260429_KPC_fixed_dishes_on_SLIM,20260429,form,KPCWT,3,2,535,59:58.9,,
3_KPCWTformP4num4_740nm_3037mW_u1_poc0p2_20x0p75NA_475s50_g70_z1_256pix_basicFLIM_30f_0003.sdt,20260429_KPC_fixed_dishes_on_SLIM,20260429,form,KPCWT,3,3,457,39:42.0,,
3_KPCWTformP4num4_740nm_3037mW_u1_poc0p2_20x0p75NA_535s50_g70_z1_256pix_basicFLIM_90f_0003.sdt,20260429_KPC_fixed_dishes_on_SLIM,20260429,form,KPCWT,3,3,535,00:51.6,,
3_KPCWTformP4num4_740nm_3037mW_u1_poc0p2_20x0p75NA_475s50_g70_z1_256pix_basicFLIM_30f_0004.sdt,20260429_KPC_fixed_dishes_on_SLIM,20260429,form,KPCWT,3,4,457,40:33.9,,
3_KPCWTformP4num4_740nm_3037mW_u1_poc0p2_20x0p75NA_535s50_g70_z1_256pix_basicFLIM_90f_0004.sdt,20260429_KPC_fixed_dishes_on_SLIM,20260429,form,KPCWT,3,4,535,01:43.6,,
3_KPCWTformP4num4_740nm_3037mW_u1_poc0p2_20x0p75NA_475s50_g70_z1_256pix_basicFLIM_30f_0005.sdt,20260429_KPC_fixed_dishes_on_SLIM,20260429,form,KPCWT,3,5,457,41:28.2,,
3_KPCWTformP4num4_740nm_3037mW_u1_poc0p2_20x0p75NA_535s50_g70_z1_256pix_basicFLIM_90f_0005.sdt,20260429_KPC_fixed_dishes_on_SLIM,20260429,form,KPCWT,3,5,535,02:35.6,,
3_KPCWTformP4num4_740nm_3037mW_u1_poc0p2_20x0p75NA_475s50_g70_z1_256pix_basicFLIM_30f_0006.sdt,20260429_KPC_fixed_dishes_on_SLIM,20260429,form,KPCWT,3,6,457,42:21.0,,
3_KPCWTformP4num4_740nm_3037mW_u1_poc0p2_20x0p75NA_535s50_g70_z1_256pix_basicFLIM_90f_0006.sdt,20260429_KPC_fixed_dishes_on_SLIM,20260429,form,KPCWT,3,6,535,03:27.9,,
3_KPCWTformP4num4_740nm_3037mW_u1_poc0p2_20x0p75NA_475s50_g70_z1_256pix_basicFLIM_30f_0007.sdt,20260429_KPC_fixed_dishes_on_SLIM,20260429,form,KPCWT,3,7,457,43:12.5,,
3_KPCWTformP4num4_740nm_3037mW_u1_poc0p2_20x0p75NA_535s50_g70_z1_256pix_basicFLIM_90f_0007.sdt,20260429_KPC_fixed_dishes_on_SLIM,20260429,form,KPCWT,3,7,535,04:19.5,,
3_KPCWTformP4num4_740nm_3037mW_u1_poc0p2_20x0p75NA_475s50_g70_z1_256pix_basicFLIM_30f_0008.sdt,20260429_KPC_fixed_dishes_on_SLIM,20260429,form,KPCWT,3,8,457,44:05.4,,
3_KPCWTformP4num4_740nm_3037mW_u1_poc0p2_20x0p75NA_535s50_g70_z1_256pix_basicFLIM_90f_0008.sdt,20260429_KPC_fixed_dishes_on_SLIM,20260429,form,KPCWT,3,8,535,05:12.1,,
3_KPCWTformP4num4_740nm_3037mW_u1_poc0p2_20x0p75NA_475s50_g70_z1_256pix_basicFLIM_30f_0009.sdt,20260429_KPC_fixed_dishes_on_SLIM,20260429,form,KPCWT,3,9,457,44:57.8,,
3_KPCWTformP4num4_740nm_3037mW_u1_poc0p2_20x0p75NA_535s50_g70_z1_256pix_basicFLIM_90f_0009.sdt,20260429_KPC_fixed_dishes_on_SLIM,20260429,form,KPCWT,3,9,535,06:04.5,,
3_KPCWTformP4num4_pos5_740nm_3037mW_u1_poc0p2_20x0p75NA_475s50_g70_z1_256pix_basicFLIM_30f_0010.sdt,20260429_KPC_fixed_dishes_on_SLIM,20260429,form,KPCWT,3,10,457,46:56.6,,
3_KPCWTformP4num4_pos6_740nm_3037mW_u1_poc0p2_20x0p75NA_475s50_g70_z1_256pix_basicFLIM_30f_0011.sdt,20260429_KPC_fixed_dishes_on_SLIM,20260429,form,KPCWT,3,11,457,47:48.9,,
3_KPCWTformP4num4_pos7_740nm_3037mW_u1_poc0p2_20x0p75NA_475s50_g70_z1_256pix_basicFLIM_30f_0012.sdt,20260429_KPC_fixed_dishes_on_SLIM,20260429,form,KPCWT,3,12,457,48:40.5,,
4_KPCWT0416formP4num3_740nm_3037mW_u1_poc0p2_20x0p75NA_457s50_g70_z1_256pix_basicFLIM_90f_0000.sdt,20260429_KPC_fixed_dishes_on_SLIM,20260429,form,KPCWT,4,0,457,46:38.1,,
4_KPCWT0416formP4num3_740nm_3037mW_u1_poc0p2_20x0p75NA_535s50_g70_z1_256pix_basicFLIM_90f_0000.sdt,20260429_KPC_fixed_dishes_on_SLIM,20260429,form,KPCWT,4,0,535,07:14.2,,
4_KPCWT0416formP4num3_740nm_3037mW_u1_poc0p2_20x0p75NA_457s50_g70_z1_256pix_basicFLIM_90f_0001.sdt,20260429_KPC_fixed_dishes_on_SLIM,20260429,form,KPCWT,4,1,457,47:30.1,,
4_KPCWT0416formP4num3_740nm_3037mW_u1_poc0p2_20x0p75NA_535s50_g70_z1_256pix_basicFLIM_90f_0001.sdt,20260429_KPC_fixed_dishes_on_SLIM,20260429,form,KPCWT,4,1,535,08:06.2,,
4_KPCWT0416formP4num3_740nm_3037mW_u1_poc0p2_20x0p75NA_457s50_g70_z1_256pix_basicFLIM_90f_0002.sdt,20260429_KPC_fixed_dishes_on_SLIM,20260429,form,KPCWT,4,2,457,48:21.8,,
4_KPCWT0416formP4num3_740nm_3037mW_u1_poc0p2_20x0p75NA_535s50_g70_z1_256pix_basicFLIM_90f_0002.sdt,20260429_KPC_fixed_dishes_on_SLIM,20260429,form,KPCWT,4,2,535,08:57.8,,
4_KPCWT0416formP4num3_740nm_3037mW_u1_poc0p2_20x0p75NA_457s50_g70_z1_256pix_basicFLIM_90f_0003.sdt,20260429_KPC_fixed_dishes_on_SLIM,20260429,form,KPCWT,4,3,457,49:13.4,,
4_KPCWT0416formP4num3_740nm_3037mW_u1_poc0p2_20x0p75NA_535s50_g70_z1_256pix_basicFLIM_90f_0003.sdt,20260429_KPC_fixed_dishes_on_SLIM,20260429,form,KPCWT,4,3,535,09:49.2,,
4_KPCWT0416formP4num3_740nm_3037mW_u1_poc0p2_20x0p75NA_457s50_g70_z1_256pix_basicFLIM_90f_0004.sdt,20260429_KPC_fixed_dishes_on_SLIM,20260429,form,KPCWT,4,4,457,50:05.4,,
4_KPCWT0416formP4num3_740nm_3037mW_u1_poc0p2_20x0p75NA_535s50_g70_z1_256pix_basicFLIM_90f_0004.sdt,20260429_KPC_fixed_dishes_on_SLIM,20260429,form,KPCWT,4,4,535,10:41.3,,
4_KPCWT0416formP4num3_740nm_3037mW_u1_poc0p2_20x0p75NA_457s50_g70_z1_256pix_basicFLIM_90f_0005.sdt,20260429_KPC_fixed_dishes_on_SLIM,20260429,form,KPCWT,4,5,457,50:57.2,,
4_KPCWT0416formP4num3_740nm_3037mW_u1_poc0p2_20x0p75NA_535s50_g70_z1_256pix_basicFLIM_90f_0005.sdt,20260429_KPC_fixed_dishes_on_SLIM,20260429,form,KPCWT,4,5,535,11:33.1,,
4_KPCWT0416formP4num3_740nm_3037mW_u1_poc0p2_20x0p75NA_457s50_g70_z1_256pix_basicFLIM_90f_0006.sdt,20260429_KPC_fixed_dishes_on_SLIM,20260429,form,KPCWT,4,6,457,51:48.9,,
4_KPCWT0416formP4num3_740nm_3037mW_u1_poc0p2_20x0p75NA_535s50_g70_z1_256pix_basicFLIM_90f_0006.sdt,20260429_KPC_fixed_dishes_on_SLIM,20260429,form,KPCWT,4,6,535,12:24.8,,
4_KPCWT0416formP4num3_740nm_3037mW_u1_poc0p2_20x0p75NA_457s50_g70_z1_256pix_basicFLIM_90f_0007.sdt,20260429_KPC_fixed_dishes_on_SLIM,20260429,form,KPCWT,4,7,457,52:40.7,,
4_KPCWT0416formP4num3_740nm_3037mW_u1_poc0p2_20x0p75NA_535s50_g70_z1_256pix_basicFLIM_90f_0007.sdt,20260429_KPC_fixed_dishes_on_SLIM,20260429,form,KPCWT,4,7,535,13:16.4,,
4_KPCWT0416formP4num3_740nm_3037mW_u1_poc0p2_20x0p75NA_457s50_g70_z1_256pix_basicFLIM_90f_0008.sdt,20260429_KPC_fixed_dishes_on_SLIM,20260429,form,KPCWT,4,8,457,53:32.6,,
4_KPCWT0416formP4num3_740nm_3037mW_u1_poc0p2_20x0p75NA_535s50_g70_z1_256pix_basicFLIM_90f_0008.sdt,20260429_KPC_fixed_dishes_on_SLIM,20260429,form,KPCWT,4,8,535,14:08.4,,
4_KPCWT0416formP4num3_740nm_3037mW_u1_poc0p2_20x0p75NA_457s50_g70_z1_256pix_basicFLIM_90f_0009.sdt,20260429_KPC_fixed_dishes_on_SLIM,20260429,form,KPCWT,4,9,457,54:24.1,,
4_KPCWT0416formP4num3_740nm_3037mW_u1_poc0p2_20x0p75NA_535s50_g70_z1_256pix_basicFLIM_90f_0009.sdt,20260429_KPC_fixed_dishes_on_SLIM,20260429,form,KPCWT,4,9,535,14:59.8,,
3_KPCWT0430glu10min_740nm_3024mW_u1_poc0p15_20x0p75NA_457s50_g70_z1_256pix_basicFLIM_90f_0000.sdt,20260501_KPC_fixed_dishes_on_SLIM,20260501,glu,KPCWT,3,0,457,35:05.3,,
3_KPCWT0430glu10min_740nm_3024mW_u1_poc0p2_20x0p75NA_457s50_g70_z1_256pix_basicFLIM_120f_0000.sdt,20260501_KPC_fixed_dishes_on_SLIM,20260501,glu,KPCWT,3,0,457,36:55.0,,
3_KPCWT0430glu10min_740nm_3024mW_u1_poc0p2_20x0p75NA_535s50_g70_z1_256pix_basicFLIM_120f_0000.sdt,20260501_KPC_fixed_dishes_on_SLIM,20260501,glu,KPCWT,3,0,535,49:30.0,,
3_KPCWT0430glu10min_740nm_3024mW_u1_poc0p2_20x0p75NA_457s50_g70_z1_256pix_basicFLIM_120f_0001.sdt,20260501_KPC_fixed_dishes_on_SLIM,20260501,glu,KPCWT,3,1,457,38:03.1,,
3_KPCWT0430glu10min_740nm_3024mW_u1_poc0p2_20x0p75NA_535s50_g70_z1_256pix_basicFLIM_120f_0001.sdt,20260501_KPC_fixed_dishes_on_SLIM,20260501,glu,KPCWT,3,1,535,50:38.4,,
3_KPCWT0430glu10min_740nm_3024mW_u1_poc0p2_20x0p75NA_457s50_g70_z1_256pix_basicFLIM_120f_0002.sdt,20260501_KPC_fixed_dishes_on_SLIM,20260501,glu,KPCWT,3,2,457,39:11.5,,
3_KPCWT0430glu10min_740nm_3024mW_u1_poc0p2_20x0p75NA_535s50_g70_z1_256pix_basicFLIM_120f_0002.sdt,20260501_KPC_fixed_dishes_on_SLIM,20260501,glu,KPCWT,3,2,535,51:47.0,,
3_KPCWT0430glu10min_740nm_3024mW_u1_poc0p2_20x0p75NA_457s50_g70_z1_256pix_basicFLIM_120f_0003.sdt,20260501_KPC_fixed_dishes_on_SLIM,20260501,glu,KPCWT,3,3,457,40:20.2,,
3_KPCWT0430glu10min_740nm_3024mW_u1_poc0p2_20x0p75NA_535s50_g70_z1_256pix_basicFLIM_120f_0003.sdt,20260501_KPC_fixed_dishes_on_SLIM,20260501,glu,KPCWT,3,3,535,52:55.7,,
3_KPCWT0430glu10min_740nm_3024mW_u1_poc0p2_20x0p75NA_457s50_g70_z1_256pix_basicFLIM_120f_0004.sdt,20260501_KPC_fixed_dishes_on_SLIM,20260501,glu,KPCWT,3,4,457,41:28.6,,
3_KPCWT0430glu10min_740nm_3024mW_u1_poc0p2_20x0p75NA_535s50_g70_z1_256pix_basicFLIM_120f_0004.sdt,20260501_KPC_fixed_dishes_on_SLIM,20260501,glu,KPCWT,3,4,535,54:04.6,,
3_KPCWT0430glu10min_740nm_3024mW_u1_poc0p2_20x0p75NA_457s50_g70_z1_256pix_basicFLIM_120f_0005.sdt,20260501_KPC_fixed_dishes_on_SLIM,20260501,glu,KPCWT,3,5,457,42:37.3,,
3_KPCWT0430glu10min_740nm_3024mW_u1_poc0p2_20x0p75NA_535s50_g70_z1_256pix_basicFLIM_120f_0005.sdt,20260501_KPC_fixed_dishes_on_SLIM,20260501,glu,KPCWT,3,5,535,55:13.7,,
3_KPCWT0430glu10min_740nm_3024mW_u1_poc0p2_20x0p75NA_457s50_g70_z1_256pix_basicFLIM_120f_0006.sdt,20260501_KPC_fixed_dishes_on_SLIM,20260501,glu,KPCWT,3,6,457,43:46.0,,
3_KPCWT0430glu10min_740nm_3024mW_u1_poc0p2_20x0p75NA_535s50_g70_z1_256pix_basicFLIM_120f_0006.sdt,20260501_KPC_fixed_dishes_on_SLIM,20260501,glu,KPCWT,3,6,535,56:22.6,,
3_KPCWT0430glu10min_740nm_3024mW_u1_poc0p2_20x0p75NA_457s50_g70_z1_256pix_basicFLIM_120f_0007.sdt,20260501_KPC_fixed_dishes_on_SLIM,20260501,glu,KPCWT,3,7,457,44:56.0,,
3_KPCWT0430glu10min_740nm_3024mW_u1_poc0p2_20x0p75NA_535s50_g70_z1_256pix_basicFLIM_120f_0007.sdt,20260501_KPC_fixed_dishes_on_SLIM,20260501,glu,KPCWT,3,7,535,57:33.1,,
3_KPCWT0430glu10min_740nm_3024mW_u1_poc0p2_20x0p75NA_457s50_g70_z1_256pix_basicFLIM_120f_0008.sdt,20260501_KPC_fixed_dishes_on_SLIM,20260501,glu,KPCWT,3,8,457,46:04.5,,
3_KPCWT0430glu10min_740nm_3024mW_u1_poc0p2_20x0p75NA_535s50_g70_z1_256pix_basicFLIM_120f_0008.sdt,20260501_KPC_fixed_dishes_on_SLIM,20260501,glu,KPCWT,3,8,535,58:41.8,,
3_KPCWT0430glu10min_740nm_3024mW_u1_poc0p2_20x0p75NA_457s50_g70_z1_256pix_basicFLIM_120f_0009.sdt,20260501_KPC_fixed_dishes_on_SLIM,20260501,glu,KPCWT,3,9,457,47:13.6,,
3_KPCWT0430glu10min_740nm_3024mW_u1_poc0p2_20x0p75NA_535s50_g70_z1_256pix_basicFLIM_120f_0009.sdt,20260501_KPC_fixed_dishes_on_SLIM,20260501,glu,KPCWT,3,9,535,59:51.2,,
4_BKO0430glu10min_740nm_3038mW_u1_poc0p2_20x0p75NA_457s50_g70_z1_256pix_basicFLIM_100f_0000.sdt,20260501_KPC_fixed_dishes_on_SLIM,20260501,glu,BKO,4,0,457,22:09.1,,
4_BKO0430glu10min_740nm_3024mW_u1_poc0p2_20x0p75NA_535s50_g70_z1_256pix_basicFLIM_60f_0000.sdt,20260501_KPC_fixed_dishes_on_SLIM,20260501,glu,BKO,4,0,535,09:00.7,,
4_BKO0430glu10min_740nm_3024mW_u1_poc0p2_20x0p75NA_535s50_g70_z1_256pix_basicFLIM_40f_0000.sdt,20260501_KPC_fixed_dishes_on_SLIM,20260501,glu,BKO,4,0,535,15:04.9,,
4_BKO0430glu10min_740nm_3038mW_u1_poc0p2_20x0p75NA_457s50_g70_z1_256pix_basicFLIM_100f_0001.sdt,20260501_KPC_fixed_dishes_on_SLIM,20260501,glu,BKO,4,1,457,23:07.4,,
4_BKO0430glu10min_740nm_3024mW_u1_poc0p2_20x0p75NA_535s50_g70_z1_256pix_basicFLIM_60f_0001.sdt,20260501_KPC_fixed_dishes_on_SLIM,20260501,glu,BKO,4,1,535,09:36.5,,
4_BKO0430glu10min_740nm_3024mW_u1_poc0p2_20x0p75NA_535s50_g70_z1_256pix_basicFLIM_40f_0001.sdt,20260501_KPC_fixed_dishes_on_SLIM,20260501,glu,BKO,4,1,535,15:29.6,,
4_BKO0430glu10min_740nm_3038mW_u1_poc0p2_20x0p75NA_457s50_g70_z1_256pix_basicFLIM_100f_0002.sdt,20260501_KPC_fixed_dishes_on_SLIM,20260501,glu,BKO,4,2,457,24:05.5,,
4_BKO0430glu10min_740nm_3024mW_u1_poc0p2_20x0p75NA_535s50_g70_z1_256pix_basicFLIM_60f_0002.sdt,20260501_KPC_fixed_dishes_on_SLIM,20260501,glu,BKO,4,2,535,10:12.0,,
4_BKO0430glu10min_740nm_3024mW_u1_poc0p2_20x0p75NA_535s50_g70_z1_256pix_basicFLIM_40f_0002.sdt,20260501_KPC_fixed_dishes_on_SLIM,20260501,glu,BKO,4,2,535,15:53.9,,
4_BKO0430glu10min_740nm_3038mW_u1_poc0p2_20x0p75NA_457s50_g70_z1_256pix_basicFLIM_100f_0003.sdt,20260501_KPC_fixed_dishes_on_SLIM,20260501,glu,BKO,4,3,457,25:02.9,,
4_BKO0430glu10min_740nm_3024mW_u1_poc0p2_20x0p75NA_535s50_g70_z1_256pix_basicFLIM_60f_0003.sdt,20260501_KPC_fixed_dishes_on_SLIM,20260501,glu,BKO,4,3,535,10:47.0,,
4_BKO0430glu10min_740nm_3024mW_u1_poc0p2_20x0p75NA_535s50_g70_z1_256pix_basicFLIM_40f_0003.sdt,20260501_KPC_fixed_dishes_on_SLIM,20260501,glu,BKO,4,3,535,16:17.8,,
4_BKO0430glu10min_740nm_3038mW_u1_poc0p2_20x0p75NA_457s50_g70_z1_256pix_basicFLIM_100f_0004.sdt,20260501_KPC_fixed_dishes_on_SLIM,20260501,glu,BKO,4,4,457,26:01.2,,
4_BKO0430glu10min_740nm_3024mW_u1_poc0p2_20x0p75NA_535s50_g70_z1_256pix_basicFLIM_60f_0004.sdt,20260501_KPC_fixed_dishes_on_SLIM,20260501,glu,BKO,4,4,535,11:22.9,,
4_BKO0430glu10min_740nm_3024mW_u1_poc0p2_20x0p75NA_535s50_g70_z1_256pix_basicFLIM_40f_0004.sdt,20260501_KPC_fixed_dishes_on_SLIM,20260501,glu,BKO,4,4,535,16:42.7,,
4_BKO0430glu10min_740nm_3038mW_u1_poc0p2_20x0p75NA_457s50_g70_z1_256pix_basicFLIM_100f_0005.sdt,20260501_KPC_fixed_dishes_on_SLIM,20260501,glu,BKO,4,5,457,26:59.2,,
4_BKO0430glu10min_740nm_3024mW_u1_poc0p2_20x0p75NA_535s50_g70_z1_256pix_basicFLIM_60f_0005.sdt,20260501_KPC_fixed_dishes_on_SLIM,20260501,glu,BKO,4,5,535,11:58.5,,
4_BKO0430glu10min_740nm_3024mW_u1_poc0p2_20x0p75NA_535s50_g70_z1_256pix_basicFLIM_40f_0005.sdt,20260501_KPC_fixed_dishes_on_SLIM,20260501,glu,BKO,4,5,535,17:07.1,,
4_BKO0430glu10min_740nm_3038mW_u1_poc0p2_20x0p75NA_457s50_g70_z1_256pix_basicFLIM_100f_0006.sdt,20260501_KPC_fixed_dishes_on_SLIM,20260501,glu,BKO,4,6,457,27:57.9,,
4_BKO0430glu10min_740nm_3024mW_u1_poc0p2_20x0p75NA_535s50_g70_z1_256pix_basicFLIM_60f_0006.sdt,20260501_KPC_fixed_dishes_on_SLIM,20260501,glu,BKO,4,6,535,12:34.9,,
4_BKO0430glu10min_740nm_3024mW_u1_poc0p2_20x0p75NA_535s50_g70_z1_256pix_basicFLIM_40f_0006.sdt,20260501_KPC_fixed_dishes_on_SLIM,20260501,glu,BKO,4,6,535,17:32.2,,
4_BKO0430glu10min_740nm_3038mW_u1_poc0p2_20x0p75NA_457s50_g70_z1_256pix_basicFLIM_100f_0007.sdt,20260501_KPC_fixed_dishes_on_SLIM,20260501,glu,BKO,4,7,457,28:56.9,,
4_BKO0430glu10min_740nm_3024mW_u1_poc0p2_20x0p75NA_535s50_g70_z1_256pix_basicFLIM_60f_0007.sdt,20260501_KPC_fixed_dishes_on_SLIM,20260501,glu,BKO,4,7,535,13:11.4,,
4_BKO0430glu10min_740nm_3024mW_u1_poc0p2_20x0p75NA_535s50_g70_z1_256pix_basicFLIM_40f_0007.sdt,20260501_KPC_fixed_dishes_on_SLIM,20260501,glu,BKO,4,7,535,17:57.6,,
4_BKO0430glu10min_740nm_3038mW_u1_poc0p2_20x0p75NA_457s50_g70_z1_256pix_basicFLIM_100f_0008.sdt,20260501_KPC_fixed_dishes_on_SLIM,20260501,glu,BKO,4,8,457,29:54.4,,
4_BKO0430glu10min_740nm_3024mW_u1_poc0p2_20x0p75NA_535s50_g70_z1_256pix_basicFLIM_60f_0008.sdt,20260501_KPC_fixed_dishes_on_SLIM,20260501,glu,BKO,4,8,535,13:46.5,,
4_BKO0430glu10min_740nm_3024mW_u1_poc0p2_20x0p75NA_535s50_g70_z1_256pix_basicFLIM_40f_0008.sdt,20260501_KPC_fixed_dishes_on_SLIM,20260501,glu,BKO,4,8,535,18:21.4,,
4_BKO0430glu10min_740nm_3038mW_u1_poc0p2_20x0p75NA_457s50_g70_z1_256pix_basicFLIM_100f_0009.sdt,20260501_KPC_fixed_dishes_on_SLIM,20260501,glu,BKO,4,9,457,30:51.7,,
4_BKO0430glu10min_740nm_3024mW_u1_poc0p2_20x0p75NA_535s50_g70_z1_256pix_basicFLIM_60f_0009.sdt,20260501_KPC_fixed_dishes_on_SLIM,20260501,glu,BKO,4,9,535,14:21.4,,
4_BKO0430glu10min_740nm_3024mW_u1_poc0p2_20x0p75NA_535s50_g70_z1_256pix_basicFLIM_40f_0009.sdt,20260501_KPC_fixed_dishes_on_SLIM,20260501,glu,BKO,4,9,535,18:45.2,,
13_KPC_live_posn1_740nm_3040mW_u1_poc0p2_20x0p75NA_4570s50_g70_z1_256pix_basicFLIM_120f_0000.sdt,20260501_KPC_fixed_dishes_on_SLIM,20260501,live,KPCWT,13,0,457,36:09.0,,
13_KPC_live_posn1b_740nm_3040mW_u1_poc0p2_20x0p75NA_535s50_g70_z1_256pix_basicFLIM_120f_0000.sdt,20260501_KPC_fixed_dishes_on_SLIM,20260501,live,KPCWT,13,0,535,50:43.9,,
13_KPC_live_posn1_740nm_3040mW_u1_poc0p2_20x0p75NA_4570s50_g70_z1_256pix_basicFLIM_120f_0001.sdt,20260501_KPC_fixed_dishes_on_SLIM,20260501,live,KPCWT,13,1,457,37:17.0,,
13_KPC_live_posn1b_740nm_3040mW_u1_poc0p2_20x0p75NA_535s50_g70_z1_256pix_basicFLIM_120f_0001.sdt,20260501_KPC_fixed_dishes_on_SLIM,20260501,live,KPCWT,13,1,535,51:51.8,,
13_KPC_live_posn1_740nm_3040mW_u1_poc0p2_20x0p75NA_4570s50_g70_z1_256pix_basicFLIM_120f_0002.sdt,20260501_KPC_fixed_dishes_on_SLIM,20260501,live,KPCWT,13,2,457,38:24.8,,
13_KPC_live_posn1b_740nm_3040mW_u1_poc0p2_20x0p75NA_535s50_g70_z1_256pix_basicFLIM_120f_0002.sdt,20260501_KPC_fixed_dishes_on_SLIM,20260501,live,KPCWT,13,2,535,52:59.4,,
13_KPC_live_posn1_740nm_3040mW_u1_poc0p2_20x0p75NA_4570s50_g70_z1_256pix_basicFLIM_120f_0003.sdt,20260501_KPC_fixed_dishes_on_SLIM,20260501,live,KPCWT,13,3,457,39:32.5,,
13_KPC_live_posn1b_740nm_3040mW_u1_poc0p2_20x0p75NA_535s50_g70_z1_256pix_basicFLIM_120f_0003.sdt,20260501_KPC_fixed_dishes_on_SLIM,20260501,live,KPCWT,13,3,535,54:07.3,,
14_KPC_live_posn2_740nm_3040mW_u1_poc0p2_20x0p75NA_457s50_g70_z1_256pix_basicFLIM_120f_0000.sdt,20260501_KPC_fixed_dishes_on_SLIM,20260501,live,KPCWT,14,0,457,05:14.2,,
14_KPC_live_posn2_740nm_3040mW_u1_poc0p2_20x0p75NA_535s50_g70_z1_256pix_basicFLIM_120f_0000.sdt,20260501_KPC_fixed_dishes_on_SLIM,20260501,live,KPCWT,14,0,535,00:37.4,,
14_KPC_live_posn2_740nm_3040mW_u1_poc0p2_20x0p75NA_457s50_g70_z1_256pix_basicFLIM_120f_0001.sdt,20260501_KPC_fixed_dishes_on_SLIM,20260501,live,KPCWT,14,1,457,06:22.1,,
14_KPC_live_posn2_740nm_3040mW_u1_poc0p2_20x0p75NA_535s50_g70_z1_256pix_basicFLIM_120f_0001.sdt,20260501_KPC_fixed_dishes_on_SLIM,20260501,live,KPCWT,14,1,535,01:45.3,,
14_KPC_live_posn2_740nm_3040mW_u1_poc0p2_20x0p75NA_457s50_g70_z1_256pix_basicFLIM_120f_0002.sdt,20260501_KPC_fixed_dishes_on_SLIM,20260501,live,KPCWT,14,2,457,07:30.0,,
14_KPC_live_posn2_740nm_3040mW_u1_poc0p2_20x0p75NA_535s50_g70_z1_256pix_basicFLIM_120f_0002.sdt,20260501_KPC_fixed_dishes_on_SLIM,20260501,live,KPCWT,14,2,535,02:53.2,,
15_KPC_live_posn3_740nm_3040mW_u1_poc0p2_20x0p75NA_457s50_g70_z1_256pix_basicFLIM_120f_0000.sdt,20260501_KPC_fixed_dishes_on_SLIM,20260501,live,KPCWT,15,0,457,13:43.3,,
15_KPC_live_posn3_740nm_3040mW_u1_poc0p2_20x0p75NA_535s50_g70_z1_256pix_basicFLIM_120f_0000.sdt,20260501_KPC_fixed_dishes_on_SLIM,20260501,live,KPCWT,15,0,535,20:31.2,,
15_KPC_live_posn3_740nm_3040mW_u1_poc0p2_20x0p75NA_457s50_g70_z1_256pix_basicFLIM_120f_0001.sdt,20260501_KPC_fixed_dishes_on_SLIM,20260501,live,KPCWT,15,1,457,14:51.2,,
15_KPC_live_posn3_740nm_3040mW_u1_poc0p2_20x0p75NA_535s50_g70_z1_256pix_basicFLIM_120f_0001.sdt,20260501_KPC_fixed_dishes_on_SLIM,20260501,live,KPCWT,15,1,535,21:39.1,,
15_KPC_live_posn3_740nm_3040mW_u1_poc0p2_20x0p75NA_457s50_g70_z1_256pix_basicFLIM_120f_0002.sdt,20260501_KPC_fixed_dishes_on_SLIM,20260501,live,KPCWT,15,2,457,15:59.0,,
15_KPC_live_posn3_740nm_3040mW_u1_poc0p2_20x0p75NA_535s50_g70_z1_256pix_basicFLIM_120f_0002.sdt,20260501_KPC_fixed_dishes_on_SLIM,20260501,live,KPCWT,15,2,535,22:46.6,,
15_KPC_live_posn3_740nm_3040mW_u1_poc0p2_20x0p75NA_457s50_g70_z1_256pix_basicFLIM_120f_0003.sdt,20260501_KPC_fixed_dishes_on_SLIM,20260501,live,KPCWT,15,3,457,17:06.9,,
15_KPC_live_posn3_740nm_3040mW_u1_poc0p2_20x0p75NA_535s50_g70_z1_256pix_basicFLIM_120f_0003.sdt,20260501_KPC_fixed_dishes_on_SLIM,20260501,live,KPCWT,15,3,535,23:54.1,,
15_KPC_live_posn3_740nm_3040mW_u1_poc0p2_20x0p75NA_457s50_g70_z1_256pix_basicFLIM_120f_0004.sdt,20260501_KPC_fixed_dishes_on_SLIM,20260501,live,KPCWT,15,4,457,18:14.7,,
15_KPC_live_posn3_740nm_3040mW_u1_poc0p2_20x0p75NA_535s50_g70_z1_256pix_basicFLIM_120f_0004.sdt,20260501_KPC_fixed_dishes_on_SLIM,20260501,live,KPCWT,15,4,535,25:02.0,,
16_KPC_live_posn4_740nm_3040mW_u1_poc0p2_20x0p75NA_457s50_g70_z1_256pix_basicFLIM_120f_0000.sdt,20260501_KPC_fixed_dishes_on_SLIM,20260501,live,KPCWT,16,0,457,43:17.6,,
16_KPC_live_posn4_740nm_3040mW_u1_poc0p2_20x0p75NA_535s50_g70_z1_256pix_basicFLIM_120f_0000.sdt,20260501_KPC_fixed_dishes_on_SLIM,20260501,live,KPCWT,16,0,535,37:32.7,,
16_KPC_live_posn4_740nm_3040mW_u1_poc0p2_20x0p75NA_457s50_g70_z1_256pix_basicFLIM_120f_0001.sdt,20260501_KPC_fixed_dishes_on_SLIM,20260501,live,KPCWT,16,1,457,44:25.5,,
16_KPC_live_posn4_740nm_3040mW_u1_poc0p2_20x0p75NA_535s50_g70_z1_256pix_basicFLIM_120f_0001.sdt,20260501_KPC_fixed_dishes_on_SLIM,20260501,live,KPCWT,16,1,535,38:40.3,,
16_KPC_live_posn4_740nm_3040mW_u1_poc0p2_20x0p75NA_457s50_g70_z1_256pix_basicFLIM_120f_0002.sdt,20260501_KPC_fixed_dishes_on_SLIM,20260501,live,KPCWT,16,2,457,45:33.3,,
16_KPC_live_posn4_740nm_3040mW_u1_poc0p2_20x0p75NA_535s50_g70_z1_256pix_basicFLIM_120f_0002.sdt,20260501_KPC_fixed_dishes_on_SLIM,20260501,live,KPCWT,16,2,535,39:48.2,,
16_KPC_live_posn4_740nm_3040mW_u1_poc0p2_20x0p75NA_457s50_g70_z1_256pix_basicFLIM_120f_0003.sdt,20260501_KPC_fixed_dishes_on_SLIM,20260501,live,KPCWT,16,3,457,46:41.2,,
16_KPC_live_posn4_740nm_3040mW_u1_poc0p2_20x0p75NA_535s50_g70_z1_256pix_basicFLIM_120f_0003.sdt,20260501_KPC_fixed_dishes_on_SLIM,20260501,live,KPCWT,16,3,535,40:56.2,,
17_KPC_live_posn5_740nm_3040mW_u1_poc0p2_20x0p75NA_457s50_g70_z1_256pix_basicFLIM_120f_0000.sdt,20260501_KPC_fixed_dishes_on_SLIM,20260501,live,KPCWT,17,0,457,55:20.7,,
17_KPC_live_posn5_740nm_3040mW_u1_poc0p2_20x0p75NA_535s50_g70_z1_256pix_basicFLIM_120f_0000.sdt,20260501_KPC_fixed_dishes_on_SLIM,20260501,live,KPCWT,17,0,535,02:51.2,,
17_KPC_live_posn5_740nm_3040mW_u1_poc0p2_20x0p75NA_457s50_g70_z1_256pix_basicFLIM_120f_0001.sdt,20260501_KPC_fixed_dishes_on_SLIM,20260501,live,KPCWT,17,1,457,56:28.4,,
17_KPC_live_posn5_740nm_3040mW_u1_poc0p2_20x0p75NA_535s50_g70_z1_256pix_basicFLIM_120f_0001.sdt,20260501_KPC_fixed_dishes_on_SLIM,20260501,live,KPCWT,17,1,535,03:59.2,,
17_KPC_live_posn5_740nm_3040mW_u1_poc0p2_20x0p75NA_457s50_g70_z1_256pix_basicFLIM_120f_0002.sdt,20260501_KPC_fixed_dishes_on_SLIM,20260501,live,KPCWT,17,2,457,57:36.5,,
17_KPC_live_posn5_740nm_3040mW_u1_poc0p2_20x0p75NA_535s50_g70_z1_256pix_basicFLIM_120f_0002.sdt,20260501_KPC_fixed_dishes_on_SLIM,20260501,live,KPCWT,17,2,535,05:07.4,,
17_KPC_live_posn5_740nm_3040mW_u1_poc0p2_20x0p75NA_457s50_g70_z1_256pix_basicFLIM_120f_0003.sdt,20260501_KPC_fixed_dishes_on_SLIM,20260501,live,KPCWT,17,3,457,58:44.1,,
17_KPC_live_posn5_740nm_3040mW_u1_poc0p2_20x0p75NA_535s50_g70_z1_256pix_basicFLIM_120f_0003.sdt,20260501_KPC_fixed_dishes_on_SLIM,20260501,live,KPCWT,17,3,535,06:15.4,,
17_KPC_live_posn5_740nm_3040mW_u1_poc0p2_20x0p75NA_457s50_g70_z1_256pix_basicFLIM_120f_0004.sdt,20260501_KPC_fixed_dishes_on_SLIM,20260501,live,KPCWT,17,4,457,59:52.8,,
17_KPC_live_posn5_740nm_3040mW_u1_poc0p2_20x0p75NA_535s50_g70_z1_256pix_basicFLIM_120f_0004.sdt,20260501_KPC_fixed_dishes_on_SLIM,20260501,live,KPCWT,17,4,535,07:23.6,,
3_KPCWTform20min_740nm_3006mW_u1_poc0p25_20x0p75NA_475s50_g70_z1_256pix_basicFLIM_120f_0000.sdt,20260509_KPC_fixed_dishes_on_SLIM,20260509,form,KPCWT,3,0,457,49:24.0,,
3_KPCWTform20min_740nm_3006mW_u1_poc0p6_20x0p75NA_457s50_g70_z1_256pix_basicFLIM_120f_0000.sdt,20260509_KPC_fixed_dishes_on_SLIM,20260509,form,KPCWT,3,0,457,32:29.1,,
3_KPCWTform20min_740nm_3006mW_u1_poc0p25_20x0p75NA_535s50_g70_z1_256pix_basicFLIM_120f_0000.sdt,20260509_KPC_fixed_dishes_on_SLIM,20260509,form,KPCWT,3,0,535,04:45.5,,
3_KPCWTform20min_740nm_3006mW_u1_poc0p25_20x0p75NA_475s50_g70_z1_256pix_basicFLIM_120f_0001.sdt,20260509_KPC_fixed_dishes_on_SLIM,20260509,form,KPCWT,3,1,457,50:31.7,,
3_KPCWTform20min_740nm_3006mW_u1_poc0p6_20x0p75NA_457s50_g70_z1_256pix_basicFLIM_120f_0001.sdt,20260509_KPC_fixed_dishes_on_SLIM,20260509,form,KPCWT,3,1,457,33:37.3,,
3_KPCWTform20min_740nm_3006mW_u1_poc0p25_20x0p75NA_535s50_g70_z1_256pix_basicFLIM_120f_0001.sdt,20260509_KPC_fixed_dishes_on_SLIM,20260509,form,KPCWT,3,1,535,05:53.3,,
3_KPCWTform20min_740nm_3006mW_u1_poc0p25_20x0p75NA_475s50_g70_z1_256pix_basicFLIM_120f_0002.sdt,20260509_KPC_fixed_dishes_on_SLIM,20260509,form,KPCWT,3,2,457,51:40.0,,
3_KPCWTform20min_740nm_3006mW_u1_poc0p6_20x0p75NA_457s50_g70_z1_256pix_basicFLIM_120f_0002.sdt,20260509_KPC_fixed_dishes_on_SLIM,20260509,form,KPCWT,3,2,457,34:45.7,,
3_KPCWTform20min_740nm_3006mW_u1_poc0p25_20x0p75NA_535s50_g70_z1_256pix_basicFLIM_120f_0002.sdt,20260509_KPC_fixed_dishes_on_SLIM,20260509,form,KPCWT,3,2,535,07:01.7,,
3_KPCWTform20min_740nm_3006mW_u1_poc0p25_20x0p75NA_475s50_g70_z1_256pix_basicFLIM_120f_0003.sdt,20260509_KPC_fixed_dishes_on_SLIM,20260509,form,KPCWT,3,3,457,52:48.5,,
3_KPCWTform20min_740nm_3006mW_u1_poc0p6_20x0p75NA_457s50_g70_z1_256pix_basicFLIM_120f_0003.sdt,20260509_KPC_fixed_dishes_on_SLIM,20260509,form,KPCWT,3,3,457,35:54.7,,
3_KPCWTform20min_740nm_3006mW_u1_poc0p25_20x0p75NA_535s50_g70_z1_256pix_basicFLIM_120f_0003.sdt,20260509_KPC_fixed_dishes_on_SLIM,20260509,form,KPCWT,3,3,535,08:10.1,,
3_KPCWTform20min_740nm_3006mW_u1_poc0p25_20x0p75NA_475s50_g70_z1_256pix_basicFLIM_120f_0004.sdt,20260509_KPC_fixed_dishes_on_SLIM,20260509,form,KPCWT,3,4,457,53:56.7,,
3_KPCWTform20min_740nm_3006mW_u1_poc0p6_20x0p75NA_457s50_g70_z1_256pix_basicFLIM_120f_0004.sdt,20260509_KPC_fixed_dishes_on_SLIM,20260509,form,KPCWT,3,4,457,37:03.2,,
3_KPCWTform20min_740nm_3006mW_u1_poc0p25_20x0p75NA_535s50_g70_z1_256pix_basicFLIM_120f_0004.sdt,20260509_KPC_fixed_dishes_on_SLIM,20260509,form,KPCWT,3,4,535,09:18.4,,
3_KPCWTform20min_740nm_3006mW_u1_poc0p25_20x0p75NA_475s50_g70_z1_256pix_basicFLIM_120f_0005.sdt,20260509_KPC_fixed_dishes_on_SLIM,20260509,form,KPCWT,3,5,457,55:05.2,,
3_KPCWTform20min_740nm_3006mW_u1_poc0p6_20x0p75NA_457s50_g70_z1_256pix_basicFLIM_120f_0005.sdt,20260509_KPC_fixed_dishes_on_SLIM,20260509,form,KPCWT,3,5,457,38:12.0,,
3_KPCWTform20min_740nm_3006mW_u1_poc0p25_20x0p75NA_535s50_g70_z1_256pix_basicFLIM_120f_0005.sdt,20260509_KPC_fixed_dishes_on_SLIM,20260509,form,KPCWT,3,5,535,10:26.9,,
3_KPCWTform20min_740nm_3006mW_u1_poc0p25_20x0p75NA_475s50_g70_z1_256pix_basicFLIM_120f_0006.sdt,20260509_KPC_fixed_dishes_on_SLIM,20260509,form,KPCWT,3,6,457,56:13.7,,
3_KPCWTform20min_740nm_3006mW_u1_poc0p6_20x0p75NA_457s50_g70_z1_256pix_basicFLIM_120f_0006.sdt,20260509_KPC_fixed_dishes_on_SLIM,20260509,form,KPCWT,3,6,457,39:20.8,,
3_KPCWTform20min_740nm_3006mW_u1_poc0p25_20x0p75NA_535s50_g70_z1_256pix_basicFLIM_120f_0006.sdt,20260509_KPC_fixed_dishes_on_SLIM,20260509,form,KPCWT,3,6,535,11:35.2,,
3_KPCWTform20min_740nm_3006mW_u1_poc0p25_20x0p75NA_475s50_g70_z1_256pix_basicFLIM_120f_0007.sdt,20260509_KPC_fixed_dishes_on_SLIM,20260509,form,KPCWT,3,7,457,57:22.4,,
3_KPCWTform20min_740nm_3006mW_u1_poc0p6_20x0p75NA_457s50_g70_z1_256pix_basicFLIM_120f_0007.sdt,20260509_KPC_fixed_dishes_on_SLIM,20260509,form,KPCWT,3,7,457,40:29.6,,
3_KPCWTform20min_740nm_3006mW_u1_poc0p25_20x0p75NA_535s50_g70_z1_256pix_basicFLIM_120f_0007.sdt,20260509_KPC_fixed_dishes_on_SLIM,20260509,form,KPCWT,3,7,535,12:43.9,,
3_KPCWTform20min_740nm_3006mW_u1_poc0p25_20x0p75NA_475s50_g70_z1_256pix_basicFLIM_120f_0008.sdt,20260509_KPC_fixed_dishes_on_SLIM,20260509,form,KPCWT,3,8,457,58:30.6,,
3_KPCWTform20min_740nm_3006mW_u1_poc0p6_20x0p75NA_457s50_g70_z1_256pix_basicFLIM_120f_0008.sdt,20260509_KPC_fixed_dishes_on_SLIM,20260509,form,KPCWT,3,8,457,41:37.5,,
3_KPCWTform20min_740nm_3006mW_u1_poc0p25_20x0p75NA_535s50_g70_z1_256pix_basicFLIM_120f_0008.sdt,20260509_KPC_fixed_dishes_on_SLIM,20260509,form,KPCWT,3,8,535,13:51.7,,
3_KPCWTform20min_740nm_3006mW_u1_poc0p25_20x0p75NA_475s50_g70_z1_256pix_basicFLIM_120f_0009.sdt,20260509_KPC_fixed_dishes_on_SLIM,20260509,form,KPCWT,3,9,457,59:39.1,,
3_KPCWTform20min_740nm_3006mW_u1_poc0p6_20x0p75NA_457s50_g70_z1_256pix_basicFLIM_120f_0009.sdt,20260509_KPC_fixed_dishes_on_SLIM,20260509,form,KPCWT,3,9,457,42:46.5,,
3_KPCWTform20min_740nm_3006mW_u1_poc0p25_20x0p75NA_535s50_g70_z1_256pix_basicFLIM_120f_0009.sdt,20260509_KPC_fixed_dishes_on_SLIM,20260509,form,KPCWT,3,9,535,15:00.4,,
3_KPCWTform20min_740nm_3006mW_u1_poc0p25_20x0p75NA_475s50_g70_z1_256pix_basicFLIM_120f_0010.sdt,20260509_KPC_fixed_dishes_on_SLIM,20260509,form,KPCWT,3,10,457,00:47.1,,
3_KPCWTform20min_740nm_3006mW_u1_poc0p6_20x0p75NA_457s50_g70_z1_256pix_basicFLIM_120f_0010.sdt,20260509_KPC_fixed_dishes_on_SLIM,20260509,form,KPCWT,3,10,457,43:54.8,,
3_KPCWTform20min_740nm_3006mW_u1_poc0p25_20x0p75NA_535s50_g70_z1_256pix_basicFLIM_120f_0010.sdt,20260509_KPC_fixed_dishes_on_SLIM,20260509,form,KPCWT,3,10,535,16:08.6,,
3_KPCWTform20min_740nm_3006mW_u1_poc0p25_20x0p75NA_475s50_g70_z1_256pix_basicFLIM_120f_0011.sdt,20260509_KPC_fixed_dishes_on_SLIM,20260509,form,KPCWT,3,11,457,01:56.9,,
3_KPCWTform20min_740nm_3006mW_u1_poc0p6_20x0p75NA_457s50_g70_z1_256pix_basicFLIM_120f_0011.sdt,20260509_KPC_fixed_dishes_on_SLIM,20260509,form,KPCWT,3,11,457,45:04.1,,
3_KPCWTform20min_740nm_3006mW_u1_poc0p25_20x0p75NA_535s50_g70_z1_256pix_basicFLIM_120f_0011.sdt,20260509_KPC_fixed_dishes_on_SLIM,20260509,form,KPCWT,3,11,535,17:17.9,,
3_KPCWTform20min_740nm_3006mW_u1_poc0p6_20x0p75NA_457s50_g70_z1_256pix_basicFLIM_120f_0012.sdt,20260509_KPC_fixed_dishes_on_SLIM,20260509,form,KPCWT,3,12,457,11:11.6,,
3_KPCWTform20min_740nm_3006mW_u1_poc0p6_20x0p75NA_457s50_g70_z1_256pix_basicFLIM_120f_0013.sdt,20260509_KPC_fixed_dishes_on_SLIM,20260509,form,KPCWT,3,13,457,12:19.7,,
3_KPCWTform20min_740nm_3006mW_u1_poc0p6_20x0p75NA_457s50_g70_z1_256pix_basicFLIM_120f_0014.sdt,20260509_KPC_fixed_dishes_on_SLIM,20260509,form,KPCWT,3,14,457,13:28.0,,
3_KPCWTform20min_740nm_3006mW_u1_poc0p6_20x0p75NA_457s50_g70_z1_256pix_basicFLIM_120f_0015.sdt,20260509_KPC_fixed_dishes_on_SLIM,20260509,form,KPCWT,3,15,457,14:36.9,,
3_KPCWTform20min_740nm_3006mW_u1_poc0p6_20x0p75NA_457s50_g70_z1_256pix_basicFLIM_120f_0016.sdt,20260509_KPC_fixed_dishes_on_SLIM,20260509,form,KPCWT,3,16,457,15:45.6,,
3_KPCWTform20min_740nm_3006mW_u1_poc0p6_20x0p75NA_457s50_g70_z1_256pix_basicFLIM_120f_0017.sdt,20260509_KPC_fixed_dishes_on_SLIM,20260509,form,KPCWT,3,17,457,16:54.6,,
3_KPCWTform20min_740nm_3006mW_u1_poc0p6_20x0p75NA_457s50_g70_z1_256pix_basicFLIM_120f_0018.sdt,20260509_KPC_fixed_dishes_on_SLIM,20260509,form,KPCWT,3,18,457,18:03.3,,
3_KPCWTform20min_740nm_3006mW_u1_poc0p6_20x0p75NA_457s50_g70_z1_256pix_basicFLIM_120f_0019.sdt,20260509_KPC_fixed_dishes_on_SLIM,20260509,form,KPCWT,3,19,457,19:12.2,,
3_KPCWTform20min_740nm_3006mW_u1_poc0p6_20x0p75NA_457s50_g70_z1_256pix_basicFLIM_120f_0020.sdt,20260509_KPC_fixed_dishes_on_SLIM,20260509,form,KPCWT,3,20,457,20:20.2,,
3_KPCWTform20min_740nm_3006mW_u1_poc0p6_20x0p75NA_457s50_g70_z1_256pix_basicFLIM_120f_0021.sdt,20260509_KPC_fixed_dishes_on_SLIM,20260509,form,KPCWT,3,21,457,21:29.2,,
3_KPCWTform20min_740nm_3006mW_u1_poc0p6_20x0p75NA_457s50_g70_z1_256pix_basicFLIM_120f_0022.sdt,20260509_KPC_fixed_dishes_on_SLIM,20260509,form,KPCWT,3,22,457,22:37.3,,
3_KPCWTform20min_740nm_3006mW_u1_poc0p6_20x0p75NA_457s50_g70_z1_256pix_basicFLIM_120f_0023.sdt,20260509_KPC_fixed_dishes_on_SLIM,20260509,form,KPCWT,3,23,457,23:46.7,,
4_BKOCO2form20min_740nm_2995mW_u1_poc0p25_20x0p75NA_457s50_g70_z1_256pix_basicFLIM_120f_0000.sdt,20260509_KPC_fixed_dishes_on_SLIM,20260509,form,BKO,4,0,457,52:24.9,,
4_BKOCO2form20min_740nm_2995mW_u1_poc0p6_20x0p75NA_457s50_g70_z1_256pix_basicFLIM_120f_0000.sdt,20260509_KPC_fixed_dishes_on_SLIM,20260509,form,BKO,4,0,457,44:08.9,,
4_BKOCO2form20min_740nm_2995mW_u1_poc0p25_20x0p75NA_535s50_g70_z1_256pix_basicFLIM_120f_0000.sdt,20260509_KPC_fixed_dishes_on_SLIM,20260509,form,BKO,4,0,535,22:24.9,,
4_BKOCO2form20min_740nm_2995mW_u1_poc0p6_20x0p75NA_535s50_g70_z1_256pix_basicFLIM_120f_0000.sdt,20260509_KPC_fixed_dishes_on_SLIM,20260509,form,BKO,4,0,535,13:07.4,,
4_BKOCO2form20min_740nm_2995mW_u1_poc0p25_20x0p75NA_457s50_g70_z1_256pix_basicFLIM_120f_0001.sdt,20260509_KPC_fixed_dishes_on_SLIM,20260509,form,BKO,4,1,457,53:33.7,,
4_BKOCO2form20min_740nm_2995mW_u1_poc0p6_20x0p75NA_457s50_g70_z1_256pix_basicFLIM_120f_0001.sdt,20260509_KPC_fixed_dishes_on_SLIM,20260509,form,BKO,4,1,457,45:17.8,,
4_BKOCO2form20min_740nm_2995mW_u1_poc0p25_20x0p75NA_535s50_g70_z1_256pix_basicFLIM_120f_0001.sdt,20260509_KPC_fixed_dishes_on_SLIM,20260509,form,BKO,4,1,535,23:33.7,,
4_BKOCO2form20min_740nm_2995mW_u1_poc0p6_20x0p75NA_535s50_g70_z1_256pix_basicFLIM_120f_0001.sdt,20260509_KPC_fixed_dishes_on_SLIM,20260509,form,BKO,4,1,535,14:16.3,,
4_BKOCO2form20min_740nm_2995mW_u1_poc0p25_20x0p75NA_457s50_g70_z1_256pix_basicFLIM_120f_0002.sdt,20260509_KPC_fixed_dishes_on_SLIM,20260509,form,BKO,4,2,457,54:41.9,,
4_BKOCO2form20min_740nm_2995mW_u1_poc0p6_20x0p75NA_457s50_g70_z1_256pix_basicFLIM_120f_0002.sdt,20260509_KPC_fixed_dishes_on_SLIM,20260509,form,BKO,4,2,457,46:26.3,,
4_BKOCO2form20min_740nm_2995mW_u1_poc0p25_20x0p75NA_535s50_g70_z1_256pix_basicFLIM_120f_0002.sdt,20260509_KPC_fixed_dishes_on_SLIM,20260509,form,BKO,4,2,535,24:42.1,,
4_BKOCO2form20min_740nm_2995mW_u1_poc0p6_20x0p75NA_535s50_g70_z1_256pix_basicFLIM_120f_0002.sdt,20260509_KPC_fixed_dishes_on_SLIM,20260509,form,BKO,4,2,535,15:25.2,,
4_BKOCO2form20min_740nm_2995mW_u1_poc0p25_20x0p75NA_457s50_g70_z1_256pix_basicFLIM_120f_0003.sdt,20260509_KPC_fixed_dishes_on_SLIM,20260509,form,BKO,4,3,457,55:50.3,,
4_BKOCO2form20min_740nm_2995mW_u1_poc0p6_20x0p75NA_457s50_g70_z1_256pix_basicFLIM_120f_0003.sdt,20260509_KPC_fixed_dishes_on_SLIM,20260509,form,BKO,4,3,457,47:34.8,,
4_BKOCO2form20min_740nm_2995mW_u1_poc0p25_20x0p75NA_535s50_g70_z1_256pix_basicFLIM_120f_0003.sdt,20260509_KPC_fixed_dishes_on_SLIM,20260509,form,BKO,4,3,535,25:50.4,,
4_BKOCO2form20min_740nm_2995mW_u1_poc0p6_20x0p75NA_535s50_g70_z1_256pix_basicFLIM_120f_0003.sdt,20260509_KPC_fixed_dishes_on_SLIM,20260509,form,BKO,4,3,535,16:33.7,,
4_BKOCO2form20min_740nm_2995mW_u1_poc0p25_20x0p75NA_457s50_g70_z1_256pix_basicFLIM_120f_0004.sdt,20260509_KPC_fixed_dishes_on_SLIM,20260509,form,BKO,4,4,457,56:58.8,,
4_BKOCO2form20min_740nm_2995mW_u1_poc0p6_20x0p75NA_457s50_g70_z1_256pix_basicFLIM_120f_0004.sdt,20260509_KPC_fixed_dishes_on_SLIM,20260509,form,BKO,4,4,457,48:43.8,,
4_BKOCO2form20min_740nm_2995mW_u1_poc0p25_20x0p75NA_535s50_g70_z1_256pix_basicFLIM_120f_0004.sdt,20260509_KPC_fixed_dishes_on_SLIM,20260509,form,BKO,4,4,535,26:59.4,,
4_BKOCO2form20min_740nm_2995mW_u1_poc0p6_20x0p75NA_535s50_g70_z1_256pix_basicFLIM_120f_0004.sdt,20260509_KPC_fixed_dishes_on_SLIM,20260509,form,BKO,4,4,535,17:42.4,,
4_BKOCO2form20min_740nm_2995mW_u1_poc0p25_20x0p75NA_457s50_g70_z1_256pix_basicFLIM_120f_0005.sdt,20260509_KPC_fixed_dishes_on_SLIM,20260509,form,BKO,4,5,457,58:07.1,,
4_BKOCO2form20min_740nm_2995mW_u1_poc0p6_20x0p75NA_457s50_g70_z1_256pix_basicFLIM_120f_0005.sdt,20260509_KPC_fixed_dishes_on_SLIM,20260509,form,BKO,4,5,457,49:52.2,,
4_BKOCO2form20min_740nm_2995mW_u1_poc0p25_20x0p75NA_535s50_g70_z1_256pix_basicFLIM_120f_0005.sdt,20260509_KPC_fixed_dishes_on_SLIM,20260509,form,BKO,4,5,535,28:08.0,,
4_BKOCO2form20min_740nm_2995mW_u1_poc0p6_20x0p75NA_535s50_g70_z1_256pix_basicFLIM_120f_0005.sdt,20260509_KPC_fixed_dishes_on_SLIM,20260509,form,BKO,4,5,535,18:50.8,,
4_BKOCO2form20min_740nm_2995mW_u1_poc0p25_20x0p75NA_457s50_g70_z1_256pix_basicFLIM_120f_0006.sdt,20260509_KPC_fixed_dishes_on_SLIM,20260509,form,BKO,4,6,457,59:15.2,,
4_BKOCO2form20min_740nm_2995mW_u1_poc0p6_20x0p75NA_457s50_g70_z1_256pix_basicFLIM_120f_0006.sdt,20260509_KPC_fixed_dishes_on_SLIM,20260509,form,BKO,4,6,457,51:00.4,,
4_BKOCO2form20min_740nm_2995mW_u1_poc0p25_20x0p75NA_535s50_g70_z1_256pix_basicFLIM_120f_0006.sdt,20260509_KPC_fixed_dishes_on_SLIM,20260509,form,BKO,4,6,535,29:16.2,,
4_BKOCO2form20min_740nm_2995mW_u1_poc0p6_20x0p75NA_535s50_g70_z1_256pix_basicFLIM_120f_0006.sdt,20260509_KPC_fixed_dishes_on_SLIM,20260509,form,BKO,4,6,535,19:59.2,,
4_BKOCO2form20min_740nm_2995mW_u1_poc0p25_20x0p75NA_457s50_g70_z1_256pix_basicFLIM_120f_0007.sdt,20260509_KPC_fixed_dishes_on_SLIM,20260509,form,BKO,4,7,457,00:24.0,,
4_BKOCO2form20min_740nm_2995mW_u1_poc0p6_20x0p75NA_457s50_g70_z1_256pix_basicFLIM_120f_0007.sdt,20260509_KPC_fixed_dishes_on_SLIM,20260509,form,BKO,4,7,457,52:09.1,,
4_BKOCO2form20min_740nm_2995mW_u1_poc0p25_20x0p75NA_535s50_g70_z1_256pix_basicFLIM_120f_0007.sdt,20260509_KPC_fixed_dishes_on_SLIM,20260509,form,BKO,4,7,535,30:24.8,,
4_BKOCO2form20min_740nm_2995mW_u1_poc0p6_20x0p75NA_535s50_g70_z1_256pix_basicFLIM_120f_0007.sdt,20260509_KPC_fixed_dishes_on_SLIM,20260509,form,BKO,4,7,535,21:08.1,,
4_BKOCO2form20min_740nm_2995mW_u1_poc0p25_20x0p75NA_457s50_g70_z1_256pix_basicFLIM_120f_0008.sdt,20260509_KPC_fixed_dishes_on_SLIM,20260509,form,BKO,4,8,457,01:32.4,,
4_BKOCO2form20min_740nm_2995mW_u1_poc0p6_20x0p75NA_457s50_g70_z1_256pix_basicFLIM_120f_0008.sdt,20260509_KPC_fixed_dishes_on_SLIM,20260509,form,BKO,4,8,457,53:17.8,,
4_BKOCO2form20min_740nm_2995mW_u1_poc0p25_20x0p75NA_535s50_g70_z1_256pix_basicFLIM_120f_0008.sdt,20260509_KPC_fixed_dishes_on_SLIM,20260509,form,BKO,4,8,535,31:33.6,,
4_BKOCO2form20min_740nm_2995mW_u1_poc0p6_20x0p75NA_535s50_g70_z1_256pix_basicFLIM_120f_0008.sdt,20260509_KPC_fixed_dishes_on_SLIM,20260509,form,BKO,4,8,535,22:16.7,,
4_BKOCO2form20min_740nm_2995mW_u1_poc0p25_20x0p75NA_457s50_g70_z1_256pix_basicFLIM_120f_0009.sdt,20260509_KPC_fixed_dishes_on_SLIM,20260509,form,BKO,4,9,457,02:42.2,,
4_BKOCO2form20min_740nm_2995mW_u1_poc0p6_20x0p75NA_457s50_g70_z1_256pix_basicFLIM_120f_0009.sdt,20260509_KPC_fixed_dishes_on_SLIM,20260509,form,BKO,4,9,457,54:27.7,,
4_BKOCO2form20min_740nm_2995mW_u1_poc0p25_20x0p75NA_535s50_g70_z1_256pix_basicFLIM_120f_0009.sdt,20260509_KPC_fixed_dishes_on_SLIM,20260509,form,BKO,4,9,535,32:43.9,,
4_BKOCO2form20min_740nm_2995mW_u1_poc0p6_20x0p75NA_535s50_g70_z1_256pix_basicFLIM_120f_0009.sdt,20260509_KPC_fixed_dishes_on_SLIM,20260509,form,BKO,4,9,535,23:26.5,,
4_BKOCO2form20min_740nm_2995mW_u1_poc0p25_20x0p75NA_457s50_g70_z1_256pix_basicFLIM_120f_0010.sdt,20260509_KPC_fixed_dishes_on_SLIM,20260509,form,BKO,4,10,457,03:51.2,,
4_BKOCO2form20min_740nm_2995mW_u1_poc0p6_20x0p75NA_457s50_g70_z1_256pix_basicFLIM_120f_0010.sdt,20260509_KPC_fixed_dishes_on_SLIM,20260509,form,BKO,4,10,457,55:36.8,,
4_BKOCO2form20min_740nm_2995mW_u1_poc0p25_20x0p75NA_535s50_g70_z1_256pix_basicFLIM_120f_0010.sdt,20260509_KPC_fixed_dishes_on_SLIM,20260509,form,BKO,4,10,535,33:53.3,,
4_BKOCO2form20min_740nm_2995mW_u1_poc0p6_20x0p75NA_535s50_g70_z1_256pix_basicFLIM_120f_0010.sdt,20260509_KPC_fixed_dishes_on_SLIM,20260509,form,BKO,4,10,535,24:35.5,,
4_BKOCO2form20min_740nm_2995mW_u1_poc0p25_20x0p75NA_457s50_g70_z1_256pix_basicFLIM_120f_0011.sdt,20260509_KPC_fixed_dishes_on_SLIM,20260509,form,BKO,4,11,457,04:59.2,,
4_BKOCO2form20min_740nm_2995mW_u1_poc0p6_20x0p75NA_457s50_g70_z1_256pix_basicFLIM_120f_0011.sdt,20260509_KPC_fixed_dishes_on_SLIM,20260509,form,BKO,4,11,457,56:45.3,,
4_BKOCO2form20min_740nm_2995mW_u1_poc0p25_20x0p75NA_535s50_g70_z1_256pix_basicFLIM_120f_0011.sdt,20260509_KPC_fixed_dishes_on_SLIM,20260509,form,BKO,4,11,535,35:01.4,,
4_BKOCO2form20min_740nm_2995mW_u1_poc0p6_20x0p75NA_535s50_g70_z1_256pix_basicFLIM_120f_0011.sdt,20260509_KPC_fixed_dishes_on_SLIM,20260509,form,BKO,4,11,535,25:43.6,,
4_BKOCO2form20min_740nm_2995mW_u1_poc0p25_20x0p75NA_457s50_g70_z1_256pix_basicFLIM_120f_0012.sdt,20260509_KPC_fixed_dishes_on_SLIM,20260509,form,BKO,4,12,457,06:07.2,,
4_BKOCO2form20min_740nm_2995mW_u1_poc0p6_20x0p75NA_457s50_g70_z1_256pix_basicFLIM_120f_0012.sdt,20260509_KPC_fixed_dishes_on_SLIM,20260509,form,BKO,4,12,457,57:53.6,,
4_BKOCO2form20min_740nm_2995mW_u1_poc0p25_20x0p75NA_535s50_g70_z1_256pix_basicFLIM_120f_0012.sdt,20260509_KPC_fixed_dishes_on_SLIM,20260509,form,BKO,4,12,535,36:09.3,,
4_BKOCO2form20min_740nm_2995mW_u1_poc0p6_20x0p75NA_535s50_g70_z1_256pix_basicFLIM_120f_0012.sdt,20260509_KPC_fixed_dishes_on_SLIM,20260509,form,BKO,4,12,535,26:51.9,,
4_BKOCO2form20min_740nm_2995mW_u1_poc0p25_20x0p75NA_457s50_g70_z1_256pix_basicFLIM_120f_0013.sdt,20260509_KPC_fixed_dishes_on_SLIM,20260509,form,BKO,4,13,457,07:16.2,,
4_BKOCO2form20min_740nm_2995mW_u1_poc0p6_20x0p75NA_457s50_g70_z1_256pix_basicFLIM_120f_0013.sdt,20260509_KPC_fixed_dishes_on_SLIM,20260509,form,BKO,4,13,457,59:02.9,,
4_BKOCO2form20min_740nm_2995mW_u1_poc0p25_20x0p75NA_535s50_g70_z1_256pix_basicFLIM_120f_0013.sdt,20260509_KPC_fixed_dishes_on_SLIM,20260509,form,BKO,4,13,535,37:18.5,,
4_BKOCO2form20min_740nm_2995mW_u1_poc0p6_20x0p75NA_535s50_g70_z1_256pix_basicFLIM_120f_0013.sdt,20260509_KPC_fixed_dishes_on_SLIM,20260509,form,BKO,4,13,535,28:01.1,,
4_BKOCO2form20min_740nm_2995mW_u1_poc0p25_20x0p75NA_457s50_g70_z1_256pix_basicFLIM_120f_0014.sdt,20260509_KPC_fixed_dishes_on_SLIM,20260509,form,BKO,4,14,457,08:25.7,,
4_BKOCO2form20min_740nm_2995mW_u1_poc0p6_20x0p75NA_457s50_g70_z1_256pix_basicFLIM_120f_0014.sdt,20260509_KPC_fixed_dishes_on_SLIM,20260509,form,BKO,4,14,457,00:12.4,,
4_BKOCO2form20min_740nm_2995mW_u1_poc0p25_20x0p75NA_535s50_g70_z1_256pix_basicFLIM_120f_0014.sdt,20260509_KPC_fixed_dishes_on_SLIM,20260509,form,BKO,4,14,535,38:27.8,,
4_BKOCO2form20min_740nm_2995mW_u1_poc0p6_20x0p75NA_535s50_g70_z1_256pix_basicFLIM_120f_0014.sdt,20260509_KPC_fixed_dishes_on_SLIM,20260509,form,BKO,4,14,535,29:10.6,,
4_BKOCO2form20min_740nm_2995mW_u1_poc0p25_20x0p75NA_457s50_g70_z1_256pix_basicFLIM_120f_0015.sdt,20260509_KPC_fixed_dishes_on_SLIM,20260509,form,BKO,4,15,457,09:33.8,,
4_BKOCO2form20min_740nm_2995mW_u1_poc0p6_20x0p75NA_457s50_g70_z1_256pix_basicFLIM_120f_0015.sdt,20260509_KPC_fixed_dishes_on_SLIM,20260509,form,BKO,4,15,457,01:20.8,,
4_BKOCO2form20min_740nm_2995mW_u1_poc0p25_20x0p75NA_535s50_g70_z1_256pix_basicFLIM_120f_0015.sdt,20260509_KPC_fixed_dishes_on_SLIM,20260509,form,BKO,4,15,535,39:36.3,,
4_BKOCO2form20min_740nm_2995mW_u1_poc0p6_20x0p75NA_535s50_g70_z1_256pix_basicFLIM_120f_0015.sdt,20260509_KPC_fixed_dishes_on_SLIM,20260509,form,BKO,4,15,535,30:18.8,,
3_KPCWTformP4num4_740nm_3037mW_u1_poc0p2_20x0p75NA_475s50_g70_z1_256pix_basicFLIM_30f_0000.sdt,20260429_KPC_fixed_dishes_on_SLIM,20260429,form,KPCWT,3,0,457,37:05.5,,
3_KPCWTformP4num4_740nm_3037mW_u1_poc0p2_20x0p75NA_535s50_g70_z1_256pix_basicFLIM_90f_0000.sdt,20260429_KPC_fixed_dishes_on_SLIM,20260429,form,KPCWT,3,0,535,58:15.0,,
3_KPCWTformP4num4_740nm_3037mW_u1_poc0p2_20x0p75NA_475s50_g70_z1_256pix_basicFLIM_30f_0001.sdt,20260429_KPC_fixed_dishes_on_SLIM,20260429,form,KPCWT,3,1,457,37:57.5,,
3_KPCWTformP4num4_740nm_3037mW_u1_poc0p2_20x0p75NA_535s50_g70_z1_256pix_basicFLIM_90f_0001.sdt,20260429_KPC_fixed_dishes_on_SLIM,20260429,form,KPCWT,3,1,535,59:07.0,,
3_KPCWTformP4num4_740nm_3037mW_u1_poc0p2_20x0p75NA_475s50_g70_z1_256pix_basicFLIM_30f_0002.sdt,20260429_KPC_fixed_dishes_on_SLIM,20260429,form,KPCWT,3,2,457,38:49.4,,
3_KPCWTformP4num4_740nm_3037mW_u1_poc0p2_20x0p75NA_535s50_g70_z1_256pix_basicFLIM_90f_0002.sdt,20260429_KPC_fixed_dishes_on_SLIM,20260429,form,KPCWT,3,2,535,59:58.9,,
3_KPCWTformP4num4_740nm_3037mW_u1_poc0p2_20x0p75NA_475s50_g70_z1_256pix_basicFLIM_30f_0003.sdt,20260429_KPC_fixed_dishes_on_SLIM,20260429,form,KPCWT,3,3,457,39:42.0,,
3_KPCWTformP4num4_740nm_3037mW_u1_poc0p2_20x0p75NA_535s50_g70_z1_256pix_basicFLIM_90f_0003.sdt,20260429_KPC_fixed_dishes_on_SLIM,20260429,form,KPCWT,3,3,535,00:51.6,,
3_KPCWTformP4num4_740nm_3037mW_u1_poc0p2_20x0p75NA_475s50_g70_z1_256pix_basicFLIM_30f_0004.sdt,20260429_KPC_fixed_dishes_on_SLIM,20260429,form,KPCWT,3,4,457,40:33.9,,
3_KPCWTformP4num4_740nm_3037mW_u1_poc0p2_20x0p75NA_535s50_g70_z1_256pix_basicFLIM_90f_0004.sdt,20260429_KPC_fixed_dishes_on_SLIM,20260429,form,KPCWT,3,4,535,01:43.6,,
3_KPCWTformP4num4_740nm_3037mW_u1_poc0p2_20x0p75NA_475s50_g70_z1_256pix_basicFLIM_30f_0005.sdt,20260429_KPC_fixed_dishes_on_SLIM,20260429,form,KPCWT,3,5,457,41:28.2,,
3_KPCWTformP4num4_740nm_3037mW_u1_poc0p2_20x0p75NA_535s50_g70_z1_256pix_basicFLIM_90f_0005.sdt,20260429_KPC_fixed_dishes_on_SLIM,20260429,form,KPCWT,3,5,535,02:35.6,,
3_KPCWTformP4num4_740nm_3037mW_u1_poc0p2_20x0p75NA_475s50_g70_z1_256pix_basicFLIM_30f_0006.sdt,20260429_KPC_fixed_dishes_on_SLIM,20260429,form,KPCWT,3,6,457,42:21.0,,
3_KPCWTformP4num4_740nm_3037mW_u1_poc0p2_20x0p75NA_535s50_g70_z1_256pix_basicFLIM_90f_0006.sdt,20260429_KPC_fixed_dishes_on_SLIM,20260429,form,KPCWT,3,6,535,03:27.9,,
3_KPCWTformP4num4_740nm_3037mW_u1_poc0p2_20x0p75NA_475s50_g70_z1_256pix_basicFLIM_30f_0007.sdt,20260429_KPC_fixed_dishes_on_SLIM,20260429,form,KPCWT,3,7,457,43:12.5,,
3_KPCWTformP4num4_740nm_3037mW_u1_poc0p2_20x0p75NA_535s50_g70_z1_256pix_basicFLIM_90f_0007.sdt,20260429_KPC_fixed_dishes_on_SLIM,20260429,form,KPCWT,3,7,535,04:19.5,,
3_KPCWTformP4num4_740nm_3037mW_u1_poc0p2_20x0p75NA_475s50_g70_z1_256pix_basicFLIM_30f_0008.sdt,20260429_KPC_fixed_dishes_on_SLIM,20260429,form,KPCWT,3,8,457,44:05.4,,
3_KPCWTformP4num4_740nm_3037mW_u1_poc0p2_20x0p75NA_535s50_g70_z1_256pix_basicFLIM_90f_0008.sdt,20260429_KPC_fixed_dishes_on_SLIM,20260429,form,KPCWT,3,8,535,05:12.1,,
3_KPCWTformP4num4_740nm_3037mW_u1_poc0p2_20x0p75NA_475s50_g70_z1_256pix_basicFLIM_30f_0009.sdt,20260429_KPC_fixed_dishes_on_SLIM,20260429,form,KPCWT,3,9,457,44:57.8,,
3_KPCWTformP4num4_740nm_3037mW_u1_poc0p2_20x0p75NA_535s50_g70_z1_256pix_basicFLIM_90f_0009.sdt,20260429_KPC_fixed_dishes_on_SLIM,20260429,form,KPCWT,3,9,535,06:04.5,,
3_KPCWTformP4num4_pos5_740nm_3037mW_u1_poc0p2_20x0p75NA_475s50_g70_z1_256pix_basicFLIM_30f_0010.sdt,20260429_KPC_fixed_dishes_on_SLIM,20260429,form,KPCWT,3,10,457,46:56.6,,
3_KPCWTformP4num4_pos6_740nm_3037mW_u1_poc0p2_20x0p75NA_475s50_g70_z1_256pix_basicFLIM_30f_0011.sdt,20260429_KPC_fixed_dishes_on_SLIM,20260429,form,KPCWT,3,11,457,47:48.9,,
3_KPCWTformP4num4_pos7_740nm_3037mW_u1_poc0p2_20x0p75NA_475s50_g70_z1_256pix_basicFLIM_30f_0012.sdt,20260429_KPC_fixed_dishes_on_SLIM,20260429,form,KPCWT,3,12,457,48:40.5,,
4_KPCWT0416formP4num3_740nm_3037mW_u1_poc0p2_20x0p75NA_457s50_g70_z1_256pix_basicFLIM_90f_0000.sdt,20260429_KPC_fixed_dishes_on_SLIM,20260429,form,KPCWT,4,0,457,46:38.1,,
4_KPCWT0416formP4num3_740nm_3037mW_u1_poc0p2_20x0p75NA_535s50_g70_z1_256pix_basicFLIM_90f_0000.sdt,20260429_KPC_fixed_dishes_on_SLIM,20260429,form,KPCWT,4,0,535,07:14.2,,
4_KPCWT0416formP4num3_740nm_3037mW_u1_poc0p2_20x0p75NA_457s50_g70_z1_256pix_basicFLIM_90f_0001.sdt,20260429_KPC_fixed_dishes_on_SLIM,20260429,form,KPCWT,4,1,457,47:30.1,,
4_KPCWT0416formP4num3_740nm_3037mW_u1_poc0p2_20x0p75NA_535s50_g70_z1_256pix_basicFLIM_90f_0001.sdt,20260429_KPC_fixed_dishes_on_SLIM,20260429,form,KPCWT,4,1,535,08:06.2,,
4_KPCWT0416formP4num3_740nm_3037mW_u1_poc0p2_20x0p75NA_457s50_g70_z1_256pix_basicFLIM_90f_0002.sdt,20260429_KPC_fixed_dishes_on_SLIM,20260429,form,KPCWT,4,2,457,48:21.8,,
4_KPCWT0416formP4num3_740nm_3037mW_u1_poc0p2_20x0p75NA_535s50_g70_z1_256pix_basicFLIM_90f_0002.sdt,20260429_KPC_fixed_dishes_on_SLIM,20260429,form,KPCWT,4,2,535,08:57.8,,
4_KPCWT0416formP4num3_740nm_3037mW_u1_poc0p2_20x0p75NA_457s50_g70_z1_256pix_basicFLIM_90f_0003.sdt,20260429_KPC_fixed_dishes_on_SLIM,20260429,form,KPCWT,4,3,457,49:13.4,,
4_KPCWT0416formP4num3_740nm_3037mW_u1_poc0p2_20x0p75NA_535s50_g70_z1_256pix_basicFLIM_90f_0003.sdt,20260429_KPC_fixed_dishes_on_SLIM,20260429,form,KPCWT,4,3,535,09:49.2,,
4_KPCWT0416formP4num3_740nm_3037mW_u1_poc0p2_20x0p75NA_457s50_g70_z1_256pix_basicFLIM_90f_0004.sdt,20260429_KPC_fixed_dishes_on_SLIM,20260429,form,KPCWT,4,4,457,50:05.4,,
4_KPCWT0416formP4num3_740nm_3037mW_u1_poc0p2_20x0p75NA_535s50_g70_z1_256pix_basicFLIM_90f_0004.sdt,20260429_KPC_fixed_dishes_on_SLIM,20260429,form,KPCWT,4,4,535,10:41.3,,
4_KPCWT0416formP4num3_740nm_3037mW_u1_poc0p2_20x0p75NA_457s50_g70_z1_256pix_basicFLIM_90f_0005.sdt,20260429_KPC_fixed_dishes_on_SLIM,20260429,form,KPCWT,4,5,457,50:57.2,,
4_KPCWT0416formP4num3_740nm_3037mW_u1_poc0p2_20x0p75NA_535s50_g70_z1_256pix_basicFLIM_90f_0005.sdt,20260429_KPC_fixed_dishes_on_SLIM,20260429,form,KPCWT,4,5,535,11:33.1,,
4_KPCWT0416formP4num3_740nm_3037mW_u1_poc0p2_20x0p75NA_457s50_g70_z1_256pix_basicFLIM_90f_0006.sdt,20260429_KPC_fixed_dishes_on_SLIM,20260429,form,KPCWT,4,6,457,51:48.9,,
4_KPCWT0416formP4num3_740nm_3037mW_u1_poc0p2_20x0p75NA_535s50_g70_z1_256pix_basicFLIM_90f_0006.sdt,20260429_KPC_fixed_dishes_on_SLIM,20260429,form,KPCWT,4,6,535,12:24.8,,
4_KPCWT0416formP4num3_740nm_3037mW_u1_poc0p2_20x0p75NA_457s50_g70_z1_256pix_basicFLIM_90f_0007.sdt,20260429_KPC_fixed_dishes_on_SLIM,20260429,form,KPCWT,4,7,457,52:40.7,,
4_KPCWT0416formP4num3_740nm_3037mW_u1_poc0p2_20x0p75NA_535s50_g70_z1_256pix_basicFLIM_90f_0007.sdt,20260429_KPC_fixed_dishes_on_SLIM,20260429,form,KPCWT,4,7,535,13:16.4,,
4_KPCWT0416formP4num3_740nm_3037mW_u1_poc0p2_20x0p75NA_457s50_g70_z1_256pix_basicFLIM_90f_0008.sdt,20260429_KPC_fixed_dishes_on_SLIM,20260429,form,KPCWT,4,8,457,53:32.6,,
4_KPCWT0416formP4num3_740nm_3037mW_u1_poc0p2_20x0p75NA_535s50_g70_z1_256pix_basicFLIM_90f_0008.sdt,20260429_KPC_fixed_dishes_on_SLIM,20260429,form,KPCWT,4,8,535,14:08.4,,
4_KPCWT0416formP4num3_740nm_3037mW_u1_poc0p2_20x0p75NA_457s50_g70_z1_256pix_basicFLIM_90f_0009.sdt,20260429_KPC_fixed_dishes_on_SLIM,20260429,form,KPCWT,4,9,457,54:24.1,,
4_KPCWT0416formP4num3_740nm_3037mW_u1_poc0p2_20x0p75NA_535s50_g70_z1_256pix_basicFLIM_90f_0009.sdt,20260429_KPC_fixed_dishes_on_SLIM,20260429,form,KPCWT,4,9,535,14:59.8,,
3_KPCWT0430glu10min_740nm_3024mW_u1_poc0p15_20x0p75NA_457s50_g70_z1_256pix_basicFLIM_90f_0000.sdt,20260501_KPC_fixed_dishes_on_SLIM,20260501,glu,KPCWT,3,0,457,35:05.3,,
3_KPCWT0430glu10min_740nm_3024mW_u1_poc0p2_20x0p75NA_457s50_g70_z1_256pix_basicFLIM_120f_0000.sdt,20260501_KPC_fixed_dishes_on_SLIM,20260501,glu,KPCWT,3,0,457,36:55.0,,
3_KPCWT0430glu10min_740nm_3024mW_u1_poc0p2_20x0p75NA_535s50_g70_z1_256pix_basicFLIM_120f_0000.sdt,20260501_KPC_fixed_dishes_on_SLIM,20260501,glu,KPCWT,3,0,535,49:30.0,,
3_KPCWT0430glu10min_740nm_3024mW_u1_poc0p2_20x0p75NA_457s50_g70_z1_256pix_basicFLIM_120f_0001.sdt,20260501_KPC_fixed_dishes_on_SLIM,20260501,glu,KPCWT,3,1,457,38:03.1,,
3_KPCWT0430glu10min_740nm_3024mW_u1_poc0p2_20x0p75NA_535s50_g70_z1_256pix_basicFLIM_120f_0001.sdt,20260501_KPC_fixed_dishes_on_SLIM,20260501,glu,KPCWT,3,1,535,50:38.4,,
3_KPCWT0430glu10min_740nm_3024mW_u1_poc0p2_20x0p75NA_457s50_g70_z1_256pix_basicFLIM_120f_0002.sdt,20260501_KPC_fixed_dishes_on_SLIM,20260501,glu,KPCWT,3,2,457,39:11.5,,
3_KPCWT0430glu10min_740nm_3024mW_u1_poc0p2_20x0p75NA_535s50_g70_z1_256pix_basicFLIM_120f_0002.sdt,20260501_KPC_fixed_dishes_on_SLIM,20260501,glu,KPCWT,3,2,535,51:47.0,,
3_KPCWT0430glu10min_740nm_3024mW_u1_poc0p2_20x0p75NA_457s50_g70_z1_256pix_basicFLIM_120f_0003.sdt,20260501_KPC_fixed_dishes_on_SLIM,20260501,glu,KPCWT,3,3,457,40:20.2,,
3_KPCWT0430glu10min_740nm_3024mW_u1_poc0p2_20x0p75NA_535s50_g70_z1_256pix_basicFLIM_120f_0003.sdt,20260501_KPC_fixed_dishes_on_SLIM,20260501,glu,KPCWT,3,3,535,52:55.7,,
3_KPCWT0430glu10min_740nm_3024mW_u1_poc0p2_20x0p75NA_457s50_g70_z1_256pix_basicFLIM_120f_0004.sdt,20260501_KPC_fixed_dishes_on_SLIM,20260501,glu,KPCWT,3,4,457,41:28.6,,
3_KPCWT0430glu10min_740nm_3024mW_u1_poc0p2_20x0p75NA_535s50_g70_z1_256pix_basicFLIM_120f_0004.sdt,20260501_KPC_fixed_dishes_on_SLIM,20260501,glu,KPCWT,3,4,535,54:04.6,,
3_KPCWT0430glu10min_740nm_3024mW_u1_poc0p2_20x0p75NA_457s50_g70_z1_256pix_basicFLIM_120f_0005.sdt,20260501_KPC_fixed_dishes_on_SLIM,20260501,glu,KPCWT,3,5,457,42:37.3,,
3_KPCWT0430glu10min_740nm_3024mW_u1_poc0p2_20x0p75NA_535s50_g70_z1_256pix_basicFLIM_120f_0005.sdt,20260501_KPC_fixed_dishes_on_SLIM,20260501,glu,KPCWT,3,5,535,55:13.7,,
3_KPCWT0430glu10min_740nm_3024mW_u1_poc0p2_20x0p75NA_457s50_g70_z1_256pix_basicFLIM_120f_0006.sdt,20260501_KPC_fixed_dishes_on_SLIM,20260501,glu,KPCWT,3,6,457,43:46.0,,
3_KPCWT0430glu10min_740nm_3024mW_u1_poc0p2_20x0p75NA_535s50_g70_z1_256pix_basicFLIM_120f_0006.sdt,20260501_KPC_fixed_dishes_on_SLIM,20260501,glu,KPCWT,3,6,535,56:22.6,,
3_KPCWT0430glu10min_740nm_3024mW_u1_poc0p2_20x0p75NA_457s50_g70_z1_256pix_basicFLIM_120f_0007.sdt,20260501_KPC_fixed_dishes_on_SLIM,20260501,glu,KPCWT,3,7,457,44:56.0,,
3_KPCWT0430glu10min_740nm_3024mW_u1_poc0p2_20x0p75NA_535s50_g70_z1_256pix_basicFLIM_120f_0007.sdt,20260501_KPC_fixed_dishes_on_SLIM,20260501,glu,KPCWT,3,7,535,57:33.1,,
3_KPCWT0430glu10min_740nm_3024mW_u1_poc0p2_20x0p75NA_457s50_g70_z1_256pix_basicFLIM_120f_0008.sdt,20260501_KPC_fixed_dishes_on_SLIM,20260501,glu,KPCWT,3,8,457,46:04.5,,
3_KPCWT0430glu10min_740nm_3024mW_u1_poc0p2_20x0p75NA_535s50_g70_z1_256pix_basicFLIM_120f_0008.sdt,20260501_KPC_fixed_dishes_on_SLIM,20260501,glu,KPCWT,3,8,535,58:41.8,,
3_KPCWT0430glu10min_740nm_3024mW_u1_poc0p2_20x0p75NA_457s50_g70_z1_256pix_basicFLIM_120f_0009.sdt,20260501_KPC_fixed_dishes_on_SLIM,20260501,glu,KPCWT,3,9,457,47:13.6,,
3_KPCWT0430glu10min_740nm_3024mW_u1_poc0p2_20x0p75NA_535s50_g70_z1_256pix_basicFLIM_120f_0009.sdt,20260501_KPC_fixed_dishes_on_SLIM,20260501,glu,KPCWT,3,9,535,59:51.2,,
4_BKO0430glu10min_740nm_3038mW_u1_poc0p2_20x0p75NA_457s50_g70_z1_256pix_basicFLIM_100f_0000.sdt,20260501_KPC_fixed_dishes_on_SLIM,20260501,glu,BKO,4,0,457,22:09.1,,
4_BKO0430glu10min_740nm_3024mW_u1_poc0p2_20x0p75NA_535s50_g70_z1_256pix_basicFLIM_60f_0000.sdt,20260501_KPC_fixed_dishes_on_SLIM,20260501,glu,BKO,4,0,535,09:00.7,,
4_BKO0430glu10min_740nm_3024mW_u1_poc0p2_20x0p75NA_535s50_g70_z1_256pix_basicFLIM_40f_0000.sdt,20260501_KPC_fixed_dishes_on_SLIM,20260501,glu,BKO,4,0,535,15:04.9,,
4_BKO0430glu10min_740nm_3038mW_u1_poc0p2_20x0p75NA_457s50_g70_z1_256pix_basicFLIM_100f_0001.sdt,20260501_KPC_fixed_dishes_on_SLIM,20260501,glu,BKO,4,1,457,23:07.4,,
4_BKO0430glu10min_740nm_3024mW_u1_poc0p2_20x0p75NA_535s50_g70_z1_256pix_basicFLIM_60f_0001.sdt,20260501_KPC_fixed_dishes_on_SLIM,20260501,glu,BKO,4,1,535,09:36.5,,
4_BKO0430glu10min_740nm_3024mW_u1_poc0p2_20x0p75NA_535s50_g70_z1_256pix_basicFLIM_40f_0001.sdt,20260501_KPC_fixed_dishes_on_SLIM,20260501,glu,BKO,4,1,535,15:29.6,,
4_BKO0430glu10min_740nm_3038mW_u1_poc0p2_20x0p75NA_457s50_g70_z1_256pix_basicFLIM_100f_0002.sdt,20260501_KPC_fixed_dishes_on_SLIM,20260501,glu,BKO,4,2,457,24:05.5,,
4_BKO0430glu10min_740nm_3024mW_u1_poc0p2_20x0p75NA_535s50_g70_z1_256pix_basicFLIM_60f_0002.sdt,20260501_KPC_fixed_dishes_on_SLIM,20260501,glu,BKO,4,2,535,10:12.0,,
4_BKO0430glu10min_740nm_3024mW_u1_poc0p2_20x0p75NA_535s50_g70_z1_256pix_basicFLIM_40f_0002.sdt,20260501_KPC_fixed_dishes_on_SLIM,20260501,glu,BKO,4,2,535,15:53.9,,
4_BKO0430glu10min_740nm_3038mW_u1_poc0p2_20x0p75NA_457s50_g70_z1_256pix_basicFLIM_100f_0003.sdt,20260501_KPC_fixed_dishes_on_SLIM,20260501,glu,BKO,4,3,457,25:02.9,,
4_BKO0430glu10min_740nm_3024mW_u1_poc0p2_20x0p75NA_535s50_g70_z1_256pix_basicFLIM_60f_0003.sdt,20260501_KPC_fixed_dishes_on_SLIM,20260501,glu,BKO,4,3,535,10:47.0,,
4_BKO0430glu10min_740nm_3024mW_u1_poc0p2_20x0p75NA_535s50_g70_z1_256pix_basicFLIM_40f_0003.sdt,20260501_KPC_fixed_dishes_on_SLIM,20260501,glu,BKO,4,3,535,16:17.8,,
4_BKO0430glu10min_740nm_3038mW_u1_poc0p2_20x0p75NA_457s50_g70_z1_256pix_basicFLIM_100f_0004.sdt,20260501_KPC_fixed_dishes_on_SLIM,20260501,glu,BKO,4,4,457,26:01.2,,
4_BKO0430glu10min_740nm_3024mW_u1_poc0p2_20x0p75NA_535s50_g70_z1_256pix_basicFLIM_60f_0004.sdt,20260501_KPC_fixed_dishes_on_SLIM,20260501,glu,BKO,4,4,535,11:22.9,,
4_BKO0430glu10min_740nm_3024mW_u1_poc0p2_20x0p75NA_535s50_g70_z1_256pix_basicFLIM_40f_0004.sdt,20260501_KPC_fixed_dishes_on_SLIM,20260501,glu,BKO,4,4,535,16:42.7,,
4_BKO0430glu10min_740nm_3038mW_u1_poc0p2_20x0p75NA_457s50_g70_z1_256pix_basicFLIM_100f_0005.sdt,20260501_KPC_fixed_dishes_on_SLIM,20260501,glu,BKO,4,5,457,26:59.2,,
4_BKO0430glu10min_740nm_3024mW_u1_poc0p2_20x0p75NA_535s50_g70_z1_256pix_basicFLIM_60f_0005.sdt,20260501_KPC_fixed_dishes_on_SLIM,20260501,glu,BKO,4,5,535,11:58.5,,
4_BKO0430glu10min_740nm_3024mW_u1_poc0p2_20x0p75NA_535s50_g70_z1_256pix_basicFLIM_40f_0005.sdt,20260501_KPC_fixed_dishes_on_SLIM,20260501,glu,BKO,4,5,535,17:07.1,,
4_BKO0430glu10min_740nm_3038mW_u1_poc0p2_20x0p75NA_457s50_g70_z1_256pix_basicFLIM_100f_0006.sdt,20260501_KPC_fixed_dishes_on_SLIM,20260501,glu,BKO,4,6,457,27:57.9,,
4_BKO0430glu10min_740nm_3024mW_u1_poc0p2_20x0p75NA_535s50_g70_z1_256pix_basicFLIM_60f_0006.sdt,20260501_KPC_fixed_dishes_on_SLIM,20260501,glu,BKO,4,6,535,12:34.9,,
4_BKO0430glu10min_740nm_3024mW_u1_poc0p2_20x0p75NA_535s50_g70_z1_256pix_basicFLIM_40f_0006.sdt,20260501_KPC_fixed_dishes_on_SLIM,20260501,glu,BKO,4,6,535,17:32.2,,
4_BKO0430glu10min_740nm_3038mW_u1_poc0p2_20x0p75NA_457s50_g70_z1_256pix_basicFLIM_100f_0007.sdt,20260501_KPC_fixed_dishes_on_SLIM,20260501,glu,BKO,4,7,457,28:56.9,,
4_BKO0430glu10min_740nm_3024mW_u1_poc0p2_20x0p75NA_535s50_g70_z1_256pix_basicFLIM_60f_0007.sdt,20260501_KPC_fixed_dishes_on_SLIM,20260501,glu,BKO,4,7,535,13:11.4,,
4_BKO0430glu10min_740nm_3024mW_u1_poc0p2_20x0p75NA_535s50_g70_z1_256pix_basicFLIM_40f_0007.sdt,20260501_KPC_fixed_dishes_on_SLIM,20260501,glu,BKO,4,7,535,17:57.6,,
4_BKO0430glu10min_740nm_3038mW_u1_poc0p2_20x0p75NA_457s50_g70_z1_256pix_basicFLIM_100f_0008.sdt,20260501_KPC_fixed_dishes_on_SLIM,20260501,glu,BKO,4,8,457,29:54.4,,
4_BKO0430glu10min_740nm_3024mW_u1_poc0p2_20x0p75NA_535s50_g70_z1_256pix_basicFLIM_60f_0008.sdt,20260501_KPC_fixed_dishes_on_SLIM,20260501,glu,BKO,4,8,535,13:46.5,,
4_BKO0430glu10min_740nm_3024mW_u1_poc0p2_20x0p75NA_535s50_g70_z1_256pix_basicFLIM_40f_0008.sdt,20260501_KPC_fixed_dishes_on_SLIM,20260501,glu,BKO,4,8,535,18:21.4,,
4_BKO0430glu10min_740nm_3038mW_u1_poc0p2_20x0p75NA_457s50_g70_z1_256pix_basicFLIM_100f_0009.sdt,20260501_KPC_fixed_dishes_on_SLIM,20260501,glu,BKO,4,9,457,30:51.7,,
4_BKO0430glu10min_740nm_3024mW_u1_poc0p2_20x0p75NA_535s50_g70_z1_256pix_basicFLIM_60f_0009.sdt,20260501_KPC_fixed_dishes_on_SLIM,20260501,glu,BKO,4,9,535,14:21.4,,
4_BKO0430glu10min_740nm_3024mW_u1_poc0p2_20x0p75NA_535s50_g70_z1_256pix_basicFLIM_40f_0009.sdt,20260501_KPC_fixed_dishes_on_SLIM,20260501,glu,BKO,4,9,535,18:45.2,,
13_KPC_live_posn1_740nm_3040mW_u1_poc0p2_20x0p75NA_4570s50_g70_z1_256pix_basicFLIM_120f_0000.sdt,20260501_KPC_fixed_dishes_on_SLIM,20260501,live,KPCWT,13,0,457,36:09.0,,
13_KPC_live_posn1b_740nm_3040mW_u1_poc0p2_20x0p75NA_535s50_g70_z1_256pix_basicFLIM_120f_0000.sdt,20260501_KPC_fixed_dishes_on_SLIM,20260501,live,KPCWT,13,0,535,50:43.9,,
13_KPC_live_posn1_740nm_3040mW_u1_poc0p2_20x0p75NA_4570s50_g70_z1_256pix_basicFLIM_120f_0001.sdt,20260501_KPC_fixed_dishes_on_SLIM,20260501,live,KPCWT,13,1,457,37:17.0,,
13_KPC_live_posn1b_740nm_3040mW_u1_poc0p2_20x0p75NA_535s50_g70_z1_256pix_basicFLIM_120f_0001.sdt,20260501_KPC_fixed_dishes_on_SLIM,20260501,live,KPCWT,13,1,535,51:51.8,,
13_KPC_live_posn1_740nm_3040mW_u1_poc0p2_20x0p75NA_4570s50_g70_z1_256pix_basicFLIM_120f_0002.sdt,20260501_KPC_fixed_dishes_on_SLIM,20260501,live,KPCWT,13,2,457,38:24.8,,
13_KPC_live_posn1b_740nm_3040mW_u1_poc0p2_20x0p75NA_535s50_g70_z1_256pix_basicFLIM_120f_0002.sdt,20260501_KPC_fixed_dishes_on_SLIM,20260501,live,KPCWT,13,2,535,52:59.4,,
13_KPC_live_posn1_740nm_3040mW_u1_poc0p2_20x0p75NA_4570s50_g70_z1_256pix_basicFLIM_120f_0003.sdt,20260501_KPC_fixed_dishes_on_SLIM,20260501,live,KPCWT,13,3,457,39:32.5,,
13_KPC_live_posn1b_740nm_3040mW_u1_poc0p2_20x0p75NA_535s50_g70_z1_256pix_basicFLIM_120f_0003.sdt,20260501_KPC_fixed_dishes_on_SLIM,20260501,live,KPCWT,13,3,535,54:07.3,,
14_KPC_live_posn2_740nm_3040mW_u1_poc0p2_20x0p75NA_457s50_g70_z1_256pix_basicFLIM_120f_0000.sdt,20260501_KPC_fixed_dishes_on_SLIM,20260501,live,KPCWT,14,0,457,05:14.2,,
14_KPC_live_posn2_740nm_3040mW_u1_poc0p2_20x0p75NA_535s50_g70_z1_256pix_basicFLIM_120f_0000.sdt,20260501_KPC_fixed_dishes_on_SLIM,20260501,live,KPCWT,14,0,535,00:37.4,,
14_KPC_live_posn2_740nm_3040mW_u1_poc0p2_20x0p75NA_457s50_g70_z1_256pix_basicFLIM_120f_0001.sdt,20260501_KPC_fixed_dishes_on_SLIM,20260501,live,KPCWT,14,1,457,06:22.1,,
14_KPC_live_posn2_740nm_3040mW_u1_poc0p2_20x0p75NA_535s50_g70_z1_256pix_basicFLIM_120f_0001.sdt,20260501_KPC_fixed_dishes_on_SLIM,20260501,live,KPCWT,14,1,535,01:45.3,,
14_KPC_live_posn2_740nm_3040mW_u1_poc0p2_20x0p75NA_457s50_g70_z1_256pix_basicFLIM_120f_0002.sdt,20260501_KPC_fixed_dishes_on_SLIM,20260501,live,KPCWT,14,2,457,07:30.0,,
14_KPC_live_posn2_740nm_3040mW_u1_poc0p2_20x0p75NA_535s50_g70_z1_256pix_basicFLIM_120f_0002.sdt,20260501_KPC_fixed_dishes_on_SLIM,20260501,live,KPCWT,14,2,535,02:53.2,,
15_KPC_live_posn3_740nm_3040mW_u1_poc0p2_20x0p75NA_457s50_g70_z1_256pix_basicFLIM_120f_0000.sdt,20260501_KPC_fixed_dishes_on_SLIM,20260501,live,KPCWT,15,0,457,13:43.3,,
15_KPC_live_posn3_740nm_3040mW_u1_poc0p2_20x0p75NA_535s50_g70_z1_256pix_basicFLIM_120f_0000.sdt,20260501_KPC_fixed_dishes_on_SLIM,20260501,live,KPCWT,15,0,535,20:31.2,,
15_KPC_live_posn3_740nm_3040mW_u1_poc0p2_20x0p75NA_457s50_g70_z1_256pix_basicFLIM_120f_0001.sdt,20260501_KPC_fixed_dishes_on_SLIM,20260501,live,KPCWT,15,1,457,14:51.2,,
15_KPC_live_posn3_740nm_3040mW_u1_poc0p2_20x0p75NA_535s50_g70_z1_256pix_basicFLIM_120f_0001.sdt,20260501_KPC_fixed_dishes_on_SLIM,20260501,live,KPCWT,15,1,535,21:39.1,,
15_KPC_live_posn3_740nm_3040mW_u1_poc0p2_20x0p75NA_457s50_g70_z1_256pix_basicFLIM_120f_0002.sdt,20260501_KPC_fixed_dishes_on_SLIM,20260501,live,KPCWT,15,2,457,15:59.0,,
15_KPC_live_posn3_740nm_3040mW_u1_poc0p2_20x0p75NA_535s50_g70_z1_256pix_basicFLIM_120f_0002.sdt,20260501_KPC_fixed_dishes_on_SLIM,20260501,live,KPCWT,15,2,535,22:46.6,,
15_KPC_live_posn3_740nm_3040mW_u1_poc0p2_20x0p75NA_457s50_g70_z1_256pix_basicFLIM_120f_0003.sdt,20260501_KPC_fixed_dishes_on_SLIM,20260501,live,KPCWT,15,3,457,17:06.9,,
15_KPC_live_posn3_740nm_3040mW_u1_poc0p2_20x0p75NA_535s50_g70_z1_256pix_basicFLIM_120f_0003.sdt,20260501_KPC_fixed_dishes_on_SLIM,20260501,live,KPCWT,15,3,535,23:54.1,,
15_KPC_live_posn3_740nm_3040mW_u1_poc0p2_20x0p75NA_457s50_g70_z1_256pix_basicFLIM_120f_0004.sdt,20260501_KPC_fixed_dishes_on_SLIM,20260501,live,KPCWT,15,4,457,18:14.7,,
15_KPC_live_posn3_740nm_3040mW_u1_poc0p2_20x0p75NA_535s50_g70_z1_256pix_basicFLIM_120f_0004.sdt,20260501_KPC_fixed_dishes_on_SLIM,20260501,live,KPCWT,15,4,535,25:02.0,,
16_KPC_live_posn4_740nm_3040mW_u1_poc0p2_20x0p75NA_457s50_g70_z1_256pix_basicFLIM_120f_0000.sdt,20260501_KPC_fixed_dishes_on_SLIM,20260501,live,KPCWT,16,0,457,43:17.6,,
16_KPC_live_posn4_740nm_3040mW_u1_poc0p2_20x0p75NA_535s50_g70_z1_256pix_basicFLIM_120f_0000.sdt,20260501_KPC_fixed_dishes_on_SLIM,20260501,live,KPCWT,16,0,535,37:32.7,,
16_KPC_live_posn4_740nm_3040mW_u1_poc0p2_20x0p75NA_457s50_g70_z1_256pix_basicFLIM_120f_0001.sdt,20260501_KPC_fixed_dishes_on_SLIM,20260501,live,KPCWT,16,1,457,44:25.5,,
16_KPC_live_posn4_740nm_3040mW_u1_poc0p2_20x0p75NA_535s50_g70_z1_256pix_basicFLIM_120f_0001.sdt,20260501_KPC_fixed_dishes_on_SLIM,20260501,live,KPCWT,16,1,535,38:40.3,,
16_KPC_live_posn4_740nm_3040mW_u1_poc0p2_20x0p75NA_457s50_g70_z1_256pix_basicFLIM_120f_0002.sdt,20260501_KPC_fixed_dishes_on_SLIM,20260501,live,KPCWT,16,2,457,45:33.3,,
16_KPC_live_posn4_740nm_3040mW_u1_poc0p2_20x0p75NA_535s50_g70_z1_256pix_basicFLIM_120f_0002.sdt,20260501_KPC_fixed_dishes_on_SLIM,20260501,live,KPCWT,16,2,535,39:48.2,,
16_KPC_live_posn4_740nm_3040mW_u1_poc0p2_20x0p75NA_457s50_g70_z1_256pix_basicFLIM_120f_0003.sdt,20260501_KPC_fixed_dishes_on_SLIM,20260501,live,KPCWT,16,3,457,46:41.2,,
16_KPC_live_posn4_740nm_3040mW_u1_poc0p2_20x0p75NA_535s50_g70_z1_256pix_basicFLIM_120f_0003.sdt,20260501_KPC_fixed_dishes_on_SLIM,20260501,live,KPCWT,16,3,535,40:56.2,,
17_KPC_live_posn5_740nm_3040mW_u1_poc0p2_20x0p75NA_457s50_g70_z1_256pix_basicFLIM_120f_0000.sdt,20260501_KPC_fixed_dishes_on_SLIM,20260501,live,KPCWT,17,0,457,55:20.7,,
17_KPC_live_posn5_740nm_3040mW_u1_poc0p2_20x0p75NA_535s50_g70_z1_256pix_basicFLIM_120f_0000.sdt,20260501_KPC_fixed_dishes_on_SLIM,20260501,live,KPCWT,17,0,535,02:51.2,,
17_KPC_live_posn5_740nm_3040mW_u1_poc0p2_20x0p75NA_457s50_g70_z1_256pix_basicFLIM_120f_0001.sdt,20260501_KPC_fixed_dishes_on_SLIM,20260501,live,KPCWT,17,1,457,56:28.4,,
17_KPC_live_posn5_740nm_3040mW_u1_poc0p2_20x0p75NA_535s50_g70_z1_256pix_basicFLIM_120f_0001.sdt,20260501_KPC_fixed_dishes_on_SLIM,20260501,live,KPCWT,17,1,535,03:59.2,,
17_KPC_live_posn5_740nm_3040mW_u1_poc0p2_20x0p75NA_457s50_g70_z1_256pix_basicFLIM_120f_0002.sdt,20260501_KPC_fixed_dishes_on_SLIM,20260501,live,KPCWT,17,2,457,57:36.5,,
17_KPC_live_posn5_740nm_3040mW_u1_poc0p2_20x0p75NA_535s50_g70_z1_256pix_basicFLIM_120f_0002.sdt,20260501_KPC_fixed_dishes_on_SLIM,20260501,live,KPCWT,17,2,535,05:07.4,,
17_KPC_live_posn5_740nm_3040mW_u1_poc0p2_20x0p75NA_457s50_g70_z1_256pix_basicFLIM_120f_0003.sdt,20260501_KPC_fixed_dishes_on_SLIM,20260501,live,KPCWT,17,3,457,58:44.1,,
17_KPC_live_posn5_740nm_3040mW_u1_poc0p2_20x0p75NA_535s50_g70_z1_256pix_basicFLIM_120f_0003.sdt,20260501_KPC_fixed_dishes_on_SLIM,20260501,live,KPCWT,17,3,535,06:15.4,,
17_KPC_live_posn5_740nm_3040mW_u1_poc0p2_20x0p75NA_457s50_g70_z1_256pix_basicFLIM_120f_0004.sdt,20260501_KPC_fixed_dishes_on_SLIM,20260501,live,KPCWT,17,4,457,59:52.8,,
17_KPC_live_posn5_740nm_3040mW_u1_poc0p2_20x0p75NA_535s50_g70_z1_256pix_basicFLIM_120f_0004.sdt,20260501_KPC_fixed_dishes_on_SLIM,20260501,live,KPCWT,17,4,535,07:23.6,,
3_KPCWTform20min_740nm_3006mW_u1_poc0p25_20x0p75NA_475s50_g70_z1_256pix_basicFLIM_120f_0000.sdt,20260509_KPC_fixed_dishes_on_SLIM,20260509,form,KPCWT,3,0,457,49:24.0,,
3_KPCWTform20min_740nm_3006mW_u1_poc0p6_20x0p75NA_457s50_g70_z1_256pix_basicFLIM_120f_0000.sdt,20260509_KPC_fixed_dishes_on_SLIM,20260509,form,KPCWT,3,0,457,32:29.1,,
3_KPCWTform20min_740nm_3006mW_u1_poc0p25_20x0p75NA_535s50_g70_z1_256pix_basicFLIM_120f_0000.sdt,20260509_KPC_fixed_dishes_on_SLIM,20260509,form,KPCWT,3,0,535,04:45.5,,
3_KPCWTform20min_740nm_3006mW_u1_poc0p25_20x0p75NA_475s50_g70_z1_256pix_basicFLIM_120f_0001.sdt,20260509_KPC_fixed_dishes_on_SLIM,20260509,form,KPCWT,3,1,457,50:31.7,,
3_KPCWTform20min_740nm_3006mW_u1_poc0p6_20x0p75NA_457s50_g70_z1_256pix_basicFLIM_120f_0001.sdt,20260509_KPC_fixed_dishes_on_SLIM,20260509,form,KPCWT,3,1,457,33:37.3,,
3_KPCWTform20min_740nm_3006mW_u1_poc0p25_20x0p75NA_535s50_g70_z1_256pix_basicFLIM_120f_0001.sdt,20260509_KPC_fixed_dishes_on_SLIM,20260509,form,KPCWT,3,1,535,05:53.3,,
3_KPCWTform20min_740nm_3006mW_u1_poc0p25_20x0p75NA_475s50_g70_z1_256pix_basicFLIM_120f_0002.sdt,20260509_KPC_fixed_dishes_on_SLIM,20260509,form,KPCWT,3,2,457,51:40.0,,
3_KPCWTform20min_740nm_3006mW_u1_poc0p6_20x0p75NA_457s50_g70_z1_256pix_basicFLIM_120f_0002.sdt,20260509_KPC_fixed_dishes_on_SLIM,20260509,form,KPCWT,3,2,457,34:45.7,,
3_KPCWTform20min_740nm_3006mW_u1_poc0p25_20x0p75NA_535s50_g70_z1_256pix_basicFLIM_120f_0002.sdt,20260509_KPC_fixed_dishes_on_SLIM,20260509,form,KPCWT,3,2,535,07:01.7,,
3_KPCWTform20min_740nm_3006mW_u1_poc0p25_20x0p75NA_475s50_g70_z1_256pix_basicFLIM_120f_0003.sdt,20260509_KPC_fixed_dishes_on_SLIM,20260509,form,KPCWT,3,3,457,52:48.5,,
3_KPCWTform20min_740nm_3006mW_u1_poc0p6_20x0p75NA_457s50_g70_z1_256pix_basicFLIM_120f_0003.sdt,20260509_KPC_fixed_dishes_on_SLIM,20260509,form,KPCWT,3,3,457,35:54.7,,
3_KPCWTform20min_740nm_3006mW_u1_poc0p25_20x0p75NA_535s50_g70_z1_256pix_basicFLIM_120f_0003.sdt,20260509_KPC_fixed_dishes_on_SLIM,20260509,form,KPCWT,3,3,535,08:10.1,,
3_KPCWTform20min_740nm_3006mW_u1_poc0p25_20x0p75NA_475s50_g70_z1_256pix_basicFLIM_120f_0004.sdt,20260509_KPC_fixed_dishes_on_SLIM,20260509,form,KPCWT,3,4,457,53:56.7,,
3_KPCWTform20min_740nm_3006mW_u1_poc0p6_20x0p75NA_457s50_g70_z1_256pix_basicFLIM_120f_0004.sdt,20260509_KPC_fixed_dishes_on_SLIM,20260509,form,KPCWT,3,4,457,37:03.2,,
3_KPCWTform20min_740nm_3006mW_u1_poc0p25_20x0p75NA_535s50_g70_z1_256pix_basicFLIM_120f_0004.sdt,20260509_KPC_fixed_dishes_on_SLIM,20260509,form,KPCWT,3,4,535,09:18.4,,
3_KPCWTform20min_740nm_3006mW_u1_poc0p25_20x0p75NA_475s50_g70_z1_256pix_basicFLIM_120f_0005.sdt,20260509_KPC_fixed_dishes_on_SLIM,20260509,form,KPCWT,3,5,457,55:05.2,,
3_KPCWTform20min_740nm_3006mW_u1_poc0p6_20x0p75NA_457s50_g70_z1_256pix_basicFLIM_120f_0005.sdt,20260509_KPC_fixed_dishes_on_SLIM,20260509,form,KPCWT,3,5,457,38:12.0,,
3_KPCWTform20min_740nm_3006mW_u1_poc0p25_20x0p75NA_535s50_g70_z1_256pix_basicFLIM_120f_0005.sdt,20260509_KPC_fixed_dishes_on_SLIM,20260509,form,KPCWT,3,5,535,10:26.9,,
3_KPCWTform20min_740nm_3006mW_u1_poc0p25_20x0p75NA_475s50_g70_z1_256pix_basicFLIM_120f_0006.sdt,20260509_KPC_fixed_dishes_on_SLIM,20260509,form,KPCWT,3,6,457,56:13.7,,
3_KPCWTform20min_740nm_3006mW_u1_poc0p6_20x0p75NA_457s50_g70_z1_256pix_basicFLIM_120f_0006.sdt,20260509_KPC_fixed_dishes_on_SLIM,20260509,form,KPCWT,3,6,457,39:20.8,,
3_KPCWTform20min_740nm_3006mW_u1_poc0p25_20x0p75NA_535s50_g70_z1_256pix_basicFLIM_120f_0006.sdt,20260509_KPC_fixed_dishes_on_SLIM,20260509,form,KPCWT,3,6,535,11:35.2,,
3_KPCWTform20min_740nm_3006mW_u1_poc0p25_20x0p75NA_475s50_g70_z1_256pix_basicFLIM_120f_0007.sdt,20260509_KPC_fixed_dishes_on_SLIM,20260509,form,KPCWT,3,7,457,57:22.4,,
3_KPCWTform20min_740nm_3006mW_u1_poc0p6_20x0p75NA_457s50_g70_z1_256pix_basicFLIM_120f_0007.sdt,20260509_KPC_fixed_dishes_on_SLIM,20260509,form,KPCWT,3,7,457,40:29.6,,
3_KPCWTform20min_740nm_3006mW_u1_poc0p25_20x0p75NA_535s50_g70_z1_256pix_basicFLIM_120f_0007.sdt,20260509_KPC_fixed_dishes_on_SLIM,20260509,form,KPCWT,3,7,535,12:43.9,,
3_KPCWTform20min_740nm_3006mW_u1_poc0p25_20x0p75NA_475s50_g70_z1_256pix_basicFLIM_120f_0008.sdt,20260509_KPC_fixed_dishes_on_SLIM,20260509,form,KPCWT,3,8,457,58:30.6,,
3_KPCWTform20min_740nm_3006mW_u1_poc0p6_20x0p75NA_457s50_g70_z1_256pix_basicFLIM_120f_0008.sdt,20260509_KPC_fixed_dishes_on_SLIM,20260509,form,KPCWT,3,8,457,41:37.5,,
3_KPCWTform20min_740nm_3006mW_u1_poc0p25_20x0p75NA_535s50_g70_z1_256pix_basicFLIM_120f_0008.sdt,20260509_KPC_fixed_dishes_on_SLIM,20260509,form,KPCWT,3,8,535,13:51.7,,
3_KPCWTform20min_740nm_3006mW_u1_poc0p25_20x0p75NA_475s50_g70_z1_256pix_basicFLIM_120f_0009.sdt,20260509_KPC_fixed_dishes_on_SLIM,20260509,form,KPCWT,3,9,457,59:39.1,,
3_KPCWTform20min_740nm_3006mW_u1_poc0p6_20x0p75NA_457s50_g70_z1_256pix_basicFLIM_120f_0009.sdt,20260509_KPC_fixed_dishes_on_SLIM,20260509,form,KPCWT,3,9,457,42:46.5,,
3_KPCWTform20min_740nm_3006mW_u1_poc0p25_20x0p75NA_535s50_g70_z1_256pix_basicFLIM_120f_0009.sdt,20260509_KPC_fixed_dishes_on_SLIM,20260509,form,KPCWT,3,9,535,15:00.4,,
3_KPCWTform20min_740nm_3006mW_u1_poc0p25_20x0p75NA_475s50_g70_z1_256pix_basicFLIM_120f_0010.sdt,20260509_KPC_fixed_dishes_on_SLIM,20260509,form,KPCWT,3,10,457,00:47.1,,
3_KPCWTform20min_740nm_3006mW_u1_poc0p6_20x0p75NA_457s50_g70_z1_256pix_basicFLIM_120f_0010.sdt,20260509_KPC_fixed_dishes_on_SLIM,20260509,form,KPCWT,3,10,457,43:54.8,,
3_KPCWTform20min_740nm_3006mW_u1_poc0p25_20x0p75NA_535s50_g70_z1_256pix_basicFLIM_120f_0010.sdt,20260509_KPC_fixed_dishes_on_SLIM,20260509,form,KPCWT,3,10,535,16:08.6,,
3_KPCWTform20min_740nm_3006mW_u1_poc0p25_20x0p75NA_475s50_g70_z1_256pix_basicFLIM_120f_0011.sdt,20260509_KPC_fixed_dishes_on_SLIM,20260509,form,KPCWT,3,11,457,01:56.9,,
3_KPCWTform20min_740nm_3006mW_u1_poc0p6_20x0p75NA_457s50_g70_z1_256pix_basicFLIM_120f_0011.sdt,20260509_KPC_fixed_dishes_on_SLIM,20260509,form,KPCWT,3,11,457,45:04.1,,
3_KPCWTform20min_740nm_3006mW_u1_poc0p25_20x0p75NA_535s50_g70_z1_256pix_basicFLIM_120f_0011.sdt,20260509_KPC_fixed_dishes_on_SLIM,20260509,form,KPCWT,3,11,535,17:17.9,,
3_KPCWTform20min_740nm_3006mW_u1_poc0p6_20x0p75NA_457s50_g70_z1_256pix_basicFLIM_120f_0012.sdt,20260509_KPC_fixed_dishes_on_SLIM,20260509,form,KPCWT,3,12,457,11:11.6,,
3_KPCWTform20min_740nm_3006mW_u1_poc0p6_20x0p75NA_457s50_g70_z1_256pix_basicFLIM_120f_0013.sdt,20260509_KPC_fixed_dishes_on_SLIM,20260509,form,KPCWT,3,13,457,12:19.7,,
3_KPCWTform20min_740nm_3006mW_u1_poc0p6_20x0p75NA_457s50_g70_z1_256pix_basicFLIM_120f_0014.sdt,20260509_KPC_fixed_dishes_on_SLIM,20260509,form,KPCWT,3,14,457,13:28.0,,
3_KPCWTform20min_740nm_3006mW_u1_poc0p6_20x0p75NA_457s50_g70_z1_256pix_basicFLIM_120f_0015.sdt,20260509_KPC_fixed_dishes_on_SLIM,20260509,form,KPCWT,3,15,457,14:36.9,,
3_KPCWTform20min_740nm_3006mW_u1_poc0p6_20x0p75NA_457s50_g70_z1_256pix_basicFLIM_120f_0016.sdt,20260509_KPC_fixed_dishes_on_SLIM,20260509,form,KPCWT,3,16,457,15:45.6,,
3_KPCWTform20min_740nm_3006mW_u1_poc0p6_20x0p75NA_457s50_g70_z1_256pix_basicFLIM_120f_0017.sdt,20260509_KPC_fixed_dishes_on_SLIM,20260509,form,KPCWT,3,17,457,16:54.6,,
3_KPCWTform20min_740nm_3006mW_u1_poc0p6_20x0p75NA_457s50_g70_z1_256pix_basicFLIM_120f_0018.sdt,20260509_KPC_fixed_dishes_on_SLIM,20260509,form,KPCWT,3,18,457,18:03.3,,
3_KPCWTform20min_740nm_3006mW_u1_poc0p6_20x0p75NA_457s50_g70_z1_256pix_basicFLIM_120f_0019.sdt,20260509_KPC_fixed_dishes_on_SLIM,20260509,form,KPCWT,3,19,457,19:12.2,,
3_KPCWTform20min_740nm_3006mW_u1_poc0p6_20x0p75NA_457s50_g70_z1_256pix_basicFLIM_120f_0020.sdt,20260509_KPC_fixed_dishes_on_SLIM,20260509,form,KPCWT,3,20,457,20:20.2,,
3_KPCWTform20min_740nm_3006mW_u1_poc0p6_20x0p75NA_457s50_g70_z1_256pix_basicFLIM_120f_0021.sdt,20260509_KPC_fixed_dishes_on_SLIM,20260509,form,KPCWT,3,21,457,21:29.2,,
3_KPCWTform20min_740nm_3006mW_u1_poc0p6_20x0p75NA_457s50_g70_z1_256pix_basicFLIM_120f_0022.sdt,20260509_KPC_fixed_dishes_on_SLIM,20260509,form,KPCWT,3,22,457,22:37.3,,
3_KPCWTform20min_740nm_3006mW_u1_poc0p6_20x0p75NA_457s50_g70_z1_256pix_basicFLIM_120f_0023.sdt,20260509_KPC_fixed_dishes_on_SLIM,20260509,form,KPCWT,3,23,457,23:46.7,,
4_BKOCO2form20min_740nm_2995mW_u1_poc0p25_20x0p75NA_457s50_g70_z1_256pix_basicFLIM_120f_0000.sdt,20260509_KPC_fixed_dishes_on_SLIM,20260509,form,BKO,4,0,457,52:24.9,,
4_BKOCO2form20min_740nm_2995mW_u1_poc0p6_20x0p75NA_457s50_g70_z1_256pix_basicFLIM_120f_0000.sdt,20260509_KPC_fixed_dishes_on_SLIM,20260509,form,BKO,4,0,457,44:08.9,,
4_BKOCO2form20min_740nm_2995mW_u1_poc0p25_20x0p75NA_535s50_g70_z1_256pix_basicFLIM_120f_0000.sdt,20260509_KPC_fixed_dishes_on_SLIM,20260509,form,BKO,4,0,535,22:24.9,,
4_BKOCO2form20min_740nm_2995mW_u1_poc0p6_20x0p75NA_535s50_g70_z1_256pix_basicFLIM_120f_0000.sdt,20260509_KPC_fixed_dishes_on_SLIM,20260509,form,BKO,4,0,535,13:07.4,,
4_BKOCO2form20min_740nm_2995mW_u1_poc0p25_20x0p75NA_457s50_g70_z1_256pix_basicFLIM_120f_0001.sdt,20260509_KPC_fixed_dishes_on_SLIM,20260509,form,BKO,4,1,457,53:33.7,,
4_BKOCO2form20min_740nm_2995mW_u1_poc0p6_20x0p75NA_457s50_g70_z1_256pix_basicFLIM_120f_0001.sdt,20260509_KPC_fixed_dishes_on_SLIM,20260509,form,BKO,4,1,457,45:17.8,,
4_BKOCO2form20min_740nm_2995mW_u1_poc0p25_20x0p75NA_535s50_g70_z1_256pix_basicFLIM_120f_0001.sdt,20260509_KPC_fixed_dishes_on_SLIM,20260509,form,BKO,4,1,535,23:33.7,,
4_BKOCO2form20min_740nm_2995mW_u1_poc0p6_20x0p75NA_535s50_g70_z1_256pix_basicFLIM_120f_0001.sdt,20260509_KPC_fixed_dishes_on_SLIM,20260509,form,BKO,4,1,535,14:16.3,,
4_BKOCO2form20min_740nm_2995mW_u1_poc0p25_20x0p75NA_457s50_g70_z1_256pix_basicFLIM_120f_0002.sdt,20260509_KPC_fixed_dishes_on_SLIM,20260509,form,BKO,4,2,457,54:41.9,,
4_BKOCO2form20min_740nm_2995mW_u1_poc0p6_20x0p75NA_457s50_g70_z1_256pix_basicFLIM_120f_0002.sdt,20260509_KPC_fixed_dishes_on_SLIM,20260509,form,BKO,4,2,457,46:26.3,,
4_BKOCO2form20min_740nm_2995mW_u1_poc0p25_20x0p75NA_535s50_g70_z1_256pix_basicFLIM_120f_0002.sdt,20260509_KPC_fixed_dishes_on_SLIM,20260509,form,BKO,4,2,535,24:42.1,,
4_BKOCO2form20min_740nm_2995mW_u1_poc0p6_20x0p75NA_535s50_g70_z1_256pix_basicFLIM_120f_0002.sdt,20260509_KPC_fixed_dishes_on_SLIM,20260509,form,BKO,4,2,535,15:25.2,,
4_BKOCO2form20min_740nm_2995mW_u1_poc0p25_20x0p75NA_457s50_g70_z1_256pix_basicFLIM_120f_0003.sdt,20260509_KPC_fixed_dishes_on_SLIM,20260509,form,BKO,4,3,457,55:50.3,,
4_BKOCO2form20min_740nm_2995mW_u1_poc0p6_20x0p75NA_457s50_g70_z1_256pix_basicFLIM_120f_0003.sdt,20260509_KPC_fixed_dishes_on_SLIM,20260509,form,BKO,4,3,457,47:34.8,,
4_BKOCO2form20min_740nm_2995mW_u1_poc0p25_20x0p75NA_535s50_g70_z1_256pix_basicFLIM_120f_0003.sdt,20260509_KPC_fixed_dishes_on_SLIM,20260509,form,BKO,4,3,535,25:50.4,,
4_BKOCO2form20min_740nm_2995mW_u1_poc0p6_20x0p75NA_535s50_g70_z1_256pix_basicFLIM_120f_0003.sdt,20260509_KPC_fixed_dishes_on_SLIM,20260509,form,BKO,4,3,535,16:33.7,,
4_BKOCO2form20min_740nm_2995mW_u1_poc0p25_20x0p75NA_457s50_g70_z1_256pix_basicFLIM_120f_0004.sdt,20260509_KPC_fixed_dishes_on_SLIM,20260509,form,BKO,4,4,457,56:58.8,,
4_BKOCO2form20min_740nm_2995mW_u1_poc0p6_20x0p75NA_457s50_g70_z1_256pix_basicFLIM_120f_0004.sdt,20260509_KPC_fixed_dishes_on_SLIM,20260509,form,BKO,4,4,457,48:43.8,,
4_BKOCO2form20min_740nm_2995mW_u1_poc0p25_20x0p75NA_535s50_g70_z1_256pix_basicFLIM_120f_0004.sdt,20260509_KPC_fixed_dishes_on_SLIM,20260509,form,BKO,4,4,535,26:59.4,,
4_BKOCO2form20min_740nm_2995mW_u1_poc0p6_20x0p75NA_535s50_g70_z1_256pix_basicFLIM_120f_0004.sdt,20260509_KPC_fixed_dishes_on_SLIM,20260509,form,BKO,4,4,535,17:42.4,,
4_BKOCO2form20min_740nm_2995mW_u1_poc0p25_20x0p75NA_457s50_g70_z1_256pix_basicFLIM_120f_0005.sdt,20260509_KPC_fixed_dishes_on_SLIM,20260509,form,BKO,4,5,457,58:07.1,,
4_BKOCO2form20min_740nm_2995mW_u1_poc0p6_20x0p75NA_457s50_g70_z1_256pix_basicFLIM_120f_0005.sdt,20260509_KPC_fixed_dishes_on_SLIM,20260509,form,BKO,4,5,457,49:52.2,,
4_BKOCO2form20min_740nm_2995mW_u1_poc0p25_20x0p75NA_535s50_g70_z1_256pix_basicFLIM_120f_0005.sdt,20260509_KPC_fixed_dishes_on_SLIM,20260509,form,BKO,4,5,535,28:08.0,,
4_BKOCO2form20min_740nm_2995mW_u1_poc0p6_20x0p75NA_535s50_g70_z1_256pix_basicFLIM_120f_0005.sdt,20260509_KPC_fixed_dishes_on_SLIM,20260509,form,BKO,4,5,535,18:50.8,,
4_BKOCO2form20min_740nm_2995mW_u1_poc0p25_20x0p75NA_457s50_g70_z1_256pix_basicFLIM_120f_0006.sdt,20260509_KPC_fixed_dishes_on_SLIM,20260509,form,BKO,4,6,457,59:15.2,,
4_BKOCO2form20min_740nm_2995mW_u1_poc0p6_20x0p75NA_457s50_g70_z1_256pix_basicFLIM_120f_0006.sdt,20260509_KPC_fixed_dishes_on_SLIM,20260509,form,BKO,4,6,457,51:00.4,,
4_BKOCO2form20min_740nm_2995mW_u1_poc0p25_20x0p75NA_535s50_g70_z1_256pix_basicFLIM_120f_0006.sdt,20260509_KPC_fixed_dishes_on_SLIM,20260509,form,BKO,4,6,535,29:16.2,,
4_BKOCO2form20min_740nm_2995mW_u1_poc0p6_20x0p75NA_535s50_g70_z1_256pix_basicFLIM_120f_0006.sdt,20260509_KPC_fixed_dishes_on_SLIM,20260509,form,BKO,4,6,535,19:59.2,,
4_BKOCO2form20min_740nm_2995mW_u1_poc0p25_20x0p75NA_457s50_g70_z1_256pix_basicFLIM_120f_0007.sdt,20260509_KPC_fixed_dishes_on_SLIM,20260509,form,BKO,4,7,457,00:24.0,,
4_BKOCO2form20min_740nm_2995mW_u1_poc0p6_20x0p75NA_457s50_g70_z1_256pix_basicFLIM_120f_0007.sdt,20260509_KPC_fixed_dishes_on_SLIM,20260509,form,BKO,4,7,457,52:09.1,,
4_BKOCO2form20min_740nm_2995mW_u1_poc0p25_20x0p75NA_535s50_g70_z1_256pix_basicFLIM_120f_0007.sdt,20260509_KPC_fixed_dishes_on_SLIM,20260509,form,BKO,4,7,535,30:24.8,,
4_BKOCO2form20min_740nm_2995mW_u1_poc0p6_20x0p75NA_535s50_g70_z1_256pix_basicFLIM_120f_0007.sdt,20260509_KPC_fixed_dishes_on_SLIM,20260509,form,BKO,4,7,535,21:08.1,,
4_BKOCO2form20min_740nm_2995mW_u1_poc0p25_20x0p75NA_457s50_g70_z1_256pix_basicFLIM_120f_0008.sdt,20260509_KPC_fixed_dishes_on_SLIM,20260509,form,BKO,4,8,457,01:32.4,,
4_BKOCO2form20min_740nm_2995mW_u1_poc0p6_20x0p75NA_457s50_g70_z1_256pix_basicFLIM_120f_0008.sdt,20260509_KPC_fixed_dishes_on_SLIM,20260509,form,BKO,4,8,457,53:17.8,,
4_BKOCO2form20min_740nm_2995mW_u1_poc0p25_20x0p75NA_535s50_g70_z1_256pix_basicFLIM_120f_0008.sdt,20260509_KPC_fixed_dishes_on_SLIM,20260509,form,BKO,4,8,535,31:33.6,,
4_BKOCO2form20min_740nm_2995mW_u1_poc0p6_20x0p75NA_535s50_g70_z1_256pix_basicFLIM_120f_0008.sdt,20260509_KPC_fixed_dishes_on_SLIM,20260509,form,BKO,4,8,535,22:16.7,,
4_BKOCO2form20min_740nm_2995mW_u1_poc0p25_20x0p75NA_457s50_g70_z1_256pix_basicFLIM_120f_0009.sdt,20260509_KPC_fixed_dishes_on_SLIM,20260509,form,BKO,4,9,457,02:42.2,,
4_BKOCO2form20min_740nm_2995mW_u1_poc0p6_20x0p75NA_457s50_g70_z1_256pix_basicFLIM_120f_0009.sdt,20260509_KPC_fixed_dishes_on_SLIM,20260509,form,BKO,4,9,457,54:27.7,,
4_BKOCO2form20min_740nm_2995mW_u1_poc0p25_20x0p75NA_535s50_g70_z1_256pix_basicFLIM_120f_0009.sdt,20260509_KPC_fixed_dishes_on_SLIM,20260509,form,BKO,4,9,535,32:43.9,,
4_BKOCO2form20min_740nm_2995mW_u1_poc0p6_20x0p75NA_535s50_g70_z1_256pix_basicFLIM_120f_0009.sdt,20260509_KPC_fixed_dishes_on_SLIM,20260509,form,BKO,4,9,535,23:26.5,,
4_BKOCO2form20min_740nm_2995mW_u1_poc0p25_20x0p75NA_457s50_g70_z1_256pix_basicFLIM_120f_0010.sdt,20260509_KPC_fixed_dishes_on_SLIM,20260509,form,BKO,4,10,457,03:51.2,,
4_BKOCO2form20min_740nm_2995mW_u1_poc0p6_20x0p75NA_457s50_g70_z1_256pix_basicFLIM_120f_0010.sdt,20260509_KPC_fixed_dishes_on_SLIM,20260509,form,BKO,4,10,457,55:36.8,,
4_BKOCO2form20min_740nm_2995mW_u1_poc0p25_20x0p75NA_535s50_g70_z1_256pix_basicFLIM_120f_0010.sdt,20260509_KPC_fixed_dishes_on_SLIM,20260509,form,BKO,4,10,535,33:53.3,,
4_BKOCO2form20min_740nm_2995mW_u1_poc0p6_20x0p75NA_535s50_g70_z1_256pix_basicFLIM_120f_0010.sdt,20260509_KPC_fixed_dishes_on_SLIM,20260509,form,BKO,4,10,535,24:35.5,,
4_BKOCO2form20min_740nm_2995mW_u1_poc0p25_20x0p75NA_457s50_g70_z1_256pix_basicFLIM_120f_0011.sdt,20260509_KPC_fixed_dishes_on_SLIM,20260509,form,BKO,4,11,457,04:59.2,,
4_BKOCO2form20min_740nm_2995mW_u1_poc0p6_20x0p75NA_457s50_g70_z1_256pix_basicFLIM_120f_0011.sdt,20260509_KPC_fixed_dishes_on_SLIM,20260509,form,BKO,4,11,457,56:45.3,,
4_BKOCO2form20min_740nm_2995mW_u1_poc0p25_20x0p75NA_535s50_g70_z1_256pix_basicFLIM_120f_0011.sdt,20260509_KPC_fixed_dishes_on_SLIM,20260509,form,BKO,4,11,535,35:01.4,,
4_BKOCO2form20min_740nm_2995mW_u1_poc0p6_20x0p75NA_535s50_g70_z1_256pix_basicFLIM_120f_0011.sdt,20260509_KPC_fixed_dishes_on_SLIM,20260509,form,BKO,4,11,535,25:43.6,,
4_BKOCO2form20min_740nm_2995mW_u1_poc0p25_20x0p75NA_457s50_g70_z1_256pix_basicFLIM_120f_0012.sdt,20260509_KPC_fixed_dishes_on_SLIM,20260509,form,BKO,4,12,457,06:07.2,,
4_BKOCO2form20min_740nm_2995mW_u1_poc0p6_20x0p75NA_457s50_g70_z1_256pix_basicFLIM_120f_0012.sdt,20260509_KPC_fixed_dishes_on_SLIM,20260509,form,BKO,4,12,457,57:53.6,,
4_BKOCO2form20min_740nm_2995mW_u1_poc0p25_20x0p75NA_535s50_g70_z1_256pix_basicFLIM_120f_0012.sdt,20260509_KPC_fixed_dishes_on_SLIM,20260509,form,BKO,4,12,535,36:09.3,,
4_BKOCO2form20min_740nm_2995mW_u1_poc0p6_20x0p75NA_535s50_g70_z1_256pix_basicFLIM_120f_0012.sdt,20260509_KPC_fixed_dishes_on_SLIM,20260509,form,BKO,4,12,535,26:51.9,,
4_BKOCO2form20min_740nm_2995mW_u1_poc0p25_20x0p75NA_457s50_g70_z1_256pix_basicFLIM_120f_0013.sdt,20260509_KPC_fixed_dishes_on_SLIM,20260509,form,BKO,4,13,457,07:16.2,,
4_BKOCO2form20min_740nm_2995mW_u1_poc0p6_20x0p75NA_457s50_g70_z1_256pix_basicFLIM_120f_0013.sdt,20260509_KPC_fixed_dishes_on_SLIM,20260509,form,BKO,4,13,457,59:02.9,,
4_BKOCO2form20min_740nm_2995mW_u1_poc0p25_20x0p75NA_535s50_g70_z1_256pix_basicFLIM_120f_0013.sdt,20260509_KPC_fixed_dishes_on_SLIM,20260509,form,BKO,4,13,535,37:18.5,,
4_BKOCO2form20min_740nm_2995mW_u1_poc0p6_20x0p75NA_535s50_g70_z1_256pix_basicFLIM_120f_0013.sdt,20260509_KPC_fixed_dishes_on_SLIM,20260509,form,BKO,4,13,535,28:01.1,,
4_BKOCO2form20min_740nm_2995mW_u1_poc0p25_20x0p75NA_457s50_g70_z1_256pix_basicFLIM_120f_0014.sdt,20260509_KPC_fixed_dishes_on_SLIM,20260509,form,BKO,4,14,457,08:25.7,,
4_BKOCO2form20min_740nm_2995mW_u1_poc0p6_20x0p75NA_457s50_g70_z1_256pix_basicFLIM_120f_0014.sdt,20260509_KPC_fixed_dishes_on_SLIM,20260509,form,BKO,4,14,457,00:12.4,,
4_BKOCO2form20min_740nm_2995mW_u1_poc0p25_20x0p75NA_535s50_g70_z1_256pix_basicFLIM_120f_0014.sdt,20260509_KPC_fixed_dishes_on_SLIM,20260509,form,BKO,4,14,535,38:27.8,,
4_BKOCO2form20min_740nm_2995mW_u1_poc0p6_20x0p75NA_535s50_g70_z1_256pix_basicFLIM_120f_0014.sdt,20260509_KPC_fixed_dishes_on_SLIM,20260509,form,BKO,4,14,535,29:10.6,,
4_BKOCO2form20min_740nm_2995mW_u1_poc0p25_20x0p75NA_457s50_g70_z1_256pix_basicFLIM_120f_0015.sdt,20260509_KPC_fixed_dishes_on_SLIM,20260509,form,BKO,4,15,457,09:33.8,,
4_BKOCO2form20min_740nm_2995mW_u1_poc0p6_20x0p75NA_457s50_g70_z1_256pix_basicFLIM_120f_0015.sdt,20260509_KPC_fixed_dishes_on_SLIM,20260509,form,BKO,4,15,457,01:20.8,,
4_BKOCO2form20min_740nm_2995mW_u1_poc0p25_20x0p75NA_535s50_g70_z1_256pix_basicFLIM_120f_0015.sdt,20260509_KPC_fixed_dishes_on_SLIM,20260509,form,BKO,4,15,535,39:36.3,,
4_BKOCO2form20min_740nm_2995mW_u1_poc0p6_20x0p75NA_535s50_g70_z1_256pix_basicFLIM_120f_0015.sdt,20260509_KPC_fixed_dishes_on_SLIM,20260509,form,BKO,4,15,535,30:18.8,,
3_KPCWTformP4num4_740nm_3037mW_u1_poc0p2_20x0p75NA_475s50_g70_z1_256pix_basicFLIM_30f_0000.sdt,20260429_KPC_fixed_dishes_on_SLIM,20260429,form,KPCWT,3,0,457,37:05.5,,
3_KPCWTformP4num4_740nm_3037mW_u1_poc0p2_20x0p75NA_535s50_g70_z1_256pix_basicFLIM_90f_0000.sdt,20260429_KPC_fixed_dishes_on_SLIM,20260429,form,KPCWT,3,0,535,58:15.0,,
3_KPCWTformP4num4_740nm_3037mW_u1_poc0p2_20x0p75NA_475s50_g70_z1_256pix_basicFLIM_30f_0001.sdt,20260429_KPC_fixed_dishes_on_SLIM,20260429,form,KPCWT,3,1,457,37:57.5,,
3_KPCWTformP4num4_740nm_3037mW_u1_poc0p2_20x0p75NA_535s50_g70_z1_256pix_basicFLIM_90f_0001.sdt,20260429_KPC_fixed_dishes_on_SLIM,20260429,form,KPCWT,3,1,535,59:07.0,,
3_KPCWTformP4num4_740nm_3037mW_u1_poc0p2_20x0p75NA_475s50_g70_z1_256pix_basicFLIM_30f_0002.sdt,20260429_KPC_fixed_dishes_on_SLIM,20260429,form,KPCWT,3,2,457,38:49.4,,
3_KPCWTformP4num4_740nm_3037mW_u1_poc0p2_20x0p75NA_535s50_g70_z1_256pix_basicFLIM_90f_0002.sdt,20260429_KPC_fixed_dishes_on_SLIM,20260429,form,KPCWT,3,2,535,59:58.9,,
3_KPCWTformP4num4_740nm_3037mW_u1_poc0p2_20x0p75NA_475s50_g70_z1_256pix_basicFLIM_30f_0003.sdt,20260429_KPC_fixed_dishes_on_SLIM,20260429,form,KPCWT,3,3,457,39:42.0,,
3_KPCWTformP4num4_740nm_3037mW_u1_poc0p2_20x0p75NA_535s50_g70_z1_256pix_basicFLIM_90f_0003.sdt,20260429_KPC_fixed_dishes_on_SLIM,20260429,form,KPCWT,3,3,535,00:51.6,,
3_KPCWTformP4num4_740nm_3037mW_u1_poc0p2_20x0p75NA_475s50_g70_z1_256pix_basicFLIM_30f_0004.sdt,20260429_KPC_fixed_dishes_on_SLIM,20260429,form,KPCWT,3,4,457,40:33.9,,
3_KPCWTformP4num4_740nm_3037mW_u1_poc0p2_20x0p75NA_535s50_g70_z1_256pix_basicFLIM_90f_0004.sdt,20260429_KPC_fixed_dishes_on_SLIM,20260429,form,KPCWT,3,4,535,01:43.6,,
3_KPCWTformP4num4_740nm_3037mW_u1_poc0p2_20x0p75NA_475s50_g70_z1_256pix_basicFLIM_30f_0005.sdt,20260429_KPC_fixed_dishes_on_SLIM,20260429,form,KPCWT,3,5,457,41:28.2,,
3_KPCWTformP4num4_740nm_3037mW_u1_poc0p2_20x0p75NA_535s50_g70_z1_256pix_basicFLIM_90f_0005.sdt,20260429_KPC_fixed_dishes_on_SLIM,20260429,form,KPCWT,3,5,535,02:35.6,,
3_KPCWTformP4num4_740nm_3037mW_u1_poc0p2_20x0p75NA_475s50_g70_z1_256pix_basicFLIM_30f_0006.sdt,20260429_KPC_fixed_dishes_on_SLIM,20260429,form,KPCWT,3,6,457,42:21.0,,
3_KPCWTformP4num4_740nm_3037mW_u1_poc0p2_20x0p75NA_535s50_g70_z1_256pix_basicFLIM_90f_0006.sdt,20260429_KPC_fixed_dishes_on_SLIM,20260429,form,KPCWT,3,6,535,03:27.9,,
3_KPCWTformP4num4_740nm_3037mW_u1_poc0p2_20x0p75NA_475s50_g70_z1_256pix_basicFLIM_30f_0007.sdt,20260429_KPC_fixed_dishes_on_SLIM,20260429,form,KPCWT,3,7,457,43:12.5,,
3_KPCWTformP4num4_740nm_3037mW_u1_poc0p2_20x0p75NA_535s50_g70_z1_256pix_basicFLIM_90f_0007.sdt,20260429_KPC_fixed_dishes_on_SLIM,20260429,form,KPCWT,3,7,535,04:19.5,,
3_KPCWTformP4num4_740nm_3037mW_u1_poc0p2_20x0p75NA_475s50_g70_z1_256pix_basicFLIM_30f_0008.sdt,20260429_KPC_fixed_dishes_on_SLIM,20260429,form,KPCWT,3,8,457,44:05.4,,
3_KPCWTformP4num4_740nm_3037mW_u1_poc0p2_20x0p75NA_535s50_g70_z1_256pix_basicFLIM_90f_0008.sdt,20260429_KPC_fixed_dishes_on_SLIM,20260429,form,KPCWT,3,8,535,05:12.1,,
3_KPCWTformP4num4_740nm_3037mW_u1_poc0p2_20x0p75NA_475s50_g70_z1_256pix_basicFLIM_30f_0009.sdt,20260429_KPC_fixed_dishes_on_SLIM,20260429,form,KPCWT,3,9,457,44:57.8,,
3_KPCWTformP4num4_740nm_3037mW_u1_poc0p2_20x0p75NA_535s50_g70_z1_256pix_basicFLIM_90f_0009.sdt,20260429_KPC_fixed_dishes_on_SLIM,20260429,form,KPCWT,3,9,535,06:04.5,,
3_KPCWTformP4num4_pos5_740nm_3037mW_u1_poc0p2_20x0p75NA_475s50_g70_z1_256pix_basicFLIM_30f_0010.sdt,20260429_KPC_fixed_dishes_on_SLIM,20260429,form,KPCWT,3,10,457,46:56.6,,
3_KPCWTformP4num4_pos6_740nm_3037mW_u1_poc0p2_20x0p75NA_475s50_g70_z1_256pix_basicFLIM_30f_0011.sdt,20260429_KPC_fixed_dishes_on_SLIM,20260429,form,KPCWT,3,11,457,47:48.9,,
3_KPCWTformP4num4_pos7_740nm_3037mW_u1_poc0p2_20x0p75NA_475s50_g70_z1_256pix_basicFLIM_30f_0012.sdt,20260429_KPC_fixed_dishes_on_SLIM,20260429,form,KPCWT,3,12,457,48:40.5,,
4_KPCWT0416formP4num3_740nm_3037mW_u1_poc0p2_20x0p75NA_457s50_g70_z1_256pix_basicFLIM_90f_0000.sdt,20260429_KPC_fixed_dishes_on_SLIM,20260429,form,KPCWT,4,0,457,46:38.1,,
4_KPCWT0416formP4num3_740nm_3037mW_u1_poc0p2_20x0p75NA_535s50_g70_z1_256pix_basicFLIM_90f_0000.sdt,20260429_KPC_fixed_dishes_on_SLIM,20260429,form,KPCWT,4,0,535,07:14.2,,
4_KPCWT0416formP4num3_740nm_3037mW_u1_poc0p2_20x0p75NA_457s50_g70_z1_256pix_basicFLIM_90f_0001.sdt,20260429_KPC_fixed_dishes_on_SLIM,20260429,form,KPCWT,4,1,457,47:30.1,,
4_KPCWT0416formP4num3_740nm_3037mW_u1_poc0p2_20x0p75NA_535s50_g70_z1_256pix_basicFLIM_90f_0001.sdt,20260429_KPC_fixed_dishes_on_SLIM,20260429,form,KPCWT,4,1,535,08:06.2,,
4_KPCWT0416formP4num3_740nm_3037mW_u1_poc0p2_20x0p75NA_457s50_g70_z1_256pix_basicFLIM_90f_0002.sdt,20260429_KPC_fixed_dishes_on_SLIM,20260429,form,KPCWT,4,2,457,48:21.8,,
4_KPCWT0416formP4num3_740nm_3037mW_u1_poc0p2_20x0p75NA_535s50_g70_z1_256pix_basicFLIM_90f_0002.sdt,20260429_KPC_fixed_dishes_on_SLIM,20260429,form,KPCWT,4,2,535,08:57.8,,
4_KPCWT0416formP4num3_740nm_3037mW_u1_poc0p2_20x0p75NA_457s50_g70_z1_256pix_basicFLIM_90f_0003.sdt,20260429_KPC_fixed_dishes_on_SLIM,20260429,form,KPCWT,4,3,457,49:13.4,,
4_KPCWT0416formP4num3_740nm_3037mW_u1_poc0p2_20x0p75NA_535s50_g70_z1_256pix_basicFLIM_90f_0003.sdt,20260429_KPC_fixed_dishes_on_SLIM,20260429,form,KPCWT,4,3,535,09:49.2,,
4_KPCWT0416formP4num3_740nm_3037mW_u1_poc0p2_20x0p75NA_457s50_g70_z1_256pix_basicFLIM_90f_0004.sdt,20260429_KPC_fixed_dishes_on_SLIM,20260429,form,KPCWT,4,4,457,50:05.4,,
4_KPCWT0416formP4num3_740nm_3037mW_u1_poc0p2_20x0p75NA_535s50_g70_z1_256pix_basicFLIM_90f_0004.sdt,20260429_KPC_fixed_dishes_on_SLIM,20260429,form,KPCWT,4,4,535,10:41.3,,
4_KPCWT0416formP4num3_740nm_3037mW_u1_poc0p2_20x0p75NA_457s50_g70_z1_256pix_basicFLIM_90f_0005.sdt,20260429_KPC_fixed_dishes_on_SLIM,20260429,form,KPCWT,4,5,457,50:57.2,,
4_KPCWT0416formP4num3_740nm_3037mW_u1_poc0p2_20x0p75NA_535s50_g70_z1_256pix_basicFLIM_90f_0005.sdt,20260429_KPC_fixed_dishes_on_SLIM,20260429,form,KPCWT,4,5,535,11:33.1,,
4_KPCWT0416formP4num3_740nm_3037mW_u1_poc0p2_20x0p75NA_457s50_g70_z1_256pix_basicFLIM_90f_0006.sdt,20260429_KPC_fixed_dishes_on_SLIM,20260429,form,KPCWT,4,6,457,51:48.9,,
4_KPCWT0416formP4num3_740nm_3037mW_u1_poc0p2_20x0p75NA_535s50_g70_z1_256pix_basicFLIM_90f_0006.sdt,20260429_KPC_fixed_dishes_on_SLIM,20260429,form,KPCWT,4,6,535,12:24.8,,
4_KPCWT0416formP4num3_740nm_3037mW_u1_poc0p2_20x0p75NA_457s50_g70_z1_256pix_basicFLIM_90f_0007.sdt,20260429_KPC_fixed_dishes_on_SLIM,20260429,form,KPCWT,4,7,457,52:40.7,,
4_KPCWT0416formP4num3_740nm_3037mW_u1_poc0p2_20x0p75NA_535s50_g70_z1_256pix_basicFLIM_90f_0007.sdt,20260429_KPC_fixed_dishes_on_SLIM,20260429,form,KPCWT,4,7,535,13:16.4,,
4_KPCWT0416formP4num3_740nm_3037mW_u1_poc0p2_20x0p75NA_457s50_g70_z1_256pix_basicFLIM_90f_0008.sdt,20260429_KPC_fixed_dishes_on_SLIM,20260429,form,KPCWT,4,8,457,53:32.6,,
4_KPCWT0416formP4num3_740nm_3037mW_u1_poc0p2_20x0p75NA_535s50_g70_z1_256pix_basicFLIM_90f_0008.sdt,20260429_KPC_fixed_dishes_on_SLIM,20260429,form,KPCWT,4,8,535,14:08.4,,
4_KPCWT0416formP4num3_740nm_3037mW_u1_poc0p2_20x0p75NA_457s50_g70_z1_256pix_basicFLIM_90f_0009.sdt,20260429_KPC_fixed_dishes_on_SLIM,20260429,form,KPCWT,4,9,457,54:24.1,,
4_KPCWT0416formP4num3_740nm_3037mW_u1_poc0p2_20x0p75NA_535s50_g70_z1_256pix_basicFLIM_90f_0009.sdt,20260429_KPC_fixed_dishes_on_SLIM,20260429,form,KPCWT,4,9,535,14:59.8,,
3_KPCWT0430glu10min_740nm_3024mW_u1_poc0p15_20x0p75NA_457s50_g70_z1_256pix_basicFLIM_90f_0000.sdt,20260501_KPC_fixed_dishes_on_SLIM,20260501,glu,KPCWT,3,0,457,35:05.3,,
3_KPCWT0430glu10min_740nm_3024mW_u1_poc0p2_20x0p75NA_457s50_g70_z1_256pix_basicFLIM_120f_0000.sdt,20260501_KPC_fixed_dishes_on_SLIM,20260501,glu,KPCWT,3,0,457,36:55.0,,
3_KPCWT0430glu10min_740nm_3024mW_u1_poc0p2_20x0p75NA_535s50_g70_z1_256pix_basicFLIM_120f_0000.sdt,20260501_KPC_fixed_dishes_on_SLIM,20260501,glu,KPCWT,3,0,535,49:30.0,,
3_KPCWT0430glu10min_740nm_3024mW_u1_poc0p2_20x0p75NA_457s50_g70_z1_256pix_basicFLIM_120f_0001.sdt,20260501_KPC_fixed_dishes_on_SLIM,20260501,glu,KPCWT,3,1,457,38:03.1,,
3_KPCWT0430glu10min_740nm_3024mW_u1_poc0p2_20x0p75NA_535s50_g70_z1_256pix_basicFLIM_120f_0001.sdt,20260501_KPC_fixed_dishes_on_SLIM,20260501,glu,KPCWT,3,1,535,50:38.4,,
3_KPCWT0430glu10min_740nm_3024mW_u1_poc0p2_20x0p75NA_457s50_g70_z1_256pix_basicFLIM_120f_0002.sdt,20260501_KPC_fixed_dishes_on_SLIM,20260501,glu,KPCWT,3,2,457,39:11.5,,
3_KPCWT0430glu10min_740nm_3024mW_u1_poc0p2_20x0p75NA_535s50_g70_z1_256pix_basicFLIM_120f_0002.sdt,20260501_KPC_fixed_dishes_on_SLIM,20260501,glu,KPCWT,3,2,535,51:47.0,,
3_KPCWT0430glu10min_740nm_3024mW_u1_poc0p2_20x0p75NA_457s50_g70_z1_256pix_basicFLIM_120f_0003.sdt,20260501_KPC_fixed_dishes_on_SLIM,20260501,glu,KPCWT,3,3,457,40:20.2,,
3_KPCWT0430glu10min_740nm_3024mW_u1_poc0p2_20x0p75NA_535s50_g70_z1_256pix_basicFLIM_120f_0003.sdt,20260501_KPC_fixed_dishes_on_SLIM,20260501,glu,KPCWT,3,3,535,52:55.7,,
3_KPCWT0430glu10min_740nm_3024mW_u1_poc0p2_20x0p75NA_457s50_g70_z1_256pix_basicFLIM_120f_0004.sdt,20260501_KPC_fixed_dishes_on_SLIM,20260501,glu,KPCWT,3,4,457,41:28.6,,
3_KPCWT0430glu10min_740nm_3024mW_u1_poc0p2_20x0p75NA_535s50_g70_z1_256pix_basicFLIM_120f_0004.sdt,20260501_KPC_fixed_dishes_on_SLIM,20260501,glu,KPCWT,3,4,535,54:04.6,,
3_KPCWT0430glu10min_740nm_3024mW_u1_poc0p2_20x0p75NA_457s50_g70_z1_256pix_basicFLIM_120f_0005.sdt,20260501_KPC_fixed_dishes_on_SLIM,20260501,glu,KPCWT,3,5,457,42:37.3,,
3_KPCWT0430glu10min_740nm_3024mW_u1_poc0p2_20x0p75NA_535s50_g70_z1_256pix_basicFLIM_120f_0005.sdt,20260501_KPC_fixed_dishes_on_SLIM,20260501,glu,KPCWT,3,5,535,55:13.7,,
3_KPCWT0430glu10min_740nm_3024mW_u1_poc0p2_20x0p75NA_457s50_g70_z1_256pix_basicFLIM_120f_0006.sdt,20260501_KPC_fixed_dishes_on_SLIM,20260501,glu,KPCWT,3,6,457,43:46.0,,
3_KPCWT0430glu10min_740nm_3024mW_u1_poc0p2_20x0p75NA_535s50_g70_z1_256pix_basicFLIM_120f_0006.sdt,20260501_KPC_fixed_dishes_on_SLIM,20260501,glu,KPCWT,3,6,535,56:22.6,,
3_KPCWT0430glu10min_740nm_3024mW_u1_poc0p2_20x0p75NA_457s50_g70_z1_256pix_basicFLIM_120f_0007.sdt,20260501_KPC_fixed_dishes_on_SLIM,20260501,glu,KPCWT,3,7,457,44:56.0,,
3_KPCWT0430glu10min_740nm_3024mW_u1_poc0p2_20x0p75NA_535s50_g70_z1_256pix_basicFLIM_120f_0007.sdt,20260501_KPC_fixed_dishes_on_SLIM,20260501,glu,KPCWT,3,7,535,57:33.1,,
3_KPCWT0430glu10min_740nm_3024mW_u1_poc0p2_20x0p75NA_457s50_g70_z1_256pix_basicFLIM_120f_0008.sdt,20260501_KPC_fixed_dishes_on_SLIM,20260501,glu,KPCWT,3,8,457,46:04.5,,
3_KPCWT0430glu10min_740nm_3024mW_u1_poc0p2_20x0p75NA_535s50_g70_z1_256pix_basicFLIM_120f_0008.sdt,20260501_KPC_fixed_dishes_on_SLIM,20260501,glu,KPCWT,3,8,535,58:41.8,,
3_KPCWT0430glu10min_740nm_3024mW_u1_poc0p2_20x0p75NA_457s50_g70_z1_256pix_basicFLIM_120f_0009.sdt,20260501_KPC_fixed_dishes_on_SLIM,20260501,glu,KPCWT,3,9,457,47:13.6,,
3_KPCWT0430glu10min_740nm_3024mW_u1_poc0p2_20x0p75NA_535s50_g70_z1_256pix_basicFLIM_120f_0009.sdt,20260501_KPC_fixed_dishes_on_SLIM,20260501,glu,KPCWT,3,9,535,59:51.2,,
4_BKO0430glu10min_740nm_3038mW_u1_poc0p2_20x0p75NA_457s50_g70_z1_256pix_basicFLIM_100f_0000.sdt,20260501_KPC_fixed_dishes_on_SLIM,20260501,glu,BKO,4,0,457,22:09.1,,
4_BKO0430glu10min_740nm_3024mW_u1_poc0p2_20x0p75NA_535s50_g70_z1_256pix_basicFLIM_60f_0000.sdt,20260501_KPC_fixed_dishes_on_SLIM,20260501,glu,BKO,4,0,535,09:00.7,,
4_BKO0430glu10min_740nm_3024mW_u1_poc0p2_20x0p75NA_535s50_g70_z1_256pix_basicFLIM_40f_0000.sdt,20260501_KPC_fixed_dishes_on_SLIM,20260501,glu,BKO,4,0,535,15:04.9,,
4_BKO0430glu10min_740nm_3038mW_u1_poc0p2_20x0p75NA_457s50_g70_z1_256pix_basicFLIM_100f_0001.sdt,20260501_KPC_fixed_dishes_on_SLIM,20260501,glu,BKO,4,1,457,23:07.4,,
4_BKO0430glu10min_740nm_3024mW_u1_poc0p2_20x0p75NA_535s50_g70_z1_256pix_basicFLIM_60f_0001.sdt,20260501_KPC_fixed_dishes_on_SLIM,20260501,glu,BKO,4,1,535,09:36.5,,
4_BKO0430glu10min_740nm_3024mW_u1_poc0p2_20x0p75NA_535s50_g70_z1_256pix_basicFLIM_40f_0001.sdt,20260501_KPC_fixed_dishes_on_SLIM,20260501,glu,BKO,4,1,535,15:29.6,,
4_BKO0430glu10min_740nm_3038mW_u1_poc0p2_20x0p75NA_457s50_g70_z1_256pix_basicFLIM_100f_0002.sdt,20260501_KPC_fixed_dishes_on_SLIM,20260501,glu,BKO,4,2,457,24:05.5,,
4_BKO0430glu10min_740nm_3024mW_u1_poc0p2_20x0p75NA_535s50_g70_z1_256pix_basicFLIM_60f_0002.sdt,20260501_KPC_fixed_dishes_on_SLIM,20260501,glu,BKO,4,2,535,10:12.0,,
4_BKO0430glu10min_740nm_3024mW_u1_poc0p2_20x0p75NA_535s50_g70_z1_256pix_basicFLIM_40f_0002.sdt,20260501_KPC_fixed_dishes_on_SLIM,20260501,glu,BKO,4,2,535,15:53.9,,
4_BKO0430glu10min_740nm_3038mW_u1_poc0p2_20x0p75NA_457s50_g70_z1_256pix_basicFLIM_100f_0003.sdt,20260501_KPC_fixed_dishes_on_SLIM,20260501,glu,BKO,4,3,457,25:02.9,,
4_BKO0430glu10min_740nm_3024mW_u1_poc0p2_20x0p75NA_535s50_g70_z1_256pix_basicFLIM_60f_0003.sdt,20260501_KPC_fixed_dishes_on_SLIM,20260501,glu,BKO,4,3,535,10:47.0,,
4_BKO0430glu10min_740nm_3024mW_u1_poc0p2_20x0p75NA_535s50_g70_z1_256pix_basicFLIM_40f_0003.sdt,20260501_KPC_fixed_dishes_on_SLIM,20260501,glu,BKO,4,3,535,16:17.8,,
4_BKO0430glu10min_740nm_3038mW_u1_poc0p2_20x0p75NA_457s50_g70_z1_256pix_basicFLIM_100f_0004.sdt,20260501_KPC_fixed_dishes_on_SLIM,20260501,glu,BKO,4,4,457,26:01.2,,
4_BKO0430glu10min_740nm_3024mW_u1_poc0p2_20x0p75NA_535s50_g70_z1_256pix_basicFLIM_60f_0004.sdt,20260501_KPC_fixed_dishes_on_SLIM,20260501,glu,BKO,4,4,535,11:22.9,,
4_BKO0430glu10min_740nm_3024mW_u1_poc0p2_20x0p75NA_535s50_g70_z1_256pix_basicFLIM_40f_0004.sdt,20260501_KPC_fixed_dishes_on_SLIM,20260501,glu,BKO,4,4,535,16:42.7,,
4_BKO0430glu10min_740nm_3038mW_u1_poc0p2_20x0p75NA_457s50_g70_z1_256pix_basicFLIM_100f_0005.sdt,20260501_KPC_fixed_dishes_on_SLIM,20260501,glu,BKO,4,5,457,26:59.2,,
4_BKO0430glu10min_740nm_3024mW_u1_poc0p2_20x0p75NA_535s50_g70_z1_256pix_basicFLIM_60f_0005.sdt,20260501_KPC_fixed_dishes_on_SLIM,20260501,glu,BKO,4,5,535,11:58.5,,
4_BKO0430glu10min_740nm_3024mW_u1_poc0p2_20x0p75NA_535s50_g70_z1_256pix_basicFLIM_40f_0005.sdt,20260501_KPC_fixed_dishes_on_SLIM,20260501,glu,BKO,4,5,535,17:07.1,,
4_BKO0430glu10min_740nm_3038mW_u1_poc0p2_20x0p75NA_457s50_g70_z1_256pix_basicFLIM_100f_0006.sdt,20260501_KPC_fixed_dishes_on_SLIM,20260501,glu,BKO,4,6,457,27:57.9,,
4_BKO0430glu10min_740nm_3024mW_u1_poc0p2_20x0p75NA_535s50_g70_z1_256pix_basicFLIM_60f_0006.sdt,20260501_KPC_fixed_dishes_on_SLIM,20260501,glu,BKO,4,6,535,12:34.9,,
4_BKO0430glu10min_740nm_3024mW_u1_poc0p2_20x0p75NA_535s50_g70_z1_256pix_basicFLIM_40f_0006.sdt,20260501_KPC_fixed_dishes_on_SLIM,20260501,glu,BKO,4,6,535,17:32.2,,
4_BKO0430glu10min_740nm_3038mW_u1_poc0p2_20x0p75NA_457s50_g70_z1_256pix_basicFLIM_100f_0007.sdt,20260501_KPC_fixed_dishes_on_SLIM,20260501,glu,BKO,4,7,457,28:56.9,,
4_BKO0430glu10min_740nm_3024mW_u1_poc0p2_20x0p75NA_535s50_g70_z1_256pix_basicFLIM_60f_0007.sdt,20260501_KPC_fixed_dishes_on_SLIM,20260501,glu,BKO,4,7,535,13:11.4,,
4_BKO0430glu10min_740nm_3024mW_u1_poc0p2_20x0p75NA_535s50_g70_z1_256pix_basicFLIM_40f_0007.sdt,20260501_KPC_fixed_dishes_on_SLIM,20260501,glu,BKO,4,7,535,17:57.6,,
4_BKO0430glu10min_740nm_3038mW_u1_poc0p2_20x0p75NA_457s50_g70_z1_256pix_basicFLIM_100f_0008.sdt,20260501_KPC_fixed_dishes_on_SLIM,20260501,glu,BKO,4,8,457,29:54.4,,
4_BKO0430glu10min_740nm_3024mW_u1_poc0p2_20x0p75NA_535s50_g70_z1_256pix_basicFLIM_60f_0008.sdt,20260501_KPC_fixed_dishes_on_SLIM,20260501,glu,BKO,4,8,535,13:46.5,,
4_BKO0430glu10min_740nm_3024mW_u1_poc0p2_20x0p75NA_535s50_g70_z1_256pix_basicFLIM_40f_0008.sdt,20260501_KPC_fixed_dishes_on_SLIM,20260501,glu,BKO,4,8,535,18:21.4,,
4_BKO0430glu10min_740nm_3038mW_u1_poc0p2_20x0p75NA_457s50_g70_z1_256pix_basicFLIM_100f_0009.sdt,20260501_KPC_fixed_dishes_on_SLIM,20260501,glu,BKO,4,9,457,30:51.7,,
4_BKO0430glu10min_740nm_3024mW_u1_poc0p2_20x0p75NA_535s50_g70_z1_256pix_basicFLIM_60f_0009.sdt,20260501_KPC_fixed_dishes_on_SLIM,20260501,glu,BKO,4,9,535,14:21.4,,
4_BKO0430glu10min_740nm_3024mW_u1_poc0p2_20x0p75NA_535s50_g70_z1_256pix_basicFLIM_40f_0009.sdt,20260501_KPC_fixed_dishes_on_SLIM,20260501,glu,BKO,4,9,535,18:45.2,,
13_KPC_live_posn1_740nm_3040mW_u1_poc0p2_20x0p75NA_4570s50_g70_z1_256pix_basicFLIM_120f_0000.sdt,20260501_KPC_fixed_dishes_on_SLIM,20260501,live,KPCWT,13,0,457,36:09.0,,
13_KPC_live_posn1b_740nm_3040mW_u1_poc0p2_20x0p75NA_535s50_g70_z1_256pix_basicFLIM_120f_0000.sdt,20260501_KPC_fixed_dishes_on_SLIM,20260501,live,KPCWT,13,0,535,50:43.9,,
13_KPC_live_posn1_740nm_3040mW_u1_poc0p2_20x0p75NA_4570s50_g70_z1_256pix_basicFLIM_120f_0001.sdt,20260501_KPC_fixed_dishes_on_SLIM,20260501,live,KPCWT,13,1,457,37:17.0,,
13_KPC_live_posn1b_740nm_3040mW_u1_poc0p2_20x0p75NA_535s50_g70_z1_256pix_basicFLIM_120f_0001.sdt,20260501_KPC_fixed_dishes_on_SLIM,20260501,live,KPCWT,13,1,535,51:51.8,,
13_KPC_live_posn1_740nm_3040mW_u1_poc0p2_20x0p75NA_4570s50_g70_z1_256pix_basicFLIM_120f_0002.sdt,20260501_KPC_fixed_dishes_on_SLIM,20260501,live,KPCWT,13,2,457,38:24.8,,
13_KPC_live_posn1b_740nm_3040mW_u1_poc0p2_20x0p75NA_535s50_g70_z1_256pix_basicFLIM_120f_0002.sdt,20260501_KPC_fixed_dishes_on_SLIM,20260501,live,KPCWT,13,2,535,52:59.4,,
13_KPC_live_posn1_740nm_3040mW_u1_poc0p2_20x0p75NA_4570s50_g70_z1_256pix_basicFLIM_120f_0003.sdt,20260501_KPC_fixed_dishes_on_SLIM,20260501,live,KPCWT,13,3,457,39:32.5,,
13_KPC_live_posn1b_740nm_3040mW_u1_poc0p2_20x0p75NA_535s50_g70_z1_256pix_basicFLIM_120f_0003.sdt,20260501_KPC_fixed_dishes_on_SLIM,20260501,live,KPCWT,13,3,535,54:07.3,,
14_KPC_live_posn2_740nm_3040mW_u1_poc0p2_20x0p75NA_457s50_g70_z1_256pix_basicFLIM_120f_0000.sdt,20260501_KPC_fixed_dishes_on_SLIM,20260501,live,KPCWT,14,0,457,05:14.2,,
14_KPC_live_posn2_740nm_3040mW_u1_poc0p2_20x0p75NA_535s50_g70_z1_256pix_basicFLIM_120f_0000.sdt,20260501_KPC_fixed_dishes_on_SLIM,20260501,live,KPCWT,14,0,535,00:37.4,,
14_KPC_live_posn2_740nm_3040mW_u1_poc0p2_20x0p75NA_457s50_g70_z1_256pix_basicFLIM_120f_0001.sdt,20260501_KPC_fixed_dishes_on_SLIM,20260501,live,KPCWT,14,1,457,06:22.1,,
14_KPC_live_posn2_740nm_3040mW_u1_poc0p2_20x0p75NA_535s50_g70_z1_256pix_basicFLIM_120f_0001.sdt,20260501_KPC_fixed_dishes_on_SLIM,20260501,live,KPCWT,14,1,535,01:45.3,,
14_KPC_live_posn2_740nm_3040mW_u1_poc0p2_20x0p75NA_457s50_g70_z1_256pix_basicFLIM_120f_0002.sdt,20260501_KPC_fixed_dishes_on_SLIM,20260501,live,KPCWT,14,2,457,07:30.0,,
14_KPC_live_posn2_740nm_3040mW_u1_poc0p2_20x0p75NA_535s50_g70_z1_256pix_basicFLIM_120f_0002.sdt,20260501_KPC_fixed_dishes_on_SLIM,20260501,live,KPCWT,14,2,535,02:53.2,,
15_KPC_live_posn3_740nm_3040mW_u1_poc0p2_20x0p75NA_457s50_g70_z1_256pix_basicFLIM_120f_0000.sdt,20260501_KPC_fixed_dishes_on_SLIM,20260501,live,KPCWT,15,0,457,13:43.3,,
15_KPC_live_posn3_740nm_3040mW_u1_poc0p2_20x0p75NA_535s50_g70_z1_256pix_basicFLIM_120f_0000.sdt,20260501_KPC_fixed_dishes_on_SLIM,20260501,live,KPCWT,15,0,535,20:31.2,,
15_KPC_live_posn3_740nm_3040mW_u1_poc0p2_20x0p75NA_457s50_g70_z1_256pix_basicFLIM_120f_0001.sdt,20260501_KPC_fixed_dishes_on_SLIM,20260501,live,KPCWT,15,1,457,14:51.2,,
15_KPC_live_posn3_740nm_3040mW_u1_poc0p2_20x0p75NA_535s50_g70_z1_256pix_basicFLIM_120f_0001.sdt,20260501_KPC_fixed_dishes_on_SLIM,20260501,live,KPCWT,15,1,535,21:39.1,,
15_KPC_live_posn3_740nm_3040mW_u1_poc0p2_20x0p75NA_457s50_g70_z1_256pix_basicFLIM_120f_0002.sdt,20260501_KPC_fixed_dishes_on_SLIM,20260501,live,KPCWT,15,2,457,15:59.0,,
15_KPC_live_posn3_740nm_3040mW_u1_poc0p2_20x0p75NA_535s50_g70_z1_256pix_basicFLIM_120f_0002.sdt,20260501_KPC_fixed_dishes_on_SLIM,20260501,live,KPCWT,15,2,535,22:46.6,,
15_KPC_live_posn3_740nm_3040mW_u1_poc0p2_20x0p75NA_457s50_g70_z1_256pix_basicFLIM_120f_0003.sdt,20260501_KPC_fixed_dishes_on_SLIM,20260501,live,KPCWT,15,3,457,17:06.9,,
15_KPC_live_posn3_740nm_3040mW_u1_poc0p2_20x0p75NA_535s50_g70_z1_256pix_basicFLIM_120f_0003.sdt,20260501_KPC_fixed_dishes_on_SLIM,20260501,live,KPCWT,15,3,535,23:54.1,,
15_KPC_live_posn3_740nm_3040mW_u1_poc0p2_20x0p75NA_457s50_g70_z1_256pix_basicFLIM_120f_0004.sdt,20260501_KPC_fixed_dishes_on_SLIM,20260501,live,KPCWT,15,4,457,18:14.7,,
15_KPC_live_posn3_740nm_3040mW_u1_poc0p2_20x0p75NA_535s50_g70_z1_256pix_basicFLIM_120f_0004.sdt,20260501_KPC_fixed_dishes_on_SLIM,20260501,live,KPCWT,15,4,535,25:02.0,,
16_KPC_live_posn4_740nm_3040mW_u1_poc0p2_20x0p75NA_457s50_g70_z1_256pix_basicFLIM_120f_0000.sdt,20260501_KPC_fixed_dishes_on_SLIM,20260501,live,KPCWT,16,0,457,43:17.6,,
16_KPC_live_posn4_740nm_3040mW_u1_poc0p2_20x0p75NA_535s50_g70_z1_256pix_basicFLIM_120f_0000.sdt,20260501_KPC_fixed_dishes_on_SLIM,20260501,live,KPCWT,16,0,535,37:32.7,,
16_KPC_live_posn4_740nm_3040mW_u1_poc0p2_20x0p75NA_457s50_g70_z1_256pix_basicFLIM_120f_0001.sdt,20260501_KPC_fixed_dishes_on_SLIM,20260501,live,KPCWT,16,1,457,44:25.5,,
16_KPC_live_posn4_740nm_3040mW_u1_poc0p2_20x0p75NA_535s50_g70_z1_256pix_basicFLIM_120f_0001.sdt,20260501_KPC_fixed_dishes_on_SLIM,20260501,live,KPCWT,16,1,535,38:40.3,,
16_KPC_live_posn4_740nm_3040mW_u1_poc0p2_20x0p75NA_457s50_g70_z1_256pix_basicFLIM_120f_0002.sdt,20260501_KPC_fixed_dishes_on_SLIM,20260501,live,KPCWT,16,2,457,45:33.3,,
16_KPC_live_posn4_740nm_3040mW_u1_poc0p2_20x0p75NA_535s50_g70_z1_256pix_basicFLIM_120f_0002.sdt,20260501_KPC_fixed_dishes_on_SLIM,20260501,live,KPCWT,16,2,535,39:48.2,,
16_KPC_live_posn4_740nm_3040mW_u1_poc0p2_20x0p75NA_457s50_g70_z1_256pix_basicFLIM_120f_0003.sdt,20260501_KPC_fixed_dishes_on_SLIM,20260501,live,KPCWT,16,3,457,46:41.2,,
16_KPC_live_posn4_740nm_3040mW_u1_poc0p2_20x0p75NA_535s50_g70_z1_256pix_basicFLIM_120f_0003.sdt,20260501_KPC_fixed_dishes_on_SLIM,20260501,live,KPCWT,16,3,535,40:56.2,,
17_KPC_live_posn5_740nm_3040mW_u1_poc0p2_20x0p75NA_457s50_g70_z1_256pix_basicFLIM_120f_0000.sdt,20260501_KPC_fixed_dishes_on_SLIM,20260501,live,KPCWT,17,0,457,55:20.7,,
17_KPC_live_posn5_740nm_3040mW_u1_poc0p2_20x0p75NA_535s50_g70_z1_256pix_basicFLIM_120f_0000.sdt,20260501_KPC_fixed_dishes_on_SLIM,20260501,live,KPCWT,17,0,535,02:51.2,,
17_KPC_live_posn5_740nm_3040mW_u1_poc0p2_20x0p75NA_457s50_g70_z1_256pix_basicFLIM_120f_0001.sdt,20260501_KPC_fixed_dishes_on_SLIM,20260501,live,KPCWT,17,1,457,56:28.4,,
17_KPC_live_posn5_740nm_3040mW_u1_poc0p2_20x0p75NA_535s50_g70_z1_256pix_basicFLIM_120f_0001.sdt,20260501_KPC_fixed_dishes_on_SLIM,20260501,live,KPCWT,17,1,535,03:59.2,,
17_KPC_live_posn5_740nm_3040mW_u1_poc0p2_20x0p75NA_457s50_g70_z1_256pix_basicFLIM_120f_0002.sdt,20260501_KPC_fixed_dishes_on_SLIM,20260501,live,KPCWT,17,2,457,57:36.5,,
17_KPC_live_posn5_740nm_3040mW_u1_poc0p2_20x0p75NA_535s50_g70_z1_256pix_basicFLIM_120f_0002.sdt,20260501_KPC_fixed_dishes_on_SLIM,20260501,live,KPCWT,17,2,535,05:07.4,,
17_KPC_live_posn5_740nm_3040mW_u1_poc0p2_20x0p75NA_457s50_g70_z1_256pix_basicFLIM_120f_0003.sdt,20260501_KPC_fixed_dishes_on_SLIM,20260501,live,KPCWT,17,3,457,58:44.1,,
17_KPC_live_posn5_740nm_3040mW_u1_poc0p2_20x0p75NA_535s50_g70_z1_256pix_basicFLIM_120f_0003.sdt,20260501_KPC_fixed_dishes_on_SLIM,20260501,live,KPCWT,17,3,535,06:15.4,,
17_KPC_live_posn5_740nm_3040mW_u1_poc0p2_20x0p75NA_457s50_g70_z1_256pix_basicFLIM_120f_0004.sdt,20260501_KPC_fixed_dishes_on_SLIM,20260501,live,KPCWT,17,4,457,59:52.8,,
17_KPC_live_posn5_740nm_3040mW_u1_poc0p2_20x0p75NA_535s50_g70_z1_256pix_basicFLIM_120f_0004.sdt,20260501_KPC_fixed_dishes_on_SLIM,20260501,live,KPCWT,17,4,535,07:23.6,,
3_KPCWTform20min_740nm_3006mW_u1_poc0p25_20x0p75NA_475s50_g70_z1_256pix_basicFLIM_120f_0000.sdt,20260509_KPC_fixed_dishes_on_SLIM,20260509,form,KPCWT,3,0,457,49:24.0,,
3_KPCWTform20min_740nm_3006mW_u1_poc0p6_20x0p75NA_457s50_g70_z1_256pix_basicFLIM_120f_0000.sdt,20260509_KPC_fixed_dishes_on_SLIM,20260509,form,KPCWT,3,0,457,32:29.1,,
3_KPCWTform20min_740nm_3006mW_u1_poc0p25_20x0p75NA_535s50_g70_z1_256pix_basicFLIM_120f_0000.sdt,20260509_KPC_fixed_dishes_on_SLIM,20260509,form,KPCWT,3,0,535,04:45.5,,
3_KPCWTform20min_740nm_3006mW_u1_poc0p25_20x0p75NA_475s50_g70_z1_256pix_basicFLIM_120f_0001.sdt,20260509_KPC_fixed_dishes_on_SLIM,20260509,form,KPCWT,3,1,457,50:31.7,,
3_KPCWTform20min_740nm_3006mW_u1_poc0p6_20x0p75NA_457s50_g70_z1_256pix_basicFLIM_120f_0001.sdt,20260509_KPC_fixed_dishes_on_SLIM,20260509,form,KPCWT,3,1,457,33:37.3,,
3_KPCWTform20min_740nm_3006mW_u1_poc0p25_20x0p75NA_535s50_g70_z1_256pix_basicFLIM_120f_0001.sdt,20260509_KPC_fixed_dishes_on_SLIM,20260509,form,KPCWT,3,1,535,05:53.3,,
3_KPCWTform20min_740nm_3006mW_u1_poc0p25_20x0p75NA_475s50_g70_z1_256pix_basicFLIM_120f_0002.sdt,20260509_KPC_fixed_dishes_on_SLIM,20260509,form,KPCWT,3,2,457,51:40.0,,
3_KPCWTform20min_740nm_3006mW_u1_poc0p6_20x0p75NA_457s50_g70_z1_256pix_basicFLIM_120f_0002.sdt,20260509_KPC_fixed_dishes_on_SLIM,20260509,form,KPCWT,3,2,457,34:45.7,,
3_KPCWTform20min_740nm_3006mW_u1_poc0p25_20x0p75NA_535s50_g70_z1_256pix_basicFLIM_120f_0002.sdt,20260509_KPC_fixed_dishes_on_SLIM,20260509,form,KPCWT,3,2,535,07:01.7,,
3_KPCWTform20min_740nm_3006mW_u1_poc0p25_20x0p75NA_475s50_g70_z1_256pix_basicFLIM_120f_0003.sdt,20260509_KPC_fixed_dishes_on_SLIM,20260509,form,KPCWT,3,3,457,52:48.5,,
3_KPCWTform20min_740nm_3006mW_u1_poc0p6_20x0p75NA_457s50_g70_z1_256pix_basicFLIM_120f_0003.sdt,20260509_KPC_fixed_dishes_on_SLIM,20260509,form,KPCWT,3,3,457,35:54.7,,
3_KPCWTform20min_740nm_3006mW_u1_poc0p25_20x0p75NA_535s50_g70_z1_256pix_basicFLIM_120f_0003.sdt,20260509_KPC_fixed_dishes_on_SLIM,20260509,form,KPCWT,3,3,535,08:10.1,,
3_KPCWTform20min_740nm_3006mW_u1_poc0p25_20x0p75NA_475s50_g70_z1_256pix_basicFLIM_120f_0004.sdt,20260509_KPC_fixed_dishes_on_SLIM,20260509,form,KPCWT,3,4,457,53:56.7,,
3_KPCWTform20min_740nm_3006mW_u1_poc0p6_20x0p75NA_457s50_g70_z1_256pix_basicFLIM_120f_0004.sdt,20260509_KPC_fixed_dishes_on_SLIM,20260509,form,KPCWT,3,4,457,37:03.2,,
3_KPCWTform20min_740nm_3006mW_u1_poc0p25_20x0p75NA_535s50_g70_z1_256pix_basicFLIM_120f_0004.sdt,20260509_KPC_fixed_dishes_on_SLIM,20260509,form,KPCWT,3,4,535,09:18.4,,
3_KPCWTform20min_740nm_3006mW_u1_poc0p25_20x0p75NA_475s50_g70_z1_256pix_basicFLIM_120f_0005.sdt,20260509_KPC_fixed_dishes_on_SLIM,20260509,form,KPCWT,3,5,457,55:05.2,,
3_KPCWTform20min_740nm_3006mW_u1_poc0p6_20x0p75NA_457s50_g70_z1_256pix_basicFLIM_120f_0005.sdt,20260509_KPC_fixed_dishes_on_SLIM,20260509,form,KPCWT,3,5,457,38:12.0,,
3_KPCWTform20min_740nm_3006mW_u1_poc0p25_20x0p75NA_535s50_g70_z1_256pix_basicFLIM_120f_0005.sdt,20260509_KPC_fixed_dishes_on_SLIM,20260509,form,KPCWT,3,5,535,10:26.9,,
3_KPCWTform20min_740nm_3006mW_u1_poc0p25_20x0p75NA_475s50_g70_z1_256pix_basicFLIM_120f_0006.sdt,20260509_KPC_fixed_dishes_on_SLIM,20260509,form,KPCWT,3,6,457,56:13.7,,
3_KPCWTform20min_740nm_3006mW_u1_poc0p6_20x0p75NA_457s50_g70_z1_256pix_basicFLIM_120f_0006.sdt,20260509_KPC_fixed_dishes_on_SLIM,20260509,form,KPCWT,3,6,457,39:20.8,,
3_KPCWTform20min_740nm_3006mW_u1_poc0p25_20x0p75NA_535s50_g70_z1_256pix_basicFLIM_120f_0006.sdt,20260509_KPC_fixed_dishes_on_SLIM,20260509,form,KPCWT,3,6,535,11:35.2,,
3_KPCWTform20min_740nm_3006mW_u1_poc0p25_20x0p75NA_475s50_g70_z1_256pix_basicFLIM_120f_0007.sdt,20260509_KPC_fixed_dishes_on_SLIM,20260509,form,KPCWT,3,7,457,57:22.4,,
3_KPCWTform20min_740nm_3006mW_u1_poc0p6_20x0p75NA_457s50_g70_z1_256pix_basicFLIM_120f_0007.sdt,20260509_KPC_fixed_dishes_on_SLIM,20260509,form,KPCWT,3,7,457,40:29.6,,
3_KPCWTform20min_740nm_3006mW_u1_poc0p25_20x0p75NA_535s50_g70_z1_256pix_basicFLIM_120f_0007.sdt,20260509_KPC_fixed_dishes_on_SLIM,20260509,form,KPCWT,3,7,535,12:43.9,,
3_KPCWTform20min_740nm_3006mW_u1_poc0p25_20x0p75NA_475s50_g70_z1_256pix_basicFLIM_120f_0008.sdt,20260509_KPC_fixed_dishes_on_SLIM,20260509,form,KPCWT,3,8,457,58:30.6,,
3_KPCWTform20min_740nm_3006mW_u1_poc0p6_20x0p75NA_457s50_g70_z1_256pix_basicFLIM_120f_0008.sdt,20260509_KPC_fixed_dishes_on_SLIM,20260509,form,KPCWT,3,8,457,41:37.5,,
3_KPCWTform20min_740nm_3006mW_u1_poc0p25_20x0p75NA_535s50_g70_z1_256pix_basicFLIM_120f_0008.sdt,20260509_KPC_fixed_dishes_on_SLIM,20260509,form,KPCWT,3,8,535,13:51.7,,
3_KPCWTform20min_740nm_3006mW_u1_poc0p25_20x0p75NA_475s50_g70_z1_256pix_basicFLIM_120f_0009.sdt,20260509_KPC_fixed_dishes_on_SLIM,20260509,form,KPCWT,3,9,457,59:39.1,,
3_KPCWTform20min_740nm_3006mW_u1_poc0p6_20x0p75NA_457s50_g70_z1_256pix_basicFLIM_120f_0009.sdt,20260509_KPC_fixed_dishes_on_SLIM,20260509,form,KPCWT,3,9,457,42:46.5,,
3_KPCWTform20min_740nm_3006mW_u1_poc0p25_20x0p75NA_535s50_g70_z1_256pix_basicFLIM_120f_0009.sdt,20260509_KPC_fixed_dishes_on_SLIM,20260509,form,KPCWT,3,9,535,15:00.4,,
3_KPCWTform20min_740nm_3006mW_u1_poc0p25_20x0p75NA_475s50_g70_z1_256pix_basicFLIM_120f_0010.sdt,20260509_KPC_fixed_dishes_on_SLIM,20260509,form,KPCWT,3,10,457,00:47.1,,
3_KPCWTform20min_740nm_3006mW_u1_poc0p6_20x0p75NA_457s50_g70_z1_256pix_basicFLIM_120f_0010.sdt,20260509_KPC_fixed_dishes_on_SLIM,20260509,form,KPCWT,3,10,457,43:54.8,,
3_KPCWTform20min_740nm_3006mW_u1_poc0p25_20x0p75NA_535s50_g70_z1_256pix_basicFLIM_120f_0010.sdt,20260509_KPC_fixed_dishes_on_SLIM,20260509,form,KPCWT,3,10,535,16:08.6,,
3_KPCWTform20min_740nm_3006mW_u1_poc0p25_20x0p75NA_475s50_g70_z1_256pix_basicFLIM_120f_0011.sdt,20260509_KPC_fixed_dishes_on_SLIM,20260509,form,KPCWT,3,11,457,01:56.9,,
3_KPCWTform20min_740nm_3006mW_u1_poc0p6_20x0p75NA_457s50_g70_z1_256pix_basicFLIM_120f_0011.sdt,20260509_KPC_fixed_dishes_on_SLIM,20260509,form,KPCWT,3,11,457,45:04.1,,
3_KPCWTform20min_740nm_3006mW_u1_poc0p25_20x0p75NA_535s50_g70_z1_256pix_basicFLIM_120f_0011.sdt,20260509_KPC_fixed_dishes_on_SLIM,20260509,form,KPCWT,3,11,535,17:17.9,,
3_KPCWTform20min_740nm_3006mW_u1_poc0p6_20x0p75NA_457s50_g70_z1_256pix_basicFLIM_120f_0012.sdt,20260509_KPC_fixed_dishes_on_SLIM,20260509,form,KPCWT,3,12,457,11:11.6,,
3_KPCWTform20min_740nm_3006mW_u1_poc0p6_20x0p75NA_457s50_g70_z1_256pix_basicFLIM_120f_0013.sdt,20260509_KPC_fixed_dishes_on_SLIM,20260509,form,KPCWT,3,13,457,12:19.7,,
3_KPCWTform20min_740nm_3006mW_u1_poc0p6_20x0p75NA_457s50_g70_z1_256pix_basicFLIM_120f_0014.sdt,20260509_KPC_fixed_dishes_on_SLIM,20260509,form,KPCWT,3,14,457,13:28.0,,
3_KPCWTform20min_740nm_3006mW_u1_poc0p6_20x0p75NA_457s50_g70_z1_256pix_basicFLIM_120f_0015.sdt,20260509_KPC_fixed_dishes_on_SLIM,20260509,form,KPCWT,3,15,457,14:36.9,,
3_KPCWTform20min_740nm_3006mW_u1_poc0p6_20x0p75NA_457s50_g70_z1_256pix_basicFLIM_120f_0016.sdt,20260509_KPC_fixed_dishes_on_SLIM,20260509,form,KPCWT,3,16,457,15:45.6,,
3_KPCWTform20min_740nm_3006mW_u1_poc0p6_20x0p75NA_457s50_g70_z1_256pix_basicFLIM_120f_0017.sdt,20260509_KPC_fixed_dishes_on_SLIM,20260509,form,KPCWT,3,17,457,16:54.6,,
3_KPCWTform20min_740nm_3006mW_u1_poc0p6_20x0p75NA_457s50_g70_z1_256pix_basicFLIM_120f_0018.sdt,20260509_KPC_fixed_dishes_on_SLIM,20260509,form,KPCWT,3,18,457,18:03.3,,
3_KPCWTform20min_740nm_3006mW_u1_poc0p6_20x0p75NA_457s50_g70_z1_256pix_basicFLIM_120f_0019.sdt,20260509_KPC_fixed_dishes_on_SLIM,20260509,form,KPCWT,3,19,457,19:12.2,,
3_KPCWTform20min_740nm_3006mW_u1_poc0p6_20x0p75NA_457s50_g70_z1_256pix_basicFLIM_120f_0020.sdt,20260509_KPC_fixed_dishes_on_SLIM,20260509,form,KPCWT,3,20,457,20:20.2,,
3_KPCWTform20min_740nm_3006mW_u1_poc0p6_20x0p75NA_457s50_g70_z1_256pix_basicFLIM_120f_0021.sdt,20260509_KPC_fixed_dishes_on_SLIM,20260509,form,KPCWT,3,21,457,21:29.2,,
3_KPCWTform20min_740nm_3006mW_u1_poc0p6_20x0p75NA_457s50_g70_z1_256pix_basicFLIM_120f_0022.sdt,20260509_KPC_fixed_dishes_on_SLIM,20260509,form,KPCWT,3,22,457,22:37.3,,
3_KPCWTform20min_740nm_3006mW_u1_poc0p6_20x0p75NA_457s50_g70_z1_256pix_basicFLIM_120f_0023.sdt,20260509_KPC_fixed_dishes_on_SLIM,20260509,form,KPCWT,3,23,457,23:46.7,,
4_BKOCO2form20min_740nm_2995mW_u1_poc0p25_20x0p75NA_457s50_g70_z1_256pix_basicFLIM_120f_0000.sdt,20260509_KPC_fixed_dishes_on_SLIM,20260509,form,BKO,4,0,457,52:24.9,,
4_BKOCO2form20min_740nm_2995mW_u1_poc0p6_20x0p75NA_457s50_g70_z1_256pix_basicFLIM_120f_0000.sdt,20260509_KPC_fixed_dishes_on_SLIM,20260509,form,BKO,4,0,457,44:08.9,,
4_BKOCO2form20min_740nm_2995mW_u1_poc0p25_20x0p75NA_535s50_g70_z1_256pix_basicFLIM_120f_0000.sdt,20260509_KPC_fixed_dishes_on_SLIM,20260509,form,BKO,4,0,535,22:24.9,,
4_BKOCO2form20min_740nm_2995mW_u1_poc0p6_20x0p75NA_535s50_g70_z1_256pix_basicFLIM_120f_0000.sdt,20260509_KPC_fixed_dishes_on_SLIM,20260509,form,BKO,4,0,535,13:07.4,,
4_BKOCO2form20min_740nm_2995mW_u1_poc0p25_20x0p75NA_457s50_g70_z1_256pix_basicFLIM_120f_0001.sdt,20260509_KPC_fixed_dishes_on_SLIM,20260509,form,BKO,4,1,457,53:33.7,,
4_BKOCO2form20min_740nm_2995mW_u1_poc0p6_20x0p75NA_457s50_g70_z1_256pix_basicFLIM_120f_0001.sdt,20260509_KPC_fixed_dishes_on_SLIM,20260509,form,BKO,4,1,457,45:17.8,,
4_BKOCO2form20min_740nm_2995mW_u1_poc0p25_20x0p75NA_535s50_g70_z1_256pix_basicFLIM_120f_0001.sdt,20260509_KPC_fixed_dishes_on_SLIM,20260509,form,BKO,4,1,535,23:33.7,,
4_BKOCO2form20min_740nm_2995mW_u1_poc0p6_20x0p75NA_535s50_g70_z1_256pix_basicFLIM_120f_0001.sdt,20260509_KPC_fixed_dishes_on_SLIM,20260509,form,BKO,4,1,535,14:16.3,,
4_BKOCO2form20min_740nm_2995mW_u1_poc0p25_20x0p75NA_457s50_g70_z1_256pix_basicFLIM_120f_0002.sdt,20260509_KPC_fixed_dishes_on_SLIM,20260509,form,BKO,4,2,457,54:41.9,,
4_BKOCO2form20min_740nm_2995mW_u1_poc0p6_20x0p75NA_457s50_g70_z1_256pix_basicFLIM_120f_0002.sdt,20260509_KPC_fixed_dishes_on_SLIM,20260509,form,BKO,4,2,457,46:26.3,,
4_BKOCO2form20min_740nm_2995mW_u1_poc0p25_20x0p75NA_535s50_g70_z1_256pix_basicFLIM_120f_0002.sdt,20260509_KPC_fixed_dishes_on_SLIM,20260509,form,BKO,4,2,535,24:42.1,,
4_BKOCO2form20min_740nm_2995mW_u1_poc0p6_20x0p75NA_535s50_g70_z1_256pix_basicFLIM_120f_0002.sdt,20260509_KPC_fixed_dishes_on_SLIM,20260509,form,BKO,4,2,535,15:25.2,,
4_BKOCO2form20min_740nm_2995mW_u1_poc0p25_20x0p75NA_457s50_g70_z1_256pix_basicFLIM_120f_0003.sdt,20260509_KPC_fixed_dishes_on_SLIM,20260509,form,BKO,4,3,457,55:50.3,,
4_BKOCO2form20min_740nm_2995mW_u1_poc0p6_20x0p75NA_457s50_g70_z1_256pix_basicFLIM_120f_0003.sdt,20260509_KPC_fixed_dishes_on_SLIM,20260509,form,BKO,4,3,457,47:34.8,,
4_BKOCO2form20min_740nm_2995mW_u1_poc0p25_20x0p75NA_535s50_g70_z1_256pix_basicFLIM_120f_0003.sdt,20260509_KPC_fixed_dishes_on_SLIM,20260509,form,BKO,4,3,535,25:50.4,,
4_BKOCO2form20min_740nm_2995mW_u1_poc0p6_20x0p75NA_535s50_g70_z1_256pix_basicFLIM_120f_0003.sdt,20260509_KPC_fixed_dishes_on_SLIM,20260509,form,BKO,4,3,535,16:33.7,,
4_BKOCO2form20min_740nm_2995mW_u1_poc0p25_20x0p75NA_457s50_g70_z1_256pix_basicFLIM_120f_0004.sdt,20260509_KPC_fixed_dishes_on_SLIM,20260509,form,BKO,4,4,457,56:58.8,,
4_BKOCO2form20min_740nm_2995mW_u1_poc0p6_20x0p75NA_457s50_g70_z1_256pix_basicFLIM_120f_0004.sdt,20260509_KPC_fixed_dishes_on_SLIM,20260509,form,BKO,4,4,457,48:43.8,,
4_BKOCO2form20min_740nm_2995mW_u1_poc0p25_20x0p75NA_535s50_g70_z1_256pix_basicFLIM_120f_0004.sdt,20260509_KPC_fixed_dishes_on_SLIM,20260509,form,BKO,4,4,535,26:59.4,,
4_BKOCO2form20min_740nm_2995mW_u1_poc0p6_20x0p75NA_535s50_g70_z1_256pix_basicFLIM_120f_0004.sdt,20260509_KPC_fixed_dishes_on_SLIM,20260509,form,BKO,4,4,535,17:42.4,,
4_BKOCO2form20min_740nm_2995mW_u1_poc0p25_20x0p75NA_457s50_g70_z1_256pix_basicFLIM_120f_0005.sdt,20260509_KPC_fixed_dishes_on_SLIM,20260509,form,BKO,4,5,457,58:07.1,,
4_BKOCO2form20min_740nm_2995mW_u1_poc0p6_20x0p75NA_457s50_g70_z1_256pix_basicFLIM_120f_0005.sdt,20260509_KPC_fixed_dishes_on_SLIM,20260509,form,BKO,4,5,457,49:52.2,,
4_BKOCO2form20min_740nm_2995mW_u1_poc0p25_20x0p75NA_535s50_g70_z1_256pix_basicFLIM_120f_0005.sdt,20260509_KPC_fixed_dishes_on_SLIM,20260509,form,BKO,4,5,535,28:08.0,,
4_BKOCO2form20min_740nm_2995mW_u1_poc0p6_20x0p75NA_535s50_g70_z1_256pix_basicFLIM_120f_0005.sdt,20260509_KPC_fixed_dishes_on_SLIM,20260509,form,BKO,4,5,535,18:50.8,,
4_BKOCO2form20min_740nm_2995mW_u1_poc0p25_20x0p75NA_457s50_g70_z1_256pix_basicFLIM_120f_0006.sdt,20260509_KPC_fixed_dishes_on_SLIM,20260509,form,BKO,4,6,457,59:15.2,,
4_BKOCO2form20min_740nm_2995mW_u1_poc0p6_20x0p75NA_457s50_g70_z1_256pix_basicFLIM_120f_0006.sdt,20260509_KPC_fixed_dishes_on_SLIM,20260509,form,BKO,4,6,457,51:00.4,,
4_BKOCO2form20min_740nm_2995mW_u1_poc0p25_20x0p75NA_535s50_g70_z1_256pix_basicFLIM_120f_0006.sdt,20260509_KPC_fixed_dishes_on_SLIM,20260509,form,BKO,4,6,535,29:16.2,,
4_BKOCO2form20min_740nm_2995mW_u1_poc0p6_20x0p75NA_535s50_g70_z1_256pix_basicFLIM_120f_0006.sdt,20260509_KPC_fixed_dishes_on_SLIM,20260509,form,BKO,4,6,535,19:59.2,,
4_BKOCO2form20min_740nm_2995mW_u1_poc0p25_20x0p75NA_457s50_g70_z1_256pix_basicFLIM_120f_0007.sdt,20260509_KPC_fixed_dishes_on_SLIM,20260509,form,BKO,4,7,457,00:24.0,,
4_BKOCO2form20min_740nm_2995mW_u1_poc0p6_20x0p75NA_457s50_g70_z1_256pix_basicFLIM_120f_0007.sdt,20260509_KPC_fixed_dishes_on_SLIM,20260509,form,BKO,4,7,457,52:09.1,,
4_BKOCO2form20min_740nm_2995mW_u1_poc0p25_20x0p75NA_535s50_g70_z1_256pix_basicFLIM_120f_0007.sdt,20260509_KPC_fixed_dishes_on_SLIM,20260509,form,BKO,4,7,535,30:24.8,,
4_BKOCO2form20min_740nm_2995mW_u1_poc0p6_20x0p75NA_535s50_g70_z1_256pix_basicFLIM_120f_0007.sdt,20260509_KPC_fixed_dishes_on_SLIM,20260509,form,BKO,4,7,535,21:08.1,,
4_BKOCO2form20min_740nm_2995mW_u1_poc0p25_20x0p75NA_457s50_g70_z1_256pix_basicFLIM_120f_0008.sdt,20260509_KPC_fixed_dishes_on_SLIM,20260509,form,BKO,4,8,457,01:32.4,,
4_BKOCO2form20min_740nm_2995mW_u1_poc0p6_20x0p75NA_457s50_g70_z1_256pix_basicFLIM_120f_0008.sdt,20260509_KPC_fixed_dishes_on_SLIM,20260509,form,BKO,4,8,457,53:17.8,,
4_BKOCO2form20min_740nm_2995mW_u1_poc0p25_20x0p75NA_535s50_g70_z1_256pix_basicFLIM_120f_0008.sdt,20260509_KPC_fixed_dishes_on_SLIM,20260509,form,BKO,4,8,535,31:33.6,,
4_BKOCO2form20min_740nm_2995mW_u1_poc0p6_20x0p75NA_535s50_g70_z1_256pix_basicFLIM_120f_0008.sdt,20260509_KPC_fixed_dishes_on_SLIM,20260509,form,BKO,4,8,535,22:16.7,,
4_BKOCO2form20min_740nm_2995mW_u1_poc0p25_20x0p75NA_457s50_g70_z1_256pix_basicFLIM_120f_0009.sdt,20260509_KPC_fixed_dishes_on_SLIM,20260509,form,BKO,4,9,457,02:42.2,,
4_BKOCO2form20min_740nm_2995mW_u1_poc0p6_20x0p75NA_457s50_g70_z1_256pix_basicFLIM_120f_0009.sdt,20260509_KPC_fixed_dishes_on_SLIM,20260509,form,BKO,4,9,457,54:27.7,,
4_BKOCO2form20min_740nm_2995mW_u1_poc0p25_20x0p75NA_535s50_g70_z1_256pix_basicFLIM_120f_0009.sdt,20260509_KPC_fixed_dishes_on_SLIM,20260509,form,BKO,4,9,535,32:43.9,,
4_BKOCO2form20min_740nm_2995mW_u1_poc0p6_20x0p75NA_535s50_g70_z1_256pix_basicFLIM_120f_0009.sdt,20260509_KPC_fixed_dishes_on_SLIM,20260509,form,BKO,4,9,535,23:26.5,,
4_BKOCO2form20min_740nm_2995mW_u1_poc0p25_20x0p75NA_457s50_g70_z1_256pix_basicFLIM_120f_0010.sdt,20260509_KPC_fixed_dishes_on_SLIM,20260509,form,BKO,4,10,457,03:51.2,,
4_BKOCO2form20min_740nm_2995mW_u1_poc0p6_20x0p75NA_457s50_g70_z1_256pix_basicFLIM_120f_0010.sdt,20260509_KPC_fixed_dishes_on_SLIM,20260509,form,BKO,4,10,457,55:36.8,,
4_BKOCO2form20min_740nm_2995mW_u1_poc0p25_20x0p75NA_535s50_g70_z1_256pix_basicFLIM_120f_0010.sdt,20260509_KPC_fixed_dishes_on_SLIM,20260509,form,BKO,4,10,535,33:53.3,,
4_BKOCO2form20min_740nm_2995mW_u1_poc0p6_20x0p75NA_535s50_g70_z1_256pix_basicFLIM_120f_0010.sdt,20260509_KPC_fixed_dishes_on_SLIM,20260509,form,BKO,4,10,535,24:35.5,,
4_BKOCO2form20min_740nm_2995mW_u1_poc0p25_20x0p75NA_457s50_g70_z1_256pix_basicFLIM_120f_0011.sdt,20260509_KPC_fixed_dishes_on_SLIM,20260509,form,BKO,4,11,457,04:59.2,,
4_BKOCO2form20min_740nm_2995mW_u1_poc0p6_20x0p75NA_457s50_g70_z1_256pix_basicFLIM_120f_0011.sdt,20260509_KPC_fixed_dishes_on_SLIM,20260509,form,BKO,4,11,457,56:45.3,,
4_BKOCO2form20min_740nm_2995mW_u1_poc0p25_20x0p75NA_535s50_g70_z1_256pix_basicFLIM_120f_0011.sdt,20260509_KPC_fixed_dishes_on_SLIM,20260509,form,BKO,4,11,535,35:01.4,,
4_BKOCO2form20min_740nm_2995mW_u1_poc0p6_20x0p75NA_535s50_g70_z1_256pix_basicFLIM_120f_0011.sdt,20260509_KPC_fixed_dishes_on_SLIM,20260509,form,BKO,4,11,535,25:43.6,,
4_BKOCO2form20min_740nm_2995mW_u1_poc0p25_20x0p75NA_457s50_g70_z1_256pix_basicFLIM_120f_0012.sdt,20260509_KPC_fixed_dishes_on_SLIM,20260509,form,BKO,4,12,457,06:07.2,,
4_BKOCO2form20min_740nm_2995mW_u1_poc0p6_20x0p75NA_457s50_g70_z1_256pix_basicFLIM_120f_0012.sdt,20260509_KPC_fixed_dishes_on_SLIM,20260509,form,BKO,4,12,457,57:53.6,,
4_BKOCO2form20min_740nm_2995mW_u1_poc0p25_20x0p75NA_535s50_g70_z1_256pix_basicFLIM_120f_0012.sdt,20260509_KPC_fixed_dishes_on_SLIM,20260509,form,BKO,4,12,535,36:09.3,,
4_BKOCO2form20min_740nm_2995mW_u1_poc0p6_20x0p75NA_535s50_g70_z1_256pix_basicFLIM_120f_0012.sdt,20260509_KPC_fixed_dishes_on_SLIM,20260509,form,BKO,4,12,535,26:51.9,,
4_BKOCO2form20min_740nm_2995mW_u1_poc0p25_20x0p75NA_457s50_g70_z1_256pix_basicFLIM_120f_0013.sdt,20260509_KPC_fixed_dishes_on_SLIM,20260509,form,BKO,4,13,457,07:16.2,,
4_BKOCO2form20min_740nm_2995mW_u1_poc0p6_20x0p75NA_457s50_g70_z1_256pix_basicFLIM_120f_0013.sdt,20260509_KPC_fixed_dishes_on_SLIM,20260509,form,BKO,4,13,457,59:02.9,,
4_BKOCO2form20min_740nm_2995mW_u1_poc0p25_20x0p75NA_535s50_g70_z1_256pix_basicFLIM_120f_0013.sdt,20260509_KPC_fixed_dishes_on_SLIM,20260509,form,BKO,4,13,535,37:18.5,,
4_BKOCO2form20min_740nm_2995mW_u1_poc0p6_20x0p75NA_535s50_g70_z1_256pix_basicFLIM_120f_0013.sdt,20260509_KPC_fixed_dishes_on_SLIM,20260509,form,BKO,4,13,535,28:01.1,,
4_BKOCO2form20min_740nm_2995mW_u1_poc0p25_20x0p75NA_457s50_g70_z1_256pix_basicFLIM_120f_0014.sdt,20260509_KPC_fixed_dishes_on_SLIM,20260509,form,BKO,4,14,457,08:25.7,,
4_BKOCO2form20min_740nm_2995mW_u1_poc0p6_20x0p75NA_457s50_g70_z1_256pix_basicFLIM_120f_0014.sdt,20260509_KPC_fixed_dishes_on_SLIM,20260509,form,BKO,4,14,457,00:12.4,,
4_BKOCO2form20min_740nm_2995mW_u1_poc0p25_20x0p75NA_535s50_g70_z1_256pix_basicFLIM_120f_0014.sdt,20260509_KPC_fixed_dishes_on_SLIM,20260509,form,BKO,4,14,535,38:27.8,,
4_BKOCO2form20min_740nm_2995mW_u1_poc0p6_20x0p75NA_535s50_g70_z1_256pix_basicFLIM_120f_0014.sdt,20260509_KPC_fixed_dishes_on_SLIM,20260509,form,BKO,4,14,535,29:10.6,,
4_BKOCO2form20min_740nm_2995mW_u1_poc0p25_20x0p75NA_457s50_g70_z1_256pix_basicFLIM_120f_0015.sdt,20260509_KPC_fixed_dishes_on_SLIM,20260509,form,BKO,4,15,457,09:33.8,,
4_BKOCO2form20min_740nm_2995mW_u1_poc0p6_20x0p75NA_457s50_g70_z1_256pix_basicFLIM_120f_0015.sdt,20260509_KPC_fixed_dishes_on_SLIM,20260509,form,BKO,4,15,457,01:20.8,,
4_BKOCO2form20min_740nm_2995mW_u1_poc0p25_20x0p75NA_535s50_g70_z1_256pix_basicFLIM_120f_0015.sdt,20260509_KPC_fixed_dishes_on_SLIM,20260509,form,BKO,4,15,535,39:36.3,,
4_BKOCO2form20min_740nm_2995mW_u1_poc0p6_20x0p75NA_535s50_g70_z1_256pix_basicFLIM_120f_0015.sdt,20260509_KPC_fixed_dishes_on_SLIM,20260509,form,BKO,4,15,535,30:18.8,,
