fixation_type,cell_type,session_root,session_date,filename,fit_set_key,em_filter_nm,pockels,objective,usb_atten,frame_index,z_position,n_components,_bin,shift_group,treatment_duration,amp_ratio_median,tau_mean_median_ps,n_px_final,pct_final,amp_ratio_median_gmed,tau_mean_median_ps_gmed,_dist
form,BKO,20260520_KPC_fixed_dishes_SLIM,20260520,4_BKOCO2form10min_740nm_3099mW_u1_poc0p25_20x0p75NA_457s50_g70_z1_256pix_basicFLIM_120f_0002.sdt,20260520_KPC_fixed_dishes_SLIM::fitet-sz-c2-b9::4_BKOCO2form10min_740nm_3099mW_u1_poc0p25_20x0p75NA_457s50_g70_z1_256pix_basicFLIM_120f_0002,457,0.25,20x0.75NA,1,2,1.0,2,9,shift=0,10min,3.183803346015344,570.0134497670608,65447,99.9,3.183803346015344,570.0134497670608,0.0
form,BKO,20260520_KPC_fixed_dishes_SLIM,20260520,4_BKOCO2form10min_740nm_3099mW_u1_poc0p25_20x0p75NA_457s50_g70_z1_256pix_basicFLIM_120f_0009.sdt,20260520_KPC_fixed_dishes_SLIM::fitet-sz-c2-b9::4_BKOCO2form10min_740nm_3099mW_u1_poc0p25_20x0p75NA_457s50_g70_z1_256pix_basicFLIM_120f_0009,457,0.25,20x0.75NA,1,9,1.0,2,9,shift=0,10min,3.1457862706181574,590.5304024055775,61794,94.3,3.183803346015344,570.0134497670608,0.2351968088719798
form,BKO,20260520_KPC_fixed_dishes_SLIM,20260520,4_BKOCO2form10min_740nm_3099mW_u1_poc0p25_20x0p75NA_457s50_g70_z1_256pix_basicFLIM_120f_0008.sdt,20260520_KPC_fixed_dishes_SLIM::fitet-sz-c2-b9::4_BKOCO2form10min_740nm_3099mW_u1_poc0p25_20x0p75NA_457s50_g70_z1_256pix_basicFLIM_120f_0008,457,0.25,20x0.75NA,1,8,1.0,2,9,shift=0,10min,3.150828089136933,593.1195454771284,65362,99.7,3.183803346015344,570.0134497670608,0.25851755130685933
form,BKO,20260520_KPC_fixed_dishes_SLIM,20260520,4_BKOCO2form10min_740nm_3099mW_u1_poc0p25_20x0p75NA_457s50_g70_z1_256pix_basicFLIM_120f_0007.sdt,20260520_KPC_fixed_dishes_SLIM::fitet-sz-c2-b9::4_BKOCO2form10min_740nm_3099mW_u1_poc0p25_20x0p75NA_457s50_g70_z1_256pix_basicFLIM_120f_0007,457,0.25,20x0.75NA,1,7,1.0,2,9,shift=0,10min,3.153443827967629,593.3723268478889,65485,99.9,3.183803346015344,570.0134497670608,0.259721592596953
form,BKO,20260520_KPC_fixed_dishes_SLIM,20260520,4_BKOCO2form10min_740nm_3099mW_u1_poc0p25_20x0p75NA_457s50_g70_z1_256pix_basicFLIM_120f_0003.sdt,20260520_KPC_fixed_dishes_SLIM::fitet-sz-c2-b9::4_BKOCO2form10min_740nm_3099mW_u1_poc0p25_20x0p75NA_457s50_g70_z1_256pix_basicFLIM_120f_0003,457,0.25,20x0.75NA,1,3,1.0,2,9,shift=0,10min,3.135374749834185,593.102103740285,65422,99.8,3.183803346015344,570.0134497670608,0.26898531604864206
form,BKO,20260520_KPC_fixed_dishes_SLIM,20260520,4_BKOCO2form10min_740nm_3099mW_u1_poc0p25_20x0p75NA_457s50_g70_z1_256pix_basicFLIM_120f_0001.sdt,20260520_KPC_fixed_dishes_SLIM::fitet-sz-c2-b9::4_BKOCO2form10min_740nm_3099mW_u1_poc0p25_20x0p75NA_457s50_g70_z1_256pix_basicFLIM_120f_0001,457,0.25,20x0.75NA,1,1,1.0,2,9,shift=0,10min,3.1491391864485525,596.2856276139613,65427,99.8,3.183803346015344,570.0134497670608,0.29238619390265846
form,BKO,20260520_KPC_fixed_dishes_SLIM,20260520,4_BKOCO2form10min_740nm_3099mW_u1_poc0p25_20x0p75NA_457s50_g70_z1_256pix_basicFLIM_120f_0015.sdt,20260520_KPC_fixed_dishes_SLIM::fitet-sz-c2-b9::4_BKOCO2form10min_740nm_3099mW_u1_poc0p25_20x0p75NA_457s50_g70_z1_256pix_basicFLIM_120f_0015,457,0.25,20x0.75NA,1,15,1.0,2,9,shift=0,10min,3.045967415720667,574.7920557287812,65099,99.3,3.183803346015344,570.0134497670608,0.29573255463740794
form,BKO,20260520_KPC_fixed_dishes_SLIM,20260520,4_BKOCO2form10min_740nm_3099mW_u1_poc0p25_20x0p75NA_457s50_g70_z1_256pix_basicFLIM_120f_0010.sdt,20260520_KPC_fixed_dishes_SLIM::fitet-sz-c2-b9::4_BKOCO2form10min_740nm_3099mW_u1_poc0p25_20x0p75NA_457s50_g70_z1_256pix_basicFLIM_120f_0010,457,0.25,20x0.75NA,1,10,1.0,2,9,shift=0,10min,3.122009931291152,595.19006314101,53872,82.2,3.183803346015344,570.0134497670608,0.3010439181102862
form,BKO,20260520_KPC_fixed_dishes_SLIM,20260520,4_BKOCO2form10min_740nm_3099mW_u1_poc0p25_20x0p75NA_457s50_g70_z1_256pix_basicFLIM_120f_0013.sdt,20260520_KPC_fixed_dishes_SLIM::fitet-sz-c2-b9::4_BKOCO2form10min_740nm_3099mW_u1_poc0p25_20x0p75NA_457s50_g70_z1_256pix_basicFLIM_120f_0013,457,0.25,20x0.75NA,1,13,1.0,2,9,shift=0,10min,3.0709315905871826,590.9528133714299,64021,97.7,3.183803346015344,570.0134497670608,0.3282803994262374
form,BKO,20260520_KPC_fixed_dishes_SLIM,20260520,4_BKOCO2form10min_740nm_3099mW_u1_poc0p25_20x0p75NA_457s50_g70_z1_256pix_basicFLIM_120f_0014.sdt,20260520_KPC_fixed_dishes_SLIM::fitet-sz-c2-b9::4_BKOCO2form10min_740nm_3099mW_u1_poc0p25_20x0p75NA_457s50_g70_z1_256pix_basicFLIM_120f_0014,457,0.25,20x0.75NA,1,14,1.0,2,9,shift=0,10min,3.1023283752860413,597.9118576937315,65489,99.9,3.183803346015344,570.0134497670608,0.34638708374960264
form,BKO,20260520_KPC_fixed_dishes_SLIM,20260520,4_BKOCO2form10min_740nm_3099mW_u1_poc0p25_20x0p75NA_457s50_g70_z1_256pix_basicFLIM_120f_0011.sdt,20260520_KPC_fixed_dishes_SLIM::fitet-sz-c2-b9::4_BKOCO2form10min_740nm_3099mW_u1_poc0p25_20x0p75NA_457s50_g70_z1_256pix_basicFLIM_120f_0011,457,0.25,20x0.75NA,1,11,1.0,2,9,shift=0,10min,3.1118008438967406,599.2916850580768,49576,75.6,3.183803346015344,570.0134497670608,0.35021846059330575
form,BKO,20260520_KPC_fixed_dishes_SLIM,20260520,4_BKOCO2form10min_740nm_3099mW_u1_poc0p25_20x0p75NA_457s50_g70_z1_256pix_basicFLIM_120f_0006.sdt,20260520_KPC_fixed_dishes_SLIM::fitet-sz-c2-b9::4_BKOCO2form10min_740nm_3099mW_u1_poc0p25_20x0p75NA_457s50_g70_z1_256pix_basicFLIM_120f_0006,457,0.25,20x0.75NA,1,6,1.0,2,9,shift=0,10min,3.137061302394561,601.4926602388225,65484,99.9,3.183803346015344,570.0134497670608,0.3532524343014894
form,BKO,20260520_KPC_fixed_dishes_SLIM,20260520,4_BKOCO2form10min_740nm_3099mW_u1_poc0p25_20x0p75NA_457s50_g70_z1_256pix_basicFLIM_120f_0012.sdt,20260520_KPC_fixed_dishes_SLIM::fitet-sz-c2-b9::4_BKOCO2form10min_740nm_3099mW_u1_poc0p25_20x0p75NA_457s50_g70_z1_256pix_basicFLIM_120f_0012,457,0.25,20x0.75NA,1,12,1.0,2,9,shift=0,10min,3.136714968810537,602.3518425982572,65404,99.8,3.183803346015344,570.0134497670608,0.3623499210306335
form,BKO,20260520_KPC_fixed_dishes_SLIM,20260520,4_BKOCO2form10min_740nm_3099mW_u1_poc0p25_20x0p75NA_457s50_g70_z1_256pix_basicFLIM_120f_0005.sdt,20260520_KPC_fixed_dishes_SLIM::fitet-sz-c2-b9::4_BKOCO2form10min_740nm_3099mW_u1_poc0p25_20x0p75NA_457s50_g70_z1_256pix_basicFLIM_120f_0005,457,0.25,20x0.75NA,1,5,1.0,2,9,shift=0,10min,3.120938904019276,603.5373232332701,65408,99.8,3.183803346015344,570.0134497670608,0.3848432687813664
form,BKO,20260520_KPC_fixed_dishes_SLIM,20260520,4_BKOCO2form10min_740nm_3099mW_u1_poc0p25_20x0p75NA_457s50_g70_z1_256pix_basicFLIM_120f_0016.sdt,20260520_KPC_fixed_dishes_SLIM::fitet-sz-c2-b9::4_BKOCO2form10min_740nm_3099mW_u1_poc0p25_20x0p75NA_457s50_g70_z1_256pix_basicFLIM_120f_0016,457,0.25,20x0.75NA,1,16,1.0,2,9,shift=0,10min,3.0177875579332465,592.1235790350114,43547,66.4,3.183803346015344,570.0134497670608,0.42400238992755446
form,BKO,20260520_KPC_fixed_dishes_SLIM,20260520,4_BKOCO2form10min_740nm_3099mW_u1_poc0p25_20x0p75NA_457s50_g70_z1_256pix_basicFLIM_120f_0000.sdt,20260520_KPC_fixed_dishes_SLIM::fitet-sz-c2-b9::4_BKOCO2form10min_740nm_3099mW_u1_poc0p25_20x0p75NA_457s50_g70_z1_256pix_basicFLIM_120f_0000,457,0.25,20x0.75NA,1,0,1.0,2,9,shift=0,10min,3.0597049765442046,602.9729511932985,65495,99.9,3.183803346015344,570.0134497670608,0.4414209799188356
form,BKO,20260520_KPC_fixed_dishes_SLIM,20260520,4_BKOCO2form10min_740nm_3099mW_u1_poc0p25_20x0p75NA_457s50_g70_z1_256pix_basicFLIM_120f_0004.sdt,20260520_KPC_fixed_dishes_SLIM::fitet-sz-c2-b9::4_BKOCO2form10min_740nm_3099mW_u1_poc0p25_20x0p75NA_457s50_g70_z1_256pix_basicFLIM_120f_0004,457,0.25,20x0.75NA,1,4,1.0,2,9,shift=0,10min,3.080407941441212,606.644626322095,60119,91.7,3.183803346015344,570.0134497670608,0.45109925629622993
form,BKO,20260509_KPC_fixed_dishes_on_SLIM,20260509,4_BKOCO2form20min_740nm_2995mW_u1_poc0p25_20x0p75NA_457s50_g70_z1_256pix_basicFLIM_120f_0015.sdt,20260509_KPC_fixed_dishes_on_SLIM::fitet-sz-c2-b10::4_BKOCO2form20min_740nm_2995mW_u1_poc0p25_20x0p75NA_457s50_g70_z1_256pix_basicFLIM_120f_0015,457,0.25,20x0.75NA,1,15,1.0,2,10,shift=0,20min,3.321220678424172,501.56076144405154,62451,95.3,3.183803346015344,570.0134497670608,0.7926199685697054
form,BKO,20260509_KPC_fixed_dishes_on_SLIM,20260509,4_BKOCO2form20min_740nm_2995mW_u1_poc0p25_20x0p75NA_457s50_g70_z1_256pix_basicFLIM_120f_0014.sdt,20260509_KPC_fixed_dishes_on_SLIM::fitet-sz-c2-b10::4_BKOCO2form20min_740nm_2995mW_u1_poc0p25_20x0p75NA_457s50_g70_z1_256pix_basicFLIM_120f_0014,457,0.25,20x0.75NA,1,14,1.0,2,10,shift=0,20min,3.307874994013393,496.4659777409041,62781,95.8,3.183803346015344,570.0134497670608,0.834657193689536
form,BKO,20260509_KPC_fixed_dishes_on_SLIM,20260509,4_BKOCO2form20min_740nm_2995mW_u1_poc0p25_20x0p75NA_457s50_g70_z1_256pix_basicFLIM_120f_0010.sdt,20260509_KPC_fixed_dishes_on_SLIM::fitet-sz-c2-b10::4_BKOCO2form20min_740nm_2995mW_u1_poc0p25_20x0p75NA_457s50_g70_z1_256pix_basicFLIM_120f_0010,457,0.25,20x0.75NA,1,10,1.0,2,10,shift=0,20min,3.358827770094887,499.7250885058793,62586,95.5,3.183803346015344,570.0134497670608,0.8427701974100986
form,BKO,20260509_KPC_fixed_dishes_on_SLIM,20260509,4_BKOCO2form20min_740nm_2995mW_u1_poc0p25_20x0p75NA_457s50_g70_z1_256pix_basicFLIM_120f_0011.sdt,20260509_KPC_fixed_dishes_on_SLIM::fitet-sz-c2-b10::4_BKOCO2form20min_740nm_2995mW_u1_poc0p25_20x0p75NA_457s50_g70_z1_256pix_basicFLIM_120f_0011,457,0.25,20x0.75NA,1,11,1.0,2,10,shift=0,20min,3.353582052476539,495.467308298032,63864,97.4,3.183803346015344,570.0134497670608,0.8796448570344432
form,BKO,20260509_KPC_fixed_dishes_on_SLIM,20260509,4_BKOCO2form20min_740nm_2995mW_u1_poc0p25_20x0p75NA_457s50_g70_z1_256pix_basicFLIM_120f_0005.sdt,20260509_KPC_fixed_dishes_on_SLIM::fitet-sz-c2-b10::4_BKOCO2form20min_740nm_2995mW_u1_poc0p25_20x0p75NA_457s50_g70_z1_256pix_basicFLIM_120f_0005,457,0.25,20x0.75NA,1,5,1.0,2,10,shift=0,20min,3.400983657631537,497.75996970725873,65200,99.5,3.183803346015344,570.0134497670608,0.9036494395493014
form,BKO,20260509_KPC_fixed_dishes_on_SLIM,20260509,4_BKOCO2form20min_740nm_2995mW_u1_poc0p25_20x0p75NA_457s50_g70_z1_256pix_basicFLIM_120f_0012.sdt,20260509_KPC_fixed_dishes_on_SLIM::fitet-sz-c2-b10::4_BKOCO2form20min_740nm_2995mW_u1_poc0p25_20x0p75NA_457s50_g70_z1_256pix_basicFLIM_120f_0012,457,0.25,20x0.75NA,1,12,1.0,2,10,shift=0,20min,3.407237860897755,497.6370283746853,50090,76.4,3.183803346015344,570.0134497670608,0.9115631381003158
form,BKO,20260509_KPC_fixed_dishes_on_SLIM,20260509,4_BKOCO2form20min_740nm_2995mW_u1_poc0p25_20x0p75NA_457s50_g70_z1_256pix_basicFLIM_120f_0001.sdt,20260509_KPC_fixed_dishes_on_SLIM::fitet-sz-c2-b10::4_BKOCO2form20min_740nm_2995mW_u1_poc0p25_20x0p75NA_457s50_g70_z1_256pix_basicFLIM_120f_0001,457,0.25,20x0.75NA,1,1,1.0,2,10,shift=0,20min,3.414190873155415,496.4601660892493,65196,99.5,3.183803346015344,570.0134497670608,0.9300371943628188
form,BKO,20260509_KPC_fixed_dishes_on_SLIM,20260509,4_BKOCO2form20min_740nm_2995mW_u1_poc0p25_20x0p75NA_457s50_g70_z1_256pix_basicFLIM_120f_0013.sdt,20260509_KPC_fixed_dishes_on_SLIM::fitet-sz-c2-b10::4_BKOCO2form20min_740nm_2995mW_u1_poc0p25_20x0p75NA_457s50_g70_z1_256pix_basicFLIM_120f_0013,457,0.25,20x0.75NA,1,13,1.0,2,10,shift=0,20min,3.4074837111805474,493.2625497984561,63478,96.9,3.183803346015344,570.0134497670608,0.9524533771343549
form,BKO,20260509_KPC_fixed_dishes_on_SLIM,20260509,4_BKOCO2form20min_740nm_2995mW_u1_poc0p25_20x0p75NA_457s50_g70_z1_256pix_basicFLIM_120f_0000.sdt,20260509_KPC_fixed_dishes_on_SLIM::fitet-sz-c2-b10::4_BKOCO2form20min_740nm_2995mW_u1_poc0p25_20x0p75NA_457s50_g70_z1_256pix_basicFLIM_120f_0000,457,0.25,20x0.75NA,1,0,1.0,2,10,shift=0,20min,3.441412674576327,492.44958012784446,65190,99.5,3.183803346015344,570.0134497670608,0.997308099252947
form,BKO,20260509_KPC_fixed_dishes_on_SLIM,20260509,4_BKOCO2form20min_740nm_2995mW_u1_poc0p25_20x0p75NA_457s50_g70_z1_256pix_basicFLIM_120f_0004.sdt,20260509_KPC_fixed_dishes_on_SLIM::fitet-sz-c2-b10::4_BKOCO2form20min_740nm_2995mW_u1_poc0p25_20x0p75NA_457s50_g70_z1_256pix_basicFLIM_120f_0004,457,0.25,20x0.75NA,1,4,1.0,2,10,shift=0,20min,3.4808625672411977,493.3408356614879,65210,99.5,3.183803346015344,570.0134497670608,1.03746867578083
form,BKO,20260509_KPC_fixed_dishes_on_SLIM,20260509,4_BKOCO2form20min_740nm_2995mW_u1_poc0p25_20x0p75NA_457s50_g70_z1_256pix_basicFLIM_120f_0006.sdt,20260509_KPC_fixed_dishes_on_SLIM::fitet-sz-c2-b10::4_BKOCO2form20min_740nm_2995mW_u1_poc0p25_20x0p75NA_457s50_g70_z1_256pix_basicFLIM_120f_0006,457,0.25,20x0.75NA,1,6,1.0,2,10,shift=0,20min,3.4838361095354813,491.9547893026549,65192,99.5,3.183803346015344,570.0134497670608,1.0531681163230806
form,BKO,20260509_KPC_fixed_dishes_on_SLIM,20260509,4_BKOCO2form20min_740nm_2995mW_u1_poc0p25_20x0p75NA_457s50_g70_z1_256pix_basicFLIM_120f_0007.sdt,20260509_KPC_fixed_dishes_on_SLIM::fitet-sz-c2-b10::4_BKOCO2form20min_740nm_2995mW_u1_poc0p25_20x0p75NA_457s50_g70_z1_256pix_basicFLIM_120f_0007,457,0.25,20x0.75NA,1,7,1.0,2,10,shift=0,20min,3.488197554716288,492.4636494996597,65248,99.6,3.183803346015344,570.0134497670608,1.0543900729347775
form,BKO,20260509_KPC_fixed_dishes_on_SLIM,20260509,4_BKOCO2form20min_740nm_2995mW_u1_poc0p25_20x0p75NA_457s50_g70_z1_256pix_basicFLIM_120f_0008.sdt,20260509_KPC_fixed_dishes_on_SLIM::fitet-sz-c2-b10::4_BKOCO2form20min_740nm_2995mW_u1_poc0p25_20x0p75NA_457s50_g70_z1_256pix_basicFLIM_120f_0008,457,0.25,20x0.75NA,1,8,1.0,2,10,shift=0,20min,3.425673945708413,482.19996931844616,64356,98.2,3.183803346015344,570.0134497670608,1.075316276835921
form,BKO,20260509_KPC_fixed_dishes_on_SLIM,20260509,4_BKOCO2form20min_740nm_2995mW_u1_poc0p25_20x0p75NA_457s50_g70_z1_256pix_basicFLIM_120f_0009.sdt,20260509_KPC_fixed_dishes_on_SLIM::fitet-sz-c2-b10::4_BKOCO2form20min_740nm_2995mW_u1_poc0p25_20x0p75NA_457s50_g70_z1_256pix_basicFLIM_120f_0009,457,0.25,20x0.75NA,1,9,1.0,2,10,shift=0,20min,3.486333629739282,483.6991627819188,65287,99.6,3.183803346015344,570.0134497670608,1.1284547224178831
form,BKO,20260509_KPC_fixed_dishes_on_SLIM,20260509,4_BKOCO2form20min_740nm_2995mW_u1_poc0p25_20x0p75NA_457s50_g70_z1_256pix_basicFLIM_120f_0003.sdt,20260509_KPC_fixed_dishes_on_SLIM::fitet-sz-c2-b10::4_BKOCO2form20min_740nm_2995mW_u1_poc0p25_20x0p75NA_457s50_g70_z1_256pix_basicFLIM_120f_0003,457,0.25,20x0.75NA,1,3,1.0,2,10,shift=0,20min,3.5071101812120995,471.02536875091954,65153,99.4,3.183803346015344,570.0134497670608,1.2665223053831036
form,BKO,20260509_KPC_fixed_dishes_on_SLIM,20260509,4_BKOCO2form20min_740nm_2995mW_u1_poc0p25_20x0p75NA_457s50_g70_z1_256pix_basicFLIM_120f_0002.sdt,20260509_KPC_fixed_dishes_on_SLIM::fitet-sz-c2-b10::4_BKOCO2form20min_740nm_2995mW_u1_poc0p25_20x0p75NA_457s50_g70_z1_256pix_basicFLIM_120f_0002,457,0.25,20x0.75NA,1,2,1.0,2,10,shift=0,20min,3.503613592852585,459.06642687502153,64695,98.7,3.183803346015344,570.0134497670608,1.373130509286929
form,KPCWT,20260520_KPC_fixed_dishes_SLIM,20260520,3_KPCWTform10min_740nm_3082mW_u1_poc0p25_20x0p75NA_457s50_g70_z1_256pix_basicFLIM_120f_0009.sdt,20260520_KPC_fixed_dishes_SLIM::fitet-sz-c2-b9::3_KPCWTform10min_740nm_3082mW_u1_poc0p25_20x0p75NA_457s50_g70_z1_256pix_basicFLIM_120f_0009,457,0.25,20x0.75NA,1,9,1.0,2,9,shift=0,10min,3.281034395800264,550.9541296647432,65434,99.8,3.2737872250605564,552.1002725844487,0.019670849127951546
form,KPCWT,20260520_KPC_fixed_dishes_SLIM,20260520,3_KPCWTform10min_740nm_3082mW_u1_poc0p25_20x0p75NA_457s50_g70_z1_256pix_basicFLIM_120f_0014.sdt,20260520_KPC_fixed_dishes_SLIM::fitet-sz-c2-b9::3_KPCWTform10min_740nm_3082mW_u1_poc0p25_20x0p75NA_457s50_g70_z1_256pix_basicFLIM_120f_0014,457,0.25,20x0.75NA,1,14,1.0,2,9,shift=0,10min,3.260885169860593,555.7842445631145,63048,96.2,3.2737872250605564,552.1002725844487,0.048151253152436194
form,KPCWT,20260520_KPC_fixed_dishes_SLIM,20260520,3_KPCWTform10min_740nm_3082mW_u1_poc0p25_20x0p75NA_457s50_g70_z1_256pix_basicFLIM_120f_0007.sdt,20260520_KPC_fixed_dishes_SLIM::fitet-sz-c2-b9::3_KPCWTform10min_740nm_3082mW_u1_poc0p25_20x0p75NA_457s50_g70_z1_256pix_basicFLIM_120f_0007,457,0.25,20x0.75NA,1,7,1.0,2,9,shift=0,10min,3.2737872250605564,542.5193998212939,61386,93.7,3.2737872250605564,552.1002725844487,0.10322754162909138
form,KPCWT,20260520_KPC_fixed_dishes_SLIM,20260520,3_KPCWTform10min_740nm_3082mW_u1_poc0p25_20x0p75NA_457s50_g70_z1_256pix_basicFLIM_120f_0015.sdt,20260520_KPC_fixed_dishes_SLIM::fitet-sz-c2-b9::3_KPCWTform10min_740nm_3082mW_u1_poc0p25_20x0p75NA_457s50_g70_z1_256pix_basicFLIM_120f_0015,457,0.25,20x0.75NA,1,15,1.0,2,9,shift=0,10min,3.330707449924309,552.1002725844487,61850,94.4,3.2737872250605564,552.1002725844487,0.12025960422712606
form,KPCWT,20260520_KPC_fixed_dishes_SLIM,20260520,3_KPCWTform10min_740nm_3082mW_u1_poc0p25_20x0p75NA_457s50_g70_z1_256pix_basicFLIM_120f_0000.sdt,20260520_KPC_fixed_dishes_SLIM::fitet-sz-c2-b9::3_KPCWTform10min_740nm_3082mW_u1_poc0p25_20x0p75NA_457s50_g70_z1_256pix_basicFLIM_120f_0000,457,0.25,20x0.75NA,1,0,1.0,2,9,shift=0,10min,3.239039560452629,561.9999491378453,65345,99.7,3.2737872250605564,552.1002725844487,0.1294854783338464
form,KPCWT,20260520_KPC_fixed_dishes_SLIM,20260520,3_KPCWTform10min_740nm_3082mW_u1_poc0p25_20x0p75NA_457s50_g70_z1_256pix_basicFLIM_120f_0005.sdt,20260520_KPC_fixed_dishes_SLIM::fitet-sz-c2-b9::3_KPCWTform10min_740nm_3082mW_u1_poc0p25_20x0p75NA_457s50_g70_z1_256pix_basicFLIM_120f_0005,457,0.25,20x0.75NA,1,5,1.0,2,9,shift=0,10min,3.22678231230678,561.587072306048,65336,99.7,3.2737872250605564,552.1002725844487,0.1425143047252672
form,KPCWT,20260520_KPC_fixed_dishes_SLIM,20260520,3_KPCWTform10min_740nm_3082mW_u1_poc0p25_20x0p75NA_457s50_g70_z1_256pix_basicFLIM_120f_0008.sdt,20260520_KPC_fixed_dishes_SLIM::fitet-sz-c2-b9::3_KPCWTform10min_740nm_3082mW_u1_poc0p25_20x0p75NA_457s50_g70_z1_256pix_basicFLIM_120f_0008,457,0.25,20x0.75NA,1,8,1.0,2,9,shift=0,10min,3.201787266342821,554.3651990245068,65034,99.2,3.2737872250605564,552.1002725844487,0.15406462301733853
form,KPCWT,20260520_KPC_fixed_dishes_SLIM,20260520,3_KPCWTform10min_740nm_3082mW_u1_poc0p25_20x0p75NA_457s50_g70_z1_256pix_basicFLIM_120f_0012.sdt,20260520_KPC_fixed_dishes_SLIM::fitet-sz-c2-b9::3_KPCWTform10min_740nm_3082mW_u1_poc0p25_20x0p75NA_457s50_g70_z1_256pix_basicFLIM_120f_0012,457,0.25,20x0.75NA,1,12,1.0,2,9,shift=0,10min,3.1983168394849506,551.9678441717199,64668,98.7,3.2737872250605564,552.1002725844487,0.1594582959858661
form,KPCWT,20260520_KPC_fixed_dishes_SLIM,20260520,3_KPCWTform10min_740nm_3082mW_u1_poc0p25_20x0p75NA_457s50_g70_z1_256pix_basicFLIM_120f_0013.sdt,20260520_KPC_fixed_dishes_SLIM::fitet-sz-c2-b9::3_KPCWTform10min_740nm_3082mW_u1_poc0p25_20x0p75NA_457s50_g70_z1_256pix_basicFLIM_120f_0013,457,0.25,20x0.75NA,1,13,1.0,2,9,shift=0,10min,3.2089179348902395,562.1373416944343,63663,97.1,3.2737872250605564,552.1002725844487,0.17458151557743753
form,KPCWT,20260520_KPC_fixed_dishes_SLIM,20260520,3_KPCWTform10min_740nm_3082mW_u1_poc0p25_20x0p75NA_457s50_g70_z1_256pix_basicFLIM_120f_0004.sdt,20260520_KPC_fixed_dishes_SLIM::fitet-sz-c2-b9::3_KPCWTform10min_740nm_3082mW_u1_poc0p25_20x0p75NA_457s50_g70_z1_256pix_basicFLIM_120f_0004,457,0.25,20x0.75NA,1,4,1.0,2,9,shift=0,10min,3.2213286181917304,568.2481951767548,65423,99.8,3.2737872250605564,552.1002725844487,0.2062865351390494
form,KPCWT,20260520_KPC_fixed_dishes_SLIM,20260520,3_KPCWTform10min_740nm_3082mW_u1_poc0p25_20x0p75NA_457s50_g70_z1_256pix_basicFLIM_120f_0003.sdt,20260520_KPC_fixed_dishes_SLIM::fitet-sz-c2-b9::3_KPCWTform10min_740nm_3082mW_u1_poc0p25_20x0p75NA_457s50_g70_z1_256pix_basicFLIM_120f_0003,457,0.25,20x0.75NA,1,3,1.0,2,9,shift=0,10min,3.229786611443749,569.5388541029192,64859,99.0,3.2737872250605564,552.1002725844487,0.2096294751246722
form,KPCWT,20260520_KPC_fixed_dishes_SLIM,20260520,3_KPCWTform10min_740nm_3082mW_u1_poc0p25_20x0p75NA_457s50_g70_z1_256pix_basicFLIM_120f_0001.sdt,20260520_KPC_fixed_dishes_SLIM::fitet-sz-c2-b9::3_KPCWTform10min_740nm_3082mW_u1_poc0p25_20x0p75NA_457s50_g70_z1_256pix_basicFLIM_120f_0001,457,0.25,20x0.75NA,1,1,1.0,2,9,shift=0,10min,3.183413915011079,562.3882220164908,65448,99.9,3.2737872250605564,552.1002725844487,0.2207810712694511
form,KPCWT,20260520_KPC_fixed_dishes_SLIM,20260520,3_KPCWTform10min_740nm_3082mW_u1_poc0p25_20x0p75NA_457s50_g70_z1_256pix_basicFLIM_120f_0002.sdt,20260520_KPC_fixed_dishes_SLIM::fitet-sz-c2-b9::3_KPCWTform10min_740nm_3082mW_u1_poc0p25_20x0p75NA_457s50_g70_z1_256pix_basicFLIM_120f_0002,457,0.25,20x0.75NA,1,2,1.0,2,9,shift=0,10min,3.1842849749259408,570.5027673817729,65390,99.8,3.2737872250605564,552.1002725844487,0.2739907382034819
form,KPCWT,20260520_KPC_fixed_dishes_SLIM,20260520,3_KPCWTform10min_740nm_3082mW_u1_poc0p25_20x0p75NA_457s50_g70_z1_256pix_basicFLIM_120f_0010.sdt,20260520_KPC_fixed_dishes_SLIM::fitet-sz-c2-b9::3_KPCWTform10min_740nm_3082mW_u1_poc0p25_20x0p75NA_457s50_g70_z1_256pix_basicFLIM_120f_0010,457,0.25,20x0.75NA,1,10,1.0,2,9,shift=0,10min,3.1541038841256244,569.1555482078646,65447,99.9,3.2737872250605564,552.1002725844487,0.31258219908729395
form,KPCWT,20260520_KPC_fixed_dishes_SLIM,20260520,3_KPCWTform10min_740nm_3082mW_u1_poc0p25_20x0p75NA_457s50_g70_z1_256pix_basicFLIM_120f_0006.sdt,20260520_KPC_fixed_dishes_SLIM::fitet-sz-c2-b9::3_KPCWTform10min_740nm_3082mW_u1_poc0p25_20x0p75NA_457s50_g70_z1_256pix_basicFLIM_120f_0006,457,0.25,20x0.75NA,1,6,1.0,2,9,shift=0,10min,3.122366700673502,565.8828801251522,65284,99.6,3.2737872250605564,552.1002725844487,0.3527023574216507
form,KPCWT,20260520_KPC_fixed_dishes_SLIM,20260520,3_KPCWTform10min_740nm_3082mW_u1_poc0p25_20x0p75NA_457s50_g70_z1_256pix_basicFLIM_120f_0011.sdt,20260520_KPC_fixed_dishes_SLIM::fitet-sz-c2-b9::3_KPCWTform10min_740nm_3082mW_u1_poc0p25_20x0p75NA_457s50_g70_z1_256pix_basicFLIM_120f_0011,457,0.25,20x0.75NA,1,11,1.0,2,9,shift=0,10min,3.138637004729392,579.4712807006571,65465,99.9,3.2737872250605564,552.1002725844487,0.41049096423024783
form,KPCWT,20260509_KPC_fixed_dishes_on_SLIM,20260509,3_KPCWTform20min_740nm_3006mW_u1_poc0p25_20x0p75NA_475s50_g70_z1_256pix_basicFLIM_120f_0003.sdt,20260509_KPC_fixed_dishes_on_SLIM::fitet-sz-c2-b10::3_KPCWTform20min_740nm_3006mW_u1_poc0p25_20x0p75NA_475s50_g70_z1_256pix_basicFLIM_120f_0003,457,0.25,20x0.75NA,1,3,1.0,2,10,shift=0,20min,3.434078259666298,523.3657743539985,63930,97.5,3.2737872250605564,552.1002725844487,0.458845232440827
form,KPCWT,20260509_KPC_fixed_dishes_on_SLIM,20260509,3_KPCWTform20min_740nm_3006mW_u1_poc0p25_20x0p75NA_475s50_g70_z1_256pix_basicFLIM_120f_0008.sdt,20260509_KPC_fixed_dishes_on_SLIM::fitet-sz-c2-b10::3_KPCWTform20min_740nm_3006mW_u1_poc0p25_20x0p75NA_475s50_g70_z1_256pix_basicFLIM_120f_0008,457,0.25,20x0.75NA,1,8,1.0,2,10,shift=0,20min,3.357007138477377,508.56061947777727,65101,99.3,3.2737872250605564,552.1002725844487,0.5009784327532824
form,KPCWT,20260509_KPC_fixed_dishes_on_SLIM,20260509,3_KPCWTform20min_740nm_3006mW_u1_poc0p25_20x0p75NA_475s50_g70_z1_256pix_basicFLIM_120f_0004.sdt,20260509_KPC_fixed_dishes_on_SLIM::fitet-sz-c2-b10::3_KPCWTform20min_740nm_3006mW_u1_poc0p25_20x0p75NA_475s50_g70_z1_256pix_basicFLIM_120f_0004,457,0.25,20x0.75NA,1,4,1.0,2,10,shift=0,20min,3.3894910542496595,510.77462979130695,64685,98.7,3.2737872250605564,552.1002725844487,0.5079488296668937
form,KPCWT,20260509_KPC_fixed_dishes_on_SLIM,20260509,3_KPCWTform20min_740nm_3006mW_u1_poc0p25_20x0p75NA_475s50_g70_z1_256pix_basicFLIM_120f_0007.sdt,20260509_KPC_fixed_dishes_on_SLIM::fitet-sz-c2-b10::3_KPCWTform20min_740nm_3006mW_u1_poc0p25_20x0p75NA_475s50_g70_z1_256pix_basicFLIM_120f_0007,457,0.25,20x0.75NA,1,7,1.0,2,10,shift=0,20min,3.537343023672231,534.8717099048973,64794,98.9,3.2737872250605564,552.1002725844487,0.5869593051842514
form,KPCWT,20260509_KPC_fixed_dishes_on_SLIM,20260509,3_KPCWTform20min_740nm_3006mW_u1_poc0p25_20x0p75NA_475s50_g70_z1_256pix_basicFLIM_120f_0002.sdt,20260509_KPC_fixed_dishes_on_SLIM::fitet-sz-c2-b10::3_KPCWTform20min_740nm_3006mW_u1_poc0p25_20x0p75NA_475s50_g70_z1_256pix_basicFLIM_120f_0002,457,0.25,20x0.75NA,1,2,1.0,2,10,shift=0,20min,3.441905192895124,508.2545228515336,65097,99.3,3.2737872250605564,552.1002725844487,0.5910447183484161
form,KPCWT,20260509_KPC_fixed_dishes_on_SLIM,20260509,3_KPCWTform20min_740nm_3006mW_u1_poc0p25_20x0p75NA_475s50_g70_z1_256pix_basicFLIM_120f_0006.sdt,20260509_KPC_fixed_dishes_on_SLIM::fitet-sz-c2-b10::3_KPCWTform20min_740nm_3006mW_u1_poc0p25_20x0p75NA_475s50_g70_z1_256pix_basicFLIM_120f_0006,457,0.25,20x0.75NA,1,6,1.0,2,10,shift=0,20min,3.461310014849035,509.6592291349792,65183,99.5,3.2737872250605564,552.1002725844487,0.6050361662366687
form,KPCWT,20260509_KPC_fixed_dishes_on_SLIM,20260509,3_KPCWTform20min_740nm_3006mW_u1_poc0p25_20x0p75NA_475s50_g70_z1_256pix_basicFLIM_120f_0009.sdt,20260509_KPC_fixed_dishes_on_SLIM::fitet-sz-c2-b10::3_KPCWTform20min_740nm_3006mW_u1_poc0p25_20x0p75NA_475s50_g70_z1_256pix_basicFLIM_120f_0009,457,0.25,20x0.75NA,1,9,1.0,2,10,shift=0,20min,3.3971535880424013,497.86134572844327,62635,95.6,3.2737872250605564,552.1002725844487,0.6398795231175796
form,KPCWT,20260509_KPC_fixed_dishes_on_SLIM,20260509,3_KPCWTform20min_740nm_3006mW_u1_poc0p25_20x0p75NA_475s50_g70_z1_256pix_basicFLIM_120f_0011.sdt,20260509_KPC_fixed_dishes_on_SLIM::fitet-sz-c2-b10::3_KPCWTform20min_740nm_3006mW_u1_poc0p25_20x0p75NA_475s50_g70_z1_256pix_basicFLIM_120f_0011,457,0.25,20x0.75NA,1,11,1.0,2,10,shift=0,20min,3.462846633782415,493.1646633739045,62903,96.0,3.2737872250605564,552.1002725844487,0.750178078769167
form,KPCWT,20260509_KPC_fixed_dishes_on_SLIM,20260509,3_KPCWTform20min_740nm_3006mW_u1_poc0p25_20x0p75NA_475s50_g70_z1_256pix_basicFLIM_120f_0010.sdt,20260509_KPC_fixed_dishes_on_SLIM::fitet-sz-c2-b10::3_KPCWTform20min_740nm_3006mW_u1_poc0p25_20x0p75NA_475s50_g70_z1_256pix_basicFLIM_120f_0010,457,0.25,20x0.75NA,1,10,1.0,2,10,shift=0,20min,3.3923328246983377,485.7501737015742,58988,90.0,3.2737872250605564,552.1002725844487,0.7574834617486119
form,KPCWT,20260509_KPC_fixed_dishes_on_SLIM,20260509,3_KPCWTform20min_740nm_3006mW_u1_poc0p25_20x0p75NA_475s50_g70_z1_256pix_basicFLIM_120f_0001.sdt,20260509_KPC_fixed_dishes_on_SLIM::fitet-sz-c2-b10::3_KPCWTform20min_740nm_3006mW_u1_poc0p25_20x0p75NA_475s50_g70_z1_256pix_basicFLIM_120f_0001,457,0.25,20x0.75NA,1,1,1.0,2,10,shift=0,20min,3.6242463441312234,536.8571773580306,65078,99.3,3.2737872250605564,552.1002725844487,0.7584365046797641
form,KPCWT,20260520_KPC_fixed_dishes_SLIM,20260520,3_KPCWTform10min_740nm_3082mW_u1_poc0p25_20x0p75NA_457s50_g70_z1_256pix_basicFLIM_120f_0016.sdt,20260520_KPC_fixed_dishes_SLIM::fitet-sz-c2-b9::3_KPCWTform10min_740nm_3082mW_u1_poc0p25_20x0p75NA_457s50_g70_z1_256pix_basicFLIM_120f_0016,457,0.25,20x0.75NA,1,16,1.0,2,9,shift=0,10min,2.9359033151866853,595.1199132714619,63892,97.5,3.2737872250605564,552.1002725844487,0.8511484709731808
form,KPCWT,20260509_KPC_fixed_dishes_on_SLIM,20260509,3_KPCWTform20min_740nm_3006mW_u1_poc0p25_20x0p75NA_475s50_g70_z1_256pix_basicFLIM_120f_0005.sdt,20260509_KPC_fixed_dishes_on_SLIM::fitet-sz-c2-b10::3_KPCWTform20min_740nm_3006mW_u1_poc0p25_20x0p75NA_475s50_g70_z1_256pix_basicFLIM_120f_0005,457,0.25,20x0.75NA,1,5,1.0,2,10,shift=0,20min,3.679487916319434,476.5813629453682,64319,98.1,3.2737872250605564,552.1002725844487,1.1818484205572115
form,KPCWT,20260509_KPC_fixed_dishes_on_SLIM,20260509,3_KPCWTform20min_740nm_3006mW_u1_poc0p25_20x0p75NA_475s50_g70_z1_256pix_basicFLIM_120f_0000.sdt,20260509_KPC_fixed_dishes_on_SLIM::fitet-sz-c2-b10::3_KPCWTform20min_740nm_3006mW_u1_poc0p25_20x0p75NA_475s50_g70_z1_256pix_basicFLIM_120f_0000,457,0.25,20x0.75NA,1,0,1.0,2,10,shift=0,20min,3.999973130962496,620.8923021929734,59148,90.3,3.2737872250605564,552.1002725844487,1.703917809759262
live,BKO,20260530_KPC_live_on_SLIM,20260530,4_BKO_P10_3_live_740nm_3074mW_u1_poc0p25_20x0p75NA_457s50_g70_z1_256pix_basicFLIM_120f_0001.sdt,20260530_KPC_live_on_SLIM::fitet-sz-c2-b5::4_BKO_P10_3_live_740nm_3074mW_u1_poc0p25_20x0p75NA_457s50_g70_z1_256pix_basicFLIM_120f_0001,457,0.25,20x0.75NA,1,1,1.0,2,5,shift=0,,3.321189845593932,698.5358805224001,65057,99.3,3.325857978410353,689.9225281762592,0.09332576305180024
live,BKO,20260517_KPC_live_on_SLIM,20260517,3_BKOCO2live_740nm_3097mW_u1_poc0p2_20x0p75NA_457s50_g70_z1_256pix_basicFLIM_120f_0006.sdt,20260517_KPC_live_on_SLIM::fitet-sz-c2-b5::3_BKOCO2live_740nm_3097mW_u1_poc0p2_20x0p75NA_457s50_g70_z1_256pix_basicFLIM_120f_0006,457,0.2,20x0.75NA,1,6,1.0,2,5,shift=0,,3.369041684417149,684.8313454127306,64882,99.0,3.325857978410353,689.9225281762592,0.1064577077802229
live,BKO,20260601_KPC_live_on_SLIM,20260601,7_BKOCO2_P11_5_live_740nm_3075mW_u1_poc0p25_20x0p75NA_457s50_g70_z1_256pix_basicFLIM_120f_0013.sdt,20260601_KPC_live_on_SLIM::fitet-sz-c2-b5::7_BKOCO2_P11_5_live_740nm_3075mW_u1_poc0p25_20x0p75NA_457s50_g70_z1_256pix_basicFLIM_120f_0013,457,0.25,20x0.75NA,1,13,1.0,2,5,shift=0,,3.33009618078252,679.8846430341143,65465,99.9,3.325857978410353,689.9225281762592,0.10852160010874204
live,BKO,20260601_KPC_live_on_SLIM,20260601,3_BKOCO2_P11_3_live_740nm_3083mW_u1_poc0p25_20x0p75NA_457s50_g70_z1_256pix_basicFLIM_120f_0002.sdt,20260601_KPC_live_on_SLIM::fitet-sz-c2-b5::3_BKOCO2_P11_3_live_740nm_3083mW_u1_poc0p25_20x0p75NA_457s50_g70_z1_256pix_basicFLIM_120f_0002,457,0.25,20x0.75NA,1,2,1.0,2,5,shift=0,,3.2910293750961577,697.7483263952694,65091,99.3,3.325857978410353,689.9225281762592,0.11191174319779842
live,BKO,20260517_KPC_live_on_SLIM,20260517,3_BKOCO2live_740nm_3097mW_u1_poc0p2_20x0p75NA_457s50_g70_z1_256pix_basicFLIM_120f_0009.sdt,20260517_KPC_live_on_SLIM::fitet-sz-c2-b5::3_BKOCO2live_740nm_3097mW_u1_poc0p2_20x0p75NA_457s50_g70_z1_256pix_basicFLIM_120f_0009,457,0.2,20x0.75NA,1,9,1.0,2,5,shift=0,,3.3802532893447075,684.7960967257952,64355,98.2,3.325857978410353,689.9225281762592,0.12750900237935398
live,BKO,20260601_KPC_live_on_SLIM,20260601,3_BKOCO2_P11_3_live_740nm_3083mW_u1_poc0p25_20x0p75NA_457s50_g70_z1_256pix_basicFLIM_120f_0006.sdt,20260601_KPC_live_on_SLIM::fitet-sz-c2-b5::3_BKOCO2_P11_3_live_740nm_3083mW_u1_poc0p25_20x0p75NA_457s50_g70_z1_256pix_basicFLIM_120f_0006,457,0.25,20x0.75NA,1,6,1.0,2,5,shift=0,,3.337004916569293,677.5334766515584,64688,98.7,3.325857978410353,689.9225281762592,0.13554546737111814
live,BKO,20260517_KPC_live_on_SLIM,20260517,3_BKOCO2live_740nm_3097mW_u1_poc0p2_20x0p75NA_457s50_g70_z1_256pix_basicFLIM_120f_0012.sdt,20260517_KPC_live_on_SLIM::fitet-sz-c2-b5::3_BKOCO2live_740nm_3097mW_u1_poc0p2_20x0p75NA_457s50_g70_z1_256pix_basicFLIM_120f_0012,457,0.2,20x0.75NA,1,12,1.0,2,5,shift=0,,3.3640823950331478,679.6985790271701,52009,79.4,3.325857978410353,689.9225281762592,0.13658884025805829
live,BKO,20260601_KPC_live_on_SLIM,20260601,7_BKOCO2_P11_5_live_740nm_3075mW_u1_poc0p25_20x0p75NA_457s50_g70_z1_256pix_basicFLIM_120f_0010.sdt,20260601_KPC_live_on_SLIM::fitet-sz-c2-b5::7_BKOCO2_P11_5_live_740nm_3075mW_u1_poc0p25_20x0p75NA_457s50_g70_z1_256pix_basicFLIM_120f_0010,457,0.25,20x0.75NA,1,10,1.0,2,5,shift=0,,3.267025393575406,695.4520525984118,65372,99.7,3.325857978410353,689.9225281762592,0.13784012790443564
live,BKO,20260530_KPC_live_on_SLIM,20260530,4_BKO_P10_3_live_740nm_3074mW_u1_poc0p25_20x0p75NA_457s50_g70_z1_256pix_basicFLIM_120f_0005.sdt,20260530_KPC_live_on_SLIM::fitet-sz-c2-b5::4_BKO_P10_3_live_740nm_3074mW_u1_poc0p25_20x0p75NA_457s50_g70_z1_256pix_basicFLIM_120f_0005,457,0.25,20x0.75NA,1,5,1.0,2,5,shift=0,,3.297556738624196,703.9661995493017,65183,99.5,3.325857978410353,689.9225281762592,0.1626973522285733
live,BKO,20260601_KPC_live_on_SLIM,20260601,3_BKOCO2_P11_3_live_740nm_3083mW_u1_poc0p25_20x0p75NA_457s50_g70_z1_256pix_basicFLIM_120f_0017.sdt,20260601_KPC_live_on_SLIM::fitet-sz-c2-b5::3_BKOCO2_P11_3_live_740nm_3083mW_u1_poc0p25_20x0p75NA_457s50_g70_z1_256pix_basicFLIM_120f_0017,457,0.25,20x0.75NA,1,17,1.0,2,5,shift=0,,3.248344409197212,695.1410528909124,65501,99.9,3.325857978410353,689.9225281762592,0.17315185619960105
live,BKO,20260530_KPC_live_on_SLIM,20260530,6_BKOCO2_P10_5_live_740nm_3074mW_u1_poc0p25_20x0p75NA_457s50_g70_z1_256pix_basicFLIM_120f_0002.sdt,20260530_KPC_live_on_SLIM::fitet-sz-c2-b5::6_BKOCO2_P10_5_live_740nm_3074mW_u1_poc0p25_20x0p75NA_457s50_g70_z1_256pix_basicFLIM_120f_0002,457,0.25,20x0.75NA,1,2,1.0,2,5,shift=0,,3.3854327818977525,701.3447658522553,65098,99.3,3.325857978410353,689.9225281762592,0.17603488034390194
live,BKO,20260601_KPC_live_on_SLIM,20260601,7_BKOCO2_P11_5_live_740nm_3075mW_u1_poc0p25_20x0p75NA_457s50_g70_z1_256pix_basicFLIM_120f_0007.sdt,20260601_KPC_live_on_SLIM::fitet-sz-c2-b5::7_BKOCO2_P11_5_live_740nm_3075mW_u1_poc0p25_20x0p75NA_457s50_g70_z1_256pix_basicFLIM_120f_0007,457,0.25,20x0.75NA,1,7,1.0,2,5,shift=0,,3.3764940547858844,676.5842134380584,65157,99.4,3.325857978410353,689.9225281762592,0.17915990195024636
live,BKO,20260517_KPC_live_on_SLIM,20260517,3_BKOCO2live_740nm_3097mW_u1_poc0p2_20x0p75NA_457s50_g70_z1_256pix_basicFLIM_120f_0013.sdt,20260517_KPC_live_on_SLIM::fitet-sz-c2-b5::3_BKOCO2live_740nm_3097mW_u1_poc0p2_20x0p75NA_457s50_g70_z1_256pix_basicFLIM_120f_0013,457,0.2,20x0.75NA,1,13,1.0,2,5,shift=0,,3.239295066519084,691.653630029977,45056,68.8,3.325857978410353,689.9225281762592,0.18383652706018766
live,BKO,20260517_KPC_live_on_SLIM,20260517,3_BKOCO2live_740nm_3097mW_u1_poc0p2_20x0p75NA_457s50_g70_z1_256pix_basicFLIM_120f_0014.sdt,20260517_KPC_live_on_SLIM::fitet-sz-c2-b5::3_BKOCO2live_740nm_3097mW_u1_poc0p2_20x0p75NA_457s50_g70_z1_256pix_basicFLIM_120f_0014,457,0.2,20x0.75NA,1,14,1.0,2,5,shift=0,,3.410951277689949,684.3895751806144,45338,69.2,3.325857978410353,689.9225281762592,0.18940889364466817
live,BKO,20260601_KPC_live_on_SLIM,20260601,7_BKOCO2_P11_5_live_740nm_3075mW_u1_poc0p25_20x0p75NA_457s50_g70_z1_256pix_basicFLIM_120f_0008.sdt,20260601_KPC_live_on_SLIM::fitet-sz-c2-b5::7_BKOCO2_P11_5_live_740nm_3075mW_u1_poc0p25_20x0p75NA_457s50_g70_z1_256pix_basicFLIM_120f_0008,457,0.25,20x0.75NA,1,8,1.0,2,5,shift=0,,3.249224752844266,699.2110568003436,64282,98.1,3.325857978410353,689.9225281762592,0.19034176829241198
live,BKO,20260517_KPC_live_on_SLIM,20260517,3_BKOCO2live_740nm_3097mW_u1_poc0p2_20x0p75NA_457s50_g70_z1_256pix_basicFLIM_120f_0011.sdt,20260517_KPC_live_on_SLIM::fitet-sz-c2-b5::3_BKOCO2live_740nm_3097mW_u1_poc0p2_20x0p75NA_457s50_g70_z1_256pix_basicFLIM_120f_0011,457,0.2,20x0.75NA,1,11,1.0,2,5,shift=0,,3.417814393749687,686.1423766990022,61825,94.3,3.325857978410353,689.9225281762592,0.19850635620936238
live,BKO,20260517_KPC_live_on_SLIM,20260517,3_BKOCO2live_740nm_3097mW_u1_poc0p2_20x0p75NA_457s50_g70_z1_256pix_basicFLIM_120f_0007.sdt,20260517_KPC_live_on_SLIM::fitet-sz-c2-b5::3_BKOCO2live_740nm_3097mW_u1_poc0p2_20x0p75NA_457s50_g70_z1_256pix_basicFLIM_120f_0007,457,0.2,20x0.75NA,1,7,1.0,2,5,shift=0,,3.2790109460683907,673.6464795285551,63525,96.9,3.325857978410353,689.9225281762592,0.20136754360385
live,BKO,20260530_KPC_live_on_SLIM,20260530,4_BKO_P10_3_live_740nm_3074mW_u1_poc0p25_20x0p75NA_457s50_g70_z1_256pix_basicFLIM_120f_0000.sdt,20260530_KPC_live_on_SLIM::fitet-sz-c2-b5::4_BKO_P10_3_live_740nm_3074mW_u1_poc0p25_20x0p75NA_457s50_g70_z1_256pix_basicFLIM_120f_0000,457,0.25,20x0.75NA,1,0,1.0,2,5,shift=0,,3.321619776038186,708.7592833951646,65340,99.7,3.325857978410353,689.9225281762592,0.20315096704335653
live,BKO,20260517_KPC_live_on_SLIM,20260517,3_BKOCO2live_740nm_3097mW_u1_poc0p2_20x0p75NA_457s50_g70_z1_256pix_basicFLIM_120f_0015.sdt,20260517_KPC_live_on_SLIM::fitet-sz-c2-b5::3_BKOCO2live_740nm_3097mW_u1_poc0p2_20x0p75NA_457s50_g70_z1_256pix_basicFLIM_120f_0015,457,0.2,20x0.75NA,1,15,1.0,2,5,shift=0,,3.3579768880375696,670.6551896941646,57807,88.2,3.325857978410353,689.9225281762592,0.21840270810586085
live,BKO,20260530_KPC_live_on_SLIM,20260530,4_BKO_P10_3_live_740nm_3074mW_u1_poc0p25_20x0p75NA_457s50_g70_z1_256pix_basicFLIM_120f_0014.sdt,20260530_KPC_live_on_SLIM::fitet-sz-c2-b5::4_BKO_P10_3_live_740nm_3074mW_u1_poc0p25_20x0p75NA_457s50_g70_z1_256pix_basicFLIM_120f_0014,457,0.25,20x0.75NA,1,14,1.0,2,5,shift=0,,3.357614309064078,709.878244483316,65429,99.8,3.325857978410353,689.9225281762592,0.2252348215984989
live,BKO,20260601_KPC_live_on_SLIM,20260601,3_BKOCO2_P11_3_live_740nm_3083mW_u1_poc0p25_20x0p75NA_457s50_g70_z1_256pix_basicFLIM_120f_0015.sdt,20260601_KPC_live_on_SLIM::fitet-sz-c2-b5::3_BKOCO2_P11_3_live_740nm_3083mW_u1_poc0p25_20x0p75NA_457s50_g70_z1_256pix_basicFLIM_120f_0015,457,0.25,20x0.75NA,1,15,1.0,2,5,shift=0,,3.236879947708621,702.2076672929848,65445,99.9,3.325857978410353,689.9225281762592,0.2299145967411118
live,BKO,20260530_KPC_live_on_SLIM,20260530,4_BKO_P10_3_live_740nm_3074mW_u1_poc0p25_20x0p75NA_457s50_g70_z1_256pix_basicFLIM_120f_0002.sdt,20260530_KPC_live_on_SLIM::fitet-sz-c2-b5::4_BKO_P10_3_live_740nm_3074mW_u1_poc0p25_20x0p75NA_457s50_g70_z1_256pix_basicFLIM_120f_0002,457,0.25,20x0.75NA,1,2,1.0,2,5,shift=0,,3.2502158085899966,705.3670160882056,64881,99.0,3.325857978410353,689.9225281762592,0.2307186864329025
live,BKO,20260530_KPC_live_on_SLIM,20260530,6_BKOCO2_P10_5_live_740nm_3074mW_u1_poc0p25_20x0p75NA_457s50_g70_z1_256pix_basicFLIM_120f_0009.sdt,20260530_KPC_live_on_SLIM::fitet-sz-c2-b5::6_BKOCO2_P10_5_live_740nm_3074mW_u1_poc0p25_20x0p75NA_457s50_g70_z1_256pix_basicFLIM_120f_0009,457,0.25,20x0.75NA,1,9,1.0,2,5,shift=0,,3.279092009212632,709.6690800704381,65213,99.5,3.325857978410353,689.9225281762592,0.23457988931195897
live,BKO,20260601_KPC_live_on_SLIM,20260601,3_BKOCO2_P11_3_live_740nm_3083mW_u1_poc0p25_20x0p75NA_457s50_g70_z1_256pix_basicFLIM_120f_0014.sdt,20260601_KPC_live_on_SLIM::fitet-sz-c2-b5::3_BKOCO2_P11_3_live_740nm_3083mW_u1_poc0p25_20x0p75NA_457s50_g70_z1_256pix_basicFLIM_120f_0014,457,0.25,20x0.75NA,1,14,1.0,2,5,shift=0,,3.396634746984361,707.132376367853,65490,99.9,3.325857978410353,689.9225281762592,0.23820818041838673
live,BKO,20260530_KPC_live_on_SLIM,20260530,6_BKOCO2_P10_5_live_740nm_3074mW_u1_poc0p25_20x0p75NA_457s50_g70_z1_256pix_basicFLIM_120f_0014.sdt,20260530_KPC_live_on_SLIM::fitet-sz-c2-b5::6_BKOCO2_P10_5_live_740nm_3074mW_u1_poc0p25_20x0p75NA_457s50_g70_z1_256pix_basicFLIM_120f_0014,457,0.25,20x0.75NA,1,14,1.0,2,5,shift=0,,3.367684628932219,711.0040424327269,65229,99.5,3.325857978410353,689.9225281762592,0.24372438569085175
live,BKO,20260517_KPC_live_on_SLIM,20260517,3_BKOCO2live_740nm_3097mW_u1_poc0p2_20x0p75NA_457s50_g70_z1_256pix_basicFLIM_120f_0005.sdt,20260517_KPC_live_on_SLIM::fitet-sz-c2-b5::3_BKOCO2live_740nm_3097mW_u1_poc0p2_20x0p75NA_457s50_g70_z1_256pix_basicFLIM_120f_0005,457,0.2,20x0.75NA,1,5,1.0,2,5,shift=0,,3.438522524173961,683.612521827601,64549,98.5,3.325857978410353,689.9225281762592,0.24755337631933488
live,BKO,20260517_KPC_live_on_SLIM,20260517,3_BKOCO2live_740nm_3097mW_u1_poc0p2_20x0p75NA_457s50_g70_z1_256pix_basicFLIM_120f_0008.sdt,20260517_KPC_live_on_SLIM::fitet-sz-c2-b5::3_BKOCO2live_740nm_3097mW_u1_poc0p2_20x0p75NA_457s50_g70_z1_256pix_basicFLIM_120f_0008,457,0.2,20x0.75NA,1,8,1.0,2,5,shift=0,,3.4124211000901714,671.8370689123153,64717,98.8,3.325857978410353,689.9225281762592,0.26724167072019483
live,BKO,20260530_KPC_live_on_SLIM,20260530,4_BKO_P10_3_live_740nm_3074mW_u1_poc0p25_20x0p75NA_457s50_g70_z1_256pix_basicFLIM_120f_0008.sdt,20260530_KPC_live_on_SLIM::fitet-sz-c2-b5::4_BKO_P10_3_live_740nm_3074mW_u1_poc0p25_20x0p75NA_457s50_g70_z1_256pix_basicFLIM_120f_0008,457,0.25,20x0.75NA,1,8,1.0,2,5,shift=0,,3.299649389222626,714.5869498695085,64893,99.0,3.325857978410353,689.9225281762592,0.27145049006742794
live,BKO,20260517_KPC_live_on_SLIM,20260517,3_BKOCO2live_740nm_3097mW_u1_poc0p2_20x0p75NA_457s50_g70_z1_256pix_basicFLIM_120f_0003.sdt,20260517_KPC_live_on_SLIM::fitet-sz-c2-b5::3_BKOCO2live_740nm_3097mW_u1_poc0p2_20x0p75NA_457s50_g70_z1_256pix_basicFLIM_120f_0003,457,0.2,20x0.75NA,1,3,1.0,2,5,shift=0,,3.193307147113406,686.7193252073639,64690,98.7,3.325857978410353,689.9225281762592,0.28216860623960976
live,BKO,20260601_KPC_live_on_SLIM,20260601,7_BKOCO2_P11_5_live_740nm_3075mW_u1_poc0p25_20x0p75NA_457s50_g70_z1_256pix_basicFLIM_120f_0012.sdt,20260601_KPC_live_on_SLIM::fitet-sz-c2-b5::7_BKOCO2_P11_5_live_740nm_3075mW_u1_poc0p25_20x0p75NA_457s50_g70_z1_256pix_basicFLIM_120f_0012,457,0.25,20x0.75NA,1,12,1.0,2,5,shift=0,,3.460520820101784,687.4499147124932,65528,100.0,3.325857978410353,689.9225281762592,0.2857567828097319
live,BKO,20260517_KPC_live_on_SLIM,20260517,3_BKOCO2live_740nm_3097mW_u1_poc0p2_20x0p75NA_457s50_g70_z1_256pix_basicFLIM_120f_0010.sdt,20260517_KPC_live_on_SLIM::fitet-sz-c2-b5::3_BKOCO2live_740nm_3097mW_u1_poc0p2_20x0p75NA_457s50_g70_z1_256pix_basicFLIM_120f_0010,457,0.2,20x0.75NA,1,10,1.0,2,5,shift=0,,3.4555784678794783,680.3681255237675,47068,71.8,3.325857978410353,689.9225281762592,0.29276539203815094
live,BKO,20260601_KPC_live_on_SLIM,20260601,3_BKOCO2_P11_3_live_740nm_3083mW_u1_poc0p25_20x0p75NA_457s50_g70_z1_256pix_basicFLIM_120f_0001.sdt,20260601_KPC_live_on_SLIM::fitet-sz-c2-b5::3_BKOCO2_P11_3_live_740nm_3083mW_u1_poc0p25_20x0p75NA_457s50_g70_z1_256pix_basicFLIM_120f_0001,457,0.25,20x0.75NA,1,1,1.0,2,5,shift=0,,3.2217712502202422,708.4034171711119,64687,98.7,3.325857978410353,689.9225281762592,0.2966642800528044
live,BKO,20260530_KPC_live_on_SLIM,20260530,6_BKOCO2_P10_5_live_740nm_3074mW_u1_poc0p25_20x0p75NA_457s50_g70_z1_256pix_basicFLIM_120f_0006.sdt,20260530_KPC_live_on_SLIM::fitet-sz-c2-b5::6_BKOCO2_P10_5_live_740nm_3074mW_u1_poc0p25_20x0p75NA_457s50_g70_z1_256pix_basicFLIM_120f_0006,457,0.25,20x0.75NA,1,6,1.0,2,5,shift=0,,3.315673272082177,717.8021067237429,65273,99.6,3.325857978410353,689.9225281762592,0.3011536785793557
live,BKO,20260517_KPC_live_on_SLIM,20260517,3_BKOCO2live_740nm_3097mW_u1_poc0p2_20x0p75NA_457s50_g70_z1_256pix_basicFLIM_120f_0002.sdt,20260517_KPC_live_on_SLIM::fitet-sz-c2-b5::3_BKOCO2live_740nm_3097mW_u1_poc0p2_20x0p75NA_457s50_g70_z1_256pix_basicFLIM_120f_0002,457,0.2,20x0.75NA,1,2,1.0,2,5,shift=0,,3.45920672548846,677.7252135459415,51905,79.2,3.325857978410353,689.9225281762592,0.31087902299495546
live,BKO,20260517_KPC_live_on_SLIM,20260517,3_BKOCO2live_740nm_3097mW_u1_poc0p2_20x0p75NA_457s50_g70_z1_256pix_basicFLIM_120f_0004.sdt,20260517_KPC_live_on_SLIM::fitet-sz-c2-b5::3_BKOCO2live_740nm_3097mW_u1_poc0p2_20x0p75NA_457s50_g70_z1_256pix_basicFLIM_120f_0004,457,0.2,20x0.75NA,1,4,1.0,2,5,shift=0,,3.37243356917961,662.4330808909386,56274,85.9,3.325857978410353,689.9225281762592,0.31209967147673917
live,BKO,20260530_KPC_live_on_SLIM,20260530,6_BKOCO2_P10_5_live_740nm_3074mW_u1_poc0p25_20x0p75NA_457s50_g70_z1_256pix_basicFLIM_120f_0005.sdt,20260530_KPC_live_on_SLIM::fitet-sz-c2-b5::6_BKOCO2_P10_5_live_740nm_3074mW_u1_poc0p25_20x0p75NA_457s50_g70_z1_256pix_basicFLIM_120f_0005,457,0.25,20x0.75NA,1,5,1.0,2,5,shift=0,,3.2371422419877,713.852956166766,64956,99.1,3.325857978410353,689.9225281762592,0.31876480407045993
live,BKO,20260601_KPC_live_on_SLIM,20260601,3_BKOCO2_P11_3_live_740nm_3083mW_u1_poc0p25_20x0p75NA_457s50_g70_z1_256pix_basicFLIM_120f_0016.sdt,20260601_KPC_live_on_SLIM::fitet-sz-c2-b5::3_BKOCO2_P11_3_live_740nm_3083mW_u1_poc0p25_20x0p75NA_457s50_g70_z1_256pix_basicFLIM_120f_0016,457,0.25,20x0.75NA,1,16,1.0,2,5,shift=0,,3.3703589048099056,718.5549073780068,65526,100.0,3.325857978410353,689.9225281762592,0.3225041496340127
live,BKO,20260601_KPC_live_on_SLIM,20260601,7_BKOCO2_P11_5_live_740nm_3075mW_u1_poc0p25_20x0p75NA_457s50_g70_z1_256pix_basicFLIM_120f_0014.sdt,20260601_KPC_live_on_SLIM::fitet-sz-c2-b5::7_BKOCO2_P11_5_live_740nm_3075mW_u1_poc0p25_20x0p75NA_457s50_g70_z1_256pix_basicFLIM_120f_0014,457,0.25,20x0.75NA,1,14,1.0,2,5,shift=0,,3.487268017554272,684.1478450076352,65504,100.0,3.325857978410353,689.9225281762592,0.34665232126608436
live,BKO,20260601_KPC_live_on_SLIM,20260601,3_BKOCO2_P11_3_live_740nm_3083mW_u1_poc0p25_20x0p75NA_457s50_g70_z1_256pix_basicFLIM_120f_0013.sdt,20260601_KPC_live_on_SLIM::fitet-sz-c2-b5::3_BKOCO2_P11_3_live_740nm_3083mW_u1_poc0p25_20x0p75NA_457s50_g70_z1_256pix_basicFLIM_120f_0013,457,0.25,20x0.75NA,1,13,1.0,2,5,shift=0,,3.473692702801653,705.0737698437068,65532,100.0,3.325857978410353,689.9225281762592,0.3524286720030183
live,BKO,20260601_KPC_live_on_SLIM,20260601,3_BKOCO2_P11_3_live_740nm_3083mW_u1_poc0p25_20x0p75NA_457s50_g70_z1_256pix_basicFLIM_120f_0012.sdt,20260601_KPC_live_on_SLIM::fitet-sz-c2-b5::3_BKOCO2_P11_3_live_740nm_3083mW_u1_poc0p25_20x0p75NA_457s50_g70_z1_256pix_basicFLIM_120f_0012,457,0.25,20x0.75NA,1,12,1.0,2,5,shift=0,,3.4875674918052333,700.0409492196497,65510,100.0,3.325857978410353,689.9225281762592,0.3586277342078734
live,BKO,20260601_KPC_live_on_SLIM,20260601,5_BKOCO2_P11_4_live_740nm_3076mW_u1_poc0p25_20x0p75NA_457s50_g70_z1_256pix_basicFLIM_120f_0002.sdt,20260601_KPC_live_on_SLIM::fitet-sz-c2-b5::5_BKOCO2_P11_4_live_740nm_3076mW_u1_poc0p25_20x0p75NA_457s50_g70_z1_256pix_basicFLIM_120f_0002,457,0.25,20x0.75NA,1,2,1.0,2,5,shift=0,,3.3761571966900847,657.8061687028382,64600,98.6,3.325857978410353,689.9225281762592,0.3619833694732042
live,BKO,20260530_KPC_live_on_SLIM,20260530,4_BKO_P10_3_live_740nm_3074mW_u1_poc0p25_20x0p75NA_457s50_g70_z1_256pix_basicFLIM_120f_0011.sdt,20260530_KPC_live_on_SLIM::fitet-sz-c2-b5::4_BKO_P10_3_live_740nm_3074mW_u1_poc0p25_20x0p75NA_457s50_g70_z1_256pix_basicFLIM_120f_0011,457,0.25,20x0.75NA,1,11,1.0,2,5,shift=0,,3.316540903500316,723.7858952444637,65337,99.7,3.325857978410353,689.9225281762592,0.3653859314161045
live,BKO,20260601_KPC_live_on_SLIM,20260601,3_BKOCO2_P11_3_live_740nm_3083mW_u1_poc0p25_20x0p75NA_457s50_g70_z1_256pix_basicFLIM_120f_0003.sdt,20260601_KPC_live_on_SLIM::fitet-sz-c2-b5::3_BKOCO2_P11_3_live_740nm_3083mW_u1_poc0p25_20x0p75NA_457s50_g70_z1_256pix_basicFLIM_120f_0003,457,0.25,20x0.75NA,1,3,1.0,2,5,shift=0,,3.185921037648373,711.7866881509431,63977,97.6,3.325857978410353,689.9225281762592,0.37802920390481015
live,BKO,20260601_KPC_live_on_SLIM,20260601,3_BKOCO2_P11_3_live_740nm_3083mW_u1_poc0p25_20x0p75NA_457s50_g70_z1_256pix_basicFLIM_120f_0000.sdt,20260601_KPC_live_on_SLIM::fitet-sz-c2-b5::3_BKOCO2_P11_3_live_740nm_3083mW_u1_poc0p25_20x0p75NA_457s50_g70_z1_256pix_basicFLIM_120f_0000,457,0.25,20x0.75NA,1,0,1.0,2,5,shift=0,,3.490793500665861,703.7948882003753,65452,99.9,3.325857978410353,689.9225281762592,0.37917326794840467
live,BKO,20260530_KPC_live_on_SLIM,20260530,6_BKOCO2_P10_5_live_740nm_3074mW_u1_poc0p25_20x0p75NA_457s50_g70_z1_256pix_basicFLIM_120f_0012.sdt,20260530_KPC_live_on_SLIM::fitet-sz-c2-b5::6_BKOCO2_P10_5_live_740nm_3074mW_u1_poc0p25_20x0p75NA_457s50_g70_z1_256pix_basicFLIM_120f_0012,457,0.25,20x0.75NA,1,12,1.0,2,5,shift=0,,3.260266469043515,723.4540161193473,65229,99.5,3.325857978410353,689.9225281762592,0.38694615254223136
live,BKO,20260601_KPC_live_on_SLIM,20260601,3_BKOCO2_P11_3_live_740nm_3083mW_u1_poc0p25_20x0p75NA_457s50_g70_z1_256pix_basicFLIM_120f_0011.sdt,20260601_KPC_live_on_SLIM::fitet-sz-c2-b5::3_BKOCO2_P11_3_live_740nm_3083mW_u1_poc0p25_20x0p75NA_457s50_g70_z1_256pix_basicFLIM_120f_0011,457,0.25,20x0.75NA,1,11,1.0,2,5,shift=0,,3.5172531040362207,694.644694771027,65530,100.0,3.325857978410353,689.9225281762592,0.40756292240255254
live,BKO,20260530_KPC_live_on_SLIM,20260530,6_BKOCO2_P10_5_live_740nm_3074mW_u1_poc0p25_20x0p75NA_457s50_g70_z1_256pix_basicFLIM_120f_0015.sdt,20260530_KPC_live_on_SLIM::fitet-sz-c2-b5::6_BKOCO2_P10_5_live_740nm_3074mW_u1_poc0p25_20x0p75NA_457s50_g70_z1_256pix_basicFLIM_120f_0015,457,0.25,20x0.75NA,1,15,1.0,2,5,shift=0,,3.2668101946892163,726.4378331671064,65471,99.9,3.325857978410353,689.9225281762592,0.41273410731479004
live,BKO,20260601_KPC_live_on_SLIM,20260601,5_BKOCO2_P11_4_live_740nm_3076mW_u1_poc0p25_20x0p75NA_457s50_g70_z1_256pix_basicFLIM_120f_0010.sdt,20260601_KPC_live_on_SLIM::fitet-sz-c2-b5::5_BKOCO2_P11_4_live_740nm_3076mW_u1_poc0p25_20x0p75NA_457s50_g70_z1_256pix_basicFLIM_120f_0010,457,0.25,20x0.75NA,1,10,1.0,2,5,shift=0,,3.507347609135454,673.9190822165269,65488,99.9,3.325857978410353,689.9225281762592,0.4204310336952074
live,BKO,20260601_KPC_live_on_SLIM,20260601,12_BKOCO2_145uL_live_740nm_3076mW_u1_poc0p25_20x0p75NA_457s50_g70_z1_256pix_basicFLIM_120f_0008.sdt,20260601_KPC_live_on_SLIM::fitet-sz-c2-b5::12_BKOCO2_145uL_live_740nm_3076mW_u1_poc0p25_20x0p75NA_457s50_g70_z1_256pix_basicFLIM_120f_0008,457,0.25,20x0.75NA,1,8,1.0,2,5,shift=0,,3.123903069994709,685.8173390537504,65320,99.7,3.325857978410353,689.9225281762592,0.4289715736017784
live,BKO,20260601_KPC_live_on_SLIM,20260601,5_BKOCO2_P11_4_live_740nm_3076mW_u1_poc0p25_20x0p75NA_457s50_g70_z1_256pix_basicFLIM_120f_0000.sdt,20260601_KPC_live_on_SLIM::fitet-sz-c2-b5::5_BKOCO2_P11_4_live_740nm_3076mW_u1_poc0p25_20x0p75NA_457s50_g70_z1_256pix_basicFLIM_120f_0000,457,0.25,20x0.75NA,1,0,1.0,2,5,shift=0,,3.371144773522852,650.805377707173,64142,97.9,3.325857978410353,689.9225281762592,0.43218567477253417
live,BKO,20260601_KPC_live_on_SLIM,20260601,5_BKOCO2_P11_4_live_740nm_3076mW_u1_poc0p25_20x0p75NA_457s50_g70_z1_256pix_basicFLIM_120f_0003.sdt,20260601_KPC_live_on_SLIM::fitet-sz-c2-b5::5_BKOCO2_P11_4_live_740nm_3076mW_u1_poc0p25_20x0p75NA_457s50_g70_z1_256pix_basicFLIM_120f_0003,457,0.25,20x0.75NA,1,3,1.0,2,5,shift=0,,3.3493400265476896,647.9794881130179,64048,97.7,3.325857978410353,689.9225281762592,0.4546235617437706
live,BKO,20260601_KPC_live_on_SLIM,20260601,5_BKOCO2_P11_4_live_740nm_3076mW_u1_poc0p25_20x0p75NA_457s50_g70_z1_256pix_basicFLIM_120f_0006.sdt,20260601_KPC_live_on_SLIM::fitet-sz-c2-b5::5_BKOCO2_P11_4_live_740nm_3076mW_u1_poc0p25_20x0p75NA_457s50_g70_z1_256pix_basicFLIM_120f_0006,457,0.25,20x0.75NA,1,6,1.0,2,5,shift=0,,3.522277456647399,672.6325373411688,65137,99.4,3.325857978410353,689.9225281762592,0.45488465486865115
live,BKO,20260601_KPC_live_on_SLIM,20260601,5_BKOCO2_P11_4_live_740nm_3076mW_u1_poc0p25_20x0p75NA_457s50_g70_z1_256pix_basicFLIM_120f_0001.sdt,20260601_KPC_live_on_SLIM::fitet-sz-c2-b5::5_BKOCO2_P11_4_live_740nm_3076mW_u1_poc0p25_20x0p75NA_457s50_g70_z1_256pix_basicFLIM_120f_0001,457,0.25,20x0.75NA,1,1,1.0,2,5,shift=0,,3.469220330198651,657.6692759085455,64411,98.3,3.325857978410353,689.9225281762592,0.46098279867504166
live,BKO,20260601_KPC_live_on_SLIM,20260601,7_BKOCO2_P11_5_live_740nm_3075mW_u1_poc0p25_20x0p75NA_457s50_g70_z1_256pix_basicFLIM_120f_0005.sdt,20260601_KPC_live_on_SLIM::fitet-sz-c2-b5::7_BKOCO2_P11_5_live_740nm_3075mW_u1_poc0p25_20x0p75NA_457s50_g70_z1_256pix_basicFLIM_120f_0005,457,0.25,20x0.75NA,1,5,1.0,2,5,shift=0,,3.1076106781628257,689.410629113732,65159,99.4,3.325857978410353,689.9225281762592,0.46114033220601497
live,BKO,20260601_KPC_live_on_SLIM,20260601,5_BKOCO2_P11_4_live_740nm_3076mW_u1_poc0p25_20x0p75NA_457s50_g70_z1_256pix_basicFLIM_120f_0007.sdt,20260601_KPC_live_on_SLIM::fitet-sz-c2-b5::5_BKOCO2_P11_4_live_740nm_3076mW_u1_poc0p25_20x0p75NA_457s50_g70_z1_256pix_basicFLIM_120f_0007,457,0.25,20x0.75NA,1,7,1.0,2,5,shift=0,,3.507781276954746,666.167909857305,64742,98.8,3.325857978410353,689.9225281762592,0.4617794496586388
live,BKO,20260530_KPC_live_on_SLIM,20260530,4_BKO_P10_3_live_740nm_3074mW_u1_poc0p25_20x0p75NA_457s50_g70_z1_256pix_basicFLIM_120f_0004.sdt,20260530_KPC_live_on_SLIM::fitet-sz-c2-b5::4_BKO_P10_3_live_740nm_3074mW_u1_poc0p25_20x0p75NA_457s50_g70_z1_256pix_basicFLIM_120f_0004,457,0.25,20x0.75NA,1,4,1.0,2,5,shift=0,,3.1816249494220026,722.240186432522,64741,98.8,3.325857978410353,689.9225281762592,0.4627155356047715
live,BKO,20260530_KPC_live_on_SLIM,20260530,4_BKO_P10_3_live_740nm_3074mW_u1_poc0p25_20x0p75NA_457s50_g70_z1_256pix_basicFLIM_120f_0013.sdt,20260530_KPC_live_on_SLIM::fitet-sz-c2-b5::4_BKO_P10_3_live_740nm_3074mW_u1_poc0p25_20x0p75NA_457s50_g70_z1_256pix_basicFLIM_120f_0013,457,0.25,20x0.75NA,1,13,1.0,2,5,shift=0,,3.1242655734903675,710.1977473995094,65238,99.5,3.325857978410353,689.9225281762592,0.47867373431906596
live,BKO,20260601_KPC_live_on_SLIM,20260601,5_BKOCO2_P11_4_live_740nm_3076mW_u1_poc0p25_20x0p75NA_457s50_g70_z1_256pix_basicFLIM_120f_0005.sdt,20260601_KPC_live_on_SLIM::fitet-sz-c2-b5::5_BKOCO2_P11_4_live_740nm_3076mW_u1_poc0p25_20x0p75NA_457s50_g70_z1_256pix_basicFLIM_120f_0005,457,0.25,20x0.75NA,1,5,1.0,2,5,shift=0,,3.531742238769352,668.6391060209967,64782,98.8,3.325857978410353,689.9225281762592,0.491730584648437
live,BKO,20260601_KPC_live_on_SLIM,20260601,3_BKOCO2_P11_3_live_740nm_3083mW_u1_poc0p25_20x0p75NA_457s50_g70_z1_256pix_basicFLIM_120f_0009.sdt,20260601_KPC_live_on_SLIM::fitet-sz-c2-b5::3_BKOCO2_P11_3_live_740nm_3083mW_u1_poc0p25_20x0p75NA_457s50_g70_z1_256pix_basicFLIM_120f_0009,457,0.25,20x0.75NA,1,9,1.0,2,5,shift=0,,3.125226887516367,713.6774903281442,64781,98.8,3.325857978410353,689.9225281762592,0.49516519071847875
live,BKO,20260530_KPC_live_on_SLIM,20260530,6_BKOCO2_P10_5_live_740nm_3074mW_u1_poc0p25_20x0p75NA_457s50_g70_z1_256pix_basicFLIM_120f_0003.sdt,20260530_KPC_live_on_SLIM::fitet-sz-c2-b5::6_BKOCO2_P10_5_live_740nm_3074mW_u1_poc0p25_20x0p75NA_457s50_g70_z1_256pix_basicFLIM_120f_0003,457,0.25,20x0.75NA,1,3,1.0,2,5,shift=0,,3.1185638184530147,712.7742435359604,65019,99.2,3.325857978410353,689.9225281762592,0.502428549478541
live,BKO,20260530_KPC_live_on_SLIM,20260530,6_BKOCO2_P10_5_live_740nm_3074mW_u1_poc0p25_20x0p75NA_457s50_g70_z1_256pix_basicFLIM_120f_0010.sdt,20260530_KPC_live_on_SLIM::fitet-sz-c2-b5::6_BKOCO2_P10_5_live_740nm_3074mW_u1_poc0p25_20x0p75NA_457s50_g70_z1_256pix_basicFLIM_120f_0010,457,0.25,20x0.75NA,1,10,1.0,2,5,shift=0,,3.1471933881756007,720.792607186432,64754,98.8,3.325857978410353,689.9225281762592,0.5031058188025713
live,BKO,20260601_KPC_live_on_SLIM,20260601,13_BKOCO2_115uL_live_740nm_3076mW_u1_poc0p25_20x0p75NA_457s50_g70_z1_256pix_basicFLIM_120f_0009.sdt,20260601_KPC_live_on_SLIM::fitet-sz-c2-b5::13_BKOCO2_115uL_live_740nm_3076mW_u1_poc0p25_20x0p75NA_457s50_g70_z1_256pix_basicFLIM_120f_0009,457,0.25,20x0.75NA,1,9,1.0,2,5,shift=0,,3.1575873327838715,656.7289760720826,64933,99.1,3.325857978410353,689.9225281762592,0.5042799725633914
live,BKO,20260601_KPC_live_on_SLIM,20260601,3_BKOCO2_P11_3_live_740nm_3083mW_u1_poc0p25_20x0p75NA_457s50_g70_z1_256pix_basicFLIM_120f_0004.sdt,20260601_KPC_live_on_SLIM::fitet-sz-c2-b5::3_BKOCO2_P11_3_live_740nm_3083mW_u1_poc0p25_20x0p75NA_457s50_g70_z1_256pix_basicFLIM_120f_0004,457,0.25,20x0.75NA,1,4,1.0,2,5,shift=0,,3.0885662345117924,682.7208085603406,64869,99.0,3.325857978410353,689.9225281762592,0.5073130793409637
live,BKO,20260601_KPC_live_on_SLIM,20260601,5_BKOCO2_P11_4_live_740nm_3076mW_u1_poc0p25_20x0p75NA_457s50_g70_z1_256pix_basicFLIM_120f_0011.sdt,20260601_KPC_live_on_SLIM::fitet-sz-c2-b5::5_BKOCO2_P11_4_live_740nm_3076mW_u1_poc0p25_20x0p75NA_457s50_g70_z1_256pix_basicFLIM_120f_0011,457,0.25,20x0.75NA,1,11,1.0,2,5,shift=0,,3.567250426039235,691.3901790030785,65521,100.0,3.325857978410353,689.9225281762592,0.5102529115666758
live,BKO,20260601_KPC_live_on_SLIM,20260601,3_BKOCO2_P11_3_live_740nm_3083mW_u1_poc0p25_20x0p75NA_457s50_g70_z1_256pix_basicFLIM_120f_0005.sdt,20260601_KPC_live_on_SLIM::fitet-sz-c2-b5::3_BKOCO2_P11_3_live_740nm_3083mW_u1_poc0p25_20x0p75NA_457s50_g70_z1_256pix_basicFLIM_120f_0005,457,0.25,20x0.75NA,1,5,1.0,2,5,shift=0,,3.107791520090122,711.2434013518047,64423,98.3,3.325857978410353,689.9225281762592,0.5148186562281502
live,BKO,20260530_KPC_live_on_SLIM,20260530,6_BKOCO2_P10_5_live_740nm_3074mW_u1_poc0p25_20x0p75NA_457s50_g70_z1_256pix_basicFLIM_120f_0004.sdt,20260530_KPC_live_on_SLIM::fitet-sz-c2-b5::6_BKOCO2_P10_5_live_740nm_3074mW_u1_poc0p25_20x0p75NA_457s50_g70_z1_256pix_basicFLIM_120f_0004,457,0.25,20x0.75NA,1,4,1.0,2,5,shift=0,,3.1720927166505986,727.9970030151433,65171,99.4,3.325857978410353,689.9225281762592,0.5232855112186436
live,BKO,20260530_KPC_live_on_SLIM,20260530,6_BKOCO2_P10_5_live_740nm_3074mW_u1_poc0p25_20x0p75NA_457s50_g70_z1_256pix_basicFLIM_120f_0016.sdt,20260530_KPC_live_on_SLIM::fitet-sz-c2-b5::6_BKOCO2_P10_5_live_740nm_3074mW_u1_poc0p25_20x0p75NA_457s50_g70_z1_256pix_basicFLIM_120f_0016,457,0.25,20x0.75NA,1,16,1.0,2,5,shift=0,,3.1924996744156493,730.9806126558408,65296,99.6,3.325857978410353,689.9225281762592,0.5244815158492294
live,BKO,20260530_KPC_live_on_SLIM,20260530,4_BKO_P10_3_live_740nm_3074mW_u1_poc0p25_20x0p75NA_457s50_g70_z1_256pix_basicFLIM_120f_0015.sdt,20260530_KPC_live_on_SLIM::fitet-sz-c2-b5::4_BKO_P10_3_live_740nm_3074mW_u1_poc0p25_20x0p75NA_457s50_g70_z1_256pix_basicFLIM_120f_0015,457,0.25,20x0.75NA,1,15,1.0,2,5,shift=0,,3.150272403708362,726.5505851817097,65228,99.5,3.325857978410353,689.9225281762592,0.5416307442009156
live,BKO,20260530_KPC_live_on_SLIM,20260530,4_BKO_P10_3_live_740nm_3074mW_u1_poc0p25_20x0p75NA_457s50_g70_z1_256pix_basicFLIM_120f_0003.sdt,20260530_KPC_live_on_SLIM::fitet-sz-c2-b5::4_BKO_P10_3_live_740nm_3074mW_u1_poc0p25_20x0p75NA_457s50_g70_z1_256pix_basicFLIM_120f_0003,457,0.25,20x0.75NA,1,3,1.0,2,5,shift=0,,3.137478283369682,724.2451087162727,65043,99.2,3.325857978410353,689.9225281762592,0.5432875093598195
live,BKO,20260601_KPC_live_on_SLIM,20260601,7_BKOCO2_P11_5_live_740nm_3075mW_u1_poc0p25_20x0p75NA_457s50_g70_z1_256pix_basicFLIM_120f_0009.sdt,20260601_KPC_live_on_SLIM::fitet-sz-c2-b5::7_BKOCO2_P11_5_live_740nm_3075mW_u1_poc0p25_20x0p75NA_457s50_g70_z1_256pix_basicFLIM_120f_0009,457,0.25,20x0.75NA,1,9,1.0,2,5,shift=0,,3.0615770832833653,686.5255954262944,64103,97.8,3.325857978410353,689.9225281762592,0.5595641876060664
live,BKO,20260601_KPC_live_on_SLIM,20260601,13_BKOCO2_115uL_live_740nm_3076mW_u1_poc0p25_20x0p75NA_457s50_g70_z1_256pix_basicFLIM_120f_0003.sdt,20260601_KPC_live_on_SLIM::fitet-sz-c2-b5::13_BKOCO2_115uL_live_740nm_3076mW_u1_poc0p25_20x0p75NA_457s50_g70_z1_256pix_basicFLIM_120f_0003,457,0.25,20x0.75NA,1,3,1.0,2,5,shift=0,,3.2347365129056067,638.7992243908657,63968,97.6,3.325857978410353,689.9225281762592,0.5834945547836299
live,BKO,20260601_KPC_live_on_SLIM,20260601,7_BKOCO2_P11_5_live_740nm_3075mW_u1_poc0p25_20x0p75NA_457s50_g70_z1_256pix_basicFLIM_120f_0011.sdt,20260601_KPC_live_on_SLIM::fitet-sz-c2-b5::7_BKOCO2_P11_5_live_740nm_3075mW_u1_poc0p25_20x0p75NA_457s50_g70_z1_256pix_basicFLIM_120f_0011,457,0.25,20x0.75NA,1,11,1.0,2,5,shift=0,,3.5883650983958995,672.4274512279532,65509,100.0,3.325857978410353,689.9225281762592,0.5857755295311358
live,BKO,20260530_KPC_live_on_SLIM,20260530,6_BKOCO2_P10_5_live_740nm_3074mW_u1_poc0p25_20x0p75NA_457s50_g70_z1_256pix_basicFLIM_120f_0011.sdt,20260530_KPC_live_on_SLIM::fitet-sz-c2-b5::6_BKOCO2_P10_5_live_740nm_3074mW_u1_poc0p25_20x0p75NA_457s50_g70_z1_256pix_basicFLIM_120f_0011,457,0.25,20x0.75NA,1,11,1.0,2,5,shift=0,,3.112711802078712,726.6578762662384,65198,99.5,3.325857978410353,689.9225281762592,0.5995446463389827
live,BKO,20260601_KPC_live_on_SLIM,20260601,13_BKOCO2_115uL_live_740nm_3076mW_u1_poc0p25_20x0p75NA_457s50_g70_z1_256pix_basicFLIM_120f_0002.sdt,20260601_KPC_live_on_SLIM::fitet-sz-c2-b5::13_BKOCO2_115uL_live_740nm_3076mW_u1_poc0p25_20x0p75NA_457s50_g70_z1_256pix_basicFLIM_120f_0002,457,0.25,20x0.75NA,1,2,1.0,2,5,shift=0,,3.3895451428815413,635.4434075073036,64418,98.3,3.325857978410353,689.9225281762592,0.6022015581726214
live,BKO,20260601_KPC_live_on_SLIM,20260601,3_BKOCO2_P11_3_live_740nm_3083mW_u1_poc0p25_20x0p75NA_457s50_g70_z1_256pix_basicFLIM_120f_0007.sdt,20260601_KPC_live_on_SLIM::fitet-sz-c2-b5::3_BKOCO2_P11_3_live_740nm_3083mW_u1_poc0p25_20x0p75NA_457s50_g70_z1_256pix_basicFLIM_120f_0007,457,0.25,20x0.75NA,1,7,1.0,2,5,shift=0,,3.027364891718272,690.4344272387863,64547,98.5,3.325857978410353,689.9225281762592,0.6306727231529605
live,BKO,20260530_KPC_live_on_SLIM,20260530,6_BKOCO2_P10_5_live_740nm_3074mW_u1_poc0p25_20x0p75NA_457s50_g70_z1_256pix_basicFLIM_120f_0001.sdt,20260530_KPC_live_on_SLIM::fitet-sz-c2-b5::6_BKOCO2_P10_5_live_740nm_3074mW_u1_poc0p25_20x0p75NA_457s50_g70_z1_256pix_basicFLIM_120f_0001,457,0.25,20x0.75NA,1,1,1.0,2,5,shift=0,,3.0814472569529983,725.0432706442195,65307,99.7,3.325857978410353,689.9225281762592,0.6401888831953552
live,BKO,20260601_KPC_live_on_SLIM,20260601,5_BKOCO2_P11_4_live_740nm_3076mW_u1_poc0p25_20x0p75NA_457s50_g70_z1_256pix_basicFLIM_120f_0014.sdt,20260601_KPC_live_on_SLIM::fitet-sz-c2-b5::5_BKOCO2_P11_4_live_740nm_3076mW_u1_poc0p25_20x0p75NA_457s50_g70_z1_256pix_basicFLIM_120f_0014,457,0.25,20x0.75NA,1,14,1.0,2,5,shift=0,,3.615617463736484,669.4037709556659,65241,99.5,3.325857978410353,689.9225281762592,0.6508910158352339
live,BKO,20260601_KPC_live_on_SLIM,20260601,7_BKOCO2_P11_5_live_740nm_3075mW_u1_poc0p25_20x0p75NA_457s50_g70_z1_256pix_basicFLIM_120f_0004.sdt,20260601_KPC_live_on_SLIM::fitet-sz-c2-b5::7_BKOCO2_P11_5_live_740nm_3075mW_u1_poc0p25_20x0p75NA_457s50_g70_z1_256pix_basicFLIM_120f_0004,457,0.25,20x0.75NA,1,4,1.0,2,5,shift=0,,3.0253504153620168,705.9798604683403,64154,97.9,3.325857978410353,689.9225281762592,0.65805431655432
live,BKO,20260601_KPC_live_on_SLIM,20260601,5_BKOCO2_P11_4_live_740nm_3076mW_u1_poc0p25_20x0p75NA_457s50_g70_z1_256pix_basicFLIM_120f_0012.sdt,20260601_KPC_live_on_SLIM::fitet-sz-c2-b5::5_BKOCO2_P11_4_live_740nm_3076mW_u1_poc0p25_20x0p75NA_457s50_g70_z1_256pix_basicFLIM_120f_0012,457,0.25,20x0.75NA,1,12,1.0,2,5,shift=0,,3.6289511338673135,673.1151982303388,65408,99.8,3.325857978410353,689.9225281762592,0.665479790631454
live,BKO,20260521_KPC_live_SLIM,20260521,3_BKOCO2live_740nm_3085mW_u1_poc0p25_20x0p75NA_457s50_g70_z1_256pix_basicFLIM_120f_0002.sdt,20260521_KPC_live_SLIM::fitet-sz-c2-b9::3_BKOCO2live_740nm_3085mW_u1_poc0p25_20x0p75NA_457s50_g70_z1_256pix_basicFLIM_120f_0002,457,0.25,20x0.75NA,1,2,1.0,2,9,shift=0,,3.532034683345794,642.1711362042419,65167,99.4,3.325857978410353,689.9225281762592,0.674129894682845
live,BKO,20260530_KPC_live_on_SLIM,20260530,6_BKOCO2_P10_5_live_740nm_3074mW_u1_poc0p25_20x0p75NA_457s50_g70_z1_256pix_basicFLIM_120f_0008.sdt,20260530_KPC_live_on_SLIM::fitet-sz-c2-b5::6_BKOCO2_P10_5_live_740nm_3074mW_u1_poc0p25_20x0p75NA_457s50_g70_z1_256pix_basicFLIM_120f_0008,457,0.25,20x0.75NA,1,8,1.0,2,5,shift=0,,3.0541209414258117,724.3178475110103,65300,99.6,3.325857978410353,689.9225281762592,0.6833353983819374
live,BKO,20260601_KPC_live_on_SLIM,20260601,5_BKOCO2_P11_4_live_740nm_3076mW_u1_poc0p25_20x0p75NA_457s50_g70_z1_256pix_basicFLIM_120f_0008.sdt,20260601_KPC_live_on_SLIM::fitet-sz-c2-b5::5_BKOCO2_P11_4_live_740nm_3076mW_u1_poc0p25_20x0p75NA_457s50_g70_z1_256pix_basicFLIM_120f_0008,457,0.25,20x0.75NA,1,8,1.0,2,5,shift=0,,3.6383433363699687,673.3505192613827,55379,84.5,3.325857978410353,689.9225281762592,0.6839295876580117
live,BKO,20260601_KPC_live_on_SLIM,20260601,13_BKOCO2_115uL_live_740nm_3076mW_u1_poc0p25_20x0p75NA_457s50_g70_z1_256pix_basicFLIM_120f_0010.sdt,20260601_KPC_live_on_SLIM::fitet-sz-c2-b5::13_BKOCO2_115uL_live_740nm_3076mW_u1_poc0p25_20x0p75NA_457s50_g70_z1_256pix_basicFLIM_120f_0010,457,0.25,20x0.75NA,1,10,1.0,2,5,shift=0,,3.5494084456475323,643.9277076949268,65338,99.7,3.325857978410353,689.9225281762592,0.6845887175623063
live,BKO,20260601_KPC_live_on_SLIM,20260601,12_BKOCO2_145uL_live_740nm_3076mW_u1_poc0p25_20x0p75NA_457s50_g70_z1_256pix_basicFLIM_120f_0009.sdt,20260601_KPC_live_on_SLIM::fitet-sz-c2-b5::12_BKOCO2_145uL_live_740nm_3076mW_u1_poc0p25_20x0p75NA_457s50_g70_z1_256pix_basicFLIM_120f_0009,457,0.25,20x0.75NA,1,9,1.0,2,5,shift=0,,2.9983540805807496,691.9351302365056,64963,99.1,3.325857978410353,689.9225281762592,0.6922816066078175
live,BKO,20260517_KPC_live_on_SLIM,20260517,3_BKOCO2live_740nm_3097mW_u1_poc0p2_20x0p75NA_457s50_g70_z1_256pix_basicFLIM_120f_0001.sdt,20260517_KPC_live_on_SLIM::fitet-sz-c2-b5::3_BKOCO2live_740nm_3097mW_u1_poc0p2_20x0p75NA_457s50_g70_z1_256pix_basicFLIM_120f_0001,457,0.2,20x0.75NA,1,1,1.0,2,5,shift=0,,3.624584445032161,663.2887817300441,59828,91.3,3.325857978410353,689.9225281762592,0.6933155147324417
live,BKO,20260530_KPC_live_on_SLIM,20260530,6_BKOCO2_P10_5_live_740nm_3074mW_u1_poc0p25_20x0p75NA_457s50_g70_z1_256pix_basicFLIM_120f_0013.sdt,20260530_KPC_live_on_SLIM::fitet-sz-c2-b5::6_BKOCO2_P10_5_live_740nm_3074mW_u1_poc0p25_20x0p75NA_457s50_g70_z1_256pix_basicFLIM_120f_0013,457,0.25,20x0.75NA,1,13,1.0,2,5,shift=0,,3.0404320121340875,723.7153585345081,64916,99.1,3.325857978410353,689.9225281762592,0.7044313377020746
live,BKO,20260601_KPC_live_on_SLIM,20260601,7_BKOCO2_P11_5_live_740nm_3075mW_u1_poc0p25_20x0p75NA_457s50_g70_z1_256pix_basicFLIM_120f_0003.sdt,20260601_KPC_live_on_SLIM::fitet-sz-c2-b5::7_BKOCO2_P11_5_live_740nm_3075mW_u1_poc0p25_20x0p75NA_457s50_g70_z1_256pix_basicFLIM_120f_0003,457,0.25,20x0.75NA,1,3,1.0,2,5,shift=0,,2.977568298656428,688.2965017641914,64168,97.9,3.325857978410353,689.9225281762592,0.7360661036876844
live,BKO,20260601_KPC_live_on_SLIM,20260601,7_BKOCO2_P11_5_live_740nm_3075mW_u1_poc0p25_20x0p75NA_457s50_g70_z1_256pix_basicFLIM_120f_0002.sdt,20260601_KPC_live_on_SLIM::fitet-sz-c2-b5::7_BKOCO2_P11_5_live_740nm_3075mW_u1_poc0p25_20x0p75NA_457s50_g70_z1_256pix_basicFLIM_120f_0002,457,0.25,20x0.75NA,1,2,1.0,2,5,shift=0,,2.970231271290462,695.6300982036014,64564,98.5,3.325857978410353,689.9225281762592,0.7538714192301142
live,BKO,20260601_KPC_live_on_SLIM,20260601,7_BKOCO2_P11_5_live_740nm_3075mW_u1_poc0p25_20x0p75NA_457s50_g70_z1_256pix_basicFLIM_120f_0001.sdt,20260601_KPC_live_on_SLIM::fitet-sz-c2-b5::7_BKOCO2_P11_5_live_740nm_3075mW_u1_poc0p25_20x0p75NA_457s50_g70_z1_256pix_basicFLIM_120f_0001,457,0.25,20x0.75NA,1,1,1.0,2,5,shift=0,,2.960903248744356,695.0153510611328,64708,98.7,3.325857978410353,689.9225281762592,0.7730170427749959
live,BKO,20260530_KPC_live_on_SLIM,20260530,6_BKOCO2_P10_5_live_740nm_3074mW_u1_poc0p25_20x0p75NA_457s50_g70_z1_256pix_basicFLIM_120f_0000.sdt,20260530_KPC_live_on_SLIM::fitet-sz-c2-b5::6_BKOCO2_P10_5_live_740nm_3074mW_u1_poc0p25_20x0p75NA_457s50_g70_z1_256pix_basicFLIM_120f_0000,457,0.25,20x0.75NA,1,0,1.0,2,5,shift=0,,2.980060318230665,727.6350688170368,65273,99.6,3.325857978410353,689.9225281762592,0.835982962823973
live,BKO,20260601_KPC_live_on_SLIM,20260601,12_BKOCO2_145uL_live_740nm_3076mW_u1_poc0p25_20x0p75NA_457s50_g70_z1_256pix_basicFLIM_120f_0010.sdt,20260601_KPC_live_on_SLIM::fitet-sz-c2-b5::12_BKOCO2_145uL_live_740nm_3076mW_u1_poc0p25_20x0p75NA_457s50_g70_z1_256pix_basicFLIM_120f_0010,457,0.25,20x0.75NA,1,10,1.0,2,5,shift=0,,2.9274481511115944,694.8980066215056,65504,100.0,3.325857978410353,689.9225281762592,0.8434554442329809
live,BKO,20260521_KPC_live_SLIM,20260521,3_BKOCO2live_740nm_3085mW_u1_poc0p25_20x0p75NA_457s50_g70_z1_256pix_basicFLIM_120f_0010.sdt,20260521_KPC_live_SLIM::fitet-sz-c2-b9::3_BKOCO2live_740nm_3085mW_u1_poc0p25_20x0p75NA_457s50_g70_z1_256pix_basicFLIM_120f_0010,457,0.25,20x0.75NA,1,10,1.0,2,9,shift=0,,3.2456481906975583,613.1141204794349,64480,98.4,3.325857978410353,689.9225281762592,0.8447326935578899
live,BKO,20260521_KPC_live_SLIM,20260521,3_BKOCO2live_740nm_3085mW_u1_poc0p25_20x0p75NA_457s50_g70_z1_256pix_basicFLIM_120f_0006.sdt,20260521_KPC_live_SLIM::fitet-sz-c2-b9::3_BKOCO2live_740nm_3085mW_u1_poc0p25_20x0p75NA_457s50_g70_z1_256pix_basicFLIM_120f_0006,457,0.25,20x0.75NA,1,6,1.0,2,9,shift=0,,3.6742339567706006,646.0176755316875,63596,97.0,3.325857978410353,689.9225281762592,0.8749439529356526
live,BKO,20260530_KPC_live_on_SLIM,20260530,4_BKO_P10_3_live_740nm_3074mW_u1_poc0p25_20x0p75NA_457s50_g70_z1_256pix_basicFLIM_120f_0007.sdt,20260530_KPC_live_on_SLIM::fitet-sz-c2-b5::4_BKO_P10_3_live_740nm_3074mW_u1_poc0p25_20x0p75NA_457s50_g70_z1_256pix_basicFLIM_120f_0007,457,0.25,20x0.75NA,1,7,1.0,2,5,shift=0,,3.008263063570915,747.5208764066931,63852,97.4,3.325857978410353,689.9225281762592,0.9139880282808621
live,BKO,20260601_KPC_live_on_SLIM,20260601,13_BKOCO2_115uL_live_740nm_3076mW_u1_poc0p25_20x0p75NA_457s50_g70_z1_256pix_basicFLIM_120f_0000.sdt,20260601_KPC_live_on_SLIM::fitet-sz-c2-b5::13_BKOCO2_115uL_live_740nm_3076mW_u1_poc0p25_20x0p75NA_457s50_g70_z1_256pix_basicFLIM_120f_0000,457,0.25,20x0.75NA,1,0,1.0,2,5,shift=0,,3.639335686120648,629.08204496495,64482,98.4,3.325857978410353,689.9225281762592,0.9318543351714011
live,BKO,20260601_KPC_live_on_SLIM,20260601,13_BKOCO2_115uL_live_740nm_3076mW_u1_poc0p25_20x0p75NA_457s50_g70_z1_256pix_basicFLIM_120f_0005.sdt,20260601_KPC_live_on_SLIM::fitet-sz-c2-b5::13_BKOCO2_115uL_live_740nm_3076mW_u1_poc0p25_20x0p75NA_457s50_g70_z1_256pix_basicFLIM_120f_0005,457,0.25,20x0.75NA,1,5,1.0,2,5,shift=0,,3.647169507471415,628.1818205821787,65047,99.3,3.325857978410353,689.9225281762592,0.9504527730646607
live,BKO,20260601_KPC_live_on_SLIM,20260601,5_BKOCO2_P11_4_live_740nm_3076mW_u1_poc0p25_20x0p75NA_457s50_g70_z1_256pix_basicFLIM_120f_0009.sdt,20260601_KPC_live_on_SLIM::fitet-sz-c2-b5::5_BKOCO2_P11_4_live_740nm_3076mW_u1_poc0p25_20x0p75NA_457s50_g70_z1_256pix_basicFLIM_120f_0009,457,0.25,20x0.75NA,1,9,1.0,2,5,shift=0,,3.7110971352294895,641.5475702127601,64789,98.9,3.325857978410353,689.9225281762592,0.9665036417759437
live,BKO,20260601_KPC_live_on_SLIM,20260601,12_BKOCO2_145uL_live_740nm_3076mW_u1_poc0p25_20x0p75NA_457s50_g70_z1_256pix_basicFLIM_120f_0002.sdt,20260601_KPC_live_on_SLIM::fitet-sz-c2-b5::12_BKOCO2_145uL_live_740nm_3076mW_u1_poc0p25_20x0p75NA_457s50_g70_z1_256pix_basicFLIM_120f_0002,457,0.25,20x0.75NA,1,2,1.0,2,5,shift=0,,2.8716863504356245,702.3445053648038,65031,99.2,3.325857978410353,689.9225281762592,0.9688511292269428
live,BKO,20260601_KPC_live_on_SLIM,20260601,13_BKOCO2_115uL_live_740nm_3076mW_u1_poc0p25_20x0p75NA_457s50_g70_z1_256pix_basicFLIM_120f_0012.sdt,20260601_KPC_live_on_SLIM::fitet-sz-c2-b5::13_BKOCO2_115uL_live_740nm_3076mW_u1_poc0p25_20x0p75NA_457s50_g70_z1_256pix_basicFLIM_120f_0012,457,0.25,20x0.75NA,1,12,1.0,2,5,shift=0,,3.678279966732509,631.1116976405422,65303,99.6,3.325857978410353,689.9225281762592,0.9777121010648947
live,BKO,20260601_KPC_live_on_SLIM,20260601,7_BKOCO2_P11_5_live_740nm_3075mW_u1_poc0p25_20x0p75NA_457s50_g70_z1_256pix_basicFLIM_120f_0006.sdt,20260601_KPC_live_on_SLIM::fitet-sz-c2-b5::7_BKOCO2_P11_5_live_740nm_3075mW_u1_poc0p25_20x0p75NA_457s50_g70_z1_256pix_basicFLIM_120f_0006,457,0.25,20x0.75NA,1,6,1.0,2,5,shift=0,,2.862104291571163,701.5531809291708,64614,98.6,3.325857978410353,689.9225281762592,0.9877879314312678
live,BKO,20260530_KPC_live_on_SLIM,20260530,6_BKOCO2_P10_5_live_740nm_3074mW_u1_poc0p25_20x0p75NA_457s50_g70_z1_256pix_basicFLIM_120f_0007.sdt,20260530_KPC_live_on_SLIM::fitet-sz-c2-b5::6_BKOCO2_P10_5_live_740nm_3074mW_u1_poc0p25_20x0p75NA_457s50_g70_z1_256pix_basicFLIM_120f_0007,457,0.25,20x0.75NA,1,7,1.0,2,5,shift=0,,2.924685354908514,739.4346647997422,65009,99.2,3.325857978410353,689.9225281762592,1.0014910173498883
live,BKO,20260601_KPC_live_on_SLIM,20260601,13_BKOCO2_115uL_live_740nm_3076mW_u1_poc0p25_20x0p75NA_457s50_g70_z1_256pix_basicFLIM_120f_0004.sdt,20260601_KPC_live_on_SLIM::fitet-sz-c2-b5::13_BKOCO2_115uL_live_740nm_3076mW_u1_poc0p25_20x0p75NA_457s50_g70_z1_256pix_basicFLIM_120f_0004,457,0.25,20x0.75NA,1,4,1.0,2,5,shift=0,,3.701263037722904,631.3573659790968,64398,98.3,3.325857978410353,689.9225281762592,1.0135299321248101
live,BKO,20260601_KPC_live_on_SLIM,20260601,3_BKOCO2_P11_3_live_740nm_3083mW_u1_poc0p25_20x0p75NA_457s50_g70_z1_256pix_basicFLIM_120f_0010.sdt,20260601_KPC_live_on_SLIM::fitet-sz-c2-b5::3_BKOCO2_P11_3_live_740nm_3083mW_u1_poc0p25_20x0p75NA_457s50_g70_z1_256pix_basicFLIM_120f_0010,457,0.25,20x0.75NA,1,10,1.0,2,5,shift=0,,2.85521769787071,708.426761346627,64814,98.9,3.325857978410353,689.9225281762592,1.014147037616018
live,BKO,20260601_KPC_live_on_SLIM,20260601,5_BKOCO2_P11_4_live_740nm_3076mW_u1_poc0p25_20x0p75NA_457s50_g70_z1_256pix_basicFLIM_120f_0013.sdt,20260601_KPC_live_on_SLIM::fitet-sz-c2-b5::5_BKOCO2_P11_4_live_740nm_3076mW_u1_poc0p25_20x0p75NA_457s50_g70_z1_256pix_basicFLIM_120f_0013,457,0.25,20x0.75NA,1,13,1.0,2,5,shift=0,,3.751436111634736,642.8987711744649,65263,99.6,3.325857978410353,689.9225281762592,1.0320687413056238
live,BKO,20260521_KPC_live_SLIM,20260521,3_BKOCO2live_740nm_3085mW_u1_poc0p25_20x0p75NA_457s50_g70_z1_256pix_basicFLIM_120f_0000.sdt,20260521_KPC_live_SLIM::fitet-sz-c2-b9::3_BKOCO2live_740nm_3085mW_u1_poc0p25_20x0p75NA_457s50_g70_z1_256pix_basicFLIM_120f_0000,457,0.25,20x0.75NA,1,0,1.0,2,9,shift=0,,3.7168564888015383,630.6951772265593,65152,99.4,3.325857978410353,689.9225281762592,1.0438602765153524
live,BKO,20260517_KPC_live_on_SLIM,20260517,3_BKOCO2live_740nm_3097mW_u1_poc0p2_20x0p75NA_457s50_g70_z1_256pix_basicFLIM_120f_0000.sdt,20260517_KPC_live_on_SLIM::fitet-sz-c2-b5::3_BKOCO2live_740nm_3097mW_u1_poc0p2_20x0p75NA_457s50_g70_z1_256pix_basicFLIM_120f_0000,457,0.2,20x0.75NA,1,0,1.0,2,5,shift=0,,3.766798861644909,643.4073011299608,45962,70.1,3.325857978410353,689.9225281762592,1.0578595385246723
live,BKO,20260530_KPC_live_on_SLIM,20260530,4_BKO_P10_3_live_740nm_3074mW_u1_poc0p25_20x0p75NA_457s50_g70_z1_256pix_basicFLIM_120f_0012.sdt,20260530_KPC_live_on_SLIM::fitet-sz-c2-b5::4_BKO_P10_3_live_740nm_3074mW_u1_poc0p25_20x0p75NA_457s50_g70_z1_256pix_basicFLIM_120f_0012,457,0.25,20x0.75NA,1,12,1.0,2,5,shift=0,,2.8855877332391544,736.981773310096,65263,99.6,3.325857978410353,689.9225281762592,1.059404700199845
live,BKO,20260601_KPC_live_on_SLIM,20260601,7_BKOCO2_P11_5_live_740nm_3075mW_u1_poc0p25_20x0p75NA_457s50_g70_z1_256pix_basicFLIM_120f_0000.sdt,20260601_KPC_live_on_SLIM::fitet-sz-c2-b5::7_BKOCO2_P11_5_live_740nm_3075mW_u1_poc0p25_20x0p75NA_457s50_g70_z1_256pix_basicFLIM_120f_0000,457,0.25,20x0.75NA,1,0,1.0,2,5,shift=0,,2.824143889920845,700.9958915720622,64411,98.3,3.325857978410353,689.9225281762592,1.0667019407580007
live,BKO,20260601_KPC_live_on_SLIM,20260601,3_BKOCO2_P11_3_live_740nm_3083mW_u1_poc0p25_20x0p75NA_457s50_g70_z1_256pix_basicFLIM_120f_0008.sdt,20260601_KPC_live_on_SLIM::fitet-sz-c2-b5::3_BKOCO2_P11_3_live_740nm_3083mW_u1_poc0p25_20x0p75NA_457s50_g70_z1_256pix_basicFLIM_120f_0008,457,0.25,20x0.75NA,1,8,1.0,2,5,shift=0,,2.820750245188716,703.7322156517575,64312,98.1,3.325857978410353,689.9225281762592,1.0775013105394635
live,BKO,20260601_KPC_live_on_SLIM,20260601,12_BKOCO2_145uL_live_740nm_3076mW_u1_poc0p25_20x0p75NA_457s50_g70_z1_256pix_basicFLIM_120f_0000.sdt,20260601_KPC_live_on_SLIM::fitet-sz-c2-b5::12_BKOCO2_145uL_live_740nm_3076mW_u1_poc0p25_20x0p75NA_457s50_g70_z1_256pix_basicFLIM_120f_0000,457,0.25,20x0.75NA,1,0,1.0,2,5,shift=0,,2.8293391368422856,719.3415789168791,65243,99.6,3.325857978410353,689.9225281762592,1.095873805149154
live,BKO,20260521_KPC_live_SLIM,20260521,3_BKOCO2live_740nm_3085mW_u1_poc0p15_20x0p75NA_457s50_g70_z1_256pix_basicFLIM_120f_0000.sdt,20260521_KPC_live_SLIM::fitet-sz-c2-b9::3_BKOCO2live_740nm_3085mW_u1_poc0p15_20x0p75NA_457s50_g70_z1_256pix_basicFLIM_120f_0000,457,0.15,20x0.75NA,1,0,1.0,2,9,shift=0,,3.6523776900412113,608.1016480898516,65164,99.4,3.325857978410353,689.9225281762592,1.1194053444573646
live,BKO,20260521_KPC_live_SLIM,20260521,3_BKOCO2live_740nm_3085mW_u1_poc0p15_20x0p75NA_457s50_g70_z1_256pix_basicFLIM_120f_0002.sdt,20260521_KPC_live_SLIM::fitet-sz-c2-b9::3_BKOCO2live_740nm_3085mW_u1_poc0p15_20x0p75NA_457s50_g70_z1_256pix_basicFLIM_120f_0002,457,0.15,20x0.75NA,1,2,1.0,2,9,shift=0,,3.642533714912968,603.6765163484207,48425,73.9,3.325857978410353,689.9225281762592,1.1450505329169223
live,BKO,20260521_KPC_live_SLIM,20260521,3_BKOCO2live_740nm_3085mW_u1_poc0p25_20x0p75NA_457s50_g70_z1_256pix_basicFLIM_120f_0009.sdt,20260521_KPC_live_SLIM::fitet-sz-c2-b9::3_BKOCO2live_740nm_3085mW_u1_poc0p25_20x0p75NA_457s50_g70_z1_256pix_basicFLIM_120f_0009,457,0.25,20x0.75NA,1,9,1.0,2,9,shift=0,,3.712509583142961,614.3548833338084,63839,97.4,3.325857978410353,689.9225281762592,1.153362673338166
live,BKO,20260601_KPC_live_on_SLIM,20260601,5_BKOCO2_P11_4_live_740nm_3076mW_u1_poc0p25_20x0p75NA_457s50_g70_z1_256pix_basicFLIM_120f_0004.sdt,20260601_KPC_live_on_SLIM::fitet-sz-c2-b5::5_BKOCO2_P11_4_live_740nm_3076mW_u1_poc0p25_20x0p75NA_457s50_g70_z1_256pix_basicFLIM_120f_0004,457,0.25,20x0.75NA,1,4,1.0,2,5,shift=0,,2.779873251002892,718.6598103005701,64760,98.8,3.325857978410353,689.9225281762592,1.1943736331424653
live,BKO,20260601_KPC_live_on_SLIM,20260601,12_BKOCO2_145uL_live_740nm_3076mW_u1_poc0p25_20x0p75NA_457s50_g70_z1_256pix_basicFLIM_120f_0006.sdt,20260601_KPC_live_on_SLIM::fitet-sz-c2-b5::12_BKOCO2_145uL_live_740nm_3076mW_u1_poc0p25_20x0p75NA_457s50_g70_z1_256pix_basicFLIM_120f_0006,457,0.25,20x0.75NA,1,6,1.0,2,5,shift=0,,2.776630951105391,732.7359839820747,65176,99.5,3.325857978410353,689.9225281762592,1.2487181322513938
live,BKO,20260601_KPC_live_on_SLIM,20260601,13_BKOCO2_115uL_live_740nm_3076mW_u1_poc0p25_20x0p75NA_457s50_g70_z1_256pix_basicFLIM_120f_0001.sdt,20260601_KPC_live_on_SLIM::fitet-sz-c2-b5::13_BKOCO2_115uL_live_740nm_3076mW_u1_poc0p25_20x0p75NA_457s50_g70_z1_256pix_basicFLIM_120f_0001,457,0.25,20x0.75NA,1,1,1.0,2,5,shift=0,,3.7875247576079785,617.0538309897964,64254,98.0,3.325857978410353,689.9225281762592,1.2521188088448938
live,BKO,20260601_KPC_live_on_SLIM,20260601,13_BKOCO2_115uL_live_740nm_3076mW_u1_poc0p25_20x0p75NA_457s50_g70_z1_256pix_basicFLIM_120f_0006.sdt,20260601_KPC_live_on_SLIM::fitet-sz-c2-b5::13_BKOCO2_115uL_live_740nm_3076mW_u1_poc0p25_20x0p75NA_457s50_g70_z1_256pix_basicFLIM_120f_0006,457,0.25,20x0.75NA,1,6,1.0,2,5,shift=0,,3.7964428144595614,618.5113655921405,63607,97.1,3.325857978410353,689.9225281762592,1.2571797753510883
live,BKO,20260521_KPC_live_SLIM,20260521,3_BKOCO2live_740nm_3085mW_u1_poc0p25_20x0p75NA_457s50_g70_z1_256pix_basicFLIM_120f_0003.sdt,20260521_KPC_live_SLIM::fitet-sz-c2-b9::3_BKOCO2live_740nm_3085mW_u1_poc0p25_20x0p75NA_457s50_g70_z1_256pix_basicFLIM_120f_0003,457,0.25,20x0.75NA,1,3,1.0,2,9,shift=0,,3.8680943778781063,638.8229610624908,64254,98.0,3.325857978410353,689.9225281762592,1.271052049813812
live,BKO,20260601_KPC_live_on_SLIM,20260601,13_BKOCO2_115uL_live_740nm_3076mW_u1_poc0p25_20x0p75NA_457s50_g70_z1_256pix_basicFLIM_120f_0007.sdt,20260601_KPC_live_on_SLIM::fitet-sz-c2-b5::13_BKOCO2_115uL_live_740nm_3076mW_u1_poc0p25_20x0p75NA_457s50_g70_z1_256pix_basicFLIM_120f_0007,457,0.25,20x0.75NA,1,7,1.0,2,5,shift=0,,3.821601004136728,612.9570069085102,64313,98.1,3.325857978410353,689.9225281762592,1.3359237102177177
live,BKO,20260601_KPC_live_on_SLIM,20260601,12_BKOCO2_145uL_live_740nm_3076mW_u1_poc0p25_20x0p75NA_457s50_g70_z1_256pix_basicFLIM_120f_0005.sdt,20260601_KPC_live_on_SLIM::fitet-sz-c2-b5::12_BKOCO2_145uL_live_740nm_3076mW_u1_poc0p25_20x0p75NA_457s50_g70_z1_256pix_basicFLIM_120f_0005,457,0.25,20x0.75NA,1,5,1.0,2,5,shift=0,,2.714552547582457,721.6525277625069,64741,98.8,3.325857978410353,689.9225281762592,1.3360305996157564
live,BKO,20260601_KPC_live_on_SLIM,20260601,12_BKOCO2_145uL_live_740nm_3076mW_u1_poc0p25_20x0p75NA_457s50_g70_z1_256pix_basicFLIM_120f_0011.sdt,20260601_KPC_live_on_SLIM::fitet-sz-c2-b5::12_BKOCO2_145uL_live_740nm_3076mW_u1_poc0p25_20x0p75NA_457s50_g70_z1_256pix_basicFLIM_120f_0011,457,0.25,20x0.75NA,1,11,1.0,2,5,shift=0,,2.6908063028073697,717.6110222758717,65048,99.3,3.325857978410353,689.9225281762592,1.3744865333269587
live,BKO,20260521_KPC_live_SLIM,20260521,3_BKOCO2live_740nm_3085mW_u1_poc0p25_20x0p75NA_457s50_g70_z1_256pix_basicFLIM_120f_0005.sdt,20260521_KPC_live_SLIM::fitet-sz-c2-b9::3_BKOCO2live_740nm_3085mW_u1_poc0p25_20x0p75NA_457s50_g70_z1_256pix_basicFLIM_120f_0005,457,0.25,20x0.75NA,1,5,1.0,2,9,shift=0,,3.744148875442402,588.6873602531471,64493,98.4,3.325857978410353,689.9225281762592,1.403830212607868
live,BKO,20260521_KPC_live_SLIM,20260521,3_BKOCO2live_740nm_3085mW_u1_poc0p25_20x0p75NA_457s50_g70_z1_256pix_basicFLIM_120f_0014.sdt,20260521_KPC_live_SLIM::fitet-sz-c2-b9::3_BKOCO2live_740nm_3085mW_u1_poc0p25_20x0p75NA_457s50_g70_z1_256pix_basicFLIM_120f_0014,457,0.25,20x0.75NA,1,14,1.0,2,9,shift=0,,3.8641613733470255,611.5098449612402,63563,97.0,3.325857978410353,689.9225281762592,1.4167727060725641
live,BKO,20260521_KPC_live_SLIM,20260521,3_BKOCO2live_740nm_3085mW_u1_poc0p15_20x0p75NA_457s50_g70_z1_256pix_basicFLIM_120f_0001.sdt,20260521_KPC_live_SLIM::fitet-sz-c2-b9::3_BKOCO2live_740nm_3085mW_u1_poc0p15_20x0p75NA_457s50_g70_z1_256pix_basicFLIM_120f_0001,457,0.15,20x0.75NA,1,1,1.0,2,9,shift=0,,3.934202839804957,619.7236598126518,65405,99.8,3.325857978410353,689.9225281762592,1.4913229810121111
live,BKO,20260521_KPC_live_SLIM,20260521,3_BKOCO2live_740nm_3085mW_u1_poc0p25_20x0p75NA_457s50_g70_z1_256pix_basicFLIM_120f_0001.sdt,20260521_KPC_live_SLIM::fitet-sz-c2-b9::3_BKOCO2live_740nm_3085mW_u1_poc0p25_20x0p75NA_457s50_g70_z1_256pix_basicFLIM_120f_0001,457,0.25,20x0.75NA,1,1,1.0,2,9,shift=0,,3.9814556340139218,632.7762044618974,57702,88.0,3.325857978410353,689.9225281762592,1.5158128628432943
live,BKO,20260521_KPC_live_SLIM,20260521,3_BKOCO2live_posn11_to_13_740nm_3085mW_u1_poc0p25_20x0p75NA_457s50_g70_z1_256pix_basicFLIM_120f_0001.sdt,20260521_KPC_live_SLIM::fitet-sz-c2-b9::3_BKOCO2live_posn11_to_13_740nm_3085mW_u1_poc0p25_20x0p75NA_457s50_g70_z1_256pix_basicFLIM_120f_0001,457,0.25,20x0.75NA,1,1,1.0,2,9,shift=0,,3.9553118365448894,617.9408214302105,64124,97.8,3.325857978410353,689.9225281762592,1.5395142232046546
live,BKO,20260601_KPC_live_on_SLIM,20260601,12_BKOCO2_145uL_live_740nm_3076mW_u1_poc0p25_20x0p75NA_457s50_g70_z1_256pix_basicFLIM_120f_0007.sdt,20260601_KPC_live_on_SLIM::fitet-sz-c2-b5::12_BKOCO2_145uL_live_740nm_3076mW_u1_poc0p25_20x0p75NA_457s50_g70_z1_256pix_basicFLIM_120f_0007,457,0.25,20x0.75NA,1,7,1.0,2,5,shift=0,,2.616760421174095,730.7209400433255,64951,99.1,3.325857978410353,689.9225281762592,1.5613199978218975
live,BKO,20260601_KPC_live_on_SLIM,20260601,13_BKOCO2_115uL_live_740nm_3076mW_u1_poc0p25_20x0p75NA_457s50_g70_z1_256pix_basicFLIM_120f_0011.sdt,20260601_KPC_live_on_SLIM::fitet-sz-c2-b5::13_BKOCO2_115uL_live_740nm_3076mW_u1_poc0p25_20x0p75NA_457s50_g70_z1_256pix_basicFLIM_120f_0011,457,0.25,20x0.75NA,1,11,1.0,2,5,shift=0,,3.934002998917058,605.464146923971,62847,95.9,3.325857978410353,689.9225281762592,1.5744740424309056
live,BKO,20260530_KPC_live_on_SLIM,20260530,4_BKO_P10_3_live_740nm_3074mW_u1_poc0p25_20x0p75NA_457s50_g70_z1_256pix_basicFLIM_120f_0006.sdt,20260530_KPC_live_on_SLIM::fitet-sz-c2-b5::4_BKO_P10_3_live_740nm_3074mW_u1_poc0p25_20x0p75NA_457s50_g70_z1_256pix_basicFLIM_120f_0006,457,0.25,20x0.75NA,1,6,1.0,2,5,shift=0,,2.569680677744911,741.9353797130744,63780,97.3,3.325857978410353,689.9225281762592,1.6930685606813718
live,BKO,20260521_KPC_live_SLIM,20260521,3_BKOCO2live_740nm_3085mW_u1_poc0p25_20x0p75NA_457s50_g70_z1_256pix_basicFLIM_120f_0004.sdt,20260521_KPC_live_SLIM::fitet-sz-c2-b9::3_BKOCO2live_740nm_3085mW_u1_poc0p25_20x0p75NA_457s50_g70_z1_256pix_basicFLIM_120f_0004,457,0.25,20x0.75NA,1,4,1.0,2,9,shift=0,,4.054606255105397,622.2815083059509,62726,95.7,3.325857978410353,689.9225281762592,1.7034516921068372
live,BKO,20260521_KPC_live_SLIM,20260521,3_BKOCO2live_posn11_to_13_740nm_3085mW_u1_poc0p25_20x0p75NA_457s50_g70_z1_256pix_basicFLIM_120f_0002.sdt,20260521_KPC_live_SLIM::fitet-sz-c2-b9::3_BKOCO2live_posn11_to_13_740nm_3085mW_u1_poc0p25_20x0p75NA_457s50_g70_z1_256pix_basicFLIM_120f_0002,457,0.25,20x0.75NA,1,2,1.0,2,9,shift=0,,4.020223375749463,605.817989967489,64200,98.0,3.325857978410353,689.9225281762592,1.7243387914732637
live,BKO,20260521_KPC_live_SLIM,20260521,3_BKOCO2live_posn11_to_13_740nm_3085mW_u1_poc0p25_20x0p75NA_457s50_g70_z1_256pix_basicFLIM_120f_0000.sdt,20260521_KPC_live_SLIM::fitet-sz-c2-b9::3_BKOCO2live_posn11_to_13_740nm_3085mW_u1_poc0p25_20x0p75NA_457s50_g70_z1_256pix_basicFLIM_120f_0000,457,0.25,20x0.75NA,1,0,1.0,2,9,shift=0,,4.073053186929599,609.684247885684,63779,97.3,3.325857978410353,689.9225281762592,1.7998712521329887
live,BKO,20260601_KPC_live_on_SLIM,20260601,13_BKOCO2_115uL_live_740nm_3076mW_u1_poc0p25_20x0p75NA_457s50_g70_z1_256pix_basicFLIM_120f_0008.sdt,20260601_KPC_live_on_SLIM::fitet-sz-c2-b5::13_BKOCO2_115uL_live_740nm_3076mW_u1_poc0p25_20x0p75NA_457s50_g70_z1_256pix_basicFLIM_120f_0008,457,0.25,20x0.75NA,1,8,1.0,2,5,shift=0,,4.094242933379228,604.797042008963,65434,99.8,3.325857978410353,689.9225281762592,1.8645932577795177
live,BKO,20260601_KPC_live_on_SLIM,20260601,12_BKOCO2_145uL_live_740nm_3076mW_u1_poc0p25_20x0p75NA_457s50_g70_z1_256pix_basicFLIM_120f_0004.sdt,20260601_KPC_live_on_SLIM::fitet-sz-c2-b5::12_BKOCO2_145uL_live_740nm_3076mW_u1_poc0p25_20x0p75NA_457s50_g70_z1_256pix_basicFLIM_120f_0004,457,0.25,20x0.75NA,1,4,1.0,2,5,shift=0,,2.483724754310892,760.3193890033065,64740,98.8,3.325857978410353,689.9225281762592,1.9341607290002925
live,BKO,20260601_KPC_live_on_SLIM,20260601,12_BKOCO2_145uL_live_740nm_3076mW_u1_poc0p25_20x0p75NA_457s50_g70_z1_256pix_basicFLIM_120f_0003.sdt,20260601_KPC_live_on_SLIM::fitet-sz-c2-b5::12_BKOCO2_145uL_live_740nm_3076mW_u1_poc0p25_20x0p75NA_457s50_g70_z1_256pix_basicFLIM_120f_0003,457,0.25,20x0.75NA,1,3,1.0,2,5,shift=0,,2.346489731695184,742.0529341356389,64924,99.1,3.325857978410353,689.9225281762592,2.144061001308023
live,BKO,20260521_KPC_live_SLIM,20260521,3_BKOCO2live_740nm_3085mW_u1_poc0p25_20x0p75NA_457s50_g70_z1_256pix_basicFLIM_120f_0008.sdt,20260521_KPC_live_SLIM::fitet-sz-c2-b9::3_BKOCO2live_740nm_3085mW_u1_poc0p25_20x0p75NA_457s50_g70_z1_256pix_basicFLIM_120f_0008,457,0.25,20x0.75NA,1,8,1.0,2,9,shift=0,,4.27902963864722,614.1234265191168,64156,97.9,3.325857978410353,689.9225281762592,2.1731344278994835
live,BKO,20260521_KPC_live_SLIM,20260521,3_BKOCO2live_740nm_3085mW_u1_poc0p25_20x0p75NA_457s50_g70_z1_256pix_basicFLIM_120f_0007.sdt,20260521_KPC_live_SLIM::fitet-sz-c2-b9::3_BKOCO2live_740nm_3085mW_u1_poc0p25_20x0p75NA_457s50_g70_z1_256pix_basicFLIM_120f_0007,457,0.25,20x0.75NA,1,7,1.0,2,9,shift=0,,4.2711855749093335,596.9038441633965,63971,97.6,3.325857978410353,689.9225281762592,2.234613602665919
live,BKO,20260530_KPC_live_on_SLIM,20260530,4_BKO_P10_3_live_740nm_3074mW_u1_poc0p25_20x0p75NA_457s50_g70_z1_256pix_basicFLIM_120f_0009.sdt,20260530_KPC_live_on_SLIM::fitet-sz-c2-b5::4_BKO_P10_3_live_740nm_3074mW_u1_poc0p25_20x0p75NA_457s50_g70_z1_256pix_basicFLIM_120f_0009,457,0.25,20x0.75NA,1,9,1.0,2,5,shift=0,,2.201808463673057,753.5656346464161,63495,96.9,3.325857978410353,689.9225281762592,2.4718771516318765
live,BKO,20260601_KPC_live_on_SLIM,20260601,12_BKOCO2_145uL_live_740nm_3076mW_u1_poc0p25_20x0p75NA_457s50_g70_z1_256pix_basicFLIM_120f_0001.sdt,20260601_KPC_live_on_SLIM::fitet-sz-c2-b5::12_BKOCO2_145uL_live_740nm_3076mW_u1_poc0p25_20x0p75NA_457s50_g70_z1_256pix_basicFLIM_120f_0001,457,0.25,20x0.75NA,1,1,1.0,2,5,shift=0,,2.166711339004778,767.259085947428,64839,98.9,3.325857978410353,689.9225281762592,2.586886708036883
live,BKO,20260530_KPC_live_on_SLIM,20260530,4_BKO_P10_3_live_740nm_3074mW_u1_poc0p25_20x0p75NA_457s50_g70_z1_256pix_basicFLIM_120f_0010.sdt,20260530_KPC_live_on_SLIM::fitet-sz-c2-b5::4_BKO_P10_3_live_740nm_3074mW_u1_poc0p25_20x0p75NA_457s50_g70_z1_256pix_basicFLIM_120f_0010,457,0.25,20x0.75NA,1,10,1.0,2,5,shift=0,,2.0010448753640597,758.8190774269544,63548,97.0,3.325857978410353,689.9225281762592,2.895791422771456
live,KPCWT,20260601_KPC_live_on_SLIM,20260601,6_KPCWT_75uL_live_740nm_3078mW_u1_poc0p25_20x0p75NA_457s50_g70_z1_256pix_basicFLIM_120f_0002.sdt,20260601_KPC_live_on_SLIM::fitet-sz-c2-b5::6_KPCWT_75uL_live_740nm_3078mW_u1_poc0p25_20x0p75NA_457s50_g70_z1_256pix_basicFLIM_120f_0002,457,0.25,20x0.75NA,1,2,1.0,2,5,shift=0,,2.7892055484201785,753.4637023666869,64344,98.2,2.795578133725302,754.8521326913581,0.020126077003339644
live,KPCWT,20260601_KPC_live_on_SLIM,20260601,6_KPCWT_75uL_live_740nm_3078mW_u1_poc0p25_20x0p75NA_457s50_g70_z1_256pix_basicFLIM_120f_0005.sdt,20260601_KPC_live_on_SLIM::fitet-sz-c2-b5::6_KPCWT_75uL_live_740nm_3078mW_u1_poc0p25_20x0p75NA_457s50_g70_z1_256pix_basicFLIM_120f_0005,457,0.25,20x0.75NA,1,5,1.0,2,5,shift=0,,2.8133302571824075,755.7100645473034,64973,99.1,2.795578133725302,754.8521326913581,0.038628521461369004
live,KPCWT,20260601_KPC_live_on_SLIM,20260601,8_KPCWT_180uL_live_740nm_3078mW_u1_poc0p25_20x0p75NA_457s50_g70_z1_256pix_basicFLIM_120f_0001.sdt,20260601_KPC_live_on_SLIM::fitet-sz-c2-b5::8_KPCWT_180uL_live_740nm_3078mW_u1_poc0p25_20x0p75NA_457s50_g70_z1_256pix_basicFLIM_120f_0001,457,0.25,20x0.75NA,1,1,1.0,2,5,shift=0,,2.807031599024607,759.5726833358408,64576,98.5,2.795578133725302,754.8521326913581,0.056323996567374746
live,KPCWT,20260601_KPC_live_on_SLIM,20260601,6_KPCWT_75uL_live_740nm_3078mW_u1_poc0p25_20x0p75NA_457s50_g70_z1_256pix_basicFLIM_120f_0009.sdt,20260601_KPC_live_on_SLIM::fitet-sz-c2-b5::6_KPCWT_75uL_live_740nm_3078mW_u1_poc0p25_20x0p75NA_457s50_g70_z1_256pix_basicFLIM_120f_0009,457,0.25,20x0.75NA,1,9,1.0,2,5,shift=0,,2.8235437960227703,756.5267717874942,64984,99.2,2.795578133725302,754.8521326913581,0.061778703051566665
live,KPCWT,20260601_KPC_live_on_SLIM,20260601,10_KPCWT_145uL_live_740nm_3076mW_u1_poc0p25_20x0p75NA_457s50_g70_z1_256pix_basicFLIM_120f_0010.sdt,20260601_KPC_live_on_SLIM::fitet-sz-c2-b5::10_KPCWT_145uL_live_740nm_3076mW_u1_poc0p25_20x0p75NA_457s50_g70_z1_256pix_basicFLIM_120f_0010,457,0.25,20x0.75NA,1,10,1.0,2,5,shift=0,,2.786715949933525,748.614363188092,65370,99.7,2.795578133725302,754.8521326913581,0.06976727152906555
live,KPCWT,20260601_KPC_live_on_SLIM,20260601,10_KPCWT_145uL_live_740nm_3076mW_u1_poc0p25_20x0p75NA_457s50_g70_z1_256pix_basicFLIM_120f_0013.sdt,20260601_KPC_live_on_SLIM::fitet-sz-c2-b5::10_KPCWT_145uL_live_740nm_3076mW_u1_poc0p25_20x0p75NA_457s50_g70_z1_256pix_basicFLIM_120f_0013,457,0.25,20x0.75NA,1,13,1.0,2,5,shift=0,,2.828967061131169,754.0615089299338,65238,99.5,2.795578133725302,754.8521326913581,0.0710557377473519
live,KPCWT,20260601_KPC_live_on_SLIM,20260601,6_KPCWT_75uL_live_740nm_3078mW_u1_poc0p25_20x0p75NA_457s50_g70_z1_256pix_basicFLIM_120f_0007.sdt,20260601_KPC_live_on_SLIM::fitet-sz-c2-b5::6_KPCWT_75uL_live_740nm_3078mW_u1_poc0p25_20x0p75NA_457s50_g70_z1_256pix_basicFLIM_120f_0007,457,0.25,20x0.75NA,1,7,1.0,2,5,shift=0,,2.819322756794832,761.4528747182919,65172,99.4,2.795578133725302,754.8521326913581,0.08703211174456807
live,KPCWT,20260601_KPC_live_on_SLIM,20260601,14_KPCWT_115uL_live_740nm_3076mW_u1_poc0p25_20x0p75NA_457s50_g70_z1_256pix_basicFLIM_120f_0003.sdt,20260601_KPC_live_on_SLIM::fitet-sz-c2-b5::14_KPCWT_115uL_live_740nm_3076mW_u1_poc0p25_20x0p75NA_457s50_g70_z1_256pix_basicFLIM_120f_0003,457,0.25,20x0.75NA,1,3,1.0,2,5,shift=0,,2.778533963070205,762.9326330734115,64209,98.0,2.795578133725302,754.8521326913581,0.09421545374693403
live,KPCWT,20260601_KPC_live_on_SLIM,20260601,10_KPCWT_145uL_live_740nm_3076mW_u1_poc0p25_20x0p75NA_457s50_g70_z1_256pix_basicFLIM_120f_0012.sdt,20260601_KPC_live_on_SLIM::fitet-sz-c2-b5::10_KPCWT_145uL_live_740nm_3076mW_u1_poc0p25_20x0p75NA_457s50_g70_z1_256pix_basicFLIM_120f_0012,457,0.25,20x0.75NA,1,12,1.0,2,5,shift=0,,2.8473801372658945,756.81697996169,65431,99.8,2.795578133725302,754.8521326913581,0.11147458481164858
live,KPCWT,20260601_KPC_live_on_SLIM,20260601,6_KPCWT_75uL_live_740nm_3078mW_u1_poc0p25_20x0p75NA_457s50_g70_z1_256pix_basicFLIM_120f_0006.sdt,20260601_KPC_live_on_SLIM::fitet-sz-c2-b5::6_KPCWT_75uL_live_740nm_3078mW_u1_poc0p25_20x0p75NA_457s50_g70_z1_256pix_basicFLIM_120f_0006,457,0.25,20x0.75NA,1,6,1.0,2,5,shift=0,,2.785849379573614,766.0843334506634,64656,98.7,2.795578133725302,754.8521326913581,0.12275265628543967
live,KPCWT,20260601_KPC_live_on_SLIM,20260601,14_KPCWT_115uL_live_740nm_3076mW_u1_poc0p25_20x0p75NA_457s50_g70_z1_256pix_basicFLIM_120f_0005.sdt,20260601_KPC_live_on_SLIM::fitet-sz-c2-b5::14_KPCWT_115uL_live_740nm_3076mW_u1_poc0p25_20x0p75NA_457s50_g70_z1_256pix_basicFLIM_120f_0005,457,0.25,20x0.75NA,1,5,1.0,2,5,shift=0,,2.747751992774964,763.6092014651834,64607,98.6,2.795578133725302,754.8521326913581,0.13824792710463213
live,KPCWT,20260601_KPC_live_on_SLIM,20260601,6_KPCWT_75uL_live_740nm_3078mW_u1_poc0p25_20x0p75NA_457s50_g70_z1_256pix_basicFLIM_120f_0014.sdt,20260601_KPC_live_on_SLIM::fitet-sz-c2-b5::6_KPCWT_75uL_live_740nm_3078mW_u1_poc0p25_20x0p75NA_457s50_g70_z1_256pix_basicFLIM_120f_0014,457,0.25,20x0.75NA,1,14,1.0,2,5,shift=0,,2.851093395743436,762.8864758525144,65189,99.5,2.795578133725302,754.8521326913581,0.14577614026454178
live,KPCWT,20260601_KPC_live_on_SLIM,20260601,9_KPCWT_160uL_live_740nm_3077mW_u1_poc0p25_20x0p75NA_457s50_g70_z1_256pix_basicFLIM_120f_0012.sdt,20260601_KPC_live_on_SLIM::fitet-sz-c2-b5::9_KPCWT_160uL_live_740nm_3077mW_u1_poc0p25_20x0p75NA_457s50_g70_z1_256pix_basicFLIM_120f_0012,457,0.25,20x0.75NA,1,12,1.0,2,5,shift=0,,2.7615292044554787,768.4522529414355,65384,99.8,2.795578133725302,754.8521326913581,0.1632382887257516
live,KPCWT,20260601_KPC_live_on_SLIM,20260601,8_KPCWT_180uL_live_740nm_3078mW_u1_poc0p25_20x0p75NA_457s50_g70_z1_256pix_basicFLIM_120f_0011.sdt,20260601_KPC_live_on_SLIM::fitet-sz-c2-b5::8_KPCWT_180uL_live_740nm_3078mW_u1_poc0p25_20x0p75NA_457s50_g70_z1_256pix_basicFLIM_120f_0011,457,0.25,20x0.75NA,1,11,1.0,2,5,shift=0,,2.849838524577568,743.7604204344343,65400,99.8,2.795578133725302,754.8521326913581,0.16560183601200404
live,KPCWT,20260601_KPC_live_on_SLIM,20260601,8_KPCWT_180uL_live_740nm_3078mW_u1_poc0p25_20x0p75NA_457s50_g70_z1_256pix_basicFLIM_120f_0010.sdt,20260601_KPC_live_on_SLIM::fitet-sz-c2-b5::8_KPCWT_180uL_live_740nm_3078mW_u1_poc0p25_20x0p75NA_457s50_g70_z1_256pix_basicFLIM_120f_0010,457,0.25,20x0.75NA,1,10,1.0,2,5,shift=0,,2.794190974335909,738.7622120630348,64919,99.1,2.795578133725302,754.8521326913581,0.17338298147178605
live,KPCWT,20260601_KPC_live_on_SLIM,20260601,8_KPCWT_180uL_live_740nm_3078mW_u1_poc0p25_20x0p75NA_457s50_g70_z1_256pix_basicFLIM_120f_0002.sdt,20260601_KPC_live_on_SLIM::fitet-sz-c2-b5::8_KPCWT_180uL_live_740nm_3078mW_u1_poc0p25_20x0p75NA_457s50_g70_z1_256pix_basicFLIM_120f_0002,457,0.25,20x0.75NA,1,2,1.0,2,5,shift=0,,2.7174389569016464,749.8999810531386,65192,99.5,2.795578133725302,754.8521326913581,0.17349853138204774
live,KPCWT,20260601_KPC_live_on_SLIM,20260601,8_KPCWT_180uL_live_740nm_3078mW_u1_poc0p25_20x0p75NA_457s50_g70_z1_256pix_basicFLIM_120f_0005.sdt,20260601_KPC_live_on_SLIM::fitet-sz-c2-b5::8_KPCWT_180uL_live_740nm_3078mW_u1_poc0p25_20x0p75NA_457s50_g70_z1_256pix_basicFLIM_120f_0005,457,0.25,20x0.75NA,1,5,1.0,2,5,shift=0,,2.7136189688224213,756.0672652977908,64460,98.4,2.795578133725302,754.8521326913581,0.17365546942613086
live,KPCWT,20260601_KPC_live_on_SLIM,20260601,14_KPCWT_115uL_live_740nm_3076mW_u1_poc0p25_20x0p75NA_457s50_g70_z1_256pix_basicFLIM_120f_0001.sdt,20260601_KPC_live_on_SLIM::fitet-sz-c2-b5::14_KPCWT_115uL_live_740nm_3076mW_u1_poc0p25_20x0p75NA_457s50_g70_z1_256pix_basicFLIM_120f_0001,457,0.25,20x0.75NA,1,1,1.0,2,5,shift=0,,2.778149851179583,770.6214736447143,64690,98.7,2.795578133725302,754.8521326913581,0.17384847240081652
live,KPCWT,20260601_KPC_live_on_SLIM,20260601,8_KPCWT_180uL_live_740nm_3078mW_u1_poc0p25_20x0p75NA_457s50_g70_z1_256pix_basicFLIM_120f_0013.sdt,20260601_KPC_live_on_SLIM::fitet-sz-c2-b5::8_KPCWT_180uL_live_740nm_3078mW_u1_poc0p25_20x0p75NA_457s50_g70_z1_256pix_basicFLIM_120f_0013,457,0.25,20x0.75NA,1,13,1.0,2,5,shift=0,,2.8271729058561896,739.3198740011669,65373,99.8,2.795578133725302,754.8521326913581,0.18017175215581477
live,KPCWT,20260601_KPC_live_on_SLIM,20260601,10_KPCWT_145uL_live_740nm_3076mW_u1_poc0p25_20x0p75NA_457s50_g70_z1_256pix_basicFLIM_120f_0007.sdt,20260601_KPC_live_on_SLIM::fitet-sz-c2-b5::10_KPCWT_145uL_live_740nm_3076mW_u1_poc0p25_20x0p75NA_457s50_g70_z1_256pix_basicFLIM_120f_0007,457,0.25,20x0.75NA,1,7,1.0,2,5,shift=0,,2.748063886641328,739.2583220458456,64305,98.1,2.795578133725302,754.8521326913581,0.19571888306278787
live,KPCWT,20260601_KPC_live_on_SLIM,20260601,6_KPCWT_75uL_live_740nm_3078mW_u1_poc0p25_20x0p75NA_457s50_g70_z1_256pix_basicFLIM_120f_0004.sdt,20260601_KPC_live_on_SLIM::fitet-sz-c2-b5::6_KPCWT_75uL_live_740nm_3078mW_u1_poc0p25_20x0p75NA_457s50_g70_z1_256pix_basicFLIM_120f_0004,457,0.25,20x0.75NA,1,4,1.0,2,5,shift=0,,2.7055058903878217,759.6665376083288,63846,97.4,2.795578133725302,754.8521326913581,0.19724525085448652
live,KPCWT,20260601_KPC_live_on_SLIM,20260601,9_KPCWT_160uL_live_740nm_3077mW_u1_poc0p25_20x0p75NA_457s50_g70_z1_256pix_basicFLIM_120f_0000.sdt,20260601_KPC_live_on_SLIM::fitet-sz-c2-b5::9_KPCWT_160uL_live_740nm_3077mW_u1_poc0p25_20x0p75NA_457s50_g70_z1_256pix_basicFLIM_120f_0000,457,0.25,20x0.75NA,1,0,1.0,2,5,shift=0,,2.7455936939447705,738.7945168286001,64506,98.4,2.795578133725302,754.8521326913581,0.20269461634702599
live,KPCWT,20260601_KPC_live_on_SLIM,20260601,6_KPCWT_75uL_live_740nm_3078mW_u1_poc0p25_20x0p75NA_457s50_g70_z1_256pix_basicFLIM_120f_0001.sdt,20260601_KPC_live_on_SLIM::fitet-sz-c2-b5::6_KPCWT_75uL_live_740nm_3078mW_u1_poc0p25_20x0p75NA_457s50_g70_z1_256pix_basicFLIM_120f_0001,457,0.25,20x0.75NA,1,1,1.0,2,5,shift=0,,2.7221436075488654,767.5147909316647,64850,99.0,2.795578133725302,754.8521326913581,0.2066042756064203
live,KPCWT,20260601_KPC_live_on_SLIM,20260601,6_KPCWT_75uL_live_740nm_3078mW_u1_poc0p25_20x0p75NA_457s50_g70_z1_256pix_basicFLIM_120f_0008.sdt,20260601_KPC_live_on_SLIM::fitet-sz-c2-b5::6_KPCWT_75uL_live_740nm_3078mW_u1_poc0p25_20x0p75NA_457s50_g70_z1_256pix_basicFLIM_120f_0008,457,0.25,20x0.75NA,1,8,1.0,2,5,shift=0,,2.856704687050705,737.8925777768247,64385,98.2,2.795578133725302,754.8521326913581,0.2237595858726641
live,KPCWT,20260601_KPC_live_on_SLIM,20260601,6_KPCWT_75uL_live_740nm_3078mW_u1_poc0p25_20x0p75NA_457s50_g70_z1_256pix_basicFLIM_120f_0000.sdt,20260601_KPC_live_on_SLIM::fitet-sz-c2-b5::6_KPCWT_75uL_live_740nm_3078mW_u1_poc0p25_20x0p75NA_457s50_g70_z1_256pix_basicFLIM_120f_0000,457,0.25,20x0.75NA,1,0,1.0,2,5,shift=0,,2.8952727558648266,744.2496614217557,65097,99.3,2.795578133725302,754.8521326913581,0.23961529859844877
live,KPCWT,20260601_KPC_live_on_SLIM,20260601,8_KPCWT_180uL_live_740nm_3078mW_u1_poc0p25_20x0p75NA_457s50_g70_z1_256pix_basicFLIM_120f_0014.sdt,20260601_KPC_live_on_SLIM::fitet-sz-c2-b5::8_KPCWT_180uL_live_740nm_3078mW_u1_poc0p25_20x0p75NA_457s50_g70_z1_256pix_basicFLIM_120f_0014,457,0.25,20x0.75NA,1,14,1.0,2,5,shift=0,,2.8774179565701474,737.134051385498,65136,99.4,2.795578133725302,754.8521326913581,0.2575666511150822
live,KPCWT,20260601_KPC_live_on_SLIM,20260601,8_KPCWT_180uL_live_740nm_3078mW_u1_poc0p25_20x0p75NA_457s50_g70_z1_256pix_basicFLIM_120f_0000.sdt,20260601_KPC_live_on_SLIM::fitet-sz-c2-b5::8_KPCWT_180uL_live_740nm_3078mW_u1_poc0p25_20x0p75NA_457s50_g70_z1_256pix_basicFLIM_120f_0000,457,0.25,20x0.75NA,1,0,1.0,2,5,shift=0,,2.9150975110346606,746.9536079957617,64543,98.5,2.795578133725302,754.8521326913581,0.2664720063486674
live,KPCWT,20260601_KPC_live_on_SLIM,20260601,6_KPCWT_75uL_live_740nm_3078mW_u1_poc0p25_20x0p75NA_457s50_g70_z1_256pix_basicFLIM_120f_0003.sdt,20260601_KPC_live_on_SLIM::fitet-sz-c2-b5::6_KPCWT_75uL_live_740nm_3078mW_u1_poc0p25_20x0p75NA_457s50_g70_z1_256pix_basicFLIM_120f_0003,457,0.25,20x0.75NA,1,3,1.0,2,5,shift=0,,2.6748465434541977,762.3738268361273,64809,98.9,2.795578133725302,754.8521326913581,0.26764303798608247
live,KPCWT,20260601_KPC_live_on_SLIM,20260601,9_KPCWT_160uL_live_740nm_3077mW_u1_poc0p25_20x0p75NA_457s50_g70_z1_256pix_basicFLIM_120f_0009.sdt,20260601_KPC_live_on_SLIM::fitet-sz-c2-b5::9_KPCWT_160uL_live_740nm_3077mW_u1_poc0p25_20x0p75NA_457s50_g70_z1_256pix_basicFLIM_120f_0009,457,0.25,20x0.75NA,1,9,1.0,2,5,shift=0,,2.6888554410374548,769.0908300712887,65247,99.6,2.795578133725302,754.8521326913581,0.27272160847793175
live,KPCWT,20260601_KPC_live_on_SLIM,20260601,10_KPCWT_145uL_live_740nm_3076mW_u1_poc0p25_20x0p75NA_457s50_g70_z1_256pix_basicFLIM_120f_0008.sdt,20260601_KPC_live_on_SLIM::fitet-sz-c2-b5::10_KPCWT_145uL_live_740nm_3076mW_u1_poc0p25_20x0p75NA_457s50_g70_z1_256pix_basicFLIM_120f_0008,457,0.25,20x0.75NA,1,8,1.0,2,5,shift=0,,2.666783277942977,749.3315709554611,64037,97.7,2.795578133725302,754.8521326913581,0.2785394336754598
live,KPCWT,20260601_KPC_live_on_SLIM,20260601,9_KPCWT_160uL_live_740nm_3077mW_u1_poc0p25_20x0p75NA_457s50_g70_z1_256pix_basicFLIM_120f_0003.sdt,20260601_KPC_live_on_SLIM::fitet-sz-c2-b5::9_KPCWT_160uL_live_740nm_3077mW_u1_poc0p25_20x0p75NA_457s50_g70_z1_256pix_basicFLIM_120f_0003,457,0.25,20x0.75NA,1,3,1.0,2,5,shift=0,,2.7708048017583904,729.4300665703282,65433,99.8,2.795578133725302,754.8521326913581,0.2788618935659999
live,KPCWT,20260601_KPC_live_on_SLIM,20260601,14_KPCWT_115uL_live_740nm_3076mW_u1_poc0p25_20x0p75NA_457s50_g70_z1_256pix_basicFLIM_120f_0011.sdt,20260601_KPC_live_on_SLIM::fitet-sz-c2-b5::14_KPCWT_115uL_live_740nm_3076mW_u1_poc0p25_20x0p75NA_457s50_g70_z1_256pix_basicFLIM_120f_0011,457,0.25,20x0.75NA,1,11,1.0,2,5,shift=0,,2.863131343662391,777.1257903682981,65432,99.8,2.795578133725302,754.8521326913581,0.27921783484029566
live,KPCWT,20260601_KPC_live_on_SLIM,20260601,8_KPCWT_180uL_live_740nm_3078mW_u1_poc0p25_20x0p75NA_457s50_g70_z1_256pix_basicFLIM_120f_0009.sdt,20260601_KPC_live_on_SLIM::fitet-sz-c2-b5::8_KPCWT_180uL_live_740nm_3078mW_u1_poc0p25_20x0p75NA_457s50_g70_z1_256pix_basicFLIM_120f_0009,457,0.25,20x0.75NA,1,9,1.0,2,5,shift=0,,2.661408367105112,756.4323937698972,64734,98.8,2.795578133725302,754.8521326913581,0.28398134163378597
live,KPCWT,20260601_KPC_live_on_SLIM,20260601,6_KPCWT_75uL_live_740nm_3078mW_u1_poc0p25_20x0p75NA_457s50_g70_z1_256pix_basicFLIM_120f_0010.sdt,20260601_KPC_live_on_SLIM::fitet-sz-c2-b5::6_KPCWT_75uL_live_740nm_3078mW_u1_poc0p25_20x0p75NA_457s50_g70_z1_256pix_basicFLIM_120f_0010,457,0.25,20x0.75NA,1,10,1.0,2,5,shift=0,,2.923085587276796,745.0964421234842,65453,99.9,2.795578133725302,754.8521326913581,0.2891742397707655
live,KPCWT,20260601_KPC_live_on_SLIM,20260601,9_KPCWT_160uL_live_740nm_3077mW_u1_poc0p25_20x0p75NA_457s50_g70_z1_256pix_basicFLIM_120f_0002.sdt,20260601_KPC_live_on_SLIM::fitet-sz-c2-b5::9_KPCWT_160uL_live_740nm_3077mW_u1_poc0p25_20x0p75NA_457s50_g70_z1_256pix_basicFLIM_120f_0002,457,0.25,20x0.75NA,1,2,1.0,2,5,shift=0,,2.829341419372424,727.816672861772,64501,98.4,2.795578133725302,754.8521326913581,0.29989652344527784
live,KPCWT,20260601_KPC_live_on_SLIM,20260601,9_KPCWT_160uL_live_740nm_3077mW_u1_poc0p25_20x0p75NA_457s50_g70_z1_256pix_basicFLIM_120f_0006.sdt,20260601_KPC_live_on_SLIM::fitet-sz-c2-b5::9_KPCWT_160uL_live_740nm_3077mW_u1_poc0p25_20x0p75NA_457s50_g70_z1_256pix_basicFLIM_120f_0006,457,0.25,20x0.75NA,1,6,1.0,2,5,shift=0,,2.676067162263207,739.4178184830237,64702,98.7,2.795578133725302,754.8521326913581,0.3023408277676951
live,KPCWT,20260601_KPC_live_on_SLIM,20260601,11_KPCWT_130uL_live_740nm_3076mW_u1_poc0p25_20x0p75NA_457s50_g70_z1_256pix_basicFLIM_120f_0009.sdt,20260601_KPC_live_on_SLIM::fitet-sz-c2-b5::11_KPCWT_130uL_live_740nm_3076mW_u1_poc0p25_20x0p75NA_457s50_g70_z1_256pix_basicFLIM_120f_0009,457,0.25,20x0.75NA,1,9,1.0,2,5,shift=0,,2.644189859925775,762.0933241402759,65226,99.5,2.795578133725302,754.8521326913581,0.3292271883165068
live,KPCWT,20260601_KPC_live_on_SLIM,20260601,10_KPCWT_145uL_live_740nm_3076mW_u1_poc0p25_20x0p75NA_457s50_g70_z1_256pix_basicFLIM_120f_0003.sdt,20260601_KPC_live_on_SLIM::fitet-sz-c2-b5::10_KPCWT_145uL_live_740nm_3076mW_u1_poc0p25_20x0p75NA_457s50_g70_z1_256pix_basicFLIM_120f_0003,457,0.25,20x0.75NA,1,3,1.0,2,5,shift=0,,2.657833906523088,739.4891705439137,64905,99.0,2.795578133725302,754.8521326913581,0.334802716443337
live,KPCWT,20260601_KPC_live_on_SLIM,20260601,9_KPCWT_160uL_live_740nm_3077mW_u1_poc0p25_20x0p75NA_457s50_g70_z1_256pix_basicFLIM_120f_0008.sdt,20260601_KPC_live_on_SLIM::fitet-sz-c2-b5::9_KPCWT_160uL_live_740nm_3077mW_u1_poc0p25_20x0p75NA_457s50_g70_z1_256pix_basicFLIM_120f_0008,457,0.25,20x0.75NA,1,8,1.0,2,5,shift=0,,2.692392903711992,729.736409566156,65272,99.6,2.795578133725302,754.8521326913581,0.34749720005496393
live,KPCWT,20260601_KPC_live_on_SLIM,20260601,8_KPCWT_180uL_live_740nm_3078mW_u1_poc0p25_20x0p75NA_457s50_g70_z1_256pix_basicFLIM_120f_0007.sdt,20260601_KPC_live_on_SLIM::fitet-sz-c2-b5::8_KPCWT_180uL_live_740nm_3078mW_u1_poc0p25_20x0p75NA_457s50_g70_z1_256pix_basicFLIM_120f_0007,457,0.25,20x0.75NA,1,7,1.0,2,5,shift=0,,2.630023824994585,759.2950915407707,64885,99.0,2.795578133725302,754.8521326913581,0.3530394225032159
live,KPCWT,20260601_KPC_live_on_SLIM,20260601,8_KPCWT_180uL_live_740nm_3078mW_u1_poc0p25_20x0p75NA_457s50_g70_z1_256pix_basicFLIM_120f_0008.sdt,20260601_KPC_live_on_SLIM::fitet-sz-c2-b5::8_KPCWT_180uL_live_740nm_3078mW_u1_poc0p25_20x0p75NA_457s50_g70_z1_256pix_basicFLIM_120f_0008,457,0.25,20x0.75NA,1,8,1.0,2,5,shift=0,,2.6331055021784717,762.579000995106,65010,99.2,2.795578133725302,754.8521326913581,0.3532192322994504
live,KPCWT,20260601_KPC_live_on_SLIM,20260601,9_KPCWT_160uL_live_740nm_3077mW_u1_poc0p25_20x0p75NA_457s50_g70_z1_256pix_basicFLIM_120f_0013.sdt,20260601_KPC_live_on_SLIM::fitet-sz-c2-b5::9_KPCWT_160uL_live_740nm_3077mW_u1_poc0p25_20x0p75NA_457s50_g70_z1_256pix_basicFLIM_120f_0013,457,0.25,20x0.75NA,1,13,1.0,2,5,shift=0,,2.853348837530734,720.5200052475038,65504,100.0,2.795578133725302,754.8521326913581,0.3895229630319764
live,KPCWT,20260601_KPC_live_on_SLIM,20260601,10_KPCWT_145uL_live_740nm_3076mW_u1_poc0p25_20x0p75NA_457s50_g70_z1_256pix_basicFLIM_120f_0005.sdt,20260601_KPC_live_on_SLIM::fitet-sz-c2-b5::10_KPCWT_145uL_live_740nm_3076mW_u1_poc0p25_20x0p75NA_457s50_g70_z1_256pix_basicFLIM_120f_0005,457,0.25,20x0.75NA,1,5,1.0,2,5,shift=0,,2.6392050176748927,734.7758520224976,64305,98.1,2.795578133725302,754.8521326913581,0.3948937930645144
live,KPCWT,20260601_KPC_live_on_SLIM,20260601,11_KPCWT_130uL_live_740nm_3076mW_u1_poc0p25_20x0p75NA_457s50_g70_z1_256pix_basicFLIM_120f_0010.sdt,20260601_KPC_live_on_SLIM::fitet-sz-c2-b5::11_KPCWT_130uL_live_740nm_3076mW_u1_poc0p25_20x0p75NA_457s50_g70_z1_256pix_basicFLIM_120f_0010,457,0.25,20x0.75NA,1,10,1.0,2,5,shift=0,,2.6098442930378,760.1174582702663,65428,99.8,2.795578133725302,754.8521326913581,0.39649322574550305
live,KPCWT,20260601_KPC_live_on_SLIM,20260601,14_KPCWT_115uL_live_740nm_3076mW_u1_poc0p25_20x0p75NA_457s50_g70_z1_256pix_basicFLIM_120f_0002.sdt,20260601_KPC_live_on_SLIM::fitet-sz-c2-b5::14_KPCWT_115uL_live_740nm_3076mW_u1_poc0p25_20x0p75NA_457s50_g70_z1_256pix_basicFLIM_120f_0002,457,0.25,20x0.75NA,1,2,1.0,2,5,shift=0,,2.629017731998115,774.183898227228,65227,99.5,2.795578133725302,754.8521326913581,0.40892576732836144
live,KPCWT,20260601_KPC_live_on_SLIM,20260601,11_KPCWT_130uL_live_740nm_3076mW_u1_poc0p25_20x0p75NA_457s50_g70_z1_256pix_basicFLIM_120f_0012.sdt,20260601_KPC_live_on_SLIM::fitet-sz-c2-b5::11_KPCWT_130uL_live_740nm_3076mW_u1_poc0p25_20x0p75NA_457s50_g70_z1_256pix_basicFLIM_120f_0012,457,0.25,20x0.75NA,1,12,1.0,2,5,shift=0,,2.6086013458671733,766.3110581974574,64810,98.9,2.795578133725302,754.8521326913581,0.41388330467229106
live,KPCWT,20260601_KPC_live_on_SLIM,20260601,8_KPCWT_180uL_live_740nm_3078mW_u1_poc0p25_20x0p75NA_457s50_g70_z1_256pix_basicFLIM_120f_0006.sdt,20260601_KPC_live_on_SLIM::fitet-sz-c2-b5::8_KPCWT_180uL_live_740nm_3078mW_u1_poc0p25_20x0p75NA_457s50_g70_z1_256pix_basicFLIM_120f_0006,457,0.25,20x0.75NA,1,6,1.0,2,5,shift=0,,2.597302531671376,756.3188414520464,64920,99.1,2.795578133725302,754.8521326913581,0.4192096147414907
live,KPCWT,20260601_KPC_live_on_SLIM,20260601,11_KPCWT_130uL_live_740nm_3076mW_u1_poc0p25_20x0p75NA_457s50_g70_z1_256pix_basicFLIM_120f_0008.sdt,20260601_KPC_live_on_SLIM::fitet-sz-c2-b5::11_KPCWT_130uL_live_740nm_3076mW_u1_poc0p25_20x0p75NA_457s50_g70_z1_256pix_basicFLIM_120f_0008,457,0.25,20x0.75NA,1,8,1.0,2,5,shift=0,,2.7969652931146944,714.7156256135935,65333,99.7,2.795578133725302,754.8521326913581,0.43245414123628706
live,KPCWT,20260601_KPC_live_on_SLIM,20260601,10_KPCWT_145uL_live_740nm_3076mW_u1_poc0p25_20x0p75NA_457s50_g70_z1_256pix_basicFLIM_120f_0000.sdt,20260601_KPC_live_on_SLIM::fitet-sz-c2-b5::10_KPCWT_145uL_live_740nm_3076mW_u1_poc0p25_20x0p75NA_457s50_g70_z1_256pix_basicFLIM_120f_0000,457,0.25,20x0.75NA,1,0,1.0,2,5,shift=0,,2.907052363733761,720.5074170702554,64725,98.8,2.795578133725302,754.8521326913581,0.4386346392893836
live,KPCWT,20260601_KPC_live_on_SLIM,20260601,14_KPCWT_115uL_live_740nm_3076mW_u1_poc0p25_20x0p75NA_457s50_g70_z1_256pix_basicFLIM_120f_0000.sdt,20260601_KPC_live_on_SLIM::fitet-sz-c2-b5::14_KPCWT_115uL_live_740nm_3076mW_u1_poc0p25_20x0p75NA_457s50_g70_z1_256pix_basicFLIM_120f_0000,457,0.25,20x0.75NA,1,0,1.0,2,5,shift=0,,3.0002075934726684,747.6169888106757,64705,98.7,2.795578133725302,754.8521326913581,0.4393075853816585
live,KPCWT,20260601_KPC_live_on_SLIM,20260601,4_KPCWT_50uL_live_740nm_3080mW_u1_poc0p25_20x0p75NA_457s50_g70_z1_256pix_basicFLIM_120f_0004.sdt,20260601_KPC_live_on_SLIM::fitet-sz-c2-b5::4_KPCWT_50uL_live_740nm_3080mW_u1_poc0p25_20x0p75NA_457s50_g70_z1_256pix_basicFLIM_120f_0004,457,0.25,20x0.75NA,1,4,1.0,2,5,shift=0,,2.928435117226443,721.3356939581677,65192,99.5,2.795578133725302,754.8521326913581,0.45738001792959065
live,KPCWT,20260601_KPC_live_on_SLIM,20260601,6_KPCWT_75uL_live_740nm_3078mW_u1_poc0p25_20x0p75NA_457s50_g70_z1_256pix_basicFLIM_120f_0013.sdt,20260601_KPC_live_on_SLIM::fitet-sz-c2-b5::6_KPCWT_75uL_live_740nm_3078mW_u1_poc0p25_20x0p75NA_457s50_g70_z1_256pix_basicFLIM_120f_0013,457,0.25,20x0.75NA,1,13,1.0,2,5,shift=0,,2.70007777648647,793.6885375789582,65459,99.9,2.795578133725302,754.8521326913581,0.46454333260421327
live,KPCWT,20260601_KPC_live_on_SLIM,20260601,14_KPCWT_115uL_live_740nm_3076mW_u1_poc0p25_20x0p75NA_457s50_g70_z1_256pix_basicFLIM_120f_0008.sdt,20260601_KPC_live_on_SLIM::fitet-sz-c2-b5::14_KPCWT_115uL_live_740nm_3076mW_u1_poc0p25_20x0p75NA_457s50_g70_z1_256pix_basicFLIM_120f_0008,457,0.25,20x0.75NA,1,8,1.0,2,5,shift=0,,2.6346737348041285,784.3550776769634,64994,99.2,2.795578133725302,754.8521326913581,0.46541755574362526
live,KPCWT,20260601_KPC_live_on_SLIM,20260601,6_KPCWT_75uL_live_740nm_3078mW_u1_poc0p25_20x0p75NA_457s50_g70_z1_256pix_basicFLIM_120f_0012.sdt,20260601_KPC_live_on_SLIM::fitet-sz-c2-b5::6_KPCWT_75uL_live_740nm_3078mW_u1_poc0p25_20x0p75NA_457s50_g70_z1_256pix_basicFLIM_120f_0012,457,0.25,20x0.75NA,1,12,1.0,2,5,shift=0,,3.0053856558423204,771.4929032268064,65262,99.6,2.795578133725302,754.8521326913581,0.47816281952193485
live,KPCWT,20260601_KPC_live_on_SLIM,20260601,9_KPCWT_160uL_live_740nm_3077mW_u1_poc0p25_20x0p75NA_457s50_g70_z1_256pix_basicFLIM_120f_0010.sdt,20260601_KPC_live_on_SLIM::fitet-sz-c2-b5::9_KPCWT_160uL_live_740nm_3077mW_u1_poc0p25_20x0p75NA_457s50_g70_z1_256pix_basicFLIM_120f_0010,457,0.25,20x0.75NA,1,10,1.0,2,5,shift=0,,2.569197141243215,752.0826289311939,65365,99.7,2.795578133725302,754.8521326913581,0.47922191420275556
live,KPCWT,20260601_KPC_live_on_SLIM,20260601,4_KPCWT_50uL_live_740nm_3080mW_u1_poc0p25_20x0p75NA_457s50_g70_z1_256pix_basicFLIM_120f_0006.sdt,20260601_KPC_live_on_SLIM::fitet-sz-c2-b5::4_KPCWT_50uL_live_740nm_3080mW_u1_poc0p25_20x0p75NA_457s50_g70_z1_256pix_basicFLIM_120f_0006,457,0.25,20x0.75NA,1,6,1.0,2,5,shift=0,,2.8191130984689883,710.2976612524851,64713,98.7,2.795578133725302,754.8521326913581,0.4826132347272002
live,KPCWT,20260601_KPC_live_on_SLIM,20260601,9_KPCWT_160uL_live_740nm_3077mW_u1_poc0p25_20x0p75NA_457s50_g70_z1_256pix_basicFLIM_120f_0007.sdt,20260601_KPC_live_on_SLIM::fitet-sz-c2-b5::9_KPCWT_160uL_live_740nm_3077mW_u1_poc0p25_20x0p75NA_457s50_g70_z1_256pix_basicFLIM_120f_0007,457,0.25,20x0.75NA,1,7,1.0,2,5,shift=0,,2.5676318775853866,760.308330844999,64625,98.6,2.795578133725302,754.8521326913581,0.48517373333086916
live,KPCWT,20260601_KPC_live_on_SLIM,20260601,14_KPCWT_115uL_live_740nm_3076mW_u1_poc0p25_20x0p75NA_457s50_g70_z1_256pix_basicFLIM_120f_0007.sdt,20260601_KPC_live_on_SLIM::fitet-sz-c2-b5::14_KPCWT_115uL_live_740nm_3076mW_u1_poc0p25_20x0p75NA_457s50_g70_z1_256pix_basicFLIM_120f_0007,457,0.25,20x0.75NA,1,7,1.0,2,5,shift=0,,2.5861916549595025,774.829524598372,64898,99.0,2.795578133725302,754.8521326913581,0.4919708923939756
live,KPCWT,20260601_KPC_live_on_SLIM,20260601,10_KPCWT_145uL_live_740nm_3076mW_u1_poc0p25_20x0p75NA_457s50_g70_z1_256pix_basicFLIM_120f_0006.sdt,20260601_KPC_live_on_SLIM::fitet-sz-c2-b5::10_KPCWT_145uL_live_740nm_3076mW_u1_poc0p25_20x0p75NA_457s50_g70_z1_256pix_basicFLIM_120f_0006,457,0.25,20x0.75NA,1,6,1.0,2,5,shift=0,,2.6498016608703856,791.3164701207751,65094,99.3,2.795578133725302,754.8521326913581,0.4992128865389899
live,KPCWT,20260601_KPC_live_on_SLIM,20260601,8_KPCWT_180uL_live_740nm_3078mW_u1_poc0p25_20x0p75NA_457s50_g70_z1_256pix_basicFLIM_120f_0003.sdt,20260601_KPC_live_on_SLIM::fitet-sz-c2-b5::8_KPCWT_180uL_live_740nm_3078mW_u1_poc0p25_20x0p75NA_457s50_g70_z1_256pix_basicFLIM_120f_0003,457,0.25,20x0.75NA,1,3,1.0,2,5,shift=0,,2.557909199201968,764.6921601570896,64860,99.0,2.795578133725302,754.8521326913581,0.5132111229443488
live,KPCWT,20260601_KPC_live_on_SLIM,20260601,11_KPCWT_130uL_live_740nm_3076mW_u1_poc0p25_20x0p75NA_457s50_g70_z1_256pix_basicFLIM_120f_0011.sdt,20260601_KPC_live_on_SLIM::fitet-sz-c2-b5::11_KPCWT_130uL_live_740nm_3076mW_u1_poc0p25_20x0p75NA_457s50_g70_z1_256pix_basicFLIM_120f_0011,457,0.25,20x0.75NA,1,11,1.0,2,5,shift=0,,2.580613857004778,777.2070194706827,65149,99.4,2.795578133725302,754.8521326913581,0.5140860220767463
live,KPCWT,20260601_KPC_live_on_SLIM,20260601,10_KPCWT_145uL_live_740nm_3076mW_u1_poc0p25_20x0p75NA_457s50_g70_z1_256pix_basicFLIM_120f_0009.sdt,20260601_KPC_live_on_SLIM::fitet-sz-c2-b5::10_KPCWT_145uL_live_740nm_3076mW_u1_poc0p25_20x0p75NA_457s50_g70_z1_256pix_basicFLIM_120f_0009,457,0.25,20x0.75NA,1,9,1.0,2,5,shift=0,,2.552296880825515,764.1995159814726,65060,99.3,2.795578133725302,754.8521326913581,0.5237721641033545
live,KPCWT,20260601_KPC_live_on_SLIM,20260601,14_KPCWT_115uL_live_740nm_3076mW_u1_poc0p25_20x0p75NA_457s50_g70_z1_256pix_basicFLIM_120f_0009.sdt,20260601_KPC_live_on_SLIM::fitet-sz-c2-b5::14_KPCWT_115uL_live_740nm_3076mW_u1_poc0p25_20x0p75NA_457s50_g70_z1_256pix_basicFLIM_120f_0009,457,0.25,20x0.75NA,1,9,1.0,2,5,shift=0,,3.0336050251310422,771.344425089511,65119,99.4,2.795578133725302,754.8521326913581,0.5333671706229217
live,KPCWT,20260601_KPC_live_on_SLIM,20260601,11_KPCWT_130uL_live_740nm_3076mW_u1_poc0p25_20x0p75NA_457s50_g70_z1_256pix_basicFLIM_120f_0004.sdt,20260601_KPC_live_on_SLIM::fitet-sz-c2-b5::11_KPCWT_130uL_live_740nm_3076mW_u1_poc0p25_20x0p75NA_457s50_g70_z1_256pix_basicFLIM_120f_0004,457,0.25,20x0.75NA,1,4,1.0,2,5,shift=0,,2.5695689751352155,777.0882975800374,65160,99.4,2.795578133725302,754.8521326913581,0.5342386175683554
live,KPCWT,20260601_KPC_live_on_SLIM,20260601,4_KPCWT_50uL_live_740nm_3080mW_u1_poc0p25_20x0p75NA_457s50_g70_z1_256pix_basicFLIM_120f_0007.sdt,20260601_KPC_live_on_SLIM::fitet-sz-c2-b5::4_KPCWT_50uL_live_740nm_3080mW_u1_poc0p25_20x0p75NA_457s50_g70_z1_256pix_basicFLIM_120f_0007,457,0.25,20x0.75NA,1,7,1.0,2,5,shift=0,,3.0055825581465907,724.7468143495672,64561,98.5,2.795578133725302,754.8521326913581,0.5496136201610785
live,KPCWT,20260601_KPC_live_on_SLIM,20260601,4_KPCWT_50uL_live_740nm_3080mW_u1_poc0p25_20x0p75NA_457s50_g70_z1_256pix_basicFLIM_120f_0002.sdt,20260601_KPC_live_on_SLIM::fitet-sz-c2-b5::4_KPCWT_50uL_live_740nm_3080mW_u1_poc0p25_20x0p75NA_457s50_g70_z1_256pix_basicFLIM_120f_0002,457,0.25,20x0.75NA,1,2,1.0,2,5,shift=0,,3.017772760567729,727.8453580629464,65000,99.2,2.795578133725302,754.8521326913581,0.5523133460492491
live,KPCWT,20260601_KPC_live_on_SLIM,20260601,10_KPCWT_145uL_live_740nm_3076mW_u1_poc0p25_20x0p75NA_457s50_g70_z1_256pix_basicFLIM_120f_0001.sdt,20260601_KPC_live_on_SLIM::fitet-sz-c2-b5::10_KPCWT_145uL_live_740nm_3076mW_u1_poc0p25_20x0p75NA_457s50_g70_z1_256pix_basicFLIM_120f_0001,457,0.25,20x0.75NA,1,1,1.0,2,5,shift=0,,2.5314963760531155,748.56071750457,64458,98.4,2.795578133725302,754.8521326913581,0.5620478551163024
live,KPCWT,20260601_KPC_live_on_SLIM,20260601,9_KPCWT_160uL_live_740nm_3077mW_u1_poc0p25_20x0p75NA_457s50_g70_z1_256pix_basicFLIM_120f_0004.sdt,20260601_KPC_live_on_SLIM::fitet-sz-c2-b5::9_KPCWT_160uL_live_740nm_3077mW_u1_poc0p25_20x0p75NA_457s50_g70_z1_256pix_basicFLIM_120f_0004,457,0.25,20x0.75NA,1,4,1.0,2,5,shift=0,,2.54798156558162,734.5906163110542,64245,98.0,2.795578133725302,754.8521326913581,0.5668393747111308
live,KPCWT,20260601_KPC_live_on_SLIM,20260601,14_KPCWT_115uL_live_740nm_3076mW_u1_poc0p25_20x0p75NA_457s50_g70_z1_256pix_basicFLIM_120f_0004.sdt,20260601_KPC_live_on_SLIM::fitet-sz-c2-b5::14_KPCWT_115uL_live_740nm_3076mW_u1_poc0p25_20x0p75NA_457s50_g70_z1_256pix_basicFLIM_120f_0004,457,0.25,20x0.75NA,1,4,1.0,2,5,shift=0,,2.6427524382219385,799.7386247304808,65171,99.4,2.795578133725302,754.8521326913581,0.5815031427801968
live,KPCWT,20260601_KPC_live_on_SLIM,20260601,9_KPCWT_160uL_live_740nm_3077mW_u1_poc0p25_20x0p75NA_457s50_g70_z1_256pix_basicFLIM_120f_0005.sdt,20260601_KPC_live_on_SLIM::fitet-sz-c2-b5::9_KPCWT_160uL_live_740nm_3077mW_u1_poc0p25_20x0p75NA_457s50_g70_z1_256pix_basicFLIM_120f_0005,457,0.25,20x0.75NA,1,5,1.0,2,5,shift=0,,2.52006038511974,760.5956555934931,65112,99.4,2.795578133725302,754.8521326913581,0.5853869659749565
live,KPCWT,20260601_KPC_live_on_SLIM,20260601,10_KPCWT_145uL_live_740nm_3076mW_u1_poc0p25_20x0p75NA_457s50_g70_z1_256pix_basicFLIM_120f_0011.sdt,20260601_KPC_live_on_SLIM::fitet-sz-c2-b5::10_KPCWT_145uL_live_740nm_3076mW_u1_poc0p25_20x0p75NA_457s50_g70_z1_256pix_basicFLIM_120f_0011,457,0.25,20x0.75NA,1,11,1.0,2,5,shift=0,,2.983973178517523,714.735450210366,65484,99.9,2.795578133725302,754.8521326913581,0.5875850311364753
live,KPCWT,20260601_KPC_live_on_SLIM,20260601,4_KPCWT_50uL_live_740nm_3080mW_u1_poc0p25_20x0p75NA_457s50_g70_z1_256pix_basicFLIM_120f_0005.sdt,20260601_KPC_live_on_SLIM::fitet-sz-c2-b5::4_KPCWT_50uL_live_740nm_3080mW_u1_poc0p25_20x0p75NA_457s50_g70_z1_256pix_basicFLIM_120f_0005,457,0.25,20x0.75NA,1,5,1.0,2,5,shift=0,,2.996955138647821,716.1011548013449,64579,98.5,2.795578133725302,754.8521326913581,0.5961035605124568
live,KPCWT,20260601_KPC_live_on_SLIM,20260601,14_KPCWT_115uL_live_740nm_3076mW_u1_poc0p25_20x0p75NA_457s50_g70_z1_256pix_basicFLIM_120f_0010.sdt,20260601_KPC_live_on_SLIM::fitet-sz-c2-b5::14_KPCWT_115uL_live_740nm_3076mW_u1_poc0p25_20x0p75NA_457s50_g70_z1_256pix_basicFLIM_120f_0010,457,0.25,20x0.75NA,1,10,1.0,2,5,shift=0,,2.724792167639986,812.3497950538884,65467,99.9,2.795578133725302,754.8521326913581,0.6372956977839704
live,KPCWT,20260601_KPC_live_on_SLIM,20260601,14_KPCWT_115uL_live_740nm_3076mW_u1_poc0p25_20x0p75NA_457s50_g70_z1_256pix_basicFLIM_120f_0006.sdt,20260601_KPC_live_on_SLIM::fitet-sz-c2-b5::14_KPCWT_115uL_live_740nm_3076mW_u1_poc0p25_20x0p75NA_457s50_g70_z1_256pix_basicFLIM_120f_0006,457,0.25,20x0.75NA,1,6,1.0,2,5,shift=0,,2.541229554427524,787.1766654210446,64903,99.0,2.795578133725302,754.8521326913581,0.6403704431504181
live,KPCWT,20260601_KPC_live_on_SLIM,20260601,8_KPCWT_180uL_live_740nm_3078mW_u1_poc0p25_20x0p75NA_457s50_g70_z1_256pix_basicFLIM_120f_0004.sdt,20260601_KPC_live_on_SLIM::fitet-sz-c2-b5::8_KPCWT_180uL_live_740nm_3078mW_u1_poc0p25_20x0p75NA_457s50_g70_z1_256pix_basicFLIM_120f_0004,457,0.25,20x0.75NA,1,4,1.0,2,5,shift=0,,2.4793438976925217,749.038328547737,64265,98.1,2.795578133725302,754.8521326913581,0.6710615943970483
live,KPCWT,20260601_KPC_live_on_SLIM,20260601,9_KPCWT_160uL_live_740nm_3077mW_u1_poc0p25_20x0p75NA_457s50_g70_z1_256pix_basicFLIM_120f_0011.sdt,20260601_KPC_live_on_SLIM::fitet-sz-c2-b5::9_KPCWT_160uL_live_740nm_3077mW_u1_poc0p25_20x0p75NA_457s50_g70_z1_256pix_basicFLIM_120f_0011,457,0.25,20x0.75NA,1,11,1.0,2,5,shift=0,,3.081119858793259,721.6058032319756,64744,98.8,2.795578133725302,754.8521326913581,0.7016163435886799
live,KPCWT,20260601_KPC_live_on_SLIM,20260601,11_KPCWT_130uL_live_740nm_3076mW_u1_poc0p25_20x0p75NA_457s50_g70_z1_256pix_basicFLIM_120f_0005.sdt,20260601_KPC_live_on_SLIM::fitet-sz-c2-b5::11_KPCWT_130uL_live_740nm_3076mW_u1_poc0p25_20x0p75NA_457s50_g70_z1_256pix_basicFLIM_120f_0005,457,0.25,20x0.75NA,1,5,1.0,2,5,shift=0,,2.478596874658953,775.0720629138264,64986,99.2,2.795578133725302,754.8521326913581,0.7042533558511823
live,KPCWT,20260601_KPC_live_on_SLIM,20260601,11_KPCWT_130uL_live_740nm_3076mW_u1_poc0p25_20x0p75NA_457s50_g70_z1_256pix_basicFLIM_120f_0001.sdt,20260601_KPC_live_on_SLIM::fitet-sz-c2-b5::11_KPCWT_130uL_live_740nm_3076mW_u1_poc0p25_20x0p75NA_457s50_g70_z1_256pix_basicFLIM_120f_0001,457,0.25,20x0.75NA,1,1,1.0,2,5,shift=0,,2.482098711032983,780.7618204756575,65243,99.6,2.795578133725302,754.8521326913581,0.7187394931696324
live,KPCWT,20260601_KPC_live_on_SLIM,20260601,4_KPCWT_50uL_live_740nm_3080mW_u1_poc0p25_20x0p75NA_457s50_g70_z1_256pix_basicFLIM_120f_0017.sdt,20260601_KPC_live_on_SLIM::fitet-sz-c2-b5::4_KPCWT_50uL_live_740nm_3080mW_u1_poc0p25_20x0p75NA_457s50_g70_z1_256pix_basicFLIM_120f_0017,457,0.25,20x0.75NA,1,17,1.0,2,5,shift=0,,3.1274279872459063,731.2167058244552,65430,99.8,2.795578133725302,754.8521326913581,0.7459386472758587
live,KPCWT,20260601_KPC_live_on_SLIM,20260601,11_KPCWT_130uL_live_740nm_3076mW_u1_poc0p25_20x0p75NA_457s50_g70_z1_256pix_basicFLIM_120f_0007.sdt,20260601_KPC_live_on_SLIM::fitet-sz-c2-b5::11_KPCWT_130uL_live_740nm_3076mW_u1_poc0p25_20x0p75NA_457s50_g70_z1_256pix_basicFLIM_120f_0007,457,0.25,20x0.75NA,1,7,1.0,2,5,shift=0,,2.4320898424728017,761.9365736134237,65201,99.5,2.795578133725302,754.8521326913581,0.7717528121705521
live,KPCWT,20260601_KPC_live_on_SLIM,20260601,4_KPCWT_50uL_live_740nm_3080mW_u1_poc0p25_20x0p75NA_457s50_g70_z1_256pix_basicFLIM_120f_0008.sdt,20260601_KPC_live_on_SLIM::fitet-sz-c2-b5::4_KPCWT_50uL_live_740nm_3080mW_u1_poc0p25_20x0p75NA_457s50_g70_z1_256pix_basicFLIM_120f_0008,457,0.25,20x0.75NA,1,8,1.0,2,5,shift=0,,3.1468170008705254,717.3776511767933,64758,98.8,2.795578133725302,754.8521326913581,0.8448193274797354
live,KPCWT,20260601_KPC_live_on_SLIM,20260601,4_KPCWT_50uL_live_740nm_3080mW_u1_poc0p25_20x0p75NA_457s50_g70_z1_256pix_basicFLIM_120f_0011.sdt,20260601_KPC_live_on_SLIM::fitet-sz-c2-b5::4_KPCWT_50uL_live_740nm_3080mW_u1_poc0p25_20x0p75NA_457s50_g70_z1_256pix_basicFLIM_120f_0011,457,0.25,20x0.75NA,1,11,1.0,2,5,shift=0,,3.1840622423769807,726.683096178554,65148,99.4,2.795578133725302,754.8521326913581,0.8750957701935004
live,KPCWT,20260601_KPC_live_on_SLIM,20260601,8_KPCWT_180uL_live_740nm_3078mW_u1_poc0p25_20x0p75NA_457s50_g70_z1_256pix_basicFLIM_120f_0012.sdt,20260601_KPC_live_on_SLIM::fitet-sz-c2-b5::8_KPCWT_180uL_live_740nm_3078mW_u1_poc0p25_20x0p75NA_457s50_g70_z1_256pix_basicFLIM_120f_0012,457,0.25,20x0.75NA,1,12,1.0,2,5,shift=0,,2.4290219609628947,794.6510465113723,65358,99.7,2.795578133725302,754.8521326913581,0.8852395188344877
live,KPCWT,20260601_KPC_live_on_SLIM,20260601,11_KPCWT_130uL_live_740nm_3076mW_u1_poc0p25_20x0p75NA_457s50_g70_z1_256pix_basicFLIM_120f_0002.sdt,20260601_KPC_live_on_SLIM::fitet-sz-c2-b5::11_KPCWT_130uL_live_740nm_3076mW_u1_poc0p25_20x0p75NA_457s50_g70_z1_256pix_basicFLIM_120f_0002,457,0.25,20x0.75NA,1,2,1.0,2,5,shift=0,,2.424623389617472,794.7319315612224,65080,99.3,2.795578133725302,754.8521326913581,0.8937996174514204
live,KPCWT,20260601_KPC_live_on_SLIM,20260601,6_KPCWT_75uL_live_740nm_3078mW_u1_poc0p25_20x0p75NA_457s50_g70_z1_256pix_basicFLIM_120f_0011.sdt,20260601_KPC_live_on_SLIM::fitet-sz-c2-b5::6_KPCWT_75uL_live_740nm_3078mW_u1_poc0p25_20x0p75NA_457s50_g70_z1_256pix_basicFLIM_120f_0011,457,0.25,20x0.75NA,1,11,1.0,2,5,shift=0,,2.5718382667886903,825.4347495671069,65338,99.7,2.795578133725302,754.8521326913581,0.895425948234636
live,KPCWT,20260601_KPC_live_on_SLIM,20260601,4_KPCWT_50uL_live_740nm_3080mW_u1_poc0p25_20x0p75NA_457s50_g70_z1_256pix_basicFLIM_120f_0003.sdt,20260601_KPC_live_on_SLIM::fitet-sz-c2-b5::4_KPCWT_50uL_live_740nm_3080mW_u1_poc0p25_20x0p75NA_457s50_g70_z1_256pix_basicFLIM_120f_0003,457,0.25,20x0.75NA,1,3,1.0,2,5,shift=0,,3.174632759001546,715.5762887772183,65263,99.6,2.795578133725302,754.8521326913581,0.9057845815321188
live,KPCWT,20260601_KPC_live_on_SLIM,20260601,11_KPCWT_130uL_live_740nm_3076mW_u1_poc0p25_20x0p75NA_457s50_g70_z1_256pix_basicFLIM_120f_0003.sdt,20260601_KPC_live_on_SLIM::fitet-sz-c2-b5::11_KPCWT_130uL_live_740nm_3076mW_u1_poc0p25_20x0p75NA_457s50_g70_z1_256pix_basicFLIM_120f_0003,457,0.25,20x0.75NA,1,3,1.0,2,5,shift=0,,2.38520370273252,780.1040270222835,65062,99.3,2.795578133725302,754.8521326913581,0.9087145289178571
live,KPCWT,20260601_KPC_live_on_SLIM,20260601,4_KPCWT_50uL_live_740nm_3080mW_u1_poc0p25_20x0p75NA_457s50_g70_z1_256pix_basicFLIM_120f_0016.sdt,20260601_KPC_live_on_SLIM::fitet-sz-c2-b5::4_KPCWT_50uL_live_740nm_3080mW_u1_poc0p25_20x0p75NA_457s50_g70_z1_256pix_basicFLIM_120f_0016,457,0.25,20x0.75NA,1,16,1.0,2,5,shift=0,,3.224818538369828,715.7400852741589,65334,99.7,2.795578133725302,754.8521326913581,1.0000147687691632
live,KPCWT,20260601_KPC_live_on_SLIM,20260601,9_KPCWT_160uL_live_740nm_3077mW_u1_poc0p25_20x0p75NA_457s50_g70_z1_256pix_basicFLIM_120f_0001.sdt,20260601_KPC_live_on_SLIM::fitet-sz-c2-b5::9_KPCWT_160uL_live_740nm_3077mW_u1_poc0p25_20x0p75NA_457s50_g70_z1_256pix_basicFLIM_120f_0001,457,0.25,20x0.75NA,1,1,1.0,2,5,shift=0,,2.329544453773125,771.3341380153793,65105,99.3,2.795578133725302,754.8521326913581,1.0005099926624936
live,KPCWT,20260601_KPC_live_on_SLIM,20260601,4_KPCWT_50uL_live_740nm_3080mW_u1_poc0p25_20x0p75NA_457s50_g70_z1_256pix_basicFLIM_120f_0014.sdt,20260601_KPC_live_on_SLIM::fitet-sz-c2-b5::4_KPCWT_50uL_live_740nm_3080mW_u1_poc0p25_20x0p75NA_457s50_g70_z1_256pix_basicFLIM_120f_0014,457,0.25,20x0.75NA,1,14,1.0,2,5,shift=0,,3.234525022965508,714.9342451314017,65515,100.0,2.795578133725302,754.8521326913581,1.0222716571938568
live,KPCWT,20260601_KPC_live_on_SLIM,20260601,10_KPCWT_145uL_live_740nm_3076mW_u1_poc0p25_20x0p75NA_457s50_g70_z1_256pix_basicFLIM_120f_0004.sdt,20260601_KPC_live_on_SLIM::fitet-sz-c2-b5::10_KPCWT_145uL_live_740nm_3076mW_u1_poc0p25_20x0p75NA_457s50_g70_z1_256pix_basicFLIM_120f_0004,457,0.25,20x0.75NA,1,4,1.0,2,5,shift=0,,2.32481709986035,779.0672177346829,64359,98.2,2.795578133725302,754.8521326913581,1.0282618807220414
live,KPCWT,20260601_KPC_live_on_SLIM,20260601,4_KPCWT_50uL_live_740nm_3080mW_u1_poc0p25_20x0p75NA_457s50_g70_z1_256pix_basicFLIM_120f_0013.sdt,20260601_KPC_live_on_SLIM::fitet-sz-c2-b5::4_KPCWT_50uL_live_740nm_3080mW_u1_poc0p25_20x0p75NA_457s50_g70_z1_256pix_basicFLIM_120f_0013,457,0.25,20x0.75NA,1,13,1.0,2,5,shift=0,,3.249650868899683,710.713321728994,65488,99.9,2.795578133725302,754.8521326913581,1.0707577670520871
live,KPCWT,20260601_KPC_live_on_SLIM,20260601,14_KPCWT_115uL_live_740nm_3076mW_u1_poc0p25_20x0p75NA_457s50_g70_z1_256pix_basicFLIM_120f_0012.sdt,20260601_KPC_live_on_SLIM::fitet-sz-c2-b5::14_KPCWT_115uL_live_740nm_3076mW_u1_poc0p25_20x0p75NA_457s50_g70_z1_256pix_basicFLIM_120f_0012,457,0.25,20x0.75NA,1,12,1.0,2,5,shift=0,,2.395903600404295,816.0483607625008,65334,99.7,2.795578133725302,754.8521326913581,1.0713494180890266
live,KPCWT,20260530_KPC_live_on_SLIM,20260530,5_KPCWT_BKOCO2_P6_D6_live_740nm_3074mW_u1_poc0p25_20x0p75NA_457s50_g70_z1_256pix_basicFLIM_120f_0000.sdt,20260530_KPC_live_on_SLIM::fitet-sz-c2-b5::5_KPCWT_BKOCO2_P6_D6_live_740nm_3074mW_u1_poc0p25_20x0p75NA_457s50_g70_z1_256pix_basicFLIM_120f_0000,457,0.25,20x0.75NA,1,0,1.0,2,5,shift=0,,3.3107227244221185,724.551609056218,65377,99.8,2.795578133725302,754.8521326913581,1.1362930798371833
live,KPCWT,20260601_KPC_live_on_SLIM,20260601,4_KPCWT_50uL_live_740nm_3080mW_u1_poc0p25_20x0p75NA_457s50_g70_z1_256pix_basicFLIM_120f_0009.sdt,20260601_KPC_live_on_SLIM::fitet-sz-c2-b5::4_KPCWT_50uL_live_740nm_3080mW_u1_poc0p25_20x0p75NA_457s50_g70_z1_256pix_basicFLIM_120f_0009,457,0.25,20x0.75NA,1,9,1.0,2,5,shift=0,,3.302708786036339,705.1957221316585,65027,99.2,2.795578133725302,754.8521326913581,1.197602557749484
live,KPCWT,20260601_KPC_live_on_SLIM,20260601,4_KPCWT_50uL_live_740nm_3080mW_u1_poc0p25_20x0p75NA_457s50_g70_z1_256pix_basicFLIM_120f_0015.sdt,20260601_KPC_live_on_SLIM::fitet-sz-c2-b5::4_KPCWT_50uL_live_740nm_3080mW_u1_poc0p25_20x0p75NA_457s50_g70_z1_256pix_basicFLIM_120f_0015,457,0.25,20x0.75NA,1,15,1.0,2,5,shift=0,,3.2933344316115862,700.214124351968,65431,99.8,2.795578133725302,754.8521326913581,1.2052032889884898
live,KPCWT,20260601_KPC_live_on_SLIM,20260601,4_KPCWT_50uL_live_740nm_3080mW_u1_poc0p25_20x0p75NA_457s50_g70_z1_256pix_basicFLIM_120f_0012.sdt,20260601_KPC_live_on_SLIM::fitet-sz-c2-b5::4_KPCWT_50uL_live_740nm_3080mW_u1_poc0p25_20x0p75NA_457s50_g70_z1_256pix_basicFLIM_120f_0012,457,0.25,20x0.75NA,1,12,1.0,2,5,shift=0,,3.3241401678212465,709.5593900546166,65480,99.9,2.795578133725302,754.8521326913581,1.2187019993185384
live,KPCWT,20260601_KPC_live_on_SLIM,20260601,4_KPCWT_50uL_live_740nm_3080mW_u1_poc0p25_20x0p75NA_457s50_g70_z1_256pix_basicFLIM_120f_0010.sdt,20260601_KPC_live_on_SLIM::fitet-sz-c2-b5::4_KPCWT_50uL_live_740nm_3080mW_u1_poc0p25_20x0p75NA_457s50_g70_z1_256pix_basicFLIM_120f_0010,457,0.25,20x0.75NA,1,10,1.0,2,5,shift=0,,3.3159258461789314,701.7835624487332,65096,99.3,2.795578133725302,754.8521326913581,1.2391777445469243
live,KPCWT,20260530_KPC_live_on_SLIM,20260530,5_KPCWT_BKOCO2_P6_D6_live_740nm_3074mW_u1_poc0p25_20x0p75NA_457s50_g70_z1_256pix_basicFLIM_120f_0005.sdt,20260530_KPC_live_on_SLIM::fitet-sz-c2-b5::5_KPCWT_BKOCO2_P6_D6_live_740nm_3074mW_u1_poc0p25_20x0p75NA_457s50_g70_z1_256pix_basicFLIM_120f_0005,457,0.25,20x0.75NA,1,5,1.0,2,5,shift=0,,2.604202833383611,867.7073932990278,63331,96.6,2.795578133725302,754.8521326913581,1.2814040512108598
live,KPCWT,20260601_KPC_live_on_SLIM,20260601,11_KPCWT_130uL_live_740nm_3076mW_u1_poc0p25_20x0p75NA_457s50_g70_z1_256pix_basicFLIM_120f_0006.sdt,20260601_KPC_live_on_SLIM::fitet-sz-c2-b5::11_KPCWT_130uL_live_740nm_3076mW_u1_poc0p25_20x0p75NA_457s50_g70_z1_256pix_basicFLIM_120f_0006,457,0.25,20x0.75NA,1,6,1.0,2,5,shift=0,,2.211601342047592,798.7781089181731,64957,99.1,2.795578133725302,754.8521326913581,1.3214680930018565
live,KPCWT,20260601_KPC_live_on_SLIM,20260601,4_KPCWT_50uL_live_740nm_3080mW_u1_poc0p25_20x0p75NA_457s50_g70_z1_256pix_basicFLIM_120f_0000.sdt,20260601_KPC_live_on_SLIM::fitet-sz-c2-b5::4_KPCWT_50uL_live_740nm_3080mW_u1_poc0p25_20x0p75NA_457s50_g70_z1_256pix_basicFLIM_120f_0000,457,0.25,20x0.75NA,1,0,1.0,2,5,shift=0,,3.382830548721561,710.80952864618,63556,97.0,2.795578133725302,754.8521326913581,1.32838035789862
live,KPCWT,20260508_KPC_live_on_SLIM,20260508,3_KPCWTlive_740nm_3033mW_u1_poc0p2_20x0p75NA_475s50_g70_z1_256pix_basicFLIM_120f_0002.sdt,20260508_KPC_live_on_SLIM::fitet-sz-c2-b5::3_KPCWTlive_740nm_3033mW_u1_poc0p2_20x0p75NA_475s50_g70_z1_256pix_basicFLIM_120f_0002,457,0.2,20x0.75NA,1,2,1.0,2,5,shift=0,,3.43405072631291,755.6427564527824,62866,95.9,2.795578133725302,754.8521326913581,1.3489755603788862
live,KPCWT,20260601_KPC_live_on_SLIM,20260601,4_KPCWT_50uL_live_740nm_3080mW_u1_poc0p25_20x0p75NA_457s50_g70_z1_256pix_basicFLIM_120f_0001.sdt,20260601_KPC_live_on_SLIM::fitet-sz-c2-b5::4_KPCWT_50uL_live_740nm_3080mW_u1_poc0p25_20x0p75NA_457s50_g70_z1_256pix_basicFLIM_120f_0001,457,0.25,20x0.75NA,1,1,1.0,2,5,shift=0,,3.3761652733505745,701.7671046948827,64561,98.5,2.795578133725302,754.8521326913581,1.353441239930362
live,KPCWT,20260530_KPC_live_on_SLIM,20260530,5_KPCWT_BKOCO2_P6_D6_live_740nm_3074mW_u1_poc0p25_20x0p75NA_457s50_g70_z1_256pix_basicFLIM_120f_0001.sdt,20260530_KPC_live_on_SLIM::fitet-sz-c2-b5::5_KPCWT_BKOCO2_P6_D6_live_740nm_3074mW_u1_poc0p25_20x0p75NA_457s50_g70_z1_256pix_basicFLIM_120f_0001,457,0.25,20x0.75NA,1,1,1.0,2,5,shift=0,,3.412493637813444,676.2972785246006,64925,99.1,2.795578133725302,754.8521326913581,1.5540956858943198
live,KPCWT,20260508_KPC_live_on_SLIM,20260508,3_KPCWTlive_740nm_3033mW_u1_poc0p2_20x0p75NA_475s50_g70_z1_256pix_basicFLIM_120f_0006.sdt,20260508_KPC_live_on_SLIM::fitet-sz-c2-b5::3_KPCWTlive_740nm_3033mW_u1_poc0p2_20x0p75NA_475s50_g70_z1_256pix_basicFLIM_120f_0006,457,0.2,20x0.75NA,1,6,1.0,2,5,shift=0,,3.471193665574326,829.7194331493572,64470,98.4,2.795578133725302,754.8521326913581,1.6395774500212936
live,KPCWT,20260508_KPC_live_on_SLIM,20260508,3_KPCWTlive_740nm_3033mW_u1_poc0p2_20x0p75NA_475s50_g70_z1_256pix_basicFLIM_120f_overloadedposns_0002.sdt,20260508_KPC_live_on_SLIM::fitet-sz-c2-b5::3_KPCWTlive_740nm_3033mW_u1_poc0p2_20x0p75NA_475s50_g70_z1_256pix_basicFLIM_120f_overloadedposns_0002,457,0.2,20x0.75NA,1,2,1.0,2,5,shift=0,,3.577969278100356,740.0120920111693,57681,88.0,2.795578133725302,754.8521326913581,1.6607310493835699
live,KPCWT,20260508_KPC_live_on_SLIM,20260508,3_KPCWTlive_740nm_3033mW_u1_poc0p2_20x0p75NA_475s50_g70_z1_256pix_basicFLIM_120f_0021.sdt,20260508_KPC_live_on_SLIM::fitet-sz-c2-b5::3_KPCWTlive_740nm_3033mW_u1_poc0p2_20x0p75NA_475s50_g70_z1_256pix_basicFLIM_120f_0021,457,0.2,20x0.75NA,1,21,1.0,2,5,shift=0,,3.5358232954021496,702.9469151927539,47630,72.7,2.795578133725302,754.8521326913581,1.6609515115806728
live,KPCWT,20260530_KPC_live_on_SLIM,20260530,5_KPCWT_BKOCO2_P6_D6_live_740nm_3074mW_u1_poc0p25_20x0p75NA_457s50_g70_z1_256pix_basicFLIM_120f_0011.sdt,20260530_KPC_live_on_SLIM::fitet-sz-c2-b5::5_KPCWT_BKOCO2_P6_D6_live_740nm_3074mW_u1_poc0p25_20x0p75NA_457s50_g70_z1_256pix_basicFLIM_120f_0011,457,0.25,20x0.75NA,1,11,1.0,2,5,shift=0,,3.5680359181362578,706.544815317565,65426,99.8,2.795578133725302,754.8521326913581,1.7130142680701408
live,KPCWT,20260508_KPC_live_on_SLIM,20260508,3_KPCWTlive_740nm_3033mW_u1_poc0p2_20x0p75NA_475s50_g70_z1_256pix_basicFLIM_120f_0010.sdt,20260508_KPC_live_on_SLIM::fitet-sz-c2-b5::3_KPCWTlive_740nm_3033mW_u1_poc0p2_20x0p75NA_475s50_g70_z1_256pix_basicFLIM_120f_0010,457,0.2,20x0.75NA,1,10,1.0,2,5,shift=0,,3.5958005214255326,726.0368198938734,60060,91.6,2.795578133725302,754.8521326913581,1.718959017065966
live,KPCWT,20260508_KPC_live_on_SLIM,20260508,3_KPCWTlive_740nm_3033mW_u1_poc0p2_20x0p75NA_475s50_g70_z1_256pix_basicFLIM_120f_overloadedposns_0005.sdt,20260508_KPC_live_on_SLIM::fitet-sz-c2-b5::3_KPCWTlive_740nm_3033mW_u1_poc0p2_20x0p75NA_475s50_g70_z1_256pix_basicFLIM_120f_overloadedposns_0005,457,0.2,20x0.75NA,1,5,1.0,2,5,shift=0,,3.584515325834293,714.8989709443372,47424,72.4,2.795578133725302,754.8521326913581,1.721534329644876
live,KPCWT,20260508_KPC_live_on_SLIM,20260508,3_KPCWTlive_740nm_3033mW_u1_poc0p2_20x0p75NA_475s50_g70_z1_256pix_basicFLIM_120f_0000.sdt,20260508_KPC_live_on_SLIM::fitet-sz-c2-b5::3_KPCWTlive_740nm_3033mW_u1_poc0p2_20x0p75NA_475s50_g70_z1_256pix_basicFLIM_120f_0000,457,0.2,20x0.75NA,1,0,1.0,2,5,shift=0,,3.6035586694371697,783.770490188572,64450,98.3,2.795578133725302,754.8521326913581,1.7352821988976417
live,KPCWT,20260601_KPC_live_on_SLIM,20260601,10_KPCWT_145uL_live_740nm_3076mW_u1_poc0p25_20x0p75NA_457s50_g70_z1_256pix_basicFLIM_120f_0002.sdt,20260601_KPC_live_on_SLIM::fitet-sz-c2-b5::10_KPCWT_145uL_live_740nm_3076mW_u1_poc0p25_20x0p75NA_457s50_g70_z1_256pix_basicFLIM_120f_0002,457,0.25,20x0.75NA,1,2,1.0,2,5,shift=0,,1.9957781236949013,799.8955005231801,64665,98.7,2.795578133725302,754.8521326913581,1.758107632183562
live,KPCWT,20260508_KPC_live_on_SLIM,20260508,3_KPCWTlive_740nm_3033mW_u1_poc0p2_20x0p75NA_475s50_g70_z1_256pix_basicFLIM_120f_0008.sdt,20260508_KPC_live_on_SLIM::fitet-sz-c2-b5::3_KPCWTlive_740nm_3033mW_u1_poc0p2_20x0p75NA_475s50_g70_z1_256pix_basicFLIM_120f_0008,457,0.2,20x0.75NA,1,8,1.0,2,5,shift=0,,3.570434580929464,693.7387881309235,41363,63.1,2.795578133725302,754.8521326913581,1.764553915099781
live,KPCWT,20260508_KPC_live_on_SLIM,20260508,3_KPCWTlive_740nm_3033mW_u1_poc0p2_20x0p75NA_475s50_g70_z1_256pix_basicFLIM_120f_0007.sdt,20260508_KPC_live_on_SLIM::fitet-sz-c2-b5::3_KPCWTlive_740nm_3033mW_u1_poc0p2_20x0p75NA_475s50_g70_z1_256pix_basicFLIM_120f_0007,457,0.2,20x0.75NA,1,7,1.0,2,5,shift=0,,3.588250172841172,828.8104659347596,65121,99.4,2.795578133725302,754.8521326913581,1.8546477119402558
live,KPCWT,20260508_KPC_live_on_SLIM,20260508,3_KPCWTlive_740nm_3033mW_u1_poc0p2_20x0p75NA_475s50_g70_z1_256pix_basicFLIM_120f_overloadedposns_0001.sdt,20260508_KPC_live_on_SLIM::fitet-sz-c2-b5::3_KPCWTlive_740nm_3033mW_u1_poc0p2_20x0p75NA_475s50_g70_z1_256pix_basicFLIM_120f_overloadedposns_0001,457,0.2,20x0.75NA,1,1,1.0,2,5,shift=0,,3.6568397261538976,715.6712910023754,34820,53.1,2.795578133725302,754.8521326913581,1.8679776495776519
live,KPCWT,20260508_KPC_live_on_SLIM,20260508,3_KPCWTlive_740nm_3033mW_u1_poc0p2_20x0p75NA_475s50_g70_z1_256pix_basicFLIM_120f_0001.sdt,20260508_KPC_live_on_SLIM::fitet-sz-c2-b5::3_KPCWTlive_740nm_3033mW_u1_poc0p2_20x0p75NA_475s50_g70_z1_256pix_basicFLIM_120f_0001,457,0.2,20x0.75NA,1,1,1.0,2,5,shift=0,,3.683346216971099,738.5257773085577,63312,96.6,2.795578133725302,754.8521326913581,1.8838843171975852
live,KPCWT,20260508_KPC_live_on_SLIM,20260508,3_KPCWTlive_740nm_3033mW_u1_poc0p2_20x0p75NA_475s50_g70_z1_256pix_basicFLIM_120f_0004.sdt,20260508_KPC_live_on_SLIM::fitet-sz-c2-b5::3_KPCWTlive_740nm_3033mW_u1_poc0p2_20x0p75NA_475s50_g70_z1_256pix_basicFLIM_120f_0004,457,0.2,20x0.75NA,1,4,1.0,2,5,shift=0,,3.6909471212065608,727.1367935338246,62521,95.4,2.795578133725302,754.8521326913581,1.9151365494624646
live,KPCWT,20260530_KPC_live_on_SLIM,20260530,5_KPCWT_BKOCO2_P6_D6_live_740nm_3074mW_u1_poc0p25_20x0p75NA_457s50_g70_z1_256pix_basicFLIM_120f_0007.sdt,20260530_KPC_live_on_SLIM::fitet-sz-c2-b5::5_KPCWT_BKOCO2_P6_D6_live_740nm_3074mW_u1_poc0p25_20x0p75NA_457s50_g70_z1_256pix_basicFLIM_120f_0007,457,0.25,20x0.75NA,1,7,1.0,2,5,shift=0,,2.3193970691099386,913.964804055822,65255,99.6,2.795578133725302,754.8521326913581,1.9877379531456394
live,KPCWT,20260508_KPC_live_on_SLIM,20260508,3_KPCWTlive_740nm_3033mW_u1_poc0p2_20x0p75NA_475s50_g70_z1_256pix_basicFLIM_120f_overloadedposns_0006.sdt,20260508_KPC_live_on_SLIM::fitet-sz-c2-b5::3_KPCWTlive_740nm_3033mW_u1_poc0p2_20x0p75NA_475s50_g70_z1_256pix_basicFLIM_120f_overloadedposns_0006,457,0.2,20x0.75NA,1,6,1.0,2,5,shift=0,,3.7557702341317096,719.6071069777114,46341,70.7,2.795578133725302,754.8521326913581,2.0639049353471215
live,KPCWT,20260508_KPC_live_on_SLIM,20260508,3_KPCWTlive_740nm_3033mW_u1_poc0p2_20x0p75NA_475s50_g70_z1_256pix_basicFLIM_120f_0019.sdt,20260508_KPC_live_on_SLIM::fitet-sz-c2-b5::3_KPCWTlive_740nm_3033mW_u1_poc0p2_20x0p75NA_475s50_g70_z1_256pix_basicFLIM_120f_0019,457,0.2,20x0.75NA,1,19,1.0,2,5,shift=0,,3.706936306423611,685.5291857526884,37189,56.7,2.795578133725302,754.8521326913581,2.0652847854891707
live,KPCWT,20260530_KPC_live_on_SLIM,20260530,5_KPCWT_BKOCO2_P6_D6_live_740nm_3074mW_u1_poc0p25_20x0p75NA_457s50_g70_z1_256pix_basicFLIM_120f_0008.sdt,20260530_KPC_live_on_SLIM::fitet-sz-c2-b5::5_KPCWT_BKOCO2_P6_D6_live_740nm_3074mW_u1_poc0p25_20x0p75NA_457s50_g70_z1_256pix_basicFLIM_120f_0008,457,0.25,20x0.75NA,1,8,1.0,2,5,shift=0,,2.2290491871560905,911.5051207850048,64768,98.8,2.795578133725302,754.8521326913581,2.069169155937951
live,KPCWT,20260530_KPC_live_on_SLIM,20260530,5_KPCWT_BKOCO2_P6_D6_live_740nm_3074mW_u1_poc0p25_20x0p75NA_457s50_g70_z1_256pix_basicFLIM_120f_0014.sdt,20260530_KPC_live_on_SLIM::fitet-sz-c2-b5::5_KPCWT_BKOCO2_P6_D6_live_740nm_3074mW_u1_poc0p25_20x0p75NA_457s50_g70_z1_256pix_basicFLIM_120f_0014,457,0.25,20x0.75NA,1,14,1.0,2,5,shift=0,,2.3526152301073004,930.5579715095276,65398,99.8,2.795578133725302,754.8521326913581,2.111812587403129
live,KPCWT,20260508_KPC_live_on_SLIM,20260508,3_KPCWTlive_740nm_3033mW_u1_poc0p2_20x0p75NA_475s50_g70_z1_256pix_basicFLIM_120f_0003.sdt,20260508_KPC_live_on_SLIM::fitet-sz-c2-b5::3_KPCWTlive_740nm_3033mW_u1_poc0p2_20x0p75NA_475s50_g70_z1_256pix_basicFLIM_120f_0003,457,0.2,20x0.75NA,1,3,1.0,2,5,shift=0,,3.810053986742569,768.1584588371353,64046,97.7,2.795578133725302,754.8521326913581,2.1481482658187794
live,KPCWT,20260508_KPC_live_on_SLIM,20260508,3_KPCWTlive_740nm_3033mW_u1_poc0p2_20x0p75NA_475s50_g70_z1_256pix_basicFLIM_120f_overloadedposns_0004.sdt,20260508_KPC_live_on_SLIM::fitet-sz-c2-b5::3_KPCWTlive_740nm_3033mW_u1_poc0p2_20x0p75NA_475s50_g70_z1_256pix_basicFLIM_120f_overloadedposns_0004,457,0.2,20x0.75NA,1,4,1.0,2,5,shift=0,,3.821038119083519,768.2953724913583,42393,64.7,2.795578133725302,754.8521326913581,2.1714019722619606
live,KPCWT,20260508_KPC_live_on_SLIM,20260508,3_KPCWTlive_740nm_3033mW_u1_poc0p2_20x0p75NA_475s50_g70_z1_256pix_basicFLIM_120f_overloadedposns_0000.sdt,20260508_KPC_live_on_SLIM::fitet-sz-c2-b5::3_KPCWTlive_740nm_3033mW_u1_poc0p2_20x0p75NA_475s50_g70_z1_256pix_basicFLIM_120f_overloadedposns_0000,457,0.2,20x0.75NA,1,0,1.0,2,5,shift=0,,3.823026208874325,727.0742726418237,35640,54.4,2.795578133725302,754.8521326913581,2.191300777257655
live,KPCWT,20260530_KPC_live_on_SLIM,20260530,5_KPCWT_BKOCO2_P6_D6_live_740nm_3074mW_u1_poc0p25_20x0p75NA_457s50_g70_z1_256pix_basicFLIM_120f_0006.sdt,20260530_KPC_live_on_SLIM::fitet-sz-c2-b5::5_KPCWT_BKOCO2_P6_D6_live_740nm_3074mW_u1_poc0p25_20x0p75NA_457s50_g70_z1_256pix_basicFLIM_120f_0006,457,0.25,20x0.75NA,1,6,1.0,2,5,shift=0,,2.239480933627757,929.4811133557492,65174,99.4,2.795578133725302,754.8521326913581,2.2182185757046886
live,KPCWT,20260530_KPC_live_on_SLIM,20260530,5_KPCWT_BKOCO2_P6_D6_live_740nm_3074mW_u1_poc0p25_20x0p75NA_457s50_g70_z1_256pix_basicFLIM_120f_0010.sdt,20260530_KPC_live_on_SLIM::fitet-sz-c2-b5::5_KPCWT_BKOCO2_P6_D6_live_740nm_3074mW_u1_poc0p25_20x0p75NA_457s50_g70_z1_256pix_basicFLIM_120f_0010,457,0.25,20x0.75NA,1,10,1.0,2,5,shift=0,,2.2945430481232503,939.1357596980928,65433,99.8,2.795578133725302,754.8521326913581,2.2500940889213314
live,KPCWT,20260530_KPC_live_on_SLIM,20260530,5_KPCWT_BKOCO2_P6_D6_live_740nm_3074mW_u1_poc0p25_20x0p75NA_457s50_g70_z1_256pix_basicFLIM_120f_0013.sdt,20260530_KPC_live_on_SLIM::fitet-sz-c2-b5::5_KPCWT_BKOCO2_P6_D6_live_740nm_3074mW_u1_poc0p25_20x0p75NA_457s50_g70_z1_256pix_basicFLIM_120f_0013,457,0.25,20x0.75NA,1,13,1.0,2,5,shift=0,,2.298824145842521,941.9323596824426,65392,99.8,2.795578133725302,754.8521326913581,2.272535540181101
live,KPCWT,20260508_KPC_live_on_SLIM,20260508,3_KPCWTlive_740nm_3033mW_u1_poc0p1_20x0p75NA_475s50_g70_z1_256pix_basicFLIM_120f_overloadedposns_0000.sdt,20260508_KPC_live_on_SLIM::fitet-sz-c2-b5::3_KPCWTlive_740nm_3033mW_u1_poc0p1_20x0p75NA_475s50_g70_z1_256pix_basicFLIM_120f_overloadedposns_0000,457,0.1,20x0.75NA,1,0,1.0,2,5,shift=0,,3.8778338741366447,757.6000050093326,46938,71.6,2.795578133725302,754.8521326913581,2.286754083318077
live,KPCWT,20260530_KPC_live_on_SLIM,20260530,5_KPCWT_BKOCO2_P6_D6_live_740nm_3074mW_u1_poc0p25_20x0p75NA_457s50_g70_z1_256pix_basicFLIM_120f_0002.sdt,20260530_KPC_live_on_SLIM::fitet-sz-c2-b5::5_KPCWT_BKOCO2_P6_D6_live_740nm_3074mW_u1_poc0p25_20x0p75NA_457s50_g70_z1_256pix_basicFLIM_120f_0002,457,0.25,20x0.75NA,1,2,1.0,2,5,shift=0,,2.101583365127814,926.8231392326384,64867,99.0,2.795578133725302,754.8521326913581,2.362846184688714
live,KPCWT,20260508_KPC_live_on_SLIM,20260508,3_KPCWTlive_740nm_3033mW_u1_poc0p2_20x0p75NA_475s50_g70_z1_256pix_basicFLIM_120f_0009.sdt,20260508_KPC_live_on_SLIM::fitet-sz-c2-b5::3_KPCWTlive_740nm_3033mW_u1_poc0p2_20x0p75NA_475s50_g70_z1_256pix_basicFLIM_120f_0009,457,0.2,20x0.75NA,1,9,1.0,2,5,shift=0,,3.89476020219455,705.5964886968023,44955,68.6,2.795578133725302,754.8521326913581,2.382189666225721
live,KPCWT,20260508_KPC_live_on_SLIM,20260508,3_KPCWTlive_740nm_3033mW_u1_poc0p2_20x0p75NA_475s50_g70_z1_256pix_basicFLIM_120f_overloadedposns_0003.sdt,20260508_KPC_live_on_SLIM::fitet-sz-c2-b5::3_KPCWTlive_740nm_3033mW_u1_poc0p2_20x0p75NA_475s50_g70_z1_256pix_basicFLIM_120f_overloadedposns_0003,457,0.2,20x0.75NA,1,3,1.0,2,5,shift=0,,3.97801878716801,748.5701369686406,58985,90.0,2.795578133725302,754.8521326913581,2.4991472704532276
live,KPCWT,20260508_KPC_live_on_SLIM,20260508,3_KPCWTlive_740nm_3033mW_u1_poc0p2_20x0p75NA_475s50_g70_z1_256pix_basicFLIM_120f_0011.sdt,20260508_KPC_live_on_SLIM::fitet-sz-c2-b5::3_KPCWTlive_740nm_3033mW_u1_poc0p2_20x0p75NA_475s50_g70_z1_256pix_basicFLIM_120f_0011,457,0.2,20x0.75NA,1,11,1.0,2,5,shift=0,,4.007479745890811,731.1666812731347,61936,94.5,2.795578133725302,754.8521326913581,2.5731607630464466
live,KPCWT,20260508_KPC_live_on_SLIM,20260508,3_KPCWTlive_740nm_3033mW_u1_poc0p2_20x0p75NA_475s50_g70_z1_256pix_basicFLIM_120f_overloadedtwicePos10_0007.sdt,20260508_KPC_live_on_SLIM::fitet-sz-c2-b5::3_KPCWTlive_740nm_3033mW_u1_poc0p2_20x0p75NA_475s50_g70_z1_256pix_basicFLIM_120f_overloadedtwicePos10_0007,457,0.2,20x0.75NA,1,7,1.0,2,5,shift=0,,4.037256693977268,719.3315963998166,48920,74.6,2.795578133725302,754.8521326913581,2.651155581078794
live,KPCWT,20260508_KPC_live_on_SLIM,20260508,3_KPCWTlive_740nm_3033mW_u1_poc0p2_20x0p75NA_475s50_g70_z1_256pix_basicFLIM_120f_0005.sdt,20260508_KPC_live_on_SLIM::fitet-sz-c2-b5::3_KPCWTlive_740nm_3033mW_u1_poc0p2_20x0p75NA_475s50_g70_z1_256pix_basicFLIM_120f_0005,457,0.2,20x0.75NA,1,5,1.0,2,5,shift=0,,4.050544932937019,724.8053126949222,64043,97.7,2.795578133725302,754.8521326913581,2.6711522862568655
live,KPCWT,20260508_KPC_live_on_SLIM,20260508,3_KPCWTlive_740nm_3033mW_u1_poc0p2_20x0p75NA_475s50_g70_z1_256pix_basicFLIM_120f_0022.sdt,20260508_KPC_live_on_SLIM::fitet-sz-c2-b5::3_KPCWTlive_740nm_3033mW_u1_poc0p2_20x0p75NA_475s50_g70_z1_256pix_basicFLIM_120f_0022,457,0.2,20x0.75NA,1,22,1.0,2,5,shift=0,,4.055777702774446,720.2031501667846,53264,81.3,2.795578133725302,754.8521326913581,2.688562387778413
live,KPCWT,20260508_KPC_live_on_SLIM,20260508,3_KPCWTlive_740nm_3033mW_u1_poc0p2_20x0p75NA_475s50_g70_z1_256pix_basicFLIM_120f_0020.sdt,20260508_KPC_live_on_SLIM::fitet-sz-c2-b5::3_KPCWTlive_740nm_3033mW_u1_poc0p2_20x0p75NA_475s50_g70_z1_256pix_basicFLIM_120f_0020,457,0.2,20x0.75NA,1,20,1.0,2,5,shift=0,,4.055055217629443,711.6621289877395,37240,56.8,2.795578133725302,754.8521326913581,2.701373478490468
live,KPCWT,20260530_KPC_live_on_SLIM,20260530,5_KPCWT_BKOCO2_P6_D6_live_740nm_3074mW_u1_poc0p25_20x0p75NA_457s50_g70_z1_256pix_basicFLIM_120f_0009.sdt,20260530_KPC_live_on_SLIM::fitet-sz-c2-b5::5_KPCWT_BKOCO2_P6_D6_live_740nm_3074mW_u1_poc0p25_20x0p75NA_457s50_g70_z1_256pix_basicFLIM_120f_0009,457,0.25,20x0.75NA,1,9,1.0,2,5,shift=0,,1.9679657553753271,950.6012303449528,64946,99.1,2.795578133725302,754.8521326913581,2.7396383182969783
live,KPCWT,20260530_KPC_live_on_SLIM,20260530,5_KPCWT_BKOCO2_P6_D6_live_740nm_3074mW_u1_poc0p25_20x0p75NA_457s50_g70_z1_256pix_basicFLIM_120f_0003.sdt,20260530_KPC_live_on_SLIM::fitet-sz-c2-b5::5_KPCWT_BKOCO2_P6_D6_live_740nm_3074mW_u1_poc0p25_20x0p75NA_457s50_g70_z1_256pix_basicFLIM_120f_0003,457,0.25,20x0.75NA,1,3,1.0,2,5,shift=0,,1.9277362462431544,944.4746959564789,64690,98.7,2.795578133725302,754.8521326913581,2.745178319207494
live,KPCWT,20260530_KPC_live_on_SLIM,20260530,5_KPCWT_BKOCO2_P6_D6_live_740nm_3074mW_u1_poc0p25_20x0p75NA_457s50_g70_z1_256pix_basicFLIM_120f_0012.sdt,20260530_KPC_live_on_SLIM::fitet-sz-c2-b5::5_KPCWT_BKOCO2_P6_D6_live_740nm_3074mW_u1_poc0p25_20x0p75NA_457s50_g70_z1_256pix_basicFLIM_120f_0012,457,0.25,20x0.75NA,1,12,1.0,2,5,shift=0,,2.0037982928133173,959.4227769370788,65208,99.5,2.795578133725302,754.8521326913581,2.767046857182639
live,KPCWT,20260601_KPC_live_on_SLIM,20260601,11_KPCWT_130uL_live_740nm_3076mW_u1_poc0p25_20x0p75NA_457s50_g70_z1_256pix_basicFLIM_120f_0000.sdt,20260601_KPC_live_on_SLIM::fitet-sz-c2-b5::11_KPCWT_130uL_live_740nm_3076mW_u1_poc0p25_20x0p75NA_457s50_g70_z1_256pix_basicFLIM_120f_0000,457,0.25,20x0.75NA,1,0,1.0,2,5,shift=0,,1.587332860936843,855.9049816668594,64915,99.1,2.795578133725302,754.8521326913581,2.7752419983858716
live,KPCWT,20260508_KPC_live_on_SLIM,20260508,3_KPCWTlive_740nm_3033mW_u1_poc0p2_20x0p75NA_475s50_g70_z1_256pix_basicFLIM_120f_0018.sdt,20260508_KPC_live_on_SLIM::fitet-sz-c2-b5::3_KPCWTlive_740nm_3033mW_u1_poc0p2_20x0p75NA_475s50_g70_z1_256pix_basicFLIM_120f_0018,457,0.2,20x0.75NA,1,18,1.0,2,5,shift=0,,4.098152534343913,698.3789115404763,52003,79.4,2.795578133725302,754.8521326913581,2.8185072267682054
live,KPCWT,20260508_KPC_live_on_SLIM,20260508,3_KPCWTlive_740nm_3033mW_u1_poc0p2_20x0p75NA_475s50_g70_z1_256pix_basicFLIM_120f_0017.sdt,20260508_KPC_live_on_SLIM::fitet-sz-c2-b5::3_KPCWTlive_740nm_3033mW_u1_poc0p2_20x0p75NA_475s50_g70_z1_256pix_basicFLIM_120f_0017,457,0.2,20x0.75NA,1,17,1.0,2,5,shift=0,,4.155089683217982,753.6181792560268,10119,15.4,2.795578133725302,754.8521326913581,2.8723722128828544
live,KPCWT,20260530_KPC_live_on_SLIM,20260530,5_KPCWT_BKOCO2_P6_D6_live_740nm_3074mW_u1_poc0p25_20x0p75NA_457s50_g70_z1_256pix_basicFLIM_120f_0004.sdt,20260530_KPC_live_on_SLIM::fitet-sz-c2-b5::5_KPCWT_BKOCO2_P6_D6_live_740nm_3074mW_u1_poc0p25_20x0p75NA_457s50_g70_z1_256pix_basicFLIM_120f_0004,457,0.25,20x0.75NA,1,4,1.0,2,5,shift=0,,1.7283245100445257,941.938602661082,65029,99.2,2.795578133725302,754.8521326913581,3.02449988676538
