filename,session_root,fixation_type,cell_type,em_filter_nm,position_annotation,acquisition_time,n_px_total,n_px_masked,otsu_thresh,G_cal_mean,S_cal_mean,G_cal_wmean,S_cal_wmean,G_cal_std,S_cal_std,M_wmean,tau_phi_ns,tau_mod_ns
3_KPCWTformP4num4_740nm_3037mW_u1_poc0p2_20x0p75NA_475s50_g70_z1_256pix_basicFLIM_30f_0000.sdt,20260429_KPC_fixed_dishes_on_SLIM,form,KPCWT,457,no_cells,2026-04-30 09:37:05.517570,65536,32768,16.8122687617642,0.43691952612409735,0.30704118895063354,0.45830741047745027,0.3119138262030083,0.16745880820463527,0.1247651922777047,0.5543788573486065,1.3539664132639428,2.9866533585665302
3_KPCWTformP4num4_740nm_3037mW_u1_poc0p2_20x0p75NA_475s50_g70_z1_256pix_basicFLIM_30f_0001.sdt,20260429_KPC_fixed_dishes_on_SLIM,form,KPCWT,457,no_cells,2026-04-30 09:37:57.548928,65536,32767,13.994576407416371,0.44212895485837367,0.3275432739557286,0.4251169681401826,0.31980810591256,0.18867250903877208,0.13757142892508178,0.5319790044805154,1.4966187164768825,3.166611079506286
3_KPCWTformP4num4_740nm_3037mW_u1_poc0p2_20x0p75NA_475s50_g70_z1_256pix_basicFLIM_30f_0002.sdt,20260429_KPC_fixed_dishes_on_SLIM,form,KPCWT,457,no_cells,2026-04-30 09:38:49.448943,65536,32768,12.938022205471551,0.4889518329014294,0.3330084760519232,0.47121122902453766,0.3207155087571953,0.17610465773243453,0.12599967292629613,0.569998649047699,1.3540492936311601,2.8677472215334348
3_KPCWTformP4num4_740nm_3037mW_u1_poc0p2_20x0p75NA_475s50_g70_z1_256pix_basicFLIM_30f_0003.sdt,20260429_KPC_fixed_dishes_on_SLIM,form,KPCWT,457,no_cells,2026-04-30 09:39:42.024918,65536,7531,42.429876025206404,0.3354484639730444,0.3003132204320801,0.33906420638151413,0.30010344981687687,0.13597610701203952,0.09859962799427033,0.45279864911582585,1.7608371282762212,3.917430643940091
3_KPCWTformP4num4_740nm_3037mW_u1_poc0p2_20x0p75NA_475s50_g70_z1_256pix_basicFLIM_30f_0004.sdt,20260429_KPC_fixed_dishes_on_SLIM,form,KPCWT,457,no_cells,2026-04-30 09:40:33.914137,65536,28986,1.7700826197732118,0.09152069742632961,0.12395185759437492,0.09810354069903922,0.13234186579890855,0.564990245487455,0.5168060017630004,0.16473819879076124,2.6837540686371506,11.911358640606556
3_KPCWTformP4num4_740nm_3037mW_u1_poc0p2_20x0p75NA_475s50_g70_z1_256pix_basicFLIM_30f_0005.sdt,20260429_KPC_fixed_dishes_on_SLIM,form,KPCWT,457,no_cells,2026-04-30 09:41:28.212823,65536,30009,3.641908186831878,0.03674426197437171,0.08829367451091286,0.03678964777845187,0.08694389059736185,0.4238743888733094,0.3995946364878659,0.094407194089585,4.701577344373189,20.978817558784367
3_KPCWTformP4num4_740nm_3037mW_u1_poc0p2_20x0p75NA_475s50_g70_z1_256pix_basicFLIM_30f_0006.sdt,20260429_KPC_fixed_dishes_on_SLIM,form,KPCWT,457,no_cells,2026-04-30 09:42:21.019055,65536,21078,4.764928149591039,0.20654459428719402,0.16407543527509955,0.20667930078735613,0.1634537356892084,0.36720055900051984,0.3144001347657425,0.263502290473362,1.5733596629337163,7.283153563759037
3_KPCWTformP4num4_740nm_3037mW_u1_poc0p2_20x0p75NA_475s50_g70_z1_256pix_basicFLIM_30f_0007.sdt,20260429_KPC_fixed_dishes_on_SLIM,form,KPCWT,457,no_cells,2026-04-30 09:43:12.543862,65536,36304,4.178551192180197,0.2480940455231443,0.1899483289156612,0.24895531927849401,0.18920957869317243,0.39599827948641475,0.33520745860996154,0.3126963633723691,1.512000216375509,6.043155592737947
3_KPCWTformP4num4_740nm_3037mW_u1_poc0p2_20x0p75NA_475s50_g70_z1_256pix_basicFLIM_30f_0008.sdt,20260429_KPC_fixed_dishes_on_SLIM,form,KPCWT,457,single_cell,2026-04-30 09:44:05.375892,65536,32661,5.102877640441109,0.24004605131242318,0.19363569670107905,0.28005675180537776,0.2090037781188843,0.352274072998383,0.29641807689764854,0.3494486564572066,1.4846983780102976,5.334156351153678
3_KPCWTformP4num4_740nm_3037mW_u1_poc0p2_20x0p75NA_475s50_g70_z1_256pix_basicFLIM_30f_0009.sdt,20260429_KPC_fixed_dishes_on_SLIM,form,KPCWT,457,single_cell,2026-04-30 09:44:57.772617,65536,32678,5.079151078995707,0.2730397178583921,0.20790087490396972,0.3623402892149781,0.23817638426986276,0.34315563714242087,0.2800364942391842,0.4336109722000347,1.307712322249274,4.134309214196786
3_KPCWTformP4num4_pos5_740nm_3037mW_u1_poc0p2_20x0p75NA_475s50_g70_z1_256pix_basicFLIM_30f_0010.sdt,20260429_KPC_fixed_dishes_on_SLIM,form,KPCWT,457,single cell,2026-04-30 09:46:56.571939,65536,32603,4.73313831523873,0.25615702969266385,0.20996032672631562,0.2837271992011013,0.21907418803902076,0.3667172611976861,0.3055214916394568,0.3584614671501773,1.5361031665464568,5.181108677643091
3_KPCWTformP4num4_pos6_740nm_3037mW_u1_poc0p2_20x0p75NA_475s50_g70_z1_256pix_basicFLIM_30f_0011.sdt,20260429_KPC_fixed_dishes_on_SLIM,form,KPCWT,457,single cell,2026-04-30 09:47:48.915269,65536,32412,3.8643560958128074,0.23491845809993364,0.19312015308493763,0.3190750194980143,0.22135269499174068,0.40578061064573256,0.340809287700473,0.3883373322869755,1.380136857394574,4.720896618243977
3_KPCWTformP4num4_pos7_740nm_3037mW_u1_poc0p2_20x0p75NA_475s50_g70_z1_256pix_basicFLIM_30f_0012.sdt,20260429_KPC_fixed_dishes_on_SLIM,form,KPCWT,457,single cell,2026-04-30 09:48:40.542150,65536,32624,4.705070420050506,0.2552710165440526,0.188216760918731,0.31917335229359234,0.20714867971133757,0.3666751651910699,0.3047611887724504,0.38050256808657673,1.2911767263034546,4.835160747600834
3_KPCWTformP4num4_740nm_3037mW_u1_poc0p2_20x0p75NA_535s50_g70_z1_256pix_basicFLIM_90f_0000.sdt,20260429_KPC_fixed_dishes_on_SLIM,form,KPCWT,535,no_cells,2026-04-30 09:58:15.007702,65536,32768,11.597698857438928,0.27731610198569145,0.2550072134544954,0.3123381536265705,0.2753493604546174,0.21338522945716307,0.17172289066021784,0.41638010580912965,1.7538367985431567,4.344053109969282
3_KPCWTformP4num4_740nm_3037mW_u1_poc0p2_20x0p75NA_535s50_g70_z1_256pix_basicFLIM_90f_0001.sdt,20260429_KPC_fixed_dishes_on_SLIM,form,KPCWT,535,no_cells,2026-04-30 09:59:06.976839,65536,32765,11.724414332370316,0.3152661318715095,0.2929123507362627,0.32038598747909675,0.3011172061043744,0.21854250610194428,0.1705406384405614,0.4396802847354658,1.8697872907386048,4.0639104816835205
3_KPCWTformP4num4_740nm_3037mW_u1_poc0p2_20x0p75NA_535s50_g70_z1_256pix_basicFLIM_90f_0002.sdt,20260429_KPC_fixed_dishes_on_SLIM,form,KPCWT,535,no_cells,2026-04-30 09:59:58.916189,65536,32767,10.749826174151652,0.39106690535828825,0.31142534384479353,0.40408860327480783,0.3148863179652528,0.20189541858067703,0.15275366798251247,0.5122899496752784,1.5502699658574062,3.3351294434689644
3_KPCWTformP4num4_740nm_3037mW_u1_poc0p2_20x0p75NA_535s50_g70_z1_256pix_basicFLIM_90f_0003.sdt,20260429_KPC_fixed_dishes_on_SLIM,form,KPCWT,535,no_cells,2026-04-30 10:00:51.589983,65536,5748,60.182834673571,0.24916587053045042,0.28831733833447176,0.25282423365854273,0.290676971571138,0.11660620427403595,0.08744654729034083,0.38524433146614573,2.2872944277866383,4.76549863288965
3_KPCWTformP4num4_740nm_3037mW_u1_poc0p2_20x0p75NA_535s50_g70_z1_256pix_basicFLIM_90f_0004.sdt,20260429_KPC_fixed_dishes_on_SLIM,form,KPCWT,535,no_cells,2026-04-30 10:01:43.557943,65536,3709,76.6495999064597,0.3092271445557323,0.30425978223132943,0.3249400352476955,0.307484479277121,0.12215450910868074,0.07981886513322767,0.4473619692185466,1.8825656079777542,3.9772239490478785
3_KPCWTformP4num4_740nm_3037mW_u1_poc0p2_20x0p75NA_535s50_g70_z1_256pix_basicFLIM_90f_0005.sdt,20260429_KPC_fixed_dishes_on_SLIM,form,KPCWT,535,single_cell,2026-04-30 10:02:35.588501,65536,32137,3.410647876428393,0.20796318113625586,0.1839947434263002,0.25191972891062536,0.20188306177218482,0.4375979158892777,0.37804904162528535,0.3228317215592587,1.5942919271602982,5.832497291335571
3_KPCWTformP4num4_740nm_3037mW_u1_poc0p2_20x0p75NA_535s50_g70_z1_256pix_basicFLIM_90f_0006.sdt,20260429_KPC_fixed_dishes_on_SLIM,form,KPCWT,535,single_cell,2026-04-30 10:03:27.884642,65536,31933,2.9913793591740463,0.2088879676668065,0.18064386063270052,0.33718053607692183,0.2272343579940659,0.4572993254991609,0.39241207939622086,0.40660320628604946,1.3407309825713967,4.470105209261608
3_KPCWTformP4num4_740nm_3037mW_u1_poc0p2_20x0p75NA_535s50_g70_z1_256pix_basicFLIM_90f_0007.sdt,20260429_KPC_fixed_dishes_on_SLIM,form,KPCWT,535,single_cell,2026-04-30 10:04:19.461562,65536,32231,3.4589245081942472,0.26120115405398625,0.18263829371174448,0.3681668025459962,0.21671406545335578,0.42562931796111464,0.3578322185295843,0.42721397526563193,1.1710423955909577,4.210420242054552
3_KPCWTformP4num4_740nm_3037mW_u1_poc0p2_20x0p75NA_535s50_g70_z1_256pix_basicFLIM_90f_0008.sdt,20260429_KPC_fixed_dishes_on_SLIM,form,KPCWT,535,single_cell,2026-04-30 10:05:12.073715,65536,32398,3.883705843813845,0.22936593798309338,0.19511372480359654,0.29210076400333723,0.2164640158759452,0.40669275761510326,0.3501011704792137,0.36356502375843963,1.4742908258785647,5.0975676100302705
3_KPCWTformP4num4_740nm_3037mW_u1_poc0p2_20x0p75NA_535s50_g70_z1_256pix_basicFLIM_90f_0009.sdt,20260429_KPC_fixed_dishes_on_SLIM,form,KPCWT,535,single_cell,2026-04-30 10:06:04.545276,65536,32362,3.7038999137000297,0.26882937543959995,0.20732304793650788,0.3904993422721382,0.2479041807165753,0.4015568531018885,0.3356515760649107,0.46254320785384895,1.2629719023538473,3.813326286007486
4_KPCWT0416formP4num3_740nm_3037mW_u1_poc0p2_20x0p75NA_457s50_g70_z1_256pix_basicFLIM_90f_0000.sdt,20260429_KPC_fixed_dishes_on_SLIM,form,KPCWT,457,colony_island,2026-04-30 10:46:38.056021,65536,23989,11.359230697906646,0.42216503742773537,0.2925682903781199,0.4265950948246466,0.29521415996516015,0.1954710963321426,0.14612840744296265,0.5187820112266658,1.3767385454962278,3.2784146766197484
4_KPCWT0416formP4num3_740nm_3037mW_u1_poc0p2_20x0p75NA_457s50_g70_z1_256pix_basicFLIM_90f_0001.sdt,20260429_KPC_fixed_dishes_on_SLIM,form,KPCWT,457,colony_island,2026-04-30 10:47:30.106728,65536,14271,26.365707279324177,0.44900055063836203,0.30140808382232065,0.45252085240046735,0.3008823600232854,0.12980018095771034,0.08341334659918742,0.5434200184299687,1.3227819953720794,3.073229613122983
4_KPCWT0416formP4num3_740nm_3037mW_u1_poc0p2_20x0p75NA_457s50_g70_z1_256pix_basicFLIM_90f_0002.sdt,20260429_KPC_fixed_dishes_on_SLIM,form,KPCWT,457,colony_island,2026-04-30 10:48:21.835170,65536,37498,20.70930503647105,0.38747240672043753,0.3027803529853687,0.3842968037182499,0.3023084765250135,0.14677116764074363,0.10626051738807747,0.4889523988354467,1.5649976760153839,3.549234116161229
4_KPCWT0416formP4num3_740nm_3037mW_u1_poc0p2_20x0p75NA_457s50_g70_z1_256pix_basicFLIM_90f_0003.sdt,20260429_KPC_fixed_dishes_on_SLIM,form,KPCWT,457,colony_island,2026-04-30 10:49:13.386677,65536,35033,22.53139331999671,0.37402876404221835,0.30290459773455236,0.36685280663535597,0.30094537878043576,0.14465689251181912,0.10260774657877232,0.47449879108964843,1.6320218820479713,3.6906605659796154
4_KPCWT0416formP4num3_740nm_3037mW_u1_poc0p2_20x0p75NA_457s50_g70_z1_256pix_basicFLIM_90f_0004.sdt,20260429_KPC_fixed_dishes_on_SLIM,form,KPCWT,457,single_cell,2026-04-30 10:50:05.354030,65536,11852,22.01619846023043,0.4888738017653155,0.284433961593246,0.507044599317156,0.2841100009581943,0.15042416505291564,0.09322642433133901,0.581216584709315,1.1147320939626115,2.7853678860383186
4_KPCWT0416formP4num3_740nm_3037mW_u1_poc0p2_20x0p75NA_457s50_g70_z1_256pix_basicFLIM_90f_0005.sdt,20260429_KPC_fixed_dishes_on_SLIM,form,KPCWT,457,single_cell,2026-04-30 10:50:57.177642,65536,6079,22.478461086287314,0.4965262035175109,0.27288176889694543,0.5306517716318053,0.2703294675380133,0.16709740897236786,0.09483837231881127,0.5955412023994305,1.0134770418689807,2.683548731865821
4_KPCWT0416formP4num3_740nm_3037mW_u1_poc0p2_20x0p75NA_457s50_g70_z1_256pix_basicFLIM_90f_0006.sdt,20260429_KPC_fixed_dishes_on_SLIM,form,KPCWT,457,single_cell,2026-04-30 10:51:48.870465,65536,3826,20.53567637551079,0.4734459929677189,0.27705870635304647,0.49738720553612764,0.2758645789417081,0.1628389947007873,0.10053437591861217,0.5687664706588496,1.103396178918905,2.8769450570182755
4_KPCWT0416formP4num3_740nm_3037mW_u1_poc0p2_20x0p75NA_457s50_g70_z1_256pix_basicFLIM_90f_0007.sdt,20260429_KPC_fixed_dishes_on_SLIM,form,KPCWT,457,colony_edge,2026-04-30 10:52:40.693682,65536,39299,29.16425975888099,0.4068185266987841,0.30723172277526867,0.39760743783032354,0.3057450997803369,0.13122994949615463,0.0913195366451567,0.5015692780241656,1.5298017380440416,3.4314233796492966
4_KPCWT0416formP4num3_740nm_3037mW_u1_poc0p2_20x0p75NA_457s50_g70_z1_256pix_basicFLIM_90f_0008.sdt,20260429_KPC_fixed_dishes_on_SLIM,form,KPCWT,457,colony_island,2026-04-30 10:53:32.560425,65536,13272,26.89037635758327,0.3578679658782438,0.3092665814067243,0.3457250791324019,0.30620726177131025,0.13028412471557949,0.09289509779195541,0.46183191477266844,1.7620358726881016,3.8207963700911143
4_KPCWT0416formP4num3_740nm_3037mW_u1_poc0p2_20x0p75NA_457s50_g70_z1_256pix_basicFLIM_90f_0009.sdt,20260429_KPC_fixed_dishes_on_SLIM,form,KPCWT,457,colony_island,2026-04-30 10:54:24.066645,65536,11783,26.067968449251133,0.40620092425309123,0.3027088692128421,0.4006063384655278,0.29940988820171754,0.133479812241119,0.08936709705129785,0.5001317022262456,1.4868887216195283,3.4445956745701944
4_KPCWT0416formP4num3_740nm_3037mW_u1_poc0p2_20x0p75NA_535s50_g70_z1_256pix_basicFLIM_90f_0000.sdt,20260429_KPC_fixed_dishes_on_SLIM,form,KPCWT,535,colony_island,2026-04-30 11:07:14.195684,65536,26934,11.54845530570104,0.4103144206952374,0.30668425961183,0.4190548039776048,0.3101570943393778,0.1892268617489704,0.14269816301771973,0.521348589626705,1.4724516408887582,3.2563117866535576
4_KPCWT0416formP4num3_740nm_3037mW_u1_poc0p2_20x0p75NA_535s50_g70_z1_256pix_basicFLIM_90f_0001.sdt,20260429_KPC_fixed_dishes_on_SLIM,form,KPCWT,535,colony_island,2026-04-30 11:08:06.188833,65536,13292,28.483627478948065,0.45105148535313894,0.329148167758224,0.4649712932732897,0.3294832299754392,0.11944725712376363,0.07938265653001347,0.5698749883994592,1.4097344684259252,2.868668945799173
4_KPCWT0416formP4num3_740nm_3037mW_u1_poc0p2_20x0p75NA_535s50_g70_z1_256pix_basicFLIM_90f_0002.sdt,20260429_KPC_fixed_dishes_on_SLIM,form,KPCWT,535,colony_island,2026-04-30 11:08:57.785968,65536,36729,18.684441590747117,0.39082073579436266,0.3144388953975572,0.3997805051649527,0.31735079461697296,0.1520118298765859,0.1118011110246757,0.5104272515784879,1.5792399518265683,3.3516203249823735
4_KPCWT0416formP4num3_740nm_3037mW_u1_poc0p2_20x0p75NA_535s50_g70_z1_256pix_basicFLIM_90f_0003.sdt,20260429_KPC_fixed_dishes_on_SLIM,form,KPCWT,535,colony_island,2026-04-30 11:09:49.223563,65536,32969,18.679631991827666,0.3840500981148348,0.3149505856752311,0.3912165198843223,0.31747292569411717,0.15426140655559975,0.11289342613034513,0.5038247949229799,1.614431614397477,3.4108824884335123
4_KPCWT0416formP4num3_740nm_3037mW_u1_poc0p2_20x0p75NA_535s50_g70_z1_256pix_basicFLIM_90f_0004.sdt,20260429_KPC_fixed_dishes_on_SLIM,form,KPCWT,535,single_cell,2026-04-30 11:10:41.324363,65536,8781,29.04795694540602,0.497365153009244,0.3143784365096285,0.5163547749298915,0.31617711015539895,0.12231936495956161,0.07909652580316252,0.6054669425981225,1.2181825465973186,2.6150626089179974
4_KPCWT0416formP4num3_740nm_3037mW_u1_poc0p2_20x0p75NA_535s50_g70_z1_256pix_basicFLIM_90f_0005.sdt,20260429_KPC_fixed_dishes_on_SLIM,form,KPCWT,535,single_cell,2026-04-30 11:11:33.085390,65536,3804,35.03907142609137,0.5349116257268962,0.30767777286773457,0.559689557275615,0.3082748647226898,0.124414976650958,0.07364552699328474,0.638972450691864,1.0957741643069572,2.3949916807199436
4_KPCWT0416formP4num3_740nm_3037mW_u1_poc0p2_20x0p75NA_535s50_g70_z1_256pix_basicFLIM_90f_0006.sdt,20260429_KPC_fixed_dishes_on_SLIM,form,KPCWT,535,single_cell,2026-04-30 11:12:24.785834,65536,32707,5.602158169382989,0.24459881563726485,0.2085612251678704,0.36142232063674556,0.2575618410417848,0.3273738018837063,0.27190354877107725,0.44380648464762673,1.4177403349573796,4.01701964505123
4_KPCWT0416formP4num3_740nm_3037mW_u1_poc0p2_20x0p75NA_535s50_g70_z1_256pix_basicFLIM_90f_0007.sdt,20260429_KPC_fixed_dishes_on_SLIM,form,KPCWT,535,colony_edge,2026-04-30 11:13:16.399550,65536,33913,28.227485742895944,0.4004355588429724,0.3250908246616531,0.4028338130910228,0.3263899563052633,0.12689207615677936,0.09166801739607222,0.5184645451199192,1.6119108312598605,3.2811610271388383
4_KPCWT0416formP4num3_740nm_3037mW_u1_poc0p2_20x0p75NA_535s50_g70_z1_256pix_basicFLIM_90f_0008.sdt,20260429_KPC_fixed_dishes_on_SLIM,form,KPCWT,535,colony_island,2026-04-30 11:14:08.362025,65536,13244,20.51771132666574,0.365357617095487,0.3195940546768045,0.3698991139792393,0.3211128493102913,0.14579295728527583,0.10664587975007368,0.48983549944323157,1.7270485156164823,3.5408225729219147
4_KPCWT0416formP4num3_740nm_3037mW_u1_poc0p2_20x0p75NA_535s50_g70_z1_256pix_basicFLIM_90f_0009.sdt,20260429_KPC_fixed_dishes_on_SLIM,form,KPCWT,535,colony_island,2026-04-30 11:14:59.811825,65536,11296,24.164286227836808,0.41263471924745543,0.32013725231720086,0.4397971610681908,0.3117832339268381,0.13383239089344326,0.09639072167255743,0.539101407753233,1.4103616179590095,3.108107184776731
3_KPCWT0430glu10min_740nm_3024mW_u1_poc0p15_20x0p75NA_457s50_g70_z1_256pix_basicFLIM_90f_0000.sdt,20260501_KPC_fixed_dishes_on_SLIM,glu,KPCWT,457,colony_edge,2026-05-02 02:35:05.313828,65536,35565,14.729143870985363,0.7435339713171579,0.26792321225390076,0.7441032052404462,0.26800419149099625,0.12463387775412155,0.09439601830082738,0.7908955852107458,0.716536892072583,1.5393158007056476
3_KPCWT0430glu10min_740nm_3024mW_u1_poc0p2_20x0p75NA_457s50_g70_z1_256pix_basicFLIM_120f_0000.sdt,20260501_KPC_fixed_dishes_on_SLIM,glu,KPCWT,457,colony_edge,2026-05-02 02:36:55.037235,65536,34548,98.14618511326313,0.7484464457762425,0.26936063097395946,0.7487396087006623,0.26938167212801795,0.047523740421066836,0.035810978705266214,0.7957245044082203,0.7157599284071438,1.5142424019867136
3_KPCWT0430glu10min_740nm_3024mW_u1_poc0p2_20x0p75NA_457s50_g70_z1_256pix_basicFLIM_120f_0001.sdt,20260501_KPC_fixed_dishes_on_SLIM,glu,KPCWT,457,colony_deep,2026-05-02 02:38:03.106658,65536,45156,130.36221255020567,0.747964614982454,0.2699121997553599,0.7482191629163643,0.26985493934951826,0.043638673052448756,0.032721600659926325,0.795395250203694,0.7175161644456612,1.515950578505357
3_KPCWT0430glu10min_740nm_3024mW_u1_poc0p2_20x0p75NA_457s50_g70_z1_256pix_basicFLIM_120f_0002.sdt,20260501_KPC_fixed_dishes_on_SLIM,glu,KPCWT,457,colony_deep,2026-05-02 02:39:11.503284,65536,41514,128.52418573942396,0.75256503089243,0.268126167542737,0.7525181581779414,0.2682924294575583,0.04199145782041923,0.03162664343675935,0.7989145173870357,0.7092863122016373,1.4977021522298861
3_KPCWT0430glu10min_740nm_3024mW_u1_poc0p2_20x0p75NA_457s50_g70_z1_256pix_basicFLIM_120f_0003.sdt,20260501_KPC_fixed_dishes_on_SLIM,glu,KPCWT,457,colony_deep,2026-05-02 02:40:20.221795,65536,27592,82.52591964183134,0.7513218767733606,0.2666695197436139,0.7516275900106713,0.2666677957373737,0.05258392683169946,0.03993969377475086,0.7975310322167278,0.7058265692192778,1.5048734729588835
3_KPCWT0430glu10min_740nm_3024mW_u1_poc0p2_20x0p75NA_457s50_g70_z1_256pix_basicFLIM_120f_0004.sdt,20260501_KPC_fixed_dishes_on_SLIM,glu,KPCWT,457,colony_deep,2026-05-02 02:41:28.626858,65536,41179,151.43733756623706,0.755400936159886,0.2666641802660372,0.7554991960658634,0.2666300869453841,0.03956765775742887,0.029916341349616564,0.8011682960031986,0.7021102162542912,1.4860258146425958
3_KPCWT0430glu10min_740nm_3024mW_u1_poc0p2_20x0p75NA_457s50_g70_z1_256pix_basicFLIM_120f_0005.sdt,20260501_KPC_fixed_dishes_on_SLIM,glu,KPCWT,457,colony_edge,2026-05-02 02:42:37.310515,65536,12427,72.8085910865244,0.746347304761668,0.26947565651551086,0.7472112926736754,0.26949442088785136,0.05133270503667126,0.038892576049289876,0.7943248446251341,0.7175241066438375,1.5215052332367407
3_KPCWT0430glu10min_740nm_3024mW_u1_poc0p2_20x0p75NA_457s50_g70_z1_256pix_basicFLIM_120f_0006.sdt,20260501_KPC_fixed_dishes_on_SLIM,glu,KPCWT,457,colony_edge,2026-05-02 02:43:45.975055,65536,22351,65.07946218553298,0.7379640091161538,0.2716973040155625,0.739433671733935,0.27178995656058563,0.05837685352641077,0.04382455995061509,0.7878019645704964,0.7312473843650147,1.555404924595423
3_KPCWT0430glu10min_740nm_3024mW_u1_poc0p2_20x0p75NA_457s50_g70_z1_256pix_basicFLIM_120f_0007.sdt,20260501_KPC_fixed_dishes_on_SLIM,glu,KPCWT,457,colony_deep,2026-05-02 02:44:55.968385,65536,25625,55.020404827485734,0.7377333209733102,0.26980092848223697,0.7387059791474195,0.26972468802549715,0.06363559742588848,0.04768174437771171,0.7864082470057138,0.7264056773765857,1.5626606744642424
3_KPCWT0430glu10min_740nm_3024mW_u1_poc0p2_20x0p75NA_457s50_g70_z1_256pix_basicFLIM_120f_0008.sdt,20260501_KPC_fixed_dishes_on_SLIM,glu,KPCWT,457,colony_deep,2026-05-02 02:46:04.526301,65536,45686,108.48524711496515,0.7452098618966165,0.27001355292556584,0.745244999649013,0.27012714953905204,0.04731307227566684,0.03552060407753025,0.792690851732219,0.7211063330299371,1.5299887353738573
3_KPCWT0430glu10min_740nm_3024mW_u1_poc0p2_20x0p75NA_457s50_g70_z1_256pix_basicFLIM_120f_0009.sdt,20260501_KPC_fixed_dishes_on_SLIM,glu,KPCWT,457,colony_edge,2026-05-02 02:47:13.634270,65536,34292,99.28306289477601,0.7513708314669204,0.2672289512716532,0.7517755807888019,0.2672266418929751,0.047837391688458825,0.03587445257039865,0.797857507333068,0.7071665080303886,1.5031809081524856
3_KPCWT0430glu10min_740nm_3024mW_u1_poc0p2_20x0p75NA_535s50_g70_z1_256pix_basicFLIM_120f_0000.sdt,20260501_KPC_fixed_dishes_on_SLIM,glu,KPCWT,535,colony_edge,2026-05-02 02:49:29.961571,65536,29700,125.77195777524281,0.7550091342136817,0.30159591465147884,0.7555544116927658,0.3018620608926336,0.0400264695577394,0.031118800080715256,0.8136234834582575,0.7948275858672571,1.421594812521602
3_KPCWT0430glu10min_740nm_3024mW_u1_poc0p2_20x0p75NA_535s50_g70_z1_256pix_basicFLIM_120f_0001.sdt,20260501_KPC_fixed_dishes_on_SLIM,glu,KPCWT,535,colony_deep,2026-05-02 02:50:38.371304,65536,41878,195.19129030076652,0.7502531637209567,0.3078090694656295,0.7505698677224408,0.30785752295753827,0.03385619784432116,0.026219753829264583,0.8112529696552325,0.8159974283173239,1.4338491526856358
3_KPCWT0430glu10min_740nm_3024mW_u1_poc0p2_20x0p75NA_535s50_g70_z1_256pix_basicFLIM_120f_0002.sdt,20260501_KPC_fixed_dishes_on_SLIM,glu,KPCWT,535,colony_deep,2026-05-02 02:51:46.988245,65536,39434,188.3031641448023,0.7558291233087445,0.30517964880553544,0.7559141222148095,0.3054556763766977,0.032751872716870384,0.02540139376173034,0.8152970810658724,0.8039071397487194,1.4129441356934218
3_KPCWT0430glu10min_740nm_3024mW_u1_poc0p2_20x0p75NA_535s50_g70_z1_256pix_basicFLIM_120f_0003.sdt,20260501_KPC_fixed_dishes_on_SLIM,glu,KPCWT,535,colony_deep,2026-05-02 02:52:55.720882,65536,26651,119.4908217994748,0.7528219110382286,0.30260767206490535,0.7533104503762259,0.3027620302291321,0.042103527957162046,0.03251729352542301,0.8118752869711567,0.799571970418017,1.4306318803913372
3_KPCWT0430glu10min_740nm_3024mW_u1_poc0p2_20x0p75NA_535s50_g70_z1_256pix_basicFLIM_120f_0004.sdt,20260501_KPC_fixed_dishes_on_SLIM,glu,KPCWT,535,colony_deep,2026-05-02 02:54:04.579098,65536,40005,236.37665601387596,0.7551910636799372,0.3065667793947404,0.7553526955239027,0.3066076356965253,0.030387255121763886,0.02328658933670011,0.8152091369106697,0.807538668690646,1.413398699692593
3_KPCWT0430glu10min_740nm_3024mW_u1_poc0p2_20x0p75NA_535s50_g70_z1_256pix_basicFLIM_120f_0005.sdt,20260501_KPC_fixed_dishes_on_SLIM,glu,KPCWT,535,colony_edge,2026-05-02 02:55:13.659638,65536,11951,111.39021712187427,0.7469564784051885,0.30564689734592476,0.7480115599506967,0.30586351065761935,0.04015186906489068,0.030740251429187425,0.8081298045312265,0.8134849151898356,1.449998596686228
3_KPCWT0430glu10min_740nm_3024mW_u1_poc0p2_20x0p75NA_535s50_g70_z1_256pix_basicFLIM_120f_0006.sdt,20260501_KPC_fixed_dishes_on_SLIM,glu,KPCWT,535,colony_edge,2026-05-02 02:56:22.644829,65536,20675,97.12021985824155,0.7355724744231613,0.3058848239349678,0.737218540237955,0.3062805586943523,0.04672284869877055,0.03554064871605297,0.7983100630110495,0.8265199230037605,1.5008349801146765
3_KPCWT0430glu10min_740nm_3024mW_u1_poc0p2_20x0p75NA_535s50_g70_z1_256pix_basicFLIM_120f_0007.sdt,20260501_KPC_fixed_dishes_on_SLIM,glu,KPCWT,535,colony_deep,2026-05-02 02:57:33.093796,65536,23596,80.48758318546045,0.7350610210742954,0.30318171536926314,0.7362167759345435,0.30370290656280335,0.05071113569249137,0.03928122910453045,0.7963985162104138,0.8206791190931731,1.5107462176879027
3_KPCWT0430glu10min_740nm_3024mW_u1_poc0p2_20x0p75NA_535s50_g70_z1_256pix_basicFLIM_120f_0008.sdt,20260501_KPC_fixed_dishes_on_SLIM,glu,KPCWT,535,colony_deep,2026-05-02 02:58:41.756837,65536,43896,170.44694186979055,0.7462999524244808,0.306221265556314,0.7464751322163629,0.3064441848454966,0.03592116286733579,0.02752825349463456,0.8069282257072542,0.816706824765846,1.4562135991238212
3_KPCWT0430glu10min_740nm_3024mW_u1_poc0p2_20x0p75NA_535s50_g70_z1_256pix_basicFLIM_120f_0009.sdt,20260501_KPC_fixed_dishes_on_SLIM,glu,KPCWT,535,colony_edge,2026-05-02 02:59:51.204626,65536,33525,145.76826703273463,0.7520024904746041,0.30357102518837553,0.7525366415228503,0.30361518567810175,0.037831987375711945,0.029275128518184486,0.811476172052414,0.8026495809667206,1.4326952149693224
4_BKO0430glu10min_740nm_3024mW_u1_poc0p2_20x0p75NA_535s50_g70_z1_256pix_basicFLIM_60f_0000.sdt,20260501_KPC_fixed_dishes_on_SLIM,glu,BKO,535,colony_deep,2026-05-02 03:09:00.662720,65536,27554,71.28477998028174,0.7643694441256748,0.29742796212358025,0.7646903499875612,0.2975460179462318,0.05455277210739003,0.04225847458946306,0.8205394348596283,0.7741028697796255,1.3858468772579438
4_BKO0430glu10min_740nm_3024mW_u1_poc0p2_20x0p75NA_535s50_g70_z1_256pix_basicFLIM_60f_0001.sdt,20260501_KPC_fixed_dishes_on_SLIM,glu,BKO,535,colony_deep,2026-05-02 03:09:36.503611,65536,34614,63.59053816240017,0.7663014169405941,0.2937975359008793,0.7666740572856925,0.2937463887225753,0.05750183086129673,0.0450353702661898,0.821021346252617,0.7622403115169242,1.383355600790292
4_BKO0430glu10min_740nm_3024mW_u1_poc0p2_20x0p75NA_535s50_g70_z1_256pix_basicFLIM_60f_0002.sdt,20260501_KPC_fixed_dishes_on_SLIM,glu,BKO,535,colony_deep,2026-05-02 03:10:11.986902,65536,19965,52.06352200393838,0.7610207782572522,0.29576710150003666,0.7618157270216513,0.29607093047049593,0.063086832260006,0.049016907040382675,0.8173256375565326,0.7731717530041399,1.4024590831868178
4_BKO0430glu10min_740nm_3024mW_u1_poc0p2_20x0p75NA_535s50_g70_z1_256pix_basicFLIM_60f_0003.sdt,20260501_KPC_fixed_dishes_on_SLIM,glu,BKO,535,colony_deep,2026-05-02 03:10:46.980473,65536,27411,55.345801393750676,0.7611237469220397,0.29528880793848233,0.7617084150965415,0.2953331054294231,0.06193253243861774,0.04886899296589406,0.8169585991906028,0.7713536219403448,1.4043562047909228
4_BKO0430glu10min_740nm_3024mW_u1_poc0p2_20x0p75NA_535s50_g70_z1_256pix_basicFLIM_60f_0004.sdt,20260501_KPC_fixed_dishes_on_SLIM,glu,BKO,535,colony_deep,2026-05-02 03:11:22.901257,65536,31333,45.5513033393865,0.7551241123258882,0.2957032922552345,0.755846712466916,0.29567711978365535,0.07083179974255559,0.05515410400873984,0.8116213476188283,0.7782410506747254,1.4319446817321715
4_BKO0430glu10min_740nm_3024mW_u1_poc0p2_20x0p75NA_535s50_g70_z1_256pix_basicFLIM_60f_0005.sdt,20260501_KPC_fixed_dishes_on_SLIM,glu,BKO,535,colony_island,2026-05-02 03:11:58.504132,65536,10324,61.25637380708724,0.7668305950095147,0.2952960800243407,0.7680298771345165,0.29609768984760115,0.05284086779303857,0.041204335177314984,0.8231304478054172,0.7669853149652089,1.3724511272121895
4_BKO0430glu10min_740nm_3024mW_u1_poc0p2_20x0p75NA_535s50_g70_z1_256pix_basicFLIM_60f_0006.sdt,20260501_KPC_fixed_dishes_on_SLIM,glu,BKO,535,colony_deep,2026-05-02 03:12:34.882495,65536,36437,65.56002491208318,0.7721339420128895,0.29291152095313105,0.7724768551782399,0.293099586097702,0.05513504868321412,0.04362852865334887,0.8262129623509351,0.754848634508187,1.3565085675770296
4_BKO0430glu10min_740nm_3024mW_u1_poc0p2_20x0p75NA_535s50_g70_z1_256pix_basicFLIM_60f_0007.sdt,20260501_KPC_fixed_dishes_on_SLIM,glu,BKO,535,colony_deep,2026-05-02 03:13:11.428332,65536,22233,52.896513622569856,0.7633118464254368,0.2959767321392451,0.7637448328216748,0.2961567735833409,0.06250537038000391,0.04939633859536075,0.8191550550421466,0.7714424441962372,1.393003073502081
4_BKO0430glu10min_740nm_3024mW_u1_poc0p2_20x0p75NA_535s50_g70_z1_256pix_basicFLIM_60f_0008.sdt,20260501_KPC_fixed_dishes_on_SLIM,glu,BKO,535,colony_deep,2026-05-02 03:13:46.537314,65536,20073,51.515714132399424,0.7645842646906512,0.293371536246298,0.7649361582617382,0.2935504430532393,0.06260695142665941,0.048536144985391896,0.8193284987311134,0.7634624725563173,1.3921065323417092
4_BKO0430glu10min_740nm_3024mW_u1_poc0p2_20x0p75NA_535s50_g70_z1_256pix_basicFLIM_60f_0009.sdt,20260501_KPC_fixed_dishes_on_SLIM,glu,BKO,535,colony_deep,2026-05-02 03:14:21.427754,65536,30845,63.432663245963944,0.7649072995694116,0.29578547027999275,0.7652902546283386,0.29583299517880873,0.05818059119452026,0.04581659979191143,0.8204793323817318,0.7690429093346769,1.3861575749903299
4_BKO0430glu10min_740nm_3024mW_u1_poc0p2_20x0p75NA_535s50_g70_z1_256pix_basicFLIM_40f_0000.sdt,20260501_KPC_fixed_dishes_on_SLIM,glu,BKO,535,colony_deep,2026-05-02 03:15:04.902694,65536,26110,44.64572993133956,0.7645240346702221,0.29803595075736095,0.7647859226933162,0.2981145832898354,0.06780315350209938,0.05242178655908901,0.8208348264541042,0.7754851411762999,1.3843198398734389
4_BKO0430glu10min_740nm_3024mW_u1_poc0p2_20x0p75NA_535s50_g70_z1_256pix_basicFLIM_40f_0001.sdt,20260501_KPC_fixed_dishes_on_SLIM,glu,BKO,535,colony_deep,2026-05-02 03:15:29.566742,65536,30888,38.633233589999726,0.768470671920282,0.2938609606863093,0.7688811594506743,0.2938098245268389,0.07232693687401709,0.05721965392888875,0.8231053701359899,0.7602164087330692,1.3725807985244078
4_BKO0430glu10min_740nm_3024mW_u1_poc0p2_20x0p75NA_535s50_g70_z1_256pix_basicFLIM_40f_0002.sdt,20260501_KPC_fixed_dishes_on_SLIM,glu,BKO,535,colony_deep,2026-05-02 03:15:53.913062,65536,19844,32.52431417887746,0.762507236139376,0.2968794078689884,0.7631862472907036,0.2970383010680091,0.07898586430918188,0.061915990627548455,0.818953600856017,0.7743049955108926,1.3940443932402737
4_BKO0430glu10min_740nm_3024mW_u1_poc0p2_20x0p75NA_535s50_g70_z1_256pix_basicFLIM_40f_0003.sdt,20260501_KPC_fixed_dishes_on_SLIM,glu,BKO,535,colony_deep,2026-05-02 03:16:17.809610,65536,27717,37.77054842442644,0.7630505067631378,0.2964800579461253,0.7635681149002082,0.2965472749064785,0.07469954132740234,0.058916185954867875,0.8191315842688011,0.772638415303091,1.3931243947925782
4_BKO0430glu10min_740nm_3024mW_u1_poc0p2_20x0p75NA_535s50_g70_z1_256pix_basicFLIM_40f_0004.sdt,20260501_KPC_fixed_dishes_on_SLIM,glu,BKO,535,colony_deep,2026-05-02 03:16:42.653585,65536,31018,31.37910546336132,0.7576943642142885,0.296834187701098,0.7581676676287058,0.2971106786477294,0.0852961030616389,0.06600909184597907,0.8143052054383946,0.77962031307782,1.418070987299354
4_BKO0430glu10min_740nm_3024mW_u1_poc0p2_20x0p75NA_535s50_g70_z1_256pix_basicFLIM_40f_0005.sdt,20260501_KPC_fixed_dishes_on_SLIM,glu,BKO,535,colony_island,2026-05-02 03:17:07.129931,65536,10269,41.57487473454082,0.7684600536862528,0.29602031397839274,0.768782577533668,0.2963808896236963,0.06353471497403221,0.04966544426038082,0.8239346353039444,0.7669672316995068,1.3682926236049184
4_BKO0430glu10min_740nm_3024mW_u1_poc0p2_20x0p75NA_535s50_g70_z1_256pix_basicFLIM_40f_0006.sdt,20260501_KPC_fixed_dishes_on_SLIM,glu,BKO,535,colony_deep,2026-05-02 03:17:32.161737,65536,35883,44.336551676534796,0.7709050882763866,0.29340181563501955,0.7713769892226365,0.29355225817503766,0.06738770154476738,0.05277076184734018,0.8253456171700698,0.7570924074269503,1.3609951988529994
4_BKO0430glu10min_740nm_3024mW_u1_poc0p2_20x0p75NA_535s50_g70_z1_256pix_basicFLIM_40f_0007.sdt,20260501_KPC_fixed_dishes_on_SLIM,glu,BKO,535,colony_deep,2026-05-02 03:17:57.552062,65536,22162,34.52804621704378,0.762405657948899,0.29570842320903373,0.7627461827691271,0.2959956368681748,0.07790104370111942,0.060723531345172374,0.8181657267167032,0.7720321944151732,1.398116843775761
4_BKO0430glu10min_740nm_3024mW_u1_poc0p2_20x0p75NA_535s50_g70_z1_256pix_basicFLIM_40f_0008.sdt,20260501_KPC_fixed_dishes_on_SLIM,glu,BKO,535,colony_deep,2026-05-02 03:18:21.389256,65536,19605,33.309907198666906,0.7654676565878321,0.2941150478073466,0.7659286296241515,0.29411472215132617,0.07680329865322912,0.060713168164661074,0.8204572721745371,0.7639388654503773,1.3862716141445552
4_BKO0430glu10min_740nm_3024mW_u1_poc0p2_20x0p75NA_535s50_g70_z1_256pix_basicFLIM_40f_0009.sdt,20260501_KPC_fixed_dishes_on_SLIM,glu,BKO,535,colony_deep,2026-05-02 03:18:45.193245,65536,30411,42.31413565973805,0.7649338192210642,0.29746565564393856,0.7651764218740538,0.29749708595550456,0.07155065823797412,0.055920537232870375,0.8209747089551521,0.773483905667287,1.3835966999229208
4_BKO0430glu10min_740nm_3038mW_u1_poc0p2_20x0p75NA_457s50_g70_z1_256pix_basicFLIM_100f_0000.sdt,20260501_KPC_fixed_dishes_on_SLIM,glu,BKO,457,colony_deep,2026-05-02 03:22:09.120483,65536,26087,76.89172023261975,0.7478120181366638,0.25884732014039286,0.7483312256955068,0.2588651391614301,0.05502098675843838,0.04196665510104529,0.7918401250404062,0.6881923584944216,1.5344077295304124
4_BKO0430glu10min_740nm_3038mW_u1_poc0p2_20x0p75NA_457s50_g70_z1_256pix_basicFLIM_100f_0001.sdt,20260501_KPC_fixed_dishes_on_SLIM,glu,BKO,457,colony_deep,2026-05-02 03:23:07.402745,65536,23251,68.13790495470427,0.7517826750402152,0.25884947004924497,0.7524362232425797,0.25879857808087414,0.05795525009252637,0.04384715274606723,0.7956990474194623,0.6842618632384394,1.5143744663442886
4_BKO0430glu10min_740nm_3038mW_u1_poc0p2_20x0p75NA_457s50_g70_z1_256pix_basicFLIM_100f_0002.sdt,20260501_KPC_fixed_dishes_on_SLIM,glu,BKO,457,colony_deep,2026-05-02 03:24:05.458550,65536,21494,50.97801106062671,0.743587439087929,0.25906475767511417,0.7447165401377199,0.25895992328080214,0.06872455976739143,0.051783321738675205,0.7884560653709851,0.6917858948925693,1.5520012726855448
4_BKO0430glu10min_740nm_3038mW_u1_poc0p2_20x0p75NA_457s50_g70_z1_256pix_basicFLIM_100f_0003.sdt,20260501_KPC_fixed_dishes_on_SLIM,glu,BKO,457,colony_deep,2026-05-02 03:25:02.866493,65536,26948,63.81850760024988,0.7404666929065271,0.2627999917145684,0.7410773933528577,0.2628673988100922,0.062114323773546226,0.047021039850741415,0.7863173483370758,0.7056726846883894,1.5631340638075064
4_BKO0430glu10min_740nm_3038mW_u1_poc0p2_20x0p75NA_457s50_g70_z1_256pix_basicFLIM_100f_0004.sdt,20260501_KPC_fixed_dishes_on_SLIM,glu,BKO,457,colony_deep,2026-05-02 03:26:01.218925,65536,31454,53.263446984052365,0.7341960601231975,0.26227608608050496,0.7349462806188511,0.26231662540152717,0.07088400909597518,0.0534154802133355,0.7803563592087452,0.7100686929234463,1.5942262574983626
4_BKO0430glu10min_740nm_3038mW_u1_poc0p2_20x0p75NA_457s50_g70_z1_256pix_basicFLIM_100f_0005.sdt,20260501_KPC_fixed_dishes_on_SLIM,glu,BKO,457,colony_island,2026-05-02 03:26:59.249065,65536,10162,72.9085528347643,0.7388555037672153,0.2703321286565345,0.7407184352370758,0.2705365123842925,0.05291468479635044,0.03886585255731605,0.7885770760256213,0.7266125221222037,1.5513716977150294
4_BKO0430glu10min_740nm_3038mW_u1_poc0p2_20x0p75NA_457s50_g70_z1_256pix_basicFLIM_100f_0006.sdt,20260501_KPC_fixed_dishes_on_SLIM,glu,BKO,457,colony_deep,2026-05-02 03:27:57.904913,65536,39410,70.89186838686086,0.7516176708226129,0.2608735575218139,0.7521362002592098,0.26088487030888863,0.05685344537363024,0.04326371683067674,0.7960965891752381,0.6900531558186898,1.512312252600711
4_BKO0430glu10min_740nm_3038mW_u1_poc0p2_20x0p75NA_457s50_g70_z1_256pix_basicFLIM_100f_0007.sdt,20260501_KPC_fixed_dishes_on_SLIM,glu,BKO,457,colony_deep,2026-05-02 03:28:56.949966,65536,22908,54.67927033547514,0.7389916077786091,0.2616735029163018,0.7395373933112663,0.26176444849767316,0.0677773698219298,0.05135729221476372,0.7844974076457574,0.7041751079954124,1.572616550464565
4_BKO0430glu10min_740nm_3038mW_u1_poc0p2_20x0p75NA_457s50_g70_z1_256pix_basicFLIM_100f_0008.sdt,20260501_KPC_fixed_dishes_on_SLIM,glu,BKO,457,colony_deep,2026-05-02 03:29:54.442088,65536,18812,55.10509346152188,0.7437830871865903,0.2593975825132415,0.7445025425018896,0.259557808900866,0.06358481493324321,0.04866519100934837,0.7884505640515431,0.6935823913685546,1.5520298948930058
4_BKO0430glu10min_740nm_3038mW_u1_poc0p2_20x0p75NA_457s50_g70_z1_256pix_basicFLIM_100f_0009.sdt,20260501_KPC_fixed_dishes_on_SLIM,glu,BKO,457,colony_deep,2026-05-02 03:30:51.721094,65536,28918,70.12928482336388,0.7483201183143278,0.2610963035114584,0.7488819797680903,0.261069493781446,0.05905330643765054,0.044379777334028134,0.7930835392344712,0.6935421993777159,1.5279494664546054
13_KPC_live_posn1_740nm_3040mW_u1_poc0p2_20x0p75NA_4570s50_g70_z1_256pix_basicFLIM_120f_0000.sdt,20260501_KPC_fixed_dishes_on_SLIM,live,KPCWT,457,colony_deep,2026-05-02 10:36:08.951813,65536,29360,20.836470761440474,0.5000628647286165,0.32667027887839206,0.49860593867577213,0.3281118807968983,0.13288561012355432,0.09561741491524653,0.5968796263928146,1.309165807739269,2.6742182817556364
13_KPC_live_posn1_740nm_3040mW_u1_poc0p2_20x0p75NA_4570s50_g70_z1_256pix_basicFLIM_120f_0001.sdt,20260501_KPC_fixed_dishes_on_SLIM,live,KPCWT,457,colony_deep,2026-05-02 10:37:16.977535,65536,14637,51.01519310234498,0.5111613961238016,0.33467219883902855,0.5096357534898542,0.3354215248427077,0.08269018539958455,0.05703363259623396,0.61011162959165,1.3093663791388772,2.5835625188101927
13_KPC_live_posn1_740nm_3040mW_u1_poc0p2_20x0p75NA_4570s50_g70_z1_256pix_basicFLIM_120f_0002.sdt,20260501_KPC_fixed_dishes_on_SLIM,live,KPCWT,457,colony_deep,2026-05-02 10:38:24.763521,65536,22743,42.50272677641544,0.5108473105752624,0.3351028793092403,0.5092123707591122,0.3358703636533831,0.0916214421812421,0.06459369196644073,0.6100050325323318,1.3122086108645419,2.584281656447173
13_KPC_live_posn1_740nm_3040mW_u1_poc0p2_20x0p75NA_4570s50_g70_z1_256pix_basicFLIM_120f_0003.sdt,20260501_KPC_fixed_dishes_on_SLIM,live,KPCWT,457,colony_deep,2026-05-02 10:39:32.542870,65536,14498,37.05626593810913,0.508369436944749,0.33549268655962944,0.5054242568863879,0.336551124818257,0.09720403490316158,0.0685180003225793,0.6072234671565251,1.324723101141231,2.6031098526805416
13_KPC_live_posn1b_740nm_3040mW_u1_poc0p2_20x0p75NA_535s50_g70_z1_256pix_basicFLIM_120f_0000.sdt,20260501_KPC_fixed_dishes_on_SLIM,live,KPCWT,535,colony_deep,2026-05-02 10:50:43.884449,65536,30366,9.743299743416,0.5080233916795917,0.3098713212975355,0.5155359778810402,0.31095255313260706,0.20170172474381318,0.1482225507111998,0.6020538470846667,1.1999559201840844,2.6384296491729664
13_KPC_live_posn1b_740nm_3040mW_u1_poc0p2_20x0p75NA_535s50_g70_z1_256pix_basicFLIM_120f_0001.sdt,20260501_KPC_fixed_dishes_on_SLIM,live,KPCWT,535,colony_deep,2026-05-02 10:51:51.847521,65536,18290,16.94044970745955,0.5543696657178075,0.3208432342811747,0.5610214952626403,0.32113937384498326,0.145950533451804,0.10425945471742849,0.6464329938827973,1.1387914545265732,2.3480888474619963
13_KPC_live_posn1b_740nm_3040mW_u1_poc0p2_20x0p75NA_535s50_g70_z1_256pix_basicFLIM_120f_0002.sdt,20260501_KPC_fixed_dishes_on_SLIM,live,KPCWT,535,colony_deep,2026-05-02 10:52:59.392850,65536,18176,21.808795768909814,0.5558597066107428,0.32802088414699354,0.5623781357261456,0.32781988157268116,0.12698375361702516,0.09041541463017316,0.650949339270839,1.1596768989054935,2.3200324520686824
13_KPC_live_posn1b_740nm_3040mW_u1_poc0p2_20x0p75NA_535s50_g70_z1_256pix_basicFLIM_120f_0003.sdt,20260501_KPC_fixed_dishes_on_SLIM,live,KPCWT,535,colony_deep,2026-05-02 10:54:07.329168,65536,17679,18.99925017977963,0.5370152898035655,0.33012490372164904,0.544603763191086,0.32978428811324095,0.14061754863841677,0.09928752540338621,0.6366717643874665,1.2047015452968861,2.409599834860926
14_KPC_live_posn2_740nm_3040mW_u1_poc0p2_20x0p75NA_535s50_g70_z1_256pix_basicFLIM_120f_0000.sdt,20260501_KPC_fixed_dishes_on_SLIM,live,KPCWT,535,colony_deep,2026-05-02 11:00:37.351133,65536,29006,7.276955585370413,0.38412687986338695,0.33679198977207886,0.39423217686608075,0.33593578006641905,0.2603045053864995,0.19423060211691243,0.5179496670579123,1.695252287117489,3.285620999772667
14_KPC_live_posn2_740nm_3040mW_u1_poc0p2_20x0p75NA_535s50_g70_z1_256pix_basicFLIM_120f_0001.sdt,20260501_KPC_fixed_dishes_on_SLIM,live,KPCWT,535,colony_deep,2026-05-02 11:01:45.344086,65536,9256,11.56220666573694,0.4843494446864606,0.33022451275489884,0.49567830782137046,0.3283691781717855,0.19693809645454122,0.14095830539565143,0.5945782555878336,1.3179308293408483,2.6902804761959147
14_KPC_live_posn2_740nm_3040mW_u1_poc0p2_20x0p75NA_535s50_g70_z1_256pix_basicFLIM_120f_0002.sdt,20260501_KPC_fixed_dishes_on_SLIM,live,KPCWT,535,colony_deep,2026-05-02 11:02:53.250075,65536,8766,14.302416508211213,0.5062541404705944,0.33289394667727057,0.5174296470578579,0.33265296707148634,0.17022917253492933,0.12205716342766512,0.6151352990650779,1.2789990954483452,2.5498697089308515
14_KPC_live_posn2_740nm_3040mW_u1_poc0p2_20x0p75NA_457s50_g70_z1_256pix_basicFLIM_120f_0000.sdt,20260501_KPC_fixed_dishes_on_SLIM,live,KPCWT,457,colony_deep,2026-05-02 11:05:14.243167,65536,4088,15.489979200546221,0.5111735337425032,0.3246552713362268,0.5134766996616472,0.32324775121802235,0.1537856575341482,0.10893396631658164,0.6067515387396442,1.2524053546048894,2.60631639814559
14_KPC_live_posn2_740nm_3040mW_u1_poc0p2_20x0p75NA_457s50_g70_z1_256pix_basicFLIM_120f_0001.sdt,20260501_KPC_fixed_dishes_on_SLIM,live,KPCWT,457,colony_deep,2026-05-02 11:06:22.121106,65536,8468,17.541610324044584,0.5044127062244205,0.323565786111232,0.5049409133205534,0.32352809121622594,0.14828374306305347,0.1045911349683552,0.5996963829730918,1.2746811950614232,2.6546804637122614
14_KPC_live_posn2_740nm_3040mW_u1_poc0p2_20x0p75NA_457s50_g70_z1_256pix_basicFLIM_120f_0002.sdt,20260501_KPC_fixed_dishes_on_SLIM,live,KPCWT,457,colony_deep,2026-05-02 11:07:30.033550,65536,10490,20.556064603051336,0.4996864439684558,0.3334779342222468,0.5005087378317963,0.3340086227022295,0.13396688940946316,0.09732895632544822,0.6017231561818259,1.3276272550370694,2.640703708680913
15_KPC_live_posn3_740nm_3040mW_u1_poc0p2_20x0p75NA_457s50_g70_z1_256pix_basicFLIM_120f_0000.sdt,20260501_KPC_fixed_dishes_on_SLIM,live,KPCWT,457,colony_deep,2026-05-02 11:13:43.312986,65536,15868,38.56160389462524,0.49810644203045384,0.3371756771234399,0.4974958465513467,0.3379487476821779,0.09387205539952526,0.0673638851920105,0.6014245367423858,1.3514236872071812,2.6427587613013297
15_KPC_live_posn3_740nm_3040mW_u1_poc0p2_20x0p75NA_457s50_g70_z1_256pix_basicFLIM_120f_0001.sdt,20260501_KPC_fixed_dishes_on_SLIM,live,KPCWT,457,colony_deep,2026-05-02 11:14:51.232975,65536,15240,45.659947901947156,0.4979878006726248,0.34015995148625017,0.4970152550681772,0.34077007803379156,0.08972655204967693,0.062090503368962595,0.6026179634342488,1.3640235843829684,2.634554517728972
15_KPC_live_posn3_740nm_3040mW_u1_poc0p2_20x0p75NA_457s50_g70_z1_256pix_basicFLIM_120f_0002.sdt,20260501_KPC_fixed_dishes_on_SLIM,live,KPCWT,457,colony_deep,2026-05-02 11:15:59.049926,65536,19369,39.77245352003642,0.49671075501714596,0.34007749663619974,0.4943918774135523,0.34093783796518534,0.09674381466643614,0.06819686693389321,0.6005513615077996,1.3719365314792962,2.648776220997781
15_KPC_live_posn3_740nm_3040mW_u1_poc0p2_20x0p75NA_457s50_g70_z1_256pix_basicFLIM_120f_0003.sdt,20260501_KPC_fixed_dishes_on_SLIM,live,KPCWT,457,colony_deep,2026-05-02 11:17:06.881924,65536,18299,35.143121860988,0.5004851371173706,0.3389891217956653,0.49843646861760926,0.3397909559628579,0.10103904862598138,0.07200174489546746,0.6032385987336568,1.3562262611270228,2.6302971233342625
15_KPC_live_posn3_740nm_3040mW_u1_poc0p2_20x0p75NA_457s50_g70_z1_256pix_basicFLIM_120f_0004.sdt,20260501_KPC_fixed_dishes_on_SLIM,live,KPCWT,457,colony_deep,2026-05-02 11:18:14.720153,65536,14738,35.5520893573163,0.5022697042716503,0.3367308501608103,0.49949450281068775,0.3383649120427972,0.10008136808105472,0.07025771489651499,0.6033121679858827,1.3476736985450881,2.629792872480208
15_KPC_live_posn3_740nm_3040mW_u1_poc0p2_20x0p75NA_535s50_g70_z1_256pix_basicFLIM_120f_0000.sdt,20260501_KPC_fixed_dishes_on_SLIM,live,KPCWT,535,colony_deep,2026-05-02 11:20:31.205919,65536,20594,15.809615879289964,0.5459988776400326,0.32722985731562787,0.5540257578813812,0.32748751070065757,0.14780183711842418,0.10564070967793242,0.6435779751210821,1.1759664462213721,2.365954533955822
15_KPC_live_posn3_740nm_3040mW_u1_poc0p2_20x0p75NA_535s50_g70_z1_256pix_basicFLIM_120f_0001.sdt,20260501_KPC_fixed_dishes_on_SLIM,live,KPCWT,535,colony_deep,2026-05-02 11:21:39.115201,65536,17033,19.65703981772547,0.5495523942188567,0.33170446931904995,0.5554837542503256,0.3313949126831477,0.13665422195235583,0.09641398374647249,0.6468267073863812,1.1868740099386776,2.345633086616706
15_KPC_live_posn3_740nm_3040mW_u1_poc0p2_20x0p75NA_535s50_g70_z1_256pix_basicFLIM_120f_0002.sdt,20260501_KPC_fixed_dishes_on_SLIM,live,KPCWT,535,colony_deep,2026-05-02 11:22:46.637621,65536,18607,18.907179609435268,0.537739561178928,0.3315741601295113,0.5435801681249344,0.33175451072809503,0.14233759886054304,0.09964718746178279,0.6368205827131921,1.2141808460733363,2.408652817129598
15_KPC_live_posn3_740nm_3040mW_u1_poc0p2_20x0p75NA_535s50_g70_z1_256pix_basicFLIM_120f_0003.sdt,20260501_KPC_fixed_dishes_on_SLIM,live,KPCWT,535,colony_deep,2026-05-02 11:23:54.138241,65536,18283,17.384116704605532,0.5257146251861529,0.32870679291711624,0.5328557030763227,0.32873288691536423,0.15137951700136748,0.10715443085903835,0.6260994419744134,1.2273365849186417,2.477641318757644
15_KPC_live_posn3_740nm_3040mW_u1_poc0p2_20x0p75NA_535s50_g70_z1_256pix_basicFLIM_120f_0004.sdt,20260501_KPC_fixed_dishes_on_SLIM,live,KPCWT,535,colony_deep,2026-05-02 11:25:02.000449,65536,16065,16.868236889874062,0.5287026074555216,0.3300147074675862,0.5365229929970063,0.3298233099501156,0.15287764630819964,0.1066459842712347,0.6297938851726934,1.2229906921664795,2.4536908362388243
16_KPC_live_posn4_740nm_3040mW_u1_poc0p2_20x0p75NA_535s50_g70_z1_256pix_basicFLIM_120f_0000.sdt,20260501_KPC_fixed_dishes_on_SLIM,live,KPCWT,535,colony_island,2026-05-02 11:37:32.711409,65536,17207,10.777728465381495,0.4936683123362783,0.32987735510495814,0.509593552461952,0.3286219126386459,0.19226052104285316,0.13571846816692165,0.6063645357184687,1.2829293451632344,2.6089485519745073
16_KPC_live_posn4_740nm_3040mW_u1_poc0p2_20x0p75NA_535s50_g70_z1_256pix_basicFLIM_120f_0001.sdt,20260501_KPC_fixed_dishes_on_SLIM,live,KPCWT,535,colony_island,2026-05-02 11:38:40.281392,65536,19764,10.578401459636204,0.4510329673904411,0.33929027556999025,0.4695691590882817,0.33735372719314566,0.20992612343489508,0.14762336101119775,0.5781891839337565,1.4292759706981089,2.807362979955791
16_KPC_live_posn4_740nm_3040mW_u1_poc0p2_20x0p75NA_535s50_g70_z1_256pix_basicFLIM_120f_0002.sdt,20260501_KPC_fixed_dishes_on_SLIM,live,KPCWT,535,colony_island,2026-05-02 11:39:48.247061,65536,4814,14.805180617396072,0.5070804638510822,0.33576545500385163,0.5228800761133234,0.33282780160532693,0.17306300309499864,0.11780555604073788,0.6198208769618121,1.2663321917341526,2.518787751862384
16_KPC_live_posn4_740nm_3040mW_u1_poc0p2_20x0p75NA_535s50_g70_z1_256pix_basicFLIM_120f_0003.sdt,20260501_KPC_fixed_dishes_on_SLIM,live,KPCWT,535,colony_island,2026-05-02 11:40:56.163206,65536,34921,9.699998314274627,0.35423253860494164,0.3610005077555584,0.35523097773569945,0.36141490199893933,0.2283484009616838,0.17330645639383052,0.5067640268704596,2.0240692593468412,3.384342902551878
16_KPC_live_posn4_740nm_3040mW_u1_poc0p2_20x0p75NA_457s50_g70_z1_256pix_basicFLIM_120f_0000.sdt,20260501_KPC_fixed_dishes_on_SLIM,live,KPCWT,457,colony_island,2026-05-02 11:43:17.606711,65536,14703,17.744528718646208,0.5242749414932396,0.3286871999706684,0.5261857786359363,0.3276818708756717,0.13875936382255483,0.09956383102068792,0.6198765055551686,1.238920539782086,2.5184206882139444
16_KPC_live_posn4_740nm_3040mW_u1_poc0p2_20x0p75NA_457s50_g70_z1_256pix_basicFLIM_120f_0001.sdt,20260501_KPC_fixed_dishes_on_SLIM,live,KPCWT,457,colony_island,2026-05-02 11:44:25.504050,65536,11206,17.45112846234926,0.5159692064059581,0.3297433978372852,0.5180156356858898,0.32890731535532103,0.14180351274860847,0.10320815378093046,0.6136124354258974,1.2631671095355237,2.5600425203235653
16_KPC_live_posn4_740nm_3040mW_u1_poc0p2_20x0p75NA_457s50_g70_z1_256pix_basicFLIM_120f_0002.sdt,20260501_KPC_fixed_dishes_on_SLIM,live,KPCWT,457,colony_island,2026-05-02 11:45:33.313239,65536,3989,23.445496387328046,0.5280500352917837,0.3273220958950489,0.527505387357995,0.3260023146404277,0.1252525261819267,0.08671981896297853,0.620112443708901,1.229486965391204,2.5168643607740955
16_KPC_live_posn4_740nm_3040mW_u1_poc0p2_20x0p75NA_457s50_g70_z1_256pix_basicFLIM_120f_0003.sdt,20260501_KPC_fixed_dishes_on_SLIM,live,KPCWT,457,colony_island,2026-05-02 11:46:41.240478,65536,32763,9.092582241243331,0.4617070752733001,0.3648346481610195,0.4637571973653729,0.36292174010797634,0.22544381394305915,0.1702035307804875,0.5888827791260218,1.5568704168323004,2.7304237556548805
17_KPC_live_posn5_740nm_3040mW_u1_poc0p2_20x0p75NA_457s50_g70_z1_256pix_basicFLIM_120f_0000.sdt,20260501_KPC_fixed_dishes_on_SLIM,live,KPCWT,457,colony_deep,2026-05-02 11:55:20.746617,65536,19334,18.805580231188486,0.49264533776983915,0.3312441538757278,0.49307654834191417,0.3325530309328878,0.14010591084900514,0.10155777076837234,0.594740280212654,1.3417657687011806,2.6891466911668815
17_KPC_live_posn5_740nm_3040mW_u1_poc0p2_20x0p75NA_457s50_g70_z1_256pix_basicFLIM_120f_0001.sdt,20260501_KPC_fixed_dishes_on_SLIM,live,KPCWT,457,colony_deep,2026-05-02 11:56:28.442525,65536,21529,22.796702573960253,0.4979059762661877,0.33412221502135914,0.49751481896974287,0.3348437735314656,0.12838182671985038,0.09117654498835809,0.5997010486628213,1.338956139824976,2.654648210930953
17_KPC_live_posn5_740nm_3040mW_u1_poc0p2_20x0p75NA_457s50_g70_z1_256pix_basicFLIM_120f_0002.sdt,20260501_KPC_fixed_dishes_on_SLIM,live,KPCWT,457,colony_deep,2026-05-02 11:57:36.532429,65536,16162,26.49417530511236,0.4988698141811512,0.3349976779516653,0.4990766165340407,0.3356964570677774,0.12025193868937813,0.08569685683882673,0.6014728426611828,1.3381650419682811,2.642426228346663
17_KPC_live_posn5_740nm_3040mW_u1_poc0p2_20x0p75NA_457s50_g70_z1_256pix_basicFLIM_120f_0003.sdt,20260501_KPC_fixed_dishes_on_SLIM,live,KPCWT,457,colony_deep,2026-05-02 11:58:44.098702,65536,17013,25.660614590953685,0.5003218837745637,0.3345766832182081,0.5005084147003191,0.3343854239056352,0.12246912031669287,0.08723042514378235,0.6019321264946556,1.3291258335867777,2.6392664761384217
17_KPC_live_posn5_740nm_3040mW_u1_poc0p2_20x0p75NA_457s50_g70_z1_256pix_basicFLIM_120f_0004.sdt,20260501_KPC_fixed_dishes_on_SLIM,live,KPCWT,457,colony_deep,2026-05-02 11:59:52.756167,65536,12317,27.363443141193045,0.5019039122233929,0.33606432811353026,0.5002683615244884,0.3363217422565068,0.11546441549621324,0.08309137181518846,0.6028107064882378,1.3374638460616812,2.633231680708152
17_KPC_live_posn5_740nm_3040mW_u1_poc0p2_20x0p75NA_535s50_g70_z1_256pix_basicFLIM_120f_0000.sdt,20260501_KPC_fixed_dishes_on_SLIM,live,KPCWT,535,colony_deep,2026-05-02 12:02:51.183655,65536,25930,10.655028008587987,0.48735874943486107,0.32301256306704196,0.49699634957094074,0.32329140806930107,0.19511438596980316,0.14263039516368378,0.5928935031000695,1.2941097479334684,2.7020964091799917
17_KPC_live_posn5_740nm_3040mW_u1_poc0p2_20x0p75NA_535s50_g70_z1_256pix_basicFLIM_120f_0001.sdt,20260501_KPC_fixed_dishes_on_SLIM,live,KPCWT,535,colony_deep,2026-05-02 12:03:59.214334,65536,26029,12.439232142613541,0.48766496059464376,0.3295465340790269,0.4967840327687362,0.32933278095134816,0.1832980359244059,0.1327901137417344,0.596032260723459,1.3188562975364324,2.680121930550531
17_KPC_live_posn5_740nm_3040mW_u1_poc0p2_20x0p75NA_535s50_g70_z1_256pix_basicFLIM_120f_0002.sdt,20260501_KPC_fixed_dishes_on_SLIM,live,KPCWT,535,colony_deep,2026-05-02 12:05:07.447769,65536,15851,15.70403490650467,0.4981873325667483,0.3334907736702177,0.5104449765105658,0.3327843156634434,0.16525897473023646,0.11819293311500655,0.6093434785049056,1.297012196675873,2.5887486699375124
17_KPC_live_posn5_740nm_3040mW_u1_poc0p2_20x0p75NA_535s50_g70_z1_256pix_basicFLIM_120f_0003.sdt,20260501_KPC_fixed_dishes_on_SLIM,live,KPCWT,535,colony_deep,2026-05-02 12:06:15.431774,65536,13497,16.367318009070733,0.4985563884632229,0.3334705220914004,0.5092828154015508,0.33297941866158304,0.1621230553593529,0.11338918394996213,0.6084770162590663,1.3007340623223211,2.594609637110953
17_KPC_live_posn5_740nm_3040mW_u1_poc0p2_20x0p75NA_535s50_g70_z1_256pix_basicFLIM_120f_0004.sdt,20260501_KPC_fixed_dishes_on_SLIM,live,KPCWT,535,colony_deep,2026-05-02 12:07:23.561527,65536,11360,16.612227644291067,0.5047180742619923,0.3356437868404557,0.5143055543657659,0.33392357276594176,0.15826863785894615,0.11160400667531269,0.6132007466566303,1.2916831922548502,2.5627986725143757
3_KPCWTlive_740nm_3033mW_u1_poc0p2_20x0p75NA_475s50_g70_z1_256pix_basicFLIM_120f_0000.sdt,20260508_KPC_live_on_SLIM,live,KPCWT,457,colony_deep,2026-05-09 11:33:07.495491,65536,21050,78.6025256365849,0.5153180316369183,0.3294556314744145,0.5164526451609243,0.3293991313059457,0.07522283762963822,0.050341531219066475,0.612557852287298,1.2688844874921206,2.567107864411565
3_KPCWTlive_740nm_3033mW_u1_poc0p2_20x0p75NA_475s50_g70_z1_256pix_basicFLIM_120f_0001.sdt,20260508_KPC_live_on_SLIM,live,KPCWT,457,colony_deep,2026-05-09 11:34:15.932629,65536,13518,41.84282985573199,0.5247802091146533,0.3237079848901899,0.5259041555442598,0.32438320999846515,0.09846689898746247,0.0670572584439052,0.6178993831908473,1.2271055187290474,2.531494610140631
3_KPCWTlive_740nm_3033mW_u1_poc0p2_20x0p75NA_475s50_g70_z1_256pix_basicFLIM_120f_0002.sdt,20260508_KPC_live_on_SLIM,live,KPCWT,457,colony_deep,2026-05-09 11:35:24.317922,65536,18112,30.28494879876765,0.5036507564951737,0.32446738615201837,0.506284390604636,0.32439812976555266,0.11776090866157607,0.08309727792335386,0.6012969572227154,1.2747175016667656,2.643637189641513
3_KPCWTlive_740nm_3033mW_u1_poc0p2_20x0p75NA_475s50_g70_z1_256pix_basicFLIM_120f_0003.sdt,20260508_KPC_live_on_SLIM,live,KPCWT,457,colony_deep,2026-05-09 11:36:31.895423,65536,24931,62.00462284791446,0.5173310136320732,0.3279874031130205,0.5197993288343747,0.3270406633264978,0.08585006357974836,0.05778056285296156,0.6141229011571724,1.2516882783685102,2.5566286640086617
3_KPCWTlive_740nm_3033mW_u1_poc0p2_20x0p75NA_475s50_g70_z1_256pix_basicFLIM_120f_0004.sdt,20260508_KPC_live_on_SLIM,live,KPCWT,457,colony_deep,2026-05-09 11:37:40.477367,65536,15134,39.61061560484358,0.5270639216741003,0.321564024067947,0.5315988143676827,0.32250358738137685,0.10102518069621351,0.06994042637807617,0.6217763772538993,1.2069261327658327,2.5059115432294417
3_KPCWTlive_740nm_3033mW_u1_poc0p2_20x0p75NA_475s50_g70_z1_256pix_basicFLIM_120f_0005.sdt,20260508_KPC_live_on_SLIM,live,KPCWT,457,colony_deep,2026-05-09 11:38:48.032025,65536,19024,58.910515403032974,0.5222578692412195,0.324527143371265,0.5279527276728876,0.32449767183656825,0.08626974162517857,0.05843094675255151,0.6197038177101989,1.2227753970096058,2.519560312018022
3_KPCWTlive_740nm_3033mW_u1_poc0p2_20x0p75NA_475s50_g70_z1_256pix_basicFLIM_120f_0006.sdt,20260508_KPC_live_on_SLIM,live,KPCWT,457,colony_deep,2026-05-09 11:39:57.513476,65536,22952,71.79783645733366,0.501120135959968,0.33449592474403866,0.501525316144138,0.33497060870329437,0.07691486891598365,0.05199205919876578,0.6031027702046585,1.328752169868242,2.631228336141364
3_KPCWTlive_740nm_3033mW_u1_poc0p2_20x0p75NA_475s50_g70_z1_256pix_basicFLIM_120f_0007.sdt,20260508_KPC_live_on_SLIM,live,KPCWT,457,colony_deep,2026-05-09 11:41:04.990425,65536,22133,98.20094704569007,0.49894938397191496,0.3352664581138763,0.5002216521145829,0.3355644691817634,0.06717380196176632,0.045805509261015856,0.6023497441034414,1.3345769762894037,2.6363963717016943
3_KPCWTlive_740nm_3033mW_u1_poc0p2_20x0p75NA_475s50_g70_z1_256pix_basicFLIM_120f_0008.sdt,20260508_KPC_live_on_SLIM,live,KPCWT,457,colony_deep,2026-05-09 11:42:14.080330,65536,15067,17.947387569186787,0.511976950259043,0.308995735485296,0.5138897709222202,0.30937700392071177,0.1480484773564115,0.10654046992974228,0.5998306654493817,1.1977004174596255,2.653752345781128
3_KPCWTlive_740nm_3033mW_u1_poc0p2_20x0p75NA_475s50_g70_z1_256pix_basicFLIM_120f_0009.sdt,20260508_KPC_live_on_SLIM,live,KPCWT,457,colony_edge,2026-05-09 11:43:21.497617,65536,20521,28.97268172724472,0.5377292679904156,0.31100991021971947,0.5371079743672287,0.3125146761699305,0.11816994291318336,0.08128442196111035,0.6214100087305193,1.1575478738656886,2.5083197036036045
3_KPCWTlive_740nm_3033mW_u1_poc0p2_20x0p75NA_475s50_g70_z1_256pix_basicFLIM_120f_0010.sdt,20260508_KPC_live_on_SLIM,live,KPCWT,457,colony_edge,2026-05-09 11:44:30.137133,65536,11275,37.94749514582526,0.5150797136833135,0.3216287206591515,0.5167514625472489,0.32229055676573093,0.10622501850281513,0.07186680452007031,0.6090182895653345,1.240783503743231,2.590946950261058
3_KPCWTlive_740nm_3033mW_u1_poc0p2_20x0p75NA_475s50_g70_z1_256pix_basicFLIM_120f_0011.sdt,20260508_KPC_live_on_SLIM,live,KPCWT,457,colony_edge,2026-05-09 11:45:37.604530,65536,17996,51.64604716235554,0.5248841809564678,0.3218491265492018,0.531786929056727,0.3187158658267693,0.09570248604245038,0.06354927065629364,0.6199815650850367,1.1923291716223399,2.5177275795882235
3_KPCWTlive_740nm_3033mW_u1_poc0p2_20x0p75NA_475s50_g70_z1_256pix_basicFLIM_120f_0012.sdt,20260508_KPC_live_on_SLIM,live,KPCWT,457,no_cells,2026-05-09 11:46:46.122498,65536,3863,0.30903310697317987,0.5610982021023717,0.3022556359939968,0.5656931433222698,0.29839171317987817,0.6245199985174403,0.4405020221898372,0.6395673122480955,1.0493877442841344,2.3912258463715457
3_KPCWTlive_740nm_3033mW_u1_poc0p2_20x0p75NA_475s50_g70_z1_256pix_basicFLIM_120f_0017.sdt,20260508_KPC_live_on_SLIM,live,KPCWT,457,colony_island,2026-05-09 11:52:28.932320,65536,9449,9.233974143483266,0.5351991308090959,0.31326708660620417,0.5377425043769387,0.3132191008326417,0.20586920054527777,0.14720478335725976,0.6223127880254354,1.1587880761367697,2.5023891892270465
3_KPCWTlive_740nm_3033mW_u1_poc0p2_20x0p75NA_475s50_g70_z1_256pix_basicFLIM_120f_0018.sdt,20260508_KPC_live_on_SLIM,live,KPCWT,457,colony_island,2026-05-09 11:53:36.763440,65536,21349,39.69172395334964,0.54025370723004,0.31377661091693687,0.5509612595389792,0.3077089671634905,0.10529385752987473,0.07169639315783773,0.631065066364476,1.1110899884038594,2.4454936405662866
3_KPCWTlive_740nm_3033mW_u1_poc0p2_20x0p75NA_475s50_g70_z1_256pix_basicFLIM_120f_0019.sdt,20260508_KPC_live_on_SLIM,live,KPCWT,457,colony_island,2026-05-09 11:54:45.103647,65536,5557,39.46322009443846,0.5286635967389345,0.3204634053237194,0.5321228450439652,0.3197523893681837,0.10199222018338973,0.06824290379091051,0.620802958050577,1.1954517130622857,2.5123141693613382
3_KPCWTlive_740nm_3033mW_u1_poc0p2_20x0p75NA_475s50_g70_z1_256pix_basicFLIM_120f_0020.sdt,20260508_KPC_live_on_SLIM,live,KPCWT,457,colony_edge,2026-05-09 11:55:52.556550,65536,18854,38.12140135434481,0.5379666438019254,0.31623237385165753,0.5396867661144727,0.3177025839947373,0.09938185149097421,0.06680993228597704,0.6262561276315233,1.17114083229867,2.476621677225485
3_KPCWTlive_740nm_3033mW_u1_poc0p2_20x0p75NA_475s50_g70_z1_256pix_basicFLIM_120f_0021.sdt,20260508_KPC_live_on_SLIM,live,KPCWT,457,no_cells,2026-05-09 11:57:01.839563,65536,32767,11.85261357217362,0.49083962105331175,0.3101930166588476,0.5092327607076509,0.31357399668932506,0.17794616396194238,0.12888376027239257,0.5980356644696473,1.2250501010784114,2.666183613933563
3_KPCWTlive_740nm_3033mW_u1_poc0p2_20x0p75NA_475s50_g70_z1_256pix_basicFLIM_120f_0022.sdt,20260508_KPC_live_on_SLIM,live,KPCWT,457,no_cells,2026-05-09 11:58:09.217721,65536,11143,48.81668840870781,0.5359838974993126,0.31861675418699337,0.5396864809650825,0.31820990344889544,0.0881176637060315,0.060153761384860005,0.6265134000078767,1.173011573870681,2.4749482107746053
3_KPCWTlive_740nm_3033mW_u1_poc0p2_20x0p75NA_475s50_g70_z1_256pix_basicFLIM_120f_0023.sdt,20260508_KPC_live_on_SLIM,live,KPCWT,457,no_cells,2026-05-09 11:59:18.958063,65536,1235,0.22474874757189406,0.5406668934827308,0.3124666915844405,0.5433095868272246,0.30760997495821524,0.6458969999595205,0.4563201939332753,0.6243470219614756,1.1263754875206833,2.489068945531467
3_KPCWTlive_740nm_3033mW_u1_poc0p2_20x0p75NA_475s50_g70_z1_256pix_basicFLIM_120f_overloadedposns_0000.sdt,20260508_KPC_live_on_SLIM,live,KPCWT,457,colony_deep,2026-05-09 12:22:25.458185,65536,19074,32.52159725223919,0.521677859379102,0.3181390347240013,0.5296869955309799,0.31339802528197647,0.11298448026410447,0.07651940192491369,0.6154564448320275,1.1770830060889248,2.547728914802246
3_KPCWTlive_740nm_3033mW_u1_poc0p2_20x0p75NA_475s50_g70_z1_256pix_basicFLIM_120f_overloadedposns_0001.sdt,20260508_KPC_live_on_SLIM,live,KPCWT,457,colony_deep,2026-05-09 12:23:34.760415,65536,18674,19.240546601881526,0.5290883761292627,0.31813616280226803,0.5368787583838989,0.3144368101887133,0.14013159730144337,0.0987544327468449,0.6221810900417094,1.1651646635784136,2.5032536021668648
3_KPCWTlive_740nm_3033mW_u1_poc0p2_20x0p75NA_475s50_g70_z1_256pix_basicFLIM_120f_overloadedposns_0002.sdt,20260508_KPC_live_on_SLIM,live,KPCWT,457,colony_deep,2026-05-09 12:24:43.131684,65536,13462,30.258730754177197,0.5248074420146132,0.32029817433383445,0.5324559208635236,0.3175059782079911,0.11817611513550413,0.08154479269810247,0.6199349593791563,1.1863105449902032,2.5180350311974657
3_KPCWTlive_740nm_3033mW_u1_poc0p2_20x0p75NA_475s50_g70_z1_256pix_basicFLIM_120f_overloadedposns_0003.sdt,20260508_KPC_live_on_SLIM,live,KPCWT,457,colony_deep,2026-05-09 12:25:51.118834,65536,24589,42.86482259569738,0.521214286802358,0.32345231489172566,0.528966420801891,0.32025846278443587,0.10222215572018113,0.06898556844159835,0.6183615102195585,1.2044884943236396,2.528433584162723
3_KPCWTlive_740nm_3033mW_u1_poc0p2_20x0p75NA_475s50_g70_z1_256pix_basicFLIM_120f_overloadedposns_0004.sdt,20260508_KPC_live_on_SLIM,live,KPCWT,457,colony_deep,2026-05-09 12:26:59.939358,65536,15713,19.037757988140164,0.5225625238801772,0.3241691247879342,0.5264805661096655,0.3237392458218364,0.14147450275090961,0.09968423385324246,0.6180524943533885,1.2233286602134266,2.5304800857684264
3_KPCWTlive_740nm_3033mW_u1_poc0p2_20x0p75NA_475s50_g70_z1_256pix_basicFLIM_120f_overloadedposns_0005.sdt,20260508_KPC_live_on_SLIM,live,KPCWT,457,colony_deep,2026-05-09 12:28:08.765450,65536,10185,24.784080692405283,0.5255077976153766,0.31771667311835877,0.5299678248703641,0.31576367384390797,0.1303070067161746,0.09078238870989129,0.6169056598194143,1.185339637208353,2.538087548107316
3_KPCWTlive_740nm_3033mW_u1_poc0p2_20x0p75NA_475s50_g70_z1_256pix_basicFLIM_120f_overloadedposns_0006.sdt,20260508_KPC_live_on_SLIM,live,KPCWT,457,colony_deep,2026-05-09 12:29:19.689551,65536,14271,28.074152239296307,0.5318692459779065,0.31847302917852444,0.5417377244544508,0.31428898511153447,0.1215720964698063,0.08281602949680886,0.626304501228855,1.1541711810407975,2.4763069528948263
3_KPCWTlive_740nm_3033mW_u1_poc0p2_20x0p75NA_475s50_g70_z1_256pix_basicFLIM_120f_overloadedtwicePos10_0007.sdt,20260508_KPC_live_on_SLIM,live,KPCWT,457,colony_deep,2026-05-09 12:30:27.445544,65536,22867,38.120586511582694,0.5373824762340019,0.31822681248673745,0.5418963968044984,0.3156543369358264,0.10399351127296755,0.0696613409059216,0.6271278699723802,1.158845775871063,2.4709550602701515
3_KPCWTlive_740nm_3033mW_u1_poc0p1_20x0p75NA_475s50_g70_z1_256pix_basicFLIM_120f_overloadedposns_0000.sdt,20260508_KPC_live_on_SLIM,live,KPCWT,457,colony_deep,2026-05-09 12:34:42.104887,65536,22503,23.718587758244453,0.5174634280917585,0.3217160157136434,0.5214757192494461,0.32206073027738596,0.1274583347677218,0.08986307773683476,0.6129111189671226,1.228665959586911,2.564739206427106
3_KPCWTlive_740nm_3033mW_u1_poc0p2_20x0p75NA_535s50_g70_z1_256pix_basicFLIM_120f_0000.sdt,20260508_KPC_live_on_SLIM,live,KPCWT,535,colony_deep,2026-05-09 12:38:08.252007,65536,15013,30.528601062230866,0.5226043578804422,0.3335703846548511,0.5369704021561804,0.33062917120655955,0.11943413265806814,0.0823254952643032,0.6305972261630292,1.2249573420760758,2.4485079265558465
3_KPCWTlive_740nm_3033mW_u1_poc0p2_20x0p75NA_535s50_g70_z1_256pix_basicFLIM_120f_0001.sdt,20260508_KPC_live_on_SLIM,live,KPCWT,535,colony_deep,2026-05-09 12:38:17.834750,65536,15381,2.3316405650584118,0.4687771743065104,0.33530489742678193,0.48029962389476866,0.3333013585284432,0.47175026893978345,0.34023963691352604,0.5846174170432848,1.3805590331012842,2.760862314237349
3_KPCWTlive_740nm_3033mW_u1_poc0p25_20x0p75NA_535s50_g70_z1_256pix_basicFLIM_120f_0000.sdt,20260508_KPC_live_on_SLIM,live,KPCWT,535,colony_deep,2026-05-09 12:39:45.035340,65536,15036,55.465850727399314,0.5327147387234145,0.33474205574650423,0.5455409992468844,0.3314277583697451,0.09303853556643155,0.06193858474887428,0.6383254192629988,1.2086251559284722,2.3990930002549233
3_KPCWTlive_740nm_3033mW_u1_poc0p25_20x0p75NA_535s50_g70_z1_256pix_basicFLIM_120f_0001.sdt,20260508_KPC_live_on_SLIM,live,KPCWT,535,colony_deep,2026-05-09 12:40:53.418598,65536,14236,36.481797159952606,0.4900981465051993,0.3415198138339546,0.5007131221131088,0.33927853838722527,0.11678588017669,0.07924142214612791,0.6048334954898157,1.3480238005706384,2.6193851628983644
3_KPCWTlive_740nm_3033mW_u1_poc0p25_20x0p75NA_535s50_g70_z1_256pix_basicFLIM_120f_0002.sdt,20260508_KPC_live_on_SLIM,live,KPCWT,535,colony_deep,2026-05-09 12:42:02.044659,65536,15078,34.02502286276766,0.4552325406531787,0.3518733485685098,0.4679772100652141,0.3484124789395224,0.12143079644565437,0.08458627338327923,0.5834328792767893,1.481150338773936,2.7693737294430134
3_KPCWTlive_740nm_3033mW_u1_poc0p25_20x0p75NA_535s50_g70_z1_256pix_basicFLIM_120f_0003.sdt,20260508_KPC_live_on_SLIM,live,KPCWT,535,colony_deep,2026-05-09 12:43:09.589850,65536,16153,57.126901383440035,0.5483726808740848,0.33048178137414513,0.5665375171590272,0.32485824243426126,0.09249551111873251,0.061559972551250224,0.6530678647936923,1.1407628250911799,2.3069566654880176
3_KPCWTlive_740nm_3033mW_u1_poc0p25_20x0p75NA_535s50_g70_z1_256pix_basicFLIM_120f_0004.sdt,20260508_KPC_live_on_SLIM,live,KPCWT,535,colony_deep,2026-05-09 12:44:18.554667,65536,32768,30.684699019248285,0.46377894401940295,0.3486710398825791,0.483746926238356,0.3436261634972963,0.12674000208118535,0.08505608992397079,0.5933717459442505,1.4131821705196552,2.6987373112711595
3_KPCWTlive_740nm_3033mW_u1_poc0p25_20x0p75NA_535s50_g70_z1_256pix_basicFLIM_120f_0005.sdt,20260508_KPC_live_on_SLIM,live,KPCWT,535,colony_deep,2026-05-09 12:45:26.530480,65536,14335,59.0320480730889,0.5577596277186206,0.3274469581482221,0.5664072269875883,0.3248243794526121,0.09638025525428572,0.060316659959503756,0.6529379942004783,1.1409062941691053,2.3077567041923337
3_KPCWTlive_740nm_3033mW_u1_poc0p25_20x0p75NA_535s50_g70_z1_256pix_basicFLIM_120f_0006.sdt,20260508_KPC_live_on_SLIM,live,KPCWT,535,colony_deep,2026-05-09 12:46:35.507242,65536,21784,59.37505375503692,0.5450970210197228,0.3343950525463545,0.5515318597769421,0.33317599989591823,0.08695215269268572,0.05747038165583726,0.6443552120186951,1.2018029050140895,2.361080762609968
3_KPCWTlive_740nm_3033mW_u1_poc0p25_20x0p75NA_535s50_g70_z1_256pix_basicFLIM_120f_0007.sdt,20260508_KPC_live_on_SLIM,live,KPCWT,535,colony_deep,2026-05-09 12:47:42.980559,65536,20595,77.14637530575965,0.560665857787724,0.3303625061327403,0.5666391528202919,0.3290915748293192,0.07624730487652939,0.04978994575516303,0.6552718475049416,1.1554211927311349,2.2934098594020855
3_KPCWTlive_740nm_3033mW_u1_poc0p25_20x0p75NA_535s50_g70_z1_256pix_basicFLIM_120f_0008.sdt,20260508_KPC_live_on_SLIM,live,KPCWT,535,colony_deep,2026-05-09 12:48:52.073911,65536,9984,31.194242052291003,0.4603766249969108,0.34704905779597434,0.4738555027011331,0.3434226778303285,0.13031291066557982,0.08888100638319066,0.5852163472497134,1.4418271085538439,2.75656845930661
3_KPCWTlive_740nm_3033mW_u1_poc0p25_20x0p75NA_535s50_g70_z1_256pix_basicFLIM_120f_0009.sdt,20260508_KPC_live_on_SLIM,live,KPCWT,535,colony_edge,2026-05-09 12:49:59.831190,65536,15565,38.02796898198628,0.5211005711370039,0.33282634832082475,0.5353044901318804,0.32919834293799777,0.11390392412976279,0.07500651069362257,0.6284285529385787,1.2234518975204032,2.4625199449885558
3_KPCWTlive_740nm_3033mW_u1_poc0p25_20x0p75NA_535s50_g70_z1_256pix_basicFLIM_120f_0010.sdt,20260508_KPC_live_on_SLIM,live,KPCWT,535,colony_edge,2026-05-09 12:51:08.392034,65536,8031,40.47690959639415,0.5176156701863311,0.3354296068087448,0.5330374825491607,0.3305308686041198,0.11398740810558533,0.07591291495104364,0.6271998189592697,1.2336285745616336,2.4704878437953837
3_KPCWTlive_740nm_3033mW_u1_poc0p25_20x0p75NA_535s50_g70_z1_256pix_basicFLIM_120f_0011.sdt,20260508_KPC_live_on_SLIM,live,KPCWT,535,colony_edge,2026-05-09 12:52:15.838999,65536,32768,37.178288094189284,0.5175346470895023,0.33276702052387314,0.5393451733533466,0.3242708423008547,0.11370097116362561,0.07609477500569083,0.6293209000073471,1.1961103483107969,2.456746543640787
3_KPCWTlive_740nm_3033mW_u1_poc0p25_20x0p75NA_535s50_g70_z1_256pix_basicFLIM_120f_0012.sdt,20260508_KPC_live_on_SLIM,live,KPCWT,535,colony_edge,2026-05-09 12:53:24.043830,65536,32768,28.26893777961862,0.4834671462705513,0.33647115295911095,0.5027607920766608,0.3283068767106986,0.1279767535520151,0.08537484070045452,0.600461338759695,1.2991183656083956,2.64939732390731
3_KPCWTlive_740nm_3033mW_u1_poc0p25_20x0p75NA_535s50_g70_z1_256pix_basicFLIM_120f_0013.sdt,20260508_KPC_live_on_SLIM,live,KPCWT,535,colony_island,2026-05-09 12:54:32.938109,65536,17188,34.61211657195983,0.4808287118255642,0.34448106431827435,0.5020717183169418,0.33565576179619655,0.12165696764699696,0.08230435347991419,0.6039377457658294,1.3300209840095318,2.6255086439167545
3_KPCWTlive_740nm_3033mW_u1_poc0p25_20x0p75NA_535s50_g70_z1_256pix_basicFLIM_120f_0014.sdt,20260508_KPC_live_on_SLIM,live,KPCWT,535,colony_edge,2026-05-09 12:55:41.335918,65536,5050,51.45507158126825,0.5529555516212753,0.32546300874224254,0.5998586828981465,0.3063583298828099,0.11480232664998419,0.07187321518529347,0.6735620726680531,1.0160401930554719,2.18310054647276
3_KPCWTlive_740nm_3033mW_u1_poc0p25_20x0p75NA_535s50_g70_z1_256pix_basicFLIM_120f_0015.sdt,20260508_KPC_live_on_SLIM,live,KPCWT,535,colony_edge,2026-05-09 12:56:49.184814,65536,32768,38.56597649044267,0.5359894329949098,0.32540533874344973,0.5630241636682923,0.31721094044159476,0.10865056557648102,0.07348397089302376,0.6462344695311609,1.1208597346243834,2.349327856681087
3_KPCWTlive_740nm_3033mW_u1_poc0p25_20x0p75NA_535s50_g70_z1_256pix_basicFLIM_120f_0016.sdt,20260508_KPC_live_on_SLIM,live,KPCWT,535,colony_edge,2026-05-09 12:57:57.511858,65536,26274,43.55405510373697,0.5305824576583226,0.3331493662038051,0.5433216636950872,0.32956090845071173,0.10432278164598571,0.06856278419221966,0.6354595365711776,1.2067264001832176,2.4173248434001895
3_KPCWTlive_740nm_3033mW_u1_poc0p25_20x0p75NA_535s50_g70_z1_256pix_basicFLIM_120f_0017.sdt,20260508_KPC_live_on_SLIM,live,KPCWT,535,colony_island,2026-05-09 12:59:06.026705,65536,32768,30.620092293660427,0.45395258297902985,0.3438495225077298,0.48021813985895334,0.33323852812052485,0.1337720759929578,0.08994448764989811,0.5845146520606024,1.3805329957607042,2.7615997122687994
3_KPCWTlive_740nm_3033mW_u1_poc0p25_20x0p75NA_535s50_g70_z1_256pix_basicFLIM_120f_0018.sdt,20260508_KPC_live_on_SLIM,live,KPCWT,535,colony_island,2026-05-09 13:00:13.586287,65536,32768,35.31239769295172,0.5174704430715098,0.328421390097881,0.5492225367799269,0.3139247279115522,0.11904141091012067,0.0788348044022142,0.6326089864215654,1.1371226793339375,2.435567351030314
3_KPCWTlive_740nm_3033mW_u1_poc0p25_20x0p75NA_535s50_g70_z1_256pix_basicFLIM_120f_0019.sdt,20260508_KPC_live_on_SLIM,live,KPCWT,535,colony_island,2026-05-09 13:01:21.537158,65536,14372,40.652711806900754,0.49797409192727354,0.3441967113170524,0.5154038822743874,0.33917252809071563,0.10843790065277432,0.07415029414161288,0.6169920304792906,1.3091913512662015,2.5375139317269717
3_KPCWTlive_740nm_3033mW_u1_poc0p25_20x0p75NA_535s50_g70_z1_256pix_basicFLIM_120f_0020.sdt,20260508_KPC_live_on_SLIM,live,KPCWT,535,colony_edge,2026-05-09 13:02:29.098139,65536,26057,36.68350957837229,0.5287413185249922,0.32920902123360424,0.5448679487865814,0.3261043206130221,0.10947008302889419,0.073617562241217,0.6350000862498976,1.1906810334680695,2.4202578155905363
3_KPCWTlive_740nm_3033mW_u1_poc0p25_20x0p75NA_535s50_g70_z1_256pix_basicFLIM_120f_0021.sdt,20260508_KPC_live_on_SLIM,live,KPCWT,535,no_cells,2026-05-09 13:03:37.927846,65536,7981,34.40487858801518,0.48855597616720403,0.3392554597124027,0.49676568255708903,0.3374831540221015,0.11969540205135973,0.07968597755862203,0.6005589251814646,1.351545458423656,2.6487240422792837
3_KPCWTlive_740nm_3033mW_u1_poc0p25_20x0p75NA_535s50_g70_z1_256pix_basicFLIM_120f_0022.sdt,20260508_KPC_live_on_SLIM,live,KPCWT,535,no_cells,2026-05-09 13:04:45.300435,65536,15570,44.70402427053692,0.5389942637869666,0.3264003320311748,0.5501086386876985,0.32379708270961155,0.10448080967466558,0.0682545756593365,0.6383291197572675,1.170993842118752,2.399069528537282
3_KPCWTlive_740nm_3033mW_u1_poc0p25_20x0p75NA_535s50_g70_z1_256pix_basicFLIM_120f_0023.sdt,20260508_KPC_live_on_SLIM,live,KPCWT,535,colony_edge,2026-05-09 13:05:54.997546,65536,32768,30.122960971454937,0.47736703041426753,0.34165726746901187,0.50753420835231,0.33050090024487483,0.1324953888329753,0.08553005145377145,0.6056581690281068,1.2955001629609324,2.613758969867661
3_KPCWTlive_740nm_3033mW_u1_poc0p25_20x0p75NA_535s50_g70_z1_256pix_basicFLIM_120f_0024.sdt,20260508_KPC_live_on_SLIM,live,KPCWT,535,colony_edge,2026-05-09 13:07:02.568758,65536,32768,36.32453110465565,0.5321494554635586,0.32774057906008586,0.5549564250062357,0.31880753983702187,0.11466459471421189,0.07478811987867545,0.6400116257636543,1.1428779263943616,2.3884160600636575
3_KPCWTform20min_740nm_3006mW_u1_poc0p25_20x0p75NA_475s50_g70_z1_256pix_basicFLIM_120f_0000.sdt,20260509_KPC_fixed_dishes_on_SLIM,form,KPCWT,457,colony_deep,2026-05-10 09:49:23.986573,65536,22134,11.755036350688325,0.3526094773586163,0.2602885283072376,0.3717381213687451,0.2677741466278717,0.22343822802930302,0.18258881287472178,0.45813996167224796,1.4330511393047751,3.8598918587670403
3_KPCWTform20min_740nm_3006mW_u1_poc0p25_20x0p75NA_475s50_g70_z1_256pix_basicFLIM_120f_0001.sdt,20260509_KPC_fixed_dishes_on_SLIM,form,KPCWT,457,colony_deep,2026-05-10 09:50:31.724045,65536,19349,16.387787467760933,0.4532596662474372,0.29495926642579157,0.4722910721464294,0.3004927205953546,0.18079213510221054,0.1342131570884071,0.5597809678436929,1.265768735277268,2.944952075548845
3_KPCWTform20min_740nm_3006mW_u1_poc0p25_20x0p75NA_475s50_g70_z1_256pix_basicFLIM_120f_0002.sdt,20260509_KPC_fixed_dishes_on_SLIM,form,KPCWT,457,colony_deep,2026-05-10 09:51:39.997918,65536,25100,23.66584084851238,0.5112592421560699,0.31793659073563074,0.5192987136854316,0.3192878597443083,0.13448790448477624,0.09710703662541621,0.6096030605364813,1.2231938913082092,2.5869950793881413
3_KPCWTform20min_740nm_3006mW_u1_poc0p25_20x0p75NA_475s50_g70_z1_256pix_basicFLIM_120f_0003.sdt,20260509_KPC_fixed_dishes_on_SLIM,form,KPCWT,457,colony_deep,2026-05-10 09:52:48.532127,65536,17976,16.80561963061595,0.4853766596436171,0.3093468631989842,0.4955494518760364,0.3124930184819861,0.1592636022055003,0.11795625961697193,0.58585078804643,1.2545369686322556,2.752027105258927
3_KPCWTform20min_740nm_3006mW_u1_poc0p25_20x0p75NA_475s50_g70_z1_256pix_basicFLIM_120f_0004.sdt,20260509_KPC_fixed_dishes_on_SLIM,form,KPCWT,457,colony_deep,2026-05-10 09:53:56.661987,65536,29825,17.722967993097736,0.5004168264736945,0.3163655516588492,0.5091507999791215,0.3181327097599887,0.15279390369293078,0.11227059521406248,0.6003690183034203,1.2430598488600457,2.650034418532916
3_KPCWTform20min_740nm_3006mW_u1_poc0p25_20x0p75NA_475s50_g70_z1_256pix_basicFLIM_120f_0005.sdt,20260509_KPC_fixed_dishes_on_SLIM,form,KPCWT,457,colony_deep,2026-05-10 09:55:05.186332,65536,23089,41.141982144255444,0.5429848720776735,0.31972982353745033,0.548472270921203,0.320194331827076,0.09907749044733974,0.07146221777228129,0.6350954590482042,1.1614194865014207,2.419648757599777
3_KPCWTform20min_740nm_3006mW_u1_poc0p25_20x0p75NA_475s50_g70_z1_256pix_basicFLIM_120f_0006.sdt,20260509_KPC_fixed_dishes_on_SLIM,form,KPCWT,457,colony_deep,2026-05-10 09:56:13.718845,65536,23951,30.749757351985515,0.5254723115073272,0.3241821802483823,0.5310301543997206,0.3245042513865535,0.11482972794753586,0.0827299379152166,0.6223311289416098,1.2157138166872665,2.502268826635701
3_KPCWTform20min_740nm_3006mW_u1_poc0p25_20x0p75NA_475s50_g70_z1_256pix_basicFLIM_120f_0007.sdt,20260509_KPC_fixed_dishes_on_SLIM,form,KPCWT,457,colony_deep,2026-05-10 09:57:22.350927,65536,20706,14.145703557871599,0.47666042154958066,0.3043951945943435,0.49751478617452805,0.3053870230026266,0.18869244982642275,0.1389673488237682,0.5837655319395735,1.2211660742967383,2.7669808909675035
3_KPCWTform20min_740nm_3006mW_u1_poc0p25_20x0p75NA_475s50_g70_z1_256pix_basicFLIM_120f_0008.sdt,20260509_KPC_fixed_dishes_on_SLIM,form,KPCWT,457,colony_deep,2026-05-10 09:58:30.610877,65536,22619,12.679237141182751,0.48534906354378227,0.3042045293115863,0.506872661283325,0.30804600253265835,0.19812131227710217,0.14562584116837263,0.5931376184603291,1.2090572185981094,2.700381290497808
3_KPCWTform20min_740nm_3006mW_u1_poc0p25_20x0p75NA_475s50_g70_z1_256pix_basicFLIM_120f_0009.sdt,20260509_KPC_fixed_dishes_on_SLIM,form,KPCWT,457,colony_edge,2026-05-10 09:59:39.147091,65536,21486,12.538726717029848,0.48824402351120627,0.3066929310901688,0.5058927648102196,0.3124029769282007,0.18905014936293615,0.14166167536483026,0.5945780936772983,1.2285330378612596,2.69028160940711
3_KPCWTform20min_740nm_3006mW_u1_poc0p25_20x0p75NA_475s50_g70_z1_256pix_basicFLIM_120f_0010.sdt,20260509_KPC_fixed_dishes_on_SLIM,form,KPCWT,457,colony_edge,2026-05-10 10:00:47.135168,65536,17328,9.902968997973248,0.4844761955661315,0.30168888169272084,0.5053286750091424,0.3078277519294782,0.21557611219974232,0.1619665403940831,0.5917051585413564,1.211892149687424,2.7104602807790323
3_KPCWTform20min_740nm_3006mW_u1_poc0p25_20x0p75NA_475s50_g70_z1_256pix_basicFLIM_120f_0011.sdt,20260509_KPC_fixed_dishes_on_SLIM,form,KPCWT,457,colony_edge,2026-05-10 10:01:56.877086,65536,19048,12.469201297996412,0.4948272917633904,0.3083899515872344,0.5152435750541766,0.31385547123629826,0.1963969630047339,0.14683427885499045,0.6033085433338133,1.211845525158677,2.6298177141439742
3_KPCWTform20min_740nm_3006mW_u1_poc0p25_20x0p75NA_535s50_g70_z1_256pix_basicFLIM_120f_0000.sdt,20260509_KPC_fixed_dishes_on_SLIM,form,KPCWT,535,colony_deep,2026-05-10 10:04:45.528851,65536,15807,5.032529657331023,0.45151033198010737,0.30707642555427994,0.46896030902753955,0.3131372537075237,0.32204800787908716,0.23949013046450512,0.5638960108944693,1.3283997823056344,2.913601069644497
3_KPCWTform20min_740nm_3006mW_u1_poc0p25_20x0p75NA_535s50_g70_z1_256pix_basicFLIM_120f_0001.sdt,20260509_KPC_fixed_dishes_on_SLIM,form,KPCWT,535,colony_deep,2026-05-10 10:05:53.280513,65536,16867,11.356015961547435,0.48167953575890404,0.32958166065694977,0.4978339523331748,0.33472096420635006,0.20222653077527647,0.1525146865073822,0.5998972978559733,1.3376070414707628,2.6532919146079252
3_KPCWTform20min_740nm_3006mW_u1_poc0p25_20x0p75NA_535s50_g70_z1_256pix_basicFLIM_120f_0002.sdt,20260509_KPC_fixed_dishes_on_SLIM,form,KPCWT,535,colony_deep,2026-05-10 10:07:01.667585,65536,22622,18.245225467782547,0.5127673797206351,0.33848877415822454,0.522610537578347,0.3391348726109866,0.15171439468227754,0.10888746954582892,0.6230042020795677,1.2909946190758521,2.497855123846864
3_KPCWTform20min_740nm_3006mW_u1_poc0p25_20x0p75NA_535s50_g70_z1_256pix_basicFLIM_120f_0003.sdt,20260509_KPC_fixed_dishes_on_SLIM,form,KPCWT,535,colony_deep,2026-05-10 10:08:10.136197,65536,10898,15.421226523995774,0.5040235813799394,0.3403207448916646,0.5154437685366747,0.3413548337127086,0.15745944108629142,0.11604835885060055,0.6182276288086129,1.31751299680869,2.5293200593985588
3_KPCWTform20min_740nm_3006mW_u1_poc0p25_20x0p75NA_535s50_g70_z1_256pix_basicFLIM_120f_0004.sdt,20260509_KPC_fixed_dishes_on_SLIM,form,KPCWT,535,colony_deep,2026-05-10 10:09:18.404228,65536,26471,17.539869082199882,0.5066438432506959,0.3404444394886427,0.5173033528172041,0.34210207749334043,0.15059635371760952,0.10997215573570854,0.620190769248608,1.3156505843852373,2.5163478792131335
3_KPCWTform20min_740nm_3006mW_u1_poc0p25_20x0p75NA_535s50_g70_z1_256pix_basicFLIM_120f_0005.sdt,20260509_KPC_fixed_dishes_on_SLIM,form,KPCWT,535,colony_deep,2026-05-10 10:10:26.894777,65536,23857,47.804376280046654,0.5473332661961448,0.34294861874194255,0.5523913979860002,0.3433922987034685,0.0898573024748185,0.06415996873567416,0.6504264196492788,1.2367268470691037,2.323268242624929
3_KPCWTform20min_740nm_3006mW_u1_poc0p25_20x0p75NA_535s50_g70_z1_256pix_basicFLIM_120f_0006.sdt,20260509_KPC_fixed_dishes_on_SLIM,form,KPCWT,535,colony_deep,2026-05-10 10:11:35.213831,65536,18726,33.787041241800154,0.5227807089486163,0.3442777213352366,0.5298759836056847,0.3446330913597963,0.10947111852304864,0.07853769981781783,0.6320921813013523,1.293936263861929,2.438886429417503
3_KPCWTform20min_740nm_3006mW_u1_poc0p25_20x0p75NA_535s50_g70_z1_256pix_basicFLIM_120f_0007.sdt,20260509_KPC_fixed_dishes_on_SLIM,form,KPCWT,535,colony_deep,2026-05-10 10:12:43.940148,65536,20499,13.571208280689032,0.4770569532649394,0.3287490622427107,0.5000818886391734,0.3306597023662386,0.19179580856185863,0.14119868688149753,0.599514582069404,1.315437714013408,2.6559374903982973
3_KPCWTform20min_740nm_3006mW_u1_poc0p25_20x0p75NA_535s50_g70_z1_256pix_basicFLIM_120f_0008.sdt,20260509_KPC_fixed_dishes_on_SLIM,form,KPCWT,535,colony_deep,2026-05-10 10:13:51.730675,65536,23403,12.887748514017545,0.4586909371183995,0.3249458979248313,0.48058934516009744,0.32922764321113024,0.19945768365991254,0.14445694799953732,0.5825435260439914,1.3628633090609557,2.775780985953461
3_KPCWTform20min_740nm_3006mW_u1_poc0p25_20x0p75NA_535s50_g70_z1_256pix_basicFLIM_120f_0009.sdt,20260509_KPC_fixed_dishes_on_SLIM,form,KPCWT,535,colony_edge,2026-05-10 10:15:00.394754,65536,18515,12.888950855717479,0.4817160836046936,0.3258217278644306,0.5021453737013665,0.3313949215457146,0.18991736668426043,0.1397143250322718,0.6016415630223492,1.312944981718543,2.64126507502631
3_KPCWTform20min_740nm_3006mW_u1_poc0p25_20x0p75NA_535s50_g70_z1_256pix_basicFLIM_120f_0010.sdt,20260509_KPC_fixed_dishes_on_SLIM,form,KPCWT,535,colony_edge,2026-05-10 10:16:08.645323,65536,14716,10.42073065366242,0.46059421807316914,0.32085902642081787,0.4836845824668112,0.32805978594303464,0.2138274097140413,0.15993956917098395,0.5844433235730246,1.3493384546241372,2.762111648207523
3_KPCWTform20min_740nm_3006mW_u1_poc0p25_20x0p75NA_535s50_g70_z1_256pix_basicFLIM_120f_0011.sdt,20260509_KPC_fixed_dishes_on_SLIM,form,KPCWT,535,colony_edge,2026-05-10 10:17:17.867546,65536,15696,11.387506802144593,0.47560105637831396,0.32321717279572293,0.5026320622487566,0.3295262831098518,0.21231545222415701,0.15381654101041572,0.6010212652316324,1.304277541532867,2.6455363356891417
3_KPCWTform20min_740nm_3006mW_u1_poc0p6_20x0p75NA_457s50_g70_z1_256pix_basicFLIM_120f_0000.sdt,20260509_KPC_fixed_dishes_on_SLIM,form,KPCWT,457,colony_deep,2026-05-10 10:32:29.073243,65536,17505,45.93253850421422,0.5019192619732236,0.32302209640833074,0.5067818231304738,0.3244598418140505,0.09447111843745953,0.0677219235088037,0.601749121482903,1.2737085591521333,2.6405250885593787
3_KPCWTform20min_740nm_3006mW_u1_poc0p6_20x0p75NA_457s50_g70_z1_256pix_basicFLIM_120f_0001.sdt,20260509_KPC_fixed_dishes_on_SLIM,form,KPCWT,457,colony_deep,2026-05-10 10:33:37.261296,65536,18371,98.74709307849753,0.4677456941292127,0.32663482971803354,0.47228921800090884,0.32876819908498606,0.06899080810236351,0.047846681935917616,0.575452547278657,1.3848792758088957,2.827394513416921
3_KPCWTform20min_740nm_3006mW_u1_poc0p6_20x0p75NA_457s50_g70_z1_256pix_basicFLIM_120f_0002.sdt,20260509_KPC_fixed_dishes_on_SLIM,form,KPCWT,457,colony_deep,2026-05-10 10:34:45.714845,65536,24363,166.1981276620167,0.4866050880150488,0.33140869311205656,0.48887747289825945,0.3319542142736928,0.05190481844341133,0.0354808443468708,0.5909270546196486,1.3508536650460305,2.7159500805625876
3_KPCWTform20min_740nm_3006mW_u1_poc0p6_20x0p75NA_457s50_g70_z1_256pix_basicFLIM_120f_0003.sdt,20260509_KPC_fixed_dishes_on_SLIM,form,KPCWT,457,colony_deep,2026-05-10 10:35:54.662230,65536,10963,142.71258595290462,0.4819390983385217,0.33294185145010946,0.484501112645952,0.33365894785136285,0.05503495673468495,0.03691248930685189,0.5882768239837806,1.370055441342984,2.734728156316373
3_KPCWTform20min_740nm_3006mW_u1_poc0p6_20x0p75NA_457s50_g70_z1_256pix_basicFLIM_120f_0004.sdt,20260509_KPC_fixed_dishes_on_SLIM,form,KPCWT,457,colony_deep,2026-05-10 10:37:03.229912,65536,29156,165.03550125227687,0.47926747541978776,0.33212833520146545,0.48265365165578694,0.3328343720879423,0.05128168882903658,0.034842456948878275,0.5862876995979368,1.3719008280305436,2.748903897010921
3_KPCWTform20min_740nm_3006mW_u1_poc0p6_20x0p75NA_457s50_g70_z1_256pix_basicFLIM_120f_0005.sdt,20260509_KPC_fixed_dishes_on_SLIM,form,KPCWT,457,colony_deep,2026-05-10 10:38:12.023509,65536,26257,376.17071986291745,0.4980905609183045,0.3306200004492008,0.4994720142311735,0.3308671074842799,0.036369944577468304,0.02395379425698509,0.5991204685329651,1.3178700248025321,2.658664395726399
3_KPCWTform20min_740nm_3006mW_u1_poc0p6_20x0p75NA_457s50_g70_z1_256pix_basicFLIM_120f_0006.sdt,20260509_KPC_fixed_dishes_on_SLIM,form,KPCWT,457,colony_deep,2026-05-10 10:39:20.821508,65536,27769,284.1901133783312,0.4870672097943334,0.33332913077185083,0.48904513778663217,0.3336003604720214,0.04224083315507781,0.027571780417490185,0.5919918473254582,1.3570870632376328,2.7084402490116526
3_KPCWTform20min_740nm_3006mW_u1_poc0p6_20x0p75NA_457s50_g70_z1_256pix_basicFLIM_120f_0007.sdt,20260509_KPC_fixed_dishes_on_SLIM,form,KPCWT,457,colony_deep,2026-05-10 10:40:29.586347,65536,21141,120.44251698494253,0.457360877115416,0.3199691219815183,0.46557702269813217,0.32252209767228124,0.06550917501352481,0.045416974200373,0.5663766128217033,1.378155052719179,2.894871406327314
3_KPCWTform20min_740nm_3006mW_u1_poc0p6_20x0p75NA_457s50_g70_z1_256pix_basicFLIM_120f_0008.sdt,20260509_KPC_fixed_dishes_on_SLIM,form,KPCWT,457,colony_deep,2026-05-10 10:41:37.456727,65536,25775,116.99996860390874,0.4387479174652602,0.3119875181002325,0.449049756988817,0.3153917525598075,0.07016230420799786,0.04748604793682398,0.5487418717707465,1.3972882639695807,3.030847487664071
3_KPCWTform20min_740nm_3006mW_u1_poc0p6_20x0p75NA_457s50_g70_z1_256pix_basicFLIM_120f_0009.sdt,20260509_KPC_fixed_dishes_on_SLIM,form,KPCWT,457,colony_edge,2026-05-10 10:42:46.547624,65536,22119,114.10883197228887,0.44305294251560945,0.31635950536650276,0.45296112389041654,0.3207553736306194,0.06618579659689765,0.04599976870913917,0.5550295392760529,1.4087799301113744,2.9815971156752488
3_KPCWTform20min_740nm_3006mW_u1_poc0p6_20x0p75NA_457s50_g70_z1_256pix_basicFLIM_120f_0010.sdt,20260509_KPC_fixed_dishes_on_SLIM,form,KPCWT,457,colony_edge,2026-05-10 10:43:54.761886,65536,17272,83.60623635058563,0.4341542083441331,0.30968650154297983,0.44568247475473105,0.31551911437834185,0.0793982782522079,0.05480297233808533,0.5460633478284316,1.4084137681464093,3.0520973708175685
3_KPCWTform20min_740nm_3006mW_u1_poc0p6_20x0p75NA_457s50_g70_z1_256pix_basicFLIM_120f_0011.sdt,20260509_KPC_fixed_dishes_on_SLIM,form,KPCWT,457,colony_edge,2026-05-10 10:45:04.073673,65536,20055,87.32897199252254,0.46659770541631496,0.323938402357739,0.47441786473873265,0.3269179024300404,0.07434796909241786,0.05103086521982587,0.5761489610443776,1.3709064314438475,2.8222833758063985
3_KPCWTform20min_740nm_3006mW_u1_poc0p6_20x0p75NA_457s50_g70_z1_256pix_basicFLIM_120f_0012.sdt,20260509_KPC_fixed_dishes_on_SLIM,form,KPCWT,457,colony_deep,2026-05-10 11:11:11.619324,65536,19983,33.920311713451035,0.463987385972582,0.33611783834774284,0.46764306570381575,0.3375054377862575,0.11227277729453977,0.08050738066706548,0.5767147973098633,1.435808169828026,2.818137409244152
3_KPCWTform20min_740nm_3006mW_u1_poc0p6_20x0p75NA_457s50_g70_z1_256pix_basicFLIM_120f_0013.sdt,20260509_KPC_fixed_dishes_on_SLIM,form,KPCWT,457,colony_deep,2026-05-10 11:12:19.691200,65536,17530,66.32042961937077,0.4455080720879189,0.341092290931615,0.4470384558382329,0.34265726638864713,0.07995282235246541,0.05814634110564718,0.5632560547452392,1.5249134895411556,2.9184535261768896
3_KPCWTform20min_740nm_3006mW_u1_poc0p6_20x0p75NA_457s50_g70_z1_256pix_basicFLIM_120f_0014.sdt,20260509_KPC_fixed_dishes_on_SLIM,form,KPCWT,457,colony_deep,2026-05-10 11:13:28.034346,65536,24370,116.1973827481473,0.47122548477524745,0.3476568850828256,0.4711238505693249,0.3480190710363761,0.06013048838407573,0.04248431960323393,0.5857260079425275,1.4695964601122,2.7529197121029125
3_KPCWTform20min_740nm_3006mW_u1_poc0p6_20x0p75NA_457s50_g70_z1_256pix_basicFLIM_120f_0015.sdt,20260509_KPC_fixed_dishes_on_SLIM,form,KPCWT,457,colony_deep,2026-05-10 11:14:36.903973,65536,9997,110.71461875742,0.46425833270026445,0.3504684101866764,0.46439937237524515,0.3507906720380823,0.05812695695004939,0.04098769515289847,0.581997313268241,1.5027493781870562,2.7797233312256373
3_KPCWTform20min_740nm_3006mW_u1_poc0p6_20x0p75NA_457s50_g70_z1_256pix_basicFLIM_120f_0016.sdt,20260509_KPC_fixed_dishes_on_SLIM,form,KPCWT,457,colony_deep,2026-05-10 11:15:45.580541,65536,27919,123.65937266843368,0.4602027473685984,0.34794371696201104,0.4607149161414216,0.34859006633323214,0.056047648795470924,0.03982838598501683,0.5777311384211555,1.5052647045357281,2.810705840725958
3_KPCWTform20min_740nm_3006mW_u1_poc0p6_20x0p75NA_457s50_g70_z1_256pix_basicFLIM_120f_0017.sdt,20260509_KPC_fixed_dishes_on_SLIM,form,KPCWT,457,colony_deep,2026-05-10 11:16:54.551664,65536,26629,289.8660117528296,0.4684578507721058,0.35096392636402746,0.46839372471196566,0.35110754648712894,0.040093895641687,0.02708827807857048,0.5853795269308281,1.4912801621823923,2.7553997171747233
3_KPCWTform20min_740nm_3006mW_u1_poc0p6_20x0p75NA_457s50_g70_z1_256pix_basicFLIM_120f_0018.sdt,20260509_KPC_fixed_dishes_on_SLIM,form,KPCWT,457,colony_deep,2026-05-10 11:18:03.271286,65536,26218,208.9331644090135,0.46491287447116453,0.35082306682719877,0.4650346332213249,0.3511047398201396,0.04546045356130309,0.03197149880312125,0.5826935287262595,1.5020401410289674,2.774699288300824
3_KPCWTform20min_740nm_3006mW_u1_poc0p6_20x0p75NA_457s50_g70_z1_256pix_basicFLIM_120f_0019.sdt,20260509_KPC_fixed_dishes_on_SLIM,form,KPCWT,457,colony_deep,2026-05-10 11:19:12.238437,65536,20026,88.03257416401182,0.4338712256075403,0.33522880077594314,0.43791010347234227,0.33636027002955815,0.07133343059547487,0.05164334311252035,0.5521806678773848,1.528093300726674,3.0038033751529696
3_KPCWTform20min_740nm_3006mW_u1_poc0p6_20x0p75NA_457s50_g70_z1_256pix_basicFLIM_120f_0020.sdt,20260509_KPC_fixed_dishes_on_SLIM,form,KPCWT,457,colony_deep,2026-05-10 11:20:20.206460,65536,25228,83.79095973828149,0.4202494177807657,0.32798026289275595,0.4247743257357495,0.33072331040374225,0.07506814816118315,0.05439058242240012,0.5383410961915045,1.548947478031418,3.1142934995429123
3_KPCWTform20min_740nm_3006mW_u1_poc0p6_20x0p75NA_457s50_g70_z1_256pix_basicFLIM_120f_0021.sdt,20260509_KPC_fixed_dishes_on_SLIM,form,KPCWT,457,colony_edge,2026-05-10 11:21:29.171293,65536,18958,82.84940424267589,0.42851528838985986,0.33208332999066276,0.4343753407565022,0.3356875002959784,0.07186108477961294,0.052417192571261345,0.5489699759661633,1.5374469955298473,3.0290453681799545
3_KPCWTform20min_740nm_3006mW_u1_poc0p6_20x0p75NA_457s50_g70_z1_256pix_basicFLIM_120f_0022.sdt,20260509_KPC_fixed_dishes_on_SLIM,form,KPCWT,457,colony_edge,2026-05-10 11:22:37.271576,65536,13908,62.29980934574179,0.4163725199918647,0.3253474207182316,0.42360051459124864,0.32929971517957135,0.08320372521742497,0.061501449351446504,0.5365404909038249,1.546553758325651,3.1289998739133775
3_KPCWTform20min_740nm_3006mW_u1_poc0p6_20x0p75NA_457s50_g70_z1_256pix_basicFLIM_120f_0023.sdt,20260509_KPC_fixed_dishes_on_SLIM,form,KPCWT,457,colony_edge,2026-05-10 11:23:46.691777,65536,18249,63.10369510702609,0.44390197371794415,0.3396859003869163,0.4472752204675323,0.34160402929132727,0.08248990516040224,0.05892269968572964,0.5628040828497513,1.519421581889587,2.9218856979478454
4_BKOCO2form20min_740nm_2995mW_u1_poc0p25_20x0p75NA_457s50_g70_z1_256pix_basicFLIM_120f_0000.sdt,20260509_KPC_fixed_dishes_on_SLIM,form,BKO,457,colony_deep,2026-05-10 11:52:24.900548,65536,21023,19.3601993150872,0.5038017566490018,0.31326053066271803,0.5177982618532225,0.3153701096205969,0.15532921887445778,0.11175808184913348,0.6062782744089761,1.2116859872682122,2.609535572474529
4_BKOCO2form20min_740nm_2995mW_u1_poc0p25_20x0p75NA_457s50_g70_z1_256pix_basicFLIM_120f_0001.sdt,20260509_KPC_fixed_dishes_on_SLIM,form,BKO,457,colony_deep,2026-05-10 11:53:33.720786,65536,15086,18.20654074322995,0.5081083327459673,0.31335609287455646,0.5253965584253213,0.31750229318725803,0.16225209002877825,0.1175571912816848,0.6138804849352515,1.2022361631758487,2.558249384069659
4_BKOCO2form20min_740nm_2995mW_u1_poc0p25_20x0p75NA_457s50_g70_z1_256pix_basicFLIM_120f_0002.sdt,20260509_KPC_fixed_dishes_on_SLIM,form,BKO,457,colony_deep,2026-05-10 11:54:41.946839,65536,19241,14.133479555142372,0.48937738717588997,0.2982950253271214,0.5039521899580393,0.3018912198438969,0.18189385103785294,0.13546143527539103,0.5874573332441597,1.1917668201372156,2.7405597918571525
4_BKOCO2form20min_740nm_2995mW_u1_poc0p25_20x0p75NA_457s50_g70_z1_256pix_basicFLIM_120f_0003.sdt,20260509_KPC_fixed_dishes_on_SLIM,form,BKO,457,colony_deep,2026-05-10 11:55:50.347990,65536,17970,15.170288861715681,0.5009001732152409,0.30871739112068414,0.5240071058482434,0.31272438997840757,0.18476005467863285,0.13230792259132296,0.6102294577180123,1.187284292879308,2.5827678185060527
4_BKOCO2form20min_740nm_2995mW_u1_poc0p25_20x0p75NA_457s50_g70_z1_256pix_basicFLIM_120f_0004.sdt,20260509_KPC_fixed_dishes_on_SLIM,form,BKO,457,colony_deep,2026-05-10 11:56:58.806856,65536,16828,16.062064613318245,0.507637652528998,0.31098707893647043,0.5258038276270771,0.3133832537558575,0.17462911614752555,0.12764580703255696,0.6121100627190287,1.185720113111298,2.570113048622578
4_BKOCO2form20min_740nm_2995mW_u1_poc0p25_20x0p75NA_457s50_g70_z1_256pix_basicFLIM_120f_0005.sdt,20260509_KPC_fixed_dishes_on_SLIM,form,BKO,457,colony_deep,2026-05-10 11:58:07.124593,65536,20341,15.382095278790507,0.4984539994622019,0.31348919554068455,0.521958735351867,0.3172871422888381,0.1844736991182949,0.1336631197845688,0.6108289875832169,1.209334513788914,2.578727585582789
4_BKOCO2form20min_740nm_2995mW_u1_poc0p25_20x0p75NA_457s50_g70_z1_256pix_basicFLIM_120f_0006.sdt,20260509_KPC_fixed_dishes_on_SLIM,form,BKO,457,colony_deep,2026-05-10 11:59:15.193451,65536,18138,15.423991334435119,0.505090616684286,0.314886904565292,0.5262960283533716,0.3172667741381292,0.18117689947602042,0.13105269482932216,0.6145288564685532,1.1992911940853448,2.5539165687503416
4_BKOCO2form20min_740nm_2995mW_u1_poc0p25_20x0p75NA_457s50_g70_z1_256pix_basicFLIM_120f_0007.sdt,20260509_KPC_fixed_dishes_on_SLIM,form,BKO,457,colony_deep,2026-05-10 12:00:24.027889,65536,20417,17.437321478219854,0.5043691255009731,0.312226572900166,0.5200358416677093,0.31598067204501395,0.16582230888921215,0.11938033930080331,0.6085072404869654,1.2088081687838041,2.5944049946677534
4_BKOCO2form20min_740nm_2995mW_u1_poc0p25_20x0p75NA_457s50_g70_z1_256pix_basicFLIM_120f_0008.sdt,20260509_KPC_fixed_dishes_on_SLIM,form,BKO,457,colony_deep,2026-05-10 12:01:32.380382,65536,18404,13.76459414898779,0.4806857614007501,0.299934070736043,0.5000658929111133,0.30430691789283815,0.1871214143434523,0.13973163732485425,0.585379020405094,1.2106392099089207,2.7554033443194457
4_BKOCO2form20min_740nm_2995mW_u1_poc0p25_20x0p75NA_457s50_g70_z1_256pix_basicFLIM_120f_0009.sdt,20260509_KPC_fixed_dishes_on_SLIM,form,BKO,457,colony_deep,2026-05-10 12:02:42.155692,65536,20277,15.702729075302853,0.499106309422355,0.30772430547173335,0.5182601234324927,0.31075491908292996,0.17793233241984105,0.12899041491100235,0.6042865009864947,1.1928899028205031,2.6231229631486492
4_BKOCO2form20min_740nm_2995mW_u1_poc0p25_20x0p75NA_457s50_g70_z1_256pix_basicFLIM_120f_0010.sdt,20260509_KPC_fixed_dishes_on_SLIM,form,BKO,457,colony_edge,2026-05-10 12:03:51.160129,65536,18741,12.573982255422177,0.4746378726808606,0.3092514833236462,0.5049505416149306,0.31565983583470314,0.20540920333376883,0.15187341952026948,0.5954965838998604,1.243657028468462,2.683860300637726
4_BKOCO2form20min_740nm_2995mW_u1_poc0p25_20x0p75NA_457s50_g70_z1_256pix_basicFLIM_120f_0011.sdt,20260509_KPC_fixed_dishes_on_SLIM,form,BKO,457,colony_edge,2026-05-10 12:04:59.200580,65536,16594,13.24342994143731,0.48212010429890106,0.3028605412756464,0.5074381571186304,0.3095924307211943,0.1968864101855658,0.1465634612939432,0.5944248955585636,1.213772678549132,2.6913540434395204
4_BKOCO2form20min_740nm_2995mW_u1_poc0p25_20x0p75NA_457s50_g70_z1_256pix_basicFLIM_120f_0012.sdt,20260509_KPC_fixed_dishes_on_SLIM,form,BKO,457,colony_edge,2026-05-10 12:06:07.167188,65536,17413,10.196084648443183,0.4733940550252759,0.30830011074976,0.5002658105823857,0.31509620521694753,0.22179484210484185,0.1674325675159356,0.5912288049306902,1.2530618110648575,2.7138198706191403
4_BKOCO2form20min_740nm_2995mW_u1_poc0p25_20x0p75NA_457s50_g70_z1_256pix_basicFLIM_120f_0013.sdt,20260509_KPC_fixed_dishes_on_SLIM,form,BKO,457,colony_edge,2026-05-10 12:07:16.240293,65536,19166,13.860835965295564,0.4825605209534848,0.30715700676454827,0.5046026136022925,0.31178312324079627,0.18827565904783783,0.13911589000193897,0.5931547130319796,1.229230286833003,2.7002612250914786
4_BKOCO2form20min_740nm_2995mW_u1_poc0p25_20x0p75NA_457s50_g70_z1_256pix_basicFLIM_120f_0014.sdt,20260509_KPC_fixed_dishes_on_SLIM,form,BKO,457,colony_deep,2026-05-10 12:08:25.695606,65536,11096,15.781742601788544,0.4907654183162302,0.3123769209014787,0.5136943395831317,0.3195989128056068,0.17501496512346643,0.13077080821121825,0.6050002806497495,1.2377435096200897,2.6182464201285014
4_BKOCO2form20min_740nm_2995mW_u1_poc0p25_20x0p75NA_457s50_g70_z1_256pix_basicFLIM_120f_0015.sdt,20260509_KPC_fixed_dishes_on_SLIM,form,BKO,457,colony_edge,2026-05-10 12:09:33.766142,65536,17366,13.245269107790127,0.4766113126446578,0.3058352939145672,0.4958522924950923,0.3119886430253147,0.1886476402741158,0.139568659537304,0.5858382108990637,1.2517471300816632,2.7521170623832867
4_BKOCO2form20min_740nm_2995mW_u1_poc0p25_20x0p75NA_535s50_g70_z1_256pix_basicFLIM_120f_0000.sdt,20260509_KPC_fixed_dishes_on_SLIM,form,BKO,535,colony_deep,2026-05-10 12:22:24.885547,65536,20212,21.273511340814792,0.4651014228670301,0.309444331834025,0.48544003891387344,0.3148533754923298,0.15423886682632745,0.11342897859618871,0.5786058066072419,1.2903362681746025,2.804325870069338
4_BKOCO2form20min_740nm_2995mW_u1_poc0p25_20x0p75NA_535s50_g70_z1_256pix_basicFLIM_120f_0001.sdt,20260509_KPC_fixed_dishes_on_SLIM,form,BKO,535,colony_deep,2026-05-10 12:23:33.740522,65536,15178,17.727720395045925,0.4946168568396915,0.3254302020754805,0.5137910777124595,0.32986795201354996,0.16567484848118225,0.12041899909592667,0.6105686999040684,1.277272937579553,2.580480979749189
4_BKOCO2form20min_740nm_2995mW_u1_poc0p25_20x0p75NA_535s50_g70_z1_256pix_basicFLIM_120f_0002.sdt,20260509_KPC_fixed_dishes_on_SLIM,form,BKO,535,colony_deep,2026-05-10 12:24:42.068237,65536,17373,15.699495825128322,0.48630825583460974,0.3138433752508803,0.5065485896787819,0.3182578536257352,0.17663451584300632,0.13154198463959396,0.5982303361582584,1.2499371139911977,2.664832817856579
4_BKOCO2form20min_740nm_2995mW_u1_poc0p25_20x0p75NA_535s50_g70_z1_256pix_basicFLIM_120f_0003.sdt,20260509_KPC_fixed_dishes_on_SLIM,form,BKO,535,colony_deep,2026-05-10 12:25:50.403154,65536,14783,15.939380673727648,0.48377197322100063,0.3173940014172033,0.509906020880348,0.32525856641027073,0.18162212193135543,0.13514047738992926,0.6048117766324448,1.2690208221557107,2.6195334835053194
4_BKOCO2form20min_740nm_2995mW_u1_poc0p25_20x0p75NA_535s50_g70_z1_256pix_basicFLIM_120f_0004.sdt,20260509_KPC_fixed_dishes_on_SLIM,form,BKO,535,colony_deep,2026-05-10 12:26:59.388704,65536,14629,16.02815763415766,0.48744568184074333,0.32200411999956063,0.5108039341640934,0.32872497285726254,0.18067813595504095,0.13032380197849394,0.6074378708456721,1.280290754651262,2.6016542398401215
4_BKOCO2form20min_740nm_2995mW_u1_poc0p25_20x0p75NA_535s50_g70_z1_256pix_basicFLIM_120f_0005.sdt,20260509_KPC_fixed_dishes_on_SLIM,form,BKO,535,colony_deep,2026-05-10 12:28:08.033281,65536,18841,15.213014271058974,0.48090651055042155,0.3203597717859058,0.506450726083582,0.32709260037160354,0.18913701803299646,0.13758685837515194,0.6028946070155586,1.2848832452194758,2.6326560421893177
4_BKOCO2form20min_740nm_2995mW_u1_poc0p25_20x0p75NA_535s50_g70_z1_256pix_basicFLIM_120f_0006.sdt,20260509_KPC_fixed_dishes_on_SLIM,form,BKO,535,colony_deep,2026-05-10 12:29:16.152172,65536,16790,15.33940527886027,0.48678625804615666,0.32323568317892826,0.511641222839263,0.3295984093316193,0.18518138016078056,0.13556253051729025,0.6086146994136685,1.2815918103033948,2.593677527112787
4_BKOCO2form20min_740nm_2995mW_u1_poc0p25_20x0p75NA_535s50_g70_z1_256pix_basicFLIM_120f_0007.sdt,20260509_KPC_fixed_dishes_on_SLIM,form,BKO,535,colony_deep,2026-05-10 12:30:24.754387,65536,18421,18.116925101808615,0.49630177906157086,0.32333143121352503,0.5138725989019106,0.3277925969249202,0.16245315408079974,0.11794467511460413,0.6095186908545029,1.269035657403494,2.587564918194345
4_BKOCO2form20min_740nm_2995mW_u1_poc0p25_20x0p75NA_535s50_g70_z1_256pix_basicFLIM_120f_0008.sdt,20260509_KPC_fixed_dishes_on_SLIM,form,BKO,535,colony_deep,2026-05-10 12:31:33.647733,65536,18574,13.959940286182821,0.4648997656644576,0.3088340514181773,0.4896088769214677,0.3151635864527422,0.19157352997947466,0.14201502775029654,0.5822756551548897,1.2806100193157177,2.77771368368497
4_BKOCO2form20min_740nm_2995mW_u1_poc0p25_20x0p75NA_535s50_g70_z1_256pix_basicFLIM_120f_0009.sdt,20260509_KPC_fixed_dishes_on_SLIM,form,BKO,535,colony_deep,2026-05-10 12:32:43.879770,65536,17848,16.52577441550275,0.49150531502148553,0.31903276591048446,0.5125429669566416,0.32395378225464355,0.17230558187159037,0.12737935051356025,0.6063384747925914,1.2574274037278823,2.6091258877979673
4_BKOCO2form20min_740nm_2995mW_u1_poc0p25_20x0p75NA_535s50_g70_z1_256pix_basicFLIM_120f_0010.sdt,20260509_KPC_fixed_dishes_on_SLIM,form,BKO,535,colony_edge,2026-05-10 12:33:53.285970,65536,15985,12.74303178695044,0.4582887005081133,0.3134725636452093,0.4902406915852569,0.3247379552855503,0.2080309699438387,0.15719206084516535,0.5880396885321867,1.3178131599532366,2.7364144226900984
4_BKOCO2form20min_740nm_2995mW_u1_poc0p25_20x0p75NA_535s50_g70_z1_256pix_basicFLIM_120f_0011.sdt,20260509_KPC_fixed_dishes_on_SLIM,form,BKO,535,colony_edge,2026-05-10 12:35:01.376474,65536,15660,13.309051202031531,0.45746075386819207,0.3115789328305884,0.4873930146646836,0.32055218311771877,0.20197906606245916,0.15121531106673497,0.5833572257591947,1.3084272580615028,2.7699182031787464
4_BKOCO2form20min_740nm_2995mW_u1_poc0p25_20x0p75NA_535s50_g70_z1_256pix_basicFLIM_120f_0012.sdt,20260509_KPC_fixed_dishes_on_SLIM,form,BKO,535,colony_edge,2026-05-10 12:36:09.292729,65536,15308,10.62404699272961,0.451246646019473,0.3134164685195647,0.4837240740438039,0.32468243853170703,0.22431882262176048,0.1693895956635872,0.5825870455995663,1.3353381038973315,2.775467115601906
4_BKOCO2form20min_740nm_2995mW_u1_poc0p25_20x0p75NA_535s50_g70_z1_256pix_basicFLIM_120f_0013.sdt,20260509_KPC_fixed_dishes_on_SLIM,form,BKO,535,colony_edge,2026-05-10 12:37:18.475386,65536,17895,14.646543116519291,0.45881925423695724,0.3149766021599007,0.48446603542542443,0.3220024236383814,0.1875232381197589,0.1382164175142682,0.5817154805485413,1.322287675043522,2.7817596402963525
4_BKOCO2form20min_740nm_2995mW_u1_poc0p25_20x0p75NA_535s50_g70_z1_256pix_basicFLIM_120f_0014.sdt,20260509_KPC_fixed_dishes_on_SLIM,form,BKO,535,colony_deep,2026-05-10 12:38:27.768321,65536,8810,16.276007817358273,0.47697184119319236,0.32405287491421764,0.5007211511245979,0.3311230685464491,0.17513150643641714,0.1274464396912779,0.6003033880523738,1.3155993363911787,2.650487412192034
4_BKOCO2form20min_740nm_2995mW_u1_poc0p25_20x0p75NA_535s50_g70_z1_256pix_basicFLIM_120f_0015.sdt,20260509_KPC_fixed_dishes_on_SLIM,form,BKO,535,colony_edge,2026-05-10 12:39:36.268109,65536,16467,13.29442208985318,0.45961014725435057,0.3134173777907066,0.4843669374770138,0.3212248446107934,0.19010040017813712,0.14314148687262548,0.5812028311322045,1.3193644608061197,2.7854674236126606
4_BKOCO2form20min_740nm_2995mW_u1_poc0p6_20x0p75NA_457s50_g70_z1_256pix_basicFLIM_120f_0000.sdt,20260509_KPC_fixed_dishes_on_SLIM,form,BKO,457,colony_deep,2026-05-10 12:44:08.865625,65536,24483,198.5967316417964,0.42966497764972145,0.3059560513145913,0.4383428395225715,0.3096564235721152,0.061417177515719325,0.04048791715488625,0.536685704691474,1.4053882608570047,3.127810930117717
4_BKOCO2form20min_740nm_2995mW_u1_poc0p6_20x0p75NA_457s50_g70_z1_256pix_basicFLIM_120f_0001.sdt,20260509_KPC_fixed_dishes_on_SLIM,form,BKO,457,colony_deep,2026-05-10 12:45:17.778293,65536,18620,164.50759712674795,0.44630743510055093,0.32056380926380296,0.45436381642741364,0.3235970576979454,0.05896171697633581,0.03978779739061338,0.5578185488393621,1.416873148801037,2.960028473893481
4_BKOCO2form20min_740nm_2995mW_u1_poc0p6_20x0p75NA_457s50_g70_z1_256pix_basicFLIM_120f_0002.sdt,20260509_KPC_fixed_dishes_on_SLIM,form,BKO,457,colony_deep,2026-05-10 12:46:26.286773,65536,24909,175.8497025784344,0.38114066053766466,0.27430562900568206,0.395136653499856,0.2807022977489903,0.07704581876470772,0.04932768211671839,0.48469243330242745,1.4132818933748033,3.59017329524357
4_BKOCO2form20min_740nm_2995mW_u1_poc0p6_20x0p75NA_457s50_g70_z1_256pix_basicFLIM_120f_0003.sdt,20260509_KPC_fixed_dishes_on_SLIM,form,BKO,457,colony_deep,2026-05-10 12:47:34.818393,65536,20425,155.37747389646034,0.41887516748032755,0.3025439449115417,0.4333315588366614,0.30873089799097453,0.0723980481241021,0.04655281395436355,0.5320629730192888,1.4173918186450525,3.1659140620330812
4_BKOCO2form20min_740nm_2995mW_u1_poc0p6_20x0p75NA_457s50_g70_z1_256pix_basicFLIM_120f_0004.sdt,20260509_KPC_fixed_dishes_on_SLIM,form,BKO,457,colony_deep,2026-05-10 12:48:43.790352,65536,20172,150.25725379993168,0.4351099954667433,0.3141808593609712,0.44564804977875466,0.3187976626863356,0.0659190265558596,0.04421547769385541,0.5479362499469058,1.423158473594307,3.0372216614997463
4_BKOCO2form20min_740nm_2995mW_u1_poc0p6_20x0p75NA_457s50_g70_z1_256pix_basicFLIM_120f_0005.sdt,20260509_KPC_fixed_dishes_on_SLIM,form,BKO,457,colony_deep,2026-05-10 12:49:52.241415,65536,21906,143.82374855590024,0.4370572214176911,0.31726423398750586,0.4476356627984635,0.3215792611388921,0.06482086279908238,0.04399037189745871,0.5511723031898967,1.429201615833305,3.0117062080041612
4_BKOCO2form20min_740nm_2995mW_u1_poc0p6_20x0p75NA_457s50_g70_z1_256pix_basicFLIM_120f_0006.sdt,20260509_KPC_fixed_dishes_on_SLIM,form,BKO,457,colony_deep,2026-05-10 12:51:00.424667,65536,20493,143.25915728729842,0.4521300739434351,0.3250690795676702,0.46108625442603557,0.3279278278386996,0.0629200157379586,0.042418471765768906,0.5658066757220513,1.4149016121421074,2.8991635681458607
4_BKOCO2form20min_740nm_2995mW_u1_poc0p6_20x0p75NA_457s50_g70_z1_256pix_basicFLIM_120f_0007.sdt,20260509_KPC_fixed_dishes_on_SLIM,form,BKO,457,colony_deep,2026-05-10 12:52:09.073783,65536,22252,182.7605410066143,0.43944654038031367,0.3127880631957217,0.44859326718088766,0.31621268892702287,0.060046422987310076,0.03927748664558236,0.5488409459929912,1.402350865277869,3.0300646151135973
4_BKOCO2form20min_740nm_2995mW_u1_poc0p6_20x0p75NA_457s50_g70_z1_256pix_basicFLIM_120f_0008.sdt,20260509_KPC_fixed_dishes_on_SLIM,form,BKO,457,colony_deep,2026-05-10 12:53:17.773510,65536,23201,164.84986543541757,0.3540239001942926,0.2644825769479621,0.372500167200098,0.2731956496810164,0.0821158179115788,0.05350722455645632,0.4619439766559724,1.4590744483672575,3.81961816360858
4_BKOCO2form20min_740nm_2995mW_u1_poc0p6_20x0p75NA_457s50_g70_z1_256pix_basicFLIM_120f_0009.sdt,20260509_KPC_fixed_dishes_on_SLIM,form,BKO,457,colony_deep,2026-05-10 12:54:27.736579,65536,24700,164.2877659043591,0.4142514343607691,0.29897643941962904,0.4266696479348981,0.3041387372215032,0.06958305136944791,0.044943729624352724,0.5239726709930399,1.4181106990154062,3.2338959426838993
4_BKOCO2form20min_740nm_2995mW_u1_poc0p6_20x0p75NA_457s50_g70_z1_256pix_basicFLIM_120f_0010.sdt,20260509_KPC_fixed_dishes_on_SLIM,form,BKO,457,colony_edge,2026-05-10 12:55:36.799720,65536,21745,118.07187702296098,0.3885656455896838,0.29574921929158765,0.4068379750639619,0.30499522128674517,0.0812888078341356,0.05471935513361267,0.5084675239992181,1.4914259503295013,3.3690776142016903
4_BKOCO2form20min_740nm_2995mW_u1_poc0p6_20x0p75NA_457s50_g70_z1_256pix_basicFLIM_120f_0011.sdt,20260509_KPC_fixed_dishes_on_SLIM,form,BKO,457,colony_edge,2026-05-10 12:56:45.291880,65536,19348,141.43900634158072,0.35477647201297585,0.2729045951826971,0.3769139171445495,0.284361379544106,0.08285323580575478,0.056163943280327824,0.47214986509949936,1.5009235902503972,3.7143395690625884
4_BKOCO2form20min_740nm_2995mW_u1_poc0p6_20x0p75NA_457s50_g70_z1_256pix_basicFLIM_120f_0012.sdt,20260509_KPC_fixed_dishes_on_SLIM,form,BKO,457,colony_edge,2026-05-10 12:57:53.628057,65536,21487,86.73915705457561,0.41115502519347796,0.30609073420580984,0.42666511740261254,0.31404535400951034,0.08000443587043345,0.056724755188454004,0.5297807157524175,1.4643179277793383,3.1849220525680573
4_BKOCO2form20min_740nm_2995mW_u1_poc0p6_20x0p75NA_457s50_g70_z1_256pix_basicFLIM_120f_0013.sdt,20260509_KPC_fixed_dishes_on_SLIM,form,BKO,457,colony_edge,2026-05-10 12:59:02.904846,65536,26629,142.90488981596894,0.38314916397651105,0.2874062050773763,0.39994639997277165,0.29502995127606096,0.07671926835155782,0.05115511389240342,0.49699073935148447,1.4675552495579052,3.4735967155113356
4_BKOCO2form20min_740nm_2995mW_u1_poc0p6_20x0p75NA_457s50_g70_z1_256pix_basicFLIM_120f_0014.sdt,20260509_KPC_fixed_dishes_on_SLIM,form,BKO,457,colony_deep,2026-05-10 13:00:12.352244,65536,15618,146.96145029582047,0.3957914207100926,0.2975764132900034,0.41228029477039735,0.3063156882154681,0.0744593092570806,0.04973167431384066,0.5136188687177309,1.4781101760283566,3.3234243725012957
4_BKOCO2form20min_740nm_2995mW_u1_poc0p6_20x0p75NA_457s50_g70_z1_256pix_basicFLIM_120f_0015.sdt,20260509_KPC_fixed_dishes_on_SLIM,form,BKO,457,colony_edge,2026-05-10 13:01:20.840077,65536,21100,141.00133306297693,0.3693724545043243,0.28034807290447644,0.38844355562623384,0.29006238245584,0.08075876856214684,0.054152424933968824,0.48479333908739813,1.4855717550273668,3.589196540114178
4_BKOCO2form20min_740nm_2995mW_u1_poc0p6_20x0p75NA_535s50_g70_z1_256pix_basicFLIM_120f_0000.sdt,20260509_KPC_fixed_dishes_on_SLIM,form,BKO,535,colony_deep,2026-05-10 13:13:07.400388,65536,26917,139.83032817329715,0.3692981517369615,0.29839318967628004,0.3745098888878934,0.3021574387350482,0.06981479748053282,0.05135457411725846,0.481203464926996,1.6050927957293797,3.6241594089285947
4_BKOCO2form20min_740nm_2995mW_u1_poc0p6_20x0p75NA_535s50_g70_z1_256pix_basicFLIM_120f_0001.sdt,20260509_KPC_fixed_dishes_on_SLIM,form,BKO,535,colony_deep,2026-05-10 13:14:16.340841,65536,19031,123.66787332653305,0.41735400708858095,0.32657032450643364,0.42153868301192937,0.3298963422690288,0.06333314859556667,0.04613451624431865,0.5352816622283226,1.5569340281211463,3.139328158462047
4_BKOCO2form20min_740nm_2995mW_u1_poc0p6_20x0p75NA_535s50_g70_z1_256pix_basicFLIM_120f_0002.sdt,20260509_KPC_fixed_dishes_on_SLIM,form,BKO,535,colony_deep,2026-05-10 13:15:25.201114,65536,28333,137.53839852597991,0.3134155355987118,0.26000612273410506,0.32471052743517126,0.26707836737023344,0.08517519628625393,0.060940993971994616,0.4204376064820754,1.6363360119411414,4.293285495585561
4_BKOCO2form20min_740nm_2995mW_u1_poc0p6_20x0p75NA_535s50_g70_z1_256pix_basicFLIM_120f_0003.sdt,20260509_KPC_fixed_dishes_on_SLIM,form,BKO,535,colony_deep,2026-05-10 13:16:33.745658,65536,22415,114.10497264871978,0.377290900897081,0.3023361484229365,0.38547757078199485,0.3091931303519466,0.07761435231353805,0.05589395656535768,0.49415923489582153,1.5957353551641311,3.5000043432441075
4_BKOCO2form20min_740nm_2995mW_u1_poc0p6_20x0p75NA_535s50_g70_z1_256pix_basicFLIM_120f_0004.sdt,20260509_KPC_fixed_dishes_on_SLIM,form,BKO,535,colony_deep,2026-05-10 13:17:42.366894,65536,23019,107.06061929289768,0.4060746946059409,0.32047813721251744,0.4101386999038567,0.32482247682613685,0.07191787633032298,0.05194420822666499,0.5231858126997444,1.5755981703979334,3.240598401997878
4_BKOCO2form20min_740nm_2995mW_u1_poc0p6_20x0p75NA_535s50_g70_z1_256pix_basicFLIM_120f_0005.sdt,20260509_KPC_fixed_dishes_on_SLIM,form,BKO,535,colony_deep,2026-05-10 13:18:50.782588,65536,22870,103.15902479626502,0.4090920351159398,0.32415996797871566,0.4123745499868177,0.32811357901995847,0.0707786803437799,0.051736240302144944,0.5269831972787339,1.5829328579524646,3.208402084096306
4_BKOCO2form20min_740nm_2995mW_u1_poc0p6_20x0p75NA_535s50_g70_z1_256pix_basicFLIM_120f_0006.sdt,20260509_KPC_fixed_dishes_on_SLIM,form,BKO,535,colony_deep,2026-05-10 13:19:59.249377,65536,21243,102.99323814419114,0.42941732848584174,0.33524097216572163,0.4310473185781125,0.3378715861925497,0.06694064462355681,0.049589586604355744,0.5476851281618393,1.559397621652847,3.039211576306214
4_BKOCO2form20min_740nm_2995mW_u1_poc0p6_20x0p75NA_535s50_g70_z1_256pix_basicFLIM_120f_0007.sdt,20260509_KPC_fixed_dishes_on_SLIM,form,BKO,535,colony_deep,2026-05-10 13:21:08.063861,65536,21886,136.9168587060917,0.4104939190094183,0.32220463320777054,0.4149870352390637,0.3259289359349625,0.062248889784723004,0.04569752671149243,0.5276778474563858,1.56249463374344,3.202553033904159
4_BKOCO2form20min_740nm_2995mW_u1_poc0p6_20x0p75NA_535s50_g70_z1_256pix_basicFLIM_120f_0008.sdt,20260509_KPC_fixed_dishes_on_SLIM,form,BKO,535,colony_deep,2026-05-10 13:22:16.650796,65536,26190,125.13375920067698,0.3049988324680767,0.25779956476472227,0.3189648719377677,0.2666815724024477,0.0873218277105115,0.06367082690050792,0.4157615309156422,1.6633371812041498,4.351870568089136
4_BKOCO2form20min_740nm_2995mW_u1_poc0p6_20x0p75NA_535s50_g70_z1_256pix_basicFLIM_120f_0009.sdt,20260509_KPC_fixed_dishes_on_SLIM,form,BKO,535,colony_deep,2026-05-10 13:23:26.474568,65536,24374,124.73775087671486,0.3870555976855067,0.3064641748465456,0.3934567615486918,0.3112850385088054,0.06952310113548058,0.05100435801028942,0.5017036958283371,1.5739516203197936,3.4301949418049387
4_BKOCO2form20min_740nm_2995mW_u1_poc0p6_20x0p75NA_535s50_g70_z1_256pix_basicFLIM_120f_0010.sdt,20260509_KPC_fixed_dishes_on_SLIM,form,BKO,535,colony_edge,2026-05-10 13:24:35.500862,65536,23767,81.89741227431952,0.3622108871701089,0.2966714984849259,0.37232869554548487,0.3047847824133712,0.08822384254364347,0.06566375268232728,0.48116776816134343,1.6285343192930821,3.6245092920499307
4_BKOCO2form20min_740nm_2995mW_u1_poc0p6_20x0p75NA_535s50_g70_z1_256pix_basicFLIM_120f_0011.sdt,20260509_KPC_fixed_dishes_on_SLIM,form,BKO,535,colony_edge,2026-05-10 13:25:43.646647,65536,19691,102.55492555159672,0.32237967511494875,0.27238501517846336,0.3377251897870038,0.283027435527809,0.08913360480281128,0.06504160818076904,0.44063911886953006,1.6672288874603414,4.05294529232153
4_BKOCO2form20min_740nm_2995mW_u1_poc0p6_20x0p75NA_535s50_g70_z1_256pix_basicFLIM_120f_0012.sdt,20260509_KPC_fixed_dishes_on_SLIM,form,BKO,535,colony_edge,2026-05-10 13:26:51.864687,65536,20594,63.11991216698634,0.3913613090158413,0.3146474922962731,0.39979566816353046,0.3220356819276675,0.08732976230317996,0.06633905734674693,0.5133649352234155,1.6024926828932373,3.3256571624663445
4_BKOCO2form20min_740nm_2995mW_u1_poc0p6_20x0p75NA_535s50_g70_z1_256pix_basicFLIM_120f_0013.sdt,20260509_KPC_fixed_dishes_on_SLIM,form,BKO,535,colony_edge,2026-05-10 13:28:01.110552,65536,28284,106.76018798006908,0.35027622478371573,0.2888731625082284,0.36194496637501206,0.2965710461841694,0.08197955047189147,0.06005278746451605,0.4679300632776028,1.6301079018612648,3.7573896885865654
4_BKOCO2form20min_740nm_2995mW_u1_poc0p6_20x0p75NA_535s50_g70_z1_256pix_basicFLIM_120f_0014.sdt,20260509_KPC_fixed_dishes_on_SLIM,form,BKO,535,colony_deep,2026-05-10 13:29:10.603463,65536,17148,105.55130909377935,0.3664486956620437,0.2980230043885244,0.37646439127926634,0.30581932316209726,0.08012049268082619,0.05831876049693331,0.48502669650297786,1.6161109158581581,3.586938987709256
4_BKOCO2form20min_740nm_2995mW_u1_poc0p6_20x0p75NA_535s50_g70_z1_256pix_basicFLIM_120f_0015.sdt,20260509_KPC_fixed_dishes_on_SLIM,form,BKO,535,colony_edge,2026-05-10 13:30:18.836616,65536,20097,107.56457641027225,0.33746211527068476,0.2809550746535128,0.3526889843992878,0.2907206720868365,0.08870978109512839,0.06318100969414317,0.4570645784735708,1.6398879064945167,3.8713823644736376
3_BKOCO2live_740nm_3097mW_u1_poc0p2_20x0p75NA_457s50_g70_z1_256pix_basicFLIM_120f_0000.sdt,20260517_KPC_live_on_SLIM,live,BKO,457,colony_edge,2026-05-18 10:02:33.799905,65536,30245,22.24704344727364,0.5302474810078286,0.31738415851564206,0.5290871394974274,0.31897906486646965,0.13007513305501517,0.09076566589719193,0.6178032413355061,1.1994029699094542,2.532131829864335
3_BKOCO2live_740nm_3097mW_u1_poc0p2_20x0p75NA_457s50_g70_z1_256pix_basicFLIM_120f_0001.sdt,20260517_KPC_live_on_SLIM,live,BKO,457,colony_edge,2026-05-18 10:03:41.835541,65536,21469,33.29763530720481,0.5219346857507194,0.32741967330464755,0.5235912092409434,0.3267975932194202,0.11282225473841188,0.07695978991155945,0.6172069517823005,1.241699904272811,2.536087050242107
3_BKOCO2live_740nm_3097mW_u1_poc0p2_20x0p75NA_457s50_g70_z1_256pix_basicFLIM_120f_0002.sdt,20260517_KPC_live_on_SLIM,live,BKO,457,colony_edge,2026-05-18 10:04:50.474726,65536,33235,32.9295089126659,0.5311220413789122,0.3279788024105564,0.5351275103535486,0.32718959309582946,0.10934423195877538,0.07592337906674558,0.6272276159157868,1.2163886191120816,2.4703073575807077
3_BKOCO2live_740nm_3097mW_u1_poc0p2_20x0p75NA_457s50_g70_z1_256pix_basicFLIM_120f_0003.sdt,20260517_KPC_live_on_SLIM,live,BKO,457,colony_deep,2026-05-18 10:05:58.650999,65536,22517,43.29121018077062,0.5294682334998354,0.33551183478043506,0.5352527461183965,0.33392297376283603,0.10016370995445843,0.068682869906526,0.6308724551237755,1.2411307618621958,2.4467342688543794
3_BKOCO2live_740nm_3097mW_u1_poc0p2_20x0p75NA_457s50_g70_z1_256pix_basicFLIM_120f_0004.sdt,20260517_KPC_live_on_SLIM,live,BKO,457,colony_edge,2026-05-18 10:07:07.782061,65536,22989,32.45592870003582,0.5261115559828133,0.32924922516706445,0.531056873400851,0.3286449060989441,0.11259328919903891,0.07801931639850987,0.6245229195882817,1.2311643052621235,2.487919940422968
3_BKOCO2live_740nm_3097mW_u1_poc0p2_20x0p75NA_457s50_g70_z1_256pix_basicFLIM_120f_0005.sdt,20260517_KPC_live_on_SLIM,live,BKO,457,colony_deep,2026-05-18 10:08:15.806626,65536,21918,44.91637889849861,0.5262244641758066,0.33192175390051787,0.531788471931087,0.3299919956873388,0.09944532124326294,0.06786721005373987,0.6258543729147485,1.2345100558424025,2.479236814407086
3_BKOCO2live_740nm_3097mW_u1_poc0p2_20x0p75NA_457s50_g70_z1_256pix_basicFLIM_120f_0006.sdt,20260517_KPC_live_on_SLIM,live,BKO,457,colony_deep,2026-05-18 10:09:24.393671,65536,22099,53.60283817349498,0.5308288912149923,0.33295889372762805,0.5375589070500003,0.33117266075949364,0.09333012220648247,0.06202946688257875,0.6313833303020547,1.2256276773929966,2.4434447805543402
3_BKOCO2live_740nm_3097mW_u1_poc0p2_20x0p75NA_457s50_g70_z1_256pix_basicFLIM_120f_0007.sdt,20260517_KPC_live_on_SLIM,live,BKO,457,colony_deep,2026-05-18 10:10:33.163858,65536,22419,28.468310556877498,0.5179502863670663,0.33110812058615735,0.5251073838419805,0.32839036203889566,0.12216417663068073,0.08540906827253825,0.6193367375228165,1.2441490776569264,2.5219842478467673
3_BKOCO2live_740nm_3097mW_u1_poc0p2_20x0p75NA_457s50_g70_z1_256pix_basicFLIM_120f_0008.sdt,20260517_KPC_live_on_SLIM,live,BKO,457,colony_deep,2026-05-18 10:11:41.821345,65536,25148,41.420293223011996,0.5237818647971269,0.3315446456562853,0.5284087548043325,0.3306171060558233,0.1019622218045957,0.06966138145455862,0.6233165190900949,1.2447595308816939,2.495809305052771
3_BKOCO2live_740nm_3097mW_u1_poc0p2_20x0p75NA_457s50_g70_z1_256pix_basicFLIM_120f_0009.sdt,20260517_KPC_live_on_SLIM,live,BKO,457,colony_deep,2026-05-18 10:12:50.819611,65536,20951,54.242701594455625,0.5314722994200738,0.32957919784641265,0.5386333096279232,0.3262885653072897,0.09354178690211441,0.06309159245819292,0.6297539758437573,1.2051435808641862,2.4539485502501117
3_BKOCO2live_740nm_3097mW_u1_poc0p2_20x0p75NA_457s50_g70_z1_256pix_basicFLIM_120f_0010.sdt,20260517_KPC_live_on_SLIM,live,BKO,457,colony_edge,2026-05-18 10:14:00.085310,65536,32239,48.5453217209628,0.5347102364287917,0.3304871100509028,0.5393651410167396,0.32889415530018434,0.09099641654678617,0.06234912656716048,0.6317326339003148,1.2131190586256586,2.4411976880842237
3_BKOCO2live_740nm_3097mW_u1_poc0p2_20x0p75NA_457s50_g70_z1_256pix_basicFLIM_120f_0011.sdt,20260517_KPC_live_on_SLIM,live,BKO,457,colony_edge,2026-05-18 10:15:08.378377,65536,28365,52.348460800637966,0.5330849267659864,0.3316139163835545,0.5373403266740696,0.330057502196289,0.09207217902123438,0.061936863764018996,0.630612861767225,1.2219975025940677,2.448407138269494
3_BKOCO2live_740nm_3097mW_u1_poc0p2_20x0p75NA_457s50_g70_z1_256pix_basicFLIM_120f_0012.sdt,20260517_KPC_live_on_SLIM,live,BKO,457,colony_edge,2026-05-18 10:16:16.734862,65536,29977,47.91858697035485,0.5356913567352475,0.3324569039179486,0.5396054985002643,0.3313202256205825,0.0914118014770369,0.06162658595732185,0.6332039054814748,1.2215232192869303,2.431751072674496
3_BKOCO2live_740nm_3097mW_u1_poc0p2_20x0p75NA_457s50_g70_z1_256pix_basicFLIM_120f_0013.sdt,20260517_KPC_live_on_SLIM,live,BKO,457,colony_edge,2026-05-18 10:30:40.630046,65536,17933,42.34570005466606,0.5264741653169037,0.33086275717112607,0.5360200858437582,0.3262671131454687,0.09768970614289293,0.06648850539054696,0.6275091724813494,1.2109393191787967,2.468479813888298
3_BKOCO2live_740nm_3097mW_u1_poc0p2_20x0p75NA_457s50_g70_z1_256pix_basicFLIM_120f_0014.sdt,20260517_KPC_live_on_SLIM,live,BKO,457,colony_edge,2026-05-18 10:31:49.263350,65536,26883,32.98222546335978,0.5170780108260267,0.3275497029973384,0.5201298535303883,0.3269524723036667,0.10958497660403838,0.07573818560937051,0.6143557468430023,1.2505555528597525,2.555072769378099
3_BKOCO2live_740nm_3097mW_u1_poc0p2_20x0p75NA_457s50_g70_z1_256pix_basicFLIM_120f_0015.sdt,20260517_KPC_live_on_SLIM,live,BKO,457,colony_edge,2026-05-18 10:32:58.086633,65536,14248,30.963847264304384,0.5211494216962157,0.32440735430612416,0.5470267277146089,0.30895875506526105,0.1240437343906681,0.08593211330460576,0.6282465703572355,1.1236268400812104,2.4636987103693966
3_BKOCO2live_740nm_3097mW_u1_poc0p2_20x0p75NA_535s50_g70_z1_256pix_basicFLIM_120f_0000.sdt,20260517_KPC_live_on_SLIM,live,BKO,535,colony_edge,2026-05-18 10:43:36.593034,65536,32768,12.91576722328263,0.5244657693993093,0.32104487654792135,0.545836127042534,0.3149346998895894,0.1811315809909289,0.12747705883604624,0.6301753270156958,1.147858573189607,2.451228785552746
3_BKOCO2live_740nm_3097mW_u1_poc0p2_20x0p75NA_535s50_g70_z1_256pix_basicFLIM_120f_0001.sdt,20260517_KPC_live_on_SLIM,live,BKO,535,colony_edge,2026-05-18 10:44:44.683294,65536,11738,25.031741807453557,0.5722036068261621,0.3249192574059491,0.593079113591148,0.31968177146891086,0.1314399335949546,0.08886866975765226,0.6737501539796208,1.0723471156650213,2.181984895286136
3_BKOCO2live_740nm_3097mW_u1_poc0p2_20x0p75NA_535s50_g70_z1_256pix_basicFLIM_120f_0002.sdt,20260517_KPC_live_on_SLIM,live,BKO,535,colony_edge,2026-05-18 10:45:53.334407,65536,16781,26.87973404008018,0.5707916064976163,0.3286238521367732,0.5976565740817129,0.32168186191520787,0.12970462608354819,0.08817385058034376,0.678728665099924,1.0707917524682418,2.152584433487093
3_BKOCO2live_740nm_3097mW_u1_poc0p2_20x0p75NA_535s50_g70_z1_256pix_basicFLIM_120f_0003.sdt,20260517_KPC_live_on_SLIM,live,BKO,535,colony_deep,2026-05-18 10:47:01.409752,65536,17044,35.49579745732258,0.5975538576411259,0.3282576872118279,0.6201484825052103,0.3222330837275493,0.11245994525633195,0.07468003411989599,0.698869301516443,1.0337239699395937,2.0360651979596622
3_BKOCO2live_740nm_3097mW_u1_poc0p2_20x0p75NA_535s50_g70_z1_256pix_basicFLIM_120f_0004.sdt,20260517_KPC_live_on_SLIM,live,BKO,535,colony_edge,2026-05-18 10:48:10.482155,65536,16516,23.74284985532485,0.5654745831476402,0.33082226284499705,0.5934600523612971,0.32466531185056147,0.14050353510836736,0.09398907187652106,0.6764631538137874,1.0883649418754542,2.1659323047253505
3_BKOCO2live_740nm_3097mW_u1_poc0p2_20x0p75NA_535s50_g70_z1_256pix_basicFLIM_120f_0005.sdt,20260517_KPC_live_on_SLIM,live,BKO,535,colony_deep,2026-05-18 10:49:18.535278,65536,11298,30.477101180261116,0.5921954183618324,0.32513257216344954,0.618747968023336,0.31803103687643364,0.11998216846956299,0.08125676471285313,0.6956959022085057,1.0225530868655772,2.0541804186858625
3_BKOCO2live_740nm_3097mW_u1_poc0p2_20x0p75NA_535s50_g70_z1_256pix_basicFLIM_120f_0006.sdt,20260517_KPC_live_on_SLIM,live,BKO,535,colony_deep,2026-05-18 10:50:27.134286,65536,12110,37.176275082405944,0.6076443154146061,0.32129985555980306,0.6316231782355818,0.3149478318104012,0.10895494955033663,0.07278703054413173,0.7057903201705803,0.9919977997942566,1.9968514058283713
3_BKOCO2live_740nm_3097mW_u1_poc0p2_20x0p75NA_535s50_g70_z1_256pix_basicFLIM_120f_0007.sdt,20260517_KPC_live_on_SLIM,live,BKO,535,colony_deep,2026-05-18 10:51:35.836411,65536,32768,20.173044210924264,0.5332245787409005,0.3390510995124325,0.5617546618382159,0.33103988198105355,0.14898633270357073,0.10234962597642244,0.6520396487630167,1.1723675199560686,2.3132962465945
3_BKOCO2live_740nm_3097mW_u1_poc0p2_20x0p75NA_535s50_g70_z1_256pix_basicFLIM_120f_0008.sdt,20260517_KPC_live_on_SLIM,live,BKO,535,colony_deep,2026-05-18 10:52:44.454102,65536,12688,30.408340113293924,0.5907563708611305,0.32422437742794724,0.6126778002051321,0.3187731937641013,0.12025448834715007,0.08064125196235866,0.6906449420120044,1.0350940065022918,2.083195958969744
3_BKOCO2live_740nm_3097mW_u1_poc0p2_20x0p75NA_535s50_g70_z1_256pix_basicFLIM_120f_0009.sdt,20260517_KPC_live_on_SLIM,live,BKO,535,colony_deep,2026-05-18 10:53:53.586749,65536,13163,35.308040139257294,0.6036978736159111,0.3215345838421183,0.6280139570039497,0.3147212189726323,0.11341414449605018,0.07514085723891295,0.7024606578758545,0.9969809814092675,2.015667437971901
3_BKOCO2live_740nm_3097mW_u1_poc0p2_20x0p75NA_535s50_g70_z1_256pix_basicFLIM_120f_0010.sdt,20260517_KPC_live_on_SLIM,live,BKO,535,colony_edge,2026-05-18 10:55:02.752924,65536,19029,39.10829356110129,0.6022629117519344,0.3244594277540518,0.6281310692094133,0.3166090735494533,0.10563502745629828,0.06975288219160629,0.703413068943138,1.002774372125935,2.0102760761093137
3_BKOCO2live_740nm_3097mW_u1_poc0p2_20x0p75NA_535s50_g70_z1_256pix_basicFLIM_120f_0011.sdt,20260517_KPC_live_on_SLIM,live,BKO,535,colony_edge,2026-05-18 10:56:10.894289,65536,20167,37.805007650923045,0.5933430127115521,0.3273932337607702,0.6164265282467978,0.3207760281047001,0.10897349970403021,0.07214238696840454,0.6948949020773051,1.0352630881138787,2.0587667134195526
3_BKOCO2live_740nm_3097mW_u1_poc0p2_20x0p75NA_535s50_g70_z1_256pix_basicFLIM_120f_0012.sdt,20260517_KPC_live_on_SLIM,live,BKO,535,colony_edge,2026-05-18 10:57:19.245118,65536,19061,37.62477279710034,0.6029410047120264,0.32649510508884094,0.6257070594490669,0.3205238905539769,0.10671622914016672,0.07132954421763676,0.7030255248995273,1.0191063212077995,2.012468964711474
3_BKOCO2live_740nm_3097mW_u1_poc0p2_20x0p75NA_535s50_g70_z1_256pix_basicFLIM_120f_0013.sdt,20260517_KPC_live_on_SLIM,live,BKO,535,colony_edge,2026-05-18 10:58:28.036586,65536,13431,37.15332217724963,0.5892740580782102,0.32812932346759716,0.6160584375932726,0.31906064418207386,0.10873084979478448,0.07291049300858136,0.6937778413842173,1.030342163359568,2.065172104587002
3_BKOCO2live_740nm_3097mW_u1_poc0p2_20x0p75NA_535s50_g70_z1_256pix_basicFLIM_120f_0014.sdt,20260517_KPC_live_on_SLIM,live,BKO,535,colony_edge,2026-05-18 10:59:36.656471,65536,14421,21.52570139383143,0.5740353524261342,0.3250400891823586,0.6067702797825302,0.3124453756720895,0.14304834634914562,0.09735490287832424,0.6824897693051838,1.024424474165078,2.1305369808697345
3_BKOCO2live_740nm_3097mW_u1_poc0p2_20x0p75NA_535s50_g70_z1_256pix_basicFLIM_120f_0015.sdt,20260517_KPC_live_on_SLIM,live,BKO,535,colony_edge,2026-05-18 11:00:45.434877,65536,32768,18.566099958645722,0.5289365836487018,0.3370983449499402,0.5716438867006137,0.3197425587117653,0.1541243531912233,0.10591867748965668,0.6549901045464205,1.112769022807722,2.2951384163323914
3_BKOCO2live_740nm_3097mW_u1_poc0p45_20x0p75NA_535s50_g70_z1_256pix_basicFLIM_120f_0000.sdt,20260517_KPC_live_on_SLIM,live,BKO,535,colony_edge,2026-05-18 11:11:13.177204,65536,22600,193.6054289711211,0.4808123706295278,0.29876164188413773,0.48969340407813483,0.29870432674067526,0.0626399786768514,0.03658195423301749,0.573606053673801,1.2135213004658325,2.8409915531714307
3_BKOCO2live_740nm_3097mW_u1_poc0p45_20x0p75NA_535s50_g70_z1_256pix_basicFLIM_120f_0001.sdt,20260517_KPC_live_on_SLIM,live,BKO,535,colony_edge,2026-05-18 11:12:21.288900,65536,15343,253.39917849926246,0.5246976957819184,0.3234443738423067,0.5334361304826919,0.32195462019995313,0.05492244898926712,0.031266360240097,0.6230641080759215,1.2007217529896694,2.4974626037483287
3_BKOCO2live_740nm_3097mW_u1_poc0p45_20x0p75NA_535s50_g70_z1_256pix_basicFLIM_120f_0002.sdt,20260517_KPC_live_on_SLIM,live,BKO,535,colony_edge,2026-05-18 11:21:12.642338,65536,26038,173.4572411612699,0.48374910124699017,0.339722738194723,0.49072350164561607,0.3386864807128761,0.05917769860895788,0.03663791510238735,0.5962533750722157,1.3730651625377899,2.678580241910594
3_BKOCO2live_740nm_3097mW_u1_poc0p45_20x0p75NA_535s50_g70_z1_256pix_basicFLIM_120f_0003.sdt,20260517_KPC_live_on_SLIM,live,BKO,535,colony_deep,2026-05-18 11:24:53.327847,65536,22131,205.1120729090158,0.49344478060736174,0.3460413103800034,0.5001256204765722,0.3434470991273171,0.054582659381904,0.03458587831604282,0.6066972442298098,1.3661893452038525,2.6066855320644846
3_BKOCO2live_740nm_3097mW_u1_poc0p45_20x0p75NA_535s50_g70_z1_256pix_basicFLIM_120f_0004.sdt,20260517_KPC_live_on_SLIM,live,BKO,535,colony_edge,2026-05-18 11:26:02.488599,65536,21417,154.4446882819333,0.47733649465328587,0.3406715855849443,0.48379914970402477,0.33989301721887033,0.05953134313680661,0.03859968702143298,0.5912604167441659,1.3976785057884085,2.713596798677944
3_BKOCO2live_740nm_3097mW_u1_poc0p45_20x0p75NA_535s50_g70_z1_256pix_basicFLIM_120f_0005.sdt,20260517_KPC_live_on_SLIM,live,BKO,535,colony_deep,2026-05-18 11:27:10.505404,65536,15428,212.58036633076566,0.5014315297545526,0.33618736463006144,0.5099323723649942,0.33510337515850047,0.053602645544029145,0.0334403931430075,0.6101846412590289,1.3073635224387847,2.58307006090747
3_BKOCO2live_740nm_3097mW_u1_poc0p45_20x0p75NA_535s50_g70_z1_256pix_basicFLIM_120f_0006.sdt,20260517_KPC_live_on_SLIM,live,BKO,535,colony_deep,2026-05-18 11:28:19.099432,65536,22089,290.12800267425564,0.49896526375050004,0.33283898024734765,0.5070298447665317,0.3313701440100196,0.05062838505604798,0.029445850402472724,0.6057106865700772,1.3001995088807903,2.613401046825168
3_BKOCO2live_740nm_3097mW_u1_poc0p45_20x0p75NA_535s50_g70_z1_256pix_basicFLIM_120f_0007.sdt,20260517_KPC_live_on_SLIM,live,BKO,535,colony_deep,2026-05-18 11:29:27.893117,65536,14902,251.33483720455482,0.5031542976267058,0.34088402198629525,0.5171618845485147,0.3362826833300052,0.054508207040781055,0.03217970634794767,0.6168812348721591,1.293624224040143,2.5382497825175556
3_BKOCO2live_740nm_3097mW_u1_poc0p45_20x0p75NA_535s50_g70_z1_256pix_basicFLIM_120f_0008.sdt,20260517_KPC_live_on_SLIM,live,BKO,535,colony_deep,2026-05-18 11:30:36.539939,65536,21443,178.84177065187166,0.5363880607863217,0.32319495052175023,0.5434231414944637,0.32251101197363496,0.05698075262489194,0.03477468850461586,0.6319193489330501,1.1806918457689655,2.439997219008412
3_BKOCO2live_740nm_3097mW_u1_poc0p45_20x0p75NA_535s50_g70_z1_256pix_basicFLIM_120f_0009.sdt,20260517_KPC_live_on_SLIM,live,BKO,535,colony_deep,2026-05-18 11:33:15.543354,65536,15167,276.0805506542765,0.5066689898230187,0.3313253658360144,0.5177233720305207,0.3279758196547697,0.05426261208930203,0.03204996404378134,0.6128667295790096,1.2603007641886836,2.565036732978892
3_BKOCO2live_740nm_3097mW_u1_poc0p45_20x0p75NA_535s50_g70_z1_256pix_basicFLIM_120f_0010.sdt,20260517_KPC_live_on_SLIM,live,BKO,535,colony_edge,2026-05-18 11:35:23.466033,65536,30485,305.2487197632934,0.5325403662575362,0.33126228958788334,0.5395295322848053,0.3293970144420207,0.048515027923265584,0.028171210686934157,0.6321348822290836,1.2146036488991947,2.438612054004498
3_BKOCO2live_740nm_3097mW_u1_poc0p45_20x0p75NA_535s50_g70_z1_256pix_basicFLIM_120f_0011.sdt,20260517_KPC_live_on_SLIM,live,BKO,535,colony_edge,2026-05-18 11:36:31.879517,65536,24850,193.979813317011,0.5549612867407729,0.3283333173232654,0.5619959157044955,0.32680391539792614,0.05343991532852249,0.03352559669315565,0.6501078436597648,1.1568691405026668,2.3252411843312526
3_BKOCO2live_740nm_3097mW_u1_poc0p45_20x0p75NA_535s50_g70_z1_256pix_basicFLIM_120f_0012.sdt,20260517_KPC_live_on_SLIM,live,BKO,535,colony_edge,2026-05-18 11:40:42.824279,65536,29781,284.39458936484994,0.5206751487291453,0.33482096701749225,0.5244495876766642,0.3342144303811165,0.0465413715693437,0.02803393949640174,0.6218895846444104,1.267802470859003,2.505167817967134
3_BKOCO2live_740nm_3097mW_u1_poc0p45_20x0p75NA_535s50_g70_z1_256pix_basicFLIM_120f_0013.sdt,20260517_KPC_live_on_SLIM,live,BKO,535,colony_edge,2026-05-18 11:41:51.776531,65536,20334,287.8191526874266,0.5191877128035576,0.3395151342337162,0.5301046325049804,0.335690819503852,0.049489523580730124,0.029544980701156,0.6274545781986199,1.2598185810540268,2.4688340910477344
3_BKOCO2live_740nm_3097mW_u1_poc0p45_20x0p75NA_535s50_g70_z1_256pix_basicFLIM_120f_0014.sdt,20260517_KPC_live_on_SLIM,live,BKO,535,colony_edge,2026-05-18 11:43:00.447776,65536,19695,226.47198449332643,0.5120087012826053,0.3190475493784372,0.531195462587796,0.3159902625140132,0.060206493874794945,0.03215616736805636,0.6180764236545006,1.1834488382818844,2.53032156007126
3_BKOCO2live_740nm_3097mW_u1_poc0p45_20x0p75NA_535s50_g70_z1_256pix_basicFLIM_120f_0015.sdt,20260517_KPC_live_on_SLIM,live,BKO,535,colony_edge,2026-05-18 11:44:09.438298,65536,13514,165.96799339468544,0.51265584535327,0.33252317526782565,0.537177526784864,0.3228321171110476,0.07090024002360812,0.04268210089587202,0.6267218450964546,1.1956086364634522,2.4735930308232237
3_BKOCO2live_740nm_3097mW_u1_poc0p45_20x0p75NA_457s50_g70_z1_256pix_basicFLIM_120f_0000.sdt,20260517_KPC_live_on_SLIM,live,BKO,457,colony_edge,2026-05-18 11:52:34.734781,65536,32874,247.36071168049207,0.5032406142826971,0.29674417582782897,0.5028669461421472,0.2976798892567621,0.061169388441795265,0.031887946721937864,0.5843701583673205,1.177677967246762,2.762636862725711
3_BKOCO2live_740nm_3097mW_u1_poc0p45_20x0p75NA_457s50_g70_z1_256pix_basicFLIM_120f_0001.sdt,20260517_KPC_live_on_SLIM,live,BKO,457,colony_edge,2026-05-18 11:53:42.861516,65536,25897,281.4834967984692,0.5097346921627102,0.31491656233256426,0.5060963682010494,0.31611914217596443,0.06382118307118359,0.028986671956207497,0.5967116941675936,1.242646836760339,2.6753873116346676
3_BKOCO2live_740nm_3097mW_u1_poc0p45_20x0p75NA_457s50_g70_z1_256pix_basicFLIM_120f_0002.sdt,20260517_KPC_live_on_SLIM,live,BKO,457,colony_edge,2026-05-18 11:54:51.613761,65536,29511,191.55209716029879,0.5156143207147658,0.31532457791170965,0.5096126148803063,0.3164603984846138,0.06580807216648231,0.03353123273609548,0.5998768215677148,1.235404973331725,2.653433398314997
3_BKOCO2live_740nm_3097mW_u1_poc0p45_20x0p75NA_457s50_g70_z1_256pix_basicFLIM_120f_0003.sdt,20260517_KPC_live_on_SLIM,live,BKO,457,colony_deep,2026-05-18 11:59:26.904002,65536,24636,418.9035052615998,0.4967364140634092,0.3242028518645487,0.49654107910793105,0.32339533852463653,0.05311968369688266,0.026431371147646442,0.5925686358736285,1.2957127029535493,2.7043804760941486
3_BKOCO2live_740nm_3097mW_u1_poc0p45_20x0p75NA_457s50_g70_z1_256pix_basicFLIM_120f_0004.sdt,20260517_KPC_live_on_SLIM,live,BKO,457,colony_edge,2026-05-18 12:00:36.023747,65536,27106,290.72795548475176,0.5205313982221333,0.31478319423844736,0.5169480622568128,0.31612184143353594,0.060711994225696765,0.028725296868897302,0.6059441539468825,1.2165717737632478,2.6118104289049584
3_BKOCO2live_740nm_3097mW_u1_poc0p45_20x0p75NA_457s50_g70_z1_256pix_basicFLIM_120f_0005.sdt,20260517_KPC_live_on_SLIM,live,BKO,457,colony_deep,2026-05-18 12:01:44.045138,65536,26958,414.8340713845709,0.512640036417938,0.3187177301642329,0.5122111465962244,0.31909239654387656,0.05205354318038973,0.025651032028750055,0.603473459424301,1.2393602850718284,2.628687672308987
3_BKOCO2live_740nm_3097mW_u1_poc0p45_20x0p75NA_457s50_g70_z1_256pix_basicFLIM_120f_0006.sdt,20260517_KPC_live_on_SLIM,live,BKO,457,colony_deep,2026-05-18 12:02:52.626543,65536,25846,453.2782835443147,0.5074482696722853,0.31860564206653685,0.5081521476774836,0.31825851659968124,0.053997321761748956,0.025976778503036802,0.5995890997820663,1.245995326632015,2.6554221859761693
3_BKOCO2live_740nm_3097mW_u1_poc0p45_20x0p75NA_457s50_g70_z1_256pix_basicFLIM_120f_0007.sdt,20260517_KPC_live_on_SLIM,live,BKO,457,colony_deep,2026-05-18 12:04:01.405708,65536,21034,325.9753384302145,0.5122072143942992,0.3233695079281561,0.5142780913529229,0.3218507595116345,0.050784052122737525,0.028382551538148112,0.6066876186669885,1.2450496184710345,2.6067509785903216
3_BKOCO2live_740nm_3097mW_u1_poc0p45_20x0p75NA_457s50_g70_z1_256pix_basicFLIM_120f_0008.sdt,20260517_KPC_live_on_SLIM,live,BKO,457,colony_deep,2026-05-18 12:07:58.832707,65536,28888,51.013971268674396,0.5061487958691216,0.31891405371740017,0.5033719479093783,0.3200113237180596,0.09495249917162678,0.06355511921126618,0.5964818230674482,1.2647552229181582,2.676988289917665
3_BKOCO2live_740nm_3097mW_u1_poc0p45_20x0p75NA_457s50_g70_z1_256pix_basicFLIM_120f_0009.sdt,20260517_KPC_live_on_SLIM,live,BKO,457,colony_deep,2026-05-18 12:10:58.657535,65536,21854,380.8587814668762,0.4937101779352264,0.31812569583043754,0.49294702357188,0.31756980272444035,0.059548948333404905,0.029207731202360823,0.5863849824567607,1.2816489770564246,2.7482089502652345
3_BKOCO2live_740nm_3097mW_u1_poc0p45_20x0p75NA_457s50_g70_z1_256pix_basicFLIM_120f_0010.sdt,20260517_KPC_live_on_SLIM,live,BKO,457,colony_edge,2026-05-18 12:12:07.994493,65536,35763,153.5413888143255,0.5292074257883358,0.31919974476921953,0.5255734876338296,0.31983990000816653,0.06394615972149177,0.03600850502270367,0.6152438967928258,1.2106799116116767,2.5491456102390155
3_BKOCO2live_740nm_3097mW_u1_poc0p45_20x0p75NA_457s50_g70_z1_256pix_basicFLIM_120f_0011.sdt,20260517_KPC_live_on_SLIM,live,BKO,457,colony_edge,2026-05-18 12:14:51.318863,65536,30260,481.0414356431625,0.5199434273582293,0.32227648102387774,0.518110665278594,0.3223705579486384,0.05331893477427812,0.024484101605011778,0.610214255903239,1.2378356411856,2.5828703361137797
3_BKOCO2live_740nm_3097mW_u1_poc0p45_20x0p75NA_457s50_g70_z1_256pix_basicFLIM_120f_0012.sdt,20260517_KPC_live_on_SLIM,live,BKO,457,colony_edge,2026-05-18 12:15:59.928142,65536,33062,367.3474532983305,0.5233295221342197,0.3197775270874312,0.5190880035602397,0.3206342862367367,0.052565407245851875,0.02423786056775017,0.6101300688793309,1.2288506772772168,2.5834381394524137
3_BKOCO2live_740nm_3097mW_u1_poc0p45_20x0p75NA_457s50_g70_z1_256pix_basicFLIM_120f_0013.sdt,20260517_KPC_live_on_SLIM,live,BKO,457,colony_edge,2026-05-18 12:17:08.972551,65536,25424,365.12193701468556,0.5177386485630897,0.3232620599059144,0.5183261585635585,0.3221204500934576,0.05513848698137466,0.026706844580344075,0.6102651809006203,1.2363610502853255,2.582526923564771
3_BKOCO2live_740nm_3097mW_u1_poc0p45_20x0p75NA_457s50_g70_z1_256pix_basicFLIM_120f_0014.sdt,20260517_KPC_live_on_SLIM,live,BKO,457,colony_edge,2026-05-18 12:18:17.715781,65536,26101,167.60228120698707,0.5101640301460696,0.3137585325477258,0.5127003164081875,0.31321623507002794,0.0682713235412387,0.036686539409974774,0.6008044809723864,1.2153764702463117,2.64703056474835
3_BKOCO2live_740nm_3097mW_u1_poc0p45_20x0p75NA_457s50_g70_z1_256pix_basicFLIM_120f_0015.sdt,20260517_KPC_live_on_SLIM,live,BKO,457,colony_edge,2026-05-18 12:20:40.068357,65536,21324,302.99477416647545,0.47905664378679014,0.3199797744698,0.4856530224072904,0.3155923170271461,0.06983080682414176,0.033194943459935795,0.5791868167870353,1.2927974021381488,2.8000958630395307
