filename,session,G_urea_interp,S_urea_interp,dist_from_10,urea_phase_add,urea_mod_scale
3_KPCWTformP4num4_740nm_3037mW_u1_poc0p2_20x0p75NA_475s50_g70_z1_256pix_basicFLIM_30f_0000.sdt,20260429_KPC_fixed_dishes_on_SLIM,1.00054,0.00722,0.00724,-0.007221,0.999435
3_KPCWTformP4num4_740nm_3037mW_u1_poc0p2_20x0p75NA_475s50_g70_z1_256pix_basicFLIM_30f_0001.sdt,20260429_KPC_fixed_dishes_on_SLIM,1.00053,0.00724,0.00726,-0.007236,0.999444
3_KPCWTformP4num4_740nm_3037mW_u1_poc0p2_20x0p75NA_475s50_g70_z1_256pix_basicFLIM_30f_0002.sdt,20260429_KPC_fixed_dishes_on_SLIM,1.00052,0.00726,0.00727,-0.007251,0.999453
3_KPCWTformP4num4_740nm_3037mW_u1_poc0p2_20x0p75NA_475s50_g70_z1_256pix_basicFLIM_30f_0003.sdt,20260429_KPC_fixed_dishes_on_SLIM,1.00051,0.00727,0.00729,-0.007267,0.999461
3_KPCWTformP4num4_740nm_3037mW_u1_poc0p2_20x0p75NA_475s50_g70_z1_256pix_basicFLIM_30f_0004.sdt,20260429_KPC_fixed_dishes_on_SLIM,1.0005,0.00729,0.0073,-0.007282,0.99947
3_KPCWTformP4num4_740nm_3037mW_u1_poc0p2_20x0p75NA_475s50_g70_z1_256pix_basicFLIM_30f_0005.sdt,20260429_KPC_fixed_dishes_on_SLIM,1.00049,0.0073,0.00732,-0.007298,0.999479
3_KPCWTformP4num4_740nm_3037mW_u1_poc0p2_20x0p75NA_475s50_g70_z1_256pix_basicFLIM_30f_0006.sdt,20260429_KPC_fixed_dishes_on_SLIM,1.00049,0.00732,0.00733,-0.007313,0.999488
3_KPCWTformP4num4_740nm_3037mW_u1_poc0p2_20x0p75NA_475s50_g70_z1_256pix_basicFLIM_30f_0007.sdt,20260429_KPC_fixed_dishes_on_SLIM,1.00048,0.00733,0.00735,-0.007328,0.999497
3_KPCWTformP4num4_740nm_3037mW_u1_poc0p2_20x0p75NA_475s50_g70_z1_256pix_basicFLIM_30f_0008.sdt,20260429_KPC_fixed_dishes_on_SLIM,1.00047,0.00735,0.00736,-0.007344,0.999505
3_KPCWTformP4num4_740nm_3037mW_u1_poc0p2_20x0p75NA_475s50_g70_z1_256pix_basicFLIM_30f_0009.sdt,20260429_KPC_fixed_dishes_on_SLIM,1.00046,0.00736,0.00738,-0.007359,0.999514
3_KPCWTformP4num4_pos5_740nm_3037mW_u1_poc0p2_20x0p75NA_475s50_g70_z1_256pix_basicFLIM_30f_0010.sdt,20260429_KPC_fixed_dishes_on_SLIM,1.00044,0.0074,0.00741,-0.007394,0.999534
3_KPCWTformP4num4_pos6_740nm_3037mW_u1_poc0p2_20x0p75NA_475s50_g70_z1_256pix_basicFLIM_30f_0011.sdt,20260429_KPC_fixed_dishes_on_SLIM,1.00043,0.00741,0.00742,-0.007409,0.999543
3_KPCWTformP4num4_pos7_740nm_3037mW_u1_poc0p2_20x0p75NA_475s50_g70_z1_256pix_basicFLIM_30f_0012.sdt,20260429_KPC_fixed_dishes_on_SLIM,1.00042,0.00743,0.00744,-0.007424,0.999551
3_KPCWTformP4num4_740nm_3037mW_u1_poc0p2_20x0p75NA_535s50_g70_z1_256pix_basicFLIM_90f_0000.sdt,20260429_KPC_fixed_dishes_on_SLIM,1.00032,0.0076,0.0076,-0.007592,0.999647
3_KPCWTformP4num4_740nm_3037mW_u1_poc0p2_20x0p75NA_535s50_g70_z1_256pix_basicFLIM_90f_0001.sdt,20260429_KPC_fixed_dishes_on_SLIM,1.00032,0.00761,0.00762,-0.007608,0.999656
3_KPCWTformP4num4_740nm_3037mW_u1_poc0p2_20x0p75NA_535s50_g70_z1_256pix_basicFLIM_90f_0002.sdt,20260429_KPC_fixed_dishes_on_SLIM,1.00031,0.00763,0.00763,-0.007623,0.999664
3_KPCWTformP4num4_740nm_3037mW_u1_poc0p2_20x0p75NA_535s50_g70_z1_256pix_basicFLIM_90f_0003.sdt,20260429_KPC_fixed_dishes_on_SLIM,1.0003,0.00764,0.00765,-0.007638,0.999673
3_KPCWTformP4num4_740nm_3037mW_u1_poc0p2_20x0p75NA_535s50_g70_z1_256pix_basicFLIM_90f_0004.sdt,20260429_KPC_fixed_dishes_on_SLIM,1.00029,0.00766,0.00766,-0.007654,0.999682
3_KPCWTformP4num4_740nm_3037mW_u1_poc0p2_20x0p75NA_535s50_g70_z1_256pix_basicFLIM_90f_0005.sdt,20260429_KPC_fixed_dishes_on_SLIM,1.00028,0.00767,0.00768,-0.007669,0.99969
3_KPCWTformP4num4_740nm_3037mW_u1_poc0p2_20x0p75NA_535s50_g70_z1_256pix_basicFLIM_90f_0006.sdt,20260429_KPC_fixed_dishes_on_SLIM,1.00027,0.00769,0.00769,-0.007684,0.999699
3_KPCWTformP4num4_740nm_3037mW_u1_poc0p2_20x0p75NA_535s50_g70_z1_256pix_basicFLIM_90f_0007.sdt,20260429_KPC_fixed_dishes_on_SLIM,1.00026,0.0077,0.00771,-0.007699,0.999708
3_KPCWTformP4num4_740nm_3037mW_u1_poc0p2_20x0p75NA_535s50_g70_z1_256pix_basicFLIM_90f_0008.sdt,20260429_KPC_fixed_dishes_on_SLIM,1.00025,0.00772,0.00772,-0.007715,0.999716
3_KPCWTformP4num4_740nm_3037mW_u1_poc0p2_20x0p75NA_535s50_g70_z1_256pix_basicFLIM_90f_0009.sdt,20260429_KPC_fixed_dishes_on_SLIM,1.00025,0.00773,0.00774,-0.00773,0.999725
4_KPCWT0416formP4num3_740nm_3037mW_u1_poc0p2_20x0p75NA_457s50_g70_z1_256pix_basicFLIM_90f_0000.sdt,20260429_KPC_fixed_dishes_on_SLIM,0.99983,0.00844,0.00844,-0.008443,1.00013
4_KPCWT0416formP4num3_740nm_3037mW_u1_poc0p2_20x0p75NA_457s50_g70_z1_256pix_basicFLIM_90f_0001.sdt,20260429_KPC_fixed_dishes_on_SLIM,0.99983,0.00846,0.00846,-0.008459,1.000139
4_KPCWT0416formP4num3_740nm_3037mW_u1_poc0p2_20x0p75NA_457s50_g70_z1_256pix_basicFLIM_90f_0002.sdt,20260429_KPC_fixed_dishes_on_SLIM,0.99982,0.00847,0.00847,-0.008474,1.000148
4_KPCWT0416formP4num3_740nm_3037mW_u1_poc0p2_20x0p75NA_457s50_g70_z1_256pix_basicFLIM_90f_0003.sdt,20260429_KPC_fixed_dishes_on_SLIM,0.99981,0.00849,0.00849,-0.008489,1.000156
4_KPCWT0416formP4num3_740nm_3037mW_u1_poc0p2_20x0p75NA_457s50_g70_z1_256pix_basicFLIM_90f_0004.sdt,20260429_KPC_fixed_dishes_on_SLIM,0.9998,0.0085,0.0085,-0.008504,1.000165
4_KPCWT0416formP4num3_740nm_3037mW_u1_poc0p2_20x0p75NA_457s50_g70_z1_256pix_basicFLIM_90f_0005.sdt,20260429_KPC_fixed_dishes_on_SLIM,0.99979,0.00852,0.00852,-0.008519,1.000174
4_KPCWT0416formP4num3_740nm_3037mW_u1_poc0p2_20x0p75NA_457s50_g70_z1_256pix_basicFLIM_90f_0006.sdt,20260429_KPC_fixed_dishes_on_SLIM,0.99978,0.00853,0.00854,-0.008534,1.000182
4_KPCWT0416formP4num3_740nm_3037mW_u1_poc0p2_20x0p75NA_457s50_g70_z1_256pix_basicFLIM_90f_0007.sdt,20260429_KPC_fixed_dishes_on_SLIM,0.99977,0.00855,0.00855,-0.00855,1.000191
4_KPCWT0416formP4num3_740nm_3037mW_u1_poc0p2_20x0p75NA_457s50_g70_z1_256pix_basicFLIM_90f_0008.sdt,20260429_KPC_fixed_dishes_on_SLIM,0.99976,0.00856,0.00857,-0.008565,1.000199
4_KPCWT0416formP4num3_740nm_3037mW_u1_poc0p2_20x0p75NA_457s50_g70_z1_256pix_basicFLIM_90f_0009.sdt,20260429_KPC_fixed_dishes_on_SLIM,0.99976,0.00858,0.00858,-0.00858,1.000208
4_KPCWT0416formP4num3_740nm_3037mW_u1_poc0p2_20x0p75NA_535s50_g70_z1_256pix_basicFLIM_90f_0000.sdt,20260429_KPC_fixed_dishes_on_SLIM,0.99963,0.0088,0.00881,-0.008806,1.000336
4_KPCWT0416formP4num3_740nm_3037mW_u1_poc0p2_20x0p75NA_535s50_g70_z1_256pix_basicFLIM_90f_0001.sdt,20260429_KPC_fixed_dishes_on_SLIM,0.99962,0.00882,0.00883,-0.008821,1.000345
4_KPCWT0416formP4num3_740nm_3037mW_u1_poc0p2_20x0p75NA_535s50_g70_z1_256pix_basicFLIM_90f_0002.sdt,20260429_KPC_fixed_dishes_on_SLIM,0.99961,0.00883,0.00884,-0.008836,1.000354
4_KPCWT0416formP4num3_740nm_3037mW_u1_poc0p2_20x0p75NA_535s50_g70_z1_256pix_basicFLIM_90f_0003.sdt,20260429_KPC_fixed_dishes_on_SLIM,0.9996,0.00885,0.00886,-0.008851,1.000362
4_KPCWT0416formP4num3_740nm_3037mW_u1_poc0p2_20x0p75NA_535s50_g70_z1_256pix_basicFLIM_90f_0004.sdt,20260429_KPC_fixed_dishes_on_SLIM,0.99959,0.00886,0.00887,-0.008867,1.000371
4_KPCWT0416formP4num3_740nm_3037mW_u1_poc0p2_20x0p75NA_535s50_g70_z1_256pix_basicFLIM_90f_0005.sdt,20260429_KPC_fixed_dishes_on_SLIM,0.99958,0.00888,0.00889,-0.008882,1.000379
4_KPCWT0416formP4num3_740nm_3037mW_u1_poc0p2_20x0p75NA_535s50_g70_z1_256pix_basicFLIM_90f_0006.sdt,20260429_KPC_fixed_dishes_on_SLIM,0.99957,0.00889,0.0089,-0.008897,1.000388
4_KPCWT0416formP4num3_740nm_3037mW_u1_poc0p2_20x0p75NA_535s50_g70_z1_256pix_basicFLIM_90f_0007.sdt,20260429_KPC_fixed_dishes_on_SLIM,0.99956,0.00891,0.00892,-0.008912,1.000397
4_KPCWT0416formP4num3_740nm_3037mW_u1_poc0p2_20x0p75NA_535s50_g70_z1_256pix_basicFLIM_90f_0008.sdt,20260429_KPC_fixed_dishes_on_SLIM,0.99956,0.00892,0.00893,-0.008927,1.000405
4_KPCWT0416formP4num3_740nm_3037mW_u1_poc0p2_20x0p75NA_535s50_g70_z1_256pix_basicFLIM_90f_0009.sdt,20260429_KPC_fixed_dishes_on_SLIM,0.99955,0.00894,0.00895,-0.008942,1.000414
3_KPCWT0430glu10min_740nm_3024mW_u1_poc0p15_20x0p75NA_457s50_g70_z1_256pix_basicFLIM_90f_0000.sdt,20260501_KPC_fixed_dishes_on_SLIM,1.00041,0.00864,0.00865,-0.008641,0.999558
3_KPCWT0430glu10min_740nm_3024mW_u1_poc0p2_20x0p75NA_457s50_g70_z1_256pix_basicFLIM_120f_0000.sdt,20260501_KPC_fixed_dishes_on_SLIM,1.00045,0.00867,0.00868,-0.008669,0.999513
3_KPCWT0430glu10min_740nm_3024mW_u1_poc0p2_20x0p75NA_457s50_g70_z1_256pix_basicFLIM_120f_0001.sdt,20260501_KPC_fixed_dishes_on_SLIM,1.00048,0.00869,0.0087,-0.008686,0.999485
3_KPCWT0430glu10min_740nm_3024mW_u1_poc0p2_20x0p75NA_457s50_g70_z1_256pix_basicFLIM_120f_0002.sdt,20260501_KPC_fixed_dishes_on_SLIM,1.0005,0.00871,0.00872,-0.008703,0.999458
3_KPCWT0430glu10min_740nm_3024mW_u1_poc0p2_20x0p75NA_457s50_g70_z1_256pix_basicFLIM_120f_0003.sdt,20260501_KPC_fixed_dishes_on_SLIM,1.00053,0.00873,0.00874,-0.008721,0.99943
3_KPCWT0430glu10min_740nm_3024mW_u1_poc0p2_20x0p75NA_457s50_g70_z1_256pix_basicFLIM_120f_0004.sdt,20260501_KPC_fixed_dishes_on_SLIM,1.00056,0.00874,0.00876,-0.008738,0.999402
3_KPCWT0430glu10min_740nm_3024mW_u1_poc0p2_20x0p75NA_457s50_g70_z1_256pix_basicFLIM_120f_0005.sdt,20260501_KPC_fixed_dishes_on_SLIM,1.00059,0.00876,0.00878,-0.008756,0.999374
3_KPCWT0430glu10min_740nm_3024mW_u1_poc0p2_20x0p75NA_457s50_g70_z1_256pix_basicFLIM_120f_0006.sdt,20260501_KPC_fixed_dishes_on_SLIM,1.00062,0.00878,0.0088,-0.008773,0.999346
3_KPCWT0430glu10min_740nm_3024mW_u1_poc0p2_20x0p75NA_457s50_g70_z1_256pix_basicFLIM_120f_0007.sdt,20260501_KPC_fixed_dishes_on_SLIM,1.00064,0.0088,0.00882,-0.008791,0.999318
3_KPCWT0430glu10min_740nm_3024mW_u1_poc0p2_20x0p75NA_457s50_g70_z1_256pix_basicFLIM_120f_0008.sdt,20260501_KPC_fixed_dishes_on_SLIM,1.00067,0.00881,0.00884,-0.008808,0.99929
3_KPCWT0430glu10min_740nm_3024mW_u1_poc0p2_20x0p75NA_457s50_g70_z1_256pix_basicFLIM_120f_0009.sdt,20260501_KPC_fixed_dishes_on_SLIM,1.0007,0.00883,0.00886,-0.008826,0.999262
3_KPCWT0430glu10min_740nm_3024mW_u1_poc0p2_20x0p75NA_535s50_g70_z1_256pix_basicFLIM_120f_0000.sdt,20260501_KPC_fixed_dishes_on_SLIM,1.00075,0.00887,0.0089,-0.00886,0.999207
3_KPCWT0430glu10min_740nm_3024mW_u1_poc0p2_20x0p75NA_535s50_g70_z1_256pix_basicFLIM_120f_0001.sdt,20260501_KPC_fixed_dishes_on_SLIM,1.00078,0.00888,0.00892,-0.008878,0.999179
3_KPCWT0430glu10min_740nm_3024mW_u1_poc0p2_20x0p75NA_535s50_g70_z1_256pix_basicFLIM_120f_0002.sdt,20260501_KPC_fixed_dishes_on_SLIM,1.00081,0.0089,0.00894,-0.008895,0.999151
3_KPCWT0430glu10min_740nm_3024mW_u1_poc0p2_20x0p75NA_535s50_g70_z1_256pix_basicFLIM_120f_0003.sdt,20260501_KPC_fixed_dishes_on_SLIM,1.00084,0.00892,0.00896,-0.008913,0.999123
3_KPCWT0430glu10min_740nm_3024mW_u1_poc0p2_20x0p75NA_535s50_g70_z1_256pix_basicFLIM_120f_0004.sdt,20260501_KPC_fixed_dishes_on_SLIM,1.00087,0.00894,0.00898,-0.00893,0.999095
3_KPCWT0430glu10min_740nm_3024mW_u1_poc0p2_20x0p75NA_535s50_g70_z1_256pix_basicFLIM_120f_0005.sdt,20260501_KPC_fixed_dishes_on_SLIM,1.00089,0.00896,0.009,-0.008948,0.999067
3_KPCWT0430glu10min_740nm_3024mW_u1_poc0p2_20x0p75NA_535s50_g70_z1_256pix_basicFLIM_120f_0006.sdt,20260501_KPC_fixed_dishes_on_SLIM,1.00092,0.00897,0.00902,-0.008965,0.999039
3_KPCWT0430glu10min_740nm_3024mW_u1_poc0p2_20x0p75NA_535s50_g70_z1_256pix_basicFLIM_120f_0007.sdt,20260501_KPC_fixed_dishes_on_SLIM,1.00095,0.00899,0.00904,-0.008983,0.99901
3_KPCWT0430glu10min_740nm_3024mW_u1_poc0p2_20x0p75NA_535s50_g70_z1_256pix_basicFLIM_120f_0008.sdt,20260501_KPC_fixed_dishes_on_SLIM,1.00098,0.00901,0.00906,-0.009,0.998983
3_KPCWT0430glu10min_740nm_3024mW_u1_poc0p2_20x0p75NA_535s50_g70_z1_256pix_basicFLIM_120f_0009.sdt,20260501_KPC_fixed_dishes_on_SLIM,1.00101,0.00903,0.00908,-0.009018,0.998954
4_BKO0430glu10min_740nm_3024mW_u1_poc0p2_20x0p75NA_535s50_g70_z1_256pix_basicFLIM_60f_0000.sdt,20260501_KPC_fixed_dishes_on_SLIM,1.00123,0.00917,0.00925,-0.009157,0.998731
4_BKO0430glu10min_740nm_3024mW_u1_poc0p2_20x0p75NA_535s50_g70_z1_256pix_basicFLIM_60f_0001.sdt,20260501_KPC_fixed_dishes_on_SLIM,1.00124,0.00918,0.00926,-0.009166,0.998717
4_BKO0430glu10min_740nm_3024mW_u1_poc0p2_20x0p75NA_535s50_g70_z1_256pix_basicFLIM_60f_0002.sdt,20260501_KPC_fixed_dishes_on_SLIM,1.00126,0.00919,0.00927,-0.009175,0.998703
4_BKO0430glu10min_740nm_3024mW_u1_poc0p2_20x0p75NA_535s50_g70_z1_256pix_basicFLIM_60f_0003.sdt,20260501_KPC_fixed_dishes_on_SLIM,1.00127,0.0092,0.00928,-0.009184,0.998688
4_BKO0430glu10min_740nm_3024mW_u1_poc0p2_20x0p75NA_535s50_g70_z1_256pix_basicFLIM_60f_0004.sdt,20260501_KPC_fixed_dishes_on_SLIM,1.00129,0.00921,0.00929,-0.009193,0.998674
4_BKO0430glu10min_740nm_3024mW_u1_poc0p2_20x0p75NA_535s50_g70_z1_256pix_basicFLIM_60f_0005.sdt,20260501_KPC_fixed_dishes_on_SLIM,1.0013,0.00921,0.00931,-0.009202,0.998659
4_BKO0430glu10min_740nm_3024mW_u1_poc0p2_20x0p75NA_535s50_g70_z1_256pix_basicFLIM_60f_0006.sdt,20260501_KPC_fixed_dishes_on_SLIM,1.00131,0.00922,0.00932,-0.009212,0.998645
4_BKO0430glu10min_740nm_3024mW_u1_poc0p2_20x0p75NA_535s50_g70_z1_256pix_basicFLIM_60f_0007.sdt,20260501_KPC_fixed_dishes_on_SLIM,1.00133,0.00923,0.00933,-0.009221,0.99863
4_BKO0430glu10min_740nm_3024mW_u1_poc0p2_20x0p75NA_535s50_g70_z1_256pix_basicFLIM_60f_0008.sdt,20260501_KPC_fixed_dishes_on_SLIM,1.00134,0.00924,0.00934,-0.00923,0.998615
4_BKO0430glu10min_740nm_3024mW_u1_poc0p2_20x0p75NA_535s50_g70_z1_256pix_basicFLIM_60f_0009.sdt,20260501_KPC_fixed_dishes_on_SLIM,1.00136,0.00925,0.00935,-0.009239,0.998601
4_BKO0430glu10min_740nm_3024mW_u1_poc0p2_20x0p75NA_535s50_g70_z1_256pix_basicFLIM_40f_0000.sdt,20260501_KPC_fixed_dishes_on_SLIM,1.00138,0.00926,0.00936,-0.00925,0.998584
4_BKO0430glu10min_740nm_3024mW_u1_poc0p2_20x0p75NA_535s50_g70_z1_256pix_basicFLIM_40f_0001.sdt,20260501_KPC_fixed_dishes_on_SLIM,1.00139,0.00927,0.00937,-0.009256,0.998574
4_BKO0430glu10min_740nm_3024mW_u1_poc0p2_20x0p75NA_535s50_g70_z1_256pix_basicFLIM_40f_0002.sdt,20260501_KPC_fixed_dishes_on_SLIM,1.0014,0.00928,0.00938,-0.009262,0.998564
4_BKO0430glu10min_740nm_3024mW_u1_poc0p2_20x0p75NA_535s50_g70_z1_256pix_basicFLIM_40f_0003.sdt,20260501_KPC_fixed_dishes_on_SLIM,1.0014,0.00928,0.00939,-0.009268,0.998554
4_BKO0430glu10min_740nm_3024mW_u1_poc0p2_20x0p75NA_535s50_g70_z1_256pix_basicFLIM_40f_0004.sdt,20260501_KPC_fixed_dishes_on_SLIM,1.00141,0.00929,0.00939,-0.009274,0.998544
4_BKO0430glu10min_740nm_3024mW_u1_poc0p2_20x0p75NA_535s50_g70_z1_256pix_basicFLIM_40f_0005.sdt,20260501_KPC_fixed_dishes_on_SLIM,1.00142,0.00929,0.0094,-0.009281,0.998534
4_BKO0430glu10min_740nm_3024mW_u1_poc0p2_20x0p75NA_535s50_g70_z1_256pix_basicFLIM_40f_0006.sdt,20260501_KPC_fixed_dishes_on_SLIM,1.00144,0.0093,0.00941,-0.009287,0.998524
4_BKO0430glu10min_740nm_3024mW_u1_poc0p2_20x0p75NA_535s50_g70_z1_256pix_basicFLIM_40f_0007.sdt,20260501_KPC_fixed_dishes_on_SLIM,1.00145,0.00931,0.00942,-0.009293,0.998514
4_BKO0430glu10min_740nm_3024mW_u1_poc0p2_20x0p75NA_535s50_g70_z1_256pix_basicFLIM_40f_0008.sdt,20260501_KPC_fixed_dishes_on_SLIM,1.00145,0.00931,0.00943,-0.009299,0.998504
4_BKO0430glu10min_740nm_3024mW_u1_poc0p2_20x0p75NA_535s50_g70_z1_256pix_basicFLIM_40f_0009.sdt,20260501_KPC_fixed_dishes_on_SLIM,1.00146,0.00932,0.00943,-0.009305,0.998494
4_BKO0430glu10min_740nm_3038mW_u1_poc0p2_20x0p75NA_457s50_g70_z1_256pix_basicFLIM_100f_0000.sdt,20260501_KPC_fixed_dishes_on_SLIM,1.00155,0.00937,0.0095,-0.009357,0.998412
4_BKO0430glu10min_740nm_3038mW_u1_poc0p2_20x0p75NA_457s50_g70_z1_256pix_basicFLIM_100f_0001.sdt,20260501_KPC_fixed_dishes_on_SLIM,1.00157,0.00939,0.00952,-0.009372,0.998388
4_BKO0430glu10min_740nm_3038mW_u1_poc0p2_20x0p75NA_457s50_g70_z1_256pix_basicFLIM_100f_0002.sdt,20260501_KPC_fixed_dishes_on_SLIM,1.00159,0.0094,0.00954,-0.009387,0.998365
4_BKO0430glu10min_740nm_3038mW_u1_poc0p2_20x0p75NA_457s50_g70_z1_256pix_basicFLIM_100f_0003.sdt,20260501_KPC_fixed_dishes_on_SLIM,1.00162,0.00942,0.00955,-0.009401,0.998341
4_BKO0430glu10min_740nm_3038mW_u1_poc0p2_20x0p75NA_457s50_g70_z1_256pix_basicFLIM_100f_0004.sdt,20260501_KPC_fixed_dishes_on_SLIM,1.00164,0.00943,0.00957,-0.009416,0.998318
4_BKO0430glu10min_740nm_3038mW_u1_poc0p2_20x0p75NA_457s50_g70_z1_256pix_basicFLIM_100f_0005.sdt,20260501_KPC_fixed_dishes_on_SLIM,1.00166,0.00945,0.00959,-0.009431,0.998294
4_BKO0430glu10min_740nm_3038mW_u1_poc0p2_20x0p75NA_457s50_g70_z1_256pix_basicFLIM_100f_0006.sdt,20260501_KPC_fixed_dishes_on_SLIM,1.00169,0.00946,0.00961,-0.009445,0.99827
4_BKO0430glu10min_740nm_3038mW_u1_poc0p2_20x0p75NA_457s50_g70_z1_256pix_basicFLIM_100f_0007.sdt,20260501_KPC_fixed_dishes_on_SLIM,1.00171,0.00948,0.00963,-0.00946,0.998246
4_BKO0430glu10min_740nm_3038mW_u1_poc0p2_20x0p75NA_457s50_g70_z1_256pix_basicFLIM_100f_0008.sdt,20260501_KPC_fixed_dishes_on_SLIM,1.00174,0.00949,0.00965,-0.009475,0.998223
4_BKO0430glu10min_740nm_3038mW_u1_poc0p2_20x0p75NA_457s50_g70_z1_256pix_basicFLIM_100f_0009.sdt,20260501_KPC_fixed_dishes_on_SLIM,1.00176,0.00951,0.00967,-0.009489,0.9982
13_KPC_live_posn1_740nm_3040mW_u1_poc0p2_20x0p75NA_4570s50_g70_z1_256pix_basicFLIM_120f_0000.sdt,20260501_KPC_fixed_dishes_on_SLIM,1.02912,0.03785,0.04776,-0.036766,0.971043
13_KPC_live_posn1_740nm_3040mW_u1_poc0p2_20x0p75NA_4570s50_g70_z1_256pix_basicFLIM_120f_0001.sdt,20260501_KPC_fixed_dishes_on_SLIM,1.02954,0.03751,0.04774,-0.036413,0.970668
13_KPC_live_posn1_740nm_3040mW_u1_poc0p2_20x0p75NA_4570s50_g70_z1_256pix_basicFLIM_120f_0002.sdt,20260501_KPC_fixed_dishes_on_SLIM,1.02994,0.03716,0.04772,-0.036062,0.970294
13_KPC_live_posn1_740nm_3040mW_u1_poc0p2_20x0p75NA_4570s50_g70_z1_256pix_basicFLIM_120f_0003.sdt,20260501_KPC_fixed_dishes_on_SLIM,1.03035,0.03681,0.04771,-0.035711,0.969921
13_KPC_live_posn1b_740nm_3040mW_u1_poc0p2_20x0p75NA_535s50_g70_z1_256pix_basicFLIM_120f_0000.sdt,20260501_KPC_fixed_dishes_on_SLIM,1.03441,0.03337,0.04793,-0.032246,0.966231
13_KPC_live_posn1b_740nm_3040mW_u1_poc0p2_20x0p75NA_535s50_g70_z1_256pix_basicFLIM_120f_0001.sdt,20260501_KPC_fixed_dishes_on_SLIM,1.03482,0.03302,0.04799,-0.031897,0.965858
13_KPC_live_posn1b_740nm_3040mW_u1_poc0p2_20x0p75NA_535s50_g70_z1_256pix_basicFLIM_120f_0002.sdt,20260501_KPC_fixed_dishes_on_SLIM,1.03523,0.03267,0.04805,-0.03155,0.965488
13_KPC_live_posn1b_740nm_3040mW_u1_poc0p2_20x0p75NA_535s50_g70_z1_256pix_basicFLIM_120f_0003.sdt,20260501_KPC_fixed_dishes_on_SLIM,1.03564,0.03232,0.04812,-0.031201,0.965116
14_KPC_live_posn2_740nm_3040mW_u1_poc0p2_20x0p75NA_535s50_g70_z1_256pix_basicFLIM_120f_0000.sdt,20260501_KPC_fixed_dishes_on_SLIM,1.038,0.03032,0.04861,-0.029205,0.962983
14_KPC_live_posn2_740nm_3040mW_u1_poc0p2_20x0p75NA_535s50_g70_z1_256pix_basicFLIM_120f_0001.sdt,20260501_KPC_fixed_dishes_on_SLIM,1.03841,0.02998,0.04872,-0.028858,0.962611
14_KPC_live_posn2_740nm_3040mW_u1_poc0p2_20x0p75NA_535s50_g70_z1_256pix_basicFLIM_120f_0002.sdt,20260501_KPC_fixed_dishes_on_SLIM,1.03882,0.02963,0.04883,-0.028512,0.962241
14_KPC_live_posn2_740nm_3040mW_u1_poc0p2_20x0p75NA_457s50_g70_z1_256pix_basicFLIM_120f_0000.sdt,20260501_KPC_fixed_dishes_on_SLIM,1.03967,0.0289,0.04908,-0.027794,0.961472
14_KPC_live_posn2_740nm_3040mW_u1_poc0p2_20x0p75NA_457s50_g70_z1_256pix_basicFLIM_120f_0001.sdt,20260501_KPC_fixed_dishes_on_SLIM,1.04008,0.02856,0.04921,-0.027448,0.961102
14_KPC_live_posn2_740nm_3040mW_u1_poc0p2_20x0p75NA_457s50_g70_z1_256pix_basicFLIM_120f_0002.sdt,20260501_KPC_fixed_dishes_on_SLIM,1.04049,0.02821,0.04935,-0.027103,0.960732
15_KPC_live_posn3_740nm_3040mW_u1_poc0p2_20x0p75NA_457s50_g70_z1_256pix_basicFLIM_120f_0000.sdt,20260501_KPC_fixed_dishes_on_SLIM,1.04275,0.02629,0.05019,-0.02521,0.958701
15_KPC_live_posn3_740nm_3040mW_u1_poc0p2_20x0p75NA_457s50_g70_z1_256pix_basicFLIM_120f_0001.sdt,20260501_KPC_fixed_dishes_on_SLIM,1.04316,0.02594,0.05036,-0.024866,0.958332
15_KPC_live_posn3_740nm_3040mW_u1_poc0p2_20x0p75NA_457s50_g70_z1_256pix_basicFLIM_120f_0002.sdt,20260501_KPC_fixed_dishes_on_SLIM,1.04357,0.0256,0.05053,-0.024524,0.957964
15_KPC_live_posn3_740nm_3040mW_u1_poc0p2_20x0p75NA_457s50_g70_z1_256pix_basicFLIM_120f_0003.sdt,20260501_KPC_fixed_dishes_on_SLIM,1.04398,0.02525,0.05071,-0.024181,0.957596
15_KPC_live_posn3_740nm_3040mW_u1_poc0p2_20x0p75NA_457s50_g70_z1_256pix_basicFLIM_120f_0004.sdt,20260501_KPC_fixed_dishes_on_SLIM,1.04439,0.0249,0.05089,-0.023838,0.957228
15_KPC_live_posn3_740nm_3040mW_u1_poc0p2_20x0p75NA_535s50_g70_z1_256pix_basicFLIM_120f_0000.sdt,20260501_KPC_fixed_dishes_on_SLIM,1.04521,0.0242,0.05128,-0.02315,0.956488
15_KPC_live_posn3_740nm_3040mW_u1_poc0p2_20x0p75NA_535s50_g70_z1_256pix_basicFLIM_120f_0001.sdt,20260501_KPC_fixed_dishes_on_SLIM,1.04562,0.02385,0.05148,-0.022808,0.95612
15_KPC_live_posn3_740nm_3040mW_u1_poc0p2_20x0p75NA_535s50_g70_z1_256pix_basicFLIM_120f_0002.sdt,20260501_KPC_fixed_dishes_on_SLIM,1.04603,0.02351,0.05168,-0.022469,0.955755
15_KPC_live_posn3_740nm_3040mW_u1_poc0p2_20x0p75NA_535s50_g70_z1_256pix_basicFLIM_120f_0003.sdt,20260501_KPC_fixed_dishes_on_SLIM,1.04644,0.02316,0.05189,-0.022129,0.955389
15_KPC_live_posn3_740nm_3040mW_u1_poc0p2_20x0p75NA_535s50_g70_z1_256pix_basicFLIM_120f_0004.sdt,20260501_KPC_fixed_dishes_on_SLIM,1.04685,0.02281,0.05211,-0.021788,0.955022
16_KPC_live_posn4_740nm_3040mW_u1_poc0p2_20x0p75NA_535s50_g70_z1_256pix_basicFLIM_120f_0000.sdt,20260501_KPC_fixed_dishes_on_SLIM,1.05138,0.01896,0.05477,-0.018034,0.950973
16_KPC_live_posn4_740nm_3040mW_u1_poc0p2_20x0p75NA_535s50_g70_z1_256pix_basicFLIM_120f_0001.sdt,20260501_KPC_fixed_dishes_on_SLIM,1.05179,0.01862,0.05504,-0.017698,0.950609
16_KPC_live_posn4_740nm_3040mW_u1_poc0p2_20x0p75NA_535s50_g70_z1_256pix_basicFLIM_120f_0002.sdt,20260501_KPC_fixed_dishes_on_SLIM,1.0522,0.01827,0.05531,-0.01736,0.950244
16_KPC_live_posn4_740nm_3040mW_u1_poc0p2_20x0p75NA_535s50_g70_z1_256pix_basicFLIM_120f_0003.sdt,20260501_KPC_fixed_dishes_on_SLIM,1.05261,0.01792,0.05558,-0.017022,0.949879
16_KPC_live_posn4_740nm_3040mW_u1_poc0p2_20x0p75NA_457s50_g70_z1_256pix_basicFLIM_120f_0000.sdt,20260501_KPC_fixed_dishes_on_SLIM,1.05347,0.01719,0.05616,-0.01632,0.949119
16_KPC_live_posn4_740nm_3040mW_u1_poc0p2_20x0p75NA_457s50_g70_z1_256pix_basicFLIM_120f_0001.sdt,20260501_KPC_fixed_dishes_on_SLIM,1.05388,0.01685,0.05645,-0.015983,0.948755
16_KPC_live_posn4_740nm_3040mW_u1_poc0p2_20x0p75NA_457s50_g70_z1_256pix_basicFLIM_120f_0002.sdt,20260501_KPC_fixed_dishes_on_SLIM,1.05429,0.0165,0.05674,-0.015647,0.948391
16_KPC_live_posn4_740nm_3040mW_u1_poc0p2_20x0p75NA_457s50_g70_z1_256pix_basicFLIM_120f_0003.sdt,20260501_KPC_fixed_dishes_on_SLIM,1.0547,0.01615,0.05703,-0.015311,0.948027
17_KPC_live_posn5_740nm_3040mW_u1_poc0p2_20x0p75NA_457s50_g70_z1_256pix_basicFLIM_120f_0000.sdt,20260501_KPC_fixed_dishes_on_SLIM,1.05784,0.01349,0.05939,-0.012748,0.945248
17_KPC_live_posn5_740nm_3040mW_u1_poc0p2_20x0p75NA_457s50_g70_z1_256pix_basicFLIM_120f_0001.sdt,20260501_KPC_fixed_dishes_on_SLIM,1.05825,0.01314,0.05971,-0.012415,0.944886
17_KPC_live_posn5_740nm_3040mW_u1_poc0p2_20x0p75NA_457s50_g70_z1_256pix_basicFLIM_120f_0002.sdt,20260501_KPC_fixed_dishes_on_SLIM,1.05866,0.01279,0.06004,-0.01208,0.944523
17_KPC_live_posn5_740nm_3040mW_u1_poc0p2_20x0p75NA_457s50_g70_z1_256pix_basicFLIM_120f_0003.sdt,20260501_KPC_fixed_dishes_on_SLIM,1.05907,0.01244,0.06036,-0.011748,0.944163
17_KPC_live_posn5_740nm_3040mW_u1_poc0p2_20x0p75NA_457s50_g70_z1_256pix_basicFLIM_120f_0004.sdt,20260501_KPC_fixed_dishes_on_SLIM,1.05948,0.01209,0.0607,-0.011411,0.943797
17_KPC_live_posn5_740nm_3040mW_u1_poc0p2_20x0p75NA_535s50_g70_z1_256pix_basicFLIM_120f_0000.sdt,20260501_KPC_fixed_dishes_on_SLIM,1.06056,0.01118,0.06158,-0.010537,0.942846
17_KPC_live_posn5_740nm_3040mW_u1_poc0p2_20x0p75NA_535s50_g70_z1_256pix_basicFLIM_120f_0001.sdt,20260501_KPC_fixed_dishes_on_SLIM,1.06097,0.01083,0.06192,-0.010204,0.942484
17_KPC_live_posn5_740nm_3040mW_u1_poc0p2_20x0p75NA_535s50_g70_z1_256pix_basicFLIM_120f_0002.sdt,20260501_KPC_fixed_dishes_on_SLIM,1.06138,0.01048,0.06227,-0.009871,0.942121
17_KPC_live_posn5_740nm_3040mW_u1_poc0p2_20x0p75NA_535s50_g70_z1_256pix_basicFLIM_120f_0003.sdt,20260501_KPC_fixed_dishes_on_SLIM,1.06179,0.01013,0.06262,-0.009538,0.94176
17_KPC_live_posn5_740nm_3040mW_u1_poc0p2_20x0p75NA_535s50_g70_z1_256pix_basicFLIM_120f_0004.sdt,20260501_KPC_fixed_dishes_on_SLIM,1.06221,0.00978,0.06297,-0.009206,0.941398
3_KPCWTlive_740nm_3033mW_u1_poc0p2_20x0p75NA_475s50_g70_z1_256pix_basicFLIM_120f_0000.sdt,20260508_KPC_live_on_SLIM,1.01448,0.00681,0.016,-0.006709,0.985705
3_KPCWTlive_740nm_3033mW_u1_poc0p2_20x0p75NA_475s50_g70_z1_256pix_basicFLIM_120f_0001.sdt,20260508_KPC_live_on_SLIM,1.01438,0.00678,0.0159,-0.006683,0.985799
3_KPCWTlive_740nm_3033mW_u1_poc0p2_20x0p75NA_475s50_g70_z1_256pix_basicFLIM_120f_0002.sdt,20260508_KPC_live_on_SLIM,1.01429,0.00675,0.0158,-0.006656,0.985893
3_KPCWTlive_740nm_3033mW_u1_poc0p2_20x0p75NA_475s50_g70_z1_256pix_basicFLIM_120f_0003.sdt,20260508_KPC_live_on_SLIM,1.01419,0.00672,0.0157,-0.00663,0.985985
3_KPCWTlive_740nm_3033mW_u1_poc0p2_20x0p75NA_475s50_g70_z1_256pix_basicFLIM_120f_0004.sdt,20260508_KPC_live_on_SLIM,1.01409,0.0067,0.01561,-0.006604,0.986079
3_KPCWTlive_740nm_3033mW_u1_poc0p2_20x0p75NA_475s50_g70_z1_256pix_basicFLIM_120f_0005.sdt,20260508_KPC_live_on_SLIM,1.014,0.00667,0.01551,-0.006578,0.986172
3_KPCWTlive_740nm_3033mW_u1_poc0p2_20x0p75NA_475s50_g70_z1_256pix_basicFLIM_120f_0006.sdt,20260508_KPC_live_on_SLIM,1.0139,0.00664,0.01541,-0.006551,0.986267
3_KPCWTlive_740nm_3033mW_u1_poc0p2_20x0p75NA_475s50_g70_z1_256pix_basicFLIM_120f_0007.sdt,20260508_KPC_live_on_SLIM,1.01381,0.00662,0.01531,-0.006525,0.98636
3_KPCWTlive_740nm_3033mW_u1_poc0p2_20x0p75NA_475s50_g70_z1_256pix_basicFLIM_120f_0008.sdt,20260508_KPC_live_on_SLIM,1.01371,0.00659,0.01521,-0.006499,0.986455
3_KPCWTlive_740nm_3033mW_u1_poc0p2_20x0p75NA_475s50_g70_z1_256pix_basicFLIM_120f_0009.sdt,20260508_KPC_live_on_SLIM,1.01361,0.00656,0.01511,-0.006473,0.986547
3_KPCWTlive_740nm_3033mW_u1_poc0p2_20x0p75NA_475s50_g70_z1_256pix_basicFLIM_120f_0010.sdt,20260508_KPC_live_on_SLIM,1.01352,0.00653,0.01501,-0.006447,0.986642
3_KPCWTlive_740nm_3033mW_u1_poc0p2_20x0p75NA_475s50_g70_z1_256pix_basicFLIM_120f_0011.sdt,20260508_KPC_live_on_SLIM,1.01342,0.00651,0.01492,-0.006421,0.986734
3_KPCWTlive_740nm_3033mW_u1_poc0p2_20x0p75NA_475s50_g70_z1_256pix_basicFLIM_120f_0012.sdt,20260508_KPC_live_on_SLIM,1.01333,0.00648,0.01482,-0.006394,0.986828
3_KPCWTlive_740nm_3033mW_u1_poc0p2_20x0p75NA_475s50_g70_z1_256pix_basicFLIM_120f_0013.sdt,20260508_KPC_live_on_SLIM,1.01323,0.00645,0.01472,-0.006368,0.986924
3_KPCWTlive_740nm_3033mW_u1_poc0p2_20x0p75NA_475s50_g70_z1_256pix_basicFLIM_120f_0014.sdt,20260508_KPC_live_on_SLIM,1.01313,0.00642,0.01462,-0.006341,0.987018
3_KPCWTlive_740nm_3033mW_u1_poc0p2_20x0p75NA_475s50_g70_z1_256pix_basicFLIM_120f_0015.sdt,20260508_KPC_live_on_SLIM,1.01304,0.0064,0.01452,-0.006315,0.987111
3_KPCWTlive_740nm_3033mW_u1_poc0p2_20x0p75NA_475s50_g70_z1_256pix_basicFLIM_120f_0016.sdt,20260508_KPC_live_on_SLIM,1.01294,0.00637,0.01442,-0.006289,0.987205
3_KPCWTlive_740nm_3033mW_u1_poc0p2_20x0p75NA_475s50_g70_z1_256pix_basicFLIM_120f_0017.sdt,20260508_KPC_live_on_SLIM,1.01284,0.00634,0.01432,-0.006262,0.987299
3_KPCWTlive_740nm_3033mW_u1_poc0p2_20x0p75NA_475s50_g70_z1_256pix_basicFLIM_120f_0018.sdt,20260508_KPC_live_on_SLIM,1.01275,0.00632,0.01423,-0.006236,0.987393
3_KPCWTlive_740nm_3033mW_u1_poc0p2_20x0p75NA_475s50_g70_z1_256pix_basicFLIM_120f_0019.sdt,20260508_KPC_live_on_SLIM,1.01265,0.00629,0.01413,-0.00621,0.987487
3_KPCWTlive_740nm_3033mW_u1_poc0p2_20x0p75NA_475s50_g70_z1_256pix_basicFLIM_120f_0020.sdt,20260508_KPC_live_on_SLIM,1.01256,0.00626,0.01403,-0.006184,0.987579
3_KPCWTlive_740nm_3033mW_u1_poc0p2_20x0p75NA_475s50_g70_z1_256pix_basicFLIM_120f_0021.sdt,20260508_KPC_live_on_SLIM,1.01246,0.00623,0.01393,-0.006157,0.987675
3_KPCWTlive_740nm_3033mW_u1_poc0p2_20x0p75NA_475s50_g70_z1_256pix_basicFLIM_120f_0022.sdt,20260508_KPC_live_on_SLIM,1.01236,0.00621,0.01384,-0.006131,0.987768
3_KPCWTlive_740nm_3033mW_u1_poc0p2_20x0p75NA_475s50_g70_z1_256pix_basicFLIM_120f_0023.sdt,20260508_KPC_live_on_SLIM,1.01227,0.00618,0.01374,-0.006104,0.987863
3_KPCWTlive_740nm_3033mW_u1_poc0p2_20x0p75NA_475s50_g70_z1_256pix_basicFLIM_120f_0024.sdt,20260508_KPC_live_on_SLIM,1.01217,0.00615,0.01364,-0.006078,0.987957
3_KPCWTlive_740nm_3033mW_u1_poc0p2_20x0p75NA_475s50_g70_z1_256pix_basicFLIM_120f_overloadedposns_0000.sdt,20260508_KPC_live_on_SLIM,1.01031,0.00563,0.01175,-0.005569,0.989775
3_KPCWTlive_740nm_3033mW_u1_poc0p2_20x0p75NA_475s50_g70_z1_256pix_basicFLIM_120f_overloadedposns_0001.sdt,20260508_KPC_live_on_SLIM,1.01022,0.0056,0.01165,-0.005542,0.989871
3_KPCWTlive_740nm_3033mW_u1_poc0p2_20x0p75NA_475s50_g70_z1_256pix_basicFLIM_120f_overloadedposns_0002.sdt,20260508_KPC_live_on_SLIM,1.01012,0.00557,0.01155,-0.005515,0.989966
3_KPCWTlive_740nm_3033mW_u1_poc0p2_20x0p75NA_475s50_g70_z1_256pix_basicFLIM_120f_overloadedposns_0003.sdt,20260508_KPC_live_on_SLIM,1.01003,0.00554,0.01146,-0.005489,0.99006
3_KPCWTlive_740nm_3033mW_u1_poc0p2_20x0p75NA_475s50_g70_z1_256pix_basicFLIM_120f_overloadedposns_0004.sdt,20260508_KPC_live_on_SLIM,1.00993,0.00552,0.01136,-0.005462,0.990155
3_KPCWTlive_740nm_3033mW_u1_poc0p2_20x0p75NA_475s50_g70_z1_256pix_basicFLIM_120f_overloadedposns_0005.sdt,20260508_KPC_live_on_SLIM,1.00983,0.00549,0.01126,-0.005436,0.99025
3_KPCWTlive_740nm_3033mW_u1_poc0p2_20x0p75NA_475s50_g70_z1_256pix_basicFLIM_120f_overloadedposns_0006.sdt,20260508_KPC_live_on_SLIM,1.00973,0.00546,0.01116,-0.005408,0.990348
3_KPCWTlive_740nm_3033mW_u1_poc0p2_20x0p75NA_475s50_g70_z1_256pix_basicFLIM_120f_overloadedtwicePos10_0007.sdt,20260508_KPC_live_on_SLIM,1.00964,0.00543,0.01106,-0.005382,0.990442
3_KPCWTlive_740nm_3033mW_u1_poc0p1_20x0p75NA_475s50_g70_z1_256pix_basicFLIM_120f_overloadedposns_0000.sdt,20260508_KPC_live_on_SLIM,1.00928,0.00533,0.0107,-0.005283,0.990794
3_KPCWTlive_740nm_3033mW_u1_poc0p2_20x0p75NA_535s50_g70_z1_256pix_basicFLIM_120f_0000.sdt,20260508_KPC_live_on_SLIM,1.00899,0.00525,0.01041,-0.005203,0.99108
3_KPCWTlive_740nm_3033mW_u1_poc0p2_20x0p75NA_535s50_g70_z1_256pix_basicFLIM_120f_0001.sdt,20260508_KPC_live_on_SLIM,1.00897,0.00525,0.01039,-0.005199,0.991093
3_KPCWTlive_740nm_3033mW_u1_poc0p25_20x0p75NA_535s50_g70_z1_256pix_basicFLIM_120f_0000.sdt,20260508_KPC_live_on_SLIM,1.00885,0.00521,0.01027,-0.005166,0.991214
3_KPCWTlive_740nm_3033mW_u1_poc0p25_20x0p75NA_535s50_g70_z1_256pix_basicFLIM_120f_0001.sdt,20260508_KPC_live_on_SLIM,1.00875,0.00518,0.01017,-0.005139,0.991308
3_KPCWTlive_740nm_3033mW_u1_poc0p25_20x0p75NA_535s50_g70_z1_256pix_basicFLIM_120f_0002.sdt,20260508_KPC_live_on_SLIM,1.00866,0.00516,0.01008,-0.005112,0.991403
3_KPCWTlive_740nm_3033mW_u1_poc0p25_20x0p75NA_535s50_g70_z1_256pix_basicFLIM_120f_0003.sdt,20260508_KPC_live_on_SLIM,1.00856,0.00513,0.00998,-0.005086,0.991497
3_KPCWTlive_740nm_3033mW_u1_poc0p25_20x0p75NA_535s50_g70_z1_256pix_basicFLIM_120f_0004.sdt,20260508_KPC_live_on_SLIM,1.00847,0.0051,0.00988,-0.005059,0.991593
3_KPCWTlive_740nm_3033mW_u1_poc0p25_20x0p75NA_535s50_g70_z1_256pix_basicFLIM_120f_0005.sdt,20260508_KPC_live_on_SLIM,1.00837,0.00508,0.00979,-0.005033,0.991687
3_KPCWTlive_740nm_3033mW_u1_poc0p25_20x0p75NA_535s50_g70_z1_256pix_basicFLIM_120f_0006.sdt,20260508_KPC_live_on_SLIM,1.00827,0.00505,0.00969,-0.005006,0.991783
3_KPCWTlive_740nm_3033mW_u1_poc0p25_20x0p75NA_535s50_g70_z1_256pix_basicFLIM_120f_0007.sdt,20260508_KPC_live_on_SLIM,1.00818,0.00502,0.0096,-0.00498,0.991876
3_KPCWTlive_740nm_3033mW_u1_poc0p25_20x0p75NA_535s50_g70_z1_256pix_basicFLIM_120f_0008.sdt,20260508_KPC_live_on_SLIM,1.00808,0.00499,0.0095,-0.004953,0.991972
3_KPCWTlive_740nm_3033mW_u1_poc0p25_20x0p75NA_535s50_g70_z1_256pix_basicFLIM_120f_0009.sdt,20260508_KPC_live_on_SLIM,1.00799,0.00497,0.0094,-0.004927,0.992066
3_KPCWTlive_740nm_3033mW_u1_poc0p25_20x0p75NA_535s50_g70_z1_256pix_basicFLIM_120f_0010.sdt,20260508_KPC_live_on_SLIM,1.00789,0.00494,0.00931,-0.0049,0.992161
3_KPCWTlive_740nm_3033mW_u1_poc0p25_20x0p75NA_535s50_g70_z1_256pix_basicFLIM_120f_0011.sdt,20260508_KPC_live_on_SLIM,1.00779,0.00491,0.00921,-0.004874,0.992255
3_KPCWTlive_740nm_3033mW_u1_poc0p25_20x0p75NA_535s50_g70_z1_256pix_basicFLIM_120f_0012.sdt,20260508_KPC_live_on_SLIM,1.0077,0.00488,0.00912,-0.004847,0.992349
3_KPCWTlive_740nm_3033mW_u1_poc0p25_20x0p75NA_535s50_g70_z1_256pix_basicFLIM_120f_0013.sdt,20260508_KPC_live_on_SLIM,1.0076,0.00486,0.00902,-0.00482,0.992445
3_KPCWTlive_740nm_3033mW_u1_poc0p25_20x0p75NA_535s50_g70_z1_256pix_basicFLIM_120f_0014.sdt,20260508_KPC_live_on_SLIM,1.0075,0.00483,0.00892,-0.004794,0.99254
3_KPCWTlive_740nm_3033mW_u1_poc0p25_20x0p75NA_535s50_g70_z1_256pix_basicFLIM_120f_0015.sdt,20260508_KPC_live_on_SLIM,1.00741,0.0048,0.00883,-0.004767,0.992634
3_KPCWTlive_740nm_3033mW_u1_poc0p25_20x0p75NA_535s50_g70_z1_256pix_basicFLIM_120f_0016.sdt,20260508_KPC_live_on_SLIM,1.00731,0.00478,0.00873,-0.004741,0.992729
3_KPCWTlive_740nm_3033mW_u1_poc0p25_20x0p75NA_535s50_g70_z1_256pix_basicFLIM_120f_0017.sdt,20260508_KPC_live_on_SLIM,1.00722,0.00475,0.00864,-0.004714,0.992824
3_KPCWTlive_740nm_3033mW_u1_poc0p25_20x0p75NA_535s50_g70_z1_256pix_basicFLIM_120f_0018.sdt,20260508_KPC_live_on_SLIM,1.00712,0.00472,0.00854,-0.004688,0.992918
3_KPCWTlive_740nm_3033mW_u1_poc0p25_20x0p75NA_535s50_g70_z1_256pix_basicFLIM_120f_0019.sdt,20260508_KPC_live_on_SLIM,1.00703,0.00469,0.00845,-0.004661,0.993013
3_KPCWTlive_740nm_3033mW_u1_poc0p25_20x0p75NA_535s50_g70_z1_256pix_basicFLIM_120f_0020.sdt,20260508_KPC_live_on_SLIM,1.00693,0.00467,0.00836,-0.004635,0.993107
3_KPCWTlive_740nm_3033mW_u1_poc0p25_20x0p75NA_535s50_g70_z1_256pix_basicFLIM_120f_0021.sdt,20260508_KPC_live_on_SLIM,1.00683,0.00464,0.00826,-0.004608,0.993202
3_KPCWTlive_740nm_3033mW_u1_poc0p25_20x0p75NA_535s50_g70_z1_256pix_basicFLIM_120f_0022.sdt,20260508_KPC_live_on_SLIM,1.00674,0.00461,0.00817,-0.004582,0.993296
3_KPCWTlive_740nm_3033mW_u1_poc0p25_20x0p75NA_535s50_g70_z1_256pix_basicFLIM_120f_0023.sdt,20260508_KPC_live_on_SLIM,1.00664,0.00459,0.00807,-0.004555,0.993393
3_KPCWTlive_740nm_3033mW_u1_poc0p25_20x0p75NA_535s50_g70_z1_256pix_basicFLIM_120f_0024.sdt,20260508_KPC_live_on_SLIM,1.00655,0.00456,0.00798,-0.004528,0.993487
3_KPCWTform20min_740nm_3006mW_u1_poc0p25_20x0p75NA_475s50_g70_z1_256pix_basicFLIM_120f_0000.sdt,20260509_KPC_fixed_dishes_on_SLIM,1.0071,0.00828,0.01091,-0.00822,0.992913
3_KPCWTform20min_740nm_3006mW_u1_poc0p25_20x0p75NA_475s50_g70_z1_256pix_basicFLIM_120f_0001.sdt,20260509_KPC_fixed_dishes_on_SLIM,1.00708,0.00828,0.01089,-0.008223,0.992939
3_KPCWTform20min_740nm_3006mW_u1_poc0p25_20x0p75NA_475s50_g70_z1_256pix_basicFLIM_120f_0002.sdt,20260509_KPC_fixed_dishes_on_SLIM,1.00705,0.00828,0.01088,-0.008225,0.992966
3_KPCWTform20min_740nm_3006mW_u1_poc0p25_20x0p75NA_475s50_g70_z1_256pix_basicFLIM_120f_0003.sdt,20260509_KPC_fixed_dishes_on_SLIM,1.00702,0.00829,0.01086,-0.008227,0.992993
3_KPCWTform20min_740nm_3006mW_u1_poc0p25_20x0p75NA_475s50_g70_z1_256pix_basicFLIM_120f_0004.sdt,20260509_KPC_fixed_dishes_on_SLIM,1.007,0.00829,0.01084,-0.008229,0.99302
3_KPCWTform20min_740nm_3006mW_u1_poc0p25_20x0p75NA_475s50_g70_z1_256pix_basicFLIM_120f_0005.sdt,20260509_KPC_fixed_dishes_on_SLIM,1.00697,0.00829,0.01083,-0.008232,0.993047
3_KPCWTform20min_740nm_3006mW_u1_poc0p25_20x0p75NA_475s50_g70_z1_256pix_basicFLIM_120f_0006.sdt,20260509_KPC_fixed_dishes_on_SLIM,1.00694,0.00829,0.01081,-0.008234,0.993074
3_KPCWTform20min_740nm_3006mW_u1_poc0p25_20x0p75NA_475s50_g70_z1_256pix_basicFLIM_120f_0007.sdt,20260509_KPC_fixed_dishes_on_SLIM,1.00691,0.00829,0.0108,-0.008236,0.993101
3_KPCWTform20min_740nm_3006mW_u1_poc0p25_20x0p75NA_475s50_g70_z1_256pix_basicFLIM_120f_0008.sdt,20260509_KPC_fixed_dishes_on_SLIM,1.00689,0.0083,0.01078,-0.008239,0.993128
3_KPCWTform20min_740nm_3006mW_u1_poc0p25_20x0p75NA_475s50_g70_z1_256pix_basicFLIM_120f_0009.sdt,20260509_KPC_fixed_dishes_on_SLIM,1.00686,0.0083,0.01077,-0.008241,0.993154
3_KPCWTform20min_740nm_3006mW_u1_poc0p25_20x0p75NA_475s50_g70_z1_256pix_basicFLIM_120f_0010.sdt,20260509_KPC_fixed_dishes_on_SLIM,1.00683,0.0083,0.01075,-0.008243,0.993181
3_KPCWTform20min_740nm_3006mW_u1_poc0p25_20x0p75NA_475s50_g70_z1_256pix_basicFLIM_120f_0011.sdt,20260509_KPC_fixed_dishes_on_SLIM,1.0068,0.0083,0.01073,-0.008246,0.993209
3_KPCWTform20min_740nm_3006mW_u1_poc0p25_20x0p75NA_535s50_g70_z1_256pix_basicFLIM_120f_0000.sdt,20260509_KPC_fixed_dishes_on_SLIM,1.00674,0.00831,0.0107,-0.008251,0.993275
3_KPCWTform20min_740nm_3006mW_u1_poc0p25_20x0p75NA_535s50_g70_z1_256pix_basicFLIM_120f_0001.sdt,20260509_KPC_fixed_dishes_on_SLIM,1.00671,0.00831,0.01068,-0.008254,0.993301
3_KPCWTform20min_740nm_3006mW_u1_poc0p25_20x0p75NA_535s50_g70_z1_256pix_basicFLIM_120f_0002.sdt,20260509_KPC_fixed_dishes_on_SLIM,1.00668,0.00831,0.01066,-0.008256,0.993328
3_KPCWTform20min_740nm_3006mW_u1_poc0p25_20x0p75NA_535s50_g70_z1_256pix_basicFLIM_120f_0003.sdt,20260509_KPC_fixed_dishes_on_SLIM,1.00665,0.00831,0.01065,-0.008258,0.993355
3_KPCWTform20min_740nm_3006mW_u1_poc0p25_20x0p75NA_535s50_g70_z1_256pix_basicFLIM_120f_0004.sdt,20260509_KPC_fixed_dishes_on_SLIM,1.00663,0.00832,0.01063,-0.00826,0.993382
3_KPCWTform20min_740nm_3006mW_u1_poc0p25_20x0p75NA_535s50_g70_z1_256pix_basicFLIM_120f_0005.sdt,20260509_KPC_fixed_dishes_on_SLIM,1.0066,0.00832,0.01062,-0.008263,0.993409
3_KPCWTform20min_740nm_3006mW_u1_poc0p25_20x0p75NA_535s50_g70_z1_256pix_basicFLIM_120f_0006.sdt,20260509_KPC_fixed_dishes_on_SLIM,1.00657,0.00832,0.0106,-0.008265,0.993436
3_KPCWTform20min_740nm_3006mW_u1_poc0p25_20x0p75NA_535s50_g70_z1_256pix_basicFLIM_120f_0007.sdt,20260509_KPC_fixed_dishes_on_SLIM,1.00655,0.00832,0.01059,-0.008267,0.993463
3_KPCWTform20min_740nm_3006mW_u1_poc0p25_20x0p75NA_535s50_g70_z1_256pix_basicFLIM_120f_0008.sdt,20260509_KPC_fixed_dishes_on_SLIM,1.00652,0.00832,0.01057,-0.00827,0.99349
3_KPCWTform20min_740nm_3006mW_u1_poc0p25_20x0p75NA_535s50_g70_z1_256pix_basicFLIM_120f_0009.sdt,20260509_KPC_fixed_dishes_on_SLIM,1.00649,0.00833,0.01056,-0.008272,0.993517
3_KPCWTform20min_740nm_3006mW_u1_poc0p25_20x0p75NA_535s50_g70_z1_256pix_basicFLIM_120f_0010.sdt,20260509_KPC_fixed_dishes_on_SLIM,1.00646,0.00833,0.01054,-0.008274,0.993543
3_KPCWTform20min_740nm_3006mW_u1_poc0p25_20x0p75NA_535s50_g70_z1_256pix_basicFLIM_120f_0011.sdt,20260509_KPC_fixed_dishes_on_SLIM,1.00644,0.00833,0.01053,-0.008277,0.993571
3_KPCWTform20min_740nm_3006mW_u1_poc0p6_20x0p75NA_457s50_g70_z1_256pix_basicFLIM_120f_0000.sdt,20260509_KPC_fixed_dishes_on_SLIM,1.00607,0.00836,0.01033,-0.008307,0.993929
3_KPCWTform20min_740nm_3006mW_u1_poc0p6_20x0p75NA_457s50_g70_z1_256pix_basicFLIM_120f_0001.sdt,20260509_KPC_fixed_dishes_on_SLIM,1.00605,0.00836,0.01032,-0.00831,0.993956
3_KPCWTform20min_740nm_3006mW_u1_poc0p6_20x0p75NA_457s50_g70_z1_256pix_basicFLIM_120f_0002.sdt,20260509_KPC_fixed_dishes_on_SLIM,1.00602,0.00836,0.0103,-0.008312,0.993983
3_KPCWTform20min_740nm_3006mW_u1_poc0p6_20x0p75NA_457s50_g70_z1_256pix_basicFLIM_120f_0003.sdt,20260509_KPC_fixed_dishes_on_SLIM,1.00599,0.00836,0.01029,-0.008314,0.99401
3_KPCWTform20min_740nm_3006mW_u1_poc0p6_20x0p75NA_457s50_g70_z1_256pix_basicFLIM_120f_0004.sdt,20260509_KPC_fixed_dishes_on_SLIM,1.00596,0.00837,0.01027,-0.008317,0.994037
3_KPCWTform20min_740nm_3006mW_u1_poc0p6_20x0p75NA_457s50_g70_z1_256pix_basicFLIM_120f_0005.sdt,20260509_KPC_fixed_dishes_on_SLIM,1.00594,0.00837,0.01026,-0.008319,0.994064
3_KPCWTform20min_740nm_3006mW_u1_poc0p6_20x0p75NA_457s50_g70_z1_256pix_basicFLIM_120f_0006.sdt,20260509_KPC_fixed_dishes_on_SLIM,1.00591,0.00837,0.01025,-0.008321,0.994091
3_KPCWTform20min_740nm_3006mW_u1_poc0p6_20x0p75NA_457s50_g70_z1_256pix_basicFLIM_120f_0007.sdt,20260509_KPC_fixed_dishes_on_SLIM,1.00588,0.00837,0.01023,-0.008324,0.994118
3_KPCWTform20min_740nm_3006mW_u1_poc0p6_20x0p75NA_457s50_g70_z1_256pix_basicFLIM_120f_0008.sdt,20260509_KPC_fixed_dishes_on_SLIM,1.00585,0.00837,0.01022,-0.008326,0.994145
3_KPCWTform20min_740nm_3006mW_u1_poc0p6_20x0p75NA_457s50_g70_z1_256pix_basicFLIM_120f_0009.sdt,20260509_KPC_fixed_dishes_on_SLIM,1.00583,0.00838,0.0102,-0.008328,0.994172
3_KPCWTform20min_740nm_3006mW_u1_poc0p6_20x0p75NA_457s50_g70_z1_256pix_basicFLIM_120f_0010.sdt,20260509_KPC_fixed_dishes_on_SLIM,1.0058,0.00838,0.01019,-0.008331,0.994199
3_KPCWTform20min_740nm_3006mW_u1_poc0p6_20x0p75NA_457s50_g70_z1_256pix_basicFLIM_120f_0011.sdt,20260509_KPC_fixed_dishes_on_SLIM,1.00577,0.00838,0.01018,-0.008333,0.994226
3_KPCWTform20min_740nm_3006mW_u1_poc0p6_20x0p75NA_457s50_g70_z1_256pix_basicFLIM_120f_0012.sdt,20260509_KPC_fixed_dishes_on_SLIM,1.00515,0.00843,0.00988,-0.008386,0.994844
3_KPCWTform20min_740nm_3006mW_u1_poc0p6_20x0p75NA_457s50_g70_z1_256pix_basicFLIM_120f_0013.sdt,20260509_KPC_fixed_dishes_on_SLIM,1.00512,0.00843,0.00986,-0.008388,0.994871
3_KPCWTform20min_740nm_3006mW_u1_poc0p6_20x0p75NA_457s50_g70_z1_256pix_basicFLIM_120f_0014.sdt,20260509_KPC_fixed_dishes_on_SLIM,1.00509,0.00843,0.00985,-0.00839,0.994897
3_KPCWTform20min_740nm_3006mW_u1_poc0p6_20x0p75NA_457s50_g70_z1_256pix_basicFLIM_120f_0015.sdt,20260509_KPC_fixed_dishes_on_SLIM,1.00507,0.00844,0.00984,-0.008393,0.994925
3_KPCWTform20min_740nm_3006mW_u1_poc0p6_20x0p75NA_457s50_g70_z1_256pix_basicFLIM_120f_0016.sdt,20260509_KPC_fixed_dishes_on_SLIM,1.00504,0.00844,0.00983,-0.008395,0.994952
3_KPCWTform20min_740nm_3006mW_u1_poc0p6_20x0p75NA_457s50_g70_z1_256pix_basicFLIM_120f_0017.sdt,20260509_KPC_fixed_dishes_on_SLIM,1.00501,0.00844,0.00982,-0.008397,0.994979
3_KPCWTform20min_740nm_3006mW_u1_poc0p6_20x0p75NA_457s50_g70_z1_256pix_basicFLIM_120f_0018.sdt,20260509_KPC_fixed_dishes_on_SLIM,1.00498,0.00844,0.0098,-0.0084,0.995006
3_KPCWTform20min_740nm_3006mW_u1_poc0p6_20x0p75NA_457s50_g70_z1_256pix_basicFLIM_120f_0019.sdt,20260509_KPC_fixed_dishes_on_SLIM,1.00496,0.00844,0.00979,-0.008402,0.995033
3_KPCWTform20min_740nm_3006mW_u1_poc0p6_20x0p75NA_457s50_g70_z1_256pix_basicFLIM_120f_0020.sdt,20260509_KPC_fixed_dishes_on_SLIM,1.00493,0.00845,0.00978,-0.008404,0.99506
3_KPCWTform20min_740nm_3006mW_u1_poc0p6_20x0p75NA_457s50_g70_z1_256pix_basicFLIM_120f_0021.sdt,20260509_KPC_fixed_dishes_on_SLIM,1.0049,0.00845,0.00977,-0.008407,0.995087
3_KPCWTform20min_740nm_3006mW_u1_poc0p6_20x0p75NA_457s50_g70_z1_256pix_basicFLIM_120f_0022.sdt,20260509_KPC_fixed_dishes_on_SLIM,1.00487,0.00845,0.00976,-0.008409,0.995114
3_KPCWTform20min_740nm_3006mW_u1_poc0p6_20x0p75NA_457s50_g70_z1_256pix_basicFLIM_120f_0023.sdt,20260509_KPC_fixed_dishes_on_SLIM,1.00485,0.00845,0.00974,-0.008411,0.995141
4_BKOCO2form20min_740nm_2995mW_u1_poc0p25_20x0p75NA_457s50_g70_z1_256pix_basicFLIM_120f_0000.sdt,20260509_KPC_fixed_dishes_on_SLIM,1.00416,0.0085,0.00947,-0.00847,0.99582
4_BKOCO2form20min_740nm_2995mW_u1_poc0p25_20x0p75NA_457s50_g70_z1_256pix_basicFLIM_120f_0001.sdt,20260509_KPC_fixed_dishes_on_SLIM,1.00413,0.00851,0.00946,-0.008472,0.995847
4_BKOCO2form20min_740nm_2995mW_u1_poc0p25_20x0p75NA_457s50_g70_z1_256pix_basicFLIM_120f_0002.sdt,20260509_KPC_fixed_dishes_on_SLIM,1.00411,0.00851,0.00945,-0.008474,0.995874
4_BKOCO2form20min_740nm_2995mW_u1_poc0p25_20x0p75NA_457s50_g70_z1_256pix_basicFLIM_120f_0003.sdt,20260509_KPC_fixed_dishes_on_SLIM,1.00408,0.00851,0.00944,-0.008477,0.995901
4_BKOCO2form20min_740nm_2995mW_u1_poc0p25_20x0p75NA_457s50_g70_z1_256pix_basicFLIM_120f_0004.sdt,20260509_KPC_fixed_dishes_on_SLIM,1.00405,0.00851,0.00943,-0.008479,0.995928
4_BKOCO2form20min_740nm_2995mW_u1_poc0p25_20x0p75NA_457s50_g70_z1_256pix_basicFLIM_120f_0005.sdt,20260509_KPC_fixed_dishes_on_SLIM,1.00403,0.00852,0.00942,-0.008481,0.995955
4_BKOCO2form20min_740nm_2995mW_u1_poc0p25_20x0p75NA_457s50_g70_z1_256pix_basicFLIM_120f_0006.sdt,20260509_KPC_fixed_dishes_on_SLIM,1.004,0.00852,0.00941,-0.008483,0.995982
4_BKOCO2form20min_740nm_2995mW_u1_poc0p25_20x0p75NA_457s50_g70_z1_256pix_basicFLIM_120f_0007.sdt,20260509_KPC_fixed_dishes_on_SLIM,1.00397,0.00852,0.0094,-0.008486,0.996009
4_BKOCO2form20min_740nm_2995mW_u1_poc0p25_20x0p75NA_457s50_g70_z1_256pix_basicFLIM_120f_0008.sdt,20260509_KPC_fixed_dishes_on_SLIM,1.00394,0.00852,0.00939,-0.008488,0.996036
4_BKOCO2form20min_740nm_2995mW_u1_poc0p25_20x0p75NA_457s50_g70_z1_256pix_basicFLIM_120f_0009.sdt,20260509_KPC_fixed_dishes_on_SLIM,1.00392,0.00852,0.00938,-0.00849,0.996063
4_BKOCO2form20min_740nm_2995mW_u1_poc0p25_20x0p75NA_457s50_g70_z1_256pix_basicFLIM_120f_0010.sdt,20260509_KPC_fixed_dishes_on_SLIM,1.00389,0.00853,0.00937,-0.008493,0.996091
4_BKOCO2form20min_740nm_2995mW_u1_poc0p25_20x0p75NA_457s50_g70_z1_256pix_basicFLIM_120f_0011.sdt,20260509_KPC_fixed_dishes_on_SLIM,1.00386,0.00853,0.00936,-0.008495,0.996118
4_BKOCO2form20min_740nm_2995mW_u1_poc0p25_20x0p75NA_457s50_g70_z1_256pix_basicFLIM_120f_0012.sdt,20260509_KPC_fixed_dishes_on_SLIM,1.00383,0.00853,0.00935,-0.008497,0.996145
4_BKOCO2form20min_740nm_2995mW_u1_poc0p25_20x0p75NA_457s50_g70_z1_256pix_basicFLIM_120f_0013.sdt,20260509_KPC_fixed_dishes_on_SLIM,1.00381,0.00853,0.00934,-0.0085,0.996172
4_BKOCO2form20min_740nm_2995mW_u1_poc0p25_20x0p75NA_457s50_g70_z1_256pix_basicFLIM_120f_0014.sdt,20260509_KPC_fixed_dishes_on_SLIM,1.00378,0.00853,0.00933,-0.008502,0.996199
4_BKOCO2form20min_740nm_2995mW_u1_poc0p25_20x0p75NA_457s50_g70_z1_256pix_basicFLIM_120f_0015.sdt,20260509_KPC_fixed_dishes_on_SLIM,1.00375,0.00854,0.00932,-0.008504,0.996226
4_BKOCO2form20min_740nm_2995mW_u1_poc0p25_20x0p75NA_535s50_g70_z1_256pix_basicFLIM_120f_0000.sdt,20260509_KPC_fixed_dishes_on_SLIM,1.00344,0.00856,0.00923,-0.008531,0.996531
4_BKOCO2form20min_740nm_2995mW_u1_poc0p25_20x0p75NA_535s50_g70_z1_256pix_basicFLIM_120f_0001.sdt,20260509_KPC_fixed_dishes_on_SLIM,1.00342,0.00856,0.00922,-0.008533,0.996558
4_BKOCO2form20min_740nm_2995mW_u1_poc0p25_20x0p75NA_535s50_g70_z1_256pix_basicFLIM_120f_0002.sdt,20260509_KPC_fixed_dishes_on_SLIM,1.00339,0.00856,0.00921,-0.008535,0.996585
4_BKOCO2form20min_740nm_2995mW_u1_poc0p25_20x0p75NA_535s50_g70_z1_256pix_basicFLIM_120f_0003.sdt,20260509_KPC_fixed_dishes_on_SLIM,1.00336,0.00857,0.0092,-0.008538,0.996612
4_BKOCO2form20min_740nm_2995mW_u1_poc0p25_20x0p75NA_535s50_g70_z1_256pix_basicFLIM_120f_0004.sdt,20260509_KPC_fixed_dishes_on_SLIM,1.00334,0.00857,0.00919,-0.00854,0.99664
4_BKOCO2form20min_740nm_2995mW_u1_poc0p25_20x0p75NA_535s50_g70_z1_256pix_basicFLIM_120f_0005.sdt,20260509_KPC_fixed_dishes_on_SLIM,1.00331,0.00857,0.00919,-0.008542,0.996667
4_BKOCO2form20min_740nm_2995mW_u1_poc0p25_20x0p75NA_535s50_g70_z1_256pix_basicFLIM_120f_0006.sdt,20260509_KPC_fixed_dishes_on_SLIM,1.00328,0.00857,0.00918,-0.008545,0.996694
4_BKOCO2form20min_740nm_2995mW_u1_poc0p25_20x0p75NA_535s50_g70_z1_256pix_basicFLIM_120f_0007.sdt,20260509_KPC_fixed_dishes_on_SLIM,1.00325,0.00857,0.00917,-0.008547,0.996721
4_BKOCO2form20min_740nm_2995mW_u1_poc0p25_20x0p75NA_535s50_g70_z1_256pix_basicFLIM_120f_0008.sdt,20260509_KPC_fixed_dishes_on_SLIM,1.00323,0.00858,0.00916,-0.008549,0.996748
4_BKOCO2form20min_740nm_2995mW_u1_poc0p25_20x0p75NA_535s50_g70_z1_256pix_basicFLIM_120f_0009.sdt,20260509_KPC_fixed_dishes_on_SLIM,1.0032,0.00858,0.00916,-0.008552,0.996776
4_BKOCO2form20min_740nm_2995mW_u1_poc0p25_20x0p75NA_535s50_g70_z1_256pix_basicFLIM_120f_0010.sdt,20260509_KPC_fixed_dishes_on_SLIM,1.00317,0.00858,0.00915,-0.008554,0.996803
4_BKOCO2form20min_740nm_2995mW_u1_poc0p25_20x0p75NA_535s50_g70_z1_256pix_basicFLIM_120f_0011.sdt,20260509_KPC_fixed_dishes_on_SLIM,1.00314,0.00858,0.00914,-0.008556,0.99683
4_BKOCO2form20min_740nm_2995mW_u1_poc0p25_20x0p75NA_535s50_g70_z1_256pix_basicFLIM_120f_0012.sdt,20260509_KPC_fixed_dishes_on_SLIM,1.00312,0.00859,0.00913,-0.008559,0.996857
4_BKOCO2form20min_740nm_2995mW_u1_poc0p25_20x0p75NA_535s50_g70_z1_256pix_basicFLIM_120f_0013.sdt,20260509_KPC_fixed_dishes_on_SLIM,1.00309,0.00859,0.00913,-0.008561,0.996885
4_BKOCO2form20min_740nm_2995mW_u1_poc0p25_20x0p75NA_535s50_g70_z1_256pix_basicFLIM_120f_0014.sdt,20260509_KPC_fixed_dishes_on_SLIM,1.00306,0.00859,0.00912,-0.008563,0.996912
4_BKOCO2form20min_740nm_2995mW_u1_poc0p25_20x0p75NA_535s50_g70_z1_256pix_basicFLIM_120f_0015.sdt,20260509_KPC_fixed_dishes_on_SLIM,1.00303,0.00859,0.00911,-0.008566,0.996939
4_BKOCO2form20min_740nm_2995mW_u1_poc0p6_20x0p75NA_457s50_g70_z1_256pix_basicFLIM_120f_0000.sdt,20260509_KPC_fixed_dishes_on_SLIM,1.00292,0.0086,0.00908,-0.008575,0.997047
4_BKOCO2form20min_740nm_2995mW_u1_poc0p6_20x0p75NA_457s50_g70_z1_256pix_basicFLIM_120f_0001.sdt,20260509_KPC_fixed_dishes_on_SLIM,1.0029,0.0086,0.00908,-0.008577,0.997074
4_BKOCO2form20min_740nm_2995mW_u1_poc0p6_20x0p75NA_457s50_g70_z1_256pix_basicFLIM_120f_0002.sdt,20260509_KPC_fixed_dishes_on_SLIM,1.00287,0.0086,0.00907,-0.008579,0.997102
4_BKOCO2form20min_740nm_2995mW_u1_poc0p6_20x0p75NA_457s50_g70_z1_256pix_basicFLIM_120f_0003.sdt,20260509_KPC_fixed_dishes_on_SLIM,1.00284,0.00861,0.00906,-0.008582,0.997129
4_BKOCO2form20min_740nm_2995mW_u1_poc0p6_20x0p75NA_457s50_g70_z1_256pix_basicFLIM_120f_0004.sdt,20260509_KPC_fixed_dishes_on_SLIM,1.00282,0.00861,0.00906,-0.008584,0.997156
4_BKOCO2form20min_740nm_2995mW_u1_poc0p6_20x0p75NA_457s50_g70_z1_256pix_basicFLIM_120f_0005.sdt,20260509_KPC_fixed_dishes_on_SLIM,1.00279,0.00861,0.00905,-0.008586,0.997183
4_BKOCO2form20min_740nm_2995mW_u1_poc0p6_20x0p75NA_457s50_g70_z1_256pix_basicFLIM_120f_0006.sdt,20260509_KPC_fixed_dishes_on_SLIM,1.00276,0.00861,0.00904,-0.008589,0.99721
4_BKOCO2form20min_740nm_2995mW_u1_poc0p6_20x0p75NA_457s50_g70_z1_256pix_basicFLIM_120f_0007.sdt,20260509_KPC_fixed_dishes_on_SLIM,1.00273,0.00861,0.00904,-0.008591,0.997237
4_BKOCO2form20min_740nm_2995mW_u1_poc0p6_20x0p75NA_457s50_g70_z1_256pix_basicFLIM_120f_0008.sdt,20260509_KPC_fixed_dishes_on_SLIM,1.00271,0.00862,0.00903,-0.008593,0.997265
4_BKOCO2form20min_740nm_2995mW_u1_poc0p6_20x0p75NA_457s50_g70_z1_256pix_basicFLIM_120f_0009.sdt,20260509_KPC_fixed_dishes_on_SLIM,1.00268,0.00862,0.00903,-0.008596,0.997292
4_BKOCO2form20min_740nm_2995mW_u1_poc0p6_20x0p75NA_457s50_g70_z1_256pix_basicFLIM_120f_0010.sdt,20260509_KPC_fixed_dishes_on_SLIM,1.00265,0.00862,0.00902,-0.008598,0.99732
4_BKOCO2form20min_740nm_2995mW_u1_poc0p6_20x0p75NA_457s50_g70_z1_256pix_basicFLIM_120f_0011.sdt,20260509_KPC_fixed_dishes_on_SLIM,1.00262,0.00862,0.00901,-0.008601,0.997347
4_BKOCO2form20min_740nm_2995mW_u1_poc0p6_20x0p75NA_457s50_g70_z1_256pix_basicFLIM_120f_0012.sdt,20260509_KPC_fixed_dishes_on_SLIM,1.0026,0.00863,0.00901,-0.008603,0.997374
4_BKOCO2form20min_740nm_2995mW_u1_poc0p6_20x0p75NA_457s50_g70_z1_256pix_basicFLIM_120f_0013.sdt,20260509_KPC_fixed_dishes_on_SLIM,1.00257,0.00863,0.009,-0.008605,0.997401
4_BKOCO2form20min_740nm_2995mW_u1_poc0p6_20x0p75NA_457s50_g70_z1_256pix_basicFLIM_120f_0014.sdt,20260509_KPC_fixed_dishes_on_SLIM,1.00254,0.00863,0.009,-0.008608,0.997429
4_BKOCO2form20min_740nm_2995mW_u1_poc0p6_20x0p75NA_457s50_g70_z1_256pix_basicFLIM_120f_0015.sdt,20260509_KPC_fixed_dishes_on_SLIM,1.00251,0.00863,0.00899,-0.00861,0.997456
4_BKOCO2form20min_740nm_2995mW_u1_poc0p6_20x0p75NA_535s50_g70_z1_256pix_basicFLIM_120f_0000.sdt,20260509_KPC_fixed_dishes_on_SLIM,1.00223,0.00865,0.00894,-0.008634,0.997736
4_BKOCO2form20min_740nm_2995mW_u1_poc0p6_20x0p75NA_535s50_g70_z1_256pix_basicFLIM_120f_0001.sdt,20260509_KPC_fixed_dishes_on_SLIM,1.0022,0.00866,0.00893,-0.008636,0.997763
4_BKOCO2form20min_740nm_2995mW_u1_poc0p6_20x0p75NA_535s50_g70_z1_256pix_basicFLIM_120f_0002.sdt,20260509_KPC_fixed_dishes_on_SLIM,1.00218,0.00866,0.00893,-0.008639,0.997791
4_BKOCO2form20min_740nm_2995mW_u1_poc0p6_20x0p75NA_535s50_g70_z1_256pix_basicFLIM_120f_0003.sdt,20260509_KPC_fixed_dishes_on_SLIM,1.00215,0.00866,0.00892,-0.008641,0.997818
4_BKOCO2form20min_740nm_2995mW_u1_poc0p6_20x0p75NA_535s50_g70_z1_256pix_basicFLIM_120f_0004.sdt,20260509_KPC_fixed_dishes_on_SLIM,1.00212,0.00866,0.00892,-0.008643,0.997845
4_BKOCO2form20min_740nm_2995mW_u1_poc0p6_20x0p75NA_535s50_g70_z1_256pix_basicFLIM_120f_0005.sdt,20260509_KPC_fixed_dishes_on_SLIM,1.00209,0.00866,0.00891,-0.008646,0.997872
4_BKOCO2form20min_740nm_2995mW_u1_poc0p6_20x0p75NA_535s50_g70_z1_256pix_basicFLIM_120f_0006.sdt,20260509_KPC_fixed_dishes_on_SLIM,1.00207,0.00867,0.00891,-0.008648,0.997899
4_BKOCO2form20min_740nm_2995mW_u1_poc0p6_20x0p75NA_535s50_g70_z1_256pix_basicFLIM_120f_0007.sdt,20260509_KPC_fixed_dishes_on_SLIM,1.00204,0.00867,0.0089,-0.00865,0.997927
4_BKOCO2form20min_740nm_2995mW_u1_poc0p6_20x0p75NA_535s50_g70_z1_256pix_basicFLIM_120f_0008.sdt,20260509_KPC_fixed_dishes_on_SLIM,1.00201,0.00867,0.0089,-0.008653,0.997954
4_BKOCO2form20min_740nm_2995mW_u1_poc0p6_20x0p75NA_535s50_g70_z1_256pix_basicFLIM_120f_0009.sdt,20260509_KPC_fixed_dishes_on_SLIM,1.00199,0.00867,0.0089,-0.008655,0.997981
4_BKOCO2form20min_740nm_2995mW_u1_poc0p6_20x0p75NA_535s50_g70_z1_256pix_basicFLIM_120f_0010.sdt,20260509_KPC_fixed_dishes_on_SLIM,1.00196,0.00867,0.00889,-0.008657,0.998009
4_BKOCO2form20min_740nm_2995mW_u1_poc0p6_20x0p75NA_535s50_g70_z1_256pix_basicFLIM_120f_0011.sdt,20260509_KPC_fixed_dishes_on_SLIM,1.00193,0.00868,0.00889,-0.00866,0.998036
4_BKOCO2form20min_740nm_2995mW_u1_poc0p6_20x0p75NA_535s50_g70_z1_256pix_basicFLIM_120f_0012.sdt,20260509_KPC_fixed_dishes_on_SLIM,1.0019,0.00868,0.00888,-0.008662,0.998063
4_BKOCO2form20min_740nm_2995mW_u1_poc0p6_20x0p75NA_535s50_g70_z1_256pix_basicFLIM_120f_0013.sdt,20260509_KPC_fixed_dishes_on_SLIM,1.00188,0.00868,0.00888,-0.008664,0.99809
4_BKOCO2form20min_740nm_2995mW_u1_poc0p6_20x0p75NA_535s50_g70_z1_256pix_basicFLIM_120f_0014.sdt,20260509_KPC_fixed_dishes_on_SLIM,1.00185,0.00868,0.00888,-0.008667,0.998118
4_BKOCO2form20min_740nm_2995mW_u1_poc0p6_20x0p75NA_535s50_g70_z1_256pix_basicFLIM_120f_0015.sdt,20260509_KPC_fixed_dishes_on_SLIM,1.00182,0.00869,0.00887,-0.008669,0.998145
3_BKOCO2live_740nm_3097mW_u1_poc0p2_20x0p75NA_457s50_g70_z1_256pix_basicFLIM_120f_0000.sdt,20260517_KPC_live_on_SLIM,1.01867,0.00632,0.01971,-0.006207,0.981652
3_BKOCO2live_740nm_3097mW_u1_poc0p2_20x0p75NA_457s50_g70_z1_256pix_basicFLIM_120f_0001.sdt,20260517_KPC_live_on_SLIM,1.01886,0.00631,0.01989,-0.006195,0.981467
3_BKOCO2live_740nm_3097mW_u1_poc0p2_20x0p75NA_457s50_g70_z1_256pix_basicFLIM_120f_0002.sdt,20260517_KPC_live_on_SLIM,1.01906,0.0063,0.02007,-0.006183,0.98128
3_BKOCO2live_740nm_3097mW_u1_poc0p2_20x0p75NA_457s50_g70_z1_256pix_basicFLIM_120f_0003.sdt,20260517_KPC_live_on_SLIM,1.01925,0.00629,0.02025,-0.006171,0.981095
3_BKOCO2live_740nm_3097mW_u1_poc0p2_20x0p75NA_457s50_g70_z1_256pix_basicFLIM_120f_0004.sdt,20260517_KPC_live_on_SLIM,1.01945,0.00628,0.02043,-0.006158,0.980907
3_BKOCO2live_740nm_3097mW_u1_poc0p2_20x0p75NA_457s50_g70_z1_256pix_basicFLIM_120f_0005.sdt,20260517_KPC_live_on_SLIM,1.01964,0.00627,0.02061,-0.006146,0.980722
3_BKOCO2live_740nm_3097mW_u1_poc0p2_20x0p75NA_457s50_g70_z1_256pix_basicFLIM_120f_0006.sdt,20260517_KPC_live_on_SLIM,1.01983,0.00626,0.02079,-0.006134,0.980536
3_BKOCO2live_740nm_3097mW_u1_poc0p2_20x0p75NA_457s50_g70_z1_256pix_basicFLIM_120f_0007.sdt,20260517_KPC_live_on_SLIM,1.02003,0.00624,0.02098,-0.006122,0.980349
3_BKOCO2live_740nm_3097mW_u1_poc0p2_20x0p75NA_457s50_g70_z1_256pix_basicFLIM_120f_0008.sdt,20260517_KPC_live_on_SLIM,1.02022,0.00623,0.02116,-0.006109,0.980162
3_BKOCO2live_740nm_3097mW_u1_poc0p2_20x0p75NA_457s50_g70_z1_256pix_basicFLIM_120f_0009.sdt,20260517_KPC_live_on_SLIM,1.02042,0.00622,0.02134,-0.006097,0.979975
3_BKOCO2live_740nm_3097mW_u1_poc0p2_20x0p75NA_457s50_g70_z1_256pix_basicFLIM_120f_0010.sdt,20260517_KPC_live_on_SLIM,1.02061,0.00621,0.02153,-0.006085,0.979787
3_BKOCO2live_740nm_3097mW_u1_poc0p2_20x0p75NA_457s50_g70_z1_256pix_basicFLIM_120f_0011.sdt,20260517_KPC_live_on_SLIM,1.0208,0.0062,0.02171,-0.006072,0.979602
3_BKOCO2live_740nm_3097mW_u1_poc0p2_20x0p75NA_457s50_g70_z1_256pix_basicFLIM_120f_0012.sdt,20260517_KPC_live_on_SLIM,1.021,0.00619,0.02189,-0.00606,0.979417
3_BKOCO2live_740nm_3097mW_u1_poc0p2_20x0p75NA_457s50_g70_z1_256pix_basicFLIM_120f_0013.sdt,20260517_KPC_live_on_SLIM,1.02344,0.00605,0.02421,-0.005907,0.977081
3_BKOCO2live_740nm_3097mW_u1_poc0p2_20x0p75NA_457s50_g70_z1_256pix_basicFLIM_120f_0014.sdt,20260517_KPC_live_on_SLIM,1.02363,0.00603,0.02439,-0.005895,0.976896
3_BKOCO2live_740nm_3097mW_u1_poc0p2_20x0p75NA_457s50_g70_z1_256pix_basicFLIM_120f_0015.sdt,20260517_KPC_live_on_SLIM,1.02383,0.00602,0.02458,-0.005883,0.97671
3_BKOCO2live_740nm_3097mW_u1_poc0p2_20x0p75NA_535s50_g70_z1_256pix_basicFLIM_120f_0000.sdt,20260517_KPC_live_on_SLIM,1.02563,0.00592,0.02631,-0.00577,0.974992
3_BKOCO2live_740nm_3097mW_u1_poc0p2_20x0p75NA_535s50_g70_z1_256pix_basicFLIM_120f_0001.sdt,20260517_KPC_live_on_SLIM,1.02582,0.00591,0.02649,-0.005758,0.974809
3_BKOCO2live_740nm_3097mW_u1_poc0p2_20x0p75NA_535s50_g70_z1_256pix_basicFLIM_120f_0002.sdt,20260517_KPC_live_on_SLIM,1.02602,0.0059,0.02668,-0.005746,0.974625
3_BKOCO2live_740nm_3097mW_u1_poc0p2_20x0p75NA_535s50_g70_z1_256pix_basicFLIM_120f_0003.sdt,20260517_KPC_live_on_SLIM,1.02621,0.00588,0.02686,-0.005734,0.974442
3_BKOCO2live_740nm_3097mW_u1_poc0p2_20x0p75NA_535s50_g70_z1_256pix_basicFLIM_120f_0004.sdt,20260517_KPC_live_on_SLIM,1.02641,0.00587,0.02705,-0.005721,0.974257
3_BKOCO2live_740nm_3097mW_u1_poc0p2_20x0p75NA_535s50_g70_z1_256pix_basicFLIM_120f_0005.sdt,20260517_KPC_live_on_SLIM,1.0266,0.00586,0.02724,-0.005709,0.974074
3_BKOCO2live_740nm_3097mW_u1_poc0p2_20x0p75NA_535s50_g70_z1_256pix_basicFLIM_120f_0006.sdt,20260517_KPC_live_on_SLIM,1.02679,0.00585,0.02742,-0.005697,0.973891
3_BKOCO2live_740nm_3097mW_u1_poc0p2_20x0p75NA_535s50_g70_z1_256pix_basicFLIM_120f_0007.sdt,20260517_KPC_live_on_SLIM,1.02699,0.00584,0.02761,-0.005685,0.973707
3_BKOCO2live_740nm_3097mW_u1_poc0p2_20x0p75NA_535s50_g70_z1_256pix_basicFLIM_120f_0008.sdt,20260517_KPC_live_on_SLIM,1.02718,0.00583,0.0278,-0.005673,0.973523
3_BKOCO2live_740nm_3097mW_u1_poc0p2_20x0p75NA_535s50_g70_z1_256pix_basicFLIM_120f_0009.sdt,20260517_KPC_live_on_SLIM,1.02738,0.00582,0.02799,-0.005661,0.973338
3_BKOCO2live_740nm_3097mW_u1_poc0p2_20x0p75NA_535s50_g70_z1_256pix_basicFLIM_120f_0010.sdt,20260517_KPC_live_on_SLIM,1.02757,0.0058,0.02818,-0.005649,0.973153
3_BKOCO2live_740nm_3097mW_u1_poc0p2_20x0p75NA_535s50_g70_z1_256pix_basicFLIM_120f_0011.sdt,20260517_KPC_live_on_SLIM,1.02776,0.00579,0.02836,-0.005637,0.97297
3_BKOCO2live_740nm_3097mW_u1_poc0p2_20x0p75NA_535s50_g70_z1_256pix_basicFLIM_120f_0012.sdt,20260517_KPC_live_on_SLIM,1.02796,0.00578,0.02855,-0.005625,0.972787
3_BKOCO2live_740nm_3097mW_u1_poc0p2_20x0p75NA_535s50_g70_z1_256pix_basicFLIM_120f_0013.sdt,20260517_KPC_live_on_SLIM,1.02815,0.00577,0.02874,-0.005613,0.972604
3_BKOCO2live_740nm_3097mW_u1_poc0p2_20x0p75NA_535s50_g70_z1_256pix_basicFLIM_120f_0014.sdt,20260517_KPC_live_on_SLIM,1.02835,0.00576,0.02893,-0.005601,0.97242
3_BKOCO2live_740nm_3097mW_u1_poc0p2_20x0p75NA_535s50_g70_z1_256pix_basicFLIM_120f_0015.sdt,20260517_KPC_live_on_SLIM,1.02854,0.00575,0.02911,-0.005589,0.972236
3_BKOCO2live_740nm_3097mW_u1_poc0p45_20x0p75NA_535s50_g70_z1_256pix_basicFLIM_120f_0000.sdt,20260517_KPC_live_on_SLIM,1.03031,0.00565,0.03084,-0.005479,0.970563
3_BKOCO2live_740nm_3097mW_u1_poc0p45_20x0p75NA_535s50_g70_z1_256pix_basicFLIM_120f_0001.sdt,20260517_KPC_live_on_SLIM,1.03051,0.00563,0.03102,-0.005467,0.970381
3_BKOCO2live_740nm_3097mW_u1_poc0p45_20x0p75NA_535s50_g70_z1_256pix_basicFLIM_120f_0002.sdt,20260517_KPC_live_on_SLIM,1.03201,0.00555,0.03249,-0.005374,0.96897
3_BKOCO2live_740nm_3097mW_u1_poc0p45_20x0p75NA_535s50_g70_z1_256pix_basicFLIM_120f_0003.sdt,20260517_KPC_live_on_SLIM,1.03263,0.00551,0.03309,-0.005336,0.968384
3_BKOCO2live_740nm_3097mW_u1_poc0p45_20x0p75NA_535s50_g70_z1_256pix_basicFLIM_120f_0004.sdt,20260517_KPC_live_on_SLIM,1.03283,0.0055,0.03329,-0.005324,0.968201
3_BKOCO2live_740nm_3097mW_u1_poc0p45_20x0p75NA_535s50_g70_z1_256pix_basicFLIM_120f_0005.sdt,20260517_KPC_live_on_SLIM,1.03302,0.00549,0.03347,-0.005312,0.968021
3_BKOCO2live_740nm_3097mW_u1_poc0p45_20x0p75NA_535s50_g70_z1_256pix_basicFLIM_120f_0006.sdt,20260517_KPC_live_on_SLIM,1.03321,0.00548,0.03366,-0.0053,0.96784
3_BKOCO2live_740nm_3097mW_u1_poc0p45_20x0p75NA_535s50_g70_z1_256pix_basicFLIM_120f_0007.sdt,20260517_KPC_live_on_SLIM,1.03341,0.00546,0.03385,-0.005288,0.967657
3_BKOCO2live_740nm_3097mW_u1_poc0p45_20x0p75NA_535s50_g70_z1_256pix_basicFLIM_120f_0008.sdt,20260517_KPC_live_on_SLIM,1.0336,0.00545,0.03404,-0.005276,0.967476
3_BKOCO2live_740nm_3097mW_u1_poc0p45_20x0p75NA_535s50_g70_z1_256pix_basicFLIM_120f_0009.sdt,20260517_KPC_live_on_SLIM,1.03405,0.00543,0.03448,-0.005249,0.967056
3_BKOCO2live_740nm_3097mW_u1_poc0p45_20x0p75NA_535s50_g70_z1_256pix_basicFLIM_120f_0010.sdt,20260517_KPC_live_on_SLIM,1.03441,0.00541,0.03484,-0.005226,0.966718
3_BKOCO2live_740nm_3097mW_u1_poc0p45_20x0p75NA_535s50_g70_z1_256pix_basicFLIM_120f_0011.sdt,20260517_KPC_live_on_SLIM,1.03461,0.0054,0.03503,-0.005215,0.966537
3_BKOCO2live_740nm_3097mW_u1_poc0p45_20x0p75NA_535s50_g70_z1_256pix_basicFLIM_120f_0012.sdt,20260517_KPC_live_on_SLIM,1.03532,0.00535,0.03572,-0.005171,0.965875
3_BKOCO2live_740nm_3097mW_u1_poc0p45_20x0p75NA_535s50_g70_z1_256pix_basicFLIM_120f_0013.sdt,20260517_KPC_live_on_SLIM,1.03551,0.00534,0.03591,-0.005159,0.965693
3_BKOCO2live_740nm_3097mW_u1_poc0p45_20x0p75NA_535s50_g70_z1_256pix_basicFLIM_120f_0014.sdt,20260517_KPC_live_on_SLIM,1.03571,0.00533,0.0361,-0.005147,0.965512
3_BKOCO2live_740nm_3097mW_u1_poc0p45_20x0p75NA_535s50_g70_z1_256pix_basicFLIM_120f_0015.sdt,20260517_KPC_live_on_SLIM,1.0359,0.00532,0.03629,-0.005135,0.965331
3_BKOCO2live_740nm_3097mW_u1_poc0p45_20x0p75NA_457s50_g70_z1_256pix_basicFLIM_120f_0000.sdt,20260517_KPC_live_on_SLIM,1.03733,0.00524,0.03769,-0.005048,0.964002
3_BKOCO2live_740nm_3097mW_u1_poc0p45_20x0p75NA_457s50_g70_z1_256pix_basicFLIM_120f_0001.sdt,20260517_KPC_live_on_SLIM,1.03752,0.00523,0.03788,-0.005036,0.963823
3_BKOCO2live_740nm_3097mW_u1_poc0p45_20x0p75NA_457s50_g70_z1_256pix_basicFLIM_120f_0002.sdt,20260517_KPC_live_on_SLIM,1.03772,0.00521,0.03807,-0.005024,0.963643
3_BKOCO2live_740nm_3097mW_u1_poc0p45_20x0p75NA_457s50_g70_z1_256pix_basicFLIM_120f_0003.sdt,20260517_KPC_live_on_SLIM,1.03849,0.00517,0.03884,-0.004977,0.962921
3_BKOCO2live_740nm_3097mW_u1_poc0p45_20x0p75NA_457s50_g70_z1_256pix_basicFLIM_120f_0004.sdt,20260517_KPC_live_on_SLIM,1.03869,0.00516,0.03903,-0.004965,0.96274
3_BKOCO2live_740nm_3097mW_u1_poc0p45_20x0p75NA_457s50_g70_z1_256pix_basicFLIM_120f_0005.sdt,20260517_KPC_live_on_SLIM,1.03888,0.00515,0.03922,-0.004953,0.962562
3_BKOCO2live_740nm_3097mW_u1_poc0p45_20x0p75NA_457s50_g70_z1_256pix_basicFLIM_120f_0006.sdt,20260517_KPC_live_on_SLIM,1.03908,0.00513,0.03941,-0.004942,0.962382
3_BKOCO2live_740nm_3097mW_u1_poc0p45_20x0p75NA_457s50_g70_z1_256pix_basicFLIM_120f_0007.sdt,20260517_KPC_live_on_SLIM,1.03927,0.00512,0.0396,-0.00493,0.962202
3_BKOCO2live_740nm_3097mW_u1_poc0p45_20x0p75NA_457s50_g70_z1_256pix_basicFLIM_120f_0008.sdt,20260517_KPC_live_on_SLIM,1.03994,0.00508,0.04026,-0.004889,0.961581
3_BKOCO2live_740nm_3097mW_u1_poc0p45_20x0p75NA_457s50_g70_z1_256pix_basicFLIM_120f_0009.sdt,20260517_KPC_live_on_SLIM,1.04045,0.00505,0.04076,-0.004858,0.961112
3_BKOCO2live_740nm_3097mW_u1_poc0p45_20x0p75NA_457s50_g70_z1_256pix_basicFLIM_120f_0010.sdt,20260517_KPC_live_on_SLIM,1.04065,0.00504,0.04096,-0.004846,0.960931
3_BKOCO2live_740nm_3097mW_u1_poc0p45_20x0p75NA_457s50_g70_z1_256pix_basicFLIM_120f_0011.sdt,20260517_KPC_live_on_SLIM,1.04111,0.00502,0.04141,-0.004818,0.960505
3_BKOCO2live_740nm_3097mW_u1_poc0p45_20x0p75NA_457s50_g70_z1_256pix_basicFLIM_120f_0012.sdt,20260517_KPC_live_on_SLIM,1.0413,0.00501,0.0416,-0.004807,0.960326
3_BKOCO2live_740nm_3097mW_u1_poc0p45_20x0p75NA_457s50_g70_z1_256pix_basicFLIM_120f_0013.sdt,20260517_KPC_live_on_SLIM,1.0415,0.00499,0.0418,-0.004795,0.960146
3_BKOCO2live_740nm_3097mW_u1_poc0p45_20x0p75NA_457s50_g70_z1_256pix_basicFLIM_120f_0014.sdt,20260517_KPC_live_on_SLIM,1.04169,0.00498,0.04199,-0.004783,0.959967
3_BKOCO2live_740nm_3097mW_u1_poc0p45_20x0p75NA_457s50_g70_z1_256pix_basicFLIM_120f_0015.sdt,20260517_KPC_live_on_SLIM,1.04209,0.00496,0.04238,-0.004759,0.959597
3_KPCWTform10min_740nm_3082mW_u1_poc0p25_20x0p75NA_457s50_g70_z1_256pix_basicFLIM_120f_0000.sdt,20260520_KPC_fixed_dishes_SLIM,1.00067,0.00733,0.00736,-0.007327,0.999302
3_KPCWTform10min_740nm_3082mW_u1_poc0p25_20x0p75NA_457s50_g70_z1_256pix_basicFLIM_120f_0001.sdt,20260520_KPC_fixed_dishes_SLIM,1.00069,0.00733,0.00736,-0.007323,0.99928
3_KPCWTform10min_740nm_3082mW_u1_poc0p25_20x0p75NA_457s50_g70_z1_256pix_basicFLIM_120f_0002.sdt,20260520_KPC_fixed_dishes_SLIM,1.00072,0.00732,0.00736,-0.007319,0.999257
3_KPCWTform10min_740nm_3082mW_u1_poc0p25_20x0p75NA_457s50_g70_z1_256pix_basicFLIM_120f_0003.sdt,20260520_KPC_fixed_dishes_SLIM,1.00074,0.00732,0.00736,-0.007316,0.999235
3_KPCWTform10min_740nm_3082mW_u1_poc0p25_20x0p75NA_457s50_g70_z1_256pix_basicFLIM_120f_0004.sdt,20260520_KPC_fixed_dishes_SLIM,1.00076,0.00732,0.00736,-0.007312,0.999213
3_KPCWTform10min_740nm_3082mW_u1_poc0p25_20x0p75NA_457s50_g70_z1_256pix_basicFLIM_120f_0005.sdt,20260520_KPC_fixed_dishes_SLIM,1.00078,0.00731,0.00736,-0.007309,0.99919
3_KPCWTform10min_740nm_3082mW_u1_poc0p25_20x0p75NA_457s50_g70_z1_256pix_basicFLIM_120f_0006.sdt,20260520_KPC_fixed_dishes_SLIM,1.00081,0.00731,0.00736,-0.007305,0.999168
3_KPCWTform10min_740nm_3082mW_u1_poc0p25_20x0p75NA_457s50_g70_z1_256pix_basicFLIM_120f_0007.sdt,20260520_KPC_fixed_dishes_SLIM,1.00083,0.00731,0.00735,-0.007301,0.999145
3_KPCWTform10min_740nm_3082mW_u1_poc0p25_20x0p75NA_457s50_g70_z1_256pix_basicFLIM_120f_0008.sdt,20260520_KPC_fixed_dishes_SLIM,1.00085,0.0073,0.00735,-0.007298,0.999123
3_KPCWTform10min_740nm_3082mW_u1_poc0p25_20x0p75NA_457s50_g70_z1_256pix_basicFLIM_120f_0009.sdt,20260520_KPC_fixed_dishes_SLIM,1.00087,0.0073,0.00735,-0.007294,0.9991
3_KPCWTform10min_740nm_3082mW_u1_poc0p25_20x0p75NA_457s50_g70_z1_256pix_basicFLIM_120f_0010.sdt,20260520_KPC_fixed_dishes_SLIM,1.0009,0.0073,0.00735,-0.00729,0.999078
3_KPCWTform10min_740nm_3082mW_u1_poc0p25_20x0p75NA_457s50_g70_z1_256pix_basicFLIM_120f_0011.sdt,20260520_KPC_fixed_dishes_SLIM,1.00092,0.00729,0.00735,-0.007287,0.999055
3_KPCWTform10min_740nm_3082mW_u1_poc0p25_20x0p75NA_457s50_g70_z1_256pix_basicFLIM_120f_0012.sdt,20260520_KPC_fixed_dishes_SLIM,1.00094,0.00729,0.00735,-0.007283,0.999033
3_KPCWTform10min_740nm_3082mW_u1_poc0p25_20x0p75NA_457s50_g70_z1_256pix_basicFLIM_120f_0013.sdt,20260520_KPC_fixed_dishes_SLIM,1.00096,0.00729,0.00735,-0.007279,0.99901
3_KPCWTform10min_740nm_3082mW_u1_poc0p25_20x0p75NA_457s50_g70_z1_256pix_basicFLIM_120f_0014.sdt,20260520_KPC_fixed_dishes_SLIM,1.00099,0.00728,0.00735,-0.007276,0.998988
3_KPCWTform10min_740nm_3082mW_u1_poc0p25_20x0p75NA_457s50_g70_z1_256pix_basicFLIM_120f_0015.sdt,20260520_KPC_fixed_dishes_SLIM,1.00101,0.00728,0.00735,-0.007272,0.998965
3_KPCWTform10min_740nm_3082mW_u1_poc0p25_20x0p75NA_457s50_g70_z1_256pix_basicFLIM_120f_0016.sdt,20260520_KPC_fixed_dishes_SLIM,1.00103,0.00728,0.00735,-0.007268,0.998943
3_KPCWTform10min_740nm_3083mW_u1_poc0p25_20x0p75NA_535s50_g70_z1_256pix_basicFLIM_120f_0000.sdt,20260520_KPC_fixed_dishes_SLIM,1.00129,0.00724,0.00735,-0.007227,0.998684
3_KPCWTform10min_740nm_3083mW_u1_poc0p25_20x0p75NA_535s50_g70_z1_256pix_basicFLIM_120f_0001.sdt,20260520_KPC_fixed_dishes_SLIM,1.00131,0.00723,0.00735,-0.007223,0.998662
3_KPCWTform10min_740nm_3083mW_u1_poc0p25_20x0p75NA_535s50_g70_z1_256pix_basicFLIM_120f_0002.sdt,20260520_KPC_fixed_dishes_SLIM,1.00134,0.00723,0.00735,-0.007219,0.998639
3_KPCWTform10min_740nm_3083mW_u1_poc0p25_20x0p75NA_535s50_g70_z1_256pix_basicFLIM_120f_0003.sdt,20260520_KPC_fixed_dishes_SLIM,1.00136,0.00723,0.00735,-0.007216,0.998617
3_KPCWTform10min_740nm_3083mW_u1_poc0p25_20x0p75NA_535s50_g70_z1_256pix_basicFLIM_120f_0004.sdt,20260520_KPC_fixed_dishes_SLIM,1.00138,0.00722,0.00735,-0.007212,0.998595
3_KPCWTform10min_740nm_3083mW_u1_poc0p25_20x0p75NA_535s50_g70_z1_256pix_basicFLIM_120f_0005.sdt,20260520_KPC_fixed_dishes_SLIM,1.0014,0.00722,0.00735,-0.007209,0.998573
3_KPCWTform10min_740nm_3083mW_u1_poc0p25_20x0p75NA_535s50_g70_z1_256pix_basicFLIM_120f_0006.sdt,20260520_KPC_fixed_dishes_SLIM,1.00143,0.00722,0.00735,-0.007205,0.99855
3_KPCWTform10min_740nm_3083mW_u1_poc0p25_20x0p75NA_535s50_g70_z1_256pix_basicFLIM_120f_0007.sdt,20260520_KPC_fixed_dishes_SLIM,1.00145,0.00721,0.00736,-0.007201,0.998528
3_KPCWTform10min_740nm_3083mW_u1_poc0p25_20x0p75NA_535s50_g70_z1_256pix_basicFLIM_120f_0008.sdt,20260520_KPC_fixed_dishes_SLIM,1.00147,0.00721,0.00736,-0.007198,0.998505
3_KPCWTform10min_740nm_3083mW_u1_poc0p25_20x0p75NA_535s50_g70_z1_256pix_basicFLIM_120f_0009.sdt,20260520_KPC_fixed_dishes_SLIM,1.00149,0.0072,0.00736,-0.007194,0.998482
3_KPCWTform10min_740nm_3083mW_u1_poc0p25_20x0p75NA_535s50_g70_z1_256pix_basicFLIM_120f_0010.sdt,20260520_KPC_fixed_dishes_SLIM,1.00152,0.0072,0.00736,-0.00719,0.99846
3_KPCWTform10min_740nm_3083mW_u1_poc0p25_20x0p75NA_535s50_g70_z1_256pix_basicFLIM_120f_0011.sdt,20260520_KPC_fixed_dishes_SLIM,1.00154,0.0072,0.00736,-0.007187,0.998438
3_KPCWTform10min_740nm_3083mW_u1_poc0p25_20x0p75NA_535s50_g70_z1_256pix_basicFLIM_120f_0012.sdt,20260520_KPC_fixed_dishes_SLIM,1.00156,0.00719,0.00736,-0.007183,0.998415
3_KPCWTform10min_740nm_3083mW_u1_poc0p25_20x0p75NA_535s50_g70_z1_256pix_basicFLIM_120f_0013.sdt,20260520_KPC_fixed_dishes_SLIM,1.00158,0.00719,0.00736,-0.007179,0.998393
3_KPCWTform10min_740nm_3083mW_u1_poc0p25_20x0p75NA_535s50_g70_z1_256pix_basicFLIM_120f_0014.sdt,20260520_KPC_fixed_dishes_SLIM,1.00161,0.00719,0.00736,-0.007176,0.99837
3_KPCWTform10min_740nm_3083mW_u1_poc0p25_20x0p75NA_535s50_g70_z1_256pix_basicFLIM_120f_0015.sdt,20260520_KPC_fixed_dishes_SLIM,1.00163,0.00718,0.00737,-0.007172,0.998348
3_KPCWTform10min_740nm_3083mW_u1_poc0p25_20x0p75NA_535s50_g70_z1_256pix_basicFLIM_120f_0016.sdt,20260520_KPC_fixed_dishes_SLIM,1.00165,0.00718,0.00737,-0.007168,0.998325
3_KPCWTform10min_740nm_3083mW_u1_poc0p6_20x0p75NA_535s50_g70_z1_256pix_basicFLIM_120f_0000.sdt,20260520_KPC_fixed_dishes_SLIM,1.00177,0.00716,0.00738,-0.007149,0.998204
3_KPCWTform10min_740nm_3083mW_u1_poc0p6_20x0p75NA_535s50_g70_z1_256pix_basicFLIM_120f_0001.sdt,20260520_KPC_fixed_dishes_SLIM,1.0018,0.00716,0.00738,-0.007145,0.998181
3_KPCWTform10min_740nm_3083mW_u1_poc0p6_20x0p75NA_535s50_g70_z1_256pix_basicFLIM_120f_0002.sdt,20260520_KPC_fixed_dishes_SLIM,1.00182,0.00715,0.00738,-0.007142,0.998159
3_KPCWTform10min_740nm_3083mW_u1_poc0p6_20x0p75NA_535s50_g70_z1_256pix_basicFLIM_120f_0003.sdt,20260520_KPC_fixed_dishes_SLIM,1.00184,0.00715,0.00738,-0.007138,0.998137
3_KPCWTform10min_740nm_3083mW_u1_poc0p6_20x0p75NA_535s50_g70_z1_256pix_basicFLIM_120f_0004.sdt,20260520_KPC_fixed_dishes_SLIM,1.00186,0.00715,0.00739,-0.007134,0.998114
3_KPCWTform10min_740nm_3083mW_u1_poc0p6_20x0p75NA_535s50_g70_z1_256pix_basicFLIM_120f_0005.sdt,20260520_KPC_fixed_dishes_SLIM,1.00189,0.00714,0.00739,-0.007131,0.998092
3_KPCWTform10min_740nm_3083mW_u1_poc0p6_20x0p75NA_535s50_g70_z1_256pix_basicFLIM_120f_0006.sdt,20260520_KPC_fixed_dishes_SLIM,1.00191,0.00714,0.00739,-0.007127,0.998069
3_KPCWTform10min_740nm_3083mW_u1_poc0p6_20x0p75NA_535s50_g70_z1_256pix_basicFLIM_120f_0007.sdt,20260520_KPC_fixed_dishes_SLIM,1.00248,0.00705,0.00748,-0.007035,0.9975
3_KPCWTform10min_740nm_3083mW_u1_poc0p6_20x0p75NA_535s50_g70_z1_256pix_basicFLIM_120f_0008.sdt,20260520_KPC_fixed_dishes_SLIM,1.0025,0.00705,0.00748,-0.007031,0.997478
3_KPCWTform10min_740nm_3083mW_u1_poc0p6_20x0p75NA_535s50_g70_z1_256pix_basicFLIM_120f_0009.sdt,20260520_KPC_fixed_dishes_SLIM,1.00253,0.00705,0.00748,-0.007028,0.997455
3_KPCWTform10min_740nm_3083mW_u1_poc0p6_20x0p75NA_535s50_g70_z1_256pix_basicFLIM_120f_0010.sdt,20260520_KPC_fixed_dishes_SLIM,1.00255,0.00704,0.00749,-0.007024,0.997433
3_KPCWTform10min_740nm_3083mW_u1_poc0p6_20x0p75NA_535s50_g70_z1_256pix_basicFLIM_120f_0011.sdt,20260520_KPC_fixed_dishes_SLIM,1.0027,0.00702,0.00752,-0.007,0.997286
3_KPCWTform10min_740nm_3083mW_u1_poc0p6_20x0p75NA_535s50_g70_z1_256pix_basicFLIM_120f_0012.sdt,20260520_KPC_fixed_dishes_SLIM,1.00272,0.00702,0.00752,-0.006997,0.997263
3_KPCWTform10min_740nm_3083mW_u1_poc0p6_20x0p75NA_535s50_g70_z1_256pix_basicFLIM_120f_0013.sdt,20260520_KPC_fixed_dishes_SLIM,1.00274,0.00701,0.00753,-0.006993,0.997241
3_KPCWTform10min_740nm_3083mW_u1_poc0p6_20x0p75NA_535s50_g70_z1_256pix_basicFLIM_120f_0014.sdt,20260520_KPC_fixed_dishes_SLIM,1.00278,0.00701,0.00754,-0.006987,0.997207
3_KPCWTform10min_740nm_3083mW_u1_poc0p6_20x0p75NA_535s50_g70_z1_256pix_basicFLIM_120f_0015.sdt,20260520_KPC_fixed_dishes_SLIM,1.0028,0.007,0.00754,-0.006984,0.997184
3_KPCWTform10min_740nm_3083mW_u1_poc0p6_20x0p75NA_535s50_g70_z1_256pix_basicFLIM_120f_0016.sdt,20260520_KPC_fixed_dishes_SLIM,1.00282,0.007,0.00755,-0.00698,0.997162
3_KPCWTform10min_740nm_3083mW_u1_poc0p6_20x0p75NA_457s50_g70_z1_256pix_basicFLIM_120f_0000.sdt,20260520_KPC_fixed_dishes_SLIM,1.00294,0.00698,0.00757,-0.006961,0.997046
3_KPCWTform10min_740nm_3083mW_u1_poc0p6_20x0p75NA_457s50_g70_z1_256pix_basicFLIM_120f_0001.sdt,20260520_KPC_fixed_dishes_SLIM,1.00296,0.00698,0.00758,-0.006958,0.997024
3_KPCWTform10min_740nm_3083mW_u1_poc0p6_20x0p75NA_457s50_g70_z1_256pix_basicFLIM_120f_0002.sdt,20260520_KPC_fixed_dishes_SLIM,1.00298,0.00698,0.00759,-0.006954,0.997002
3_KPCWTform10min_740nm_3083mW_u1_poc0p6_20x0p75NA_457s50_g70_z1_256pix_basicFLIM_120f_0003.sdt,20260520_KPC_fixed_dishes_SLIM,1.00301,0.00697,0.00759,-0.006951,0.996979
3_KPCWTform10min_740nm_3083mW_u1_poc0p6_20x0p75NA_457s50_g70_z1_256pix_basicFLIM_120f_0004.sdt,20260520_KPC_fixed_dishes_SLIM,1.00303,0.00697,0.0076,-0.006947,0.996957
3_KPCWTform10min_740nm_3083mW_u1_poc0p6_20x0p75NA_457s50_g70_z1_256pix_basicFLIM_120f_0005.sdt,20260520_KPC_fixed_dishes_SLIM,1.00305,0.00696,0.0076,-0.006943,0.996935
3_KPCWTform10min_740nm_3083mW_u1_poc0p6_20x0p75NA_457s50_g70_z1_256pix_basicFLIM_120f_0006.sdt,20260520_KPC_fixed_dishes_SLIM,1.00307,0.00696,0.00761,-0.00694,0.996912
3_KPCWTform10min_740nm_3083mW_u1_poc0p6_20x0p75NA_457s50_g70_z1_256pix_basicFLIM_120f_0007.sdt,20260520_KPC_fixed_dishes_SLIM,1.0031,0.00696,0.00762,-0.006936,0.99689
3_KPCWTform10min_740nm_3083mW_u1_poc0p6_20x0p75NA_457s50_g70_z1_256pix_basicFLIM_120f_0008.sdt,20260520_KPC_fixed_dishes_SLIM,1.00312,0.00695,0.00762,-0.006932,0.996867
3_KPCWTform10min_740nm_3083mW_u1_poc0p6_20x0p75NA_457s50_g70_z1_256pix_basicFLIM_120f_0009.sdt,20260520_KPC_fixed_dishes_SLIM,1.00314,0.00695,0.00763,-0.006929,0.996845
3_KPCWTform10min_740nm_3083mW_u1_poc0p6_20x0p75NA_457s50_g70_z1_256pix_basicFLIM_120f_0010.sdt,20260520_KPC_fixed_dishes_SLIM,1.00316,0.00695,0.00763,-0.006925,0.996822
3_KPCWTform10min_740nm_3083mW_u1_poc0p6_20x0p75NA_457s50_g70_z1_256pix_basicFLIM_120f_0011.sdt,20260520_KPC_fixed_dishes_SLIM,1.00319,0.00694,0.00764,-0.006922,0.9968
3_KPCWTform10min_740nm_3083mW_u1_poc0p6_20x0p75NA_457s50_g70_z1_256pix_basicFLIM_120f_0012.sdt,20260520_KPC_fixed_dishes_SLIM,1.00321,0.00694,0.00765,-0.006918,0.996778
3_KPCWTform10min_740nm_3083mW_u1_poc0p6_20x0p75NA_457s50_g70_z1_256pix_basicFLIM_120f_0013.sdt,20260520_KPC_fixed_dishes_SLIM,1.00323,0.00694,0.00765,-0.006914,0.996755
3_KPCWTform10min_740nm_3083mW_u1_poc0p6_20x0p75NA_457s50_g70_z1_256pix_basicFLIM_120f_0014.sdt,20260520_KPC_fixed_dishes_SLIM,1.00325,0.00693,0.00766,-0.006911,0.996733
3_KPCWTform10min_740nm_3083mW_u1_poc0p6_20x0p75NA_457s50_g70_z1_256pix_basicFLIM_120f_0015.sdt,20260520_KPC_fixed_dishes_SLIM,1.00328,0.00693,0.00767,-0.006907,0.996711
3_KPCWTform10min_740nm_3083mW_u1_poc0p6_20x0p75NA_457s50_g70_z1_256pix_basicFLIM_120f_0016.sdt,20260520_KPC_fixed_dishes_SLIM,1.0033,0.00693,0.00767,-0.006903,0.996688
4_BKOCO2form10min_740nm_3099mW_u1_poc0p25_20x0p75NA_457s50_g70_z1_256pix_basicFLIM_120f_0000.sdt,20260520_KPC_fixed_dishes_SLIM,1.00429,0.00677,0.00802,-0.006744,0.995705
4_BKOCO2form10min_740nm_3099mW_u1_poc0p25_20x0p75NA_457s50_g70_z1_256pix_basicFLIM_120f_0001.sdt,20260520_KPC_fixed_dishes_SLIM,1.00431,0.00677,0.00803,-0.006741,0.995683
4_BKOCO2form10min_740nm_3099mW_u1_poc0p25_20x0p75NA_457s50_g70_z1_256pix_basicFLIM_120f_0002.sdt,20260520_KPC_fixed_dishes_SLIM,1.00433,0.00677,0.00804,-0.006737,0.995661
4_BKOCO2form10min_740nm_3099mW_u1_poc0p25_20x0p75NA_457s50_g70_z1_256pix_basicFLIM_120f_0003.sdt,20260520_KPC_fixed_dishes_SLIM,1.00436,0.00676,0.00805,-0.006734,0.995639
4_BKOCO2form10min_740nm_3099mW_u1_poc0p25_20x0p75NA_457s50_g70_z1_256pix_basicFLIM_120f_0004.sdt,20260520_KPC_fixed_dishes_SLIM,1.00438,0.00676,0.00805,-0.00673,0.995617
4_BKOCO2form10min_740nm_3099mW_u1_poc0p25_20x0p75NA_457s50_g70_z1_256pix_basicFLIM_120f_0005.sdt,20260520_KPC_fixed_dishes_SLIM,1.0044,0.00676,0.00806,-0.006726,0.995595
4_BKOCO2form10min_740nm_3099mW_u1_poc0p25_20x0p75NA_457s50_g70_z1_256pix_basicFLIM_120f_0006.sdt,20260520_KPC_fixed_dishes_SLIM,1.00442,0.00675,0.00807,-0.006723,0.995573
4_BKOCO2form10min_740nm_3099mW_u1_poc0p25_20x0p75NA_457s50_g70_z1_256pix_basicFLIM_120f_0007.sdt,20260520_KPC_fixed_dishes_SLIM,1.00445,0.00675,0.00808,-0.006719,0.99555
4_BKOCO2form10min_740nm_3099mW_u1_poc0p25_20x0p75NA_457s50_g70_z1_256pix_basicFLIM_120f_0008.sdt,20260520_KPC_fixed_dishes_SLIM,1.00447,0.00675,0.00809,-0.006716,0.995528
4_BKOCO2form10min_740nm_3099mW_u1_poc0p25_20x0p75NA_457s50_g70_z1_256pix_basicFLIM_120f_0009.sdt,20260520_KPC_fixed_dishes_SLIM,1.00449,0.00674,0.0081,-0.006712,0.995506
4_BKOCO2form10min_740nm_3099mW_u1_poc0p25_20x0p75NA_457s50_g70_z1_256pix_basicFLIM_120f_0010.sdt,20260520_KPC_fixed_dishes_SLIM,1.00451,0.00674,0.00811,-0.006708,0.995484
4_BKOCO2form10min_740nm_3099mW_u1_poc0p25_20x0p75NA_457s50_g70_z1_256pix_basicFLIM_120f_0011.sdt,20260520_KPC_fixed_dishes_SLIM,1.00454,0.00674,0.00812,-0.006705,0.995462
4_BKOCO2form10min_740nm_3099mW_u1_poc0p25_20x0p75NA_457s50_g70_z1_256pix_basicFLIM_120f_0012.sdt,20260520_KPC_fixed_dishes_SLIM,1.00456,0.00673,0.00813,-0.006701,0.995439
4_BKOCO2form10min_740nm_3099mW_u1_poc0p25_20x0p75NA_457s50_g70_z1_256pix_basicFLIM_120f_0013.sdt,20260520_KPC_fixed_dishes_SLIM,1.00458,0.00673,0.00814,-0.006698,0.995417
4_BKOCO2form10min_740nm_3099mW_u1_poc0p25_20x0p75NA_457s50_g70_z1_256pix_basicFLIM_120f_0014.sdt,20260520_KPC_fixed_dishes_SLIM,1.0046,0.00672,0.00815,-0.006694,0.995394
4_BKOCO2form10min_740nm_3099mW_u1_poc0p25_20x0p75NA_457s50_g70_z1_256pix_basicFLIM_120f_0015.sdt,20260520_KPC_fixed_dishes_SLIM,1.00463,0.00672,0.00816,-0.00669,0.995372
4_BKOCO2form10min_740nm_3099mW_u1_poc0p25_20x0p75NA_457s50_g70_z1_256pix_basicFLIM_120f_0016.sdt,20260520_KPC_fixed_dishes_SLIM,1.00465,0.00672,0.00817,-0.006687,0.99535
4_BKOCO2form10min_740nm_3099mW_u1_poc0p25_20x0p75NA_535s50_g70_z1_256pix_basicFLIM_120f_0000.sdt,20260520_KPC_fixed_dishes_SLIM,1.00469,0.00671,0.00819,-0.00668,0.995309
4_BKOCO2form10min_740nm_3099mW_u1_poc0p25_20x0p75NA_535s50_g70_z1_256pix_basicFLIM_120f_0001.sdt,20260520_KPC_fixed_dishes_SLIM,1.00471,0.00671,0.0082,-0.006677,0.995287
4_BKOCO2form10min_740nm_3099mW_u1_poc0p25_20x0p75NA_535s50_g70_z1_256pix_basicFLIM_120f_0002.sdt,20260520_KPC_fixed_dishes_SLIM,1.00473,0.0067,0.00821,-0.006673,0.995265
4_BKOCO2form10min_740nm_3099mW_u1_poc0p25_20x0p75NA_535s50_g70_z1_256pix_basicFLIM_120f_0003.sdt,20260520_KPC_fixed_dishes_SLIM,1.00476,0.0067,0.00822,-0.006669,0.995243
4_BKOCO2form10min_740nm_3099mW_u1_poc0p25_20x0p75NA_535s50_g70_z1_256pix_basicFLIM_120f_0004.sdt,20260520_KPC_fixed_dishes_SLIM,1.00478,0.0067,0.00823,-0.006666,0.995221
4_BKOCO2form10min_740nm_3099mW_u1_poc0p25_20x0p75NA_535s50_g70_z1_256pix_basicFLIM_120f_0005.sdt,20260520_KPC_fixed_dishes_SLIM,1.0048,0.00669,0.00824,-0.006662,0.995199
4_BKOCO2form10min_740nm_3099mW_u1_poc0p25_20x0p75NA_535s50_g70_z1_256pix_basicFLIM_120f_0006.sdt,20260520_KPC_fixed_dishes_SLIM,1.00482,0.00669,0.00825,-0.006659,0.995177
4_BKOCO2form10min_740nm_3099mW_u1_poc0p25_20x0p75NA_535s50_g70_z1_256pix_basicFLIM_120f_0007.sdt,20260520_KPC_fixed_dishes_SLIM,1.00485,0.00669,0.00826,-0.006655,0.995154
4_BKOCO2form10min_740nm_3099mW_u1_poc0p25_20x0p75NA_535s50_g70_z1_256pix_basicFLIM_120f_0008.sdt,20260520_KPC_fixed_dishes_SLIM,1.00487,0.00668,0.00827,-0.006651,0.995132
4_BKOCO2form10min_740nm_3099mW_u1_poc0p25_20x0p75NA_535s50_g70_z1_256pix_basicFLIM_120f_0009.sdt,20260520_KPC_fixed_dishes_SLIM,1.00489,0.00668,0.00828,-0.006648,0.99511
4_BKOCO2form10min_740nm_3099mW_u1_poc0p25_20x0p75NA_535s50_g70_z1_256pix_basicFLIM_120f_0010.sdt,20260520_KPC_fixed_dishes_SLIM,1.00491,0.00668,0.00829,-0.006644,0.995088
4_BKOCO2form10min_740nm_3099mW_u1_poc0p25_20x0p75NA_535s50_g70_z1_256pix_basicFLIM_120f_0011.sdt,20260520_KPC_fixed_dishes_SLIM,1.00494,0.00667,0.0083,-0.006641,0.995066
4_BKOCO2form10min_740nm_3099mW_u1_poc0p25_20x0p75NA_535s50_g70_z1_256pix_basicFLIM_120f_0012.sdt,20260520_KPC_fixed_dishes_SLIM,1.00496,0.00667,0.00831,-0.006637,0.995043
4_BKOCO2form10min_740nm_3099mW_u1_poc0p25_20x0p75NA_535s50_g70_z1_256pix_basicFLIM_120f_0013.sdt,20260520_KPC_fixed_dishes_SLIM,1.00498,0.00667,0.00832,-0.006633,0.995021
4_BKOCO2form10min_740nm_3099mW_u1_poc0p25_20x0p75NA_535s50_g70_z1_256pix_basicFLIM_120f_0014.sdt,20260520_KPC_fixed_dishes_SLIM,1.005,0.00666,0.00833,-0.00663,0.994999
4_BKOCO2form10min_740nm_3099mW_u1_poc0p25_20x0p75NA_535s50_g70_z1_256pix_basicFLIM_120f_0015.sdt,20260520_KPC_fixed_dishes_SLIM,1.00503,0.00666,0.00834,-0.006626,0.994976
4_BKOCO2form10min_740nm_3099mW_u1_poc0p25_20x0p75NA_535s50_g70_z1_256pix_basicFLIM_120f_0016.sdt,20260520_KPC_fixed_dishes_SLIM,1.00505,0.00666,0.00835,-0.006623,0.994954
4_BKOCO2form10min_740nm_3099mW_u1_poc0p6_20x0p75NA_535s50_g70_z1_256pix_basicFLIM_120f_0000.sdt,20260520_KPC_fixed_dishes_SLIM,1.0051,0.00665,0.00838,-0.006614,0.994901
4_BKOCO2form10min_740nm_3099mW_u1_poc0p6_20x0p75NA_535s50_g70_z1_256pix_basicFLIM_120f_0001.sdt,20260520_KPC_fixed_dishes_SLIM,1.00513,0.00664,0.00839,-0.00661,0.994879
4_BKOCO2form10min_740nm_3099mW_u1_poc0p6_20x0p75NA_535s50_g70_z1_256pix_basicFLIM_120f_0002.sdt,20260520_KPC_fixed_dishes_SLIM,1.00515,0.00664,0.0084,-0.006607,0.994857
4_BKOCO2form10min_740nm_3099mW_u1_poc0p6_20x0p75NA_535s50_g70_z1_256pix_basicFLIM_120f_0003.sdt,20260520_KPC_fixed_dishes_SLIM,1.00517,0.00664,0.00841,-0.006603,0.994835
4_BKOCO2form10min_740nm_3099mW_u1_poc0p6_20x0p75NA_535s50_g70_z1_256pix_basicFLIM_120f_0004.sdt,20260520_KPC_fixed_dishes_SLIM,1.00519,0.00663,0.00842,-0.0066,0.994813
4_BKOCO2form10min_740nm_3099mW_u1_poc0p6_20x0p75NA_535s50_g70_z1_256pix_basicFLIM_120f_0005.sdt,20260520_KPC_fixed_dishes_SLIM,1.00522,0.00663,0.00844,-0.006596,0.99479
4_BKOCO2form10min_740nm_3099mW_u1_poc0p6_20x0p75NA_535s50_g70_z1_256pix_basicFLIM_120f_0006.sdt,20260520_KPC_fixed_dishes_SLIM,1.00524,0.00663,0.00845,-0.006592,0.994768
4_BKOCO2form10min_740nm_3099mW_u1_poc0p6_20x0p75NA_535s50_g70_z1_256pix_basicFLIM_120f_0007.sdt,20260520_KPC_fixed_dishes_SLIM,1.00526,0.00662,0.00846,-0.006589,0.994746
4_BKOCO2form10min_740nm_3099mW_u1_poc0p6_20x0p75NA_535s50_g70_z1_256pix_basicFLIM_120f_0008.sdt,20260520_KPC_fixed_dishes_SLIM,1.00528,0.00662,0.00847,-0.006585,0.994724
4_BKOCO2form10min_740nm_3099mW_u1_poc0p6_20x0p75NA_535s50_g70_z1_256pix_basicFLIM_120f_0009.sdt,20260520_KPC_fixed_dishes_SLIM,1.0053,0.00662,0.00848,-0.006582,0.994702
4_BKOCO2form10min_740nm_3099mW_u1_poc0p6_20x0p75NA_535s50_g70_z1_256pix_basicFLIM_120f_0010.sdt,20260520_KPC_fixed_dishes_SLIM,1.00533,0.00661,0.00849,-0.006578,0.994679
4_BKOCO2form10min_740nm_3099mW_u1_poc0p6_20x0p75NA_535s50_g70_z1_256pix_basicFLIM_120f_0011.sdt,20260520_KPC_fixed_dishes_SLIM,1.00535,0.00661,0.0085,-0.006575,0.994657
4_BKOCO2form10min_740nm_3099mW_u1_poc0p6_20x0p75NA_535s50_g70_z1_256pix_basicFLIM_120f_0012.sdt,20260520_KPC_fixed_dishes_SLIM,1.00537,0.00661,0.00852,-0.006571,0.994635
4_BKOCO2form10min_740nm_3099mW_u1_poc0p6_20x0p75NA_535s50_g70_z1_256pix_basicFLIM_120f_0013.sdt,20260520_KPC_fixed_dishes_SLIM,1.0054,0.0066,0.00853,-0.006567,0.994612
4_BKOCO2form10min_740nm_3099mW_u1_poc0p6_20x0p75NA_535s50_g70_z1_256pix_basicFLIM_120f_0014.sdt,20260520_KPC_fixed_dishes_SLIM,1.00542,0.0066,0.00854,-0.006564,0.99459
4_BKOCO2form10min_740nm_3099mW_u1_poc0p6_20x0p75NA_535s50_g70_z1_256pix_basicFLIM_120f_0015.sdt,20260520_KPC_fixed_dishes_SLIM,1.00544,0.0066,0.00855,-0.00656,0.994568
4_BKOCO2form10min_740nm_3099mW_u1_poc0p6_20x0p75NA_535s50_g70_z1_256pix_basicFLIM_120f_0016.sdt,20260520_KPC_fixed_dishes_SLIM,1.00546,0.00659,0.00856,-0.006556,0.994546
4_BKOCO2form10min_740nm_3099mW_u1_poc0p6_20x0p75NA_457s50_g70_z1_256pix_basicFLIM_120f_0000.sdt,20260520_KPC_fixed_dishes_SLIM,1.00551,0.00658,0.00859,-0.006548,0.994496
4_BKOCO2form10min_740nm_3099mW_u1_poc0p6_20x0p75NA_457s50_g70_z1_256pix_basicFLIM_120f_0001.sdt,20260520_KPC_fixed_dishes_SLIM,1.00554,0.00658,0.0086,-0.006545,0.994474
4_BKOCO2form10min_740nm_3099mW_u1_poc0p6_20x0p75NA_457s50_g70_z1_256pix_basicFLIM_120f_0002.sdt,20260520_KPC_fixed_dishes_SLIM,1.00556,0.00658,0.00861,-0.006541,0.994451
4_BKOCO2form10min_740nm_3099mW_u1_poc0p6_20x0p75NA_457s50_g70_z1_256pix_basicFLIM_120f_0003.sdt,20260520_KPC_fixed_dishes_SLIM,1.00558,0.00657,0.00862,-0.006538,0.994429
4_BKOCO2form10min_740nm_3099mW_u1_poc0p6_20x0p75NA_457s50_g70_z1_256pix_basicFLIM_120f_0004.sdt,20260520_KPC_fixed_dishes_SLIM,1.0056,0.00657,0.00864,-0.006534,0.994407
4_BKOCO2form10min_740nm_3099mW_u1_poc0p6_20x0p75NA_457s50_g70_z1_256pix_basicFLIM_120f_0005.sdt,20260520_KPC_fixed_dishes_SLIM,1.00563,0.00657,0.00865,-0.00653,0.994385
4_BKOCO2form10min_740nm_3099mW_u1_poc0p6_20x0p75NA_457s50_g70_z1_256pix_basicFLIM_120f_0006.sdt,20260520_KPC_fixed_dishes_SLIM,1.00565,0.00656,0.00866,-0.006527,0.994363
4_BKOCO2form10min_740nm_3099mW_u1_poc0p6_20x0p75NA_457s50_g70_z1_256pix_basicFLIM_120f_0007.sdt,20260520_KPC_fixed_dishes_SLIM,1.00567,0.00656,0.00867,-0.006523,0.99434
4_BKOCO2form10min_740nm_3099mW_u1_poc0p6_20x0p75NA_457s50_g70_z1_256pix_basicFLIM_120f_0008.sdt,20260520_KPC_fixed_dishes_SLIM,1.00569,0.00656,0.00868,-0.00652,0.994318
4_BKOCO2form10min_740nm_3099mW_u1_poc0p6_20x0p75NA_457s50_g70_z1_256pix_basicFLIM_120f_0009.sdt,20260520_KPC_fixed_dishes_SLIM,1.00572,0.00655,0.0087,-0.006516,0.994296
4_BKOCO2form10min_740nm_3099mW_u1_poc0p6_20x0p75NA_457s50_g70_z1_256pix_basicFLIM_120f_0010.sdt,20260520_KPC_fixed_dishes_SLIM,1.00574,0.00655,0.00871,-0.006512,0.994274
4_BKOCO2form10min_740nm_3099mW_u1_poc0p6_20x0p75NA_457s50_g70_z1_256pix_basicFLIM_120f_0011.sdt,20260520_KPC_fixed_dishes_SLIM,1.00576,0.00655,0.00872,-0.006509,0.994252
4_BKOCO2form10min_740nm_3099mW_u1_poc0p6_20x0p75NA_457s50_g70_z1_256pix_basicFLIM_120f_0012.sdt,20260520_KPC_fixed_dishes_SLIM,1.00578,0.00654,0.00873,-0.006505,0.994229
4_BKOCO2form10min_740nm_3099mW_u1_poc0p6_20x0p75NA_457s50_g70_z1_256pix_basicFLIM_120f_0013.sdt,20260520_KPC_fixed_dishes_SLIM,1.00581,0.00654,0.00874,-0.006502,0.994207
4_BKOCO2form10min_740nm_3099mW_u1_poc0p6_20x0p75NA_457s50_g70_z1_256pix_basicFLIM_120f_0014.sdt,20260520_KPC_fixed_dishes_SLIM,1.00583,0.00654,0.00876,-0.006498,0.994184
4_BKOCO2form10min_740nm_3099mW_u1_poc0p6_20x0p75NA_457s50_g70_z1_256pix_basicFLIM_120f_0015.sdt,20260520_KPC_fixed_dishes_SLIM,1.00585,0.00653,0.00877,-0.006494,0.994162
4_BKOCO2form10min_740nm_3099mW_u1_poc0p6_20x0p75NA_457s50_g70_z1_256pix_basicFLIM_120f_0016.sdt,20260520_KPC_fixed_dishes_SLIM,1.00587,0.00653,0.00878,-0.006491,0.99414
3_BKOCO2live_740nm_3085mW_u1_poc0p15_20x0p75NA_457s50_g70_z1_256pix_basicFLIM_120f_0000.sdt,20260521_KPC_live_SLIM,0.99931,0.00838,0.0084,-0.008382,1.000657
3_BKOCO2live_740nm_3085mW_u1_poc0p15_20x0p75NA_457s50_g70_z1_256pix_basicFLIM_120f_0001.sdt,20260521_KPC_live_SLIM,0.99933,0.00842,0.00845,-0.008424,1.000638
3_BKOCO2live_740nm_3085mW_u1_poc0p15_20x0p75NA_457s50_g70_z1_256pix_basicFLIM_120f_0002.sdt,20260521_KPC_live_SLIM,0.99933,0.00843,0.00845,-0.008434,1.000634
3_BKOCO2live_740nm_3085mW_u1_poc0p25_20x0p75NA_457s50_g70_z1_256pix_basicFLIM_120f_0000.sdt,20260521_KPC_live_SLIM,0.99937,0.00852,0.00855,-0.008528,1.000593
3_BKOCO2live_740nm_3085mW_u1_poc0p25_20x0p75NA_457s50_g70_z1_256pix_basicFLIM_120f_0001.sdt,20260521_KPC_live_SLIM,0.99939,0.00857,0.00859,-0.00857,1.000574
3_BKOCO2live_740nm_3085mW_u1_poc0p25_20x0p75NA_457s50_g70_z1_256pix_basicFLIM_120f_0002.sdt,20260521_KPC_live_SLIM,0.99941,0.00861,0.00863,-0.008612,1.000556
3_BKOCO2live_740nm_3085mW_u1_poc0p25_20x0p75NA_457s50_g70_z1_256pix_basicFLIM_120f_0003.sdt,20260521_KPC_live_SLIM,0.99943,0.00865,0.00867,-0.008655,1.000537
3_BKOCO2live_740nm_3085mW_u1_poc0p25_20x0p75NA_457s50_g70_z1_256pix_basicFLIM_120f_0004.sdt,20260521_KPC_live_SLIM,0.99944,0.00869,0.00871,-0.008698,1.000519
3_BKOCO2live_740nm_3085mW_u1_poc0p25_20x0p75NA_457s50_g70_z1_256pix_basicFLIM_120f_0005.sdt,20260521_KPC_live_SLIM,0.99946,0.00874,0.00875,-0.00874,1.0005
3_BKOCO2live_740nm_3085mW_u1_poc0p25_20x0p75NA_457s50_g70_z1_256pix_basicFLIM_120f_0006.sdt,20260521_KPC_live_SLIM,0.99948,0.00878,0.00879,-0.008783,1.000481
3_BKOCO2live_740nm_3085mW_u1_poc0p25_20x0p75NA_457s50_g70_z1_256pix_basicFLIM_120f_0007.sdt,20260521_KPC_live_SLIM,0.9995,0.00882,0.00884,-0.008826,1.000462
3_BKOCO2live_740nm_3085mW_u1_poc0p25_20x0p75NA_457s50_g70_z1_256pix_basicFLIM_120f_0008.sdt,20260521_KPC_live_SLIM,0.99952,0.00886,0.00888,-0.008869,1.000444
3_BKOCO2live_740nm_3085mW_u1_poc0p25_20x0p75NA_457s50_g70_z1_256pix_basicFLIM_120f_0009.sdt,20260521_KPC_live_SLIM,0.99954,0.00891,0.00892,-0.008911,1.000425
3_BKOCO2live_740nm_3085mW_u1_poc0p25_20x0p75NA_457s50_g70_z1_256pix_basicFLIM_120f_0010.sdt,20260521_KPC_live_SLIM,0.99955,0.00895,0.00896,-0.008954,1.000406
3_BKOCO2live_740nm_3085mW_u1_poc0p25_20x0p75NA_457s50_g70_z1_256pix_basicFLIM_120f_0011.sdt,20260521_KPC_live_SLIM,0.99957,0.00899,0.009,-0.008997,1.000388
3_BKOCO2live_740nm_3085mW_u1_poc0p25_20x0p75NA_457s50_g70_z1_256pix_basicFLIM_120f_0012.sdt,20260521_KPC_live_SLIM,0.99959,0.00904,0.00905,-0.009039,1.000369
3_BKOCO2live_740nm_3085mW_u1_poc0p25_20x0p75NA_457s50_g70_z1_256pix_basicFLIM_120f_0013.sdt,20260521_KPC_live_SLIM,0.99961,0.00908,0.00909,-0.009082,1.00035
3_BKOCO2live_740nm_3085mW_u1_poc0p25_20x0p75NA_457s50_g70_z1_256pix_basicFLIM_120f_0014.sdt,20260521_KPC_live_SLIM,0.99963,0.00912,0.00913,-0.009125,1.000331
3_BKOCO2live_posn11_to_13_740nm_3085mW_u1_poc0p25_20x0p75NA_457s50_g70_z1_256pix_basicFLIM_120f_0000.sdt,20260521_KPC_live_SLIM,0.99967,0.00922,0.00923,-0.009223,1.000288
3_BKOCO2live_posn11_to_13_740nm_3085mW_u1_poc0p25_20x0p75NA_457s50_g70_z1_256pix_basicFLIM_120f_0001.sdt,20260521_KPC_live_SLIM,0.99969,0.00926,0.00927,-0.009266,1.00027
3_BKOCO2live_posn11_to_13_740nm_3085mW_u1_poc0p25_20x0p75NA_457s50_g70_z1_256pix_basicFLIM_120f_0002.sdt,20260521_KPC_live_SLIM,0.99971,0.00931,0.00931,-0.009309,1.000251
3_BKOCO2live_740nm_3085mW_u1_poc0p25_20x0p75NA_535s50_g70_z1_256pix_basicFLIM_120f_0000.sdt,20260521_KPC_live_SLIM,0.99977,0.00946,0.00946,-0.009461,1.000184
3_BKOCO2live_740nm_3085mW_u1_poc0p25_20x0p75NA_535s50_g70_z1_256pix_basicFLIM_120f_0001.sdt,20260521_KPC_live_SLIM,0.99979,0.0095,0.0095,-0.009504,1.000165
3_BKOCO2live_740nm_3085mW_u1_poc0p25_20x0p75NA_535s50_g70_z1_256pix_basicFLIM_120f_0002.sdt,20260521_KPC_live_SLIM,0.99981,0.00954,0.00955,-0.009546,1.000147
3_BKOCO2live_740nm_3085mW_u1_poc0p25_20x0p75NA_535s50_g70_z1_256pix_basicFLIM_120f_0003.sdt,20260521_KPC_live_SLIM,0.99983,0.00959,0.00959,-0.009589,1.000128
3_BKOCO2live_740nm_3085mW_u1_poc0p25_20x0p75NA_535s50_g70_z1_256pix_basicFLIM_120f_0004.sdt,20260521_KPC_live_SLIM,0.99984,0.00963,0.00963,-0.009631,1.000109
3_BKOCO2live_740nm_3085mW_u1_poc0p25_20x0p75NA_535s50_g70_z1_256pix_basicFLIM_120f_0005.sdt,20260521_KPC_live_SLIM,0.99986,0.00967,0.00967,-0.009674,1.000091
3_BKOCO2live_740nm_3085mW_u1_poc0p25_20x0p75NA_535s50_g70_z1_256pix_basicFLIM_120f_0006.sdt,20260521_KPC_live_SLIM,0.99988,0.00972,0.00972,-0.009717,1.000072
3_BKOCO2live_740nm_3085mW_u1_poc0p25_20x0p75NA_535s50_g70_z1_256pix_basicFLIM_120f_0007.sdt,20260521_KPC_live_SLIM,0.9999,0.00976,0.00976,-0.009759,1.000053
3_BKOCO2live_740nm_3085mW_u1_poc0p25_20x0p75NA_535s50_g70_z1_256pix_basicFLIM_120f_0008.sdt,20260521_KPC_live_SLIM,0.99992,0.0098,0.0098,-0.009802,1.000035
3_BKOCO2live_740nm_3085mW_u1_poc0p25_20x0p75NA_535s50_g70_z1_256pix_basicFLIM_120f_0009.sdt,20260521_KPC_live_SLIM,0.99994,0.00984,0.00984,-0.009845,1.000016
3_BKOCO2live_740nm_3085mW_u1_poc0p25_20x0p75NA_535s50_g70_z1_256pix_basicFLIM_120f_0010.sdt,20260521_KPC_live_SLIM,0.99995,0.00989,0.00989,-0.009887,0.999997
3_BKOCO2live_740nm_3085mW_u1_poc0p25_20x0p75NA_535s50_g70_z1_256pix_basicFLIM_120f_0011.sdt,20260521_KPC_live_SLIM,0.99997,0.00993,0.00993,-0.00993,0.999978
3_BKOCO2live_740nm_3085mW_u1_poc0p25_20x0p75NA_535s50_g70_z1_256pix_basicFLIM_120f_0012.sdt,20260521_KPC_live_SLIM,0.99999,0.00997,0.00997,-0.009973,0.999959
3_BKOCO2live_740nm_3085mW_u1_poc0p25_20x0p75NA_535s50_g70_z1_256pix_basicFLIM_120f_0013.sdt,20260521_KPC_live_SLIM,1.00001,0.01002,0.01002,-0.010015,0.999941
3_BKOCO2live_740nm_3085mW_u1_poc0p25_20x0p75NA_535s50_g70_z1_256pix_basicFLIM_120f_0014.sdt,20260521_KPC_live_SLIM,1.00003,0.01006,0.01006,-0.010058,0.999922
3_BKOCO2live_740nm_3085mW_u1_poc0p6_20x0p75NA_535s50_g70_z1_256pix_basicFLIM_120f_0000.sdt,20260521_KPC_live_SLIM,1.00006,0.01014,0.01014,-0.010134,0.999889
3_BKOCO2live_740nm_3085mW_u1_poc0p6_20x0p75NA_535s50_g70_z1_256pix_basicFLIM_120f_0001.sdt,20260521_KPC_live_SLIM,1.00011,0.01026,0.01026,-0.010259,0.999834
3_BKOCO2live_740nm_3085mW_u1_poc0p6_20x0p75NA_535s50_g70_z1_256pix_basicFLIM_120f_0002.sdt,20260521_KPC_live_SLIM,1.00015,0.01034,0.01034,-0.010341,0.999798
3_BKOCO2live_740nm_3085mW_u1_poc0p6_20x0p75NA_535s50_g70_z1_256pix_basicFLIM_120f_0003.sdt,20260521_KPC_live_SLIM,1.00018,0.01041,0.01041,-0.01041,0.999767
3_BKOCO2live_740nm_3085mW_u1_poc0p6_20x0p75NA_535s50_g70_z1_256pix_basicFLIM_120f_0004.sdt,20260521_KPC_live_SLIM,1.00023,0.01053,0.01054,-0.01053,0.999715
3_BKOCO2live_740nm_3085mW_u1_poc0p6_20x0p75NA_535s50_g70_z1_256pix_basicFLIM_120f_0005.sdt,20260521_KPC_live_SLIM,1.00025,0.01058,0.01058,-0.010573,0.999696
3_BKOCO2live_740nm_3085mW_u1_poc0p6_20x0p75NA_535s50_g70_z1_256pix_basicFLIM_120f_0006.sdt,20260521_KPC_live_SLIM,1.00027,0.01062,0.01062,-0.010616,0.999677
3_BKOCO2live_740nm_3085mW_u1_poc0p6_20x0p75NA_535s50_g70_z1_256pix_basicFLIM_120f_0007.sdt,20260521_KPC_live_SLIM,1.0003,0.01069,0.0107,-0.010689,0.999645
3_BKOCO2live_740nm_3085mW_u1_poc0p6_20x0p75NA_535s50_g70_z1_256pix_basicFLIM_120f_0008.sdt,20260521_KPC_live_SLIM,1.00032,0.01075,0.01076,-0.01075,0.999618
3_BKOCO2live_740nm_3085mW_u1_poc0p6_20x0p75NA_535s50_g70_z1_256pix_basicFLIM_120f_0009.sdt,20260521_KPC_live_SLIM,1.00034,0.0108,0.0108,-0.010792,0.999599
3_BKOCO2live_740nm_3085mW_u1_poc0p6_20x0p75NA_535s50_g70_z1_256pix_basicFLIM_120f_0010.sdt,20260521_KPC_live_SLIM,1.00037,0.01087,0.01088,-0.010867,0.999567
3_BKOCO2live_740nm_3085mW_u1_poc0p6_20x0p75NA_535s50_g70_z1_256pix_basicFLIM_120f_0011.sdt,20260521_KPC_live_SLIM,1.00039,0.01091,0.01092,-0.01091,0.999548
3_BKOCO2live_740nm_3085mW_u1_poc0p6_20x0p75NA_535s50_g70_z1_256pix_basicFLIM_120f_0012.sdt,20260521_KPC_live_SLIM,1.00042,0.01098,0.01099,-0.010973,0.99952
3_BKOCO2live_740nm_3085mW_u1_poc0p6_20x0p75NA_535s50_g70_z1_256pix_basicFLIM_120f_0013.sdt,20260521_KPC_live_SLIM,1.00045,0.01106,0.01107,-0.011051,0.999486
3_BKOCO2live_740nm_3085mW_u1_poc0p6_20x0p75NA_535s50_g70_z1_256pix_basicFLIM_120f_0014.sdt,20260521_KPC_live_SLIM,1.00048,0.01111,0.01112,-0.011106,0.999461
3_BKOCO2live_740nm_3085mW_u1_poc0p6_20x0p75NA_457s50_g70_z1_256pix_basicFLIM_120f_0000.sdt,20260521_KPC_live_SLIM,1.00053,0.01124,0.01125,-0.011231,0.999406
3_BKOCO2live_740nm_3085mW_u1_poc0p6_20x0p75NA_457s50_g70_z1_256pix_basicFLIM_120f_0001.sdt,20260521_KPC_live_SLIM,1.00058,0.01136,0.01138,-0.011353,0.999353
3_BKOCO2live_740nm_3085mW_u1_poc0p6_20x0p75NA_457s50_g70_z1_256pix_basicFLIM_120f_0002.sdt,20260521_KPC_live_SLIM,1.0006,0.0114,0.01142,-0.011395,0.999334
3_BKOCO2live_740nm_3085mW_u1_poc0p6_20x0p75NA_457s50_g70_z1_256pix_basicFLIM_120f_0003.sdt,20260521_KPC_live_SLIM,1.00062,0.01145,0.01146,-0.011438,0.999315
3_BKOCO2live_740nm_3085mW_u1_poc0p6_20x0p75NA_457s50_g70_z1_256pix_basicFLIM_120f_0004.sdt,20260521_KPC_live_SLIM,1.00064,0.01149,0.01151,-0.01148,0.999296
3_BKOCO2live_740nm_3085mW_u1_poc0p6_20x0p75NA_457s50_g70_z1_256pix_basicFLIM_120f_0005.sdt,20260521_KPC_live_SLIM,1.00066,0.01153,0.01155,-0.011523,0.999278
3_BKOCO2live_740nm_3085mW_u1_poc0p6_20x0p75NA_457s50_g70_z1_256pix_basicFLIM_120f_0006.sdt,20260521_KPC_live_SLIM,1.00067,0.01157,0.01159,-0.011566,0.999259
3_BKOCO2live_740nm_3085mW_u1_poc0p6_20x0p75NA_457s50_g70_z1_256pix_basicFLIM_120f_0007.sdt,20260521_KPC_live_SLIM,1.00069,0.01162,0.01164,-0.011609,0.99924
3_BKOCO2live_740nm_3085mW_u1_poc0p6_20x0p75NA_457s50_g70_z1_256pix_basicFLIM_120f_0008.sdt,20260521_KPC_live_SLIM,1.00071,0.01166,0.01168,-0.011651,0.999221
3_BKOCO2live_740nm_3085mW_u1_poc0p6_20x0p75NA_457s50_g70_z1_256pix_basicFLIM_120f_0009.sdt,20260521_KPC_live_SLIM,1.00073,0.0117,0.01173,-0.011694,0.999202
3_BKOCO2live_740nm_3085mW_u1_poc0p6_20x0p75NA_457s50_g70_z1_256pix_basicFLIM_120f_0010.sdt,20260521_KPC_live_SLIM,1.00075,0.01175,0.01177,-0.011736,0.999184
3_BKOCO2live_740nm_3085mW_u1_poc0p6_20x0p75NA_457s50_g70_z1_256pix_basicFLIM_120f_0011.sdt,20260521_KPC_live_SLIM,1.00077,0.01179,0.01181,-0.011779,0.999165
3_BKOCO2live_740nm_3085mW_u1_poc0p6_20x0p75NA_457s50_g70_z1_256pix_basicFLIM_120f_0012.sdt,20260521_KPC_live_SLIM,1.00078,0.01183,0.01186,-0.011822,0.999146
3_BKOCO2live_740nm_3085mW_u1_poc0p6_20x0p75NA_457s50_g70_z1_256pix_basicFLIM_120f_0013.sdt,20260521_KPC_live_SLIM,1.00083,0.01193,0.01196,-0.01192,0.999103
3_BKOCO2live_740nm_3085mW_u1_poc0p6_20x0p75NA_457s50_g70_z1_256pix_basicFLIM_120f_0014.sdt,20260521_KPC_live_SLIM,1.00085,0.01197,0.012,-0.011962,0.999084
4_BKOCO2live_740nm_3085mW_u1_poc0p5_20x0p75NA_457s50_g70_z1_256pix_basicFLIM_120f_0000.sdt,20260521_KPC_live_SLIM,1.00107,0.01251,0.01255,-0.012495,0.998849
4_BKOCO2live_740nm_3085mW_u1_poc0p5_20x0p75NA_457s50_g70_z1_256pix_basicFLIM_120f_0001.sdt,20260521_KPC_live_SLIM,1.00109,0.01255,0.0126,-0.012537,0.99883
4_BKOCO2live_740nm_3085mW_u1_poc0p5_20x0p75NA_457s50_g70_z1_256pix_basicFLIM_120f_0002.sdt,20260521_KPC_live_SLIM,1.00111,0.01259,0.01264,-0.01258,0.998812
4_BKOCO2live_740nm_3085mW_u1_poc0p5_20x0p75NA_457s50_g70_z1_256pix_basicFLIM_120f_0003.sdt,20260521_KPC_live_SLIM,1.00113,0.01264,0.01269,-0.012622,0.998793
4_BKOCO2live_740nm_3085mW_u1_poc0p5_20x0p75NA_457s50_g70_z1_256pix_basicFLIM_120f_0004.sdt,20260521_KPC_live_SLIM,1.00115,0.01268,0.01273,-0.012664,0.998774
4_BKOCO2live_740nm_3085mW_u1_poc0p5_20x0p75NA_457s50_g70_z1_256pix_basicFLIM_120f_0005.sdt,20260521_KPC_live_SLIM,1.0012,0.0128,0.01285,-0.01278,0.998723
4_BKOCO2live_740nm_3085mW_u1_poc0p5_20x0p75NA_457s50_g70_z1_256pix_basicFLIM_120f_0006.sdt,20260521_KPC_live_SLIM,1.00122,0.01284,0.0129,-0.012822,0.998704
4_BKOCO2live_740nm_3085mW_u1_poc0p5_20x0p75NA_457s50_g70_z1_256pix_basicFLIM_120f_0007.sdt,20260521_KPC_live_SLIM,1.00123,0.01288,0.01294,-0.012865,0.998685
4_BKOCO2live_740nm_3085mW_u1_poc0p5_20x0p75NA_457s50_g70_z1_256pix_basicFLIM_120f_0008.sdt,20260521_KPC_live_SLIM,1.00125,0.01293,0.01299,-0.012909,0.998666
4_BKOCO2live_740nm_3085mW_u1_poc0p5_20x0p75NA_457s50_g70_z1_256pix_basicFLIM_120f_0009.sdt,20260521_KPC_live_SLIM,1.00127,0.01297,0.01303,-0.012951,0.998647
4_BKOCO2live_740nm_3085mW_u1_poc0p5_20x0p75NA_457s50_g70_z1_256pix_basicFLIM_120f_0010.sdt,20260521_KPC_live_SLIM,1.00129,0.01301,0.01307,-0.012994,0.998629
4_BKOCO2live_740nm_3085mW_u1_poc0p5_20x0p75NA_457s50_g70_z1_256pix_basicFLIM_120f_0011.sdt,20260521_KPC_live_SLIM,1.00131,0.01305,0.01312,-0.013036,0.99861
4_BKOCO2live_740nm_3085mW_u1_poc0p5_20x0p75NA_535s50_g70_z1_256pix_basicFLIM_120f_0000.sdt,20260521_KPC_live_SLIM,1.00137,0.0132,0.01327,-0.013181,0.998546
4_BKOCO2live_740nm_3085mW_u1_poc0p5_20x0p75NA_535s50_g70_z1_256pix_basicFLIM_120f_0001.sdt,20260521_KPC_live_SLIM,1.00139,0.01324,0.01331,-0.013223,0.998527
4_BKOCO2live_740nm_3085mW_u1_poc0p5_20x0p75NA_535s50_g70_z1_256pix_basicFLIM_120f_0002.sdt,20260521_KPC_live_SLIM,1.00141,0.01328,0.01336,-0.013265,0.998508
4_BKOCO2live_740nm_3085mW_u1_poc0p5_20x0p75NA_535s50_g70_z1_256pix_basicFLIM_120f_0003.sdt,20260521_KPC_live_SLIM,1.00142,0.01333,0.0134,-0.013307,0.99849
4_BKOCO2live_740nm_3085mW_u1_poc0p5_20x0p75NA_535s50_g70_z1_256pix_basicFLIM_120f_0004.sdt,20260521_KPC_live_SLIM,1.00144,0.01337,0.01345,-0.01335,0.998471
4_BKOCO2live_740nm_3085mW_u1_poc0p5_20x0p75NA_535s50_g70_z1_256pix_basicFLIM_120f_0005.sdt,20260521_KPC_live_SLIM,1.00146,0.01341,0.01349,-0.013393,0.998452
4_BKOCO2live_740nm_3085mW_u1_poc0p5_20x0p75NA_535s50_g70_z1_256pix_basicFLIM_120f_0006.sdt,20260521_KPC_live_SLIM,1.00148,0.01346,0.01354,-0.013435,0.998433
4_BKOCO2live_740nm_3085mW_u1_poc0p5_20x0p75NA_535s50_g70_z1_256pix_basicFLIM_120f_0007.sdt,20260521_KPC_live_SLIM,1.0015,0.0135,0.01358,-0.013477,0.998415
4_BKOCO2live_740nm_3085mW_u1_poc0p5_20x0p75NA_535s50_g70_z1_256pix_basicFLIM_120f_0008.sdt,20260521_KPC_live_SLIM,1.00152,0.01354,0.01363,-0.01352,0.998396
4_BKOCO2live_740nm_3085mW_u1_poc0p5_20x0p75NA_535s50_g70_z1_256pix_basicFLIM_120f_0009.sdt,20260521_KPC_live_SLIM,1.00153,0.01358,0.01367,-0.013563,0.998377
4_BKOCO2live_740nm_3085mW_u1_poc0p5_20x0p75NA_535s50_g70_z1_256pix_basicFLIM_120f_0010.sdt,20260521_KPC_live_SLIM,1.00155,0.01363,0.01372,-0.013606,0.998358
4_BKOCO2live_740nm_3085mW_u1_poc0p5_20x0p75NA_535s50_g70_z1_256pix_basicFLIM_120f_0011.sdt,20260521_KPC_live_SLIM,1.00157,0.01367,0.01376,-0.013648,0.998339
4_BKOCO2live_posn1_740nm_3085mW_u1_poc0p5_20x0p75NA_535s50_g70_z1_256pix_basicFLIM_120f_0000.sdt,20260521_KPC_live_SLIM,1.00164,0.01383,0.01392,-0.013802,0.998271
3_KPCWTglu20min_740nm_3057mW_u1_poc0p25_20x0p75NA_457s50_g70_z1_256pix_basicFLIM_120f_0000.sdt,20260522_KPC_fixed_dishes_SLIM,1.00401,0.01119,0.01189,-0.011145,0.995945
3_KPCWTglu20min_740nm_3057mW_u1_poc0p25_20x0p75NA_457s50_g70_z1_256pix_basicFLIM_120f_0001.sdt,20260522_KPC_fixed_dishes_SLIM,1.00414,0.01119,0.01193,-0.011148,0.995819
3_KPCWTglu20min_740nm_3057mW_u1_poc0p25_20x0p75NA_457s50_g70_z1_256pix_basicFLIM_120f_0002.sdt,20260522_KPC_fixed_dishes_SLIM,1.00426,0.0112,0.01198,-0.011152,0.995694
3_KPCWTglu20min_740nm_3057mW_u1_poc0p25_20x0p75NA_457s50_g70_z1_256pix_basicFLIM_120f_0003.sdt,20260522_KPC_fixed_dishes_SLIM,1.00439,0.0112,0.01203,-0.011155,0.995568
3_KPCWTglu20min_740nm_3057mW_u1_poc0p25_20x0p75NA_457s50_g70_z1_256pix_basicFLIM_120f_0004.sdt,20260522_KPC_fixed_dishes_SLIM,1.00452,0.01121,0.01209,-0.011159,0.995442
3_KPCWTglu20min_740nm_3057mW_u1_poc0p25_20x0p75NA_457s50_g70_z1_256pix_basicFLIM_120f_0005.sdt,20260522_KPC_fixed_dishes_SLIM,1.00464,0.01121,0.01214,-0.011163,0.995316
3_KPCWTglu20min_740nm_3057mW_u1_poc0p25_20x0p75NA_457s50_g70_z1_256pix_basicFLIM_120f_0006.sdt,20260522_KPC_fixed_dishes_SLIM,1.00477,0.01122,0.01219,-0.011166,0.99519
3_KPCWTglu20min_740nm_3057mW_u1_poc0p25_20x0p75NA_457s50_g70_z1_256pix_basicFLIM_120f_0007.sdt,20260522_KPC_fixed_dishes_SLIM,1.0049,0.01122,0.01225,-0.01117,0.995066
3_KPCWTglu20min_740nm_3057mW_u1_poc0p25_20x0p75NA_457s50_g70_z1_256pix_basicFLIM_120f_0008.sdt,20260522_KPC_fixed_dishes_SLIM,1.00502,0.01123,0.0123,-0.011173,0.994942
3_KPCWTglu20min_740nm_3057mW_u1_poc0p25_20x0p75NA_457s50_g70_z1_256pix_basicFLIM_120f_0009.sdt,20260522_KPC_fixed_dishes_SLIM,1.00515,0.01123,0.01236,-0.011177,0.994816
3_KPCWTglu20min_740nm_3057mW_u1_poc0p25_20x0p75NA_457s50_g70_z1_256pix_basicFLIM_120f_0010.sdt,20260522_KPC_fixed_dishes_SLIM,1.00527,0.01124,0.01242,-0.01118,0.994692
3_KPCWTglu20min_740nm_3057mW_u1_poc0p25_20x0p75NA_457s50_g70_z1_256pix_basicFLIM_120f_0011.sdt,20260522_KPC_fixed_dishes_SLIM,1.0054,0.01124,0.01247,-0.011184,0.994569
3_KPCWTglu20min_740nm_3057mW_u1_poc0p25_20x0p75NA_457s50_g70_z1_256pix_basicFLIM_120f_0012.sdt,20260522_KPC_fixed_dishes_SLIM,1.00552,0.01125,0.01253,-0.011187,0.994444
3_KPCWTglu20min_740nm_3057mW_u1_poc0p25_20x0p75NA_457s50_g70_z1_256pix_basicFLIM_120f_0013.sdt,20260522_KPC_fixed_dishes_SLIM,1.00565,0.01125,0.01259,-0.011191,0.994317
3_KPCWTglu20min_740nm_3057mW_u1_poc0p25_20x0p75NA_457s50_g70_z1_256pix_basicFLIM_120f_0014.sdt,20260522_KPC_fixed_dishes_SLIM,1.00578,0.01126,0.01266,-0.011194,0.994192
3_KPCWTglu20min_740nm_3057mW_u1_poc0p25_20x0p75NA_535s50_g70_z1_256pix_basicFLIM_120f_0000.sdt,20260522_KPC_fixed_dishes_SLIM,1.006,0.01127,0.01277,-0.011201,0.993969
3_KPCWTglu20min_740nm_3057mW_u1_poc0p25_20x0p75NA_535s50_g70_z1_256pix_basicFLIM_120f_0001.sdt,20260522_KPC_fixed_dishes_SLIM,1.00613,0.01127,0.01283,-0.011204,0.993844
3_KPCWTglu20min_740nm_3057mW_u1_poc0p25_20x0p75NA_535s50_g70_z1_256pix_basicFLIM_120f_0002.sdt,20260522_KPC_fixed_dishes_SLIM,1.00626,0.01128,0.0129,-0.011208,0.993719
3_KPCWTglu20min_740nm_3057mW_u1_poc0p25_20x0p75NA_535s50_g70_z1_256pix_basicFLIM_120f_0003.sdt,20260522_KPC_fixed_dishes_SLIM,1.00638,0.01128,0.01296,-0.011211,0.993594
3_KPCWTglu20min_740nm_3057mW_u1_poc0p25_20x0p75NA_535s50_g70_z1_256pix_basicFLIM_120f_0004.sdt,20260522_KPC_fixed_dishes_SLIM,1.00651,0.01129,0.01303,-0.011215,0.993469
3_KPCWTglu20min_740nm_3057mW_u1_poc0p25_20x0p75NA_535s50_g70_z1_256pix_basicFLIM_120f_0005.sdt,20260522_KPC_fixed_dishes_SLIM,1.00664,0.01129,0.0131,-0.011219,0.993344
3_KPCWTglu20min_740nm_3057mW_u1_poc0p25_20x0p75NA_535s50_g70_z1_256pix_basicFLIM_120f_0006.sdt,20260522_KPC_fixed_dishes_SLIM,1.00676,0.0113,0.01317,-0.011222,0.993219
3_KPCWTglu20min_740nm_3057mW_u1_poc0p25_20x0p75NA_535s50_g70_z1_256pix_basicFLIM_120f_0007.sdt,20260522_KPC_fixed_dishes_SLIM,1.00689,0.0113,0.01324,-0.011226,0.993095
3_KPCWTglu20min_740nm_3057mW_u1_poc0p25_20x0p75NA_535s50_g70_z1_256pix_basicFLIM_120f_0008.sdt,20260522_KPC_fixed_dishes_SLIM,1.00702,0.01131,0.01331,-0.011229,0.99297
3_KPCWTglu20min_740nm_3057mW_u1_poc0p25_20x0p75NA_535s50_g70_z1_256pix_basicFLIM_120f_0009.sdt,20260522_KPC_fixed_dishes_SLIM,1.00714,0.01131,0.01338,-0.011233,0.992846
3_KPCWTglu20min_740nm_3057mW_u1_poc0p25_20x0p75NA_535s50_g70_z1_256pix_basicFLIM_120f_0010.sdt,20260522_KPC_fixed_dishes_SLIM,1.00727,0.01132,0.01345,-0.011236,0.992722
3_KPCWTglu20min_740nm_3057mW_u1_poc0p25_20x0p75NA_535s50_g70_z1_256pix_basicFLIM_120f_0011.sdt,20260522_KPC_fixed_dishes_SLIM,1.00739,0.01132,0.01352,-0.01124,0.992598
3_KPCWTglu20min_740nm_3057mW_u1_poc0p25_20x0p75NA_535s50_g70_z1_256pix_basicFLIM_120f_0012.sdt,20260522_KPC_fixed_dishes_SLIM,1.00752,0.01133,0.0136,-0.011243,0.992473
3_KPCWTglu20min_740nm_3057mW_u1_poc0p25_20x0p75NA_535s50_g70_z1_256pix_basicFLIM_120f_0013.sdt,20260522_KPC_fixed_dishes_SLIM,1.00765,0.01133,0.01367,-0.011247,0.992345
3_KPCWTglu20min_740nm_3057mW_u1_poc0p25_20x0p75NA_535s50_g70_z1_256pix_basicFLIM_120f_0014.sdt,20260522_KPC_fixed_dishes_SLIM,1.00778,0.01134,0.01375,-0.01125,0.992221
4_BKOCO2glu20min_740nm_3053mW_u1_poc0p25_20x0p75NA_457s50_g70_z1_256pix_basicFLIM_120f_0000.sdt,20260522_KPC_fixed_dishes_SLIM,1.00993,0.01142,0.01514,-0.011311,0.9901
4_BKOCO2glu20min_740nm_3053mW_u1_poc0p25_20x0p75NA_457s50_g70_z1_256pix_basicFLIM_120f_0001.sdt,20260522_KPC_fixed_dishes_SLIM,1.01006,0.01143,0.01523,-0.011314,0.989977
4_BKOCO2glu20min_740nm_3053mW_u1_poc0p25_20x0p75NA_457s50_g70_z1_256pix_basicFLIM_120f_0002.sdt,20260522_KPC_fixed_dishes_SLIM,1.01019,0.01143,0.01531,-0.011318,0.989854
4_BKOCO2glu20min_740nm_3053mW_u1_poc0p25_20x0p75NA_457s50_g70_z1_256pix_basicFLIM_120f_0003.sdt,20260522_KPC_fixed_dishes_SLIM,1.01031,0.01144,0.0154,-0.011321,0.98973
4_BKOCO2glu20min_740nm_3053mW_u1_poc0p25_20x0p75NA_457s50_g70_z1_256pix_basicFLIM_120f_0004.sdt,20260522_KPC_fixed_dishes_SLIM,1.01044,0.01144,0.01549,-0.011325,0.989607
4_BKOCO2glu20min_740nm_3053mW_u1_poc0p25_20x0p75NA_457s50_g70_z1_256pix_basicFLIM_120f_0005.sdt,20260522_KPC_fixed_dishes_SLIM,1.01057,0.01145,0.01558,-0.011328,0.989482
4_BKOCO2glu20min_740nm_3053mW_u1_poc0p25_20x0p75NA_457s50_g70_z1_256pix_basicFLIM_120f_0006.sdt,20260522_KPC_fixed_dishes_SLIM,1.01069,0.01145,0.01567,-0.011332,0.989358
4_BKOCO2glu20min_740nm_3053mW_u1_poc0p25_20x0p75NA_457s50_g70_z1_256pix_basicFLIM_120f_0007.sdt,20260522_KPC_fixed_dishes_SLIM,1.01082,0.01146,0.01576,-0.011335,0.989235
4_BKOCO2glu20min_740nm_3053mW_u1_poc0p25_20x0p75NA_457s50_g70_z1_256pix_basicFLIM_120f_0008.sdt,20260522_KPC_fixed_dishes_SLIM,1.01094,0.01146,0.01585,-0.011339,0.989112
4_BKOCO2glu20min_740nm_3053mW_u1_poc0p25_20x0p75NA_457s50_g70_z1_256pix_basicFLIM_120f_0009.sdt,20260522_KPC_fixed_dishes_SLIM,1.01107,0.01147,0.01594,-0.011342,0.988989
4_BKOCO2glu20min_740nm_3053mW_u1_poc0p25_20x0p75NA_457s50_g70_z1_256pix_basicFLIM_120f_0010.sdt,20260522_KPC_fixed_dishes_SLIM,1.0112,0.01147,0.01603,-0.011346,0.988865
4_BKOCO2glu20min_740nm_3053mW_u1_poc0p25_20x0p75NA_457s50_g70_z1_256pix_basicFLIM_120f_0011.sdt,20260522_KPC_fixed_dishes_SLIM,1.01132,0.01148,0.01612,-0.011349,0.988743
4_BKOCO2glu20min_740nm_3053mW_u1_poc0p25_20x0p75NA_457s50_g70_z1_256pix_basicFLIM_120f_0012.sdt,20260522_KPC_fixed_dishes_SLIM,1.01145,0.01148,0.01621,-0.011353,0.98862
4_BKOCO2glu20min_740nm_3053mW_u1_poc0p25_20x0p75NA_535s50_g70_z1_256pix_basicFLIM_120f_0000.sdt,20260522_KPC_fixed_dishes_SLIM,1.01168,0.01149,0.01639,-0.011359,0.988387
4_BKOCO2glu20min_740nm_3053mW_u1_poc0p25_20x0p75NA_535s50_g70_z1_256pix_basicFLIM_120f_0001.sdt,20260522_KPC_fixed_dishes_SLIM,1.01181,0.0115,0.01648,-0.011363,0.988264
4_BKOCO2glu20min_740nm_3053mW_u1_poc0p25_20x0p75NA_535s50_g70_z1_256pix_basicFLIM_120f_0002.sdt,20260522_KPC_fixed_dishes_SLIM,1.01194,0.0115,0.01658,-0.011366,0.988141
4_BKOCO2glu20min_740nm_3053mW_u1_poc0p25_20x0p75NA_535s50_g70_z1_256pix_basicFLIM_120f_0003.sdt,20260522_KPC_fixed_dishes_SLIM,1.01206,0.01151,0.01667,-0.01137,0.988017
4_BKOCO2glu20min_740nm_3053mW_u1_poc0p25_20x0p75NA_535s50_g70_z1_256pix_basicFLIM_120f_0004.sdt,20260522_KPC_fixed_dishes_SLIM,1.01219,0.01151,0.01677,-0.011373,0.987894
4_BKOCO2glu20min_740nm_3053mW_u1_poc0p25_20x0p75NA_535s50_g70_z1_256pix_basicFLIM_120f_0005.sdt,20260522_KPC_fixed_dishes_SLIM,1.01232,0.01152,0.01686,-0.011377,0.98777
4_BKOCO2glu20min_740nm_3053mW_u1_poc0p25_20x0p75NA_535s50_g70_z1_256pix_basicFLIM_120f_0006.sdt,20260522_KPC_fixed_dishes_SLIM,1.01244,0.01152,0.01696,-0.01138,0.987645
4_BKOCO2glu20min_740nm_3053mW_u1_poc0p25_20x0p75NA_535s50_g70_z1_256pix_basicFLIM_120f_0007.sdt,20260522_KPC_fixed_dishes_SLIM,1.01257,0.01153,0.01706,-0.011384,0.987522
4_BKOCO2glu20min_740nm_3053mW_u1_poc0p25_20x0p75NA_535s50_g70_z1_256pix_basicFLIM_120f_0008.sdt,20260522_KPC_fixed_dishes_SLIM,1.0127,0.01153,0.01715,-0.011387,0.987399
4_BKOCO2glu20min_740nm_3053mW_u1_poc0p25_20x0p75NA_535s50_g70_z1_256pix_basicFLIM_120f_0009.sdt,20260522_KPC_fixed_dishes_SLIM,1.01282,0.01154,0.01725,-0.011391,0.987277
4_BKOCO2glu20min_740nm_3053mW_u1_poc0p25_20x0p75NA_535s50_g70_z1_256pix_basicFLIM_120f_0010.sdt,20260522_KPC_fixed_dishes_SLIM,1.01295,0.01154,0.01735,-0.011394,0.987153
4_BKOCO2glu20min_740nm_3053mW_u1_poc0p25_20x0p75NA_535s50_g70_z1_256pix_basicFLIM_120f_0011.sdt,20260522_KPC_fixed_dishes_SLIM,1.01307,0.01155,0.01744,-0.011398,0.987032
4_BKOCO2glu20min_740nm_3053mW_u1_poc0p25_20x0p75NA_535s50_g70_z1_256pix_basicFLIM_120f_0012.sdt,20260522_KPC_fixed_dishes_SLIM,1.0132,0.01155,0.01754,-0.011401,0.986909
4_BKO_P10_3_live_740nm_3074mW_u1_poc0p25_20x0p75NA_457s50_g70_z1_256pix_basicFLIM_120f_0000.sdt,20260530_KPC_live_on_SLIM,1.00824,-0.01429,0.01649,0.014171,0.99173
4_BKO_P10_3_live_740nm_3074mW_u1_poc0p25_20x0p75NA_457s50_g70_z1_256pix_basicFLIM_120f_0001.sdt,20260530_KPC_live_on_SLIM,1.00822,-0.01426,0.01646,0.014139,0.991743
4_BKO_P10_3_live_740nm_3074mW_u1_poc0p25_20x0p75NA_457s50_g70_z1_256pix_basicFLIM_120f_0002.sdt,20260530_KPC_live_on_SLIM,1.00821,-0.01422,0.01642,0.014107,0.991756
4_BKO_P10_3_live_740nm_3074mW_u1_poc0p25_20x0p75NA_457s50_g70_z1_256pix_basicFLIM_120f_0003.sdt,20260530_KPC_live_on_SLIM,1.0082,-0.01419,0.01639,0.014075,0.99177
4_BKO_P10_3_live_740nm_3074mW_u1_poc0p25_20x0p75NA_457s50_g70_z1_256pix_basicFLIM_120f_0004.sdt,20260530_KPC_live_on_SLIM,1.00819,-0.01416,0.01635,0.014043,0.991783
4_BKO_P10_3_live_740nm_3074mW_u1_poc0p25_20x0p75NA_457s50_g70_z1_256pix_basicFLIM_120f_0005.sdt,20260530_KPC_live_on_SLIM,1.00817,-0.01413,0.01632,0.014011,0.991796
4_BKO_P10_3_live_740nm_3074mW_u1_poc0p25_20x0p75NA_457s50_g70_z1_256pix_basicFLIM_120f_0006.sdt,20260530_KPC_live_on_SLIM,1.00816,-0.01409,0.01629,0.01398,0.991809
4_BKO_P10_3_live_740nm_3074mW_u1_poc0p25_20x0p75NA_457s50_g70_z1_256pix_basicFLIM_120f_0007.sdt,20260530_KPC_live_on_SLIM,1.00815,-0.01406,0.01625,0.013948,0.991822
4_BKO_P10_3_live_740nm_3074mW_u1_poc0p25_20x0p75NA_457s50_g70_z1_256pix_basicFLIM_120f_0008.sdt,20260530_KPC_live_on_SLIM,1.00813,-0.01403,0.01622,0.013916,0.991836
4_BKO_P10_3_live_740nm_3074mW_u1_poc0p25_20x0p75NA_457s50_g70_z1_256pix_basicFLIM_120f_0009.sdt,20260530_KPC_live_on_SLIM,1.00812,-0.014,0.01618,0.013884,0.991849
4_BKO_P10_3_live_740nm_3074mW_u1_poc0p25_20x0p75NA_457s50_g70_z1_256pix_basicFLIM_120f_0010.sdt,20260530_KPC_live_on_SLIM,1.00811,-0.01397,0.01615,0.013852,0.991862
4_BKO_P10_3_live_740nm_3074mW_u1_poc0p25_20x0p75NA_457s50_g70_z1_256pix_basicFLIM_120f_0011.sdt,20260530_KPC_live_on_SLIM,1.0081,-0.01393,0.01611,0.013821,0.991875
4_BKO_P10_3_live_740nm_3074mW_u1_poc0p25_20x0p75NA_457s50_g70_z1_256pix_basicFLIM_120f_0012.sdt,20260530_KPC_live_on_SLIM,1.00808,-0.0139,0.01608,0.013788,0.991888
4_BKO_P10_3_live_740nm_3074mW_u1_poc0p25_20x0p75NA_457s50_g70_z1_256pix_basicFLIM_120f_0013.sdt,20260530_KPC_live_on_SLIM,1.00807,-0.01387,0.01605,0.013757,0.991902
4_BKO_P10_3_live_740nm_3074mW_u1_poc0p25_20x0p75NA_457s50_g70_z1_256pix_basicFLIM_120f_0014.sdt,20260530_KPC_live_on_SLIM,1.00806,-0.01384,0.01601,0.013724,0.991915
4_BKO_P10_3_live_740nm_3074mW_u1_poc0p25_20x0p75NA_457s50_g70_z1_256pix_basicFLIM_120f_0015.sdt,20260530_KPC_live_on_SLIM,1.00804,-0.0138,0.01598,0.013693,0.991928
4_BKO_P10_3_live_740nm_3074mW_u1_poc0p25_20x0p75NA_535s50_g70_z1_256pix_basicFLIM_120f_0000.sdt,20260530_KPC_live_on_SLIM,1.00802,-0.01374,0.01591,0.013633,0.991953
4_BKO_P10_3_live_740nm_3074mW_u1_poc0p25_20x0p75NA_535s50_g70_z1_256pix_basicFLIM_120f_0001.sdt,20260530_KPC_live_on_SLIM,1.00801,-0.01371,0.01588,0.0136,0.991966
4_BKO_P10_3_live_740nm_3074mW_u1_poc0p25_20x0p75NA_535s50_g70_z1_256pix_basicFLIM_120f_0002.sdt,20260530_KPC_live_on_SLIM,1.00799,-0.01368,0.01584,0.013569,0.991979
4_BKO_P10_3_live_740nm_3074mW_u1_poc0p25_20x0p75NA_535s50_g70_z1_256pix_basicFLIM_120f_0003.sdt,20260530_KPC_live_on_SLIM,1.00798,-0.01365,0.01581,0.013536,0.991993
4_BKO_P10_3_live_740nm_3074mW_u1_poc0p25_20x0p75NA_535s50_g70_z1_256pix_basicFLIM_120f_0004.sdt,20260530_KPC_live_on_SLIM,1.00797,-0.01361,0.01577,0.013505,0.992006
4_BKO_P10_3_live_740nm_3074mW_u1_poc0p25_20x0p75NA_535s50_g70_z1_256pix_basicFLIM_120f_0005.sdt,20260530_KPC_live_on_SLIM,1.00795,-0.01358,0.01574,0.013473,0.992019
4_BKO_P10_3_live_740nm_3074mW_u1_poc0p25_20x0p75NA_535s50_g70_z1_256pix_basicFLIM_120f_0006.sdt,20260530_KPC_live_on_SLIM,1.00794,-0.01355,0.0157,0.013441,0.992032
4_BKO_P10_3_live_740nm_3074mW_u1_poc0p25_20x0p75NA_535s50_g70_z1_256pix_basicFLIM_120f_0007.sdt,20260530_KPC_live_on_SLIM,1.00793,-0.01352,0.01567,0.013409,0.992045
4_BKO_P10_3_live_740nm_3074mW_u1_poc0p25_20x0p75NA_535s50_g70_z1_256pix_basicFLIM_120f_0008.sdt,20260530_KPC_live_on_SLIM,1.00791,-0.01348,0.01564,0.013377,0.992059
4_BKO_P10_3_live_740nm_3074mW_u1_poc0p25_20x0p75NA_535s50_g70_z1_256pix_basicFLIM_120f_0009.sdt,20260530_KPC_live_on_SLIM,1.0079,-0.01345,0.0156,0.013345,0.992072
4_BKO_P10_3_live_740nm_3074mW_u1_poc0p25_20x0p75NA_535s50_g70_z1_256pix_basicFLIM_120f_0010.sdt,20260530_KPC_live_on_SLIM,1.00789,-0.01342,0.01557,0.013313,0.992085
4_BKO_P10_3_live_740nm_3074mW_u1_poc0p25_20x0p75NA_535s50_g70_z1_256pix_basicFLIM_120f_0011.sdt,20260530_KPC_live_on_SLIM,1.00788,-0.01339,0.01553,0.013281,0.992098
4_BKO_P10_3_live_740nm_3074mW_u1_poc0p25_20x0p75NA_535s50_g70_z1_256pix_basicFLIM_120f_0012.sdt,20260530_KPC_live_on_SLIM,1.00786,-0.01335,0.0155,0.013249,0.992112
4_BKO_P10_3_live_740nm_3074mW_u1_poc0p25_20x0p75NA_535s50_g70_z1_256pix_basicFLIM_120f_0013.sdt,20260530_KPC_live_on_SLIM,1.00785,-0.01332,0.01546,0.013217,0.992125
4_BKO_P10_3_live_740nm_3074mW_u1_poc0p25_20x0p75NA_535s50_g70_z1_256pix_basicFLIM_120f_0014.sdt,20260530_KPC_live_on_SLIM,1.00784,-0.01329,0.01543,0.013185,0.992138
4_BKO_P10_3_live_740nm_3074mW_u1_poc0p25_20x0p75NA_535s50_g70_z1_256pix_basicFLIM_120f_0015.sdt,20260530_KPC_live_on_SLIM,1.00782,-0.01326,0.01539,0.013153,0.992151
5_KPCWT_BKOCO2_P6_D6_live_740nm_3074mW_u1_poc0p25_20x0p75NA_457s50_g70_z1_256pix_basicFLIM_120f_0000.sdt,20260530_KPC_live_on_SLIM,1.00736,-0.01211,0.01417,0.012021,0.992619
5_KPCWT_BKOCO2_P6_D6_live_740nm_3074mW_u1_poc0p25_20x0p75NA_457s50_g70_z1_256pix_basicFLIM_120f_0001.sdt,20260530_KPC_live_on_SLIM,1.00735,-0.01208,0.01414,0.011989,0.992632
5_KPCWT_BKOCO2_P6_D6_live_740nm_3074mW_u1_poc0p25_20x0p75NA_457s50_g70_z1_256pix_basicFLIM_120f_0002.sdt,20260530_KPC_live_on_SLIM,1.00734,-0.01204,0.0141,0.011957,0.992646
5_KPCWT_BKOCO2_P6_D6_live_740nm_3074mW_u1_poc0p25_20x0p75NA_457s50_g70_z1_256pix_basicFLIM_120f_0003.sdt,20260530_KPC_live_on_SLIM,1.00732,-0.01201,0.01407,0.011924,0.992659
5_KPCWT_BKOCO2_P6_D6_live_740nm_3074mW_u1_poc0p25_20x0p75NA_457s50_g70_z1_256pix_basicFLIM_120f_0004.sdt,20260530_KPC_live_on_SLIM,1.00731,-0.01198,0.01403,0.011892,0.992672
5_KPCWT_BKOCO2_P6_D6_live_740nm_3074mW_u1_poc0p25_20x0p75NA_457s50_g70_z1_256pix_basicFLIM_120f_0005.sdt,20260530_KPC_live_on_SLIM,1.0073,-0.01195,0.014,0.011859,0.992686
5_KPCWT_BKOCO2_P6_D6_live_740nm_3074mW_u1_poc0p25_20x0p75NA_457s50_g70_z1_256pix_basicFLIM_120f_0006.sdt,20260530_KPC_live_on_SLIM,1.00728,-0.01191,0.01396,0.011828,0.992699
5_KPCWT_BKOCO2_P6_D6_live_740nm_3074mW_u1_poc0p25_20x0p75NA_457s50_g70_z1_256pix_basicFLIM_120f_0007.sdt,20260530_KPC_live_on_SLIM,1.00727,-0.01188,0.01393,0.011796,0.992712
5_KPCWT_BKOCO2_P6_D6_live_740nm_3074mW_u1_poc0p25_20x0p75NA_457s50_g70_z1_256pix_basicFLIM_120f_0008.sdt,20260530_KPC_live_on_SLIM,1.00726,-0.01185,0.0139,0.011763,0.992725
5_KPCWT_BKOCO2_P6_D6_live_740nm_3074mW_u1_poc0p25_20x0p75NA_457s50_g70_z1_256pix_basicFLIM_120f_0009.sdt,20260530_KPC_live_on_SLIM,1.00725,-0.01182,0.01386,0.011731,0.992738
5_KPCWT_BKOCO2_P6_D6_live_740nm_3074mW_u1_poc0p25_20x0p75NA_457s50_g70_z1_256pix_basicFLIM_120f_0010.sdt,20260530_KPC_live_on_SLIM,1.00723,-0.01178,0.01383,0.0117,0.992752
5_KPCWT_BKOCO2_P6_D6_live_740nm_3074mW_u1_poc0p25_20x0p75NA_457s50_g70_z1_256pix_basicFLIM_120f_0011.sdt,20260530_KPC_live_on_SLIM,1.00722,-0.01175,0.01379,0.011667,0.992765
5_KPCWT_BKOCO2_P6_D6_live_740nm_3074mW_u1_poc0p25_20x0p75NA_457s50_g70_z1_256pix_basicFLIM_120f_0012.sdt,20260530_KPC_live_on_SLIM,1.00721,-0.01172,0.01376,0.011635,0.992778
5_KPCWT_BKOCO2_P6_D6_live_740nm_3074mW_u1_poc0p25_20x0p75NA_457s50_g70_z1_256pix_basicFLIM_120f_0013.sdt,20260530_KPC_live_on_SLIM,1.00719,-0.01169,0.01372,0.011603,0.992791
5_KPCWT_BKOCO2_P6_D6_live_740nm_3074mW_u1_poc0p25_20x0p75NA_457s50_g70_z1_256pix_basicFLIM_120f_0014.sdt,20260530_KPC_live_on_SLIM,1.00718,-0.01165,0.01369,0.011571,0.992805
5_KPCWT_BKOCO2_P6_D6_live_740nm_3074mW_u1_poc0p25_20x0p75NA_535s50_g70_z1_256pix_basicFLIM_120f_0000.sdt,20260530_KPC_live_on_SLIM,1.00709,-0.01144,0.01346,0.011354,0.992894
5_KPCWT_BKOCO2_P6_D6_live_740nm_3074mW_u1_poc0p25_20x0p75NA_535s50_g70_z1_256pix_basicFLIM_120f_0001.sdt,20260530_KPC_live_on_SLIM,1.00708,-0.0114,0.01342,0.011322,0.992907
5_KPCWT_BKOCO2_P6_D6_live_740nm_3074mW_u1_poc0p25_20x0p75NA_535s50_g70_z1_256pix_basicFLIM_120f_0002.sdt,20260530_KPC_live_on_SLIM,1.00707,-0.01137,0.01339,0.01129,0.99292
5_KPCWT_BKOCO2_P6_D6_live_740nm_3074mW_u1_poc0p25_20x0p75NA_535s50_g70_z1_256pix_basicFLIM_120f_0003.sdt,20260530_KPC_live_on_SLIM,1.00705,-0.01134,0.01335,0.011258,0.992934
5_KPCWT_BKOCO2_P6_D6_live_740nm_3074mW_u1_poc0p25_20x0p75NA_535s50_g70_z1_256pix_basicFLIM_120f_0004.sdt,20260530_KPC_live_on_SLIM,1.00704,-0.0113,0.01332,0.011225,0.992947
5_KPCWT_BKOCO2_P6_D6_live_740nm_3074mW_u1_poc0p25_20x0p75NA_535s50_g70_z1_256pix_basicFLIM_120f_0005.sdt,20260530_KPC_live_on_SLIM,1.00703,-0.01127,0.01328,0.011193,0.99296
5_KPCWT_BKOCO2_P6_D6_live_740nm_3074mW_u1_poc0p25_20x0p75NA_535s50_g70_z1_256pix_basicFLIM_120f_0006.sdt,20260530_KPC_live_on_SLIM,1.00701,-0.01124,0.01325,0.011161,0.992973
5_KPCWT_BKOCO2_P6_D6_live_740nm_3074mW_u1_poc0p25_20x0p75NA_535s50_g70_z1_256pix_basicFLIM_120f_0007.sdt,20260530_KPC_live_on_SLIM,1.007,-0.01121,0.01321,0.011129,0.992987
5_KPCWT_BKOCO2_P6_D6_live_740nm_3074mW_u1_poc0p25_20x0p75NA_535s50_g70_z1_256pix_basicFLIM_120f_0008.sdt,20260530_KPC_live_on_SLIM,1.00699,-0.01117,0.01318,0.011097,0.993
5_KPCWT_BKOCO2_P6_D6_live_740nm_3074mW_u1_poc0p25_20x0p75NA_535s50_g70_z1_256pix_basicFLIM_120f_0009.sdt,20260530_KPC_live_on_SLIM,1.00697,-0.01114,0.01314,0.011064,0.993013
5_KPCWT_BKOCO2_P6_D6_live_740nm_3074mW_u1_poc0p25_20x0p75NA_535s50_g70_z1_256pix_basicFLIM_120f_0010.sdt,20260530_KPC_live_on_SLIM,1.00696,-0.01111,0.01311,0.011033,0.993026
5_KPCWT_BKOCO2_P6_D6_live_740nm_3074mW_u1_poc0p25_20x0p75NA_535s50_g70_z1_256pix_basicFLIM_120f_0011.sdt,20260530_KPC_live_on_SLIM,1.00695,-0.01108,0.01308,0.011,0.993039
5_KPCWT_BKOCO2_P6_D6_live_740nm_3074mW_u1_poc0p25_20x0p75NA_535s50_g70_z1_256pix_basicFLIM_120f_0012.sdt,20260530_KPC_live_on_SLIM,1.00694,-0.01105,0.01304,0.010969,0.993053
5_KPCWT_BKOCO2_P6_D6_live_740nm_3074mW_u1_poc0p25_20x0p75NA_535s50_g70_z1_256pix_basicFLIM_120f_0013.sdt,20260530_KPC_live_on_SLIM,1.00692,-0.01101,0.01301,0.010936,0.993066
5_KPCWT_BKOCO2_P6_D6_live_740nm_3074mW_u1_poc0p25_20x0p75NA_535s50_g70_z1_256pix_basicFLIM_120f_0014.sdt,20260530_KPC_live_on_SLIM,1.00691,-0.01098,0.01297,0.010904,0.993079
6_BKOCO2_P10_5_live_740nm_3074mW_u1_poc0p25_20x0p75NA_457s50_g70_z1_256pix_basicFLIM_120f_0000.sdt,20260530_KPC_live_on_SLIM,1.00649,-0.00993,0.01187,0.00987,0.993504
6_BKOCO2_P10_5_live_740nm_3074mW_u1_poc0p25_20x0p75NA_457s50_g70_z1_256pix_basicFLIM_120f_0001.sdt,20260530_KPC_live_on_SLIM,1.00648,-0.0099,0.01183,0.009838,0.993517
6_BKOCO2_P10_5_live_740nm_3074mW_u1_poc0p25_20x0p75NA_457s50_g70_z1_256pix_basicFLIM_120f_0002.sdt,20260530_KPC_live_on_SLIM,1.00646,-0.00987,0.0118,0.009806,0.99353
6_BKOCO2_P10_5_live_740nm_3074mW_u1_poc0p25_20x0p75NA_457s50_g70_z1_256pix_basicFLIM_120f_0003.sdt,20260530_KPC_live_on_SLIM,1.00645,-0.00984,0.01176,0.009774,0.993543
6_BKOCO2_P10_5_live_740nm_3074mW_u1_poc0p25_20x0p75NA_457s50_g70_z1_256pix_basicFLIM_120f_0004.sdt,20260530_KPC_live_on_SLIM,1.00644,-0.0098,0.01173,0.009742,0.993557
6_BKOCO2_P10_5_live_740nm_3074mW_u1_poc0p25_20x0p75NA_457s50_g70_z1_256pix_basicFLIM_120f_0005.sdt,20260530_KPC_live_on_SLIM,1.00642,-0.00977,0.0117,0.00971,0.99357
6_BKOCO2_P10_5_live_740nm_3074mW_u1_poc0p25_20x0p75NA_457s50_g70_z1_256pix_basicFLIM_120f_0006.sdt,20260530_KPC_live_on_SLIM,1.00641,-0.00974,0.01166,0.009678,0.993583
6_BKOCO2_P10_5_live_740nm_3074mW_u1_poc0p25_20x0p75NA_457s50_g70_z1_256pix_basicFLIM_120f_0007.sdt,20260530_KPC_live_on_SLIM,1.0064,-0.00971,0.01163,0.009646,0.993596
6_BKOCO2_P10_5_live_740nm_3074mW_u1_poc0p25_20x0p75NA_457s50_g70_z1_256pix_basicFLIM_120f_0008.sdt,20260530_KPC_live_on_SLIM,1.00639,-0.00968,0.01159,0.009614,0.993609
6_BKOCO2_P10_5_live_740nm_3074mW_u1_poc0p25_20x0p75NA_457s50_g70_z1_256pix_basicFLIM_120f_0009.sdt,20260530_KPC_live_on_SLIM,1.00637,-0.00964,0.01156,0.009582,0.993622
6_BKOCO2_P10_5_live_740nm_3074mW_u1_poc0p25_20x0p75NA_457s50_g70_z1_256pix_basicFLIM_120f_0010.sdt,20260530_KPC_live_on_SLIM,1.00636,-0.00961,0.01152,0.00955,0.993635
6_BKOCO2_P10_5_live_740nm_3074mW_u1_poc0p25_20x0p75NA_457s50_g70_z1_256pix_basicFLIM_120f_0011.sdt,20260530_KPC_live_on_SLIM,1.00635,-0.00958,0.01149,0.009517,0.993649
6_BKOCO2_P10_5_live_740nm_3074mW_u1_poc0p25_20x0p75NA_457s50_g70_z1_256pix_basicFLIM_120f_0012.sdt,20260530_KPC_live_on_SLIM,1.00633,-0.00955,0.01146,0.009486,0.993662
6_BKOCO2_P10_5_live_740nm_3074mW_u1_poc0p25_20x0p75NA_457s50_g70_z1_256pix_basicFLIM_120f_0013.sdt,20260530_KPC_live_on_SLIM,1.00632,-0.00951,0.01142,0.009453,0.993675
6_BKOCO2_P10_5_live_740nm_3074mW_u1_poc0p25_20x0p75NA_457s50_g70_z1_256pix_basicFLIM_120f_0014.sdt,20260530_KPC_live_on_SLIM,1.00631,-0.00948,0.01139,0.009421,0.993688
6_BKOCO2_P10_5_live_740nm_3074mW_u1_poc0p25_20x0p75NA_457s50_g70_z1_256pix_basicFLIM_120f_0015.sdt,20260530_KPC_live_on_SLIM,1.00629,-0.00945,0.01135,0.009389,0.993701
6_BKOCO2_P10_5_live_740nm_3074mW_u1_poc0p25_20x0p75NA_457s50_g70_z1_256pix_basicFLIM_120f_0016.sdt,20260530_KPC_live_on_SLIM,1.00628,-0.00942,0.01132,0.009357,0.993714
6_BKOCO2_P10_5_live_740nm_3074mW_u1_poc0p25_20x0p75NA_535s50_g70_z1_256pix_basicFLIM_120f_0000.sdt,20260530_KPC_live_on_SLIM,1.00625,-0.00934,0.01124,0.009285,0.993744
6_BKOCO2_P10_5_live_740nm_3074mW_u1_poc0p25_20x0p75NA_535s50_g70_z1_256pix_basicFLIM_120f_0001.sdt,20260530_KPC_live_on_SLIM,1.00624,-0.00931,0.01121,0.009253,0.993757
6_BKOCO2_P10_5_live_740nm_3074mW_u1_poc0p25_20x0p75NA_535s50_g70_z1_256pix_basicFLIM_120f_0002.sdt,20260530_KPC_live_on_SLIM,1.00623,-0.00928,0.01117,0.009221,0.99377
6_BKOCO2_P10_5_live_740nm_3074mW_u1_poc0p25_20x0p75NA_535s50_g70_z1_256pix_basicFLIM_120f_0003.sdt,20260530_KPC_live_on_SLIM,1.00621,-0.00925,0.01114,0.009189,0.993783
6_BKOCO2_P10_5_live_740nm_3074mW_u1_poc0p25_20x0p75NA_535s50_g70_z1_256pix_basicFLIM_120f_0004.sdt,20260530_KPC_live_on_SLIM,1.0062,-0.00921,0.01111,0.009157,0.993796
6_BKOCO2_P10_5_live_740nm_3074mW_u1_poc0p25_20x0p75NA_535s50_g70_z1_256pix_basicFLIM_120f_0005.sdt,20260530_KPC_live_on_SLIM,1.00619,-0.00918,0.01107,0.009125,0.993809
6_BKOCO2_P10_5_live_740nm_3074mW_u1_poc0p25_20x0p75NA_535s50_g70_z1_256pix_basicFLIM_120f_0006.sdt,20260530_KPC_live_on_SLIM,1.00617,-0.00915,0.01104,0.009093,0.993822
6_BKOCO2_P10_5_live_740nm_3074mW_u1_poc0p25_20x0p75NA_535s50_g70_z1_256pix_basicFLIM_120f_0007.sdt,20260530_KPC_live_on_SLIM,1.00616,-0.00912,0.011,0.009061,0.993836
6_BKOCO2_P10_5_live_740nm_3074mW_u1_poc0p25_20x0p75NA_535s50_g70_z1_256pix_basicFLIM_120f_0008.sdt,20260530_KPC_live_on_SLIM,1.00615,-0.00908,0.01097,0.009029,0.993849
6_BKOCO2_P10_5_live_740nm_3074mW_u1_poc0p25_20x0p75NA_535s50_g70_z1_256pix_basicFLIM_120f_0009.sdt,20260530_KPC_live_on_SLIM,1.00614,-0.00905,0.01094,0.008997,0.993862
6_BKOCO2_P10_5_live_740nm_3074mW_u1_poc0p25_20x0p75NA_535s50_g70_z1_256pix_basicFLIM_120f_0010.sdt,20260530_KPC_live_on_SLIM,1.00612,-0.00902,0.0109,0.008965,0.993875
6_BKOCO2_P10_5_live_740nm_3074mW_u1_poc0p25_20x0p75NA_535s50_g70_z1_256pix_basicFLIM_120f_0011.sdt,20260530_KPC_live_on_SLIM,1.00611,-0.00899,0.01087,0.008933,0.993888
6_BKOCO2_P10_5_live_740nm_3074mW_u1_poc0p25_20x0p75NA_535s50_g70_z1_256pix_basicFLIM_120f_0012.sdt,20260530_KPC_live_on_SLIM,1.0061,-0.00895,0.01083,0.0089,0.993901
6_BKOCO2_P10_5_live_740nm_3074mW_u1_poc0p25_20x0p75NA_535s50_g70_z1_256pix_basicFLIM_120f_0013.sdt,20260530_KPC_live_on_SLIM,1.00608,-0.00892,0.0108,0.008868,0.993914
6_BKOCO2_P10_5_live_740nm_3074mW_u1_poc0p25_20x0p75NA_535s50_g70_z1_256pix_basicFLIM_120f_0014.sdt,20260530_KPC_live_on_SLIM,1.00607,-0.00889,0.01076,0.008836,0.993928
6_BKOCO2_P10_5_live_740nm_3074mW_u1_poc0p25_20x0p75NA_535s50_g70_z1_256pix_basicFLIM_120f_0015.sdt,20260530_KPC_live_on_SLIM,1.00606,-0.00886,0.01073,0.008804,0.993941
6_BKOCO2_P10_5_live_740nm_3074mW_u1_poc0p25_20x0p75NA_535s50_g70_z1_256pix_basicFLIM_120f_0016.sdt,20260530_KPC_live_on_SLIM,1.00604,-0.00883,0.0107,0.008772,0.993954
3_BKOCO2_P11_3_live_740nm_3083mW_u1_poc0p25_20x0p75NA_457s50_g70_z1_256pix_basicFLIM_120f_0000.sdt,20260601_KPC_live_on_SLIM,1.0054,-0.00335,0.00635,0.003335,0.994625
3_BKOCO2_P11_3_live_740nm_3083mW_u1_poc0p25_20x0p75NA_457s50_g70_z1_256pix_basicFLIM_120f_0001.sdt,20260601_KPC_live_on_SLIM,1.0054,-0.00336,0.00635,0.003337,0.994628
3_BKOCO2_P11_3_live_740nm_3083mW_u1_poc0p25_20x0p75NA_457s50_g70_z1_256pix_basicFLIM_120f_0002.sdt,20260601_KPC_live_on_SLIM,1.00539,-0.00336,0.00635,0.00334,0.994631
3_BKOCO2_P11_3_live_740nm_3083mW_u1_poc0p25_20x0p75NA_457s50_g70_z1_256pix_basicFLIM_120f_0003.sdt,20260601_KPC_live_on_SLIM,1.00539,-0.00336,0.00635,0.003342,0.994634
3_BKOCO2_P11_3_live_740nm_3083mW_u1_poc0p25_20x0p75NA_457s50_g70_z1_256pix_basicFLIM_120f_0004.sdt,20260601_KPC_live_on_SLIM,1.00539,-0.00336,0.00635,0.003345,0.994638
3_BKOCO2_P11_3_live_740nm_3083mW_u1_poc0p25_20x0p75NA_457s50_g70_z1_256pix_basicFLIM_120f_0005.sdt,20260601_KPC_live_on_SLIM,1.00538,-0.00337,0.00635,0.003347,0.994641
3_BKOCO2_P11_3_live_740nm_3083mW_u1_poc0p25_20x0p75NA_457s50_g70_z1_256pix_basicFLIM_120f_0006.sdt,20260601_KPC_live_on_SLIM,1.00538,-0.00337,0.00635,0.00335,0.994644
3_BKOCO2_P11_3_live_740nm_3083mW_u1_poc0p25_20x0p75NA_457s50_g70_z1_256pix_basicFLIM_120f_0007.sdt,20260601_KPC_live_on_SLIM,1.00538,-0.00337,0.00635,0.003352,0.994647
3_BKOCO2_P11_3_live_740nm_3083mW_u1_poc0p25_20x0p75NA_457s50_g70_z1_256pix_basicFLIM_120f_0008.sdt,20260601_KPC_live_on_SLIM,1.00537,-0.00337,0.00634,0.003355,0.99465
3_BKOCO2_P11_3_live_740nm_3083mW_u1_poc0p25_20x0p75NA_457s50_g70_z1_256pix_basicFLIM_120f_0009.sdt,20260601_KPC_live_on_SLIM,1.00537,-0.00338,0.00634,0.003357,0.994653
3_BKOCO2_P11_3_live_740nm_3083mW_u1_poc0p25_20x0p75NA_457s50_g70_z1_256pix_basicFLIM_120f_0010.sdt,20260601_KPC_live_on_SLIM,1.00537,-0.00338,0.00634,0.00336,0.994657
3_BKOCO2_P11_3_live_740nm_3083mW_u1_poc0p25_20x0p75NA_457s50_g70_z1_256pix_basicFLIM_120f_0011.sdt,20260601_KPC_live_on_SLIM,1.00536,-0.00338,0.00634,0.003362,0.99466
3_BKOCO2_P11_3_live_740nm_3083mW_u1_poc0p25_20x0p75NA_457s50_g70_z1_256pix_basicFLIM_120f_0012.sdt,20260601_KPC_live_on_SLIM,1.00536,-0.00338,0.00634,0.003365,0.994663
3_BKOCO2_P11_3_live_740nm_3083mW_u1_poc0p25_20x0p75NA_457s50_g70_z1_256pix_basicFLIM_120f_0013.sdt,20260601_KPC_live_on_SLIM,1.00536,-0.00339,0.00634,0.003367,0.994666
3_BKOCO2_P11_3_live_740nm_3083mW_u1_poc0p25_20x0p75NA_457s50_g70_z1_256pix_basicFLIM_120f_0014.sdt,20260601_KPC_live_on_SLIM,1.00535,-0.00339,0.00634,0.00337,0.994669
3_BKOCO2_P11_3_live_740nm_3083mW_u1_poc0p25_20x0p75NA_457s50_g70_z1_256pix_basicFLIM_120f_0015.sdt,20260601_KPC_live_on_SLIM,1.00535,-0.00339,0.00633,0.003372,0.994672
3_BKOCO2_P11_3_live_740nm_3083mW_u1_poc0p25_20x0p75NA_457s50_g70_z1_256pix_basicFLIM_120f_0016.sdt,20260601_KPC_live_on_SLIM,1.00535,-0.00339,0.00633,0.003375,0.994676
3_BKOCO2_P11_3_live_740nm_3083mW_u1_poc0p25_20x0p75NA_457s50_g70_z1_256pix_basicFLIM_120f_0017.sdt,20260601_KPC_live_on_SLIM,1.00534,-0.0034,0.00633,0.003377,0.994679
3_BKOCO2_P11_3_live_740nm_3083mW_u1_poc0p25_20x0p75NA_535s50_g70_z1_256pix_basicFLIM_120f_0000.sdt,20260601_KPC_live_on_SLIM,1.00533,-0.00341,0.00632,0.003389,0.994693
3_BKOCO2_P11_3_live_740nm_3083mW_u1_poc0p25_20x0p75NA_535s50_g70_z1_256pix_basicFLIM_120f_0001.sdt,20260601_KPC_live_on_SLIM,1.00533,-0.00341,0.00632,0.003391,0.994697
3_BKOCO2_P11_3_live_740nm_3083mW_u1_poc0p25_20x0p75NA_535s50_g70_z1_256pix_basicFLIM_120f_0002.sdt,20260601_KPC_live_on_SLIM,1.00532,-0.00341,0.00632,0.003394,0.9947
3_BKOCO2_P11_3_live_740nm_3083mW_u1_poc0p25_20x0p75NA_535s50_g70_z1_256pix_basicFLIM_120f_0003.sdt,20260601_KPC_live_on_SLIM,1.00532,-0.00341,0.00632,0.003396,0.994703
3_BKOCO2_P11_3_live_740nm_3083mW_u1_poc0p25_20x0p75NA_535s50_g70_z1_256pix_basicFLIM_120f_0004.sdt,20260601_KPC_live_on_SLIM,1.00532,-0.00342,0.00632,0.003399,0.994706
3_BKOCO2_P11_3_live_740nm_3083mW_u1_poc0p25_20x0p75NA_535s50_g70_z1_256pix_basicFLIM_120f_0005.sdt,20260601_KPC_live_on_SLIM,1.00531,-0.00342,0.00632,0.003401,0.994709
3_BKOCO2_P11_3_live_740nm_3083mW_u1_poc0p25_20x0p75NA_535s50_g70_z1_256pix_basicFLIM_120f_0006.sdt,20260601_KPC_live_on_SLIM,1.00531,-0.00342,0.00632,0.003404,0.994712
3_BKOCO2_P11_3_live_740nm_3083mW_u1_poc0p25_20x0p75NA_535s50_g70_z1_256pix_basicFLIM_120f_0007.sdt,20260601_KPC_live_on_SLIM,1.00531,-0.00342,0.00632,0.003406,0.994716
3_BKOCO2_P11_3_live_740nm_3083mW_u1_poc0p25_20x0p75NA_535s50_g70_z1_256pix_basicFLIM_120f_0008.sdt,20260601_KPC_live_on_SLIM,1.0053,-0.00343,0.00631,0.003409,0.994719
3_BKOCO2_P11_3_live_740nm_3083mW_u1_poc0p25_20x0p75NA_535s50_g70_z1_256pix_basicFLIM_120f_0009.sdt,20260601_KPC_live_on_SLIM,1.0053,-0.00343,0.00631,0.003411,0.994722
3_BKOCO2_P11_3_live_740nm_3083mW_u1_poc0p25_20x0p75NA_535s50_g70_z1_256pix_basicFLIM_120f_0010.sdt,20260601_KPC_live_on_SLIM,1.0053,-0.00343,0.00631,0.003414,0.994725
3_BKOCO2_P11_3_live_740nm_3083mW_u1_poc0p25_20x0p75NA_535s50_g70_z1_256pix_basicFLIM_120f_0011.sdt,20260601_KPC_live_on_SLIM,1.00529,-0.00343,0.00631,0.003416,0.994728
3_BKOCO2_P11_3_live_740nm_3083mW_u1_poc0p25_20x0p75NA_535s50_g70_z1_256pix_basicFLIM_120f_0012.sdt,20260601_KPC_live_on_SLIM,1.00529,-0.00344,0.00631,0.003418,0.994731
3_BKOCO2_P11_3_live_740nm_3083mW_u1_poc0p25_20x0p75NA_535s50_g70_z1_256pix_basicFLIM_120f_0013.sdt,20260601_KPC_live_on_SLIM,1.00529,-0.00344,0.00631,0.003421,0.994735
3_BKOCO2_P11_3_live_740nm_3083mW_u1_poc0p25_20x0p75NA_535s50_g70_z1_256pix_basicFLIM_120f_0014.sdt,20260601_KPC_live_on_SLIM,1.00528,-0.00344,0.00631,0.003423,0.994738
3_BKOCO2_P11_3_live_740nm_3083mW_u1_poc0p25_20x0p75NA_535s50_g70_z1_256pix_basicFLIM_120f_0015.sdt,20260601_KPC_live_on_SLIM,1.00528,-0.00344,0.0063,0.003426,0.994741
3_BKOCO2_P11_3_live_740nm_3083mW_u1_poc0p25_20x0p75NA_535s50_g70_z1_256pix_basicFLIM_120f_0016.sdt,20260601_KPC_live_on_SLIM,1.00528,-0.00345,0.0063,0.003428,0.994744
3_BKOCO2_P11_3_live_740nm_3083mW_u1_poc0p25_20x0p75NA_535s50_g70_z1_256pix_basicFLIM_120f_0017.sdt,20260601_KPC_live_on_SLIM,1.00527,-0.00345,0.0063,0.003431,0.994747
4_KPCWT_50uL_live_740nm_3080mW_u1_poc0p25_20x0p75NA_457s50_g70_z1_256pix_basicFLIM_120f_0000.sdt,20260601_KPC_live_on_SLIM,1.00514,-0.00356,0.00625,0.003539,0.994885
4_KPCWT_50uL_live_740nm_3080mW_u1_poc0p25_20x0p75NA_457s50_g70_z1_256pix_basicFLIM_120f_0001.sdt,20260601_KPC_live_on_SLIM,1.00513,-0.00356,0.00624,0.003545,0.994893
4_KPCWT_50uL_live_740nm_3080mW_u1_poc0p25_20x0p75NA_457s50_g70_z1_256pix_basicFLIM_120f_0002.sdt,20260601_KPC_live_on_SLIM,1.00512,-0.00357,0.00624,0.003548,0.994896
4_KPCWT_50uL_live_740nm_3080mW_u1_poc0p25_20x0p75NA_457s50_g70_z1_256pix_basicFLIM_120f_0003.sdt,20260601_KPC_live_on_SLIM,1.00512,-0.00357,0.00624,0.00355,0.994899
4_KPCWT_50uL_live_740nm_3080mW_u1_poc0p25_20x0p75NA_457s50_g70_z1_256pix_basicFLIM_120f_0004.sdt,20260601_KPC_live_on_SLIM,1.00512,-0.00357,0.00624,0.003553,0.994902
4_KPCWT_50uL_live_740nm_3080mW_u1_poc0p25_20x0p75NA_457s50_g70_z1_256pix_basicFLIM_120f_0005.sdt,20260601_KPC_live_on_SLIM,1.00511,-0.00357,0.00624,0.003555,0.994906
4_KPCWT_50uL_live_740nm_3080mW_u1_poc0p25_20x0p75NA_457s50_g70_z1_256pix_basicFLIM_120f_0006.sdt,20260601_KPC_live_on_SLIM,1.00511,-0.00358,0.00624,0.003558,0.994909
4_KPCWT_50uL_live_740nm_3080mW_u1_poc0p25_20x0p75NA_457s50_g70_z1_256pix_basicFLIM_120f_0007.sdt,20260601_KPC_live_on_SLIM,1.00511,-0.00358,0.00624,0.00356,0.994912
4_KPCWT_50uL_live_740nm_3080mW_u1_poc0p25_20x0p75NA_457s50_g70_z1_256pix_basicFLIM_120f_0008.sdt,20260601_KPC_live_on_SLIM,1.0051,-0.00358,0.00624,0.003563,0.994915
4_KPCWT_50uL_live_740nm_3080mW_u1_poc0p25_20x0p75NA_457s50_g70_z1_256pix_basicFLIM_120f_0009.sdt,20260601_KPC_live_on_SLIM,1.0051,-0.00358,0.00623,0.003565,0.994918
4_KPCWT_50uL_live_740nm_3080mW_u1_poc0p25_20x0p75NA_457s50_g70_z1_256pix_basicFLIM_120f_0010.sdt,20260601_KPC_live_on_SLIM,1.0051,-0.00359,0.00623,0.003568,0.994921
4_KPCWT_50uL_live_740nm_3080mW_u1_poc0p25_20x0p75NA_457s50_g70_z1_256pix_basicFLIM_120f_0011.sdt,20260601_KPC_live_on_SLIM,1.00509,-0.00359,0.00623,0.00357,0.994925
4_KPCWT_50uL_live_740nm_3080mW_u1_poc0p25_20x0p75NA_457s50_g70_z1_256pix_basicFLIM_120f_0012.sdt,20260601_KPC_live_on_SLIM,1.00509,-0.00359,0.00623,0.003573,0.994928
4_KPCWT_50uL_live_740nm_3080mW_u1_poc0p25_20x0p75NA_457s50_g70_z1_256pix_basicFLIM_120f_0013.sdt,20260601_KPC_live_on_SLIM,1.00509,-0.00359,0.00623,0.003575,0.994931
4_KPCWT_50uL_live_740nm_3080mW_u1_poc0p25_20x0p75NA_457s50_g70_z1_256pix_basicFLIM_120f_0014.sdt,20260601_KPC_live_on_SLIM,1.00509,-0.0036,0.00623,0.003578,0.994934
4_KPCWT_50uL_live_740nm_3080mW_u1_poc0p25_20x0p75NA_457s50_g70_z1_256pix_basicFLIM_120f_0015.sdt,20260601_KPC_live_on_SLIM,1.00508,-0.0036,0.00623,0.00358,0.994937
4_KPCWT_50uL_live_740nm_3080mW_u1_poc0p25_20x0p75NA_457s50_g70_z1_256pix_basicFLIM_120f_0016.sdt,20260601_KPC_live_on_SLIM,1.00508,-0.0036,0.00623,0.003583,0.994941
4_KPCWT_50uL_live_740nm_3080mW_u1_poc0p25_20x0p75NA_457s50_g70_z1_256pix_basicFLIM_120f_0017.sdt,20260601_KPC_live_on_SLIM,1.00508,-0.0036,0.00622,0.003585,0.994944
4_KPCWT_50uL_live_740nm_3080mW_u1_poc0p25_20x0p75NA_535s50_g70_z1_256pix_basicFLIM_120f_0000.sdt,20260601_KPC_live_on_SLIM,1.00506,-0.00362,0.00622,0.003598,0.99496
4_KPCWT_50uL_live_740nm_3080mW_u1_poc0p25_20x0p75NA_535s50_g70_z1_256pix_basicFLIM_120f_0001.sdt,20260601_KPC_live_on_SLIM,1.00506,-0.00362,0.00622,0.003601,0.994963
4_KPCWT_50uL_live_740nm_3080mW_u1_poc0p25_20x0p75NA_535s50_g70_z1_256pix_basicFLIM_120f_0002.sdt,20260601_KPC_live_on_SLIM,1.00505,-0.00362,0.00622,0.003603,0.994967
4_KPCWT_50uL_live_740nm_3080mW_u1_poc0p25_20x0p75NA_535s50_g70_z1_256pix_basicFLIM_120f_0003.sdt,20260601_KPC_live_on_SLIM,1.00505,-0.00362,0.00622,0.003606,0.99497
4_KPCWT_50uL_live_740nm_3080mW_u1_poc0p25_20x0p75NA_535s50_g70_z1_256pix_basicFLIM_120f_0004.sdt,20260601_KPC_live_on_SLIM,1.00505,-0.00363,0.00621,0.003608,0.994973
4_KPCWT_50uL_live_740nm_3080mW_u1_poc0p25_20x0p75NA_535s50_g70_z1_256pix_basicFLIM_120f_0005.sdt,20260601_KPC_live_on_SLIM,1.00504,-0.00363,0.00621,0.003611,0.994976
4_KPCWT_50uL_live_740nm_3080mW_u1_poc0p25_20x0p75NA_535s50_g70_z1_256pix_basicFLIM_120f_0006.sdt,20260601_KPC_live_on_SLIM,1.00504,-0.00363,0.00621,0.003613,0.994979
4_KPCWT_50uL_live_740nm_3080mW_u1_poc0p25_20x0p75NA_535s50_g70_z1_256pix_basicFLIM_120f_0007.sdt,20260601_KPC_live_on_SLIM,1.00504,-0.00363,0.00621,0.003616,0.994982
4_KPCWT_50uL_live_740nm_3080mW_u1_poc0p25_20x0p75NA_535s50_g70_z1_256pix_basicFLIM_120f_0008.sdt,20260601_KPC_live_on_SLIM,1.00503,-0.00364,0.00621,0.003618,0.994986
4_KPCWT_50uL_live_740nm_3080mW_u1_poc0p25_20x0p75NA_535s50_g70_z1_256pix_basicFLIM_120f_0009.sdt,20260601_KPC_live_on_SLIM,1.00503,-0.00364,0.00621,0.003621,0.994989
4_KPCWT_50uL_live_740nm_3080mW_u1_poc0p25_20x0p75NA_535s50_g70_z1_256pix_basicFLIM_120f_0010.sdt,20260601_KPC_live_on_SLIM,1.00503,-0.00364,0.00621,0.003623,0.994992
4_KPCWT_50uL_live_740nm_3080mW_u1_poc0p25_20x0p75NA_535s50_g70_z1_256pix_basicFLIM_120f_0011.sdt,20260601_KPC_live_on_SLIM,1.00502,-0.00364,0.00621,0.003626,0.994995
4_KPCWT_50uL_live_740nm_3080mW_u1_poc0p25_20x0p75NA_535s50_g70_z1_256pix_basicFLIM_120f_0012.sdt,20260601_KPC_live_on_SLIM,1.00502,-0.00365,0.0062,0.003628,0.994998
4_KPCWT_50uL_live_740nm_3080mW_u1_poc0p25_20x0p75NA_535s50_g70_z1_256pix_basicFLIM_120f_0013.sdt,20260601_KPC_live_on_SLIM,1.00502,-0.00365,0.0062,0.003631,0.995002
4_KPCWT_50uL_live_740nm_3080mW_u1_poc0p25_20x0p75NA_535s50_g70_z1_256pix_basicFLIM_120f_0014.sdt,20260601_KPC_live_on_SLIM,1.00501,-0.00365,0.0062,0.003633,0.995005
4_KPCWT_50uL_live_740nm_3080mW_u1_poc0p25_20x0p75NA_535s50_g70_z1_256pix_basicFLIM_120f_0015.sdt,20260601_KPC_live_on_SLIM,1.00501,-0.00365,0.0062,0.003636,0.995008
4_KPCWT_50uL_live_740nm_3080mW_u1_poc0p25_20x0p75NA_535s50_g70_z1_256pix_basicFLIM_120f_0016.sdt,20260601_KPC_live_on_SLIM,1.00501,-0.00366,0.0062,0.003638,0.995011
5_BKOCO2_P11_4_live_740nm_3076mW_u1_poc0p25_20x0p75NA_457s50_g70_z1_256pix_basicFLIM_120f_0000.sdt,20260601_KPC_live_on_SLIM,1.0049,-0.00374,0.00617,0.003719,0.995114
5_BKOCO2_P11_4_live_740nm_3076mW_u1_poc0p25_20x0p75NA_457s50_g70_z1_256pix_basicFLIM_120f_0001.sdt,20260601_KPC_live_on_SLIM,1.0049,-0.00374,0.00616,0.003722,0.995117
5_BKOCO2_P11_4_live_740nm_3076mW_u1_poc0p25_20x0p75NA_457s50_g70_z1_256pix_basicFLIM_120f_0002.sdt,20260601_KPC_live_on_SLIM,1.0049,-0.00374,0.00616,0.003724,0.99512
5_BKOCO2_P11_4_live_740nm_3076mW_u1_poc0p25_20x0p75NA_457s50_g70_z1_256pix_basicFLIM_120f_0003.sdt,20260601_KPC_live_on_SLIM,1.00489,-0.00374,0.00616,0.003727,0.995124
5_BKOCO2_P11_4_live_740nm_3076mW_u1_poc0p25_20x0p75NA_457s50_g70_z1_256pix_basicFLIM_120f_0004.sdt,20260601_KPC_live_on_SLIM,1.00489,-0.00375,0.00616,0.003729,0.995127
5_BKOCO2_P11_4_live_740nm_3076mW_u1_poc0p25_20x0p75NA_457s50_g70_z1_256pix_basicFLIM_120f_0005.sdt,20260601_KPC_live_on_SLIM,1.00489,-0.00375,0.00616,0.003732,0.99513
5_BKOCO2_P11_4_live_740nm_3076mW_u1_poc0p25_20x0p75NA_457s50_g70_z1_256pix_basicFLIM_120f_0006.sdt,20260601_KPC_live_on_SLIM,1.00488,-0.00375,0.00616,0.003734,0.995133
5_BKOCO2_P11_4_live_740nm_3076mW_u1_poc0p25_20x0p75NA_457s50_g70_z1_256pix_basicFLIM_120f_0007.sdt,20260601_KPC_live_on_SLIM,1.00488,-0.00375,0.00616,0.003737,0.995136
5_BKOCO2_P11_4_live_740nm_3076mW_u1_poc0p25_20x0p75NA_457s50_g70_z1_256pix_basicFLIM_120f_0008.sdt,20260601_KPC_live_on_SLIM,1.00488,-0.00376,0.00616,0.003739,0.99514
5_BKOCO2_P11_4_live_740nm_3076mW_u1_poc0p25_20x0p75NA_457s50_g70_z1_256pix_basicFLIM_120f_0009.sdt,20260601_KPC_live_on_SLIM,1.00487,-0.00376,0.00616,0.003742,0.995143
5_BKOCO2_P11_4_live_740nm_3076mW_u1_poc0p25_20x0p75NA_457s50_g70_z1_256pix_basicFLIM_120f_0010.sdt,20260601_KPC_live_on_SLIM,1.00487,-0.00376,0.00615,0.003744,0.995146
5_BKOCO2_P11_4_live_740nm_3076mW_u1_poc0p25_20x0p75NA_457s50_g70_z1_256pix_basicFLIM_120f_0011.sdt,20260601_KPC_live_on_SLIM,1.00487,-0.00376,0.00615,0.003747,0.995149
5_BKOCO2_P11_4_live_740nm_3076mW_u1_poc0p25_20x0p75NA_457s50_g70_z1_256pix_basicFLIM_120f_0012.sdt,20260601_KPC_live_on_SLIM,1.00486,-0.00377,0.00615,0.003749,0.995152
5_BKOCO2_P11_4_live_740nm_3076mW_u1_poc0p25_20x0p75NA_457s50_g70_z1_256pix_basicFLIM_120f_0013.sdt,20260601_KPC_live_on_SLIM,1.00486,-0.00377,0.00615,0.003752,0.995155
5_BKOCO2_P11_4_live_740nm_3076mW_u1_poc0p25_20x0p75NA_457s50_g70_z1_256pix_basicFLIM_120f_0014.sdt,20260601_KPC_live_on_SLIM,1.00486,-0.00377,0.00615,0.003754,0.995159
5_BKOCO2_P11_4_live_740nm_3078mW_u1_poc0p25_20x0p75NA_535s50_g70_z1_256pix_basicFLIM_120f_0000.sdt,20260601_KPC_live_on_SLIM,1.00484,-0.00378,0.00615,0.003765,0.995172
5_BKOCO2_P11_4_live_740nm_3078mW_u1_poc0p25_20x0p75NA_535s50_g70_z1_256pix_basicFLIM_120f_0001.sdt,20260601_KPC_live_on_SLIM,1.00484,-0.00379,0.00615,0.003767,0.995175
5_BKOCO2_P11_4_live_740nm_3078mW_u1_poc0p25_20x0p75NA_535s50_g70_z1_256pix_basicFLIM_120f_0002.sdt,20260601_KPC_live_on_SLIM,1.00484,-0.00379,0.00614,0.00377,0.995178
5_BKOCO2_P11_4_live_740nm_3078mW_u1_poc0p25_20x0p75NA_535s50_g70_z1_256pix_basicFLIM_120f_0003.sdt,20260601_KPC_live_on_SLIM,1.00483,-0.00379,0.00614,0.003772,0.995182
5_BKOCO2_P11_4_live_740nm_3078mW_u1_poc0p25_20x0p75NA_535s50_g70_z1_256pix_basicFLIM_120f_0004.sdt,20260601_KPC_live_on_SLIM,1.00483,-0.00379,0.00614,0.003775,0.995185
5_BKOCO2_P11_4_live_740nm_3078mW_u1_poc0p25_20x0p75NA_535s50_g70_z1_256pix_basicFLIM_120f_0005.sdt,20260601_KPC_live_on_SLIM,1.00483,-0.0038,0.00614,0.003777,0.995188
5_BKOCO2_P11_4_live_740nm_3078mW_u1_poc0p25_20x0p75NA_535s50_g70_z1_256pix_basicFLIM_120f_0006.sdt,20260601_KPC_live_on_SLIM,1.00482,-0.0038,0.00614,0.00378,0.995191
5_BKOCO2_P11_4_live_740nm_3078mW_u1_poc0p25_20x0p75NA_535s50_g70_z1_256pix_basicFLIM_120f_0007.sdt,20260601_KPC_live_on_SLIM,1.00482,-0.0038,0.00614,0.003782,0.995194
5_BKOCO2_P11_4_live_740nm_3078mW_u1_poc0p25_20x0p75NA_535s50_g70_z1_256pix_basicFLIM_120f_0008.sdt,20260601_KPC_live_on_SLIM,1.00482,-0.0038,0.00614,0.003785,0.995197
5_BKOCO2_P11_4_live_740nm_3078mW_u1_poc0p25_20x0p75NA_535s50_g70_z1_256pix_basicFLIM_120f_0009.sdt,20260601_KPC_live_on_SLIM,1.00482,-0.00381,0.00614,0.003787,0.995201
5_BKOCO2_P11_4_live_740nm_3078mW_u1_poc0p25_20x0p75NA_535s50_g70_z1_256pix_basicFLIM_120f_0010.sdt,20260601_KPC_live_on_SLIM,1.00481,-0.00381,0.00614,0.00379,0.995204
5_BKOCO2_P11_4_live_740nm_3078mW_u1_poc0p25_20x0p75NA_535s50_g70_z1_256pix_basicFLIM_120f_0011.sdt,20260601_KPC_live_on_SLIM,1.00481,-0.00381,0.00614,0.003792,0.995207
5_BKOCO2_P11_4_live_740nm_3078mW_u1_poc0p25_20x0p75NA_535s50_g70_z1_256pix_basicFLIM_120f_0012.sdt,20260601_KPC_live_on_SLIM,1.00481,-0.00381,0.00613,0.003795,0.99521
5_BKOCO2_P11_4_live_740nm_3078mW_u1_poc0p25_20x0p75NA_535s50_g70_z1_256pix_basicFLIM_120f_0013.sdt,20260601_KPC_live_on_SLIM,1.0048,-0.00382,0.00613,0.003797,0.995213
5_BKOCO2_P11_4_live_740nm_3078mW_u1_poc0p25_20x0p75NA_535s50_g70_z1_256pix_basicFLIM_120f_0014.sdt,20260601_KPC_live_on_SLIM,1.0048,-0.00382,0.00613,0.0038,0.995217
6_KPCWT_75uL_live_740nm_3078mW_u1_poc0p25_20x0p75NA_457s50_g70_z1_256pix_basicFLIM_120f_0000.sdt,20260601_KPC_live_on_SLIM,1.00473,-0.00387,0.00611,0.003853,0.995285
6_KPCWT_75uL_live_740nm_3078mW_u1_poc0p25_20x0p75NA_457s50_g70_z1_256pix_basicFLIM_120f_0001.sdt,20260601_KPC_live_on_SLIM,1.00473,-0.00387,0.00611,0.003856,0.995288
6_KPCWT_75uL_live_740nm_3078mW_u1_poc0p25_20x0p75NA_457s50_g70_z1_256pix_basicFLIM_120f_0002.sdt,20260601_KPC_live_on_SLIM,1.00472,-0.00388,0.00611,0.003858,0.995291
6_KPCWT_75uL_live_740nm_3078mW_u1_poc0p25_20x0p75NA_457s50_g70_z1_256pix_basicFLIM_120f_0003.sdt,20260601_KPC_live_on_SLIM,1.00472,-0.00388,0.00611,0.003861,0.995294
6_KPCWT_75uL_live_740nm_3078mW_u1_poc0p25_20x0p75NA_457s50_g70_z1_256pix_basicFLIM_120f_0004.sdt,20260601_KPC_live_on_SLIM,1.00472,-0.00388,0.00611,0.003863,0.995297
6_KPCWT_75uL_live_740nm_3078mW_u1_poc0p25_20x0p75NA_457s50_g70_z1_256pix_basicFLIM_120f_0005.sdt,20260601_KPC_live_on_SLIM,1.00471,-0.00388,0.00611,0.003866,0.995301
6_KPCWT_75uL_live_740nm_3078mW_u1_poc0p25_20x0p75NA_457s50_g70_z1_256pix_basicFLIM_120f_0006.sdt,20260601_KPC_live_on_SLIM,1.00471,-0.00389,0.00611,0.003868,0.995304
6_KPCWT_75uL_live_740nm_3078mW_u1_poc0p25_20x0p75NA_457s50_g70_z1_256pix_basicFLIM_120f_0007.sdt,20260601_KPC_live_on_SLIM,1.00471,-0.00389,0.00611,0.003871,0.995307
6_KPCWT_75uL_live_740nm_3078mW_u1_poc0p25_20x0p75NA_457s50_g70_z1_256pix_basicFLIM_120f_0008.sdt,20260601_KPC_live_on_SLIM,1.0047,-0.00389,0.00611,0.003873,0.99531
6_KPCWT_75uL_live_740nm_3078mW_u1_poc0p25_20x0p75NA_457s50_g70_z1_256pix_basicFLIM_120f_0009.sdt,20260601_KPC_live_on_SLIM,1.0047,-0.00389,0.0061,0.003876,0.995313
6_KPCWT_75uL_live_740nm_3078mW_u1_poc0p25_20x0p75NA_457s50_g70_z1_256pix_basicFLIM_120f_0010.sdt,20260601_KPC_live_on_SLIM,1.0047,-0.0039,0.0061,0.003878,0.995317
6_KPCWT_75uL_live_740nm_3078mW_u1_poc0p25_20x0p75NA_457s50_g70_z1_256pix_basicFLIM_120f_0011.sdt,20260601_KPC_live_on_SLIM,1.00469,-0.0039,0.0061,0.003881,0.99532
6_KPCWT_75uL_live_740nm_3078mW_u1_poc0p25_20x0p75NA_457s50_g70_z1_256pix_basicFLIM_120f_0012.sdt,20260601_KPC_live_on_SLIM,1.00469,-0.0039,0.0061,0.003883,0.995323
6_KPCWT_75uL_live_740nm_3078mW_u1_poc0p25_20x0p75NA_457s50_g70_z1_256pix_basicFLIM_120f_0013.sdt,20260601_KPC_live_on_SLIM,1.00469,-0.0039,0.0061,0.003886,0.995326
6_KPCWT_75uL_live_740nm_3078mW_u1_poc0p25_20x0p75NA_457s50_g70_z1_256pix_basicFLIM_120f_0014.sdt,20260601_KPC_live_on_SLIM,1.00469,-0.00391,0.0061,0.003888,0.995329
7_BKOCO2_P11_5_live_740nm_3075mW_u1_poc0p25_20x0p75NA_457s50_g70_z1_256pix_basicFLIM_120f_0000.sdt,20260601_KPC_live_on_SLIM,1.00462,-0.00396,0.00608,0.003938,0.995393
7_BKOCO2_P11_5_live_740nm_3075mW_u1_poc0p25_20x0p75NA_457s50_g70_z1_256pix_basicFLIM_120f_0001.sdt,20260601_KPC_live_on_SLIM,1.00462,-0.00396,0.00608,0.003941,0.995396
7_BKOCO2_P11_5_live_740nm_3075mW_u1_poc0p25_20x0p75NA_457s50_g70_z1_256pix_basicFLIM_120f_0002.sdt,20260601_KPC_live_on_SLIM,1.00461,-0.00396,0.00608,0.003943,0.995399
7_BKOCO2_P11_5_live_740nm_3075mW_u1_poc0p25_20x0p75NA_457s50_g70_z1_256pix_basicFLIM_120f_0003.sdt,20260601_KPC_live_on_SLIM,1.00461,-0.00396,0.00608,0.003946,0.995402
7_BKOCO2_P11_5_live_740nm_3075mW_u1_poc0p25_20x0p75NA_457s50_g70_z1_256pix_basicFLIM_120f_0004.sdt,20260601_KPC_live_on_SLIM,1.00461,-0.00397,0.00608,0.003948,0.995405
7_BKOCO2_P11_5_live_740nm_3075mW_u1_poc0p25_20x0p75NA_457s50_g70_z1_256pix_basicFLIM_120f_0005.sdt,20260601_KPC_live_on_SLIM,1.0046,-0.00397,0.00608,0.003951,0.995408
7_BKOCO2_P11_5_live_740nm_3075mW_u1_poc0p25_20x0p75NA_457s50_g70_z1_256pix_basicFLIM_120f_0006.sdt,20260601_KPC_live_on_SLIM,1.0046,-0.00397,0.00608,0.003953,0.995412
7_BKOCO2_P11_5_live_740nm_3075mW_u1_poc0p25_20x0p75NA_457s50_g70_z1_256pix_basicFLIM_120f_0007.sdt,20260601_KPC_live_on_SLIM,1.0046,-0.00397,0.00608,0.003956,0.995415
7_BKOCO2_P11_5_live_740nm_3075mW_u1_poc0p25_20x0p75NA_457s50_g70_z1_256pix_basicFLIM_120f_0008.sdt,20260601_KPC_live_on_SLIM,1.0046,-0.00398,0.00608,0.003958,0.995418
7_BKOCO2_P11_5_live_740nm_3075mW_u1_poc0p25_20x0p75NA_457s50_g70_z1_256pix_basicFLIM_120f_0009.sdt,20260601_KPC_live_on_SLIM,1.00459,-0.00398,0.00608,0.003961,0.995421
7_BKOCO2_P11_5_live_740nm_3075mW_u1_poc0p25_20x0p75NA_457s50_g70_z1_256pix_basicFLIM_120f_0010.sdt,20260601_KPC_live_on_SLIM,1.00459,-0.00398,0.00608,0.003963,0.995424
7_BKOCO2_P11_5_live_740nm_3075mW_u1_poc0p25_20x0p75NA_457s50_g70_z1_256pix_basicFLIM_120f_0011.sdt,20260601_KPC_live_on_SLIM,1.00459,-0.00398,0.00607,0.003966,0.995428
7_BKOCO2_P11_5_live_740nm_3075mW_u1_poc0p25_20x0p75NA_457s50_g70_z1_256pix_basicFLIM_120f_0012.sdt,20260601_KPC_live_on_SLIM,1.00458,-0.00399,0.00607,0.003968,0.995431
7_BKOCO2_P11_5_live_740nm_3075mW_u1_poc0p25_20x0p75NA_457s50_g70_z1_256pix_basicFLIM_120f_0013.sdt,20260601_KPC_live_on_SLIM,1.00458,-0.00399,0.00607,0.003971,0.995434
7_BKOCO2_P11_5_live_740nm_3075mW_u1_poc0p25_20x0p75NA_457s50_g70_z1_256pix_basicFLIM_120f_0014.sdt,20260601_KPC_live_on_SLIM,1.00458,-0.00399,0.00607,0.003973,0.995437
7_BKOCO2_P11_5_live_740nm_3079mW_u1_poc0p25_20x0p75NA_535s50_g70_z1_256pix_basicFLIM_120f_0000.sdt,20260601_KPC_live_on_SLIM,1.00457,-0.004,0.00607,0.003978,0.995443
7_BKOCO2_P11_5_live_740nm_3079mW_u1_poc0p25_20x0p75NA_535s50_g70_z1_256pix_basicFLIM_120f_0001.sdt,20260601_KPC_live_on_SLIM,1.00457,-0.004,0.00607,0.003981,0.995447
7_BKOCO2_P11_5_live_740nm_3079mW_u1_poc0p25_20x0p75NA_535s50_g70_z1_256pix_basicFLIM_120f_0002.sdt,20260601_KPC_live_on_SLIM,1.00456,-0.004,0.00607,0.003983,0.99545
7_BKOCO2_P11_5_live_740nm_3079mW_u1_poc0p25_20x0p75NA_535s50_g70_z1_256pix_basicFLIM_120f_0003.sdt,20260601_KPC_live_on_SLIM,1.00456,-0.004,0.00607,0.003986,0.995453
7_BKOCO2_P11_5_live_740nm_3079mW_u1_poc0p25_20x0p75NA_535s50_g70_z1_256pix_basicFLIM_120f_0004.sdt,20260601_KPC_live_on_SLIM,1.00456,-0.00401,0.00607,0.003988,0.995456
7_BKOCO2_P11_5_live_740nm_3079mW_u1_poc0p25_20x0p75NA_535s50_g70_z1_256pix_basicFLIM_120f_0005.sdt,20260601_KPC_live_on_SLIM,1.00455,-0.00401,0.00607,0.003991,0.995459
7_BKOCO2_P11_5_live_740nm_3079mW_u1_poc0p25_20x0p75NA_535s50_g70_z1_256pix_basicFLIM_120f_0006.sdt,20260601_KPC_live_on_SLIM,1.00455,-0.00401,0.00607,0.003993,0.995463
7_BKOCO2_P11_5_live_740nm_3079mW_u1_poc0p25_20x0p75NA_535s50_g70_z1_256pix_basicFLIM_120f_0007.sdt,20260601_KPC_live_on_SLIM,1.00455,-0.00401,0.00607,0.003996,0.995466
7_BKOCO2_P11_5_live_740nm_3079mW_u1_poc0p25_20x0p75NA_535s50_g70_z1_256pix_basicFLIM_120f_0008.sdt,20260601_KPC_live_on_SLIM,1.00454,-0.00402,0.00606,0.003998,0.995469
7_BKOCO2_P11_5_live_740nm_3079mW_u1_poc0p25_20x0p75NA_535s50_g70_z1_256pix_basicFLIM_120f_0009.sdt,20260601_KPC_live_on_SLIM,1.00454,-0.00402,0.00606,0.004001,0.995472
7_BKOCO2_P11_5_live_740nm_3079mW_u1_poc0p25_20x0p75NA_535s50_g70_z1_256pix_basicFLIM_120f_0010.sdt,20260601_KPC_live_on_SLIM,1.00454,-0.00402,0.00606,0.004003,0.995475
7_BKOCO2_P11_5_live_740nm_3079mW_u1_poc0p25_20x0p75NA_535s50_g70_z1_256pix_basicFLIM_120f_0011.sdt,20260601_KPC_live_on_SLIM,1.00453,-0.00402,0.00606,0.004006,0.995479
7_BKOCO2_P11_5_live_740nm_3079mW_u1_poc0p25_20x0p75NA_535s50_g70_z1_256pix_basicFLIM_120f_0012.sdt,20260601_KPC_live_on_SLIM,1.00453,-0.00403,0.00606,0.004008,0.995482
7_BKOCO2_P11_5_live_740nm_3079mW_u1_poc0p25_20x0p75NA_535s50_g70_z1_256pix_basicFLIM_120f_0013.sdt,20260601_KPC_live_on_SLIM,1.00453,-0.00403,0.00606,0.004011,0.995485
7_BKOCO2_P11_5_live_740nm_3079mW_u1_poc0p25_20x0p75NA_535s50_g70_z1_256pix_basicFLIM_120f_0014.sdt,20260601_KPC_live_on_SLIM,1.00452,-0.00403,0.00606,0.004013,0.995488
8_KPCWT_180uL_live_740nm_3078mW_u1_poc0p25_20x0p75NA_457s50_g70_z1_256pix_basicFLIM_120f_0000.sdt,20260601_KPC_live_on_SLIM,1.00446,-0.00408,0.00605,0.004065,0.995553
8_KPCWT_180uL_live_740nm_3078mW_u1_poc0p25_20x0p75NA_457s50_g70_z1_256pix_basicFLIM_120f_0001.sdt,20260601_KPC_live_on_SLIM,1.00445,-0.00409,0.00604,0.004067,0.995557
8_KPCWT_180uL_live_740nm_3078mW_u1_poc0p25_20x0p75NA_457s50_g70_z1_256pix_basicFLIM_120f_0002.sdt,20260601_KPC_live_on_SLIM,1.00445,-0.00409,0.00604,0.00407,0.99556
8_KPCWT_180uL_live_740nm_3078mW_u1_poc0p25_20x0p75NA_457s50_g70_z1_256pix_basicFLIM_120f_0003.sdt,20260601_KPC_live_on_SLIM,1.00445,-0.00409,0.00604,0.004072,0.995563
8_KPCWT_180uL_live_740nm_3078mW_u1_poc0p25_20x0p75NA_457s50_g70_z1_256pix_basicFLIM_120f_0004.sdt,20260601_KPC_live_on_SLIM,1.00445,-0.00409,0.00604,0.004075,0.995566
8_KPCWT_180uL_live_740nm_3078mW_u1_poc0p25_20x0p75NA_457s50_g70_z1_256pix_basicFLIM_120f_0005.sdt,20260601_KPC_live_on_SLIM,1.00444,-0.0041,0.00604,0.004077,0.995569
8_KPCWT_180uL_live_740nm_3078mW_u1_poc0p25_20x0p75NA_457s50_g70_z1_256pix_basicFLIM_120f_0006.sdt,20260601_KPC_live_on_SLIM,1.00444,-0.0041,0.00604,0.00408,0.995573
8_KPCWT_180uL_live_740nm_3078mW_u1_poc0p25_20x0p75NA_457s50_g70_z1_256pix_basicFLIM_120f_0007.sdt,20260601_KPC_live_on_SLIM,1.00444,-0.0041,0.00604,0.004082,0.995576
8_KPCWT_180uL_live_740nm_3078mW_u1_poc0p25_20x0p75NA_457s50_g70_z1_256pix_basicFLIM_120f_0008.sdt,20260601_KPC_live_on_SLIM,1.00443,-0.0041,0.00604,0.004085,0.995579
8_KPCWT_180uL_live_740nm_3078mW_u1_poc0p25_20x0p75NA_457s50_g70_z1_256pix_basicFLIM_120f_0009.sdt,20260601_KPC_live_on_SLIM,1.00443,-0.00411,0.00604,0.004087,0.995582
8_KPCWT_180uL_live_740nm_3078mW_u1_poc0p25_20x0p75NA_457s50_g70_z1_256pix_basicFLIM_120f_0010.sdt,20260601_KPC_live_on_SLIM,1.00442,-0.00411,0.00604,0.004095,0.995592
8_KPCWT_180uL_live_740nm_3078mW_u1_poc0p25_20x0p75NA_457s50_g70_z1_256pix_basicFLIM_120f_0011.sdt,20260601_KPC_live_on_SLIM,1.00442,-0.00412,0.00604,0.004097,0.995595
8_KPCWT_180uL_live_740nm_3078mW_u1_poc0p25_20x0p75NA_457s50_g70_z1_256pix_basicFLIM_120f_0012.sdt,20260601_KPC_live_on_SLIM,1.00441,-0.00412,0.00604,0.0041,0.995598
8_KPCWT_180uL_live_740nm_3078mW_u1_poc0p25_20x0p75NA_457s50_g70_z1_256pix_basicFLIM_120f_0013.sdt,20260601_KPC_live_on_SLIM,1.00441,-0.00412,0.00604,0.004102,0.995601
8_KPCWT_180uL_live_740nm_3078mW_u1_poc0p25_20x0p75NA_457s50_g70_z1_256pix_basicFLIM_120f_0014.sdt,20260601_KPC_live_on_SLIM,1.00441,-0.00412,0.00603,0.004105,0.995604
8_KPCWT_180uL_live_740nm_3078mW_u1_poc0p25_20x0p75NA_535s50_g70_z1_256pix_basicFLIM_120f_0000.sdt,20260601_KPC_live_on_SLIM,1.0044,-0.00413,0.00603,0.004111,0.995612
8_KPCWT_180uL_live_740nm_3078mW_u1_poc0p25_20x0p75NA_535s50_g70_z1_256pix_basicFLIM_120f_0001.sdt,20260601_KPC_live_on_SLIM,1.0044,-0.00413,0.00603,0.004114,0.995616
8_KPCWT_180uL_live_740nm_3078mW_u1_poc0p25_20x0p75NA_535s50_g70_z1_256pix_basicFLIM_120f_0002.sdt,20260601_KPC_live_on_SLIM,1.00439,-0.00413,0.00603,0.004116,0.995619
8_KPCWT_180uL_live_740nm_3078mW_u1_poc0p25_20x0p75NA_535s50_g70_z1_256pix_basicFLIM_120f_0003.sdt,20260601_KPC_live_on_SLIM,1.00439,-0.00414,0.00603,0.004119,0.995622
8_KPCWT_180uL_live_740nm_3078mW_u1_poc0p25_20x0p75NA_535s50_g70_z1_256pix_basicFLIM_120f_0004.sdt,20260601_KPC_live_on_SLIM,1.00439,-0.00414,0.00603,0.004121,0.995625
8_KPCWT_180uL_live_740nm_3078mW_u1_poc0p25_20x0p75NA_535s50_g70_z1_256pix_basicFLIM_120f_0005.sdt,20260601_KPC_live_on_SLIM,1.00438,-0.00414,0.00603,0.004124,0.995628
8_KPCWT_180uL_live_740nm_3078mW_u1_poc0p25_20x0p75NA_535s50_g70_z1_256pix_basicFLIM_120f_0006.sdt,20260601_KPC_live_on_SLIM,1.00438,-0.00414,0.00603,0.004126,0.995632
8_KPCWT_180uL_live_740nm_3078mW_u1_poc0p25_20x0p75NA_535s50_g70_z1_256pix_basicFLIM_120f_0007.sdt,20260601_KPC_live_on_SLIM,1.00438,-0.00415,0.00603,0.004129,0.995635
8_KPCWT_180uL_live_740nm_3078mW_u1_poc0p25_20x0p75NA_535s50_g70_z1_256pix_basicFLIM_120f_0008.sdt,20260601_KPC_live_on_SLIM,1.00437,-0.00415,0.00603,0.004131,0.995638
8_KPCWT_180uL_live_740nm_3078mW_u1_poc0p25_20x0p75NA_535s50_g70_z1_256pix_basicFLIM_120f_0009.sdt,20260601_KPC_live_on_SLIM,1.00437,-0.00415,0.00603,0.004134,0.995641
8_KPCWT_180uL_live_740nm_3078mW_u1_poc0p25_20x0p75NA_535s50_g70_z1_256pix_basicFLIM_120f_0010.sdt,20260601_KPC_live_on_SLIM,1.00437,-0.00415,0.00603,0.004136,0.995644
8_KPCWT_180uL_live_740nm_3078mW_u1_poc0p25_20x0p75NA_535s50_g70_z1_256pix_basicFLIM_120f_0011.sdt,20260601_KPC_live_on_SLIM,1.00436,-0.00416,0.00603,0.004139,0.995648
8_KPCWT_180uL_live_740nm_3078mW_u1_poc0p25_20x0p75NA_535s50_g70_z1_256pix_basicFLIM_120f_0012.sdt,20260601_KPC_live_on_SLIM,1.00436,-0.00416,0.00603,0.004141,0.995651
8_KPCWT_180uL_live_740nm_3078mW_u1_poc0p25_20x0p75NA_535s50_g70_z1_256pix_basicFLIM_120f_0013.sdt,20260601_KPC_live_on_SLIM,1.00435,-0.00417,0.00602,0.004147,0.995658
9_KPCWT_160uL_live_740nm_3077mW_u1_poc0p25_20x0p75NA_457s50_g70_z1_256pix_basicFLIM_120f_0000.sdt,20260601_KPC_live_on_SLIM,1.00428,-0.00422,0.00601,0.004204,0.995731
9_KPCWT_160uL_live_740nm_3077mW_u1_poc0p25_20x0p75NA_457s50_g70_z1_256pix_basicFLIM_120f_0001.sdt,20260601_KPC_live_on_SLIM,1.00428,-0.00422,0.00601,0.004207,0.995734
9_KPCWT_160uL_live_740nm_3077mW_u1_poc0p25_20x0p75NA_457s50_g70_z1_256pix_basicFLIM_120f_0002.sdt,20260601_KPC_live_on_SLIM,1.00427,-0.00423,0.00601,0.004209,0.995737
9_KPCWT_160uL_live_740nm_3077mW_u1_poc0p25_20x0p75NA_457s50_g70_z1_256pix_basicFLIM_120f_0003.sdt,20260601_KPC_live_on_SLIM,1.00427,-0.00423,0.00601,0.004212,0.995741
9_KPCWT_160uL_live_740nm_3077mW_u1_poc0p25_20x0p75NA_457s50_g70_z1_256pix_basicFLIM_120f_0004.sdt,20260601_KPC_live_on_SLIM,1.00427,-0.00423,0.00601,0.004214,0.995744
9_KPCWT_160uL_live_740nm_3077mW_u1_poc0p25_20x0p75NA_457s50_g70_z1_256pix_basicFLIM_120f_0005.sdt,20260601_KPC_live_on_SLIM,1.00426,-0.00423,0.00601,0.004217,0.995747
9_KPCWT_160uL_live_740nm_3077mW_u1_poc0p25_20x0p75NA_457s50_g70_z1_256pix_basicFLIM_120f_0006.sdt,20260601_KPC_live_on_SLIM,1.00426,-0.00424,0.00601,0.004219,0.99575
9_KPCWT_160uL_live_740nm_3077mW_u1_poc0p25_20x0p75NA_457s50_g70_z1_256pix_basicFLIM_120f_0007.sdt,20260601_KPC_live_on_SLIM,1.00426,-0.00424,0.00601,0.004222,0.995753
9_KPCWT_160uL_live_740nm_3077mW_u1_poc0p25_20x0p75NA_457s50_g70_z1_256pix_basicFLIM_120f_0008.sdt,20260601_KPC_live_on_SLIM,1.00425,-0.00424,0.00601,0.004224,0.995756
9_KPCWT_160uL_live_740nm_3077mW_u1_poc0p25_20x0p75NA_457s50_g70_z1_256pix_basicFLIM_120f_0009.sdt,20260601_KPC_live_on_SLIM,1.00425,-0.00424,0.00601,0.004227,0.99576
9_KPCWT_160uL_live_740nm_3077mW_u1_poc0p25_20x0p75NA_457s50_g70_z1_256pix_basicFLIM_120f_0010.sdt,20260601_KPC_live_on_SLIM,1.00425,-0.00425,0.00601,0.004229,0.995763
9_KPCWT_160uL_live_740nm_3077mW_u1_poc0p25_20x0p75NA_457s50_g70_z1_256pix_basicFLIM_120f_0011.sdt,20260601_KPC_live_on_SLIM,1.00424,-0.00425,0.00601,0.004232,0.995766
9_KPCWT_160uL_live_740nm_3077mW_u1_poc0p25_20x0p75NA_457s50_g70_z1_256pix_basicFLIM_120f_0012.sdt,20260601_KPC_live_on_SLIM,1.00424,-0.00425,0.006,0.004234,0.995769
9_KPCWT_160uL_live_740nm_3077mW_u1_poc0p25_20x0p75NA_457s50_g70_z1_256pix_basicFLIM_120f_0013.sdt,20260601_KPC_live_on_SLIM,1.00424,-0.00425,0.006,0.004237,0.995773
9_KPCWT_160uL_live_740nm_3077mW_u1_poc0p25_20x0p75NA_535s50_g70_z1_256pix_basicFLIM_120f_0000.sdt,20260601_KPC_live_on_SLIM,1.00423,-0.00426,0.006,0.004241,0.995778
9_KPCWT_160uL_live_740nm_3077mW_u1_poc0p25_20x0p75NA_535s50_g70_z1_256pix_basicFLIM_120f_0001.sdt,20260601_KPC_live_on_SLIM,1.00423,-0.00426,0.006,0.004244,0.995781
9_KPCWT_160uL_live_740nm_3077mW_u1_poc0p25_20x0p75NA_535s50_g70_z1_256pix_basicFLIM_120f_0002.sdt,20260601_KPC_live_on_SLIM,1.00422,-0.00427,0.006,0.004249,0.995788
9_KPCWT_160uL_live_740nm_3077mW_u1_poc0p25_20x0p75NA_535s50_g70_z1_256pix_basicFLIM_120f_0003.sdt,20260601_KPC_live_on_SLIM,1.00422,-0.00427,0.006,0.004251,0.995791
9_KPCWT_160uL_live_740nm_3077mW_u1_poc0p25_20x0p75NA_535s50_g70_z1_256pix_basicFLIM_120f_0004.sdt,20260601_KPC_live_on_SLIM,1.00421,-0.00427,0.006,0.004254,0.995794
9_KPCWT_160uL_live_740nm_3077mW_u1_poc0p25_20x0p75NA_535s50_g70_z1_256pix_basicFLIM_120f_0005.sdt,20260601_KPC_live_on_SLIM,1.00421,-0.00427,0.006,0.004256,0.995797
9_KPCWT_160uL_live_740nm_3077mW_u1_poc0p25_20x0p75NA_535s50_g70_z1_256pix_basicFLIM_120f_0006.sdt,20260601_KPC_live_on_SLIM,1.00421,-0.00428,0.006,0.004259,0.9958
9_KPCWT_160uL_live_740nm_3077mW_u1_poc0p25_20x0p75NA_535s50_g70_z1_256pix_basicFLIM_120f_0007.sdt,20260601_KPC_live_on_SLIM,1.00421,-0.00428,0.006,0.004261,0.995803
9_KPCWT_160uL_live_740nm_3077mW_u1_poc0p25_20x0p75NA_535s50_g70_z1_256pix_basicFLIM_120f_0008.sdt,20260601_KPC_live_on_SLIM,1.0042,-0.00428,0.006,0.004264,0.995807
9_KPCWT_160uL_live_740nm_3077mW_u1_poc0p25_20x0p75NA_535s50_g70_z1_256pix_basicFLIM_120f_0009.sdt,20260601_KPC_live_on_SLIM,1.0042,-0.00428,0.006,0.004266,0.99581
9_KPCWT_160uL_live_740nm_3077mW_u1_poc0p25_20x0p75NA_535s50_g70_z1_256pix_basicFLIM_120f_0010.sdt,20260601_KPC_live_on_SLIM,1.0042,-0.00429,0.006,0.004269,0.995813
9_KPCWT_160uL_live_740nm_3077mW_u1_poc0p25_20x0p75NA_535s50_g70_z1_256pix_basicFLIM_120f_0011.sdt,20260601_KPC_live_on_SLIM,1.00419,-0.00429,0.006,0.004271,0.995816
9_KPCWT_160uL_live_740nm_3077mW_u1_poc0p25_20x0p75NA_535s50_g70_z1_256pix_basicFLIM_120f_0012.sdt,20260601_KPC_live_on_SLIM,1.00419,-0.00429,0.006,0.004274,0.995819
9_KPCWT_160uL_live_740nm_3077mW_u1_poc0p25_20x0p75NA_535s50_g70_z1_256pix_basicFLIM_120f_0013.sdt,20260601_KPC_live_on_SLIM,1.00419,-0.00429,0.006,0.004276,0.995823
10_KPCWT_145uL_live_740nm_3076mW_u1_poc0p25_20x0p75NA_457s50_g70_z1_256pix_basicFLIM_120f_0000.sdt,20260601_KPC_live_on_SLIM,1.00411,-0.00436,0.00599,0.004338,0.995901
10_KPCWT_145uL_live_740nm_3076mW_u1_poc0p25_20x0p75NA_457s50_g70_z1_256pix_basicFLIM_120f_0001.sdt,20260601_KPC_live_on_SLIM,1.0041,-0.00436,0.00599,0.004341,0.995905
10_KPCWT_145uL_live_740nm_3076mW_u1_poc0p25_20x0p75NA_457s50_g70_z1_256pix_basicFLIM_120f_0002.sdt,20260601_KPC_live_on_SLIM,1.0041,-0.00436,0.00599,0.004343,0.995908
10_KPCWT_145uL_live_740nm_3076mW_u1_poc0p25_20x0p75NA_457s50_g70_z1_256pix_basicFLIM_120f_0003.sdt,20260601_KPC_live_on_SLIM,1.0041,-0.00436,0.00599,0.004346,0.995911
10_KPCWT_145uL_live_740nm_3076mW_u1_poc0p25_20x0p75NA_457s50_g70_z1_256pix_basicFLIM_120f_0004.sdt,20260601_KPC_live_on_SLIM,1.00409,-0.00437,0.00598,0.004348,0.995914
10_KPCWT_145uL_live_740nm_3076mW_u1_poc0p25_20x0p75NA_457s50_g70_z1_256pix_basicFLIM_120f_0005.sdt,20260601_KPC_live_on_SLIM,1.00409,-0.00437,0.00598,0.004351,0.995917
10_KPCWT_145uL_live_740nm_3076mW_u1_poc0p25_20x0p75NA_457s50_g70_z1_256pix_basicFLIM_120f_0006.sdt,20260601_KPC_live_on_SLIM,1.00409,-0.00437,0.00598,0.004353,0.99592
10_KPCWT_145uL_live_740nm_3076mW_u1_poc0p25_20x0p75NA_457s50_g70_z1_256pix_basicFLIM_120f_0007.sdt,20260601_KPC_live_on_SLIM,1.00408,-0.00437,0.00598,0.004356,0.995924
10_KPCWT_145uL_live_740nm_3076mW_u1_poc0p25_20x0p75NA_457s50_g70_z1_256pix_basicFLIM_120f_0008.sdt,20260601_KPC_live_on_SLIM,1.00408,-0.00438,0.00598,0.004358,0.995927
10_KPCWT_145uL_live_740nm_3076mW_u1_poc0p25_20x0p75NA_457s50_g70_z1_256pix_basicFLIM_120f_0009.sdt,20260601_KPC_live_on_SLIM,1.00408,-0.00438,0.00598,0.004361,0.99593
10_KPCWT_145uL_live_740nm_3076mW_u1_poc0p25_20x0p75NA_457s50_g70_z1_256pix_basicFLIM_120f_0010.sdt,20260601_KPC_live_on_SLIM,1.00407,-0.00438,0.00598,0.004363,0.995933
10_KPCWT_145uL_live_740nm_3076mW_u1_poc0p25_20x0p75NA_457s50_g70_z1_256pix_basicFLIM_120f_0011.sdt,20260601_KPC_live_on_SLIM,1.00407,-0.00438,0.00598,0.004366,0.995936
10_KPCWT_145uL_live_740nm_3076mW_u1_poc0p25_20x0p75NA_457s50_g70_z1_256pix_basicFLIM_120f_0012.sdt,20260601_KPC_live_on_SLIM,1.00407,-0.00439,0.00598,0.004368,0.99594
10_KPCWT_145uL_live_740nm_3076mW_u1_poc0p25_20x0p75NA_457s50_g70_z1_256pix_basicFLIM_120f_0013.sdt,20260601_KPC_live_on_SLIM,1.00406,-0.00439,0.00598,0.004371,0.995943
10_KPCWT_145uL_live_740nm_3076mW_u1_poc0p25_20x0p75NA_535s50_g70_z1_256pix_basicFLIM_120f_0000.sdt,20260601_KPC_live_on_SLIM,1.00406,-0.00439,0.00598,0.004375,0.995948
10_KPCWT_145uL_live_740nm_3076mW_u1_poc0p25_20x0p75NA_535s50_g70_z1_256pix_basicFLIM_120f_0001.sdt,20260601_KPC_live_on_SLIM,1.00406,-0.0044,0.00598,0.004378,0.995951
10_KPCWT_145uL_live_740nm_3076mW_u1_poc0p25_20x0p75NA_535s50_g70_z1_256pix_basicFLIM_120f_0002.sdt,20260601_KPC_live_on_SLIM,1.00405,-0.0044,0.00598,0.00438,0.995954
10_KPCWT_145uL_live_740nm_3076mW_u1_poc0p25_20x0p75NA_535s50_g70_z1_256pix_basicFLIM_120f_0003.sdt,20260601_KPC_live_on_SLIM,1.00405,-0.0044,0.00598,0.004383,0.995958
10_KPCWT_145uL_live_740nm_3076mW_u1_poc0p25_20x0p75NA_535s50_g70_z1_256pix_basicFLIM_120f_0004.sdt,20260601_KPC_live_on_SLIM,1.00405,-0.0044,0.00598,0.004385,0.995961
10_KPCWT_145uL_live_740nm_3076mW_u1_poc0p25_20x0p75NA_535s50_g70_z1_256pix_basicFLIM_120f_0005.sdt,20260601_KPC_live_on_SLIM,1.00404,-0.00441,0.00598,0.004388,0.995964
10_KPCWT_145uL_live_740nm_3076mW_u1_poc0p25_20x0p75NA_535s50_g70_z1_256pix_basicFLIM_120f_0006.sdt,20260601_KPC_live_on_SLIM,1.00404,-0.00441,0.00598,0.00439,0.995967
10_KPCWT_145uL_live_740nm_3076mW_u1_poc0p25_20x0p75NA_535s50_g70_z1_256pix_basicFLIM_120f_0007.sdt,20260601_KPC_live_on_SLIM,1.00404,-0.00441,0.00598,0.004393,0.99597
10_KPCWT_145uL_live_740nm_3076mW_u1_poc0p25_20x0p75NA_535s50_g70_z1_256pix_basicFLIM_120f_0008.sdt,20260601_KPC_live_on_SLIM,1.00403,-0.00441,0.00598,0.004395,0.995974
10_KPCWT_145uL_live_740nm_3076mW_u1_poc0p25_20x0p75NA_535s50_g70_z1_256pix_basicFLIM_120f_0009.sdt,20260601_KPC_live_on_SLIM,1.00403,-0.00442,0.00598,0.004398,0.995977
10_KPCWT_145uL_live_740nm_3076mW_u1_poc0p25_20x0p75NA_535s50_g70_z1_256pix_basicFLIM_120f_0010.sdt,20260601_KPC_live_on_SLIM,1.00403,-0.00442,0.00598,0.0044,0.99598
10_KPCWT_145uL_live_740nm_3076mW_u1_poc0p25_20x0p75NA_535s50_g70_z1_256pix_basicFLIM_120f_0011.sdt,20260601_KPC_live_on_SLIM,1.00402,-0.00442,0.00598,0.004403,0.995983
10_KPCWT_145uL_live_740nm_3076mW_u1_poc0p25_20x0p75NA_535s50_g70_z1_256pix_basicFLIM_120f_0012.sdt,20260601_KPC_live_on_SLIM,1.00402,-0.00442,0.00598,0.004405,0.995986
10_KPCWT_145uL_live_740nm_3076mW_u1_poc0p25_20x0p75NA_535s50_g70_z1_256pix_basicFLIM_120f_0013.sdt,20260601_KPC_live_on_SLIM,1.00402,-0.00443,0.00598,0.004408,0.99599
11_KPCWT_130uL_live_740nm_3076mW_u1_poc0p25_20x0p75NA_457s50_g70_z1_256pix_basicFLIM_120f_0000.sdt,20260601_KPC_live_on_SLIM,1.00395,-0.00447,0.00597,0.004457,0.996052
11_KPCWT_130uL_live_740nm_3076mW_u1_poc0p25_20x0p75NA_457s50_g70_z1_256pix_basicFLIM_120f_0001.sdt,20260601_KPC_live_on_SLIM,1.00395,-0.00448,0.00597,0.004459,0.996055
11_KPCWT_130uL_live_740nm_3076mW_u1_poc0p25_20x0p75NA_457s50_g70_z1_256pix_basicFLIM_120f_0002.sdt,20260601_KPC_live_on_SLIM,1.00395,-0.00448,0.00597,0.004462,0.996058
11_KPCWT_130uL_live_740nm_3076mW_u1_poc0p25_20x0p75NA_457s50_g70_z1_256pix_basicFLIM_120f_0003.sdt,20260601_KPC_live_on_SLIM,1.00394,-0.00448,0.00597,0.004464,0.996061
11_KPCWT_130uL_live_740nm_3076mW_u1_poc0p25_20x0p75NA_457s50_g70_z1_256pix_basicFLIM_120f_0004.sdt,20260601_KPC_live_on_SLIM,1.00394,-0.00448,0.00597,0.004467,0.996064
11_KPCWT_130uL_live_740nm_3076mW_u1_poc0p25_20x0p75NA_457s50_g70_z1_256pix_basicFLIM_120f_0005.sdt,20260601_KPC_live_on_SLIM,1.00394,-0.00449,0.00597,0.004469,0.996068
11_KPCWT_130uL_live_740nm_3076mW_u1_poc0p25_20x0p75NA_457s50_g70_z1_256pix_basicFLIM_120f_0006.sdt,20260601_KPC_live_on_SLIM,1.00393,-0.00449,0.00597,0.004472,0.996071
11_KPCWT_130uL_live_740nm_3076mW_u1_poc0p25_20x0p75NA_457s50_g70_z1_256pix_basicFLIM_120f_0007.sdt,20260601_KPC_live_on_SLIM,1.00393,-0.00449,0.00597,0.004474,0.996074
11_KPCWT_130uL_live_740nm_3076mW_u1_poc0p25_20x0p75NA_457s50_g70_z1_256pix_basicFLIM_120f_0008.sdt,20260601_KPC_live_on_SLIM,1.00393,-0.00449,0.00597,0.004477,0.996077
11_KPCWT_130uL_live_740nm_3076mW_u1_poc0p25_20x0p75NA_457s50_g70_z1_256pix_basicFLIM_120f_0009.sdt,20260601_KPC_live_on_SLIM,1.00392,-0.0045,0.00597,0.004479,0.99608
11_KPCWT_130uL_live_740nm_3076mW_u1_poc0p25_20x0p75NA_457s50_g70_z1_256pix_basicFLIM_120f_0010.sdt,20260601_KPC_live_on_SLIM,1.00392,-0.0045,0.00597,0.004482,0.996084
11_KPCWT_130uL_live_740nm_3076mW_u1_poc0p25_20x0p75NA_457s50_g70_z1_256pix_basicFLIM_120f_0011.sdt,20260601_KPC_live_on_SLIM,1.00392,-0.0045,0.00597,0.004484,0.996087
11_KPCWT_130uL_live_740nm_3076mW_u1_poc0p25_20x0p75NA_457s50_g70_z1_256pix_basicFLIM_120f_0012.sdt,20260601_KPC_live_on_SLIM,1.00392,-0.0045,0.00597,0.004487,0.99609
11_KPCWT_130uL_live_740nm_3076mW_u1_poc0p25_20x0p75NA_535s50_g70_z1_256pix_basicFLIM_120f_0000.sdt,20260601_KPC_live_on_SLIM,1.0039,-0.00451,0.00597,0.004496,0.996102
11_KPCWT_130uL_live_740nm_3076mW_u1_poc0p25_20x0p75NA_535s50_g70_z1_256pix_basicFLIM_120f_0001.sdt,20260601_KPC_live_on_SLIM,1.0039,-0.00452,0.00597,0.004498,0.996105
11_KPCWT_130uL_live_740nm_3076mW_u1_poc0p25_20x0p75NA_535s50_g70_z1_256pix_basicFLIM_120f_0002.sdt,20260601_KPC_live_on_SLIM,1.0039,-0.00452,0.00597,0.004501,0.996108
11_KPCWT_130uL_live_740nm_3076mW_u1_poc0p25_20x0p75NA_535s50_g70_z1_256pix_basicFLIM_120f_0003.sdt,20260601_KPC_live_on_SLIM,1.00389,-0.00452,0.00597,0.004503,0.996111
11_KPCWT_130uL_live_740nm_3076mW_u1_poc0p25_20x0p75NA_535s50_g70_z1_256pix_basicFLIM_120f_0004.sdt,20260601_KPC_live_on_SLIM,1.00389,-0.00452,0.00597,0.004506,0.996114
11_KPCWT_130uL_live_740nm_3076mW_u1_poc0p25_20x0p75NA_535s50_g70_z1_256pix_basicFLIM_120f_0005.sdt,20260601_KPC_live_on_SLIM,1.00389,-0.00453,0.00597,0.004508,0.996118
11_KPCWT_130uL_live_740nm_3076mW_u1_poc0p25_20x0p75NA_535s50_g70_z1_256pix_basicFLIM_120f_0006.sdt,20260601_KPC_live_on_SLIM,1.00388,-0.00453,0.00597,0.004511,0.996121
11_KPCWT_130uL_live_740nm_3076mW_u1_poc0p25_20x0p75NA_535s50_g70_z1_256pix_basicFLIM_120f_0007.sdt,20260601_KPC_live_on_SLIM,1.00388,-0.00453,0.00597,0.004513,0.996124
11_KPCWT_130uL_live_740nm_3076mW_u1_poc0p25_20x0p75NA_535s50_g70_z1_256pix_basicFLIM_120f_0008.sdt,20260601_KPC_live_on_SLIM,1.00388,-0.00453,0.00597,0.004516,0.996127
11_KPCWT_130uL_live_740nm_3076mW_u1_poc0p25_20x0p75NA_535s50_g70_z1_256pix_basicFLIM_120f_0009.sdt,20260601_KPC_live_on_SLIM,1.00387,-0.00454,0.00597,0.004518,0.99613
11_KPCWT_130uL_live_740nm_3076mW_u1_poc0p25_20x0p75NA_535s50_g70_z1_256pix_basicFLIM_120f_0010.sdt,20260601_KPC_live_on_SLIM,1.00387,-0.00454,0.00597,0.004521,0.996134
11_KPCWT_130uL_live_740nm_3076mW_u1_poc0p25_20x0p75NA_535s50_g70_z1_256pix_basicFLIM_120f_0011.sdt,20260601_KPC_live_on_SLIM,1.00387,-0.00454,0.00597,0.004524,0.996137
11_KPCWT_130uL_live_740nm_3076mW_u1_poc0p25_20x0p75NA_535s50_g70_z1_256pix_basicFLIM_120f_0012.sdt,20260601_KPC_live_on_SLIM,1.00386,-0.00454,0.00596,0.004526,0.99614
12_BKOCO2_145uL_live_740nm_3076mW_u1_poc0p25_20x0p75NA_457s50_g70_z1_256pix_basicFLIM_120f_0000.sdt,20260601_KPC_live_on_SLIM,1.00381,-0.00458,0.00596,0.004565,0.996189
12_BKOCO2_145uL_live_740nm_3076mW_u1_poc0p25_20x0p75NA_457s50_g70_z1_256pix_basicFLIM_120f_0001.sdt,20260601_KPC_live_on_SLIM,1.00381,-0.00458,0.00596,0.004567,0.996192
12_BKOCO2_145uL_live_740nm_3076mW_u1_poc0p25_20x0p75NA_457s50_g70_z1_256pix_basicFLIM_120f_0002.sdt,20260601_KPC_live_on_SLIM,1.00381,-0.00459,0.00596,0.00457,0.996196
12_BKOCO2_145uL_live_740nm_3076mW_u1_poc0p25_20x0p75NA_457s50_g70_z1_256pix_basicFLIM_120f_0003.sdt,20260601_KPC_live_on_SLIM,1.00378,-0.00461,0.00596,0.004591,0.996222
12_BKOCO2_145uL_live_740nm_3076mW_u1_poc0p25_20x0p75NA_457s50_g70_z1_256pix_basicFLIM_120f_0004.sdt,20260601_KPC_live_on_SLIM,1.00378,-0.00461,0.00596,0.004593,0.996226
12_BKOCO2_145uL_live_740nm_3076mW_u1_poc0p25_20x0p75NA_457s50_g70_z1_256pix_basicFLIM_120f_0005.sdt,20260601_KPC_live_on_SLIM,1.00377,-0.00461,0.00596,0.004596,0.996229
12_BKOCO2_145uL_live_740nm_3076mW_u1_poc0p25_20x0p75NA_457s50_g70_z1_256pix_basicFLIM_120f_0006.sdt,20260601_KPC_live_on_SLIM,1.00377,-0.00462,0.00596,0.004598,0.996232
12_BKOCO2_145uL_live_740nm_3076mW_u1_poc0p25_20x0p75NA_457s50_g70_z1_256pix_basicFLIM_120f_0007.sdt,20260601_KPC_live_on_SLIM,1.00377,-0.00462,0.00596,0.004601,0.996235
12_BKOCO2_145uL_live_740nm_3076mW_u1_poc0p25_20x0p75NA_457s50_g70_z1_256pix_basicFLIM_120f_0008.sdt,20260601_KPC_live_on_SLIM,1.00377,-0.00462,0.00596,0.004603,0.996238
12_BKOCO2_145uL_live_740nm_3076mW_u1_poc0p25_20x0p75NA_457s50_g70_z1_256pix_basicFLIM_120f_0009.sdt,20260601_KPC_live_on_SLIM,1.00376,-0.00462,0.00596,0.004606,0.996242
12_BKOCO2_145uL_live_740nm_3076mW_u1_poc0p25_20x0p75NA_457s50_g70_z1_256pix_basicFLIM_120f_0010.sdt,20260601_KPC_live_on_SLIM,1.00376,-0.00463,0.00596,0.004608,0.996245
12_BKOCO2_145uL_live_740nm_3076mW_u1_poc0p25_20x0p75NA_457s50_g70_z1_256pix_basicFLIM_120f_0011.sdt,20260601_KPC_live_on_SLIM,1.00376,-0.00463,0.00596,0.004611,0.996248
12_BKOCO2_145uL_live_740nm_3076mW_u1_poc0p25_20x0p75NA_535s50_g70_z1_256pix_basicFLIM_120f_0000.sdt,20260601_KPC_live_on_SLIM,1.00374,-0.00464,0.00596,0.004625,0.996266
12_BKOCO2_145uL_live_740nm_3076mW_u1_poc0p25_20x0p75NA_535s50_g70_z1_256pix_basicFLIM_120f_0001.sdt,20260601_KPC_live_on_SLIM,1.00373,-0.00465,0.00596,0.004628,0.99627
12_BKOCO2_145uL_live_740nm_3076mW_u1_poc0p25_20x0p75NA_535s50_g70_z1_256pix_basicFLIM_120f_0002.sdt,20260601_KPC_live_on_SLIM,1.00373,-0.00465,0.00596,0.00463,0.996273
12_BKOCO2_145uL_live_740nm_3076mW_u1_poc0p25_20x0p75NA_535s50_g70_z1_256pix_basicFLIM_120f_0003.sdt,20260601_KPC_live_on_SLIM,1.00373,-0.00465,0.00596,0.004633,0.996276
12_BKOCO2_145uL_live_740nm_3076mW_u1_poc0p25_20x0p75NA_535s50_g70_z1_256pix_basicFLIM_120f_0004.sdt,20260601_KPC_live_on_SLIM,1.00372,-0.00465,0.00596,0.004635,0.996279
12_BKOCO2_145uL_live_740nm_3076mW_u1_poc0p25_20x0p75NA_535s50_g70_z1_256pix_basicFLIM_120f_0005.sdt,20260601_KPC_live_on_SLIM,1.00372,-0.00466,0.00596,0.004638,0.996282
12_BKOCO2_145uL_live_740nm_3076mW_u1_poc0p25_20x0p75NA_535s50_g70_z1_256pix_basicFLIM_120f_0006.sdt,20260601_KPC_live_on_SLIM,1.00372,-0.00466,0.00596,0.00464,0.996285
12_BKOCO2_145uL_live_740nm_3076mW_u1_poc0p25_20x0p75NA_535s50_g70_z1_256pix_basicFLIM_120f_0007.sdt,20260601_KPC_live_on_SLIM,1.00371,-0.00466,0.00596,0.004643,0.996289
12_BKOCO2_145uL_live_740nm_3076mW_u1_poc0p25_20x0p75NA_535s50_g70_z1_256pix_basicFLIM_120f_0008.sdt,20260601_KPC_live_on_SLIM,1.00371,-0.00466,0.00596,0.004646,0.996292
12_BKOCO2_145uL_live_740nm_3076mW_u1_poc0p25_20x0p75NA_535s50_g70_z1_256pix_basicFLIM_120f_0009.sdt,20260601_KPC_live_on_SLIM,1.00371,-0.00467,0.00596,0.004648,0.996295
12_BKOCO2_145uL_live_740nm_3076mW_u1_poc0p25_20x0p75NA_535s50_g70_z1_256pix_basicFLIM_120f_0010.sdt,20260601_KPC_live_on_SLIM,1.0037,-0.00467,0.00596,0.004651,0.996298
12_BKOCO2_145uL_live_740nm_3076mW_u1_poc0p25_20x0p75NA_535s50_g70_z1_256pix_basicFLIM_120f_0011.sdt,20260601_KPC_live_on_SLIM,1.0037,-0.00467,0.00596,0.004653,0.996302
13_BKOCO2_115uL_live_740nm_3076mW_u1_poc0p25_20x0p75NA_457s50_g70_z1_256pix_basicFLIM_120f_0000.sdt,20260601_KPC_live_on_SLIM,1.00363,-0.00472,0.00596,0.004706,0.996369
13_BKOCO2_115uL_live_740nm_3076mW_u1_poc0p25_20x0p75NA_457s50_g70_z1_256pix_basicFLIM_120f_0001.sdt,20260601_KPC_live_on_SLIM,1.00363,-0.00473,0.00596,0.004709,0.996373
13_BKOCO2_115uL_live_740nm_3076mW_u1_poc0p25_20x0p75NA_457s50_g70_z1_256pix_basicFLIM_120f_0002.sdt,20260601_KPC_live_on_SLIM,1.00363,-0.00473,0.00596,0.004712,0.996376
13_BKOCO2_115uL_live_740nm_3076mW_u1_poc0p25_20x0p75NA_457s50_g70_z1_256pix_basicFLIM_120f_0003.sdt,20260601_KPC_live_on_SLIM,1.00362,-0.00473,0.00596,0.004714,0.996379
13_BKOCO2_115uL_live_740nm_3076mW_u1_poc0p25_20x0p75NA_457s50_g70_z1_256pix_basicFLIM_120f_0004.sdt,20260601_KPC_live_on_SLIM,1.00362,-0.00473,0.00596,0.004717,0.996382
13_BKOCO2_115uL_live_740nm_3076mW_u1_poc0p25_20x0p75NA_457s50_g70_z1_256pix_basicFLIM_120f_0005.sdt,20260601_KPC_live_on_SLIM,1.00362,-0.00474,0.00596,0.004719,0.996386
13_BKOCO2_115uL_live_740nm_3076mW_u1_poc0p25_20x0p75NA_457s50_g70_z1_256pix_basicFLIM_120f_0006.sdt,20260601_KPC_live_on_SLIM,1.00361,-0.00474,0.00596,0.004727,0.996396
13_BKOCO2_115uL_live_740nm_3076mW_u1_poc0p25_20x0p75NA_457s50_g70_z1_256pix_basicFLIM_120f_0007.sdt,20260601_KPC_live_on_SLIM,1.0036,-0.00475,0.00596,0.00473,0.996399
13_BKOCO2_115uL_live_740nm_3076mW_u1_poc0p25_20x0p75NA_457s50_g70_z1_256pix_basicFLIM_120f_0008.sdt,20260601_KPC_live_on_SLIM,1.0036,-0.00475,0.00596,0.004732,0.996402
13_BKOCO2_115uL_live_740nm_3076mW_u1_poc0p25_20x0p75NA_457s50_g70_z1_256pix_basicFLIM_120f_0009.sdt,20260601_KPC_live_on_SLIM,1.0036,-0.00475,0.00596,0.004735,0.996405
13_BKOCO2_115uL_live_740nm_3076mW_u1_poc0p25_20x0p75NA_457s50_g70_z1_256pix_basicFLIM_120f_0010.sdt,20260601_KPC_live_on_SLIM,1.00359,-0.00475,0.00596,0.004737,0.996409
13_BKOCO2_115uL_live_740nm_3076mW_u1_poc0p25_20x0p75NA_457s50_g70_z1_256pix_basicFLIM_120f_0011.sdt,20260601_KPC_live_on_SLIM,1.00359,-0.00476,0.00596,0.00474,0.996412
13_BKOCO2_115uL_live_740nm_3076mW_u1_poc0p25_20x0p75NA_457s50_g70_z1_256pix_basicFLIM_120f_0012.sdt,20260601_KPC_live_on_SLIM,1.00359,-0.00476,0.00596,0.004743,0.996415
13_BKOCO2_115uL_live_740nm_3076mW_u1_poc0p25_20x0p75NA_535s50_g70_z1_256pix_basicFLIM_120f_0000.sdt,20260601_KPC_live_on_SLIM,1.00355,-0.00479,0.00596,0.00477,0.99645
13_BKOCO2_115uL_live_740nm_3076mW_u1_poc0p25_20x0p75NA_535s50_g70_z1_256pix_basicFLIM_120f_0001.sdt,20260601_KPC_live_on_SLIM,1.00355,-0.00479,0.00596,0.004772,0.996453
13_BKOCO2_115uL_live_740nm_3076mW_u1_poc0p25_20x0p75NA_535s50_g70_z1_256pix_basicFLIM_120f_0002.sdt,20260601_KPC_live_on_SLIM,1.00354,-0.00479,0.00596,0.004775,0.996456
13_BKOCO2_115uL_live_740nm_3076mW_u1_poc0p25_20x0p75NA_535s50_g70_z1_256pix_basicFLIM_120f_0003.sdt,20260601_KPC_live_on_SLIM,1.00354,-0.00479,0.00596,0.004777,0.996459
13_BKOCO2_115uL_live_740nm_3076mW_u1_poc0p25_20x0p75NA_535s50_g70_z1_256pix_basicFLIM_120f_0004.sdt,20260601_KPC_live_on_SLIM,1.00354,-0.0048,0.00596,0.00478,0.996463
13_BKOCO2_115uL_live_740nm_3076mW_u1_poc0p25_20x0p75NA_535s50_g70_z1_256pix_basicFLIM_120f_0005.sdt,20260601_KPC_live_on_SLIM,1.00354,-0.0048,0.00596,0.004782,0.996466
13_BKOCO2_115uL_live_740nm_3076mW_u1_poc0p25_20x0p75NA_535s50_g70_z1_256pix_basicFLIM_120f_0006.sdt,20260601_KPC_live_on_SLIM,1.00353,-0.0048,0.00596,0.004785,0.996469
13_BKOCO2_115uL_live_740nm_3076mW_u1_poc0p25_20x0p75NA_535s50_g70_z1_256pix_basicFLIM_120f_0007.sdt,20260601_KPC_live_on_SLIM,1.00353,-0.0048,0.00596,0.004788,0.996472
13_BKOCO2_115uL_live_740nm_3076mW_u1_poc0p25_20x0p75NA_535s50_g70_z1_256pix_basicFLIM_120f_0008.sdt,20260601_KPC_live_on_SLIM,1.00353,-0.00481,0.00596,0.00479,0.996476
13_BKOCO2_115uL_live_740nm_3076mW_u1_poc0p25_20x0p75NA_535s50_g70_z1_256pix_basicFLIM_120f_0009.sdt,20260601_KPC_live_on_SLIM,1.00352,-0.00481,0.00596,0.004793,0.996479
13_BKOCO2_115uL_live_740nm_3076mW_u1_poc0p25_20x0p75NA_535s50_g70_z1_256pix_basicFLIM_120f_0010.sdt,20260601_KPC_live_on_SLIM,1.00352,-0.00481,0.00596,0.004795,0.996482
13_BKOCO2_115uL_live_740nm_3076mW_u1_poc0p25_20x0p75NA_535s50_g70_z1_256pix_basicFLIM_120f_0011.sdt,20260601_KPC_live_on_SLIM,1.00352,-0.00481,0.00596,0.004798,0.996485
13_BKOCO2_115uL_live_740nm_3076mW_u1_poc0p25_20x0p75NA_535s50_g70_z1_256pix_basicFLIM_120f_0012.sdt,20260601_KPC_live_on_SLIM,1.00351,-0.00482,0.00596,0.0048,0.996489
14_KPCWT_115uL_live_740nm_3076mW_u1_poc0p25_20x0p75NA_457s50_g70_z1_256pix_basicFLIM_120f_0000.sdt,20260601_KPC_live_on_SLIM,1.00345,-0.00486,0.00596,0.004846,0.996547
14_KPCWT_115uL_live_740nm_3076mW_u1_poc0p25_20x0p75NA_457s50_g70_z1_256pix_basicFLIM_120f_0001.sdt,20260601_KPC_live_on_SLIM,1.00345,-0.00487,0.00596,0.004849,0.99655
14_KPCWT_115uL_live_740nm_3076mW_u1_poc0p25_20x0p75NA_457s50_g70_z1_256pix_basicFLIM_120f_0002.sdt,20260601_KPC_live_on_SLIM,1.00345,-0.00487,0.00596,0.004851,0.996553
14_KPCWT_115uL_live_740nm_3076mW_u1_poc0p25_20x0p75NA_457s50_g70_z1_256pix_basicFLIM_120f_0003.sdt,20260601_KPC_live_on_SLIM,1.00344,-0.00487,0.00596,0.004854,0.996557
14_KPCWT_115uL_live_740nm_3076mW_u1_poc0p25_20x0p75NA_457s50_g70_z1_256pix_basicFLIM_120f_0004.sdt,20260601_KPC_live_on_SLIM,1.00344,-0.00487,0.00597,0.004856,0.99656
14_KPCWT_115uL_live_740nm_3076mW_u1_poc0p25_20x0p75NA_457s50_g70_z1_256pix_basicFLIM_120f_0005.sdt,20260601_KPC_live_on_SLIM,1.00344,-0.00488,0.00597,0.004859,0.996563
14_KPCWT_115uL_live_740nm_3076mW_u1_poc0p25_20x0p75NA_457s50_g70_z1_256pix_basicFLIM_120f_0006.sdt,20260601_KPC_live_on_SLIM,1.00343,-0.00488,0.00597,0.004861,0.996566
14_KPCWT_115uL_live_740nm_3076mW_u1_poc0p25_20x0p75NA_457s50_g70_z1_256pix_basicFLIM_120f_0007.sdt,20260601_KPC_live_on_SLIM,1.00343,-0.00488,0.00597,0.004864,0.996569
14_KPCWT_115uL_live_740nm_3076mW_u1_poc0p25_20x0p75NA_457s50_g70_z1_256pix_basicFLIM_120f_0008.sdt,20260601_KPC_live_on_SLIM,1.00343,-0.00488,0.00597,0.004866,0.996573
14_KPCWT_115uL_live_740nm_3076mW_u1_poc0p25_20x0p75NA_457s50_g70_z1_256pix_basicFLIM_120f_0009.sdt,20260601_KPC_live_on_SLIM,1.00342,-0.00489,0.00597,0.004869,0.996576
14_KPCWT_115uL_live_740nm_3076mW_u1_poc0p25_20x0p75NA_457s50_g70_z1_256pix_basicFLIM_120f_0010.sdt,20260601_KPC_live_on_SLIM,1.00342,-0.00489,0.00597,0.004871,0.996579
14_KPCWT_115uL_live_740nm_3076mW_u1_poc0p25_20x0p75NA_457s50_g70_z1_256pix_basicFLIM_120f_0011.sdt,20260601_KPC_live_on_SLIM,1.00342,-0.00489,0.00597,0.004874,0.996582
14_KPCWT_115uL_live_740nm_3076mW_u1_poc0p25_20x0p75NA_457s50_g70_z1_256pix_basicFLIM_120f_0012.sdt,20260601_KPC_live_on_SLIM,1.00341,-0.00489,0.00597,0.004876,0.996585
14_KPCWT_115uL_live_740nm_3076mW_u1_poc0p25_20x0p75NA_535s50_g70_z1_256pix_basicFLIM_120f_0000.sdt,20260601_KPC_live_on_SLIM,1.00341,-0.0049,0.00597,0.004882,0.996593
14_KPCWT_115uL_live_740nm_3076mW_u1_poc0p25_20x0p75NA_535s50_g70_z1_256pix_basicFLIM_120f_0001.sdt,20260601_KPC_live_on_SLIM,1.0034,-0.0049,0.00597,0.004885,0.996596
14_KPCWT_115uL_live_740nm_3076mW_u1_poc0p25_20x0p75NA_535s50_g70_z1_256pix_basicFLIM_120f_0002.sdt,20260601_KPC_live_on_SLIM,1.0034,-0.0049,0.00597,0.004887,0.996599
14_KPCWT_115uL_live_740nm_3076mW_u1_poc0p25_20x0p75NA_535s50_g70_z1_256pix_basicFLIM_120f_0003.sdt,20260601_KPC_live_on_SLIM,1.0034,-0.00491,0.00597,0.00489,0.996603
14_KPCWT_115uL_live_740nm_3076mW_u1_poc0p25_20x0p75NA_535s50_g70_z1_256pix_basicFLIM_120f_0004.sdt,20260601_KPC_live_on_SLIM,1.00339,-0.00491,0.00597,0.004892,0.996606
14_KPCWT_115uL_live_740nm_3076mW_u1_poc0p25_20x0p75NA_535s50_g70_z1_256pix_basicFLIM_120f_0005.sdt,20260601_KPC_live_on_SLIM,1.00339,-0.00491,0.00597,0.004895,0.996609
14_KPCWT_115uL_live_740nm_3076mW_u1_poc0p25_20x0p75NA_535s50_g70_z1_256pix_basicFLIM_120f_0006.sdt,20260601_KPC_live_on_SLIM,1.00339,-0.00491,0.00597,0.004898,0.996612
14_KPCWT_115uL_live_740nm_3076mW_u1_poc0p25_20x0p75NA_535s50_g70_z1_256pix_basicFLIM_120f_0007.sdt,20260601_KPC_live_on_SLIM,1.00338,-0.00492,0.00597,0.0049,0.996615
14_KPCWT_115uL_live_740nm_3076mW_u1_poc0p25_20x0p75NA_535s50_g70_z1_256pix_basicFLIM_120f_0008.sdt,20260601_KPC_live_on_SLIM,1.00338,-0.00492,0.00597,0.004903,0.996619
14_KPCWT_115uL_live_740nm_3076mW_u1_poc0p25_20x0p75NA_535s50_g70_z1_256pix_basicFLIM_120f_0009.sdt,20260601_KPC_live_on_SLIM,1.00338,-0.00492,0.00597,0.004905,0.996622
14_KPCWT_115uL_live_740nm_3076mW_u1_poc0p25_20x0p75NA_535s50_g70_z1_256pix_basicFLIM_120f_0010.sdt,20260601_KPC_live_on_SLIM,1.00337,-0.00492,0.00597,0.004908,0.996625
14_KPCWT_115uL_live_740nm_3076mW_u1_poc0p25_20x0p75NA_535s50_g70_z1_256pix_basicFLIM_120f_0011.sdt,20260601_KPC_live_on_SLIM,1.00337,-0.00493,0.00597,0.00491,0.996628
14_KPCWT_115uL_live_740nm_3076mW_u1_poc0p25_20x0p75NA_535s50_g70_z1_256pix_basicFLIM_120f_0012.sdt,20260601_KPC_live_on_SLIM,1.00337,-0.00493,0.00597,0.004913,0.996631
